channel_index,phase_index,phase_time,phase_score,phase_type
0,3179,2021-04-22T07:00:14.065000+00:00,1.0,P
0,3469,2021-04-22T07:00:16.965000+00:00,1.0,S
1,3179,2021-04-22T07:00:14.065000+00:00,1.0,P
1,3469,2021-04-22T07:00:16.965000+00:00,1.0,S
2,3179,2021-04-22T07:00:14.065000+00:00,1.0,P
2,3469,2021-04-22T07:00:16.965000+00:00,1.0,S
3,3179,2021-04-22T07:00:14.065000+00:00,1.0,P
3,3468,2021-04-22T07:00:16.955000+00:00,1.0,S
4,3179,2021-04-22T07:00:14.065000+00:00,1.0,P
4,3468,2021-04-22T07:00:16.955000+00:00,1.0,S
5,3179,2021-04-22T07:00:14.065000+00:00,1.0,P
5,3468,2021-04-22T07:00:16.955000+00:00,1.0,S
6,3179,2021-04-22T07:00:14.065000+00:00,1.0,P
6,3468,2021-04-22T07:00:16.955000+00:00,1.0,S
7,3179,2021-04-22T07:00:14.065000+00:00,1.0,P
7,3468,2021-04-22T07:00:16.955000+00:00,1.0,S
8,3179,2021-04-22T07:00:14.065000+00:00,1.0,P
8,3468,2021-04-22T07:00:16.955000+00:00,1.0,S
9,3178,2021-04-22T07:00:14.055000+00:00,1.0,P
9,3467,2021-04-22T07:00:16.945000+00:00,1.0,S
10,3178,2021-04-22T07:00:14.055000+00:00,1.0,P
10,3467,2021-04-22T07:00:16.945000+00:00,1.0,S
11,3178,2021-04-22T07:00:14.055000+00:00,1.0,P
11,3467,2021-04-22T07:00:16.945000+00:00,1.0,S
12,3178,2021-04-22T07:00:14.055000+00:00,1.0,P
12,3467,2021-04-22T07:00:16.945000+00:00,1.0,S
13,3178,2021-04-22T07:00:14.055000+00:00,1.0,P
13,3467,2021-04-22T07:00:16.945000+00:00,1.0,S
14,3178,2021-04-22T07:00:14.055000+00:00,1.0,P
14,3466,2021-04-22T07:00:16.935000+00:00,1.0,S
15,3178,2021-04-22T07:00:14.055000+00:00,1.0,P
15,3466,2021-04-22T07:00:16.935000+00:00,1.0,S
16,3178,2021-04-22T07:00:14.055000+00:00,1.0,P
16,3466,2021-04-22T07:00:16.935000+00:00,1.0,S
17,3178,2021-04-22T07:00:14.055000+00:00,1.0,P
17,3466,2021-04-22T07:00:16.935000+00:00,1.0,S
18,3178,2021-04-22T07:00:14.055000+00:00,1.0,P
18,3466,2021-04-22T07:00:16.935000+00:00,1.0,S
19,3178,2021-04-22T07:00:14.055000+00:00,1.0,P
19,3466,2021-04-22T07:00:16.935000+00:00,1.0,S
20,3178,2021-04-22T07:00:14.055000+00:00,1.0,P
20,3466,2021-04-22T07:00:16.935000+00:00,1.0,S
21,3178,2021-04-22T07:00:14.055000+00:00,1.0,P
21,3465,2021-04-22T07:00:16.925000+00:00,1.0,S
22,3177,2021-04-22T07:00:14.045000+00:00,1.0,P
22,3465,2021-04-22T07:00:16.925000+00:00,1.0,S
23,3177,2021-04-22T07:00:14.045000+00:00,1.0,P
23,3465,2021-04-22T07:00:16.925000+00:00,1.0,S
24,3177,2021-04-22T07:00:14.045000+00:00,1.0,P
24,3465,2021-04-22T07:00:16.925000+00:00,1.0,S
25,3177,2021-04-22T07:00:14.045000+00:00,1.0,P
25,3465,2021-04-22T07:00:16.925000+00:00,1.0,S
26,3177,2021-04-22T07:00:14.045000+00:00,1.0,P
26,3465,2021-04-22T07:00:16.925000+00:00,1.0,S
27,3177,2021-04-22T07:00:14.045000+00:00,1.0,P
27,3464,2021-04-22T07:00:16.915000+00:00,1.0,S
28,3177,2021-04-22T07:00:14.045000+00:00,1.0,P
28,3464,2021-04-22T07:00:16.915000+00:00,1.0,S
29,3177,2021-04-22T07:00:14.045000+00:00,1.0,P
29,3464,2021-04-22T07:00:16.915000+00:00,1.0,S
30,3177,2021-04-22T07:00:14.045000+00:00,1.0,P
30,3464,2021-04-22T07:00:16.915000+00:00,1.0,S
31,3177,2021-04-22T07:00:14.045000+00:00,1.0,P
31,3464,2021-04-22T07:00:16.915000+00:00,1.0,S
32,3177,2021-04-22T07:00:14.045000+00:00,1.0,P
32,3463,2021-04-22T07:00:16.905000+00:00,1.0,S
33,3177,2021-04-22T07:00:14.045000+00:00,1.0,P
33,3463,2021-04-22T07:00:16.905000+00:00,1.0,S
34,3177,2021-04-22T07:00:14.045000+00:00,1.0,P
34,3463,2021-04-22T07:00:16.905000+00:00,1.0,S
35,3176,2021-04-22T07:00:14.035000+00:00,1.0,P
35,3463,2021-04-22T07:00:16.905000+00:00,1.0,S
36,3176,2021-04-22T07:00:14.035000+00:00,1.0,P
36,3463,2021-04-22T07:00:16.905000+00:00,1.0,S
37,3176,2021-04-22T07:00:14.035000+00:00,1.0,P
37,3463,2021-04-22T07:00:16.905000+00:00,1.0,S
38,3176,2021-04-22T07:00:14.035000+00:00,1.0,P
38,3462,2021-04-22T07:00:16.895000+00:00,1.0,S
39,3176,2021-04-22T07:00:14.035000+00:00,1.0,P
39,3462,2021-04-22T07:00:16.895000+00:00,1.0,S
40,3176,2021-04-22T07:00:14.035000+00:00,1.0,P
40,3462,2021-04-22T07:00:16.895000+00:00,1.0,S
41,3176,2021-04-22T07:00:14.035000+00:00,1.0,P
41,3462,2021-04-22T07:00:16.895000+00:00,1.0,S
42,3176,2021-04-22T07:00:14.035000+00:00,1.0,P
42,3462,2021-04-22T07:00:16.895000+00:00,1.0,S
43,3176,2021-04-22T07:00:14.035000+00:00,1.0,P
43,3461,2021-04-22T07:00:16.885000+00:00,1.0,S
44,3176,2021-04-22T07:00:14.035000+00:00,1.0,P
44,3461,2021-04-22T07:00:16.885000+00:00,1.0,S
45,3176,2021-04-22T07:00:14.035000+00:00,1.0,P
45,3461,2021-04-22T07:00:16.885000+00:00,1.0,S
46,3176,2021-04-22T07:00:14.035000+00:00,1.0,P
46,3460,2021-04-22T07:00:16.875000+00:00,1.0,S
47,3176,2021-04-22T07:00:14.035000+00:00,1.0,P
47,3460,2021-04-22T07:00:16.875000+00:00,1.0,S
48,3175,2021-04-22T07:00:14.025000+00:00,1.0,P
48,3460,2021-04-22T07:00:16.875000+00:00,1.0,S
49,3175,2021-04-22T07:00:14.025000+00:00,1.0,P
49,3460,2021-04-22T07:00:16.875000+00:00,1.0,S
50,3175,2021-04-22T07:00:14.025000+00:00,1.0,P
50,3459,2021-04-22T07:00:16.865000+00:00,1.0,S
51,3175,2021-04-22T07:00:14.025000+00:00,1.0,P
51,3459,2021-04-22T07:00:16.865000+00:00,1.0,S
52,3175,2021-04-22T07:00:14.025000+00:00,1.0,P
52,3459,2021-04-22T07:00:16.865000+00:00,1.0,S
53,3175,2021-04-22T07:00:14.025000+00:00,1.0,P
53,3459,2021-04-22T07:00:16.865000+00:00,1.0,S
54,3175,2021-04-22T07:00:14.025000+00:00,1.0,P
54,3458,2021-04-22T07:00:16.855000+00:00,1.0,S
55,3175,2021-04-22T07:00:14.025000+00:00,1.0,P
55,3458,2021-04-22T07:00:16.855000+00:00,1.0,S
56,3175,2021-04-22T07:00:14.025000+00:00,1.0,P
56,3458,2021-04-22T07:00:16.855000+00:00,1.0,S
57,3175,2021-04-22T07:00:14.025000+00:00,1.0,P
57,3458,2021-04-22T07:00:16.855000+00:00,1.0,S
58,3175,2021-04-22T07:00:14.025000+00:00,1.0,P
58,3457,2021-04-22T07:00:16.845000+00:00,1.0,S
59,3175,2021-04-22T07:00:14.025000+00:00,1.0,P
59,3457,2021-04-22T07:00:16.845000+00:00,1.0,S
60,3175,2021-04-22T07:00:14.025000+00:00,1.0,P
60,3457,2021-04-22T07:00:16.845000+00:00,1.0,S
61,3175,2021-04-22T07:00:14.025000+00:00,1.0,P
61,3457,2021-04-22T07:00:16.845000+00:00,1.0,S
62,3174,2021-04-22T07:00:14.015000+00:00,1.0,P
62,3457,2021-04-22T07:00:16.845000+00:00,1.0,S
63,3174,2021-04-22T07:00:14.015000+00:00,1.0,P
63,3456,2021-04-22T07:00:16.835000+00:00,1.0,S
64,3174,2021-04-22T07:00:14.015000+00:00,1.0,P
64,3456,2021-04-22T07:00:16.835000+00:00,1.0,S
65,3174,2021-04-22T07:00:14.015000+00:00,1.0,P
65,3456,2021-04-22T07:00:16.835000+00:00,1.0,S
66,3174,2021-04-22T07:00:14.015000+00:00,1.0,P
66,3456,2021-04-22T07:00:16.835000+00:00,1.0,S
67,3174,2021-04-22T07:00:14.015000+00:00,1.0,P
67,3456,2021-04-22T07:00:16.835000+00:00,1.0,S
68,3174,2021-04-22T07:00:14.015000+00:00,1.0,P
68,3455,2021-04-22T07:00:16.825000+00:00,1.0,S
69,3174,2021-04-22T07:00:14.015000+00:00,1.0,P
69,3455,2021-04-22T07:00:16.825000+00:00,1.0,S
70,3174,2021-04-22T07:00:14.015000+00:00,1.0,P
70,3455,2021-04-22T07:00:16.825000+00:00,1.0,S
71,3174,2021-04-22T07:00:14.015000+00:00,1.0,P
71,3455,2021-04-22T07:00:16.825000+00:00,1.0,S
72,3174,2021-04-22T07:00:14.015000+00:00,1.0,P
72,3455,2021-04-22T07:00:16.825000+00:00,1.0,S
73,3174,2021-04-22T07:00:14.015000+00:00,1.0,P
73,3454,2021-04-22T07:00:16.815000+00:00,1.0,S
74,3174,2021-04-22T07:00:14.015000+00:00,1.0,P
74,3454,2021-04-22T07:00:16.815000+00:00,1.0,S
75,3174,2021-04-22T07:00:14.015000+00:00,1.0,P
75,3454,2021-04-22T07:00:16.815000+00:00,1.0,S
76,3174,2021-04-22T07:00:14.015000+00:00,1.0,P
76,3454,2021-04-22T07:00:16.815000+00:00,1.0,S
77,3173,2021-04-22T07:00:14.005000+00:00,1.0,P
77,3454,2021-04-22T07:00:16.815000+00:00,1.0,S
78,3173,2021-04-22T07:00:14.005000+00:00,1.0,P
78,3453,2021-04-22T07:00:16.805000+00:00,1.0,S
79,3173,2021-04-22T07:00:14.005000+00:00,1.0,P
79,3453,2021-04-22T07:00:16.805000+00:00,1.0,S
80,3173,2021-04-22T07:00:14.005000+00:00,1.0,P
80,3453,2021-04-22T07:00:16.805000+00:00,1.0,S
81,3173,2021-04-22T07:00:14.005000+00:00,1.0,P
81,3453,2021-04-22T07:00:16.805000+00:00,1.0,S
82,3173,2021-04-22T07:00:14.005000+00:00,1.0,P
82,3453,2021-04-22T07:00:16.805000+00:00,1.0,S
83,3173,2021-04-22T07:00:14.005000+00:00,1.0,P
83,3453,2021-04-22T07:00:16.805000+00:00,1.0,S
84,3173,2021-04-22T07:00:14.005000+00:00,1.0,P
84,3453,2021-04-22T07:00:16.805000+00:00,1.0,S
85,3173,2021-04-22T07:00:14.005000+00:00,1.0,P
85,3453,2021-04-22T07:00:16.805000+00:00,1.0,S
86,3173,2021-04-22T07:00:14.005000+00:00,1.0,P
86,3452,2021-04-22T07:00:16.795000+00:00,1.0,S
87,3173,2021-04-22T07:00:14.005000+00:00,1.0,P
87,3452,2021-04-22T07:00:16.795000+00:00,1.0,S
88,3173,2021-04-22T07:00:14.005000+00:00,1.0,P
88,3452,2021-04-22T07:00:16.795000+00:00,1.0,S
89,3173,2021-04-22T07:00:14.005000+00:00,1.0,P
89,3452,2021-04-22T07:00:16.795000+00:00,1.0,S
90,3173,2021-04-22T07:00:14.005000+00:00,1.0,P
90,3452,2021-04-22T07:00:16.795000+00:00,1.0,S
91,3172,2021-04-22T07:00:13.995000+00:00,1.0,P
91,3452,2021-04-22T07:00:16.795000+00:00,1.0,S
92,3172,2021-04-22T07:00:13.995000+00:00,1.0,P
92,3452,2021-04-22T07:00:16.795000+00:00,1.0,S
93,3172,2021-04-22T07:00:13.995000+00:00,1.0,P
93,3452,2021-04-22T07:00:16.795000+00:00,1.0,S
94,3172,2021-04-22T07:00:13.995000+00:00,1.0,P
94,3452,2021-04-22T07:00:16.795000+00:00,1.0,S
95,3172,2021-04-22T07:00:13.995000+00:00,1.0,P
95,3451,2021-04-22T07:00:16.785000+00:00,1.0,S
96,3172,2021-04-22T07:00:13.995000+00:00,1.0,P
96,3451,2021-04-22T07:00:16.785000+00:00,1.0,S
97,3172,2021-04-22T07:00:13.995000+00:00,1.0,P
97,3451,2021-04-22T07:00:16.785000+00:00,1.0,S
98,3172,2021-04-22T07:00:13.995000+00:00,1.0,P
98,3451,2021-04-22T07:00:16.785000+00:00,1.0,S
99,3172,2021-04-22T07:00:13.995000+00:00,1.0,P
99,3451,2021-04-22T07:00:16.785000+00:00,1.0,S
100,3172,2021-04-22T07:00:13.995000+00:00,1.0,P
100,3451,2021-04-22T07:00:16.785000+00:00,1.0,S
101,3172,2021-04-22T07:00:13.995000+00:00,1.0,P
101,3450,2021-04-22T07:00:16.775000+00:00,1.0,S
102,3172,2021-04-22T07:00:13.995000+00:00,1.0,P
102,3450,2021-04-22T07:00:16.775000+00:00,1.0,S
103,3172,2021-04-22T07:00:13.995000+00:00,1.0,P
103,3450,2021-04-22T07:00:16.775000+00:00,1.0,S
104,3171,2021-04-22T07:00:13.985000+00:00,1.0,P
104,3449,2021-04-22T07:00:16.765000+00:00,1.0,S
105,3171,2021-04-22T07:00:13.985000+00:00,1.0,P
105,3449,2021-04-22T07:00:16.765000+00:00,1.0,S
106,3171,2021-04-22T07:00:13.985000+00:00,1.0,P
106,3449,2021-04-22T07:00:16.765000+00:00,1.0,S
107,3171,2021-04-22T07:00:13.985000+00:00,1.0,P
107,3448,2021-04-22T07:00:16.755000+00:00,1.0,S
108,3171,2021-04-22T07:00:13.985000+00:00,1.0,P
108,3448,2021-04-22T07:00:16.755000+00:00,1.0,S
109,3171,2021-04-22T07:00:13.985000+00:00,1.0,P
109,3448,2021-04-22T07:00:16.755000+00:00,1.0,S
110,3171,2021-04-22T07:00:13.985000+00:00,1.0,P
110,3447,2021-04-22T07:00:16.745000+00:00,1.0,S
111,3170,2021-04-22T07:00:13.975000+00:00,1.0,P
111,3447,2021-04-22T07:00:16.745000+00:00,1.0,S
112,3170,2021-04-22T07:00:13.975000+00:00,1.0,P
112,3447,2021-04-22T07:00:16.745000+00:00,1.0,S
113,3170,2021-04-22T07:00:13.975000+00:00,1.0,P
113,3446,2021-04-22T07:00:16.735000+00:00,1.0,S
114,3170,2021-04-22T07:00:13.975000+00:00,1.0,P
114,3446,2021-04-22T07:00:16.735000+00:00,1.0,S
115,3170,2021-04-22T07:00:13.975000+00:00,1.0,P
115,3446,2021-04-22T07:00:16.735000+00:00,1.0,S
116,3170,2021-04-22T07:00:13.975000+00:00,1.0,P
116,3446,2021-04-22T07:00:16.735000+00:00,1.0,S
117,3170,2021-04-22T07:00:13.975000+00:00,1.0,P
117,3445,2021-04-22T07:00:16.725000+00:00,1.0,S
118,3169,2021-04-22T07:00:13.965000+00:00,1.0,P
118,3445,2021-04-22T07:00:16.725000+00:00,1.0,S
119,3169,2021-04-22T07:00:13.965000+00:00,1.0,P
119,3445,2021-04-22T07:00:16.725000+00:00,1.0,S
120,3169,2021-04-22T07:00:13.965000+00:00,1.0,P
120,3444,2021-04-22T07:00:16.715000+00:00,1.0,S
121,3169,2021-04-22T07:00:13.965000+00:00,1.0,P
121,3444,2021-04-22T07:00:16.715000+00:00,1.0,S
122,3169,2021-04-22T07:00:13.965000+00:00,1.0,P
122,3444,2021-04-22T07:00:16.715000+00:00,1.0,S
123,3169,2021-04-22T07:00:13.965000+00:00,1.0,P
123,3444,2021-04-22T07:00:16.715000+00:00,1.0,S
124,3169,2021-04-22T07:00:13.965000+00:00,1.0,P
124,3443,2021-04-22T07:00:16.705000+00:00,1.0,S
125,3168,2021-04-22T07:00:13.955000+00:00,1.0,P
125,3443,2021-04-22T07:00:16.705000+00:00,1.0,S
126,3168,2021-04-22T07:00:13.955000+00:00,1.0,P
126,3443,2021-04-22T07:00:16.705000+00:00,1.0,S
127,3168,2021-04-22T07:00:13.955000+00:00,1.0,P
127,3443,2021-04-22T07:00:16.705000+00:00,1.0,S
128,3168,2021-04-22T07:00:13.955000+00:00,1.0,P
128,3442,2021-04-22T07:00:16.695000+00:00,1.0,S
129,3168,2021-04-22T07:00:13.955000+00:00,1.0,P
129,3442,2021-04-22T07:00:16.695000+00:00,1.0,S
130,3168,2021-04-22T07:00:13.955000+00:00,1.0,P
130,3442,2021-04-22T07:00:16.695000+00:00,1.0,S
131,3168,2021-04-22T07:00:13.955000+00:00,1.0,P
131,3442,2021-04-22T07:00:16.695000+00:00,1.0,S
132,3167,2021-04-22T07:00:13.945000+00:00,1.0,P
132,3441,2021-04-22T07:00:16.685000+00:00,1.0,S
133,3167,2021-04-22T07:00:13.945000+00:00,1.0,P
133,3441,2021-04-22T07:00:16.685000+00:00,1.0,S
134,3167,2021-04-22T07:00:13.945000+00:00,1.0,P
134,3441,2021-04-22T07:00:16.685000+00:00,1.0,S
135,3167,2021-04-22T07:00:13.945000+00:00,1.0,P
135,3441,2021-04-22T07:00:16.685000+00:00,1.0,S
136,3167,2021-04-22T07:00:13.945000+00:00,1.0,P
136,3440,2021-04-22T07:00:16.675000+00:00,1.0,S
137,3167,2021-04-22T07:00:13.945000+00:00,1.0,P
137,3440,2021-04-22T07:00:16.675000+00:00,1.0,S
138,3167,2021-04-22T07:00:13.945000+00:00,1.0,P
138,3440,2021-04-22T07:00:16.675000+00:00,1.0,S
139,3166,2021-04-22T07:00:13.935000+00:00,1.0,P
139,3440,2021-04-22T07:00:16.675000+00:00,1.0,S
140,3166,2021-04-22T07:00:13.935000+00:00,1.0,P
140,3440,2021-04-22T07:00:16.675000+00:00,1.0,S
141,3166,2021-04-22T07:00:13.935000+00:00,1.0,P
141,3439,2021-04-22T07:00:16.665000+00:00,1.0,S
142,3166,2021-04-22T07:00:13.935000+00:00,1.0,P
142,3439,2021-04-22T07:00:16.665000+00:00,1.0,S
143,3166,2021-04-22T07:00:13.935000+00:00,1.0,P
143,3439,2021-04-22T07:00:16.665000+00:00,1.0,S
144,3166,2021-04-22T07:00:13.935000+00:00,1.0,P
144,3439,2021-04-22T07:00:16.665000+00:00,1.0,S
145,3165,2021-04-22T07:00:13.925000+00:00,1.0,P
145,3438,2021-04-22T07:00:16.655000+00:00,1.0,S
146,3165,2021-04-22T07:00:13.925000+00:00,1.0,P
146,3438,2021-04-22T07:00:16.655000+00:00,1.0,S
147,3165,2021-04-22T07:00:13.925000+00:00,1.0,P
147,3438,2021-04-22T07:00:16.655000+00:00,1.0,S
148,3165,2021-04-22T07:00:13.925000+00:00,1.0,P
148,3437,2021-04-22T07:00:16.645000+00:00,1.0,S
149,3165,2021-04-22T07:00:13.925000+00:00,1.0,P
149,3437,2021-04-22T07:00:16.645000+00:00,1.0,S
150,3165,2021-04-22T07:00:13.925000+00:00,1.0,P
150,3437,2021-04-22T07:00:16.645000+00:00,1.0,S
151,3164,2021-04-22T07:00:13.915000+00:00,1.0,P
151,3437,2021-04-22T07:00:16.645000+00:00,1.0,S
152,3164,2021-04-22T07:00:13.915000+00:00,1.0,P
152,3436,2021-04-22T07:00:16.635000+00:00,1.0,S
153,3164,2021-04-22T07:00:13.915000+00:00,1.0,P
153,3436,2021-04-22T07:00:16.635000+00:00,1.0,S
154,3164,2021-04-22T07:00:13.915000+00:00,1.0,P
154,3436,2021-04-22T07:00:16.635000+00:00,1.0,S
155,3164,2021-04-22T07:00:13.915000+00:00,1.0,P
155,3435,2021-04-22T07:00:16.625000+00:00,1.0,S
156,3164,2021-04-22T07:00:13.915000+00:00,1.0,P
156,3435,2021-04-22T07:00:16.625000+00:00,1.0,S
157,3163,2021-04-22T07:00:13.905000+00:00,1.0,P
157,3435,2021-04-22T07:00:16.625000+00:00,1.0,S
158,3163,2021-04-22T07:00:13.905000+00:00,1.0,P
158,3435,2021-04-22T07:00:16.625000+00:00,1.0,S
159,3163,2021-04-22T07:00:13.905000+00:00,1.0,P
159,3434,2021-04-22T07:00:16.615000+00:00,1.0,S
160,3163,2021-04-22T07:00:13.905000+00:00,1.0,P
160,3434,2021-04-22T07:00:16.615000+00:00,1.0,S
161,3163,2021-04-22T07:00:13.905000+00:00,1.0,P
161,3434,2021-04-22T07:00:16.615000+00:00,1.0,S
162,3163,2021-04-22T07:00:13.905000+00:00,1.0,P
162,3433,2021-04-22T07:00:16.605000+00:00,1.0,S
163,3163,2021-04-22T07:00:13.905000+00:00,1.0,P
163,3433,2021-04-22T07:00:16.605000+00:00,1.0,S
164,3162,2021-04-22T07:00:13.895000+00:00,1.0,P
164,3433,2021-04-22T07:00:16.605000+00:00,1.0,S
165,3162,2021-04-22T07:00:13.895000+00:00,1.0,P
165,3432,2021-04-22T07:00:16.595000+00:00,1.0,S
166,3162,2021-04-22T07:00:13.895000+00:00,1.0,P
166,3432,2021-04-22T07:00:16.595000+00:00,1.0,S
167,3162,2021-04-22T07:00:13.895000+00:00,1.0,P
167,3432,2021-04-22T07:00:16.595000+00:00,1.0,S
168,3162,2021-04-22T07:00:13.895000+00:00,1.0,P
168,3431,2021-04-22T07:00:16.585000+00:00,1.0,S
169,3162,2021-04-22T07:00:13.895000+00:00,1.0,P
169,3431,2021-04-22T07:00:16.585000+00:00,1.0,S
170,3161,2021-04-22T07:00:13.885000+00:00,1.0,P
170,3431,2021-04-22T07:00:16.585000+00:00,1.0,S
171,3161,2021-04-22T07:00:13.885000+00:00,1.0,P
171,3430,2021-04-22T07:00:16.575000+00:00,1.0,S
172,3161,2021-04-22T07:00:13.885000+00:00,1.0,P
172,3430,2021-04-22T07:00:16.575000+00:00,1.0,S
173,3161,2021-04-22T07:00:13.885000+00:00,1.0,P
173,3430,2021-04-22T07:00:16.575000+00:00,1.0,S
174,3161,2021-04-22T07:00:13.885000+00:00,1.0,P
174,3430,2021-04-22T07:00:16.575000+00:00,1.0,S
175,3161,2021-04-22T07:00:13.885000+00:00,1.0,P
175,3429,2021-04-22T07:00:16.565000+00:00,1.0,S
176,3161,2021-04-22T07:00:13.885000+00:00,1.0,P
176,3429,2021-04-22T07:00:16.565000+00:00,1.0,S
177,3160,2021-04-22T07:00:13.875000+00:00,1.0,P
177,3429,2021-04-22T07:00:16.565000+00:00,1.0,S
178,3160,2021-04-22T07:00:13.875000+00:00,1.0,P
178,3428,2021-04-22T07:00:16.555000+00:00,1.0,S
179,3160,2021-04-22T07:00:13.875000+00:00,1.0,P
179,3428,2021-04-22T07:00:16.555000+00:00,1.0,S
180,3160,2021-04-22T07:00:13.875000+00:00,1.0,P
180,3428,2021-04-22T07:00:16.555000+00:00,1.0,S
181,3160,2021-04-22T07:00:13.875000+00:00,1.0,P
181,3428,2021-04-22T07:00:16.555000+00:00,1.0,S
182,3160,2021-04-22T07:00:13.875000+00:00,1.0,P
182,3427,2021-04-22T07:00:16.545000+00:00,1.0,S
183,3160,2021-04-22T07:00:13.875000+00:00,1.0,P
183,3427,2021-04-22T07:00:16.545000+00:00,1.0,S
184,3159,2021-04-22T07:00:13.865000+00:00,1.0,P
184,3427,2021-04-22T07:00:16.545000+00:00,1.0,S
185,3159,2021-04-22T07:00:13.865000+00:00,1.0,P
185,3426,2021-04-22T07:00:16.534999+00:00,1.0,S
186,3159,2021-04-22T07:00:13.865000+00:00,1.0,P
186,3426,2021-04-22T07:00:16.534999+00:00,1.0,S
187,3159,2021-04-22T07:00:13.865000+00:00,1.0,P
187,3425,2021-04-22T07:00:16.525000+00:00,1.0,S
188,3159,2021-04-22T07:00:13.865000+00:00,1.0,P
188,3425,2021-04-22T07:00:16.525000+00:00,1.0,S
189,3159,2021-04-22T07:00:13.865000+00:00,1.0,P
189,3425,2021-04-22T07:00:16.525000+00:00,1.0,S
190,3158,2021-04-22T07:00:13.855000+00:00,1.0,P
190,3424,2021-04-22T07:00:16.515000+00:00,1.0,S
191,3158,2021-04-22T07:00:13.855000+00:00,1.0,P
191,3424,2021-04-22T07:00:16.515000+00:00,1.0,S
192,3158,2021-04-22T07:00:13.855000+00:00,1.0,P
192,3424,2021-04-22T07:00:16.515000+00:00,1.0,S
193,3158,2021-04-22T07:00:13.855000+00:00,1.0,P
193,3423,2021-04-22T07:00:16.505000+00:00,1.0,S
194,3158,2021-04-22T07:00:13.855000+00:00,1.0,P
194,3423,2021-04-22T07:00:16.505000+00:00,1.0,S
195,3158,2021-04-22T07:00:13.855000+00:00,1.0,P
195,3423,2021-04-22T07:00:16.505000+00:00,1.0,S
196,3158,2021-04-22T07:00:13.855000+00:00,1.0,P
196,3422,2021-04-22T07:00:16.495000+00:00,1.0,S
197,3157,2021-04-22T07:00:13.845000+00:00,1.0,P
197,3422,2021-04-22T07:00:16.495000+00:00,1.0,S
198,3157,2021-04-22T07:00:13.845000+00:00,1.0,P
198,3421,2021-04-22T07:00:16.485000+00:00,1.0,S
199,3157,2021-04-22T07:00:13.845000+00:00,1.0,P
199,3421,2021-04-22T07:00:16.485000+00:00,1.0,S
200,3157,2021-04-22T07:00:13.845000+00:00,1.0,P
200,3421,2021-04-22T07:00:16.485000+00:00,1.0,S
201,3157,2021-04-22T07:00:13.845000+00:00,1.0,P
201,3421,2021-04-22T07:00:16.485000+00:00,1.0,S
202,3157,2021-04-22T07:00:13.845000+00:00,1.0,P
202,3420,2021-04-22T07:00:16.475000+00:00,1.0,S
203,3157,2021-04-22T07:00:13.845000+00:00,1.0,P
203,3420,2021-04-22T07:00:16.475000+00:00,1.0,S
204,3156,2021-04-22T07:00:13.835000+00:00,1.0,P
204,3420,2021-04-22T07:00:16.475000+00:00,1.0,S
205,3156,2021-04-22T07:00:13.835000+00:00,1.0,P
205,3419,2021-04-22T07:00:16.464999+00:00,1.0,S
206,3156,2021-04-22T07:00:13.835000+00:00,1.0,P
206,3419,2021-04-22T07:00:16.464999+00:00,1.0,S
207,3156,2021-04-22T07:00:13.835000+00:00,1.0,P
207,3419,2021-04-22T07:00:16.464999+00:00,1.0,S
208,3156,2021-04-22T07:00:13.835000+00:00,1.0,P
208,3419,2021-04-22T07:00:16.464999+00:00,1.0,S
209,3156,2021-04-22T07:00:13.835000+00:00,1.0,P
209,3418,2021-04-22T07:00:16.455000+00:00,1.0,S
210,3156,2021-04-22T07:00:13.835000+00:00,1.0,P
210,3418,2021-04-22T07:00:16.455000+00:00,1.0,S
211,3156,2021-04-22T07:00:13.835000+00:00,1.0,P
211,3418,2021-04-22T07:00:16.455000+00:00,1.0,S
212,3155,2021-04-22T07:00:13.825000+00:00,1.0,P
212,3417,2021-04-22T07:00:16.445000+00:00,1.0,S
213,3155,2021-04-22T07:00:13.825000+00:00,1.0,P
213,3417,2021-04-22T07:00:16.445000+00:00,1.0,S
214,3155,2021-04-22T07:00:13.825000+00:00,1.0,P
214,3417,2021-04-22T07:00:16.445000+00:00,1.0,S
215,3155,2021-04-22T07:00:13.825000+00:00,1.0,P
215,3416,2021-04-22T07:00:16.435000+00:00,1.0,S
216,3155,2021-04-22T07:00:13.825000+00:00,1.0,P
216,3416,2021-04-22T07:00:16.435000+00:00,1.0,S
217,3155,2021-04-22T07:00:13.825000+00:00,1.0,P
217,3416,2021-04-22T07:00:16.435000+00:00,1.0,S
218,3155,2021-04-22T07:00:13.825000+00:00,1.0,P
218,3415,2021-04-22T07:00:16.425000+00:00,1.0,S
219,3154,2021-04-22T07:00:13.815000+00:00,1.0,P
219,3415,2021-04-22T07:00:16.425000+00:00,1.0,S
220,3154,2021-04-22T07:00:13.815000+00:00,1.0,P
220,3414,2021-04-22T07:00:16.415000+00:00,1.0,S
221,3154,2021-04-22T07:00:13.815000+00:00,1.0,P
221,3414,2021-04-22T07:00:16.415000+00:00,1.0,S
222,3154,2021-04-22T07:00:13.815000+00:00,1.0,P
222,3414,2021-04-22T07:00:16.415000+00:00,1.0,S
223,3154,2021-04-22T07:00:13.815000+00:00,1.0,P
223,3413,2021-04-22T07:00:16.405000+00:00,1.0,S
224,3154,2021-04-22T07:00:13.815000+00:00,1.0,P
224,3413,2021-04-22T07:00:16.405000+00:00,1.0,S
225,3154,2021-04-22T07:00:13.815000+00:00,1.0,P
225,3413,2021-04-22T07:00:16.405000+00:00,1.0,S
226,3153,2021-04-22T07:00:13.805000+00:00,1.0,P
226,3413,2021-04-22T07:00:16.405000+00:00,1.0,S
227,3153,2021-04-22T07:00:13.805000+00:00,1.0,P
227,3412,2021-04-22T07:00:16.394999+00:00,1.0,S
228,3153,2021-04-22T07:00:13.805000+00:00,1.0,P
228,3412,2021-04-22T07:00:16.394999+00:00,1.0,S
229,3153,2021-04-22T07:00:13.805000+00:00,1.0,P
229,3412,2021-04-22T07:00:16.394999+00:00,1.0,S
230,3153,2021-04-22T07:00:13.805000+00:00,1.0,P
230,3412,2021-04-22T07:00:16.394999+00:00,1.0,S
231,3153,2021-04-22T07:00:13.805000+00:00,1.0,P
231,3411,2021-04-22T07:00:16.385000+00:00,1.0,S
232,3153,2021-04-22T07:00:13.805000+00:00,1.0,P
232,3411,2021-04-22T07:00:16.385000+00:00,1.0,S
233,3152,2021-04-22T07:00:13.795000+00:00,1.0,P
233,3411,2021-04-22T07:00:16.385000+00:00,1.0,S
234,3152,2021-04-22T07:00:13.795000+00:00,1.0,P
234,3411,2021-04-22T07:00:16.385000+00:00,1.0,S
235,3152,2021-04-22T07:00:13.795000+00:00,1.0,P
235,3410,2021-04-22T07:00:16.375000+00:00,1.0,S
236,3152,2021-04-22T07:00:13.795000+00:00,1.0,P
236,3410,2021-04-22T07:00:16.375000+00:00,1.0,S
237,3152,2021-04-22T07:00:13.795000+00:00,1.0,P
237,3410,2021-04-22T07:00:16.375000+00:00,1.0,S
238,3152,2021-04-22T07:00:13.795000+00:00,1.0,P
238,3410,2021-04-22T07:00:16.375000+00:00,1.0,S
239,3152,2021-04-22T07:00:13.795000+00:00,1.0,P
239,3410,2021-04-22T07:00:16.375000+00:00,1.0,S
240,3151,2021-04-22T07:00:13.785000+00:00,1.0,P
240,3409,2021-04-22T07:00:16.365000+00:00,1.0,S
241,3151,2021-04-22T07:00:13.785000+00:00,1.0,P
241,3409,2021-04-22T07:00:16.365000+00:00,1.0,S
242,3151,2021-04-22T07:00:13.785000+00:00,1.0,P
242,3409,2021-04-22T07:00:16.365000+00:00,1.0,S
243,3151,2021-04-22T07:00:13.785000+00:00,1.0,P
243,3409,2021-04-22T07:00:16.365000+00:00,1.0,S
244,3151,2021-04-22T07:00:13.785000+00:00,1.0,P
244,3409,2021-04-22T07:00:16.365000+00:00,1.0,S
245,3151,2021-04-22T07:00:13.785000+00:00,1.0,P
245,3408,2021-04-22T07:00:16.355000+00:00,1.0,S
246,3151,2021-04-22T07:00:13.785000+00:00,1.0,P
246,3408,2021-04-22T07:00:16.355000+00:00,1.0,S
247,3151,2021-04-22T07:00:13.785000+00:00,1.0,P
247,3408,2021-04-22T07:00:16.355000+00:00,1.0,S
248,3150,2021-04-22T07:00:13.775000+00:00,1.0,P
248,3408,2021-04-22T07:00:16.355000+00:00,1.0,S
249,3150,2021-04-22T07:00:13.775000+00:00,1.0,P
249,3408,2021-04-22T07:00:16.355000+00:00,1.0,S
250,3150,2021-04-22T07:00:13.775000+00:00,1.0,P
250,3407,2021-04-22T07:00:16.345000+00:00,1.0,S
251,3150,2021-04-22T07:00:13.775000+00:00,1.0,P
251,3407,2021-04-22T07:00:16.345000+00:00,1.0,S
252,3150,2021-04-22T07:00:13.775000+00:00,1.0,P
252,3407,2021-04-22T07:00:16.345000+00:00,1.0,S
253,3150,2021-04-22T07:00:13.775000+00:00,1.0,P
253,3407,2021-04-22T07:00:16.345000+00:00,1.0,S
254,3150,2021-04-22T07:00:13.775000+00:00,1.0,P
254,3407,2021-04-22T07:00:16.345000+00:00,1.0,S
255,3149,2021-04-22T07:00:13.765000+00:00,1.0,P
255,3406,2021-04-22T07:00:16.335000+00:00,1.0,S
256,3149,2021-04-22T07:00:13.765000+00:00,1.0,P
256,3406,2021-04-22T07:00:16.335000+00:00,1.0,S
257,3149,2021-04-22T07:00:13.765000+00:00,1.0,P
257,3406,2021-04-22T07:00:16.335000+00:00,1.0,S
258,3149,2021-04-22T07:00:13.765000+00:00,1.0,P
258,3406,2021-04-22T07:00:16.335000+00:00,1.0,S
259,3149,2021-04-22T07:00:13.765000+00:00,1.0,P
259,3406,2021-04-22T07:00:16.335000+00:00,1.0,S
260,3149,2021-04-22T07:00:13.765000+00:00,1.0,P
260,3406,2021-04-22T07:00:16.335000+00:00,1.0,S
261,3149,2021-04-22T07:00:13.765000+00:00,1.0,P
261,3405,2021-04-22T07:00:16.324999+00:00,1.0,S
262,3148,2021-04-22T07:00:13.755000+00:00,1.0,P
262,3405,2021-04-22T07:00:16.324999+00:00,1.0,S
263,3148,2021-04-22T07:00:13.755000+00:00,1.0,P
263,3405,2021-04-22T07:00:16.324999+00:00,1.0,S
264,3148,2021-04-22T07:00:13.755000+00:00,1.0,P
264,3405,2021-04-22T07:00:16.324999+00:00,1.0,S
265,3148,2021-04-22T07:00:13.755000+00:00,1.0,P
265,3404,2021-04-22T07:00:16.315000+00:00,1.0,S
266,3148,2021-04-22T07:00:13.755000+00:00,1.0,P
266,3404,2021-04-22T07:00:16.315000+00:00,1.0,S
267,3148,2021-04-22T07:00:13.755000+00:00,1.0,P
267,3404,2021-04-22T07:00:16.315000+00:00,1.0,S
268,3148,2021-04-22T07:00:13.755000+00:00,1.0,P
268,3404,2021-04-22T07:00:16.315000+00:00,1.0,S
269,3147,2021-04-22T07:00:13.745000+00:00,1.0,P
269,3404,2021-04-22T07:00:16.315000+00:00,1.0,S
270,3147,2021-04-22T07:00:13.745000+00:00,1.0,P
270,3403,2021-04-22T07:00:16.305000+00:00,1.0,S
271,3147,2021-04-22T07:00:13.745000+00:00,1.0,P
271,3403,2021-04-22T07:00:16.305000+00:00,1.0,S
272,3147,2021-04-22T07:00:13.745000+00:00,1.0,P
272,3403,2021-04-22T07:00:16.305000+00:00,1.0,S
273,3147,2021-04-22T07:00:13.745000+00:00,1.0,P
273,3403,2021-04-22T07:00:16.305000+00:00,1.0,S
274,3147,2021-04-22T07:00:13.745000+00:00,1.0,P
274,3403,2021-04-22T07:00:16.305000+00:00,1.0,S
275,3147,2021-04-22T07:00:13.745000+00:00,1.0,P
275,3402,2021-04-22T07:00:16.295000+00:00,1.0,S
276,3147,2021-04-22T07:00:13.745000+00:00,1.0,P
276,3402,2021-04-22T07:00:16.295000+00:00,1.0,S
277,3146,2021-04-22T07:00:13.735000+00:00,1.0,P
277,3402,2021-04-22T07:00:16.295000+00:00,1.0,S
278,3146,2021-04-22T07:00:13.735000+00:00,1.0,P
278,3402,2021-04-22T07:00:16.295000+00:00,1.0,S
279,3146,2021-04-22T07:00:13.735000+00:00,1.0,P
279,3402,2021-04-22T07:00:16.295000+00:00,1.0,S
280,3146,2021-04-22T07:00:13.735000+00:00,1.0,P
280,3402,2021-04-22T07:00:16.295000+00:00,1.0,S
281,3146,2021-04-22T07:00:13.735000+00:00,1.0,P
281,3401,2021-04-22T07:00:16.284999+00:00,1.0,S
282,3146,2021-04-22T07:00:13.735000+00:00,1.0,P
282,3401,2021-04-22T07:00:16.284999+00:00,1.0,S
283,3146,2021-04-22T07:00:13.735000+00:00,1.0,P
283,3401,2021-04-22T07:00:16.284999+00:00,1.0,S
284,3146,2021-04-22T07:00:13.735000+00:00,1.0,P
284,3401,2021-04-22T07:00:16.284999+00:00,1.0,S
285,3145,2021-04-22T07:00:13.725000+00:00,1.0,P
285,3401,2021-04-22T07:00:16.284999+00:00,1.0,S
286,3145,2021-04-22T07:00:13.725000+00:00,1.0,P
286,3400,2021-04-22T07:00:16.275000+00:00,1.0,S
287,3145,2021-04-22T07:00:13.725000+00:00,1.0,P
287,3400,2021-04-22T07:00:16.275000+00:00,1.0,S
288,3145,2021-04-22T07:00:13.725000+00:00,1.0,P
288,3400,2021-04-22T07:00:16.275000+00:00,1.0,S
289,3145,2021-04-22T07:00:13.725000+00:00,1.0,P
289,3400,2021-04-22T07:00:16.275000+00:00,1.0,S
290,3145,2021-04-22T07:00:13.725000+00:00,1.0,P
290,3400,2021-04-22T07:00:16.275000+00:00,1.0,S
291,3145,2021-04-22T07:00:13.725000+00:00,1.0,P
291,3399,2021-04-22T07:00:16.265000+00:00,1.0,S
292,3145,2021-04-22T07:00:13.725000+00:00,1.0,P
292,3399,2021-04-22T07:00:16.265000+00:00,1.0,S
293,3145,2021-04-22T07:00:13.725000+00:00,1.0,P
293,3399,2021-04-22T07:00:16.265000+00:00,1.0,S
294,3144,2021-04-22T07:00:13.715000+00:00,1.0,P
294,3399,2021-04-22T07:00:16.265000+00:00,1.0,S
295,3144,2021-04-22T07:00:13.715000+00:00,1.0,P
295,3399,2021-04-22T07:00:16.265000+00:00,1.0,S
296,3144,2021-04-22T07:00:13.715000+00:00,1.0,P
296,3398,2021-04-22T07:00:16.255000+00:00,1.0,S
297,3144,2021-04-22T07:00:13.715000+00:00,1.0,P
297,3398,2021-04-22T07:00:16.255000+00:00,1.0,S
298,3144,2021-04-22T07:00:13.715000+00:00,1.0,P
298,3398,2021-04-22T07:00:16.255000+00:00,1.0,S
299,3144,2021-04-22T07:00:13.715000+00:00,1.0,P
299,3398,2021-04-22T07:00:16.255000+00:00,1.0,S
300,3144,2021-04-22T07:00:13.715000+00:00,1.0,P
300,3398,2021-04-22T07:00:16.255000+00:00,1.0,S
301,3144,2021-04-22T07:00:13.715000+00:00,1.0,P
301,3398,2021-04-22T07:00:16.255000+00:00,1.0,S
302,3144,2021-04-22T07:00:13.715000+00:00,1.0,P
302,3397,2021-04-22T07:00:16.245000+00:00,1.0,S
303,3143,2021-04-22T07:00:13.705000+00:00,1.0,P
303,3397,2021-04-22T07:00:16.245000+00:00,1.0,S
304,3143,2021-04-22T07:00:13.705000+00:00,1.0,P
304,3397,2021-04-22T07:00:16.245000+00:00,1.0,S
305,3143,2021-04-22T07:00:13.705000+00:00,1.0,P
305,3397,2021-04-22T07:00:16.245000+00:00,1.0,S
306,3143,2021-04-22T07:00:13.705000+00:00,1.0,P
306,3397,2021-04-22T07:00:16.245000+00:00,1.0,S
307,3143,2021-04-22T07:00:13.705000+00:00,1.0,P
307,3397,2021-04-22T07:00:16.245000+00:00,1.0,S
308,3143,2021-04-22T07:00:13.705000+00:00,1.0,P
308,3397,2021-04-22T07:00:16.245000+00:00,1.0,S
309,3143,2021-04-22T07:00:13.705000+00:00,1.0,P
309,3397,2021-04-22T07:00:16.245000+00:00,1.0,S
310,3143,2021-04-22T07:00:13.705000+00:00,1.0,P
310,3396,2021-04-22T07:00:16.235000+00:00,1.0,S
311,3142,2021-04-22T07:00:13.695000+00:00,1.0,P
311,3396,2021-04-22T07:00:16.235000+00:00,1.0,S
312,3142,2021-04-22T07:00:13.695000+00:00,1.0,P
312,3396,2021-04-22T07:00:16.235000+00:00,1.0,S
313,3142,2021-04-22T07:00:13.695000+00:00,1.0,P
313,3396,2021-04-22T07:00:16.235000+00:00,1.0,S
314,3142,2021-04-22T07:00:13.695000+00:00,1.0,P
314,3396,2021-04-22T07:00:16.235000+00:00,1.0,S
315,3142,2021-04-22T07:00:13.695000+00:00,1.0,P
315,3396,2021-04-22T07:00:16.235000+00:00,1.0,S
316,3142,2021-04-22T07:00:13.695000+00:00,1.0,P
316,3395,2021-04-22T07:00:16.225000+00:00,1.0,S
317,3142,2021-04-22T07:00:13.695000+00:00,1.0,P
317,3395,2021-04-22T07:00:16.225000+00:00,1.0,S
318,3142,2021-04-22T07:00:13.695000+00:00,1.0,P
318,3395,2021-04-22T07:00:16.225000+00:00,1.0,S
319,3142,2021-04-22T07:00:13.695000+00:00,1.0,P
319,3395,2021-04-22T07:00:16.225000+00:00,1.0,S
320,3142,2021-04-22T07:00:13.695000+00:00,1.0,P
320,3395,2021-04-22T07:00:16.225000+00:00,1.0,S
321,3141,2021-04-22T07:00:13.685000+00:00,1.0,P
321,3395,2021-04-22T07:00:16.225000+00:00,1.0,S
322,3141,2021-04-22T07:00:13.685000+00:00,1.0,P
322,3394,2021-04-22T07:00:16.214999+00:00,1.0,S
323,3141,2021-04-22T07:00:13.685000+00:00,1.0,P
323,3394,2021-04-22T07:00:16.214999+00:00,1.0,S
324,3141,2021-04-22T07:00:13.685000+00:00,1.0,P
324,3394,2021-04-22T07:00:16.214999+00:00,1.0,S
325,3141,2021-04-22T07:00:13.685000+00:00,1.0,P
325,3394,2021-04-22T07:00:16.214999+00:00,1.0,S
326,3141,2021-04-22T07:00:13.685000+00:00,1.0,P
326,3394,2021-04-22T07:00:16.214999+00:00,1.0,S
327,3141,2021-04-22T07:00:13.685000+00:00,1.0,P
327,3394,2021-04-22T07:00:16.214999+00:00,1.0,S
328,3141,2021-04-22T07:00:13.685000+00:00,1.0,P
328,3393,2021-04-22T07:00:16.205000+00:00,1.0,S
329,3141,2021-04-22T07:00:13.685000+00:00,1.0,P
329,3393,2021-04-22T07:00:16.205000+00:00,1.0,S
330,3141,2021-04-22T07:00:13.685000+00:00,1.0,P
330,3393,2021-04-22T07:00:16.205000+00:00,1.0,S
331,3140,2021-04-22T07:00:13.675000+00:00,1.0,P
331,3393,2021-04-22T07:00:16.205000+00:00,1.0,S
332,3140,2021-04-22T07:00:13.675000+00:00,1.0,P
332,3393,2021-04-22T07:00:16.205000+00:00,1.0,S
333,3140,2021-04-22T07:00:13.675000+00:00,1.0,P
333,3393,2021-04-22T07:00:16.205000+00:00,1.0,S
334,3140,2021-04-22T07:00:13.675000+00:00,1.0,P
334,3393,2021-04-22T07:00:16.205000+00:00,1.0,S
335,3140,2021-04-22T07:00:13.675000+00:00,1.0,P
335,3392,2021-04-22T07:00:16.195000+00:00,1.0,S
336,3140,2021-04-22T07:00:13.675000+00:00,1.0,P
336,3392,2021-04-22T07:00:16.195000+00:00,1.0,S
337,3140,2021-04-22T07:00:13.675000+00:00,1.0,P
337,3392,2021-04-22T07:00:16.195000+00:00,1.0,S
338,3140,2021-04-22T07:00:13.675000+00:00,1.0,P
338,3392,2021-04-22T07:00:16.195000+00:00,1.0,S
339,3140,2021-04-22T07:00:13.675000+00:00,1.0,P
339,3392,2021-04-22T07:00:16.195000+00:00,1.0,S
340,3140,2021-04-22T07:00:13.675000+00:00,1.0,P
340,3391,2021-04-22T07:00:16.185000+00:00,1.0,S
341,3140,2021-04-22T07:00:13.675000+00:00,1.0,P
341,3391,2021-04-22T07:00:16.185000+00:00,1.0,S
342,3139,2021-04-22T07:00:13.665000+00:00,1.0,P
342,3391,2021-04-22T07:00:16.185000+00:00,1.0,S
343,3139,2021-04-22T07:00:13.665000+00:00,1.0,P
343,3391,2021-04-22T07:00:16.185000+00:00,1.0,S
344,3139,2021-04-22T07:00:13.665000+00:00,1.0,P
344,3391,2021-04-22T07:00:16.185000+00:00,1.0,S
345,3139,2021-04-22T07:00:13.665000+00:00,1.0,P
345,3391,2021-04-22T07:00:16.185000+00:00,1.0,S
346,3139,2021-04-22T07:00:13.665000+00:00,1.0,P
346,3390,2021-04-22T07:00:16.175000+00:00,1.0,S
347,3139,2021-04-22T07:00:13.665000+00:00,1.0,P
347,3390,2021-04-22T07:00:16.175000+00:00,1.0,S
348,3139,2021-04-22T07:00:13.665000+00:00,1.0,P
348,3390,2021-04-22T07:00:16.175000+00:00,1.0,S
349,3139,2021-04-22T07:00:13.665000+00:00,1.0,P
349,3390,2021-04-22T07:00:16.175000+00:00,1.0,S
350,3139,2021-04-22T07:00:13.665000+00:00,1.0,P
350,3390,2021-04-22T07:00:16.175000+00:00,1.0,S
351,3139,2021-04-22T07:00:13.665000+00:00,1.0,P
351,3390,2021-04-22T07:00:16.175000+00:00,1.0,S
352,3139,2021-04-22T07:00:13.665000+00:00,1.0,P
352,3389,2021-04-22T07:00:16.165000+00:00,1.0,S
353,3139,2021-04-22T07:00:13.665000+00:00,1.0,P
353,3389,2021-04-22T07:00:16.165000+00:00,1.0,S
354,3138,2021-04-22T07:00:13.655000+00:00,1.0,P
354,3389,2021-04-22T07:00:16.165000+00:00,1.0,S
355,3138,2021-04-22T07:00:13.655000+00:00,1.0,P
355,3389,2021-04-22T07:00:16.165000+00:00,1.0,S
356,3138,2021-04-22T07:00:13.655000+00:00,1.0,P
356,3389,2021-04-22T07:00:16.165000+00:00,1.0,S
357,3138,2021-04-22T07:00:13.655000+00:00,1.0,P
357,3389,2021-04-22T07:00:16.165000+00:00,1.0,S
358,3138,2021-04-22T07:00:13.655000+00:00,1.0,P
358,3388,2021-04-22T07:00:16.155000+00:00,1.0,S
359,3138,2021-04-22T07:00:13.655000+00:00,1.0,P
359,3388,2021-04-22T07:00:16.155000+00:00,1.0,S
360,3138,2021-04-22T07:00:13.655000+00:00,1.0,P
360,3388,2021-04-22T07:00:16.155000+00:00,1.0,S
361,3138,2021-04-22T07:00:13.655000+00:00,1.0,P
361,3388,2021-04-22T07:00:16.155000+00:00,1.0,S
362,3138,2021-04-22T07:00:13.655000+00:00,1.0,P
362,3388,2021-04-22T07:00:16.155000+00:00,1.0,S
363,3138,2021-04-22T07:00:13.655000+00:00,1.0,P
363,3388,2021-04-22T07:00:16.155000+00:00,1.0,S
364,3138,2021-04-22T07:00:13.655000+00:00,1.0,P
364,3388,2021-04-22T07:00:16.155000+00:00,1.0,S
365,3137,2021-04-22T07:00:13.645000+00:00,1.0,P
365,3388,2021-04-22T07:00:16.155000+00:00,1.0,S
366,3137,2021-04-22T07:00:13.645000+00:00,1.0,P
366,3388,2021-04-22T07:00:16.155000+00:00,1.0,S
367,3137,2021-04-22T07:00:13.645000+00:00,1.0,P
367,3388,2021-04-22T07:00:16.155000+00:00,1.0,S
368,3137,2021-04-22T07:00:13.645000+00:00,1.0,P
368,3388,2021-04-22T07:00:16.155000+00:00,1.0,S
369,3137,2021-04-22T07:00:13.645000+00:00,1.0,P
369,3387,2021-04-22T07:00:16.144999+00:00,1.0,S
370,3137,2021-04-22T07:00:13.645000+00:00,1.0,P
370,3387,2021-04-22T07:00:16.144999+00:00,1.0,S
371,3137,2021-04-22T07:00:13.645000+00:00,1.0,P
371,3387,2021-04-22T07:00:16.144999+00:00,1.0,S
372,3137,2021-04-22T07:00:13.645000+00:00,1.0,P
372,3387,2021-04-22T07:00:16.144999+00:00,1.0,S
373,3137,2021-04-22T07:00:13.645000+00:00,1.0,P
373,3387,2021-04-22T07:00:16.144999+00:00,1.0,S
374,3137,2021-04-22T07:00:13.645000+00:00,1.0,P
374,3387,2021-04-22T07:00:16.144999+00:00,1.0,S
375,3136,2021-04-22T07:00:13.635000+00:00,1.0,P
375,3387,2021-04-22T07:00:16.144999+00:00,1.0,S
376,3136,2021-04-22T07:00:13.635000+00:00,1.0,P
376,3387,2021-04-22T07:00:16.144999+00:00,1.0,S
377,3136,2021-04-22T07:00:13.635000+00:00,1.0,P
377,3387,2021-04-22T07:00:16.144999+00:00,1.0,S
378,3136,2021-04-22T07:00:13.635000+00:00,1.0,P
378,3386,2021-04-22T07:00:16.135000+00:00,1.0,S
379,3136,2021-04-22T07:00:13.635000+00:00,1.0,P
379,3386,2021-04-22T07:00:16.135000+00:00,1.0,S
380,3136,2021-04-22T07:00:13.635000+00:00,1.0,P
380,3386,2021-04-22T07:00:16.135000+00:00,1.0,S
381,3136,2021-04-22T07:00:13.635000+00:00,1.0,P
381,3386,2021-04-22T07:00:16.135000+00:00,1.0,S
382,3136,2021-04-22T07:00:13.635000+00:00,1.0,P
382,3386,2021-04-22T07:00:16.135000+00:00,1.0,S
383,3136,2021-04-22T07:00:13.635000+00:00,1.0,P
383,3386,2021-04-22T07:00:16.135000+00:00,1.0,S
384,3136,2021-04-22T07:00:13.635000+00:00,1.0,P
384,3386,2021-04-22T07:00:16.135000+00:00,1.0,S
385,3135,2021-04-22T07:00:13.625000+00:00,1.0,P
385,3386,2021-04-22T07:00:16.135000+00:00,1.0,S
386,3135,2021-04-22T07:00:13.625000+00:00,1.0,P
386,3386,2021-04-22T07:00:16.135000+00:00,1.0,S
387,3135,2021-04-22T07:00:13.625000+00:00,1.0,P
387,3386,2021-04-22T07:00:16.135000+00:00,1.0,S
388,3135,2021-04-22T07:00:13.625000+00:00,1.0,P
388,3386,2021-04-22T07:00:16.135000+00:00,1.0,S
389,3135,2021-04-22T07:00:13.625000+00:00,1.0,P
389,3385,2021-04-22T07:00:16.125000+00:00,1.0,S
390,3135,2021-04-22T07:00:13.625000+00:00,1.0,P
390,3385,2021-04-22T07:00:16.125000+00:00,1.0,S
391,3135,2021-04-22T07:00:13.625000+00:00,1.0,P
391,3385,2021-04-22T07:00:16.125000+00:00,1.0,S
392,3135,2021-04-22T07:00:13.625000+00:00,1.0,P
392,3385,2021-04-22T07:00:16.125000+00:00,1.0,S
393,3135,2021-04-22T07:00:13.625000+00:00,1.0,P
393,3385,2021-04-22T07:00:16.125000+00:00,1.0,S
394,3134,2021-04-22T07:00:13.615000+00:00,1.0,P
394,3385,2021-04-22T07:00:16.125000+00:00,1.0,S
395,3134,2021-04-22T07:00:13.615000+00:00,1.0,P
395,3385,2021-04-22T07:00:16.125000+00:00,1.0,S
396,3134,2021-04-22T07:00:13.615000+00:00,1.0,P
396,3385,2021-04-22T07:00:16.125000+00:00,1.0,S
397,3134,2021-04-22T07:00:13.615000+00:00,1.0,P
397,3385,2021-04-22T07:00:16.125000+00:00,1.0,S
398,3134,2021-04-22T07:00:13.615000+00:00,1.0,P
398,3385,2021-04-22T07:00:16.125000+00:00,1.0,S
399,3134,2021-04-22T07:00:13.615000+00:00,1.0,P
399,3385,2021-04-22T07:00:16.125000+00:00,1.0,S
400,3134,2021-04-22T07:00:13.615000+00:00,1.0,P
400,3385,2021-04-22T07:00:16.125000+00:00,1.0,S
401,3134,2021-04-22T07:00:13.615000+00:00,1.0,P
401,3385,2021-04-22T07:00:16.125000+00:00,1.0,S
402,3134,2021-04-22T07:00:13.615000+00:00,1.0,P
402,3385,2021-04-22T07:00:16.125000+00:00,1.0,S
403,3134,2021-04-22T07:00:13.615000+00:00,1.0,P
403,3384,2021-04-22T07:00:16.115000+00:00,1.0,S
404,3133,2021-04-22T07:00:13.605000+00:00,1.0,P
404,3384,2021-04-22T07:00:16.115000+00:00,1.0,S
405,3133,2021-04-22T07:00:13.605000+00:00,1.0,P
405,3384,2021-04-22T07:00:16.115000+00:00,1.0,S
406,3133,2021-04-22T07:00:13.605000+00:00,1.0,P
406,3384,2021-04-22T07:00:16.115000+00:00,1.0,S
407,3133,2021-04-22T07:00:13.605000+00:00,1.0,P
407,3384,2021-04-22T07:00:16.115000+00:00,1.0,S
408,3133,2021-04-22T07:00:13.605000+00:00,1.0,P
408,3384,2021-04-22T07:00:16.115000+00:00,1.0,S
409,3133,2021-04-22T07:00:13.605000+00:00,1.0,P
409,3384,2021-04-22T07:00:16.115000+00:00,1.0,S
410,3133,2021-04-22T07:00:13.605000+00:00,1.0,P
410,3384,2021-04-22T07:00:16.115000+00:00,1.0,S
411,3133,2021-04-22T07:00:13.605000+00:00,1.0,P
411,3384,2021-04-22T07:00:16.115000+00:00,1.0,S
412,3133,2021-04-22T07:00:13.605000+00:00,1.0,P
412,3384,2021-04-22T07:00:16.115000+00:00,1.0,S
413,3133,2021-04-22T07:00:13.605000+00:00,1.0,P
413,3384,2021-04-22T07:00:16.115000+00:00,1.0,S
414,3132,2021-04-22T07:00:13.595000+00:00,1.0,P
414,3384,2021-04-22T07:00:16.115000+00:00,1.0,S
415,3132,2021-04-22T07:00:13.595000+00:00,1.0,P
415,3384,2021-04-22T07:00:16.115000+00:00,1.0,S
416,3132,2021-04-22T07:00:13.595000+00:00,1.0,P
416,3384,2021-04-22T07:00:16.115000+00:00,1.0,S
417,3132,2021-04-22T07:00:13.595000+00:00,1.0,P
417,3384,2021-04-22T07:00:16.115000+00:00,1.0,S
418,3132,2021-04-22T07:00:13.595000+00:00,1.0,P
418,3383,2021-04-22T07:00:16.105000+00:00,1.0,S
419,3132,2021-04-22T07:00:13.595000+00:00,1.0,P
419,3383,2021-04-22T07:00:16.105000+00:00,1.0,S
420,3132,2021-04-22T07:00:13.595000+00:00,1.0,P
420,3383,2021-04-22T07:00:16.105000+00:00,1.0,S
421,3132,2021-04-22T07:00:13.595000+00:00,1.0,P
421,3383,2021-04-22T07:00:16.105000+00:00,1.0,S
422,3132,2021-04-22T07:00:13.595000+00:00,1.0,P
422,3383,2021-04-22T07:00:16.105000+00:00,1.0,S
423,3132,2021-04-22T07:00:13.595000+00:00,1.0,P
423,3383,2021-04-22T07:00:16.105000+00:00,1.0,S
424,3131,2021-04-22T07:00:13.585000+00:00,1.0,P
424,3383,2021-04-22T07:00:16.105000+00:00,1.0,S
425,3131,2021-04-22T07:00:13.585000+00:00,1.0,P
425,3383,2021-04-22T07:00:16.105000+00:00,1.0,S
426,3131,2021-04-22T07:00:13.585000+00:00,1.0,P
426,3383,2021-04-22T07:00:16.105000+00:00,1.0,S
427,3131,2021-04-22T07:00:13.585000+00:00,1.0,P
427,3383,2021-04-22T07:00:16.105000+00:00,1.0,S
428,3131,2021-04-22T07:00:13.585000+00:00,1.0,P
428,3382,2021-04-22T07:00:16.095000+00:00,1.0,S
429,3131,2021-04-22T07:00:13.585000+00:00,1.0,P
429,3382,2021-04-22T07:00:16.095000+00:00,1.0,S
430,3131,2021-04-22T07:00:13.585000+00:00,1.0,P
430,3382,2021-04-22T07:00:16.095000+00:00,1.0,S
431,3131,2021-04-22T07:00:13.585000+00:00,1.0,P
431,3382,2021-04-22T07:00:16.095000+00:00,1.0,S
432,3131,2021-04-22T07:00:13.585000+00:00,1.0,P
432,3382,2021-04-22T07:00:16.095000+00:00,1.0,S
433,3131,2021-04-22T07:00:13.585000+00:00,1.0,P
433,3382,2021-04-22T07:00:16.095000+00:00,1.0,S
434,3131,2021-04-22T07:00:13.585000+00:00,1.0,P
434,3382,2021-04-22T07:00:16.095000+00:00,1.0,S
435,3130,2021-04-22T07:00:13.575000+00:00,1.0,P
435,3381,2021-04-22T07:00:16.085000+00:00,1.0,S
436,3130,2021-04-22T07:00:13.575000+00:00,1.0,P
436,3381,2021-04-22T07:00:16.085000+00:00,1.0,S
437,3130,2021-04-22T07:00:13.575000+00:00,1.0,P
437,3381,2021-04-22T07:00:16.085000+00:00,1.0,S
438,3130,2021-04-22T07:00:13.575000+00:00,1.0,P
438,3381,2021-04-22T07:00:16.085000+00:00,1.0,S
439,3130,2021-04-22T07:00:13.575000+00:00,1.0,P
439,3381,2021-04-22T07:00:16.085000+00:00,1.0,S
440,3130,2021-04-22T07:00:13.575000+00:00,1.0,P
440,3381,2021-04-22T07:00:16.085000+00:00,1.0,S
441,3130,2021-04-22T07:00:13.575000+00:00,1.0,P
441,3381,2021-04-22T07:00:16.085000+00:00,1.0,S
442,3130,2021-04-22T07:00:13.575000+00:00,1.0,P
442,3381,2021-04-22T07:00:16.085000+00:00,1.0,S
443,3130,2021-04-22T07:00:13.575000+00:00,1.0,P
443,3380,2021-04-22T07:00:16.074999+00:00,1.0,S
444,3130,2021-04-22T07:00:13.575000+00:00,1.0,P
444,3380,2021-04-22T07:00:16.074999+00:00,1.0,S
445,3130,2021-04-22T07:00:13.575000+00:00,1.0,P
445,3380,2021-04-22T07:00:16.074999+00:00,1.0,S
446,3129,2021-04-22T07:00:13.565000+00:00,1.0,P
446,3380,2021-04-22T07:00:16.074999+00:00,1.0,S
447,3129,2021-04-22T07:00:13.565000+00:00,1.0,P
447,3380,2021-04-22T07:00:16.074999+00:00,1.0,S
448,3129,2021-04-22T07:00:13.565000+00:00,1.0,P
448,3380,2021-04-22T07:00:16.074999+00:00,1.0,S
449,3129,2021-04-22T07:00:13.565000+00:00,1.0,P
449,3380,2021-04-22T07:00:16.074999+00:00,1.0,S
450,3129,2021-04-22T07:00:13.565000+00:00,1.0,P
450,3380,2021-04-22T07:00:16.074999+00:00,1.0,S
451,3129,2021-04-22T07:00:13.565000+00:00,1.0,P
451,3380,2021-04-22T07:00:16.074999+00:00,1.0,S
452,3129,2021-04-22T07:00:13.565000+00:00,1.0,P
452,3380,2021-04-22T07:00:16.074999+00:00,1.0,S
453,3129,2021-04-22T07:00:13.565000+00:00,1.0,P
453,3380,2021-04-22T07:00:16.074999+00:00,1.0,S
454,3129,2021-04-22T07:00:13.565000+00:00,1.0,P
454,3380,2021-04-22T07:00:16.074999+00:00,1.0,S
455,3129,2021-04-22T07:00:13.565000+00:00,1.0,P
455,3380,2021-04-22T07:00:16.074999+00:00,1.0,S
456,3129,2021-04-22T07:00:13.565000+00:00,1.0,P
456,3380,2021-04-22T07:00:16.074999+00:00,1.0,S
457,3128,2021-04-22T07:00:13.555000+00:00,1.0,P
457,3380,2021-04-22T07:00:16.074999+00:00,1.0,S
458,3128,2021-04-22T07:00:13.555000+00:00,1.0,P
458,3380,2021-04-22T07:00:16.074999+00:00,1.0,S
459,3128,2021-04-22T07:00:13.555000+00:00,1.0,P
459,3380,2021-04-22T07:00:16.074999+00:00,1.0,S
460,3128,2021-04-22T07:00:13.555000+00:00,1.0,P
460,3379,2021-04-22T07:00:16.065000+00:00,1.0,S
461,3128,2021-04-22T07:00:13.555000+00:00,1.0,P
461,3379,2021-04-22T07:00:16.065000+00:00,1.0,S
462,3128,2021-04-22T07:00:13.555000+00:00,1.0,P
462,3379,2021-04-22T07:00:16.065000+00:00,1.0,S
463,3128,2021-04-22T07:00:13.555000+00:00,1.0,P
463,3379,2021-04-22T07:00:16.065000+00:00,1.0,S
464,3128,2021-04-22T07:00:13.555000+00:00,1.0,P
464,3379,2021-04-22T07:00:16.065000+00:00,1.0,S
465,3128,2021-04-22T07:00:13.555000+00:00,1.0,P
465,3379,2021-04-22T07:00:16.065000+00:00,1.0,S
466,3128,2021-04-22T07:00:13.555000+00:00,1.0,P
466,3379,2021-04-22T07:00:16.065000+00:00,1.0,S
467,3128,2021-04-22T07:00:13.555000+00:00,1.0,P
467,3379,2021-04-22T07:00:16.065000+00:00,1.0,S
468,3127,2021-04-22T07:00:13.545000+00:00,1.0,P
468,3379,2021-04-22T07:00:16.065000+00:00,1.0,S
469,3127,2021-04-22T07:00:13.545000+00:00,1.0,P
469,3379,2021-04-22T07:00:16.065000+00:00,1.0,S
470,3127,2021-04-22T07:00:13.545000+00:00,1.0,P
470,3379,2021-04-22T07:00:16.065000+00:00,1.0,S
471,3127,2021-04-22T07:00:13.545000+00:00,1.0,P
471,3379,2021-04-22T07:00:16.065000+00:00,1.0,S
472,3127,2021-04-22T07:00:13.545000+00:00,1.0,P
472,3379,2021-04-22T07:00:16.065000+00:00,1.0,S
473,3127,2021-04-22T07:00:13.545000+00:00,1.0,P
473,3379,2021-04-22T07:00:16.065000+00:00,1.0,S
474,3127,2021-04-22T07:00:13.545000+00:00,1.0,P
474,3379,2021-04-22T07:00:16.065000+00:00,1.0,S
475,3127,2021-04-22T07:00:13.545000+00:00,1.0,P
475,3379,2021-04-22T07:00:16.065000+00:00,1.0,S
476,3127,2021-04-22T07:00:13.545000+00:00,1.0,P
476,3379,2021-04-22T07:00:16.065000+00:00,1.0,S
477,3127,2021-04-22T07:00:13.545000+00:00,1.0,P
477,3379,2021-04-22T07:00:16.065000+00:00,1.0,S
478,3126,2021-04-22T07:00:13.535000+00:00,1.0,P
478,3378,2021-04-22T07:00:16.055000+00:00,1.0,S
479,3126,2021-04-22T07:00:13.535000+00:00,1.0,P
479,3378,2021-04-22T07:00:16.055000+00:00,1.0,S
480,3126,2021-04-22T07:00:13.535000+00:00,1.0,P
480,3378,2021-04-22T07:00:16.055000+00:00,1.0,S
481,3126,2021-04-22T07:00:13.535000+00:00,1.0,P
481,3378,2021-04-22T07:00:16.055000+00:00,1.0,S
482,3126,2021-04-22T07:00:13.535000+00:00,1.0,P
482,3378,2021-04-22T07:00:16.055000+00:00,1.0,S
483,3126,2021-04-22T07:00:13.535000+00:00,1.0,P
483,3378,2021-04-22T07:00:16.055000+00:00,1.0,S
484,3126,2021-04-22T07:00:13.535000+00:00,1.0,P
484,3378,2021-04-22T07:00:16.055000+00:00,1.0,S
485,3126,2021-04-22T07:00:13.535000+00:00,1.0,P
485,3377,2021-04-22T07:00:16.045000+00:00,1.0,S
486,3126,2021-04-22T07:00:13.535000+00:00,1.0,P
486,3377,2021-04-22T07:00:16.045000+00:00,1.0,S
487,3126,2021-04-22T07:00:13.535000+00:00,1.0,P
487,3377,2021-04-22T07:00:16.045000+00:00,1.0,S
488,3125,2021-04-22T07:00:13.525000+00:00,1.0,P
488,3377,2021-04-22T07:00:16.045000+00:00,1.0,S
489,3125,2021-04-22T07:00:13.525000+00:00,1.0,P
489,3377,2021-04-22T07:00:16.045000+00:00,1.0,S
490,3125,2021-04-22T07:00:13.525000+00:00,1.0,P
490,3377,2021-04-22T07:00:16.045000+00:00,1.0,S
491,3125,2021-04-22T07:00:13.525000+00:00,1.0,P
491,3376,2021-04-22T07:00:16.034999+00:00,1.0,S
492,3125,2021-04-22T07:00:13.525000+00:00,1.0,P
492,3376,2021-04-22T07:00:16.034999+00:00,1.0,S
493,3125,2021-04-22T07:00:13.525000+00:00,1.0,P
493,3376,2021-04-22T07:00:16.034999+00:00,1.0,S
494,3125,2021-04-22T07:00:13.525000+00:00,1.0,P
494,3376,2021-04-22T07:00:16.034999+00:00,1.0,S
495,3125,2021-04-22T07:00:13.525000+00:00,1.0,P
495,3376,2021-04-22T07:00:16.034999+00:00,1.0,S
496,3124,2021-04-22T07:00:13.515000+00:00,1.0,P
496,3376,2021-04-22T07:00:16.034999+00:00,1.0,S
497,3124,2021-04-22T07:00:13.515000+00:00,1.0,P
497,3376,2021-04-22T07:00:16.034999+00:00,1.0,S
498,3124,2021-04-22T07:00:13.515000+00:00,1.0,P
498,3375,2021-04-22T07:00:16.025000+00:00,1.0,S
499,3124,2021-04-22T07:00:13.515000+00:00,1.0,P
499,3375,2021-04-22T07:00:16.025000+00:00,1.0,S
500,3124,2021-04-22T07:00:13.515000+00:00,1.0,P
500,3375,2021-04-22T07:00:16.025000+00:00,1.0,S
501,3124,2021-04-22T07:00:13.515000+00:00,1.0,P
501,3375,2021-04-22T07:00:16.025000+00:00,1.0,S
502,3124,2021-04-22T07:00:13.515000+00:00,1.0,P
502,3375,2021-04-22T07:00:16.025000+00:00,1.0,S
503,3124,2021-04-22T07:00:13.515000+00:00,1.0,P
503,3375,2021-04-22T07:00:16.025000+00:00,1.0,S
504,3123,2021-04-22T07:00:13.505000+00:00,1.0,P
504,3374,2021-04-22T07:00:16.015000+00:00,1.0,S
505,3123,2021-04-22T07:00:13.505000+00:00,1.0,P
505,3374,2021-04-22T07:00:16.015000+00:00,1.0,S
506,3123,2021-04-22T07:00:13.505000+00:00,1.0,P
506,3374,2021-04-22T07:00:16.015000+00:00,1.0,S
507,3123,2021-04-22T07:00:13.505000+00:00,1.0,P
507,3374,2021-04-22T07:00:16.015000+00:00,1.0,S
508,3123,2021-04-22T07:00:13.505000+00:00,1.0,P
508,3374,2021-04-22T07:00:16.015000+00:00,1.0,S
509,3123,2021-04-22T07:00:13.505000+00:00,1.0,P
509,3373,2021-04-22T07:00:16.005000+00:00,1.0,S
510,3123,2021-04-22T07:00:13.505000+00:00,1.0,P
510,3373,2021-04-22T07:00:16.005000+00:00,1.0,S
511,3122,2021-04-22T07:00:13.495000+00:00,1.0,P
511,3373,2021-04-22T07:00:16.005000+00:00,1.0,S
512,3122,2021-04-22T07:00:13.495000+00:00,1.0,P
512,3373,2021-04-22T07:00:16.005000+00:00,1.0,S
513,3122,2021-04-22T07:00:13.495000+00:00,1.0,P
513,3372,2021-04-22T07:00:15.995000+00:00,1.0,S
514,3122,2021-04-22T07:00:13.495000+00:00,1.0,P
514,3372,2021-04-22T07:00:15.995000+00:00,1.0,S
515,3122,2021-04-22T07:00:13.495000+00:00,1.0,P
515,3372,2021-04-22T07:00:15.995000+00:00,1.0,S
516,3122,2021-04-22T07:00:13.495000+00:00,1.0,P
516,3372,2021-04-22T07:00:15.995000+00:00,1.0,S
517,3122,2021-04-22T07:00:13.495000+00:00,1.0,P
517,3371,2021-04-22T07:00:15.985000+00:00,1.0,S
518,3121,2021-04-22T07:00:13.485000+00:00,1.0,P
518,3371,2021-04-22T07:00:15.985000+00:00,1.0,S
519,3121,2021-04-22T07:00:13.485000+00:00,1.0,P
519,3371,2021-04-22T07:00:15.985000+00:00,1.0,S
520,3121,2021-04-22T07:00:13.485000+00:00,1.0,P
520,3371,2021-04-22T07:00:15.985000+00:00,1.0,S
521,3121,2021-04-22T07:00:13.485000+00:00,1.0,P
521,3370,2021-04-22T07:00:15.975000+00:00,1.0,S
522,3121,2021-04-22T07:00:13.485000+00:00,1.0,P
522,3370,2021-04-22T07:00:15.975000+00:00,1.0,S
523,3121,2021-04-22T07:00:13.485000+00:00,1.0,P
523,3370,2021-04-22T07:00:15.975000+00:00,1.0,S
524,3120,2021-04-22T07:00:13.475000+00:00,1.0,P
524,3369,2021-04-22T07:00:15.964999+00:00,1.0,S
525,3120,2021-04-22T07:00:13.475000+00:00,1.0,P
525,3369,2021-04-22T07:00:15.964999+00:00,1.0,S
526,3120,2021-04-22T07:00:13.475000+00:00,1.0,P
526,3369,2021-04-22T07:00:15.964999+00:00,1.0,S
527,3120,2021-04-22T07:00:13.475000+00:00,1.0,P
527,3368,2021-04-22T07:00:15.955000+00:00,1.0,S
528,3120,2021-04-22T07:00:13.475000+00:00,1.0,P
528,3368,2021-04-22T07:00:15.955000+00:00,1.0,S
529,3120,2021-04-22T07:00:13.475000+00:00,1.0,P
529,3368,2021-04-22T07:00:15.955000+00:00,1.0,S
530,3119,2021-04-22T07:00:13.465000+00:00,1.0,P
530,3367,2021-04-22T07:00:15.945000+00:00,1.0,S
531,3119,2021-04-22T07:00:13.465000+00:00,1.0,P
531,3367,2021-04-22T07:00:15.945000+00:00,1.0,S
532,3119,2021-04-22T07:00:13.465000+00:00,1.0,P
532,3367,2021-04-22T07:00:15.945000+00:00,1.0,S
533,3119,2021-04-22T07:00:13.465000+00:00,1.0,P
533,3366,2021-04-22T07:00:15.935000+00:00,1.0,S
534,3119,2021-04-22T07:00:13.465000+00:00,1.0,P
534,3366,2021-04-22T07:00:15.935000+00:00,1.0,S
535,3119,2021-04-22T07:00:13.465000+00:00,1.0,P
535,3366,2021-04-22T07:00:15.935000+00:00,1.0,S
536,3119,2021-04-22T07:00:13.465000+00:00,1.0,P
536,3366,2021-04-22T07:00:15.935000+00:00,1.0,S
537,3118,2021-04-22T07:00:13.455000+00:00,1.0,P
537,3365,2021-04-22T07:00:15.925000+00:00,1.0,S
538,3118,2021-04-22T07:00:13.455000+00:00,1.0,P
538,3365,2021-04-22T07:00:15.925000+00:00,1.0,S
539,3118,2021-04-22T07:00:13.455000+00:00,1.0,P
539,3365,2021-04-22T07:00:15.925000+00:00,1.0,S
540,3118,2021-04-22T07:00:13.455000+00:00,1.0,P
540,3365,2021-04-22T07:00:15.925000+00:00,1.0,S
541,3118,2021-04-22T07:00:13.455000+00:00,1.0,P
541,3364,2021-04-22T07:00:15.915000+00:00,1.0,S
542,3118,2021-04-22T07:00:13.455000+00:00,1.0,P
542,3364,2021-04-22T07:00:15.915000+00:00,1.0,S
543,3117,2021-04-22T07:00:13.445000+00:00,1.0,P
543,3364,2021-04-22T07:00:15.915000+00:00,1.0,S
544,3117,2021-04-22T07:00:13.445000+00:00,1.0,P
544,3363,2021-04-22T07:00:15.905000+00:00,1.0,S
545,3117,2021-04-22T07:00:13.445000+00:00,1.0,P
545,3363,2021-04-22T07:00:15.905000+00:00,1.0,S
546,3117,2021-04-22T07:00:13.445000+00:00,1.0,P
546,3363,2021-04-22T07:00:15.905000+00:00,1.0,S
547,3117,2021-04-22T07:00:13.445000+00:00,1.0,P
547,3363,2021-04-22T07:00:15.905000+00:00,1.0,S
548,3117,2021-04-22T07:00:13.445000+00:00,1.0,P
548,3362,2021-04-22T07:00:15.894999+00:00,1.0,S
549,3116,2021-04-22T07:00:13.435000+00:00,1.0,P
549,3362,2021-04-22T07:00:15.894999+00:00,1.0,S
550,3116,2021-04-22T07:00:13.435000+00:00,1.0,P
550,3362,2021-04-22T07:00:15.894999+00:00,1.0,S
551,3116,2021-04-22T07:00:13.435000+00:00,1.0,P
551,3361,2021-04-22T07:00:15.885000+00:00,1.0,S
552,3116,2021-04-22T07:00:13.435000+00:00,1.0,P
552,3361,2021-04-22T07:00:15.885000+00:00,1.0,S
553,3116,2021-04-22T07:00:13.435000+00:00,1.0,P
553,3361,2021-04-22T07:00:15.885000+00:00,1.0,S
554,3116,2021-04-22T07:00:13.435000+00:00,1.0,P
554,3361,2021-04-22T07:00:15.885000+00:00,1.0,S
555,3115,2021-04-22T07:00:13.425000+00:00,1.0,P
555,3360,2021-04-22T07:00:15.875000+00:00,1.0,S
556,3115,2021-04-22T07:00:13.425000+00:00,1.0,P
556,3360,2021-04-22T07:00:15.875000+00:00,1.0,S
557,3115,2021-04-22T07:00:13.425000+00:00,1.0,P
557,3360,2021-04-22T07:00:15.875000+00:00,1.0,S
558,3115,2021-04-22T07:00:13.425000+00:00,1.0,P
558,3360,2021-04-22T07:00:15.875000+00:00,1.0,S
559,3115,2021-04-22T07:00:13.425000+00:00,1.0,P
559,3359,2021-04-22T07:00:15.865000+00:00,1.0,S
560,3115,2021-04-22T07:00:13.425000+00:00,1.0,P
560,3359,2021-04-22T07:00:15.865000+00:00,1.0,S
561,3114,2021-04-22T07:00:13.415000+00:00,1.0,P
561,3359,2021-04-22T07:00:15.865000+00:00,1.0,S
562,3114,2021-04-22T07:00:13.415000+00:00,1.0,P
562,3358,2021-04-22T07:00:15.855000+00:00,1.0,S
563,3114,2021-04-22T07:00:13.415000+00:00,1.0,P
563,3358,2021-04-22T07:00:15.855000+00:00,1.0,S
564,3114,2021-04-22T07:00:13.415000+00:00,1.0,P
564,3358,2021-04-22T07:00:15.855000+00:00,1.0,S
565,3114,2021-04-22T07:00:13.415000+00:00,1.0,P
565,3358,2021-04-22T07:00:15.855000+00:00,1.0,S
566,3114,2021-04-22T07:00:13.415000+00:00,1.0,P
566,3357,2021-04-22T07:00:15.845000+00:00,1.0,S
567,3113,2021-04-22T07:00:13.405000+00:00,1.0,P
567,3357,2021-04-22T07:00:15.845000+00:00,1.0,S
568,3113,2021-04-22T07:00:13.405000+00:00,1.0,P
568,3357,2021-04-22T07:00:15.845000+00:00,1.0,S
569,3113,2021-04-22T07:00:13.405000+00:00,1.0,P
569,3356,2021-04-22T07:00:15.835000+00:00,1.0,S
570,3113,2021-04-22T07:00:13.405000+00:00,1.0,P
570,3356,2021-04-22T07:00:15.835000+00:00,1.0,S
571,3113,2021-04-22T07:00:13.405000+00:00,1.0,P
571,3356,2021-04-22T07:00:15.835000+00:00,1.0,S
572,3113,2021-04-22T07:00:13.405000+00:00,1.0,P
572,3355,2021-04-22T07:00:15.824999+00:00,1.0,S
573,3113,2021-04-22T07:00:13.405000+00:00,1.0,P
573,3355,2021-04-22T07:00:15.824999+00:00,1.0,S
574,3112,2021-04-22T07:00:13.395000+00:00,1.0,P
574,3355,2021-04-22T07:00:15.824999+00:00,1.0,S
575,3112,2021-04-22T07:00:13.395000+00:00,1.0,P
575,3354,2021-04-22T07:00:15.815000+00:00,1.0,S
576,3112,2021-04-22T07:00:13.395000+00:00,1.0,P
576,3354,2021-04-22T07:00:15.815000+00:00,1.0,S
577,3112,2021-04-22T07:00:13.395000+00:00,1.0,P
577,3354,2021-04-22T07:00:15.815000+00:00,1.0,S
578,3112,2021-04-22T07:00:13.395000+00:00,1.0,P
578,3353,2021-04-22T07:00:15.805000+00:00,1.0,S
579,3112,2021-04-22T07:00:13.395000+00:00,1.0,P
579,3353,2021-04-22T07:00:15.805000+00:00,1.0,S
580,3112,2021-04-22T07:00:13.395000+00:00,1.0,P
580,3353,2021-04-22T07:00:15.805000+00:00,1.0,S
581,3111,2021-04-22T07:00:13.385000+00:00,1.0,P
581,3353,2021-04-22T07:00:15.805000+00:00,1.0,S
582,3111,2021-04-22T07:00:13.385000+00:00,1.0,P
582,3352,2021-04-22T07:00:15.795000+00:00,1.0,S
583,3111,2021-04-22T07:00:13.385000+00:00,1.0,P
583,3352,2021-04-22T07:00:15.795000+00:00,1.0,S
584,3111,2021-04-22T07:00:13.385000+00:00,1.0,P
584,3352,2021-04-22T07:00:15.795000+00:00,1.0,S
585,3111,2021-04-22T07:00:13.385000+00:00,1.0,P
585,3352,2021-04-22T07:00:15.795000+00:00,1.0,S
586,3111,2021-04-22T07:00:13.385000+00:00,1.0,P
586,3351,2021-04-22T07:00:15.784999+00:00,1.0,S
587,3110,2021-04-22T07:00:13.375000+00:00,1.0,P
587,3351,2021-04-22T07:00:15.784999+00:00,1.0,S
588,3110,2021-04-22T07:00:13.375000+00:00,1.0,P
588,3351,2021-04-22T07:00:15.784999+00:00,1.0,S
589,3110,2021-04-22T07:00:13.375000+00:00,1.0,P
589,3351,2021-04-22T07:00:15.784999+00:00,1.0,S
590,3110,2021-04-22T07:00:13.375000+00:00,1.0,P
590,3351,2021-04-22T07:00:15.784999+00:00,1.0,S
591,3110,2021-04-22T07:00:13.375000+00:00,1.0,P
591,3350,2021-04-22T07:00:15.775000+00:00,1.0,S
592,3110,2021-04-22T07:00:13.375000+00:00,1.0,P
592,3350,2021-04-22T07:00:15.775000+00:00,1.0,S
593,3110,2021-04-22T07:00:13.375000+00:00,1.0,P
593,3350,2021-04-22T07:00:15.775000+00:00,1.0,S
594,3109,2021-04-22T07:00:13.365000+00:00,1.0,P
594,3349,2021-04-22T07:00:15.765000+00:00,1.0,S
595,3109,2021-04-22T07:00:13.365000+00:00,1.0,P
595,3349,2021-04-22T07:00:15.765000+00:00,1.0,S
596,3109,2021-04-22T07:00:13.365000+00:00,1.0,P
596,3349,2021-04-22T07:00:15.765000+00:00,1.0,S
597,3109,2021-04-22T07:00:13.365000+00:00,1.0,P
597,3349,2021-04-22T07:00:15.765000+00:00,1.0,S
598,3109,2021-04-22T07:00:13.365000+00:00,1.0,P
598,3348,2021-04-22T07:00:15.755000+00:00,1.0,S
599,3109,2021-04-22T07:00:13.365000+00:00,1.0,P
599,3348,2021-04-22T07:00:15.755000+00:00,1.0,S
600,3109,2021-04-22T07:00:13.365000+00:00,1.0,P
600,3348,2021-04-22T07:00:15.755000+00:00,1.0,S
601,3108,2021-04-22T07:00:13.355000+00:00,1.0,P
601,3347,2021-04-22T07:00:15.745000+00:00,1.0,S
602,3108,2021-04-22T07:00:13.355000+00:00,1.0,P
602,3347,2021-04-22T07:00:15.745000+00:00,1.0,S
603,3108,2021-04-22T07:00:13.355000+00:00,1.0,P
603,3347,2021-04-22T07:00:15.745000+00:00,1.0,S
604,3108,2021-04-22T07:00:13.355000+00:00,1.0,P
604,3347,2021-04-22T07:00:15.745000+00:00,1.0,S
605,3108,2021-04-22T07:00:13.355000+00:00,1.0,P
605,3346,2021-04-22T07:00:15.735000+00:00,1.0,S
606,3108,2021-04-22T07:00:13.355000+00:00,1.0,P
606,3346,2021-04-22T07:00:15.735000+00:00,1.0,S
607,3107,2021-04-22T07:00:13.345000+00:00,1.0,P
607,3346,2021-04-22T07:00:15.735000+00:00,1.0,S
608,3107,2021-04-22T07:00:13.345000+00:00,1.0,P
608,3345,2021-04-22T07:00:15.725000+00:00,1.0,S
609,3107,2021-04-22T07:00:13.345000+00:00,1.0,P
609,3345,2021-04-22T07:00:15.725000+00:00,1.0,S
610,3107,2021-04-22T07:00:13.345000+00:00,1.0,P
610,3345,2021-04-22T07:00:15.725000+00:00,1.0,S
611,3107,2021-04-22T07:00:13.345000+00:00,1.0,P
611,3344,2021-04-22T07:00:15.714999+00:00,1.0,S
612,3107,2021-04-22T07:00:13.345000+00:00,1.0,P
612,3344,2021-04-22T07:00:15.714999+00:00,1.0,S
613,3107,2021-04-22T07:00:13.345000+00:00,1.0,P
613,3344,2021-04-22T07:00:15.714999+00:00,1.0,S
614,3106,2021-04-22T07:00:13.335000+00:00,1.0,P
614,3344,2021-04-22T07:00:15.714999+00:00,1.0,S
615,3106,2021-04-22T07:00:13.335000+00:00,1.0,P
615,3343,2021-04-22T07:00:15.705000+00:00,1.0,S
616,3106,2021-04-22T07:00:13.335000+00:00,1.0,P
616,3343,2021-04-22T07:00:15.705000+00:00,1.0,S
617,3106,2021-04-22T07:00:13.335000+00:00,1.0,P
617,3343,2021-04-22T07:00:15.705000+00:00,1.0,S
618,3106,2021-04-22T07:00:13.335000+00:00,1.0,P
618,3343,2021-04-22T07:00:15.705000+00:00,1.0,S
619,3106,2021-04-22T07:00:13.335000+00:00,1.0,P
619,3342,2021-04-22T07:00:15.695000+00:00,1.0,S
620,3105,2021-04-22T07:00:13.325000+00:00,1.0,P
620,3342,2021-04-22T07:00:15.695000+00:00,1.0,S
621,3105,2021-04-22T07:00:13.325000+00:00,1.0,P
621,3342,2021-04-22T07:00:15.695000+00:00,1.0,S
622,3105,2021-04-22T07:00:13.325000+00:00,1.0,P
622,3342,2021-04-22T07:00:15.695000+00:00,1.0,S
623,3105,2021-04-22T07:00:13.325000+00:00,1.0,P
623,3341,2021-04-22T07:00:15.685000+00:00,1.0,S
624,3105,2021-04-22T07:00:13.325000+00:00,1.0,P
624,3341,2021-04-22T07:00:15.685000+00:00,1.0,S
625,3104,2021-04-22T07:00:13.315000+00:00,1.0,P
625,3341,2021-04-22T07:00:15.685000+00:00,1.0,S
626,3104,2021-04-22T07:00:13.315000+00:00,1.0,P
626,3341,2021-04-22T07:00:15.685000+00:00,1.0,S
627,3104,2021-04-22T07:00:13.315000+00:00,1.0,P
627,3340,2021-04-22T07:00:15.675000+00:00,1.0,S
628,3104,2021-04-22T07:00:13.315000+00:00,1.0,P
628,3340,2021-04-22T07:00:15.675000+00:00,1.0,S
629,3104,2021-04-22T07:00:13.315000+00:00,1.0,P
629,3340,2021-04-22T07:00:15.675000+00:00,1.0,S
630,3104,2021-04-22T07:00:13.315000+00:00,1.0,P
630,3340,2021-04-22T07:00:15.675000+00:00,1.0,S
631,3103,2021-04-22T07:00:13.305000+00:00,1.0,P
631,3339,2021-04-22T07:00:15.665000+00:00,1.0,S
632,3103,2021-04-22T07:00:13.305000+00:00,1.0,P
632,3339,2021-04-22T07:00:15.665000+00:00,1.0,S
633,3103,2021-04-22T07:00:13.305000+00:00,1.0,P
633,3339,2021-04-22T07:00:15.665000+00:00,1.0,S
634,3103,2021-04-22T07:00:13.305000+00:00,1.0,P
634,3339,2021-04-22T07:00:15.665000+00:00,1.0,S
635,3103,2021-04-22T07:00:13.305000+00:00,1.0,P
635,3338,2021-04-22T07:00:15.655000+00:00,1.0,S
636,3103,2021-04-22T07:00:13.305000+00:00,1.0,P
636,3338,2021-04-22T07:00:15.655000+00:00,1.0,S
637,3102,2021-04-22T07:00:13.295000+00:00,1.0,P
637,3338,2021-04-22T07:00:15.655000+00:00,1.0,S
638,3102,2021-04-22T07:00:13.295000+00:00,1.0,P
638,3338,2021-04-22T07:00:15.655000+00:00,1.0,S
639,3102,2021-04-22T07:00:13.295000+00:00,1.0,P
639,3337,2021-04-22T07:00:15.644999+00:00,1.0,S
640,3102,2021-04-22T07:00:13.295000+00:00,1.0,P
640,3337,2021-04-22T07:00:15.644999+00:00,1.0,S
641,3102,2021-04-22T07:00:13.295000+00:00,1.0,P
641,3337,2021-04-22T07:00:15.644999+00:00,1.0,S
642,3101,2021-04-22T07:00:13.285000+00:00,1.0,P
642,3337,2021-04-22T07:00:15.644999+00:00,1.0,S
643,3101,2021-04-22T07:00:13.285000+00:00,1.0,P
643,3336,2021-04-22T07:00:15.635000+00:00,1.0,S
644,3101,2021-04-22T07:00:13.285000+00:00,1.0,P
644,3336,2021-04-22T07:00:15.635000+00:00,1.0,S
645,3101,2021-04-22T07:00:13.285000+00:00,1.0,P
645,3336,2021-04-22T07:00:15.635000+00:00,1.0,S
646,3101,2021-04-22T07:00:13.285000+00:00,1.0,P
646,3336,2021-04-22T07:00:15.635000+00:00,1.0,S
647,3101,2021-04-22T07:00:13.285000+00:00,1.0,P
647,3335,2021-04-22T07:00:15.625000+00:00,1.0,S
648,3100,2021-04-22T07:00:13.275000+00:00,1.0,P
648,3335,2021-04-22T07:00:15.625000+00:00,1.0,S
649,3100,2021-04-22T07:00:13.275000+00:00,1.0,P
649,3335,2021-04-22T07:00:15.625000+00:00,1.0,S
650,3100,2021-04-22T07:00:13.275000+00:00,1.0,P
650,3334,2021-04-22T07:00:15.615000+00:00,1.0,S
651,3100,2021-04-22T07:00:13.275000+00:00,1.0,P
651,3334,2021-04-22T07:00:15.615000+00:00,1.0,S
652,3100,2021-04-22T07:00:13.275000+00:00,1.0,P
652,3334,2021-04-22T07:00:15.615000+00:00,1.0,S
653,3099,2021-04-22T07:00:13.265000+00:00,1.0,P
653,3333,2021-04-22T07:00:15.605000+00:00,1.0,S
654,3099,2021-04-22T07:00:13.265000+00:00,1.0,P
654,3333,2021-04-22T07:00:15.605000+00:00,1.0,S
655,3099,2021-04-22T07:00:13.265000+00:00,1.0,P
655,3333,2021-04-22T07:00:15.605000+00:00,1.0,S
656,3099,2021-04-22T07:00:13.265000+00:00,1.0,P
656,3332,2021-04-22T07:00:15.595000+00:00,1.0,S
657,3099,2021-04-22T07:00:13.265000+00:00,1.0,P
657,3332,2021-04-22T07:00:15.595000+00:00,1.0,S
658,3099,2021-04-22T07:00:13.265000+00:00,1.0,P
658,3332,2021-04-22T07:00:15.595000+00:00,1.0,S
659,3098,2021-04-22T07:00:13.255000+00:00,1.0,P
659,3331,2021-04-22T07:00:15.585000+00:00,1.0,S
660,3098,2021-04-22T07:00:13.255000+00:00,1.0,P
660,3331,2021-04-22T07:00:15.585000+00:00,1.0,S
661,3098,2021-04-22T07:00:13.255000+00:00,1.0,P
661,3331,2021-04-22T07:00:15.585000+00:00,1.0,S
662,3098,2021-04-22T07:00:13.255000+00:00,1.0,P
662,3330,2021-04-22T07:00:15.574999+00:00,1.0,S
663,3098,2021-04-22T07:00:13.255000+00:00,1.0,P
663,3330,2021-04-22T07:00:15.574999+00:00,1.0,S
664,3097,2021-04-22T07:00:13.245000+00:00,1.0,P
664,3330,2021-04-22T07:00:15.574999+00:00,1.0,S
665,3097,2021-04-22T07:00:13.245000+00:00,1.0,P
665,3329,2021-04-22T07:00:15.565000+00:00,1.0,S
666,3097,2021-04-22T07:00:13.245000+00:00,1.0,P
666,3329,2021-04-22T07:00:15.565000+00:00,1.0,S
667,3097,2021-04-22T07:00:13.245000+00:00,1.0,P
667,3329,2021-04-22T07:00:15.565000+00:00,1.0,S
668,3097,2021-04-22T07:00:13.245000+00:00,1.0,P
668,3328,2021-04-22T07:00:15.555000+00:00,1.0,S
669,3096,2021-04-22T07:00:13.235000+00:00,1.0,P
669,3328,2021-04-22T07:00:15.555000+00:00,1.0,S
670,3096,2021-04-22T07:00:13.235000+00:00,1.0,P
670,3328,2021-04-22T07:00:15.555000+00:00,1.0,S
671,3096,2021-04-22T07:00:13.235000+00:00,1.0,P
671,3327,2021-04-22T07:00:15.545000+00:00,1.0,S
672,3096,2021-04-22T07:00:13.235000+00:00,1.0,P
672,3327,2021-04-22T07:00:15.545000+00:00,1.0,S
673,3096,2021-04-22T07:00:13.235000+00:00,1.0,P
673,3327,2021-04-22T07:00:15.545000+00:00,1.0,S
674,3096,2021-04-22T07:00:13.235000+00:00,1.0,P
674,3327,2021-04-22T07:00:15.545000+00:00,1.0,S
675,3095,2021-04-22T07:00:13.225000+00:00,1.0,P
675,3326,2021-04-22T07:00:15.534999+00:00,1.0,S
676,3095,2021-04-22T07:00:13.225000+00:00,1.0,P
676,3326,2021-04-22T07:00:15.534999+00:00,1.0,S
677,3095,2021-04-22T07:00:13.225000+00:00,1.0,P
677,3326,2021-04-22T07:00:15.534999+00:00,1.0,S
678,3095,2021-04-22T07:00:13.225000+00:00,1.0,P
678,3325,2021-04-22T07:00:15.525000+00:00,1.0,S
679,3095,2021-04-22T07:00:13.225000+00:00,1.0,P
679,3325,2021-04-22T07:00:15.525000+00:00,1.0,S
680,3094,2021-04-22T07:00:13.215000+00:00,1.0,P
680,3325,2021-04-22T07:00:15.525000+00:00,1.0,S
681,3094,2021-04-22T07:00:13.215000+00:00,1.0,P
681,3325,2021-04-22T07:00:15.525000+00:00,1.0,S
682,3094,2021-04-22T07:00:13.215000+00:00,1.0,P
682,3325,2021-04-22T07:00:15.525000+00:00,1.0,S
683,3094,2021-04-22T07:00:13.215000+00:00,1.0,P
683,3324,2021-04-22T07:00:15.515000+00:00,1.0,S
684,3094,2021-04-22T07:00:13.215000+00:00,1.0,P
684,3324,2021-04-22T07:00:15.515000+00:00,1.0,S
685,3094,2021-04-22T07:00:13.215000+00:00,1.0,P
685,3324,2021-04-22T07:00:15.515000+00:00,1.0,S
686,3094,2021-04-22T07:00:13.215000+00:00,1.0,P
686,3324,2021-04-22T07:00:15.515000+00:00,1.0,S
687,3093,2021-04-22T07:00:13.205000+00:00,1.0,P
687,3323,2021-04-22T07:00:15.505000+00:00,1.0,S
688,3093,2021-04-22T07:00:13.205000+00:00,1.0,P
688,3323,2021-04-22T07:00:15.505000+00:00,1.0,S
689,3093,2021-04-22T07:00:13.205000+00:00,1.0,P
689,3323,2021-04-22T07:00:15.505000+00:00,1.0,S
690,3093,2021-04-22T07:00:13.205000+00:00,1.0,P
690,3323,2021-04-22T07:00:15.505000+00:00,1.0,S
691,3093,2021-04-22T07:00:13.205000+00:00,1.0,P
691,3323,2021-04-22T07:00:15.505000+00:00,1.0,S
692,3093,2021-04-22T07:00:13.205000+00:00,1.0,P
692,3322,2021-04-22T07:00:15.495000+00:00,1.0,S
693,3092,2021-04-22T07:00:13.195000+00:00,1.0,P
693,3322,2021-04-22T07:00:15.495000+00:00,1.0,S
694,3092,2021-04-22T07:00:13.195000+00:00,1.0,P
694,3322,2021-04-22T07:00:15.495000+00:00,1.0,S
695,3092,2021-04-22T07:00:13.195000+00:00,1.0,P
695,3322,2021-04-22T07:00:15.495000+00:00,1.0,S
696,3092,2021-04-22T07:00:13.195000+00:00,1.0,P
696,3321,2021-04-22T07:00:15.485000+00:00,1.0,S
697,3092,2021-04-22T07:00:13.195000+00:00,1.0,P
697,3321,2021-04-22T07:00:15.485000+00:00,1.0,S
698,3092,2021-04-22T07:00:13.195000+00:00,1.0,P
698,3321,2021-04-22T07:00:15.485000+00:00,1.0,S
699,3091,2021-04-22T07:00:13.185000+00:00,1.0,P
699,3321,2021-04-22T07:00:15.485000+00:00,1.0,S
700,3091,2021-04-22T07:00:13.185000+00:00,1.0,P
700,3320,2021-04-22T07:00:15.475000+00:00,1.0,S
701,3091,2021-04-22T07:00:13.185000+00:00,1.0,P
701,3320,2021-04-22T07:00:15.475000+00:00,1.0,S
702,3091,2021-04-22T07:00:13.185000+00:00,1.0,P
702,3320,2021-04-22T07:00:15.475000+00:00,1.0,S
703,3091,2021-04-22T07:00:13.185000+00:00,1.0,P
703,3320,2021-04-22T07:00:15.475000+00:00,1.0,S
704,3091,2021-04-22T07:00:13.185000+00:00,1.0,P
704,3319,2021-04-22T07:00:15.464999+00:00,1.0,S
705,3091,2021-04-22T07:00:13.185000+00:00,1.0,P
705,3319,2021-04-22T07:00:15.464999+00:00,1.0,S
706,3090,2021-04-22T07:00:13.175000+00:00,1.0,P
706,3319,2021-04-22T07:00:15.464999+00:00,1.0,S
707,3090,2021-04-22T07:00:13.175000+00:00,1.0,P
707,3319,2021-04-22T07:00:15.464999+00:00,1.0,S
708,3090,2021-04-22T07:00:13.175000+00:00,1.0,P
708,3319,2021-04-22T07:00:15.464999+00:00,1.0,S
709,3090,2021-04-22T07:00:13.175000+00:00,1.0,P
709,3318,2021-04-22T07:00:15.455000+00:00,1.0,S
710,3090,2021-04-22T07:00:13.175000+00:00,1.0,P
710,3318,2021-04-22T07:00:15.455000+00:00,1.0,S
711,3090,2021-04-22T07:00:13.175000+00:00,1.0,P
711,3318,2021-04-22T07:00:15.455000+00:00,1.0,S
712,3090,2021-04-22T07:00:13.175000+00:00,1.0,P
712,3318,2021-04-22T07:00:15.455000+00:00,1.0,S
713,3089,2021-04-22T07:00:13.165000+00:00,1.0,P
713,3318,2021-04-22T07:00:15.455000+00:00,1.0,S
714,3089,2021-04-22T07:00:13.165000+00:00,1.0,P
714,3317,2021-04-22T07:00:15.445000+00:00,1.0,S
715,3089,2021-04-22T07:00:13.165000+00:00,1.0,P
715,3317,2021-04-22T07:00:15.445000+00:00,1.0,S
716,3089,2021-04-22T07:00:13.165000+00:00,1.0,P
716,3317,2021-04-22T07:00:15.445000+00:00,1.0,S
717,3089,2021-04-22T07:00:13.165000+00:00,1.0,P
717,3317,2021-04-22T07:00:15.445000+00:00,1.0,S
718,3089,2021-04-22T07:00:13.165000+00:00,1.0,P
718,3317,2021-04-22T07:00:15.445000+00:00,1.0,S
719,3089,2021-04-22T07:00:13.165000+00:00,1.0,P
719,3316,2021-04-22T07:00:15.435000+00:00,1.0,S
720,3089,2021-04-22T07:00:13.165000+00:00,1.0,P
720,3316,2021-04-22T07:00:15.435000+00:00,1.0,S
721,3088,2021-04-22T07:00:13.155000+00:00,1.0,P
721,3316,2021-04-22T07:00:15.435000+00:00,1.0,S
722,3088,2021-04-22T07:00:13.155000+00:00,1.0,P
722,3316,2021-04-22T07:00:15.435000+00:00,1.0,S
723,3088,2021-04-22T07:00:13.155000+00:00,1.0,P
723,3316,2021-04-22T07:00:15.435000+00:00,1.0,S
724,3088,2021-04-22T07:00:13.155000+00:00,1.0,P
724,3316,2021-04-22T07:00:15.435000+00:00,1.0,S
725,3088,2021-04-22T07:00:13.155000+00:00,1.0,P
725,3315,2021-04-22T07:00:15.425000+00:00,1.0,S
726,3088,2021-04-22T07:00:13.155000+00:00,1.0,P
726,3315,2021-04-22T07:00:15.425000+00:00,1.0,S
727,3088,2021-04-22T07:00:13.155000+00:00,1.0,P
727,3315,2021-04-22T07:00:15.425000+00:00,1.0,S
728,3088,2021-04-22T07:00:13.155000+00:00,1.0,P
728,3315,2021-04-22T07:00:15.425000+00:00,1.0,S
729,3088,2021-04-22T07:00:13.155000+00:00,1.0,P
729,3315,2021-04-22T07:00:15.425000+00:00,1.0,S
730,3087,2021-04-22T07:00:13.145000+00:00,1.0,P
730,3315,2021-04-22T07:00:15.425000+00:00,1.0,S
731,3087,2021-04-22T07:00:13.145000+00:00,1.0,P
731,3314,2021-04-22T07:00:15.415000+00:00,1.0,S
732,3087,2021-04-22T07:00:13.145000+00:00,1.0,P
732,3314,2021-04-22T07:00:15.415000+00:00,1.0,S
733,3087,2021-04-22T07:00:13.145000+00:00,1.0,P
733,3314,2021-04-22T07:00:15.415000+00:00,1.0,S
734,3087,2021-04-22T07:00:13.145000+00:00,1.0,P
734,3314,2021-04-22T07:00:15.415000+00:00,1.0,S
735,3087,2021-04-22T07:00:13.145000+00:00,1.0,P
735,3314,2021-04-22T07:00:15.415000+00:00,1.0,S
736,3087,2021-04-22T07:00:13.145000+00:00,1.0,P
736,3314,2021-04-22T07:00:15.415000+00:00,1.0,S
737,3087,2021-04-22T07:00:13.145000+00:00,1.0,P
737,3314,2021-04-22T07:00:15.415000+00:00,1.0,S
738,3086,2021-04-22T07:00:13.135000+00:00,1.0,P
738,3313,2021-04-22T07:00:15.405000+00:00,1.0,S
739,3086,2021-04-22T07:00:13.135000+00:00,1.0,P
739,3313,2021-04-22T07:00:15.405000+00:00,1.0,S
740,3086,2021-04-22T07:00:13.135000+00:00,1.0,P
740,3313,2021-04-22T07:00:15.405000+00:00,1.0,S
741,3086,2021-04-22T07:00:13.135000+00:00,1.0,P
741,3313,2021-04-22T07:00:15.405000+00:00,1.0,S
742,3086,2021-04-22T07:00:13.135000+00:00,1.0,P
742,3313,2021-04-22T07:00:15.405000+00:00,1.0,S
743,3086,2021-04-22T07:00:13.135000+00:00,1.0,P
743,3313,2021-04-22T07:00:15.405000+00:00,1.0,S
744,3086,2021-04-22T07:00:13.135000+00:00,1.0,P
744,3313,2021-04-22T07:00:15.405000+00:00,1.0,S
745,3086,2021-04-22T07:00:13.135000+00:00,1.0,P
745,3313,2021-04-22T07:00:15.405000+00:00,1.0,S
746,3085,2021-04-22T07:00:13.125000+00:00,1.0,P
746,3313,2021-04-22T07:00:15.405000+00:00,1.0,S
747,3085,2021-04-22T07:00:13.125000+00:00,1.0,P
747,3313,2021-04-22T07:00:15.405000+00:00,1.0,S
748,3085,2021-04-22T07:00:13.125000+00:00,1.0,P
748,3312,2021-04-22T07:00:15.394999+00:00,1.0,S
749,3085,2021-04-22T07:00:13.125000+00:00,1.0,P
749,3312,2021-04-22T07:00:15.394999+00:00,1.0,S
750,3085,2021-04-22T07:00:13.125000+00:00,1.0,P
750,3312,2021-04-22T07:00:15.394999+00:00,1.0,S
751,3085,2021-04-22T07:00:13.125000+00:00,1.0,P
751,3312,2021-04-22T07:00:15.394999+00:00,1.0,S
752,3085,2021-04-22T07:00:13.125000+00:00,1.0,P
752,3312,2021-04-22T07:00:15.394999+00:00,1.0,S
753,3085,2021-04-22T07:00:13.125000+00:00,1.0,P
753,3312,2021-04-22T07:00:15.394999+00:00,1.0,S
754,3085,2021-04-22T07:00:13.125000+00:00,1.0,P
754,3312,2021-04-22T07:00:15.394999+00:00,1.0,S
755,3084,2021-04-22T07:00:13.115000+00:00,1.0,P
755,3312,2021-04-22T07:00:15.394999+00:00,1.0,S
756,3084,2021-04-22T07:00:13.115000+00:00,1.0,P
756,3312,2021-04-22T07:00:15.394999+00:00,1.0,S
757,3084,2021-04-22T07:00:13.115000+00:00,1.0,P
757,3312,2021-04-22T07:00:15.394999+00:00,1.0,S
758,3084,2021-04-22T07:00:13.115000+00:00,1.0,P
758,3312,2021-04-22T07:00:15.394999+00:00,1.0,S
759,3084,2021-04-22T07:00:13.115000+00:00,1.0,P
759,3312,2021-04-22T07:00:15.394999+00:00,1.0,S
760,3084,2021-04-22T07:00:13.115000+00:00,1.0,P
760,3312,2021-04-22T07:00:15.394999+00:00,1.0,S
761,3084,2021-04-22T07:00:13.115000+00:00,1.0,P
761,3311,2021-04-22T07:00:15.385000+00:00,1.0,S
762,3084,2021-04-22T07:00:13.115000+00:00,1.0,P
762,3311,2021-04-22T07:00:15.385000+00:00,1.0,S
763,3084,2021-04-22T07:00:13.115000+00:00,1.0,P
763,3311,2021-04-22T07:00:15.385000+00:00,1.0,S
764,3083,2021-04-22T07:00:13.105000+00:00,1.0,P
764,3311,2021-04-22T07:00:15.385000+00:00,1.0,S
765,3083,2021-04-22T07:00:13.105000+00:00,1.0,P
765,3311,2021-04-22T07:00:15.385000+00:00,1.0,S
766,3083,2021-04-22T07:00:13.105000+00:00,1.0,P
766,3311,2021-04-22T07:00:15.385000+00:00,1.0,S
767,3083,2021-04-22T07:00:13.105000+00:00,1.0,P
767,3311,2021-04-22T07:00:15.385000+00:00,1.0,S
768,3083,2021-04-22T07:00:13.105000+00:00,1.0,P
768,3311,2021-04-22T07:00:15.385000+00:00,1.0,S
769,3083,2021-04-22T07:00:13.105000+00:00,1.0,P
769,3311,2021-04-22T07:00:15.385000+00:00,1.0,S
770,3083,2021-04-22T07:00:13.105000+00:00,1.0,P
770,3311,2021-04-22T07:00:15.385000+00:00,1.0,S
771,3083,2021-04-22T07:00:13.105000+00:00,1.0,P
771,3311,2021-04-22T07:00:15.385000+00:00,1.0,S
772,3082,2021-04-22T07:00:13.095000+00:00,1.0,P
772,3311,2021-04-22T07:00:15.385000+00:00,1.0,S
773,3082,2021-04-22T07:00:13.095000+00:00,1.0,P
773,3311,2021-04-22T07:00:15.385000+00:00,1.0,S
774,3082,2021-04-22T07:00:13.095000+00:00,1.0,P
774,3310,2021-04-22T07:00:15.375000+00:00,1.0,S
775,3082,2021-04-22T07:00:13.095000+00:00,1.0,P
775,3310,2021-04-22T07:00:15.375000+00:00,1.0,S
776,3082,2021-04-22T07:00:13.095000+00:00,1.0,P
776,3310,2021-04-22T07:00:15.375000+00:00,1.0,S
777,3082,2021-04-22T07:00:13.095000+00:00,1.0,P
777,3310,2021-04-22T07:00:15.375000+00:00,1.0,S
778,3082,2021-04-22T07:00:13.095000+00:00,1.0,P
778,3310,2021-04-22T07:00:15.375000+00:00,1.0,S
779,3082,2021-04-22T07:00:13.095000+00:00,1.0,P
779,3310,2021-04-22T07:00:15.375000+00:00,1.0,S
780,3082,2021-04-22T07:00:13.095000+00:00,1.0,P
780,3310,2021-04-22T07:00:15.375000+00:00,1.0,S
781,3081,2021-04-22T07:00:13.085000+00:00,1.0,P
781,3310,2021-04-22T07:00:15.375000+00:00,1.0,S
782,3081,2021-04-22T07:00:13.085000+00:00,1.0,P
782,3309,2021-04-22T07:00:15.365000+00:00,1.0,S
783,3081,2021-04-22T07:00:13.085000+00:00,1.0,P
783,3309,2021-04-22T07:00:15.365000+00:00,1.0,S
784,3081,2021-04-22T07:00:13.085000+00:00,1.0,P
784,3309,2021-04-22T07:00:15.365000+00:00,1.0,S
785,3081,2021-04-22T07:00:13.085000+00:00,1.0,P
785,3309,2021-04-22T07:00:15.365000+00:00,1.0,S
786,3081,2021-04-22T07:00:13.085000+00:00,1.0,P
786,3309,2021-04-22T07:00:15.365000+00:00,1.0,S
787,3081,2021-04-22T07:00:13.085000+00:00,1.0,P
787,3309,2021-04-22T07:00:15.365000+00:00,1.0,S
788,3081,2021-04-22T07:00:13.085000+00:00,1.0,P
788,3308,2021-04-22T07:00:15.355000+00:00,1.0,S
789,3080,2021-04-22T07:00:13.075000+00:00,1.0,P
789,3308,2021-04-22T07:00:15.355000+00:00,1.0,S
790,3080,2021-04-22T07:00:13.075000+00:00,1.0,P
790,3308,2021-04-22T07:00:15.355000+00:00,1.0,S
791,3080,2021-04-22T07:00:13.075000+00:00,1.0,P
791,3308,2021-04-22T07:00:15.355000+00:00,1.0,S
792,3080,2021-04-22T07:00:13.075000+00:00,1.0,P
792,3308,2021-04-22T07:00:15.355000+00:00,1.0,S
793,3080,2021-04-22T07:00:13.075000+00:00,1.0,P
793,3308,2021-04-22T07:00:15.355000+00:00,1.0,S
794,3080,2021-04-22T07:00:13.075000+00:00,1.0,P
794,3307,2021-04-22T07:00:15.345000+00:00,1.0,S
795,3080,2021-04-22T07:00:13.075000+00:00,1.0,P
795,3307,2021-04-22T07:00:15.345000+00:00,1.0,S
796,3080,2021-04-22T07:00:13.075000+00:00,1.0,P
796,3307,2021-04-22T07:00:15.345000+00:00,1.0,S
797,3080,2021-04-22T07:00:13.075000+00:00,1.0,P
797,3307,2021-04-22T07:00:15.345000+00:00,1.0,S
798,3079,2021-04-22T07:00:13.065000+00:00,1.0,P
798,3307,2021-04-22T07:00:15.345000+00:00,1.0,S
799,3079,2021-04-22T07:00:13.065000+00:00,1.0,P
799,3307,2021-04-22T07:00:15.345000+00:00,1.0,S
800,3079,2021-04-22T07:00:13.065000+00:00,1.0,P
800,3307,2021-04-22T07:00:15.345000+00:00,1.0,S
801,3079,2021-04-22T07:00:13.065000+00:00,1.0,P
801,3306,2021-04-22T07:00:15.335000+00:00,1.0,S
802,3079,2021-04-22T07:00:13.065000+00:00,1.0,P
802,3306,2021-04-22T07:00:15.335000+00:00,1.0,S
803,3079,2021-04-22T07:00:13.065000+00:00,1.0,P
803,3306,2021-04-22T07:00:15.335000+00:00,1.0,S
804,3079,2021-04-22T07:00:13.065000+00:00,1.0,P
804,3306,2021-04-22T07:00:15.335000+00:00,1.0,S
805,3079,2021-04-22T07:00:13.065000+00:00,1.0,P
805,3306,2021-04-22T07:00:15.335000+00:00,1.0,S
806,3079,2021-04-22T07:00:13.065000+00:00,1.0,P
806,3306,2021-04-22T07:00:15.335000+00:00,1.0,S
807,3079,2021-04-22T07:00:13.065000+00:00,1.0,P
807,3306,2021-04-22T07:00:15.335000+00:00,1.0,S
808,3078,2021-04-22T07:00:13.055000+00:00,1.0,P
808,3305,2021-04-22T07:00:15.324999+00:00,1.0,S
809,3078,2021-04-22T07:00:13.055000+00:00,1.0,P
809,3305,2021-04-22T07:00:15.324999+00:00,1.0,S
810,3078,2021-04-22T07:00:13.055000+00:00,1.0,P
810,3305,2021-04-22T07:00:15.324999+00:00,1.0,S
811,3078,2021-04-22T07:00:13.055000+00:00,1.0,P
811,3305,2021-04-22T07:00:15.324999+00:00,1.0,S
812,3078,2021-04-22T07:00:13.055000+00:00,1.0,P
812,3305,2021-04-22T07:00:15.324999+00:00,1.0,S
813,3078,2021-04-22T07:00:13.055000+00:00,1.0,P
813,3305,2021-04-22T07:00:15.324999+00:00,1.0,S
814,3078,2021-04-22T07:00:13.055000+00:00,1.0,P
814,3305,2021-04-22T07:00:15.324999+00:00,1.0,S
815,3078,2021-04-22T07:00:13.055000+00:00,1.0,P
815,3304,2021-04-22T07:00:15.315000+00:00,1.0,S
816,3078,2021-04-22T07:00:13.055000+00:00,1.0,P
816,3304,2021-04-22T07:00:15.315000+00:00,1.0,S
817,3078,2021-04-22T07:00:13.055000+00:00,1.0,P
817,3304,2021-04-22T07:00:15.315000+00:00,1.0,S
818,3078,2021-04-22T07:00:13.055000+00:00,1.0,P
818,3304,2021-04-22T07:00:15.315000+00:00,1.0,S
819,3078,2021-04-22T07:00:13.055000+00:00,1.0,P
819,3304,2021-04-22T07:00:15.315000+00:00,1.0,S
820,3078,2021-04-22T07:00:13.055000+00:00,1.0,P
820,3304,2021-04-22T07:00:15.315000+00:00,1.0,S
821,3078,2021-04-22T07:00:13.055000+00:00,1.0,P
821,3304,2021-04-22T07:00:15.315000+00:00,1.0,S
822,3077,2021-04-22T07:00:13.045000+00:00,1.0,P
822,3303,2021-04-22T07:00:15.305000+00:00,1.0,S
823,3077,2021-04-22T07:00:13.045000+00:00,1.0,P
823,3303,2021-04-22T07:00:15.305000+00:00,1.0,S
824,3077,2021-04-22T07:00:13.045000+00:00,1.0,P
824,3303,2021-04-22T07:00:15.305000+00:00,1.0,S
825,3077,2021-04-22T07:00:13.045000+00:00,1.0,P
825,3303,2021-04-22T07:00:15.305000+00:00,1.0,S
826,3077,2021-04-22T07:00:13.045000+00:00,1.0,P
826,3303,2021-04-22T07:00:15.305000+00:00,1.0,S
827,3077,2021-04-22T07:00:13.045000+00:00,1.0,P
827,3303,2021-04-22T07:00:15.305000+00:00,1.0,S
828,3077,2021-04-22T07:00:13.045000+00:00,1.0,P
828,3303,2021-04-22T07:00:15.305000+00:00,1.0,S
829,3077,2021-04-22T07:00:13.045000+00:00,1.0,P
829,3302,2021-04-22T07:00:15.295000+00:00,1.0,S
830,3077,2021-04-22T07:00:13.045000+00:00,1.0,P
830,3302,2021-04-22T07:00:15.295000+00:00,1.0,S
831,3077,2021-04-22T07:00:13.045000+00:00,1.0,P
831,3302,2021-04-22T07:00:15.295000+00:00,1.0,S
832,3077,2021-04-22T07:00:13.045000+00:00,1.0,P
832,3302,2021-04-22T07:00:15.295000+00:00,1.0,S
833,3077,2021-04-22T07:00:13.045000+00:00,1.0,P
833,3302,2021-04-22T07:00:15.295000+00:00,1.0,S
834,3077,2021-04-22T07:00:13.045000+00:00,1.0,P
834,3302,2021-04-22T07:00:15.295000+00:00,1.0,S
835,3077,2021-04-22T07:00:13.045000+00:00,1.0,P
835,3301,2021-04-22T07:00:15.284999+00:00,1.0,S
836,3077,2021-04-22T07:00:13.045000+00:00,1.0,P
836,3301,2021-04-22T07:00:15.284999+00:00,1.0,S
837,3077,2021-04-22T07:00:13.045000+00:00,1.0,P
837,3301,2021-04-22T07:00:15.284999+00:00,1.0,S
838,3077,2021-04-22T07:00:13.045000+00:00,1.0,P
838,3301,2021-04-22T07:00:15.284999+00:00,1.0,S
839,3077,2021-04-22T07:00:13.045000+00:00,1.0,P
839,3301,2021-04-22T07:00:15.284999+00:00,1.0,S
840,3077,2021-04-22T07:00:13.045000+00:00,1.0,P
840,3300,2021-04-22T07:00:15.275000+00:00,1.0,S
841,3077,2021-04-22T07:00:13.045000+00:00,1.0,P
841,3300,2021-04-22T07:00:15.275000+00:00,1.0,S
842,3077,2021-04-22T07:00:13.045000+00:00,1.0,P
842,3300,2021-04-22T07:00:15.275000+00:00,1.0,S
843,3077,2021-04-22T07:00:13.045000+00:00,1.0,P
843,3300,2021-04-22T07:00:15.275000+00:00,1.0,S
844,3077,2021-04-22T07:00:13.045000+00:00,1.0,P
844,3300,2021-04-22T07:00:15.275000+00:00,1.0,S
845,3077,2021-04-22T07:00:13.045000+00:00,1.0,P
845,3299,2021-04-22T07:00:15.265000+00:00,1.0,S
846,3077,2021-04-22T07:00:13.045000+00:00,1.0,P
846,3299,2021-04-22T07:00:15.265000+00:00,1.0,S
847,3077,2021-04-22T07:00:13.045000+00:00,1.0,P
847,3299,2021-04-22T07:00:15.265000+00:00,1.0,S
848,3077,2021-04-22T07:00:13.045000+00:00,1.0,P
848,3299,2021-04-22T07:00:15.265000+00:00,1.0,S
849,3077,2021-04-22T07:00:13.045000+00:00,1.0,P
849,3299,2021-04-22T07:00:15.265000+00:00,1.0,S
850,3077,2021-04-22T07:00:13.045000+00:00,1.0,P
850,3299,2021-04-22T07:00:15.265000+00:00,1.0,S
851,3077,2021-04-22T07:00:13.045000+00:00,1.0,P
851,3298,2021-04-22T07:00:15.255000+00:00,1.0,S
852,3076,2021-04-22T07:00:13.035000+00:00,1.0,P
852,3298,2021-04-22T07:00:15.255000+00:00,1.0,S
853,3076,2021-04-22T07:00:13.035000+00:00,1.0,P
853,3298,2021-04-22T07:00:15.255000+00:00,1.0,S
854,3076,2021-04-22T07:00:13.035000+00:00,1.0,P
854,3298,2021-04-22T07:00:15.255000+00:00,1.0,S
855,3076,2021-04-22T07:00:13.035000+00:00,1.0,P
855,3298,2021-04-22T07:00:15.255000+00:00,1.0,S
856,3076,2021-04-22T07:00:13.035000+00:00,1.0,P
856,3298,2021-04-22T07:00:15.255000+00:00,1.0,S
857,3076,2021-04-22T07:00:13.035000+00:00,1.0,P
857,3298,2021-04-22T07:00:15.255000+00:00,1.0,S
858,3076,2021-04-22T07:00:13.035000+00:00,1.0,P
858,3298,2021-04-22T07:00:15.255000+00:00,1.0,S
859,3076,2021-04-22T07:00:13.035000+00:00,1.0,P
859,3298,2021-04-22T07:00:15.255000+00:00,1.0,S
860,3076,2021-04-22T07:00:13.035000+00:00,1.0,P
860,3299,2021-04-22T07:00:15.265000+00:00,1.0,S
861,3076,2021-04-22T07:00:13.035000+00:00,1.0,P
861,3299,2021-04-22T07:00:15.265000+00:00,1.0,S
862,3076,2021-04-22T07:00:13.035000+00:00,1.0,P
862,3299,2021-04-22T07:00:15.265000+00:00,1.0,S
863,3076,2021-04-22T07:00:13.035000+00:00,1.0,P
863,3299,2021-04-22T07:00:15.265000+00:00,1.0,S
864,3076,2021-04-22T07:00:13.035000+00:00,1.0,P
864,3299,2021-04-22T07:00:15.265000+00:00,1.0,S
865,3076,2021-04-22T07:00:13.035000+00:00,1.0,P
865,3299,2021-04-22T07:00:15.265000+00:00,1.0,S
866,3076,2021-04-22T07:00:13.035000+00:00,1.0,P
866,3299,2021-04-22T07:00:15.265000+00:00,1.0,S
867,3076,2021-04-22T07:00:13.035000+00:00,1.0,P
867,3300,2021-04-22T07:00:15.275000+00:00,1.0,S
868,3076,2021-04-22T07:00:13.035000+00:00,1.0,P
868,3300,2021-04-22T07:00:15.275000+00:00,1.0,S
869,3076,2021-04-22T07:00:13.035000+00:00,1.0,P
869,3300,2021-04-22T07:00:15.275000+00:00,1.0,S
870,3076,2021-04-22T07:00:13.035000+00:00,1.0,P
870,3300,2021-04-22T07:00:15.275000+00:00,1.0,S
871,3076,2021-04-22T07:00:13.035000+00:00,1.0,P
871,3300,2021-04-22T07:00:15.275000+00:00,1.0,S
872,3076,2021-04-22T07:00:13.035000+00:00,1.0,P
872,3300,2021-04-22T07:00:15.275000+00:00,1.0,S
873,3076,2021-04-22T07:00:13.035000+00:00,1.0,P
873,3300,2021-04-22T07:00:15.275000+00:00,1.0,S
874,3076,2021-04-22T07:00:13.035000+00:00,1.0,P
874,3300,2021-04-22T07:00:15.275000+00:00,1.0,S
875,3076,2021-04-22T07:00:13.035000+00:00,1.0,P
875,3300,2021-04-22T07:00:15.275000+00:00,1.0,S
876,3076,2021-04-22T07:00:13.035000+00:00,1.0,P
876,3301,2021-04-22T07:00:15.284999+00:00,1.0,S
877,3076,2021-04-22T07:00:13.035000+00:00,1.0,P
877,3301,2021-04-22T07:00:15.284999+00:00,1.0,S
878,3076,2021-04-22T07:00:13.035000+00:00,1.0,P
878,3301,2021-04-22T07:00:15.284999+00:00,1.0,S
879,3076,2021-04-22T07:00:13.035000+00:00,1.0,P
879,3301,2021-04-22T07:00:15.284999+00:00,1.0,S
880,3076,2021-04-22T07:00:13.035000+00:00,1.0,P
880,3301,2021-04-22T07:00:15.284999+00:00,1.0,S
881,3076,2021-04-22T07:00:13.035000+00:00,1.0,P
881,3301,2021-04-22T07:00:15.284999+00:00,1.0,S
882,3076,2021-04-22T07:00:13.035000+00:00,1.0,P
882,3301,2021-04-22T07:00:15.284999+00:00,1.0,S
883,3075,2021-04-22T07:00:13.025000+00:00,1.0,P
883,3301,2021-04-22T07:00:15.284999+00:00,1.0,S
884,3075,2021-04-22T07:00:13.025000+00:00,1.0,P
884,3301,2021-04-22T07:00:15.284999+00:00,1.0,S
885,3075,2021-04-22T07:00:13.025000+00:00,1.0,P
885,3302,2021-04-22T07:00:15.295000+00:00,1.0,S
886,3075,2021-04-22T07:00:13.025000+00:00,1.0,P
886,3302,2021-04-22T07:00:15.295000+00:00,1.0,S
887,3075,2021-04-22T07:00:13.025000+00:00,1.0,P
887,3302,2021-04-22T07:00:15.295000+00:00,1.0,S
888,3075,2021-04-22T07:00:13.025000+00:00,1.0,P
888,3302,2021-04-22T07:00:15.295000+00:00,1.0,S
889,3075,2021-04-22T07:00:13.025000+00:00,1.0,P
889,3302,2021-04-22T07:00:15.295000+00:00,1.0,S
890,3075,2021-04-22T07:00:13.025000+00:00,1.0,P
890,3302,2021-04-22T07:00:15.295000+00:00,1.0,S
891,3075,2021-04-22T07:00:13.025000+00:00,1.0,P
891,3302,2021-04-22T07:00:15.295000+00:00,1.0,S
892,3075,2021-04-22T07:00:13.025000+00:00,1.0,P
892,3302,2021-04-22T07:00:15.295000+00:00,1.0,S
893,3075,2021-04-22T07:00:13.025000+00:00,1.0,P
893,3302,2021-04-22T07:00:15.295000+00:00,1.0,S
894,3075,2021-04-22T07:00:13.025000+00:00,1.0,P
894,3302,2021-04-22T07:00:15.295000+00:00,1.0,S
895,3075,2021-04-22T07:00:13.025000+00:00,1.0,P
895,3302,2021-04-22T07:00:15.295000+00:00,1.0,S
896,3075,2021-04-22T07:00:13.025000+00:00,1.0,P
896,3302,2021-04-22T07:00:15.295000+00:00,1.0,S
897,3075,2021-04-22T07:00:13.025000+00:00,1.0,P
897,3302,2021-04-22T07:00:15.295000+00:00,1.0,S
898,3075,2021-04-22T07:00:13.025000+00:00,1.0,P
898,3302,2021-04-22T07:00:15.295000+00:00,1.0,S
899,3075,2021-04-22T07:00:13.025000+00:00,1.0,P
899,3302,2021-04-22T07:00:15.295000+00:00,1.0,S
900,3075,2021-04-22T07:00:13.025000+00:00,1.0,P
900,3302,2021-04-22T07:00:15.295000+00:00,1.0,S
901,3075,2021-04-22T07:00:13.025000+00:00,1.0,P
901,3302,2021-04-22T07:00:15.295000+00:00,1.0,S
902,3075,2021-04-22T07:00:13.025000+00:00,1.0,P
902,3302,2021-04-22T07:00:15.295000+00:00,1.0,S
903,3075,2021-04-22T07:00:13.025000+00:00,1.0,P
903,3303,2021-04-22T07:00:15.305000+00:00,1.0,S
904,3075,2021-04-22T07:00:13.025000+00:00,1.0,P
904,3303,2021-04-22T07:00:15.305000+00:00,1.0,S
905,3075,2021-04-22T07:00:13.025000+00:00,1.0,P
905,3303,2021-04-22T07:00:15.305000+00:00,1.0,S
906,3075,2021-04-22T07:00:13.025000+00:00,1.0,P
906,3303,2021-04-22T07:00:15.305000+00:00,1.0,S
907,3075,2021-04-22T07:00:13.025000+00:00,1.0,P
907,3303,2021-04-22T07:00:15.305000+00:00,1.0,S
908,3075,2021-04-22T07:00:13.025000+00:00,1.0,P
908,3303,2021-04-22T07:00:15.305000+00:00,1.0,S
909,3074,2021-04-22T07:00:13.015000+00:00,1.0,P
909,3303,2021-04-22T07:00:15.305000+00:00,1.0,S
910,3074,2021-04-22T07:00:13.015000+00:00,1.0,P
910,3303,2021-04-22T07:00:15.305000+00:00,1.0,S
911,3074,2021-04-22T07:00:13.015000+00:00,1.0,P
911,3303,2021-04-22T07:00:15.305000+00:00,1.0,S
912,3074,2021-04-22T07:00:13.015000+00:00,1.0,P
912,3303,2021-04-22T07:00:15.305000+00:00,1.0,S
913,3074,2021-04-22T07:00:13.015000+00:00,1.0,P
913,3304,2021-04-22T07:00:15.315000+00:00,1.0,S
914,3074,2021-04-22T07:00:13.015000+00:00,1.0,P
914,3304,2021-04-22T07:00:15.315000+00:00,1.0,S
915,3074,2021-04-22T07:00:13.015000+00:00,1.0,P
915,3304,2021-04-22T07:00:15.315000+00:00,1.0,S
916,3074,2021-04-22T07:00:13.015000+00:00,1.0,P
916,3304,2021-04-22T07:00:15.315000+00:00,1.0,S
917,3074,2021-04-22T07:00:13.015000+00:00,1.0,P
917,3304,2021-04-22T07:00:15.315000+00:00,1.0,S
918,3074,2021-04-22T07:00:13.015000+00:00,1.0,P
918,3304,2021-04-22T07:00:15.315000+00:00,1.0,S
919,3074,2021-04-22T07:00:13.015000+00:00,1.0,P
919,3304,2021-04-22T07:00:15.315000+00:00,1.0,S
920,3074,2021-04-22T07:00:13.015000+00:00,1.0,P
920,3304,2021-04-22T07:00:15.315000+00:00,1.0,S
921,3074,2021-04-22T07:00:13.015000+00:00,1.0,P
921,3305,2021-04-22T07:00:15.324999+00:00,1.0,S
922,3074,2021-04-22T07:00:13.015000+00:00,1.0,P
922,3305,2021-04-22T07:00:15.324999+00:00,1.0,S
923,3074,2021-04-22T07:00:13.015000+00:00,1.0,P
923,3305,2021-04-22T07:00:15.324999+00:00,1.0,S
924,3074,2021-04-22T07:00:13.015000+00:00,1.0,P
924,3305,2021-04-22T07:00:15.324999+00:00,1.0,S
925,3074,2021-04-22T07:00:13.015000+00:00,1.0,P
925,3305,2021-04-22T07:00:15.324999+00:00,1.0,S
926,3074,2021-04-22T07:00:13.015000+00:00,1.0,P
926,3305,2021-04-22T07:00:15.324999+00:00,1.0,S
927,3074,2021-04-22T07:00:13.015000+00:00,1.0,P
927,3305,2021-04-22T07:00:15.324999+00:00,1.0,S
928,3074,2021-04-22T07:00:13.015000+00:00,1.0,P
928,3305,2021-04-22T07:00:15.324999+00:00,1.0,S
929,3074,2021-04-22T07:00:13.015000+00:00,1.0,P
929,3305,2021-04-22T07:00:15.324999+00:00,1.0,S
930,3074,2021-04-22T07:00:13.015000+00:00,1.0,P
930,3306,2021-04-22T07:00:15.335000+00:00,1.0,S
931,3074,2021-04-22T07:00:13.015000+00:00,1.0,P
931,3306,2021-04-22T07:00:15.335000+00:00,1.0,S
932,3074,2021-04-22T07:00:13.015000+00:00,1.0,P
932,3306,2021-04-22T07:00:15.335000+00:00,1.0,S
933,3074,2021-04-22T07:00:13.015000+00:00,1.0,P
933,3306,2021-04-22T07:00:15.335000+00:00,1.0,S
934,3074,2021-04-22T07:00:13.015000+00:00,1.0,P
934,3306,2021-04-22T07:00:15.335000+00:00,1.0,S
935,3074,2021-04-22T07:00:13.015000+00:00,1.0,P
935,3306,2021-04-22T07:00:15.335000+00:00,1.0,S
936,3074,2021-04-22T07:00:13.015000+00:00,1.0,P
936,3306,2021-04-22T07:00:15.335000+00:00,1.0,S
937,3074,2021-04-22T07:00:13.015000+00:00,1.0,P
937,3306,2021-04-22T07:00:15.335000+00:00,1.0,S
938,3073,2021-04-22T07:00:13.005000+00:00,1.0,P
938,3306,2021-04-22T07:00:15.335000+00:00,1.0,S
939,3073,2021-04-22T07:00:13.005000+00:00,1.0,P
939,3306,2021-04-22T07:00:15.335000+00:00,1.0,S
940,3073,2021-04-22T07:00:13.005000+00:00,1.0,P
940,3306,2021-04-22T07:00:15.335000+00:00,1.0,S
941,3073,2021-04-22T07:00:13.005000+00:00,1.0,P
941,3306,2021-04-22T07:00:15.335000+00:00,1.0,S
942,3073,2021-04-22T07:00:13.005000+00:00,1.0,P
942,3306,2021-04-22T07:00:15.335000+00:00,1.0,S
943,3073,2021-04-22T07:00:13.005000+00:00,1.0,P
943,3306,2021-04-22T07:00:15.335000+00:00,1.0,S
944,3073,2021-04-22T07:00:13.005000+00:00,1.0,P
944,3306,2021-04-22T07:00:15.335000+00:00,1.0,S
945,3073,2021-04-22T07:00:13.005000+00:00,1.0,P
945,3306,2021-04-22T07:00:15.335000+00:00,1.0,S
946,3073,2021-04-22T07:00:13.005000+00:00,1.0,P
946,3306,2021-04-22T07:00:15.335000+00:00,1.0,S
947,3073,2021-04-22T07:00:13.005000+00:00,1.0,P
947,3306,2021-04-22T07:00:15.335000+00:00,1.0,S
948,3073,2021-04-22T07:00:13.005000+00:00,1.0,P
948,3306,2021-04-22T07:00:15.335000+00:00,1.0,S
949,3073,2021-04-22T07:00:13.005000+00:00,1.0,P
949,3306,2021-04-22T07:00:15.335000+00:00,1.0,S
950,3073,2021-04-22T07:00:13.005000+00:00,1.0,P
950,3306,2021-04-22T07:00:15.335000+00:00,1.0,S
951,3073,2021-04-22T07:00:13.005000+00:00,1.0,P
951,3306,2021-04-22T07:00:15.335000+00:00,1.0,S
952,3073,2021-04-22T07:00:13.005000+00:00,1.0,P
952,3306,2021-04-22T07:00:15.335000+00:00,1.0,S
953,3073,2021-04-22T07:00:13.005000+00:00,1.0,P
953,3306,2021-04-22T07:00:15.335000+00:00,1.0,S
954,3073,2021-04-22T07:00:13.005000+00:00,1.0,P
954,3306,2021-04-22T07:00:15.335000+00:00,1.0,S
955,3073,2021-04-22T07:00:13.005000+00:00,1.0,P
955,3306,2021-04-22T07:00:15.335000+00:00,1.0,S
956,3073,2021-04-22T07:00:13.005000+00:00,1.0,P
956,3306,2021-04-22T07:00:15.335000+00:00,1.0,S
957,3073,2021-04-22T07:00:13.005000+00:00,1.0,P
957,3306,2021-04-22T07:00:15.335000+00:00,1.0,S
958,3073,2021-04-22T07:00:13.005000+00:00,1.0,P
958,3306,2021-04-22T07:00:15.335000+00:00,1.0,S
959,3073,2021-04-22T07:00:13.005000+00:00,1.0,P
959,3306,2021-04-22T07:00:15.335000+00:00,1.0,S
960,3073,2021-04-22T07:00:13.005000+00:00,1.0,P
960,3306,2021-04-22T07:00:15.335000+00:00,1.0,S
961,3073,2021-04-22T07:00:13.005000+00:00,1.0,P
961,3306,2021-04-22T07:00:15.335000+00:00,1.0,S
962,3073,2021-04-22T07:00:13.005000+00:00,1.0,P
962,3306,2021-04-22T07:00:15.335000+00:00,1.0,S
963,3073,2021-04-22T07:00:13.005000+00:00,1.0,P
963,3306,2021-04-22T07:00:15.335000+00:00,1.0,S
964,3073,2021-04-22T07:00:13.005000+00:00,1.0,P
964,3306,2021-04-22T07:00:15.335000+00:00,1.0,S
965,3073,2021-04-22T07:00:13.005000+00:00,1.0,P
965,3306,2021-04-22T07:00:15.335000+00:00,1.0,S
966,3073,2021-04-22T07:00:13.005000+00:00,1.0,P
966,3306,2021-04-22T07:00:15.335000+00:00,1.0,S
967,3073,2021-04-22T07:00:13.005000+00:00,1.0,P
967,3306,2021-04-22T07:00:15.335000+00:00,1.0,S
968,3073,2021-04-22T07:00:13.005000+00:00,1.0,P
968,3306,2021-04-22T07:00:15.335000+00:00,1.0,S
969,3073,2021-04-22T07:00:13.005000+00:00,1.0,P
969,3306,2021-04-22T07:00:15.335000+00:00,1.0,S
970,3073,2021-04-22T07:00:13.005000+00:00,1.0,P
970,3306,2021-04-22T07:00:15.335000+00:00,1.0,S
971,3073,2021-04-22T07:00:13.005000+00:00,1.0,P
971,3306,2021-04-22T07:00:15.335000+00:00,1.0,S
972,3073,2021-04-22T07:00:13.005000+00:00,1.0,P
972,3306,2021-04-22T07:00:15.335000+00:00,1.0,S
973,3073,2021-04-22T07:00:13.005000+00:00,1.0,P
973,3306,2021-04-22T07:00:15.335000+00:00,1.0,S
974,3072,2021-04-22T07:00:12.995000+00:00,1.0,P
974,3306,2021-04-22T07:00:15.335000+00:00,1.0,S
975,3072,2021-04-22T07:00:12.995000+00:00,1.0,P
975,3306,2021-04-22T07:00:15.335000+00:00,1.0,S
976,3072,2021-04-22T07:00:12.995000+00:00,1.0,P
976,3306,2021-04-22T07:00:15.335000+00:00,1.0,S
977,3072,2021-04-22T07:00:12.995000+00:00,1.0,P
977,3306,2021-04-22T07:00:15.335000+00:00,1.0,S
978,3072,2021-04-22T07:00:12.995000+00:00,1.0,P
978,3306,2021-04-22T07:00:15.335000+00:00,1.0,S
979,3072,2021-04-22T07:00:12.995000+00:00,1.0,P
979,3306,2021-04-22T07:00:15.335000+00:00,1.0,S
980,3072,2021-04-22T07:00:12.995000+00:00,1.0,P
980,3306,2021-04-22T07:00:15.335000+00:00,1.0,S
981,3072,2021-04-22T07:00:12.995000+00:00,1.0,P
981,3306,2021-04-22T07:00:15.335000+00:00,1.0,S
982,3072,2021-04-22T07:00:12.995000+00:00,1.0,P
982,3306,2021-04-22T07:00:15.335000+00:00,1.0,S
983,3072,2021-04-22T07:00:12.995000+00:00,1.0,P
983,3306,2021-04-22T07:00:15.335000+00:00,1.0,S
984,3072,2021-04-22T07:00:12.995000+00:00,1.0,P
984,3306,2021-04-22T07:00:15.335000+00:00,1.0,S
985,3072,2021-04-22T07:00:12.995000+00:00,1.0,P
985,3306,2021-04-22T07:00:15.335000+00:00,1.0,S
986,3072,2021-04-22T07:00:12.995000+00:00,1.0,P
986,3306,2021-04-22T07:00:15.335000+00:00,1.0,S
987,3072,2021-04-22T07:00:12.995000+00:00,1.0,P
987,3306,2021-04-22T07:00:15.335000+00:00,1.0,S
988,3072,2021-04-22T07:00:12.995000+00:00,1.0,P
988,3306,2021-04-22T07:00:15.335000+00:00,1.0,S
989,3072,2021-04-22T07:00:12.995000+00:00,1.0,P
989,3306,2021-04-22T07:00:15.335000+00:00,1.0,S
990,3072,2021-04-22T07:00:12.995000+00:00,1.0,P
990,3306,2021-04-22T07:00:15.335000+00:00,1.0,S
991,3072,2021-04-22T07:00:12.995000+00:00,1.0,P
991,3306,2021-04-22T07:00:15.335000+00:00,1.0,S
992,3072,2021-04-22T07:00:12.995000+00:00,1.0,P
992,3306,2021-04-22T07:00:15.335000+00:00,1.0,S
993,3072,2021-04-22T07:00:12.995000+00:00,1.0,P
993,3306,2021-04-22T07:00:15.335000+00:00,1.0,S
994,3072,2021-04-22T07:00:12.995000+00:00,1.0,P
994,3306,2021-04-22T07:00:15.335000+00:00,1.0,S
995,3072,2021-04-22T07:00:12.995000+00:00,1.0,P
995,3306,2021-04-22T07:00:15.335000+00:00,1.0,S
996,3072,2021-04-22T07:00:12.995000+00:00,1.0,P
996,3306,2021-04-22T07:00:15.335000+00:00,1.0,S
997,3072,2021-04-22T07:00:12.995000+00:00,1.0,P
997,3306,2021-04-22T07:00:15.335000+00:00,1.0,S
998,3072,2021-04-22T07:00:12.995000+00:00,1.0,P
998,3306,2021-04-22T07:00:15.335000+00:00,1.0,S
999,3072,2021-04-22T07:00:12.995000+00:00,1.0,P
999,3306,2021-04-22T07:00:15.335000+00:00,1.0,S
1000,3071,2021-04-22T07:00:12.985000+00:00,1.0,P
1000,3306,2021-04-22T07:00:15.335000+00:00,1.0,S
1001,3071,2021-04-22T07:00:12.985000+00:00,1.0,P
1001,3306,2021-04-22T07:00:15.335000+00:00,1.0,S
1002,3071,2021-04-22T07:00:12.985000+00:00,1.0,P
1002,3306,2021-04-22T07:00:15.335000+00:00,1.0,S
1003,3071,2021-04-22T07:00:12.985000+00:00,1.0,P
1003,3306,2021-04-22T07:00:15.335000+00:00,1.0,S
1004,3071,2021-04-22T07:00:12.985000+00:00,1.0,P
1004,3306,2021-04-22T07:00:15.335000+00:00,1.0,S
1005,3071,2021-04-22T07:00:12.985000+00:00,1.0,P
1005,3306,2021-04-22T07:00:15.335000+00:00,1.0,S
1006,3071,2021-04-22T07:00:12.985000+00:00,1.0,P
1006,3307,2021-04-22T07:00:15.345000+00:00,1.0,S
1007,3071,2021-04-22T07:00:12.985000+00:00,1.0,P
1007,3307,2021-04-22T07:00:15.345000+00:00,1.0,S
1008,3071,2021-04-22T07:00:12.985000+00:00,1.0,P
1008,3307,2021-04-22T07:00:15.345000+00:00,1.0,S
1009,3071,2021-04-22T07:00:12.985000+00:00,1.0,P
1009,3307,2021-04-22T07:00:15.345000+00:00,1.0,S
1010,3071,2021-04-22T07:00:12.985000+00:00,1.0,P
1010,3307,2021-04-22T07:00:15.345000+00:00,1.0,S
1011,3071,2021-04-22T07:00:12.985000+00:00,1.0,P
1011,3307,2021-04-22T07:00:15.345000+00:00,1.0,S
1012,3071,2021-04-22T07:00:12.985000+00:00,1.0,P
1012,3307,2021-04-22T07:00:15.345000+00:00,1.0,S
1013,3071,2021-04-22T07:00:12.985000+00:00,1.0,P
1013,3307,2021-04-22T07:00:15.345000+00:00,1.0,S
1014,3071,2021-04-22T07:00:12.985000+00:00,1.0,P
1014,3307,2021-04-22T07:00:15.345000+00:00,1.0,S
1015,3071,2021-04-22T07:00:12.985000+00:00,1.0,P
1015,3307,2021-04-22T07:00:15.345000+00:00,1.0,S
1016,3071,2021-04-22T07:00:12.985000+00:00,1.0,P
1016,3307,2021-04-22T07:00:15.345000+00:00,1.0,S
1017,3070,2021-04-22T07:00:12.975000+00:00,1.0,P
1017,3307,2021-04-22T07:00:15.345000+00:00,1.0,S
1018,3070,2021-04-22T07:00:12.975000+00:00,1.0,P
1018,3307,2021-04-22T07:00:15.345000+00:00,1.0,S
1019,3070,2021-04-22T07:00:12.975000+00:00,1.0,P
1019,3307,2021-04-22T07:00:15.345000+00:00,1.0,S
1020,3070,2021-04-22T07:00:12.975000+00:00,1.0,P
1020,3307,2021-04-22T07:00:15.345000+00:00,1.0,S
1021,3070,2021-04-22T07:00:12.975000+00:00,1.0,P
1021,3307,2021-04-22T07:00:15.345000+00:00,1.0,S
1022,3070,2021-04-22T07:00:12.975000+00:00,1.0,P
1022,3307,2021-04-22T07:00:15.345000+00:00,1.0,S
1023,3070,2021-04-22T07:00:12.975000+00:00,1.0,P
1023,3307,2021-04-22T07:00:15.345000+00:00,1.0,S
1024,3070,2021-04-22T07:00:12.975000+00:00,1.0,P
1024,3307,2021-04-22T07:00:15.345000+00:00,1.0,S
1025,3070,2021-04-22T07:00:12.975000+00:00,1.0,P
1025,3307,2021-04-22T07:00:15.345000+00:00,1.0,S
1026,3070,2021-04-22T07:00:12.975000+00:00,1.0,P
1026,3307,2021-04-22T07:00:15.345000+00:00,1.0,S
1027,3070,2021-04-22T07:00:12.975000+00:00,1.0,P
1027,3307,2021-04-22T07:00:15.345000+00:00,1.0,S
1028,3069,2021-04-22T07:00:12.965000+00:00,1.0,P
1028,3307,2021-04-22T07:00:15.345000+00:00,1.0,S
1029,3069,2021-04-22T07:00:12.965000+00:00,1.0,P
1029,3307,2021-04-22T07:00:15.345000+00:00,1.0,S
1030,3069,2021-04-22T07:00:12.965000+00:00,1.0,P
1030,3307,2021-04-22T07:00:15.345000+00:00,1.0,S
1031,3069,2021-04-22T07:00:12.965000+00:00,1.0,P
1031,3307,2021-04-22T07:00:15.345000+00:00,1.0,S
1032,3069,2021-04-22T07:00:12.965000+00:00,1.0,P
1032,3307,2021-04-22T07:00:15.345000+00:00,1.0,S
1033,3069,2021-04-22T07:00:12.965000+00:00,1.0,P
1033,3307,2021-04-22T07:00:15.345000+00:00,1.0,S
1034,3069,2021-04-22T07:00:12.965000+00:00,1.0,P
1034,3308,2021-04-22T07:00:15.355000+00:00,1.0,S
1035,3069,2021-04-22T07:00:12.965000+00:00,1.0,P
1035,3308,2021-04-22T07:00:15.355000+00:00,1.0,S
1036,3069,2021-04-22T07:00:12.965000+00:00,1.0,P
1036,3308,2021-04-22T07:00:15.355000+00:00,1.0,S
1037,3068,2021-04-22T07:00:12.955000+00:00,1.0,P
1037,3308,2021-04-22T07:00:15.355000+00:00,1.0,S
1038,3068,2021-04-22T07:00:12.955000+00:00,1.0,P
1038,3308,2021-04-22T07:00:15.355000+00:00,1.0,S
1039,3068,2021-04-22T07:00:12.955000+00:00,1.0,P
1039,3308,2021-04-22T07:00:15.355000+00:00,1.0,S
1040,3068,2021-04-22T07:00:12.955000+00:00,1.0,P
1040,3308,2021-04-22T07:00:15.355000+00:00,1.0,S
1041,3068,2021-04-22T07:00:12.955000+00:00,1.0,P
1041,3308,2021-04-22T07:00:15.355000+00:00,1.0,S
1042,3068,2021-04-22T07:00:12.955000+00:00,1.0,P
1042,3308,2021-04-22T07:00:15.355000+00:00,1.0,S
1043,3068,2021-04-22T07:00:12.955000+00:00,1.0,P
1043,3308,2021-04-22T07:00:15.355000+00:00,1.0,S
1044,3068,2021-04-22T07:00:12.955000+00:00,1.0,P
1044,3308,2021-04-22T07:00:15.355000+00:00,1.0,S
1045,3068,2021-04-22T07:00:12.955000+00:00,1.0,P
1045,3308,2021-04-22T07:00:15.355000+00:00,1.0,S
1046,3067,2021-04-22T07:00:12.945000+00:00,1.0,P
1046,3308,2021-04-22T07:00:15.355000+00:00,1.0,S
1047,3067,2021-04-22T07:00:12.945000+00:00,1.0,P
1047,3308,2021-04-22T07:00:15.355000+00:00,1.0,S
1048,3067,2021-04-22T07:00:12.945000+00:00,1.0,P
1048,3309,2021-04-22T07:00:15.365000+00:00,1.0,S
1049,3067,2021-04-22T07:00:12.945000+00:00,1.0,P
1049,3309,2021-04-22T07:00:15.365000+00:00,1.0,S
1050,3067,2021-04-22T07:00:12.945000+00:00,1.0,P
1050,3309,2021-04-22T07:00:15.365000+00:00,1.0,S
1051,3067,2021-04-22T07:00:12.945000+00:00,1.0,P
1051,3308,2021-04-22T07:00:15.355000+00:00,1.0,S
1052,3067,2021-04-22T07:00:12.945000+00:00,1.0,P
1052,3308,2021-04-22T07:00:15.355000+00:00,1.0,S
1053,3067,2021-04-22T07:00:12.945000+00:00,1.0,P
1053,3308,2021-04-22T07:00:15.355000+00:00,1.0,S
1054,3066,2021-04-22T07:00:12.935000+00:00,1.0,P
1054,3308,2021-04-22T07:00:15.355000+00:00,1.0,S
1055,3066,2021-04-22T07:00:12.935000+00:00,1.0,P
1055,3308,2021-04-22T07:00:15.355000+00:00,1.0,S
1056,3066,2021-04-22T07:00:12.935000+00:00,1.0,P
1056,3308,2021-04-22T07:00:15.355000+00:00,1.0,S
1057,3066,2021-04-22T07:00:12.935000+00:00,1.0,P
1057,3308,2021-04-22T07:00:15.355000+00:00,1.0,S
1058,3066,2021-04-22T07:00:12.935000+00:00,1.0,P
1058,3308,2021-04-22T07:00:15.355000+00:00,1.0,S
1059,3066,2021-04-22T07:00:12.935000+00:00,1.0,P
1059,3308,2021-04-22T07:00:15.355000+00:00,1.0,S
1060,3066,2021-04-22T07:00:12.935000+00:00,1.0,P
1060,3308,2021-04-22T07:00:15.355000+00:00,1.0,S
1061,3066,2021-04-22T07:00:12.935000+00:00,1.0,P
1061,3307,2021-04-22T07:00:15.345000+00:00,1.0,S
1062,3065,2021-04-22T07:00:12.925000+00:00,1.0,P
1062,3307,2021-04-22T07:00:15.345000+00:00,1.0,S
1063,3065,2021-04-22T07:00:12.925000+00:00,1.0,P
1063,3307,2021-04-22T07:00:15.345000+00:00,1.0,S
1064,3065,2021-04-22T07:00:12.925000+00:00,1.0,P
1064,3307,2021-04-22T07:00:15.345000+00:00,1.0,S
1065,3065,2021-04-22T07:00:12.925000+00:00,1.0,P
1065,3307,2021-04-22T07:00:15.345000+00:00,1.0,S
1066,3065,2021-04-22T07:00:12.925000+00:00,1.0,P
1066,3306,2021-04-22T07:00:15.335000+00:00,1.0,S
1067,3065,2021-04-22T07:00:12.925000+00:00,1.0,P
1067,3306,2021-04-22T07:00:15.335000+00:00,1.0,S
1068,3065,2021-04-22T07:00:12.925000+00:00,1.0,P
1068,3306,2021-04-22T07:00:15.335000+00:00,1.0,S
1069,3065,2021-04-22T07:00:12.925000+00:00,1.0,P
1069,3306,2021-04-22T07:00:15.335000+00:00,1.0,S
1070,3065,2021-04-22T07:00:12.925000+00:00,1.0,P
1070,3305,2021-04-22T07:00:15.324999+00:00,1.0,S
1071,3064,2021-04-22T07:00:12.915000+00:00,1.0,P
1071,3305,2021-04-22T07:00:15.324999+00:00,1.0,S
1072,3064,2021-04-22T07:00:12.915000+00:00,1.0,P
1072,3305,2021-04-22T07:00:15.324999+00:00,1.0,S
1073,3064,2021-04-22T07:00:12.915000+00:00,1.0,P
1073,3305,2021-04-22T07:00:15.324999+00:00,1.0,S
1074,3064,2021-04-22T07:00:12.915000+00:00,1.0,P
1074,3304,2021-04-22T07:00:15.315000+00:00,1.0,S
1075,3064,2021-04-22T07:00:12.915000+00:00,1.0,P
1075,3304,2021-04-22T07:00:15.315000+00:00,1.0,S
1076,3064,2021-04-22T07:00:12.915000+00:00,1.0,P
1076,3304,2021-04-22T07:00:15.315000+00:00,1.0,S
1077,3064,2021-04-22T07:00:12.915000+00:00,1.0,P
1077,3304,2021-04-22T07:00:15.315000+00:00,1.0,S
1078,3064,2021-04-22T07:00:12.915000+00:00,1.0,P
1078,3304,2021-04-22T07:00:15.315000+00:00,1.0,S
1079,3064,2021-04-22T07:00:12.915000+00:00,1.0,P
1079,3303,2021-04-22T07:00:15.305000+00:00,1.0,S
1080,3064,2021-04-22T07:00:12.915000+00:00,1.0,P
1080,3303,2021-04-22T07:00:15.305000+00:00,1.0,S
1081,3063,2021-04-22T07:00:12.905000+00:00,1.0,P
1081,3303,2021-04-22T07:00:15.305000+00:00,1.0,S
1082,3063,2021-04-22T07:00:12.905000+00:00,1.0,P
1082,3303,2021-04-22T07:00:15.305000+00:00,1.0,S
1083,3063,2021-04-22T07:00:12.905000+00:00,1.0,P
1083,3302,2021-04-22T07:00:15.295000+00:00,1.0,S
1084,3063,2021-04-22T07:00:12.905000+00:00,1.0,P
1084,3302,2021-04-22T07:00:15.295000+00:00,1.0,S
1085,3063,2021-04-22T07:00:12.905000+00:00,1.0,P
1085,3302,2021-04-22T07:00:15.295000+00:00,1.0,S
1086,3063,2021-04-22T07:00:12.905000+00:00,1.0,P
1086,3302,2021-04-22T07:00:15.295000+00:00,1.0,S
1087,3063,2021-04-22T07:00:12.905000+00:00,1.0,P
1087,3302,2021-04-22T07:00:15.295000+00:00,1.0,S
1088,3063,2021-04-22T07:00:12.905000+00:00,1.0,P
1088,3301,2021-04-22T07:00:15.284999+00:00,1.0,S
1089,3063,2021-04-22T07:00:12.905000+00:00,1.0,P
1089,3301,2021-04-22T07:00:15.284999+00:00,1.0,S
1090,3062,2021-04-22T07:00:12.895000+00:00,1.0,P
1090,3301,2021-04-22T07:00:15.284999+00:00,1.0,S
1091,3062,2021-04-22T07:00:12.895000+00:00,1.0,P
1091,3301,2021-04-22T07:00:15.284999+00:00,1.0,S
1092,3062,2021-04-22T07:00:12.895000+00:00,1.0,P
1092,3301,2021-04-22T07:00:15.284999+00:00,1.0,S
1093,3062,2021-04-22T07:00:12.895000+00:00,1.0,P
1093,3300,2021-04-22T07:00:15.275000+00:00,1.0,S
1094,3062,2021-04-22T07:00:12.895000+00:00,1.0,P
1094,3300,2021-04-22T07:00:15.275000+00:00,1.0,S
1095,3062,2021-04-22T07:00:12.895000+00:00,1.0,P
1095,3300,2021-04-22T07:00:15.275000+00:00,1.0,S
1096,3062,2021-04-22T07:00:12.895000+00:00,1.0,P
1096,3300,2021-04-22T07:00:15.275000+00:00,1.0,S
1097,3062,2021-04-22T07:00:12.895000+00:00,1.0,P
1097,3300,2021-04-22T07:00:15.275000+00:00,1.0,S
1098,3062,2021-04-22T07:00:12.895000+00:00,1.0,P
1098,3300,2021-04-22T07:00:15.275000+00:00,1.0,S
1099,3061,2021-04-22T07:00:12.885000+00:00,1.0,P
1099,3299,2021-04-22T07:00:15.265000+00:00,1.0,S
1100,3061,2021-04-22T07:00:12.885000+00:00,1.0,P
1100,3299,2021-04-22T07:00:15.265000+00:00,1.0,S
1101,3061,2021-04-22T07:00:12.885000+00:00,1.0,P
1101,3299,2021-04-22T07:00:15.265000+00:00,1.0,S
1102,3061,2021-04-22T07:00:12.885000+00:00,1.0,P
1102,3299,2021-04-22T07:00:15.265000+00:00,1.0,S
1103,3061,2021-04-22T07:00:12.885000+00:00,1.0,P
1103,3298,2021-04-22T07:00:15.255000+00:00,1.0,S
1104,3061,2021-04-22T07:00:12.885000+00:00,1.0,P
1104,3298,2021-04-22T07:00:15.255000+00:00,1.0,S
1105,3061,2021-04-22T07:00:12.885000+00:00,1.0,P
1105,3298,2021-04-22T07:00:15.255000+00:00,1.0,S
1106,3061,2021-04-22T07:00:12.885000+00:00,1.0,P
1106,3298,2021-04-22T07:00:15.255000+00:00,1.0,S
1107,3061,2021-04-22T07:00:12.885000+00:00,1.0,P
1107,3298,2021-04-22T07:00:15.255000+00:00,1.0,S
1108,3060,2021-04-22T07:00:12.875000+00:00,1.0,P
1108,3297,2021-04-22T07:00:15.245000+00:00,1.0,S
1109,3060,2021-04-22T07:00:12.875000+00:00,1.0,P
1109,3297,2021-04-22T07:00:15.245000+00:00,1.0,S
1110,3060,2021-04-22T07:00:12.875000+00:00,1.0,P
1110,3297,2021-04-22T07:00:15.245000+00:00,1.0,S
1111,3060,2021-04-22T07:00:12.875000+00:00,1.0,P
1111,3297,2021-04-22T07:00:15.245000+00:00,1.0,S
1112,3060,2021-04-22T07:00:12.875000+00:00,1.0,P
1112,3296,2021-04-22T07:00:15.235000+00:00,1.0,S
1113,3060,2021-04-22T07:00:12.875000+00:00,1.0,P
1113,3296,2021-04-22T07:00:15.235000+00:00,1.0,S
1114,3060,2021-04-22T07:00:12.875000+00:00,1.0,P
1114,3296,2021-04-22T07:00:15.235000+00:00,1.0,S
1115,3060,2021-04-22T07:00:12.875000+00:00,1.0,P
1115,3296,2021-04-22T07:00:15.235000+00:00,1.0,S
1116,3060,2021-04-22T07:00:12.875000+00:00,1.0,P
1116,3295,2021-04-22T07:00:15.225000+00:00,1.0,S
1117,3059,2021-04-22T07:00:12.865000+00:00,1.0,P
1117,3295,2021-04-22T07:00:15.225000+00:00,1.0,S
1118,3059,2021-04-22T07:00:12.865000+00:00,1.0,P
1118,3295,2021-04-22T07:00:15.225000+00:00,1.0,S
1119,3059,2021-04-22T07:00:12.865000+00:00,1.0,P
1119,3294,2021-04-22T07:00:15.214999+00:00,1.0,S
1120,3059,2021-04-22T07:00:12.865000+00:00,1.0,P
1120,3294,2021-04-22T07:00:15.214999+00:00,1.0,S
1121,3059,2021-04-22T07:00:12.865000+00:00,1.0,P
1121,3294,2021-04-22T07:00:15.214999+00:00,1.0,S
1122,3059,2021-04-22T07:00:12.865000+00:00,1.0,P
1122,3294,2021-04-22T07:00:15.214999+00:00,1.0,S
1123,3059,2021-04-22T07:00:12.865000+00:00,1.0,P
1123,3293,2021-04-22T07:00:15.205000+00:00,1.0,S
1124,3059,2021-04-22T07:00:12.865000+00:00,1.0,P
1124,3293,2021-04-22T07:00:15.205000+00:00,1.0,S
1125,3058,2021-04-22T07:00:12.855000+00:00,1.0,P
1125,3293,2021-04-22T07:00:15.205000+00:00,1.0,S
1126,3058,2021-04-22T07:00:12.855000+00:00,1.0,P
1126,3293,2021-04-22T07:00:15.205000+00:00,1.0,S
1127,3058,2021-04-22T07:00:12.855000+00:00,1.0,P
1127,3292,2021-04-22T07:00:15.195000+00:00,1.0,S
1128,3058,2021-04-22T07:00:12.855000+00:00,1.0,P
1128,3292,2021-04-22T07:00:15.195000+00:00,1.0,S
1129,3058,2021-04-22T07:00:12.855000+00:00,1.0,P
1129,3292,2021-04-22T07:00:15.195000+00:00,1.0,S
1130,3058,2021-04-22T07:00:12.855000+00:00,1.0,P
1130,3292,2021-04-22T07:00:15.195000+00:00,1.0,S
1131,3058,2021-04-22T07:00:12.855000+00:00,1.0,P
1131,3291,2021-04-22T07:00:15.185000+00:00,1.0,S
1132,3057,2021-04-22T07:00:12.845000+00:00,1.0,P
1132,3291,2021-04-22T07:00:15.185000+00:00,1.0,S
1133,3057,2021-04-22T07:00:12.845000+00:00,1.0,P
1133,3291,2021-04-22T07:00:15.185000+00:00,1.0,S
1134,3057,2021-04-22T07:00:12.845000+00:00,1.0,P
1134,3291,2021-04-22T07:00:15.185000+00:00,1.0,S
1135,3057,2021-04-22T07:00:12.845000+00:00,1.0,P
1135,3290,2021-04-22T07:00:15.175000+00:00,1.0,S
1136,3057,2021-04-22T07:00:12.845000+00:00,1.0,P
1136,3290,2021-04-22T07:00:15.175000+00:00,1.0,S
1137,3057,2021-04-22T07:00:12.845000+00:00,1.0,P
1137,3290,2021-04-22T07:00:15.175000+00:00,1.0,S
1138,3057,2021-04-22T07:00:12.845000+00:00,1.0,P
1138,3290,2021-04-22T07:00:15.175000+00:00,1.0,S
1139,3057,2021-04-22T07:00:12.845000+00:00,1.0,P
1139,3289,2021-04-22T07:00:15.165000+00:00,1.0,S
1140,3056,2021-04-22T07:00:12.835000+00:00,1.0,P
1140,3289,2021-04-22T07:00:15.165000+00:00,1.0,S
1141,3056,2021-04-22T07:00:12.835000+00:00,1.0,P
1141,3289,2021-04-22T07:00:15.165000+00:00,1.0,S
1142,3056,2021-04-22T07:00:12.835000+00:00,1.0,P
1142,3289,2021-04-22T07:00:15.165000+00:00,1.0,S
1143,3056,2021-04-22T07:00:12.835000+00:00,1.0,P
1143,3288,2021-04-22T07:00:15.155000+00:00,1.0,S
1144,3056,2021-04-22T07:00:12.835000+00:00,1.0,P
1144,3288,2021-04-22T07:00:15.155000+00:00,1.0,S
1145,3056,2021-04-22T07:00:12.835000+00:00,1.0,P
1145,3288,2021-04-22T07:00:15.155000+00:00,1.0,S
1146,3056,2021-04-22T07:00:12.835000+00:00,1.0,P
1146,3288,2021-04-22T07:00:15.155000+00:00,1.0,S
1147,3055,2021-04-22T07:00:12.825000+00:00,1.0,P
1147,3287,2021-04-22T07:00:15.144999+00:00,1.0,S
1148,3055,2021-04-22T07:00:12.825000+00:00,1.0,P
1148,3287,2021-04-22T07:00:15.144999+00:00,1.0,S
1149,3055,2021-04-22T07:00:12.825000+00:00,1.0,P
1149,3287,2021-04-22T07:00:15.144999+00:00,1.0,S
1150,3055,2021-04-22T07:00:12.825000+00:00,1.0,P
1150,3287,2021-04-22T07:00:15.144999+00:00,1.0,S
1151,3055,2021-04-22T07:00:12.825000+00:00,1.0,P
1151,3286,2021-04-22T07:00:15.135000+00:00,1.0,S
1152,3055,2021-04-22T07:00:12.825000+00:00,1.0,P
1152,3286,2021-04-22T07:00:15.135000+00:00,1.0,S
1153,3055,2021-04-22T07:00:12.825000+00:00,1.0,P
1153,3286,2021-04-22T07:00:15.135000+00:00,1.0,S
1154,3054,2021-04-22T07:00:12.815000+00:00,1.0,P
1154,3286,2021-04-22T07:00:15.135000+00:00,1.0,S
1155,3054,2021-04-22T07:00:12.815000+00:00,1.0,P
1155,3285,2021-04-22T07:00:15.125000+00:00,1.0,S
1156,3054,2021-04-22T07:00:12.815000+00:00,1.0,P
1156,3285,2021-04-22T07:00:15.125000+00:00,1.0,S
1157,3054,2021-04-22T07:00:12.815000+00:00,1.0,P
1157,3285,2021-04-22T07:00:15.125000+00:00,1.0,S
1158,3054,2021-04-22T07:00:12.815000+00:00,1.0,P
1158,3285,2021-04-22T07:00:15.125000+00:00,1.0,S
1159,3054,2021-04-22T07:00:12.815000+00:00,1.0,P
1159,3285,2021-04-22T07:00:15.125000+00:00,1.0,S
1160,3054,2021-04-22T07:00:12.815000+00:00,1.0,P
1160,3284,2021-04-22T07:00:15.115000+00:00,1.0,S
1161,3054,2021-04-22T07:00:12.815000+00:00,1.0,P
1161,3284,2021-04-22T07:00:15.115000+00:00,1.0,S
1162,3053,2021-04-22T07:00:12.805000+00:00,1.0,P
1162,3284,2021-04-22T07:00:15.115000+00:00,1.0,S
1163,3053,2021-04-22T07:00:12.805000+00:00,1.0,P
1163,3284,2021-04-22T07:00:15.115000+00:00,1.0,S
1164,3053,2021-04-22T07:00:12.805000+00:00,1.0,P
1164,3283,2021-04-22T07:00:15.105000+00:00,1.0,S
1165,3053,2021-04-22T07:00:12.805000+00:00,1.0,P
1165,3283,2021-04-22T07:00:15.105000+00:00,1.0,S
1166,3053,2021-04-22T07:00:12.805000+00:00,1.0,P
1166,3283,2021-04-22T07:00:15.105000+00:00,1.0,S
1167,3053,2021-04-22T07:00:12.805000+00:00,1.0,P
1167,3283,2021-04-22T07:00:15.105000+00:00,1.0,S
1168,3053,2021-04-22T07:00:12.805000+00:00,1.0,P
1168,3283,2021-04-22T07:00:15.105000+00:00,1.0,S
1169,3052,2021-04-22T07:00:12.795000+00:00,1.0,P
1169,3282,2021-04-22T07:00:15.095000+00:00,1.0,S
1170,3052,2021-04-22T07:00:12.795000+00:00,1.0,P
1170,3282,2021-04-22T07:00:15.095000+00:00,1.0,S
1171,3052,2021-04-22T07:00:12.795000+00:00,1.0,P
1171,3282,2021-04-22T07:00:15.095000+00:00,1.0,S
1172,3052,2021-04-22T07:00:12.795000+00:00,1.0,P
1172,3282,2021-04-22T07:00:15.095000+00:00,1.0,S
1173,3052,2021-04-22T07:00:12.795000+00:00,1.0,P
1173,3282,2021-04-22T07:00:15.095000+00:00,1.0,S
1174,3052,2021-04-22T07:00:12.795000+00:00,1.0,P
1174,3281,2021-04-22T07:00:15.085000+00:00,1.0,S
1175,3052,2021-04-22T07:00:12.795000+00:00,1.0,P
1175,3281,2021-04-22T07:00:15.085000+00:00,1.0,S
1176,3052,2021-04-22T07:00:12.795000+00:00,1.0,P
1176,3281,2021-04-22T07:00:15.085000+00:00,1.0,S
1177,3051,2021-04-22T07:00:12.785000+00:00,1.0,P
1177,3281,2021-04-22T07:00:15.085000+00:00,1.0,S
1178,3051,2021-04-22T07:00:12.785000+00:00,1.0,P
1178,3281,2021-04-22T07:00:15.085000+00:00,1.0,S
1179,3051,2021-04-22T07:00:12.785000+00:00,1.0,P
1179,3281,2021-04-22T07:00:15.085000+00:00,1.0,S
1180,3051,2021-04-22T07:00:12.785000+00:00,1.0,P
1180,3281,2021-04-22T07:00:15.085000+00:00,1.0,S
1181,3051,2021-04-22T07:00:12.785000+00:00,1.0,P
1181,3280,2021-04-22T07:00:15.074999+00:00,1.0,S
1182,3051,2021-04-22T07:00:12.785000+00:00,1.0,P
1182,3280,2021-04-22T07:00:15.074999+00:00,1.0,S
1183,3051,2021-04-22T07:00:12.785000+00:00,1.0,P
1183,3280,2021-04-22T07:00:15.074999+00:00,1.0,S
1184,3051,2021-04-22T07:00:12.785000+00:00,1.0,P
1184,3280,2021-04-22T07:00:15.074999+00:00,1.0,S
1185,3050,2021-04-22T07:00:12.775000+00:00,1.0,P
1185,3280,2021-04-22T07:00:15.074999+00:00,1.0,S
1186,3050,2021-04-22T07:00:12.775000+00:00,1.0,P
1186,3280,2021-04-22T07:00:15.074999+00:00,1.0,S
1187,3050,2021-04-22T07:00:12.775000+00:00,1.0,P
1187,3279,2021-04-22T07:00:15.065000+00:00,1.0,S
1188,3050,2021-04-22T07:00:12.775000+00:00,1.0,P
1188,3279,2021-04-22T07:00:15.065000+00:00,1.0,S
1189,3050,2021-04-22T07:00:12.775000+00:00,1.0,P
1189,3279,2021-04-22T07:00:15.065000+00:00,1.0,S
1190,3050,2021-04-22T07:00:12.775000+00:00,1.0,P
1190,3279,2021-04-22T07:00:15.065000+00:00,1.0,S
1191,3050,2021-04-22T07:00:12.775000+00:00,1.0,P
1191,3279,2021-04-22T07:00:15.065000+00:00,1.0,S
1192,3050,2021-04-22T07:00:12.775000+00:00,1.0,P
1192,3278,2021-04-22T07:00:15.055000+00:00,1.0,S
1193,3049,2021-04-22T07:00:12.765000+00:00,1.0,P
1193,3278,2021-04-22T07:00:15.055000+00:00,1.0,S
1194,3049,2021-04-22T07:00:12.765000+00:00,1.0,P
1194,3278,2021-04-22T07:00:15.055000+00:00,1.0,S
1195,3049,2021-04-22T07:00:12.765000+00:00,1.0,P
1195,3278,2021-04-22T07:00:15.055000+00:00,1.0,S
1196,3049,2021-04-22T07:00:12.765000+00:00,1.0,P
1196,3278,2021-04-22T07:00:15.055000+00:00,1.0,S
1197,3049,2021-04-22T07:00:12.765000+00:00,1.0,P
1197,3278,2021-04-22T07:00:15.055000+00:00,1.0,S
1198,3049,2021-04-22T07:00:12.765000+00:00,1.0,P
1198,3277,2021-04-22T07:00:15.045000+00:00,1.0,S
1199,3049,2021-04-22T07:00:12.765000+00:00,1.0,P
1199,3277,2021-04-22T07:00:15.045000+00:00,1.0,S
1200,3049,2021-04-22T07:00:12.765000+00:00,1.0,P
1200,3277,2021-04-22T07:00:15.045000+00:00,1.0,S
1201,3048,2021-04-22T07:00:12.755000+00:00,1.0,P
1201,3277,2021-04-22T07:00:15.045000+00:00,1.0,S
1202,3048,2021-04-22T07:00:12.755000+00:00,1.0,P
1202,3277,2021-04-22T07:00:15.045000+00:00,1.0,S
1203,3048,2021-04-22T07:00:12.755000+00:00,1.0,P
1203,3276,2021-04-22T07:00:15.034999+00:00,1.0,S
1204,3048,2021-04-22T07:00:12.755000+00:00,1.0,P
1204,3276,2021-04-22T07:00:15.034999+00:00,1.0,S
1205,3048,2021-04-22T07:00:12.755000+00:00,1.0,P
1205,3276,2021-04-22T07:00:15.034999+00:00,1.0,S
1206,3048,2021-04-22T07:00:12.755000+00:00,1.0,P
1206,3276,2021-04-22T07:00:15.034999+00:00,1.0,S
1207,3048,2021-04-22T07:00:12.755000+00:00,1.0,P
1207,3276,2021-04-22T07:00:15.034999+00:00,1.0,S
1208,3048,2021-04-22T07:00:12.755000+00:00,1.0,P
1208,3275,2021-04-22T07:00:15.025000+00:00,1.0,S
1209,3048,2021-04-22T07:00:12.755000+00:00,1.0,P
1209,3275,2021-04-22T07:00:15.025000+00:00,1.0,S
1210,3047,2021-04-22T07:00:12.745000+00:00,1.0,P
1210,3275,2021-04-22T07:00:15.025000+00:00,1.0,S
1211,3047,2021-04-22T07:00:12.745000+00:00,1.0,P
1211,3275,2021-04-22T07:00:15.025000+00:00,1.0,S
1212,3047,2021-04-22T07:00:12.745000+00:00,1.0,P
1212,3275,2021-04-22T07:00:15.025000+00:00,1.0,S
1213,3047,2021-04-22T07:00:12.745000+00:00,1.0,P
1213,3274,2021-04-22T07:00:15.015000+00:00,1.0,S
1214,3047,2021-04-22T07:00:12.745000+00:00,1.0,P
1214,3274,2021-04-22T07:00:15.015000+00:00,1.0,S
1215,3047,2021-04-22T07:00:12.745000+00:00,1.0,P
1215,3274,2021-04-22T07:00:15.015000+00:00,1.0,S
1216,3047,2021-04-22T07:00:12.745000+00:00,1.0,P
1216,3274,2021-04-22T07:00:15.015000+00:00,1.0,S
1217,3047,2021-04-22T07:00:12.745000+00:00,1.0,P
1217,3274,2021-04-22T07:00:15.015000+00:00,1.0,S
1218,3046,2021-04-22T07:00:12.735000+00:00,1.0,P
1218,3273,2021-04-22T07:00:15.005000+00:00,1.0,S
1219,3046,2021-04-22T07:00:12.735000+00:00,1.0,P
1219,3273,2021-04-22T07:00:15.005000+00:00,1.0,S
1220,3046,2021-04-22T07:00:12.735000+00:00,1.0,P
1220,3273,2021-04-22T07:00:15.005000+00:00,1.0,S
1221,3046,2021-04-22T07:00:12.735000+00:00,1.0,P
1221,3273,2021-04-22T07:00:15.005000+00:00,1.0,S
1222,3046,2021-04-22T07:00:12.735000+00:00,1.0,P
1222,3273,2021-04-22T07:00:15.005000+00:00,1.0,S
1223,3046,2021-04-22T07:00:12.735000+00:00,1.0,P
1223,3273,2021-04-22T07:00:15.005000+00:00,1.0,S
1224,3046,2021-04-22T07:00:12.735000+00:00,1.0,P
1224,3272,2021-04-22T07:00:14.995000+00:00,1.0,S
1225,3046,2021-04-22T07:00:12.735000+00:00,1.0,P
1225,3272,2021-04-22T07:00:14.995000+00:00,1.0,S
1226,3046,2021-04-22T07:00:12.735000+00:00,1.0,P
1226,3272,2021-04-22T07:00:14.995000+00:00,1.0,S
1227,3046,2021-04-22T07:00:12.735000+00:00,1.0,P
1227,3272,2021-04-22T07:00:14.995000+00:00,1.0,S
1228,3045,2021-04-22T07:00:12.725000+00:00,1.0,P
1228,3271,2021-04-22T07:00:14.985000+00:00,1.0,S
1229,3045,2021-04-22T07:00:12.725000+00:00,1.0,P
1229,3271,2021-04-22T07:00:14.985000+00:00,1.0,S
1230,3045,2021-04-22T07:00:12.725000+00:00,1.0,P
1230,3271,2021-04-22T07:00:14.985000+00:00,1.0,S
1231,3045,2021-04-22T07:00:12.725000+00:00,1.0,P
1231,3271,2021-04-22T07:00:14.985000+00:00,1.0,S
1232,3045,2021-04-22T07:00:12.725000+00:00,1.0,P
1232,3271,2021-04-22T07:00:14.985000+00:00,1.0,S
1233,3045,2021-04-22T07:00:12.725000+00:00,1.0,P
1233,3270,2021-04-22T07:00:14.975000+00:00,1.0,S
1234,3045,2021-04-22T07:00:12.725000+00:00,1.0,P
1234,3270,2021-04-22T07:00:14.975000+00:00,1.0,S
1235,3045,2021-04-22T07:00:12.725000+00:00,1.0,P
1235,3270,2021-04-22T07:00:14.975000+00:00,1.0,S
1236,3044,2021-04-22T07:00:12.715000+00:00,1.0,P
1236,3270,2021-04-22T07:00:14.975000+00:00,1.0,S
1237,3044,2021-04-22T07:00:12.715000+00:00,1.0,P
1237,3269,2021-04-22T07:00:14.964999+00:00,1.0,S
1238,3044,2021-04-22T07:00:12.715000+00:00,1.0,P
1238,3269,2021-04-22T07:00:14.964999+00:00,1.0,S
1239,3044,2021-04-22T07:00:12.715000+00:00,1.0,P
1239,3269,2021-04-22T07:00:14.964999+00:00,1.0,S
1240,3044,2021-04-22T07:00:12.715000+00:00,1.0,P
1240,3269,2021-04-22T07:00:14.964999+00:00,1.0,S
1241,3044,2021-04-22T07:00:12.715000+00:00,1.0,P
1241,3268,2021-04-22T07:00:14.955000+00:00,1.0,S
1242,3044,2021-04-22T07:00:12.715000+00:00,1.0,P
1242,3268,2021-04-22T07:00:14.955000+00:00,1.0,S
1243,3044,2021-04-22T07:00:12.715000+00:00,1.0,P
1243,3268,2021-04-22T07:00:14.955000+00:00,1.0,S
1244,3043,2021-04-22T07:00:12.705000+00:00,1.0,P
1244,3267,2021-04-22T07:00:14.945000+00:00,1.0,S
1245,3043,2021-04-22T07:00:12.705000+00:00,1.0,P
1245,3267,2021-04-22T07:00:14.945000+00:00,1.0,S
1246,3043,2021-04-22T07:00:12.705000+00:00,1.0,P
1246,3267,2021-04-22T07:00:14.945000+00:00,1.0,S
1247,3043,2021-04-22T07:00:12.705000+00:00,1.0,P
1247,3266,2021-04-22T07:00:14.935000+00:00,1.0,S
1248,3043,2021-04-22T07:00:12.705000+00:00,1.0,P
1248,3266,2021-04-22T07:00:14.935000+00:00,1.0,S
1249,3043,2021-04-22T07:00:12.705000+00:00,1.0,P
1249,3266,2021-04-22T07:00:14.935000+00:00,1.0,S
1250,3043,2021-04-22T07:00:12.705000+00:00,1.0,P
1250,3266,2021-04-22T07:00:14.935000+00:00,1.0,S
1251,3043,2021-04-22T07:00:12.705000+00:00,1.0,P
1251,3265,2021-04-22T07:00:14.925000+00:00,1.0,S
1252,3042,2021-04-22T07:00:12.695000+00:00,1.0,P
1252,3265,2021-04-22T07:00:14.925000+00:00,1.0,S
1253,3042,2021-04-22T07:00:12.695000+00:00,1.0,P
1253,3265,2021-04-22T07:00:14.925000+00:00,1.0,S
1254,3042,2021-04-22T07:00:12.695000+00:00,1.0,P
1254,3264,2021-04-22T07:00:14.915000+00:00,1.0,S
1255,3042,2021-04-22T07:00:12.695000+00:00,1.0,P
1255,3264,2021-04-22T07:00:14.915000+00:00,1.0,S
1256,3042,2021-04-22T07:00:12.695000+00:00,1.0,P
1256,3264,2021-04-22T07:00:14.915000+00:00,1.0,S
1257,3042,2021-04-22T07:00:12.695000+00:00,1.0,P
1257,3263,2021-04-22T07:00:14.905000+00:00,1.0,S
1258,3042,2021-04-22T07:00:12.695000+00:00,1.0,P
1258,3263,2021-04-22T07:00:14.905000+00:00,1.0,S
1259,3041,2021-04-22T07:00:12.685000+00:00,1.0,P
1259,3263,2021-04-22T07:00:14.905000+00:00,1.0,S
1260,3041,2021-04-22T07:00:12.685000+00:00,1.0,P
1260,3263,2021-04-22T07:00:14.905000+00:00,1.0,S
1261,3041,2021-04-22T07:00:12.685000+00:00,1.0,P
1261,3262,2021-04-22T07:00:14.894999+00:00,1.0,S
1262,3041,2021-04-22T07:00:12.685000+00:00,1.0,P
1262,3262,2021-04-22T07:00:14.894999+00:00,1.0,S
1263,3041,2021-04-22T07:00:12.685000+00:00,1.0,P
1263,3262,2021-04-22T07:00:14.894999+00:00,1.0,S
1264,3041,2021-04-22T07:00:12.685000+00:00,1.0,P
1264,3262,2021-04-22T07:00:14.894999+00:00,1.0,S
1265,3041,2021-04-22T07:00:12.685000+00:00,1.0,P
1265,3261,2021-04-22T07:00:14.885000+00:00,1.0,S
1266,3040,2021-04-22T07:00:12.675000+00:00,1.0,P
1266,3261,2021-04-22T07:00:14.885000+00:00,1.0,S
1267,3040,2021-04-22T07:00:12.675000+00:00,1.0,P
1267,3261,2021-04-22T07:00:14.885000+00:00,1.0,S
1268,3040,2021-04-22T07:00:12.675000+00:00,1.0,P
1268,3260,2021-04-22T07:00:14.875000+00:00,1.0,S
1269,3040,2021-04-22T07:00:12.675000+00:00,1.0,P
1269,3260,2021-04-22T07:00:14.875000+00:00,1.0,S
1270,3040,2021-04-22T07:00:12.675000+00:00,1.0,P
1270,3260,2021-04-22T07:00:14.875000+00:00,1.0,S
1271,3040,2021-04-22T07:00:12.675000+00:00,1.0,P
1271,3260,2021-04-22T07:00:14.875000+00:00,1.0,S
1272,3040,2021-04-22T07:00:12.675000+00:00,1.0,P
1272,3260,2021-04-22T07:00:14.875000+00:00,1.0,S
1273,3039,2021-04-22T07:00:12.665000+00:00,1.0,P
1273,3259,2021-04-22T07:00:14.865000+00:00,1.0,S
1274,3039,2021-04-22T07:00:12.665000+00:00,1.0,P
1274,3259,2021-04-22T07:00:14.865000+00:00,1.0,S
1275,3039,2021-04-22T07:00:12.665000+00:00,1.0,P
1275,3259,2021-04-22T07:00:14.865000+00:00,1.0,S
1276,3039,2021-04-22T07:00:12.665000+00:00,1.0,P
1276,3259,2021-04-22T07:00:14.865000+00:00,1.0,S
1277,3039,2021-04-22T07:00:12.665000+00:00,1.0,P
1277,3258,2021-04-22T07:00:14.855000+00:00,1.0,S
1278,3039,2021-04-22T07:00:12.665000+00:00,1.0,P
1278,3258,2021-04-22T07:00:14.855000+00:00,1.0,S
1279,3039,2021-04-22T07:00:12.665000+00:00,1.0,P
1279,3258,2021-04-22T07:00:14.855000+00:00,1.0,S
1280,3038,2021-04-22T07:00:12.655000+00:00,1.0,P
1280,3258,2021-04-22T07:00:14.855000+00:00,1.0,S
1281,3038,2021-04-22T07:00:12.655000+00:00,1.0,P
1281,3257,2021-04-22T07:00:14.845000+00:00,1.0,S
1282,3038,2021-04-22T07:00:12.655000+00:00,1.0,P
1282,3257,2021-04-22T07:00:14.845000+00:00,1.0,S
1283,3038,2021-04-22T07:00:12.655000+00:00,1.0,P
1283,3257,2021-04-22T07:00:14.845000+00:00,1.0,S
1284,3038,2021-04-22T07:00:12.655000+00:00,1.0,P
1284,3256,2021-04-22T07:00:14.835000+00:00,1.0,S
1285,3038,2021-04-22T07:00:12.655000+00:00,1.0,P
1285,3256,2021-04-22T07:00:14.835000+00:00,1.0,S
1286,3038,2021-04-22T07:00:12.655000+00:00,1.0,P
1286,3256,2021-04-22T07:00:14.835000+00:00,1.0,S
1287,3037,2021-04-22T07:00:12.645000+00:00,1.0,P
1287,3256,2021-04-22T07:00:14.835000+00:00,1.0,S
1288,3037,2021-04-22T07:00:12.645000+00:00,1.0,P
1288,3255,2021-04-22T07:00:14.824999+00:00,1.0,S
1289,3037,2021-04-22T07:00:12.645000+00:00,1.0,P
1289,3255,2021-04-22T07:00:14.824999+00:00,1.0,S
1290,3037,2021-04-22T07:00:12.645000+00:00,1.0,P
1290,3255,2021-04-22T07:00:14.824999+00:00,1.0,S
1291,3037,2021-04-22T07:00:12.645000+00:00,1.0,P
1291,3255,2021-04-22T07:00:14.824999+00:00,1.0,S
1292,3037,2021-04-22T07:00:12.645000+00:00,1.0,P
1292,3254,2021-04-22T07:00:14.815000+00:00,1.0,S
1293,3037,2021-04-22T07:00:12.645000+00:00,1.0,P
1293,3254,2021-04-22T07:00:14.815000+00:00,1.0,S
1294,3036,2021-04-22T07:00:12.635000+00:00,1.0,P
1294,3254,2021-04-22T07:00:14.815000+00:00,1.0,S
1295,3036,2021-04-22T07:00:12.635000+00:00,1.0,P
1295,3253,2021-04-22T07:00:14.805000+00:00,1.0,S
1296,3036,2021-04-22T07:00:12.635000+00:00,1.0,P
1296,3253,2021-04-22T07:00:14.805000+00:00,1.0,S
1297,3036,2021-04-22T07:00:12.635000+00:00,1.0,P
1297,3253,2021-04-22T07:00:14.805000+00:00,1.0,S
1298,3036,2021-04-22T07:00:12.635000+00:00,1.0,P
1298,3253,2021-04-22T07:00:14.805000+00:00,1.0,S
1299,3036,2021-04-22T07:00:12.635000+00:00,1.0,P
1299,3252,2021-04-22T07:00:14.795000+00:00,1.0,S
1300,3035,2021-04-22T07:00:12.625000+00:00,1.0,P
1300,3252,2021-04-22T07:00:14.795000+00:00,1.0,S
1301,3035,2021-04-22T07:00:12.625000+00:00,1.0,P
1301,3252,2021-04-22T07:00:14.795000+00:00,1.0,S
1302,3035,2021-04-22T07:00:12.625000+00:00,1.0,P
1302,3252,2021-04-22T07:00:14.795000+00:00,1.0,S
1303,3035,2021-04-22T07:00:12.625000+00:00,1.0,P
1303,3251,2021-04-22T07:00:14.784999+00:00,1.0,S
1304,3035,2021-04-22T07:00:12.625000+00:00,1.0,P
1304,3251,2021-04-22T07:00:14.784999+00:00,1.0,S
1305,3035,2021-04-22T07:00:12.625000+00:00,1.0,P
1305,3251,2021-04-22T07:00:14.784999+00:00,1.0,S
1306,3034,2021-04-22T07:00:12.615000+00:00,1.0,P
1306,3250,2021-04-22T07:00:14.775000+00:00,1.0,S
1307,3034,2021-04-22T07:00:12.615000+00:00,1.0,P
1307,3250,2021-04-22T07:00:14.775000+00:00,1.0,S
1308,3034,2021-04-22T07:00:12.615000+00:00,1.0,P
1308,3250,2021-04-22T07:00:14.775000+00:00,1.0,S
1309,3034,2021-04-22T07:00:12.615000+00:00,1.0,P
1309,3249,2021-04-22T07:00:14.765000+00:00,1.0,S
1310,3034,2021-04-22T07:00:12.615000+00:00,1.0,P
1310,3249,2021-04-22T07:00:14.765000+00:00,1.0,S
1311,3034,2021-04-22T07:00:12.615000+00:00,1.0,P
1311,3249,2021-04-22T07:00:14.765000+00:00,1.0,S
1312,3034,2021-04-22T07:00:12.615000+00:00,1.0,P
1312,3248,2021-04-22T07:00:14.755000+00:00,1.0,S
1313,3033,2021-04-22T07:00:12.605000+00:00,1.0,P
1313,3248,2021-04-22T07:00:14.755000+00:00,1.0,S
1314,3033,2021-04-22T07:00:12.605000+00:00,1.0,P
1314,3248,2021-04-22T07:00:14.755000+00:00,1.0,S
1315,3033,2021-04-22T07:00:12.605000+00:00,1.0,P
1315,3248,2021-04-22T07:00:14.755000+00:00,1.0,S
1316,3033,2021-04-22T07:00:12.605000+00:00,1.0,P
1316,3247,2021-04-22T07:00:14.745000+00:00,1.0,S
1317,3033,2021-04-22T07:00:12.605000+00:00,1.0,P
1317,3247,2021-04-22T07:00:14.745000+00:00,1.0,S
1318,3033,2021-04-22T07:00:12.605000+00:00,1.0,P
1318,3247,2021-04-22T07:00:14.745000+00:00,1.0,S
1319,3032,2021-04-22T07:00:12.595000+00:00,1.0,P
1319,3246,2021-04-22T07:00:14.735000+00:00,1.0,S
1320,3032,2021-04-22T07:00:12.595000+00:00,1.0,P
1320,3246,2021-04-22T07:00:14.735000+00:00,1.0,S
1321,3032,2021-04-22T07:00:12.595000+00:00,1.0,P
1321,3246,2021-04-22T07:00:14.735000+00:00,1.0,S
1322,3032,2021-04-22T07:00:12.595000+00:00,1.0,P
1322,3245,2021-04-22T07:00:14.725000+00:00,1.0,S
1323,3032,2021-04-22T07:00:12.595000+00:00,1.0,P
1323,3245,2021-04-22T07:00:14.725000+00:00,1.0,S
1324,3032,2021-04-22T07:00:12.595000+00:00,1.0,P
1324,3245,2021-04-22T07:00:14.725000+00:00,1.0,S
1325,3031,2021-04-22T07:00:12.585000+00:00,1.0,P
1325,3244,2021-04-22T07:00:14.714999+00:00,1.0,S
1326,3031,2021-04-22T07:00:12.585000+00:00,1.0,P
1326,3244,2021-04-22T07:00:14.714999+00:00,1.0,S
1327,3031,2021-04-22T07:00:12.585000+00:00,1.0,P
1327,3244,2021-04-22T07:00:14.714999+00:00,1.0,S
1328,3031,2021-04-22T07:00:12.585000+00:00,1.0,P
1328,3243,2021-04-22T07:00:14.705000+00:00,1.0,S
1329,3031,2021-04-22T07:00:12.585000+00:00,1.0,P
1329,3243,2021-04-22T07:00:14.705000+00:00,1.0,S
1330,3031,2021-04-22T07:00:12.585000+00:00,1.0,P
1330,3243,2021-04-22T07:00:14.705000+00:00,1.0,S
1331,3030,2021-04-22T07:00:12.575000+00:00,1.0,P
1331,3242,2021-04-22T07:00:14.695000+00:00,1.0,S
1332,3030,2021-04-22T07:00:12.575000+00:00,1.0,P
1332,3242,2021-04-22T07:00:14.695000+00:00,1.0,S
1333,3030,2021-04-22T07:00:12.575000+00:00,1.0,P
1333,3241,2021-04-22T07:00:14.685000+00:00,1.0,S
1334,3030,2021-04-22T07:00:12.575000+00:00,1.0,P
1334,3241,2021-04-22T07:00:14.685000+00:00,1.0,S
1335,3030,2021-04-22T07:00:12.575000+00:00,1.0,P
1335,3241,2021-04-22T07:00:14.685000+00:00,1.0,S
1336,3030,2021-04-22T07:00:12.575000+00:00,1.0,P
1336,3240,2021-04-22T07:00:14.675000+00:00,1.0,S
1337,3029,2021-04-22T07:00:12.565000+00:00,1.0,P
1337,3240,2021-04-22T07:00:14.675000+00:00,1.0,S
1338,3029,2021-04-22T07:00:12.565000+00:00,1.0,P
1338,3240,2021-04-22T07:00:14.675000+00:00,1.0,S
1339,3029,2021-04-22T07:00:12.565000+00:00,1.0,P
1339,3239,2021-04-22T07:00:14.665000+00:00,1.0,S
1340,3029,2021-04-22T07:00:12.565000+00:00,1.0,P
1340,3239,2021-04-22T07:00:14.665000+00:00,1.0,S
1341,3029,2021-04-22T07:00:12.565000+00:00,1.0,P
1341,3239,2021-04-22T07:00:14.665000+00:00,1.0,S
1342,3029,2021-04-22T07:00:12.565000+00:00,1.0,P
1342,3238,2021-04-22T07:00:14.655000+00:00,1.0,S
1343,3028,2021-04-22T07:00:12.555000+00:00,1.0,P
1343,3238,2021-04-22T07:00:14.655000+00:00,1.0,S
1344,3028,2021-04-22T07:00:12.555000+00:00,1.0,P
1344,3238,2021-04-22T07:00:14.655000+00:00,1.0,S
1345,3028,2021-04-22T07:00:12.555000+00:00,1.0,P
1345,3237,2021-04-22T07:00:14.644999+00:00,1.0,S
1346,3028,2021-04-22T07:00:12.555000+00:00,1.0,P
1346,3237,2021-04-22T07:00:14.644999+00:00,1.0,S
1347,3028,2021-04-22T07:00:12.555000+00:00,1.0,P
1347,3237,2021-04-22T07:00:14.644999+00:00,1.0,S
1348,3028,2021-04-22T07:00:12.555000+00:00,1.0,P
1348,3236,2021-04-22T07:00:14.635000+00:00,1.0,S
1349,3027,2021-04-22T07:00:12.545000+00:00,1.0,P
1349,3236,2021-04-22T07:00:14.635000+00:00,1.0,S
1350,3027,2021-04-22T07:00:12.545000+00:00,1.0,P
1350,3235,2021-04-22T07:00:14.625000+00:00,1.0,S
1351,3027,2021-04-22T07:00:12.545000+00:00,1.0,P
1351,3235,2021-04-22T07:00:14.625000+00:00,1.0,S
1352,3027,2021-04-22T07:00:12.545000+00:00,1.0,P
1352,3235,2021-04-22T07:00:14.625000+00:00,1.0,S
1353,3027,2021-04-22T07:00:12.545000+00:00,1.0,P
1353,3234,2021-04-22T07:00:14.615000+00:00,1.0,S
1354,3027,2021-04-22T07:00:12.545000+00:00,1.0,P
1354,3234,2021-04-22T07:00:14.615000+00:00,1.0,S
1355,3026,2021-04-22T07:00:12.535000+00:00,1.0,P
1355,3234,2021-04-22T07:00:14.615000+00:00,1.0,S
1356,3026,2021-04-22T07:00:12.535000+00:00,1.0,P
1356,3233,2021-04-22T07:00:14.605000+00:00,1.0,S
1357,3026,2021-04-22T07:00:12.535000+00:00,1.0,P
1357,3233,2021-04-22T07:00:14.605000+00:00,1.0,S
1358,3026,2021-04-22T07:00:12.535000+00:00,1.0,P
1358,3232,2021-04-22T07:00:14.595000+00:00,1.0,S
1359,3026,2021-04-22T07:00:12.535000+00:00,1.0,P
1359,3232,2021-04-22T07:00:14.595000+00:00,1.0,S
1360,3026,2021-04-22T07:00:12.535000+00:00,1.0,P
1360,3232,2021-04-22T07:00:14.595000+00:00,1.0,S
1361,3025,2021-04-22T07:00:12.525000+00:00,1.0,P
1361,3231,2021-04-22T07:00:14.585000+00:00,1.0,S
1362,3025,2021-04-22T07:00:12.525000+00:00,1.0,P
1362,3231,2021-04-22T07:00:14.585000+00:00,1.0,S
1363,3025,2021-04-22T07:00:12.525000+00:00,1.0,P
1363,3230,2021-04-22T07:00:14.574999+00:00,1.0,S
1364,3025,2021-04-22T07:00:12.525000+00:00,1.0,P
1364,3230,2021-04-22T07:00:14.574999+00:00,1.0,S
1365,3025,2021-04-22T07:00:12.525000+00:00,1.0,P
1365,3230,2021-04-22T07:00:14.574999+00:00,1.0,S
1366,3024,2021-04-22T07:00:12.515000+00:00,1.0,P
1366,3229,2021-04-22T07:00:14.565000+00:00,1.0,S
1367,3024,2021-04-22T07:00:12.515000+00:00,1.0,P
1367,3229,2021-04-22T07:00:14.565000+00:00,1.0,S
1368,3024,2021-04-22T07:00:12.515000+00:00,1.0,P
1368,3229,2021-04-22T07:00:14.565000+00:00,1.0,S
1369,3024,2021-04-22T07:00:12.515000+00:00,1.0,P
1369,3228,2021-04-22T07:00:14.555000+00:00,1.0,S
1370,3024,2021-04-22T07:00:12.515000+00:00,1.0,P
1370,3228,2021-04-22T07:00:14.555000+00:00,1.0,S
1371,3024,2021-04-22T07:00:12.515000+00:00,1.0,P
1371,3228,2021-04-22T07:00:14.555000+00:00,1.0,S
1372,3023,2021-04-22T07:00:12.505000+00:00,1.0,P
1372,3227,2021-04-22T07:00:14.545000+00:00,1.0,S
1373,3023,2021-04-22T07:00:12.505000+00:00,1.0,P
1373,3227,2021-04-22T07:00:14.545000+00:00,1.0,S
1374,3023,2021-04-22T07:00:12.505000+00:00,1.0,P
1374,3226,2021-04-22T07:00:14.534999+00:00,1.0,S
1375,3023,2021-04-22T07:00:12.505000+00:00,1.0,P
1375,3226,2021-04-22T07:00:14.534999+00:00,1.0,S
1376,3023,2021-04-22T07:00:12.505000+00:00,1.0,P
1376,3226,2021-04-22T07:00:14.534999+00:00,1.0,S
1377,3022,2021-04-22T07:00:12.495000+00:00,1.0,P
1377,3225,2021-04-22T07:00:14.525000+00:00,1.0,S
1378,3022,2021-04-22T07:00:12.495000+00:00,1.0,P
1378,3225,2021-04-22T07:00:14.525000+00:00,1.0,S
1379,3022,2021-04-22T07:00:12.495000+00:00,1.0,P
1379,3225,2021-04-22T07:00:14.525000+00:00,1.0,S
1380,3022,2021-04-22T07:00:12.495000+00:00,1.0,P
1380,3224,2021-04-22T07:00:14.515000+00:00,1.0,S
1381,3022,2021-04-22T07:00:12.495000+00:00,1.0,P
1381,3224,2021-04-22T07:00:14.515000+00:00,1.0,S
1382,3021,2021-04-22T07:00:12.485000+00:00,1.0,P
1382,3223,2021-04-22T07:00:14.505000+00:00,1.0,S
1383,3021,2021-04-22T07:00:12.485000+00:00,1.0,P
1383,3223,2021-04-22T07:00:14.505000+00:00,1.0,S
1384,3021,2021-04-22T07:00:12.485000+00:00,1.0,P
1384,3222,2021-04-22T07:00:14.495000+00:00,1.0,S
1385,3021,2021-04-22T07:00:12.485000+00:00,1.0,P
1385,3222,2021-04-22T07:00:14.495000+00:00,1.0,S
1386,3021,2021-04-22T07:00:12.485000+00:00,1.0,P
1386,3221,2021-04-22T07:00:14.485000+00:00,1.0,S
1387,3021,2021-04-22T07:00:12.485000+00:00,1.0,P
1387,3221,2021-04-22T07:00:14.485000+00:00,1.0,S
1388,3020,2021-04-22T07:00:12.475000+00:00,1.0,P
1388,3221,2021-04-22T07:00:14.485000+00:00,1.0,S
1389,3020,2021-04-22T07:00:12.475000+00:00,1.0,P
1389,3220,2021-04-22T07:00:14.475000+00:00,1.0,S
1390,3020,2021-04-22T07:00:12.475000+00:00,1.0,P
1390,3220,2021-04-22T07:00:14.475000+00:00,1.0,S
1391,3020,2021-04-22T07:00:12.475000+00:00,1.0,P
1391,3219,2021-04-22T07:00:14.464999+00:00,1.0,S
1392,3020,2021-04-22T07:00:12.475000+00:00,1.0,P
1392,3219,2021-04-22T07:00:14.464999+00:00,1.0,S
1393,3019,2021-04-22T07:00:12.465000+00:00,1.0,P
1393,3218,2021-04-22T07:00:14.455000+00:00,1.0,S
1394,3019,2021-04-22T07:00:12.465000+00:00,1.0,P
1394,3218,2021-04-22T07:00:14.455000+00:00,1.0,S
1395,3019,2021-04-22T07:00:12.465000+00:00,1.0,P
1395,3217,2021-04-22T07:00:14.445000+00:00,1.0,S
1396,3019,2021-04-22T07:00:12.465000+00:00,1.0,P
1396,3217,2021-04-22T07:00:14.445000+00:00,1.0,S
1397,3019,2021-04-22T07:00:12.465000+00:00,1.0,P
1397,3216,2021-04-22T07:00:14.435000+00:00,1.0,S
1398,3018,2021-04-22T07:00:12.455000+00:00,1.0,P
1398,3216,2021-04-22T07:00:14.435000+00:00,1.0,S
1399,3018,2021-04-22T07:00:12.455000+00:00,1.0,P
1399,3216,2021-04-22T07:00:14.435000+00:00,1.0,S
1400,3018,2021-04-22T07:00:12.455000+00:00,1.0,P
1400,3215,2021-04-22T07:00:14.425000+00:00,1.0,S
1401,3018,2021-04-22T07:00:12.455000+00:00,1.0,P
1401,3215,2021-04-22T07:00:14.425000+00:00,1.0,S
1402,3017,2021-04-22T07:00:12.445000+00:00,1.0,P
1402,3214,2021-04-22T07:00:14.415000+00:00,1.0,S
1403,3017,2021-04-22T07:00:12.445000+00:00,1.0,P
1403,3214,2021-04-22T07:00:14.415000+00:00,1.0,S
1404,3017,2021-04-22T07:00:12.445000+00:00,1.0,P
1404,3213,2021-04-22T07:00:14.405000+00:00,1.0,S
1405,3017,2021-04-22T07:00:12.445000+00:00,1.0,P
1405,3213,2021-04-22T07:00:14.405000+00:00,1.0,S
1406,3017,2021-04-22T07:00:12.445000+00:00,1.0,P
1406,3212,2021-04-22T07:00:14.394999+00:00,1.0,S
1407,3016,2021-04-22T07:00:12.435000+00:00,1.0,P
1407,3212,2021-04-22T07:00:14.394999+00:00,1.0,S
1408,3016,2021-04-22T07:00:12.435000+00:00,1.0,P
1408,3211,2021-04-22T07:00:14.385000+00:00,1.0,S
1409,3016,2021-04-22T07:00:12.435000+00:00,1.0,P
1409,3211,2021-04-22T07:00:14.385000+00:00,1.0,S
1410,3016,2021-04-22T07:00:12.435000+00:00,1.0,P
1410,3210,2021-04-22T07:00:14.375000+00:00,1.0,S
1411,3015,2021-04-22T07:00:12.425000+00:00,1.0,P
1411,3210,2021-04-22T07:00:14.375000+00:00,1.0,S
1412,3015,2021-04-22T07:00:12.425000+00:00,1.0,P
1412,3209,2021-04-22T07:00:14.365000+00:00,1.0,S
1413,3015,2021-04-22T07:00:12.425000+00:00,1.0,P
1413,3209,2021-04-22T07:00:14.365000+00:00,1.0,S
1414,3015,2021-04-22T07:00:12.425000+00:00,1.0,P
1414,3208,2021-04-22T07:00:14.355000+00:00,1.0,S
1415,3015,2021-04-22T07:00:12.425000+00:00,1.0,P
1415,3208,2021-04-22T07:00:14.355000+00:00,1.0,S
1416,3014,2021-04-22T07:00:12.415000+00:00,1.0,P
1416,3207,2021-04-22T07:00:14.345000+00:00,1.0,S
1417,3014,2021-04-22T07:00:12.415000+00:00,1.0,P
1417,3207,2021-04-22T07:00:14.345000+00:00,1.0,S
1418,3014,2021-04-22T07:00:12.415000+00:00,1.0,P
1418,3206,2021-04-22T07:00:14.335000+00:00,1.0,S
1419,3014,2021-04-22T07:00:12.415000+00:00,1.0,P
1419,3206,2021-04-22T07:00:14.335000+00:00,1.0,S
1420,3013,2021-04-22T07:00:12.405000+00:00,1.0,P
1420,3205,2021-04-22T07:00:14.324999+00:00,1.0,S
1421,3013,2021-04-22T07:00:12.405000+00:00,1.0,P
1421,3205,2021-04-22T07:00:14.324999+00:00,1.0,S
1422,3013,2021-04-22T07:00:12.405000+00:00,1.0,P
1422,3205,2021-04-22T07:00:14.324999+00:00,1.0,S
1423,3013,2021-04-22T07:00:12.405000+00:00,1.0,P
1423,3204,2021-04-22T07:00:14.315000+00:00,1.0,S
1424,3013,2021-04-22T07:00:12.405000+00:00,1.0,P
1424,3204,2021-04-22T07:00:14.315000+00:00,1.0,S
1425,3012,2021-04-22T07:00:12.395000+00:00,1.0,P
1425,3203,2021-04-22T07:00:14.305000+00:00,1.0,S
1426,3012,2021-04-22T07:00:12.395000+00:00,1.0,P
1426,3203,2021-04-22T07:00:14.305000+00:00,1.0,S
1427,3012,2021-04-22T07:00:12.395000+00:00,1.0,P
1427,3202,2021-04-22T07:00:14.295000+00:00,1.0,S
1428,3012,2021-04-22T07:00:12.395000+00:00,1.0,P
1428,3202,2021-04-22T07:00:14.295000+00:00,1.0,S
1429,3011,2021-04-22T07:00:12.385000+00:00,1.0,P
1429,3201,2021-04-22T07:00:14.284999+00:00,1.0,S
1430,3011,2021-04-22T07:00:12.385000+00:00,1.0,P
1430,3201,2021-04-22T07:00:14.284999+00:00,1.0,S
1431,3011,2021-04-22T07:00:12.385000+00:00,1.0,P
1431,3200,2021-04-22T07:00:14.275000+00:00,1.0,S
1432,3011,2021-04-22T07:00:12.385000+00:00,1.0,P
1432,3200,2021-04-22T07:00:14.275000+00:00,1.0,S
1433,3011,2021-04-22T07:00:12.385000+00:00,1.0,P
1433,3199,2021-04-22T07:00:14.265000+00:00,1.0,S
1434,3010,2021-04-22T07:00:12.375000+00:00,1.0,P
1434,3199,2021-04-22T07:00:14.265000+00:00,1.0,S
1435,3010,2021-04-22T07:00:12.375000+00:00,1.0,P
1435,3199,2021-04-22T07:00:14.265000+00:00,1.0,S
1436,3010,2021-04-22T07:00:12.375000+00:00,1.0,P
1436,3198,2021-04-22T07:00:14.255000+00:00,1.0,S
1437,3010,2021-04-22T07:00:12.375000+00:00,1.0,P
1437,3198,2021-04-22T07:00:14.255000+00:00,1.0,S
1438,3010,2021-04-22T07:00:12.375000+00:00,1.0,P
1438,3197,2021-04-22T07:00:14.245000+00:00,1.0,S
1439,3009,2021-04-22T07:00:12.365000+00:00,1.0,P
1439,3197,2021-04-22T07:00:14.245000+00:00,1.0,S
1440,3009,2021-04-22T07:00:12.365000+00:00,1.0,P
1440,3196,2021-04-22T07:00:14.235000+00:00,1.0,S
1441,3009,2021-04-22T07:00:12.365000+00:00,1.0,P
1441,3196,2021-04-22T07:00:14.235000+00:00,1.0,S
1442,3009,2021-04-22T07:00:12.365000+00:00,1.0,P
1442,3196,2021-04-22T07:00:14.235000+00:00,1.0,S
1443,3009,2021-04-22T07:00:12.365000+00:00,1.0,P
1443,3195,2021-04-22T07:00:14.225000+00:00,1.0,S
1444,3008,2021-04-22T07:00:12.355000+00:00,1.0,P
1444,3195,2021-04-22T07:00:14.225000+00:00,1.0,S
1445,3008,2021-04-22T07:00:12.355000+00:00,1.0,P
1445,3194,2021-04-22T07:00:14.215000+00:00,1.0,S
1446,3008,2021-04-22T07:00:12.355000+00:00,1.0,P
1446,3194,2021-04-22T07:00:14.215000+00:00,1.0,S
1447,3008,2021-04-22T07:00:12.355000+00:00,1.0,P
1447,3194,2021-04-22T07:00:14.215000+00:00,1.0,S
1448,3008,2021-04-22T07:00:12.355000+00:00,1.0,P
1448,3193,2021-04-22T07:00:14.205000+00:00,1.0,S
1449,3007,2021-04-22T07:00:12.345000+00:00,1.0,P
1449,3193,2021-04-22T07:00:14.205000+00:00,1.0,S
1450,3007,2021-04-22T07:00:12.345000+00:00,1.0,P
1450,3192,2021-04-22T07:00:14.195000+00:00,1.0,S
1451,3007,2021-04-22T07:00:12.345000+00:00,1.0,P
1451,3192,2021-04-22T07:00:14.195000+00:00,1.0,S
1452,3007,2021-04-22T07:00:12.345000+00:00,1.0,P
1452,3192,2021-04-22T07:00:14.195000+00:00,1.0,S
1453,3007,2021-04-22T07:00:12.345000+00:00,1.0,P
1453,3191,2021-04-22T07:00:14.185000+00:00,1.0,S
1454,3006,2021-04-22T07:00:12.335000+00:00,1.0,P
1454,3191,2021-04-22T07:00:14.185000+00:00,1.0,S
1455,3006,2021-04-22T07:00:12.335000+00:00,1.0,P
1455,3190,2021-04-22T07:00:14.175000+00:00,1.0,S
1456,3006,2021-04-22T07:00:12.335000+00:00,1.0,P
1456,3190,2021-04-22T07:00:14.175000+00:00,1.0,S
1457,3006,2021-04-22T07:00:12.335000+00:00,1.0,P
1457,3190,2021-04-22T07:00:14.175000+00:00,1.0,S
1458,3006,2021-04-22T07:00:12.335000+00:00,1.0,P
1458,3189,2021-04-22T07:00:14.165000+00:00,1.0,S
1459,3005,2021-04-22T07:00:12.325000+00:00,1.0,P
1459,3189,2021-04-22T07:00:14.165000+00:00,1.0,S
1460,3005,2021-04-22T07:00:12.325000+00:00,1.0,P
1460,3188,2021-04-22T07:00:14.155000+00:00,1.0,S
1461,3005,2021-04-22T07:00:12.325000+00:00,1.0,P
1461,3188,2021-04-22T07:00:14.155000+00:00,1.0,S
1462,3005,2021-04-22T07:00:12.325000+00:00,1.0,P
1462,3187,2021-04-22T07:00:14.145000+00:00,1.0,S
1463,3005,2021-04-22T07:00:12.325000+00:00,1.0,P
1463,3187,2021-04-22T07:00:14.145000+00:00,1.0,S
1464,3004,2021-04-22T07:00:12.315000+00:00,1.0,P
1464,3186,2021-04-22T07:00:14.135000+00:00,1.0,S
1465,3004,2021-04-22T07:00:12.315000+00:00,1.0,P
1465,3186,2021-04-22T07:00:14.135000+00:00,1.0,S
1466,3004,2021-04-22T07:00:12.315000+00:00,1.0,P
1466,3186,2021-04-22T07:00:14.135000+00:00,1.0,S
1467,3004,2021-04-22T07:00:12.315000+00:00,1.0,P
1467,3185,2021-04-22T07:00:14.125000+00:00,1.0,S
1468,3004,2021-04-22T07:00:12.315000+00:00,1.0,P
1468,3185,2021-04-22T07:00:14.125000+00:00,1.0,S
1469,3004,2021-04-22T07:00:12.315000+00:00,1.0,P
1469,3184,2021-04-22T07:00:14.115000+00:00,1.0,S
1470,3003,2021-04-22T07:00:12.305000+00:00,1.0,P
1470,3184,2021-04-22T07:00:14.115000+00:00,1.0,S
1471,3003,2021-04-22T07:00:12.305000+00:00,1.0,P
1471,3183,2021-04-22T07:00:14.105000+00:00,1.0,S
1472,3003,2021-04-22T07:00:12.305000+00:00,1.0,P
1472,3183,2021-04-22T07:00:14.105000+00:00,1.0,S
1473,3003,2021-04-22T07:00:12.305000+00:00,1.0,P
1473,3183,2021-04-22T07:00:14.105000+00:00,1.0,S
1474,3003,2021-04-22T07:00:12.305000+00:00,1.0,P
1474,3182,2021-04-22T07:00:14.095000+00:00,1.0,S
1475,3002,2021-04-22T07:00:12.295000+00:00,1.0,P
1475,3182,2021-04-22T07:00:14.095000+00:00,1.0,S
1476,3002,2021-04-22T07:00:12.295000+00:00,1.0,P
1476,3181,2021-04-22T07:00:14.085000+00:00,1.0,S
1477,3002,2021-04-22T07:00:12.295000+00:00,1.0,P
1477,3181,2021-04-22T07:00:14.085000+00:00,1.0,S
1478,3002,2021-04-22T07:00:12.295000+00:00,1.0,P
1478,3180,2021-04-22T07:00:14.075000+00:00,1.0,S
1479,3002,2021-04-22T07:00:12.295000+00:00,1.0,P
1479,3180,2021-04-22T07:00:14.075000+00:00,1.0,S
1480,3001,2021-04-22T07:00:12.285000+00:00,1.0,P
1480,3180,2021-04-22T07:00:14.075000+00:00,1.0,S
1481,3001,2021-04-22T07:00:12.285000+00:00,1.0,P
1481,3179,2021-04-22T07:00:14.065000+00:00,1.0,S
1482,3001,2021-04-22T07:00:12.285000+00:00,1.0,P
1482,3179,2021-04-22T07:00:14.065000+00:00,1.0,S
1483,3001,2021-04-22T07:00:12.285000+00:00,1.0,P
1483,3178,2021-04-22T07:00:14.055000+00:00,1.0,S
1484,3001,2021-04-22T07:00:12.285000+00:00,1.0,P
1484,3178,2021-04-22T07:00:14.055000+00:00,1.0,S
1485,3000,2021-04-22T07:00:12.275000+00:00,1.0,P
1485,3178,2021-04-22T07:00:14.055000+00:00,1.0,S
1486,3000,2021-04-22T07:00:12.275000+00:00,1.0,P
1486,3177,2021-04-22T07:00:14.045000+00:00,1.0,S
1487,3000,2021-04-22T07:00:12.275000+00:00,1.0,P
1487,3177,2021-04-22T07:00:14.045000+00:00,1.0,S
1488,3000,2021-04-22T07:00:12.275000+00:00,1.0,P
1488,3176,2021-04-22T07:00:14.035000+00:00,1.0,S
1489,3000,2021-04-22T07:00:12.275000+00:00,1.0,P
1489,3176,2021-04-22T07:00:14.035000+00:00,1.0,S
1490,3000,2021-04-22T07:00:12.275000+00:00,1.0,P
1490,3176,2021-04-22T07:00:14.035000+00:00,1.0,S
1491,2999,2021-04-22T07:00:12.265000+00:00,1.0,P
1491,3175,2021-04-22T07:00:14.025000+00:00,1.0,S
1492,2999,2021-04-22T07:00:12.265000+00:00,1.0,P
1492,3175,2021-04-22T07:00:14.025000+00:00,1.0,S
1493,2999,2021-04-22T07:00:12.265000+00:00,1.0,P
1493,3175,2021-04-22T07:00:14.025000+00:00,1.0,S
1494,2999,2021-04-22T07:00:12.265000+00:00,1.0,P
1494,3174,2021-04-22T07:00:14.015000+00:00,1.0,S
1495,2999,2021-04-22T07:00:12.265000+00:00,1.0,P
1495,3174,2021-04-22T07:00:14.015000+00:00,1.0,S
1496,2998,2021-04-22T07:00:12.255000+00:00,1.0,P
1496,3173,2021-04-22T07:00:14.005000+00:00,1.0,S
1497,2998,2021-04-22T07:00:12.255000+00:00,1.0,P
1497,3173,2021-04-22T07:00:14.005000+00:00,1.0,S
1498,2998,2021-04-22T07:00:12.255000+00:00,1.0,P
1498,3173,2021-04-22T07:00:14.005000+00:00,1.0,S
1499,2998,2021-04-22T07:00:12.255000+00:00,1.0,P
1499,3172,2021-04-22T07:00:13.995000+00:00,1.0,S
1500,2998,2021-04-22T07:00:12.255000+00:00,1.0,P
1500,3172,2021-04-22T07:00:13.995000+00:00,1.0,S
1501,2998,2021-04-22T07:00:12.255000+00:00,1.0,P
1501,3171,2021-04-22T07:00:13.985000+00:00,1.0,S
1502,2997,2021-04-22T07:00:12.245000+00:00,1.0,P
1502,3171,2021-04-22T07:00:13.985000+00:00,1.0,S
1503,2997,2021-04-22T07:00:12.245000+00:00,1.0,P
1503,3171,2021-04-22T07:00:13.985000+00:00,1.0,S
1504,2997,2021-04-22T07:00:12.245000+00:00,1.0,P
1504,3170,2021-04-22T07:00:13.975000+00:00,1.0,S
1505,2997,2021-04-22T07:00:12.245000+00:00,1.0,P
1505,3170,2021-04-22T07:00:13.975000+00:00,1.0,S
1506,2997,2021-04-22T07:00:12.245000+00:00,1.0,P
1506,3169,2021-04-22T07:00:13.965000+00:00,1.0,S
1507,2997,2021-04-22T07:00:12.245000+00:00,1.0,P
1507,3169,2021-04-22T07:00:13.965000+00:00,1.0,S
1508,2996,2021-04-22T07:00:12.235000+00:00,1.0,P
1508,3169,2021-04-22T07:00:13.965000+00:00,1.0,S
1509,2996,2021-04-22T07:00:12.235000+00:00,1.0,P
1509,3168,2021-04-22T07:00:13.955000+00:00,1.0,S
1510,2996,2021-04-22T07:00:12.235000+00:00,1.0,P
1510,3168,2021-04-22T07:00:13.955000+00:00,1.0,S
1511,2996,2021-04-22T07:00:12.235000+00:00,1.0,P
1511,3167,2021-04-22T07:00:13.945000+00:00,1.0,S
1512,2996,2021-04-22T07:00:12.235000+00:00,1.0,P
1512,3167,2021-04-22T07:00:13.945000+00:00,1.0,S
1513,2996,2021-04-22T07:00:12.235000+00:00,1.0,P
1513,3167,2021-04-22T07:00:13.945000+00:00,1.0,S
1514,2996,2021-04-22T07:00:12.235000+00:00,1.0,P
1514,3166,2021-04-22T07:00:13.935000+00:00,1.0,S
1515,2995,2021-04-22T07:00:12.225000+00:00,1.0,P
1515,3166,2021-04-22T07:00:13.935000+00:00,1.0,S
1516,2995,2021-04-22T07:00:12.225000+00:00,1.0,P
1516,3166,2021-04-22T07:00:13.935000+00:00,1.0,S
1517,2995,2021-04-22T07:00:12.225000+00:00,1.0,P
1517,3165,2021-04-22T07:00:13.925000+00:00,1.0,S
1518,2995,2021-04-22T07:00:12.225000+00:00,1.0,P
1518,3165,2021-04-22T07:00:13.925000+00:00,1.0,S
1519,2995,2021-04-22T07:00:12.225000+00:00,1.0,P
1519,3165,2021-04-22T07:00:13.925000+00:00,1.0,S
1520,2995,2021-04-22T07:00:12.225000+00:00,1.0,P
1520,3164,2021-04-22T07:00:13.915000+00:00,1.0,S
1521,2994,2021-04-22T07:00:12.215000+00:00,1.0,P
1521,3164,2021-04-22T07:00:13.915000+00:00,1.0,S
1522,2994,2021-04-22T07:00:12.215000+00:00,1.0,P
1522,3163,2021-04-22T07:00:13.905000+00:00,1.0,S
1523,2994,2021-04-22T07:00:12.215000+00:00,1.0,P
1523,3163,2021-04-22T07:00:13.905000+00:00,1.0,S
1524,2994,2021-04-22T07:00:12.215000+00:00,1.0,P
1524,3163,2021-04-22T07:00:13.905000+00:00,1.0,S
1525,2994,2021-04-22T07:00:12.215000+00:00,1.0,P
1525,3163,2021-04-22T07:00:13.905000+00:00,1.0,S
1526,2994,2021-04-22T07:00:12.215000+00:00,1.0,P
1526,3162,2021-04-22T07:00:13.895000+00:00,1.0,S
1527,2994,2021-04-22T07:00:12.215000+00:00,1.0,P
1527,3162,2021-04-22T07:00:13.895000+00:00,1.0,S
1528,2993,2021-04-22T07:00:12.205000+00:00,1.0,P
1528,3162,2021-04-22T07:00:13.895000+00:00,1.0,S
1529,2993,2021-04-22T07:00:12.205000+00:00,1.0,P
1529,3161,2021-04-22T07:00:13.885000+00:00,1.0,S
1530,2993,2021-04-22T07:00:12.205000+00:00,1.0,P
1530,3161,2021-04-22T07:00:13.885000+00:00,1.0,S
1531,2993,2021-04-22T07:00:12.205000+00:00,1.0,P
1531,3161,2021-04-22T07:00:13.885000+00:00,1.0,S
1532,2993,2021-04-22T07:00:12.205000+00:00,1.0,P
1532,3160,2021-04-22T07:00:13.875000+00:00,1.0,S
1533,2993,2021-04-22T07:00:12.205000+00:00,1.0,P
1533,3160,2021-04-22T07:00:13.875000+00:00,1.0,S
1534,2993,2021-04-22T07:00:12.205000+00:00,1.0,P
1534,3160,2021-04-22T07:00:13.875000+00:00,1.0,S
1535,2992,2021-04-22T07:00:12.195000+00:00,1.0,P
1535,3160,2021-04-22T07:00:13.875000+00:00,1.0,S
1536,2992,2021-04-22T07:00:12.195000+00:00,1.0,P
1536,3159,2021-04-22T07:00:13.865000+00:00,1.0,S
1537,2992,2021-04-22T07:00:12.195000+00:00,1.0,P
1537,3159,2021-04-22T07:00:13.865000+00:00,1.0,S
1538,2992,2021-04-22T07:00:12.195000+00:00,1.0,P
1538,3159,2021-04-22T07:00:13.865000+00:00,1.0,S
1539,2992,2021-04-22T07:00:12.195000+00:00,1.0,P
1539,3159,2021-04-22T07:00:13.865000+00:00,1.0,S
1540,2992,2021-04-22T07:00:12.195000+00:00,1.0,P
1540,3158,2021-04-22T07:00:13.855000+00:00,1.0,S
1541,2992,2021-04-22T07:00:12.195000+00:00,1.0,P
1541,3158,2021-04-22T07:00:13.855000+00:00,1.0,S
1542,2992,2021-04-22T07:00:12.195000+00:00,1.0,P
1542,3158,2021-04-22T07:00:13.855000+00:00,1.0,S
1543,2991,2021-04-22T07:00:12.185000+00:00,1.0,P
1543,3158,2021-04-22T07:00:13.855000+00:00,1.0,S
1544,2991,2021-04-22T07:00:12.185000+00:00,1.0,P
1544,3157,2021-04-22T07:00:13.845000+00:00,1.0,S
1545,2991,2021-04-22T07:00:12.185000+00:00,1.0,P
1545,3157,2021-04-22T07:00:13.845000+00:00,1.0,S
1546,2991,2021-04-22T07:00:12.185000+00:00,1.0,P
1546,3157,2021-04-22T07:00:13.845000+00:00,1.0,S
1547,2991,2021-04-22T07:00:12.185000+00:00,1.0,P
1547,3157,2021-04-22T07:00:13.845000+00:00,1.0,S
1548,2991,2021-04-22T07:00:12.185000+00:00,1.0,P
1548,3156,2021-04-22T07:00:13.835000+00:00,1.0,S
1549,2991,2021-04-22T07:00:12.185000+00:00,1.0,P
1549,3156,2021-04-22T07:00:13.835000+00:00,1.0,S
1550,2991,2021-04-22T07:00:12.185000+00:00,1.0,P
1550,3156,2021-04-22T07:00:13.835000+00:00,1.0,S
1551,2990,2021-04-22T07:00:12.175000+00:00,1.0,P
1551,3156,2021-04-22T07:00:13.835000+00:00,1.0,S
1552,2990,2021-04-22T07:00:12.175000+00:00,1.0,P
1552,3155,2021-04-22T07:00:13.825000+00:00,1.0,S
1553,2990,2021-04-22T07:00:12.175000+00:00,1.0,P
1553,3155,2021-04-22T07:00:13.825000+00:00,1.0,S
1554,2990,2021-04-22T07:00:12.175000+00:00,1.0,P
1554,3155,2021-04-22T07:00:13.825000+00:00,1.0,S
1555,2990,2021-04-22T07:00:12.175000+00:00,1.0,P
1555,3155,2021-04-22T07:00:13.825000+00:00,1.0,S
1556,2990,2021-04-22T07:00:12.175000+00:00,1.0,P
1556,3155,2021-04-22T07:00:13.825000+00:00,1.0,S
1557,2990,2021-04-22T07:00:12.175000+00:00,1.0,P
1557,3155,2021-04-22T07:00:13.825000+00:00,1.0,S
1558,2990,2021-04-22T07:00:12.175000+00:00,1.0,P
1558,3154,2021-04-22T07:00:13.815000+00:00,1.0,S
1559,2990,2021-04-22T07:00:12.175000+00:00,1.0,P
1559,3154,2021-04-22T07:00:13.815000+00:00,1.0,S
1560,2990,2021-04-22T07:00:12.175000+00:00,1.0,P
1560,3154,2021-04-22T07:00:13.815000+00:00,1.0,S
1561,2989,2021-04-22T07:00:12.165000+00:00,1.0,P
1561,3154,2021-04-22T07:00:13.815000+00:00,1.0,S
1562,2989,2021-04-22T07:00:12.165000+00:00,1.0,P
1562,3154,2021-04-22T07:00:13.815000+00:00,1.0,S
1563,2989,2021-04-22T07:00:12.165000+00:00,1.0,P
1563,3154,2021-04-22T07:00:13.815000+00:00,1.0,S
1564,2989,2021-04-22T07:00:12.165000+00:00,1.0,P
1564,3153,2021-04-22T07:00:13.805000+00:00,1.0,S
1565,2989,2021-04-22T07:00:12.165000+00:00,1.0,P
1565,3153,2021-04-22T07:00:13.805000+00:00,1.0,S
1566,2989,2021-04-22T07:00:12.165000+00:00,1.0,P
1566,3153,2021-04-22T07:00:13.805000+00:00,1.0,S
1567,2989,2021-04-22T07:00:12.165000+00:00,1.0,P
1567,3153,2021-04-22T07:00:13.805000+00:00,1.0,S
1568,2989,2021-04-22T07:00:12.165000+00:00,1.0,P
1568,3153,2021-04-22T07:00:13.805000+00:00,1.0,S
1569,2989,2021-04-22T07:00:12.165000+00:00,1.0,P
1569,3152,2021-04-22T07:00:13.795000+00:00,1.0,S
1570,2989,2021-04-22T07:00:12.165000+00:00,1.0,P
1570,3152,2021-04-22T07:00:13.795000+00:00,1.0,S
1571,2988,2021-04-22T07:00:12.155000+00:00,1.0,P
1571,3152,2021-04-22T07:00:13.795000+00:00,1.0,S
1572,2988,2021-04-22T07:00:12.155000+00:00,1.0,P
1572,3152,2021-04-22T07:00:13.795000+00:00,1.0,S
1573,2988,2021-04-22T07:00:12.155000+00:00,1.0,P
1573,3152,2021-04-22T07:00:13.795000+00:00,1.0,S
1574,2988,2021-04-22T07:00:12.155000+00:00,1.0,P
1574,3151,2021-04-22T07:00:13.785000+00:00,1.0,S
1575,2988,2021-04-22T07:00:12.155000+00:00,1.0,P
1575,3151,2021-04-22T07:00:13.785000+00:00,1.0,S
1576,2988,2021-04-22T07:00:12.155000+00:00,1.0,P
1576,3151,2021-04-22T07:00:13.785000+00:00,1.0,S
1577,2988,2021-04-22T07:00:12.155000+00:00,1.0,P
1577,3151,2021-04-22T07:00:13.785000+00:00,1.0,S
1578,2988,2021-04-22T07:00:12.155000+00:00,1.0,P
1578,3151,2021-04-22T07:00:13.785000+00:00,1.0,S
1579,2988,2021-04-22T07:00:12.155000+00:00,1.0,P
1579,3150,2021-04-22T07:00:13.775000+00:00,1.0,S
1580,2988,2021-04-22T07:00:12.155000+00:00,1.0,P
1580,3150,2021-04-22T07:00:13.775000+00:00,1.0,S
1581,2988,2021-04-22T07:00:12.155000+00:00,1.0,P
1581,3150,2021-04-22T07:00:13.775000+00:00,1.0,S
1582,2988,2021-04-22T07:00:12.155000+00:00,1.0,P
1582,3150,2021-04-22T07:00:13.775000+00:00,1.0,S
1583,2988,2021-04-22T07:00:12.155000+00:00,1.0,P
1583,3150,2021-04-22T07:00:13.775000+00:00,1.0,S
1584,2987,2021-04-22T07:00:12.145000+00:00,1.0,P
1584,3150,2021-04-22T07:00:13.775000+00:00,1.0,S
1585,2987,2021-04-22T07:00:12.145000+00:00,1.0,P
1585,3150,2021-04-22T07:00:13.775000+00:00,1.0,S
1586,2987,2021-04-22T07:00:12.145000+00:00,1.0,P
1586,3149,2021-04-22T07:00:13.765000+00:00,1.0,S
1587,2987,2021-04-22T07:00:12.145000+00:00,1.0,P
1587,3149,2021-04-22T07:00:13.765000+00:00,1.0,S
1588,2987,2021-04-22T07:00:12.145000+00:00,1.0,P
1588,3149,2021-04-22T07:00:13.765000+00:00,1.0,S
1589,2987,2021-04-22T07:00:12.145000+00:00,1.0,P
1589,3149,2021-04-22T07:00:13.765000+00:00,1.0,S
1590,2987,2021-04-22T07:00:12.145000+00:00,1.0,P
1590,3149,2021-04-22T07:00:13.765000+00:00,1.0,S
1591,2987,2021-04-22T07:00:12.145000+00:00,1.0,P
1591,3149,2021-04-22T07:00:13.765000+00:00,1.0,S
1592,2987,2021-04-22T07:00:12.145000+00:00,1.0,P
1592,3148,2021-04-22T07:00:13.755000+00:00,1.0,S
1593,2987,2021-04-22T07:00:12.145000+00:00,1.0,P
1593,3148,2021-04-22T07:00:13.755000+00:00,1.0,S
1594,2987,2021-04-22T07:00:12.145000+00:00,1.0,P
1594,3148,2021-04-22T07:00:13.755000+00:00,1.0,S
1595,2987,2021-04-22T07:00:12.145000+00:00,1.0,P
1595,3148,2021-04-22T07:00:13.755000+00:00,1.0,S
1596,2987,2021-04-22T07:00:12.145000+00:00,1.0,P
1596,3148,2021-04-22T07:00:13.755000+00:00,1.0,S
1597,2987,2021-04-22T07:00:12.145000+00:00,1.0,P
1597,3148,2021-04-22T07:00:13.755000+00:00,1.0,S
1598,2987,2021-04-22T07:00:12.145000+00:00,1.0,P
1598,3148,2021-04-22T07:00:13.755000+00:00,1.0,S
1599,2987,2021-04-22T07:00:12.145000+00:00,1.0,P
1599,3148,2021-04-22T07:00:13.755000+00:00,1.0,S
1600,2986,2021-04-22T07:00:12.135000+00:00,1.0,P
1600,3148,2021-04-22T07:00:13.755000+00:00,1.0,S
1601,2986,2021-04-22T07:00:12.135000+00:00,1.0,P
1601,3148,2021-04-22T07:00:13.755000+00:00,1.0,S
1602,2986,2021-04-22T07:00:12.135000+00:00,1.0,P
1602,3148,2021-04-22T07:00:13.755000+00:00,1.0,S
1603,2986,2021-04-22T07:00:12.135000+00:00,1.0,P
1603,3148,2021-04-22T07:00:13.755000+00:00,1.0,S
1604,2986,2021-04-22T07:00:12.135000+00:00,1.0,P
1604,3148,2021-04-22T07:00:13.755000+00:00,1.0,S
1605,2986,2021-04-22T07:00:12.135000+00:00,1.0,P
1605,3147,2021-04-22T07:00:13.745000+00:00,1.0,S
1606,2986,2021-04-22T07:00:12.135000+00:00,1.0,P
1606,3147,2021-04-22T07:00:13.745000+00:00,1.0,S
1607,2986,2021-04-22T07:00:12.135000+00:00,1.0,P
1607,3147,2021-04-22T07:00:13.745000+00:00,1.0,S
1608,2986,2021-04-22T07:00:12.135000+00:00,1.0,P
1608,3147,2021-04-22T07:00:13.745000+00:00,1.0,S
1609,2986,2021-04-22T07:00:12.135000+00:00,1.0,P
1609,3147,2021-04-22T07:00:13.745000+00:00,1.0,S
1610,2986,2021-04-22T07:00:12.135000+00:00,1.0,P
1610,3147,2021-04-22T07:00:13.745000+00:00,1.0,S
1611,2986,2021-04-22T07:00:12.135000+00:00,1.0,P
1611,3147,2021-04-22T07:00:13.745000+00:00,1.0,S
1612,2986,2021-04-22T07:00:12.135000+00:00,1.0,P
1612,3147,2021-04-22T07:00:13.745000+00:00,1.0,S
1613,2986,2021-04-22T07:00:12.135000+00:00,1.0,P
1613,3147,2021-04-22T07:00:13.745000+00:00,1.0,S
1614,2986,2021-04-22T07:00:12.135000+00:00,1.0,P
1614,3147,2021-04-22T07:00:13.745000+00:00,1.0,S
1615,2986,2021-04-22T07:00:12.135000+00:00,1.0,P
1615,3147,2021-04-22T07:00:13.745000+00:00,1.0,S
1616,2986,2021-04-22T07:00:12.135000+00:00,1.0,P
1616,3147,2021-04-22T07:00:13.745000+00:00,1.0,S
1617,2986,2021-04-22T07:00:12.135000+00:00,1.0,P
1617,3147,2021-04-22T07:00:13.745000+00:00,1.0,S
1618,2986,2021-04-22T07:00:12.135000+00:00,1.0,P
1618,3147,2021-04-22T07:00:13.745000+00:00,1.0,S
1619,2986,2021-04-22T07:00:12.135000+00:00,1.0,P
1619,3147,2021-04-22T07:00:13.745000+00:00,1.0,S
1620,2986,2021-04-22T07:00:12.135000+00:00,1.0,P
1620,3147,2021-04-22T07:00:13.745000+00:00,1.0,S
1621,2986,2021-04-22T07:00:12.135000+00:00,1.0,P
1621,3147,2021-04-22T07:00:13.745000+00:00,1.0,S
1622,2986,2021-04-22T07:00:12.135000+00:00,1.0,P
1622,3147,2021-04-22T07:00:13.745000+00:00,1.0,S
1623,2986,2021-04-22T07:00:12.135000+00:00,1.0,P
1623,3147,2021-04-22T07:00:13.745000+00:00,1.0,S
1624,2985,2021-04-22T07:00:12.125000+00:00,1.0,P
1624,3147,2021-04-22T07:00:13.745000+00:00,1.0,S
1625,2985,2021-04-22T07:00:12.125000+00:00,1.0,P
1625,3146,2021-04-22T07:00:13.735000+00:00,1.0,S
1626,2985,2021-04-22T07:00:12.125000+00:00,1.0,P
1626,3146,2021-04-22T07:00:13.735000+00:00,1.0,S
1627,2985,2021-04-22T07:00:12.125000+00:00,1.0,P
1627,3146,2021-04-22T07:00:13.735000+00:00,1.0,S
1628,2985,2021-04-22T07:00:12.125000+00:00,1.0,P
1628,3146,2021-04-22T07:00:13.735000+00:00,1.0,S
1629,2985,2021-04-22T07:00:12.125000+00:00,1.0,P
1629,3146,2021-04-22T07:00:13.735000+00:00,1.0,S
1630,2985,2021-04-22T07:00:12.125000+00:00,1.0,P
1630,3146,2021-04-22T07:00:13.735000+00:00,1.0,S
1631,2985,2021-04-22T07:00:12.125000+00:00,1.0,P
1631,3146,2021-04-22T07:00:13.735000+00:00,1.0,S
1632,2985,2021-04-22T07:00:12.125000+00:00,1.0,P
1632,3146,2021-04-22T07:00:13.735000+00:00,1.0,S
1633,2985,2021-04-22T07:00:12.125000+00:00,1.0,P
1633,3146,2021-04-22T07:00:13.735000+00:00,1.0,S
1634,2985,2021-04-22T07:00:12.125000+00:00,1.0,P
1634,3146,2021-04-22T07:00:13.735000+00:00,1.0,S
1635,2985,2021-04-22T07:00:12.125000+00:00,1.0,P
1635,3146,2021-04-22T07:00:13.735000+00:00,1.0,S
1636,2985,2021-04-22T07:00:12.125000+00:00,1.0,P
1636,3146,2021-04-22T07:00:13.735000+00:00,1.0,S
1637,2985,2021-04-22T07:00:12.125000+00:00,1.0,P
1637,3146,2021-04-22T07:00:13.735000+00:00,1.0,S
1638,2985,2021-04-22T07:00:12.125000+00:00,1.0,P
1638,3146,2021-04-22T07:00:13.735000+00:00,1.0,S
1639,2985,2021-04-22T07:00:12.125000+00:00,1.0,P
1639,3146,2021-04-22T07:00:13.735000+00:00,1.0,S
1640,2985,2021-04-22T07:00:12.125000+00:00,1.0,P
1640,3146,2021-04-22T07:00:13.735000+00:00,1.0,S
1641,2985,2021-04-22T07:00:12.125000+00:00,1.0,P
1641,3146,2021-04-22T07:00:13.735000+00:00,1.0,S
1642,2985,2021-04-22T07:00:12.125000+00:00,1.0,P
1642,3146,2021-04-22T07:00:13.735000+00:00,1.0,S
1643,2985,2021-04-22T07:00:12.125000+00:00,1.0,P
1643,3146,2021-04-22T07:00:13.735000+00:00,1.0,S
1644,2985,2021-04-22T07:00:12.125000+00:00,1.0,P
1644,3146,2021-04-22T07:00:13.735000+00:00,1.0,S
1645,2985,2021-04-22T07:00:12.125000+00:00,1.0,P
1645,3146,2021-04-22T07:00:13.735000+00:00,1.0,S
1646,2985,2021-04-22T07:00:12.125000+00:00,1.0,P
1646,3146,2021-04-22T07:00:13.735000+00:00,1.0,S
1647,2985,2021-04-22T07:00:12.125000+00:00,1.0,P
1647,3146,2021-04-22T07:00:13.735000+00:00,1.0,S
1648,2985,2021-04-22T07:00:12.125000+00:00,1.0,P
1648,3146,2021-04-22T07:00:13.735000+00:00,1.0,S
1649,2985,2021-04-22T07:00:12.125000+00:00,1.0,P
1649,3146,2021-04-22T07:00:13.735000+00:00,1.0,S
1650,2985,2021-04-22T07:00:12.125000+00:00,1.0,P
1650,3146,2021-04-22T07:00:13.735000+00:00,1.0,S
1651,2985,2021-04-22T07:00:12.125000+00:00,1.0,P
1651,3146,2021-04-22T07:00:13.735000+00:00,1.0,S
1652,2985,2021-04-22T07:00:12.125000+00:00,1.0,P
1652,3146,2021-04-22T07:00:13.735000+00:00,1.0,S
1653,2985,2021-04-22T07:00:12.125000+00:00,1.0,P
1653,3146,2021-04-22T07:00:13.735000+00:00,1.0,S
1654,2985,2021-04-22T07:00:12.125000+00:00,1.0,P
1654,3146,2021-04-22T07:00:13.735000+00:00,1.0,S
1655,2985,2021-04-22T07:00:12.125000+00:00,1.0,P
1655,3146,2021-04-22T07:00:13.735000+00:00,1.0,S
1656,2985,2021-04-22T07:00:12.125000+00:00,1.0,P
1656,3146,2021-04-22T07:00:13.735000+00:00,1.0,S
1657,2985,2021-04-22T07:00:12.125000+00:00,1.0,P
1657,3146,2021-04-22T07:00:13.735000+00:00,1.0,S
1658,2985,2021-04-22T07:00:12.125000+00:00,1.0,P
1658,3147,2021-04-22T07:00:13.745000+00:00,1.0,S
1659,2985,2021-04-22T07:00:12.125000+00:00,1.0,P
1659,3147,2021-04-22T07:00:13.745000+00:00,1.0,S
1660,2984,2021-04-22T07:00:12.115000+00:00,1.0,P
1660,3147,2021-04-22T07:00:13.745000+00:00,1.0,S
1661,2984,2021-04-22T07:00:12.115000+00:00,1.0,P
1661,3147,2021-04-22T07:00:13.745000+00:00,1.0,S
1662,2984,2021-04-22T07:00:12.115000+00:00,1.0,P
1662,3147,2021-04-22T07:00:13.745000+00:00,1.0,S
1663,2984,2021-04-22T07:00:12.115000+00:00,1.0,P
1663,3147,2021-04-22T07:00:13.745000+00:00,1.0,S
1664,2984,2021-04-22T07:00:12.115000+00:00,1.0,P
1664,3147,2021-04-22T07:00:13.745000+00:00,1.0,S
1665,2984,2021-04-22T07:00:12.115000+00:00,1.0,P
1665,3147,2021-04-22T07:00:13.745000+00:00,1.0,S
1666,2984,2021-04-22T07:00:12.115000+00:00,1.0,P
1666,3147,2021-04-22T07:00:13.745000+00:00,1.0,S
1667,2984,2021-04-22T07:00:12.115000+00:00,1.0,P
1667,3148,2021-04-22T07:00:13.755000+00:00,1.0,S
1668,2984,2021-04-22T07:00:12.115000+00:00,1.0,P
1668,3148,2021-04-22T07:00:13.755000+00:00,1.0,S
1669,2984,2021-04-22T07:00:12.115000+00:00,1.0,P
1669,3148,2021-04-22T07:00:13.755000+00:00,1.0,S
1670,2984,2021-04-22T07:00:12.115000+00:00,1.0,P
1670,3148,2021-04-22T07:00:13.755000+00:00,1.0,S
1671,2984,2021-04-22T07:00:12.115000+00:00,1.0,P
1671,3148,2021-04-22T07:00:13.755000+00:00,1.0,S
1672,2984,2021-04-22T07:00:12.115000+00:00,1.0,P
1672,3148,2021-04-22T07:00:13.755000+00:00,1.0,S
1673,2984,2021-04-22T07:00:12.115000+00:00,1.0,P
1673,3148,2021-04-22T07:00:13.755000+00:00,1.0,S
1674,2984,2021-04-22T07:00:12.115000+00:00,1.0,P
1674,3148,2021-04-22T07:00:13.755000+00:00,1.0,S
1675,2984,2021-04-22T07:00:12.115000+00:00,1.0,P
1675,3149,2021-04-22T07:00:13.765000+00:00,1.0,S
1676,2984,2021-04-22T07:00:12.115000+00:00,1.0,P
1676,3149,2021-04-22T07:00:13.765000+00:00,1.0,S
1677,2984,2021-04-22T07:00:12.115000+00:00,1.0,P
1677,3149,2021-04-22T07:00:13.765000+00:00,1.0,S
1678,2984,2021-04-22T07:00:12.115000+00:00,1.0,P
1678,3149,2021-04-22T07:00:13.765000+00:00,1.0,S
1679,2985,2021-04-22T07:00:12.125000+00:00,1.0,P
1679,3149,2021-04-22T07:00:13.765000+00:00,1.0,S
1680,2985,2021-04-22T07:00:12.125000+00:00,1.0,P
1680,3149,2021-04-22T07:00:13.765000+00:00,1.0,S
1681,2985,2021-04-22T07:00:12.125000+00:00,1.0,P
1681,3149,2021-04-22T07:00:13.765000+00:00,1.0,S
1682,2985,2021-04-22T07:00:12.125000+00:00,1.0,P
1682,3149,2021-04-22T07:00:13.765000+00:00,1.0,S
1683,2985,2021-04-22T07:00:12.125000+00:00,1.0,P
1683,3149,2021-04-22T07:00:13.765000+00:00,1.0,S
1684,2985,2021-04-22T07:00:12.125000+00:00,1.0,P
1684,3149,2021-04-22T07:00:13.765000+00:00,1.0,S
1685,2985,2021-04-22T07:00:12.125000+00:00,1.0,P
1685,3149,2021-04-22T07:00:13.765000+00:00,1.0,S
1686,2985,2021-04-22T07:00:12.125000+00:00,1.0,P
1686,3150,2021-04-22T07:00:13.775000+00:00,1.0,S
1687,2985,2021-04-22T07:00:12.125000+00:00,1.0,P
1687,3150,2021-04-22T07:00:13.775000+00:00,1.0,S
1688,2985,2021-04-22T07:00:12.125000+00:00,1.0,P
1688,3150,2021-04-22T07:00:13.775000+00:00,1.0,S
1689,2985,2021-04-22T07:00:12.125000+00:00,1.0,P
1689,3150,2021-04-22T07:00:13.775000+00:00,1.0,S
1690,2985,2021-04-22T07:00:12.125000+00:00,1.0,P
1690,3150,2021-04-22T07:00:13.775000+00:00,1.0,S
1691,2985,2021-04-22T07:00:12.125000+00:00,1.0,P
1691,3150,2021-04-22T07:00:13.775000+00:00,1.0,S
1692,2985,2021-04-22T07:00:12.125000+00:00,1.0,P
1692,3150,2021-04-22T07:00:13.775000+00:00,1.0,S
1693,2985,2021-04-22T07:00:12.125000+00:00,1.0,P
1693,3150,2021-04-22T07:00:13.775000+00:00,1.0,S
1694,2985,2021-04-22T07:00:12.125000+00:00,1.0,P
1694,3150,2021-04-22T07:00:13.775000+00:00,1.0,S
1695,2985,2021-04-22T07:00:12.125000+00:00,1.0,P
1695,3150,2021-04-22T07:00:13.775000+00:00,1.0,S
1696,2985,2021-04-22T07:00:12.125000+00:00,1.0,P
1696,3150,2021-04-22T07:00:13.775000+00:00,1.0,S
1697,2985,2021-04-22T07:00:12.125000+00:00,1.0,P
1697,3150,2021-04-22T07:00:13.775000+00:00,1.0,S
1698,2985,2021-04-22T07:00:12.125000+00:00,1.0,P
1698,3150,2021-04-22T07:00:13.775000+00:00,1.0,S
1699,2985,2021-04-22T07:00:12.125000+00:00,1.0,P
1699,3150,2021-04-22T07:00:13.775000+00:00,1.0,S
1700,2985,2021-04-22T07:00:12.125000+00:00,1.0,P
1700,3151,2021-04-22T07:00:13.785000+00:00,1.0,S
1701,2985,2021-04-22T07:00:12.125000+00:00,1.0,P
1701,3151,2021-04-22T07:00:13.785000+00:00,1.0,S
1702,2985,2021-04-22T07:00:12.125000+00:00,1.0,P
1702,3151,2021-04-22T07:00:13.785000+00:00,1.0,S
1703,2985,2021-04-22T07:00:12.125000+00:00,1.0,P
1703,3151,2021-04-22T07:00:13.785000+00:00,1.0,S
1704,2985,2021-04-22T07:00:12.125000+00:00,1.0,P
1704,3151,2021-04-22T07:00:13.785000+00:00,1.0,S
1705,2985,2021-04-22T07:00:12.125000+00:00,1.0,P
1705,3151,2021-04-22T07:00:13.785000+00:00,1.0,S
1706,2985,2021-04-22T07:00:12.125000+00:00,1.0,P
1706,3151,2021-04-22T07:00:13.785000+00:00,1.0,S
1707,2985,2021-04-22T07:00:12.125000+00:00,1.0,P
1707,3151,2021-04-22T07:00:13.785000+00:00,1.0,S
1708,2985,2021-04-22T07:00:12.125000+00:00,1.0,P
1708,3151,2021-04-22T07:00:13.785000+00:00,1.0,S
1709,2985,2021-04-22T07:00:12.125000+00:00,1.0,P
1709,3151,2021-04-22T07:00:13.785000+00:00,1.0,S
1710,2985,2021-04-22T07:00:12.125000+00:00,1.0,P
1710,3151,2021-04-22T07:00:13.785000+00:00,1.0,S
1711,2985,2021-04-22T07:00:12.125000+00:00,1.0,P
1711,3152,2021-04-22T07:00:13.795000+00:00,1.0,S
1712,2985,2021-04-22T07:00:12.125000+00:00,1.0,P
1712,3152,2021-04-22T07:00:13.795000+00:00,1.0,S
1713,2985,2021-04-22T07:00:12.125000+00:00,1.0,P
1713,3152,2021-04-22T07:00:13.795000+00:00,1.0,S
1714,2985,2021-04-22T07:00:12.125000+00:00,1.0,P
1714,3152,2021-04-22T07:00:13.795000+00:00,1.0,S
1715,2985,2021-04-22T07:00:12.125000+00:00,1.0,P
1715,3152,2021-04-22T07:00:13.795000+00:00,1.0,S
1716,2985,2021-04-22T07:00:12.125000+00:00,1.0,P
1716,3152,2021-04-22T07:00:13.795000+00:00,1.0,S
1717,2985,2021-04-22T07:00:12.125000+00:00,1.0,P
1717,3152,2021-04-22T07:00:13.795000+00:00,1.0,S
1718,2985,2021-04-22T07:00:12.125000+00:00,1.0,P
1718,3152,2021-04-22T07:00:13.795000+00:00,1.0,S
1719,2985,2021-04-22T07:00:12.125000+00:00,1.0,P
1719,3153,2021-04-22T07:00:13.805000+00:00,1.0,S
1720,2985,2021-04-22T07:00:12.125000+00:00,1.0,P
1720,3153,2021-04-22T07:00:13.805000+00:00,1.0,S
1721,2985,2021-04-22T07:00:12.125000+00:00,1.0,P
1721,3153,2021-04-22T07:00:13.805000+00:00,1.0,S
1722,2985,2021-04-22T07:00:12.125000+00:00,1.0,P
1722,3153,2021-04-22T07:00:13.805000+00:00,1.0,S
1723,2985,2021-04-22T07:00:12.125000+00:00,1.0,P
1723,3153,2021-04-22T07:00:13.805000+00:00,1.0,S
1724,2985,2021-04-22T07:00:12.125000+00:00,1.0,P
1724,3153,2021-04-22T07:00:13.805000+00:00,1.0,S
1725,2985,2021-04-22T07:00:12.125000+00:00,1.0,P
1725,3153,2021-04-22T07:00:13.805000+00:00,1.0,S
1726,2986,2021-04-22T07:00:12.135000+00:00,1.0,P
1726,3153,2021-04-22T07:00:13.805000+00:00,1.0,S
1727,2986,2021-04-22T07:00:12.135000+00:00,1.0,P
1727,3153,2021-04-22T07:00:13.805000+00:00,1.0,S
1728,2986,2021-04-22T07:00:12.135000+00:00,1.0,P
1728,3154,2021-04-22T07:00:13.815000+00:00,1.0,S
1729,2986,2021-04-22T07:00:12.135000+00:00,1.0,P
1729,3154,2021-04-22T07:00:13.815000+00:00,1.0,S
1730,2986,2021-04-22T07:00:12.135000+00:00,1.0,P
1730,3154,2021-04-22T07:00:13.815000+00:00,1.0,S
1731,2986,2021-04-22T07:00:12.135000+00:00,1.0,P
1731,3154,2021-04-22T07:00:13.815000+00:00,1.0,S
1732,2985,2021-04-22T07:00:12.125000+00:00,1.0,P
1732,3154,2021-04-22T07:00:13.815000+00:00,1.0,S
1733,2985,2021-04-22T07:00:12.125000+00:00,1.0,P
1733,3154,2021-04-22T07:00:13.815000+00:00,1.0,S
1734,2985,2021-04-22T07:00:12.125000+00:00,1.0,P
1734,3154,2021-04-22T07:00:13.815000+00:00,1.0,S
1735,2985,2021-04-22T07:00:12.125000+00:00,1.0,P
1735,3154,2021-04-22T07:00:13.815000+00:00,1.0,S
1736,2985,2021-04-22T07:00:12.125000+00:00,1.0,P
1736,3154,2021-04-22T07:00:13.815000+00:00,1.0,S
1737,2985,2021-04-22T07:00:12.125000+00:00,1.0,P
1737,3154,2021-04-22T07:00:13.815000+00:00,1.0,S
1738,2985,2021-04-22T07:00:12.125000+00:00,1.0,P
1738,3154,2021-04-22T07:00:13.815000+00:00,1.0,S
1739,2985,2021-04-22T07:00:12.125000+00:00,1.0,P
1739,3154,2021-04-22T07:00:13.815000+00:00,1.0,S
1740,2986,2021-04-22T07:00:12.135000+00:00,1.0,P
1740,3155,2021-04-22T07:00:13.825000+00:00,1.0,S
1741,2986,2021-04-22T07:00:12.135000+00:00,1.0,P
1741,3155,2021-04-22T07:00:13.825000+00:00,1.0,S
1742,2986,2021-04-22T07:00:12.135000+00:00,1.0,P
1742,3155,2021-04-22T07:00:13.825000+00:00,1.0,S
1743,2986,2021-04-22T07:00:12.135000+00:00,1.0,P
1743,3155,2021-04-22T07:00:13.825000+00:00,1.0,S
1744,2986,2021-04-22T07:00:12.135000+00:00,1.0,P
1744,3155,2021-04-22T07:00:13.825000+00:00,1.0,S
1745,2986,2021-04-22T07:00:12.135000+00:00,1.0,P
1745,3155,2021-04-22T07:00:13.825000+00:00,1.0,S
1746,2986,2021-04-22T07:00:12.135000+00:00,1.0,P
1746,3155,2021-04-22T07:00:13.825000+00:00,1.0,S
1747,2986,2021-04-22T07:00:12.135000+00:00,1.0,P
1747,3155,2021-04-22T07:00:13.825000+00:00,1.0,S
1748,2986,2021-04-22T07:00:12.135000+00:00,1.0,P
1748,3155,2021-04-22T07:00:13.825000+00:00,1.0,S
1749,2986,2021-04-22T07:00:12.135000+00:00,1.0,P
1749,3155,2021-04-22T07:00:13.825000+00:00,1.0,S
1750,2986,2021-04-22T07:00:12.135000+00:00,1.0,P
1750,3155,2021-04-22T07:00:13.825000+00:00,1.0,S
1751,2986,2021-04-22T07:00:12.135000+00:00,1.0,P
1751,3155,2021-04-22T07:00:13.825000+00:00,1.0,S
1752,2986,2021-04-22T07:00:12.135000+00:00,1.0,P
1752,3155,2021-04-22T07:00:13.825000+00:00,1.0,S
1753,2986,2021-04-22T07:00:12.135000+00:00,1.0,P
1753,3156,2021-04-22T07:00:13.835000+00:00,1.0,S
1754,2986,2021-04-22T07:00:12.135000+00:00,1.0,P
1754,3156,2021-04-22T07:00:13.835000+00:00,1.0,S
1755,2986,2021-04-22T07:00:12.135000+00:00,1.0,P
1755,3156,2021-04-22T07:00:13.835000+00:00,1.0,S
1756,2986,2021-04-22T07:00:12.135000+00:00,1.0,P
1756,3156,2021-04-22T07:00:13.835000+00:00,1.0,S
1757,2986,2021-04-22T07:00:12.135000+00:00,1.0,P
1757,3156,2021-04-22T07:00:13.835000+00:00,1.0,S
1758,2986,2021-04-22T07:00:12.135000+00:00,1.0,P
1758,3156,2021-04-22T07:00:13.835000+00:00,1.0,S
1759,2986,2021-04-22T07:00:12.135000+00:00,1.0,P
1759,3156,2021-04-22T07:00:13.835000+00:00,1.0,S
1760,2986,2021-04-22T07:00:12.135000+00:00,1.0,P
1760,3156,2021-04-22T07:00:13.835000+00:00,1.0,S
1761,2986,2021-04-22T07:00:12.135000+00:00,1.0,P
1761,3156,2021-04-22T07:00:13.835000+00:00,1.0,S
1762,2986,2021-04-22T07:00:12.135000+00:00,1.0,P
1762,3156,2021-04-22T07:00:13.835000+00:00,1.0,S
1763,2986,2021-04-22T07:00:12.135000+00:00,1.0,P
1763,3156,2021-04-22T07:00:13.835000+00:00,1.0,S
1764,2986,2021-04-22T07:00:12.135000+00:00,1.0,P
1764,3156,2021-04-22T07:00:13.835000+00:00,1.0,S
1765,2986,2021-04-22T07:00:12.135000+00:00,1.0,P
1765,3156,2021-04-22T07:00:13.835000+00:00,1.0,S
1766,2986,2021-04-22T07:00:12.135000+00:00,1.0,P
1766,3156,2021-04-22T07:00:13.835000+00:00,1.0,S
1767,2986,2021-04-22T07:00:12.135000+00:00,1.0,P
1767,3156,2021-04-22T07:00:13.835000+00:00,1.0,S
1768,2986,2021-04-22T07:00:12.135000+00:00,1.0,P
1768,3156,2021-04-22T07:00:13.835000+00:00,1.0,S
1769,2986,2021-04-22T07:00:12.135000+00:00,1.0,P
1769,3157,2021-04-22T07:00:13.845000+00:00,1.0,S
1770,2986,2021-04-22T07:00:12.135000+00:00,1.0,P
1770,3157,2021-04-22T07:00:13.845000+00:00,1.0,S
1771,2986,2021-04-22T07:00:12.135000+00:00,1.0,P
1771,3157,2021-04-22T07:00:13.845000+00:00,1.0,S
1772,2986,2021-04-22T07:00:12.135000+00:00,1.0,P
1772,3157,2021-04-22T07:00:13.845000+00:00,1.0,S
1773,2986,2021-04-22T07:00:12.135000+00:00,1.0,P
1773,3157,2021-04-22T07:00:13.845000+00:00,1.0,S
1774,2986,2021-04-22T07:00:12.135000+00:00,1.0,P
1774,3157,2021-04-22T07:00:13.845000+00:00,1.0,S
1775,2986,2021-04-22T07:00:12.135000+00:00,1.0,P
1775,3157,2021-04-22T07:00:13.845000+00:00,1.0,S
1776,2986,2021-04-22T07:00:12.135000+00:00,1.0,P
1776,3157,2021-04-22T07:00:13.845000+00:00,1.0,S
1777,2986,2021-04-22T07:00:12.135000+00:00,1.0,P
1777,3157,2021-04-22T07:00:13.845000+00:00,1.0,S
1778,2986,2021-04-22T07:00:12.135000+00:00,1.0,P
1778,3157,2021-04-22T07:00:13.845000+00:00,1.0,S
1779,2986,2021-04-22T07:00:12.135000+00:00,1.0,P
1779,3157,2021-04-22T07:00:13.845000+00:00,1.0,S
1780,2986,2021-04-22T07:00:12.135000+00:00,1.0,P
1780,3157,2021-04-22T07:00:13.845000+00:00,1.0,S
1781,2986,2021-04-22T07:00:12.135000+00:00,1.0,P
1781,3157,2021-04-22T07:00:13.845000+00:00,1.0,S
1782,2986,2021-04-22T07:00:12.135000+00:00,1.0,P
1782,3158,2021-04-22T07:00:13.855000+00:00,1.0,S
1783,2986,2021-04-22T07:00:12.135000+00:00,1.0,P
1783,3158,2021-04-22T07:00:13.855000+00:00,1.0,S
1784,2986,2021-04-22T07:00:12.135000+00:00,1.0,P
1784,3158,2021-04-22T07:00:13.855000+00:00,1.0,S
1785,2986,2021-04-22T07:00:12.135000+00:00,1.0,P
1785,3158,2021-04-22T07:00:13.855000+00:00,1.0,S
1786,2986,2021-04-22T07:00:12.135000+00:00,1.0,P
1786,3158,2021-04-22T07:00:13.855000+00:00,1.0,S
1787,2986,2021-04-22T07:00:12.135000+00:00,1.0,P
1787,3158,2021-04-22T07:00:13.855000+00:00,1.0,S
1788,2986,2021-04-22T07:00:12.135000+00:00,1.0,P
1788,3158,2021-04-22T07:00:13.855000+00:00,1.0,S
1789,2986,2021-04-22T07:00:12.135000+00:00,1.0,P
1789,3158,2021-04-22T07:00:13.855000+00:00,1.0,S
1790,2986,2021-04-22T07:00:12.135000+00:00,1.0,P
1790,3158,2021-04-22T07:00:13.855000+00:00,1.0,S
1791,2986,2021-04-22T07:00:12.135000+00:00,1.0,P
1791,3158,2021-04-22T07:00:13.855000+00:00,1.0,S
1792,2986,2021-04-22T07:00:12.135000+00:00,1.0,P
1792,3158,2021-04-22T07:00:13.855000+00:00,1.0,S
1793,2986,2021-04-22T07:00:12.135000+00:00,1.0,P
1793,3158,2021-04-22T07:00:13.855000+00:00,1.0,S
1794,2986,2021-04-22T07:00:12.135000+00:00,1.0,P
1794,3158,2021-04-22T07:00:13.855000+00:00,1.0,S
1795,2986,2021-04-22T07:00:12.135000+00:00,1.0,P
1795,3158,2021-04-22T07:00:13.855000+00:00,1.0,S
1796,2986,2021-04-22T07:00:12.135000+00:00,1.0,P
1796,3158,2021-04-22T07:00:13.855000+00:00,1.0,S
1797,2986,2021-04-22T07:00:12.135000+00:00,1.0,P
1797,3158,2021-04-22T07:00:13.855000+00:00,1.0,S
1798,2986,2021-04-22T07:00:12.135000+00:00,1.0,P
1798,3158,2021-04-22T07:00:13.855000+00:00,1.0,S
1799,2986,2021-04-22T07:00:12.135000+00:00,1.0,P
1799,3159,2021-04-22T07:00:13.865000+00:00,1.0,S
1800,2986,2021-04-22T07:00:12.135000+00:00,1.0,P
1800,3159,2021-04-22T07:00:13.865000+00:00,1.0,S
1801,2986,2021-04-22T07:00:12.135000+00:00,1.0,P
1801,3159,2021-04-22T07:00:13.865000+00:00,1.0,S
1802,2986,2021-04-22T07:00:12.135000+00:00,1.0,P
1802,3159,2021-04-22T07:00:13.865000+00:00,1.0,S
1803,2986,2021-04-22T07:00:12.135000+00:00,1.0,P
1803,3159,2021-04-22T07:00:13.865000+00:00,1.0,S
1804,2986,2021-04-22T07:00:12.135000+00:00,1.0,P
1804,3159,2021-04-22T07:00:13.865000+00:00,1.0,S
1805,2986,2021-04-22T07:00:12.135000+00:00,1.0,P
1805,3159,2021-04-22T07:00:13.865000+00:00,1.0,S
1806,2986,2021-04-22T07:00:12.135000+00:00,1.0,P
1806,3159,2021-04-22T07:00:13.865000+00:00,1.0,S
1807,2986,2021-04-22T07:00:12.135000+00:00,1.0,P
1807,3159,2021-04-22T07:00:13.865000+00:00,1.0,S
1808,2986,2021-04-22T07:00:12.135000+00:00,1.0,P
1808,3159,2021-04-22T07:00:13.865000+00:00,1.0,S
1809,2986,2021-04-22T07:00:12.135000+00:00,1.0,P
1809,3159,2021-04-22T07:00:13.865000+00:00,1.0,S
1810,2986,2021-04-22T07:00:12.135000+00:00,1.0,P
1810,3159,2021-04-22T07:00:13.865000+00:00,1.0,S
1811,2986,2021-04-22T07:00:12.135000+00:00,1.0,P
1811,3159,2021-04-22T07:00:13.865000+00:00,1.0,S
1812,2986,2021-04-22T07:00:12.135000+00:00,1.0,P
1812,3159,2021-04-22T07:00:13.865000+00:00,1.0,S
1813,2986,2021-04-22T07:00:12.135000+00:00,1.0,P
1813,3159,2021-04-22T07:00:13.865000+00:00,1.0,S
1814,2986,2021-04-22T07:00:12.135000+00:00,1.0,P
1814,3159,2021-04-22T07:00:13.865000+00:00,1.0,S
1815,2986,2021-04-22T07:00:12.135000+00:00,1.0,P
1815,3159,2021-04-22T07:00:13.865000+00:00,1.0,S
1816,2986,2021-04-22T07:00:12.135000+00:00,1.0,P
1816,3159,2021-04-22T07:00:13.865000+00:00,1.0,S
1817,2986,2021-04-22T07:00:12.135000+00:00,1.0,P
1817,3160,2021-04-22T07:00:13.875000+00:00,1.0,S
1818,2986,2021-04-22T07:00:12.135000+00:00,1.0,P
1818,3160,2021-04-22T07:00:13.875000+00:00,1.0,S
1819,2986,2021-04-22T07:00:12.135000+00:00,1.0,P
1819,3160,2021-04-22T07:00:13.875000+00:00,1.0,S
1820,2986,2021-04-22T07:00:12.135000+00:00,1.0,P
1820,3160,2021-04-22T07:00:13.875000+00:00,1.0,S
1821,2986,2021-04-22T07:00:12.135000+00:00,1.0,P
1821,3160,2021-04-22T07:00:13.875000+00:00,1.0,S
1822,2986,2021-04-22T07:00:12.135000+00:00,1.0,P
1822,3160,2021-04-22T07:00:13.875000+00:00,1.0,S
1823,2986,2021-04-22T07:00:12.135000+00:00,1.0,P
1823,3160,2021-04-22T07:00:13.875000+00:00,1.0,S
1824,2986,2021-04-22T07:00:12.135000+00:00,1.0,P
1824,3160,2021-04-22T07:00:13.875000+00:00,1.0,S
1825,2986,2021-04-22T07:00:12.135000+00:00,1.0,P
1825,3160,2021-04-22T07:00:13.875000+00:00,1.0,S
1826,2986,2021-04-22T07:00:12.135000+00:00,1.0,P
1826,3160,2021-04-22T07:00:13.875000+00:00,1.0,S
1827,2986,2021-04-22T07:00:12.135000+00:00,1.0,P
1827,3160,2021-04-22T07:00:13.875000+00:00,1.0,S
1828,2986,2021-04-22T07:00:12.135000+00:00,1.0,P
1828,3160,2021-04-22T07:00:13.875000+00:00,1.0,S
1829,2986,2021-04-22T07:00:12.135000+00:00,1.0,P
1829,3160,2021-04-22T07:00:13.875000+00:00,1.0,S
1830,2986,2021-04-22T07:00:12.135000+00:00,1.0,P
1830,3160,2021-04-22T07:00:13.875000+00:00,1.0,S
1831,2986,2021-04-22T07:00:12.135000+00:00,1.0,P
1831,3160,2021-04-22T07:00:13.875000+00:00,1.0,S
1832,2986,2021-04-22T07:00:12.135000+00:00,1.0,P
1832,3160,2021-04-22T07:00:13.875000+00:00,1.0,S
1833,2986,2021-04-22T07:00:12.135000+00:00,1.0,P
1833,3160,2021-04-22T07:00:13.875000+00:00,1.0,S
1834,2986,2021-04-22T07:00:12.135000+00:00,1.0,P
1834,3160,2021-04-22T07:00:13.875000+00:00,1.0,S
1835,2986,2021-04-22T07:00:12.135000+00:00,1.0,P
1835,3160,2021-04-22T07:00:13.875000+00:00,1.0,S
1836,2986,2021-04-22T07:00:12.135000+00:00,1.0,P
1836,3160,2021-04-22T07:00:13.875000+00:00,1.0,S
1837,2986,2021-04-22T07:00:12.135000+00:00,1.0,P
1837,3160,2021-04-22T07:00:13.875000+00:00,1.0,S
1838,2986,2021-04-22T07:00:12.135000+00:00,1.0,P
1838,3160,2021-04-22T07:00:13.875000+00:00,1.0,S
1839,2986,2021-04-22T07:00:12.135000+00:00,1.0,P
1839,3160,2021-04-22T07:00:13.875000+00:00,1.0,S
1840,2986,2021-04-22T07:00:12.135000+00:00,1.0,P
1840,3160,2021-04-22T07:00:13.875000+00:00,1.0,S
1841,2986,2021-04-22T07:00:12.135000+00:00,1.0,P
1841,3160,2021-04-22T07:00:13.875000+00:00,1.0,S
1842,2986,2021-04-22T07:00:12.135000+00:00,1.0,P
1842,3160,2021-04-22T07:00:13.875000+00:00,1.0,S
1843,2986,2021-04-22T07:00:12.135000+00:00,1.0,P
1843,3160,2021-04-22T07:00:13.875000+00:00,1.0,S
1844,2986,2021-04-22T07:00:12.135000+00:00,1.0,P
1844,3160,2021-04-22T07:00:13.875000+00:00,1.0,S
1845,2986,2021-04-22T07:00:12.135000+00:00,1.0,P
1845,3160,2021-04-22T07:00:13.875000+00:00,1.0,S
1846,2986,2021-04-22T07:00:12.135000+00:00,1.0,P
1846,3160,2021-04-22T07:00:13.875000+00:00,1.0,S
1847,2986,2021-04-22T07:00:12.135000+00:00,1.0,P
1847,3160,2021-04-22T07:00:13.875000+00:00,1.0,S
1848,2986,2021-04-22T07:00:12.135000+00:00,1.0,P
1848,3160,2021-04-22T07:00:13.875000+00:00,1.0,S
1849,2986,2021-04-22T07:00:12.135000+00:00,1.0,P
1849,3160,2021-04-22T07:00:13.875000+00:00,1.0,S
1850,2986,2021-04-22T07:00:12.135000+00:00,1.0,P
1850,3160,2021-04-22T07:00:13.875000+00:00,1.0,S
1851,2986,2021-04-22T07:00:12.135000+00:00,1.0,P
1851,3160,2021-04-22T07:00:13.875000+00:00,1.0,S
1852,2986,2021-04-22T07:00:12.135000+00:00,1.0,P
1852,3160,2021-04-22T07:00:13.875000+00:00,1.0,S
1853,2986,2021-04-22T07:00:12.135000+00:00,1.0,P
1853,3159,2021-04-22T07:00:13.865000+00:00,1.0,S
1854,2986,2021-04-22T07:00:12.135000+00:00,1.0,P
1854,3159,2021-04-22T07:00:13.865000+00:00,1.0,S
1855,2986,2021-04-22T07:00:12.135000+00:00,1.0,P
1855,3159,2021-04-22T07:00:13.865000+00:00,1.0,S
1856,2986,2021-04-22T07:00:12.135000+00:00,1.0,P
1856,3159,2021-04-22T07:00:13.865000+00:00,1.0,S
1857,2986,2021-04-22T07:00:12.135000+00:00,1.0,P
1857,3159,2021-04-22T07:00:13.865000+00:00,1.0,S
1858,2986,2021-04-22T07:00:12.135000+00:00,1.0,P
1858,3159,2021-04-22T07:00:13.865000+00:00,1.0,S
1859,2986,2021-04-22T07:00:12.135000+00:00,1.0,P
1859,3158,2021-04-22T07:00:13.855000+00:00,1.0,S
1860,2986,2021-04-22T07:00:12.135000+00:00,1.0,P
1860,3158,2021-04-22T07:00:13.855000+00:00,1.0,S
1861,2986,2021-04-22T07:00:12.135000+00:00,1.0,P
1861,3158,2021-04-22T07:00:13.855000+00:00,1.0,S
1862,2986,2021-04-22T07:00:12.135000+00:00,1.0,P
1862,3158,2021-04-22T07:00:13.855000+00:00,1.0,S
1863,2986,2021-04-22T07:00:12.135000+00:00,1.0,P
1863,3158,2021-04-22T07:00:13.855000+00:00,1.0,S
1864,2986,2021-04-22T07:00:12.135000+00:00,1.0,P
1864,3158,2021-04-22T07:00:13.855000+00:00,1.0,S
1865,2986,2021-04-22T07:00:12.135000+00:00,1.0,P
1865,3157,2021-04-22T07:00:13.845000+00:00,1.0,S
1866,2986,2021-04-22T07:00:12.135000+00:00,1.0,P
1866,3157,2021-04-22T07:00:13.845000+00:00,1.0,S
1867,2986,2021-04-22T07:00:12.135000+00:00,1.0,P
1867,3157,2021-04-22T07:00:13.845000+00:00,1.0,S
1868,2986,2021-04-22T07:00:12.135000+00:00,1.0,P
1868,3157,2021-04-22T07:00:13.845000+00:00,1.0,S
1869,2986,2021-04-22T07:00:12.135000+00:00,1.0,P
1869,3157,2021-04-22T07:00:13.845000+00:00,1.0,S
1870,2986,2021-04-22T07:00:12.135000+00:00,1.0,P
1870,3156,2021-04-22T07:00:13.835000+00:00,1.0,S
1871,2986,2021-04-22T07:00:12.135000+00:00,1.0,P
1871,3156,2021-04-22T07:00:13.835000+00:00,1.0,S
1872,2986,2021-04-22T07:00:12.135000+00:00,1.0,P
1872,3156,2021-04-22T07:00:13.835000+00:00,1.0,S
1873,2986,2021-04-22T07:00:12.135000+00:00,1.0,P
1873,3156,2021-04-22T07:00:13.835000+00:00,1.0,S
1874,2986,2021-04-22T07:00:12.135000+00:00,1.0,P
1874,3156,2021-04-22T07:00:13.835000+00:00,1.0,S
1875,2986,2021-04-22T07:00:12.135000+00:00,1.0,P
1875,3156,2021-04-22T07:00:13.835000+00:00,1.0,S
1876,2986,2021-04-22T07:00:12.135000+00:00,1.0,P
1876,3155,2021-04-22T07:00:13.825000+00:00,1.0,S
1877,2986,2021-04-22T07:00:12.135000+00:00,1.0,P
1877,3155,2021-04-22T07:00:13.825000+00:00,1.0,S
1878,2986,2021-04-22T07:00:12.135000+00:00,1.0,P
1878,3155,2021-04-22T07:00:13.825000+00:00,1.0,S
1879,2986,2021-04-22T07:00:12.135000+00:00,1.0,P
1879,3155,2021-04-22T07:00:13.825000+00:00,1.0,S
1880,2986,2021-04-22T07:00:12.135000+00:00,1.0,P
1880,3155,2021-04-22T07:00:13.825000+00:00,1.0,S
1881,2986,2021-04-22T07:00:12.135000+00:00,1.0,P
1881,3155,2021-04-22T07:00:13.825000+00:00,1.0,S
1882,2986,2021-04-22T07:00:12.135000+00:00,1.0,P
1882,3154,2021-04-22T07:00:13.815000+00:00,1.0,S
1883,2985,2021-04-22T07:00:12.125000+00:00,1.0,P
1883,3154,2021-04-22T07:00:13.815000+00:00,1.0,S
1884,2985,2021-04-22T07:00:12.125000+00:00,1.0,P
1884,3154,2021-04-22T07:00:13.815000+00:00,1.0,S
1885,2985,2021-04-22T07:00:12.125000+00:00,1.0,P
1885,3154,2021-04-22T07:00:13.815000+00:00,1.0,S
1886,2985,2021-04-22T07:00:12.125000+00:00,1.0,P
1886,3154,2021-04-22T07:00:13.815000+00:00,1.0,S
1887,2985,2021-04-22T07:00:12.125000+00:00,1.0,P
1887,3154,2021-04-22T07:00:13.815000+00:00,1.0,S
1888,2985,2021-04-22T07:00:12.125000+00:00,1.0,P
1888,3154,2021-04-22T07:00:13.815000+00:00,1.0,S
1889,2985,2021-04-22T07:00:12.125000+00:00,1.0,P
1889,3154,2021-04-22T07:00:13.815000+00:00,1.0,S
1890,2985,2021-04-22T07:00:12.125000+00:00,1.0,P
1890,3154,2021-04-22T07:00:13.815000+00:00,1.0,S
1891,2985,2021-04-22T07:00:12.125000+00:00,1.0,P
1891,3154,2021-04-22T07:00:13.815000+00:00,1.0,S
1892,2985,2021-04-22T07:00:12.125000+00:00,1.0,P
1892,3154,2021-04-22T07:00:13.815000+00:00,1.0,S
1893,2985,2021-04-22T07:00:12.125000+00:00,1.0,P
1893,3153,2021-04-22T07:00:13.805000+00:00,1.0,S
1894,2985,2021-04-22T07:00:12.125000+00:00,1.0,P
1894,3153,2021-04-22T07:00:13.805000+00:00,1.0,S
1895,2985,2021-04-22T07:00:12.125000+00:00,1.0,P
1895,3153,2021-04-22T07:00:13.805000+00:00,1.0,S
1896,2985,2021-04-22T07:00:12.125000+00:00,1.0,P
1896,3153,2021-04-22T07:00:13.805000+00:00,1.0,S
1897,2985,2021-04-22T07:00:12.125000+00:00,1.0,P
1897,3153,2021-04-22T07:00:13.805000+00:00,1.0,S
1898,2985,2021-04-22T07:00:12.125000+00:00,1.0,P
1898,3153,2021-04-22T07:00:13.805000+00:00,1.0,S
1899,2985,2021-04-22T07:00:12.125000+00:00,1.0,P
1899,3153,2021-04-22T07:00:13.805000+00:00,1.0,S
1900,2985,2021-04-22T07:00:12.125000+00:00,1.0,P
1900,3153,2021-04-22T07:00:13.805000+00:00,1.0,S
1901,2985,2021-04-22T07:00:12.125000+00:00,1.0,P
1901,3153,2021-04-22T07:00:13.805000+00:00,1.0,S
1902,2984,2021-04-22T07:00:12.115000+00:00,1.0,P
1902,3153,2021-04-22T07:00:13.805000+00:00,1.0,S
1903,2984,2021-04-22T07:00:12.115000+00:00,1.0,P
1903,3153,2021-04-22T07:00:13.805000+00:00,1.0,S
1904,2984,2021-04-22T07:00:12.115000+00:00,1.0,P
1904,3153,2021-04-22T07:00:13.805000+00:00,1.0,S
1905,2984,2021-04-22T07:00:12.115000+00:00,1.0,P
1905,3153,2021-04-22T07:00:13.805000+00:00,1.0,S
1906,2984,2021-04-22T07:00:12.115000+00:00,1.0,P
1906,3153,2021-04-22T07:00:13.805000+00:00,1.0,S
1907,2984,2021-04-22T07:00:12.115000+00:00,1.0,P
1907,3153,2021-04-22T07:00:13.805000+00:00,1.0,S
1908,2984,2021-04-22T07:00:12.115000+00:00,1.0,P
1908,3153,2021-04-22T07:00:13.805000+00:00,1.0,S
1909,2984,2021-04-22T07:00:12.115000+00:00,1.0,P
1909,3153,2021-04-22T07:00:13.805000+00:00,1.0,S
1910,2984,2021-04-22T07:00:12.115000+00:00,1.0,P
1910,3153,2021-04-22T07:00:13.805000+00:00,1.0,S
1911,2984,2021-04-22T07:00:12.115000+00:00,1.0,P
1911,3153,2021-04-22T07:00:13.805000+00:00,1.0,S
1912,2984,2021-04-22T07:00:12.115000+00:00,1.0,P
1912,3152,2021-04-22T07:00:13.795000+00:00,1.0,S
1913,2984,2021-04-22T07:00:12.115000+00:00,1.0,P
1913,3152,2021-04-22T07:00:13.795000+00:00,1.0,S
1914,2984,2021-04-22T07:00:12.115000+00:00,1.0,P
1914,3152,2021-04-22T07:00:13.795000+00:00,1.0,S
1915,2983,2021-04-22T07:00:12.105000+00:00,1.0,P
1915,3152,2021-04-22T07:00:13.795000+00:00,1.0,S
1916,2983,2021-04-22T07:00:12.105000+00:00,1.0,P
1916,3152,2021-04-22T07:00:13.795000+00:00,1.0,S
1917,2983,2021-04-22T07:00:12.105000+00:00,1.0,P
1917,3152,2021-04-22T07:00:13.795000+00:00,1.0,S
1918,2983,2021-04-22T07:00:12.105000+00:00,1.0,P
1918,3152,2021-04-22T07:00:13.795000+00:00,1.0,S
1919,2983,2021-04-22T07:00:12.105000+00:00,1.0,P
1919,3152,2021-04-22T07:00:13.795000+00:00,1.0,S
1920,2983,2021-04-22T07:00:12.105000+00:00,1.0,P
1920,3152,2021-04-22T07:00:13.795000+00:00,1.0,S
1921,2983,2021-04-22T07:00:12.105000+00:00,1.0,P
1921,3151,2021-04-22T07:00:13.785000+00:00,1.0,S
1922,2983,2021-04-22T07:00:12.105000+00:00,1.0,P
1922,3151,2021-04-22T07:00:13.785000+00:00,1.0,S
1923,2983,2021-04-22T07:00:12.105000+00:00,1.0,P
1923,3151,2021-04-22T07:00:13.785000+00:00,1.0,S
1924,2983,2021-04-22T07:00:12.105000+00:00,1.0,P
1924,3151,2021-04-22T07:00:13.785000+00:00,1.0,S
1925,2983,2021-04-22T07:00:12.105000+00:00,1.0,P
1925,3151,2021-04-22T07:00:13.785000+00:00,1.0,S
1926,2983,2021-04-22T07:00:12.105000+00:00,1.0,P
1926,3151,2021-04-22T07:00:13.785000+00:00,1.0,S
1927,2983,2021-04-22T07:00:12.105000+00:00,1.0,P
1927,3151,2021-04-22T07:00:13.785000+00:00,1.0,S
1928,2983,2021-04-22T07:00:12.105000+00:00,1.0,P
1928,3150,2021-04-22T07:00:13.775000+00:00,1.0,S
1929,2983,2021-04-22T07:00:12.105000+00:00,1.0,P
1929,3150,2021-04-22T07:00:13.775000+00:00,1.0,S
1930,2983,2021-04-22T07:00:12.105000+00:00,1.0,P
1930,3150,2021-04-22T07:00:13.775000+00:00,1.0,S
1931,2982,2021-04-22T07:00:12.095000+00:00,1.0,P
1931,3150,2021-04-22T07:00:13.775000+00:00,1.0,S
1932,2982,2021-04-22T07:00:12.095000+00:00,1.0,P
1932,3150,2021-04-22T07:00:13.775000+00:00,1.0,S
1933,2982,2021-04-22T07:00:12.095000+00:00,1.0,P
1933,3150,2021-04-22T07:00:13.775000+00:00,1.0,S
1934,2982,2021-04-22T07:00:12.095000+00:00,1.0,P
1934,3150,2021-04-22T07:00:13.775000+00:00,1.0,S
1935,2982,2021-04-22T07:00:12.095000+00:00,1.0,P
1935,3150,2021-04-22T07:00:13.775000+00:00,1.0,S
1936,2982,2021-04-22T07:00:12.095000+00:00,1.0,P
1936,3149,2021-04-22T07:00:13.765000+00:00,1.0,S
1937,2982,2021-04-22T07:00:12.095000+00:00,1.0,P
1937,3149,2021-04-22T07:00:13.765000+00:00,1.0,S
1938,2982,2021-04-22T07:00:12.095000+00:00,1.0,P
1938,3149,2021-04-22T07:00:13.765000+00:00,1.0,S
1939,2982,2021-04-22T07:00:12.095000+00:00,1.0,P
1939,3149,2021-04-22T07:00:13.765000+00:00,1.0,S
1940,2982,2021-04-22T07:00:12.095000+00:00,1.0,P
1940,3149,2021-04-22T07:00:13.765000+00:00,1.0,S
1941,2982,2021-04-22T07:00:12.095000+00:00,1.0,P
1941,3149,2021-04-22T07:00:13.765000+00:00,1.0,S
1942,2982,2021-04-22T07:00:12.095000+00:00,1.0,P
1942,3149,2021-04-22T07:00:13.765000+00:00,1.0,S
1943,2982,2021-04-22T07:00:12.095000+00:00,1.0,P
1943,3148,2021-04-22T07:00:13.755000+00:00,1.0,S
1944,2982,2021-04-22T07:00:12.095000+00:00,1.0,P
1944,3148,2021-04-22T07:00:13.755000+00:00,1.0,S
1945,2982,2021-04-22T07:00:12.095000+00:00,1.0,P
1945,3148,2021-04-22T07:00:13.755000+00:00,1.0,S
1946,2982,2021-04-22T07:00:12.095000+00:00,1.0,P
1946,3148,2021-04-22T07:00:13.755000+00:00,1.0,S
1947,2982,2021-04-22T07:00:12.095000+00:00,1.0,P
1947,3148,2021-04-22T07:00:13.755000+00:00,1.0,S
1948,2982,2021-04-22T07:00:12.095000+00:00,1.0,P
1948,3148,2021-04-22T07:00:13.755000+00:00,1.0,S
1949,2982,2021-04-22T07:00:12.095000+00:00,1.0,P
1949,3148,2021-04-22T07:00:13.755000+00:00,1.0,S
1950,2981,2021-04-22T07:00:12.085000+00:00,1.0,P
1950,3147,2021-04-22T07:00:13.745000+00:00,1.0,S
1951,2981,2021-04-22T07:00:12.085000+00:00,1.0,P
1951,3147,2021-04-22T07:00:13.745000+00:00,1.0,S
1952,2981,2021-04-22T07:00:12.085000+00:00,1.0,P
1952,3147,2021-04-22T07:00:13.745000+00:00,1.0,S
1953,2981,2021-04-22T07:00:12.085000+00:00,1.0,P
1953,3147,2021-04-22T07:00:13.745000+00:00,1.0,S
1954,2981,2021-04-22T07:00:12.085000+00:00,1.0,P
1954,3147,2021-04-22T07:00:13.745000+00:00,1.0,S
1955,2981,2021-04-22T07:00:12.085000+00:00,1.0,P
1955,3147,2021-04-22T07:00:13.745000+00:00,1.0,S
1956,2981,2021-04-22T07:00:12.085000+00:00,1.0,P
1956,3147,2021-04-22T07:00:13.745000+00:00,1.0,S
1957,2981,2021-04-22T07:00:12.085000+00:00,1.0,P
1957,3146,2021-04-22T07:00:13.735000+00:00,1.0,S
1958,2981,2021-04-22T07:00:12.085000+00:00,1.0,P
1958,3146,2021-04-22T07:00:13.735000+00:00,1.0,S
1959,2981,2021-04-22T07:00:12.085000+00:00,1.0,P
1959,3146,2021-04-22T07:00:13.735000+00:00,1.0,S
1960,2981,2021-04-22T07:00:12.085000+00:00,1.0,P
1960,3146,2021-04-22T07:00:13.735000+00:00,1.0,S
1961,2981,2021-04-22T07:00:12.085000+00:00,1.0,P
1961,3146,2021-04-22T07:00:13.735000+00:00,1.0,S
1962,2981,2021-04-22T07:00:12.085000+00:00,1.0,P
1962,3146,2021-04-22T07:00:13.735000+00:00,1.0,S
1963,2981,2021-04-22T07:00:12.085000+00:00,1.0,P
1963,3145,2021-04-22T07:00:13.725000+00:00,1.0,S
1964,2980,2021-04-22T07:00:12.075000+00:00,1.0,P
1964,3145,2021-04-22T07:00:13.725000+00:00,1.0,S
1965,2980,2021-04-22T07:00:12.075000+00:00,1.0,P
1965,3145,2021-04-22T07:00:13.725000+00:00,1.0,S
1966,2980,2021-04-22T07:00:12.075000+00:00,1.0,P
1966,3145,2021-04-22T07:00:13.725000+00:00,1.0,S
1967,2980,2021-04-22T07:00:12.075000+00:00,1.0,P
1967,3145,2021-04-22T07:00:13.725000+00:00,1.0,S
1968,2980,2021-04-22T07:00:12.075000+00:00,1.0,P
1968,3145,2021-04-22T07:00:13.725000+00:00,1.0,S
1969,2980,2021-04-22T07:00:12.075000+00:00,1.0,P
1969,3144,2021-04-22T07:00:13.715000+00:00,1.0,S
1970,2980,2021-04-22T07:00:12.075000+00:00,1.0,P
1970,3144,2021-04-22T07:00:13.715000+00:00,1.0,S
1971,2980,2021-04-22T07:00:12.075000+00:00,1.0,P
1971,3144,2021-04-22T07:00:13.715000+00:00,1.0,S
1972,2980,2021-04-22T07:00:12.075000+00:00,1.0,P
1972,3144,2021-04-22T07:00:13.715000+00:00,1.0,S
1973,2980,2021-04-22T07:00:12.075000+00:00,1.0,P
1973,3144,2021-04-22T07:00:13.715000+00:00,1.0,S
1974,2980,2021-04-22T07:00:12.075000+00:00,1.0,P
1974,3144,2021-04-22T07:00:13.715000+00:00,1.0,S
1975,2980,2021-04-22T07:00:12.075000+00:00,1.0,P
1975,3144,2021-04-22T07:00:13.715000+00:00,1.0,S
1976,2980,2021-04-22T07:00:12.075000+00:00,1.0,P
1976,3143,2021-04-22T07:00:13.705000+00:00,1.0,S
1977,2979,2021-04-22T07:00:12.065000+00:00,1.0,P
1977,3143,2021-04-22T07:00:13.705000+00:00,1.0,S
1978,2979,2021-04-22T07:00:12.065000+00:00,1.0,P
1978,3143,2021-04-22T07:00:13.705000+00:00,1.0,S
1979,2979,2021-04-22T07:00:12.065000+00:00,1.0,P
1979,3143,2021-04-22T07:00:13.705000+00:00,1.0,S
1980,2979,2021-04-22T07:00:12.065000+00:00,1.0,P
1980,3143,2021-04-22T07:00:13.705000+00:00,1.0,S
1981,2979,2021-04-22T07:00:12.065000+00:00,1.0,P
1981,3142,2021-04-22T07:00:13.695000+00:00,1.0,S
1982,2979,2021-04-22T07:00:12.065000+00:00,1.0,P
1982,3142,2021-04-22T07:00:13.695000+00:00,1.0,S
1983,2979,2021-04-22T07:00:12.065000+00:00,1.0,P
1983,3142,2021-04-22T07:00:13.695000+00:00,1.0,S
1984,2979,2021-04-22T07:00:12.065000+00:00,1.0,P
1984,3142,2021-04-22T07:00:13.695000+00:00,1.0,S
1985,2979,2021-04-22T07:00:12.065000+00:00,1.0,P
1985,3142,2021-04-22T07:00:13.695000+00:00,1.0,S
1986,2979,2021-04-22T07:00:12.065000+00:00,1.0,P
1986,3142,2021-04-22T07:00:13.695000+00:00,1.0,S
1987,2979,2021-04-22T07:00:12.065000+00:00,1.0,P
1987,3141,2021-04-22T07:00:13.685000+00:00,1.0,S
1988,2979,2021-04-22T07:00:12.065000+00:00,1.0,P
1988,3141,2021-04-22T07:00:13.685000+00:00,1.0,S
1989,2978,2021-04-22T07:00:12.055000+00:00,1.0,P
1989,3141,2021-04-22T07:00:13.685000+00:00,1.0,S
1990,2978,2021-04-22T07:00:12.055000+00:00,1.0,P
1990,3141,2021-04-22T07:00:13.685000+00:00,1.0,S
1991,2978,2021-04-22T07:00:12.055000+00:00,1.0,P
1991,3141,2021-04-22T07:00:13.685000+00:00,1.0,S
1992,2978,2021-04-22T07:00:12.055000+00:00,1.0,P
1992,3141,2021-04-22T07:00:13.685000+00:00,1.0,S
1993,2978,2021-04-22T07:00:12.055000+00:00,1.0,P
1993,3141,2021-04-22T07:00:13.685000+00:00,1.0,S
1994,2978,2021-04-22T07:00:12.055000+00:00,1.0,P
1994,3141,2021-04-22T07:00:13.685000+00:00,1.0,S
1995,2978,2021-04-22T07:00:12.055000+00:00,1.0,P
1995,3141,2021-04-22T07:00:13.685000+00:00,1.0,S
1996,2978,2021-04-22T07:00:12.055000+00:00,1.0,P
1996,3140,2021-04-22T07:00:13.675000+00:00,1.0,S
1997,2978,2021-04-22T07:00:12.055000+00:00,1.0,P
1997,3140,2021-04-22T07:00:13.675000+00:00,1.0,S
1998,2978,2021-04-22T07:00:12.055000+00:00,1.0,P
1998,3140,2021-04-22T07:00:13.675000+00:00,1.0,S
1999,2978,2021-04-22T07:00:12.055000+00:00,1.0,P
1999,3140,2021-04-22T07:00:13.675000+00:00,1.0,S
2000,2978,2021-04-22T07:00:12.055000+00:00,1.0,P
2000,3140,2021-04-22T07:00:13.675000+00:00,1.0,S
2001,2978,2021-04-22T07:00:12.055000+00:00,1.0,P
2001,3140,2021-04-22T07:00:13.675000+00:00,1.0,S
2002,2978,2021-04-22T07:00:12.055000+00:00,1.0,P
2002,3139,2021-04-22T07:00:13.665000+00:00,1.0,S
2003,2977,2021-04-22T07:00:12.045000+00:00,1.0,P
2003,3139,2021-04-22T07:00:13.665000+00:00,1.0,S
2004,2977,2021-04-22T07:00:12.045000+00:00,1.0,P
2004,3139,2021-04-22T07:00:13.665000+00:00,1.0,S
2005,2977,2021-04-22T07:00:12.045000+00:00,1.0,P
2005,3139,2021-04-22T07:00:13.665000+00:00,1.0,S
2006,2977,2021-04-22T07:00:12.045000+00:00,1.0,P
2006,3139,2021-04-22T07:00:13.665000+00:00,1.0,S
2007,2977,2021-04-22T07:00:12.045000+00:00,1.0,P
2007,3138,2021-04-22T07:00:13.655000+00:00,1.0,S
2008,2977,2021-04-22T07:00:12.045000+00:00,1.0,P
2008,3138,2021-04-22T07:00:13.655000+00:00,1.0,S
2009,2977,2021-04-22T07:00:12.045000+00:00,1.0,P
2009,3138,2021-04-22T07:00:13.655000+00:00,1.0,S
2010,2977,2021-04-22T07:00:12.045000+00:00,1.0,P
2010,3138,2021-04-22T07:00:13.655000+00:00,1.0,S
2011,2977,2021-04-22T07:00:12.045000+00:00,1.0,P
2011,3138,2021-04-22T07:00:13.655000+00:00,1.0,S
2012,2977,2021-04-22T07:00:12.045000+00:00,1.0,P
2012,3138,2021-04-22T07:00:13.655000+00:00,1.0,S
2013,2977,2021-04-22T07:00:12.045000+00:00,1.0,P
2013,3138,2021-04-22T07:00:13.655000+00:00,1.0,S
2014,2977,2021-04-22T07:00:12.045000+00:00,1.0,P
2014,3137,2021-04-22T07:00:13.645000+00:00,1.0,S
2015,2977,2021-04-22T07:00:12.045000+00:00,1.0,P
2015,3137,2021-04-22T07:00:13.645000+00:00,1.0,S
2016,2977,2021-04-22T07:00:12.045000+00:00,1.0,P
2016,3137,2021-04-22T07:00:13.645000+00:00,1.0,S
2017,2976,2021-04-22T07:00:12.035000+00:00,1.0,P
2017,3137,2021-04-22T07:00:13.645000+00:00,1.0,S
2018,2976,2021-04-22T07:00:12.035000+00:00,1.0,P
2018,3137,2021-04-22T07:00:13.645000+00:00,1.0,S
2019,2976,2021-04-22T07:00:12.035000+00:00,1.0,P
2019,3137,2021-04-22T07:00:13.645000+00:00,1.0,S
2020,2976,2021-04-22T07:00:12.035000+00:00,1.0,P
2020,3137,2021-04-22T07:00:13.645000+00:00,1.0,S
2021,2976,2021-04-22T07:00:12.035000+00:00,1.0,P
2021,3137,2021-04-22T07:00:13.645000+00:00,1.0,S
2022,2976,2021-04-22T07:00:12.035000+00:00,1.0,P
2022,3136,2021-04-22T07:00:13.635000+00:00,1.0,S
2023,2976,2021-04-22T07:00:12.035000+00:00,1.0,P
2023,3136,2021-04-22T07:00:13.635000+00:00,1.0,S
2024,2976,2021-04-22T07:00:12.035000+00:00,1.0,P
2024,3136,2021-04-22T07:00:13.635000+00:00,1.0,S
2025,2976,2021-04-22T07:00:12.035000+00:00,1.0,P
2025,3136,2021-04-22T07:00:13.635000+00:00,1.0,S
2026,2976,2021-04-22T07:00:12.035000+00:00,1.0,P
2026,3136,2021-04-22T07:00:13.635000+00:00,1.0,S
2027,2976,2021-04-22T07:00:12.035000+00:00,1.0,P
2027,3136,2021-04-22T07:00:13.635000+00:00,1.0,S
2028,2976,2021-04-22T07:00:12.035000+00:00,1.0,P
2028,3136,2021-04-22T07:00:13.635000+00:00,1.0,S
2029,2976,2021-04-22T07:00:12.035000+00:00,1.0,P
2029,3136,2021-04-22T07:00:13.635000+00:00,1.0,S
2030,2976,2021-04-22T07:00:12.035000+00:00,1.0,P
2030,3136,2021-04-22T07:00:13.635000+00:00,1.0,S
2031,2976,2021-04-22T07:00:12.035000+00:00,1.0,P
2031,3135,2021-04-22T07:00:13.625000+00:00,1.0,S
2032,2975,2021-04-22T07:00:12.025000+00:00,1.0,P
2032,3135,2021-04-22T07:00:13.625000+00:00,1.0,S
2033,2975,2021-04-22T07:00:12.025000+00:00,1.0,P
2033,3135,2021-04-22T07:00:13.625000+00:00,1.0,S
2034,2975,2021-04-22T07:00:12.025000+00:00,1.0,P
2034,3135,2021-04-22T07:00:13.625000+00:00,1.0,S
2035,2975,2021-04-22T07:00:12.025000+00:00,1.0,P
2035,3135,2021-04-22T07:00:13.625000+00:00,1.0,S
2036,2975,2021-04-22T07:00:12.025000+00:00,1.0,P
2036,3135,2021-04-22T07:00:13.625000+00:00,1.0,S
2037,2975,2021-04-22T07:00:12.025000+00:00,1.0,P
2037,3135,2021-04-22T07:00:13.625000+00:00,1.0,S
2038,2975,2021-04-22T07:00:12.025000+00:00,1.0,P
2038,3135,2021-04-22T07:00:13.625000+00:00,1.0,S
2039,2975,2021-04-22T07:00:12.025000+00:00,1.0,P
2039,3135,2021-04-22T07:00:13.625000+00:00,1.0,S
2040,2975,2021-04-22T07:00:12.025000+00:00,1.0,P
2040,3135,2021-04-22T07:00:13.625000+00:00,1.0,S
2041,2975,2021-04-22T07:00:12.025000+00:00,1.0,P
2041,3135,2021-04-22T07:00:13.625000+00:00,1.0,S
2042,2975,2021-04-22T07:00:12.025000+00:00,1.0,P
2042,3134,2021-04-22T07:00:13.615000+00:00,1.0,S
2043,2975,2021-04-22T07:00:12.025000+00:00,1.0,P
2043,3134,2021-04-22T07:00:13.615000+00:00,1.0,S
2044,2975,2021-04-22T07:00:12.025000+00:00,1.0,P
2044,3134,2021-04-22T07:00:13.615000+00:00,1.0,S
2045,2975,2021-04-22T07:00:12.025000+00:00,1.0,P
2045,3134,2021-04-22T07:00:13.615000+00:00,1.0,S
2046,2975,2021-04-22T07:00:12.025000+00:00,1.0,P
2046,3134,2021-04-22T07:00:13.615000+00:00,1.0,S
2047,2974,2021-04-22T07:00:12.015000+00:00,1.0,P
2047,3134,2021-04-22T07:00:13.615000+00:00,1.0,S
2048,2974,2021-04-22T07:00:12.015000+00:00,1.0,P
2048,3134,2021-04-22T07:00:13.615000+00:00,1.0,S
2049,2974,2021-04-22T07:00:12.015000+00:00,1.0,P
2049,3134,2021-04-22T07:00:13.615000+00:00,1.0,S
2050,2974,2021-04-22T07:00:12.015000+00:00,1.0,P
2050,3134,2021-04-22T07:00:13.615000+00:00,1.0,S
2051,2974,2021-04-22T07:00:12.015000+00:00,1.0,P
2051,3134,2021-04-22T07:00:13.615000+00:00,1.0,S
2052,2974,2021-04-22T07:00:12.015000+00:00,1.0,P
2052,3134,2021-04-22T07:00:13.615000+00:00,1.0,S
2053,2974,2021-04-22T07:00:12.015000+00:00,1.0,P
2053,3134,2021-04-22T07:00:13.615000+00:00,1.0,S
2054,2974,2021-04-22T07:00:12.015000+00:00,1.0,P
2054,3133,2021-04-22T07:00:13.605000+00:00,1.0,S
2055,2974,2021-04-22T07:00:12.015000+00:00,1.0,P
2055,3133,2021-04-22T07:00:13.605000+00:00,1.0,S
2056,2974,2021-04-22T07:00:12.015000+00:00,1.0,P
2056,3133,2021-04-22T07:00:13.605000+00:00,1.0,S
2057,2974,2021-04-22T07:00:12.015000+00:00,1.0,P
2057,3133,2021-04-22T07:00:13.605000+00:00,1.0,S
2058,2974,2021-04-22T07:00:12.015000+00:00,1.0,P
2058,3133,2021-04-22T07:00:13.605000+00:00,1.0,S
2059,2974,2021-04-22T07:00:12.015000+00:00,1.0,P
2059,3133,2021-04-22T07:00:13.605000+00:00,1.0,S
2060,2974,2021-04-22T07:00:12.015000+00:00,1.0,P
2060,3133,2021-04-22T07:00:13.605000+00:00,1.0,S
2061,2974,2021-04-22T07:00:12.015000+00:00,1.0,P
2061,3133,2021-04-22T07:00:13.605000+00:00,1.0,S
2062,2974,2021-04-22T07:00:12.015000+00:00,1.0,P
2062,3133,2021-04-22T07:00:13.605000+00:00,1.0,S
2063,2973,2021-04-22T07:00:12.005000+00:00,1.0,P
2063,3133,2021-04-22T07:00:13.605000+00:00,1.0,S
2064,2973,2021-04-22T07:00:12.005000+00:00,1.0,P
2064,3132,2021-04-22T07:00:13.595000+00:00,1.0,S
2065,2973,2021-04-22T07:00:12.005000+00:00,1.0,P
2065,3132,2021-04-22T07:00:13.595000+00:00,1.0,S
2066,2973,2021-04-22T07:00:12.005000+00:00,1.0,P
2066,3132,2021-04-22T07:00:13.595000+00:00,1.0,S
2067,2973,2021-04-22T07:00:12.005000+00:00,1.0,P
2067,3132,2021-04-22T07:00:13.595000+00:00,1.0,S
2068,2973,2021-04-22T07:00:12.005000+00:00,1.0,P
2068,3132,2021-04-22T07:00:13.595000+00:00,1.0,S
2069,2973,2021-04-22T07:00:12.005000+00:00,1.0,P
2069,3132,2021-04-22T07:00:13.595000+00:00,1.0,S
2070,2973,2021-04-22T07:00:12.005000+00:00,1.0,P
2070,3132,2021-04-22T07:00:13.595000+00:00,1.0,S
2071,2973,2021-04-22T07:00:12.005000+00:00,1.0,P
2071,3132,2021-04-22T07:00:13.595000+00:00,1.0,S
2072,2973,2021-04-22T07:00:12.005000+00:00,1.0,P
2072,3131,2021-04-22T07:00:13.585000+00:00,1.0,S
2073,2973,2021-04-22T07:00:12.005000+00:00,1.0,P
2073,3131,2021-04-22T07:00:13.585000+00:00,1.0,S
2074,2973,2021-04-22T07:00:12.005000+00:00,1.0,P
2074,3131,2021-04-22T07:00:13.585000+00:00,1.0,S
2075,2973,2021-04-22T07:00:12.005000+00:00,1.0,P
2075,3131,2021-04-22T07:00:13.585000+00:00,1.0,S
2076,2973,2021-04-22T07:00:12.005000+00:00,1.0,P
2076,3131,2021-04-22T07:00:13.585000+00:00,1.0,S
2077,2973,2021-04-22T07:00:12.005000+00:00,1.0,P
2077,3131,2021-04-22T07:00:13.585000+00:00,1.0,S
2078,2972,2021-04-22T07:00:11.995000+00:00,1.0,P
2078,3131,2021-04-22T07:00:13.585000+00:00,1.0,S
2079,2972,2021-04-22T07:00:11.995000+00:00,1.0,P
2079,3130,2021-04-22T07:00:13.575000+00:00,1.0,S
2080,2972,2021-04-22T07:00:11.995000+00:00,1.0,P
2080,3130,2021-04-22T07:00:13.575000+00:00,1.0,S
2081,2972,2021-04-22T07:00:11.995000+00:00,1.0,P
2081,3130,2021-04-22T07:00:13.575000+00:00,1.0,S
2082,2972,2021-04-22T07:00:11.995000+00:00,1.0,P
2082,3130,2021-04-22T07:00:13.575000+00:00,1.0,S
2083,2972,2021-04-22T07:00:11.995000+00:00,1.0,P
2083,3130,2021-04-22T07:00:13.575000+00:00,1.0,S
2084,2972,2021-04-22T07:00:11.995000+00:00,1.0,P
2084,3129,2021-04-22T07:00:13.565000+00:00,1.0,S
2085,2972,2021-04-22T07:00:11.995000+00:00,1.0,P
2085,3129,2021-04-22T07:00:13.565000+00:00,1.0,S
2086,2972,2021-04-22T07:00:11.995000+00:00,1.0,P
2086,3129,2021-04-22T07:00:13.565000+00:00,1.0,S
2087,2972,2021-04-22T07:00:11.995000+00:00,1.0,P
2087,3129,2021-04-22T07:00:13.565000+00:00,1.0,S
2088,2972,2021-04-22T07:00:11.995000+00:00,1.0,P
2088,3129,2021-04-22T07:00:13.565000+00:00,1.0,S
2089,2972,2021-04-22T07:00:11.995000+00:00,1.0,P
2089,3129,2021-04-22T07:00:13.565000+00:00,1.0,S
2090,2972,2021-04-22T07:00:11.995000+00:00,1.0,P
2090,3128,2021-04-22T07:00:13.555000+00:00,1.0,S
2091,2972,2021-04-22T07:00:11.995000+00:00,1.0,P
2091,3128,2021-04-22T07:00:13.555000+00:00,1.0,S
2092,2972,2021-04-22T07:00:11.995000+00:00,1.0,P
2092,3128,2021-04-22T07:00:13.555000+00:00,1.0,S
2093,2972,2021-04-22T07:00:11.995000+00:00,1.0,P
2093,3128,2021-04-22T07:00:13.555000+00:00,1.0,S
2094,2972,2021-04-22T07:00:11.995000+00:00,1.0,P
2094,3128,2021-04-22T07:00:13.555000+00:00,1.0,S
2095,2972,2021-04-22T07:00:11.995000+00:00,1.0,P
2095,3128,2021-04-22T07:00:13.555000+00:00,1.0,S
2096,2972,2021-04-22T07:00:11.995000+00:00,1.0,P
2096,3128,2021-04-22T07:00:13.555000+00:00,1.0,S
2097,2972,2021-04-22T07:00:11.995000+00:00,1.0,P
2097,3127,2021-04-22T07:00:13.545000+00:00,1.0,S
2098,2972,2021-04-22T07:00:11.995000+00:00,1.0,P
2098,3127,2021-04-22T07:00:13.545000+00:00,1.0,S
2099,2972,2021-04-22T07:00:11.995000+00:00,1.0,P
2099,3127,2021-04-22T07:00:13.545000+00:00,1.0,S
2100,2971,2021-04-22T07:00:11.985000+00:00,1.0,P
2100,3127,2021-04-22T07:00:13.545000+00:00,1.0,S
2101,2971,2021-04-22T07:00:11.985000+00:00,1.0,P
2101,3127,2021-04-22T07:00:13.545000+00:00,1.0,S
2102,2971,2021-04-22T07:00:11.985000+00:00,1.0,P
2102,3127,2021-04-22T07:00:13.545000+00:00,1.0,S
2103,2971,2021-04-22T07:00:11.985000+00:00,1.0,P
2103,3127,2021-04-22T07:00:13.545000+00:00,1.0,S
2104,2971,2021-04-22T07:00:11.985000+00:00,1.0,P
2104,3126,2021-04-22T07:00:13.535000+00:00,1.0,S
2105,2971,2021-04-22T07:00:11.985000+00:00,1.0,P
2105,3126,2021-04-22T07:00:13.535000+00:00,1.0,S
2106,2971,2021-04-22T07:00:11.985000+00:00,1.0,P
2106,3126,2021-04-22T07:00:13.535000+00:00,1.0,S
2107,2971,2021-04-22T07:00:11.985000+00:00,1.0,P
2107,3126,2021-04-22T07:00:13.535000+00:00,1.0,S
2108,2971,2021-04-22T07:00:11.985000+00:00,1.0,P
2108,3126,2021-04-22T07:00:13.535000+00:00,1.0,S
2109,2971,2021-04-22T07:00:11.985000+00:00,1.0,P
2109,3125,2021-04-22T07:00:13.525000+00:00,1.0,S
2110,2971,2021-04-22T07:00:11.985000+00:00,1.0,P
2110,3125,2021-04-22T07:00:13.525000+00:00,1.0,S
2111,2971,2021-04-22T07:00:11.985000+00:00,1.0,P
2111,3125,2021-04-22T07:00:13.525000+00:00,1.0,S
2112,2971,2021-04-22T07:00:11.985000+00:00,1.0,P
2112,3125,2021-04-22T07:00:13.525000+00:00,1.0,S
2113,2971,2021-04-22T07:00:11.985000+00:00,1.0,P
2113,3125,2021-04-22T07:00:13.525000+00:00,1.0,S
2114,2971,2021-04-22T07:00:11.985000+00:00,1.0,P
2114,3125,2021-04-22T07:00:13.525000+00:00,1.0,S
2115,2971,2021-04-22T07:00:11.985000+00:00,1.0,P
2115,3125,2021-04-22T07:00:13.525000+00:00,1.0,S
2116,2971,2021-04-22T07:00:11.985000+00:00,1.0,P
2116,3125,2021-04-22T07:00:13.525000+00:00,1.0,S
2117,2971,2021-04-22T07:00:11.985000+00:00,1.0,P
2117,3125,2021-04-22T07:00:13.525000+00:00,1.0,S
2118,2971,2021-04-22T07:00:11.985000+00:00,1.0,P
2118,3124,2021-04-22T07:00:13.515000+00:00,1.0,S
2119,2971,2021-04-22T07:00:11.985000+00:00,1.0,P
2119,3124,2021-04-22T07:00:13.515000+00:00,1.0,S
2120,2971,2021-04-22T07:00:11.985000+00:00,1.0,P
2120,3124,2021-04-22T07:00:13.515000+00:00,1.0,S
2121,2971,2021-04-22T07:00:11.985000+00:00,1.0,P
2121,3124,2021-04-22T07:00:13.515000+00:00,1.0,S
2122,2971,2021-04-22T07:00:11.985000+00:00,1.0,P
2122,3124,2021-04-22T07:00:13.515000+00:00,1.0,S
2123,2971,2021-04-22T07:00:11.985000+00:00,1.0,P
2123,3124,2021-04-22T07:00:13.515000+00:00,1.0,S
2124,2970,2021-04-22T07:00:11.975000+00:00,1.0,P
2124,3124,2021-04-22T07:00:13.515000+00:00,1.0,S
2125,2970,2021-04-22T07:00:11.975000+00:00,1.0,P
2125,3124,2021-04-22T07:00:13.515000+00:00,1.0,S
2126,2970,2021-04-22T07:00:11.975000+00:00,1.0,P
2126,3124,2021-04-22T07:00:13.515000+00:00,1.0,S
2127,2970,2021-04-22T07:00:11.975000+00:00,1.0,P
2127,3124,2021-04-22T07:00:13.515000+00:00,1.0,S
2128,2970,2021-04-22T07:00:11.975000+00:00,1.0,P
2128,3124,2021-04-22T07:00:13.515000+00:00,1.0,S
2129,2970,2021-04-22T07:00:11.975000+00:00,1.0,P
2129,3124,2021-04-22T07:00:13.515000+00:00,1.0,S
2130,2970,2021-04-22T07:00:11.975000+00:00,1.0,P
2130,3124,2021-04-22T07:00:13.515000+00:00,1.0,S
2131,2970,2021-04-22T07:00:11.975000+00:00,1.0,P
2131,3124,2021-04-22T07:00:13.515000+00:00,1.0,S
2132,2970,2021-04-22T07:00:11.975000+00:00,1.0,P
2132,3124,2021-04-22T07:00:13.515000+00:00,1.0,S
2133,2970,2021-04-22T07:00:11.975000+00:00,1.0,P
2133,3124,2021-04-22T07:00:13.515000+00:00,1.0,S
2134,2970,2021-04-22T07:00:11.975000+00:00,1.0,P
2134,3124,2021-04-22T07:00:13.515000+00:00,1.0,S
2135,2970,2021-04-22T07:00:11.975000+00:00,1.0,P
2135,3124,2021-04-22T07:00:13.515000+00:00,1.0,S
2136,2970,2021-04-22T07:00:11.975000+00:00,1.0,P
2136,3123,2021-04-22T07:00:13.505000+00:00,1.0,S
2137,2970,2021-04-22T07:00:11.975000+00:00,1.0,P
2137,3123,2021-04-22T07:00:13.505000+00:00,1.0,S
2138,2970,2021-04-22T07:00:11.975000+00:00,1.0,P
2138,3123,2021-04-22T07:00:13.505000+00:00,1.0,S
2139,2970,2021-04-22T07:00:11.975000+00:00,1.0,P
2139,3123,2021-04-22T07:00:13.505000+00:00,1.0,S
2140,2970,2021-04-22T07:00:11.975000+00:00,1.0,P
2140,3123,2021-04-22T07:00:13.505000+00:00,1.0,S
2141,2970,2021-04-22T07:00:11.975000+00:00,1.0,P
2141,3123,2021-04-22T07:00:13.505000+00:00,1.0,S
2142,2970,2021-04-22T07:00:11.975000+00:00,1.0,P
2142,3123,2021-04-22T07:00:13.505000+00:00,1.0,S
2143,2970,2021-04-22T07:00:11.975000+00:00,1.0,P
2143,3123,2021-04-22T07:00:13.505000+00:00,1.0,S
2144,2970,2021-04-22T07:00:11.975000+00:00,1.0,P
2144,3123,2021-04-22T07:00:13.505000+00:00,1.0,S
2145,2970,2021-04-22T07:00:11.975000+00:00,1.0,P
2145,3123,2021-04-22T07:00:13.505000+00:00,1.0,S
2146,2970,2021-04-22T07:00:11.975000+00:00,1.0,P
2146,3123,2021-04-22T07:00:13.505000+00:00,1.0,S
2147,2970,2021-04-22T07:00:11.975000+00:00,1.0,P
2147,3123,2021-04-22T07:00:13.505000+00:00,1.0,S
2148,2970,2021-04-22T07:00:11.975000+00:00,1.0,P
2148,3123,2021-04-22T07:00:13.505000+00:00,1.0,S
2149,2970,2021-04-22T07:00:11.975000+00:00,1.0,P
2149,3122,2021-04-22T07:00:13.495000+00:00,1.0,S
2150,2970,2021-04-22T07:00:11.975000+00:00,1.0,P
2150,3122,2021-04-22T07:00:13.495000+00:00,1.0,S
2151,2970,2021-04-22T07:00:11.975000+00:00,1.0,P
2151,3122,2021-04-22T07:00:13.495000+00:00,1.0,S
2152,2970,2021-04-22T07:00:11.975000+00:00,1.0,P
2152,3122,2021-04-22T07:00:13.495000+00:00,1.0,S
2153,2970,2021-04-22T07:00:11.975000+00:00,1.0,P
2153,3122,2021-04-22T07:00:13.495000+00:00,1.0,S
2154,2970,2021-04-22T07:00:11.975000+00:00,1.0,P
2154,3122,2021-04-22T07:00:13.495000+00:00,1.0,S
2155,2970,2021-04-22T07:00:11.975000+00:00,1.0,P
2155,3122,2021-04-22T07:00:13.495000+00:00,1.0,S
2156,2969,2021-04-22T07:00:11.965000+00:00,1.0,P
2156,3122,2021-04-22T07:00:13.495000+00:00,1.0,S
2157,2969,2021-04-22T07:00:11.965000+00:00,1.0,P
2157,3122,2021-04-22T07:00:13.495000+00:00,1.0,S
2158,2969,2021-04-22T07:00:11.965000+00:00,1.0,P
2158,3122,2021-04-22T07:00:13.495000+00:00,1.0,S
2159,2969,2021-04-22T07:00:11.965000+00:00,1.0,P
2159,3122,2021-04-22T07:00:13.495000+00:00,1.0,S
2160,2969,2021-04-22T07:00:11.965000+00:00,1.0,P
2160,3122,2021-04-22T07:00:13.495000+00:00,1.0,S
2161,2969,2021-04-22T07:00:11.965000+00:00,1.0,P
2161,3122,2021-04-22T07:00:13.495000+00:00,1.0,S
2162,2969,2021-04-22T07:00:11.965000+00:00,1.0,P
2162,3122,2021-04-22T07:00:13.495000+00:00,1.0,S
2163,2969,2021-04-22T07:00:11.965000+00:00,1.0,P
2163,3122,2021-04-22T07:00:13.495000+00:00,1.0,S
2164,2969,2021-04-22T07:00:11.965000+00:00,1.0,P
2164,3122,2021-04-22T07:00:13.495000+00:00,1.0,S
2165,2969,2021-04-22T07:00:11.965000+00:00,1.0,P
2165,3122,2021-04-22T07:00:13.495000+00:00,1.0,S
2166,2969,2021-04-22T07:00:11.965000+00:00,1.0,P
2166,3122,2021-04-22T07:00:13.495000+00:00,1.0,S
2167,2969,2021-04-22T07:00:11.965000+00:00,1.0,P
2167,3122,2021-04-22T07:00:13.495000+00:00,1.0,S
2168,2969,2021-04-22T07:00:11.965000+00:00,1.0,P
2168,3122,2021-04-22T07:00:13.495000+00:00,1.0,S
2169,2969,2021-04-22T07:00:11.965000+00:00,1.0,P
2169,3122,2021-04-22T07:00:13.495000+00:00,1.0,S
2170,2969,2021-04-22T07:00:11.965000+00:00,1.0,P
2170,3122,2021-04-22T07:00:13.495000+00:00,1.0,S
2171,2969,2021-04-22T07:00:11.965000+00:00,1.0,P
2171,3122,2021-04-22T07:00:13.495000+00:00,1.0,S
2172,2969,2021-04-22T07:00:11.965000+00:00,1.0,P
2172,3122,2021-04-22T07:00:13.495000+00:00,1.0,S
2173,2969,2021-04-22T07:00:11.965000+00:00,1.0,P
2173,3121,2021-04-22T07:00:13.485000+00:00,1.0,S
2174,2969,2021-04-22T07:00:11.965000+00:00,1.0,P
2174,3121,2021-04-22T07:00:13.485000+00:00,1.0,S
2175,2969,2021-04-22T07:00:11.965000+00:00,1.0,P
2175,3121,2021-04-22T07:00:13.485000+00:00,1.0,S
2176,2969,2021-04-22T07:00:11.965000+00:00,1.0,P
2176,3121,2021-04-22T07:00:13.485000+00:00,1.0,S
2177,2969,2021-04-22T07:00:11.965000+00:00,1.0,P
2177,3121,2021-04-22T07:00:13.485000+00:00,1.0,S
2178,2969,2021-04-22T07:00:11.965000+00:00,1.0,P
2178,3122,2021-04-22T07:00:13.495000+00:00,1.0,S
2179,2969,2021-04-22T07:00:11.965000+00:00,1.0,P
2179,3122,2021-04-22T07:00:13.495000+00:00,1.0,S
2180,2969,2021-04-22T07:00:11.965000+00:00,1.0,P
2180,3122,2021-04-22T07:00:13.495000+00:00,1.0,S
2181,2969,2021-04-22T07:00:11.965000+00:00,1.0,P
2181,3122,2021-04-22T07:00:13.495000+00:00,1.0,S
2182,2969,2021-04-22T07:00:11.965000+00:00,1.0,P
2182,3122,2021-04-22T07:00:13.495000+00:00,1.0,S
2183,2969,2021-04-22T07:00:11.965000+00:00,1.0,P
2183,3122,2021-04-22T07:00:13.495000+00:00,1.0,S
2184,2969,2021-04-22T07:00:11.965000+00:00,1.0,P
2184,3122,2021-04-22T07:00:13.495000+00:00,1.0,S
2185,2969,2021-04-22T07:00:11.965000+00:00,1.0,P
2185,3122,2021-04-22T07:00:13.495000+00:00,1.0,S
2186,2969,2021-04-22T07:00:11.965000+00:00,1.0,P
2186,3122,2021-04-22T07:00:13.495000+00:00,1.0,S
2187,2969,2021-04-22T07:00:11.965000+00:00,1.0,P
2187,3122,2021-04-22T07:00:13.495000+00:00,1.0,S
2188,2969,2021-04-22T07:00:11.965000+00:00,1.0,P
2188,3122,2021-04-22T07:00:13.495000+00:00,1.0,S
2189,2969,2021-04-22T07:00:11.965000+00:00,1.0,P
2189,3122,2021-04-22T07:00:13.495000+00:00,1.0,S
2190,2969,2021-04-22T07:00:11.965000+00:00,1.0,P
2190,3122,2021-04-22T07:00:13.495000+00:00,1.0,S
2191,2969,2021-04-22T07:00:11.965000+00:00,1.0,P
2191,3122,2021-04-22T07:00:13.495000+00:00,1.0,S
2192,2969,2021-04-22T07:00:11.965000+00:00,1.0,P
2192,3122,2021-04-22T07:00:13.495000+00:00,1.0,S
2193,2969,2021-04-22T07:00:11.965000+00:00,1.0,P
2193,3122,2021-04-22T07:00:13.495000+00:00,1.0,S
2194,2969,2021-04-22T07:00:11.965000+00:00,1.0,P
2194,3122,2021-04-22T07:00:13.495000+00:00,1.0,S
2195,2969,2021-04-22T07:00:11.965000+00:00,1.0,P
2195,3122,2021-04-22T07:00:13.495000+00:00,1.0,S
2196,2969,2021-04-22T07:00:11.965000+00:00,1.0,P
2196,3122,2021-04-22T07:00:13.495000+00:00,1.0,S
2197,2969,2021-04-22T07:00:11.965000+00:00,1.0,P
2197,3122,2021-04-22T07:00:13.495000+00:00,1.0,S
2198,2969,2021-04-22T07:00:11.965000+00:00,1.0,P
2198,3122,2021-04-22T07:00:13.495000+00:00,1.0,S
2199,2969,2021-04-22T07:00:11.965000+00:00,1.0,P
2199,3122,2021-04-22T07:00:13.495000+00:00,1.0,S
2200,2969,2021-04-22T07:00:11.965000+00:00,1.0,P
2200,3122,2021-04-22T07:00:13.495000+00:00,1.0,S
2201,2969,2021-04-22T07:00:11.965000+00:00,1.0,P
2201,3122,2021-04-22T07:00:13.495000+00:00,1.0,S
2202,2969,2021-04-22T07:00:11.965000+00:00,1.0,P
2202,3122,2021-04-22T07:00:13.495000+00:00,1.0,S
2203,2969,2021-04-22T07:00:11.965000+00:00,1.0,P
2203,3122,2021-04-22T07:00:13.495000+00:00,1.0,S
2204,2969,2021-04-22T07:00:11.965000+00:00,1.0,P
2204,3122,2021-04-22T07:00:13.495000+00:00,1.0,S
2205,2969,2021-04-22T07:00:11.965000+00:00,1.0,P
2205,3122,2021-04-22T07:00:13.495000+00:00,1.0,S
2206,2969,2021-04-22T07:00:11.965000+00:00,1.0,P
2206,3122,2021-04-22T07:00:13.495000+00:00,1.0,S
2207,2969,2021-04-22T07:00:11.965000+00:00,1.0,P
2207,3122,2021-04-22T07:00:13.495000+00:00,1.0,S
2208,2969,2021-04-22T07:00:11.965000+00:00,1.0,P
2208,3122,2021-04-22T07:00:13.495000+00:00,1.0,S
2209,2969,2021-04-22T07:00:11.965000+00:00,1.0,P
2209,3122,2021-04-22T07:00:13.495000+00:00,1.0,S
2210,2969,2021-04-22T07:00:11.965000+00:00,1.0,P
2210,3123,2021-04-22T07:00:13.505000+00:00,1.0,S
2211,2969,2021-04-22T07:00:11.965000+00:00,1.0,P
2211,3123,2021-04-22T07:00:13.505000+00:00,1.0,S
2212,2969,2021-04-22T07:00:11.965000+00:00,1.0,P
2212,3123,2021-04-22T07:00:13.505000+00:00,1.0,S
2213,2969,2021-04-22T07:00:11.965000+00:00,1.0,P
2213,3123,2021-04-22T07:00:13.505000+00:00,1.0,S
2214,2969,2021-04-22T07:00:11.965000+00:00,1.0,P
2214,3123,2021-04-22T07:00:13.505000+00:00,1.0,S
2215,2969,2021-04-22T07:00:11.965000+00:00,1.0,P
2215,3123,2021-04-22T07:00:13.505000+00:00,1.0,S
2216,2969,2021-04-22T07:00:11.965000+00:00,1.0,P
2216,3123,2021-04-22T07:00:13.505000+00:00,1.0,S
2217,2969,2021-04-22T07:00:11.965000+00:00,1.0,P
2217,3123,2021-04-22T07:00:13.505000+00:00,1.0,S
2218,2969,2021-04-22T07:00:11.965000+00:00,1.0,P
2218,3123,2021-04-22T07:00:13.505000+00:00,1.0,S
2219,2969,2021-04-22T07:00:11.965000+00:00,1.0,P
2219,3123,2021-04-22T07:00:13.505000+00:00,1.0,S
2220,2969,2021-04-22T07:00:11.965000+00:00,1.0,P
2220,3123,2021-04-22T07:00:13.505000+00:00,1.0,S
2221,2969,2021-04-22T07:00:11.965000+00:00,1.0,P
2221,3123,2021-04-22T07:00:13.505000+00:00,1.0,S
2222,2969,2021-04-22T07:00:11.965000+00:00,1.0,P
2222,3123,2021-04-22T07:00:13.505000+00:00,1.0,S
2223,2969,2021-04-22T07:00:11.965000+00:00,1.0,P
2223,3123,2021-04-22T07:00:13.505000+00:00,1.0,S
2224,2969,2021-04-22T07:00:11.965000+00:00,1.0,P
2224,3123,2021-04-22T07:00:13.505000+00:00,1.0,S
2225,2969,2021-04-22T07:00:11.965000+00:00,1.0,P
2225,3123,2021-04-22T07:00:13.505000+00:00,1.0,S
2226,2969,2021-04-22T07:00:11.965000+00:00,1.0,P
2226,3123,2021-04-22T07:00:13.505000+00:00,1.0,S
2227,2969,2021-04-22T07:00:11.965000+00:00,1.0,P
2227,3123,2021-04-22T07:00:13.505000+00:00,1.0,S
2228,2969,2021-04-22T07:00:11.965000+00:00,1.0,P
2228,3123,2021-04-22T07:00:13.505000+00:00,1.0,S
2229,2969,2021-04-22T07:00:11.965000+00:00,1.0,P
2229,3123,2021-04-22T07:00:13.505000+00:00,1.0,S
2230,2969,2021-04-22T07:00:11.965000+00:00,1.0,P
2230,3123,2021-04-22T07:00:13.505000+00:00,1.0,S
2231,2969,2021-04-22T07:00:11.965000+00:00,1.0,P
2231,3123,2021-04-22T07:00:13.505000+00:00,1.0,S
2232,2969,2021-04-22T07:00:11.965000+00:00,1.0,P
2232,3123,2021-04-22T07:00:13.505000+00:00,1.0,S
2233,2969,2021-04-22T07:00:11.965000+00:00,1.0,P
2233,3123,2021-04-22T07:00:13.505000+00:00,1.0,S
2234,2969,2021-04-22T07:00:11.965000+00:00,1.0,P
2234,3123,2021-04-22T07:00:13.505000+00:00,1.0,S
2235,2969,2021-04-22T07:00:11.965000+00:00,1.0,P
2235,3123,2021-04-22T07:00:13.505000+00:00,1.0,S
2236,2969,2021-04-22T07:00:11.965000+00:00,1.0,P
2236,3123,2021-04-22T07:00:13.505000+00:00,1.0,S
2237,2969,2021-04-22T07:00:11.965000+00:00,1.0,P
2237,3123,2021-04-22T07:00:13.505000+00:00,1.0,S
2238,2969,2021-04-22T07:00:11.965000+00:00,1.0,P
2238,3123,2021-04-22T07:00:13.505000+00:00,1.0,S
2239,2969,2021-04-22T07:00:11.965000+00:00,1.0,P
2239,3123,2021-04-22T07:00:13.505000+00:00,1.0,S
2240,2969,2021-04-22T07:00:11.965000+00:00,1.0,P
2240,3123,2021-04-22T07:00:13.505000+00:00,1.0,S
2241,2969,2021-04-22T07:00:11.965000+00:00,1.0,P
2241,3123,2021-04-22T07:00:13.505000+00:00,1.0,S
2242,2969,2021-04-22T07:00:11.965000+00:00,1.0,P
2242,3123,2021-04-22T07:00:13.505000+00:00,1.0,S
2243,2969,2021-04-22T07:00:11.965000+00:00,1.0,P
2243,3123,2021-04-22T07:00:13.505000+00:00,1.0,S
2244,2969,2021-04-22T07:00:11.965000+00:00,1.0,P
2244,3123,2021-04-22T07:00:13.505000+00:00,1.0,S
2245,2969,2021-04-22T07:00:11.965000+00:00,1.0,P
2245,3123,2021-04-22T07:00:13.505000+00:00,1.0,S
2246,2969,2021-04-22T07:00:11.965000+00:00,1.0,P
2246,3123,2021-04-22T07:00:13.505000+00:00,1.0,S
2247,2969,2021-04-22T07:00:11.965000+00:00,1.0,P
2247,3123,2021-04-22T07:00:13.505000+00:00,1.0,S
2248,2969,2021-04-22T07:00:11.965000+00:00,1.0,P
2248,3123,2021-04-22T07:00:13.505000+00:00,1.0,S
2249,2969,2021-04-22T07:00:11.965000+00:00,1.0,P
2249,3123,2021-04-22T07:00:13.505000+00:00,1.0,S
2250,2969,2021-04-22T07:00:11.965000+00:00,1.0,P
2250,3123,2021-04-22T07:00:13.505000+00:00,1.0,S
2251,2969,2021-04-22T07:00:11.965000+00:00,1.0,P
2251,3123,2021-04-22T07:00:13.505000+00:00,1.0,S
2252,2969,2021-04-22T07:00:11.965000+00:00,1.0,P
2252,3123,2021-04-22T07:00:13.505000+00:00,1.0,S
2253,2969,2021-04-22T07:00:11.965000+00:00,1.0,P
2253,3123,2021-04-22T07:00:13.505000+00:00,1.0,S
2254,2969,2021-04-22T07:00:11.965000+00:00,1.0,P
2254,3124,2021-04-22T07:00:13.515000+00:00,1.0,S
2255,2969,2021-04-22T07:00:11.965000+00:00,1.0,P
2255,3124,2021-04-22T07:00:13.515000+00:00,1.0,S
2256,2969,2021-04-22T07:00:11.965000+00:00,1.0,P
2256,3124,2021-04-22T07:00:13.515000+00:00,1.0,S
2257,2969,2021-04-22T07:00:11.965000+00:00,1.0,P
2257,3124,2021-04-22T07:00:13.515000+00:00,1.0,S
2258,2969,2021-04-22T07:00:11.965000+00:00,1.0,P
2258,3124,2021-04-22T07:00:13.515000+00:00,1.0,S
2259,2969,2021-04-22T07:00:11.965000+00:00,1.0,P
2259,3124,2021-04-22T07:00:13.515000+00:00,1.0,S
2260,2969,2021-04-22T07:00:11.965000+00:00,1.0,P
2260,3124,2021-04-22T07:00:13.515000+00:00,1.0,S
2261,2969,2021-04-22T07:00:11.965000+00:00,1.0,P
2261,3124,2021-04-22T07:00:13.515000+00:00,1.0,S
2262,2969,2021-04-22T07:00:11.965000+00:00,1.0,P
2262,3124,2021-04-22T07:00:13.515000+00:00,1.0,S
2263,2969,2021-04-22T07:00:11.965000+00:00,1.0,P
2263,3124,2021-04-22T07:00:13.515000+00:00,1.0,S
2264,2969,2021-04-22T07:00:11.965000+00:00,1.0,P
2264,3124,2021-04-22T07:00:13.515000+00:00,1.0,S
2265,2969,2021-04-22T07:00:11.965000+00:00,1.0,P
2265,3124,2021-04-22T07:00:13.515000+00:00,1.0,S
2266,2969,2021-04-22T07:00:11.965000+00:00,1.0,P
2266,3124,2021-04-22T07:00:13.515000+00:00,1.0,S
2267,2969,2021-04-22T07:00:11.965000+00:00,1.0,P
2267,3124,2021-04-22T07:00:13.515000+00:00,1.0,S
2268,2969,2021-04-22T07:00:11.965000+00:00,1.0,P
2268,3125,2021-04-22T07:00:13.525000+00:00,1.0,S
2269,2969,2021-04-22T07:00:11.965000+00:00,1.0,P
2269,3125,2021-04-22T07:00:13.525000+00:00,1.0,S
2270,2969,2021-04-22T07:00:11.965000+00:00,1.0,P
2270,3125,2021-04-22T07:00:13.525000+00:00,1.0,S
2271,2969,2021-04-22T07:00:11.965000+00:00,1.0,P
2271,3125,2021-04-22T07:00:13.525000+00:00,1.0,S
2272,2969,2021-04-22T07:00:11.965000+00:00,1.0,P
2272,3125,2021-04-22T07:00:13.525000+00:00,1.0,S
2273,2969,2021-04-22T07:00:11.965000+00:00,1.0,P
2273,3125,2021-04-22T07:00:13.525000+00:00,1.0,S
2274,2969,2021-04-22T07:00:11.965000+00:00,1.0,P
2274,3125,2021-04-22T07:00:13.525000+00:00,1.0,S
2275,2969,2021-04-22T07:00:11.965000+00:00,1.0,P
2275,3125,2021-04-22T07:00:13.525000+00:00,1.0,S
2276,2969,2021-04-22T07:00:11.965000+00:00,1.0,P
2276,3125,2021-04-22T07:00:13.525000+00:00,1.0,S
2277,2969,2021-04-22T07:00:11.965000+00:00,1.0,P
2277,3125,2021-04-22T07:00:13.525000+00:00,1.0,S
2278,2969,2021-04-22T07:00:11.965000+00:00,1.0,P
2278,3126,2021-04-22T07:00:13.535000+00:00,1.0,S
2279,2969,2021-04-22T07:00:11.965000+00:00,1.0,P
2279,3126,2021-04-22T07:00:13.535000+00:00,1.0,S
2280,2969,2021-04-22T07:00:11.965000+00:00,1.0,P
2280,3126,2021-04-22T07:00:13.535000+00:00,1.0,S
2281,2969,2021-04-22T07:00:11.965000+00:00,1.0,P
2281,3126,2021-04-22T07:00:13.535000+00:00,1.0,S
2282,2969,2021-04-22T07:00:11.965000+00:00,1.0,P
2282,3126,2021-04-22T07:00:13.535000+00:00,1.0,S
2283,2969,2021-04-22T07:00:11.965000+00:00,1.0,P
2283,3126,2021-04-22T07:00:13.535000+00:00,1.0,S
2284,2969,2021-04-22T07:00:11.965000+00:00,1.0,P
2284,3126,2021-04-22T07:00:13.535000+00:00,1.0,S
2285,2969,2021-04-22T07:00:11.965000+00:00,1.0,P
2285,3127,2021-04-22T07:00:13.545000+00:00,1.0,S
2286,2969,2021-04-22T07:00:11.965000+00:00,1.0,P
2286,3127,2021-04-22T07:00:13.545000+00:00,1.0,S
2287,2969,2021-04-22T07:00:11.965000+00:00,1.0,P
2287,3127,2021-04-22T07:00:13.545000+00:00,1.0,S
2288,2969,2021-04-22T07:00:11.965000+00:00,1.0,P
2288,3127,2021-04-22T07:00:13.545000+00:00,1.0,S
2289,2969,2021-04-22T07:00:11.965000+00:00,1.0,P
2289,3127,2021-04-22T07:00:13.545000+00:00,1.0,S
2290,2970,2021-04-22T07:00:11.975000+00:00,1.0,P
2290,3127,2021-04-22T07:00:13.545000+00:00,1.0,S
2291,2970,2021-04-22T07:00:11.975000+00:00,1.0,P
2291,3127,2021-04-22T07:00:13.545000+00:00,1.0,S
2292,2970,2021-04-22T07:00:11.975000+00:00,1.0,P
2292,3128,2021-04-22T07:00:13.555000+00:00,1.0,S
2293,2970,2021-04-22T07:00:11.975000+00:00,1.0,P
2293,3128,2021-04-22T07:00:13.555000+00:00,1.0,S
2294,2970,2021-04-22T07:00:11.975000+00:00,1.0,P
2294,3128,2021-04-22T07:00:13.555000+00:00,1.0,S
2295,2970,2021-04-22T07:00:11.975000+00:00,1.0,P
2295,3128,2021-04-22T07:00:13.555000+00:00,1.0,S
2296,2970,2021-04-22T07:00:11.975000+00:00,1.0,P
2296,3128,2021-04-22T07:00:13.555000+00:00,1.0,S
2297,2970,2021-04-22T07:00:11.975000+00:00,1.0,P
2297,3128,2021-04-22T07:00:13.555000+00:00,1.0,S
2298,2970,2021-04-22T07:00:11.975000+00:00,1.0,P
2298,3128,2021-04-22T07:00:13.555000+00:00,1.0,S
2299,2970,2021-04-22T07:00:11.975000+00:00,1.0,P
2299,3129,2021-04-22T07:00:13.565000+00:00,1.0,S
2300,2970,2021-04-22T07:00:11.975000+00:00,1.0,P
2300,3129,2021-04-22T07:00:13.565000+00:00,1.0,S
2301,2970,2021-04-22T07:00:11.975000+00:00,1.0,P
2301,3129,2021-04-22T07:00:13.565000+00:00,1.0,S
2302,2970,2021-04-22T07:00:11.975000+00:00,1.0,P
2302,3129,2021-04-22T07:00:13.565000+00:00,1.0,S
2303,2970,2021-04-22T07:00:11.975000+00:00,1.0,P
2303,3129,2021-04-22T07:00:13.565000+00:00,1.0,S
2304,2970,2021-04-22T07:00:11.975000+00:00,1.0,P
2304,3129,2021-04-22T07:00:13.565000+00:00,1.0,S
2305,2970,2021-04-22T07:00:11.975000+00:00,1.0,P
2305,3129,2021-04-22T07:00:13.565000+00:00,1.0,S
2306,2970,2021-04-22T07:00:11.975000+00:00,1.0,P
2306,3130,2021-04-22T07:00:13.575000+00:00,1.0,S
2307,2970,2021-04-22T07:00:11.975000+00:00,1.0,P
2307,3130,2021-04-22T07:00:13.575000+00:00,1.0,S
2308,2970,2021-04-22T07:00:11.975000+00:00,1.0,P
2308,3130,2021-04-22T07:00:13.575000+00:00,1.0,S
2309,2970,2021-04-22T07:00:11.975000+00:00,1.0,P
2309,3130,2021-04-22T07:00:13.575000+00:00,1.0,S
2310,2970,2021-04-22T07:00:11.975000+00:00,1.0,P
2310,3130,2021-04-22T07:00:13.575000+00:00,1.0,S
2311,2970,2021-04-22T07:00:11.975000+00:00,1.0,P
2311,3130,2021-04-22T07:00:13.575000+00:00,1.0,S
2312,2970,2021-04-22T07:00:11.975000+00:00,1.0,P
2312,3131,2021-04-22T07:00:13.585000+00:00,1.0,S
2313,2970,2021-04-22T07:00:11.975000+00:00,1.0,P
2313,3131,2021-04-22T07:00:13.585000+00:00,1.0,S
2314,2970,2021-04-22T07:00:11.975000+00:00,1.0,P
2314,3131,2021-04-22T07:00:13.585000+00:00,1.0,S
2315,2970,2021-04-22T07:00:11.975000+00:00,1.0,P
2315,3131,2021-04-22T07:00:13.585000+00:00,1.0,S
2316,2970,2021-04-22T07:00:11.975000+00:00,1.0,P
2316,3131,2021-04-22T07:00:13.585000+00:00,1.0,S
2317,2970,2021-04-22T07:00:11.975000+00:00,1.0,P
2317,3131,2021-04-22T07:00:13.585000+00:00,1.0,S
2318,2971,2021-04-22T07:00:11.985000+00:00,1.0,P
2318,3132,2021-04-22T07:00:13.595000+00:00,1.0,S
2319,2971,2021-04-22T07:00:11.985000+00:00,1.0,P
2319,3132,2021-04-22T07:00:13.595000+00:00,1.0,S
2320,2971,2021-04-22T07:00:11.985000+00:00,1.0,P
2320,3132,2021-04-22T07:00:13.595000+00:00,1.0,S
2321,2971,2021-04-22T07:00:11.985000+00:00,1.0,P
2321,3132,2021-04-22T07:00:13.595000+00:00,1.0,S
2322,2971,2021-04-22T07:00:11.985000+00:00,1.0,P
2322,3132,2021-04-22T07:00:13.595000+00:00,1.0,S
2323,2971,2021-04-22T07:00:11.985000+00:00,1.0,P
2323,3132,2021-04-22T07:00:13.595000+00:00,1.0,S
2324,2971,2021-04-22T07:00:11.985000+00:00,1.0,P
2324,3133,2021-04-22T07:00:13.605000+00:00,1.0,S
2325,2971,2021-04-22T07:00:11.985000+00:00,1.0,P
2325,3133,2021-04-22T07:00:13.605000+00:00,1.0,S
2326,2971,2021-04-22T07:00:11.985000+00:00,1.0,P
2326,3133,2021-04-22T07:00:13.605000+00:00,1.0,S
2327,2971,2021-04-22T07:00:11.985000+00:00,1.0,P
2327,3133,2021-04-22T07:00:13.605000+00:00,1.0,S
2328,2971,2021-04-22T07:00:11.985000+00:00,1.0,P
2328,3133,2021-04-22T07:00:13.605000+00:00,1.0,S
2329,2971,2021-04-22T07:00:11.985000+00:00,1.0,P
2329,3133,2021-04-22T07:00:13.605000+00:00,1.0,S
2330,2971,2021-04-22T07:00:11.985000+00:00,1.0,P
2330,3133,2021-04-22T07:00:13.605000+00:00,1.0,S
2331,2971,2021-04-22T07:00:11.985000+00:00,1.0,P
2331,3133,2021-04-22T07:00:13.605000+00:00,1.0,S
2332,2971,2021-04-22T07:00:11.985000+00:00,1.0,P
2332,3133,2021-04-22T07:00:13.605000+00:00,1.0,S
2333,2972,2021-04-22T07:00:11.995000+00:00,1.0,P
2333,3134,2021-04-22T07:00:13.615000+00:00,1.0,S
2334,2972,2021-04-22T07:00:11.995000+00:00,1.0,P
2334,3134,2021-04-22T07:00:13.615000+00:00,1.0,S
2335,2972,2021-04-22T07:00:11.995000+00:00,1.0,P
2335,3134,2021-04-22T07:00:13.615000+00:00,1.0,S
2336,2972,2021-04-22T07:00:11.995000+00:00,1.0,P
2336,3134,2021-04-22T07:00:13.615000+00:00,1.0,S
2337,2972,2021-04-22T07:00:11.995000+00:00,1.0,P
2337,3134,2021-04-22T07:00:13.615000+00:00,1.0,S
2338,2972,2021-04-22T07:00:11.995000+00:00,1.0,P
2338,3134,2021-04-22T07:00:13.615000+00:00,1.0,S
2339,2972,2021-04-22T07:00:11.995000+00:00,1.0,P
2339,3134,2021-04-22T07:00:13.615000+00:00,1.0,S
2340,2972,2021-04-22T07:00:11.995000+00:00,1.0,P
2340,3134,2021-04-22T07:00:13.615000+00:00,1.0,S
2341,2972,2021-04-22T07:00:11.995000+00:00,1.0,P
2341,3134,2021-04-22T07:00:13.615000+00:00,1.0,S
2342,2972,2021-04-22T07:00:11.995000+00:00,1.0,P
2342,3134,2021-04-22T07:00:13.615000+00:00,1.0,S
2343,2972,2021-04-22T07:00:11.995000+00:00,1.0,P
2343,3134,2021-04-22T07:00:13.615000+00:00,1.0,S
2344,2972,2021-04-22T07:00:11.995000+00:00,1.0,P
2344,3134,2021-04-22T07:00:13.615000+00:00,1.0,S
2345,2972,2021-04-22T07:00:11.995000+00:00,1.0,P
2345,3135,2021-04-22T07:00:13.625000+00:00,1.0,S
2346,2972,2021-04-22T07:00:11.995000+00:00,1.0,P
2346,3135,2021-04-22T07:00:13.625000+00:00,1.0,S
2347,2972,2021-04-22T07:00:11.995000+00:00,1.0,P
2347,3135,2021-04-22T07:00:13.625000+00:00,1.0,S
2348,2972,2021-04-22T07:00:11.995000+00:00,1.0,P
2348,3135,2021-04-22T07:00:13.625000+00:00,1.0,S
2349,2972,2021-04-22T07:00:11.995000+00:00,1.0,P
2349,3135,2021-04-22T07:00:13.625000+00:00,1.0,S
2350,2972,2021-04-22T07:00:11.995000+00:00,1.0,P
2350,3135,2021-04-22T07:00:13.625000+00:00,1.0,S
2351,2972,2021-04-22T07:00:11.995000+00:00,1.0,P
2351,3135,2021-04-22T07:00:13.625000+00:00,1.0,S
2352,2972,2021-04-22T07:00:11.995000+00:00,1.0,P
2352,3135,2021-04-22T07:00:13.625000+00:00,1.0,S
2353,2972,2021-04-22T07:00:11.995000+00:00,1.0,P
2353,3135,2021-04-22T07:00:13.625000+00:00,1.0,S
2354,2972,2021-04-22T07:00:11.995000+00:00,1.0,P
2354,3136,2021-04-22T07:00:13.635000+00:00,1.0,S
2355,2973,2021-04-22T07:00:12.005000+00:00,1.0,P
2355,3136,2021-04-22T07:00:13.635000+00:00,1.0,S
2356,2973,2021-04-22T07:00:12.005000+00:00,1.0,P
2356,3136,2021-04-22T07:00:13.635000+00:00,1.0,S
2357,2973,2021-04-22T07:00:12.005000+00:00,1.0,P
2357,3136,2021-04-22T07:00:13.635000+00:00,1.0,S
2358,2973,2021-04-22T07:00:12.005000+00:00,1.0,P
2358,3136,2021-04-22T07:00:13.635000+00:00,1.0,S
2359,2973,2021-04-22T07:00:12.005000+00:00,1.0,P
2359,3136,2021-04-22T07:00:13.635000+00:00,1.0,S
2360,2973,2021-04-22T07:00:12.005000+00:00,1.0,P
2360,3136,2021-04-22T07:00:13.635000+00:00,1.0,S
2361,2973,2021-04-22T07:00:12.005000+00:00,1.0,P
2361,3136,2021-04-22T07:00:13.635000+00:00,1.0,S
2362,2973,2021-04-22T07:00:12.005000+00:00,1.0,P
2362,3137,2021-04-22T07:00:13.645000+00:00,1.0,S
2363,2973,2021-04-22T07:00:12.005000+00:00,1.0,P
2363,3137,2021-04-22T07:00:13.645000+00:00,1.0,S
2364,2973,2021-04-22T07:00:12.005000+00:00,1.0,P
2364,3137,2021-04-22T07:00:13.645000+00:00,1.0,S
2365,2973,2021-04-22T07:00:12.005000+00:00,1.0,P
2365,3137,2021-04-22T07:00:13.645000+00:00,1.0,S
2366,2973,2021-04-22T07:00:12.005000+00:00,1.0,P
2366,3137,2021-04-22T07:00:13.645000+00:00,1.0,S
2367,2973,2021-04-22T07:00:12.005000+00:00,1.0,P
2367,3137,2021-04-22T07:00:13.645000+00:00,1.0,S
2368,2973,2021-04-22T07:00:12.005000+00:00,1.0,P
2368,3137,2021-04-22T07:00:13.645000+00:00,1.0,S
2369,2973,2021-04-22T07:00:12.005000+00:00,1.0,P
2369,3138,2021-04-22T07:00:13.655000+00:00,1.0,S
2370,2973,2021-04-22T07:00:12.005000+00:00,1.0,P
2370,3138,2021-04-22T07:00:13.655000+00:00,1.0,S
2371,2973,2021-04-22T07:00:12.005000+00:00,1.0,P
2371,3138,2021-04-22T07:00:13.655000+00:00,1.0,S
2372,2973,2021-04-22T07:00:12.005000+00:00,1.0,P
2372,3138,2021-04-22T07:00:13.655000+00:00,1.0,S
2373,2973,2021-04-22T07:00:12.005000+00:00,1.0,P
2373,3138,2021-04-22T07:00:13.655000+00:00,1.0,S
2374,2973,2021-04-22T07:00:12.005000+00:00,1.0,P
2374,3138,2021-04-22T07:00:13.655000+00:00,1.0,S
2375,2973,2021-04-22T07:00:12.005000+00:00,1.0,P
2375,3138,2021-04-22T07:00:13.655000+00:00,1.0,S
2376,2973,2021-04-22T07:00:12.005000+00:00,1.0,P
2376,3138,2021-04-22T07:00:13.655000+00:00,1.0,S
2377,2973,2021-04-22T07:00:12.005000+00:00,1.0,P
2377,3139,2021-04-22T07:00:13.665000+00:00,1.0,S
2378,2973,2021-04-22T07:00:12.005000+00:00,1.0,P
2378,3139,2021-04-22T07:00:13.665000+00:00,1.0,S
2379,2973,2021-04-22T07:00:12.005000+00:00,1.0,P
2379,3139,2021-04-22T07:00:13.665000+00:00,1.0,S
2380,2973,2021-04-22T07:00:12.005000+00:00,1.0,P
2380,3139,2021-04-22T07:00:13.665000+00:00,1.0,S
2381,2973,2021-04-22T07:00:12.005000+00:00,1.0,P
2381,3139,2021-04-22T07:00:13.665000+00:00,1.0,S
2382,2973,2021-04-22T07:00:12.005000+00:00,1.0,P
2382,3139,2021-04-22T07:00:13.665000+00:00,1.0,S
2383,2973,2021-04-22T07:00:12.005000+00:00,1.0,P
2383,3139,2021-04-22T07:00:13.665000+00:00,1.0,S
2384,2974,2021-04-22T07:00:12.015000+00:00,1.0,P
2384,3139,2021-04-22T07:00:13.665000+00:00,1.0,S
2385,2974,2021-04-22T07:00:12.015000+00:00,1.0,P
2385,3139,2021-04-22T07:00:13.665000+00:00,1.0,S
2386,2974,2021-04-22T07:00:12.015000+00:00,1.0,P
2386,3140,2021-04-22T07:00:13.675000+00:00,1.0,S
2387,2974,2021-04-22T07:00:12.015000+00:00,1.0,P
2387,3140,2021-04-22T07:00:13.675000+00:00,1.0,S
2388,2974,2021-04-22T07:00:12.015000+00:00,1.0,P
2388,3140,2021-04-22T07:00:13.675000+00:00,1.0,S
2389,2974,2021-04-22T07:00:12.015000+00:00,1.0,P
2389,3140,2021-04-22T07:00:13.675000+00:00,1.0,S
2390,2974,2021-04-22T07:00:12.015000+00:00,1.0,P
2390,3140,2021-04-22T07:00:13.675000+00:00,1.0,S
2391,2974,2021-04-22T07:00:12.015000+00:00,1.0,P
2391,3140,2021-04-22T07:00:13.675000+00:00,1.0,S
2392,2974,2021-04-22T07:00:12.015000+00:00,1.0,P
2392,3140,2021-04-22T07:00:13.675000+00:00,1.0,S
2393,2974,2021-04-22T07:00:12.015000+00:00,1.0,P
2393,3140,2021-04-22T07:00:13.675000+00:00,1.0,S
2394,2974,2021-04-22T07:00:12.015000+00:00,1.0,P
2394,3140,2021-04-22T07:00:13.675000+00:00,1.0,S
2395,2974,2021-04-22T07:00:12.015000+00:00,1.0,P
2395,3140,2021-04-22T07:00:13.675000+00:00,1.0,S
2396,2974,2021-04-22T07:00:12.015000+00:00,1.0,P
2396,3140,2021-04-22T07:00:13.675000+00:00,1.0,S
2397,2974,2021-04-22T07:00:12.015000+00:00,1.0,P
2397,3140,2021-04-22T07:00:13.675000+00:00,1.0,S
2398,2974,2021-04-22T07:00:12.015000+00:00,1.0,P
2398,3140,2021-04-22T07:00:13.675000+00:00,1.0,S
2399,2974,2021-04-22T07:00:12.015000+00:00,1.0,P
2399,3141,2021-04-22T07:00:13.685000+00:00,1.0,S
2400,2974,2021-04-22T07:00:12.015000+00:00,1.0,P
2400,3141,2021-04-22T07:00:13.685000+00:00,1.0,S
2401,2974,2021-04-22T07:00:12.015000+00:00,1.0,P
2401,3141,2021-04-22T07:00:13.685000+00:00,1.0,S
2402,2974,2021-04-22T07:00:12.015000+00:00,1.0,P
2402,3141,2021-04-22T07:00:13.685000+00:00,1.0,S
2403,2974,2021-04-22T07:00:12.015000+00:00,1.0,P
2403,3141,2021-04-22T07:00:13.685000+00:00,1.0,S
2404,2974,2021-04-22T07:00:12.015000+00:00,1.0,P
2404,3141,2021-04-22T07:00:13.685000+00:00,1.0,S
2405,2974,2021-04-22T07:00:12.015000+00:00,1.0,P
2405,3141,2021-04-22T07:00:13.685000+00:00,1.0,S
2406,2974,2021-04-22T07:00:12.015000+00:00,1.0,P
2406,3141,2021-04-22T07:00:13.685000+00:00,1.0,S
2407,2974,2021-04-22T07:00:12.015000+00:00,1.0,P
2407,3141,2021-04-22T07:00:13.685000+00:00,1.0,S
2408,2974,2021-04-22T07:00:12.015000+00:00,1.0,P
2408,3141,2021-04-22T07:00:13.685000+00:00,1.0,S
2409,2974,2021-04-22T07:00:12.015000+00:00,1.0,P
2409,3141,2021-04-22T07:00:13.685000+00:00,1.0,S
2410,2974,2021-04-22T07:00:12.015000+00:00,1.0,P
2410,3141,2021-04-22T07:00:13.685000+00:00,1.0,S
2411,2974,2021-04-22T07:00:12.015000+00:00,1.0,P
2411,3141,2021-04-22T07:00:13.685000+00:00,1.0,S
2412,2974,2021-04-22T07:00:12.015000+00:00,1.0,P
2412,3141,2021-04-22T07:00:13.685000+00:00,1.0,S
2413,2974,2021-04-22T07:00:12.015000+00:00,1.0,P
2413,3141,2021-04-22T07:00:13.685000+00:00,1.0,S
2414,2974,2021-04-22T07:00:12.015000+00:00,1.0,P
2414,3141,2021-04-22T07:00:13.685000+00:00,1.0,S
2415,2974,2021-04-22T07:00:12.015000+00:00,1.0,P
2415,3141,2021-04-22T07:00:13.685000+00:00,1.0,S
2416,2974,2021-04-22T07:00:12.015000+00:00,1.0,P
2416,3142,2021-04-22T07:00:13.695000+00:00,1.0,S
2417,2975,2021-04-22T07:00:12.025000+00:00,1.0,P
2417,3142,2021-04-22T07:00:13.695000+00:00,1.0,S
2418,2975,2021-04-22T07:00:12.025000+00:00,1.0,P
2418,3142,2021-04-22T07:00:13.695000+00:00,1.0,S
2419,2975,2021-04-22T07:00:12.025000+00:00,1.0,P
2419,3142,2021-04-22T07:00:13.695000+00:00,1.0,S
2420,2975,2021-04-22T07:00:12.025000+00:00,1.0,P
2420,3142,2021-04-22T07:00:13.695000+00:00,1.0,S
2421,2975,2021-04-22T07:00:12.025000+00:00,1.0,P
2421,3142,2021-04-22T07:00:13.695000+00:00,1.0,S
2422,2975,2021-04-22T07:00:12.025000+00:00,1.0,P
2422,3142,2021-04-22T07:00:13.695000+00:00,1.0,S
2423,2975,2021-04-22T07:00:12.025000+00:00,1.0,P
2423,3142,2021-04-22T07:00:13.695000+00:00,1.0,S
2424,2975,2021-04-22T07:00:12.025000+00:00,1.0,P
2424,3142,2021-04-22T07:00:13.695000+00:00,1.0,S
2425,2975,2021-04-22T07:00:12.025000+00:00,1.0,P
2425,3142,2021-04-22T07:00:13.695000+00:00,1.0,S
2426,2975,2021-04-22T07:00:12.025000+00:00,1.0,P
2426,3142,2021-04-22T07:00:13.695000+00:00,1.0,S
2427,2975,2021-04-22T07:00:12.025000+00:00,1.0,P
2427,3142,2021-04-22T07:00:13.695000+00:00,1.0,S
2428,2975,2021-04-22T07:00:12.025000+00:00,1.0,P
2428,3143,2021-04-22T07:00:13.705000+00:00,1.0,S
2429,2975,2021-04-22T07:00:12.025000+00:00,1.0,P
2429,3143,2021-04-22T07:00:13.705000+00:00,1.0,S
2430,2975,2021-04-22T07:00:12.025000+00:00,1.0,P
2430,3143,2021-04-22T07:00:13.705000+00:00,1.0,S
2431,2975,2021-04-22T07:00:12.025000+00:00,1.0,P
2431,3143,2021-04-22T07:00:13.705000+00:00,1.0,S
2432,2975,2021-04-22T07:00:12.025000+00:00,1.0,P
2432,3143,2021-04-22T07:00:13.705000+00:00,1.0,S
2433,2975,2021-04-22T07:00:12.025000+00:00,1.0,P
2433,3143,2021-04-22T07:00:13.705000+00:00,1.0,S
2434,2975,2021-04-22T07:00:12.025000+00:00,1.0,P
2434,3143,2021-04-22T07:00:13.705000+00:00,1.0,S
2435,2975,2021-04-22T07:00:12.025000+00:00,1.0,P
2435,3143,2021-04-22T07:00:13.705000+00:00,1.0,S
2436,2976,2021-04-22T07:00:12.035000+00:00,1.0,P
2436,3144,2021-04-22T07:00:13.715000+00:00,1.0,S
2437,2976,2021-04-22T07:00:12.035000+00:00,1.0,P
2437,3144,2021-04-22T07:00:13.715000+00:00,1.0,S
2438,2976,2021-04-22T07:00:12.035000+00:00,1.0,P
2438,3144,2021-04-22T07:00:13.715000+00:00,1.0,S
2439,2976,2021-04-22T07:00:12.035000+00:00,1.0,P
2439,3144,2021-04-22T07:00:13.715000+00:00,1.0,S
2440,2976,2021-04-22T07:00:12.035000+00:00,1.0,P
2440,3144,2021-04-22T07:00:13.715000+00:00,1.0,S
2441,2976,2021-04-22T07:00:12.035000+00:00,1.0,P
2441,3144,2021-04-22T07:00:13.715000+00:00,1.0,S
2442,2976,2021-04-22T07:00:12.035000+00:00,1.0,P
2442,3145,2021-04-22T07:00:13.725000+00:00,1.0,S
2443,2976,2021-04-22T07:00:12.035000+00:00,1.0,P
2443,3145,2021-04-22T07:00:13.725000+00:00,1.0,S
2444,2976,2021-04-22T07:00:12.035000+00:00,1.0,P
2444,3145,2021-04-22T07:00:13.725000+00:00,1.0,S
2445,2976,2021-04-22T07:00:12.035000+00:00,1.0,P
2445,3145,2021-04-22T07:00:13.725000+00:00,1.0,S
2446,2976,2021-04-22T07:00:12.035000+00:00,1.0,P
2446,3145,2021-04-22T07:00:13.725000+00:00,1.0,S
2447,2976,2021-04-22T07:00:12.035000+00:00,1.0,P
2447,3145,2021-04-22T07:00:13.725000+00:00,1.0,S
2448,2976,2021-04-22T07:00:12.035000+00:00,1.0,P
2448,3145,2021-04-22T07:00:13.725000+00:00,1.0,S
2449,2976,2021-04-22T07:00:12.035000+00:00,1.0,P
2449,3146,2021-04-22T07:00:13.735000+00:00,1.0,S
2450,2977,2021-04-22T07:00:12.045000+00:00,1.0,P
2450,3146,2021-04-22T07:00:13.735000+00:00,1.0,S
2451,2977,2021-04-22T07:00:12.045000+00:00,1.0,P
2451,3146,2021-04-22T07:00:13.735000+00:00,1.0,S
2452,2977,2021-04-22T07:00:12.045000+00:00,1.0,P
2452,3146,2021-04-22T07:00:13.735000+00:00,1.0,S
2453,2977,2021-04-22T07:00:12.045000+00:00,1.0,P
2453,3146,2021-04-22T07:00:13.735000+00:00,1.0,S
2454,2977,2021-04-22T07:00:12.045000+00:00,1.0,P
2454,3146,2021-04-22T07:00:13.735000+00:00,1.0,S
2455,2977,2021-04-22T07:00:12.045000+00:00,1.0,P
2455,3146,2021-04-22T07:00:13.735000+00:00,1.0,S
2456,2977,2021-04-22T07:00:12.045000+00:00,1.0,P
2456,3146,2021-04-22T07:00:13.735000+00:00,1.0,S
2457,2977,2021-04-22T07:00:12.045000+00:00,1.0,P
2457,3146,2021-04-22T07:00:13.735000+00:00,1.0,S
2458,2977,2021-04-22T07:00:12.045000+00:00,1.0,P
2458,3147,2021-04-22T07:00:13.745000+00:00,1.0,S
2459,2977,2021-04-22T07:00:12.045000+00:00,1.0,P
2459,3147,2021-04-22T07:00:13.745000+00:00,1.0,S
2460,2977,2021-04-22T07:00:12.045000+00:00,1.0,P
2460,3147,2021-04-22T07:00:13.745000+00:00,1.0,S
2461,2977,2021-04-22T07:00:12.045000+00:00,1.0,P
2461,3147,2021-04-22T07:00:13.745000+00:00,1.0,S
2462,2977,2021-04-22T07:00:12.045000+00:00,1.0,P
2462,3147,2021-04-22T07:00:13.745000+00:00,1.0,S
2463,2977,2021-04-22T07:00:12.045000+00:00,1.0,P
2463,3147,2021-04-22T07:00:13.745000+00:00,1.0,S
2464,2978,2021-04-22T07:00:12.055000+00:00,1.0,P
2464,3147,2021-04-22T07:00:13.745000+00:00,1.0,S
2465,2978,2021-04-22T07:00:12.055000+00:00,1.0,P
2465,3148,2021-04-22T07:00:13.755000+00:00,1.0,S
2466,2978,2021-04-22T07:00:12.055000+00:00,1.0,P
2466,3148,2021-04-22T07:00:13.755000+00:00,1.0,S
2467,2978,2021-04-22T07:00:12.055000+00:00,1.0,P
2467,3148,2021-04-22T07:00:13.755000+00:00,1.0,S
2468,2978,2021-04-22T07:00:12.055000+00:00,1.0,P
2468,3148,2021-04-22T07:00:13.755000+00:00,1.0,S
2469,2978,2021-04-22T07:00:12.055000+00:00,1.0,P
2469,3148,2021-04-22T07:00:13.755000+00:00,1.0,S
2470,2978,2021-04-22T07:00:12.055000+00:00,1.0,P
2470,3148,2021-04-22T07:00:13.755000+00:00,1.0,S
2471,2978,2021-04-22T07:00:12.055000+00:00,1.0,P
2471,3149,2021-04-22T07:00:13.765000+00:00,1.0,S
2472,2978,2021-04-22T07:00:12.055000+00:00,1.0,P
2472,3149,2021-04-22T07:00:13.765000+00:00,1.0,S
2473,2978,2021-04-22T07:00:12.055000+00:00,1.0,P
2473,3149,2021-04-22T07:00:13.765000+00:00,1.0,S
2474,2978,2021-04-22T07:00:12.055000+00:00,1.0,P
2474,3149,2021-04-22T07:00:13.765000+00:00,1.0,S
2475,2978,2021-04-22T07:00:12.055000+00:00,1.0,P
2475,3149,2021-04-22T07:00:13.765000+00:00,1.0,S
2476,2978,2021-04-22T07:00:12.055000+00:00,1.0,P
2476,3149,2021-04-22T07:00:13.765000+00:00,1.0,S
2477,2978,2021-04-22T07:00:12.055000+00:00,1.0,P
2477,3149,2021-04-22T07:00:13.765000+00:00,1.0,S
2478,2978,2021-04-22T07:00:12.055000+00:00,1.0,P
2478,3149,2021-04-22T07:00:13.765000+00:00,1.0,S
2479,2978,2021-04-22T07:00:12.055000+00:00,1.0,P
2479,3149,2021-04-22T07:00:13.765000+00:00,1.0,S
2480,2978,2021-04-22T07:00:12.055000+00:00,1.0,P
2480,3149,2021-04-22T07:00:13.765000+00:00,1.0,S
2481,2978,2021-04-22T07:00:12.055000+00:00,1.0,P
2481,3149,2021-04-22T07:00:13.765000+00:00,1.0,S
2482,2979,2021-04-22T07:00:12.065000+00:00,1.0,P
2482,3149,2021-04-22T07:00:13.765000+00:00,1.0,S
2483,2979,2021-04-22T07:00:12.065000+00:00,1.0,P
2483,3149,2021-04-22T07:00:13.765000+00:00,1.0,S
2484,2979,2021-04-22T07:00:12.065000+00:00,1.0,P
2484,3149,2021-04-22T07:00:13.765000+00:00,1.0,S
2485,2979,2021-04-22T07:00:12.065000+00:00,1.0,P
2485,3149,2021-04-22T07:00:13.765000+00:00,1.0,S
2486,2979,2021-04-22T07:00:12.065000+00:00,1.0,P
2486,3149,2021-04-22T07:00:13.765000+00:00,1.0,S
2487,2979,2021-04-22T07:00:12.065000+00:00,1.0,P
2487,3149,2021-04-22T07:00:13.765000+00:00,1.0,S
2488,2979,2021-04-22T07:00:12.065000+00:00,1.0,P
2488,3149,2021-04-22T07:00:13.765000+00:00,1.0,S
2489,2979,2021-04-22T07:00:12.065000+00:00,1.0,P
2489,3149,2021-04-22T07:00:13.765000+00:00,1.0,S
2490,2979,2021-04-22T07:00:12.065000+00:00,1.0,P
2490,3149,2021-04-22T07:00:13.765000+00:00,1.0,S
2491,2979,2021-04-22T07:00:12.065000+00:00,1.0,P
2491,3150,2021-04-22T07:00:13.775000+00:00,1.0,S
2492,2979,2021-04-22T07:00:12.065000+00:00,1.0,P
2492,3150,2021-04-22T07:00:13.775000+00:00,1.0,S
2493,2979,2021-04-22T07:00:12.065000+00:00,1.0,P
2493,3150,2021-04-22T07:00:13.775000+00:00,1.0,S
2494,2979,2021-04-22T07:00:12.065000+00:00,1.0,P
2494,3150,2021-04-22T07:00:13.775000+00:00,1.0,S
2495,2979,2021-04-22T07:00:12.065000+00:00,1.0,P
2495,3150,2021-04-22T07:00:13.775000+00:00,1.0,S
2496,2979,2021-04-22T07:00:12.065000+00:00,1.0,P
2496,3150,2021-04-22T07:00:13.775000+00:00,1.0,S
2497,2979,2021-04-22T07:00:12.065000+00:00,1.0,P
2497,3150,2021-04-22T07:00:13.775000+00:00,1.0,S
2498,2979,2021-04-22T07:00:12.065000+00:00,1.0,P
2498,3150,2021-04-22T07:00:13.775000+00:00,1.0,S
2499,2979,2021-04-22T07:00:12.065000+00:00,1.0,P
2499,3150,2021-04-22T07:00:13.775000+00:00,1.0,S
2500,2979,2021-04-22T07:00:12.065000+00:00,1.0,P
2500,3150,2021-04-22T07:00:13.775000+00:00,1.0,S
2501,2979,2021-04-22T07:00:12.065000+00:00,1.0,P
2501,3150,2021-04-22T07:00:13.775000+00:00,1.0,S
2502,2979,2021-04-22T07:00:12.065000+00:00,1.0,P
2502,3150,2021-04-22T07:00:13.775000+00:00,1.0,S
2503,2979,2021-04-22T07:00:12.065000+00:00,1.0,P
2503,3150,2021-04-22T07:00:13.775000+00:00,1.0,S
2504,2979,2021-04-22T07:00:12.065000+00:00,1.0,P
2504,3150,2021-04-22T07:00:13.775000+00:00,1.0,S
2505,2979,2021-04-22T07:00:12.065000+00:00,1.0,P
2505,3150,2021-04-22T07:00:13.775000+00:00,1.0,S
2506,2979,2021-04-22T07:00:12.065000+00:00,1.0,P
2506,3150,2021-04-22T07:00:13.775000+00:00,1.0,S
2507,2979,2021-04-22T07:00:12.065000+00:00,1.0,P
2507,3150,2021-04-22T07:00:13.775000+00:00,1.0,S
2508,2979,2021-04-22T07:00:12.065000+00:00,1.0,P
2508,3150,2021-04-22T07:00:13.775000+00:00,1.0,S
2509,2979,2021-04-22T07:00:12.065000+00:00,1.0,P
2509,3150,2021-04-22T07:00:13.775000+00:00,1.0,S
2510,2980,2021-04-22T07:00:12.075000+00:00,1.0,P
2510,3150,2021-04-22T07:00:13.775000+00:00,1.0,S
2511,2980,2021-04-22T07:00:12.075000+00:00,1.0,P
2511,3150,2021-04-22T07:00:13.775000+00:00,1.0,S
2512,2980,2021-04-22T07:00:12.075000+00:00,1.0,P
2512,3150,2021-04-22T07:00:13.775000+00:00,1.0,S
2513,2980,2021-04-22T07:00:12.075000+00:00,1.0,P
2513,3151,2021-04-22T07:00:13.785000+00:00,1.0,S
2514,2980,2021-04-22T07:00:12.075000+00:00,1.0,P
2514,3151,2021-04-22T07:00:13.785000+00:00,1.0,S
2515,2980,2021-04-22T07:00:12.075000+00:00,1.0,P
2515,3151,2021-04-22T07:00:13.785000+00:00,1.0,S
2516,2980,2021-04-22T07:00:12.075000+00:00,1.0,P
2516,3151,2021-04-22T07:00:13.785000+00:00,1.0,S
2517,2980,2021-04-22T07:00:12.075000+00:00,1.0,P
2517,3151,2021-04-22T07:00:13.785000+00:00,1.0,S
2518,2980,2021-04-22T07:00:12.075000+00:00,1.0,P
2518,3151,2021-04-22T07:00:13.785000+00:00,1.0,S
2519,2980,2021-04-22T07:00:12.075000+00:00,1.0,P
2519,3151,2021-04-22T07:00:13.785000+00:00,1.0,S
2520,2980,2021-04-22T07:00:12.075000+00:00,1.0,P
2520,3151,2021-04-22T07:00:13.785000+00:00,1.0,S
2521,2980,2021-04-22T07:00:12.075000+00:00,1.0,P
2521,3151,2021-04-22T07:00:13.785000+00:00,1.0,S
2522,2980,2021-04-22T07:00:12.075000+00:00,1.0,P
2522,3151,2021-04-22T07:00:13.785000+00:00,1.0,S
2523,2980,2021-04-22T07:00:12.075000+00:00,1.0,P
2523,3151,2021-04-22T07:00:13.785000+00:00,1.0,S
2524,2980,2021-04-22T07:00:12.075000+00:00,1.0,P
2524,3151,2021-04-22T07:00:13.785000+00:00,1.0,S
2525,2980,2021-04-22T07:00:12.075000+00:00,1.0,P
2525,3151,2021-04-22T07:00:13.785000+00:00,1.0,S
2526,2980,2021-04-22T07:00:12.075000+00:00,1.0,P
2526,3151,2021-04-22T07:00:13.785000+00:00,1.0,S
2527,2980,2021-04-22T07:00:12.075000+00:00,1.0,P
2527,3151,2021-04-22T07:00:13.785000+00:00,1.0,S
2528,2980,2021-04-22T07:00:12.075000+00:00,1.0,P
2528,3151,2021-04-22T07:00:13.785000+00:00,1.0,S
2529,2980,2021-04-22T07:00:12.075000+00:00,1.0,P
2529,3151,2021-04-22T07:00:13.785000+00:00,1.0,S
2530,2980,2021-04-22T07:00:12.075000+00:00,1.0,P
2530,3151,2021-04-22T07:00:13.785000+00:00,1.0,S
2531,2980,2021-04-22T07:00:12.075000+00:00,1.0,P
2531,3151,2021-04-22T07:00:13.785000+00:00,1.0,S
2532,2980,2021-04-22T07:00:12.075000+00:00,1.0,P
2532,3151,2021-04-22T07:00:13.785000+00:00,1.0,S
2533,2980,2021-04-22T07:00:12.075000+00:00,1.0,P
2533,3151,2021-04-22T07:00:13.785000+00:00,1.0,S
2534,2980,2021-04-22T07:00:12.075000+00:00,1.0,P
2534,3151,2021-04-22T07:00:13.785000+00:00,1.0,S
2535,2980,2021-04-22T07:00:12.075000+00:00,1.0,P
2535,3152,2021-04-22T07:00:13.795000+00:00,1.0,S
2536,2980,2021-04-22T07:00:12.075000+00:00,1.0,P
2536,3152,2021-04-22T07:00:13.795000+00:00,1.0,S
2537,2980,2021-04-22T07:00:12.075000+00:00,1.0,P
2537,3152,2021-04-22T07:00:13.795000+00:00,1.0,S
2538,2980,2021-04-22T07:00:12.075000+00:00,1.0,P
2538,3152,2021-04-22T07:00:13.795000+00:00,1.0,S
2539,2980,2021-04-22T07:00:12.075000+00:00,1.0,P
2539,3152,2021-04-22T07:00:13.795000+00:00,1.0,S
2540,2980,2021-04-22T07:00:12.075000+00:00,1.0,P
2540,3152,2021-04-22T07:00:13.795000+00:00,1.0,S
2541,2980,2021-04-22T07:00:12.075000+00:00,1.0,P
2541,3152,2021-04-22T07:00:13.795000+00:00,1.0,S
2542,2980,2021-04-22T07:00:12.075000+00:00,1.0,P
2542,3152,2021-04-22T07:00:13.795000+00:00,1.0,S
2543,2980,2021-04-22T07:00:12.075000+00:00,1.0,P
2543,3153,2021-04-22T07:00:13.805000+00:00,1.0,S
2544,2980,2021-04-22T07:00:12.075000+00:00,1.0,P
2544,3153,2021-04-22T07:00:13.805000+00:00,1.0,S
2545,2980,2021-04-22T07:00:12.075000+00:00,1.0,P
2545,3153,2021-04-22T07:00:13.805000+00:00,1.0,S
2546,2980,2021-04-22T07:00:12.075000+00:00,1.0,P
2546,3153,2021-04-22T07:00:13.805000+00:00,1.0,S
2547,2980,2021-04-22T07:00:12.075000+00:00,1.0,P
2547,3153,2021-04-22T07:00:13.805000+00:00,1.0,S
2548,2980,2021-04-22T07:00:12.075000+00:00,1.0,P
2548,3153,2021-04-22T07:00:13.805000+00:00,1.0,S
2549,2980,2021-04-22T07:00:12.075000+00:00,1.0,P
2549,3153,2021-04-22T07:00:13.805000+00:00,1.0,S
2550,2980,2021-04-22T07:00:12.075000+00:00,1.0,P
2550,3154,2021-04-22T07:00:13.815000+00:00,1.0,S
2551,2980,2021-04-22T07:00:12.075000+00:00,1.0,P
2551,3154,2021-04-22T07:00:13.815000+00:00,1.0,S
2552,2980,2021-04-22T07:00:12.075000+00:00,1.0,P
2552,3154,2021-04-22T07:00:13.815000+00:00,1.0,S
2553,2980,2021-04-22T07:00:12.075000+00:00,1.0,P
2553,3154,2021-04-22T07:00:13.815000+00:00,1.0,S
2554,2980,2021-04-22T07:00:12.075000+00:00,1.0,P
2554,3154,2021-04-22T07:00:13.815000+00:00,1.0,S
2555,2980,2021-04-22T07:00:12.075000+00:00,1.0,P
2555,3154,2021-04-22T07:00:13.815000+00:00,1.0,S
2556,2980,2021-04-22T07:00:12.075000+00:00,1.0,P
2556,3154,2021-04-22T07:00:13.815000+00:00,1.0,S
2557,2981,2021-04-22T07:00:12.085000+00:00,1.0,P
2557,3154,2021-04-22T07:00:13.815000+00:00,1.0,S
2558,2981,2021-04-22T07:00:12.085000+00:00,1.0,P
2558,3155,2021-04-22T07:00:13.825000+00:00,1.0,S
2559,2981,2021-04-22T07:00:12.085000+00:00,1.0,P
2559,3155,2021-04-22T07:00:13.825000+00:00,1.0,S
2560,2981,2021-04-22T07:00:12.085000+00:00,1.0,P
2560,3155,2021-04-22T07:00:13.825000+00:00,1.0,S
2561,2981,2021-04-22T07:00:12.085000+00:00,1.0,P
2561,3155,2021-04-22T07:00:13.825000+00:00,1.0,S
2562,2981,2021-04-22T07:00:12.085000+00:00,1.0,P
2562,3155,2021-04-22T07:00:13.825000+00:00,1.0,S
2563,2981,2021-04-22T07:00:12.085000+00:00,1.0,P
2563,3155,2021-04-22T07:00:13.825000+00:00,1.0,S
2564,2981,2021-04-22T07:00:12.085000+00:00,1.0,P
2564,3155,2021-04-22T07:00:13.825000+00:00,1.0,S
2565,2981,2021-04-22T07:00:12.085000+00:00,1.0,P
2565,3155,2021-04-22T07:00:13.825000+00:00,1.0,S
2566,2981,2021-04-22T07:00:12.085000+00:00,1.0,P
2566,3156,2021-04-22T07:00:13.835000+00:00,1.0,S
2567,2981,2021-04-22T07:00:12.085000+00:00,1.0,P
2567,3156,2021-04-22T07:00:13.835000+00:00,1.0,S
2568,2981,2021-04-22T07:00:12.085000+00:00,1.0,P
2568,3156,2021-04-22T07:00:13.835000+00:00,1.0,S
2569,2981,2021-04-22T07:00:12.085000+00:00,1.0,P
2569,3156,2021-04-22T07:00:13.835000+00:00,1.0,S
2570,2981,2021-04-22T07:00:12.085000+00:00,1.0,P
2570,3156,2021-04-22T07:00:13.835000+00:00,1.0,S
2571,2981,2021-04-22T07:00:12.085000+00:00,1.0,P
2571,3156,2021-04-22T07:00:13.835000+00:00,1.0,S
2572,2982,2021-04-22T07:00:12.095000+00:00,1.0,P
2572,3156,2021-04-22T07:00:13.835000+00:00,1.0,S
2573,2982,2021-04-22T07:00:12.095000+00:00,1.0,P
2573,3156,2021-04-22T07:00:13.835000+00:00,1.0,S
2574,2982,2021-04-22T07:00:12.095000+00:00,1.0,P
2574,3156,2021-04-22T07:00:13.835000+00:00,1.0,S
2575,2982,2021-04-22T07:00:12.095000+00:00,1.0,P
2575,3156,2021-04-22T07:00:13.835000+00:00,1.0,S
2576,2982,2021-04-22T07:00:12.095000+00:00,1.0,P
2576,3157,2021-04-22T07:00:13.845000+00:00,1.0,S
2577,2982,2021-04-22T07:00:12.095000+00:00,1.0,P
2577,3157,2021-04-22T07:00:13.845000+00:00,1.0,S
2578,2982,2021-04-22T07:00:12.095000+00:00,1.0,P
2578,3157,2021-04-22T07:00:13.845000+00:00,1.0,S
2579,2982,2021-04-22T07:00:12.095000+00:00,1.0,P
2579,3157,2021-04-22T07:00:13.845000+00:00,1.0,S
2580,2982,2021-04-22T07:00:12.095000+00:00,1.0,P
2580,3157,2021-04-22T07:00:13.845000+00:00,1.0,S
2581,2982,2021-04-22T07:00:12.095000+00:00,1.0,P
2581,3157,2021-04-22T07:00:13.845000+00:00,1.0,S
2582,2982,2021-04-22T07:00:12.095000+00:00,1.0,P
2582,3157,2021-04-22T07:00:13.845000+00:00,1.0,S
2583,2982,2021-04-22T07:00:12.095000+00:00,1.0,P
2583,3158,2021-04-22T07:00:13.855000+00:00,1.0,S
2584,2982,2021-04-22T07:00:12.095000+00:00,1.0,P
2584,3158,2021-04-22T07:00:13.855000+00:00,1.0,S
2585,2983,2021-04-22T07:00:12.105000+00:00,1.0,P
2585,3158,2021-04-22T07:00:13.855000+00:00,1.0,S
2586,2983,2021-04-22T07:00:12.105000+00:00,1.0,P
2586,3158,2021-04-22T07:00:13.855000+00:00,1.0,S
2587,2983,2021-04-22T07:00:12.105000+00:00,1.0,P
2587,3158,2021-04-22T07:00:13.855000+00:00,1.0,S
2588,2983,2021-04-22T07:00:12.105000+00:00,1.0,P
2588,3158,2021-04-22T07:00:13.855000+00:00,1.0,S
2589,2983,2021-04-22T07:00:12.105000+00:00,1.0,P
2589,3159,2021-04-22T07:00:13.865000+00:00,1.0,S
2590,2983,2021-04-22T07:00:12.105000+00:00,1.0,P
2590,3159,2021-04-22T07:00:13.865000+00:00,1.0,S
2591,2983,2021-04-22T07:00:12.105000+00:00,1.0,P
2591,3159,2021-04-22T07:00:13.865000+00:00,1.0,S
2592,2983,2021-04-22T07:00:12.105000+00:00,1.0,P
2592,3159,2021-04-22T07:00:13.865000+00:00,1.0,S
2593,2983,2021-04-22T07:00:12.105000+00:00,1.0,P
2593,3159,2021-04-22T07:00:13.865000+00:00,1.0,S
2594,2983,2021-04-22T07:00:12.105000+00:00,1.0,P
2594,3159,2021-04-22T07:00:13.865000+00:00,1.0,S
2595,2983,2021-04-22T07:00:12.105000+00:00,1.0,P
2595,3160,2021-04-22T07:00:13.875000+00:00,1.0,S
2596,2983,2021-04-22T07:00:12.105000+00:00,1.0,P
2596,3160,2021-04-22T07:00:13.875000+00:00,1.0,S
2597,2983,2021-04-22T07:00:12.105000+00:00,1.0,P
2597,3160,2021-04-22T07:00:13.875000+00:00,1.0,S
2598,2983,2021-04-22T07:00:12.105000+00:00,1.0,P
2598,3160,2021-04-22T07:00:13.875000+00:00,1.0,S
2599,2984,2021-04-22T07:00:12.115000+00:00,1.0,P
2599,3160,2021-04-22T07:00:13.875000+00:00,1.0,S
2600,2984,2021-04-22T07:00:12.115000+00:00,1.0,P
2600,3160,2021-04-22T07:00:13.875000+00:00,1.0,S
2601,2984,2021-04-22T07:00:12.115000+00:00,1.0,P
2601,3160,2021-04-22T07:00:13.875000+00:00,1.0,S
2602,2984,2021-04-22T07:00:12.115000+00:00,1.0,P
2602,3160,2021-04-22T07:00:13.875000+00:00,1.0,S
2603,2984,2021-04-22T07:00:12.115000+00:00,1.0,P
2603,3160,2021-04-22T07:00:13.875000+00:00,1.0,S
2604,2984,2021-04-22T07:00:12.115000+00:00,1.0,P
2604,3160,2021-04-22T07:00:13.875000+00:00,1.0,S
2605,2984,2021-04-22T07:00:12.115000+00:00,1.0,P
2605,3160,2021-04-22T07:00:13.875000+00:00,1.0,S
2606,2984,2021-04-22T07:00:12.115000+00:00,1.0,P
2606,3160,2021-04-22T07:00:13.875000+00:00,1.0,S
2607,2984,2021-04-22T07:00:12.115000+00:00,1.0,P
2607,3161,2021-04-22T07:00:13.885000+00:00,1.0,S
2608,2984,2021-04-22T07:00:12.115000+00:00,1.0,P
2608,3161,2021-04-22T07:00:13.885000+00:00,1.0,S
2609,2984,2021-04-22T07:00:12.115000+00:00,1.0,P
2609,3161,2021-04-22T07:00:13.885000+00:00,1.0,S
2610,2984,2021-04-22T07:00:12.115000+00:00,1.0,P
2610,3161,2021-04-22T07:00:13.885000+00:00,1.0,S
2611,2984,2021-04-22T07:00:12.115000+00:00,1.0,P
2611,3161,2021-04-22T07:00:13.885000+00:00,1.0,S
2612,2984,2021-04-22T07:00:12.115000+00:00,1.0,P
2612,3161,2021-04-22T07:00:13.885000+00:00,1.0,S
2613,2984,2021-04-22T07:00:12.115000+00:00,1.0,P
2613,3161,2021-04-22T07:00:13.885000+00:00,1.0,S
2614,2985,2021-04-22T07:00:12.125000+00:00,1.0,P
2614,3161,2021-04-22T07:00:13.885000+00:00,1.0,S
2615,2985,2021-04-22T07:00:12.125000+00:00,1.0,P
2615,3162,2021-04-22T07:00:13.895000+00:00,1.0,S
2616,2985,2021-04-22T07:00:12.125000+00:00,1.0,P
2616,3162,2021-04-22T07:00:13.895000+00:00,1.0,S
2617,2985,2021-04-22T07:00:12.125000+00:00,1.0,P
2617,3162,2021-04-22T07:00:13.895000+00:00,1.0,S
2618,2985,2021-04-22T07:00:12.125000+00:00,1.0,P
2618,3162,2021-04-22T07:00:13.895000+00:00,1.0,S
2619,2985,2021-04-22T07:00:12.125000+00:00,1.0,P
2619,3162,2021-04-22T07:00:13.895000+00:00,1.0,S
2620,2985,2021-04-22T07:00:12.125000+00:00,1.0,P
2620,3162,2021-04-22T07:00:13.895000+00:00,1.0,S
2621,2985,2021-04-22T07:00:12.125000+00:00,1.0,P
2621,3162,2021-04-22T07:00:13.895000+00:00,1.0,S
2622,2985,2021-04-22T07:00:12.125000+00:00,1.0,P
2622,3162,2021-04-22T07:00:13.895000+00:00,1.0,S
2623,2985,2021-04-22T07:00:12.125000+00:00,1.0,P
2623,3162,2021-04-22T07:00:13.895000+00:00,1.0,S
2624,2985,2021-04-22T07:00:12.125000+00:00,1.0,P
2624,3162,2021-04-22T07:00:13.895000+00:00,1.0,S
2625,2985,2021-04-22T07:00:12.125000+00:00,1.0,P
2625,3162,2021-04-22T07:00:13.895000+00:00,1.0,S
2626,2985,2021-04-22T07:00:12.125000+00:00,1.0,P
2626,3162,2021-04-22T07:00:13.895000+00:00,1.0,S
2627,2985,2021-04-22T07:00:12.125000+00:00,1.0,P
2627,3162,2021-04-22T07:00:13.895000+00:00,1.0,S
2628,2985,2021-04-22T07:00:12.125000+00:00,1.0,P
2628,3162,2021-04-22T07:00:13.895000+00:00,1.0,S
2629,2985,2021-04-22T07:00:12.125000+00:00,1.0,P
2629,3162,2021-04-22T07:00:13.895000+00:00,1.0,S
2630,2985,2021-04-22T07:00:12.125000+00:00,1.0,P
2630,3162,2021-04-22T07:00:13.895000+00:00,1.0,S
2631,2985,2021-04-22T07:00:12.125000+00:00,1.0,P
2631,3162,2021-04-22T07:00:13.895000+00:00,1.0,S
2632,2985,2021-04-22T07:00:12.125000+00:00,1.0,P
2632,3162,2021-04-22T07:00:13.895000+00:00,1.0,S
2633,2985,2021-04-22T07:00:12.125000+00:00,1.0,P
2633,3162,2021-04-22T07:00:13.895000+00:00,1.0,S
2634,2985,2021-04-22T07:00:12.125000+00:00,1.0,P
2634,3162,2021-04-22T07:00:13.895000+00:00,1.0,S
2635,2985,2021-04-22T07:00:12.125000+00:00,1.0,P
2635,3162,2021-04-22T07:00:13.895000+00:00,1.0,S
2636,2985,2021-04-22T07:00:12.125000+00:00,1.0,P
2636,3162,2021-04-22T07:00:13.895000+00:00,1.0,S
2637,2986,2021-04-22T07:00:12.135000+00:00,1.0,P
2637,3162,2021-04-22T07:00:13.895000+00:00,1.0,S
2638,2986,2021-04-22T07:00:12.135000+00:00,1.0,P
2638,3162,2021-04-22T07:00:13.895000+00:00,1.0,S
2639,2986,2021-04-22T07:00:12.135000+00:00,1.0,P
2639,3162,2021-04-22T07:00:13.895000+00:00,1.0,S
2640,2986,2021-04-22T07:00:12.135000+00:00,1.0,P
2640,3162,2021-04-22T07:00:13.895000+00:00,1.0,S
2641,2986,2021-04-22T07:00:12.135000+00:00,1.0,P
2641,3162,2021-04-22T07:00:13.895000+00:00,1.0,S
2642,2986,2021-04-22T07:00:12.135000+00:00,1.0,P
2642,3162,2021-04-22T07:00:13.895000+00:00,1.0,S
2643,2986,2021-04-22T07:00:12.135000+00:00,1.0,P
2643,3162,2021-04-22T07:00:13.895000+00:00,1.0,S
2644,2986,2021-04-22T07:00:12.135000+00:00,1.0,P
2644,3162,2021-04-22T07:00:13.895000+00:00,1.0,S
2645,2986,2021-04-22T07:00:12.135000+00:00,1.0,P
2645,3162,2021-04-22T07:00:13.895000+00:00,1.0,S
2646,2986,2021-04-22T07:00:12.135000+00:00,1.0,P
2646,3162,2021-04-22T07:00:13.895000+00:00,1.0,S
2647,2986,2021-04-22T07:00:12.135000+00:00,1.0,P
2647,3162,2021-04-22T07:00:13.895000+00:00,1.0,S
2648,2986,2021-04-22T07:00:12.135000+00:00,1.0,P
2648,3162,2021-04-22T07:00:13.895000+00:00,1.0,S
2649,2986,2021-04-22T07:00:12.135000+00:00,1.0,P
2649,3162,2021-04-22T07:00:13.895000+00:00,1.0,S
2650,2986,2021-04-22T07:00:12.135000+00:00,1.0,P
2650,3162,2021-04-22T07:00:13.895000+00:00,1.0,S
2651,2986,2021-04-22T07:00:12.135000+00:00,1.0,P
2651,3162,2021-04-22T07:00:13.895000+00:00,1.0,S
2652,2986,2021-04-22T07:00:12.135000+00:00,1.0,P
2652,3162,2021-04-22T07:00:13.895000+00:00,1.0,S
2653,2986,2021-04-22T07:00:12.135000+00:00,1.0,P
2653,3162,2021-04-22T07:00:13.895000+00:00,1.0,S
2654,2986,2021-04-22T07:00:12.135000+00:00,1.0,P
2654,3163,2021-04-22T07:00:13.905000+00:00,1.0,S
2655,2986,2021-04-22T07:00:12.135000+00:00,1.0,P
2655,3163,2021-04-22T07:00:13.905000+00:00,1.0,S
2656,2986,2021-04-22T07:00:12.135000+00:00,1.0,P
2656,3163,2021-04-22T07:00:13.905000+00:00,1.0,S
2657,2986,2021-04-22T07:00:12.135000+00:00,1.0,P
2657,3163,2021-04-22T07:00:13.905000+00:00,1.0,S
2658,2986,2021-04-22T07:00:12.135000+00:00,1.0,P
2658,3163,2021-04-22T07:00:13.905000+00:00,1.0,S
2659,2986,2021-04-22T07:00:12.135000+00:00,1.0,P
2659,3163,2021-04-22T07:00:13.905000+00:00,1.0,S
2660,2986,2021-04-22T07:00:12.135000+00:00,1.0,P
2660,3163,2021-04-22T07:00:13.905000+00:00,1.0,S
2661,2986,2021-04-22T07:00:12.135000+00:00,1.0,P
2661,3163,2021-04-22T07:00:13.905000+00:00,1.0,S
2662,2986,2021-04-22T07:00:12.135000+00:00,1.0,P
2662,3163,2021-04-22T07:00:13.905000+00:00,1.0,S
2663,2986,2021-04-22T07:00:12.135000+00:00,1.0,P
2663,3163,2021-04-22T07:00:13.905000+00:00,1.0,S
2664,2986,2021-04-22T07:00:12.135000+00:00,1.0,P
2664,3163,2021-04-22T07:00:13.905000+00:00,1.0,S
2665,2987,2021-04-22T07:00:12.145000+00:00,1.0,P
2665,3163,2021-04-22T07:00:13.905000+00:00,1.0,S
2666,2987,2021-04-22T07:00:12.145000+00:00,1.0,P
2666,3163,2021-04-22T07:00:13.905000+00:00,1.0,S
2667,2987,2021-04-22T07:00:12.145000+00:00,1.0,P
2667,3163,2021-04-22T07:00:13.905000+00:00,1.0,S
2668,2987,2021-04-22T07:00:12.145000+00:00,1.0,P
2668,3163,2021-04-22T07:00:13.905000+00:00,1.0,S
2669,2987,2021-04-22T07:00:12.145000+00:00,1.0,P
2669,3163,2021-04-22T07:00:13.905000+00:00,1.0,S
2670,2987,2021-04-22T07:00:12.145000+00:00,1.0,P
2670,3163,2021-04-22T07:00:13.905000+00:00,1.0,S
2671,2987,2021-04-22T07:00:12.145000+00:00,1.0,P
2671,3163,2021-04-22T07:00:13.905000+00:00,1.0,S
2672,2987,2021-04-22T07:00:12.145000+00:00,1.0,P
2672,3163,2021-04-22T07:00:13.905000+00:00,1.0,S
2673,2987,2021-04-22T07:00:12.145000+00:00,1.0,P
2673,3163,2021-04-22T07:00:13.905000+00:00,1.0,S
2674,2987,2021-04-22T07:00:12.145000+00:00,1.0,P
2674,3164,2021-04-22T07:00:13.915000+00:00,1.0,S
2675,2987,2021-04-22T07:00:12.145000+00:00,1.0,P
2675,3164,2021-04-22T07:00:13.915000+00:00,1.0,S
2676,2987,2021-04-22T07:00:12.145000+00:00,1.0,P
2676,3164,2021-04-22T07:00:13.915000+00:00,1.0,S
2677,2987,2021-04-22T07:00:12.145000+00:00,1.0,P
2677,3164,2021-04-22T07:00:13.915000+00:00,1.0,S
2678,2987,2021-04-22T07:00:12.145000+00:00,1.0,P
2678,3164,2021-04-22T07:00:13.915000+00:00,1.0,S
2679,2987,2021-04-22T07:00:12.145000+00:00,1.0,P
2679,3164,2021-04-22T07:00:13.915000+00:00,1.0,S
2680,2987,2021-04-22T07:00:12.145000+00:00,1.0,P
2680,3164,2021-04-22T07:00:13.915000+00:00,1.0,S
2681,2987,2021-04-22T07:00:12.145000+00:00,1.0,P
2681,3164,2021-04-22T07:00:13.915000+00:00,1.0,S
2682,2987,2021-04-22T07:00:12.145000+00:00,1.0,P
2682,3164,2021-04-22T07:00:13.915000+00:00,1.0,S
2683,2987,2021-04-22T07:00:12.145000+00:00,1.0,P
2683,3164,2021-04-22T07:00:13.915000+00:00,1.0,S
2684,2988,2021-04-22T07:00:12.155000+00:00,1.0,P
2684,3164,2021-04-22T07:00:13.915000+00:00,1.0,S
2685,2988,2021-04-22T07:00:12.155000+00:00,1.0,P
2685,3164,2021-04-22T07:00:13.915000+00:00,1.0,S
2686,2988,2021-04-22T07:00:12.155000+00:00,1.0,P
2686,3164,2021-04-22T07:00:13.915000+00:00,1.0,S
2687,2988,2021-04-22T07:00:12.155000+00:00,1.0,P
2687,3165,2021-04-22T07:00:13.925000+00:00,1.0,S
2688,2988,2021-04-22T07:00:12.155000+00:00,1.0,P
2688,3165,2021-04-22T07:00:13.925000+00:00,1.0,S
2689,2988,2021-04-22T07:00:12.155000+00:00,1.0,P
2689,3165,2021-04-22T07:00:13.925000+00:00,1.0,S
2690,2988,2021-04-22T07:00:12.155000+00:00,1.0,P
2690,3165,2021-04-22T07:00:13.925000+00:00,1.0,S
2691,2988,2021-04-22T07:00:12.155000+00:00,1.0,P
2691,3165,2021-04-22T07:00:13.925000+00:00,1.0,S
2692,2988,2021-04-22T07:00:12.155000+00:00,1.0,P
2692,3165,2021-04-22T07:00:13.925000+00:00,1.0,S
2693,2988,2021-04-22T07:00:12.155000+00:00,1.0,P
2693,3165,2021-04-22T07:00:13.925000+00:00,1.0,S
2694,2988,2021-04-22T07:00:12.155000+00:00,1.0,P
2694,3165,2021-04-22T07:00:13.925000+00:00,1.0,S
2695,2988,2021-04-22T07:00:12.155000+00:00,1.0,P
2695,3165,2021-04-22T07:00:13.925000+00:00,1.0,S
2696,2988,2021-04-22T07:00:12.155000+00:00,1.0,P
2696,3165,2021-04-22T07:00:13.925000+00:00,1.0,S
2697,2988,2021-04-22T07:00:12.155000+00:00,1.0,P
2697,3165,2021-04-22T07:00:13.925000+00:00,1.0,S
2698,2988,2021-04-22T07:00:12.155000+00:00,1.0,P
2698,3165,2021-04-22T07:00:13.925000+00:00,1.0,S
2699,2988,2021-04-22T07:00:12.155000+00:00,1.0,P
2699,3166,2021-04-22T07:00:13.935000+00:00,1.0,S
2700,2988,2021-04-22T07:00:12.155000+00:00,1.0,P
2700,3166,2021-04-22T07:00:13.935000+00:00,1.0,S
2701,2988,2021-04-22T07:00:12.155000+00:00,1.0,P
2701,3166,2021-04-22T07:00:13.935000+00:00,1.0,S
2702,2988,2021-04-22T07:00:12.155000+00:00,1.0,P
2702,3166,2021-04-22T07:00:13.935000+00:00,1.0,S
2703,2988,2021-04-22T07:00:12.155000+00:00,1.0,P
2703,3166,2021-04-22T07:00:13.935000+00:00,1.0,S
2704,2989,2021-04-22T07:00:12.165000+00:00,1.0,P
2704,3166,2021-04-22T07:00:13.935000+00:00,1.0,S
2705,2989,2021-04-22T07:00:12.165000+00:00,1.0,P
2705,3166,2021-04-22T07:00:13.935000+00:00,1.0,S
2706,2989,2021-04-22T07:00:12.165000+00:00,1.0,P
2706,3166,2021-04-22T07:00:13.935000+00:00,1.0,S
2707,2989,2021-04-22T07:00:12.165000+00:00,1.0,P
2707,3166,2021-04-22T07:00:13.935000+00:00,1.0,S
2708,2989,2021-04-22T07:00:12.165000+00:00,1.0,P
2708,3166,2021-04-22T07:00:13.935000+00:00,1.0,S
2709,2989,2021-04-22T07:00:12.165000+00:00,1.0,P
2709,3166,2021-04-22T07:00:13.935000+00:00,1.0,S
2710,2989,2021-04-22T07:00:12.165000+00:00,1.0,P
2710,3166,2021-04-22T07:00:13.935000+00:00,1.0,S
2711,2989,2021-04-22T07:00:12.165000+00:00,1.0,P
2711,3166,2021-04-22T07:00:13.935000+00:00,1.0,S
2712,2989,2021-04-22T07:00:12.165000+00:00,1.0,P
2712,3166,2021-04-22T07:00:13.935000+00:00,1.0,S
2713,2989,2021-04-22T07:00:12.165000+00:00,1.0,P
2713,3166,2021-04-22T07:00:13.935000+00:00,1.0,S
2714,2989,2021-04-22T07:00:12.165000+00:00,1.0,P
2714,3166,2021-04-22T07:00:13.935000+00:00,1.0,S
2715,2989,2021-04-22T07:00:12.165000+00:00,1.0,P
2715,3166,2021-04-22T07:00:13.935000+00:00,1.0,S
2716,2989,2021-04-22T07:00:12.165000+00:00,1.0,P
2716,3166,2021-04-22T07:00:13.935000+00:00,1.0,S
2717,2989,2021-04-22T07:00:12.165000+00:00,1.0,P
2717,3166,2021-04-22T07:00:13.935000+00:00,1.0,S
2718,2989,2021-04-22T07:00:12.165000+00:00,1.0,P
2718,3166,2021-04-22T07:00:13.935000+00:00,1.0,S
2719,2989,2021-04-22T07:00:12.165000+00:00,1.0,P
2719,3166,2021-04-22T07:00:13.935000+00:00,1.0,S
2720,2989,2021-04-22T07:00:12.165000+00:00,1.0,P
2720,3166,2021-04-22T07:00:13.935000+00:00,1.0,S
2721,2989,2021-04-22T07:00:12.165000+00:00,1.0,P
2721,3166,2021-04-22T07:00:13.935000+00:00,1.0,S
2722,2990,2021-04-22T07:00:12.175000+00:00,1.0,P
2722,3166,2021-04-22T07:00:13.935000+00:00,1.0,S
2723,2990,2021-04-22T07:00:12.175000+00:00,1.0,P
2723,3166,2021-04-22T07:00:13.935000+00:00,1.0,S
2724,2990,2021-04-22T07:00:12.175000+00:00,1.0,P
2724,3166,2021-04-22T07:00:13.935000+00:00,1.0,S
2725,2990,2021-04-22T07:00:12.175000+00:00,1.0,P
2725,3166,2021-04-22T07:00:13.935000+00:00,1.0,S
2726,2990,2021-04-22T07:00:12.175000+00:00,1.0,P
2726,3167,2021-04-22T07:00:13.945000+00:00,1.0,S
2727,2990,2021-04-22T07:00:12.175000+00:00,1.0,P
2727,3167,2021-04-22T07:00:13.945000+00:00,1.0,S
2728,2990,2021-04-22T07:00:12.175000+00:00,1.0,P
2728,3167,2021-04-22T07:00:13.945000+00:00,1.0,S
2729,2990,2021-04-22T07:00:12.175000+00:00,1.0,P
2729,3167,2021-04-22T07:00:13.945000+00:00,1.0,S
2730,2990,2021-04-22T07:00:12.175000+00:00,1.0,P
2730,3167,2021-04-22T07:00:13.945000+00:00,1.0,S
2731,2990,2021-04-22T07:00:12.175000+00:00,1.0,P
2731,3167,2021-04-22T07:00:13.945000+00:00,1.0,S
2732,2990,2021-04-22T07:00:12.175000+00:00,1.0,P
2732,3167,2021-04-22T07:00:13.945000+00:00,1.0,S
2733,2990,2021-04-22T07:00:12.175000+00:00,1.0,P
2733,3167,2021-04-22T07:00:13.945000+00:00,1.0,S
2734,2990,2021-04-22T07:00:12.175000+00:00,1.0,P
2734,3167,2021-04-22T07:00:13.945000+00:00,1.0,S
2735,2991,2021-04-22T07:00:12.185000+00:00,1.0,P
2735,3167,2021-04-22T07:00:13.945000+00:00,1.0,S
2736,2991,2021-04-22T07:00:12.185000+00:00,1.0,P
2736,3167,2021-04-22T07:00:13.945000+00:00,1.0,S
2737,2991,2021-04-22T07:00:12.185000+00:00,1.0,P
2737,3167,2021-04-22T07:00:13.945000+00:00,1.0,S
2738,2991,2021-04-22T07:00:12.185000+00:00,1.0,P
2738,3167,2021-04-22T07:00:13.945000+00:00,1.0,S
2739,2991,2021-04-22T07:00:12.185000+00:00,1.0,P
2739,3167,2021-04-22T07:00:13.945000+00:00,1.0,S
2740,2991,2021-04-22T07:00:12.185000+00:00,1.0,P
2740,3167,2021-04-22T07:00:13.945000+00:00,1.0,S
2741,2991,2021-04-22T07:00:12.185000+00:00,1.0,P
2741,3167,2021-04-22T07:00:13.945000+00:00,1.0,S
2742,2991,2021-04-22T07:00:12.185000+00:00,1.0,P
2742,3167,2021-04-22T07:00:13.945000+00:00,1.0,S
2743,2991,2021-04-22T07:00:12.185000+00:00,1.0,P
2743,3167,2021-04-22T07:00:13.945000+00:00,1.0,S
2744,2991,2021-04-22T07:00:12.185000+00:00,1.0,P
2744,3167,2021-04-22T07:00:13.945000+00:00,1.0,S
2745,2991,2021-04-22T07:00:12.185000+00:00,1.0,P
2745,3167,2021-04-22T07:00:13.945000+00:00,1.0,S
2746,2991,2021-04-22T07:00:12.185000+00:00,1.0,P
2746,3167,2021-04-22T07:00:13.945000+00:00,1.0,S
2747,2991,2021-04-22T07:00:12.185000+00:00,1.0,P
2747,3167,2021-04-22T07:00:13.945000+00:00,1.0,S
2748,2991,2021-04-22T07:00:12.185000+00:00,1.0,P
2748,3167,2021-04-22T07:00:13.945000+00:00,1.0,S
2749,2991,2021-04-22T07:00:12.185000+00:00,1.0,P
2749,3167,2021-04-22T07:00:13.945000+00:00,1.0,S
2750,2992,2021-04-22T07:00:12.195000+00:00,1.0,P
2750,3167,2021-04-22T07:00:13.945000+00:00,1.0,S
2751,2992,2021-04-22T07:00:12.195000+00:00,1.0,P
2751,3167,2021-04-22T07:00:13.945000+00:00,1.0,S
2752,2992,2021-04-22T07:00:12.195000+00:00,1.0,P
2752,3167,2021-04-22T07:00:13.945000+00:00,1.0,S
2753,2992,2021-04-22T07:00:12.195000+00:00,1.0,P
2753,3167,2021-04-22T07:00:13.945000+00:00,1.0,S
2754,2992,2021-04-22T07:00:12.195000+00:00,1.0,P
2754,3167,2021-04-22T07:00:13.945000+00:00,1.0,S
2755,2992,2021-04-22T07:00:12.195000+00:00,1.0,P
2755,3167,2021-04-22T07:00:13.945000+00:00,1.0,S
2756,2992,2021-04-22T07:00:12.195000+00:00,1.0,P
2756,3167,2021-04-22T07:00:13.945000+00:00,1.0,S
2757,2992,2021-04-22T07:00:12.195000+00:00,1.0,P
2757,3167,2021-04-22T07:00:13.945000+00:00,1.0,S
2758,2992,2021-04-22T07:00:12.195000+00:00,1.0,P
2758,3167,2021-04-22T07:00:13.945000+00:00,1.0,S
2759,2992,2021-04-22T07:00:12.195000+00:00,1.0,P
2759,3167,2021-04-22T07:00:13.945000+00:00,1.0,S
2760,2992,2021-04-22T07:00:12.195000+00:00,1.0,P
2760,3167,2021-04-22T07:00:13.945000+00:00,1.0,S
2761,2992,2021-04-22T07:00:12.195000+00:00,1.0,P
2761,3167,2021-04-22T07:00:13.945000+00:00,1.0,S
2762,2992,2021-04-22T07:00:12.195000+00:00,1.0,P
2762,3167,2021-04-22T07:00:13.945000+00:00,1.0,S
2763,2992,2021-04-22T07:00:12.195000+00:00,1.0,P
2763,3167,2021-04-22T07:00:13.945000+00:00,1.0,S
2764,2992,2021-04-22T07:00:12.195000+00:00,1.0,P
2764,3167,2021-04-22T07:00:13.945000+00:00,1.0,S
2765,2992,2021-04-22T07:00:12.195000+00:00,1.0,P
2765,3167,2021-04-22T07:00:13.945000+00:00,1.0,S
2766,2992,2021-04-22T07:00:12.195000+00:00,1.0,P
2766,3167,2021-04-22T07:00:13.945000+00:00,1.0,S
2767,2992,2021-04-22T07:00:12.195000+00:00,1.0,P
2767,3167,2021-04-22T07:00:13.945000+00:00,1.0,S
2768,2993,2021-04-22T07:00:12.205000+00:00,1.0,P
2768,3167,2021-04-22T07:00:13.945000+00:00,1.0,S
2769,2993,2021-04-22T07:00:12.205000+00:00,1.0,P
2769,3167,2021-04-22T07:00:13.945000+00:00,1.0,S
2770,2993,2021-04-22T07:00:12.205000+00:00,1.0,P
2770,3167,2021-04-22T07:00:13.945000+00:00,1.0,S
2771,2993,2021-04-22T07:00:12.205000+00:00,1.0,P
2771,3167,2021-04-22T07:00:13.945000+00:00,1.0,S
2772,2993,2021-04-22T07:00:12.205000+00:00,1.0,P
2772,3167,2021-04-22T07:00:13.945000+00:00,1.0,S
2773,2993,2021-04-22T07:00:12.205000+00:00,1.0,P
2773,3167,2021-04-22T07:00:13.945000+00:00,1.0,S
2774,2993,2021-04-22T07:00:12.205000+00:00,1.0,P
2774,3167,2021-04-22T07:00:13.945000+00:00,1.0,S
2775,2993,2021-04-22T07:00:12.205000+00:00,1.0,P
2775,3167,2021-04-22T07:00:13.945000+00:00,1.0,S
2776,2993,2021-04-22T07:00:12.205000+00:00,1.0,P
2776,3167,2021-04-22T07:00:13.945000+00:00,1.0,S
2777,2993,2021-04-22T07:00:12.205000+00:00,1.0,P
2777,3167,2021-04-22T07:00:13.945000+00:00,1.0,S
2778,2993,2021-04-22T07:00:12.205000+00:00,1.0,P
2778,3167,2021-04-22T07:00:13.945000+00:00,1.0,S
2779,2993,2021-04-22T07:00:12.205000+00:00,1.0,P
2779,3167,2021-04-22T07:00:13.945000+00:00,1.0,S
2780,2993,2021-04-22T07:00:12.205000+00:00,1.0,P
2780,3167,2021-04-22T07:00:13.945000+00:00,1.0,S
2781,2993,2021-04-22T07:00:12.205000+00:00,1.0,P
2781,3167,2021-04-22T07:00:13.945000+00:00,1.0,S
2782,2993,2021-04-22T07:00:12.205000+00:00,1.0,P
2782,3167,2021-04-22T07:00:13.945000+00:00,1.0,S
2783,2993,2021-04-22T07:00:12.205000+00:00,1.0,P
2783,3167,2021-04-22T07:00:13.945000+00:00,1.0,S
2784,2994,2021-04-22T07:00:12.215000+00:00,1.0,P
2784,3167,2021-04-22T07:00:13.945000+00:00,1.0,S
2785,2994,2021-04-22T07:00:12.215000+00:00,1.0,P
2785,3167,2021-04-22T07:00:13.945000+00:00,1.0,S
2786,2994,2021-04-22T07:00:12.215000+00:00,1.0,P
2786,3167,2021-04-22T07:00:13.945000+00:00,1.0,S
2787,2994,2021-04-22T07:00:12.215000+00:00,1.0,P
2787,3167,2021-04-22T07:00:13.945000+00:00,1.0,S
2788,2994,2021-04-22T07:00:12.215000+00:00,1.0,P
2788,3167,2021-04-22T07:00:13.945000+00:00,1.0,S
2789,2994,2021-04-22T07:00:12.215000+00:00,1.0,P
2789,3167,2021-04-22T07:00:13.945000+00:00,1.0,S
2790,2994,2021-04-22T07:00:12.215000+00:00,1.0,P
2790,3167,2021-04-22T07:00:13.945000+00:00,1.0,S
2791,2994,2021-04-22T07:00:12.215000+00:00,1.0,P
2791,3167,2021-04-22T07:00:13.945000+00:00,1.0,S
2792,2994,2021-04-22T07:00:12.215000+00:00,1.0,P
2792,3167,2021-04-22T07:00:13.945000+00:00,1.0,S
2793,2994,2021-04-22T07:00:12.215000+00:00,1.0,P
2793,3167,2021-04-22T07:00:13.945000+00:00,1.0,S
2794,2994,2021-04-22T07:00:12.215000+00:00,1.0,P
2794,3167,2021-04-22T07:00:13.945000+00:00,1.0,S
2795,2994,2021-04-22T07:00:12.215000+00:00,1.0,P
2795,3167,2021-04-22T07:00:13.945000+00:00,1.0,S
2796,2994,2021-04-22T07:00:12.215000+00:00,1.0,P
2796,3168,2021-04-22T07:00:13.955000+00:00,1.0,S
2797,2994,2021-04-22T07:00:12.215000+00:00,1.0,P
2797,3168,2021-04-22T07:00:13.955000+00:00,1.0,S
2798,2994,2021-04-22T07:00:12.215000+00:00,1.0,P
2798,3168,2021-04-22T07:00:13.955000+00:00,1.0,S
2799,2994,2021-04-22T07:00:12.215000+00:00,1.0,P
2799,3168,2021-04-22T07:00:13.955000+00:00,1.0,S
2800,2994,2021-04-22T07:00:12.215000+00:00,1.0,P
2800,3168,2021-04-22T07:00:13.955000+00:00,1.0,S
2801,2994,2021-04-22T07:00:12.215000+00:00,1.0,P
2801,3168,2021-04-22T07:00:13.955000+00:00,1.0,S
2802,2994,2021-04-22T07:00:12.215000+00:00,1.0,P
2802,3168,2021-04-22T07:00:13.955000+00:00,1.0,S
2803,2994,2021-04-22T07:00:12.215000+00:00,1.0,P
2803,3168,2021-04-22T07:00:13.955000+00:00,1.0,S
2804,2995,2021-04-22T07:00:12.225000+00:00,1.0,P
2804,3168,2021-04-22T07:00:13.955000+00:00,1.0,S
2805,2995,2021-04-22T07:00:12.225000+00:00,1.0,P
2805,3168,2021-04-22T07:00:13.955000+00:00,1.0,S
2806,2995,2021-04-22T07:00:12.225000+00:00,1.0,P
2806,3169,2021-04-22T07:00:13.965000+00:00,1.0,S
2807,2995,2021-04-22T07:00:12.225000+00:00,1.0,P
2807,3169,2021-04-22T07:00:13.965000+00:00,1.0,S
2808,2995,2021-04-22T07:00:12.225000+00:00,1.0,P
2808,3169,2021-04-22T07:00:13.965000+00:00,1.0,S
2809,2995,2021-04-22T07:00:12.225000+00:00,1.0,P
2809,3169,2021-04-22T07:00:13.965000+00:00,1.0,S
2810,2995,2021-04-22T07:00:12.225000+00:00,1.0,P
2810,3169,2021-04-22T07:00:13.965000+00:00,1.0,S
2811,2995,2021-04-22T07:00:12.225000+00:00,1.0,P
2811,3169,2021-04-22T07:00:13.965000+00:00,1.0,S
2812,2995,2021-04-22T07:00:12.225000+00:00,1.0,P
2812,3169,2021-04-22T07:00:13.965000+00:00,1.0,S
2813,2995,2021-04-22T07:00:12.225000+00:00,1.0,P
2813,3169,2021-04-22T07:00:13.965000+00:00,1.0,S
2814,2995,2021-04-22T07:00:12.225000+00:00,1.0,P
2814,3169,2021-04-22T07:00:13.965000+00:00,1.0,S
2815,2995,2021-04-22T07:00:12.225000+00:00,1.0,P
2815,3170,2021-04-22T07:00:13.975000+00:00,1.0,S
2816,2995,2021-04-22T07:00:12.225000+00:00,1.0,P
2816,3170,2021-04-22T07:00:13.975000+00:00,1.0,S
2817,2996,2021-04-22T07:00:12.235000+00:00,1.0,P
2817,3170,2021-04-22T07:00:13.975000+00:00,1.0,S
2818,2996,2021-04-22T07:00:12.235000+00:00,1.0,P
2818,3170,2021-04-22T07:00:13.975000+00:00,1.0,S
2819,2996,2021-04-22T07:00:12.235000+00:00,1.0,P
2819,3170,2021-04-22T07:00:13.975000+00:00,1.0,S
2820,2996,2021-04-22T07:00:12.235000+00:00,1.0,P
2820,3170,2021-04-22T07:00:13.975000+00:00,1.0,S
2821,2996,2021-04-22T07:00:12.235000+00:00,1.0,P
2821,3170,2021-04-22T07:00:13.975000+00:00,1.0,S
2822,2996,2021-04-22T07:00:12.235000+00:00,1.0,P
2822,3171,2021-04-22T07:00:13.985000+00:00,1.0,S
2823,2996,2021-04-22T07:00:12.235000+00:00,1.0,P
2823,3171,2021-04-22T07:00:13.985000+00:00,1.0,S
2824,2996,2021-04-22T07:00:12.235000+00:00,1.0,P
2824,3171,2021-04-22T07:00:13.985000+00:00,1.0,S
2825,2996,2021-04-22T07:00:12.235000+00:00,1.0,P
2825,3171,2021-04-22T07:00:13.985000+00:00,1.0,S
2826,2996,2021-04-22T07:00:12.235000+00:00,1.0,P
2826,3171,2021-04-22T07:00:13.985000+00:00,1.0,S
2827,2996,2021-04-22T07:00:12.235000+00:00,1.0,P
2827,3171,2021-04-22T07:00:13.985000+00:00,1.0,S
2828,2997,2021-04-22T07:00:12.245000+00:00,1.0,P
2828,3172,2021-04-22T07:00:13.995000+00:00,1.0,S
2829,2997,2021-04-22T07:00:12.245000+00:00,1.0,P
2829,3172,2021-04-22T07:00:13.995000+00:00,1.0,S
2830,2997,2021-04-22T07:00:12.245000+00:00,1.0,P
2830,3172,2021-04-22T07:00:13.995000+00:00,1.0,S
2831,2997,2021-04-22T07:00:12.245000+00:00,1.0,P
2831,3172,2021-04-22T07:00:13.995000+00:00,1.0,S
2832,2997,2021-04-22T07:00:12.245000+00:00,1.0,P
2832,3172,2021-04-22T07:00:13.995000+00:00,1.0,S
2833,2997,2021-04-22T07:00:12.245000+00:00,1.0,P
2833,3173,2021-04-22T07:00:14.005000+00:00,1.0,S
2834,2997,2021-04-22T07:00:12.245000+00:00,1.0,P
2834,3173,2021-04-22T07:00:14.005000+00:00,1.0,S
2835,2997,2021-04-22T07:00:12.245000+00:00,1.0,P
2835,3173,2021-04-22T07:00:14.005000+00:00,1.0,S
2836,2997,2021-04-22T07:00:12.245000+00:00,1.0,P
2836,3173,2021-04-22T07:00:14.005000+00:00,1.0,S
2837,2997,2021-04-22T07:00:12.245000+00:00,1.0,P
2837,3173,2021-04-22T07:00:14.005000+00:00,1.0,S
2838,2998,2021-04-22T07:00:12.255000+00:00,1.0,P
2838,3174,2021-04-22T07:00:14.015000+00:00,1.0,S
2839,2998,2021-04-22T07:00:12.255000+00:00,1.0,P
2839,3174,2021-04-22T07:00:14.015000+00:00,1.0,S
2840,2998,2021-04-22T07:00:12.255000+00:00,1.0,P
2840,3174,2021-04-22T07:00:14.015000+00:00,1.0,S
2841,2998,2021-04-22T07:00:12.255000+00:00,1.0,P
2841,3174,2021-04-22T07:00:14.015000+00:00,1.0,S
2842,2998,2021-04-22T07:00:12.255000+00:00,1.0,P
2842,3174,2021-04-22T07:00:14.015000+00:00,1.0,S
2843,2998,2021-04-22T07:00:12.255000+00:00,1.0,P
2843,3175,2021-04-22T07:00:14.025000+00:00,1.0,S
2844,2998,2021-04-22T07:00:12.255000+00:00,1.0,P
2844,3175,2021-04-22T07:00:14.025000+00:00,1.0,S
2845,2998,2021-04-22T07:00:12.255000+00:00,1.0,P
2845,3175,2021-04-22T07:00:14.025000+00:00,1.0,S
2846,2998,2021-04-22T07:00:12.255000+00:00,1.0,P
2846,3175,2021-04-22T07:00:14.025000+00:00,1.0,S
2847,2999,2021-04-22T07:00:12.265000+00:00,1.0,P
2847,3175,2021-04-22T07:00:14.025000+00:00,1.0,S
2848,2999,2021-04-22T07:00:12.265000+00:00,1.0,P
2848,3175,2021-04-22T07:00:14.025000+00:00,1.0,S
2849,2999,2021-04-22T07:00:12.265000+00:00,1.0,P
2849,3176,2021-04-22T07:00:14.035000+00:00,1.0,S
2850,2999,2021-04-22T07:00:12.265000+00:00,1.0,P
2850,3176,2021-04-22T07:00:14.035000+00:00,1.0,S
2851,2999,2021-04-22T07:00:12.265000+00:00,1.0,P
2851,3176,2021-04-22T07:00:14.035000+00:00,1.0,S
2852,2999,2021-04-22T07:00:12.265000+00:00,1.0,P
2852,3176,2021-04-22T07:00:14.035000+00:00,1.0,S
2853,2999,2021-04-22T07:00:12.265000+00:00,1.0,P
2853,3176,2021-04-22T07:00:14.035000+00:00,1.0,S
2854,2999,2021-04-22T07:00:12.265000+00:00,1.0,P
2854,3176,2021-04-22T07:00:14.035000+00:00,1.0,S
2855,2999,2021-04-22T07:00:12.265000+00:00,1.0,P
2855,3177,2021-04-22T07:00:14.045000+00:00,1.0,S
2856,3000,2021-04-22T07:00:12.275000+00:00,1.0,P
2856,3177,2021-04-22T07:00:14.045000+00:00,1.0,S
2857,3000,2021-04-22T07:00:12.275000+00:00,1.0,P
2857,3177,2021-04-22T07:00:14.045000+00:00,1.0,S
2858,3000,2021-04-22T07:00:12.275000+00:00,1.0,P
2858,3177,2021-04-22T07:00:14.045000+00:00,1.0,S
2859,3000,2021-04-22T07:00:12.275000+00:00,1.0,P
2859,3177,2021-04-22T07:00:14.045000+00:00,1.0,S
2860,3000,2021-04-22T07:00:12.275000+00:00,1.0,P
2860,3177,2021-04-22T07:00:14.045000+00:00,1.0,S
2861,3000,2021-04-22T07:00:12.275000+00:00,1.0,P
2861,3178,2021-04-22T07:00:14.055000+00:00,1.0,S
2862,3000,2021-04-22T07:00:12.275000+00:00,1.0,P
2862,3178,2021-04-22T07:00:14.055000+00:00,1.0,S
2863,3000,2021-04-22T07:00:12.275000+00:00,1.0,P
2863,3178,2021-04-22T07:00:14.055000+00:00,1.0,S
2864,3000,2021-04-22T07:00:12.275000+00:00,1.0,P
2864,3178,2021-04-22T07:00:14.055000+00:00,1.0,S
2865,3001,2021-04-22T07:00:12.285000+00:00,1.0,P
2865,3178,2021-04-22T07:00:14.055000+00:00,1.0,S
2866,3001,2021-04-22T07:00:12.285000+00:00,1.0,P
2866,3178,2021-04-22T07:00:14.055000+00:00,1.0,S
2867,3001,2021-04-22T07:00:12.285000+00:00,1.0,P
2867,3179,2021-04-22T07:00:14.065000+00:00,1.0,S
2868,3001,2021-04-22T07:00:12.285000+00:00,1.0,P
2868,3179,2021-04-22T07:00:14.065000+00:00,1.0,S
2869,3001,2021-04-22T07:00:12.285000+00:00,1.0,P
2869,3179,2021-04-22T07:00:14.065000+00:00,1.0,S
2870,3001,2021-04-22T07:00:12.285000+00:00,1.0,P
2870,3179,2021-04-22T07:00:14.065000+00:00,1.0,S
2871,3001,2021-04-22T07:00:12.285000+00:00,1.0,P
2871,3179,2021-04-22T07:00:14.065000+00:00,1.0,S
2872,3001,2021-04-22T07:00:12.285000+00:00,1.0,P
2872,3179,2021-04-22T07:00:14.065000+00:00,1.0,S
2873,3002,2021-04-22T07:00:12.295000+00:00,1.0,P
2873,3180,2021-04-22T07:00:14.075000+00:00,1.0,S
2874,3002,2021-04-22T07:00:12.295000+00:00,1.0,P
2874,3180,2021-04-22T07:00:14.075000+00:00,1.0,S
2875,3002,2021-04-22T07:00:12.295000+00:00,1.0,P
2875,3180,2021-04-22T07:00:14.075000+00:00,1.0,S
2876,3002,2021-04-22T07:00:12.295000+00:00,1.0,P
2876,3180,2021-04-22T07:00:14.075000+00:00,1.0,S
2877,3002,2021-04-22T07:00:12.295000+00:00,1.0,P
2877,3180,2021-04-22T07:00:14.075000+00:00,1.0,S
2878,3002,2021-04-22T07:00:12.295000+00:00,1.0,P
2878,3180,2021-04-22T07:00:14.075000+00:00,1.0,S
2879,3002,2021-04-22T07:00:12.295000+00:00,1.0,P
2879,3181,2021-04-22T07:00:14.085000+00:00,1.0,S
2880,3002,2021-04-22T07:00:12.295000+00:00,1.0,P
2880,3181,2021-04-22T07:00:14.085000+00:00,1.0,S
2881,3002,2021-04-22T07:00:12.295000+00:00,1.0,P
2881,3181,2021-04-22T07:00:14.085000+00:00,1.0,S
2882,3003,2021-04-22T07:00:12.305000+00:00,1.0,P
2882,3181,2021-04-22T07:00:14.085000+00:00,1.0,S
2883,3003,2021-04-22T07:00:12.305000+00:00,1.0,P
2883,3182,2021-04-22T07:00:14.095000+00:00,1.0,S
2884,3003,2021-04-22T07:00:12.305000+00:00,1.0,P
2884,3182,2021-04-22T07:00:14.095000+00:00,1.0,S
2885,3003,2021-04-22T07:00:12.305000+00:00,1.0,P
2885,3182,2021-04-22T07:00:14.095000+00:00,1.0,S
2886,3003,2021-04-22T07:00:12.305000+00:00,1.0,P
2886,3182,2021-04-22T07:00:14.095000+00:00,1.0,S
2887,3003,2021-04-22T07:00:12.305000+00:00,1.0,P
2887,3183,2021-04-22T07:00:14.105000+00:00,1.0,S
2888,3003,2021-04-22T07:00:12.305000+00:00,1.0,P
2888,3183,2021-04-22T07:00:14.105000+00:00,1.0,S
2889,3003,2021-04-22T07:00:12.305000+00:00,1.0,P
2889,3183,2021-04-22T07:00:14.105000+00:00,1.0,S
2890,3004,2021-04-22T07:00:12.315000+00:00,1.0,P
2890,3183,2021-04-22T07:00:14.105000+00:00,1.0,S
2891,3004,2021-04-22T07:00:12.315000+00:00,1.0,P
2891,3183,2021-04-22T07:00:14.105000+00:00,1.0,S
2892,3004,2021-04-22T07:00:12.315000+00:00,1.0,P
2892,3184,2021-04-22T07:00:14.115000+00:00,1.0,S
2893,3004,2021-04-22T07:00:12.315000+00:00,1.0,P
2893,3184,2021-04-22T07:00:14.115000+00:00,1.0,S
2894,3004,2021-04-22T07:00:12.315000+00:00,1.0,P
2894,3184,2021-04-22T07:00:14.115000+00:00,1.0,S
2895,3004,2021-04-22T07:00:12.315000+00:00,1.0,P
2895,3184,2021-04-22T07:00:14.115000+00:00,1.0,S
2896,3004,2021-04-22T07:00:12.315000+00:00,1.0,P
2896,3185,2021-04-22T07:00:14.125000+00:00,1.0,S
2897,3004,2021-04-22T07:00:12.315000+00:00,1.0,P
2897,3185,2021-04-22T07:00:14.125000+00:00,1.0,S
2898,3004,2021-04-22T07:00:12.315000+00:00,1.0,P
2898,3185,2021-04-22T07:00:14.125000+00:00,1.0,S
2899,3004,2021-04-22T07:00:12.315000+00:00,1.0,P
2899,3185,2021-04-22T07:00:14.125000+00:00,1.0,S
2900,3004,2021-04-22T07:00:12.315000+00:00,1.0,P
2900,3185,2021-04-22T07:00:14.125000+00:00,1.0,S
2901,3005,2021-04-22T07:00:12.325000+00:00,1.0,P
2901,3186,2021-04-22T07:00:14.135000+00:00,1.0,S
2902,3005,2021-04-22T07:00:12.325000+00:00,1.0,P
2902,3186,2021-04-22T07:00:14.135000+00:00,1.0,S
2903,3005,2021-04-22T07:00:12.325000+00:00,1.0,P
2903,3186,2021-04-22T07:00:14.135000+00:00,1.0,S
2904,3005,2021-04-22T07:00:12.325000+00:00,1.0,P
2904,3186,2021-04-22T07:00:14.135000+00:00,1.0,S
2905,3005,2021-04-22T07:00:12.325000+00:00,1.0,P
2905,3186,2021-04-22T07:00:14.135000+00:00,1.0,S
2906,3005,2021-04-22T07:00:12.325000+00:00,1.0,P
2906,3187,2021-04-22T07:00:14.145000+00:00,1.0,S
2907,3005,2021-04-22T07:00:12.325000+00:00,1.0,P
2907,3187,2021-04-22T07:00:14.145000+00:00,1.0,S
2908,3005,2021-04-22T07:00:12.325000+00:00,1.0,P
2908,3187,2021-04-22T07:00:14.145000+00:00,1.0,S
2909,3006,2021-04-22T07:00:12.335000+00:00,1.0,P
2909,3188,2021-04-22T07:00:14.155000+00:00,1.0,S
2910,3006,2021-04-22T07:00:12.335000+00:00,1.0,P
2910,3188,2021-04-22T07:00:14.155000+00:00,1.0,S
2911,3006,2021-04-22T07:00:12.335000+00:00,1.0,P
2911,3188,2021-04-22T07:00:14.155000+00:00,1.0,S
2912,3006,2021-04-22T07:00:12.335000+00:00,1.0,P
2912,3188,2021-04-22T07:00:14.155000+00:00,1.0,S
2913,3006,2021-04-22T07:00:12.335000+00:00,1.0,P
2913,3189,2021-04-22T07:00:14.165000+00:00,1.0,S
2914,3006,2021-04-22T07:00:12.335000+00:00,1.0,P
2914,3189,2021-04-22T07:00:14.165000+00:00,1.0,S
2915,3006,2021-04-22T07:00:12.335000+00:00,1.0,P
2915,3189,2021-04-22T07:00:14.165000+00:00,1.0,S
2916,3007,2021-04-22T07:00:12.345000+00:00,1.0,P
2916,3189,2021-04-22T07:00:14.165000+00:00,1.0,S
2917,3007,2021-04-22T07:00:12.345000+00:00,1.0,P
2917,3190,2021-04-22T07:00:14.175000+00:00,1.0,S
2918,3007,2021-04-22T07:00:12.345000+00:00,1.0,P
2918,3190,2021-04-22T07:00:14.175000+00:00,1.0,S
2919,3007,2021-04-22T07:00:12.345000+00:00,1.0,P
2919,3190,2021-04-22T07:00:14.175000+00:00,1.0,S
2920,3007,2021-04-22T07:00:12.345000+00:00,1.0,P
2920,3190,2021-04-22T07:00:14.175000+00:00,1.0,S
2921,3007,2021-04-22T07:00:12.345000+00:00,1.0,P
2921,3191,2021-04-22T07:00:14.185000+00:00,1.0,S
2922,3007,2021-04-22T07:00:12.345000+00:00,1.0,P
2922,3191,2021-04-22T07:00:14.185000+00:00,1.0,S
2923,3008,2021-04-22T07:00:12.355000+00:00,1.0,P
2923,3191,2021-04-22T07:00:14.185000+00:00,1.0,S
2924,3008,2021-04-22T07:00:12.355000+00:00,1.0,P
2924,3191,2021-04-22T07:00:14.185000+00:00,1.0,S
2925,3008,2021-04-22T07:00:12.355000+00:00,1.0,P
2925,3192,2021-04-22T07:00:14.195000+00:00,1.0,S
2926,3008,2021-04-22T07:00:12.355000+00:00,1.0,P
2926,3192,2021-04-22T07:00:14.195000+00:00,1.0,S
2927,3008,2021-04-22T07:00:12.355000+00:00,1.0,P
2927,3192,2021-04-22T07:00:14.195000+00:00,1.0,S
2928,3008,2021-04-22T07:00:12.355000+00:00,1.0,P
2928,3192,2021-04-22T07:00:14.195000+00:00,1.0,S
2929,3008,2021-04-22T07:00:12.355000+00:00,1.0,P
2929,3193,2021-04-22T07:00:14.205000+00:00,1.0,S
2930,3009,2021-04-22T07:00:12.365000+00:00,1.0,P
2930,3193,2021-04-22T07:00:14.205000+00:00,1.0,S
2931,3009,2021-04-22T07:00:12.365000+00:00,1.0,P
2931,3193,2021-04-22T07:00:14.205000+00:00,1.0,S
2932,3009,2021-04-22T07:00:12.365000+00:00,1.0,P
2932,3194,2021-04-22T07:00:14.215000+00:00,1.0,S
2933,3009,2021-04-22T07:00:12.365000+00:00,1.0,P
2933,3194,2021-04-22T07:00:14.215000+00:00,1.0,S
2934,3009,2021-04-22T07:00:12.365000+00:00,1.0,P
2934,3194,2021-04-22T07:00:14.215000+00:00,1.0,S
2935,3009,2021-04-22T07:00:12.365000+00:00,1.0,P
2935,3194,2021-04-22T07:00:14.215000+00:00,1.0,S
2936,3009,2021-04-22T07:00:12.365000+00:00,1.0,P
2936,3195,2021-04-22T07:00:14.225000+00:00,1.0,S
2937,3010,2021-04-22T07:00:12.375000+00:00,1.0,P
2937,3195,2021-04-22T07:00:14.225000+00:00,1.0,S
2938,3010,2021-04-22T07:00:12.375000+00:00,1.0,P
2938,3195,2021-04-22T07:00:14.225000+00:00,1.0,S
2939,3010,2021-04-22T07:00:12.375000+00:00,1.0,P
2939,3196,2021-04-22T07:00:14.235000+00:00,1.0,S
2940,3010,2021-04-22T07:00:12.375000+00:00,1.0,P
2940,3196,2021-04-22T07:00:14.235000+00:00,1.0,S
2941,3010,2021-04-22T07:00:12.375000+00:00,1.0,P
2941,3196,2021-04-22T07:00:14.235000+00:00,1.0,S
2942,3010,2021-04-22T07:00:12.375000+00:00,1.0,P
2942,3196,2021-04-22T07:00:14.235000+00:00,1.0,S
2943,3010,2021-04-22T07:00:12.375000+00:00,1.0,P
2943,3197,2021-04-22T07:00:14.245000+00:00,1.0,S
2944,3010,2021-04-22T07:00:12.375000+00:00,1.0,P
2944,3197,2021-04-22T07:00:14.245000+00:00,1.0,S
2945,3011,2021-04-22T07:00:12.385000+00:00,1.0,P
2945,3197,2021-04-22T07:00:14.245000+00:00,1.0,S
2946,3011,2021-04-22T07:00:12.385000+00:00,1.0,P
2946,3197,2021-04-22T07:00:14.245000+00:00,1.0,S
2947,3011,2021-04-22T07:00:12.385000+00:00,1.0,P
2947,3198,2021-04-22T07:00:14.255000+00:00,1.0,S
2948,3011,2021-04-22T07:00:12.385000+00:00,1.0,P
2948,3198,2021-04-22T07:00:14.255000+00:00,1.0,S
2949,3011,2021-04-22T07:00:12.385000+00:00,1.0,P
2949,3198,2021-04-22T07:00:14.255000+00:00,1.0,S
2950,3011,2021-04-22T07:00:12.385000+00:00,1.0,P
2950,3198,2021-04-22T07:00:14.255000+00:00,1.0,S
2951,3012,2021-04-22T07:00:12.395000+00:00,1.0,P
2951,3199,2021-04-22T07:00:14.265000+00:00,1.0,S
2952,3012,2021-04-22T07:00:12.395000+00:00,1.0,P
2952,3199,2021-04-22T07:00:14.265000+00:00,1.0,S
2953,3012,2021-04-22T07:00:12.395000+00:00,1.0,P
2953,3199,2021-04-22T07:00:14.265000+00:00,1.0,S
2954,3012,2021-04-22T07:00:12.395000+00:00,1.0,P
2954,3200,2021-04-22T07:00:14.275000+00:00,1.0,S
2955,3012,2021-04-22T07:00:12.395000+00:00,1.0,P
2955,3200,2021-04-22T07:00:14.275000+00:00,1.0,S
2956,3012,2021-04-22T07:00:12.395000+00:00,1.0,P
2956,3200,2021-04-22T07:00:14.275000+00:00,1.0,S
2957,3012,2021-04-22T07:00:12.395000+00:00,1.0,P
2957,3200,2021-04-22T07:00:14.275000+00:00,1.0,S
2958,3012,2021-04-22T07:00:12.395000+00:00,1.0,P
2958,3201,2021-04-22T07:00:14.284999+00:00,1.0,S
2959,3013,2021-04-22T07:00:12.405000+00:00,1.0,P
2959,3201,2021-04-22T07:00:14.284999+00:00,1.0,S
2960,3013,2021-04-22T07:00:12.405000+00:00,1.0,P
2960,3201,2021-04-22T07:00:14.284999+00:00,1.0,S
2961,3013,2021-04-22T07:00:12.405000+00:00,1.0,P
2961,3202,2021-04-22T07:00:14.295000+00:00,1.0,S
2962,3013,2021-04-22T07:00:12.405000+00:00,1.0,P
2962,3202,2021-04-22T07:00:14.295000+00:00,1.0,S
2963,3013,2021-04-22T07:00:12.405000+00:00,1.0,P
2963,3202,2021-04-22T07:00:14.295000+00:00,1.0,S
2964,3013,2021-04-22T07:00:12.405000+00:00,1.0,P
2964,3202,2021-04-22T07:00:14.295000+00:00,1.0,S
2965,3013,2021-04-22T07:00:12.405000+00:00,1.0,P
2965,3203,2021-04-22T07:00:14.305000+00:00,1.0,S
2966,3014,2021-04-22T07:00:12.415000+00:00,1.0,P
2966,3203,2021-04-22T07:00:14.305000+00:00,1.0,S
2967,3014,2021-04-22T07:00:12.415000+00:00,1.0,P
2967,3203,2021-04-22T07:00:14.305000+00:00,1.0,S
2968,3014,2021-04-22T07:00:12.415000+00:00,1.0,P
2968,3203,2021-04-22T07:00:14.305000+00:00,1.0,S
2969,3014,2021-04-22T07:00:12.415000+00:00,1.0,P
2969,3204,2021-04-22T07:00:14.315000+00:00,1.0,S
2970,3014,2021-04-22T07:00:12.415000+00:00,1.0,P
2970,3204,2021-04-22T07:00:14.315000+00:00,1.0,S
2971,3014,2021-04-22T07:00:12.415000+00:00,1.0,P
2971,3204,2021-04-22T07:00:14.315000+00:00,1.0,S
2972,3014,2021-04-22T07:00:12.415000+00:00,1.0,P
2972,3204,2021-04-22T07:00:14.315000+00:00,1.0,S
2973,3014,2021-04-22T07:00:12.415000+00:00,1.0,P
2973,3205,2021-04-22T07:00:14.324999+00:00,1.0,S
2974,3014,2021-04-22T07:00:12.415000+00:00,1.0,P
2974,3205,2021-04-22T07:00:14.324999+00:00,1.0,S
2975,3015,2021-04-22T07:00:12.425000+00:00,1.0,P
2975,3205,2021-04-22T07:00:14.324999+00:00,1.0,S
2976,3015,2021-04-22T07:00:12.425000+00:00,1.0,P
2976,3205,2021-04-22T07:00:14.324999+00:00,1.0,S
2977,3015,2021-04-22T07:00:12.425000+00:00,1.0,P
2977,3206,2021-04-22T07:00:14.335000+00:00,1.0,S
2978,3015,2021-04-22T07:00:12.425000+00:00,1.0,P
2978,3206,2021-04-22T07:00:14.335000+00:00,1.0,S
2979,3015,2021-04-22T07:00:12.425000+00:00,1.0,P
2979,3206,2021-04-22T07:00:14.335000+00:00,1.0,S
2980,3015,2021-04-22T07:00:12.425000+00:00,1.0,P
2980,3206,2021-04-22T07:00:14.335000+00:00,1.0,S
2981,3015,2021-04-22T07:00:12.425000+00:00,1.0,P
2981,3206,2021-04-22T07:00:14.335000+00:00,1.0,S
2982,3015,2021-04-22T07:00:12.425000+00:00,1.0,P
2982,3206,2021-04-22T07:00:14.335000+00:00,1.0,S
2983,3015,2021-04-22T07:00:12.425000+00:00,1.0,P
2983,3207,2021-04-22T07:00:14.345000+00:00,1.0,S
2984,3015,2021-04-22T07:00:12.425000+00:00,1.0,P
2984,3207,2021-04-22T07:00:14.345000+00:00,1.0,S
2985,3015,2021-04-22T07:00:12.425000+00:00,1.0,P
2985,3207,2021-04-22T07:00:14.345000+00:00,1.0,S
2986,3016,2021-04-22T07:00:12.435000+00:00,1.0,P
2986,3207,2021-04-22T07:00:14.345000+00:00,1.0,S
2987,3016,2021-04-22T07:00:12.435000+00:00,1.0,P
2987,3207,2021-04-22T07:00:14.345000+00:00,1.0,S
2988,3016,2021-04-22T07:00:12.435000+00:00,1.0,P
2988,3208,2021-04-22T07:00:14.355000+00:00,1.0,S
2989,3016,2021-04-22T07:00:12.435000+00:00,1.0,P
2989,3208,2021-04-22T07:00:14.355000+00:00,1.0,S
2990,3016,2021-04-22T07:00:12.435000+00:00,1.0,P
2990,3208,2021-04-22T07:00:14.355000+00:00,1.0,S
2991,3016,2021-04-22T07:00:12.435000+00:00,1.0,P
2991,3208,2021-04-22T07:00:14.355000+00:00,1.0,S
2992,3016,2021-04-22T07:00:12.435000+00:00,1.0,P
2992,3208,2021-04-22T07:00:14.355000+00:00,1.0,S
2993,3016,2021-04-22T07:00:12.435000+00:00,1.0,P
2993,3208,2021-04-22T07:00:14.355000+00:00,1.0,S
2994,3016,2021-04-22T07:00:12.435000+00:00,1.0,P
2994,3208,2021-04-22T07:00:14.355000+00:00,1.0,S
2995,3017,2021-04-22T07:00:12.445000+00:00,1.0,P
2995,3208,2021-04-22T07:00:14.355000+00:00,1.0,S
2996,3017,2021-04-22T07:00:12.445000+00:00,1.0,P
2996,3208,2021-04-22T07:00:14.355000+00:00,1.0,S
2997,3017,2021-04-22T07:00:12.445000+00:00,1.0,P
2997,3209,2021-04-22T07:00:14.365000+00:00,1.0,S
2998,3017,2021-04-22T07:00:12.445000+00:00,1.0,P
2998,3209,2021-04-22T07:00:14.365000+00:00,1.0,S
2999,3017,2021-04-22T07:00:12.445000+00:00,1.0,P
2999,3209,2021-04-22T07:00:14.365000+00:00,1.0,S
3000,3017,2021-04-22T07:00:12.445000+00:00,1.0,P
3000,3209,2021-04-22T07:00:14.365000+00:00,1.0,S
3001,3017,2021-04-22T07:00:12.445000+00:00,1.0,P
3001,3209,2021-04-22T07:00:14.365000+00:00,1.0,S
3002,3017,2021-04-22T07:00:12.445000+00:00,1.0,P
3002,3209,2021-04-22T07:00:14.365000+00:00,1.0,S
3003,3017,2021-04-22T07:00:12.445000+00:00,1.0,P
3003,3210,2021-04-22T07:00:14.375000+00:00,1.0,S
3004,3017,2021-04-22T07:00:12.445000+00:00,1.0,P
3004,3210,2021-04-22T07:00:14.375000+00:00,1.0,S
3005,3018,2021-04-22T07:00:12.455000+00:00,1.0,P
3005,3210,2021-04-22T07:00:14.375000+00:00,1.0,S
3006,3018,2021-04-22T07:00:12.455000+00:00,1.0,P
3006,3210,2021-04-22T07:00:14.375000+00:00,1.0,S
3007,3018,2021-04-22T07:00:12.455000+00:00,1.0,P
3007,3210,2021-04-22T07:00:14.375000+00:00,1.0,S
3008,3018,2021-04-22T07:00:12.455000+00:00,1.0,P
3008,3210,2021-04-22T07:00:14.375000+00:00,1.0,S
3009,3018,2021-04-22T07:00:12.455000+00:00,1.0,P
3009,3211,2021-04-22T07:00:14.385000+00:00,1.0,S
3010,3018,2021-04-22T07:00:12.455000+00:00,1.0,P
3010,3211,2021-04-22T07:00:14.385000+00:00,1.0,S
3011,3018,2021-04-22T07:00:12.455000+00:00,1.0,P
3011,3211,2021-04-22T07:00:14.385000+00:00,1.0,S
3012,3018,2021-04-22T07:00:12.455000+00:00,1.0,P
3012,3211,2021-04-22T07:00:14.385000+00:00,1.0,S
3013,3018,2021-04-22T07:00:12.455000+00:00,1.0,P
3013,3211,2021-04-22T07:00:14.385000+00:00,1.0,S
3014,3018,2021-04-22T07:00:12.455000+00:00,1.0,P
3014,3211,2021-04-22T07:00:14.385000+00:00,1.0,S
3015,3018,2021-04-22T07:00:12.455000+00:00,1.0,P
3015,3211,2021-04-22T07:00:14.385000+00:00,1.0,S
3016,3018,2021-04-22T07:00:12.455000+00:00,1.0,P
3016,3211,2021-04-22T07:00:14.385000+00:00,1.0,S
3017,3018,2021-04-22T07:00:12.455000+00:00,1.0,P
3017,3211,2021-04-22T07:00:14.385000+00:00,1.0,S
3018,3018,2021-04-22T07:00:12.455000+00:00,1.0,P
3018,3212,2021-04-22T07:00:14.394999+00:00,1.0,S
3019,3018,2021-04-22T07:00:12.455000+00:00,1.0,P
3019,3212,2021-04-22T07:00:14.394999+00:00,1.0,S
3020,3019,2021-04-22T07:00:12.465000+00:00,1.0,P
3020,3212,2021-04-22T07:00:14.394999+00:00,1.0,S
3021,3019,2021-04-22T07:00:12.465000+00:00,1.0,P
3021,3212,2021-04-22T07:00:14.394999+00:00,1.0,S
3022,3019,2021-04-22T07:00:12.465000+00:00,1.0,P
3022,3212,2021-04-22T07:00:14.394999+00:00,1.0,S
3023,3019,2021-04-22T07:00:12.465000+00:00,1.0,P
3023,3212,2021-04-22T07:00:14.394999+00:00,1.0,S
3024,3019,2021-04-22T07:00:12.465000+00:00,1.0,P
3024,3212,2021-04-22T07:00:14.394999+00:00,1.0,S
3025,3019,2021-04-22T07:00:12.465000+00:00,1.0,P
3025,3212,2021-04-22T07:00:14.394999+00:00,1.0,S
3026,3019,2021-04-22T07:00:12.465000+00:00,1.0,P
3026,3212,2021-04-22T07:00:14.394999+00:00,1.0,S
3027,3019,2021-04-22T07:00:12.465000+00:00,1.0,P
3027,3212,2021-04-22T07:00:14.394999+00:00,1.0,S
3028,3019,2021-04-22T07:00:12.465000+00:00,1.0,P
3028,3212,2021-04-22T07:00:14.394999+00:00,1.0,S
3029,3019,2021-04-22T07:00:12.465000+00:00,1.0,P
3029,3213,2021-04-22T07:00:14.405000+00:00,1.0,S
3030,3019,2021-04-22T07:00:12.465000+00:00,1.0,P
3030,3213,2021-04-22T07:00:14.405000+00:00,1.0,S
3031,3019,2021-04-22T07:00:12.465000+00:00,1.0,P
3031,3213,2021-04-22T07:00:14.405000+00:00,1.0,S
3032,3019,2021-04-22T07:00:12.465000+00:00,1.0,P
3032,3213,2021-04-22T07:00:14.405000+00:00,1.0,S
3033,3019,2021-04-22T07:00:12.465000+00:00,1.0,P
3033,3213,2021-04-22T07:00:14.405000+00:00,1.0,S
3034,3019,2021-04-22T07:00:12.465000+00:00,1.0,P
3034,3213,2021-04-22T07:00:14.405000+00:00,1.0,S
3035,3019,2021-04-22T07:00:12.465000+00:00,1.0,P
3035,3213,2021-04-22T07:00:14.405000+00:00,1.0,S
3036,3019,2021-04-22T07:00:12.465000+00:00,1.0,P
3036,3213,2021-04-22T07:00:14.405000+00:00,1.0,S
3037,3019,2021-04-22T07:00:12.465000+00:00,1.0,P
3037,3213,2021-04-22T07:00:14.405000+00:00,1.0,S
3038,3020,2021-04-22T07:00:12.475000+00:00,1.0,P
3038,3213,2021-04-22T07:00:14.405000+00:00,1.0,S
3039,3020,2021-04-22T07:00:12.475000+00:00,1.0,P
3039,3213,2021-04-22T07:00:14.405000+00:00,1.0,S
3040,3020,2021-04-22T07:00:12.475000+00:00,1.0,P
3040,3214,2021-04-22T07:00:14.415000+00:00,1.0,S
3041,3020,2021-04-22T07:00:12.475000+00:00,1.0,P
3041,3214,2021-04-22T07:00:14.415000+00:00,1.0,S
3042,3020,2021-04-22T07:00:12.475000+00:00,1.0,P
3042,3214,2021-04-22T07:00:14.415000+00:00,1.0,S
3043,3020,2021-04-22T07:00:12.475000+00:00,1.0,P
3043,3214,2021-04-22T07:00:14.415000+00:00,1.0,S
3044,3020,2021-04-22T07:00:12.475000+00:00,1.0,P
3044,3214,2021-04-22T07:00:14.415000+00:00,1.0,S
3045,3020,2021-04-22T07:00:12.475000+00:00,1.0,P
3045,3214,2021-04-22T07:00:14.415000+00:00,1.0,S
3046,3020,2021-04-22T07:00:12.475000+00:00,1.0,P
3046,3215,2021-04-22T07:00:14.425000+00:00,1.0,S
3047,3020,2021-04-22T07:00:12.475000+00:00,1.0,P
3047,3215,2021-04-22T07:00:14.425000+00:00,1.0,S
3048,3020,2021-04-22T07:00:12.475000+00:00,1.0,P
3048,3215,2021-04-22T07:00:14.425000+00:00,1.0,S
3049,3020,2021-04-22T07:00:12.475000+00:00,1.0,P
3049,3215,2021-04-22T07:00:14.425000+00:00,1.0,S
3050,3020,2021-04-22T07:00:12.475000+00:00,1.0,P
3050,3215,2021-04-22T07:00:14.425000+00:00,1.0,S
3051,3020,2021-04-22T07:00:12.475000+00:00,1.0,P
3051,3215,2021-04-22T07:00:14.425000+00:00,1.0,S
3052,3020,2021-04-22T07:00:12.475000+00:00,1.0,P
3052,3216,2021-04-22T07:00:14.435000+00:00,1.0,S
3053,3020,2021-04-22T07:00:12.475000+00:00,1.0,P
3053,3216,2021-04-22T07:00:14.435000+00:00,1.0,S
3054,3020,2021-04-22T07:00:12.475000+00:00,1.0,P
3054,3216,2021-04-22T07:00:14.435000+00:00,1.0,S
3055,3020,2021-04-22T07:00:12.475000+00:00,1.0,P
3055,3216,2021-04-22T07:00:14.435000+00:00,1.0,S
3056,3021,2021-04-22T07:00:12.485000+00:00,1.0,P
3056,3216,2021-04-22T07:00:14.435000+00:00,1.0,S
3057,3021,2021-04-22T07:00:12.485000+00:00,1.0,P
3057,3217,2021-04-22T07:00:14.445000+00:00,1.0,S
3058,3021,2021-04-22T07:00:12.485000+00:00,1.0,P
3058,3217,2021-04-22T07:00:14.445000+00:00,1.0,S
3059,3021,2021-04-22T07:00:12.485000+00:00,1.0,P
3059,3217,2021-04-22T07:00:14.445000+00:00,1.0,S
3060,3021,2021-04-22T07:00:12.485000+00:00,1.0,P
3060,3217,2021-04-22T07:00:14.445000+00:00,1.0,S
3061,3021,2021-04-22T07:00:12.485000+00:00,1.0,P
3061,3218,2021-04-22T07:00:14.455000+00:00,1.0,S
3062,3021,2021-04-22T07:00:12.485000+00:00,1.0,P
3062,3218,2021-04-22T07:00:14.455000+00:00,1.0,S
3063,3021,2021-04-22T07:00:12.485000+00:00,1.0,P
3063,3218,2021-04-22T07:00:14.455000+00:00,1.0,S
3064,3021,2021-04-22T07:00:12.485000+00:00,1.0,P
3064,3218,2021-04-22T07:00:14.455000+00:00,1.0,S
3065,3021,2021-04-22T07:00:12.485000+00:00,1.0,P
3065,3218,2021-04-22T07:00:14.455000+00:00,1.0,S
3066,3021,2021-04-22T07:00:12.485000+00:00,1.0,P
3066,3219,2021-04-22T07:00:14.464999+00:00,1.0,S
3067,3021,2021-04-22T07:00:12.485000+00:00,1.0,P
3067,3219,2021-04-22T07:00:14.464999+00:00,1.0,S
3068,3021,2021-04-22T07:00:12.485000+00:00,1.0,P
3068,3219,2021-04-22T07:00:14.464999+00:00,1.0,S
3069,3021,2021-04-22T07:00:12.485000+00:00,1.0,P
3069,3219,2021-04-22T07:00:14.464999+00:00,1.0,S
3070,3021,2021-04-22T07:00:12.485000+00:00,1.0,P
3070,3219,2021-04-22T07:00:14.464999+00:00,1.0,S
3071,3021,2021-04-22T07:00:12.485000+00:00,1.0,P
3071,3220,2021-04-22T07:00:14.475000+00:00,1.0,S
3072,3021,2021-04-22T07:00:12.485000+00:00,1.0,P
3072,3220,2021-04-22T07:00:14.475000+00:00,1.0,S
3073,3022,2021-04-22T07:00:12.495000+00:00,1.0,P
3073,3220,2021-04-22T07:00:14.475000+00:00,1.0,S
3074,3022,2021-04-22T07:00:12.495000+00:00,1.0,P
3074,3220,2021-04-22T07:00:14.475000+00:00,1.0,S
3075,3022,2021-04-22T07:00:12.495000+00:00,1.0,P
3075,3220,2021-04-22T07:00:14.475000+00:00,1.0,S
3076,3022,2021-04-22T07:00:12.495000+00:00,1.0,P
3076,3220,2021-04-22T07:00:14.475000+00:00,1.0,S
3077,3022,2021-04-22T07:00:12.495000+00:00,1.0,P
3077,3221,2021-04-22T07:00:14.485000+00:00,1.0,S
3078,3022,2021-04-22T07:00:12.495000+00:00,1.0,P
3078,3221,2021-04-22T07:00:14.485000+00:00,1.0,S
3079,3022,2021-04-22T07:00:12.495000+00:00,1.0,P
3079,3221,2021-04-22T07:00:14.485000+00:00,1.0,S
3080,3022,2021-04-22T07:00:12.495000+00:00,1.0,P
3080,3221,2021-04-22T07:00:14.485000+00:00,1.0,S
3081,3022,2021-04-22T07:00:12.495000+00:00,1.0,P
3081,3221,2021-04-22T07:00:14.485000+00:00,1.0,S
3082,3022,2021-04-22T07:00:12.495000+00:00,1.0,P
3082,3221,2021-04-22T07:00:14.485000+00:00,1.0,S
3083,3022,2021-04-22T07:00:12.495000+00:00,1.0,P
3083,3221,2021-04-22T07:00:14.485000+00:00,1.0,S
3084,3022,2021-04-22T07:00:12.495000+00:00,1.0,P
3084,3222,2021-04-22T07:00:14.495000+00:00,1.0,S
3085,3022,2021-04-22T07:00:12.495000+00:00,1.0,P
3085,3222,2021-04-22T07:00:14.495000+00:00,1.0,S
3086,3023,2021-04-22T07:00:12.505000+00:00,1.0,P
3086,3222,2021-04-22T07:00:14.495000+00:00,1.0,S
3087,3023,2021-04-22T07:00:12.505000+00:00,1.0,P
3087,3222,2021-04-22T07:00:14.495000+00:00,1.0,S
3088,3023,2021-04-22T07:00:12.505000+00:00,1.0,P
3088,3222,2021-04-22T07:00:14.495000+00:00,1.0,S
3089,3023,2021-04-22T07:00:12.505000+00:00,1.0,P
3089,3222,2021-04-22T07:00:14.495000+00:00,1.0,S
3090,3023,2021-04-22T07:00:12.505000+00:00,1.0,P
3090,3222,2021-04-22T07:00:14.495000+00:00,1.0,S
3091,3023,2021-04-22T07:00:12.505000+00:00,1.0,P
3091,3222,2021-04-22T07:00:14.495000+00:00,1.0,S
3092,3023,2021-04-22T07:00:12.505000+00:00,1.0,P
3092,3223,2021-04-22T07:00:14.505000+00:00,1.0,S
3093,3023,2021-04-22T07:00:12.505000+00:00,1.0,P
3093,3223,2021-04-22T07:00:14.505000+00:00,1.0,S
3094,3023,2021-04-22T07:00:12.505000+00:00,1.0,P
3094,3223,2021-04-22T07:00:14.505000+00:00,1.0,S
3095,3024,2021-04-22T07:00:12.515000+00:00,1.0,P
3095,3223,2021-04-22T07:00:14.505000+00:00,1.0,S
3096,3024,2021-04-22T07:00:12.515000+00:00,1.0,P
3096,3223,2021-04-22T07:00:14.505000+00:00,1.0,S
3097,3024,2021-04-22T07:00:12.515000+00:00,1.0,P
3097,3223,2021-04-22T07:00:14.505000+00:00,1.0,S
3098,3024,2021-04-22T07:00:12.515000+00:00,1.0,P
3098,3223,2021-04-22T07:00:14.505000+00:00,1.0,S
3099,3024,2021-04-22T07:00:12.515000+00:00,1.0,P
3099,3224,2021-04-22T07:00:14.515000+00:00,1.0,S
3100,3024,2021-04-22T07:00:12.515000+00:00,1.0,P
3100,3224,2021-04-22T07:00:14.515000+00:00,1.0,S
3101,3024,2021-04-22T07:00:12.515000+00:00,1.0,P
3101,3224,2021-04-22T07:00:14.515000+00:00,1.0,S
3102,3024,2021-04-22T07:00:12.515000+00:00,1.0,P
3102,3224,2021-04-22T07:00:14.515000+00:00,1.0,S
3103,3025,2021-04-22T07:00:12.525000+00:00,1.0,P
3103,3224,2021-04-22T07:00:14.515000+00:00,1.0,S
3104,3025,2021-04-22T07:00:12.525000+00:00,1.0,P
3104,3224,2021-04-22T07:00:14.515000+00:00,1.0,S
3105,3025,2021-04-22T07:00:12.525000+00:00,1.0,P
3105,3224,2021-04-22T07:00:14.515000+00:00,1.0,S
3106,3025,2021-04-22T07:00:12.525000+00:00,1.0,P
3106,3225,2021-04-22T07:00:14.525000+00:00,1.0,S
3107,3025,2021-04-22T07:00:12.525000+00:00,1.0,P
3107,3225,2021-04-22T07:00:14.525000+00:00,1.0,S
3108,3025,2021-04-22T07:00:12.525000+00:00,1.0,P
3108,3225,2021-04-22T07:00:14.525000+00:00,1.0,S
3109,3025,2021-04-22T07:00:12.525000+00:00,1.0,P
3109,3225,2021-04-22T07:00:14.525000+00:00,1.0,S
3110,3025,2021-04-22T07:00:12.525000+00:00,1.0,P
3110,3225,2021-04-22T07:00:14.525000+00:00,1.0,S
3111,3025,2021-04-22T07:00:12.525000+00:00,1.0,P
3111,3225,2021-04-22T07:00:14.525000+00:00,1.0,S
3112,3025,2021-04-22T07:00:12.525000+00:00,1.0,P
3112,3225,2021-04-22T07:00:14.525000+00:00,1.0,S
3113,3025,2021-04-22T07:00:12.525000+00:00,1.0,P
3113,3225,2021-04-22T07:00:14.525000+00:00,1.0,S
3114,3025,2021-04-22T07:00:12.525000+00:00,1.0,P
3114,3225,2021-04-22T07:00:14.525000+00:00,1.0,S
3115,3026,2021-04-22T07:00:12.535000+00:00,1.0,P
3115,3225,2021-04-22T07:00:14.525000+00:00,1.0,S
3116,3026,2021-04-22T07:00:12.535000+00:00,1.0,P
3116,3226,2021-04-22T07:00:14.534999+00:00,1.0,S
3117,3026,2021-04-22T07:00:12.535000+00:00,1.0,P
3117,3226,2021-04-22T07:00:14.534999+00:00,1.0,S
3118,3026,2021-04-22T07:00:12.535000+00:00,1.0,P
3118,3226,2021-04-22T07:00:14.534999+00:00,1.0,S
3119,3026,2021-04-22T07:00:12.535000+00:00,1.0,P
3119,3226,2021-04-22T07:00:14.534999+00:00,1.0,S
3120,3026,2021-04-22T07:00:12.535000+00:00,1.0,P
3120,3226,2021-04-22T07:00:14.534999+00:00,1.0,S
3121,3026,2021-04-22T07:00:12.535000+00:00,1.0,P
3121,3226,2021-04-22T07:00:14.534999+00:00,1.0,S
3122,3026,2021-04-22T07:00:12.535000+00:00,1.0,P
3122,3226,2021-04-22T07:00:14.534999+00:00,1.0,S
3123,3026,2021-04-22T07:00:12.535000+00:00,1.0,P
3123,3227,2021-04-22T07:00:14.545000+00:00,1.0,S
3124,3026,2021-04-22T07:00:12.535000+00:00,1.0,P
3124,3227,2021-04-22T07:00:14.545000+00:00,1.0,S
3125,3026,2021-04-22T07:00:12.535000+00:00,1.0,P
3125,3227,2021-04-22T07:00:14.545000+00:00,1.0,S
3126,3026,2021-04-22T07:00:12.535000+00:00,1.0,P
3126,3227,2021-04-22T07:00:14.545000+00:00,1.0,S
3127,3027,2021-04-22T07:00:12.545000+00:00,1.0,P
3127,3227,2021-04-22T07:00:14.545000+00:00,1.0,S
3128,3027,2021-04-22T07:00:12.545000+00:00,1.0,P
3128,3227,2021-04-22T07:00:14.545000+00:00,1.0,S
3129,3027,2021-04-22T07:00:12.545000+00:00,1.0,P
3129,3227,2021-04-22T07:00:14.545000+00:00,1.0,S
3130,3027,2021-04-22T07:00:12.545000+00:00,1.0,P
3130,3227,2021-04-22T07:00:14.545000+00:00,1.0,S
3131,3027,2021-04-22T07:00:12.545000+00:00,1.0,P
3131,3228,2021-04-22T07:00:14.555000+00:00,1.0,S
3132,3027,2021-04-22T07:00:12.545000+00:00,1.0,P
3132,3228,2021-04-22T07:00:14.555000+00:00,1.0,S
3133,3027,2021-04-22T07:00:12.545000+00:00,1.0,P
3133,3228,2021-04-22T07:00:14.555000+00:00,1.0,S
3134,3027,2021-04-22T07:00:12.545000+00:00,1.0,P
3134,3228,2021-04-22T07:00:14.555000+00:00,1.0,S
3135,3027,2021-04-22T07:00:12.545000+00:00,1.0,P
3135,3228,2021-04-22T07:00:14.555000+00:00,1.0,S
3136,3027,2021-04-22T07:00:12.545000+00:00,1.0,P
3136,3228,2021-04-22T07:00:14.555000+00:00,1.0,S
3137,3027,2021-04-22T07:00:12.545000+00:00,1.0,P
3137,3229,2021-04-22T07:00:14.565000+00:00,1.0,S
3138,3027,2021-04-22T07:00:12.545000+00:00,1.0,P
3138,3229,2021-04-22T07:00:14.565000+00:00,1.0,S
3139,3027,2021-04-22T07:00:12.545000+00:00,1.0,P
3139,3229,2021-04-22T07:00:14.565000+00:00,1.0,S
3140,3027,2021-04-22T07:00:12.545000+00:00,1.0,P
3140,3229,2021-04-22T07:00:14.565000+00:00,1.0,S
3141,3027,2021-04-22T07:00:12.545000+00:00,1.0,P
3141,3229,2021-04-22T07:00:14.565000+00:00,1.0,S
3142,3027,2021-04-22T07:00:12.545000+00:00,1.0,P
3142,3229,2021-04-22T07:00:14.565000+00:00,1.0,S
3143,3027,2021-04-22T07:00:12.545000+00:00,1.0,P
3143,3230,2021-04-22T07:00:14.574999+00:00,1.0,S
3144,3028,2021-04-22T07:00:12.555000+00:00,1.0,P
3144,3230,2021-04-22T07:00:14.574999+00:00,1.0,S
3145,3028,2021-04-22T07:00:12.555000+00:00,1.0,P
3145,3230,2021-04-22T07:00:14.574999+00:00,1.0,S
3146,3028,2021-04-22T07:00:12.555000+00:00,1.0,P
3146,3230,2021-04-22T07:00:14.574999+00:00,1.0,S
3147,3028,2021-04-22T07:00:12.555000+00:00,1.0,P
3147,3230,2021-04-22T07:00:14.574999+00:00,1.0,S
3148,3028,2021-04-22T07:00:12.555000+00:00,1.0,P
3148,3231,2021-04-22T07:00:14.585000+00:00,1.0,S
3149,3028,2021-04-22T07:00:12.555000+00:00,1.0,P
3149,3231,2021-04-22T07:00:14.585000+00:00,1.0,S
3150,3028,2021-04-22T07:00:12.555000+00:00,1.0,P
3150,3231,2021-04-22T07:00:14.585000+00:00,1.0,S
3151,3028,2021-04-22T07:00:12.555000+00:00,1.0,P
3151,3231,2021-04-22T07:00:14.585000+00:00,1.0,S
3152,3028,2021-04-22T07:00:12.555000+00:00,1.0,P
3152,3231,2021-04-22T07:00:14.585000+00:00,1.0,S
3153,3028,2021-04-22T07:00:12.555000+00:00,1.0,P
3153,3231,2021-04-22T07:00:14.585000+00:00,1.0,S
3154,3028,2021-04-22T07:00:12.555000+00:00,1.0,P
3154,3232,2021-04-22T07:00:14.595000+00:00,1.0,S
3155,3028,2021-04-22T07:00:12.555000+00:00,1.0,P
3155,3232,2021-04-22T07:00:14.595000+00:00,1.0,S
3156,3028,2021-04-22T07:00:12.555000+00:00,1.0,P
3156,3232,2021-04-22T07:00:14.595000+00:00,1.0,S
3157,3028,2021-04-22T07:00:12.555000+00:00,1.0,P
3157,3232,2021-04-22T07:00:14.595000+00:00,1.0,S
3158,3028,2021-04-22T07:00:12.555000+00:00,1.0,P
3158,3232,2021-04-22T07:00:14.595000+00:00,1.0,S
3159,3028,2021-04-22T07:00:12.555000+00:00,1.0,P
3159,3232,2021-04-22T07:00:14.595000+00:00,1.0,S
3160,3029,2021-04-22T07:00:12.565000+00:00,1.0,P
3160,3232,2021-04-22T07:00:14.595000+00:00,1.0,S
3161,3029,2021-04-22T07:00:12.565000+00:00,1.0,P
3161,3232,2021-04-22T07:00:14.595000+00:00,1.0,S
3162,3029,2021-04-22T07:00:12.565000+00:00,1.0,P
3162,3232,2021-04-22T07:00:14.595000+00:00,1.0,S
3163,3029,2021-04-22T07:00:12.565000+00:00,1.0,P
3163,3233,2021-04-22T07:00:14.605000+00:00,1.0,S
3164,3029,2021-04-22T07:00:12.565000+00:00,1.0,P
3164,3233,2021-04-22T07:00:14.605000+00:00,1.0,S
3165,3029,2021-04-22T07:00:12.565000+00:00,1.0,P
3165,3233,2021-04-22T07:00:14.605000+00:00,1.0,S
3166,3029,2021-04-22T07:00:12.565000+00:00,1.0,P
3166,3233,2021-04-22T07:00:14.605000+00:00,1.0,S
3167,3029,2021-04-22T07:00:12.565000+00:00,1.0,P
3167,3233,2021-04-22T07:00:14.605000+00:00,1.0,S
3168,3029,2021-04-22T07:00:12.565000+00:00,1.0,P
3168,3233,2021-04-22T07:00:14.605000+00:00,1.0,S
3169,3029,2021-04-22T07:00:12.565000+00:00,1.0,P
3169,3233,2021-04-22T07:00:14.605000+00:00,1.0,S
3170,3029,2021-04-22T07:00:12.565000+00:00,1.0,P
3170,3234,2021-04-22T07:00:14.615000+00:00,1.0,S
3171,3029,2021-04-22T07:00:12.565000+00:00,1.0,P
3171,3234,2021-04-22T07:00:14.615000+00:00,1.0,S
3172,3029,2021-04-22T07:00:12.565000+00:00,1.0,P
3172,3234,2021-04-22T07:00:14.615000+00:00,1.0,S
3173,3029,2021-04-22T07:00:12.565000+00:00,1.0,P
3173,3234,2021-04-22T07:00:14.615000+00:00,1.0,S
3174,3030,2021-04-22T07:00:12.575000+00:00,1.0,P
3174,3234,2021-04-22T07:00:14.615000+00:00,1.0,S
3175,3030,2021-04-22T07:00:12.575000+00:00,1.0,P
3175,3234,2021-04-22T07:00:14.615000+00:00,1.0,S
3176,3030,2021-04-22T07:00:12.575000+00:00,1.0,P
3176,3235,2021-04-22T07:00:14.625000+00:00,1.0,S
3177,3030,2021-04-22T07:00:12.575000+00:00,1.0,P
3177,3235,2021-04-22T07:00:14.625000+00:00,1.0,S
3178,3030,2021-04-22T07:00:12.575000+00:00,1.0,P
3178,3235,2021-04-22T07:00:14.625000+00:00,1.0,S
3179,3030,2021-04-22T07:00:12.575000+00:00,1.0,P
3179,3235,2021-04-22T07:00:14.625000+00:00,1.0,S
3180,3030,2021-04-22T07:00:12.575000+00:00,1.0,P
3180,3235,2021-04-22T07:00:14.625000+00:00,1.0,S
3181,3030,2021-04-22T07:00:12.575000+00:00,1.0,P
3181,3235,2021-04-22T07:00:14.625000+00:00,1.0,S
3182,3030,2021-04-22T07:00:12.575000+00:00,1.0,P
3182,3236,2021-04-22T07:00:14.635000+00:00,1.0,S
3183,3030,2021-04-22T07:00:12.575000+00:00,1.0,P
3183,3236,2021-04-22T07:00:14.635000+00:00,1.0,S
3184,3030,2021-04-22T07:00:12.575000+00:00,1.0,P
3184,3236,2021-04-22T07:00:14.635000+00:00,1.0,S
3185,3030,2021-04-22T07:00:12.575000+00:00,1.0,P
3185,3236,2021-04-22T07:00:14.635000+00:00,1.0,S
3186,3030,2021-04-22T07:00:12.575000+00:00,1.0,P
3186,3236,2021-04-22T07:00:14.635000+00:00,1.0,S
3187,3031,2021-04-22T07:00:12.585000+00:00,1.0,P
3187,3236,2021-04-22T07:00:14.635000+00:00,1.0,S
3188,3031,2021-04-22T07:00:12.585000+00:00,1.0,P
3188,3236,2021-04-22T07:00:14.635000+00:00,1.0,S
3189,3031,2021-04-22T07:00:12.585000+00:00,1.0,P
3189,3237,2021-04-22T07:00:14.644999+00:00,1.0,S
3190,3031,2021-04-22T07:00:12.585000+00:00,1.0,P
3190,3237,2021-04-22T07:00:14.644999+00:00,1.0,S
3191,3031,2021-04-22T07:00:12.585000+00:00,1.0,P
3191,3237,2021-04-22T07:00:14.644999+00:00,1.0,S
3192,3031,2021-04-22T07:00:12.585000+00:00,1.0,P
3192,3237,2021-04-22T07:00:14.644999+00:00,1.0,S
3193,3031,2021-04-22T07:00:12.585000+00:00,1.0,P
3193,3237,2021-04-22T07:00:14.644999+00:00,1.0,S
3194,3031,2021-04-22T07:00:12.585000+00:00,1.0,P
3194,3237,2021-04-22T07:00:14.644999+00:00,1.0,S
3195,3031,2021-04-22T07:00:12.585000+00:00,1.0,P
3195,3237,2021-04-22T07:00:14.644999+00:00,1.0,S
3196,3031,2021-04-22T07:00:12.585000+00:00,1.0,P
3196,3238,2021-04-22T07:00:14.655000+00:00,1.0,S
3197,3031,2021-04-22T07:00:12.585000+00:00,1.0,P
3197,3238,2021-04-22T07:00:14.655000+00:00,1.0,S
3198,3032,2021-04-22T07:00:12.595000+00:00,1.0,P
3198,3238,2021-04-22T07:00:14.655000+00:00,1.0,S
3199,3032,2021-04-22T07:00:12.595000+00:00,1.0,P
3199,3238,2021-04-22T07:00:14.655000+00:00,1.0,S
3200,3032,2021-04-22T07:00:12.595000+00:00,1.0,P
3200,3238,2021-04-22T07:00:14.655000+00:00,1.0,S
3201,3032,2021-04-22T07:00:12.595000+00:00,1.0,P
3201,3238,2021-04-22T07:00:14.655000+00:00,1.0,S
3202,3032,2021-04-22T07:00:12.595000+00:00,1.0,P
3202,3238,2021-04-22T07:00:14.655000+00:00,1.0,S
3203,3032,2021-04-22T07:00:12.595000+00:00,1.0,P
3203,3239,2021-04-22T07:00:14.665000+00:00,1.0,S
3204,3032,2021-04-22T07:00:12.595000+00:00,1.0,P
3204,3239,2021-04-22T07:00:14.665000+00:00,1.0,S
3205,3032,2021-04-22T07:00:12.595000+00:00,1.0,P
3205,3239,2021-04-22T07:00:14.665000+00:00,1.0,S
3206,3032,2021-04-22T07:00:12.595000+00:00,1.0,P
3206,3239,2021-04-22T07:00:14.665000+00:00,1.0,S
3207,3033,2021-04-22T07:00:12.605000+00:00,1.0,P
3207,3239,2021-04-22T07:00:14.665000+00:00,1.0,S
3208,3033,2021-04-22T07:00:12.605000+00:00,1.0,P
3208,3239,2021-04-22T07:00:14.665000+00:00,1.0,S
3209,3033,2021-04-22T07:00:12.605000+00:00,1.0,P
3209,3239,2021-04-22T07:00:14.665000+00:00,1.0,S
3210,3033,2021-04-22T07:00:12.605000+00:00,1.0,P
3210,3239,2021-04-22T07:00:14.665000+00:00,1.0,S
3211,3033,2021-04-22T07:00:12.605000+00:00,1.0,P
3211,3239,2021-04-22T07:00:14.665000+00:00,1.0,S
3212,3033,2021-04-22T07:00:12.605000+00:00,1.0,P
3212,3239,2021-04-22T07:00:14.665000+00:00,1.0,S
3213,3033,2021-04-22T07:00:12.605000+00:00,1.0,P
3213,3240,2021-04-22T07:00:14.675000+00:00,1.0,S
3214,3034,2021-04-22T07:00:12.615000+00:00,1.0,P
3214,3240,2021-04-22T07:00:14.675000+00:00,1.0,S
3215,3034,2021-04-22T07:00:12.615000+00:00,1.0,P
3215,3240,2021-04-22T07:00:14.675000+00:00,1.0,S
3216,3034,2021-04-22T07:00:12.615000+00:00,1.0,P
3216,3240,2021-04-22T07:00:14.675000+00:00,1.0,S
3217,3034,2021-04-22T07:00:12.615000+00:00,1.0,P
3217,3240,2021-04-22T07:00:14.675000+00:00,1.0,S
3218,3034,2021-04-22T07:00:12.615000+00:00,1.0,P
3218,3240,2021-04-22T07:00:14.675000+00:00,1.0,S
3219,3034,2021-04-22T07:00:12.615000+00:00,1.0,P
3219,3240,2021-04-22T07:00:14.675000+00:00,1.0,S
3220,3034,2021-04-22T07:00:12.615000+00:00,1.0,P
3220,3241,2021-04-22T07:00:14.685000+00:00,1.0,S
3221,3034,2021-04-22T07:00:12.615000+00:00,1.0,P
3221,3241,2021-04-22T07:00:14.685000+00:00,1.0,S
3222,3035,2021-04-22T07:00:12.625000+00:00,1.0,P
3222,3241,2021-04-22T07:00:14.685000+00:00,1.0,S
3223,3035,2021-04-22T07:00:12.625000+00:00,1.0,P
3223,3241,2021-04-22T07:00:14.685000+00:00,1.0,S
3224,3035,2021-04-22T07:00:12.625000+00:00,1.0,P
3224,3241,2021-04-22T07:00:14.685000+00:00,1.0,S
3225,3035,2021-04-22T07:00:12.625000+00:00,1.0,P
3225,3241,2021-04-22T07:00:14.685000+00:00,1.0,S
3226,3035,2021-04-22T07:00:12.625000+00:00,1.0,P
3226,3241,2021-04-22T07:00:14.685000+00:00,1.0,S
3227,3035,2021-04-22T07:00:12.625000+00:00,1.0,P
3227,3242,2021-04-22T07:00:14.695000+00:00,1.0,S
3228,3035,2021-04-22T07:00:12.625000+00:00,1.0,P
3228,3242,2021-04-22T07:00:14.695000+00:00,1.0,S
3229,3035,2021-04-22T07:00:12.625000+00:00,1.0,P
3229,3242,2021-04-22T07:00:14.695000+00:00,1.0,S
3230,3035,2021-04-22T07:00:12.625000+00:00,1.0,P
3230,3242,2021-04-22T07:00:14.695000+00:00,1.0,S
3231,3035,2021-04-22T07:00:12.625000+00:00,1.0,P
3231,3242,2021-04-22T07:00:14.695000+00:00,1.0,S
3232,3035,2021-04-22T07:00:12.625000+00:00,1.0,P
3232,3242,2021-04-22T07:00:14.695000+00:00,1.0,S
3233,3035,2021-04-22T07:00:12.625000+00:00,1.0,P
3233,3242,2021-04-22T07:00:14.695000+00:00,1.0,S
3234,3035,2021-04-22T07:00:12.625000+00:00,1.0,P
3234,3242,2021-04-22T07:00:14.695000+00:00,1.0,S
3235,3035,2021-04-22T07:00:12.625000+00:00,1.0,P
3235,3242,2021-04-22T07:00:14.695000+00:00,1.0,S
3236,3036,2021-04-22T07:00:12.635000+00:00,1.0,P
3236,3243,2021-04-22T07:00:14.705000+00:00,1.0,S
3237,3036,2021-04-22T07:00:12.635000+00:00,1.0,P
3237,3243,2021-04-22T07:00:14.705000+00:00,1.0,S
3238,3036,2021-04-22T07:00:12.635000+00:00,1.0,P
3238,3243,2021-04-22T07:00:14.705000+00:00,1.0,S
3239,3036,2021-04-22T07:00:12.635000+00:00,1.0,P
3239,3243,2021-04-22T07:00:14.705000+00:00,1.0,S
3240,3036,2021-04-22T07:00:12.635000+00:00,1.0,P
3240,3243,2021-04-22T07:00:14.705000+00:00,1.0,S
3241,3036,2021-04-22T07:00:12.635000+00:00,1.0,P
3241,3243,2021-04-22T07:00:14.705000+00:00,1.0,S
3242,3036,2021-04-22T07:00:12.635000+00:00,1.0,P
3242,3243,2021-04-22T07:00:14.705000+00:00,1.0,S
3243,3036,2021-04-22T07:00:12.635000+00:00,1.0,P
3243,3243,2021-04-22T07:00:14.705000+00:00,1.0,S
3244,3036,2021-04-22T07:00:12.635000+00:00,1.0,P
3244,3243,2021-04-22T07:00:14.705000+00:00,1.0,S
3245,3036,2021-04-22T07:00:12.635000+00:00,1.0,P
3245,3243,2021-04-22T07:00:14.705000+00:00,1.0,S
3246,3036,2021-04-22T07:00:12.635000+00:00,1.0,P
3246,3243,2021-04-22T07:00:14.705000+00:00,1.0,S
3247,3036,2021-04-22T07:00:12.635000+00:00,1.0,P
3247,3243,2021-04-22T07:00:14.705000+00:00,1.0,S
3248,3036,2021-04-22T07:00:12.635000+00:00,1.0,P
3248,3243,2021-04-22T07:00:14.705000+00:00,1.0,S
3249,3036,2021-04-22T07:00:12.635000+00:00,1.0,P
3249,3243,2021-04-22T07:00:14.705000+00:00,1.0,S
3250,3037,2021-04-22T07:00:12.645000+00:00,1.0,P
3250,3243,2021-04-22T07:00:14.705000+00:00,1.0,S
3251,3037,2021-04-22T07:00:12.645000+00:00,1.0,P
3251,3243,2021-04-22T07:00:14.705000+00:00,1.0,S
3252,3037,2021-04-22T07:00:12.645000+00:00,1.0,P
3252,3243,2021-04-22T07:00:14.705000+00:00,1.0,S
3253,3037,2021-04-22T07:00:12.645000+00:00,1.0,P
3253,3243,2021-04-22T07:00:14.705000+00:00,1.0,S
3254,3037,2021-04-22T07:00:12.645000+00:00,1.0,P
3254,3243,2021-04-22T07:00:14.705000+00:00,1.0,S
3255,3037,2021-04-22T07:00:12.645000+00:00,1.0,P
3255,3243,2021-04-22T07:00:14.705000+00:00,1.0,S
3256,3037,2021-04-22T07:00:12.645000+00:00,1.0,P
3256,3243,2021-04-22T07:00:14.705000+00:00,1.0,S
3257,3037,2021-04-22T07:00:12.645000+00:00,1.0,P
3257,3243,2021-04-22T07:00:14.705000+00:00,1.0,S
3258,3037,2021-04-22T07:00:12.645000+00:00,1.0,P
3258,3243,2021-04-22T07:00:14.705000+00:00,1.0,S
3259,3037,2021-04-22T07:00:12.645000+00:00,1.0,P
3259,3243,2021-04-22T07:00:14.705000+00:00,1.0,S
3260,3037,2021-04-22T07:00:12.645000+00:00,1.0,P
3260,3243,2021-04-22T07:00:14.705000+00:00,1.0,S
3261,3037,2021-04-22T07:00:12.645000+00:00,1.0,P
3261,3243,2021-04-22T07:00:14.705000+00:00,1.0,S
3262,3037,2021-04-22T07:00:12.645000+00:00,1.0,P
3262,3244,2021-04-22T07:00:14.714999+00:00,1.0,S
3263,3037,2021-04-22T07:00:12.645000+00:00,1.0,P
3263,3244,2021-04-22T07:00:14.714999+00:00,1.0,S
3264,3037,2021-04-22T07:00:12.645000+00:00,1.0,P
3264,3244,2021-04-22T07:00:14.714999+00:00,1.0,S
3265,3038,2021-04-22T07:00:12.655000+00:00,1.0,P
3265,3244,2021-04-22T07:00:14.714999+00:00,1.0,S
3266,3038,2021-04-22T07:00:12.655000+00:00,1.0,P
3266,3244,2021-04-22T07:00:14.714999+00:00,1.0,S
3267,3038,2021-04-22T07:00:12.655000+00:00,1.0,P
3267,3244,2021-04-22T07:00:14.714999+00:00,1.0,S
3268,3038,2021-04-22T07:00:12.655000+00:00,1.0,P
3268,3244,2021-04-22T07:00:14.714999+00:00,1.0,S
3269,3038,2021-04-22T07:00:12.655000+00:00,1.0,P
3269,3244,2021-04-22T07:00:14.714999+00:00,1.0,S
3270,3038,2021-04-22T07:00:12.655000+00:00,1.0,P
3270,3244,2021-04-22T07:00:14.714999+00:00,1.0,S
3271,3038,2021-04-22T07:00:12.655000+00:00,1.0,P
3271,3244,2021-04-22T07:00:14.714999+00:00,1.0,S
3272,3038,2021-04-22T07:00:12.655000+00:00,1.0,P
3272,3244,2021-04-22T07:00:14.714999+00:00,1.0,S
3273,3038,2021-04-22T07:00:12.655000+00:00,1.0,P
3273,3244,2021-04-22T07:00:14.714999+00:00,1.0,S
3274,3038,2021-04-22T07:00:12.655000+00:00,1.0,P
3274,3244,2021-04-22T07:00:14.714999+00:00,1.0,S
3275,3038,2021-04-22T07:00:12.655000+00:00,1.0,P
3275,3244,2021-04-22T07:00:14.714999+00:00,1.0,S
3276,3038,2021-04-22T07:00:12.655000+00:00,1.0,P
3276,3244,2021-04-22T07:00:14.714999+00:00,1.0,S
3277,3038,2021-04-22T07:00:12.655000+00:00,1.0,P
3277,3244,2021-04-22T07:00:14.714999+00:00,1.0,S
3278,3038,2021-04-22T07:00:12.655000+00:00,1.0,P
3278,3244,2021-04-22T07:00:14.714999+00:00,1.0,S
3279,3038,2021-04-22T07:00:12.655000+00:00,1.0,P
3279,3244,2021-04-22T07:00:14.714999+00:00,1.0,S
3280,3039,2021-04-22T07:00:12.665000+00:00,1.0,P
3280,3244,2021-04-22T07:00:14.714999+00:00,1.0,S
3281,3039,2021-04-22T07:00:12.665000+00:00,1.0,P
3281,3244,2021-04-22T07:00:14.714999+00:00,1.0,S
3282,3039,2021-04-22T07:00:12.665000+00:00,1.0,P
3282,3244,2021-04-22T07:00:14.714999+00:00,1.0,S
3283,3039,2021-04-22T07:00:12.665000+00:00,1.0,P
3283,3244,2021-04-22T07:00:14.714999+00:00,1.0,S
3284,3039,2021-04-22T07:00:12.665000+00:00,1.0,P
3284,3244,2021-04-22T07:00:14.714999+00:00,1.0,S
3285,3039,2021-04-22T07:00:12.665000+00:00,1.0,P
3285,3245,2021-04-22T07:00:14.725000+00:00,1.0,S
3286,3039,2021-04-22T07:00:12.665000+00:00,1.0,P
3286,3245,2021-04-22T07:00:14.725000+00:00,1.0,S
3287,3039,2021-04-22T07:00:12.665000+00:00,1.0,P
3287,3245,2021-04-22T07:00:14.725000+00:00,1.0,S
3288,3039,2021-04-22T07:00:12.665000+00:00,1.0,P
3288,3245,2021-04-22T07:00:14.725000+00:00,1.0,S
3289,3039,2021-04-22T07:00:12.665000+00:00,1.0,P
3289,3245,2021-04-22T07:00:14.725000+00:00,1.0,S
3290,3039,2021-04-22T07:00:12.665000+00:00,1.0,P
3290,3245,2021-04-22T07:00:14.725000+00:00,1.0,S
3291,3039,2021-04-22T07:00:12.665000+00:00,1.0,P
3291,3245,2021-04-22T07:00:14.725000+00:00,1.0,S
3292,3039,2021-04-22T07:00:12.665000+00:00,1.0,P
3292,3245,2021-04-22T07:00:14.725000+00:00,1.0,S
3293,3039,2021-04-22T07:00:12.665000+00:00,1.0,P
3293,3245,2021-04-22T07:00:14.725000+00:00,1.0,S
3294,3039,2021-04-22T07:00:12.665000+00:00,1.0,P
3294,3245,2021-04-22T07:00:14.725000+00:00,1.0,S
3295,3039,2021-04-22T07:00:12.665000+00:00,1.0,P
3295,3245,2021-04-22T07:00:14.725000+00:00,1.0,S
3296,3039,2021-04-22T07:00:12.665000+00:00,1.0,P
3296,3245,2021-04-22T07:00:14.725000+00:00,1.0,S
3297,3039,2021-04-22T07:00:12.665000+00:00,1.0,P
3297,3245,2021-04-22T07:00:14.725000+00:00,1.0,S
3298,3039,2021-04-22T07:00:12.665000+00:00,1.0,P
3298,3245,2021-04-22T07:00:14.725000+00:00,1.0,S
3299,3039,2021-04-22T07:00:12.665000+00:00,1.0,P
3299,3245,2021-04-22T07:00:14.725000+00:00,1.0,S
3300,3039,2021-04-22T07:00:12.665000+00:00,1.0,P
3300,3245,2021-04-22T07:00:14.725000+00:00,1.0,S
3301,3039,2021-04-22T07:00:12.665000+00:00,1.0,P
3301,3245,2021-04-22T07:00:14.725000+00:00,1.0,S
3302,3039,2021-04-22T07:00:12.665000+00:00,1.0,P
3302,3245,2021-04-22T07:00:14.725000+00:00,1.0,S
3303,3039,2021-04-22T07:00:12.665000+00:00,1.0,P
3303,3245,2021-04-22T07:00:14.725000+00:00,1.0,S
3304,3039,2021-04-22T07:00:12.665000+00:00,1.0,P
3304,3245,2021-04-22T07:00:14.725000+00:00,1.0,S
3305,3039,2021-04-22T07:00:12.665000+00:00,1.0,P
3305,3245,2021-04-22T07:00:14.725000+00:00,1.0,S
3306,3039,2021-04-22T07:00:12.665000+00:00,1.0,P
3306,3245,2021-04-22T07:00:14.725000+00:00,1.0,S
3307,3039,2021-04-22T07:00:12.665000+00:00,1.0,P
3307,3245,2021-04-22T07:00:14.725000+00:00,1.0,S
3308,3039,2021-04-22T07:00:12.665000+00:00,1.0,P
3308,3245,2021-04-22T07:00:14.725000+00:00,1.0,S
3309,3039,2021-04-22T07:00:12.665000+00:00,1.0,P
3309,3245,2021-04-22T07:00:14.725000+00:00,1.0,S
3310,3039,2021-04-22T07:00:12.665000+00:00,1.0,P
3310,3245,2021-04-22T07:00:14.725000+00:00,1.0,S
3311,3039,2021-04-22T07:00:12.665000+00:00,1.0,P
3311,3245,2021-04-22T07:00:14.725000+00:00,1.0,S
3312,3039,2021-04-22T07:00:12.665000+00:00,1.0,P
3312,3245,2021-04-22T07:00:14.725000+00:00,1.0,S
3313,3039,2021-04-22T07:00:12.665000+00:00,1.0,P
3313,3245,2021-04-22T07:00:14.725000+00:00,1.0,S
3314,3039,2021-04-22T07:00:12.665000+00:00,1.0,P
3314,3245,2021-04-22T07:00:14.725000+00:00,1.0,S
3315,3039,2021-04-22T07:00:12.665000+00:00,1.0,P
3315,3245,2021-04-22T07:00:14.725000+00:00,1.0,S
3316,3039,2021-04-22T07:00:12.665000+00:00,1.0,P
3316,3245,2021-04-22T07:00:14.725000+00:00,1.0,S
3317,3039,2021-04-22T07:00:12.665000+00:00,1.0,P
3317,3245,2021-04-22T07:00:14.725000+00:00,1.0,S
3318,3039,2021-04-22T07:00:12.665000+00:00,1.0,P
3318,3245,2021-04-22T07:00:14.725000+00:00,1.0,S
3319,3039,2021-04-22T07:00:12.665000+00:00,1.0,P
3319,3245,2021-04-22T07:00:14.725000+00:00,1.0,S
3320,3038,2021-04-22T07:00:12.655000+00:00,1.0,P
3320,3245,2021-04-22T07:00:14.725000+00:00,1.0,S
3321,3038,2021-04-22T07:00:12.655000+00:00,1.0,P
3321,3245,2021-04-22T07:00:14.725000+00:00,1.0,S
3322,3038,2021-04-22T07:00:12.655000+00:00,1.0,P
3322,3245,2021-04-22T07:00:14.725000+00:00,1.0,S
3323,3038,2021-04-22T07:00:12.655000+00:00,1.0,P
3323,3245,2021-04-22T07:00:14.725000+00:00,1.0,S
3324,3038,2021-04-22T07:00:12.655000+00:00,1.0,P
3324,3244,2021-04-22T07:00:14.714999+00:00,1.0,S
3325,3038,2021-04-22T07:00:12.655000+00:00,1.0,P
3325,3244,2021-04-22T07:00:14.714999+00:00,1.0,S
3326,3038,2021-04-22T07:00:12.655000+00:00,1.0,P
3326,3244,2021-04-22T07:00:14.714999+00:00,1.0,S
3327,3038,2021-04-22T07:00:12.655000+00:00,1.0,P
3327,3244,2021-04-22T07:00:14.714999+00:00,1.0,S
3328,3038,2021-04-22T07:00:12.655000+00:00,1.0,P
3328,3244,2021-04-22T07:00:14.714999+00:00,1.0,S
3329,3038,2021-04-22T07:00:12.655000+00:00,1.0,P
3329,3244,2021-04-22T07:00:14.714999+00:00,1.0,S
3330,3038,2021-04-22T07:00:12.655000+00:00,1.0,P
3330,3244,2021-04-22T07:00:14.714999+00:00,1.0,S
3331,3037,2021-04-22T07:00:12.645000+00:00,1.0,P
3331,3244,2021-04-22T07:00:14.714999+00:00,1.0,S
3332,3037,2021-04-22T07:00:12.645000+00:00,1.0,P
3332,3244,2021-04-22T07:00:14.714999+00:00,1.0,S
3333,3037,2021-04-22T07:00:12.645000+00:00,1.0,P
3333,3244,2021-04-22T07:00:14.714999+00:00,1.0,S
3334,3037,2021-04-22T07:00:12.645000+00:00,1.0,P
3334,3244,2021-04-22T07:00:14.714999+00:00,1.0,S
3335,3037,2021-04-22T07:00:12.645000+00:00,1.0,P
3335,3244,2021-04-22T07:00:14.714999+00:00,1.0,S
3336,3037,2021-04-22T07:00:12.645000+00:00,1.0,P
3336,3244,2021-04-22T07:00:14.714999+00:00,1.0,S
3337,3037,2021-04-22T07:00:12.645000+00:00,1.0,P
3337,3243,2021-04-22T07:00:14.705000+00:00,1.0,S
3338,3037,2021-04-22T07:00:12.645000+00:00,1.0,P
3338,3243,2021-04-22T07:00:14.705000+00:00,1.0,S
3339,3037,2021-04-22T07:00:12.645000+00:00,1.0,P
3339,3243,2021-04-22T07:00:14.705000+00:00,1.0,S
3340,3037,2021-04-22T07:00:12.645000+00:00,1.0,P
3340,3243,2021-04-22T07:00:14.705000+00:00,1.0,S
3341,3037,2021-04-22T07:00:12.645000+00:00,1.0,P
3341,3243,2021-04-22T07:00:14.705000+00:00,1.0,S
3342,3037,2021-04-22T07:00:12.645000+00:00,1.0,P
3342,3243,2021-04-22T07:00:14.705000+00:00,1.0,S
3343,3037,2021-04-22T07:00:12.645000+00:00,1.0,P
3343,3243,2021-04-22T07:00:14.705000+00:00,1.0,S
3344,3036,2021-04-22T07:00:12.635000+00:00,1.0,P
3344,3243,2021-04-22T07:00:14.705000+00:00,1.0,S
3345,3036,2021-04-22T07:00:12.635000+00:00,1.0,P
3345,3242,2021-04-22T07:00:14.695000+00:00,1.0,S
3346,3036,2021-04-22T07:00:12.635000+00:00,1.0,P
3346,3242,2021-04-22T07:00:14.695000+00:00,1.0,S
3347,3036,2021-04-22T07:00:12.635000+00:00,1.0,P
3347,3242,2021-04-22T07:00:14.695000+00:00,1.0,S
3348,3036,2021-04-22T07:00:12.635000+00:00,1.0,P
3348,3242,2021-04-22T07:00:14.695000+00:00,1.0,S
3349,3036,2021-04-22T07:00:12.635000+00:00,1.0,P
3349,3242,2021-04-22T07:00:14.695000+00:00,1.0,S
3350,3036,2021-04-22T07:00:12.635000+00:00,1.0,P
3350,3242,2021-04-22T07:00:14.695000+00:00,1.0,S
3351,3036,2021-04-22T07:00:12.635000+00:00,1.0,P
3351,3241,2021-04-22T07:00:14.685000+00:00,1.0,S
3352,3036,2021-04-22T07:00:12.635000+00:00,1.0,P
3352,3241,2021-04-22T07:00:14.685000+00:00,1.0,S
3353,3035,2021-04-22T07:00:12.625000+00:00,1.0,P
3353,3241,2021-04-22T07:00:14.685000+00:00,1.0,S
3354,3035,2021-04-22T07:00:12.625000+00:00,1.0,P
3354,3241,2021-04-22T07:00:14.685000+00:00,1.0,S
3355,3035,2021-04-22T07:00:12.625000+00:00,1.0,P
3355,3241,2021-04-22T07:00:14.685000+00:00,1.0,S
3356,3035,2021-04-22T07:00:12.625000+00:00,1.0,P
3356,3241,2021-04-22T07:00:14.685000+00:00,1.0,S
3357,3035,2021-04-22T07:00:12.625000+00:00,1.0,P
3357,3241,2021-04-22T07:00:14.685000+00:00,1.0,S
3358,3035,2021-04-22T07:00:12.625000+00:00,1.0,P
3358,3241,2021-04-22T07:00:14.685000+00:00,1.0,S
3359,3035,2021-04-22T07:00:12.625000+00:00,1.0,P
3359,3240,2021-04-22T07:00:14.675000+00:00,1.0,S
3360,3035,2021-04-22T07:00:12.625000+00:00,1.0,P
3360,3240,2021-04-22T07:00:14.675000+00:00,1.0,S
3361,3035,2021-04-22T07:00:12.625000+00:00,1.0,P
3361,3240,2021-04-22T07:00:14.675000+00:00,1.0,S
3362,3034,2021-04-22T07:00:12.615000+00:00,1.0,P
3362,3240,2021-04-22T07:00:14.675000+00:00,1.0,S
3363,3034,2021-04-22T07:00:12.615000+00:00,1.0,P
3363,3240,2021-04-22T07:00:14.675000+00:00,1.0,S
3364,3034,2021-04-22T07:00:12.615000+00:00,1.0,P
3364,3240,2021-04-22T07:00:14.675000+00:00,1.0,S
3365,3034,2021-04-22T07:00:12.615000+00:00,1.0,P
3365,3240,2021-04-22T07:00:14.675000+00:00,1.0,S
3366,3034,2021-04-22T07:00:12.615000+00:00,1.0,P
3366,3240,2021-04-22T07:00:14.675000+00:00,1.0,S
3367,3034,2021-04-22T07:00:12.615000+00:00,1.0,P
3367,3239,2021-04-22T07:00:14.665000+00:00,1.0,S
3368,3034,2021-04-22T07:00:12.615000+00:00,1.0,P
3368,3239,2021-04-22T07:00:14.665000+00:00,1.0,S
3369,3033,2021-04-22T07:00:12.605000+00:00,1.0,P
3369,3239,2021-04-22T07:00:14.665000+00:00,1.0,S
3370,3033,2021-04-22T07:00:12.605000+00:00,1.0,P
3370,3239,2021-04-22T07:00:14.665000+00:00,1.0,S
3371,3033,2021-04-22T07:00:12.605000+00:00,1.0,P
3371,3239,2021-04-22T07:00:14.665000+00:00,1.0,S
3372,3033,2021-04-22T07:00:12.605000+00:00,1.0,P
3372,3239,2021-04-22T07:00:14.665000+00:00,1.0,S
3373,3033,2021-04-22T07:00:12.605000+00:00,1.0,P
3373,3238,2021-04-22T07:00:14.655000+00:00,1.0,S
3374,3033,2021-04-22T07:00:12.605000+00:00,1.0,P
3374,3238,2021-04-22T07:00:14.655000+00:00,1.0,S
3375,3033,2021-04-22T07:00:12.605000+00:00,1.0,P
3375,3238,2021-04-22T07:00:14.655000+00:00,1.0,S
3376,3033,2021-04-22T07:00:12.605000+00:00,1.0,P
3376,3238,2021-04-22T07:00:14.655000+00:00,1.0,S
3377,3032,2021-04-22T07:00:12.595000+00:00,1.0,P
3377,3238,2021-04-22T07:00:14.655000+00:00,1.0,S
3378,3032,2021-04-22T07:00:12.595000+00:00,1.0,P
3378,3238,2021-04-22T07:00:14.655000+00:00,1.0,S
3379,3032,2021-04-22T07:00:12.595000+00:00,1.0,P
3379,3238,2021-04-22T07:00:14.655000+00:00,1.0,S
3380,3032,2021-04-22T07:00:12.595000+00:00,1.0,P
3380,3238,2021-04-22T07:00:14.655000+00:00,1.0,S
3381,3032,2021-04-22T07:00:12.595000+00:00,1.0,P
3381,3237,2021-04-22T07:00:14.644999+00:00,1.0,S
3382,3032,2021-04-22T07:00:12.595000+00:00,1.0,P
3382,3237,2021-04-22T07:00:14.644999+00:00,1.0,S
3383,3031,2021-04-22T07:00:12.585000+00:00,1.0,P
3383,3237,2021-04-22T07:00:14.644999+00:00,1.0,S
3384,3031,2021-04-22T07:00:12.585000+00:00,1.0,P
3384,3237,2021-04-22T07:00:14.644999+00:00,1.0,S
3385,3031,2021-04-22T07:00:12.585000+00:00,1.0,P
3385,3237,2021-04-22T07:00:14.644999+00:00,1.0,S
3386,3031,2021-04-22T07:00:12.585000+00:00,1.0,P
3386,3237,2021-04-22T07:00:14.644999+00:00,1.0,S
3387,3031,2021-04-22T07:00:12.585000+00:00,1.0,P
3387,3237,2021-04-22T07:00:14.644999+00:00,1.0,S
3388,3031,2021-04-22T07:00:12.585000+00:00,1.0,P
3388,3237,2021-04-22T07:00:14.644999+00:00,1.0,S
3389,3031,2021-04-22T07:00:12.585000+00:00,1.0,P
3389,3236,2021-04-22T07:00:14.635000+00:00,1.0,S
3390,3030,2021-04-22T07:00:12.575000+00:00,1.0,P
3390,3236,2021-04-22T07:00:14.635000+00:00,1.0,S
3391,3030,2021-04-22T07:00:12.575000+00:00,1.0,P
3391,3236,2021-04-22T07:00:14.635000+00:00,1.0,S
3392,3030,2021-04-22T07:00:12.575000+00:00,1.0,P
3392,3236,2021-04-22T07:00:14.635000+00:00,1.0,S
3393,3030,2021-04-22T07:00:12.575000+00:00,1.0,P
3393,3236,2021-04-22T07:00:14.635000+00:00,1.0,S
3394,3030,2021-04-22T07:00:12.575000+00:00,1.0,P
3394,3236,2021-04-22T07:00:14.635000+00:00,1.0,S
3395,3030,2021-04-22T07:00:12.575000+00:00,1.0,P
3395,3235,2021-04-22T07:00:14.625000+00:00,1.0,S
3396,3030,2021-04-22T07:00:12.575000+00:00,1.0,P
3396,3235,2021-04-22T07:00:14.625000+00:00,1.0,S
3397,3030,2021-04-22T07:00:12.575000+00:00,1.0,P
3397,3235,2021-04-22T07:00:14.625000+00:00,1.0,S
3398,3029,2021-04-22T07:00:12.565000+00:00,1.0,P
3398,3235,2021-04-22T07:00:14.625000+00:00,1.0,S
3399,3029,2021-04-22T07:00:12.565000+00:00,1.0,P
3399,3235,2021-04-22T07:00:14.625000+00:00,1.0,S
3400,3029,2021-04-22T07:00:12.565000+00:00,1.0,P
3400,3235,2021-04-22T07:00:14.625000+00:00,1.0,S
3401,3029,2021-04-22T07:00:12.565000+00:00,1.0,P
3401,3235,2021-04-22T07:00:14.625000+00:00,1.0,S
3402,3029,2021-04-22T07:00:12.565000+00:00,1.0,P
3402,3234,2021-04-22T07:00:14.615000+00:00,1.0,S
3403,3028,2021-04-22T07:00:12.555000+00:00,1.0,P
3403,3234,2021-04-22T07:00:14.615000+00:00,1.0,S
3404,3028,2021-04-22T07:00:12.555000+00:00,1.0,P
3404,3234,2021-04-22T07:00:14.615000+00:00,1.0,S
3405,3028,2021-04-22T07:00:12.555000+00:00,1.0,P
3405,3234,2021-04-22T07:00:14.615000+00:00,1.0,S
3406,3028,2021-04-22T07:00:12.555000+00:00,1.0,P
3406,3234,2021-04-22T07:00:14.615000+00:00,1.0,S
3407,3028,2021-04-22T07:00:12.555000+00:00,1.0,P
3407,3234,2021-04-22T07:00:14.615000+00:00,1.0,S
3408,3027,2021-04-22T07:00:12.545000+00:00,1.0,P
3408,3234,2021-04-22T07:00:14.615000+00:00,1.0,S
3409,3027,2021-04-22T07:00:12.545000+00:00,1.0,P
3409,3233,2021-04-22T07:00:14.605000+00:00,1.0,S
3410,3027,2021-04-22T07:00:12.545000+00:00,1.0,P
3410,3233,2021-04-22T07:00:14.605000+00:00,1.0,S
3411,3027,2021-04-22T07:00:12.545000+00:00,1.0,P
3411,3233,2021-04-22T07:00:14.605000+00:00,1.0,S
3412,3026,2021-04-22T07:00:12.535000+00:00,1.0,P
3412,3233,2021-04-22T07:00:14.605000+00:00,1.0,S
3413,3026,2021-04-22T07:00:12.535000+00:00,1.0,P
3413,3233,2021-04-22T07:00:14.605000+00:00,1.0,S
3414,3026,2021-04-22T07:00:12.535000+00:00,1.0,P
3414,3233,2021-04-22T07:00:14.605000+00:00,1.0,S
3415,3026,2021-04-22T07:00:12.535000+00:00,1.0,P
3415,3233,2021-04-22T07:00:14.605000+00:00,1.0,S
3416,3025,2021-04-22T07:00:12.525000+00:00,1.0,P
3416,3233,2021-04-22T07:00:14.605000+00:00,1.0,S
3417,3025,2021-04-22T07:00:12.525000+00:00,1.0,P
3417,3232,2021-04-22T07:00:14.595000+00:00,1.0,S
3418,3025,2021-04-22T07:00:12.525000+00:00,1.0,P
3418,3232,2021-04-22T07:00:14.595000+00:00,1.0,S
3419,3025,2021-04-22T07:00:12.525000+00:00,1.0,P
3419,3232,2021-04-22T07:00:14.595000+00:00,1.0,S
3420,3024,2021-04-22T07:00:12.515000+00:00,1.0,P
3420,3232,2021-04-22T07:00:14.595000+00:00,1.0,S
3421,3024,2021-04-22T07:00:12.515000+00:00,1.0,P
3421,3232,2021-04-22T07:00:14.595000+00:00,1.0,S
3422,3024,2021-04-22T07:00:12.515000+00:00,1.0,P
3422,3232,2021-04-22T07:00:14.595000+00:00,1.0,S
3423,3024,2021-04-22T07:00:12.515000+00:00,1.0,P
3423,3232,2021-04-22T07:00:14.595000+00:00,1.0,S
3424,3024,2021-04-22T07:00:12.515000+00:00,1.0,P
3424,3232,2021-04-22T07:00:14.595000+00:00,1.0,S
3425,3024,2021-04-22T07:00:12.515000+00:00,1.0,P
3425,3232,2021-04-22T07:00:14.595000+00:00,1.0,S
3426,3024,2021-04-22T07:00:12.515000+00:00,1.0,P
3426,3232,2021-04-22T07:00:14.595000+00:00,1.0,S
3427,3024,2021-04-22T07:00:12.515000+00:00,1.0,P
3427,3232,2021-04-22T07:00:14.595000+00:00,1.0,S
3428,3024,2021-04-22T07:00:12.515000+00:00,1.0,P
3428,3232,2021-04-22T07:00:14.595000+00:00,1.0,S
3429,3023,2021-04-22T07:00:12.505000+00:00,1.0,P
3429,3232,2021-04-22T07:00:14.595000+00:00,1.0,S
3430,3023,2021-04-22T07:00:12.505000+00:00,1.0,P
3430,3232,2021-04-22T07:00:14.595000+00:00,1.0,S
3431,3023,2021-04-22T07:00:12.505000+00:00,1.0,P
3431,3232,2021-04-22T07:00:14.595000+00:00,1.0,S
3432,3023,2021-04-22T07:00:12.505000+00:00,1.0,P
3432,3232,2021-04-22T07:00:14.595000+00:00,1.0,S
3433,3023,2021-04-22T07:00:12.505000+00:00,1.0,P
3433,3232,2021-04-22T07:00:14.595000+00:00,1.0,S
3434,3023,2021-04-22T07:00:12.505000+00:00,1.0,P
3434,3232,2021-04-22T07:00:14.595000+00:00,1.0,S
3435,3023,2021-04-22T07:00:12.505000+00:00,1.0,P
3435,3232,2021-04-22T07:00:14.595000+00:00,1.0,S
3436,3023,2021-04-22T07:00:12.505000+00:00,1.0,P
3436,3232,2021-04-22T07:00:14.595000+00:00,1.0,S
3437,3023,2021-04-22T07:00:12.505000+00:00,1.0,P
3437,3232,2021-04-22T07:00:14.595000+00:00,1.0,S
3438,3023,2021-04-22T07:00:12.505000+00:00,1.0,P
3438,3232,2021-04-22T07:00:14.595000+00:00,1.0,S
3439,3023,2021-04-22T07:00:12.505000+00:00,1.0,P
3439,3232,2021-04-22T07:00:14.595000+00:00,1.0,S
3440,3023,2021-04-22T07:00:12.505000+00:00,1.0,P
3440,3232,2021-04-22T07:00:14.595000+00:00,1.0,S
3441,3023,2021-04-22T07:00:12.505000+00:00,1.0,P
3441,3232,2021-04-22T07:00:14.595000+00:00,1.0,S
3442,3023,2021-04-22T07:00:12.505000+00:00,1.0,P
3442,3231,2021-04-22T07:00:14.585000+00:00,1.0,S
3443,3023,2021-04-22T07:00:12.505000+00:00,1.0,P
3443,3231,2021-04-22T07:00:14.585000+00:00,1.0,S
3444,3023,2021-04-22T07:00:12.505000+00:00,1.0,P
3444,3231,2021-04-22T07:00:14.585000+00:00,1.0,S
3445,3023,2021-04-22T07:00:12.505000+00:00,1.0,P
3445,3231,2021-04-22T07:00:14.585000+00:00,1.0,S
3446,3023,2021-04-22T07:00:12.505000+00:00,1.0,P
3446,3231,2021-04-22T07:00:14.585000+00:00,1.0,S
3447,3023,2021-04-22T07:00:12.505000+00:00,1.0,P
3447,3231,2021-04-22T07:00:14.585000+00:00,1.0,S
3448,3023,2021-04-22T07:00:12.505000+00:00,1.0,P
3448,3231,2021-04-22T07:00:14.585000+00:00,1.0,S
3449,3023,2021-04-22T07:00:12.505000+00:00,1.0,P
3449,3231,2021-04-22T07:00:14.585000+00:00,1.0,S
3450,3023,2021-04-22T07:00:12.505000+00:00,1.0,P
3450,3231,2021-04-22T07:00:14.585000+00:00,1.0,S
3451,3023,2021-04-22T07:00:12.505000+00:00,1.0,P
3451,3231,2021-04-22T07:00:14.585000+00:00,1.0,S
3452,3023,2021-04-22T07:00:12.505000+00:00,1.0,P
3452,3231,2021-04-22T07:00:14.585000+00:00,1.0,S
3453,3023,2021-04-22T07:00:12.505000+00:00,1.0,P
3453,3231,2021-04-22T07:00:14.585000+00:00,1.0,S
3454,3023,2021-04-22T07:00:12.505000+00:00,1.0,P
3454,3231,2021-04-22T07:00:14.585000+00:00,1.0,S
3455,3023,2021-04-22T07:00:12.505000+00:00,1.0,P
3455,3231,2021-04-22T07:00:14.585000+00:00,1.0,S
3456,3023,2021-04-22T07:00:12.505000+00:00,1.0,P
3456,3231,2021-04-22T07:00:14.585000+00:00,1.0,S
3457,3023,2021-04-22T07:00:12.505000+00:00,1.0,P
3457,3231,2021-04-22T07:00:14.585000+00:00,1.0,S
3458,3023,2021-04-22T07:00:12.505000+00:00,1.0,P
3458,3231,2021-04-22T07:00:14.585000+00:00,1.0,S
3459,3023,2021-04-22T07:00:12.505000+00:00,1.0,P
3459,3231,2021-04-22T07:00:14.585000+00:00,1.0,S
3460,3023,2021-04-22T07:00:12.505000+00:00,1.0,P
3460,3230,2021-04-22T07:00:14.574999+00:00,1.0,S
3461,3022,2021-04-22T07:00:12.495000+00:00,1.0,P
3461,3230,2021-04-22T07:00:14.574999+00:00,1.0,S
3462,3022,2021-04-22T07:00:12.495000+00:00,1.0,P
3462,3230,2021-04-22T07:00:14.574999+00:00,1.0,S
3463,3022,2021-04-22T07:00:12.495000+00:00,1.0,P
3463,3230,2021-04-22T07:00:14.574999+00:00,1.0,S
3464,3022,2021-04-22T07:00:12.495000+00:00,1.0,P
3464,3230,2021-04-22T07:00:14.574999+00:00,1.0,S
3465,3022,2021-04-22T07:00:12.495000+00:00,1.0,P
3465,3230,2021-04-22T07:00:14.574999+00:00,1.0,S
3466,3022,2021-04-22T07:00:12.495000+00:00,1.0,P
3466,3230,2021-04-22T07:00:14.574999+00:00,1.0,S
3467,3022,2021-04-22T07:00:12.495000+00:00,1.0,P
3467,3230,2021-04-22T07:00:14.574999+00:00,1.0,S
3468,3022,2021-04-22T07:00:12.495000+00:00,1.0,P
3468,3230,2021-04-22T07:00:14.574999+00:00,1.0,S
3469,3022,2021-04-22T07:00:12.495000+00:00,1.0,P
3469,3230,2021-04-22T07:00:14.574999+00:00,1.0,S
3470,3022,2021-04-22T07:00:12.495000+00:00,1.0,P
3470,3230,2021-04-22T07:00:14.574999+00:00,1.0,S
3471,3022,2021-04-22T07:00:12.495000+00:00,1.0,P
3471,3229,2021-04-22T07:00:14.565000+00:00,1.0,S
3472,3022,2021-04-22T07:00:12.495000+00:00,1.0,P
3472,3229,2021-04-22T07:00:14.565000+00:00,1.0,S
3473,3022,2021-04-22T07:00:12.495000+00:00,1.0,P
3473,3229,2021-04-22T07:00:14.565000+00:00,1.0,S
3474,3022,2021-04-22T07:00:12.495000+00:00,1.0,P
3474,3229,2021-04-22T07:00:14.565000+00:00,1.0,S
3475,3022,2021-04-22T07:00:12.495000+00:00,1.0,P
3475,3229,2021-04-22T07:00:14.565000+00:00,1.0,S
3476,3022,2021-04-22T07:00:12.495000+00:00,1.0,P
3476,3229,2021-04-22T07:00:14.565000+00:00,1.0,S
3477,3021,2021-04-22T07:00:12.485000+00:00,1.0,P
3477,3229,2021-04-22T07:00:14.565000+00:00,1.0,S
3478,3021,2021-04-22T07:00:12.485000+00:00,1.0,P
3478,3229,2021-04-22T07:00:14.565000+00:00,1.0,S
3479,3021,2021-04-22T07:00:12.485000+00:00,1.0,P
3479,3229,2021-04-22T07:00:14.565000+00:00,1.0,S
3480,3021,2021-04-22T07:00:12.485000+00:00,1.0,P
3480,3229,2021-04-22T07:00:14.565000+00:00,1.0,S
3481,3021,2021-04-22T07:00:12.485000+00:00,1.0,P
3481,3229,2021-04-22T07:00:14.565000+00:00,1.0,S
3482,3021,2021-04-22T07:00:12.485000+00:00,1.0,P
3482,3228,2021-04-22T07:00:14.555000+00:00,1.0,S
3483,3021,2021-04-22T07:00:12.485000+00:00,1.0,P
3483,3228,2021-04-22T07:00:14.555000+00:00,1.0,S
3484,3021,2021-04-22T07:00:12.485000+00:00,1.0,P
3484,3228,2021-04-22T07:00:14.555000+00:00,1.0,S
3485,3021,2021-04-22T07:00:12.485000+00:00,1.0,P
3485,3228,2021-04-22T07:00:14.555000+00:00,1.0,S
3486,3021,2021-04-22T07:00:12.485000+00:00,1.0,P
3486,3228,2021-04-22T07:00:14.555000+00:00,1.0,S
3487,3021,2021-04-22T07:00:12.485000+00:00,1.0,P
3487,3228,2021-04-22T07:00:14.555000+00:00,1.0,S
3488,3021,2021-04-22T07:00:12.485000+00:00,1.0,P
3488,3228,2021-04-22T07:00:14.555000+00:00,1.0,S
3489,3021,2021-04-22T07:00:12.485000+00:00,1.0,P
3489,3228,2021-04-22T07:00:14.555000+00:00,1.0,S
3490,3021,2021-04-22T07:00:12.485000+00:00,1.0,P
3490,3227,2021-04-22T07:00:14.545000+00:00,1.0,S
3491,3021,2021-04-22T07:00:12.485000+00:00,1.0,P
3491,3227,2021-04-22T07:00:14.545000+00:00,1.0,S
3492,3021,2021-04-22T07:00:12.485000+00:00,1.0,P
3492,3227,2021-04-22T07:00:14.545000+00:00,1.0,S
3493,3020,2021-04-22T07:00:12.475000+00:00,1.0,P
3493,3227,2021-04-22T07:00:14.545000+00:00,1.0,S
3494,3020,2021-04-22T07:00:12.475000+00:00,1.0,P
3494,3227,2021-04-22T07:00:14.545000+00:00,1.0,S
3495,3020,2021-04-22T07:00:12.475000+00:00,1.0,P
3495,3227,2021-04-22T07:00:14.545000+00:00,1.0,S
3496,3020,2021-04-22T07:00:12.475000+00:00,1.0,P
3496,3227,2021-04-22T07:00:14.545000+00:00,1.0,S
3497,3020,2021-04-22T07:00:12.475000+00:00,1.0,P
3497,3226,2021-04-22T07:00:14.534999+00:00,1.0,S
3498,3020,2021-04-22T07:00:12.475000+00:00,1.0,P
3498,3226,2021-04-22T07:00:14.534999+00:00,1.0,S
3499,3020,2021-04-22T07:00:12.475000+00:00,1.0,P
3499,3226,2021-04-22T07:00:14.534999+00:00,1.0,S
3500,3020,2021-04-22T07:00:12.475000+00:00,1.0,P
3500,3226,2021-04-22T07:00:14.534999+00:00,1.0,S
3501,3020,2021-04-22T07:00:12.475000+00:00,1.0,P
3501,3226,2021-04-22T07:00:14.534999+00:00,1.0,S
3502,3020,2021-04-22T07:00:12.475000+00:00,1.0,P
3502,3226,2021-04-22T07:00:14.534999+00:00,1.0,S
3503,3020,2021-04-22T07:00:12.475000+00:00,1.0,P
3503,3226,2021-04-22T07:00:14.534999+00:00,1.0,S
3504,3020,2021-04-22T07:00:12.475000+00:00,1.0,P
3504,3225,2021-04-22T07:00:14.525000+00:00,1.0,S
3505,3020,2021-04-22T07:00:12.475000+00:00,1.0,P
3505,3225,2021-04-22T07:00:14.525000+00:00,1.0,S
3506,3020,2021-04-22T07:00:12.475000+00:00,1.0,P
3506,3225,2021-04-22T07:00:14.525000+00:00,1.0,S
3507,3020,2021-04-22T07:00:12.475000+00:00,1.0,P
3507,3225,2021-04-22T07:00:14.525000+00:00,1.0,S
3508,3019,2021-04-22T07:00:12.465000+00:00,1.0,P
3508,3225,2021-04-22T07:00:14.525000+00:00,1.0,S
3509,3019,2021-04-22T07:00:12.465000+00:00,1.0,P
3509,3225,2021-04-22T07:00:14.525000+00:00,1.0,S
3510,3019,2021-04-22T07:00:12.465000+00:00,1.0,P
3510,3225,2021-04-22T07:00:14.525000+00:00,1.0,S
3511,3019,2021-04-22T07:00:12.465000+00:00,1.0,P
3511,3225,2021-04-22T07:00:14.525000+00:00,1.0,S
3512,3019,2021-04-22T07:00:12.465000+00:00,1.0,P
3512,3224,2021-04-22T07:00:14.515000+00:00,1.0,S
3513,3019,2021-04-22T07:00:12.465000+00:00,1.0,P
3513,3224,2021-04-22T07:00:14.515000+00:00,1.0,S
3514,3019,2021-04-22T07:00:12.465000+00:00,1.0,P
3514,3224,2021-04-22T07:00:14.515000+00:00,1.0,S
3515,3019,2021-04-22T07:00:12.465000+00:00,1.0,P
3515,3224,2021-04-22T07:00:14.515000+00:00,1.0,S
3516,3019,2021-04-22T07:00:12.465000+00:00,1.0,P
3516,3224,2021-04-22T07:00:14.515000+00:00,1.0,S
3517,3019,2021-04-22T07:00:12.465000+00:00,1.0,P
3517,3223,2021-04-22T07:00:14.505000+00:00,1.0,S
3518,3019,2021-04-22T07:00:12.465000+00:00,1.0,P
3518,3223,2021-04-22T07:00:14.505000+00:00,1.0,S
3519,3019,2021-04-22T07:00:12.465000+00:00,1.0,P
3519,3223,2021-04-22T07:00:14.505000+00:00,1.0,S
3520,3019,2021-04-22T07:00:12.465000+00:00,1.0,P
3520,3223,2021-04-22T07:00:14.505000+00:00,1.0,S
3521,3018,2021-04-22T07:00:12.455000+00:00,1.0,P
3521,3223,2021-04-22T07:00:14.505000+00:00,1.0,S
3522,3018,2021-04-22T07:00:12.455000+00:00,1.0,P
3522,3223,2021-04-22T07:00:14.505000+00:00,1.0,S
3523,3018,2021-04-22T07:00:12.455000+00:00,1.0,P
3523,3222,2021-04-22T07:00:14.495000+00:00,1.0,S
3524,3018,2021-04-22T07:00:12.455000+00:00,1.0,P
3524,3222,2021-04-22T07:00:14.495000+00:00,1.0,S
3525,3018,2021-04-22T07:00:12.455000+00:00,1.0,P
3525,3222,2021-04-22T07:00:14.495000+00:00,1.0,S
3526,3018,2021-04-22T07:00:12.455000+00:00,1.0,P
3526,3222,2021-04-22T07:00:14.495000+00:00,1.0,S
3527,3018,2021-04-22T07:00:12.455000+00:00,1.0,P
3527,3222,2021-04-22T07:00:14.495000+00:00,1.0,S
3528,3018,2021-04-22T07:00:12.455000+00:00,1.0,P
3528,3222,2021-04-22T07:00:14.495000+00:00,1.0,S
3529,3018,2021-04-22T07:00:12.455000+00:00,1.0,P
3529,3221,2021-04-22T07:00:14.485000+00:00,1.0,S
3530,3018,2021-04-22T07:00:12.455000+00:00,1.0,P
3530,3221,2021-04-22T07:00:14.485000+00:00,1.0,S
3531,3017,2021-04-22T07:00:12.445000+00:00,1.0,P
3531,3221,2021-04-22T07:00:14.485000+00:00,1.0,S
3532,3017,2021-04-22T07:00:12.445000+00:00,1.0,P
3532,3221,2021-04-22T07:00:14.485000+00:00,1.0,S
3533,3017,2021-04-22T07:00:12.445000+00:00,1.0,P
3533,3221,2021-04-22T07:00:14.485000+00:00,1.0,S
3534,3017,2021-04-22T07:00:12.445000+00:00,1.0,P
3534,3221,2021-04-22T07:00:14.485000+00:00,1.0,S
3535,3017,2021-04-22T07:00:12.445000+00:00,1.0,P
3535,3220,2021-04-22T07:00:14.475000+00:00,1.0,S
3536,3017,2021-04-22T07:00:12.445000+00:00,1.0,P
3536,3220,2021-04-22T07:00:14.475000+00:00,1.0,S
3537,3017,2021-04-22T07:00:12.445000+00:00,1.0,P
3537,3220,2021-04-22T07:00:14.475000+00:00,1.0,S
3538,3017,2021-04-22T07:00:12.445000+00:00,1.0,P
3538,3220,2021-04-22T07:00:14.475000+00:00,1.0,S
3539,3017,2021-04-22T07:00:12.445000+00:00,1.0,P
3539,3220,2021-04-22T07:00:14.475000+00:00,1.0,S
3540,3016,2021-04-22T07:00:12.435000+00:00,1.0,P
3540,3219,2021-04-22T07:00:14.464999+00:00,1.0,S
3541,3016,2021-04-22T07:00:12.435000+00:00,1.0,P
3541,3219,2021-04-22T07:00:14.464999+00:00,1.0,S
3542,3016,2021-04-22T07:00:12.435000+00:00,1.0,P
3542,3219,2021-04-22T07:00:14.464999+00:00,1.0,S
3543,3016,2021-04-22T07:00:12.435000+00:00,1.0,P
3543,3219,2021-04-22T07:00:14.464999+00:00,1.0,S
3544,3016,2021-04-22T07:00:12.435000+00:00,1.0,P
3544,3219,2021-04-22T07:00:14.464999+00:00,1.0,S
3545,3016,2021-04-22T07:00:12.435000+00:00,1.0,P
3545,3219,2021-04-22T07:00:14.464999+00:00,1.0,S
3546,3016,2021-04-22T07:00:12.435000+00:00,1.0,P
3546,3219,2021-04-22T07:00:14.464999+00:00,1.0,S
3547,3016,2021-04-22T07:00:12.435000+00:00,1.0,P
3547,3218,2021-04-22T07:00:14.455000+00:00,1.0,S
3548,3016,2021-04-22T07:00:12.435000+00:00,1.0,P
3548,3218,2021-04-22T07:00:14.455000+00:00,1.0,S
3549,3016,2021-04-22T07:00:12.435000+00:00,1.0,P
3549,3218,2021-04-22T07:00:14.455000+00:00,1.0,S
3550,3016,2021-04-22T07:00:12.435000+00:00,1.0,P
3550,3218,2021-04-22T07:00:14.455000+00:00,1.0,S
3551,3015,2021-04-22T07:00:12.425000+00:00,1.0,P
3551,3218,2021-04-22T07:00:14.455000+00:00,1.0,S
3552,3015,2021-04-22T07:00:12.425000+00:00,1.0,P
3552,3218,2021-04-22T07:00:14.455000+00:00,1.0,S
3553,3015,2021-04-22T07:00:12.425000+00:00,1.0,P
3553,3218,2021-04-22T07:00:14.455000+00:00,1.0,S
3554,3015,2021-04-22T07:00:12.425000+00:00,1.0,P
3554,3217,2021-04-22T07:00:14.445000+00:00,1.0,S
3555,3015,2021-04-22T07:00:12.425000+00:00,1.0,P
3555,3217,2021-04-22T07:00:14.445000+00:00,1.0,S
3556,3015,2021-04-22T07:00:12.425000+00:00,1.0,P
3556,3217,2021-04-22T07:00:14.445000+00:00,1.0,S
3557,3015,2021-04-22T07:00:12.425000+00:00,1.0,P
3557,3217,2021-04-22T07:00:14.445000+00:00,1.0,S
3558,3015,2021-04-22T07:00:12.425000+00:00,1.0,P
3558,3217,2021-04-22T07:00:14.445000+00:00,1.0,S
3559,3015,2021-04-22T07:00:12.425000+00:00,1.0,P
3559,3217,2021-04-22T07:00:14.445000+00:00,1.0,S
3560,3015,2021-04-22T07:00:12.425000+00:00,1.0,P
3560,3217,2021-04-22T07:00:14.445000+00:00,1.0,S
3561,3015,2021-04-22T07:00:12.425000+00:00,1.0,P
3561,3217,2021-04-22T07:00:14.445000+00:00,1.0,S
3562,3015,2021-04-22T07:00:12.425000+00:00,1.0,P
3562,3217,2021-04-22T07:00:14.445000+00:00,1.0,S
3563,3015,2021-04-22T07:00:12.425000+00:00,1.0,P
3563,3216,2021-04-22T07:00:14.435000+00:00,1.0,S
3564,3014,2021-04-22T07:00:12.415000+00:00,1.0,P
3564,3216,2021-04-22T07:00:14.435000+00:00,1.0,S
3565,3014,2021-04-22T07:00:12.415000+00:00,1.0,P
3565,3216,2021-04-22T07:00:14.435000+00:00,1.0,S
3566,3014,2021-04-22T07:00:12.415000+00:00,1.0,P
3566,3216,2021-04-22T07:00:14.435000+00:00,1.0,S
3567,3014,2021-04-22T07:00:12.415000+00:00,1.0,P
3567,3216,2021-04-22T07:00:14.435000+00:00,1.0,S
3568,3014,2021-04-22T07:00:12.415000+00:00,1.0,P
3568,3216,2021-04-22T07:00:14.435000+00:00,1.0,S
3569,3014,2021-04-22T07:00:12.415000+00:00,1.0,P
3569,3216,2021-04-22T07:00:14.435000+00:00,1.0,S
3570,3014,2021-04-22T07:00:12.415000+00:00,1.0,P
3570,3216,2021-04-22T07:00:14.435000+00:00,1.0,S
3571,3014,2021-04-22T07:00:12.415000+00:00,1.0,P
3571,3216,2021-04-22T07:00:14.435000+00:00,1.0,S
3572,3014,2021-04-22T07:00:12.415000+00:00,1.0,P
3572,3216,2021-04-22T07:00:14.435000+00:00,1.0,S
3573,3014,2021-04-22T07:00:12.415000+00:00,1.0,P
3573,3216,2021-04-22T07:00:14.435000+00:00,1.0,S
3574,3014,2021-04-22T07:00:12.415000+00:00,1.0,P
3574,3216,2021-04-22T07:00:14.435000+00:00,1.0,S
3575,3014,2021-04-22T07:00:12.415000+00:00,1.0,P
3575,3215,2021-04-22T07:00:14.425000+00:00,1.0,S
3576,3014,2021-04-22T07:00:12.415000+00:00,1.0,P
3576,3215,2021-04-22T07:00:14.425000+00:00,1.0,S
3577,3014,2021-04-22T07:00:12.415000+00:00,1.0,P
3577,3215,2021-04-22T07:00:14.425000+00:00,1.0,S
3578,3014,2021-04-22T07:00:12.415000+00:00,1.0,P
3578,3215,2021-04-22T07:00:14.425000+00:00,1.0,S
3579,3013,2021-04-22T07:00:12.405000+00:00,1.0,P
3579,3215,2021-04-22T07:00:14.425000+00:00,1.0,S
3580,3013,2021-04-22T07:00:12.405000+00:00,1.0,P
3580,3215,2021-04-22T07:00:14.425000+00:00,1.0,S
3581,3013,2021-04-22T07:00:12.405000+00:00,1.0,P
3581,3215,2021-04-22T07:00:14.425000+00:00,1.0,S
3582,3013,2021-04-22T07:00:12.405000+00:00,1.0,P
3582,3215,2021-04-22T07:00:14.425000+00:00,1.0,S
3583,3013,2021-04-22T07:00:12.405000+00:00,1.0,P
3583,3214,2021-04-22T07:00:14.415000+00:00,1.0,S
3584,3013,2021-04-22T07:00:12.405000+00:00,1.0,P
3584,3214,2021-04-22T07:00:14.415000+00:00,1.0,S
3585,3013,2021-04-22T07:00:12.405000+00:00,1.0,P
3585,3214,2021-04-22T07:00:14.415000+00:00,1.0,S
3586,3013,2021-04-22T07:00:12.405000+00:00,1.0,P
3586,3214,2021-04-22T07:00:14.415000+00:00,1.0,S
3587,3013,2021-04-22T07:00:12.405000+00:00,1.0,P
3587,3214,2021-04-22T07:00:14.415000+00:00,1.0,S
3588,3013,2021-04-22T07:00:12.405000+00:00,1.0,P
3588,3214,2021-04-22T07:00:14.415000+00:00,1.0,S
3589,3013,2021-04-22T07:00:12.405000+00:00,1.0,P
3589,3214,2021-04-22T07:00:14.415000+00:00,1.0,S
3590,3013,2021-04-22T07:00:12.405000+00:00,1.0,P
3590,3214,2021-04-22T07:00:14.415000+00:00,1.0,S
3591,3013,2021-04-22T07:00:12.405000+00:00,1.0,P
3591,3214,2021-04-22T07:00:14.415000+00:00,1.0,S
3592,3013,2021-04-22T07:00:12.405000+00:00,1.0,P
3592,3214,2021-04-22T07:00:14.415000+00:00,1.0,S
3593,3013,2021-04-22T07:00:12.405000+00:00,1.0,P
3593,3214,2021-04-22T07:00:14.415000+00:00,1.0,S
3594,3013,2021-04-22T07:00:12.405000+00:00,1.0,P
3594,3214,2021-04-22T07:00:14.415000+00:00,1.0,S
3595,3013,2021-04-22T07:00:12.405000+00:00,1.0,P
3595,3214,2021-04-22T07:00:14.415000+00:00,1.0,S
3596,3013,2021-04-22T07:00:12.405000+00:00,1.0,P
3596,3214,2021-04-22T07:00:14.415000+00:00,1.0,S
3597,3013,2021-04-22T07:00:12.405000+00:00,1.0,P
3597,3214,2021-04-22T07:00:14.415000+00:00,1.0,S
3598,3013,2021-04-22T07:00:12.405000+00:00,1.0,P
3598,3214,2021-04-22T07:00:14.415000+00:00,1.0,S
3599,3013,2021-04-22T07:00:12.405000+00:00,1.0,P
3599,3214,2021-04-22T07:00:14.415000+00:00,1.0,S
3600,3012,2021-04-22T07:00:12.395000+00:00,1.0,P
3600,3214,2021-04-22T07:00:14.415000+00:00,1.0,S
3601,3012,2021-04-22T07:00:12.395000+00:00,1.0,P
3601,3214,2021-04-22T07:00:14.415000+00:00,1.0,S
3602,3012,2021-04-22T07:00:12.395000+00:00,1.0,P
3602,3214,2021-04-22T07:00:14.415000+00:00,1.0,S
3603,3012,2021-04-22T07:00:12.395000+00:00,1.0,P
3603,3214,2021-04-22T07:00:14.415000+00:00,1.0,S
3604,3012,2021-04-22T07:00:12.395000+00:00,1.0,P
3604,3214,2021-04-22T07:00:14.415000+00:00,1.0,S
3605,3012,2021-04-22T07:00:12.395000+00:00,1.0,P
3605,3214,2021-04-22T07:00:14.415000+00:00,1.0,S
3606,3012,2021-04-22T07:00:12.395000+00:00,1.0,P
3606,3214,2021-04-22T07:00:14.415000+00:00,1.0,S
3607,3012,2021-04-22T07:00:12.395000+00:00,1.0,P
3607,3214,2021-04-22T07:00:14.415000+00:00,1.0,S
3608,3012,2021-04-22T07:00:12.395000+00:00,1.0,P
3608,3214,2021-04-22T07:00:14.415000+00:00,1.0,S
3609,3012,2021-04-22T07:00:12.395000+00:00,1.0,P
3609,3214,2021-04-22T07:00:14.415000+00:00,1.0,S
3610,3012,2021-04-22T07:00:12.395000+00:00,1.0,P
3610,3214,2021-04-22T07:00:14.415000+00:00,1.0,S
3611,3012,2021-04-22T07:00:12.395000+00:00,1.0,P
3611,3214,2021-04-22T07:00:14.415000+00:00,1.0,S
3612,3012,2021-04-22T07:00:12.395000+00:00,1.0,P
3612,3214,2021-04-22T07:00:14.415000+00:00,1.0,S
3613,3012,2021-04-22T07:00:12.395000+00:00,1.0,P
3613,3214,2021-04-22T07:00:14.415000+00:00,1.0,S
3614,3012,2021-04-22T07:00:12.395000+00:00,1.0,P
3614,3214,2021-04-22T07:00:14.415000+00:00,1.0,S
3615,3012,2021-04-22T07:00:12.395000+00:00,1.0,P
3615,3214,2021-04-22T07:00:14.415000+00:00,1.0,S
3616,3012,2021-04-22T07:00:12.395000+00:00,1.0,P
3616,3214,2021-04-22T07:00:14.415000+00:00,1.0,S
3617,3012,2021-04-22T07:00:12.395000+00:00,1.0,P
3617,3214,2021-04-22T07:00:14.415000+00:00,1.0,S
3618,3012,2021-04-22T07:00:12.395000+00:00,1.0,P
3618,3214,2021-04-22T07:00:14.415000+00:00,1.0,S
3619,3012,2021-04-22T07:00:12.395000+00:00,1.0,P
3619,3214,2021-04-22T07:00:14.415000+00:00,1.0,S
3620,3012,2021-04-22T07:00:12.395000+00:00,1.0,P
3620,3214,2021-04-22T07:00:14.415000+00:00,1.0,S
3621,3012,2021-04-22T07:00:12.395000+00:00,1.0,P
3621,3214,2021-04-22T07:00:14.415000+00:00,1.0,S
3622,3012,2021-04-22T07:00:12.395000+00:00,1.0,P
3622,3214,2021-04-22T07:00:14.415000+00:00,1.0,S
3623,3012,2021-04-22T07:00:12.395000+00:00,1.0,P
3623,3214,2021-04-22T07:00:14.415000+00:00,1.0,S
3624,3012,2021-04-22T07:00:12.395000+00:00,1.0,P
3624,3214,2021-04-22T07:00:14.415000+00:00,1.0,S
3625,3012,2021-04-22T07:00:12.395000+00:00,1.0,P
3625,3214,2021-04-22T07:00:14.415000+00:00,1.0,S
3626,3012,2021-04-22T07:00:12.395000+00:00,1.0,P
3626,3214,2021-04-22T07:00:14.415000+00:00,1.0,S
3627,3012,2021-04-22T07:00:12.395000+00:00,1.0,P
3627,3214,2021-04-22T07:00:14.415000+00:00,1.0,S
3628,3012,2021-04-22T07:00:12.395000+00:00,1.0,P
3628,3214,2021-04-22T07:00:14.415000+00:00,1.0,S
3629,3012,2021-04-22T07:00:12.395000+00:00,1.0,P
3629,3214,2021-04-22T07:00:14.415000+00:00,1.0,S
3630,3012,2021-04-22T07:00:12.395000+00:00,1.0,P
3630,3214,2021-04-22T07:00:14.415000+00:00,1.0,S
3631,3013,2021-04-22T07:00:12.405000+00:00,1.0,P
3631,3214,2021-04-22T07:00:14.415000+00:00,1.0,S
3632,3013,2021-04-22T07:00:12.405000+00:00,1.0,P
3632,3214,2021-04-22T07:00:14.415000+00:00,1.0,S
3633,3013,2021-04-22T07:00:12.405000+00:00,1.0,P
3633,3214,2021-04-22T07:00:14.415000+00:00,1.0,S
3634,3013,2021-04-22T07:00:12.405000+00:00,1.0,P
3634,3214,2021-04-22T07:00:14.415000+00:00,1.0,S
3635,3013,2021-04-22T07:00:12.405000+00:00,1.0,P
3635,3214,2021-04-22T07:00:14.415000+00:00,1.0,S
3636,3013,2021-04-22T07:00:12.405000+00:00,1.0,P
3636,3214,2021-04-22T07:00:14.415000+00:00,1.0,S
3637,3013,2021-04-22T07:00:12.405000+00:00,1.0,P
3637,3214,2021-04-22T07:00:14.415000+00:00,1.0,S
3638,3013,2021-04-22T07:00:12.405000+00:00,1.0,P
3638,3214,2021-04-22T07:00:14.415000+00:00,1.0,S
3639,3013,2021-04-22T07:00:12.405000+00:00,1.0,P
3639,3214,2021-04-22T07:00:14.415000+00:00,1.0,S
3640,3013,2021-04-22T07:00:12.405000+00:00,1.0,P
3640,3214,2021-04-22T07:00:14.415000+00:00,1.0,S
3641,3013,2021-04-22T07:00:12.405000+00:00,1.0,P
3641,3214,2021-04-22T07:00:14.415000+00:00,1.0,S
3642,3013,2021-04-22T07:00:12.405000+00:00,1.0,P
3642,3214,2021-04-22T07:00:14.415000+00:00,1.0,S
3643,3013,2021-04-22T07:00:12.405000+00:00,1.0,P
3643,3214,2021-04-22T07:00:14.415000+00:00,1.0,S
3644,3013,2021-04-22T07:00:12.405000+00:00,1.0,P
3644,3215,2021-04-22T07:00:14.425000+00:00,1.0,S
3645,3013,2021-04-22T07:00:12.405000+00:00,1.0,P
3645,3215,2021-04-22T07:00:14.425000+00:00,1.0,S
3646,3013,2021-04-22T07:00:12.405000+00:00,1.0,P
3646,3215,2021-04-22T07:00:14.425000+00:00,1.0,S
3647,3013,2021-04-22T07:00:12.405000+00:00,1.0,P
3647,3215,2021-04-22T07:00:14.425000+00:00,1.0,S
3648,3013,2021-04-22T07:00:12.405000+00:00,1.0,P
3648,3215,2021-04-22T07:00:14.425000+00:00,1.0,S
3649,3014,2021-04-22T07:00:12.415000+00:00,1.0,P
3649,3215,2021-04-22T07:00:14.425000+00:00,1.0,S
3650,3014,2021-04-22T07:00:12.415000+00:00,1.0,P
3650,3215,2021-04-22T07:00:14.425000+00:00,1.0,S
3651,3014,2021-04-22T07:00:12.415000+00:00,1.0,P
3651,3215,2021-04-22T07:00:14.425000+00:00,1.0,S
3652,3014,2021-04-22T07:00:12.415000+00:00,1.0,P
3652,3215,2021-04-22T07:00:14.425000+00:00,1.0,S
3653,3014,2021-04-22T07:00:12.415000+00:00,1.0,P
3653,3215,2021-04-22T07:00:14.425000+00:00,1.0,S
3654,3014,2021-04-22T07:00:12.415000+00:00,1.0,P
3654,3215,2021-04-22T07:00:14.425000+00:00,1.0,S
3655,3014,2021-04-22T07:00:12.415000+00:00,1.0,P
3655,3215,2021-04-22T07:00:14.425000+00:00,1.0,S
3656,3014,2021-04-22T07:00:12.415000+00:00,1.0,P
3656,3215,2021-04-22T07:00:14.425000+00:00,1.0,S
3657,3014,2021-04-22T07:00:12.415000+00:00,1.0,P
3657,3215,2021-04-22T07:00:14.425000+00:00,1.0,S
3658,3014,2021-04-22T07:00:12.415000+00:00,1.0,P
3658,3215,2021-04-22T07:00:14.425000+00:00,1.0,S
3659,3014,2021-04-22T07:00:12.415000+00:00,1.0,P
3659,3215,2021-04-22T07:00:14.425000+00:00,1.0,S
3660,3014,2021-04-22T07:00:12.415000+00:00,1.0,P
3660,3215,2021-04-22T07:00:14.425000+00:00,1.0,S
3661,3014,2021-04-22T07:00:12.415000+00:00,1.0,P
3661,3215,2021-04-22T07:00:14.425000+00:00,1.0,S
3662,3014,2021-04-22T07:00:12.415000+00:00,1.0,P
3662,3215,2021-04-22T07:00:14.425000+00:00,1.0,S
3663,3014,2021-04-22T07:00:12.415000+00:00,1.0,P
3663,3215,2021-04-22T07:00:14.425000+00:00,1.0,S
3664,3014,2021-04-22T07:00:12.415000+00:00,1.0,P
3664,3215,2021-04-22T07:00:14.425000+00:00,1.0,S
3665,3014,2021-04-22T07:00:12.415000+00:00,1.0,P
3665,3215,2021-04-22T07:00:14.425000+00:00,1.0,S
3666,3015,2021-04-22T07:00:12.425000+00:00,1.0,P
3666,3215,2021-04-22T07:00:14.425000+00:00,1.0,S
3667,3015,2021-04-22T07:00:12.425000+00:00,1.0,P
3667,3216,2021-04-22T07:00:14.435000+00:00,1.0,S
3668,3015,2021-04-22T07:00:12.425000+00:00,1.0,P
3668,3216,2021-04-22T07:00:14.435000+00:00,1.0,S
3669,3015,2021-04-22T07:00:12.425000+00:00,1.0,P
3669,3216,2021-04-22T07:00:14.435000+00:00,1.0,S
3670,3015,2021-04-22T07:00:12.425000+00:00,1.0,P
3670,3216,2021-04-22T07:00:14.435000+00:00,1.0,S
3671,3015,2021-04-22T07:00:12.425000+00:00,1.0,P
3671,3216,2021-04-22T07:00:14.435000+00:00,1.0,S
3672,3015,2021-04-22T07:00:12.425000+00:00,1.0,P
3672,3216,2021-04-22T07:00:14.435000+00:00,1.0,S
3673,3015,2021-04-22T07:00:12.425000+00:00,1.0,P
3673,3216,2021-04-22T07:00:14.435000+00:00,1.0,S
3674,3015,2021-04-22T07:00:12.425000+00:00,1.0,P
3674,3216,2021-04-22T07:00:14.435000+00:00,1.0,S
3675,3015,2021-04-22T07:00:12.425000+00:00,1.0,P
3675,3216,2021-04-22T07:00:14.435000+00:00,1.0,S
3676,3015,2021-04-22T07:00:12.425000+00:00,1.0,P
3676,3216,2021-04-22T07:00:14.435000+00:00,1.0,S
3677,3015,2021-04-22T07:00:12.425000+00:00,1.0,P
3677,3217,2021-04-22T07:00:14.445000+00:00,1.0,S
3678,3015,2021-04-22T07:00:12.425000+00:00,1.0,P
3678,3217,2021-04-22T07:00:14.445000+00:00,1.0,S
3679,3016,2021-04-22T07:00:12.435000+00:00,1.0,P
3679,3217,2021-04-22T07:00:14.445000+00:00,1.0,S
3680,3016,2021-04-22T07:00:12.435000+00:00,1.0,P
3680,3217,2021-04-22T07:00:14.445000+00:00,1.0,S
3681,3016,2021-04-22T07:00:12.435000+00:00,1.0,P
3681,3217,2021-04-22T07:00:14.445000+00:00,1.0,S
3682,3016,2021-04-22T07:00:12.435000+00:00,1.0,P
3682,3217,2021-04-22T07:00:14.445000+00:00,1.0,S
3683,3016,2021-04-22T07:00:12.435000+00:00,1.0,P
3683,3218,2021-04-22T07:00:14.455000+00:00,1.0,S
3684,3016,2021-04-22T07:00:12.435000+00:00,1.0,P
3684,3218,2021-04-22T07:00:14.455000+00:00,1.0,S
3685,3016,2021-04-22T07:00:12.435000+00:00,1.0,P
3685,3218,2021-04-22T07:00:14.455000+00:00,1.0,S
3686,3016,2021-04-22T07:00:12.435000+00:00,1.0,P
3686,3218,2021-04-22T07:00:14.455000+00:00,1.0,S
3687,3016,2021-04-22T07:00:12.435000+00:00,1.0,P
3687,3218,2021-04-22T07:00:14.455000+00:00,1.0,S
3688,3016,2021-04-22T07:00:12.435000+00:00,1.0,P
3688,3218,2021-04-22T07:00:14.455000+00:00,1.0,S
3689,3016,2021-04-22T07:00:12.435000+00:00,1.0,P
3689,3218,2021-04-22T07:00:14.455000+00:00,1.0,S
3690,3017,2021-04-22T07:00:12.445000+00:00,1.0,P
3690,3219,2021-04-22T07:00:14.464999+00:00,1.0,S
3691,3017,2021-04-22T07:00:12.445000+00:00,1.0,P
3691,3219,2021-04-22T07:00:14.464999+00:00,1.0,S
3692,3017,2021-04-22T07:00:12.445000+00:00,1.0,P
3692,3219,2021-04-22T07:00:14.464999+00:00,1.0,S
3693,3017,2021-04-22T07:00:12.445000+00:00,1.0,P
3693,3219,2021-04-22T07:00:14.464999+00:00,1.0,S
3694,3017,2021-04-22T07:00:12.445000+00:00,1.0,P
3694,3219,2021-04-22T07:00:14.464999+00:00,1.0,S
3695,3017,2021-04-22T07:00:12.445000+00:00,1.0,P
3695,3220,2021-04-22T07:00:14.475000+00:00,1.0,S
3696,3017,2021-04-22T07:00:12.445000+00:00,1.0,P
3696,3220,2021-04-22T07:00:14.475000+00:00,1.0,S
3697,3017,2021-04-22T07:00:12.445000+00:00,1.0,P
3697,3220,2021-04-22T07:00:14.475000+00:00,1.0,S
3698,3017,2021-04-22T07:00:12.445000+00:00,1.0,P
3698,3220,2021-04-22T07:00:14.475000+00:00,1.0,S
3699,3017,2021-04-22T07:00:12.445000+00:00,1.0,P
3699,3221,2021-04-22T07:00:14.485000+00:00,1.0,S
3700,3018,2021-04-22T07:00:12.455000+00:00,1.0,P
3700,3221,2021-04-22T07:00:14.485000+00:00,1.0,S
3701,3018,2021-04-22T07:00:12.455000+00:00,1.0,P
3701,3221,2021-04-22T07:00:14.485000+00:00,1.0,S
3702,3018,2021-04-22T07:00:12.455000+00:00,1.0,P
3702,3221,2021-04-22T07:00:14.485000+00:00,1.0,S
3703,3018,2021-04-22T07:00:12.455000+00:00,1.0,P
3703,3222,2021-04-22T07:00:14.495000+00:00,1.0,S
3704,3018,2021-04-22T07:00:12.455000+00:00,1.0,P
3704,3222,2021-04-22T07:00:14.495000+00:00,1.0,S
3705,3018,2021-04-22T07:00:12.455000+00:00,1.0,P
3705,3222,2021-04-22T07:00:14.495000+00:00,1.0,S
3706,3018,2021-04-22T07:00:12.455000+00:00,1.0,P
3706,3222,2021-04-22T07:00:14.495000+00:00,1.0,S
3707,3018,2021-04-22T07:00:12.455000+00:00,1.0,P
3707,3223,2021-04-22T07:00:14.505000+00:00,1.0,S
3708,3018,2021-04-22T07:00:12.455000+00:00,1.0,P
3708,3223,2021-04-22T07:00:14.505000+00:00,1.0,S
3709,3019,2021-04-22T07:00:12.465000+00:00,1.0,P
3709,3223,2021-04-22T07:00:14.505000+00:00,1.0,S
3710,3019,2021-04-22T07:00:12.465000+00:00,1.0,P
3710,3223,2021-04-22T07:00:14.505000+00:00,1.0,S
3711,3019,2021-04-22T07:00:12.465000+00:00,1.0,P
3711,3224,2021-04-22T07:00:14.515000+00:00,1.0,S
3712,3019,2021-04-22T07:00:12.465000+00:00,1.0,P
3712,3224,2021-04-22T07:00:14.515000+00:00,1.0,S
3713,3019,2021-04-22T07:00:12.465000+00:00,1.0,P
3713,3224,2021-04-22T07:00:14.515000+00:00,1.0,S
3714,3019,2021-04-22T07:00:12.465000+00:00,1.0,P
3714,3224,2021-04-22T07:00:14.515000+00:00,1.0,S
3715,3019,2021-04-22T07:00:12.465000+00:00,1.0,P
3715,3225,2021-04-22T07:00:14.525000+00:00,1.0,S
3716,3019,2021-04-22T07:00:12.465000+00:00,1.0,P
3716,3225,2021-04-22T07:00:14.525000+00:00,1.0,S
3717,3020,2021-04-22T07:00:12.475000+00:00,1.0,P
3717,3225,2021-04-22T07:00:14.525000+00:00,1.0,S
3718,3020,2021-04-22T07:00:12.475000+00:00,1.0,P
3718,3226,2021-04-22T07:00:14.534999+00:00,1.0,S
3719,3020,2021-04-22T07:00:12.475000+00:00,1.0,P
3719,3226,2021-04-22T07:00:14.534999+00:00,1.0,S
3720,3020,2021-04-22T07:00:12.475000+00:00,1.0,P
3720,3226,2021-04-22T07:00:14.534999+00:00,1.0,S
3721,3020,2021-04-22T07:00:12.475000+00:00,1.0,P
3721,3226,2021-04-22T07:00:14.534999+00:00,1.0,S
3722,3020,2021-04-22T07:00:12.475000+00:00,1.0,P
3722,3227,2021-04-22T07:00:14.545000+00:00,1.0,S
3723,3020,2021-04-22T07:00:12.475000+00:00,1.0,P
3723,3227,2021-04-22T07:00:14.545000+00:00,1.0,S
3724,3020,2021-04-22T07:00:12.475000+00:00,1.0,P
3724,3227,2021-04-22T07:00:14.545000+00:00,1.0,S
3725,3021,2021-04-22T07:00:12.485000+00:00,1.0,P
3725,3228,2021-04-22T07:00:14.555000+00:00,1.0,S
3726,3021,2021-04-22T07:00:12.485000+00:00,1.0,P
3726,3228,2021-04-22T07:00:14.555000+00:00,1.0,S
3727,3021,2021-04-22T07:00:12.485000+00:00,1.0,P
3727,3228,2021-04-22T07:00:14.555000+00:00,1.0,S
3728,3021,2021-04-22T07:00:12.485000+00:00,1.0,P
3728,3229,2021-04-22T07:00:14.565000+00:00,1.0,S
3729,3021,2021-04-22T07:00:12.485000+00:00,1.0,P
3729,3229,2021-04-22T07:00:14.565000+00:00,1.0,S
3730,3021,2021-04-22T07:00:12.485000+00:00,1.0,P
3730,3230,2021-04-22T07:00:14.574999+00:00,1.0,S
3731,3021,2021-04-22T07:00:12.485000+00:00,1.0,P
3731,3230,2021-04-22T07:00:14.574999+00:00,1.0,S
3732,3021,2021-04-22T07:00:12.485000+00:00,1.0,P
3732,3230,2021-04-22T07:00:14.574999+00:00,1.0,S
3733,3022,2021-04-22T07:00:12.495000+00:00,1.0,P
3733,3231,2021-04-22T07:00:14.585000+00:00,1.0,S
3734,3022,2021-04-22T07:00:12.495000+00:00,1.0,P
3734,3231,2021-04-22T07:00:14.585000+00:00,1.0,S
3735,3022,2021-04-22T07:00:12.495000+00:00,1.0,P
3735,3231,2021-04-22T07:00:14.585000+00:00,1.0,S
3736,3022,2021-04-22T07:00:12.495000+00:00,1.0,P
3736,3231,2021-04-22T07:00:14.585000+00:00,1.0,S
3737,3022,2021-04-22T07:00:12.495000+00:00,1.0,P
3737,3232,2021-04-22T07:00:14.595000+00:00,1.0,S
3738,3022,2021-04-22T07:00:12.495000+00:00,1.0,P
3738,3232,2021-04-22T07:00:14.595000+00:00,1.0,S
3739,3022,2021-04-22T07:00:12.495000+00:00,1.0,P
3739,3232,2021-04-22T07:00:14.595000+00:00,1.0,S
3740,3022,2021-04-22T07:00:12.495000+00:00,1.0,P
3740,3233,2021-04-22T07:00:14.605000+00:00,1.0,S
3741,3022,2021-04-22T07:00:12.495000+00:00,1.0,P
3741,3233,2021-04-22T07:00:14.605000+00:00,1.0,S
3742,3023,2021-04-22T07:00:12.505000+00:00,1.0,P
3742,3234,2021-04-22T07:00:14.615000+00:00,1.0,S
3743,3023,2021-04-22T07:00:12.505000+00:00,1.0,P
3743,3234,2021-04-22T07:00:14.615000+00:00,1.0,S
3744,3023,2021-04-22T07:00:12.505000+00:00,1.0,P
3744,3234,2021-04-22T07:00:14.615000+00:00,1.0,S
3745,3023,2021-04-22T07:00:12.505000+00:00,1.0,P
3745,3235,2021-04-22T07:00:14.625000+00:00,1.0,S
3746,3023,2021-04-22T07:00:12.505000+00:00,1.0,P
3746,3235,2021-04-22T07:00:14.625000+00:00,1.0,S
3747,3023,2021-04-22T07:00:12.505000+00:00,1.0,P
3747,3235,2021-04-22T07:00:14.625000+00:00,1.0,S
3748,3024,2021-04-22T07:00:12.515000+00:00,1.0,P
3748,3236,2021-04-22T07:00:14.635000+00:00,1.0,S
3749,3024,2021-04-22T07:00:12.515000+00:00,1.0,P
3749,3236,2021-04-22T07:00:14.635000+00:00,1.0,S
3750,3024,2021-04-22T07:00:12.515000+00:00,1.0,P
3750,3237,2021-04-22T07:00:14.644999+00:00,1.0,S
3751,3024,2021-04-22T07:00:12.515000+00:00,1.0,P
3751,3237,2021-04-22T07:00:14.644999+00:00,1.0,S
3752,3024,2021-04-22T07:00:12.515000+00:00,1.0,P
3752,3237,2021-04-22T07:00:14.644999+00:00,1.0,S
3753,3024,2021-04-22T07:00:12.515000+00:00,1.0,P
3753,3238,2021-04-22T07:00:14.655000+00:00,1.0,S
3754,3025,2021-04-22T07:00:12.525000+00:00,1.0,P
3754,3238,2021-04-22T07:00:14.655000+00:00,1.0,S
3755,3025,2021-04-22T07:00:12.525000+00:00,1.0,P
3755,3238,2021-04-22T07:00:14.655000+00:00,1.0,S
3756,3025,2021-04-22T07:00:12.525000+00:00,1.0,P
3756,3239,2021-04-22T07:00:14.665000+00:00,1.0,S
3757,3025,2021-04-22T07:00:12.525000+00:00,1.0,P
3757,3239,2021-04-22T07:00:14.665000+00:00,1.0,S
3758,3025,2021-04-22T07:00:12.525000+00:00,1.0,P
3758,3239,2021-04-22T07:00:14.665000+00:00,1.0,S
3759,3025,2021-04-22T07:00:12.525000+00:00,1.0,P
3759,3240,2021-04-22T07:00:14.675000+00:00,1.0,S
3760,3026,2021-04-22T07:00:12.535000+00:00,1.0,P
3760,3240,2021-04-22T07:00:14.675000+00:00,1.0,S
3761,3026,2021-04-22T07:00:12.535000+00:00,1.0,P
3761,3241,2021-04-22T07:00:14.685000+00:00,1.0,S
3762,3026,2021-04-22T07:00:12.535000+00:00,1.0,P
3762,3241,2021-04-22T07:00:14.685000+00:00,1.0,S
3763,3026,2021-04-22T07:00:12.535000+00:00,1.0,P
3763,3241,2021-04-22T07:00:14.685000+00:00,1.0,S
3764,3026,2021-04-22T07:00:12.535000+00:00,1.0,P
3764,3241,2021-04-22T07:00:14.685000+00:00,1.0,S
3765,3026,2021-04-22T07:00:12.535000+00:00,1.0,P
3765,3242,2021-04-22T07:00:14.695000+00:00,1.0,S
3766,3027,2021-04-22T07:00:12.545000+00:00,1.0,P
3766,3242,2021-04-22T07:00:14.695000+00:00,1.0,S
3767,3027,2021-04-22T07:00:12.545000+00:00,1.0,P
3767,3242,2021-04-22T07:00:14.695000+00:00,1.0,S
3768,3027,2021-04-22T07:00:12.545000+00:00,1.0,P
3768,3243,2021-04-22T07:00:14.705000+00:00,1.0,S
3769,3027,2021-04-22T07:00:12.545000+00:00,1.0,P
3769,3243,2021-04-22T07:00:14.705000+00:00,1.0,S
3770,3027,2021-04-22T07:00:12.545000+00:00,1.0,P
3770,3243,2021-04-22T07:00:14.705000+00:00,1.0,S
3771,3027,2021-04-22T07:00:12.545000+00:00,1.0,P
3771,3244,2021-04-22T07:00:14.714999+00:00,1.0,S
3772,3027,2021-04-22T07:00:12.545000+00:00,1.0,P
3772,3244,2021-04-22T07:00:14.714999+00:00,1.0,S
3773,3028,2021-04-22T07:00:12.555000+00:00,1.0,P
3773,3244,2021-04-22T07:00:14.714999+00:00,1.0,S
3774,3028,2021-04-22T07:00:12.555000+00:00,1.0,P
3774,3245,2021-04-22T07:00:14.725000+00:00,1.0,S
3775,3028,2021-04-22T07:00:12.555000+00:00,1.0,P
3775,3245,2021-04-22T07:00:14.725000+00:00,1.0,S
3776,3028,2021-04-22T07:00:12.555000+00:00,1.0,P
3776,3245,2021-04-22T07:00:14.725000+00:00,1.0,S
3777,3028,2021-04-22T07:00:12.555000+00:00,1.0,P
3777,3246,2021-04-22T07:00:14.735000+00:00,1.0,S
3778,3028,2021-04-22T07:00:12.555000+00:00,1.0,P
3778,3246,2021-04-22T07:00:14.735000+00:00,1.0,S
3779,3029,2021-04-22T07:00:12.565000+00:00,1.0,P
3779,3246,2021-04-22T07:00:14.735000+00:00,1.0,S
3780,3029,2021-04-22T07:00:12.565000+00:00,1.0,P
3780,3247,2021-04-22T07:00:14.745000+00:00,1.0,S
3781,3029,2021-04-22T07:00:12.565000+00:00,1.0,P
3781,3247,2021-04-22T07:00:14.745000+00:00,1.0,S
3782,3029,2021-04-22T07:00:12.565000+00:00,1.0,P
3782,3248,2021-04-22T07:00:14.755000+00:00,1.0,S
3783,3029,2021-04-22T07:00:12.565000+00:00,1.0,P
3783,3248,2021-04-22T07:00:14.755000+00:00,1.0,S
3784,3029,2021-04-22T07:00:12.565000+00:00,1.0,P
3784,3248,2021-04-22T07:00:14.755000+00:00,1.0,S
3785,3030,2021-04-22T07:00:12.575000+00:00,1.0,P
3785,3249,2021-04-22T07:00:14.765000+00:00,1.0,S
3786,3030,2021-04-22T07:00:12.575000+00:00,1.0,P
3786,3249,2021-04-22T07:00:14.765000+00:00,1.0,S
3787,3030,2021-04-22T07:00:12.575000+00:00,1.0,P
3787,3249,2021-04-22T07:00:14.765000+00:00,1.0,S
3788,3030,2021-04-22T07:00:12.575000+00:00,1.0,P
3788,3250,2021-04-22T07:00:14.775000+00:00,1.0,S
3789,3030,2021-04-22T07:00:12.575000+00:00,1.0,P
3789,3250,2021-04-22T07:00:14.775000+00:00,1.0,S
3790,3030,2021-04-22T07:00:12.575000+00:00,1.0,P
3790,3250,2021-04-22T07:00:14.775000+00:00,1.0,S
3791,3031,2021-04-22T07:00:12.585000+00:00,1.0,P
3791,3251,2021-04-22T07:00:14.784999+00:00,1.0,S
3792,3031,2021-04-22T07:00:12.585000+00:00,1.0,P
3792,3251,2021-04-22T07:00:14.784999+00:00,1.0,S
3793,3031,2021-04-22T07:00:12.585000+00:00,1.0,P
3793,3252,2021-04-22T07:00:14.795000+00:00,1.0,S
3794,3031,2021-04-22T07:00:12.585000+00:00,1.0,P
3794,3252,2021-04-22T07:00:14.795000+00:00,1.0,S
3795,3031,2021-04-22T07:00:12.585000+00:00,1.0,P
3795,3252,2021-04-22T07:00:14.795000+00:00,1.0,S
3796,3031,2021-04-22T07:00:12.585000+00:00,1.0,P
3796,3252,2021-04-22T07:00:14.795000+00:00,1.0,S
3797,3032,2021-04-22T07:00:12.595000+00:00,1.0,P
3797,3253,2021-04-22T07:00:14.805000+00:00,1.0,S
3798,3032,2021-04-22T07:00:12.595000+00:00,1.0,P
3798,3253,2021-04-22T07:00:14.805000+00:00,1.0,S
3799,3032,2021-04-22T07:00:12.595000+00:00,1.0,P
3799,3253,2021-04-22T07:00:14.805000+00:00,1.0,S
3800,3032,2021-04-22T07:00:12.595000+00:00,1.0,P
3800,3254,2021-04-22T07:00:14.815000+00:00,1.0,S
3801,3032,2021-04-22T07:00:12.595000+00:00,1.0,P
3801,3254,2021-04-22T07:00:14.815000+00:00,1.0,S
3802,3032,2021-04-22T07:00:12.595000+00:00,1.0,P
3802,3254,2021-04-22T07:00:14.815000+00:00,1.0,S
3803,3033,2021-04-22T07:00:12.605000+00:00,1.0,P
3803,3254,2021-04-22T07:00:14.815000+00:00,1.0,S
3804,3033,2021-04-22T07:00:12.605000+00:00,1.0,P
3804,3255,2021-04-22T07:00:14.824999+00:00,1.0,S
3805,3033,2021-04-22T07:00:12.605000+00:00,1.0,P
3805,3255,2021-04-22T07:00:14.824999+00:00,1.0,S
3806,3033,2021-04-22T07:00:12.605000+00:00,1.0,P
3806,3255,2021-04-22T07:00:14.824999+00:00,1.0,S
3807,3033,2021-04-22T07:00:12.605000+00:00,1.0,P
3807,3255,2021-04-22T07:00:14.824999+00:00,1.0,S
3808,3033,2021-04-22T07:00:12.605000+00:00,1.0,P
3808,3256,2021-04-22T07:00:14.835000+00:00,1.0,S
3809,3034,2021-04-22T07:00:12.615000+00:00,1.0,P
3809,3256,2021-04-22T07:00:14.835000+00:00,1.0,S
3810,3034,2021-04-22T07:00:12.615000+00:00,1.0,P
3810,3256,2021-04-22T07:00:14.835000+00:00,1.0,S
3811,3034,2021-04-22T07:00:12.615000+00:00,1.0,P
3811,3256,2021-04-22T07:00:14.835000+00:00,1.0,S
3812,3034,2021-04-22T07:00:12.615000+00:00,1.0,P
3812,3256,2021-04-22T07:00:14.835000+00:00,1.0,S
3813,3034,2021-04-22T07:00:12.615000+00:00,1.0,P
3813,3257,2021-04-22T07:00:14.845000+00:00,1.0,S
3814,3034,2021-04-22T07:00:12.615000+00:00,1.0,P
3814,3257,2021-04-22T07:00:14.845000+00:00,1.0,S
3815,3034,2021-04-22T07:00:12.615000+00:00,1.0,P
3815,3257,2021-04-22T07:00:14.845000+00:00,1.0,S
3816,3035,2021-04-22T07:00:12.625000+00:00,1.0,P
3816,3257,2021-04-22T07:00:14.845000+00:00,1.0,S
3817,3035,2021-04-22T07:00:12.625000+00:00,1.0,P
3817,3257,2021-04-22T07:00:14.845000+00:00,1.0,S
3818,3035,2021-04-22T07:00:12.625000+00:00,1.0,P
3818,3258,2021-04-22T07:00:14.855000+00:00,1.0,S
3819,3035,2021-04-22T07:00:12.625000+00:00,1.0,P
3819,3258,2021-04-22T07:00:14.855000+00:00,1.0,S
3820,3035,2021-04-22T07:00:12.625000+00:00,1.0,P
3820,3258,2021-04-22T07:00:14.855000+00:00,1.0,S
3821,3035,2021-04-22T07:00:12.625000+00:00,1.0,P
3821,3258,2021-04-22T07:00:14.855000+00:00,1.0,S
3822,3036,2021-04-22T07:00:12.635000+00:00,1.0,P
3822,3258,2021-04-22T07:00:14.855000+00:00,1.0,S
3823,3036,2021-04-22T07:00:12.635000+00:00,1.0,P
3823,3259,2021-04-22T07:00:14.865000+00:00,1.0,S
3824,3036,2021-04-22T07:00:12.635000+00:00,1.0,P
3824,3259,2021-04-22T07:00:14.865000+00:00,1.0,S
3825,3036,2021-04-22T07:00:12.635000+00:00,1.0,P
3825,3259,2021-04-22T07:00:14.865000+00:00,1.0,S
3826,3036,2021-04-22T07:00:12.635000+00:00,1.0,P
3826,3259,2021-04-22T07:00:14.865000+00:00,1.0,S
3827,3036,2021-04-22T07:00:12.635000+00:00,1.0,P
3827,3259,2021-04-22T07:00:14.865000+00:00,1.0,S
3828,3036,2021-04-22T07:00:12.635000+00:00,1.0,P
3828,3260,2021-04-22T07:00:14.875000+00:00,1.0,S
3829,3037,2021-04-22T07:00:12.645000+00:00,1.0,P
3829,3260,2021-04-22T07:00:14.875000+00:00,1.0,S
3830,3037,2021-04-22T07:00:12.645000+00:00,1.0,P
3830,3260,2021-04-22T07:00:14.875000+00:00,1.0,S
3831,3037,2021-04-22T07:00:12.645000+00:00,1.0,P
3831,3260,2021-04-22T07:00:14.875000+00:00,1.0,S
3832,3037,2021-04-22T07:00:12.645000+00:00,1.0,P
3832,3260,2021-04-22T07:00:14.875000+00:00,1.0,S
3833,3037,2021-04-22T07:00:12.645000+00:00,1.0,P
3833,3261,2021-04-22T07:00:14.885000+00:00,1.0,S
3834,3037,2021-04-22T07:00:12.645000+00:00,1.0,P
3834,3261,2021-04-22T07:00:14.885000+00:00,1.0,S
3835,3037,2021-04-22T07:00:12.645000+00:00,1.0,P
3835,3261,2021-04-22T07:00:14.885000+00:00,1.0,S
3836,3037,2021-04-22T07:00:12.645000+00:00,1.0,P
3836,3261,2021-04-22T07:00:14.885000+00:00,1.0,S
3837,3038,2021-04-22T07:00:12.655000+00:00,1.0,P
3837,3261,2021-04-22T07:00:14.885000+00:00,1.0,S
3838,3038,2021-04-22T07:00:12.655000+00:00,1.0,P
3838,3261,2021-04-22T07:00:14.885000+00:00,1.0,S
3839,3038,2021-04-22T07:00:12.655000+00:00,1.0,P
3839,3261,2021-04-22T07:00:14.885000+00:00,1.0,S
3840,3038,2021-04-22T07:00:12.655000+00:00,1.0,P
3840,3261,2021-04-22T07:00:14.885000+00:00,1.0,S
3841,3038,2021-04-22T07:00:12.655000+00:00,1.0,P
3841,3262,2021-04-22T07:00:14.894999+00:00,1.0,S
3842,3038,2021-04-22T07:00:12.655000+00:00,1.0,P
3842,3262,2021-04-22T07:00:14.894999+00:00,1.0,S
3843,3038,2021-04-22T07:00:12.655000+00:00,1.0,P
3843,3262,2021-04-22T07:00:14.894999+00:00,1.0,S
3844,3038,2021-04-22T07:00:12.655000+00:00,1.0,P
3844,3262,2021-04-22T07:00:14.894999+00:00,1.0,S
3845,3039,2021-04-22T07:00:12.665000+00:00,1.0,P
3845,3262,2021-04-22T07:00:14.894999+00:00,1.0,S
3846,3039,2021-04-22T07:00:12.665000+00:00,1.0,P
3846,3262,2021-04-22T07:00:14.894999+00:00,1.0,S
3847,3039,2021-04-22T07:00:12.665000+00:00,1.0,P
3847,3262,2021-04-22T07:00:14.894999+00:00,1.0,S
3848,3039,2021-04-22T07:00:12.665000+00:00,1.0,P
3848,3263,2021-04-22T07:00:14.905000+00:00,1.0,S
3849,3039,2021-04-22T07:00:12.665000+00:00,1.0,P
3849,3263,2021-04-22T07:00:14.905000+00:00,1.0,S
3850,3039,2021-04-22T07:00:12.665000+00:00,1.0,P
3850,3263,2021-04-22T07:00:14.905000+00:00,1.0,S
3851,3039,2021-04-22T07:00:12.665000+00:00,1.0,P
3851,3263,2021-04-22T07:00:14.905000+00:00,1.0,S
3852,3040,2021-04-22T07:00:12.675000+00:00,1.0,P
3852,3263,2021-04-22T07:00:14.905000+00:00,1.0,S
3853,3040,2021-04-22T07:00:12.675000+00:00,1.0,P
3853,3263,2021-04-22T07:00:14.905000+00:00,1.0,S
3854,3040,2021-04-22T07:00:12.675000+00:00,1.0,P
3854,3263,2021-04-22T07:00:14.905000+00:00,1.0,S
3855,3040,2021-04-22T07:00:12.675000+00:00,1.0,P
3855,3263,2021-04-22T07:00:14.905000+00:00,1.0,S
3856,3040,2021-04-22T07:00:12.675000+00:00,1.0,P
3856,3263,2021-04-22T07:00:14.905000+00:00,1.0,S
3857,3040,2021-04-22T07:00:12.675000+00:00,1.0,P
3857,3264,2021-04-22T07:00:14.915000+00:00,1.0,S
3858,3040,2021-04-22T07:00:12.675000+00:00,1.0,P
3858,3264,2021-04-22T07:00:14.915000+00:00,1.0,S
3859,3040,2021-04-22T07:00:12.675000+00:00,1.0,P
3859,3264,2021-04-22T07:00:14.915000+00:00,1.0,S
3860,3040,2021-04-22T07:00:12.675000+00:00,1.0,P
3860,3264,2021-04-22T07:00:14.915000+00:00,1.0,S
3861,3041,2021-04-22T07:00:12.685000+00:00,1.0,P
3861,3264,2021-04-22T07:00:14.915000+00:00,1.0,S
3862,3041,2021-04-22T07:00:12.685000+00:00,1.0,P
3862,3264,2021-04-22T07:00:14.915000+00:00,1.0,S
3863,3041,2021-04-22T07:00:12.685000+00:00,1.0,P
3863,3265,2021-04-22T07:00:14.925000+00:00,1.0,S
3864,3041,2021-04-22T07:00:12.685000+00:00,1.0,P
3864,3265,2021-04-22T07:00:14.925000+00:00,1.0,S
3865,3041,2021-04-22T07:00:12.685000+00:00,1.0,P
3865,3265,2021-04-22T07:00:14.925000+00:00,1.0,S
3866,3041,2021-04-22T07:00:12.685000+00:00,1.0,P
3866,3265,2021-04-22T07:00:14.925000+00:00,1.0,S
3867,3041,2021-04-22T07:00:12.685000+00:00,1.0,P
3867,3265,2021-04-22T07:00:14.925000+00:00,1.0,S
3868,3041,2021-04-22T07:00:12.685000+00:00,1.0,P
3868,3265,2021-04-22T07:00:14.925000+00:00,1.0,S
3869,3041,2021-04-22T07:00:12.685000+00:00,1.0,P
3869,3265,2021-04-22T07:00:14.925000+00:00,1.0,S
3870,3042,2021-04-22T07:00:12.695000+00:00,1.0,P
3870,3265,2021-04-22T07:00:14.925000+00:00,1.0,S
3871,3042,2021-04-22T07:00:12.695000+00:00,1.0,P
3871,3266,2021-04-22T07:00:14.935000+00:00,1.0,S
3872,3042,2021-04-22T07:00:12.695000+00:00,1.0,P
3872,3266,2021-04-22T07:00:14.935000+00:00,1.0,S
3873,3042,2021-04-22T07:00:12.695000+00:00,1.0,P
3873,3266,2021-04-22T07:00:14.935000+00:00,1.0,S
3874,3042,2021-04-22T07:00:12.695000+00:00,1.0,P
3874,3266,2021-04-22T07:00:14.935000+00:00,1.0,S
3875,3042,2021-04-22T07:00:12.695000+00:00,1.0,P
3875,3266,2021-04-22T07:00:14.935000+00:00,1.0,S
3876,3042,2021-04-22T07:00:12.695000+00:00,1.0,P
3876,3266,2021-04-22T07:00:14.935000+00:00,1.0,S
3877,3042,2021-04-22T07:00:12.695000+00:00,1.0,P
3877,3266,2021-04-22T07:00:14.935000+00:00,1.0,S
3878,3042,2021-04-22T07:00:12.695000+00:00,1.0,P
3878,3266,2021-04-22T07:00:14.935000+00:00,1.0,S
3879,3043,2021-04-22T07:00:12.705000+00:00,1.0,P
3879,3266,2021-04-22T07:00:14.935000+00:00,1.0,S
3880,3043,2021-04-22T07:00:12.705000+00:00,1.0,P
3880,3266,2021-04-22T07:00:14.935000+00:00,1.0,S
3881,3043,2021-04-22T07:00:12.705000+00:00,1.0,P
3881,3266,2021-04-22T07:00:14.935000+00:00,1.0,S
3882,3043,2021-04-22T07:00:12.705000+00:00,1.0,P
3882,3266,2021-04-22T07:00:14.935000+00:00,1.0,S
3883,3043,2021-04-22T07:00:12.705000+00:00,1.0,P
3883,3266,2021-04-22T07:00:14.935000+00:00,1.0,S
3884,3043,2021-04-22T07:00:12.705000+00:00,1.0,P
3884,3266,2021-04-22T07:00:14.935000+00:00,1.0,S
3885,3043,2021-04-22T07:00:12.705000+00:00,1.0,P
3885,3266,2021-04-22T07:00:14.935000+00:00,1.0,S
3886,3043,2021-04-22T07:00:12.705000+00:00,1.0,P
3886,3266,2021-04-22T07:00:14.935000+00:00,1.0,S
3887,3043,2021-04-22T07:00:12.705000+00:00,1.0,P
3887,3266,2021-04-22T07:00:14.935000+00:00,1.0,S
3888,3043,2021-04-22T07:00:12.705000+00:00,1.0,P
3888,3267,2021-04-22T07:00:14.945000+00:00,1.0,S
3889,3044,2021-04-22T07:00:12.715000+00:00,1.0,P
3889,3267,2021-04-22T07:00:14.945000+00:00,1.0,S
3890,3044,2021-04-22T07:00:12.715000+00:00,1.0,P
3890,3267,2021-04-22T07:00:14.945000+00:00,1.0,S
3891,3044,2021-04-22T07:00:12.715000+00:00,1.0,P
3891,3267,2021-04-22T07:00:14.945000+00:00,1.0,S
3892,3044,2021-04-22T07:00:12.715000+00:00,1.0,P
3892,3267,2021-04-22T07:00:14.945000+00:00,1.0,S
3893,3044,2021-04-22T07:00:12.715000+00:00,1.0,P
3893,3267,2021-04-22T07:00:14.945000+00:00,1.0,S
3894,3044,2021-04-22T07:00:12.715000+00:00,1.0,P
3894,3267,2021-04-22T07:00:14.945000+00:00,1.0,S
3895,3044,2021-04-22T07:00:12.715000+00:00,1.0,P
3895,3267,2021-04-22T07:00:14.945000+00:00,1.0,S
3896,3044,2021-04-22T07:00:12.715000+00:00,1.0,P
3896,3267,2021-04-22T07:00:14.945000+00:00,1.0,S
3897,3044,2021-04-22T07:00:12.715000+00:00,1.0,P
3897,3267,2021-04-22T07:00:14.945000+00:00,1.0,S
3898,3044,2021-04-22T07:00:12.715000+00:00,1.0,P
3898,3267,2021-04-22T07:00:14.945000+00:00,1.0,S
3899,3045,2021-04-22T07:00:12.725000+00:00,1.0,P
3899,3267,2021-04-22T07:00:14.945000+00:00,1.0,S
3900,3045,2021-04-22T07:00:12.725000+00:00,1.0,P
3900,3267,2021-04-22T07:00:14.945000+00:00,1.0,S
3901,3045,2021-04-22T07:00:12.725000+00:00,1.0,P
3901,3267,2021-04-22T07:00:14.945000+00:00,1.0,S
3902,3045,2021-04-22T07:00:12.725000+00:00,1.0,P
3902,3267,2021-04-22T07:00:14.945000+00:00,1.0,S
3903,3045,2021-04-22T07:00:12.725000+00:00,1.0,P
3903,3268,2021-04-22T07:00:14.955000+00:00,1.0,S
3904,3045,2021-04-22T07:00:12.725000+00:00,1.0,P
3904,3268,2021-04-22T07:00:14.955000+00:00,1.0,S
3905,3045,2021-04-22T07:00:12.725000+00:00,1.0,P
3905,3268,2021-04-22T07:00:14.955000+00:00,1.0,S
3906,3045,2021-04-22T07:00:12.725000+00:00,1.0,P
3906,3268,2021-04-22T07:00:14.955000+00:00,1.0,S
3907,3045,2021-04-22T07:00:12.725000+00:00,1.0,P
3907,3268,2021-04-22T07:00:14.955000+00:00,1.0,S
3908,3045,2021-04-22T07:00:12.725000+00:00,1.0,P
3908,3268,2021-04-22T07:00:14.955000+00:00,1.0,S
3909,3046,2021-04-22T07:00:12.735000+00:00,1.0,P
3909,3268,2021-04-22T07:00:14.955000+00:00,1.0,S
3910,3046,2021-04-22T07:00:12.735000+00:00,1.0,P
3910,3268,2021-04-22T07:00:14.955000+00:00,1.0,S
3911,3046,2021-04-22T07:00:12.735000+00:00,1.0,P
3911,3268,2021-04-22T07:00:14.955000+00:00,1.0,S
3912,3046,2021-04-22T07:00:12.735000+00:00,1.0,P
3912,3268,2021-04-22T07:00:14.955000+00:00,1.0,S
3913,3046,2021-04-22T07:00:12.735000+00:00,1.0,P
3913,3269,2021-04-22T07:00:14.964999+00:00,1.0,S
3914,3046,2021-04-22T07:00:12.735000+00:00,1.0,P
3914,3269,2021-04-22T07:00:14.964999+00:00,1.0,S
3915,3046,2021-04-22T07:00:12.735000+00:00,1.0,P
3915,3269,2021-04-22T07:00:14.964999+00:00,1.0,S
3916,3046,2021-04-22T07:00:12.735000+00:00,1.0,P
3916,3269,2021-04-22T07:00:14.964999+00:00,1.0,S
3917,3046,2021-04-22T07:00:12.735000+00:00,1.0,P
3917,3269,2021-04-22T07:00:14.964999+00:00,1.0,S
3918,3046,2021-04-22T07:00:12.735000+00:00,1.0,P
3918,3269,2021-04-22T07:00:14.964999+00:00,1.0,S
3919,3046,2021-04-22T07:00:12.735000+00:00,1.0,P
3919,3269,2021-04-22T07:00:14.964999+00:00,1.0,S
3920,3047,2021-04-22T07:00:12.745000+00:00,1.0,P
3920,3270,2021-04-22T07:00:14.975000+00:00,1.0,S
3921,3047,2021-04-22T07:00:12.745000+00:00,1.0,P
3921,3270,2021-04-22T07:00:14.975000+00:00,1.0,S
3922,3047,2021-04-22T07:00:12.745000+00:00,1.0,P
3922,3270,2021-04-22T07:00:14.975000+00:00,1.0,S
3923,3047,2021-04-22T07:00:12.745000+00:00,1.0,P
3923,3270,2021-04-22T07:00:14.975000+00:00,1.0,S
3924,3047,2021-04-22T07:00:12.745000+00:00,1.0,P
3924,3270,2021-04-22T07:00:14.975000+00:00,1.0,S
3925,3047,2021-04-22T07:00:12.745000+00:00,1.0,P
3925,3270,2021-04-22T07:00:14.975000+00:00,1.0,S
3926,3047,2021-04-22T07:00:12.745000+00:00,1.0,P
3926,3270,2021-04-22T07:00:14.975000+00:00,1.0,S
3927,3047,2021-04-22T07:00:12.745000+00:00,1.0,P
3927,3270,2021-04-22T07:00:14.975000+00:00,1.0,S
3928,3047,2021-04-22T07:00:12.745000+00:00,1.0,P
3928,3270,2021-04-22T07:00:14.975000+00:00,1.0,S
3929,3047,2021-04-22T07:00:12.745000+00:00,1.0,P
3929,3270,2021-04-22T07:00:14.975000+00:00,1.0,S
3930,3047,2021-04-22T07:00:12.745000+00:00,1.0,P
3930,3271,2021-04-22T07:00:14.985000+00:00,1.0,S
3931,3048,2021-04-22T07:00:12.755000+00:00,1.0,P
3931,3271,2021-04-22T07:00:14.985000+00:00,1.0,S
3932,3048,2021-04-22T07:00:12.755000+00:00,1.0,P
3932,3271,2021-04-22T07:00:14.985000+00:00,1.0,S
3933,3048,2021-04-22T07:00:12.755000+00:00,1.0,P
3933,3271,2021-04-22T07:00:14.985000+00:00,1.0,S
3934,3048,2021-04-22T07:00:12.755000+00:00,1.0,P
3934,3271,2021-04-22T07:00:14.985000+00:00,1.0,S
3935,3048,2021-04-22T07:00:12.755000+00:00,1.0,P
3935,3271,2021-04-22T07:00:14.985000+00:00,1.0,S
3936,3048,2021-04-22T07:00:12.755000+00:00,1.0,P
3936,3271,2021-04-22T07:00:14.985000+00:00,1.0,S
3937,3048,2021-04-22T07:00:12.755000+00:00,1.0,P
3937,3271,2021-04-22T07:00:14.985000+00:00,1.0,S
3938,3048,2021-04-22T07:00:12.755000+00:00,1.0,P
3938,3271,2021-04-22T07:00:14.985000+00:00,1.0,S
3939,3048,2021-04-22T07:00:12.755000+00:00,1.0,P
3939,3271,2021-04-22T07:00:14.985000+00:00,1.0,S
3940,3048,2021-04-22T07:00:12.755000+00:00,1.0,P
3940,3271,2021-04-22T07:00:14.985000+00:00,1.0,S
3941,3048,2021-04-22T07:00:12.755000+00:00,1.0,P
3941,3271,2021-04-22T07:00:14.985000+00:00,1.0,S
3942,3048,2021-04-22T07:00:12.755000+00:00,1.0,P
3942,3271,2021-04-22T07:00:14.985000+00:00,1.0,S
3943,3048,2021-04-22T07:00:12.755000+00:00,1.0,P
3943,3271,2021-04-22T07:00:14.985000+00:00,1.0,S
3944,3048,2021-04-22T07:00:12.755000+00:00,1.0,P
3944,3271,2021-04-22T07:00:14.985000+00:00,1.0,S
3945,3048,2021-04-22T07:00:12.755000+00:00,1.0,P
3945,3271,2021-04-22T07:00:14.985000+00:00,1.0,S
3946,3049,2021-04-22T07:00:12.765000+00:00,1.0,P
3946,3271,2021-04-22T07:00:14.985000+00:00,1.0,S
3947,3049,2021-04-22T07:00:12.765000+00:00,1.0,P
3947,3271,2021-04-22T07:00:14.985000+00:00,1.0,S
3948,3049,2021-04-22T07:00:12.765000+00:00,1.0,P
3948,3271,2021-04-22T07:00:14.985000+00:00,1.0,S
3949,3049,2021-04-22T07:00:12.765000+00:00,1.0,P
3949,3271,2021-04-22T07:00:14.985000+00:00,1.0,S
3950,3049,2021-04-22T07:00:12.765000+00:00,1.0,P
3950,3271,2021-04-22T07:00:14.985000+00:00,1.0,S
3951,3049,2021-04-22T07:00:12.765000+00:00,1.0,P
3951,3271,2021-04-22T07:00:14.985000+00:00,1.0,S
3952,3049,2021-04-22T07:00:12.765000+00:00,1.0,P
3952,3271,2021-04-22T07:00:14.985000+00:00,1.0,S
3953,3049,2021-04-22T07:00:12.765000+00:00,1.0,P
3953,3271,2021-04-22T07:00:14.985000+00:00,1.0,S
3954,3049,2021-04-22T07:00:12.765000+00:00,1.0,P
3954,3271,2021-04-22T07:00:14.985000+00:00,1.0,S
3955,3049,2021-04-22T07:00:12.765000+00:00,1.0,P
3955,3270,2021-04-22T07:00:14.975000+00:00,1.0,S
3956,3049,2021-04-22T07:00:12.765000+00:00,1.0,P
3956,3270,2021-04-22T07:00:14.975000+00:00,1.0,S
3957,3049,2021-04-22T07:00:12.765000+00:00,1.0,P
3957,3270,2021-04-22T07:00:14.975000+00:00,1.0,S
3958,3049,2021-04-22T07:00:12.765000+00:00,1.0,P
3958,3270,2021-04-22T07:00:14.975000+00:00,1.0,S
3959,3049,2021-04-22T07:00:12.765000+00:00,1.0,P
3959,3270,2021-04-22T07:00:14.975000+00:00,1.0,S
3960,3049,2021-04-22T07:00:12.765000+00:00,1.0,P
3960,3270,2021-04-22T07:00:14.975000+00:00,1.0,S
3961,3049,2021-04-22T07:00:12.765000+00:00,1.0,P
3961,3270,2021-04-22T07:00:14.975000+00:00,1.0,S
3962,3050,2021-04-22T07:00:12.775000+00:00,1.0,P
3962,3270,2021-04-22T07:00:14.975000+00:00,1.0,S
3963,3050,2021-04-22T07:00:12.775000+00:00,1.0,P
3963,3270,2021-04-22T07:00:14.975000+00:00,1.0,S
3964,3050,2021-04-22T07:00:12.775000+00:00,1.0,P
3964,3270,2021-04-22T07:00:14.975000+00:00,1.0,S
3965,3050,2021-04-22T07:00:12.775000+00:00,1.0,P
3965,3270,2021-04-22T07:00:14.975000+00:00,1.0,S
3966,3050,2021-04-22T07:00:12.775000+00:00,1.0,P
3966,3270,2021-04-22T07:00:14.975000+00:00,1.0,S
3967,3050,2021-04-22T07:00:12.775000+00:00,1.0,P
3967,3270,2021-04-22T07:00:14.975000+00:00,1.0,S
3968,3050,2021-04-22T07:00:12.775000+00:00,1.0,P
3968,3270,2021-04-22T07:00:14.975000+00:00,1.0,S
3969,3050,2021-04-22T07:00:12.775000+00:00,1.0,P
3969,3270,2021-04-22T07:00:14.975000+00:00,1.0,S
3970,3050,2021-04-22T07:00:12.775000+00:00,1.0,P
3970,3270,2021-04-22T07:00:14.975000+00:00,1.0,S
3971,3050,2021-04-22T07:00:12.775000+00:00,1.0,P
3971,3270,2021-04-22T07:00:14.975000+00:00,1.0,S
3972,3050,2021-04-22T07:00:12.775000+00:00,1.0,P
3972,3270,2021-04-22T07:00:14.975000+00:00,1.0,S
3973,3050,2021-04-22T07:00:12.775000+00:00,1.0,P
3973,3270,2021-04-22T07:00:14.975000+00:00,1.0,S
3974,3050,2021-04-22T07:00:12.775000+00:00,1.0,P
3974,3270,2021-04-22T07:00:14.975000+00:00,1.0,S
3975,3050,2021-04-22T07:00:12.775000+00:00,1.0,P
3975,3270,2021-04-22T07:00:14.975000+00:00,1.0,S
3976,3050,2021-04-22T07:00:12.775000+00:00,1.0,P
3976,3270,2021-04-22T07:00:14.975000+00:00,1.0,S
3977,3050,2021-04-22T07:00:12.775000+00:00,1.0,P
3977,3271,2021-04-22T07:00:14.985000+00:00,1.0,S
3978,3051,2021-04-22T07:00:12.785000+00:00,1.0,P
3978,3271,2021-04-22T07:00:14.985000+00:00,1.0,S
3979,3051,2021-04-22T07:00:12.785000+00:00,1.0,P
3979,3271,2021-04-22T07:00:14.985000+00:00,1.0,S
3980,3051,2021-04-22T07:00:12.785000+00:00,1.0,P
3980,3271,2021-04-22T07:00:14.985000+00:00,1.0,S
3981,3051,2021-04-22T07:00:12.785000+00:00,1.0,P
3981,3271,2021-04-22T07:00:14.985000+00:00,1.0,S
3982,3051,2021-04-22T07:00:12.785000+00:00,1.0,P
3982,3271,2021-04-22T07:00:14.985000+00:00,1.0,S
3983,3051,2021-04-22T07:00:12.785000+00:00,1.0,P
3983,3271,2021-04-22T07:00:14.985000+00:00,1.0,S
3984,3051,2021-04-22T07:00:12.785000+00:00,1.0,P
3984,3271,2021-04-22T07:00:14.985000+00:00,1.0,S
3985,3051,2021-04-22T07:00:12.785000+00:00,1.0,P
3985,3271,2021-04-22T07:00:14.985000+00:00,1.0,S
3986,3051,2021-04-22T07:00:12.785000+00:00,1.0,P
3986,3271,2021-04-22T07:00:14.985000+00:00,1.0,S
3987,3051,2021-04-22T07:00:12.785000+00:00,1.0,P
3987,3271,2021-04-22T07:00:14.985000+00:00,1.0,S
3988,3051,2021-04-22T07:00:12.785000+00:00,1.0,P
3988,3271,2021-04-22T07:00:14.985000+00:00,1.0,S
3989,3051,2021-04-22T07:00:12.785000+00:00,1.0,P
3989,3271,2021-04-22T07:00:14.985000+00:00,1.0,S
3990,3051,2021-04-22T07:00:12.785000+00:00,1.0,P
3990,3271,2021-04-22T07:00:14.985000+00:00,1.0,S
3991,3051,2021-04-22T07:00:12.785000+00:00,1.0,P
3991,3271,2021-04-22T07:00:14.985000+00:00,1.0,S
3992,3051,2021-04-22T07:00:12.785000+00:00,1.0,P
3992,3271,2021-04-22T07:00:14.985000+00:00,1.0,S
3993,3052,2021-04-22T07:00:12.795000+00:00,1.0,P
3993,3271,2021-04-22T07:00:14.985000+00:00,1.0,S
3994,3052,2021-04-22T07:00:12.795000+00:00,1.0,P
3994,3271,2021-04-22T07:00:14.985000+00:00,1.0,S
3995,3052,2021-04-22T07:00:12.795000+00:00,1.0,P
3995,3272,2021-04-22T07:00:14.995000+00:00,1.0,S
3996,3052,2021-04-22T07:00:12.795000+00:00,1.0,P
3996,3272,2021-04-22T07:00:14.995000+00:00,1.0,S
3997,3052,2021-04-22T07:00:12.795000+00:00,1.0,P
3997,3272,2021-04-22T07:00:14.995000+00:00,1.0,S
3998,3052,2021-04-22T07:00:12.795000+00:00,1.0,P
3998,3272,2021-04-22T07:00:14.995000+00:00,1.0,S
3999,3052,2021-04-22T07:00:12.795000+00:00,1.0,P
3999,3272,2021-04-22T07:00:14.995000+00:00,1.0,S
4000,3052,2021-04-22T07:00:12.795000+00:00,1.0,P
4000,3272,2021-04-22T07:00:14.995000+00:00,1.0,S
4001,3052,2021-04-22T07:00:12.795000+00:00,1.0,P
4001,3272,2021-04-22T07:00:14.995000+00:00,1.0,S
4002,3052,2021-04-22T07:00:12.795000+00:00,1.0,P
4002,3272,2021-04-22T07:00:14.995000+00:00,1.0,S
4003,3052,2021-04-22T07:00:12.795000+00:00,1.0,P
4003,3272,2021-04-22T07:00:14.995000+00:00,1.0,S
4004,3052,2021-04-22T07:00:12.795000+00:00,1.0,P
4004,3272,2021-04-22T07:00:14.995000+00:00,1.0,S
4005,3052,2021-04-22T07:00:12.795000+00:00,1.0,P
4005,3272,2021-04-22T07:00:14.995000+00:00,1.0,S
4006,3052,2021-04-22T07:00:12.795000+00:00,1.0,P
4006,3272,2021-04-22T07:00:14.995000+00:00,1.0,S
4007,3052,2021-04-22T07:00:12.795000+00:00,1.0,P
4007,3272,2021-04-22T07:00:14.995000+00:00,1.0,S
4008,3053,2021-04-22T07:00:12.805000+00:00,1.0,P
4008,3273,2021-04-22T07:00:15.005000+00:00,1.0,S
4009,3053,2021-04-22T07:00:12.805000+00:00,1.0,P
4009,3273,2021-04-22T07:00:15.005000+00:00,1.0,S
4010,3053,2021-04-22T07:00:12.805000+00:00,1.0,P
4010,3273,2021-04-22T07:00:15.005000+00:00,1.0,S
4011,3053,2021-04-22T07:00:12.805000+00:00,1.0,P
4011,3273,2021-04-22T07:00:15.005000+00:00,1.0,S
4012,3053,2021-04-22T07:00:12.805000+00:00,1.0,P
4012,3273,2021-04-22T07:00:15.005000+00:00,1.0,S
4013,3053,2021-04-22T07:00:12.805000+00:00,1.0,P
4013,3273,2021-04-22T07:00:15.005000+00:00,1.0,S
4014,3053,2021-04-22T07:00:12.805000+00:00,1.0,P
4014,3273,2021-04-22T07:00:15.005000+00:00,1.0,S
4015,3053,2021-04-22T07:00:12.805000+00:00,1.0,P
4015,3273,2021-04-22T07:00:15.005000+00:00,1.0,S
4016,3053,2021-04-22T07:00:12.805000+00:00,1.0,P
4016,3273,2021-04-22T07:00:15.005000+00:00,1.0,S
4017,3053,2021-04-22T07:00:12.805000+00:00,1.0,P
4017,3273,2021-04-22T07:00:15.005000+00:00,1.0,S
4018,3053,2021-04-22T07:00:12.805000+00:00,1.0,P
4018,3273,2021-04-22T07:00:15.005000+00:00,1.0,S
4019,3053,2021-04-22T07:00:12.805000+00:00,1.0,P
4019,3274,2021-04-22T07:00:15.015000+00:00,1.0,S
4020,3053,2021-04-22T07:00:12.805000+00:00,1.0,P
4020,3274,2021-04-22T07:00:15.015000+00:00,1.0,S
4021,3053,2021-04-22T07:00:12.805000+00:00,1.0,P
4021,3274,2021-04-22T07:00:15.015000+00:00,1.0,S
4022,3053,2021-04-22T07:00:12.805000+00:00,1.0,P
4022,3274,2021-04-22T07:00:15.015000+00:00,1.0,S
4023,3054,2021-04-22T07:00:12.815000+00:00,1.0,P
4023,3274,2021-04-22T07:00:15.015000+00:00,1.0,S
4024,3054,2021-04-22T07:00:12.815000+00:00,1.0,P
4024,3274,2021-04-22T07:00:15.015000+00:00,1.0,S
4025,3054,2021-04-22T07:00:12.815000+00:00,1.0,P
4025,3274,2021-04-22T07:00:15.015000+00:00,1.0,S
4026,3054,2021-04-22T07:00:12.815000+00:00,1.0,P
4026,3274,2021-04-22T07:00:15.015000+00:00,1.0,S
4027,3054,2021-04-22T07:00:12.815000+00:00,1.0,P
4027,3274,2021-04-22T07:00:15.015000+00:00,1.0,S
4028,3054,2021-04-22T07:00:12.815000+00:00,1.0,P
4028,3274,2021-04-22T07:00:15.015000+00:00,1.0,S
4029,3054,2021-04-22T07:00:12.815000+00:00,1.0,P
4029,3274,2021-04-22T07:00:15.015000+00:00,1.0,S
4030,3054,2021-04-22T07:00:12.815000+00:00,1.0,P
4030,3275,2021-04-22T07:00:15.025000+00:00,1.0,S
4031,3054,2021-04-22T07:00:12.815000+00:00,1.0,P
4031,3275,2021-04-22T07:00:15.025000+00:00,1.0,S
4032,3054,2021-04-22T07:00:12.815000+00:00,1.0,P
4032,3275,2021-04-22T07:00:15.025000+00:00,1.0,S
4033,3054,2021-04-22T07:00:12.815000+00:00,1.0,P
4033,3275,2021-04-22T07:00:15.025000+00:00,1.0,S
4034,3054,2021-04-22T07:00:12.815000+00:00,1.0,P
4034,3275,2021-04-22T07:00:15.025000+00:00,1.0,S
4035,3055,2021-04-22T07:00:12.825000+00:00,1.0,P
4035,3275,2021-04-22T07:00:15.025000+00:00,1.0,S
4036,3055,2021-04-22T07:00:12.825000+00:00,1.0,P
4036,3275,2021-04-22T07:00:15.025000+00:00,1.0,S
4037,3055,2021-04-22T07:00:12.825000+00:00,1.0,P
4037,3276,2021-04-22T07:00:15.034999+00:00,1.0,S
4038,3055,2021-04-22T07:00:12.825000+00:00,1.0,P
4038,3276,2021-04-22T07:00:15.034999+00:00,1.0,S
4039,3055,2021-04-22T07:00:12.825000+00:00,1.0,P
4039,3276,2021-04-22T07:00:15.034999+00:00,1.0,S
4040,3055,2021-04-22T07:00:12.825000+00:00,1.0,P
4040,3276,2021-04-22T07:00:15.034999+00:00,1.0,S
4041,3055,2021-04-22T07:00:12.825000+00:00,1.0,P
4041,3276,2021-04-22T07:00:15.034999+00:00,1.0,S
4042,3055,2021-04-22T07:00:12.825000+00:00,1.0,P
4042,3276,2021-04-22T07:00:15.034999+00:00,1.0,S
4043,3055,2021-04-22T07:00:12.825000+00:00,1.0,P
4043,3277,2021-04-22T07:00:15.045000+00:00,1.0,S
4044,3055,2021-04-22T07:00:12.825000+00:00,1.0,P
4044,3277,2021-04-22T07:00:15.045000+00:00,1.0,S
4045,3056,2021-04-22T07:00:12.835000+00:00,1.0,P
4045,3277,2021-04-22T07:00:15.045000+00:00,1.0,S
4046,3056,2021-04-22T07:00:12.835000+00:00,1.0,P
4046,3277,2021-04-22T07:00:15.045000+00:00,1.0,S
4047,3056,2021-04-22T07:00:12.835000+00:00,1.0,P
4047,3277,2021-04-22T07:00:15.045000+00:00,1.0,S
4048,3056,2021-04-22T07:00:12.835000+00:00,1.0,P
4048,3277,2021-04-22T07:00:15.045000+00:00,1.0,S
4049,3056,2021-04-22T07:00:12.835000+00:00,1.0,P
4049,3278,2021-04-22T07:00:15.055000+00:00,1.0,S
4050,3056,2021-04-22T07:00:12.835000+00:00,1.0,P
4050,3278,2021-04-22T07:00:15.055000+00:00,1.0,S
4051,3056,2021-04-22T07:00:12.835000+00:00,1.0,P
4051,3278,2021-04-22T07:00:15.055000+00:00,1.0,S
4052,3056,2021-04-22T07:00:12.835000+00:00,1.0,P
4052,3278,2021-04-22T07:00:15.055000+00:00,1.0,S
4053,3056,2021-04-22T07:00:12.835000+00:00,1.0,P
4053,3278,2021-04-22T07:00:15.055000+00:00,1.0,S
4054,3056,2021-04-22T07:00:12.835000+00:00,1.0,P
4054,3278,2021-04-22T07:00:15.055000+00:00,1.0,S
4055,3057,2021-04-22T07:00:12.845000+00:00,1.0,P
4055,3278,2021-04-22T07:00:15.055000+00:00,1.0,S
4056,3057,2021-04-22T07:00:12.845000+00:00,1.0,P
4056,3279,2021-04-22T07:00:15.065000+00:00,1.0,S
4057,3057,2021-04-22T07:00:12.845000+00:00,1.0,P
4057,3279,2021-04-22T07:00:15.065000+00:00,1.0,S
4058,3057,2021-04-22T07:00:12.845000+00:00,1.0,P
4058,3279,2021-04-22T07:00:15.065000+00:00,1.0,S
4059,3057,2021-04-22T07:00:12.845000+00:00,1.0,P
4059,3279,2021-04-22T07:00:15.065000+00:00,1.0,S
4060,3057,2021-04-22T07:00:12.845000+00:00,1.0,P
4060,3279,2021-04-22T07:00:15.065000+00:00,1.0,S
4061,3057,2021-04-22T07:00:12.845000+00:00,1.0,P
4061,3279,2021-04-22T07:00:15.065000+00:00,1.0,S
4062,3057,2021-04-22T07:00:12.845000+00:00,1.0,P
4062,3279,2021-04-22T07:00:15.065000+00:00,1.0,S
4063,3057,2021-04-22T07:00:12.845000+00:00,1.0,P
4063,3279,2021-04-22T07:00:15.065000+00:00,1.0,S
4064,3057,2021-04-22T07:00:12.845000+00:00,1.0,P
4064,3280,2021-04-22T07:00:15.074999+00:00,1.0,S
4065,3058,2021-04-22T07:00:12.855000+00:00,1.0,P
4065,3280,2021-04-22T07:00:15.074999+00:00,1.0,S
4066,3058,2021-04-22T07:00:12.855000+00:00,1.0,P
4066,3280,2021-04-22T07:00:15.074999+00:00,1.0,S
4067,3058,2021-04-22T07:00:12.855000+00:00,1.0,P
4067,3280,2021-04-22T07:00:15.074999+00:00,1.0,S
4068,3058,2021-04-22T07:00:12.855000+00:00,1.0,P
4068,3280,2021-04-22T07:00:15.074999+00:00,1.0,S
4069,3058,2021-04-22T07:00:12.855000+00:00,1.0,P
4069,3280,2021-04-22T07:00:15.074999+00:00,1.0,S
4070,3058,2021-04-22T07:00:12.855000+00:00,1.0,P
4070,3281,2021-04-22T07:00:15.085000+00:00,1.0,S
4071,3058,2021-04-22T07:00:12.855000+00:00,1.0,P
4071,3281,2021-04-22T07:00:15.085000+00:00,1.0,S
4072,3058,2021-04-22T07:00:12.855000+00:00,1.0,P
4072,3281,2021-04-22T07:00:15.085000+00:00,1.0,S
4073,3058,2021-04-22T07:00:12.855000+00:00,1.0,P
4073,3281,2021-04-22T07:00:15.085000+00:00,1.0,S
4074,3059,2021-04-22T07:00:12.865000+00:00,1.0,P
4074,3281,2021-04-22T07:00:15.085000+00:00,1.0,S
4075,3059,2021-04-22T07:00:12.865000+00:00,1.0,P
4075,3282,2021-04-22T07:00:15.095000+00:00,1.0,S
4076,3059,2021-04-22T07:00:12.865000+00:00,1.0,P
4076,3282,2021-04-22T07:00:15.095000+00:00,1.0,S
4077,3059,2021-04-22T07:00:12.865000+00:00,1.0,P
4077,3282,2021-04-22T07:00:15.095000+00:00,1.0,S
4078,3059,2021-04-22T07:00:12.865000+00:00,1.0,P
4078,3282,2021-04-22T07:00:15.095000+00:00,1.0,S
4079,3059,2021-04-22T07:00:12.865000+00:00,1.0,P
4079,3282,2021-04-22T07:00:15.095000+00:00,1.0,S
4080,3059,2021-04-22T07:00:12.865000+00:00,1.0,P
4080,3282,2021-04-22T07:00:15.095000+00:00,1.0,S
4081,3059,2021-04-22T07:00:12.865000+00:00,1.0,P
4081,3282,2021-04-22T07:00:15.095000+00:00,1.0,S
4082,3059,2021-04-22T07:00:12.865000+00:00,1.0,P
4082,3283,2021-04-22T07:00:15.105000+00:00,1.0,S
4083,3060,2021-04-22T07:00:12.875000+00:00,1.0,P
4083,3283,2021-04-22T07:00:15.105000+00:00,1.0,S
4084,3060,2021-04-22T07:00:12.875000+00:00,1.0,P
4084,3283,2021-04-22T07:00:15.105000+00:00,1.0,S
4085,3060,2021-04-22T07:00:12.875000+00:00,1.0,P
4085,3283,2021-04-22T07:00:15.105000+00:00,1.0,S
4086,3060,2021-04-22T07:00:12.875000+00:00,1.0,P
4086,3283,2021-04-22T07:00:15.105000+00:00,1.0,S
4087,3060,2021-04-22T07:00:12.875000+00:00,1.0,P
4087,3283,2021-04-22T07:00:15.105000+00:00,1.0,S
4088,3060,2021-04-22T07:00:12.875000+00:00,1.0,P
4088,3283,2021-04-22T07:00:15.105000+00:00,1.0,S
4089,3060,2021-04-22T07:00:12.875000+00:00,1.0,P
4089,3283,2021-04-22T07:00:15.105000+00:00,1.0,S
4090,3060,2021-04-22T07:00:12.875000+00:00,1.0,P
4090,3284,2021-04-22T07:00:15.115000+00:00,1.0,S
4091,3060,2021-04-22T07:00:12.875000+00:00,1.0,P
4091,3284,2021-04-22T07:00:15.115000+00:00,1.0,S
4092,3061,2021-04-22T07:00:12.885000+00:00,1.0,P
4092,3284,2021-04-22T07:00:15.115000+00:00,1.0,S
4093,3061,2021-04-22T07:00:12.885000+00:00,1.0,P
4093,3284,2021-04-22T07:00:15.115000+00:00,1.0,S
4094,3061,2021-04-22T07:00:12.885000+00:00,1.0,P
4094,3284,2021-04-22T07:00:15.115000+00:00,1.0,S
4095,3061,2021-04-22T07:00:12.885000+00:00,1.0,P
4095,3284,2021-04-22T07:00:15.115000+00:00,1.0,S
4096,3061,2021-04-22T07:00:12.885000+00:00,1.0,P
4096,3284,2021-04-22T07:00:15.115000+00:00,1.0,S
4097,3061,2021-04-22T07:00:12.885000+00:00,1.0,P
4097,3285,2021-04-22T07:00:15.125000+00:00,1.0,S
4098,3061,2021-04-22T07:00:12.885000+00:00,1.0,P
4098,3285,2021-04-22T07:00:15.125000+00:00,1.0,S
4099,3061,2021-04-22T07:00:12.885000+00:00,1.0,P
4099,3285,2021-04-22T07:00:15.125000+00:00,1.0,S
4100,3061,2021-04-22T07:00:12.885000+00:00,1.0,P
4100,3285,2021-04-22T07:00:15.125000+00:00,1.0,S
4101,3062,2021-04-22T07:00:12.895000+00:00,1.0,P
4101,3285,2021-04-22T07:00:15.125000+00:00,1.0,S
4102,3062,2021-04-22T07:00:12.895000+00:00,1.0,P
4102,3285,2021-04-22T07:00:15.125000+00:00,1.0,S
4103,3062,2021-04-22T07:00:12.895000+00:00,1.0,P
4103,3285,2021-04-22T07:00:15.125000+00:00,1.0,S
4104,3062,2021-04-22T07:00:12.895000+00:00,1.0,P
4104,3286,2021-04-22T07:00:15.135000+00:00,1.0,S
4105,3062,2021-04-22T07:00:12.895000+00:00,1.0,P
4105,3286,2021-04-22T07:00:15.135000+00:00,1.0,S
4106,3062,2021-04-22T07:00:12.895000+00:00,1.0,P
4106,3286,2021-04-22T07:00:15.135000+00:00,1.0,S
4107,3062,2021-04-22T07:00:12.895000+00:00,1.0,P
4107,3286,2021-04-22T07:00:15.135000+00:00,1.0,S
4108,3062,2021-04-22T07:00:12.895000+00:00,1.0,P
4108,3286,2021-04-22T07:00:15.135000+00:00,1.0,S
4109,3063,2021-04-22T07:00:12.905000+00:00,1.0,P
4109,3286,2021-04-22T07:00:15.135000+00:00,1.0,S
4110,3063,2021-04-22T07:00:12.905000+00:00,1.0,P
4110,3286,2021-04-22T07:00:15.135000+00:00,1.0,S
4111,3063,2021-04-22T07:00:12.905000+00:00,1.0,P
4111,3286,2021-04-22T07:00:15.135000+00:00,1.0,S
4112,3063,2021-04-22T07:00:12.905000+00:00,1.0,P
4112,3286,2021-04-22T07:00:15.135000+00:00,1.0,S
4113,3063,2021-04-22T07:00:12.905000+00:00,1.0,P
4113,3286,2021-04-22T07:00:15.135000+00:00,1.0,S
4114,3063,2021-04-22T07:00:12.905000+00:00,1.0,P
4114,3286,2021-04-22T07:00:15.135000+00:00,1.0,S
4115,3063,2021-04-22T07:00:12.905000+00:00,1.0,P
4115,3286,2021-04-22T07:00:15.135000+00:00,1.0,S
4116,3063,2021-04-22T07:00:12.905000+00:00,1.0,P
4116,3286,2021-04-22T07:00:15.135000+00:00,1.0,S
4117,3063,2021-04-22T07:00:12.905000+00:00,1.0,P
4117,3286,2021-04-22T07:00:15.135000+00:00,1.0,S
4118,3063,2021-04-22T07:00:12.905000+00:00,1.0,P
4118,3286,2021-04-22T07:00:15.135000+00:00,1.0,S
4119,3064,2021-04-22T07:00:12.915000+00:00,1.0,P
4119,3286,2021-04-22T07:00:15.135000+00:00,1.0,S
4120,3064,2021-04-22T07:00:12.915000+00:00,1.0,P
4120,3286,2021-04-22T07:00:15.135000+00:00,1.0,S
4121,3064,2021-04-22T07:00:12.915000+00:00,1.0,P
4121,3286,2021-04-22T07:00:15.135000+00:00,1.0,S
4122,3064,2021-04-22T07:00:12.915000+00:00,1.0,P
4122,3286,2021-04-22T07:00:15.135000+00:00,1.0,S
4123,3064,2021-04-22T07:00:12.915000+00:00,1.0,P
4123,3287,2021-04-22T07:00:15.144999+00:00,1.0,S
4124,3064,2021-04-22T07:00:12.915000+00:00,1.0,P
4124,3287,2021-04-22T07:00:15.144999+00:00,1.0,S
4125,3064,2021-04-22T07:00:12.915000+00:00,1.0,P
4125,3287,2021-04-22T07:00:15.144999+00:00,1.0,S
4126,3064,2021-04-22T07:00:12.915000+00:00,1.0,P
4126,3287,2021-04-22T07:00:15.144999+00:00,1.0,S
4127,3064,2021-04-22T07:00:12.915000+00:00,1.0,P
4127,3287,2021-04-22T07:00:15.144999+00:00,1.0,S
4128,3064,2021-04-22T07:00:12.915000+00:00,1.0,P
4128,3287,2021-04-22T07:00:15.144999+00:00,1.0,S
4129,3065,2021-04-22T07:00:12.925000+00:00,1.0,P
4129,3287,2021-04-22T07:00:15.144999+00:00,1.0,S
4130,3065,2021-04-22T07:00:12.925000+00:00,1.0,P
4130,3287,2021-04-22T07:00:15.144999+00:00,1.0,S
4131,3065,2021-04-22T07:00:12.925000+00:00,1.0,P
4131,3287,2021-04-22T07:00:15.144999+00:00,1.0,S
4132,3065,2021-04-22T07:00:12.925000+00:00,1.0,P
4132,3287,2021-04-22T07:00:15.144999+00:00,1.0,S
4133,3065,2021-04-22T07:00:12.925000+00:00,1.0,P
4133,3287,2021-04-22T07:00:15.144999+00:00,1.0,S
4134,3065,2021-04-22T07:00:12.925000+00:00,1.0,P
4134,3287,2021-04-22T07:00:15.144999+00:00,1.0,S
4135,3065,2021-04-22T07:00:12.925000+00:00,1.0,P
4135,3287,2021-04-22T07:00:15.144999+00:00,1.0,S
4136,3065,2021-04-22T07:00:12.925000+00:00,1.0,P
4136,3287,2021-04-22T07:00:15.144999+00:00,1.0,S
4137,3065,2021-04-22T07:00:12.925000+00:00,1.0,P
4137,3287,2021-04-22T07:00:15.144999+00:00,1.0,S
4138,3065,2021-04-22T07:00:12.925000+00:00,1.0,P
4138,3287,2021-04-22T07:00:15.144999+00:00,1.0,S
4139,3065,2021-04-22T07:00:12.925000+00:00,1.0,P
4139,3287,2021-04-22T07:00:15.144999+00:00,1.0,S
4140,3065,2021-04-22T07:00:12.925000+00:00,1.0,P
4140,3287,2021-04-22T07:00:15.144999+00:00,1.0,S
4141,3065,2021-04-22T07:00:12.925000+00:00,1.0,P
4141,3287,2021-04-22T07:00:15.144999+00:00,1.0,S
4142,3066,2021-04-22T07:00:12.935000+00:00,1.0,P
4142,3287,2021-04-22T07:00:15.144999+00:00,1.0,S
4143,3066,2021-04-22T07:00:12.935000+00:00,1.0,P
4143,3288,2021-04-22T07:00:15.155000+00:00,1.0,S
4144,3066,2021-04-22T07:00:12.935000+00:00,1.0,P
4144,3288,2021-04-22T07:00:15.155000+00:00,1.0,S
4145,3066,2021-04-22T07:00:12.935000+00:00,1.0,P
4145,3288,2021-04-22T07:00:15.155000+00:00,1.0,S
4146,3066,2021-04-22T07:00:12.935000+00:00,1.0,P
4146,3288,2021-04-22T07:00:15.155000+00:00,1.0,S
4147,3066,2021-04-22T07:00:12.935000+00:00,1.0,P
4147,3288,2021-04-22T07:00:15.155000+00:00,1.0,S
4148,3066,2021-04-22T07:00:12.935000+00:00,1.0,P
4148,3288,2021-04-22T07:00:15.155000+00:00,1.0,S
4149,3066,2021-04-22T07:00:12.935000+00:00,1.0,P
4149,3288,2021-04-22T07:00:15.155000+00:00,1.0,S
4150,3066,2021-04-22T07:00:12.935000+00:00,1.0,P
4150,3288,2021-04-22T07:00:15.155000+00:00,1.0,S
4151,3066,2021-04-22T07:00:12.935000+00:00,1.0,P
4151,3288,2021-04-22T07:00:15.155000+00:00,1.0,S
4152,3066,2021-04-22T07:00:12.935000+00:00,1.0,P
4152,3288,2021-04-22T07:00:15.155000+00:00,1.0,S
4153,3066,2021-04-22T07:00:12.935000+00:00,1.0,P
4153,3288,2021-04-22T07:00:15.155000+00:00,1.0,S
4154,3067,2021-04-22T07:00:12.945000+00:00,1.0,P
4154,3289,2021-04-22T07:00:15.165000+00:00,1.0,S
4155,3067,2021-04-22T07:00:12.945000+00:00,1.0,P
4155,3289,2021-04-22T07:00:15.165000+00:00,1.0,S
4156,3067,2021-04-22T07:00:12.945000+00:00,1.0,P
4156,3289,2021-04-22T07:00:15.165000+00:00,1.0,S
4157,3067,2021-04-22T07:00:12.945000+00:00,1.0,P
4157,3289,2021-04-22T07:00:15.165000+00:00,1.0,S
4158,3067,2021-04-22T07:00:12.945000+00:00,1.0,P
4158,3289,2021-04-22T07:00:15.165000+00:00,1.0,S
4159,3067,2021-04-22T07:00:12.945000+00:00,1.0,P
4159,3289,2021-04-22T07:00:15.165000+00:00,1.0,S
4160,3067,2021-04-22T07:00:12.945000+00:00,1.0,P
4160,3289,2021-04-22T07:00:15.165000+00:00,1.0,S
4161,3067,2021-04-22T07:00:12.945000+00:00,1.0,P
4161,3289,2021-04-22T07:00:15.165000+00:00,1.0,S
4162,3067,2021-04-22T07:00:12.945000+00:00,1.0,P
4162,3290,2021-04-22T07:00:15.175000+00:00,1.0,S
4163,3067,2021-04-22T07:00:12.945000+00:00,1.0,P
4163,3290,2021-04-22T07:00:15.175000+00:00,1.0,S
4164,3067,2021-04-22T07:00:12.945000+00:00,1.0,P
4164,3290,2021-04-22T07:00:15.175000+00:00,1.0,S
4165,3067,2021-04-22T07:00:12.945000+00:00,1.0,P
4165,3290,2021-04-22T07:00:15.175000+00:00,1.0,S
4166,3068,2021-04-22T07:00:12.955000+00:00,1.0,P
4166,3290,2021-04-22T07:00:15.175000+00:00,1.0,S
4167,3068,2021-04-22T07:00:12.955000+00:00,1.0,P
4167,3290,2021-04-22T07:00:15.175000+00:00,1.0,S
4168,3068,2021-04-22T07:00:12.955000+00:00,1.0,P
4168,3290,2021-04-22T07:00:15.175000+00:00,1.0,S
4169,3068,2021-04-22T07:00:12.955000+00:00,1.0,P
4169,3290,2021-04-22T07:00:15.175000+00:00,1.0,S
4170,3068,2021-04-22T07:00:12.955000+00:00,1.0,P
4170,3291,2021-04-22T07:00:15.185000+00:00,1.0,S
4171,3068,2021-04-22T07:00:12.955000+00:00,1.0,P
4171,3291,2021-04-22T07:00:15.185000+00:00,1.0,S
4172,3068,2021-04-22T07:00:12.955000+00:00,1.0,P
4172,3291,2021-04-22T07:00:15.185000+00:00,1.0,S
4173,3068,2021-04-22T07:00:12.955000+00:00,1.0,P
4173,3291,2021-04-22T07:00:15.185000+00:00,1.0,S
4174,3068,2021-04-22T07:00:12.955000+00:00,1.0,P
4174,3291,2021-04-22T07:00:15.185000+00:00,1.0,S
4175,3068,2021-04-22T07:00:12.955000+00:00,1.0,P
4175,3291,2021-04-22T07:00:15.185000+00:00,1.0,S
4176,3069,2021-04-22T07:00:12.965000+00:00,1.0,P
4176,3291,2021-04-22T07:00:15.185000+00:00,1.0,S
4177,3069,2021-04-22T07:00:12.965000+00:00,1.0,P
4177,3291,2021-04-22T07:00:15.185000+00:00,1.0,S
4178,3069,2021-04-22T07:00:12.965000+00:00,1.0,P
4178,3291,2021-04-22T07:00:15.185000+00:00,1.0,S
4179,3069,2021-04-22T07:00:12.965000+00:00,1.0,P
4179,3291,2021-04-22T07:00:15.185000+00:00,1.0,S
4180,3069,2021-04-22T07:00:12.965000+00:00,1.0,P
4180,3291,2021-04-22T07:00:15.185000+00:00,1.0,S
4181,3069,2021-04-22T07:00:12.965000+00:00,1.0,P
4181,3291,2021-04-22T07:00:15.185000+00:00,1.0,S
4182,3069,2021-04-22T07:00:12.965000+00:00,1.0,P
4182,3291,2021-04-22T07:00:15.185000+00:00,1.0,S
4183,3069,2021-04-22T07:00:12.965000+00:00,1.0,P
4183,3292,2021-04-22T07:00:15.195000+00:00,1.0,S
4184,3069,2021-04-22T07:00:12.965000+00:00,1.0,P
4184,3292,2021-04-22T07:00:15.195000+00:00,1.0,S
4185,3069,2021-04-22T07:00:12.965000+00:00,1.0,P
4185,3292,2021-04-22T07:00:15.195000+00:00,1.0,S
4186,3069,2021-04-22T07:00:12.965000+00:00,1.0,P
4186,3292,2021-04-22T07:00:15.195000+00:00,1.0,S
4187,3070,2021-04-22T07:00:12.975000+00:00,1.0,P
4187,3292,2021-04-22T07:00:15.195000+00:00,1.0,S
4188,3070,2021-04-22T07:00:12.975000+00:00,1.0,P
4188,3292,2021-04-22T07:00:15.195000+00:00,1.0,S
4189,3070,2021-04-22T07:00:12.975000+00:00,1.0,P
4189,3292,2021-04-22T07:00:15.195000+00:00,1.0,S
4190,3070,2021-04-22T07:00:12.975000+00:00,1.0,P
4190,3292,2021-04-22T07:00:15.195000+00:00,1.0,S
4191,3070,2021-04-22T07:00:12.975000+00:00,1.0,P
4191,3292,2021-04-22T07:00:15.195000+00:00,1.0,S
4192,3070,2021-04-22T07:00:12.975000+00:00,1.0,P
4192,3292,2021-04-22T07:00:15.195000+00:00,1.0,S
4193,3070,2021-04-22T07:00:12.975000+00:00,1.0,P
4193,3292,2021-04-22T07:00:15.195000+00:00,1.0,S
4194,3070,2021-04-22T07:00:12.975000+00:00,1.0,P
4194,3292,2021-04-22T07:00:15.195000+00:00,1.0,S
4195,3070,2021-04-22T07:00:12.975000+00:00,1.0,P
4195,3292,2021-04-22T07:00:15.195000+00:00,1.0,S
4196,3070,2021-04-22T07:00:12.975000+00:00,1.0,P
4196,3292,2021-04-22T07:00:15.195000+00:00,1.0,S
4197,3070,2021-04-22T07:00:12.975000+00:00,1.0,P
4197,3292,2021-04-22T07:00:15.195000+00:00,1.0,S
4198,3070,2021-04-22T07:00:12.975000+00:00,1.0,P
4198,3292,2021-04-22T07:00:15.195000+00:00,1.0,S
4199,3070,2021-04-22T07:00:12.975000+00:00,1.0,P
4199,3292,2021-04-22T07:00:15.195000+00:00,1.0,S
4200,3071,2021-04-22T07:00:12.985000+00:00,1.0,P
4200,3293,2021-04-22T07:00:15.205000+00:00,1.0,S
4201,3071,2021-04-22T07:00:12.985000+00:00,1.0,P
4201,3293,2021-04-22T07:00:15.205000+00:00,1.0,S
4202,3071,2021-04-22T07:00:12.985000+00:00,1.0,P
4202,3293,2021-04-22T07:00:15.205000+00:00,1.0,S
4203,3071,2021-04-22T07:00:12.985000+00:00,1.0,P
4203,3293,2021-04-22T07:00:15.205000+00:00,1.0,S
4204,3071,2021-04-22T07:00:12.985000+00:00,1.0,P
4204,3293,2021-04-22T07:00:15.205000+00:00,1.0,S
4205,3071,2021-04-22T07:00:12.985000+00:00,1.0,P
4205,3293,2021-04-22T07:00:15.205000+00:00,1.0,S
4206,3071,2021-04-22T07:00:12.985000+00:00,1.0,P
4206,3293,2021-04-22T07:00:15.205000+00:00,1.0,S
4207,3071,2021-04-22T07:00:12.985000+00:00,1.0,P
4207,3293,2021-04-22T07:00:15.205000+00:00,1.0,S
4208,3071,2021-04-22T07:00:12.985000+00:00,1.0,P
4208,3293,2021-04-22T07:00:15.205000+00:00,1.0,S
4209,3071,2021-04-22T07:00:12.985000+00:00,1.0,P
4209,3293,2021-04-22T07:00:15.205000+00:00,1.0,S
4210,3071,2021-04-22T07:00:12.985000+00:00,1.0,P
4210,3293,2021-04-22T07:00:15.205000+00:00,1.0,S
4211,3071,2021-04-22T07:00:12.985000+00:00,1.0,P
4211,3293,2021-04-22T07:00:15.205000+00:00,1.0,S
4212,3071,2021-04-22T07:00:12.985000+00:00,1.0,P
4212,3293,2021-04-22T07:00:15.205000+00:00,1.0,S
4213,3072,2021-04-22T07:00:12.995000+00:00,1.0,P
4213,3293,2021-04-22T07:00:15.205000+00:00,1.0,S
4214,3072,2021-04-22T07:00:12.995000+00:00,1.0,P
4214,3293,2021-04-22T07:00:15.205000+00:00,1.0,S
4215,3072,2021-04-22T07:00:12.995000+00:00,1.0,P
4215,3293,2021-04-22T07:00:15.205000+00:00,1.0,S
4216,3072,2021-04-22T07:00:12.995000+00:00,1.0,P
4216,3293,2021-04-22T07:00:15.205000+00:00,1.0,S
4217,3072,2021-04-22T07:00:12.995000+00:00,1.0,P
4217,3294,2021-04-22T07:00:15.214999+00:00,1.0,S
4218,3072,2021-04-22T07:00:12.995000+00:00,1.0,P
4218,3294,2021-04-22T07:00:15.214999+00:00,1.0,S
4219,3072,2021-04-22T07:00:12.995000+00:00,1.0,P
4219,3294,2021-04-22T07:00:15.214999+00:00,1.0,S
4220,3072,2021-04-22T07:00:12.995000+00:00,1.0,P
4220,3294,2021-04-22T07:00:15.214999+00:00,1.0,S
4221,3072,2021-04-22T07:00:12.995000+00:00,1.0,P
4221,3294,2021-04-22T07:00:15.214999+00:00,1.0,S
4222,3072,2021-04-22T07:00:12.995000+00:00,1.0,P
4222,3294,2021-04-22T07:00:15.214999+00:00,1.0,S
4223,3072,2021-04-22T07:00:12.995000+00:00,1.0,P
4223,3294,2021-04-22T07:00:15.214999+00:00,1.0,S
4224,3072,2021-04-22T07:00:12.995000+00:00,1.0,P
4224,3294,2021-04-22T07:00:15.214999+00:00,1.0,S
4225,3072,2021-04-22T07:00:12.995000+00:00,1.0,P
4225,3294,2021-04-22T07:00:15.214999+00:00,1.0,S
4226,3073,2021-04-22T07:00:13.005000+00:00,1.0,P
4226,3294,2021-04-22T07:00:15.214999+00:00,1.0,S
4227,3073,2021-04-22T07:00:13.005000+00:00,1.0,P
4227,3295,2021-04-22T07:00:15.225000+00:00,1.0,S
4228,3073,2021-04-22T07:00:13.005000+00:00,1.0,P
4228,3295,2021-04-22T07:00:15.225000+00:00,1.0,S
4229,3073,2021-04-22T07:00:13.005000+00:00,1.0,P
4229,3295,2021-04-22T07:00:15.225000+00:00,1.0,S
4230,3073,2021-04-22T07:00:13.005000+00:00,1.0,P
4230,3295,2021-04-22T07:00:15.225000+00:00,1.0,S
4231,3073,2021-04-22T07:00:13.005000+00:00,1.0,P
4231,3295,2021-04-22T07:00:15.225000+00:00,1.0,S
4232,3073,2021-04-22T07:00:13.005000+00:00,1.0,P
4232,3295,2021-04-22T07:00:15.225000+00:00,1.0,S
4233,3073,2021-04-22T07:00:13.005000+00:00,1.0,P
4233,3295,2021-04-22T07:00:15.225000+00:00,1.0,S
4234,3073,2021-04-22T07:00:13.005000+00:00,1.0,P
4234,3295,2021-04-22T07:00:15.225000+00:00,1.0,S
4235,3073,2021-04-22T07:00:13.005000+00:00,1.0,P
4235,3295,2021-04-22T07:00:15.225000+00:00,1.0,S
4236,3073,2021-04-22T07:00:13.005000+00:00,1.0,P
4236,3295,2021-04-22T07:00:15.225000+00:00,1.0,S
4237,3073,2021-04-22T07:00:13.005000+00:00,1.0,P
4237,3295,2021-04-22T07:00:15.225000+00:00,1.0,S
4238,3073,2021-04-22T07:00:13.005000+00:00,1.0,P
4238,3295,2021-04-22T07:00:15.225000+00:00,1.0,S
4239,3074,2021-04-22T07:00:13.015000+00:00,1.0,P
4239,3295,2021-04-22T07:00:15.225000+00:00,1.0,S
4240,3074,2021-04-22T07:00:13.015000+00:00,1.0,P
4240,3295,2021-04-22T07:00:15.225000+00:00,1.0,S
4241,3074,2021-04-22T07:00:13.015000+00:00,1.0,P
4241,3296,2021-04-22T07:00:15.235000+00:00,1.0,S
4242,3074,2021-04-22T07:00:13.015000+00:00,1.0,P
4242,3296,2021-04-22T07:00:15.235000+00:00,1.0,S
4243,3074,2021-04-22T07:00:13.015000+00:00,1.0,P
4243,3296,2021-04-22T07:00:15.235000+00:00,1.0,S
4244,3074,2021-04-22T07:00:13.015000+00:00,1.0,P
4244,3296,2021-04-22T07:00:15.235000+00:00,1.0,S
4245,3074,2021-04-22T07:00:13.015000+00:00,1.0,P
4245,3296,2021-04-22T07:00:15.235000+00:00,1.0,S
4246,3074,2021-04-22T07:00:13.015000+00:00,1.0,P
4246,3296,2021-04-22T07:00:15.235000+00:00,1.0,S
4247,3074,2021-04-22T07:00:13.015000+00:00,1.0,P
4247,3296,2021-04-22T07:00:15.235000+00:00,1.0,S
4248,3074,2021-04-22T07:00:13.015000+00:00,1.0,P
4248,3296,2021-04-22T07:00:15.235000+00:00,1.0,S
4249,3074,2021-04-22T07:00:13.015000+00:00,1.0,P
4249,3296,2021-04-22T07:00:15.235000+00:00,1.0,S
4250,3074,2021-04-22T07:00:13.015000+00:00,1.0,P
4250,3296,2021-04-22T07:00:15.235000+00:00,1.0,S
4251,3074,2021-04-22T07:00:13.015000+00:00,1.0,P
4251,3296,2021-04-22T07:00:15.235000+00:00,1.0,S
4252,3074,2021-04-22T07:00:13.015000+00:00,1.0,P
4252,3297,2021-04-22T07:00:15.245000+00:00,1.0,S
4253,3075,2021-04-22T07:00:13.025000+00:00,1.0,P
4253,3297,2021-04-22T07:00:15.245000+00:00,1.0,S
4254,3075,2021-04-22T07:00:13.025000+00:00,1.0,P
4254,3297,2021-04-22T07:00:15.245000+00:00,1.0,S
4255,3075,2021-04-22T07:00:13.025000+00:00,1.0,P
4255,3297,2021-04-22T07:00:15.245000+00:00,1.0,S
4256,3075,2021-04-22T07:00:13.025000+00:00,1.0,P
4256,3297,2021-04-22T07:00:15.245000+00:00,1.0,S
4257,3075,2021-04-22T07:00:13.025000+00:00,1.0,P
4257,3297,2021-04-22T07:00:15.245000+00:00,1.0,S
4258,3075,2021-04-22T07:00:13.025000+00:00,1.0,P
4258,3297,2021-04-22T07:00:15.245000+00:00,1.0,S
4259,3075,2021-04-22T07:00:13.025000+00:00,1.0,P
4259,3297,2021-04-22T07:00:15.245000+00:00,1.0,S
4260,3075,2021-04-22T07:00:13.025000+00:00,1.0,P
4260,3297,2021-04-22T07:00:15.245000+00:00,1.0,S
4261,3075,2021-04-22T07:00:13.025000+00:00,1.0,P
4261,3297,2021-04-22T07:00:15.245000+00:00,1.0,S
4262,3075,2021-04-22T07:00:13.025000+00:00,1.0,P
4262,3298,2021-04-22T07:00:15.255000+00:00,1.0,S
4263,3075,2021-04-22T07:00:13.025000+00:00,1.0,P
4263,3298,2021-04-22T07:00:15.255000+00:00,1.0,S
4264,3075,2021-04-22T07:00:13.025000+00:00,1.0,P
4264,3298,2021-04-22T07:00:15.255000+00:00,1.0,S
4265,3075,2021-04-22T07:00:13.025000+00:00,1.0,P
4265,3298,2021-04-22T07:00:15.255000+00:00,1.0,S
4266,3075,2021-04-22T07:00:13.025000+00:00,1.0,P
4266,3298,2021-04-22T07:00:15.255000+00:00,1.0,S
4267,3076,2021-04-22T07:00:13.035000+00:00,1.0,P
4267,3298,2021-04-22T07:00:15.255000+00:00,1.0,S
4268,3076,2021-04-22T07:00:13.035000+00:00,1.0,P
4268,3298,2021-04-22T07:00:15.255000+00:00,1.0,S
4269,3076,2021-04-22T07:00:13.035000+00:00,1.0,P
4269,3298,2021-04-22T07:00:15.255000+00:00,1.0,S
4270,3076,2021-04-22T07:00:13.035000+00:00,1.0,P
4270,3298,2021-04-22T07:00:15.255000+00:00,1.0,S
4271,3076,2021-04-22T07:00:13.035000+00:00,1.0,P
4271,3298,2021-04-22T07:00:15.255000+00:00,1.0,S
4272,3076,2021-04-22T07:00:13.035000+00:00,1.0,P
4272,3299,2021-04-22T07:00:15.265000+00:00,1.0,S
4273,3076,2021-04-22T07:00:13.035000+00:00,1.0,P
4273,3299,2021-04-22T07:00:15.265000+00:00,1.0,S
4274,3076,2021-04-22T07:00:13.035000+00:00,1.0,P
4274,3299,2021-04-22T07:00:15.265000+00:00,1.0,S
4275,3076,2021-04-22T07:00:13.035000+00:00,1.0,P
4275,3299,2021-04-22T07:00:15.265000+00:00,1.0,S
4276,3076,2021-04-22T07:00:13.035000+00:00,1.0,P
4276,3299,2021-04-22T07:00:15.265000+00:00,1.0,S
4277,3076,2021-04-22T07:00:13.035000+00:00,1.0,P
4277,3299,2021-04-22T07:00:15.265000+00:00,1.0,S
4278,3076,2021-04-22T07:00:13.035000+00:00,1.0,P
4278,3299,2021-04-22T07:00:15.265000+00:00,1.0,S
4279,3076,2021-04-22T07:00:13.035000+00:00,1.0,P
4279,3299,2021-04-22T07:00:15.265000+00:00,1.0,S
4280,3076,2021-04-22T07:00:13.035000+00:00,1.0,P
4280,3299,2021-04-22T07:00:15.265000+00:00,1.0,S
4281,3077,2021-04-22T07:00:13.045000+00:00,1.0,P
4281,3299,2021-04-22T07:00:15.265000+00:00,1.0,S
4282,3077,2021-04-22T07:00:13.045000+00:00,1.0,P
4282,3299,2021-04-22T07:00:15.265000+00:00,1.0,S
4283,3077,2021-04-22T07:00:13.045000+00:00,1.0,P
4283,3300,2021-04-22T07:00:15.275000+00:00,1.0,S
4284,3077,2021-04-22T07:00:13.045000+00:00,1.0,P
4284,3300,2021-04-22T07:00:15.275000+00:00,1.0,S
4285,3077,2021-04-22T07:00:13.045000+00:00,1.0,P
4285,3300,2021-04-22T07:00:15.275000+00:00,1.0,S
4286,3077,2021-04-22T07:00:13.045000+00:00,1.0,P
4286,3300,2021-04-22T07:00:15.275000+00:00,1.0,S
4287,3077,2021-04-22T07:00:13.045000+00:00,1.0,P
4287,3300,2021-04-22T07:00:15.275000+00:00,1.0,S
4288,3077,2021-04-22T07:00:13.045000+00:00,1.0,P
4288,3300,2021-04-22T07:00:15.275000+00:00,1.0,S
4289,3077,2021-04-22T07:00:13.045000+00:00,1.0,P
4289,3300,2021-04-22T07:00:15.275000+00:00,1.0,S
4290,3077,2021-04-22T07:00:13.045000+00:00,1.0,P
4290,3301,2021-04-22T07:00:15.284999+00:00,1.0,S
4291,3077,2021-04-22T07:00:13.045000+00:00,1.0,P
4291,3301,2021-04-22T07:00:15.284999+00:00,1.0,S
4292,3077,2021-04-22T07:00:13.045000+00:00,1.0,P
4292,3301,2021-04-22T07:00:15.284999+00:00,1.0,S
4293,3077,2021-04-22T07:00:13.045000+00:00,1.0,P
4293,3301,2021-04-22T07:00:15.284999+00:00,1.0,S
4294,3078,2021-04-22T07:00:13.055000+00:00,1.0,P
4294,3301,2021-04-22T07:00:15.284999+00:00,1.0,S
4295,3078,2021-04-22T07:00:13.055000+00:00,1.0,P
4295,3301,2021-04-22T07:00:15.284999+00:00,1.0,S
4296,3078,2021-04-22T07:00:13.055000+00:00,1.0,P
4296,3301,2021-04-22T07:00:15.284999+00:00,1.0,S
4297,3078,2021-04-22T07:00:13.055000+00:00,1.0,P
4297,3301,2021-04-22T07:00:15.284999+00:00,1.0,S
4298,3078,2021-04-22T07:00:13.055000+00:00,1.0,P
4298,3302,2021-04-22T07:00:15.295000+00:00,1.0,S
4299,3078,2021-04-22T07:00:13.055000+00:00,1.0,P
4299,3302,2021-04-22T07:00:15.295000+00:00,1.0,S
4300,3078,2021-04-22T07:00:13.055000+00:00,1.0,P
4300,3302,2021-04-22T07:00:15.295000+00:00,1.0,S
4301,3078,2021-04-22T07:00:13.055000+00:00,1.0,P
4301,3302,2021-04-22T07:00:15.295000+00:00,1.0,S
4302,3078,2021-04-22T07:00:13.055000+00:00,1.0,P
4302,3302,2021-04-22T07:00:15.295000+00:00,1.0,S
4303,3078,2021-04-22T07:00:13.055000+00:00,1.0,P
4303,3302,2021-04-22T07:00:15.295000+00:00,1.0,S
4304,3078,2021-04-22T07:00:13.055000+00:00,1.0,P
4304,3302,2021-04-22T07:00:15.295000+00:00,1.0,S
4305,3078,2021-04-22T07:00:13.055000+00:00,1.0,P
4305,3302,2021-04-22T07:00:15.295000+00:00,1.0,S
4306,3078,2021-04-22T07:00:13.055000+00:00,1.0,P
4306,3302,2021-04-22T07:00:15.295000+00:00,1.0,S
4307,3078,2021-04-22T07:00:13.055000+00:00,1.0,P
4307,3302,2021-04-22T07:00:15.295000+00:00,1.0,S
4308,3079,2021-04-22T07:00:13.065000+00:00,1.0,P
4308,3303,2021-04-22T07:00:15.305000+00:00,1.0,S
4309,3079,2021-04-22T07:00:13.065000+00:00,1.0,P
4309,3303,2021-04-22T07:00:15.305000+00:00,1.0,S
4310,3079,2021-04-22T07:00:13.065000+00:00,1.0,P
4310,3303,2021-04-22T07:00:15.305000+00:00,1.0,S
4311,3079,2021-04-22T07:00:13.065000+00:00,1.0,P
4311,3303,2021-04-22T07:00:15.305000+00:00,1.0,S
4312,3079,2021-04-22T07:00:13.065000+00:00,1.0,P
4312,3303,2021-04-22T07:00:15.305000+00:00,1.0,S
4313,3079,2021-04-22T07:00:13.065000+00:00,1.0,P
4313,3303,2021-04-22T07:00:15.305000+00:00,1.0,S
4314,3079,2021-04-22T07:00:13.065000+00:00,1.0,P
4314,3303,2021-04-22T07:00:15.305000+00:00,1.0,S
4315,3079,2021-04-22T07:00:13.065000+00:00,1.0,P
4315,3303,2021-04-22T07:00:15.305000+00:00,1.0,S
4316,3079,2021-04-22T07:00:13.065000+00:00,1.0,P
4316,3304,2021-04-22T07:00:15.315000+00:00,1.0,S
4317,3079,2021-04-22T07:00:13.065000+00:00,1.0,P
4317,3304,2021-04-22T07:00:15.315000+00:00,1.0,S
4318,3079,2021-04-22T07:00:13.065000+00:00,1.0,P
4318,3304,2021-04-22T07:00:15.315000+00:00,1.0,S
4319,3079,2021-04-22T07:00:13.065000+00:00,1.0,P
4319,3304,2021-04-22T07:00:15.315000+00:00,1.0,S
4320,3080,2021-04-22T07:00:13.075000+00:00,1.0,P
4320,3304,2021-04-22T07:00:15.315000+00:00,1.0,S
4321,3080,2021-04-22T07:00:13.075000+00:00,1.0,P
4321,3304,2021-04-22T07:00:15.315000+00:00,1.0,S
4322,3080,2021-04-22T07:00:13.075000+00:00,1.0,P
4322,3304,2021-04-22T07:00:15.315000+00:00,1.0,S
4323,3080,2021-04-22T07:00:13.075000+00:00,1.0,P
4323,3304,2021-04-22T07:00:15.315000+00:00,1.0,S
4324,3080,2021-04-22T07:00:13.075000+00:00,1.0,P
4324,3304,2021-04-22T07:00:15.315000+00:00,1.0,S
4325,3080,2021-04-22T07:00:13.075000+00:00,1.0,P
4325,3305,2021-04-22T07:00:15.324999+00:00,1.0,S
4326,3080,2021-04-22T07:00:13.075000+00:00,1.0,P
4326,3305,2021-04-22T07:00:15.324999+00:00,1.0,S
4327,3080,2021-04-22T07:00:13.075000+00:00,1.0,P
4327,3305,2021-04-22T07:00:15.324999+00:00,1.0,S
4328,3080,2021-04-22T07:00:13.075000+00:00,1.0,P
4328,3305,2021-04-22T07:00:15.324999+00:00,1.0,S
4329,3080,2021-04-22T07:00:13.075000+00:00,1.0,P
4329,3305,2021-04-22T07:00:15.324999+00:00,1.0,S
4330,3080,2021-04-22T07:00:13.075000+00:00,1.0,P
4330,3305,2021-04-22T07:00:15.324999+00:00,1.0,S
4331,3081,2021-04-22T07:00:13.085000+00:00,1.0,P
4331,3305,2021-04-22T07:00:15.324999+00:00,1.0,S
4332,3081,2021-04-22T07:00:13.085000+00:00,1.0,P
4332,3306,2021-04-22T07:00:15.335000+00:00,1.0,S
4333,3081,2021-04-22T07:00:13.085000+00:00,1.0,P
4333,3306,2021-04-22T07:00:15.335000+00:00,1.0,S
4334,3081,2021-04-22T07:00:13.085000+00:00,1.0,P
4334,3306,2021-04-22T07:00:15.335000+00:00,1.0,S
4335,3081,2021-04-22T07:00:13.085000+00:00,1.0,P
4335,3306,2021-04-22T07:00:15.335000+00:00,1.0,S
4336,3081,2021-04-22T07:00:13.085000+00:00,1.0,P
4336,3306,2021-04-22T07:00:15.335000+00:00,1.0,S
4337,3081,2021-04-22T07:00:13.085000+00:00,1.0,P
4337,3306,2021-04-22T07:00:15.335000+00:00,1.0,S
4338,3081,2021-04-22T07:00:13.085000+00:00,1.0,P
4338,3306,2021-04-22T07:00:15.335000+00:00,1.0,S
4339,3081,2021-04-22T07:00:13.085000+00:00,1.0,P
4339,3307,2021-04-22T07:00:15.345000+00:00,1.0,S
4340,3081,2021-04-22T07:00:13.085000+00:00,1.0,P
4340,3307,2021-04-22T07:00:15.345000+00:00,1.0,S
4341,3081,2021-04-22T07:00:13.085000+00:00,1.0,P
4341,3307,2021-04-22T07:00:15.345000+00:00,1.0,S
4342,3082,2021-04-22T07:00:13.095000+00:00,1.0,P
4342,3307,2021-04-22T07:00:15.345000+00:00,1.0,S
4343,3082,2021-04-22T07:00:13.095000+00:00,1.0,P
4343,3307,2021-04-22T07:00:15.345000+00:00,1.0,S
4344,3082,2021-04-22T07:00:13.095000+00:00,1.0,P
4344,3307,2021-04-22T07:00:15.345000+00:00,1.0,S
4345,3082,2021-04-22T07:00:13.095000+00:00,1.0,P
4345,3307,2021-04-22T07:00:15.345000+00:00,1.0,S
4346,3082,2021-04-22T07:00:13.095000+00:00,1.0,P
4346,3307,2021-04-22T07:00:15.345000+00:00,1.0,S
4347,3082,2021-04-22T07:00:13.095000+00:00,1.0,P
4347,3308,2021-04-22T07:00:15.355000+00:00,1.0,S
4348,3082,2021-04-22T07:00:13.095000+00:00,1.0,P
4348,3308,2021-04-22T07:00:15.355000+00:00,1.0,S
4349,3082,2021-04-22T07:00:13.095000+00:00,1.0,P
4349,3308,2021-04-22T07:00:15.355000+00:00,1.0,S
4350,3082,2021-04-22T07:00:13.095000+00:00,1.0,P
4350,3308,2021-04-22T07:00:15.355000+00:00,1.0,S
4351,3082,2021-04-22T07:00:13.095000+00:00,1.0,P
4351,3308,2021-04-22T07:00:15.355000+00:00,1.0,S
4352,3082,2021-04-22T07:00:13.095000+00:00,1.0,P
4352,3308,2021-04-22T07:00:15.355000+00:00,1.0,S
4353,3083,2021-04-22T07:00:13.105000+00:00,1.0,P
4353,3308,2021-04-22T07:00:15.355000+00:00,1.0,S
4354,3083,2021-04-22T07:00:13.105000+00:00,1.0,P
4354,3309,2021-04-22T07:00:15.365000+00:00,1.0,S
4355,3083,2021-04-22T07:00:13.105000+00:00,1.0,P
4355,3309,2021-04-22T07:00:15.365000+00:00,1.0,S
4356,3083,2021-04-22T07:00:13.105000+00:00,1.0,P
4356,3309,2021-04-22T07:00:15.365000+00:00,1.0,S
4357,3083,2021-04-22T07:00:13.105000+00:00,1.0,P
4357,3309,2021-04-22T07:00:15.365000+00:00,1.0,S
4358,3083,2021-04-22T07:00:13.105000+00:00,1.0,P
4358,3309,2021-04-22T07:00:15.365000+00:00,1.0,S
4359,3083,2021-04-22T07:00:13.105000+00:00,1.0,P
4359,3309,2021-04-22T07:00:15.365000+00:00,1.0,S
4360,3083,2021-04-22T07:00:13.105000+00:00,1.0,P
4360,3309,2021-04-22T07:00:15.365000+00:00,1.0,S
4361,3083,2021-04-22T07:00:13.105000+00:00,1.0,P
4361,3309,2021-04-22T07:00:15.365000+00:00,1.0,S
4362,3083,2021-04-22T07:00:13.105000+00:00,1.0,P
4362,3309,2021-04-22T07:00:15.365000+00:00,1.0,S
4363,3083,2021-04-22T07:00:13.105000+00:00,1.0,P
4363,3309,2021-04-22T07:00:15.365000+00:00,1.0,S
4364,3083,2021-04-22T07:00:13.105000+00:00,1.0,P
4364,3310,2021-04-22T07:00:15.375000+00:00,1.0,S
4365,3083,2021-04-22T07:00:13.105000+00:00,1.0,P
4365,3310,2021-04-22T07:00:15.375000+00:00,1.0,S
4366,3084,2021-04-22T07:00:13.115000+00:00,1.0,P
4366,3310,2021-04-22T07:00:15.375000+00:00,1.0,S
4367,3084,2021-04-22T07:00:13.115000+00:00,1.0,P
4367,3310,2021-04-22T07:00:15.375000+00:00,1.0,S
4368,3084,2021-04-22T07:00:13.115000+00:00,1.0,P
4368,3310,2021-04-22T07:00:15.375000+00:00,1.0,S
4369,3084,2021-04-22T07:00:13.115000+00:00,1.0,P
4369,3310,2021-04-22T07:00:15.375000+00:00,1.0,S
4370,3084,2021-04-22T07:00:13.115000+00:00,1.0,P
4370,3310,2021-04-22T07:00:15.375000+00:00,1.0,S
4371,3084,2021-04-22T07:00:13.115000+00:00,1.0,P
4371,3310,2021-04-22T07:00:15.375000+00:00,1.0,S
4372,3084,2021-04-22T07:00:13.115000+00:00,1.0,P
4372,3310,2021-04-22T07:00:15.375000+00:00,1.0,S
4373,3084,2021-04-22T07:00:13.115000+00:00,1.0,P
4373,3311,2021-04-22T07:00:15.385000+00:00,1.0,S
4374,3084,2021-04-22T07:00:13.115000+00:00,1.0,P
4374,3311,2021-04-22T07:00:15.385000+00:00,1.0,S
4375,3084,2021-04-22T07:00:13.115000+00:00,1.0,P
4375,3311,2021-04-22T07:00:15.385000+00:00,1.0,S
4376,3084,2021-04-22T07:00:13.115000+00:00,1.0,P
4376,3311,2021-04-22T07:00:15.385000+00:00,1.0,S
4377,3084,2021-04-22T07:00:13.115000+00:00,1.0,P
4377,3311,2021-04-22T07:00:15.385000+00:00,1.0,S
4378,3084,2021-04-22T07:00:13.115000+00:00,1.0,P
4378,3311,2021-04-22T07:00:15.385000+00:00,1.0,S
4379,3084,2021-04-22T07:00:13.115000+00:00,1.0,P
4379,3312,2021-04-22T07:00:15.394999+00:00,1.0,S
4380,3085,2021-04-22T07:00:13.125000+00:00,1.0,P
4380,3312,2021-04-22T07:00:15.394999+00:00,1.0,S
4381,3085,2021-04-22T07:00:13.125000+00:00,1.0,P
4381,3312,2021-04-22T07:00:15.394999+00:00,1.0,S
4382,3085,2021-04-22T07:00:13.125000+00:00,1.0,P
4382,3312,2021-04-22T07:00:15.394999+00:00,1.0,S
4383,3085,2021-04-22T07:00:13.125000+00:00,1.0,P
4383,3312,2021-04-22T07:00:15.394999+00:00,1.0,S
4384,3085,2021-04-22T07:00:13.125000+00:00,1.0,P
4384,3312,2021-04-22T07:00:15.394999+00:00,1.0,S
4385,3085,2021-04-22T07:00:13.125000+00:00,1.0,P
4385,3313,2021-04-22T07:00:15.405000+00:00,1.0,S
4386,3085,2021-04-22T07:00:13.125000+00:00,1.0,P
4386,3313,2021-04-22T07:00:15.405000+00:00,1.0,S
4387,3085,2021-04-22T07:00:13.125000+00:00,1.0,P
4387,3313,2021-04-22T07:00:15.405000+00:00,1.0,S
4388,3085,2021-04-22T07:00:13.125000+00:00,1.0,P
4388,3313,2021-04-22T07:00:15.405000+00:00,1.0,S
4389,3085,2021-04-22T07:00:13.125000+00:00,1.0,P
4389,3314,2021-04-22T07:00:15.415000+00:00,1.0,S
4390,3085,2021-04-22T07:00:13.125000+00:00,1.0,P
4390,3314,2021-04-22T07:00:15.415000+00:00,1.0,S
4391,3085,2021-04-22T07:00:13.125000+00:00,1.0,P
4391,3314,2021-04-22T07:00:15.415000+00:00,1.0,S
4392,3086,2021-04-22T07:00:13.135000+00:00,1.0,P
4392,3314,2021-04-22T07:00:15.415000+00:00,1.0,S
4393,3086,2021-04-22T07:00:13.135000+00:00,1.0,P
4393,3315,2021-04-22T07:00:15.425000+00:00,1.0,S
4394,3086,2021-04-22T07:00:13.135000+00:00,1.0,P
4394,3315,2021-04-22T07:00:15.425000+00:00,1.0,S
4395,3086,2021-04-22T07:00:13.135000+00:00,1.0,P
4395,3315,2021-04-22T07:00:15.425000+00:00,1.0,S
4396,3086,2021-04-22T07:00:13.135000+00:00,1.0,P
4396,3315,2021-04-22T07:00:15.425000+00:00,1.0,S
4397,3086,2021-04-22T07:00:13.135000+00:00,1.0,P
4397,3315,2021-04-22T07:00:15.425000+00:00,1.0,S
4398,3086,2021-04-22T07:00:13.135000+00:00,1.0,P
4398,3316,2021-04-22T07:00:15.435000+00:00,1.0,S
4399,3086,2021-04-22T07:00:13.135000+00:00,1.0,P
4399,3316,2021-04-22T07:00:15.435000+00:00,1.0,S
4400,3086,2021-04-22T07:00:13.135000+00:00,1.0,P
4400,3316,2021-04-22T07:00:15.435000+00:00,1.0,S
4401,3086,2021-04-22T07:00:13.135000+00:00,1.0,P
4401,3316,2021-04-22T07:00:15.435000+00:00,1.0,S
4402,3086,2021-04-22T07:00:13.135000+00:00,1.0,P
4402,3317,2021-04-22T07:00:15.445000+00:00,1.0,S
4403,3087,2021-04-22T07:00:13.145000+00:00,1.0,P
4403,3317,2021-04-22T07:00:15.445000+00:00,1.0,S
4404,3087,2021-04-22T07:00:13.145000+00:00,1.0,P
4404,3317,2021-04-22T07:00:15.445000+00:00,1.0,S
4405,3087,2021-04-22T07:00:13.145000+00:00,1.0,P
4405,3317,2021-04-22T07:00:15.445000+00:00,1.0,S
4406,3087,2021-04-22T07:00:13.145000+00:00,1.0,P
4406,3317,2021-04-22T07:00:15.445000+00:00,1.0,S
4407,3087,2021-04-22T07:00:13.145000+00:00,1.0,P
4407,3318,2021-04-22T07:00:15.455000+00:00,1.0,S
4408,3087,2021-04-22T07:00:13.145000+00:00,1.0,P
4408,3318,2021-04-22T07:00:15.455000+00:00,1.0,S
4409,3087,2021-04-22T07:00:13.145000+00:00,1.0,P
4409,3318,2021-04-22T07:00:15.455000+00:00,1.0,S
4410,3087,2021-04-22T07:00:13.145000+00:00,1.0,P
4410,3318,2021-04-22T07:00:15.455000+00:00,1.0,S
4411,3087,2021-04-22T07:00:13.145000+00:00,1.0,P
4411,3318,2021-04-22T07:00:15.455000+00:00,1.0,S
4412,3087,2021-04-22T07:00:13.145000+00:00,1.0,P
4412,3319,2021-04-22T07:00:15.464999+00:00,1.0,S
4413,3088,2021-04-22T07:00:13.155000+00:00,1.0,P
4413,3319,2021-04-22T07:00:15.464999+00:00,1.0,S
4414,3088,2021-04-22T07:00:13.155000+00:00,1.0,P
4414,3319,2021-04-22T07:00:15.464999+00:00,1.0,S
4415,3088,2021-04-22T07:00:13.155000+00:00,1.0,P
4415,3319,2021-04-22T07:00:15.464999+00:00,1.0,S
4416,3088,2021-04-22T07:00:13.155000+00:00,1.0,P
4416,3319,2021-04-22T07:00:15.464999+00:00,1.0,S
4417,3088,2021-04-22T07:00:13.155000+00:00,1.0,P
4417,3320,2021-04-22T07:00:15.475000+00:00,1.0,S
4418,3088,2021-04-22T07:00:13.155000+00:00,1.0,P
4418,3320,2021-04-22T07:00:15.475000+00:00,1.0,S
4419,3088,2021-04-22T07:00:13.155000+00:00,1.0,P
4419,3320,2021-04-22T07:00:15.475000+00:00,1.0,S
4420,3088,2021-04-22T07:00:13.155000+00:00,1.0,P
4420,3320,2021-04-22T07:00:15.475000+00:00,1.0,S
4421,3088,2021-04-22T07:00:13.155000+00:00,1.0,P
4421,3320,2021-04-22T07:00:15.475000+00:00,1.0,S
4422,3088,2021-04-22T07:00:13.155000+00:00,1.0,P
4422,3320,2021-04-22T07:00:15.475000+00:00,1.0,S
4423,3089,2021-04-22T07:00:13.165000+00:00,1.0,P
4423,3320,2021-04-22T07:00:15.475000+00:00,1.0,S
4424,3089,2021-04-22T07:00:13.165000+00:00,1.0,P
4424,3321,2021-04-22T07:00:15.485000+00:00,1.0,S
4425,3089,2021-04-22T07:00:13.165000+00:00,1.0,P
4425,3321,2021-04-22T07:00:15.485000+00:00,1.0,S
4426,3089,2021-04-22T07:00:13.165000+00:00,1.0,P
4426,3321,2021-04-22T07:00:15.485000+00:00,1.0,S
4427,3089,2021-04-22T07:00:13.165000+00:00,1.0,P
4427,3321,2021-04-22T07:00:15.485000+00:00,1.0,S
4428,3089,2021-04-22T07:00:13.165000+00:00,1.0,P
4428,3321,2021-04-22T07:00:15.485000+00:00,1.0,S
4429,3089,2021-04-22T07:00:13.165000+00:00,1.0,P
4429,3322,2021-04-22T07:00:15.495000+00:00,1.0,S
4430,3089,2021-04-22T07:00:13.165000+00:00,1.0,P
4430,3322,2021-04-22T07:00:15.495000+00:00,1.0,S
4431,3089,2021-04-22T07:00:13.165000+00:00,1.0,P
4431,3322,2021-04-22T07:00:15.495000+00:00,1.0,S
4432,3089,2021-04-22T07:00:13.165000+00:00,1.0,P
4432,3322,2021-04-22T07:00:15.495000+00:00,1.0,S
4433,3089,2021-04-22T07:00:13.165000+00:00,1.0,P
4433,3322,2021-04-22T07:00:15.495000+00:00,1.0,S
4434,3090,2021-04-22T07:00:13.175000+00:00,1.0,P
4434,3322,2021-04-22T07:00:15.495000+00:00,1.0,S
4435,3090,2021-04-22T07:00:13.175000+00:00,1.0,P
4435,3323,2021-04-22T07:00:15.505000+00:00,1.0,S
4436,3090,2021-04-22T07:00:13.175000+00:00,1.0,P
4436,3323,2021-04-22T07:00:15.505000+00:00,1.0,S
4437,3090,2021-04-22T07:00:13.175000+00:00,1.0,P
4437,3323,2021-04-22T07:00:15.505000+00:00,1.0,S
4438,3090,2021-04-22T07:00:13.175000+00:00,1.0,P
4438,3323,2021-04-22T07:00:15.505000+00:00,1.0,S
4439,3090,2021-04-22T07:00:13.175000+00:00,1.0,P
4439,3323,2021-04-22T07:00:15.505000+00:00,1.0,S
4440,3090,2021-04-22T07:00:13.175000+00:00,1.0,P
4440,3323,2021-04-22T07:00:15.505000+00:00,1.0,S
4441,3090,2021-04-22T07:00:13.175000+00:00,1.0,P
4441,3324,2021-04-22T07:00:15.515000+00:00,1.0,S
4442,3090,2021-04-22T07:00:13.175000+00:00,1.0,P
4442,3324,2021-04-22T07:00:15.515000+00:00,1.0,S
4443,3090,2021-04-22T07:00:13.175000+00:00,1.0,P
4443,3324,2021-04-22T07:00:15.515000+00:00,1.0,S
4444,3091,2021-04-22T07:00:13.185000+00:00,1.0,P
4444,3324,2021-04-22T07:00:15.515000+00:00,1.0,S
4445,3091,2021-04-22T07:00:13.185000+00:00,1.0,P
4445,3324,2021-04-22T07:00:15.515000+00:00,1.0,S
4446,3091,2021-04-22T07:00:13.185000+00:00,1.0,P
4446,3324,2021-04-22T07:00:15.515000+00:00,1.0,S
4447,3091,2021-04-22T07:00:13.185000+00:00,1.0,P
4447,3325,2021-04-22T07:00:15.525000+00:00,1.0,S
4448,3091,2021-04-22T07:00:13.185000+00:00,1.0,P
4448,3325,2021-04-22T07:00:15.525000+00:00,1.0,S
4449,3091,2021-04-22T07:00:13.185000+00:00,1.0,P
4449,3325,2021-04-22T07:00:15.525000+00:00,1.0,S
4450,3091,2021-04-22T07:00:13.185000+00:00,1.0,P
4450,3325,2021-04-22T07:00:15.525000+00:00,1.0,S
4451,3091,2021-04-22T07:00:13.185000+00:00,1.0,P
4451,3325,2021-04-22T07:00:15.525000+00:00,1.0,S
4452,3091,2021-04-22T07:00:13.185000+00:00,1.0,P
4452,3326,2021-04-22T07:00:15.534999+00:00,1.0,S
4453,3091,2021-04-22T07:00:13.185000+00:00,1.0,P
4453,3326,2021-04-22T07:00:15.534999+00:00,1.0,S
4454,3092,2021-04-22T07:00:13.195000+00:00,1.0,P
4454,3326,2021-04-22T07:00:15.534999+00:00,1.0,S
4455,3092,2021-04-22T07:00:13.195000+00:00,1.0,P
4455,3326,2021-04-22T07:00:15.534999+00:00,1.0,S
4456,3092,2021-04-22T07:00:13.195000+00:00,1.0,P
4456,3326,2021-04-22T07:00:15.534999+00:00,1.0,S
4457,3092,2021-04-22T07:00:13.195000+00:00,1.0,P
4457,3327,2021-04-22T07:00:15.545000+00:00,1.0,S
4458,3092,2021-04-22T07:00:13.195000+00:00,1.0,P
4458,3327,2021-04-22T07:00:15.545000+00:00,1.0,S
4459,3092,2021-04-22T07:00:13.195000+00:00,1.0,P
4459,3327,2021-04-22T07:00:15.545000+00:00,1.0,S
4460,3092,2021-04-22T07:00:13.195000+00:00,1.0,P
4460,3327,2021-04-22T07:00:15.545000+00:00,1.0,S
4461,3092,2021-04-22T07:00:13.195000+00:00,1.0,P
4461,3327,2021-04-22T07:00:15.545000+00:00,1.0,S
4462,3092,2021-04-22T07:00:13.195000+00:00,1.0,P
4462,3327,2021-04-22T07:00:15.545000+00:00,1.0,S
4463,3092,2021-04-22T07:00:13.195000+00:00,1.0,P
4463,3328,2021-04-22T07:00:15.555000+00:00,1.0,S
4464,3093,2021-04-22T07:00:13.205000+00:00,1.0,P
4464,3328,2021-04-22T07:00:15.555000+00:00,1.0,S
4465,3093,2021-04-22T07:00:13.205000+00:00,1.0,P
4465,3328,2021-04-22T07:00:15.555000+00:00,1.0,S
4466,3093,2021-04-22T07:00:13.205000+00:00,1.0,P
4466,3328,2021-04-22T07:00:15.555000+00:00,1.0,S
4467,3093,2021-04-22T07:00:13.205000+00:00,1.0,P
4467,3328,2021-04-22T07:00:15.555000+00:00,1.0,S
4468,3093,2021-04-22T07:00:13.205000+00:00,1.0,P
4468,3328,2021-04-22T07:00:15.555000+00:00,1.0,S
4469,3093,2021-04-22T07:00:13.205000+00:00,1.0,P
4469,3329,2021-04-22T07:00:15.565000+00:00,1.0,S
4470,3093,2021-04-22T07:00:13.205000+00:00,1.0,P
4470,3329,2021-04-22T07:00:15.565000+00:00,1.0,S
4471,3093,2021-04-22T07:00:13.205000+00:00,1.0,P
4471,3329,2021-04-22T07:00:15.565000+00:00,1.0,S
4472,3093,2021-04-22T07:00:13.205000+00:00,1.0,P
4472,3329,2021-04-22T07:00:15.565000+00:00,1.0,S
4473,3093,2021-04-22T07:00:13.205000+00:00,1.0,P
4473,3329,2021-04-22T07:00:15.565000+00:00,1.0,S
4474,3094,2021-04-22T07:00:13.215000+00:00,1.0,P
4474,3330,2021-04-22T07:00:15.574999+00:00,1.0,S
4475,3094,2021-04-22T07:00:13.215000+00:00,1.0,P
4475,3330,2021-04-22T07:00:15.574999+00:00,1.0,S
4476,3094,2021-04-22T07:00:13.215000+00:00,1.0,P
4476,3330,2021-04-22T07:00:15.574999+00:00,1.0,S
4477,3094,2021-04-22T07:00:13.215000+00:00,1.0,P
4477,3330,2021-04-22T07:00:15.574999+00:00,1.0,S
4478,3094,2021-04-22T07:00:13.215000+00:00,1.0,P
4478,3330,2021-04-22T07:00:15.574999+00:00,1.0,S
4479,3094,2021-04-22T07:00:13.215000+00:00,1.0,P
4479,3331,2021-04-22T07:00:15.585000+00:00,1.0,S
4480,3094,2021-04-22T07:00:13.215000+00:00,1.0,P
4480,3331,2021-04-22T07:00:15.585000+00:00,1.0,S
4481,3094,2021-04-22T07:00:13.215000+00:00,1.0,P
4481,3331,2021-04-22T07:00:15.585000+00:00,1.0,S
4482,3094,2021-04-22T07:00:13.215000+00:00,1.0,P
4482,3331,2021-04-22T07:00:15.585000+00:00,1.0,S
4483,3094,2021-04-22T07:00:13.215000+00:00,1.0,P
4483,3331,2021-04-22T07:00:15.585000+00:00,1.0,S
4484,3094,2021-04-22T07:00:13.215000+00:00,1.0,P
4484,3332,2021-04-22T07:00:15.595000+00:00,1.0,S
4485,3094,2021-04-22T07:00:13.215000+00:00,1.0,P
4485,3332,2021-04-22T07:00:15.595000+00:00,1.0,S
4486,3095,2021-04-22T07:00:13.225000+00:00,1.0,P
4486,3332,2021-04-22T07:00:15.595000+00:00,1.0,S
4487,3095,2021-04-22T07:00:13.225000+00:00,1.0,P
4487,3332,2021-04-22T07:00:15.595000+00:00,1.0,S
4488,3095,2021-04-22T07:00:13.225000+00:00,1.0,P
4488,3332,2021-04-22T07:00:15.595000+00:00,1.0,S
4489,3095,2021-04-22T07:00:13.225000+00:00,1.0,P
4489,3332,2021-04-22T07:00:15.595000+00:00,1.0,S
4490,3095,2021-04-22T07:00:13.225000+00:00,1.0,P
4490,3333,2021-04-22T07:00:15.605000+00:00,1.0,S
4491,3095,2021-04-22T07:00:13.225000+00:00,1.0,P
4491,3333,2021-04-22T07:00:15.605000+00:00,1.0,S
4492,3095,2021-04-22T07:00:13.225000+00:00,1.0,P
4492,3333,2021-04-22T07:00:15.605000+00:00,1.0,S
4493,3095,2021-04-22T07:00:13.225000+00:00,1.0,P
4493,3333,2021-04-22T07:00:15.605000+00:00,1.0,S
4494,3095,2021-04-22T07:00:13.225000+00:00,1.0,P
4494,3333,2021-04-22T07:00:15.605000+00:00,1.0,S
4495,3095,2021-04-22T07:00:13.225000+00:00,1.0,P
4495,3333,2021-04-22T07:00:15.605000+00:00,1.0,S
4496,3095,2021-04-22T07:00:13.225000+00:00,1.0,P
4496,3334,2021-04-22T07:00:15.615000+00:00,1.0,S
4497,3096,2021-04-22T07:00:13.235000+00:00,1.0,P
4497,3334,2021-04-22T07:00:15.615000+00:00,1.0,S
4498,3096,2021-04-22T07:00:13.235000+00:00,1.0,P
4498,3334,2021-04-22T07:00:15.615000+00:00,1.0,S
4499,3096,2021-04-22T07:00:13.235000+00:00,1.0,P
4499,3334,2021-04-22T07:00:15.615000+00:00,1.0,S
4500,3096,2021-04-22T07:00:13.235000+00:00,1.0,P
4500,3334,2021-04-22T07:00:15.615000+00:00,1.0,S
4501,3096,2021-04-22T07:00:13.235000+00:00,1.0,P
4501,3334,2021-04-22T07:00:15.615000+00:00,1.0,S
4502,3096,2021-04-22T07:00:13.235000+00:00,1.0,P
4502,3335,2021-04-22T07:00:15.625000+00:00,1.0,S
4503,3096,2021-04-22T07:00:13.235000+00:00,1.0,P
4503,3335,2021-04-22T07:00:15.625000+00:00,1.0,S
4504,3096,2021-04-22T07:00:13.235000+00:00,1.0,P
4504,3335,2021-04-22T07:00:15.625000+00:00,1.0,S
4505,3096,2021-04-22T07:00:13.235000+00:00,1.0,P
4505,3335,2021-04-22T07:00:15.625000+00:00,1.0,S
4506,3096,2021-04-22T07:00:13.235000+00:00,1.0,P
4506,3335,2021-04-22T07:00:15.625000+00:00,1.0,S
4507,3096,2021-04-22T07:00:13.235000+00:00,1.0,P
4507,3335,2021-04-22T07:00:15.625000+00:00,1.0,S
4508,3097,2021-04-22T07:00:13.245000+00:00,1.0,P
4508,3335,2021-04-22T07:00:15.625000+00:00,1.0,S
4509,3097,2021-04-22T07:00:13.245000+00:00,1.0,P
4509,3336,2021-04-22T07:00:15.635000+00:00,1.0,S
4510,3097,2021-04-22T07:00:13.245000+00:00,1.0,P
4510,3336,2021-04-22T07:00:15.635000+00:00,1.0,S
4511,3097,2021-04-22T07:00:13.245000+00:00,1.0,P
4511,3336,2021-04-22T07:00:15.635000+00:00,1.0,S
4512,3097,2021-04-22T07:00:13.245000+00:00,1.0,P
4512,3336,2021-04-22T07:00:15.635000+00:00,1.0,S
4513,3097,2021-04-22T07:00:13.245000+00:00,1.0,P
4513,3336,2021-04-22T07:00:15.635000+00:00,1.0,S
4514,3097,2021-04-22T07:00:13.245000+00:00,1.0,P
4514,3336,2021-04-22T07:00:15.635000+00:00,1.0,S
4515,3097,2021-04-22T07:00:13.245000+00:00,1.0,P
4515,3337,2021-04-22T07:00:15.644999+00:00,1.0,S
4516,3097,2021-04-22T07:00:13.245000+00:00,1.0,P
4516,3337,2021-04-22T07:00:15.644999+00:00,1.0,S
4517,3097,2021-04-22T07:00:13.245000+00:00,1.0,P
4517,3337,2021-04-22T07:00:15.644999+00:00,1.0,S
4518,3097,2021-04-22T07:00:13.245000+00:00,1.0,P
4518,3337,2021-04-22T07:00:15.644999+00:00,1.0,S
4519,3098,2021-04-22T07:00:13.255000+00:00,1.0,P
4519,3337,2021-04-22T07:00:15.644999+00:00,1.0,S
4520,3098,2021-04-22T07:00:13.255000+00:00,1.0,P
4520,3337,2021-04-22T07:00:15.644999+00:00,1.0,S
4521,3098,2021-04-22T07:00:13.255000+00:00,1.0,P
4521,3338,2021-04-22T07:00:15.655000+00:00,1.0,S
4522,3098,2021-04-22T07:00:13.255000+00:00,1.0,P
4522,3338,2021-04-22T07:00:15.655000+00:00,1.0,S
4523,3098,2021-04-22T07:00:13.255000+00:00,1.0,P
4523,3338,2021-04-22T07:00:15.655000+00:00,1.0,S
4524,3098,2021-04-22T07:00:13.255000+00:00,1.0,P
4524,3338,2021-04-22T07:00:15.655000+00:00,1.0,S
4525,3098,2021-04-22T07:00:13.255000+00:00,1.0,P
4525,3338,2021-04-22T07:00:15.655000+00:00,1.0,S
4526,3098,2021-04-22T07:00:13.255000+00:00,1.0,P
4526,3338,2021-04-22T07:00:15.655000+00:00,1.0,S
4527,3098,2021-04-22T07:00:13.255000+00:00,1.0,P
4527,3338,2021-04-22T07:00:15.655000+00:00,1.0,S
4528,3098,2021-04-22T07:00:13.255000+00:00,1.0,P
4528,3339,2021-04-22T07:00:15.665000+00:00,1.0,S
4529,3098,2021-04-22T07:00:13.255000+00:00,1.0,P
4529,3339,2021-04-22T07:00:15.665000+00:00,1.0,S
4530,3099,2021-04-22T07:00:13.265000+00:00,1.0,P
4530,3339,2021-04-22T07:00:15.665000+00:00,1.0,S
4531,3099,2021-04-22T07:00:13.265000+00:00,1.0,P
4531,3339,2021-04-22T07:00:15.665000+00:00,1.0,S
4532,3099,2021-04-22T07:00:13.265000+00:00,1.0,P
4532,3339,2021-04-22T07:00:15.665000+00:00,1.0,S
4533,3099,2021-04-22T07:00:13.265000+00:00,1.0,P
4533,3339,2021-04-22T07:00:15.665000+00:00,1.0,S
4534,3099,2021-04-22T07:00:13.265000+00:00,1.0,P
4534,3340,2021-04-22T07:00:15.675000+00:00,1.0,S
4535,3099,2021-04-22T07:00:13.265000+00:00,1.0,P
4535,3340,2021-04-22T07:00:15.675000+00:00,1.0,S
4536,3099,2021-04-22T07:00:13.265000+00:00,1.0,P
4536,3340,2021-04-22T07:00:15.675000+00:00,1.0,S
4537,3099,2021-04-22T07:00:13.265000+00:00,1.0,P
4537,3340,2021-04-22T07:00:15.675000+00:00,1.0,S
4538,3099,2021-04-22T07:00:13.265000+00:00,1.0,P
4538,3341,2021-04-22T07:00:15.685000+00:00,1.0,S
4539,3099,2021-04-22T07:00:13.265000+00:00,1.0,P
4539,3341,2021-04-22T07:00:15.685000+00:00,1.0,S
4540,3100,2021-04-22T07:00:13.275000+00:00,1.0,P
4540,3341,2021-04-22T07:00:15.685000+00:00,1.0,S
4541,3100,2021-04-22T07:00:13.275000+00:00,1.0,P
4541,3341,2021-04-22T07:00:15.685000+00:00,1.0,S
4542,3100,2021-04-22T07:00:13.275000+00:00,1.0,P
4542,3342,2021-04-22T07:00:15.695000+00:00,1.0,S
4543,3100,2021-04-22T07:00:13.275000+00:00,1.0,P
4543,3342,2021-04-22T07:00:15.695000+00:00,1.0,S
4544,3100,2021-04-22T07:00:13.275000+00:00,1.0,P
4544,3342,2021-04-22T07:00:15.695000+00:00,1.0,S
4545,3100,2021-04-22T07:00:13.275000+00:00,1.0,P
4545,3343,2021-04-22T07:00:15.705000+00:00,1.0,S
4546,3100,2021-04-22T07:00:13.275000+00:00,1.0,P
4546,3343,2021-04-22T07:00:15.705000+00:00,1.0,S
4547,3100,2021-04-22T07:00:13.275000+00:00,1.0,P
4547,3343,2021-04-22T07:00:15.705000+00:00,1.0,S
4548,3100,2021-04-22T07:00:13.275000+00:00,1.0,P
4548,3343,2021-04-22T07:00:15.705000+00:00,1.0,S
4549,3100,2021-04-22T07:00:13.275000+00:00,1.0,P
4549,3343,2021-04-22T07:00:15.705000+00:00,1.0,S
4550,3101,2021-04-22T07:00:13.285000+00:00,1.0,P
4550,3344,2021-04-22T07:00:15.714999+00:00,1.0,S
4551,3101,2021-04-22T07:00:13.285000+00:00,1.0,P
4551,3344,2021-04-22T07:00:15.714999+00:00,1.0,S
4552,3101,2021-04-22T07:00:13.285000+00:00,1.0,P
4552,3344,2021-04-22T07:00:15.714999+00:00,1.0,S
4553,3101,2021-04-22T07:00:13.285000+00:00,1.0,P
4553,3344,2021-04-22T07:00:15.714999+00:00,1.0,S
4554,3101,2021-04-22T07:00:13.285000+00:00,1.0,P
4554,3344,2021-04-22T07:00:15.714999+00:00,1.0,S
4555,3101,2021-04-22T07:00:13.285000+00:00,1.0,P
4555,3344,2021-04-22T07:00:15.714999+00:00,1.0,S
4556,3101,2021-04-22T07:00:13.285000+00:00,1.0,P
4556,3345,2021-04-22T07:00:15.725000+00:00,1.0,S
4557,3101,2021-04-22T07:00:13.285000+00:00,1.0,P
4557,3345,2021-04-22T07:00:15.725000+00:00,1.0,S
4558,3101,2021-04-22T07:00:13.285000+00:00,1.0,P
4558,3345,2021-04-22T07:00:15.725000+00:00,1.0,S
4559,3102,2021-04-22T07:00:13.295000+00:00,1.0,P
4559,3345,2021-04-22T07:00:15.725000+00:00,1.0,S
4560,3102,2021-04-22T07:00:13.295000+00:00,1.0,P
4560,3345,2021-04-22T07:00:15.725000+00:00,1.0,S
4561,3102,2021-04-22T07:00:13.295000+00:00,1.0,P
4561,3346,2021-04-22T07:00:15.735000+00:00,1.0,S
4562,3102,2021-04-22T07:00:13.295000+00:00,1.0,P
4562,3346,2021-04-22T07:00:15.735000+00:00,1.0,S
4563,3102,2021-04-22T07:00:13.295000+00:00,1.0,P
4563,3346,2021-04-22T07:00:15.735000+00:00,1.0,S
4564,3102,2021-04-22T07:00:13.295000+00:00,1.0,P
4564,3346,2021-04-22T07:00:15.735000+00:00,1.0,S
4565,3102,2021-04-22T07:00:13.295000+00:00,1.0,P
4565,3347,2021-04-22T07:00:15.745000+00:00,1.0,S
4566,3102,2021-04-22T07:00:13.295000+00:00,1.0,P
4566,3347,2021-04-22T07:00:15.745000+00:00,1.0,S
4567,3102,2021-04-22T07:00:13.295000+00:00,1.0,P
4567,3347,2021-04-22T07:00:15.745000+00:00,1.0,S
4568,3102,2021-04-22T07:00:13.295000+00:00,1.0,P
4568,3347,2021-04-22T07:00:15.745000+00:00,1.0,S
4569,3103,2021-04-22T07:00:13.305000+00:00,1.0,P
4569,3347,2021-04-22T07:00:15.745000+00:00,1.0,S
4570,3103,2021-04-22T07:00:13.305000+00:00,1.0,P
4570,3348,2021-04-22T07:00:15.755000+00:00,1.0,S
4571,3103,2021-04-22T07:00:13.305000+00:00,1.0,P
4571,3348,2021-04-22T07:00:15.755000+00:00,1.0,S
4572,3103,2021-04-22T07:00:13.305000+00:00,1.0,P
4572,3348,2021-04-22T07:00:15.755000+00:00,1.0,S
4573,3103,2021-04-22T07:00:13.305000+00:00,1.0,P
4573,3348,2021-04-22T07:00:15.755000+00:00,1.0,S
4574,3103,2021-04-22T07:00:13.305000+00:00,1.0,P
4574,3348,2021-04-22T07:00:15.755000+00:00,1.0,S
4575,3103,2021-04-22T07:00:13.305000+00:00,1.0,P
4575,3348,2021-04-22T07:00:15.755000+00:00,1.0,S
4576,3103,2021-04-22T07:00:13.305000+00:00,1.0,P
4576,3348,2021-04-22T07:00:15.755000+00:00,1.0,S
4577,3103,2021-04-22T07:00:13.305000+00:00,1.0,P
4577,3348,2021-04-22T07:00:15.755000+00:00,1.0,S
4578,3103,2021-04-22T07:00:13.305000+00:00,1.0,P
4578,3348,2021-04-22T07:00:15.755000+00:00,1.0,S
4579,3103,2021-04-22T07:00:13.305000+00:00,1.0,P
4579,3348,2021-04-22T07:00:15.755000+00:00,1.0,S
4580,3103,2021-04-22T07:00:13.305000+00:00,1.0,P
4580,3349,2021-04-22T07:00:15.765000+00:00,1.0,S
4581,3103,2021-04-22T07:00:13.305000+00:00,1.0,P
4581,3349,2021-04-22T07:00:15.765000+00:00,1.0,S
4582,3103,2021-04-22T07:00:13.305000+00:00,1.0,P
4582,3349,2021-04-22T07:00:15.765000+00:00,1.0,S
4583,3104,2021-04-22T07:00:13.315000+00:00,1.0,P
4583,3349,2021-04-22T07:00:15.765000+00:00,1.0,S
4584,3104,2021-04-22T07:00:13.315000+00:00,1.0,P
4584,3349,2021-04-22T07:00:15.765000+00:00,1.0,S
4585,3104,2021-04-22T07:00:13.315000+00:00,1.0,P
4585,3349,2021-04-22T07:00:15.765000+00:00,1.0,S
4586,3104,2021-04-22T07:00:13.315000+00:00,1.0,P
4586,3349,2021-04-22T07:00:15.765000+00:00,1.0,S
4587,3104,2021-04-22T07:00:13.315000+00:00,1.0,P
4587,3349,2021-04-22T07:00:15.765000+00:00,1.0,S
4588,3104,2021-04-22T07:00:13.315000+00:00,1.0,P
4588,3349,2021-04-22T07:00:15.765000+00:00,1.0,S
4589,3104,2021-04-22T07:00:13.315000+00:00,1.0,P
4589,3349,2021-04-22T07:00:15.765000+00:00,1.0,S
4590,3104,2021-04-22T07:00:13.315000+00:00,1.0,P
4590,3349,2021-04-22T07:00:15.765000+00:00,1.0,S
4591,3104,2021-04-22T07:00:13.315000+00:00,1.0,P
4591,3350,2021-04-22T07:00:15.775000+00:00,1.0,S
4592,3104,2021-04-22T07:00:13.315000+00:00,1.0,P
4592,3350,2021-04-22T07:00:15.775000+00:00,1.0,S
4593,3104,2021-04-22T07:00:13.315000+00:00,1.0,P
4593,3350,2021-04-22T07:00:15.775000+00:00,1.0,S
4594,3104,2021-04-22T07:00:13.315000+00:00,1.0,P
4594,3350,2021-04-22T07:00:15.775000+00:00,1.0,S
4595,3104,2021-04-22T07:00:13.315000+00:00,1.0,P
4595,3350,2021-04-22T07:00:15.775000+00:00,1.0,S
4596,3104,2021-04-22T07:00:13.315000+00:00,1.0,P
4596,3350,2021-04-22T07:00:15.775000+00:00,1.0,S
4597,3104,2021-04-22T07:00:13.315000+00:00,1.0,P
4597,3350,2021-04-22T07:00:15.775000+00:00,1.0,S
4598,3104,2021-04-22T07:00:13.315000+00:00,1.0,P
4598,3350,2021-04-22T07:00:15.775000+00:00,1.0,S
4599,3105,2021-04-22T07:00:13.325000+00:00,1.0,P
4599,3350,2021-04-22T07:00:15.775000+00:00,1.0,S
4600,3105,2021-04-22T07:00:13.325000+00:00,1.0,P
4600,3350,2021-04-22T07:00:15.775000+00:00,1.0,S
4601,3105,2021-04-22T07:00:13.325000+00:00,1.0,P
4601,3350,2021-04-22T07:00:15.775000+00:00,1.0,S
4602,3105,2021-04-22T07:00:13.325000+00:00,1.0,P
4602,3350,2021-04-22T07:00:15.775000+00:00,1.0,S
4603,3105,2021-04-22T07:00:13.325000+00:00,1.0,P
4603,3350,2021-04-22T07:00:15.775000+00:00,1.0,S
4604,3105,2021-04-22T07:00:13.325000+00:00,1.0,P
4604,3350,2021-04-22T07:00:15.775000+00:00,1.0,S
4605,3105,2021-04-22T07:00:13.325000+00:00,1.0,P
4605,3350,2021-04-22T07:00:15.775000+00:00,1.0,S
4606,3105,2021-04-22T07:00:13.325000+00:00,1.0,P
4606,3350,2021-04-22T07:00:15.775000+00:00,1.0,S
4607,3105,2021-04-22T07:00:13.325000+00:00,1.0,P
4607,3350,2021-04-22T07:00:15.775000+00:00,1.0,S
4608,3105,2021-04-22T07:00:13.325000+00:00,1.0,P
4608,3350,2021-04-22T07:00:15.775000+00:00,1.0,S
4609,3105,2021-04-22T07:00:13.325000+00:00,1.0,P
4609,3350,2021-04-22T07:00:15.775000+00:00,1.0,S
4610,3105,2021-04-22T07:00:13.325000+00:00,1.0,P
4610,3350,2021-04-22T07:00:15.775000+00:00,1.0,S
4611,3105,2021-04-22T07:00:13.325000+00:00,1.0,P
4611,3350,2021-04-22T07:00:15.775000+00:00,1.0,S
4612,3105,2021-04-22T07:00:13.325000+00:00,1.0,P
4612,3350,2021-04-22T07:00:15.775000+00:00,1.0,S
4613,3105,2021-04-22T07:00:13.325000+00:00,1.0,P
4613,3351,2021-04-22T07:00:15.784999+00:00,1.0,S
4614,3105,2021-04-22T07:00:13.325000+00:00,1.0,P
4614,3351,2021-04-22T07:00:15.784999+00:00,1.0,S
4615,3105,2021-04-22T07:00:13.325000+00:00,1.0,P
4615,3351,2021-04-22T07:00:15.784999+00:00,1.0,S
4616,3106,2021-04-22T07:00:13.335000+00:00,1.0,P
4616,3351,2021-04-22T07:00:15.784999+00:00,1.0,S
4617,3106,2021-04-22T07:00:13.335000+00:00,1.0,P
4617,3351,2021-04-22T07:00:15.784999+00:00,1.0,S
4618,3106,2021-04-22T07:00:13.335000+00:00,1.0,P
4618,3351,2021-04-22T07:00:15.784999+00:00,1.0,S
4619,3106,2021-04-22T07:00:13.335000+00:00,1.0,P
4619,3351,2021-04-22T07:00:15.784999+00:00,1.0,S
4620,3106,2021-04-22T07:00:13.335000+00:00,1.0,P
4620,3351,2021-04-22T07:00:15.784999+00:00,1.0,S
4621,3106,2021-04-22T07:00:13.335000+00:00,1.0,P
4621,3351,2021-04-22T07:00:15.784999+00:00,1.0,S
4622,3106,2021-04-22T07:00:13.335000+00:00,1.0,P
4622,3351,2021-04-22T07:00:15.784999+00:00,1.0,S
4623,3106,2021-04-22T07:00:13.335000+00:00,1.0,P
4623,3351,2021-04-22T07:00:15.784999+00:00,1.0,S
4624,3106,2021-04-22T07:00:13.335000+00:00,1.0,P
4624,3352,2021-04-22T07:00:15.795000+00:00,1.0,S
4625,3106,2021-04-22T07:00:13.335000+00:00,1.0,P
4625,3352,2021-04-22T07:00:15.795000+00:00,1.0,S
4626,3106,2021-04-22T07:00:13.335000+00:00,1.0,P
4626,3352,2021-04-22T07:00:15.795000+00:00,1.0,S
4627,3106,2021-04-22T07:00:13.335000+00:00,1.0,P
4627,3352,2021-04-22T07:00:15.795000+00:00,1.0,S
4628,3106,2021-04-22T07:00:13.335000+00:00,1.0,P
4628,3352,2021-04-22T07:00:15.795000+00:00,1.0,S
4629,3106,2021-04-22T07:00:13.335000+00:00,1.0,P
4629,3352,2021-04-22T07:00:15.795000+00:00,1.0,S
4630,3106,2021-04-22T07:00:13.335000+00:00,1.0,P
4630,3352,2021-04-22T07:00:15.795000+00:00,1.0,S
4631,3106,2021-04-22T07:00:13.335000+00:00,1.0,P
4631,3352,2021-04-22T07:00:15.795000+00:00,1.0,S
4632,3106,2021-04-22T07:00:13.335000+00:00,1.0,P
4632,3352,2021-04-22T07:00:15.795000+00:00,1.0,S
4633,3106,2021-04-22T07:00:13.335000+00:00,1.0,P
4633,3352,2021-04-22T07:00:15.795000+00:00,1.0,S
4634,3106,2021-04-22T07:00:13.335000+00:00,1.0,P
4634,3352,2021-04-22T07:00:15.795000+00:00,1.0,S
4635,3107,2021-04-22T07:00:13.345000+00:00,1.0,P
4635,3352,2021-04-22T07:00:15.795000+00:00,1.0,S
4636,3107,2021-04-22T07:00:13.345000+00:00,1.0,P
4636,3352,2021-04-22T07:00:15.795000+00:00,1.0,S
4637,3107,2021-04-22T07:00:13.345000+00:00,1.0,P
4637,3352,2021-04-22T07:00:15.795000+00:00,1.0,S
4638,3107,2021-04-22T07:00:13.345000+00:00,1.0,P
4638,3352,2021-04-22T07:00:15.795000+00:00,1.0,S
4639,3107,2021-04-22T07:00:13.345000+00:00,1.0,P
4639,3353,2021-04-22T07:00:15.805000+00:00,1.0,S
4640,3107,2021-04-22T07:00:13.345000+00:00,1.0,P
4640,3353,2021-04-22T07:00:15.805000+00:00,1.0,S
4641,3107,2021-04-22T07:00:13.345000+00:00,1.0,P
4641,3353,2021-04-22T07:00:15.805000+00:00,1.0,S
4642,3107,2021-04-22T07:00:13.345000+00:00,1.0,P
4642,3353,2021-04-22T07:00:15.805000+00:00,1.0,S
4643,3107,2021-04-22T07:00:13.345000+00:00,1.0,P
4643,3353,2021-04-22T07:00:15.805000+00:00,1.0,S
4644,3107,2021-04-22T07:00:13.345000+00:00,1.0,P
4644,3353,2021-04-22T07:00:15.805000+00:00,1.0,S
4645,3107,2021-04-22T07:00:13.345000+00:00,1.0,P
4645,3353,2021-04-22T07:00:15.805000+00:00,1.0,S
4646,3107,2021-04-22T07:00:13.345000+00:00,1.0,P
4646,3353,2021-04-22T07:00:15.805000+00:00,1.0,S
4647,3107,2021-04-22T07:00:13.345000+00:00,1.0,P
4647,3353,2021-04-22T07:00:15.805000+00:00,1.0,S
4648,3107,2021-04-22T07:00:13.345000+00:00,1.0,P
4648,3353,2021-04-22T07:00:15.805000+00:00,1.0,S
4649,3107,2021-04-22T07:00:13.345000+00:00,1.0,P
4649,3353,2021-04-22T07:00:15.805000+00:00,1.0,S
4650,3107,2021-04-22T07:00:13.345000+00:00,1.0,P
4650,3353,2021-04-22T07:00:15.805000+00:00,1.0,S
4651,3107,2021-04-22T07:00:13.345000+00:00,1.0,P
4651,3353,2021-04-22T07:00:15.805000+00:00,1.0,S
4652,3107,2021-04-22T07:00:13.345000+00:00,1.0,P
4652,3353,2021-04-22T07:00:15.805000+00:00,1.0,S
4653,3107,2021-04-22T07:00:13.345000+00:00,1.0,P
4653,3353,2021-04-22T07:00:15.805000+00:00,1.0,S
4654,3107,2021-04-22T07:00:13.345000+00:00,1.0,P
4654,3353,2021-04-22T07:00:15.805000+00:00,1.0,S
4655,3107,2021-04-22T07:00:13.345000+00:00,1.0,P
4655,3353,2021-04-22T07:00:15.805000+00:00,1.0,S
4656,3107,2021-04-22T07:00:13.345000+00:00,1.0,P
4656,3353,2021-04-22T07:00:15.805000+00:00,1.0,S
4657,3107,2021-04-22T07:00:13.345000+00:00,1.0,P
4657,3353,2021-04-22T07:00:15.805000+00:00,1.0,S
4658,3107,2021-04-22T07:00:13.345000+00:00,1.0,P
4658,3354,2021-04-22T07:00:15.815000+00:00,1.0,S
4659,3107,2021-04-22T07:00:13.345000+00:00,1.0,P
4659,3354,2021-04-22T07:00:15.815000+00:00,1.0,S
4660,3107,2021-04-22T07:00:13.345000+00:00,1.0,P
4660,3354,2021-04-22T07:00:15.815000+00:00,1.0,S
4661,3107,2021-04-22T07:00:13.345000+00:00,1.0,P
4661,3354,2021-04-22T07:00:15.815000+00:00,1.0,S
4662,3107,2021-04-22T07:00:13.345000+00:00,1.0,P
4662,3354,2021-04-22T07:00:15.815000+00:00,1.0,S
4663,3107,2021-04-22T07:00:13.345000+00:00,1.0,P
4663,3354,2021-04-22T07:00:15.815000+00:00,1.0,S
4664,3108,2021-04-22T07:00:13.355000+00:00,1.0,P
4664,3354,2021-04-22T07:00:15.815000+00:00,1.0,S
4665,3108,2021-04-22T07:00:13.355000+00:00,1.0,P
4665,3354,2021-04-22T07:00:15.815000+00:00,1.0,S
4666,3108,2021-04-22T07:00:13.355000+00:00,1.0,P
4666,3354,2021-04-22T07:00:15.815000+00:00,1.0,S
4667,3108,2021-04-22T07:00:13.355000+00:00,1.0,P
4667,3354,2021-04-22T07:00:15.815000+00:00,1.0,S
4668,3108,2021-04-22T07:00:13.355000+00:00,1.0,P
4668,3354,2021-04-22T07:00:15.815000+00:00,1.0,S
4669,3108,2021-04-22T07:00:13.355000+00:00,1.0,P
4669,3354,2021-04-22T07:00:15.815000+00:00,1.0,S
