channel_index,phase_index,phase_time,phase_score,phase_type
0,3103,2021-03-20T17:41:35.115000+00:00,1.0,P
0,3437,2021-03-20T17:41:38.455000+00:00,1.0,S
1,3103,2021-03-20T17:41:35.115000+00:00,1.0,P
1,3437,2021-03-20T17:41:38.455000+00:00,1.0,S
2,3102,2021-03-20T17:41:35.105000+00:00,1.0,P
2,3437,2021-03-20T17:41:38.455000+00:00,1.0,S
3,3102,2021-03-20T17:41:35.105000+00:00,1.0,P
3,3437,2021-03-20T17:41:38.455000+00:00,1.0,S
4,3102,2021-03-20T17:41:35.105000+00:00,1.0,P
4,3437,2021-03-20T17:41:38.455000+00:00,1.0,S
5,3102,2021-03-20T17:41:35.105000+00:00,1.0,P
5,3437,2021-03-20T17:41:38.455000+00:00,1.0,S
6,3102,2021-03-20T17:41:35.105000+00:00,1.0,P
6,3437,2021-03-20T17:41:38.455000+00:00,1.0,S
7,3102,2021-03-20T17:41:35.105000+00:00,1.0,P
7,3437,2021-03-20T17:41:38.455000+00:00,1.0,S
8,3102,2021-03-20T17:41:35.105000+00:00,1.0,P
8,3437,2021-03-20T17:41:38.455000+00:00,1.0,S
9,3102,2021-03-20T17:41:35.105000+00:00,1.0,P
9,3437,2021-03-20T17:41:38.455000+00:00,1.0,S
10,3102,2021-03-20T17:41:35.105000+00:00,1.0,P
10,3437,2021-03-20T17:41:38.455000+00:00,1.0,S
11,3102,2021-03-20T17:41:35.105000+00:00,1.0,P
11,3437,2021-03-20T17:41:38.455000+00:00,1.0,S
12,3102,2021-03-20T17:41:35.105000+00:00,1.0,P
12,3437,2021-03-20T17:41:38.455000+00:00,1.0,S
13,3102,2021-03-20T17:41:35.105000+00:00,1.0,P
13,3436,2021-03-20T17:41:38.445000+00:00,1.0,S
14,3102,2021-03-20T17:41:35.105000+00:00,1.0,P
14,3436,2021-03-20T17:41:38.445000+00:00,1.0,S
15,3102,2021-03-20T17:41:35.105000+00:00,1.0,P
15,3436,2021-03-20T17:41:38.445000+00:00,1.0,S
16,3102,2021-03-20T17:41:35.105000+00:00,1.0,P
16,3435,2021-03-20T17:41:38.435000+00:00,1.0,S
17,3102,2021-03-20T17:41:35.105000+00:00,1.0,P
17,3435,2021-03-20T17:41:38.435000+00:00,1.0,S
18,3102,2021-03-20T17:41:35.105000+00:00,1.0,P
18,3435,2021-03-20T17:41:38.435000+00:00,1.0,S
19,3102,2021-03-20T17:41:35.105000+00:00,1.0,P
19,3435,2021-03-20T17:41:38.435000+00:00,1.0,S
20,3101,2021-03-20T17:41:35.095000+00:00,1.0,P
20,3435,2021-03-20T17:41:38.435000+00:00,1.0,S
21,3101,2021-03-20T17:41:35.095000+00:00,1.0,P
21,3435,2021-03-20T17:41:38.435000+00:00,1.0,S
22,3101,2021-03-20T17:41:35.095000+00:00,1.0,P
22,3435,2021-03-20T17:41:38.435000+00:00,1.0,S
23,3101,2021-03-20T17:41:35.095000+00:00,1.0,P
23,3435,2021-03-20T17:41:38.435000+00:00,1.0,S
24,3101,2021-03-20T17:41:35.095000+00:00,1.0,P
24,3435,2021-03-20T17:41:38.435000+00:00,1.0,S
25,3101,2021-03-20T17:41:35.095000+00:00,1.0,P
25,3435,2021-03-20T17:41:38.435000+00:00,1.0,S
26,3101,2021-03-20T17:41:35.095000+00:00,1.0,P
26,3435,2021-03-20T17:41:38.435000+00:00,1.0,S
27,3101,2021-03-20T17:41:35.095000+00:00,1.0,P
27,3436,2021-03-20T17:41:38.445000+00:00,1.0,S
28,3101,2021-03-20T17:41:35.095000+00:00,1.0,P
28,3436,2021-03-20T17:41:38.445000+00:00,1.0,S
29,3101,2021-03-20T17:41:35.095000+00:00,1.0,P
29,3436,2021-03-20T17:41:38.445000+00:00,1.0,S
30,3101,2021-03-20T17:41:35.095000+00:00,1.0,P
30,3436,2021-03-20T17:41:38.445000+00:00,1.0,S
31,3101,2021-03-20T17:41:35.095000+00:00,1.0,P
31,3436,2021-03-20T17:41:38.445000+00:00,1.0,S
32,3101,2021-03-20T17:41:35.095000+00:00,1.0,P
32,3437,2021-03-20T17:41:38.455000+00:00,1.0,S
33,3101,2021-03-20T17:41:35.095000+00:00,1.0,P
33,3437,2021-03-20T17:41:38.455000+00:00,1.0,S
34,3101,2021-03-20T17:41:35.095000+00:00,1.0,P
34,3437,2021-03-20T17:41:38.455000+00:00,1.0,S
35,3101,2021-03-20T17:41:35.095000+00:00,1.0,P
35,3437,2021-03-20T17:41:38.455000+00:00,1.0,S
36,3101,2021-03-20T17:41:35.095000+00:00,1.0,P
36,3437,2021-03-20T17:41:38.455000+00:00,1.0,S
37,3101,2021-03-20T17:41:35.095000+00:00,1.0,P
37,3438,2021-03-20T17:41:38.465000+00:00,1.0,S
38,3101,2021-03-20T17:41:35.095000+00:00,1.0,P
38,3438,2021-03-20T17:41:38.465000+00:00,1.0,S
39,3101,2021-03-20T17:41:35.095000+00:00,1.0,P
39,3438,2021-03-20T17:41:38.465000+00:00,1.0,S
40,3101,2021-03-20T17:41:35.095000+00:00,1.0,P
40,3438,2021-03-20T17:41:38.465000+00:00,1.0,S
41,3101,2021-03-20T17:41:35.095000+00:00,1.0,P
41,3438,2021-03-20T17:41:38.465000+00:00,1.0,S
42,3101,2021-03-20T17:41:35.095000+00:00,1.0,P
42,3438,2021-03-20T17:41:38.465000+00:00,1.0,S
43,3100,2021-03-20T17:41:35.085000+00:00,1.0,P
43,3438,2021-03-20T17:41:38.465000+00:00,1.0,S
44,3100,2021-03-20T17:41:35.085000+00:00,1.0,P
44,3438,2021-03-20T17:41:38.465000+00:00,1.0,S
45,3100,2021-03-20T17:41:35.085000+00:00,1.0,P
45,3438,2021-03-20T17:41:38.465000+00:00,1.0,S
46,3100,2021-03-20T17:41:35.085000+00:00,1.0,P
46,3438,2021-03-20T17:41:38.465000+00:00,1.0,S
47,3100,2021-03-20T17:41:35.085000+00:00,1.0,P
47,3438,2021-03-20T17:41:38.465000+00:00,1.0,S
48,3100,2021-03-20T17:41:35.085000+00:00,1.0,P
48,3438,2021-03-20T17:41:38.465000+00:00,1.0,S
49,3100,2021-03-20T17:41:35.085000+00:00,1.0,P
49,3438,2021-03-20T17:41:38.465000+00:00,1.0,S
50,3100,2021-03-20T17:41:35.085000+00:00,1.0,P
50,3438,2021-03-20T17:41:38.465000+00:00,1.0,S
51,3100,2021-03-20T17:41:35.085000+00:00,1.0,P
51,3438,2021-03-20T17:41:38.465000+00:00,1.0,S
52,3100,2021-03-20T17:41:35.085000+00:00,1.0,P
52,3438,2021-03-20T17:41:38.465000+00:00,1.0,S
53,3100,2021-03-20T17:41:35.085000+00:00,1.0,P
53,3438,2021-03-20T17:41:38.465000+00:00,1.0,S
54,3100,2021-03-20T17:41:35.085000+00:00,1.0,P
54,3438,2021-03-20T17:41:38.465000+00:00,1.0,S
55,3100,2021-03-20T17:41:35.085000+00:00,1.0,P
55,3438,2021-03-20T17:41:38.465000+00:00,1.0,S
56,3100,2021-03-20T17:41:35.085000+00:00,1.0,P
56,3438,2021-03-20T17:41:38.465000+00:00,1.0,S
57,3100,2021-03-20T17:41:35.085000+00:00,1.0,P
57,3437,2021-03-20T17:41:38.455000+00:00,1.0,S
58,3100,2021-03-20T17:41:35.085000+00:00,1.0,P
58,3437,2021-03-20T17:41:38.455000+00:00,1.0,S
59,3100,2021-03-20T17:41:35.085000+00:00,1.0,P
59,3437,2021-03-20T17:41:38.455000+00:00,1.0,S
60,3100,2021-03-20T17:41:35.085000+00:00,1.0,P
60,3437,2021-03-20T17:41:38.455000+00:00,1.0,S
61,3100,2021-03-20T17:41:35.085000+00:00,1.0,P
61,3437,2021-03-20T17:41:38.455000+00:00,1.0,S
62,3100,2021-03-20T17:41:35.085000+00:00,1.0,P
62,3437,2021-03-20T17:41:38.455000+00:00,1.0,S
63,3099,2021-03-20T17:41:35.075000+00:00,1.0,P
63,3436,2021-03-20T17:41:38.445000+00:00,1.0,S
64,3099,2021-03-20T17:41:35.075000+00:00,1.0,P
64,3436,2021-03-20T17:41:38.445000+00:00,1.0,S
65,3099,2021-03-20T17:41:35.075000+00:00,1.0,P
65,3436,2021-03-20T17:41:38.445000+00:00,1.0,S
66,3099,2021-03-20T17:41:35.075000+00:00,1.0,P
66,3436,2021-03-20T17:41:38.445000+00:00,1.0,S
67,3099,2021-03-20T17:41:35.075000+00:00,1.0,P
67,3436,2021-03-20T17:41:38.445000+00:00,1.0,S
68,3099,2021-03-20T17:41:35.075000+00:00,1.0,P
68,3435,2021-03-20T17:41:38.435000+00:00,1.0,S
69,3099,2021-03-20T17:41:35.075000+00:00,1.0,P
69,3435,2021-03-20T17:41:38.435000+00:00,1.0,S
70,3099,2021-03-20T17:41:35.075000+00:00,1.0,P
70,3435,2021-03-20T17:41:38.435000+00:00,1.0,S
71,3099,2021-03-20T17:41:35.075000+00:00,1.0,P
71,3435,2021-03-20T17:41:38.435000+00:00,1.0,S
72,3099,2021-03-20T17:41:35.075000+00:00,1.0,P
72,3435,2021-03-20T17:41:38.435000+00:00,1.0,S
73,3099,2021-03-20T17:41:35.075000+00:00,1.0,P
73,3435,2021-03-20T17:41:38.435000+00:00,1.0,S
74,3099,2021-03-20T17:41:35.075000+00:00,1.0,P
74,3435,2021-03-20T17:41:38.435000+00:00,1.0,S
75,3099,2021-03-20T17:41:35.075000+00:00,1.0,P
75,3435,2021-03-20T17:41:38.435000+00:00,1.0,S
76,3099,2021-03-20T17:41:35.075000+00:00,1.0,P
76,3435,2021-03-20T17:41:38.435000+00:00,1.0,S
77,3099,2021-03-20T17:41:35.075000+00:00,1.0,P
77,3434,2021-03-20T17:41:38.425000+00:00,1.0,S
78,3099,2021-03-20T17:41:35.075000+00:00,1.0,P
78,3434,2021-03-20T17:41:38.425000+00:00,1.0,S
79,3098,2021-03-20T17:41:35.065000+00:00,1.0,P
79,3434,2021-03-20T17:41:38.425000+00:00,1.0,S
80,3098,2021-03-20T17:41:35.065000+00:00,1.0,P
80,3433,2021-03-20T17:41:38.415000+00:00,1.0,S
81,3098,2021-03-20T17:41:35.065000+00:00,1.0,P
81,3433,2021-03-20T17:41:38.415000+00:00,1.0,S
82,3098,2021-03-20T17:41:35.065000+00:00,1.0,P
82,3433,2021-03-20T17:41:38.415000+00:00,1.0,S
83,3098,2021-03-20T17:41:35.065000+00:00,1.0,P
83,3433,2021-03-20T17:41:38.415000+00:00,1.0,S
84,3098,2021-03-20T17:41:35.065000+00:00,1.0,P
84,3433,2021-03-20T17:41:38.415000+00:00,1.0,S
85,3098,2021-03-20T17:41:35.065000+00:00,1.0,P
85,3433,2021-03-20T17:41:38.415000+00:00,1.0,S
86,3098,2021-03-20T17:41:35.065000+00:00,1.0,P
86,3433,2021-03-20T17:41:38.415000+00:00,1.0,S
87,3098,2021-03-20T17:41:35.065000+00:00,1.0,P
87,3433,2021-03-20T17:41:38.415000+00:00,1.0,S
88,3098,2021-03-20T17:41:35.065000+00:00,1.0,P
88,3433,2021-03-20T17:41:38.415000+00:00,1.0,S
89,3098,2021-03-20T17:41:35.065000+00:00,1.0,P
89,3433,2021-03-20T17:41:38.415000+00:00,1.0,S
90,3098,2021-03-20T17:41:35.065000+00:00,1.0,P
90,3433,2021-03-20T17:41:38.415000+00:00,1.0,S
91,3098,2021-03-20T17:41:35.065000+00:00,1.0,P
91,3433,2021-03-20T17:41:38.415000+00:00,1.0,S
92,3098,2021-03-20T17:41:35.065000+00:00,1.0,P
92,3433,2021-03-20T17:41:38.415000+00:00,1.0,S
93,3098,2021-03-20T17:41:35.065000+00:00,1.0,P
93,3433,2021-03-20T17:41:38.415000+00:00,1.0,S
94,3098,2021-03-20T17:41:35.065000+00:00,1.0,P
94,3433,2021-03-20T17:41:38.415000+00:00,1.0,S
95,3098,2021-03-20T17:41:35.065000+00:00,1.0,P
95,3433,2021-03-20T17:41:38.415000+00:00,1.0,S
96,3098,2021-03-20T17:41:35.065000+00:00,1.0,P
96,3433,2021-03-20T17:41:38.415000+00:00,1.0,S
97,3098,2021-03-20T17:41:35.065000+00:00,1.0,P
97,3433,2021-03-20T17:41:38.415000+00:00,1.0,S
98,3098,2021-03-20T17:41:35.065000+00:00,1.0,P
98,3433,2021-03-20T17:41:38.415000+00:00,1.0,S
99,3098,2021-03-20T17:41:35.065000+00:00,1.0,P
99,3433,2021-03-20T17:41:38.415000+00:00,1.0,S
100,3098,2021-03-20T17:41:35.065000+00:00,1.0,P
100,3433,2021-03-20T17:41:38.415000+00:00,1.0,S
101,3097,2021-03-20T17:41:35.055000+00:00,1.0,P
101,3432,2021-03-20T17:41:38.405000+00:00,1.0,S
102,3097,2021-03-20T17:41:35.055000+00:00,1.0,P
102,3432,2021-03-20T17:41:38.405000+00:00,1.0,S
103,3097,2021-03-20T17:41:35.055000+00:00,1.0,P
103,3432,2021-03-20T17:41:38.405000+00:00,1.0,S
104,3097,2021-03-20T17:41:35.055000+00:00,1.0,P
104,3432,2021-03-20T17:41:38.405000+00:00,1.0,S
105,3097,2021-03-20T17:41:35.055000+00:00,1.0,P
105,3432,2021-03-20T17:41:38.405000+00:00,1.0,S
106,3097,2021-03-20T17:41:35.055000+00:00,1.0,P
106,3432,2021-03-20T17:41:38.405000+00:00,1.0,S
107,3097,2021-03-20T17:41:35.055000+00:00,1.0,P
107,3432,2021-03-20T17:41:38.405000+00:00,1.0,S
108,3097,2021-03-20T17:41:35.055000+00:00,1.0,P
108,3432,2021-03-20T17:41:38.405000+00:00,1.0,S
109,3097,2021-03-20T17:41:35.055000+00:00,1.0,P
109,3432,2021-03-20T17:41:38.405000+00:00,1.0,S
110,3097,2021-03-20T17:41:35.055000+00:00,1.0,P
110,3432,2021-03-20T17:41:38.405000+00:00,1.0,S
111,3097,2021-03-20T17:41:35.055000+00:00,1.0,P
111,3431,2021-03-20T17:41:38.395000+00:00,1.0,S
112,3097,2021-03-20T17:41:35.055000+00:00,1.0,P
112,3431,2021-03-20T17:41:38.395000+00:00,1.0,S
113,3096,2021-03-20T17:41:35.045000+00:00,1.0,P
113,3431,2021-03-20T17:41:38.395000+00:00,1.0,S
114,3096,2021-03-20T17:41:35.045000+00:00,1.0,P
114,3431,2021-03-20T17:41:38.395000+00:00,1.0,S
115,3096,2021-03-20T17:41:35.045000+00:00,1.0,P
115,3431,2021-03-20T17:41:38.395000+00:00,1.0,S
116,3096,2021-03-20T17:41:35.045000+00:00,1.0,P
116,3431,2021-03-20T17:41:38.395000+00:00,1.0,S
117,3096,2021-03-20T17:41:35.045000+00:00,1.0,P
117,3431,2021-03-20T17:41:38.395000+00:00,1.0,S
118,3096,2021-03-20T17:41:35.045000+00:00,1.0,P
118,3431,2021-03-20T17:41:38.395000+00:00,1.0,S
119,3096,2021-03-20T17:41:35.045000+00:00,1.0,P
119,3431,2021-03-20T17:41:38.395000+00:00,1.0,S
120,3096,2021-03-20T17:41:35.045000+00:00,1.0,P
120,3431,2021-03-20T17:41:38.395000+00:00,1.0,S
121,3096,2021-03-20T17:41:35.045000+00:00,1.0,P
121,3431,2021-03-20T17:41:38.395000+00:00,1.0,S
122,3096,2021-03-20T17:41:35.045000+00:00,1.0,P
122,3431,2021-03-20T17:41:38.395000+00:00,1.0,S
123,3095,2021-03-20T17:41:35.035000+00:00,1.0,P
123,3430,2021-03-20T17:41:38.385000+00:00,1.0,S
124,3095,2021-03-20T17:41:35.035000+00:00,1.0,P
124,3430,2021-03-20T17:41:38.385000+00:00,1.0,S
125,3095,2021-03-20T17:41:35.035000+00:00,1.0,P
125,3430,2021-03-20T17:41:38.385000+00:00,1.0,S
126,3095,2021-03-20T17:41:35.035000+00:00,1.0,P
126,3429,2021-03-20T17:41:38.375000+00:00,1.0,S
127,3095,2021-03-20T17:41:35.035000+00:00,1.0,P
127,3429,2021-03-20T17:41:38.375000+00:00,1.0,S
128,3095,2021-03-20T17:41:35.035000+00:00,1.0,P
128,3429,2021-03-20T17:41:38.375000+00:00,1.0,S
129,3095,2021-03-20T17:41:35.035000+00:00,1.0,P
129,3429,2021-03-20T17:41:38.375000+00:00,1.0,S
130,3095,2021-03-20T17:41:35.035000+00:00,1.0,P
130,3429,2021-03-20T17:41:38.375000+00:00,1.0,S
131,3095,2021-03-20T17:41:35.035000+00:00,1.0,P
131,3429,2021-03-20T17:41:38.375000+00:00,1.0,S
132,3095,2021-03-20T17:41:35.035000+00:00,1.0,P
132,3429,2021-03-20T17:41:38.375000+00:00,1.0,S
133,3094,2021-03-20T17:41:35.025000+00:00,1.0,P
133,3428,2021-03-20T17:41:38.365000+00:00,1.0,S
134,3094,2021-03-20T17:41:35.025000+00:00,1.0,P
134,3428,2021-03-20T17:41:38.365000+00:00,1.0,S
135,3094,2021-03-20T17:41:35.025000+00:00,1.0,P
135,3428,2021-03-20T17:41:38.365000+00:00,1.0,S
136,3094,2021-03-20T17:41:35.025000+00:00,1.0,P
136,3428,2021-03-20T17:41:38.365000+00:00,1.0,S
137,3094,2021-03-20T17:41:35.025000+00:00,1.0,P
137,3428,2021-03-20T17:41:38.365000+00:00,1.0,S
138,3094,2021-03-20T17:41:35.025000+00:00,1.0,P
138,3428,2021-03-20T17:41:38.365000+00:00,1.0,S
139,3094,2021-03-20T17:41:35.025000+00:00,1.0,P
139,3428,2021-03-20T17:41:38.365000+00:00,1.0,S
140,3094,2021-03-20T17:41:35.025000+00:00,1.0,P
140,3428,2021-03-20T17:41:38.365000+00:00,1.0,S
141,3093,2021-03-20T17:41:35.015000+00:00,1.0,P
141,3428,2021-03-20T17:41:38.365000+00:00,1.0,S
142,3093,2021-03-20T17:41:35.015000+00:00,1.0,P
142,3427,2021-03-20T17:41:38.355000+00:00,1.0,S
143,3093,2021-03-20T17:41:35.015000+00:00,1.0,P
143,3427,2021-03-20T17:41:38.355000+00:00,1.0,S
144,3093,2021-03-20T17:41:35.015000+00:00,1.0,P
144,3427,2021-03-20T17:41:38.355000+00:00,1.0,S
145,3093,2021-03-20T17:41:35.015000+00:00,1.0,P
145,3426,2021-03-20T17:41:38.344999+00:00,1.0,S
146,3093,2021-03-20T17:41:35.015000+00:00,1.0,P
146,3426,2021-03-20T17:41:38.344999+00:00,1.0,S
147,3093,2021-03-20T17:41:35.015000+00:00,1.0,P
147,3426,2021-03-20T17:41:38.344999+00:00,1.0,S
148,3093,2021-03-20T17:41:35.015000+00:00,1.0,P
148,3426,2021-03-20T17:41:38.344999+00:00,1.0,S
149,3093,2021-03-20T17:41:35.015000+00:00,1.0,P
149,3425,2021-03-20T17:41:38.335000+00:00,1.0,S
150,3092,2021-03-20T17:41:35.005000+00:00,1.0,P
150,3425,2021-03-20T17:41:38.335000+00:00,1.0,S
151,3092,2021-03-20T17:41:35.005000+00:00,1.0,P
151,3425,2021-03-20T17:41:38.335000+00:00,1.0,S
152,3092,2021-03-20T17:41:35.005000+00:00,1.0,P
152,3424,2021-03-20T17:41:38.325000+00:00,1.0,S
153,3092,2021-03-20T17:41:35.005000+00:00,1.0,P
153,3424,2021-03-20T17:41:38.325000+00:00,1.0,S
154,3092,2021-03-20T17:41:35.005000+00:00,1.0,P
154,3424,2021-03-20T17:41:38.325000+00:00,1.0,S
155,3092,2021-03-20T17:41:35.005000+00:00,1.0,P
155,3423,2021-03-20T17:41:38.315000+00:00,1.0,S
156,3092,2021-03-20T17:41:35.005000+00:00,1.0,P
156,3423,2021-03-20T17:41:38.315000+00:00,1.0,S
157,3092,2021-03-20T17:41:35.005000+00:00,1.0,P
157,3423,2021-03-20T17:41:38.315000+00:00,1.0,S
158,3091,2021-03-20T17:41:34.995000+00:00,1.0,P
158,3422,2021-03-20T17:41:38.305000+00:00,1.0,S
159,3091,2021-03-20T17:41:34.995000+00:00,1.0,P
159,3422,2021-03-20T17:41:38.305000+00:00,1.0,S
160,3091,2021-03-20T17:41:34.995000+00:00,1.0,P
160,3422,2021-03-20T17:41:38.305000+00:00,1.0,S
161,3091,2021-03-20T17:41:34.995000+00:00,1.0,P
161,3422,2021-03-20T17:41:38.305000+00:00,1.0,S
162,3091,2021-03-20T17:41:34.995000+00:00,1.0,P
162,3421,2021-03-20T17:41:38.295000+00:00,1.0,S
163,3091,2021-03-20T17:41:34.995000+00:00,1.0,P
163,3421,2021-03-20T17:41:38.295000+00:00,1.0,S
164,3091,2021-03-20T17:41:34.995000+00:00,1.0,P
164,3421,2021-03-20T17:41:38.295000+00:00,1.0,S
165,3091,2021-03-20T17:41:34.995000+00:00,1.0,P
165,3421,2021-03-20T17:41:38.295000+00:00,1.0,S
166,3091,2021-03-20T17:41:34.995000+00:00,1.0,P
166,3420,2021-03-20T17:41:38.285000+00:00,1.0,S
167,3090,2021-03-20T17:41:34.985000+00:00,1.0,P
167,3420,2021-03-20T17:41:38.285000+00:00,1.0,S
168,3090,2021-03-20T17:41:34.985000+00:00,1.0,P
168,3420,2021-03-20T17:41:38.285000+00:00,1.0,S
169,3090,2021-03-20T17:41:34.985000+00:00,1.0,P
169,3419,2021-03-20T17:41:38.274999+00:00,1.0,S
170,3090,2021-03-20T17:41:34.985000+00:00,1.0,P
170,3419,2021-03-20T17:41:38.274999+00:00,1.0,S
171,3090,2021-03-20T17:41:34.985000+00:00,1.0,P
171,3419,2021-03-20T17:41:38.274999+00:00,1.0,S
172,3090,2021-03-20T17:41:34.985000+00:00,1.0,P
172,3419,2021-03-20T17:41:38.274999+00:00,1.0,S
173,3090,2021-03-20T17:41:34.985000+00:00,1.0,P
173,3418,2021-03-20T17:41:38.265000+00:00,1.0,S
174,3090,2021-03-20T17:41:34.985000+00:00,1.0,P
174,3418,2021-03-20T17:41:38.265000+00:00,1.0,S
175,3089,2021-03-20T17:41:34.975000+00:00,1.0,P
175,3418,2021-03-20T17:41:38.265000+00:00,1.0,S
176,3089,2021-03-20T17:41:34.975000+00:00,1.0,P
176,3417,2021-03-20T17:41:38.255000+00:00,1.0,S
177,3089,2021-03-20T17:41:34.975000+00:00,1.0,P
177,3417,2021-03-20T17:41:38.255000+00:00,1.0,S
178,3089,2021-03-20T17:41:34.975000+00:00,1.0,P
178,3417,2021-03-20T17:41:38.255000+00:00,1.0,S
179,3089,2021-03-20T17:41:34.975000+00:00,1.0,P
179,3416,2021-03-20T17:41:38.245000+00:00,1.0,S
180,3089,2021-03-20T17:41:34.975000+00:00,1.0,P
180,3416,2021-03-20T17:41:38.245000+00:00,1.0,S
181,3089,2021-03-20T17:41:34.975000+00:00,1.0,P
181,3416,2021-03-20T17:41:38.245000+00:00,1.0,S
182,3089,2021-03-20T17:41:34.975000+00:00,1.0,P
182,3416,2021-03-20T17:41:38.245000+00:00,1.0,S
183,3089,2021-03-20T17:41:34.975000+00:00,1.0,P
183,3415,2021-03-20T17:41:38.235000+00:00,1.0,S
184,3088,2021-03-20T17:41:34.965000+00:00,1.0,P
184,3415,2021-03-20T17:41:38.235000+00:00,1.0,S
185,3088,2021-03-20T17:41:34.965000+00:00,1.0,P
185,3415,2021-03-20T17:41:38.235000+00:00,1.0,S
186,3088,2021-03-20T17:41:34.965000+00:00,1.0,P
186,3414,2021-03-20T17:41:38.225000+00:00,1.0,S
187,3088,2021-03-20T17:41:34.965000+00:00,1.0,P
187,3414,2021-03-20T17:41:38.225000+00:00,1.0,S
188,3088,2021-03-20T17:41:34.965000+00:00,1.0,P
188,3414,2021-03-20T17:41:38.225000+00:00,1.0,S
189,3088,2021-03-20T17:41:34.965000+00:00,1.0,P
189,3413,2021-03-20T17:41:38.215000+00:00,1.0,S
190,3088,2021-03-20T17:41:34.965000+00:00,1.0,P
190,3413,2021-03-20T17:41:38.215000+00:00,1.0,S
191,3087,2021-03-20T17:41:34.955000+00:00,1.0,P
191,3413,2021-03-20T17:41:38.215000+00:00,1.0,S
192,3087,2021-03-20T17:41:34.955000+00:00,1.0,P
192,3412,2021-03-20T17:41:38.204999+00:00,1.0,S
193,3087,2021-03-20T17:41:34.955000+00:00,1.0,P
193,3412,2021-03-20T17:41:38.204999+00:00,1.0,S
194,3087,2021-03-20T17:41:34.955000+00:00,1.0,P
194,3412,2021-03-20T17:41:38.204999+00:00,1.0,S
195,3087,2021-03-20T17:41:34.955000+00:00,1.0,P
195,3412,2021-03-20T17:41:38.204999+00:00,1.0,S
196,3087,2021-03-20T17:41:34.955000+00:00,1.0,P
196,3411,2021-03-20T17:41:38.195000+00:00,1.0,S
197,3087,2021-03-20T17:41:34.955000+00:00,1.0,P
197,3411,2021-03-20T17:41:38.195000+00:00,1.0,S
198,3087,2021-03-20T17:41:34.955000+00:00,1.0,P
198,3411,2021-03-20T17:41:38.195000+00:00,1.0,S
199,3087,2021-03-20T17:41:34.955000+00:00,1.0,P
199,3411,2021-03-20T17:41:38.195000+00:00,1.0,S
200,3086,2021-03-20T17:41:34.945000+00:00,1.0,P
200,3410,2021-03-20T17:41:38.185000+00:00,1.0,S
201,3086,2021-03-20T17:41:34.945000+00:00,1.0,P
201,3410,2021-03-20T17:41:38.185000+00:00,1.0,S
202,3086,2021-03-20T17:41:34.945000+00:00,1.0,P
202,3410,2021-03-20T17:41:38.185000+00:00,1.0,S
203,3086,2021-03-20T17:41:34.945000+00:00,1.0,P
203,3410,2021-03-20T17:41:38.185000+00:00,1.0,S
204,3086,2021-03-20T17:41:34.945000+00:00,1.0,P
204,3410,2021-03-20T17:41:38.185000+00:00,1.0,S
205,3086,2021-03-20T17:41:34.945000+00:00,1.0,P
205,3409,2021-03-20T17:41:38.175000+00:00,1.0,S
206,3086,2021-03-20T17:41:34.945000+00:00,1.0,P
206,3409,2021-03-20T17:41:38.175000+00:00,1.0,S
207,3086,2021-03-20T17:41:34.945000+00:00,1.0,P
207,3409,2021-03-20T17:41:38.175000+00:00,1.0,S
208,3085,2021-03-20T17:41:34.935000+00:00,1.0,P
208,3409,2021-03-20T17:41:38.175000+00:00,1.0,S
209,3085,2021-03-20T17:41:34.935000+00:00,1.0,P
209,3409,2021-03-20T17:41:38.175000+00:00,1.0,S
210,3085,2021-03-20T17:41:34.935000+00:00,1.0,P
210,3409,2021-03-20T17:41:38.175000+00:00,1.0,S
211,3085,2021-03-20T17:41:34.935000+00:00,1.0,P
211,3408,2021-03-20T17:41:38.165000+00:00,1.0,S
212,3085,2021-03-20T17:41:34.935000+00:00,1.0,P
212,3408,2021-03-20T17:41:38.165000+00:00,1.0,S
213,3085,2021-03-20T17:41:34.935000+00:00,1.0,P
213,3408,2021-03-20T17:41:38.165000+00:00,1.0,S
214,3085,2021-03-20T17:41:34.935000+00:00,1.0,P
214,3408,2021-03-20T17:41:38.165000+00:00,1.0,S
215,3085,2021-03-20T17:41:34.935000+00:00,1.0,P
215,3408,2021-03-20T17:41:38.165000+00:00,1.0,S
216,3085,2021-03-20T17:41:34.935000+00:00,1.0,P
216,3407,2021-03-20T17:41:38.155000+00:00,1.0,S
217,3085,2021-03-20T17:41:34.935000+00:00,1.0,P
217,3407,2021-03-20T17:41:38.155000+00:00,1.0,S
218,3085,2021-03-20T17:41:34.935000+00:00,1.0,P
218,3407,2021-03-20T17:41:38.155000+00:00,1.0,S
219,3084,2021-03-20T17:41:34.925000+00:00,1.0,P
219,3406,2021-03-20T17:41:38.145000+00:00,1.0,S
220,3084,2021-03-20T17:41:34.925000+00:00,1.0,P
220,3406,2021-03-20T17:41:38.145000+00:00,1.0,S
221,3084,2021-03-20T17:41:34.925000+00:00,1.0,P
221,3406,2021-03-20T17:41:38.145000+00:00,1.0,S
222,3084,2021-03-20T17:41:34.925000+00:00,1.0,P
222,3405,2021-03-20T17:41:38.134999+00:00,1.0,S
223,3084,2021-03-20T17:41:34.925000+00:00,1.0,P
223,3405,2021-03-20T17:41:38.134999+00:00,1.0,S
224,3084,2021-03-20T17:41:34.925000+00:00,1.0,P
224,3405,2021-03-20T17:41:38.134999+00:00,1.0,S
225,3084,2021-03-20T17:41:34.925000+00:00,1.0,P
225,3405,2021-03-20T17:41:38.134999+00:00,1.0,S
226,3084,2021-03-20T17:41:34.925000+00:00,1.0,P
226,3404,2021-03-20T17:41:38.125000+00:00,1.0,S
227,3084,2021-03-20T17:41:34.925000+00:00,1.0,P
227,3404,2021-03-20T17:41:38.125000+00:00,1.0,S
228,3083,2021-03-20T17:41:34.915000+00:00,1.0,P
228,3404,2021-03-20T17:41:38.125000+00:00,1.0,S
229,3083,2021-03-20T17:41:34.915000+00:00,1.0,P
229,3403,2021-03-20T17:41:38.115000+00:00,1.0,S
230,3083,2021-03-20T17:41:34.915000+00:00,1.0,P
230,3403,2021-03-20T17:41:38.115000+00:00,1.0,S
231,3083,2021-03-20T17:41:34.915000+00:00,1.0,P
231,3403,2021-03-20T17:41:38.115000+00:00,1.0,S
232,3083,2021-03-20T17:41:34.915000+00:00,1.0,P
232,3402,2021-03-20T17:41:38.105000+00:00,1.0,S
233,3083,2021-03-20T17:41:34.915000+00:00,1.0,P
233,3402,2021-03-20T17:41:38.105000+00:00,1.0,S
234,3083,2021-03-20T17:41:34.915000+00:00,1.0,P
234,3402,2021-03-20T17:41:38.105000+00:00,1.0,S
235,3083,2021-03-20T17:41:34.915000+00:00,1.0,P
235,3401,2021-03-20T17:41:38.094999+00:00,1.0,S
236,3083,2021-03-20T17:41:34.915000+00:00,1.0,P
236,3401,2021-03-20T17:41:38.094999+00:00,1.0,S
237,3083,2021-03-20T17:41:34.915000+00:00,1.0,P
237,3401,2021-03-20T17:41:38.094999+00:00,1.0,S
238,3082,2021-03-20T17:41:34.905000+00:00,1.0,P
238,3400,2021-03-20T17:41:38.085000+00:00,1.0,S
239,3082,2021-03-20T17:41:34.905000+00:00,1.0,P
239,3400,2021-03-20T17:41:38.085000+00:00,1.0,S
240,3082,2021-03-20T17:41:34.905000+00:00,1.0,P
240,3400,2021-03-20T17:41:38.085000+00:00,1.0,S
241,3082,2021-03-20T17:41:34.905000+00:00,1.0,P
241,3399,2021-03-20T17:41:38.075000+00:00,1.0,S
242,3082,2021-03-20T17:41:34.905000+00:00,1.0,P
242,3399,2021-03-20T17:41:38.075000+00:00,1.0,S
243,3082,2021-03-20T17:41:34.905000+00:00,1.0,P
243,3399,2021-03-20T17:41:38.075000+00:00,1.0,S
244,3082,2021-03-20T17:41:34.905000+00:00,1.0,P
244,3399,2021-03-20T17:41:38.075000+00:00,1.0,S
245,3082,2021-03-20T17:41:34.905000+00:00,1.0,P
245,3398,2021-03-20T17:41:38.065000+00:00,1.0,S
246,3082,2021-03-20T17:41:34.905000+00:00,1.0,P
246,3398,2021-03-20T17:41:38.065000+00:00,1.0,S
247,3082,2021-03-20T17:41:34.905000+00:00,1.0,P
247,3398,2021-03-20T17:41:38.065000+00:00,1.0,S
248,3081,2021-03-20T17:41:34.895000+00:00,1.0,P
248,3398,2021-03-20T17:41:38.065000+00:00,1.0,S
249,3081,2021-03-20T17:41:34.895000+00:00,1.0,P
249,3397,2021-03-20T17:41:38.055000+00:00,1.0,S
250,3081,2021-03-20T17:41:34.895000+00:00,1.0,P
250,3397,2021-03-20T17:41:38.055000+00:00,1.0,S
251,3081,2021-03-20T17:41:34.895000+00:00,1.0,P
251,3397,2021-03-20T17:41:38.055000+00:00,1.0,S
252,3081,2021-03-20T17:41:34.895000+00:00,1.0,P
252,3397,2021-03-20T17:41:38.055000+00:00,1.0,S
253,3081,2021-03-20T17:41:34.895000+00:00,1.0,P
253,3396,2021-03-20T17:41:38.045000+00:00,1.0,S
254,3081,2021-03-20T17:41:34.895000+00:00,1.0,P
254,3396,2021-03-20T17:41:38.045000+00:00,1.0,S
255,3081,2021-03-20T17:41:34.895000+00:00,1.0,P
255,3396,2021-03-20T17:41:38.045000+00:00,1.0,S
256,3081,2021-03-20T17:41:34.895000+00:00,1.0,P
256,3396,2021-03-20T17:41:38.045000+00:00,1.0,S
257,3081,2021-03-20T17:41:34.895000+00:00,1.0,P
257,3395,2021-03-20T17:41:38.035000+00:00,1.0,S
258,3080,2021-03-20T17:41:34.885000+00:00,1.0,P
258,3395,2021-03-20T17:41:38.035000+00:00,1.0,S
259,3080,2021-03-20T17:41:34.885000+00:00,1.0,P
259,3395,2021-03-20T17:41:38.035000+00:00,1.0,S
260,3080,2021-03-20T17:41:34.885000+00:00,1.0,P
260,3395,2021-03-20T17:41:38.035000+00:00,1.0,S
261,3080,2021-03-20T17:41:34.885000+00:00,1.0,P
261,3394,2021-03-20T17:41:38.024999+00:00,1.0,S
262,3080,2021-03-20T17:41:34.885000+00:00,1.0,P
262,3394,2021-03-20T17:41:38.024999+00:00,1.0,S
263,3080,2021-03-20T17:41:34.885000+00:00,1.0,P
263,3394,2021-03-20T17:41:38.024999+00:00,1.0,S
264,3080,2021-03-20T17:41:34.885000+00:00,1.0,P
264,3394,2021-03-20T17:41:38.024999+00:00,1.0,S
265,3080,2021-03-20T17:41:34.885000+00:00,1.0,P
265,3394,2021-03-20T17:41:38.024999+00:00,1.0,S
266,3080,2021-03-20T17:41:34.885000+00:00,1.0,P
266,3393,2021-03-20T17:41:38.015000+00:00,1.0,S
267,3080,2021-03-20T17:41:34.885000+00:00,1.0,P
267,3393,2021-03-20T17:41:38.015000+00:00,1.0,S
268,3080,2021-03-20T17:41:34.885000+00:00,1.0,P
268,3393,2021-03-20T17:41:38.015000+00:00,1.0,S
269,3080,2021-03-20T17:41:34.885000+00:00,1.0,P
269,3393,2021-03-20T17:41:38.015000+00:00,1.0,S
270,3080,2021-03-20T17:41:34.885000+00:00,1.0,P
270,3393,2021-03-20T17:41:38.015000+00:00,1.0,S
271,3080,2021-03-20T17:41:34.885000+00:00,1.0,P
271,3392,2021-03-20T17:41:38.005000+00:00,1.0,S
272,3079,2021-03-20T17:41:34.875000+00:00,1.0,P
272,3392,2021-03-20T17:41:38.005000+00:00,1.0,S
273,3079,2021-03-20T17:41:34.875000+00:00,1.0,P
273,3392,2021-03-20T17:41:38.005000+00:00,1.0,S
274,3079,2021-03-20T17:41:34.875000+00:00,1.0,P
274,3392,2021-03-20T17:41:38.005000+00:00,1.0,S
275,3079,2021-03-20T17:41:34.875000+00:00,1.0,P
275,3392,2021-03-20T17:41:38.005000+00:00,1.0,S
276,3079,2021-03-20T17:41:34.875000+00:00,1.0,P
276,3392,2021-03-20T17:41:38.005000+00:00,1.0,S
277,3079,2021-03-20T17:41:34.875000+00:00,1.0,P
277,3392,2021-03-20T17:41:38.005000+00:00,1.0,S
278,3079,2021-03-20T17:41:34.875000+00:00,1.0,P
278,3392,2021-03-20T17:41:38.005000+00:00,1.0,S
279,3079,2021-03-20T17:41:34.875000+00:00,1.0,P
279,3392,2021-03-20T17:41:38.005000+00:00,1.0,S
280,3079,2021-03-20T17:41:34.875000+00:00,1.0,P
280,3392,2021-03-20T17:41:38.005000+00:00,1.0,S
281,3079,2021-03-20T17:41:34.875000+00:00,1.0,P
281,3392,2021-03-20T17:41:38.005000+00:00,1.0,S
282,3079,2021-03-20T17:41:34.875000+00:00,1.0,P
282,3392,2021-03-20T17:41:38.005000+00:00,1.0,S
283,3079,2021-03-20T17:41:34.875000+00:00,1.0,P
283,3392,2021-03-20T17:41:38.005000+00:00,1.0,S
284,3079,2021-03-20T17:41:34.875000+00:00,1.0,P
284,3392,2021-03-20T17:41:38.005000+00:00,1.0,S
285,3079,2021-03-20T17:41:34.875000+00:00,1.0,P
285,3392,2021-03-20T17:41:38.005000+00:00,1.0,S
286,3079,2021-03-20T17:41:34.875000+00:00,1.0,P
286,3392,2021-03-20T17:41:38.005000+00:00,1.0,S
287,3078,2021-03-20T17:41:34.865000+00:00,1.0,P
287,3392,2021-03-20T17:41:38.005000+00:00,1.0,S
288,3078,2021-03-20T17:41:34.865000+00:00,1.0,P
288,3392,2021-03-20T17:41:38.005000+00:00,1.0,S
289,3078,2021-03-20T17:41:34.865000+00:00,1.0,P
289,3392,2021-03-20T17:41:38.005000+00:00,1.0,S
290,3078,2021-03-20T17:41:34.865000+00:00,1.0,P
290,3392,2021-03-20T17:41:38.005000+00:00,1.0,S
291,3078,2021-03-20T17:41:34.865000+00:00,1.0,P
291,3392,2021-03-20T17:41:38.005000+00:00,1.0,S
292,3078,2021-03-20T17:41:34.865000+00:00,1.0,P
292,3392,2021-03-20T17:41:38.005000+00:00,1.0,S
293,3078,2021-03-20T17:41:34.865000+00:00,1.0,P
293,3392,2021-03-20T17:41:38.005000+00:00,1.0,S
294,3078,2021-03-20T17:41:34.865000+00:00,1.0,P
294,3392,2021-03-20T17:41:38.005000+00:00,1.0,S
295,3078,2021-03-20T17:41:34.865000+00:00,1.0,P
295,3392,2021-03-20T17:41:38.005000+00:00,1.0,S
296,3078,2021-03-20T17:41:34.865000+00:00,1.0,P
296,3392,2021-03-20T17:41:38.005000+00:00,1.0,S
297,3078,2021-03-20T17:41:34.865000+00:00,1.0,P
297,3392,2021-03-20T17:41:38.005000+00:00,1.0,S
298,3078,2021-03-20T17:41:34.865000+00:00,1.0,P
298,3392,2021-03-20T17:41:38.005000+00:00,1.0,S
299,3078,2021-03-20T17:41:34.865000+00:00,1.0,P
299,3392,2021-03-20T17:41:38.005000+00:00,1.0,S
300,3078,2021-03-20T17:41:34.865000+00:00,1.0,P
300,3392,2021-03-20T17:41:38.005000+00:00,1.0,S
301,3078,2021-03-20T17:41:34.865000+00:00,1.0,P
301,3392,2021-03-20T17:41:38.005000+00:00,1.0,S
302,3078,2021-03-20T17:41:34.865000+00:00,1.0,P
302,3392,2021-03-20T17:41:38.005000+00:00,1.0,S
303,3077,2021-03-20T17:41:34.855000+00:00,1.0,P
303,3392,2021-03-20T17:41:38.005000+00:00,1.0,S
304,3077,2021-03-20T17:41:34.855000+00:00,1.0,P
304,3392,2021-03-20T17:41:38.005000+00:00,1.0,S
305,3077,2021-03-20T17:41:34.855000+00:00,1.0,P
305,3392,2021-03-20T17:41:38.005000+00:00,1.0,S
306,3077,2021-03-20T17:41:34.855000+00:00,1.0,P
306,3392,2021-03-20T17:41:38.005000+00:00,1.0,S
307,3077,2021-03-20T17:41:34.855000+00:00,1.0,P
307,3392,2021-03-20T17:41:38.005000+00:00,1.0,S
308,3077,2021-03-20T17:41:34.855000+00:00,1.0,P
308,3392,2021-03-20T17:41:38.005000+00:00,1.0,S
309,3077,2021-03-20T17:41:34.855000+00:00,1.0,P
309,3392,2021-03-20T17:41:38.005000+00:00,1.0,S
310,3077,2021-03-20T17:41:34.855000+00:00,1.0,P
310,3392,2021-03-20T17:41:38.005000+00:00,1.0,S
311,3077,2021-03-20T17:41:34.855000+00:00,1.0,P
311,3392,2021-03-20T17:41:38.005000+00:00,1.0,S
312,3077,2021-03-20T17:41:34.855000+00:00,1.0,P
312,3392,2021-03-20T17:41:38.005000+00:00,1.0,S
313,3077,2021-03-20T17:41:34.855000+00:00,1.0,P
313,3392,2021-03-20T17:41:38.005000+00:00,1.0,S
314,3077,2021-03-20T17:41:34.855000+00:00,1.0,P
314,3392,2021-03-20T17:41:38.005000+00:00,1.0,S
315,3077,2021-03-20T17:41:34.855000+00:00,1.0,P
315,3392,2021-03-20T17:41:38.005000+00:00,1.0,S
316,3077,2021-03-20T17:41:34.855000+00:00,1.0,P
316,3392,2021-03-20T17:41:38.005000+00:00,1.0,S
317,3077,2021-03-20T17:41:34.855000+00:00,1.0,P
317,3392,2021-03-20T17:41:38.005000+00:00,1.0,S
318,3077,2021-03-20T17:41:34.855000+00:00,1.0,P
318,3392,2021-03-20T17:41:38.005000+00:00,1.0,S
319,3076,2021-03-20T17:41:34.845000+00:00,1.0,P
319,3392,2021-03-20T17:41:38.005000+00:00,1.0,S
320,3076,2021-03-20T17:41:34.845000+00:00,1.0,P
320,3392,2021-03-20T17:41:38.005000+00:00,1.0,S
321,3076,2021-03-20T17:41:34.845000+00:00,1.0,P
321,3392,2021-03-20T17:41:38.005000+00:00,1.0,S
322,3076,2021-03-20T17:41:34.845000+00:00,1.0,P
322,3392,2021-03-20T17:41:38.005000+00:00,1.0,S
323,3076,2021-03-20T17:41:34.845000+00:00,1.0,P
323,3392,2021-03-20T17:41:38.005000+00:00,1.0,S
324,3076,2021-03-20T17:41:34.845000+00:00,1.0,P
324,3392,2021-03-20T17:41:38.005000+00:00,1.0,S
325,3076,2021-03-20T17:41:34.845000+00:00,1.0,P
325,3392,2021-03-20T17:41:38.005000+00:00,1.0,S
326,3076,2021-03-20T17:41:34.845000+00:00,1.0,P
326,3392,2021-03-20T17:41:38.005000+00:00,1.0,S
327,3076,2021-03-20T17:41:34.845000+00:00,1.0,P
327,3392,2021-03-20T17:41:38.005000+00:00,1.0,S
328,3076,2021-03-20T17:41:34.845000+00:00,1.0,P
328,3392,2021-03-20T17:41:38.005000+00:00,1.0,S
329,3076,2021-03-20T17:41:34.845000+00:00,1.0,P
329,3392,2021-03-20T17:41:38.005000+00:00,1.0,S
330,3076,2021-03-20T17:41:34.845000+00:00,1.0,P
330,3392,2021-03-20T17:41:38.005000+00:00,1.0,S
331,3076,2021-03-20T17:41:34.845000+00:00,1.0,P
331,3392,2021-03-20T17:41:38.005000+00:00,1.0,S
332,3076,2021-03-20T17:41:34.845000+00:00,1.0,P
332,3392,2021-03-20T17:41:38.005000+00:00,1.0,S
333,3076,2021-03-20T17:41:34.845000+00:00,1.0,P
333,3392,2021-03-20T17:41:38.005000+00:00,1.0,S
334,3076,2021-03-20T17:41:34.845000+00:00,1.0,P
334,3392,2021-03-20T17:41:38.005000+00:00,1.0,S
335,3076,2021-03-20T17:41:34.845000+00:00,1.0,P
335,3392,2021-03-20T17:41:38.005000+00:00,1.0,S
336,3076,2021-03-20T17:41:34.845000+00:00,1.0,P
336,3392,2021-03-20T17:41:38.005000+00:00,1.0,S
337,3076,2021-03-20T17:41:34.845000+00:00,1.0,P
337,3392,2021-03-20T17:41:38.005000+00:00,1.0,S
338,3076,2021-03-20T17:41:34.845000+00:00,1.0,P
338,3392,2021-03-20T17:41:38.005000+00:00,1.0,S
339,3076,2021-03-20T17:41:34.845000+00:00,1.0,P
339,3392,2021-03-20T17:41:38.005000+00:00,1.0,S
340,3076,2021-03-20T17:41:34.845000+00:00,1.0,P
340,3392,2021-03-20T17:41:38.005000+00:00,1.0,S
341,3076,2021-03-20T17:41:34.845000+00:00,1.0,P
341,3392,2021-03-20T17:41:38.005000+00:00,1.0,S
342,3076,2021-03-20T17:41:34.845000+00:00,1.0,P
342,3392,2021-03-20T17:41:38.005000+00:00,1.0,S
343,3076,2021-03-20T17:41:34.845000+00:00,1.0,P
343,3392,2021-03-20T17:41:38.005000+00:00,1.0,S
344,3076,2021-03-20T17:41:34.845000+00:00,1.0,P
344,3392,2021-03-20T17:41:38.005000+00:00,1.0,S
345,3076,2021-03-20T17:41:34.845000+00:00,1.0,P
345,3392,2021-03-20T17:41:38.005000+00:00,1.0,S
346,3076,2021-03-20T17:41:34.845000+00:00,1.0,P
346,3392,2021-03-20T17:41:38.005000+00:00,1.0,S
347,3076,2021-03-20T17:41:34.845000+00:00,1.0,P
347,3392,2021-03-20T17:41:38.005000+00:00,1.0,S
348,3076,2021-03-20T17:41:34.845000+00:00,1.0,P
348,3392,2021-03-20T17:41:38.005000+00:00,1.0,S
349,3076,2021-03-20T17:41:34.845000+00:00,1.0,P
349,3392,2021-03-20T17:41:38.005000+00:00,1.0,S
350,3076,2021-03-20T17:41:34.845000+00:00,1.0,P
350,3392,2021-03-20T17:41:38.005000+00:00,1.0,S
351,3076,2021-03-20T17:41:34.845000+00:00,1.0,P
351,3392,2021-03-20T17:41:38.005000+00:00,1.0,S
352,3076,2021-03-20T17:41:34.845000+00:00,1.0,P
352,3392,2021-03-20T17:41:38.005000+00:00,1.0,S
353,3076,2021-03-20T17:41:34.845000+00:00,1.0,P
353,3392,2021-03-20T17:41:38.005000+00:00,1.0,S
354,3076,2021-03-20T17:41:34.845000+00:00,1.0,P
354,3392,2021-03-20T17:41:38.005000+00:00,1.0,S
355,3076,2021-03-20T17:41:34.845000+00:00,1.0,P
355,3392,2021-03-20T17:41:38.005000+00:00,1.0,S
356,3076,2021-03-20T17:41:34.845000+00:00,1.0,P
356,3392,2021-03-20T17:41:38.005000+00:00,1.0,S
357,3076,2021-03-20T17:41:34.845000+00:00,1.0,P
357,3392,2021-03-20T17:41:38.005000+00:00,1.0,S
358,3076,2021-03-20T17:41:34.845000+00:00,1.0,P
358,3392,2021-03-20T17:41:38.005000+00:00,1.0,S
359,3076,2021-03-20T17:41:34.845000+00:00,1.0,P
359,3392,2021-03-20T17:41:38.005000+00:00,1.0,S
360,3076,2021-03-20T17:41:34.845000+00:00,1.0,P
360,3392,2021-03-20T17:41:38.005000+00:00,1.0,S
361,3076,2021-03-20T17:41:34.845000+00:00,1.0,P
361,3392,2021-03-20T17:41:38.005000+00:00,1.0,S
362,3076,2021-03-20T17:41:34.845000+00:00,1.0,P
362,3392,2021-03-20T17:41:38.005000+00:00,1.0,S
363,3076,2021-03-20T17:41:34.845000+00:00,1.0,P
363,3392,2021-03-20T17:41:38.005000+00:00,1.0,S
364,3076,2021-03-20T17:41:34.845000+00:00,1.0,P
364,3392,2021-03-20T17:41:38.005000+00:00,1.0,S
365,3076,2021-03-20T17:41:34.845000+00:00,1.0,P
365,3392,2021-03-20T17:41:38.005000+00:00,1.0,S
366,3076,2021-03-20T17:41:34.845000+00:00,1.0,P
366,3393,2021-03-20T17:41:38.015000+00:00,1.0,S
367,3076,2021-03-20T17:41:34.845000+00:00,1.0,P
367,3393,2021-03-20T17:41:38.015000+00:00,1.0,S
368,3076,2021-03-20T17:41:34.845000+00:00,1.0,P
368,3393,2021-03-20T17:41:38.015000+00:00,1.0,S
369,3076,2021-03-20T17:41:34.845000+00:00,1.0,P
369,3393,2021-03-20T17:41:38.015000+00:00,1.0,S
370,3076,2021-03-20T17:41:34.845000+00:00,1.0,P
370,3393,2021-03-20T17:41:38.015000+00:00,1.0,S
371,3076,2021-03-20T17:41:34.845000+00:00,1.0,P
371,3393,2021-03-20T17:41:38.015000+00:00,1.0,S
372,3076,2021-03-20T17:41:34.845000+00:00,1.0,P
372,3393,2021-03-20T17:41:38.015000+00:00,1.0,S
373,3076,2021-03-20T17:41:34.845000+00:00,1.0,P
373,3393,2021-03-20T17:41:38.015000+00:00,1.0,S
374,3076,2021-03-20T17:41:34.845000+00:00,1.0,P
374,3393,2021-03-20T17:41:38.015000+00:00,1.0,S
375,3076,2021-03-20T17:41:34.845000+00:00,1.0,P
375,3393,2021-03-20T17:41:38.015000+00:00,1.0,S
376,3076,2021-03-20T17:41:34.845000+00:00,1.0,P
376,3393,2021-03-20T17:41:38.015000+00:00,1.0,S
377,3076,2021-03-20T17:41:34.845000+00:00,1.0,P
377,3393,2021-03-20T17:41:38.015000+00:00,1.0,S
378,3076,2021-03-20T17:41:34.845000+00:00,1.0,P
378,3393,2021-03-20T17:41:38.015000+00:00,1.0,S
379,3076,2021-03-20T17:41:34.845000+00:00,1.0,P
379,3393,2021-03-20T17:41:38.015000+00:00,1.0,S
380,3076,2021-03-20T17:41:34.845000+00:00,1.0,P
380,3393,2021-03-20T17:41:38.015000+00:00,1.0,S
381,3076,2021-03-20T17:41:34.845000+00:00,1.0,P
381,3393,2021-03-20T17:41:38.015000+00:00,1.0,S
382,3076,2021-03-20T17:41:34.845000+00:00,1.0,P
382,3393,2021-03-20T17:41:38.015000+00:00,1.0,S
383,3076,2021-03-20T17:41:34.845000+00:00,1.0,P
383,3393,2021-03-20T17:41:38.015000+00:00,1.0,S
384,3076,2021-03-20T17:41:34.845000+00:00,1.0,P
384,3393,2021-03-20T17:41:38.015000+00:00,1.0,S
385,3076,2021-03-20T17:41:34.845000+00:00,1.0,P
385,3393,2021-03-20T17:41:38.015000+00:00,1.0,S
386,3076,2021-03-20T17:41:34.845000+00:00,1.0,P
386,3393,2021-03-20T17:41:38.015000+00:00,1.0,S
387,3076,2021-03-20T17:41:34.845000+00:00,1.0,P
387,3394,2021-03-20T17:41:38.024999+00:00,1.0,S
388,3076,2021-03-20T17:41:34.845000+00:00,1.0,P
388,3394,2021-03-20T17:41:38.024999+00:00,1.0,S
389,3076,2021-03-20T17:41:34.845000+00:00,1.0,P
389,3394,2021-03-20T17:41:38.024999+00:00,1.0,S
390,3076,2021-03-20T17:41:34.845000+00:00,1.0,P
390,3394,2021-03-20T17:41:38.024999+00:00,1.0,S
391,3076,2021-03-20T17:41:34.845000+00:00,1.0,P
391,3394,2021-03-20T17:41:38.024999+00:00,1.0,S
392,3076,2021-03-20T17:41:34.845000+00:00,1.0,P
392,3394,2021-03-20T17:41:38.024999+00:00,1.0,S
393,3076,2021-03-20T17:41:34.845000+00:00,1.0,P
393,3394,2021-03-20T17:41:38.024999+00:00,1.0,S
394,3076,2021-03-20T17:41:34.845000+00:00,1.0,P
394,3394,2021-03-20T17:41:38.024999+00:00,1.0,S
395,3076,2021-03-20T17:41:34.845000+00:00,1.0,P
395,3394,2021-03-20T17:41:38.024999+00:00,1.0,S
396,3076,2021-03-20T17:41:34.845000+00:00,1.0,P
396,3394,2021-03-20T17:41:38.024999+00:00,1.0,S
397,3076,2021-03-20T17:41:34.845000+00:00,1.0,P
397,3394,2021-03-20T17:41:38.024999+00:00,1.0,S
398,3076,2021-03-20T17:41:34.845000+00:00,1.0,P
398,3394,2021-03-20T17:41:38.024999+00:00,1.0,S
399,3076,2021-03-20T17:41:34.845000+00:00,1.0,P
399,3394,2021-03-20T17:41:38.024999+00:00,1.0,S
400,3076,2021-03-20T17:41:34.845000+00:00,1.0,P
400,3394,2021-03-20T17:41:38.024999+00:00,1.0,S
401,3076,2021-03-20T17:41:34.845000+00:00,1.0,P
401,3394,2021-03-20T17:41:38.024999+00:00,1.0,S
402,3076,2021-03-20T17:41:34.845000+00:00,1.0,P
402,3395,2021-03-20T17:41:38.035000+00:00,1.0,S
403,3076,2021-03-20T17:41:34.845000+00:00,1.0,P
403,3395,2021-03-20T17:41:38.035000+00:00,1.0,S
404,3076,2021-03-20T17:41:34.845000+00:00,1.0,P
404,3395,2021-03-20T17:41:38.035000+00:00,1.0,S
405,3076,2021-03-20T17:41:34.845000+00:00,1.0,P
405,3395,2021-03-20T17:41:38.035000+00:00,1.0,S
406,3076,2021-03-20T17:41:34.845000+00:00,1.0,P
406,3395,2021-03-20T17:41:38.035000+00:00,1.0,S
407,3076,2021-03-20T17:41:34.845000+00:00,1.0,P
407,3395,2021-03-20T17:41:38.035000+00:00,1.0,S
408,3076,2021-03-20T17:41:34.845000+00:00,1.0,P
408,3395,2021-03-20T17:41:38.035000+00:00,1.0,S
409,3076,2021-03-20T17:41:34.845000+00:00,1.0,P
409,3395,2021-03-20T17:41:38.035000+00:00,1.0,S
410,3076,2021-03-20T17:41:34.845000+00:00,1.0,P
410,3395,2021-03-20T17:41:38.035000+00:00,1.0,S
411,3076,2021-03-20T17:41:34.845000+00:00,1.0,P
411,3395,2021-03-20T17:41:38.035000+00:00,1.0,S
412,3076,2021-03-20T17:41:34.845000+00:00,1.0,P
412,3395,2021-03-20T17:41:38.035000+00:00,1.0,S
413,3076,2021-03-20T17:41:34.845000+00:00,1.0,P
413,3395,2021-03-20T17:41:38.035000+00:00,1.0,S
414,3076,2021-03-20T17:41:34.845000+00:00,1.0,P
414,3395,2021-03-20T17:41:38.035000+00:00,1.0,S
415,3076,2021-03-20T17:41:34.845000+00:00,1.0,P
415,3395,2021-03-20T17:41:38.035000+00:00,1.0,S
416,3076,2021-03-20T17:41:34.845000+00:00,1.0,P
416,3395,2021-03-20T17:41:38.035000+00:00,1.0,S
417,3076,2021-03-20T17:41:34.845000+00:00,1.0,P
417,3395,2021-03-20T17:41:38.035000+00:00,1.0,S
418,3076,2021-03-20T17:41:34.845000+00:00,1.0,P
418,3395,2021-03-20T17:41:38.035000+00:00,1.0,S
419,3076,2021-03-20T17:41:34.845000+00:00,1.0,P
419,3395,2021-03-20T17:41:38.035000+00:00,1.0,S
420,3076,2021-03-20T17:41:34.845000+00:00,1.0,P
420,3395,2021-03-20T17:41:38.035000+00:00,1.0,S
421,3076,2021-03-20T17:41:34.845000+00:00,1.0,P
421,3395,2021-03-20T17:41:38.035000+00:00,1.0,S
422,3076,2021-03-20T17:41:34.845000+00:00,1.0,P
422,3395,2021-03-20T17:41:38.035000+00:00,1.0,S
423,3076,2021-03-20T17:41:34.845000+00:00,1.0,P
423,3395,2021-03-20T17:41:38.035000+00:00,1.0,S
424,3076,2021-03-20T17:41:34.845000+00:00,1.0,P
424,3395,2021-03-20T17:41:38.035000+00:00,1.0,S
425,3076,2021-03-20T17:41:34.845000+00:00,1.0,P
425,3395,2021-03-20T17:41:38.035000+00:00,1.0,S
426,3076,2021-03-20T17:41:34.845000+00:00,1.0,P
426,3395,2021-03-20T17:41:38.035000+00:00,1.0,S
427,3076,2021-03-20T17:41:34.845000+00:00,1.0,P
427,3395,2021-03-20T17:41:38.035000+00:00,1.0,S
428,3076,2021-03-20T17:41:34.845000+00:00,1.0,P
428,3395,2021-03-20T17:41:38.035000+00:00,1.0,S
429,3076,2021-03-20T17:41:34.845000+00:00,1.0,P
429,3395,2021-03-20T17:41:38.035000+00:00,1.0,S
430,3076,2021-03-20T17:41:34.845000+00:00,1.0,P
430,3395,2021-03-20T17:41:38.035000+00:00,1.0,S
431,3076,2021-03-20T17:41:34.845000+00:00,1.0,P
431,3395,2021-03-20T17:41:38.035000+00:00,1.0,S
432,3076,2021-03-20T17:41:34.845000+00:00,1.0,P
432,3396,2021-03-20T17:41:38.045000+00:00,1.0,S
433,3076,2021-03-20T17:41:34.845000+00:00,1.0,P
433,3396,2021-03-20T17:41:38.045000+00:00,1.0,S
434,3076,2021-03-20T17:41:34.845000+00:00,1.0,P
434,3396,2021-03-20T17:41:38.045000+00:00,1.0,S
435,3077,2021-03-20T17:41:34.855000+00:00,1.0,P
435,3396,2021-03-20T17:41:38.045000+00:00,1.0,S
436,3077,2021-03-20T17:41:34.855000+00:00,1.0,P
436,3396,2021-03-20T17:41:38.045000+00:00,1.0,S
437,3077,2021-03-20T17:41:34.855000+00:00,1.0,P
437,3396,2021-03-20T17:41:38.045000+00:00,1.0,S
438,3077,2021-03-20T17:41:34.855000+00:00,1.0,P
438,3396,2021-03-20T17:41:38.045000+00:00,1.0,S
439,3077,2021-03-20T17:41:34.855000+00:00,1.0,P
439,3396,2021-03-20T17:41:38.045000+00:00,1.0,S
440,3077,2021-03-20T17:41:34.855000+00:00,1.0,P
440,3396,2021-03-20T17:41:38.045000+00:00,1.0,S
441,3077,2021-03-20T17:41:34.855000+00:00,1.0,P
441,3396,2021-03-20T17:41:38.045000+00:00,1.0,S
442,3077,2021-03-20T17:41:34.855000+00:00,1.0,P
442,3396,2021-03-20T17:41:38.045000+00:00,1.0,S
443,3077,2021-03-20T17:41:34.855000+00:00,1.0,P
443,3396,2021-03-20T17:41:38.045000+00:00,1.0,S
444,3077,2021-03-20T17:41:34.855000+00:00,1.0,P
444,3396,2021-03-20T17:41:38.045000+00:00,1.0,S
445,3077,2021-03-20T17:41:34.855000+00:00,1.0,P
445,3396,2021-03-20T17:41:38.045000+00:00,1.0,S
446,3077,2021-03-20T17:41:34.855000+00:00,1.0,P
446,3396,2021-03-20T17:41:38.045000+00:00,1.0,S
447,3077,2021-03-20T17:41:34.855000+00:00,1.0,P
447,3396,2021-03-20T17:41:38.045000+00:00,1.0,S
448,3077,2021-03-20T17:41:34.855000+00:00,1.0,P
448,3395,2021-03-20T17:41:38.035000+00:00,1.0,S
449,3077,2021-03-20T17:41:34.855000+00:00,1.0,P
449,3395,2021-03-20T17:41:38.035000+00:00,1.0,S
450,3077,2021-03-20T17:41:34.855000+00:00,1.0,P
450,3395,2021-03-20T17:41:38.035000+00:00,1.0,S
451,3077,2021-03-20T17:41:34.855000+00:00,1.0,P
451,3395,2021-03-20T17:41:38.035000+00:00,1.0,S
452,3077,2021-03-20T17:41:34.855000+00:00,1.0,P
452,3395,2021-03-20T17:41:38.035000+00:00,1.0,S
453,3077,2021-03-20T17:41:34.855000+00:00,1.0,P
453,3395,2021-03-20T17:41:38.035000+00:00,1.0,S
454,3077,2021-03-20T17:41:34.855000+00:00,1.0,P
454,3395,2021-03-20T17:41:38.035000+00:00,1.0,S
455,3077,2021-03-20T17:41:34.855000+00:00,1.0,P
455,3395,2021-03-20T17:41:38.035000+00:00,1.0,S
456,3077,2021-03-20T17:41:34.855000+00:00,1.0,P
456,3395,2021-03-20T17:41:38.035000+00:00,1.0,S
457,3077,2021-03-20T17:41:34.855000+00:00,1.0,P
457,3395,2021-03-20T17:41:38.035000+00:00,1.0,S
458,3077,2021-03-20T17:41:34.855000+00:00,1.0,P
458,3395,2021-03-20T17:41:38.035000+00:00,1.0,S
459,3077,2021-03-20T17:41:34.855000+00:00,1.0,P
459,3395,2021-03-20T17:41:38.035000+00:00,1.0,S
460,3077,2021-03-20T17:41:34.855000+00:00,1.0,P
460,3395,2021-03-20T17:41:38.035000+00:00,1.0,S
461,3077,2021-03-20T17:41:34.855000+00:00,1.0,P
461,3395,2021-03-20T17:41:38.035000+00:00,1.0,S
462,3077,2021-03-20T17:41:34.855000+00:00,1.0,P
462,3395,2021-03-20T17:41:38.035000+00:00,1.0,S
463,3077,2021-03-20T17:41:34.855000+00:00,1.0,P
463,3395,2021-03-20T17:41:38.035000+00:00,1.0,S
464,3077,2021-03-20T17:41:34.855000+00:00,1.0,P
464,3395,2021-03-20T17:41:38.035000+00:00,1.0,S
465,3077,2021-03-20T17:41:34.855000+00:00,1.0,P
465,3395,2021-03-20T17:41:38.035000+00:00,1.0,S
466,3077,2021-03-20T17:41:34.855000+00:00,1.0,P
466,3395,2021-03-20T17:41:38.035000+00:00,1.0,S
467,3077,2021-03-20T17:41:34.855000+00:00,1.0,P
467,3395,2021-03-20T17:41:38.035000+00:00,1.0,S
468,3077,2021-03-20T17:41:34.855000+00:00,1.0,P
468,3395,2021-03-20T17:41:38.035000+00:00,1.0,S
469,3077,2021-03-20T17:41:34.855000+00:00,1.0,P
469,3395,2021-03-20T17:41:38.035000+00:00,1.0,S
470,3077,2021-03-20T17:41:34.855000+00:00,1.0,P
470,3395,2021-03-20T17:41:38.035000+00:00,1.0,S
471,3077,2021-03-20T17:41:34.855000+00:00,1.0,P
471,3395,2021-03-20T17:41:38.035000+00:00,1.0,S
472,3077,2021-03-20T17:41:34.855000+00:00,1.0,P
472,3395,2021-03-20T17:41:38.035000+00:00,1.0,S
473,3077,2021-03-20T17:41:34.855000+00:00,1.0,P
473,3395,2021-03-20T17:41:38.035000+00:00,1.0,S
474,3077,2021-03-20T17:41:34.855000+00:00,1.0,P
474,3395,2021-03-20T17:41:38.035000+00:00,1.0,S
475,3077,2021-03-20T17:41:34.855000+00:00,1.0,P
475,3395,2021-03-20T17:41:38.035000+00:00,1.0,S
476,3077,2021-03-20T17:41:34.855000+00:00,1.0,P
476,3395,2021-03-20T17:41:38.035000+00:00,1.0,S
477,3077,2021-03-20T17:41:34.855000+00:00,1.0,P
477,3395,2021-03-20T17:41:38.035000+00:00,1.0,S
478,3077,2021-03-20T17:41:34.855000+00:00,1.0,P
478,3395,2021-03-20T17:41:38.035000+00:00,1.0,S
479,3077,2021-03-20T17:41:34.855000+00:00,1.0,P
479,3395,2021-03-20T17:41:38.035000+00:00,1.0,S
480,3077,2021-03-20T17:41:34.855000+00:00,1.0,P
480,3395,2021-03-20T17:41:38.035000+00:00,1.0,S
481,3077,2021-03-20T17:41:34.855000+00:00,1.0,P
481,3395,2021-03-20T17:41:38.035000+00:00,1.0,S
482,3077,2021-03-20T17:41:34.855000+00:00,1.0,P
482,3395,2021-03-20T17:41:38.035000+00:00,1.0,S
483,3077,2021-03-20T17:41:34.855000+00:00,1.0,P
483,3395,2021-03-20T17:41:38.035000+00:00,1.0,S
484,3077,2021-03-20T17:41:34.855000+00:00,1.0,P
484,3395,2021-03-20T17:41:38.035000+00:00,1.0,S
485,3077,2021-03-20T17:41:34.855000+00:00,1.0,P
485,3395,2021-03-20T17:41:38.035000+00:00,1.0,S
486,3077,2021-03-20T17:41:34.855000+00:00,1.0,P
486,3395,2021-03-20T17:41:38.035000+00:00,1.0,S
487,3077,2021-03-20T17:41:34.855000+00:00,1.0,P
487,3395,2021-03-20T17:41:38.035000+00:00,1.0,S
488,3076,2021-03-20T17:41:34.845000+00:00,1.0,P
488,3395,2021-03-20T17:41:38.035000+00:00,1.0,S
489,3076,2021-03-20T17:41:34.845000+00:00,1.0,P
489,3395,2021-03-20T17:41:38.035000+00:00,1.0,S
490,3076,2021-03-20T17:41:34.845000+00:00,1.0,P
490,3395,2021-03-20T17:41:38.035000+00:00,1.0,S
491,3076,2021-03-20T17:41:34.845000+00:00,1.0,P
491,3395,2021-03-20T17:41:38.035000+00:00,1.0,S
492,3076,2021-03-20T17:41:34.845000+00:00,1.0,P
492,3395,2021-03-20T17:41:38.035000+00:00,1.0,S
493,3076,2021-03-20T17:41:34.845000+00:00,1.0,P
493,3395,2021-03-20T17:41:38.035000+00:00,1.0,S
494,3076,2021-03-20T17:41:34.845000+00:00,1.0,P
494,3395,2021-03-20T17:41:38.035000+00:00,1.0,S
495,3076,2021-03-20T17:41:34.845000+00:00,1.0,P
495,3394,2021-03-20T17:41:38.024999+00:00,1.0,S
496,3076,2021-03-20T17:41:34.845000+00:00,1.0,P
496,3394,2021-03-20T17:41:38.024999+00:00,1.0,S
497,3076,2021-03-20T17:41:34.845000+00:00,1.0,P
497,3394,2021-03-20T17:41:38.024999+00:00,1.0,S
498,3076,2021-03-20T17:41:34.845000+00:00,1.0,P
498,3394,2021-03-20T17:41:38.024999+00:00,1.0,S
499,3076,2021-03-20T17:41:34.845000+00:00,1.0,P
499,3394,2021-03-20T17:41:38.024999+00:00,1.0,S
500,3076,2021-03-20T17:41:34.845000+00:00,1.0,P
500,3394,2021-03-20T17:41:38.024999+00:00,1.0,S
501,3076,2021-03-20T17:41:34.845000+00:00,1.0,P
501,3394,2021-03-20T17:41:38.024999+00:00,1.0,S
502,3076,2021-03-20T17:41:34.845000+00:00,1.0,P
502,3394,2021-03-20T17:41:38.024999+00:00,1.0,S
503,3076,2021-03-20T17:41:34.845000+00:00,1.0,P
503,3394,2021-03-20T17:41:38.024999+00:00,1.0,S
504,3075,2021-03-20T17:41:34.835000+00:00,1.0,P
504,3393,2021-03-20T17:41:38.015000+00:00,1.0,S
505,3075,2021-03-20T17:41:34.835000+00:00,1.0,P
505,3393,2021-03-20T17:41:38.015000+00:00,1.0,S
506,3075,2021-03-20T17:41:34.835000+00:00,1.0,P
506,3393,2021-03-20T17:41:38.015000+00:00,1.0,S
507,3075,2021-03-20T17:41:34.835000+00:00,1.0,P
507,3393,2021-03-20T17:41:38.015000+00:00,1.0,S
508,3075,2021-03-20T17:41:34.835000+00:00,1.0,P
508,3393,2021-03-20T17:41:38.015000+00:00,1.0,S
509,3075,2021-03-20T17:41:34.835000+00:00,1.0,P
509,3393,2021-03-20T17:41:38.015000+00:00,1.0,S
510,3075,2021-03-20T17:41:34.835000+00:00,1.0,P
510,3392,2021-03-20T17:41:38.005000+00:00,1.0,S
511,3075,2021-03-20T17:41:34.835000+00:00,1.0,P
511,3392,2021-03-20T17:41:38.005000+00:00,1.0,S
512,3075,2021-03-20T17:41:34.835000+00:00,1.0,P
512,3392,2021-03-20T17:41:38.005000+00:00,1.0,S
513,3075,2021-03-20T17:41:34.835000+00:00,1.0,P
513,3392,2021-03-20T17:41:38.005000+00:00,1.0,S
514,3075,2021-03-20T17:41:34.835000+00:00,1.0,P
514,3392,2021-03-20T17:41:38.005000+00:00,1.0,S
515,3075,2021-03-20T17:41:34.835000+00:00,1.0,P
515,3391,2021-03-20T17:41:37.995000+00:00,1.0,S
516,3075,2021-03-20T17:41:34.835000+00:00,1.0,P
516,3391,2021-03-20T17:41:37.995000+00:00,1.0,S
517,3075,2021-03-20T17:41:34.835000+00:00,1.0,P
517,3391,2021-03-20T17:41:37.995000+00:00,1.0,S
518,3074,2021-03-20T17:41:34.825000+00:00,1.0,P
518,3391,2021-03-20T17:41:37.995000+00:00,1.0,S
519,3074,2021-03-20T17:41:34.825000+00:00,1.0,P
519,3391,2021-03-20T17:41:37.995000+00:00,1.0,S
520,3074,2021-03-20T17:41:34.825000+00:00,1.0,P
520,3391,2021-03-20T17:41:37.995000+00:00,1.0,S
521,3074,2021-03-20T17:41:34.825000+00:00,1.0,P
521,3390,2021-03-20T17:41:37.985000+00:00,1.0,S
522,3074,2021-03-20T17:41:34.825000+00:00,1.0,P
522,3390,2021-03-20T17:41:37.985000+00:00,1.0,S
523,3074,2021-03-20T17:41:34.825000+00:00,1.0,P
523,3390,2021-03-20T17:41:37.985000+00:00,1.0,S
524,3074,2021-03-20T17:41:34.825000+00:00,1.0,P
524,3390,2021-03-20T17:41:37.985000+00:00,1.0,S
525,3074,2021-03-20T17:41:34.825000+00:00,1.0,P
525,3390,2021-03-20T17:41:37.985000+00:00,1.0,S
526,3074,2021-03-20T17:41:34.825000+00:00,1.0,P
526,3390,2021-03-20T17:41:37.985000+00:00,1.0,S
527,3074,2021-03-20T17:41:34.825000+00:00,1.0,P
527,3390,2021-03-20T17:41:37.985000+00:00,1.0,S
528,3074,2021-03-20T17:41:34.825000+00:00,1.0,P
528,3390,2021-03-20T17:41:37.985000+00:00,1.0,S
529,3074,2021-03-20T17:41:34.825000+00:00,1.0,P
529,3389,2021-03-20T17:41:37.975000+00:00,1.0,S
530,3073,2021-03-20T17:41:34.815000+00:00,1.0,P
530,3389,2021-03-20T17:41:37.975000+00:00,1.0,S
531,3073,2021-03-20T17:41:34.815000+00:00,1.0,P
531,3389,2021-03-20T17:41:37.975000+00:00,1.0,S
532,3073,2021-03-20T17:41:34.815000+00:00,1.0,P
532,3389,2021-03-20T17:41:37.975000+00:00,1.0,S
533,3073,2021-03-20T17:41:34.815000+00:00,1.0,P
533,3389,2021-03-20T17:41:37.975000+00:00,1.0,S
534,3073,2021-03-20T17:41:34.815000+00:00,1.0,P
534,3389,2021-03-20T17:41:37.975000+00:00,1.0,S
535,3073,2021-03-20T17:41:34.815000+00:00,1.0,P
535,3389,2021-03-20T17:41:37.975000+00:00,1.0,S
536,3073,2021-03-20T17:41:34.815000+00:00,1.0,P
536,3389,2021-03-20T17:41:37.975000+00:00,1.0,S
537,3073,2021-03-20T17:41:34.815000+00:00,1.0,P
537,3389,2021-03-20T17:41:37.975000+00:00,1.0,S
538,3073,2021-03-20T17:41:34.815000+00:00,1.0,P
538,3389,2021-03-20T17:41:37.975000+00:00,1.0,S
539,3073,2021-03-20T17:41:34.815000+00:00,1.0,P
539,3389,2021-03-20T17:41:37.975000+00:00,1.0,S
540,3073,2021-03-20T17:41:34.815000+00:00,1.0,P
540,3389,2021-03-20T17:41:37.975000+00:00,1.0,S
541,3073,2021-03-20T17:41:34.815000+00:00,1.0,P
541,3388,2021-03-20T17:41:37.965000+00:00,1.0,S
542,3072,2021-03-20T17:41:34.805000+00:00,1.0,P
542,3388,2021-03-20T17:41:37.965000+00:00,1.0,S
543,3072,2021-03-20T17:41:34.805000+00:00,1.0,P
543,3388,2021-03-20T17:41:37.965000+00:00,1.0,S
544,3072,2021-03-20T17:41:34.805000+00:00,1.0,P
544,3388,2021-03-20T17:41:37.965000+00:00,1.0,S
545,3072,2021-03-20T17:41:34.805000+00:00,1.0,P
545,3388,2021-03-20T17:41:37.965000+00:00,1.0,S
546,3072,2021-03-20T17:41:34.805000+00:00,1.0,P
546,3388,2021-03-20T17:41:37.965000+00:00,1.0,S
547,3072,2021-03-20T17:41:34.805000+00:00,1.0,P
547,3387,2021-03-20T17:41:37.954999+00:00,1.0,S
548,3072,2021-03-20T17:41:34.805000+00:00,1.0,P
548,3387,2021-03-20T17:41:37.954999+00:00,1.0,S
549,3072,2021-03-20T17:41:34.805000+00:00,1.0,P
549,3387,2021-03-20T17:41:37.954999+00:00,1.0,S
550,3072,2021-03-20T17:41:34.805000+00:00,1.0,P
550,3387,2021-03-20T17:41:37.954999+00:00,1.0,S
551,3072,2021-03-20T17:41:34.805000+00:00,1.0,P
551,3387,2021-03-20T17:41:37.954999+00:00,1.0,S
552,3071,2021-03-20T17:41:34.795000+00:00,1.0,P
552,3387,2021-03-20T17:41:37.954999+00:00,1.0,S
553,3071,2021-03-20T17:41:34.795000+00:00,1.0,P
553,3386,2021-03-20T17:41:37.945000+00:00,1.0,S
554,3071,2021-03-20T17:41:34.795000+00:00,1.0,P
554,3386,2021-03-20T17:41:37.945000+00:00,1.0,S
555,3071,2021-03-20T17:41:34.795000+00:00,1.0,P
555,3386,2021-03-20T17:41:37.945000+00:00,1.0,S
556,3071,2021-03-20T17:41:34.795000+00:00,1.0,P
556,3386,2021-03-20T17:41:37.945000+00:00,1.0,S
557,3071,2021-03-20T17:41:34.795000+00:00,1.0,P
557,3386,2021-03-20T17:41:37.945000+00:00,1.0,S
558,3071,2021-03-20T17:41:34.795000+00:00,1.0,P
558,3386,2021-03-20T17:41:37.945000+00:00,1.0,S
559,3071,2021-03-20T17:41:34.795000+00:00,1.0,P
559,3385,2021-03-20T17:41:37.935000+00:00,1.0,S
560,3071,2021-03-20T17:41:34.795000+00:00,1.0,P
560,3385,2021-03-20T17:41:37.935000+00:00,1.0,S
561,3071,2021-03-20T17:41:34.795000+00:00,1.0,P
561,3385,2021-03-20T17:41:37.935000+00:00,1.0,S
562,3071,2021-03-20T17:41:34.795000+00:00,1.0,P
562,3385,2021-03-20T17:41:37.935000+00:00,1.0,S
563,3070,2021-03-20T17:41:34.785000+00:00,1.0,P
563,3384,2021-03-20T17:41:37.925000+00:00,1.0,S
564,3070,2021-03-20T17:41:34.785000+00:00,1.0,P
564,3384,2021-03-20T17:41:37.925000+00:00,1.0,S
565,3070,2021-03-20T17:41:34.785000+00:00,1.0,P
565,3384,2021-03-20T17:41:37.925000+00:00,1.0,S
566,3070,2021-03-20T17:41:34.785000+00:00,1.0,P
566,3383,2021-03-20T17:41:37.915000+00:00,1.0,S
567,3070,2021-03-20T17:41:34.785000+00:00,1.0,P
567,3383,2021-03-20T17:41:37.915000+00:00,1.0,S
568,3070,2021-03-20T17:41:34.785000+00:00,1.0,P
568,3383,2021-03-20T17:41:37.915000+00:00,1.0,S
569,3070,2021-03-20T17:41:34.785000+00:00,1.0,P
569,3383,2021-03-20T17:41:37.915000+00:00,1.0,S
570,3070,2021-03-20T17:41:34.785000+00:00,1.0,P
570,3382,2021-03-20T17:41:37.905000+00:00,1.0,S
571,3070,2021-03-20T17:41:34.785000+00:00,1.0,P
571,3382,2021-03-20T17:41:37.905000+00:00,1.0,S
572,3069,2021-03-20T17:41:34.775000+00:00,1.0,P
572,3382,2021-03-20T17:41:37.905000+00:00,1.0,S
573,3069,2021-03-20T17:41:34.775000+00:00,1.0,P
573,3382,2021-03-20T17:41:37.905000+00:00,1.0,S
574,3069,2021-03-20T17:41:34.775000+00:00,1.0,P
574,3382,2021-03-20T17:41:37.905000+00:00,1.0,S
575,3069,2021-03-20T17:41:34.775000+00:00,1.0,P
575,3381,2021-03-20T17:41:37.895000+00:00,1.0,S
576,3069,2021-03-20T17:41:34.775000+00:00,1.0,P
576,3381,2021-03-20T17:41:37.895000+00:00,1.0,S
577,3069,2021-03-20T17:41:34.775000+00:00,1.0,P
577,3381,2021-03-20T17:41:37.895000+00:00,1.0,S
578,3069,2021-03-20T17:41:34.775000+00:00,1.0,P
578,3381,2021-03-20T17:41:37.895000+00:00,1.0,S
579,3069,2021-03-20T17:41:34.775000+00:00,1.0,P
579,3381,2021-03-20T17:41:37.895000+00:00,1.0,S
580,3068,2021-03-20T17:41:34.765000+00:00,1.0,P
580,3381,2021-03-20T17:41:37.895000+00:00,1.0,S
581,3068,2021-03-20T17:41:34.765000+00:00,1.0,P
581,3381,2021-03-20T17:41:37.895000+00:00,1.0,S
582,3068,2021-03-20T17:41:34.765000+00:00,1.0,P
582,3381,2021-03-20T17:41:37.895000+00:00,1.0,S
583,3068,2021-03-20T17:41:34.765000+00:00,1.0,P
583,3381,2021-03-20T17:41:37.895000+00:00,1.0,S
584,3068,2021-03-20T17:41:34.765000+00:00,1.0,P
584,3380,2021-03-20T17:41:37.884999+00:00,1.0,S
585,3068,2021-03-20T17:41:34.765000+00:00,1.0,P
585,3380,2021-03-20T17:41:37.884999+00:00,1.0,S
586,3068,2021-03-20T17:41:34.765000+00:00,1.0,P
586,3380,2021-03-20T17:41:37.884999+00:00,1.0,S
587,3068,2021-03-20T17:41:34.765000+00:00,1.0,P
587,3380,2021-03-20T17:41:37.884999+00:00,1.0,S
588,3068,2021-03-20T17:41:34.765000+00:00,1.0,P
588,3380,2021-03-20T17:41:37.884999+00:00,1.0,S
589,3067,2021-03-20T17:41:34.755000+00:00,1.0,P
589,3380,2021-03-20T17:41:37.884999+00:00,1.0,S
590,3067,2021-03-20T17:41:34.755000+00:00,1.0,P
590,3380,2021-03-20T17:41:37.884999+00:00,1.0,S
591,3067,2021-03-20T17:41:34.755000+00:00,1.0,P
591,3380,2021-03-20T17:41:37.884999+00:00,1.0,S
592,3067,2021-03-20T17:41:34.755000+00:00,1.0,P
592,3380,2021-03-20T17:41:37.884999+00:00,1.0,S
593,3067,2021-03-20T17:41:34.755000+00:00,1.0,P
593,3380,2021-03-20T17:41:37.884999+00:00,1.0,S
594,3067,2021-03-20T17:41:34.755000+00:00,1.0,P
594,3379,2021-03-20T17:41:37.875000+00:00,1.0,S
595,3067,2021-03-20T17:41:34.755000+00:00,1.0,P
595,3379,2021-03-20T17:41:37.875000+00:00,1.0,S
596,3067,2021-03-20T17:41:34.755000+00:00,1.0,P
596,3379,2021-03-20T17:41:37.875000+00:00,1.0,S
597,3067,2021-03-20T17:41:34.755000+00:00,1.0,P
597,3379,2021-03-20T17:41:37.875000+00:00,1.0,S
598,3067,2021-03-20T17:41:34.755000+00:00,1.0,P
598,3379,2021-03-20T17:41:37.875000+00:00,1.0,S
599,3067,2021-03-20T17:41:34.755000+00:00,1.0,P
599,3379,2021-03-20T17:41:37.875000+00:00,1.0,S
600,3066,2021-03-20T17:41:34.745000+00:00,1.0,P
600,3379,2021-03-20T17:41:37.875000+00:00,1.0,S
601,3066,2021-03-20T17:41:34.745000+00:00,1.0,P
601,3379,2021-03-20T17:41:37.875000+00:00,1.0,S
602,3066,2021-03-20T17:41:34.745000+00:00,1.0,P
602,3379,2021-03-20T17:41:37.875000+00:00,1.0,S
603,3066,2021-03-20T17:41:34.745000+00:00,1.0,P
603,3379,2021-03-20T17:41:37.875000+00:00,1.0,S
604,3066,2021-03-20T17:41:34.745000+00:00,1.0,P
604,3378,2021-03-20T17:41:37.865000+00:00,1.0,S
605,3066,2021-03-20T17:41:34.745000+00:00,1.0,P
605,3378,2021-03-20T17:41:37.865000+00:00,1.0,S
606,3066,2021-03-20T17:41:34.745000+00:00,1.0,P
606,3378,2021-03-20T17:41:37.865000+00:00,1.0,S
607,3066,2021-03-20T17:41:34.745000+00:00,1.0,P
607,3378,2021-03-20T17:41:37.865000+00:00,1.0,S
608,3066,2021-03-20T17:41:34.745000+00:00,1.0,P
608,3378,2021-03-20T17:41:37.865000+00:00,1.0,S
609,3066,2021-03-20T17:41:34.745000+00:00,1.0,P
609,3378,2021-03-20T17:41:37.865000+00:00,1.0,S
610,3065,2021-03-20T17:41:34.735000+00:00,1.0,P
610,3378,2021-03-20T17:41:37.865000+00:00,1.0,S
611,3065,2021-03-20T17:41:34.735000+00:00,1.0,P
611,3378,2021-03-20T17:41:37.865000+00:00,1.0,S
612,3065,2021-03-20T17:41:34.735000+00:00,1.0,P
612,3378,2021-03-20T17:41:37.865000+00:00,1.0,S
613,3065,2021-03-20T17:41:34.735000+00:00,1.0,P
613,3378,2021-03-20T17:41:37.865000+00:00,1.0,S
614,3065,2021-03-20T17:41:34.735000+00:00,1.0,P
614,3378,2021-03-20T17:41:37.865000+00:00,1.0,S
615,3065,2021-03-20T17:41:34.735000+00:00,1.0,P
615,3378,2021-03-20T17:41:37.865000+00:00,1.0,S
616,3065,2021-03-20T17:41:34.735000+00:00,1.0,P
616,3378,2021-03-20T17:41:37.865000+00:00,1.0,S
617,3065,2021-03-20T17:41:34.735000+00:00,1.0,P
617,3378,2021-03-20T17:41:37.865000+00:00,1.0,S
618,3065,2021-03-20T17:41:34.735000+00:00,1.0,P
618,3378,2021-03-20T17:41:37.865000+00:00,1.0,S
619,3065,2021-03-20T17:41:34.735000+00:00,1.0,P
619,3378,2021-03-20T17:41:37.865000+00:00,1.0,S
620,3064,2021-03-20T17:41:34.725000+00:00,1.0,P
620,3378,2021-03-20T17:41:37.865000+00:00,1.0,S
621,3064,2021-03-20T17:41:34.725000+00:00,1.0,P
621,3377,2021-03-20T17:41:37.855000+00:00,1.0,S
622,3064,2021-03-20T17:41:34.725000+00:00,1.0,P
622,3377,2021-03-20T17:41:37.855000+00:00,1.0,S
623,3064,2021-03-20T17:41:34.725000+00:00,1.0,P
623,3377,2021-03-20T17:41:37.855000+00:00,1.0,S
624,3064,2021-03-20T17:41:34.725000+00:00,1.0,P
624,3377,2021-03-20T17:41:37.855000+00:00,1.0,S
625,3064,2021-03-20T17:41:34.725000+00:00,1.0,P
625,3377,2021-03-20T17:41:37.855000+00:00,1.0,S
626,3064,2021-03-20T17:41:34.725000+00:00,1.0,P
626,3377,2021-03-20T17:41:37.855000+00:00,1.0,S
627,3064,2021-03-20T17:41:34.725000+00:00,1.0,P
627,3377,2021-03-20T17:41:37.855000+00:00,1.0,S
628,3063,2021-03-20T17:41:34.715000+00:00,1.0,P
628,3377,2021-03-20T17:41:37.855000+00:00,1.0,S
629,3063,2021-03-20T17:41:34.715000+00:00,1.0,P
629,3377,2021-03-20T17:41:37.855000+00:00,1.0,S
630,3063,2021-03-20T17:41:34.715000+00:00,1.0,P
630,3377,2021-03-20T17:41:37.855000+00:00,1.0,S
631,3063,2021-03-20T17:41:34.715000+00:00,1.0,P
631,3377,2021-03-20T17:41:37.855000+00:00,1.0,S
632,3063,2021-03-20T17:41:34.715000+00:00,1.0,P
632,3377,2021-03-20T17:41:37.855000+00:00,1.0,S
633,3063,2021-03-20T17:41:34.715000+00:00,1.0,P
633,3377,2021-03-20T17:41:37.855000+00:00,1.0,S
634,3063,2021-03-20T17:41:34.715000+00:00,1.0,P
634,3377,2021-03-20T17:41:37.855000+00:00,1.0,S
635,3063,2021-03-20T17:41:34.715000+00:00,1.0,P
635,3376,2021-03-20T17:41:37.844999+00:00,1.0,S
636,3063,2021-03-20T17:41:34.715000+00:00,1.0,P
636,3376,2021-03-20T17:41:37.844999+00:00,1.0,S
637,3062,2021-03-20T17:41:34.705000+00:00,1.0,P
637,3376,2021-03-20T17:41:37.844999+00:00,1.0,S
638,3062,2021-03-20T17:41:34.705000+00:00,1.0,P
638,3376,2021-03-20T17:41:37.844999+00:00,1.0,S
639,3062,2021-03-20T17:41:34.705000+00:00,1.0,P
639,3376,2021-03-20T17:41:37.844999+00:00,1.0,S
640,3062,2021-03-20T17:41:34.705000+00:00,1.0,P
640,3376,2021-03-20T17:41:37.844999+00:00,1.0,S
641,3062,2021-03-20T17:41:34.705000+00:00,1.0,P
641,3376,2021-03-20T17:41:37.844999+00:00,1.0,S
642,3062,2021-03-20T17:41:34.705000+00:00,1.0,P
642,3376,2021-03-20T17:41:37.844999+00:00,1.0,S
643,3062,2021-03-20T17:41:34.705000+00:00,1.0,P
643,3376,2021-03-20T17:41:37.844999+00:00,1.0,S
644,3062,2021-03-20T17:41:34.705000+00:00,1.0,P
644,3376,2021-03-20T17:41:37.844999+00:00,1.0,S
645,3061,2021-03-20T17:41:34.695000+00:00,1.0,P
645,3376,2021-03-20T17:41:37.844999+00:00,1.0,S
646,3061,2021-03-20T17:41:34.695000+00:00,1.0,P
646,3376,2021-03-20T17:41:37.844999+00:00,1.0,S
647,3061,2021-03-20T17:41:34.695000+00:00,1.0,P
647,3376,2021-03-20T17:41:37.844999+00:00,1.0,S
648,3061,2021-03-20T17:41:34.695000+00:00,1.0,P
648,3376,2021-03-20T17:41:37.844999+00:00,1.0,S
649,3061,2021-03-20T17:41:34.695000+00:00,1.0,P
649,3376,2021-03-20T17:41:37.844999+00:00,1.0,S
650,3061,2021-03-20T17:41:34.695000+00:00,1.0,P
650,3376,2021-03-20T17:41:37.844999+00:00,1.0,S
651,3061,2021-03-20T17:41:34.695000+00:00,1.0,P
651,3376,2021-03-20T17:41:37.844999+00:00,1.0,S
652,3061,2021-03-20T17:41:34.695000+00:00,1.0,P
652,3376,2021-03-20T17:41:37.844999+00:00,1.0,S
653,3061,2021-03-20T17:41:34.695000+00:00,1.0,P
653,3376,2021-03-20T17:41:37.844999+00:00,1.0,S
654,3060,2021-03-20T17:41:34.685000+00:00,1.0,P
654,3376,2021-03-20T17:41:37.844999+00:00,1.0,S
655,3060,2021-03-20T17:41:34.685000+00:00,1.0,P
655,3376,2021-03-20T17:41:37.844999+00:00,1.0,S
656,3060,2021-03-20T17:41:34.685000+00:00,1.0,P
656,3376,2021-03-20T17:41:37.844999+00:00,1.0,S
657,3060,2021-03-20T17:41:34.685000+00:00,1.0,P
657,3376,2021-03-20T17:41:37.844999+00:00,1.0,S
658,3060,2021-03-20T17:41:34.685000+00:00,1.0,P
658,3376,2021-03-20T17:41:37.844999+00:00,1.0,S
659,3060,2021-03-20T17:41:34.685000+00:00,1.0,P
659,3376,2021-03-20T17:41:37.844999+00:00,1.0,S
660,3060,2021-03-20T17:41:34.685000+00:00,1.0,P
660,3376,2021-03-20T17:41:37.844999+00:00,1.0,S
661,3060,2021-03-20T17:41:34.685000+00:00,1.0,P
661,3376,2021-03-20T17:41:37.844999+00:00,1.0,S
662,3059,2021-03-20T17:41:34.675000+00:00,1.0,P
662,3376,2021-03-20T17:41:37.844999+00:00,1.0,S
663,3059,2021-03-20T17:41:34.675000+00:00,1.0,P
663,3376,2021-03-20T17:41:37.844999+00:00,1.0,S
664,3059,2021-03-20T17:41:34.675000+00:00,1.0,P
664,3375,2021-03-20T17:41:37.835000+00:00,1.0,S
665,3059,2021-03-20T17:41:34.675000+00:00,1.0,P
665,3375,2021-03-20T17:41:37.835000+00:00,1.0,S
666,3059,2021-03-20T17:41:34.675000+00:00,1.0,P
666,3375,2021-03-20T17:41:37.835000+00:00,1.0,S
667,3059,2021-03-20T17:41:34.675000+00:00,1.0,P
667,3375,2021-03-20T17:41:37.835000+00:00,1.0,S
668,3059,2021-03-20T17:41:34.675000+00:00,1.0,P
668,3375,2021-03-20T17:41:37.835000+00:00,1.0,S
669,3059,2021-03-20T17:41:34.675000+00:00,1.0,P
669,3375,2021-03-20T17:41:37.835000+00:00,1.0,S
670,3058,2021-03-20T17:41:34.665000+00:00,1.0,P
670,3375,2021-03-20T17:41:37.835000+00:00,1.0,S
671,3058,2021-03-20T17:41:34.665000+00:00,1.0,P
671,3375,2021-03-20T17:41:37.835000+00:00,1.0,S
672,3058,2021-03-20T17:41:34.665000+00:00,1.0,P
672,3375,2021-03-20T17:41:37.835000+00:00,1.0,S
673,3058,2021-03-20T17:41:34.665000+00:00,1.0,P
673,3375,2021-03-20T17:41:37.835000+00:00,1.0,S
674,3058,2021-03-20T17:41:34.665000+00:00,1.0,P
674,3375,2021-03-20T17:41:37.835000+00:00,1.0,S
675,3058,2021-03-20T17:41:34.665000+00:00,1.0,P
675,3375,2021-03-20T17:41:37.835000+00:00,1.0,S
676,3058,2021-03-20T17:41:34.665000+00:00,1.0,P
676,3375,2021-03-20T17:41:37.835000+00:00,1.0,S
677,3058,2021-03-20T17:41:34.665000+00:00,1.0,P
677,3375,2021-03-20T17:41:37.835000+00:00,1.0,S
678,3057,2021-03-20T17:41:34.655000+00:00,1.0,P
678,3375,2021-03-20T17:41:37.835000+00:00,1.0,S
679,3057,2021-03-20T17:41:34.655000+00:00,1.0,P
679,3375,2021-03-20T17:41:37.835000+00:00,1.0,S
680,3057,2021-03-20T17:41:34.655000+00:00,1.0,P
680,3375,2021-03-20T17:41:37.835000+00:00,1.0,S
681,3057,2021-03-20T17:41:34.655000+00:00,1.0,P
681,3375,2021-03-20T17:41:37.835000+00:00,1.0,S
682,3057,2021-03-20T17:41:34.655000+00:00,1.0,P
682,3375,2021-03-20T17:41:37.835000+00:00,1.0,S
683,3057,2021-03-20T17:41:34.655000+00:00,1.0,P
683,3375,2021-03-20T17:41:37.835000+00:00,1.0,S
684,3057,2021-03-20T17:41:34.655000+00:00,1.0,P
684,3375,2021-03-20T17:41:37.835000+00:00,1.0,S
685,3057,2021-03-20T17:41:34.655000+00:00,1.0,P
685,3375,2021-03-20T17:41:37.835000+00:00,1.0,S
686,3056,2021-03-20T17:41:34.645000+00:00,1.0,P
686,3375,2021-03-20T17:41:37.835000+00:00,1.0,S
687,3056,2021-03-20T17:41:34.645000+00:00,1.0,P
687,3375,2021-03-20T17:41:37.835000+00:00,1.0,S
688,3056,2021-03-20T17:41:34.645000+00:00,1.0,P
688,3375,2021-03-20T17:41:37.835000+00:00,1.0,S
689,3056,2021-03-20T17:41:34.645000+00:00,1.0,P
689,3374,2021-03-20T17:41:37.825000+00:00,1.0,S
690,3056,2021-03-20T17:41:34.645000+00:00,1.0,P
690,3374,2021-03-20T17:41:37.825000+00:00,1.0,S
691,3056,2021-03-20T17:41:34.645000+00:00,1.0,P
691,3374,2021-03-20T17:41:37.825000+00:00,1.0,S
692,3056,2021-03-20T17:41:34.645000+00:00,1.0,P
692,3374,2021-03-20T17:41:37.825000+00:00,1.0,S
693,3056,2021-03-20T17:41:34.645000+00:00,1.0,P
693,3374,2021-03-20T17:41:37.825000+00:00,1.0,S
694,3056,2021-03-20T17:41:34.645000+00:00,1.0,P
694,3374,2021-03-20T17:41:37.825000+00:00,1.0,S
695,3056,2021-03-20T17:41:34.645000+00:00,1.0,P
695,3374,2021-03-20T17:41:37.825000+00:00,1.0,S
696,3056,2021-03-20T17:41:34.645000+00:00,1.0,P
696,3373,2021-03-20T17:41:37.815000+00:00,1.0,S
697,3055,2021-03-20T17:41:34.635000+00:00,1.0,P
697,3373,2021-03-20T17:41:37.815000+00:00,1.0,S
698,3055,2021-03-20T17:41:34.635000+00:00,1.0,P
698,3373,2021-03-20T17:41:37.815000+00:00,1.0,S
699,3055,2021-03-20T17:41:34.635000+00:00,1.0,P
699,3373,2021-03-20T17:41:37.815000+00:00,1.0,S
700,3055,2021-03-20T17:41:34.635000+00:00,1.0,P
700,3373,2021-03-20T17:41:37.815000+00:00,1.0,S
701,3055,2021-03-20T17:41:34.635000+00:00,1.0,P
701,3373,2021-03-20T17:41:37.815000+00:00,1.0,S
702,3055,2021-03-20T17:41:34.635000+00:00,1.0,P
702,3373,2021-03-20T17:41:37.815000+00:00,1.0,S
703,3055,2021-03-20T17:41:34.635000+00:00,1.0,P
703,3372,2021-03-20T17:41:37.805000+00:00,1.0,S
704,3055,2021-03-20T17:41:34.635000+00:00,1.0,P
704,3372,2021-03-20T17:41:37.805000+00:00,1.0,S
705,3055,2021-03-20T17:41:34.635000+00:00,1.0,P
705,3372,2021-03-20T17:41:37.805000+00:00,1.0,S
706,3055,2021-03-20T17:41:34.635000+00:00,1.0,P
706,3372,2021-03-20T17:41:37.805000+00:00,1.0,S
707,3055,2021-03-20T17:41:34.635000+00:00,1.0,P
707,3372,2021-03-20T17:41:37.805000+00:00,1.0,S
708,3054,2021-03-20T17:41:34.625000+00:00,1.0,P
708,3372,2021-03-20T17:41:37.805000+00:00,1.0,S
709,3054,2021-03-20T17:41:34.625000+00:00,1.0,P
709,3372,2021-03-20T17:41:37.805000+00:00,1.0,S
710,3054,2021-03-20T17:41:34.625000+00:00,1.0,P
710,3372,2021-03-20T17:41:37.805000+00:00,1.0,S
711,3054,2021-03-20T17:41:34.625000+00:00,1.0,P
711,3372,2021-03-20T17:41:37.805000+00:00,1.0,S
712,3054,2021-03-20T17:41:34.625000+00:00,1.0,P
712,3372,2021-03-20T17:41:37.805000+00:00,1.0,S
713,3054,2021-03-20T17:41:34.625000+00:00,1.0,P
713,3372,2021-03-20T17:41:37.805000+00:00,1.0,S
714,3054,2021-03-20T17:41:34.625000+00:00,1.0,P
714,3372,2021-03-20T17:41:37.805000+00:00,1.0,S
715,3054,2021-03-20T17:41:34.625000+00:00,1.0,P
715,3372,2021-03-20T17:41:37.805000+00:00,1.0,S
716,3054,2021-03-20T17:41:34.625000+00:00,1.0,P
716,3372,2021-03-20T17:41:37.805000+00:00,1.0,S
717,3054,2021-03-20T17:41:34.625000+00:00,1.0,P
717,3372,2021-03-20T17:41:37.805000+00:00,1.0,S
718,3054,2021-03-20T17:41:34.625000+00:00,1.0,P
718,3372,2021-03-20T17:41:37.805000+00:00,1.0,S
719,3054,2021-03-20T17:41:34.625000+00:00,1.0,P
719,3372,2021-03-20T17:41:37.805000+00:00,1.0,S
720,3054,2021-03-20T17:41:34.625000+00:00,1.0,P
720,3371,2021-03-20T17:41:37.795000+00:00,1.0,S
721,3054,2021-03-20T17:41:34.625000+00:00,1.0,P
721,3371,2021-03-20T17:41:37.795000+00:00,1.0,S
722,3054,2021-03-20T17:41:34.625000+00:00,1.0,P
722,3371,2021-03-20T17:41:37.795000+00:00,1.0,S
723,3054,2021-03-20T17:41:34.625000+00:00,1.0,P
723,3371,2021-03-20T17:41:37.795000+00:00,1.0,S
724,3054,2021-03-20T17:41:34.625000+00:00,1.0,P
724,3371,2021-03-20T17:41:37.795000+00:00,1.0,S
725,3054,2021-03-20T17:41:34.625000+00:00,1.0,P
725,3371,2021-03-20T17:41:37.795000+00:00,1.0,S
726,3054,2021-03-20T17:41:34.625000+00:00,1.0,P
726,3371,2021-03-20T17:41:37.795000+00:00,1.0,S
727,3054,2021-03-20T17:41:34.625000+00:00,1.0,P
727,3371,2021-03-20T17:41:37.795000+00:00,1.0,S
728,3053,2021-03-20T17:41:34.615000+00:00,1.0,P
728,3371,2021-03-20T17:41:37.795000+00:00,1.0,S
729,3053,2021-03-20T17:41:34.615000+00:00,1.0,P
729,3371,2021-03-20T17:41:37.795000+00:00,1.0,S
730,3053,2021-03-20T17:41:34.615000+00:00,1.0,P
730,3371,2021-03-20T17:41:37.795000+00:00,1.0,S
731,3053,2021-03-20T17:41:34.615000+00:00,1.0,P
731,3371,2021-03-20T17:41:37.795000+00:00,1.0,S
732,3053,2021-03-20T17:41:34.615000+00:00,1.0,P
732,3370,2021-03-20T17:41:37.785000+00:00,1.0,S
733,3053,2021-03-20T17:41:34.615000+00:00,1.0,P
733,3370,2021-03-20T17:41:37.785000+00:00,1.0,S
734,3053,2021-03-20T17:41:34.615000+00:00,1.0,P
734,3370,2021-03-20T17:41:37.785000+00:00,1.0,S
735,3053,2021-03-20T17:41:34.615000+00:00,1.0,P
735,3370,2021-03-20T17:41:37.785000+00:00,1.0,S
736,3053,2021-03-20T17:41:34.615000+00:00,1.0,P
736,3370,2021-03-20T17:41:37.785000+00:00,1.0,S
737,3053,2021-03-20T17:41:34.615000+00:00,1.0,P
737,3370,2021-03-20T17:41:37.785000+00:00,1.0,S
738,3053,2021-03-20T17:41:34.615000+00:00,1.0,P
738,3369,2021-03-20T17:41:37.774999+00:00,1.0,S
739,3053,2021-03-20T17:41:34.615000+00:00,1.0,P
739,3369,2021-03-20T17:41:37.774999+00:00,1.0,S
740,3053,2021-03-20T17:41:34.615000+00:00,1.0,P
740,3369,2021-03-20T17:41:37.774999+00:00,1.0,S
741,3053,2021-03-20T17:41:34.615000+00:00,1.0,P
741,3369,2021-03-20T17:41:37.774999+00:00,1.0,S
742,3053,2021-03-20T17:41:34.615000+00:00,1.0,P
742,3369,2021-03-20T17:41:37.774999+00:00,1.0,S
743,3053,2021-03-20T17:41:34.615000+00:00,1.0,P
743,3369,2021-03-20T17:41:37.774999+00:00,1.0,S
744,3053,2021-03-20T17:41:34.615000+00:00,1.0,P
744,3369,2021-03-20T17:41:37.774999+00:00,1.0,S
745,3053,2021-03-20T17:41:34.615000+00:00,1.0,P
745,3369,2021-03-20T17:41:37.774999+00:00,1.0,S
746,3052,2021-03-20T17:41:34.605000+00:00,1.0,P
746,3369,2021-03-20T17:41:37.774999+00:00,1.0,S
747,3052,2021-03-20T17:41:34.605000+00:00,1.0,P
747,3369,2021-03-20T17:41:37.774999+00:00,1.0,S
748,3052,2021-03-20T17:41:34.605000+00:00,1.0,P
748,3369,2021-03-20T17:41:37.774999+00:00,1.0,S
749,3052,2021-03-20T17:41:34.605000+00:00,1.0,P
749,3369,2021-03-20T17:41:37.774999+00:00,1.0,S
750,3052,2021-03-20T17:41:34.605000+00:00,1.0,P
750,3369,2021-03-20T17:41:37.774999+00:00,1.0,S
751,3052,2021-03-20T17:41:34.605000+00:00,1.0,P
751,3369,2021-03-20T17:41:37.774999+00:00,1.0,S
752,3052,2021-03-20T17:41:34.605000+00:00,1.0,P
752,3368,2021-03-20T17:41:37.765000+00:00,1.0,S
753,3052,2021-03-20T17:41:34.605000+00:00,1.0,P
753,3368,2021-03-20T17:41:37.765000+00:00,1.0,S
754,3052,2021-03-20T17:41:34.605000+00:00,1.0,P
754,3368,2021-03-20T17:41:37.765000+00:00,1.0,S
755,3052,2021-03-20T17:41:34.605000+00:00,1.0,P
755,3368,2021-03-20T17:41:37.765000+00:00,1.0,S
756,3052,2021-03-20T17:41:34.605000+00:00,1.0,P
756,3368,2021-03-20T17:41:37.765000+00:00,1.0,S
757,3052,2021-03-20T17:41:34.605000+00:00,1.0,P
757,3368,2021-03-20T17:41:37.765000+00:00,1.0,S
758,3052,2021-03-20T17:41:34.605000+00:00,1.0,P
758,3368,2021-03-20T17:41:37.765000+00:00,1.0,S
759,3052,2021-03-20T17:41:34.605000+00:00,1.0,P
759,3368,2021-03-20T17:41:37.765000+00:00,1.0,S
760,3052,2021-03-20T17:41:34.605000+00:00,1.0,P
760,3368,2021-03-20T17:41:37.765000+00:00,1.0,S
761,3052,2021-03-20T17:41:34.605000+00:00,1.0,P
761,3368,2021-03-20T17:41:37.765000+00:00,1.0,S
762,3052,2021-03-20T17:41:34.605000+00:00,1.0,P
762,3368,2021-03-20T17:41:37.765000+00:00,1.0,S
763,3052,2021-03-20T17:41:34.605000+00:00,1.0,P
763,3368,2021-03-20T17:41:37.765000+00:00,1.0,S
764,3051,2021-03-20T17:41:34.595000+00:00,1.0,P
764,3368,2021-03-20T17:41:37.765000+00:00,1.0,S
765,3051,2021-03-20T17:41:34.595000+00:00,1.0,P
765,3368,2021-03-20T17:41:37.765000+00:00,1.0,S
766,3051,2021-03-20T17:41:34.595000+00:00,1.0,P
766,3368,2021-03-20T17:41:37.765000+00:00,1.0,S
767,3051,2021-03-20T17:41:34.595000+00:00,1.0,P
767,3368,2021-03-20T17:41:37.765000+00:00,1.0,S
768,3051,2021-03-20T17:41:34.595000+00:00,1.0,P
768,3368,2021-03-20T17:41:37.765000+00:00,1.0,S
769,3051,2021-03-20T17:41:34.595000+00:00,1.0,P
769,3368,2021-03-20T17:41:37.765000+00:00,1.0,S
770,3051,2021-03-20T17:41:34.595000+00:00,1.0,P
770,3368,2021-03-20T17:41:37.765000+00:00,1.0,S
771,3051,2021-03-20T17:41:34.595000+00:00,1.0,P
771,3368,2021-03-20T17:41:37.765000+00:00,1.0,S
772,3051,2021-03-20T17:41:34.595000+00:00,1.0,P
772,3368,2021-03-20T17:41:37.765000+00:00,1.0,S
773,3051,2021-03-20T17:41:34.595000+00:00,1.0,P
773,3368,2021-03-20T17:41:37.765000+00:00,1.0,S
774,3051,2021-03-20T17:41:34.595000+00:00,1.0,P
774,3368,2021-03-20T17:41:37.765000+00:00,1.0,S
775,3051,2021-03-20T17:41:34.595000+00:00,1.0,P
775,3367,2021-03-20T17:41:37.755000+00:00,1.0,S
776,3051,2021-03-20T17:41:34.595000+00:00,1.0,P
776,3367,2021-03-20T17:41:37.755000+00:00,1.0,S
777,3051,2021-03-20T17:41:34.595000+00:00,1.0,P
777,3367,2021-03-20T17:41:37.755000+00:00,1.0,S
778,3051,2021-03-20T17:41:34.595000+00:00,1.0,P
778,3367,2021-03-20T17:41:37.755000+00:00,1.0,S
779,3051,2021-03-20T17:41:34.595000+00:00,1.0,P
779,3367,2021-03-20T17:41:37.755000+00:00,1.0,S
780,3051,2021-03-20T17:41:34.595000+00:00,1.0,P
780,3367,2021-03-20T17:41:37.755000+00:00,1.0,S
781,3051,2021-03-20T17:41:34.595000+00:00,1.0,P
781,3367,2021-03-20T17:41:37.755000+00:00,1.0,S
782,3051,2021-03-20T17:41:34.595000+00:00,1.0,P
782,3367,2021-03-20T17:41:37.755000+00:00,1.0,S
783,3051,2021-03-20T17:41:34.595000+00:00,1.0,P
783,3367,2021-03-20T17:41:37.755000+00:00,1.0,S
784,3050,2021-03-20T17:41:34.585000+00:00,1.0,P
784,3367,2021-03-20T17:41:37.755000+00:00,1.0,S
785,3050,2021-03-20T17:41:34.585000+00:00,1.0,P
785,3367,2021-03-20T17:41:37.755000+00:00,1.0,S
786,3050,2021-03-20T17:41:34.585000+00:00,1.0,P
786,3367,2021-03-20T17:41:37.755000+00:00,1.0,S
787,3050,2021-03-20T17:41:34.585000+00:00,1.0,P
787,3367,2021-03-20T17:41:37.755000+00:00,1.0,S
788,3050,2021-03-20T17:41:34.585000+00:00,1.0,P
788,3367,2021-03-20T17:41:37.755000+00:00,1.0,S
789,3050,2021-03-20T17:41:34.585000+00:00,1.0,P
789,3367,2021-03-20T17:41:37.755000+00:00,1.0,S
790,3050,2021-03-20T17:41:34.585000+00:00,1.0,P
790,3367,2021-03-20T17:41:37.755000+00:00,1.0,S
791,3050,2021-03-20T17:41:34.585000+00:00,1.0,P
791,3367,2021-03-20T17:41:37.755000+00:00,1.0,S
792,3050,2021-03-20T17:41:34.585000+00:00,1.0,P
792,3367,2021-03-20T17:41:37.755000+00:00,1.0,S
793,3050,2021-03-20T17:41:34.585000+00:00,1.0,P
793,3367,2021-03-20T17:41:37.755000+00:00,1.0,S
794,3050,2021-03-20T17:41:34.585000+00:00,1.0,P
794,3367,2021-03-20T17:41:37.755000+00:00,1.0,S
795,3050,2021-03-20T17:41:34.585000+00:00,1.0,P
795,3367,2021-03-20T17:41:37.755000+00:00,1.0,S
796,3050,2021-03-20T17:41:34.585000+00:00,1.0,P
796,3367,2021-03-20T17:41:37.755000+00:00,1.0,S
797,3049,2021-03-20T17:41:34.575000+00:00,1.0,P
797,3367,2021-03-20T17:41:37.755000+00:00,1.0,S
798,3049,2021-03-20T17:41:34.575000+00:00,1.0,P
798,3367,2021-03-20T17:41:37.755000+00:00,1.0,S
799,3049,2021-03-20T17:41:34.575000+00:00,1.0,P
799,3367,2021-03-20T17:41:37.755000+00:00,1.0,S
800,3049,2021-03-20T17:41:34.575000+00:00,1.0,P
800,3367,2021-03-20T17:41:37.755000+00:00,1.0,S
801,3049,2021-03-20T17:41:34.575000+00:00,1.0,P
801,3367,2021-03-20T17:41:37.755000+00:00,1.0,S
802,3049,2021-03-20T17:41:34.575000+00:00,1.0,P
802,3367,2021-03-20T17:41:37.755000+00:00,1.0,S
803,3049,2021-03-20T17:41:34.575000+00:00,1.0,P
803,3367,2021-03-20T17:41:37.755000+00:00,1.0,S
804,3049,2021-03-20T17:41:34.575000+00:00,1.0,P
804,3367,2021-03-20T17:41:37.755000+00:00,1.0,S
805,3049,2021-03-20T17:41:34.575000+00:00,1.0,P
805,3367,2021-03-20T17:41:37.755000+00:00,1.0,S
806,3049,2021-03-20T17:41:34.575000+00:00,1.0,P
806,3367,2021-03-20T17:41:37.755000+00:00,1.0,S
807,3049,2021-03-20T17:41:34.575000+00:00,1.0,P
807,3367,2021-03-20T17:41:37.755000+00:00,1.0,S
808,3049,2021-03-20T17:41:34.575000+00:00,1.0,P
808,3367,2021-03-20T17:41:37.755000+00:00,1.0,S
809,3049,2021-03-20T17:41:34.575000+00:00,1.0,P
809,3367,2021-03-20T17:41:37.755000+00:00,1.0,S
810,3049,2021-03-20T17:41:34.575000+00:00,1.0,P
810,3367,2021-03-20T17:41:37.755000+00:00,1.0,S
811,3049,2021-03-20T17:41:34.575000+00:00,1.0,P
811,3367,2021-03-20T17:41:37.755000+00:00,1.0,S
812,3048,2021-03-20T17:41:34.565000+00:00,1.0,P
812,3367,2021-03-20T17:41:37.755000+00:00,1.0,S
813,3048,2021-03-20T17:41:34.565000+00:00,1.0,P
813,3366,2021-03-20T17:41:37.745000+00:00,1.0,S
814,3048,2021-03-20T17:41:34.565000+00:00,1.0,P
814,3366,2021-03-20T17:41:37.745000+00:00,1.0,S
815,3048,2021-03-20T17:41:34.565000+00:00,1.0,P
815,3366,2021-03-20T17:41:37.745000+00:00,1.0,S
816,3048,2021-03-20T17:41:34.565000+00:00,1.0,P
816,3366,2021-03-20T17:41:37.745000+00:00,1.0,S
817,3048,2021-03-20T17:41:34.565000+00:00,1.0,P
817,3366,2021-03-20T17:41:37.745000+00:00,1.0,S
818,3048,2021-03-20T17:41:34.565000+00:00,1.0,P
818,3366,2021-03-20T17:41:37.745000+00:00,1.0,S
819,3048,2021-03-20T17:41:34.565000+00:00,1.0,P
819,3366,2021-03-20T17:41:37.745000+00:00,1.0,S
820,3048,2021-03-20T17:41:34.565000+00:00,1.0,P
820,3366,2021-03-20T17:41:37.745000+00:00,1.0,S
821,3048,2021-03-20T17:41:34.565000+00:00,1.0,P
821,3366,2021-03-20T17:41:37.745000+00:00,1.0,S
822,3048,2021-03-20T17:41:34.565000+00:00,1.0,P
822,3366,2021-03-20T17:41:37.745000+00:00,1.0,S
823,3048,2021-03-20T17:41:34.565000+00:00,1.0,P
823,3366,2021-03-20T17:41:37.745000+00:00,1.0,S
824,3048,2021-03-20T17:41:34.565000+00:00,1.0,P
824,3366,2021-03-20T17:41:37.745000+00:00,1.0,S
825,3048,2021-03-20T17:41:34.565000+00:00,1.0,P
825,3366,2021-03-20T17:41:37.745000+00:00,1.0,S
826,3048,2021-03-20T17:41:34.565000+00:00,1.0,P
826,3366,2021-03-20T17:41:37.745000+00:00,1.0,S
827,3048,2021-03-20T17:41:34.565000+00:00,1.0,P
827,3366,2021-03-20T17:41:37.745000+00:00,1.0,S
828,3048,2021-03-20T17:41:34.565000+00:00,1.0,P
828,3367,2021-03-20T17:41:37.755000+00:00,1.0,S
829,3048,2021-03-20T17:41:34.565000+00:00,1.0,P
829,3367,2021-03-20T17:41:37.755000+00:00,1.0,S
830,3048,2021-03-20T17:41:34.565000+00:00,1.0,P
830,3367,2021-03-20T17:41:37.755000+00:00,1.0,S
831,3048,2021-03-20T17:41:34.565000+00:00,1.0,P
831,3367,2021-03-20T17:41:37.755000+00:00,1.0,S
832,3048,2021-03-20T17:41:34.565000+00:00,1.0,P
832,3367,2021-03-20T17:41:37.755000+00:00,1.0,S
833,3048,2021-03-20T17:41:34.565000+00:00,1.0,P
833,3367,2021-03-20T17:41:37.755000+00:00,1.0,S
834,3048,2021-03-20T17:41:34.565000+00:00,1.0,P
834,3367,2021-03-20T17:41:37.755000+00:00,1.0,S
835,3048,2021-03-20T17:41:34.565000+00:00,1.0,P
835,3367,2021-03-20T17:41:37.755000+00:00,1.0,S
836,3048,2021-03-20T17:41:34.565000+00:00,1.0,P
836,3367,2021-03-20T17:41:37.755000+00:00,1.0,S
837,3047,2021-03-20T17:41:34.555000+00:00,1.0,P
837,3367,2021-03-20T17:41:37.755000+00:00,1.0,S
838,3047,2021-03-20T17:41:34.555000+00:00,1.0,P
838,3367,2021-03-20T17:41:37.755000+00:00,1.0,S
839,3047,2021-03-20T17:41:34.555000+00:00,1.0,P
839,3367,2021-03-20T17:41:37.755000+00:00,1.0,S
840,3047,2021-03-20T17:41:34.555000+00:00,1.0,P
840,3367,2021-03-20T17:41:37.755000+00:00,1.0,S
841,3047,2021-03-20T17:41:34.555000+00:00,1.0,P
841,3367,2021-03-20T17:41:37.755000+00:00,1.0,S
842,3047,2021-03-20T17:41:34.555000+00:00,1.0,P
842,3367,2021-03-20T17:41:37.755000+00:00,1.0,S
843,3047,2021-03-20T17:41:34.555000+00:00,1.0,P
843,3367,2021-03-20T17:41:37.755000+00:00,1.0,S
844,3047,2021-03-20T17:41:34.555000+00:00,1.0,P
844,3368,2021-03-20T17:41:37.765000+00:00,1.0,S
845,3047,2021-03-20T17:41:34.555000+00:00,1.0,P
845,3368,2021-03-20T17:41:37.765000+00:00,1.0,S
846,3047,2021-03-20T17:41:34.555000+00:00,1.0,P
846,3368,2021-03-20T17:41:37.765000+00:00,1.0,S
847,3047,2021-03-20T17:41:34.555000+00:00,1.0,P
847,3368,2021-03-20T17:41:37.765000+00:00,1.0,S
848,3047,2021-03-20T17:41:34.555000+00:00,1.0,P
848,3368,2021-03-20T17:41:37.765000+00:00,1.0,S
849,3047,2021-03-20T17:41:34.555000+00:00,1.0,P
849,3368,2021-03-20T17:41:37.765000+00:00,1.0,S
850,3047,2021-03-20T17:41:34.555000+00:00,1.0,P
850,3368,2021-03-20T17:41:37.765000+00:00,1.0,S
851,3047,2021-03-20T17:41:34.555000+00:00,1.0,P
851,3368,2021-03-20T17:41:37.765000+00:00,1.0,S
852,3047,2021-03-20T17:41:34.555000+00:00,1.0,P
852,3367,2021-03-20T17:41:37.755000+00:00,1.0,S
853,3047,2021-03-20T17:41:34.555000+00:00,1.0,P
853,3368,2021-03-20T17:41:37.765000+00:00,1.0,S
854,3048,2021-03-20T17:41:34.565000+00:00,1.0,P
854,3368,2021-03-20T17:41:37.765000+00:00,1.0,S
855,3048,2021-03-20T17:41:34.565000+00:00,1.0,P
855,3368,2021-03-20T17:41:37.765000+00:00,1.0,S
856,3048,2021-03-20T17:41:34.565000+00:00,1.0,P
856,3368,2021-03-20T17:41:37.765000+00:00,1.0,S
857,3048,2021-03-20T17:41:34.565000+00:00,1.0,P
857,3368,2021-03-20T17:41:37.765000+00:00,1.0,S
858,3048,2021-03-20T17:41:34.565000+00:00,1.0,P
858,3368,2021-03-20T17:41:37.765000+00:00,1.0,S
859,3048,2021-03-20T17:41:34.565000+00:00,1.0,P
859,3368,2021-03-20T17:41:37.765000+00:00,1.0,S
860,3048,2021-03-20T17:41:34.565000+00:00,1.0,P
860,3368,2021-03-20T17:41:37.765000+00:00,1.0,S
861,3048,2021-03-20T17:41:34.565000+00:00,1.0,P
861,3369,2021-03-20T17:41:37.774999+00:00,1.0,S
862,3048,2021-03-20T17:41:34.565000+00:00,1.0,P
862,3369,2021-03-20T17:41:37.774999+00:00,1.0,S
863,3048,2021-03-20T17:41:34.565000+00:00,1.0,P
863,3369,2021-03-20T17:41:37.774999+00:00,1.0,S
864,3048,2021-03-20T17:41:34.565000+00:00,1.0,P
864,3369,2021-03-20T17:41:37.774999+00:00,1.0,S
865,3048,2021-03-20T17:41:34.565000+00:00,1.0,P
865,3369,2021-03-20T17:41:37.774999+00:00,1.0,S
866,3048,2021-03-20T17:41:34.565000+00:00,1.0,P
866,3370,2021-03-20T17:41:37.785000+00:00,1.0,S
867,3048,2021-03-20T17:41:34.565000+00:00,1.0,P
867,3370,2021-03-20T17:41:37.785000+00:00,1.0,S
868,3048,2021-03-20T17:41:34.565000+00:00,1.0,P
868,3370,2021-03-20T17:41:37.785000+00:00,1.0,S
869,3048,2021-03-20T17:41:34.565000+00:00,1.0,P
869,3370,2021-03-20T17:41:37.785000+00:00,1.0,S
870,3048,2021-03-20T17:41:34.565000+00:00,1.0,P
870,3370,2021-03-20T17:41:37.785000+00:00,1.0,S
871,3048,2021-03-20T17:41:34.565000+00:00,1.0,P
871,3371,2021-03-20T17:41:37.795000+00:00,1.0,S
872,3048,2021-03-20T17:41:34.565000+00:00,1.0,P
872,3371,2021-03-20T17:41:37.795000+00:00,1.0,S
873,3048,2021-03-20T17:41:34.565000+00:00,1.0,P
873,3371,2021-03-20T17:41:37.795000+00:00,1.0,S
874,3048,2021-03-20T17:41:34.565000+00:00,1.0,P
874,3371,2021-03-20T17:41:37.795000+00:00,1.0,S
875,3048,2021-03-20T17:41:34.565000+00:00,1.0,P
875,3371,2021-03-20T17:41:37.795000+00:00,1.0,S
876,3048,2021-03-20T17:41:34.565000+00:00,1.0,P
876,3372,2021-03-20T17:41:37.805000+00:00,1.0,S
877,3048,2021-03-20T17:41:34.565000+00:00,1.0,P
877,3372,2021-03-20T17:41:37.805000+00:00,1.0,S
878,3048,2021-03-20T17:41:34.565000+00:00,1.0,P
878,3372,2021-03-20T17:41:37.805000+00:00,1.0,S
879,3048,2021-03-20T17:41:34.565000+00:00,1.0,P
879,3372,2021-03-20T17:41:37.805000+00:00,1.0,S
880,3048,2021-03-20T17:41:34.565000+00:00,1.0,P
880,3372,2021-03-20T17:41:37.805000+00:00,1.0,S
881,3048,2021-03-20T17:41:34.565000+00:00,1.0,P
881,3372,2021-03-20T17:41:37.805000+00:00,1.0,S
882,3048,2021-03-20T17:41:34.565000+00:00,1.0,P
882,3373,2021-03-20T17:41:37.815000+00:00,1.0,S
883,3048,2021-03-20T17:41:34.565000+00:00,1.0,P
883,3373,2021-03-20T17:41:37.815000+00:00,1.0,S
884,3048,2021-03-20T17:41:34.565000+00:00,1.0,P
884,3373,2021-03-20T17:41:37.815000+00:00,1.0,S
885,3048,2021-03-20T17:41:34.565000+00:00,1.0,P
885,3373,2021-03-20T17:41:37.815000+00:00,1.0,S
886,3048,2021-03-20T17:41:34.565000+00:00,1.0,P
886,3373,2021-03-20T17:41:37.815000+00:00,1.0,S
887,3048,2021-03-20T17:41:34.565000+00:00,1.0,P
887,3373,2021-03-20T17:41:37.815000+00:00,1.0,S
888,3048,2021-03-20T17:41:34.565000+00:00,1.0,P
888,3374,2021-03-20T17:41:37.825000+00:00,1.0,S
889,3048,2021-03-20T17:41:34.565000+00:00,1.0,P
889,3374,2021-03-20T17:41:37.825000+00:00,1.0,S
890,3048,2021-03-20T17:41:34.565000+00:00,1.0,P
890,3374,2021-03-20T17:41:37.825000+00:00,1.0,S
891,3048,2021-03-20T17:41:34.565000+00:00,1.0,P
891,3374,2021-03-20T17:41:37.825000+00:00,1.0,S
892,3048,2021-03-20T17:41:34.565000+00:00,1.0,P
892,3375,2021-03-20T17:41:37.835000+00:00,1.0,S
893,3048,2021-03-20T17:41:34.565000+00:00,1.0,P
893,3375,2021-03-20T17:41:37.835000+00:00,1.0,S
894,3048,2021-03-20T17:41:34.565000+00:00,1.0,P
894,3375,2021-03-20T17:41:37.835000+00:00,1.0,S
895,3048,2021-03-20T17:41:34.565000+00:00,1.0,P
895,3375,2021-03-20T17:41:37.835000+00:00,1.0,S
896,3048,2021-03-20T17:41:34.565000+00:00,1.0,P
896,3376,2021-03-20T17:41:37.844999+00:00,1.0,S
897,3048,2021-03-20T17:41:34.565000+00:00,1.0,P
897,3376,2021-03-20T17:41:37.844999+00:00,1.0,S
898,3048,2021-03-20T17:41:34.565000+00:00,1.0,P
898,3376,2021-03-20T17:41:37.844999+00:00,1.0,S
899,3048,2021-03-20T17:41:34.565000+00:00,1.0,P
899,3376,2021-03-20T17:41:37.844999+00:00,1.0,S
900,3048,2021-03-20T17:41:34.565000+00:00,1.0,P
900,3376,2021-03-20T17:41:37.844999+00:00,1.0,S
901,3048,2021-03-20T17:41:34.565000+00:00,1.0,P
901,3377,2021-03-20T17:41:37.855000+00:00,1.0,S
902,3048,2021-03-20T17:41:34.565000+00:00,1.0,P
902,3377,2021-03-20T17:41:37.855000+00:00,1.0,S
903,3048,2021-03-20T17:41:34.565000+00:00,1.0,P
903,3377,2021-03-20T17:41:37.855000+00:00,1.0,S
904,3049,2021-03-20T17:41:34.575000+00:00,1.0,P
904,3377,2021-03-20T17:41:37.855000+00:00,1.0,S
905,3049,2021-03-20T17:41:34.575000+00:00,1.0,P
905,3377,2021-03-20T17:41:37.855000+00:00,1.0,S
906,3049,2021-03-20T17:41:34.575000+00:00,1.0,P
906,3378,2021-03-20T17:41:37.865000+00:00,1.0,S
907,3049,2021-03-20T17:41:34.575000+00:00,1.0,P
907,3378,2021-03-20T17:41:37.865000+00:00,1.0,S
908,3049,2021-03-20T17:41:34.575000+00:00,1.0,P
908,3378,2021-03-20T17:41:37.865000+00:00,1.0,S
909,3049,2021-03-20T17:41:34.575000+00:00,1.0,P
909,3378,2021-03-20T17:41:37.865000+00:00,1.0,S
910,3049,2021-03-20T17:41:34.575000+00:00,1.0,P
910,3378,2021-03-20T17:41:37.865000+00:00,1.0,S
911,3049,2021-03-20T17:41:34.575000+00:00,1.0,P
911,3379,2021-03-20T17:41:37.875000+00:00,1.0,S
912,3049,2021-03-20T17:41:34.575000+00:00,1.0,P
912,3379,2021-03-20T17:41:37.875000+00:00,1.0,S
913,3049,2021-03-20T17:41:34.575000+00:00,1.0,P
913,3379,2021-03-20T17:41:37.875000+00:00,1.0,S
914,3049,2021-03-20T17:41:34.575000+00:00,1.0,P
914,3379,2021-03-20T17:41:37.875000+00:00,1.0,S
915,3049,2021-03-20T17:41:34.575000+00:00,1.0,P
915,3379,2021-03-20T17:41:37.875000+00:00,1.0,S
916,3049,2021-03-20T17:41:34.575000+00:00,1.0,P
916,3380,2021-03-20T17:41:37.884999+00:00,1.0,S
917,3049,2021-03-20T17:41:34.575000+00:00,1.0,P
917,3380,2021-03-20T17:41:37.884999+00:00,1.0,S
918,3049,2021-03-20T17:41:34.575000+00:00,1.0,P
918,3380,2021-03-20T17:41:37.884999+00:00,1.0,S
919,3049,2021-03-20T17:41:34.575000+00:00,1.0,P
919,3380,2021-03-20T17:41:37.884999+00:00,1.0,S
920,3049,2021-03-20T17:41:34.575000+00:00,1.0,P
920,3380,2021-03-20T17:41:37.884999+00:00,1.0,S
921,3049,2021-03-20T17:41:34.575000+00:00,1.0,P
921,3381,2021-03-20T17:41:37.895000+00:00,1.0,S
922,3049,2021-03-20T17:41:34.575000+00:00,1.0,P
922,3381,2021-03-20T17:41:37.895000+00:00,1.0,S
923,3049,2021-03-20T17:41:34.575000+00:00,1.0,P
923,3381,2021-03-20T17:41:37.895000+00:00,1.0,S
924,3049,2021-03-20T17:41:34.575000+00:00,1.0,P
924,3381,2021-03-20T17:41:37.895000+00:00,1.0,S
925,3049,2021-03-20T17:41:34.575000+00:00,1.0,P
925,3381,2021-03-20T17:41:37.895000+00:00,1.0,S
926,3049,2021-03-20T17:41:34.575000+00:00,1.0,P
926,3381,2021-03-20T17:41:37.895000+00:00,1.0,S
927,3049,2021-03-20T17:41:34.575000+00:00,1.0,P
927,3382,2021-03-20T17:41:37.905000+00:00,1.0,S
928,3049,2021-03-20T17:41:34.575000+00:00,1.0,P
928,3382,2021-03-20T17:41:37.905000+00:00,1.0,S
929,3049,2021-03-20T17:41:34.575000+00:00,1.0,P
929,3382,2021-03-20T17:41:37.905000+00:00,1.0,S
930,3049,2021-03-20T17:41:34.575000+00:00,1.0,P
930,3382,2021-03-20T17:41:37.905000+00:00,1.0,S
931,3049,2021-03-20T17:41:34.575000+00:00,1.0,P
931,3382,2021-03-20T17:41:37.905000+00:00,1.0,S
932,3049,2021-03-20T17:41:34.575000+00:00,1.0,P
932,3382,2021-03-20T17:41:37.905000+00:00,1.0,S
933,3049,2021-03-20T17:41:34.575000+00:00,1.0,P
933,3383,2021-03-20T17:41:37.915000+00:00,1.0,S
934,3049,2021-03-20T17:41:34.575000+00:00,1.0,P
934,3383,2021-03-20T17:41:37.915000+00:00,1.0,S
935,3049,2021-03-20T17:41:34.575000+00:00,1.0,P
935,3383,2021-03-20T17:41:37.915000+00:00,1.0,S
936,3049,2021-03-20T17:41:34.575000+00:00,1.0,P
936,3383,2021-03-20T17:41:37.915000+00:00,1.0,S
937,3049,2021-03-20T17:41:34.575000+00:00,1.0,P
937,3383,2021-03-20T17:41:37.915000+00:00,1.0,S
938,3049,2021-03-20T17:41:34.575000+00:00,1.0,P
938,3384,2021-03-20T17:41:37.925000+00:00,1.0,S
939,3049,2021-03-20T17:41:34.575000+00:00,1.0,P
939,3384,2021-03-20T17:41:37.925000+00:00,1.0,S
940,3049,2021-03-20T17:41:34.575000+00:00,1.0,P
940,3384,2021-03-20T17:41:37.925000+00:00,1.0,S
941,3049,2021-03-20T17:41:34.575000+00:00,1.0,P
941,3384,2021-03-20T17:41:37.925000+00:00,1.0,S
942,3049,2021-03-20T17:41:34.575000+00:00,1.0,P
942,3384,2021-03-20T17:41:37.925000+00:00,1.0,S
943,3049,2021-03-20T17:41:34.575000+00:00,1.0,P
943,3384,2021-03-20T17:41:37.925000+00:00,1.0,S
944,3049,2021-03-20T17:41:34.575000+00:00,1.0,P
944,3385,2021-03-20T17:41:37.935000+00:00,1.0,S
945,3049,2021-03-20T17:41:34.575000+00:00,1.0,P
945,3385,2021-03-20T17:41:37.935000+00:00,1.0,S
946,3049,2021-03-20T17:41:34.575000+00:00,1.0,P
946,3385,2021-03-20T17:41:37.935000+00:00,1.0,S
947,3049,2021-03-20T17:41:34.575000+00:00,1.0,P
947,3385,2021-03-20T17:41:37.935000+00:00,1.0,S
948,3049,2021-03-20T17:41:34.575000+00:00,1.0,P
948,3385,2021-03-20T17:41:37.935000+00:00,1.0,S
949,3049,2021-03-20T17:41:34.575000+00:00,1.0,P
949,3385,2021-03-20T17:41:37.935000+00:00,1.0,S
950,3049,2021-03-20T17:41:34.575000+00:00,1.0,P
950,3386,2021-03-20T17:41:37.945000+00:00,1.0,S
951,3049,2021-03-20T17:41:34.575000+00:00,1.0,P
951,3386,2021-03-20T17:41:37.945000+00:00,1.0,S
952,3049,2021-03-20T17:41:34.575000+00:00,1.0,P
952,3386,2021-03-20T17:41:37.945000+00:00,1.0,S
953,3049,2021-03-20T17:41:34.575000+00:00,1.0,P
953,3386,2021-03-20T17:41:37.945000+00:00,1.0,S
954,3049,2021-03-20T17:41:34.575000+00:00,1.0,P
954,3386,2021-03-20T17:41:37.945000+00:00,1.0,S
955,3049,2021-03-20T17:41:34.575000+00:00,1.0,P
955,3386,2021-03-20T17:41:37.945000+00:00,1.0,S
956,3049,2021-03-20T17:41:34.575000+00:00,1.0,P
956,3386,2021-03-20T17:41:37.945000+00:00,1.0,S
957,3049,2021-03-20T17:41:34.575000+00:00,1.0,P
957,3387,2021-03-20T17:41:37.954999+00:00,1.0,S
958,3049,2021-03-20T17:41:34.575000+00:00,1.0,P
958,3387,2021-03-20T17:41:37.954999+00:00,1.0,S
959,3049,2021-03-20T17:41:34.575000+00:00,1.0,P
959,3387,2021-03-20T17:41:37.954999+00:00,1.0,S
960,3049,2021-03-20T17:41:34.575000+00:00,1.0,P
960,3387,2021-03-20T17:41:37.954999+00:00,1.0,S
961,3049,2021-03-20T17:41:34.575000+00:00,1.0,P
961,3387,2021-03-20T17:41:37.954999+00:00,1.0,S
962,3049,2021-03-20T17:41:34.575000+00:00,1.0,P
962,3387,2021-03-20T17:41:37.954999+00:00,1.0,S
963,3049,2021-03-20T17:41:34.575000+00:00,1.0,P
963,3388,2021-03-20T17:41:37.965000+00:00,1.0,S
964,3049,2021-03-20T17:41:34.575000+00:00,1.0,P
964,3388,2021-03-20T17:41:37.965000+00:00,1.0,S
965,3049,2021-03-20T17:41:34.575000+00:00,1.0,P
965,3388,2021-03-20T17:41:37.965000+00:00,1.0,S
966,3049,2021-03-20T17:41:34.575000+00:00,1.0,P
966,3388,2021-03-20T17:41:37.965000+00:00,1.0,S
967,3049,2021-03-20T17:41:34.575000+00:00,1.0,P
967,3388,2021-03-20T17:41:37.965000+00:00,1.0,S
968,3049,2021-03-20T17:41:34.575000+00:00,1.0,P
968,3388,2021-03-20T17:41:37.965000+00:00,1.0,S
969,3049,2021-03-20T17:41:34.575000+00:00,1.0,P
969,3389,2021-03-20T17:41:37.975000+00:00,1.0,S
970,3049,2021-03-20T17:41:34.575000+00:00,1.0,P
970,3389,2021-03-20T17:41:37.975000+00:00,1.0,S
971,3049,2021-03-20T17:41:34.575000+00:00,1.0,P
971,3389,2021-03-20T17:41:37.975000+00:00,1.0,S
972,3049,2021-03-20T17:41:34.575000+00:00,1.0,P
972,3389,2021-03-20T17:41:37.975000+00:00,1.0,S
973,3049,2021-03-20T17:41:34.575000+00:00,1.0,P
973,3389,2021-03-20T17:41:37.975000+00:00,1.0,S
974,3049,2021-03-20T17:41:34.575000+00:00,1.0,P
974,3389,2021-03-20T17:41:37.975000+00:00,1.0,S
975,3049,2021-03-20T17:41:34.575000+00:00,1.0,P
975,3389,2021-03-20T17:41:37.975000+00:00,1.0,S
976,3049,2021-03-20T17:41:34.575000+00:00,1.0,P
976,3389,2021-03-20T17:41:37.975000+00:00,1.0,S
977,3049,2021-03-20T17:41:34.575000+00:00,1.0,P
977,3389,2021-03-20T17:41:37.975000+00:00,1.0,S
978,3049,2021-03-20T17:41:34.575000+00:00,1.0,P
978,3390,2021-03-20T17:41:37.985000+00:00,1.0,S
979,3049,2021-03-20T17:41:34.575000+00:00,1.0,P
979,3390,2021-03-20T17:41:37.985000+00:00,1.0,S
980,3049,2021-03-20T17:41:34.575000+00:00,1.0,P
980,3390,2021-03-20T17:41:37.985000+00:00,1.0,S
981,3049,2021-03-20T17:41:34.575000+00:00,1.0,P
981,3390,2021-03-20T17:41:37.985000+00:00,1.0,S
982,3049,2021-03-20T17:41:34.575000+00:00,1.0,P
982,3390,2021-03-20T17:41:37.985000+00:00,1.0,S
983,3049,2021-03-20T17:41:34.575000+00:00,1.0,P
983,3390,2021-03-20T17:41:37.985000+00:00,1.0,S
984,3049,2021-03-20T17:41:34.575000+00:00,1.0,P
984,3390,2021-03-20T17:41:37.985000+00:00,1.0,S
985,3049,2021-03-20T17:41:34.575000+00:00,1.0,P
985,3390,2021-03-20T17:41:37.985000+00:00,1.0,S
986,3049,2021-03-20T17:41:34.575000+00:00,1.0,P
986,3391,2021-03-20T17:41:37.995000+00:00,1.0,S
987,3049,2021-03-20T17:41:34.575000+00:00,1.0,P
987,3391,2021-03-20T17:41:37.995000+00:00,1.0,S
988,3049,2021-03-20T17:41:34.575000+00:00,1.0,P
988,3391,2021-03-20T17:41:37.995000+00:00,1.0,S
989,3049,2021-03-20T17:41:34.575000+00:00,1.0,P
989,3391,2021-03-20T17:41:37.995000+00:00,1.0,S
990,3049,2021-03-20T17:41:34.575000+00:00,1.0,P
990,3391,2021-03-20T17:41:37.995000+00:00,1.0,S
991,3049,2021-03-20T17:41:34.575000+00:00,1.0,P
991,3391,2021-03-20T17:41:37.995000+00:00,1.0,S
992,3049,2021-03-20T17:41:34.575000+00:00,1.0,P
992,3391,2021-03-20T17:41:37.995000+00:00,1.0,S
993,3049,2021-03-20T17:41:34.575000+00:00,1.0,P
993,3391,2021-03-20T17:41:37.995000+00:00,1.0,S
994,3050,2021-03-20T17:41:34.585000+00:00,1.0,P
994,3392,2021-03-20T17:41:38.005000+00:00,1.0,S
995,3050,2021-03-20T17:41:34.585000+00:00,1.0,P
995,3392,2021-03-20T17:41:38.005000+00:00,1.0,S
996,3050,2021-03-20T17:41:34.585000+00:00,1.0,P
996,3392,2021-03-20T17:41:38.005000+00:00,1.0,S
997,3050,2021-03-20T17:41:34.585000+00:00,1.0,P
997,3392,2021-03-20T17:41:38.005000+00:00,1.0,S
998,3050,2021-03-20T17:41:34.585000+00:00,1.0,P
998,3392,2021-03-20T17:41:38.005000+00:00,1.0,S
999,3050,2021-03-20T17:41:34.585000+00:00,1.0,P
999,3392,2021-03-20T17:41:38.005000+00:00,1.0,S
1000,3050,2021-03-20T17:41:34.585000+00:00,1.0,P
1000,3392,2021-03-20T17:41:38.005000+00:00,1.0,S
1001,3050,2021-03-20T17:41:34.585000+00:00,1.0,P
1001,3392,2021-03-20T17:41:38.005000+00:00,1.0,S
1002,3050,2021-03-20T17:41:34.585000+00:00,1.0,P
1002,3392,2021-03-20T17:41:38.005000+00:00,1.0,S
1003,3050,2021-03-20T17:41:34.585000+00:00,1.0,P
1003,3393,2021-03-20T17:41:38.015000+00:00,1.0,S
1004,3050,2021-03-20T17:41:34.585000+00:00,1.0,P
1004,3393,2021-03-20T17:41:38.015000+00:00,1.0,S
1005,3050,2021-03-20T17:41:34.585000+00:00,1.0,P
1005,3393,2021-03-20T17:41:38.015000+00:00,1.0,S
1006,3050,2021-03-20T17:41:34.585000+00:00,1.0,P
1006,3393,2021-03-20T17:41:38.015000+00:00,1.0,S
1007,3050,2021-03-20T17:41:34.585000+00:00,1.0,P
1007,3393,2021-03-20T17:41:38.015000+00:00,1.0,S
1008,3050,2021-03-20T17:41:34.585000+00:00,1.0,P
1008,3393,2021-03-20T17:41:38.015000+00:00,1.0,S
1009,3050,2021-03-20T17:41:34.585000+00:00,1.0,P
1009,3394,2021-03-20T17:41:38.024999+00:00,1.0,S
1010,3050,2021-03-20T17:41:34.585000+00:00,1.0,P
1010,3394,2021-03-20T17:41:38.024999+00:00,1.0,S
1011,3050,2021-03-20T17:41:34.585000+00:00,1.0,P
1011,3394,2021-03-20T17:41:38.024999+00:00,1.0,S
1012,3050,2021-03-20T17:41:34.585000+00:00,1.0,P
1012,3394,2021-03-20T17:41:38.024999+00:00,1.0,S
1013,3050,2021-03-20T17:41:34.585000+00:00,1.0,P
1013,3394,2021-03-20T17:41:38.024999+00:00,1.0,S
1014,3050,2021-03-20T17:41:34.585000+00:00,1.0,P
1014,3394,2021-03-20T17:41:38.024999+00:00,1.0,S
1015,3050,2021-03-20T17:41:34.585000+00:00,1.0,P
1015,3394,2021-03-20T17:41:38.024999+00:00,1.0,S
1016,3050,2021-03-20T17:41:34.585000+00:00,1.0,P
1016,3395,2021-03-20T17:41:38.035000+00:00,1.0,S
1017,3050,2021-03-20T17:41:34.585000+00:00,1.0,P
1017,3395,2021-03-20T17:41:38.035000+00:00,1.0,S
1018,3050,2021-03-20T17:41:34.585000+00:00,1.0,P
1018,3395,2021-03-20T17:41:38.035000+00:00,1.0,S
1019,3050,2021-03-20T17:41:34.585000+00:00,1.0,P
1019,3395,2021-03-20T17:41:38.035000+00:00,1.0,S
1020,3050,2021-03-20T17:41:34.585000+00:00,1.0,P
1020,3395,2021-03-20T17:41:38.035000+00:00,1.0,S
1021,3050,2021-03-20T17:41:34.585000+00:00,1.0,P
1021,3395,2021-03-20T17:41:38.035000+00:00,1.0,S
1022,3050,2021-03-20T17:41:34.585000+00:00,1.0,P
1022,3395,2021-03-20T17:41:38.035000+00:00,1.0,S
1023,3050,2021-03-20T17:41:34.585000+00:00,1.0,P
1023,3395,2021-03-20T17:41:38.035000+00:00,1.0,S
1024,3050,2021-03-20T17:41:34.585000+00:00,1.0,P
1024,3396,2021-03-20T17:41:38.045000+00:00,1.0,S
1025,3050,2021-03-20T17:41:34.585000+00:00,1.0,P
1025,3396,2021-03-20T17:41:38.045000+00:00,1.0,S
1026,3050,2021-03-20T17:41:34.585000+00:00,1.0,P
1026,3396,2021-03-20T17:41:38.045000+00:00,1.0,S
1027,3050,2021-03-20T17:41:34.585000+00:00,1.0,P
1027,3396,2021-03-20T17:41:38.045000+00:00,1.0,S
1028,3050,2021-03-20T17:41:34.585000+00:00,1.0,P
1028,3396,2021-03-20T17:41:38.045000+00:00,1.0,S
1029,3050,2021-03-20T17:41:34.585000+00:00,1.0,P
1029,3396,2021-03-20T17:41:38.045000+00:00,1.0,S
1030,3050,2021-03-20T17:41:34.585000+00:00,1.0,P
1030,3396,2021-03-20T17:41:38.045000+00:00,1.0,S
1031,3050,2021-03-20T17:41:34.585000+00:00,1.0,P
1031,3396,2021-03-20T17:41:38.045000+00:00,1.0,S
1032,3050,2021-03-20T17:41:34.585000+00:00,1.0,P
1032,3396,2021-03-20T17:41:38.045000+00:00,1.0,S
1033,3050,2021-03-20T17:41:34.585000+00:00,1.0,P
1033,3396,2021-03-20T17:41:38.045000+00:00,1.0,S
1034,3050,2021-03-20T17:41:34.585000+00:00,1.0,P
1034,3396,2021-03-20T17:41:38.045000+00:00,1.0,S
1035,3050,2021-03-20T17:41:34.585000+00:00,1.0,P
1035,3397,2021-03-20T17:41:38.055000+00:00,1.0,S
1036,3050,2021-03-20T17:41:34.585000+00:00,1.0,P
1036,3397,2021-03-20T17:41:38.055000+00:00,1.0,S
1037,3050,2021-03-20T17:41:34.585000+00:00,1.0,P
1037,3397,2021-03-20T17:41:38.055000+00:00,1.0,S
1038,3050,2021-03-20T17:41:34.585000+00:00,1.0,P
1038,3397,2021-03-20T17:41:38.055000+00:00,1.0,S
1039,3050,2021-03-20T17:41:34.585000+00:00,1.0,P
1039,3397,2021-03-20T17:41:38.055000+00:00,1.0,S
1040,3050,2021-03-20T17:41:34.585000+00:00,1.0,P
1040,3397,2021-03-20T17:41:38.055000+00:00,1.0,S
1041,3050,2021-03-20T17:41:34.585000+00:00,1.0,P
1041,3397,2021-03-20T17:41:38.055000+00:00,1.0,S
1042,3050,2021-03-20T17:41:34.585000+00:00,1.0,P
1042,3397,2021-03-20T17:41:38.055000+00:00,1.0,S
1043,3050,2021-03-20T17:41:34.585000+00:00,1.0,P
1043,3397,2021-03-20T17:41:38.055000+00:00,1.0,S
1044,3050,2021-03-20T17:41:34.585000+00:00,1.0,P
1044,3397,2021-03-20T17:41:38.055000+00:00,1.0,S
1045,3050,2021-03-20T17:41:34.585000+00:00,1.0,P
1045,3397,2021-03-20T17:41:38.055000+00:00,1.0,S
1046,3050,2021-03-20T17:41:34.585000+00:00,1.0,P
1046,3397,2021-03-20T17:41:38.055000+00:00,1.0,S
1047,3050,2021-03-20T17:41:34.585000+00:00,1.0,P
1047,3397,2021-03-20T17:41:38.055000+00:00,1.0,S
1048,3050,2021-03-20T17:41:34.585000+00:00,1.0,P
1048,3397,2021-03-20T17:41:38.055000+00:00,1.0,S
1049,3050,2021-03-20T17:41:34.585000+00:00,1.0,P
1049,3397,2021-03-20T17:41:38.055000+00:00,1.0,S
1050,3050,2021-03-20T17:41:34.585000+00:00,1.0,P
1050,3397,2021-03-20T17:41:38.055000+00:00,1.0,S
1051,3050,2021-03-20T17:41:34.585000+00:00,1.0,P
1051,3397,2021-03-20T17:41:38.055000+00:00,1.0,S
1052,3050,2021-03-20T17:41:34.585000+00:00,1.0,P
1052,3397,2021-03-20T17:41:38.055000+00:00,1.0,S
1053,3050,2021-03-20T17:41:34.585000+00:00,1.0,P
1053,3397,2021-03-20T17:41:38.055000+00:00,1.0,S
1054,3050,2021-03-20T17:41:34.585000+00:00,1.0,P
1054,3397,2021-03-20T17:41:38.055000+00:00,1.0,S
1055,3050,2021-03-20T17:41:34.585000+00:00,1.0,P
1055,3397,2021-03-20T17:41:38.055000+00:00,1.0,S
1056,3050,2021-03-20T17:41:34.585000+00:00,1.0,P
1056,3397,2021-03-20T17:41:38.055000+00:00,1.0,S
1057,3050,2021-03-20T17:41:34.585000+00:00,1.0,P
1057,3397,2021-03-20T17:41:38.055000+00:00,1.0,S
1058,3050,2021-03-20T17:41:34.585000+00:00,1.0,P
1058,3397,2021-03-20T17:41:38.055000+00:00,1.0,S
1059,3050,2021-03-20T17:41:34.585000+00:00,1.0,P
1059,3397,2021-03-20T17:41:38.055000+00:00,1.0,S
1060,3049,2021-03-20T17:41:34.575000+00:00,1.0,P
1060,3397,2021-03-20T17:41:38.055000+00:00,1.0,S
1061,3049,2021-03-20T17:41:34.575000+00:00,1.0,P
1061,3397,2021-03-20T17:41:38.055000+00:00,1.0,S
1062,3049,2021-03-20T17:41:34.575000+00:00,1.0,P
1062,3397,2021-03-20T17:41:38.055000+00:00,1.0,S
1063,3049,2021-03-20T17:41:34.575000+00:00,1.0,P
1063,3397,2021-03-20T17:41:38.055000+00:00,1.0,S
1064,3049,2021-03-20T17:41:34.575000+00:00,1.0,P
1064,3397,2021-03-20T17:41:38.055000+00:00,1.0,S
1065,3049,2021-03-20T17:41:34.575000+00:00,1.0,P
1065,3397,2021-03-20T17:41:38.055000+00:00,1.0,S
1066,3049,2021-03-20T17:41:34.575000+00:00,1.0,P
1066,3397,2021-03-20T17:41:38.055000+00:00,1.0,S
1067,3049,2021-03-20T17:41:34.575000+00:00,1.0,P
1067,3397,2021-03-20T17:41:38.055000+00:00,1.0,S
1068,3049,2021-03-20T17:41:34.575000+00:00,1.0,P
1068,3397,2021-03-20T17:41:38.055000+00:00,1.0,S
1069,3049,2021-03-20T17:41:34.575000+00:00,1.0,P
1069,3397,2021-03-20T17:41:38.055000+00:00,1.0,S
1070,3049,2021-03-20T17:41:34.575000+00:00,1.0,P
1070,3397,2021-03-20T17:41:38.055000+00:00,1.0,S
1071,3049,2021-03-20T17:41:34.575000+00:00,1.0,P
1071,3397,2021-03-20T17:41:38.055000+00:00,1.0,S
1072,3049,2021-03-20T17:41:34.575000+00:00,1.0,P
1072,3397,2021-03-20T17:41:38.055000+00:00,1.0,S
1073,3049,2021-03-20T17:41:34.575000+00:00,1.0,P
1073,3397,2021-03-20T17:41:38.055000+00:00,1.0,S
1074,3049,2021-03-20T17:41:34.575000+00:00,1.0,P
1074,3397,2021-03-20T17:41:38.055000+00:00,1.0,S
1075,3049,2021-03-20T17:41:34.575000+00:00,1.0,P
1075,3397,2021-03-20T17:41:38.055000+00:00,1.0,S
1076,3049,2021-03-20T17:41:34.575000+00:00,1.0,P
1076,3397,2021-03-20T17:41:38.055000+00:00,1.0,S
1077,3049,2021-03-20T17:41:34.575000+00:00,1.0,P
1077,3397,2021-03-20T17:41:38.055000+00:00,1.0,S
1078,3049,2021-03-20T17:41:34.575000+00:00,1.0,P
1078,3396,2021-03-20T17:41:38.045000+00:00,1.0,S
1079,3049,2021-03-20T17:41:34.575000+00:00,1.0,P
1079,3396,2021-03-20T17:41:38.045000+00:00,1.0,S
1080,3049,2021-03-20T17:41:34.575000+00:00,1.0,P
1080,3396,2021-03-20T17:41:38.045000+00:00,1.0,S
1081,3049,2021-03-20T17:41:34.575000+00:00,1.0,P
1081,3396,2021-03-20T17:41:38.045000+00:00,1.0,S
1082,3049,2021-03-20T17:41:34.575000+00:00,1.0,P
1082,3396,2021-03-20T17:41:38.045000+00:00,1.0,S
1083,3049,2021-03-20T17:41:34.575000+00:00,1.0,P
1083,3396,2021-03-20T17:41:38.045000+00:00,1.0,S
1084,3049,2021-03-20T17:41:34.575000+00:00,1.0,P
1084,3396,2021-03-20T17:41:38.045000+00:00,1.0,S
1085,3049,2021-03-20T17:41:34.575000+00:00,1.0,P
1085,3396,2021-03-20T17:41:38.045000+00:00,1.0,S
1086,3049,2021-03-20T17:41:34.575000+00:00,1.0,P
1086,3396,2021-03-20T17:41:38.045000+00:00,1.0,S
1087,3049,2021-03-20T17:41:34.575000+00:00,1.0,P
1087,3396,2021-03-20T17:41:38.045000+00:00,1.0,S
1088,3049,2021-03-20T17:41:34.575000+00:00,1.0,P
1088,3396,2021-03-20T17:41:38.045000+00:00,1.0,S
1089,3049,2021-03-20T17:41:34.575000+00:00,1.0,P
1089,3396,2021-03-20T17:41:38.045000+00:00,1.0,S
1090,3049,2021-03-20T17:41:34.575000+00:00,1.0,P
1090,3396,2021-03-20T17:41:38.045000+00:00,1.0,S
1091,3049,2021-03-20T17:41:34.575000+00:00,1.0,P
1091,3396,2021-03-20T17:41:38.045000+00:00,1.0,S
1092,3048,2021-03-20T17:41:34.565000+00:00,1.0,P
1092,3395,2021-03-20T17:41:38.035000+00:00,1.0,S
1093,3048,2021-03-20T17:41:34.565000+00:00,1.0,P
1093,3395,2021-03-20T17:41:38.035000+00:00,1.0,S
1094,3048,2021-03-20T17:41:34.565000+00:00,1.0,P
1094,3395,2021-03-20T17:41:38.035000+00:00,1.0,S
1095,3048,2021-03-20T17:41:34.565000+00:00,1.0,P
1095,3395,2021-03-20T17:41:38.035000+00:00,1.0,S
1096,3048,2021-03-20T17:41:34.565000+00:00,1.0,P
1096,3395,2021-03-20T17:41:38.035000+00:00,1.0,S
1097,3048,2021-03-20T17:41:34.565000+00:00,1.0,P
1097,3395,2021-03-20T17:41:38.035000+00:00,1.0,S
1098,3048,2021-03-20T17:41:34.565000+00:00,1.0,P
1098,3395,2021-03-20T17:41:38.035000+00:00,1.0,S
1099,3048,2021-03-20T17:41:34.565000+00:00,1.0,P
1099,3395,2021-03-20T17:41:38.035000+00:00,1.0,S
1100,3048,2021-03-20T17:41:34.565000+00:00,1.0,P
1100,3395,2021-03-20T17:41:38.035000+00:00,1.0,S
1101,3048,2021-03-20T17:41:34.565000+00:00,1.0,P
1101,3395,2021-03-20T17:41:38.035000+00:00,1.0,S
1102,3048,2021-03-20T17:41:34.565000+00:00,1.0,P
1102,3395,2021-03-20T17:41:38.035000+00:00,1.0,S
1103,3048,2021-03-20T17:41:34.565000+00:00,1.0,P
1103,3394,2021-03-20T17:41:38.024999+00:00,1.0,S
1104,3048,2021-03-20T17:41:34.565000+00:00,1.0,P
1104,3394,2021-03-20T17:41:38.024999+00:00,1.0,S
1105,3048,2021-03-20T17:41:34.565000+00:00,1.0,P
1105,3394,2021-03-20T17:41:38.024999+00:00,1.0,S
1106,3048,2021-03-20T17:41:34.565000+00:00,1.0,P
1106,3394,2021-03-20T17:41:38.024999+00:00,1.0,S
1107,3048,2021-03-20T17:41:34.565000+00:00,1.0,P
1107,3394,2021-03-20T17:41:38.024999+00:00,1.0,S
1108,3048,2021-03-20T17:41:34.565000+00:00,1.0,P
1108,3394,2021-03-20T17:41:38.024999+00:00,1.0,S
1109,3048,2021-03-20T17:41:34.565000+00:00,1.0,P
1109,3394,2021-03-20T17:41:38.024999+00:00,1.0,S
1110,3048,2021-03-20T17:41:34.565000+00:00,1.0,P
1110,3394,2021-03-20T17:41:38.024999+00:00,1.0,S
1111,3047,2021-03-20T17:41:34.555000+00:00,1.0,P
1111,3393,2021-03-20T17:41:38.015000+00:00,1.0,S
1112,3047,2021-03-20T17:41:34.555000+00:00,1.0,P
1112,3393,2021-03-20T17:41:38.015000+00:00,1.0,S
1113,3047,2021-03-20T17:41:34.555000+00:00,1.0,P
1113,3393,2021-03-20T17:41:38.015000+00:00,1.0,S
1114,3047,2021-03-20T17:41:34.555000+00:00,1.0,P
1114,3393,2021-03-20T17:41:38.015000+00:00,1.0,S
1115,3047,2021-03-20T17:41:34.555000+00:00,1.0,P
1115,3393,2021-03-20T17:41:38.015000+00:00,1.0,S
1116,3047,2021-03-20T17:41:34.555000+00:00,1.0,P
1116,3393,2021-03-20T17:41:38.015000+00:00,1.0,S
1117,3047,2021-03-20T17:41:34.555000+00:00,1.0,P
1117,3392,2021-03-20T17:41:38.005000+00:00,1.0,S
1118,3047,2021-03-20T17:41:34.555000+00:00,1.0,P
1118,3392,2021-03-20T17:41:38.005000+00:00,1.0,S
1119,3047,2021-03-20T17:41:34.555000+00:00,1.0,P
1119,3392,2021-03-20T17:41:38.005000+00:00,1.0,S
1120,3047,2021-03-20T17:41:34.555000+00:00,1.0,P
1120,3392,2021-03-20T17:41:38.005000+00:00,1.0,S
1121,3047,2021-03-20T17:41:34.555000+00:00,1.0,P
1121,3392,2021-03-20T17:41:38.005000+00:00,1.0,S
1122,3047,2021-03-20T17:41:34.555000+00:00,1.0,P
1122,3392,2021-03-20T17:41:38.005000+00:00,1.0,S
1123,3047,2021-03-20T17:41:34.555000+00:00,1.0,P
1123,3391,2021-03-20T17:41:37.995000+00:00,1.0,S
1124,3047,2021-03-20T17:41:34.555000+00:00,1.0,P
1124,3391,2021-03-20T17:41:37.995000+00:00,1.0,S
1125,3047,2021-03-20T17:41:34.555000+00:00,1.0,P
1125,3391,2021-03-20T17:41:37.995000+00:00,1.0,S
1126,3047,2021-03-20T17:41:34.555000+00:00,1.0,P
1126,3391,2021-03-20T17:41:37.995000+00:00,1.0,S
1127,3047,2021-03-20T17:41:34.555000+00:00,1.0,P
1127,3391,2021-03-20T17:41:37.995000+00:00,1.0,S
1128,3047,2021-03-20T17:41:34.555000+00:00,1.0,P
1128,3391,2021-03-20T17:41:37.995000+00:00,1.0,S
1129,3046,2021-03-20T17:41:34.545000+00:00,1.0,P
1129,3391,2021-03-20T17:41:37.995000+00:00,1.0,S
1130,3046,2021-03-20T17:41:34.545000+00:00,1.0,P
1130,3390,2021-03-20T17:41:37.985000+00:00,1.0,S
1131,3046,2021-03-20T17:41:34.545000+00:00,1.0,P
1131,3390,2021-03-20T17:41:37.985000+00:00,1.0,S
1132,3046,2021-03-20T17:41:34.545000+00:00,1.0,P
1132,3390,2021-03-20T17:41:37.985000+00:00,1.0,S
1133,3046,2021-03-20T17:41:34.545000+00:00,1.0,P
1133,3390,2021-03-20T17:41:37.985000+00:00,1.0,S
1134,3046,2021-03-20T17:41:34.545000+00:00,1.0,P
1134,3390,2021-03-20T17:41:37.985000+00:00,1.0,S
1135,3046,2021-03-20T17:41:34.545000+00:00,1.0,P
1135,3390,2021-03-20T17:41:37.985000+00:00,1.0,S
1136,3046,2021-03-20T17:41:34.545000+00:00,1.0,P
1136,3390,2021-03-20T17:41:37.985000+00:00,1.0,S
1137,3046,2021-03-20T17:41:34.545000+00:00,1.0,P
1137,3390,2021-03-20T17:41:37.985000+00:00,1.0,S
1138,3046,2021-03-20T17:41:34.545000+00:00,1.0,P
1138,3389,2021-03-20T17:41:37.975000+00:00,1.0,S
1139,3046,2021-03-20T17:41:34.545000+00:00,1.0,P
1139,3389,2021-03-20T17:41:37.975000+00:00,1.0,S
1140,3046,2021-03-20T17:41:34.545000+00:00,1.0,P
1140,3389,2021-03-20T17:41:37.975000+00:00,1.0,S
1141,3046,2021-03-20T17:41:34.545000+00:00,1.0,P
1141,3389,2021-03-20T17:41:37.975000+00:00,1.0,S
1142,3046,2021-03-20T17:41:34.545000+00:00,1.0,P
1142,3389,2021-03-20T17:41:37.975000+00:00,1.0,S
1143,3046,2021-03-20T17:41:34.545000+00:00,1.0,P
1143,3389,2021-03-20T17:41:37.975000+00:00,1.0,S
1144,3046,2021-03-20T17:41:34.545000+00:00,1.0,P
1144,3389,2021-03-20T17:41:37.975000+00:00,1.0,S
1145,3046,2021-03-20T17:41:34.545000+00:00,1.0,P
1145,3388,2021-03-20T17:41:37.965000+00:00,1.0,S
1146,3046,2021-03-20T17:41:34.545000+00:00,1.0,P
1146,3388,2021-03-20T17:41:37.965000+00:00,1.0,S
1147,3045,2021-03-20T17:41:34.535000+00:00,1.0,P
1147,3388,2021-03-20T17:41:37.965000+00:00,1.0,S
1148,3045,2021-03-20T17:41:34.535000+00:00,1.0,P
1148,3388,2021-03-20T17:41:37.965000+00:00,1.0,S
1149,3045,2021-03-20T17:41:34.535000+00:00,1.0,P
1149,3388,2021-03-20T17:41:37.965000+00:00,1.0,S
1150,3045,2021-03-20T17:41:34.535000+00:00,1.0,P
1150,3388,2021-03-20T17:41:37.965000+00:00,1.0,S
1151,3045,2021-03-20T17:41:34.535000+00:00,1.0,P
1151,3388,2021-03-20T17:41:37.965000+00:00,1.0,S
1152,3045,2021-03-20T17:41:34.535000+00:00,1.0,P
1152,3388,2021-03-20T17:41:37.965000+00:00,1.0,S
1153,3045,2021-03-20T17:41:34.535000+00:00,1.0,P
1153,3388,2021-03-20T17:41:37.965000+00:00,1.0,S
1154,3045,2021-03-20T17:41:34.535000+00:00,1.0,P
1154,3388,2021-03-20T17:41:37.965000+00:00,1.0,S
1155,3045,2021-03-20T17:41:34.535000+00:00,1.0,P
1155,3388,2021-03-20T17:41:37.965000+00:00,1.0,S
1156,3045,2021-03-20T17:41:34.535000+00:00,1.0,P
1156,3388,2021-03-20T17:41:37.965000+00:00,1.0,S
1157,3045,2021-03-20T17:41:34.535000+00:00,1.0,P
1157,3388,2021-03-20T17:41:37.965000+00:00,1.0,S
1158,3045,2021-03-20T17:41:34.535000+00:00,1.0,P
1158,3388,2021-03-20T17:41:37.965000+00:00,1.0,S
1159,3045,2021-03-20T17:41:34.535000+00:00,1.0,P
1159,3387,2021-03-20T17:41:37.954999+00:00,1.0,S
1160,3045,2021-03-20T17:41:34.535000+00:00,1.0,P
1160,3387,2021-03-20T17:41:37.954999+00:00,1.0,S
1161,3045,2021-03-20T17:41:34.535000+00:00,1.0,P
1161,3387,2021-03-20T17:41:37.954999+00:00,1.0,S
1162,3045,2021-03-20T17:41:34.535000+00:00,1.0,P
1162,3387,2021-03-20T17:41:37.954999+00:00,1.0,S
1163,3045,2021-03-20T17:41:34.535000+00:00,1.0,P
1163,3387,2021-03-20T17:41:37.954999+00:00,1.0,S
1164,3045,2021-03-20T17:41:34.535000+00:00,1.0,P
1164,3387,2021-03-20T17:41:37.954999+00:00,1.0,S
1165,3045,2021-03-20T17:41:34.535000+00:00,1.0,P
1165,3387,2021-03-20T17:41:37.954999+00:00,1.0,S
1166,3045,2021-03-20T17:41:34.535000+00:00,1.0,P
1166,3387,2021-03-20T17:41:37.954999+00:00,1.0,S
1167,3045,2021-03-20T17:41:34.535000+00:00,1.0,P
1167,3387,2021-03-20T17:41:37.954999+00:00,1.0,S
1168,3045,2021-03-20T17:41:34.535000+00:00,1.0,P
1168,3387,2021-03-20T17:41:37.954999+00:00,1.0,S
1169,3044,2021-03-20T17:41:34.525000+00:00,1.0,P
1169,3387,2021-03-20T17:41:37.954999+00:00,1.0,S
1170,3044,2021-03-20T17:41:34.525000+00:00,1.0,P
1170,3387,2021-03-20T17:41:37.954999+00:00,1.0,S
1171,3044,2021-03-20T17:41:34.525000+00:00,1.0,P
1171,3387,2021-03-20T17:41:37.954999+00:00,1.0,S
1172,3044,2021-03-20T17:41:34.525000+00:00,1.0,P
1172,3387,2021-03-20T17:41:37.954999+00:00,1.0,S
1173,3044,2021-03-20T17:41:34.525000+00:00,1.0,P
1173,3387,2021-03-20T17:41:37.954999+00:00,1.0,S
1174,3044,2021-03-20T17:41:34.525000+00:00,1.0,P
1174,3387,2021-03-20T17:41:37.954999+00:00,1.0,S
1175,3044,2021-03-20T17:41:34.525000+00:00,1.0,P
1175,3387,2021-03-20T17:41:37.954999+00:00,1.0,S
1176,3044,2021-03-20T17:41:34.525000+00:00,1.0,P
1176,3387,2021-03-20T17:41:37.954999+00:00,1.0,S
1177,3044,2021-03-20T17:41:34.525000+00:00,1.0,P
1177,3387,2021-03-20T17:41:37.954999+00:00,1.0,S
1178,3044,2021-03-20T17:41:34.525000+00:00,1.0,P
1178,3387,2021-03-20T17:41:37.954999+00:00,1.0,S
1179,3044,2021-03-20T17:41:34.525000+00:00,1.0,P
1179,3387,2021-03-20T17:41:37.954999+00:00,1.0,S
1180,3044,2021-03-20T17:41:34.525000+00:00,1.0,P
1180,3387,2021-03-20T17:41:37.954999+00:00,1.0,S
1181,3044,2021-03-20T17:41:34.525000+00:00,1.0,P
1181,3387,2021-03-20T17:41:37.954999+00:00,1.0,S
1182,3044,2021-03-20T17:41:34.525000+00:00,1.0,P
1182,3387,2021-03-20T17:41:37.954999+00:00,1.0,S
1183,3044,2021-03-20T17:41:34.525000+00:00,1.0,P
1183,3387,2021-03-20T17:41:37.954999+00:00,1.0,S
1184,3044,2021-03-20T17:41:34.525000+00:00,1.0,P
1184,3387,2021-03-20T17:41:37.954999+00:00,1.0,S
1185,3043,2021-03-20T17:41:34.515000+00:00,1.0,P
1185,3386,2021-03-20T17:41:37.945000+00:00,1.0,S
1186,3043,2021-03-20T17:41:34.515000+00:00,1.0,P
1186,3386,2021-03-20T17:41:37.945000+00:00,1.0,S
1187,3043,2021-03-20T17:41:34.515000+00:00,1.0,P
1187,3386,2021-03-20T17:41:37.945000+00:00,1.0,S
1188,3043,2021-03-20T17:41:34.515000+00:00,1.0,P
1188,3386,2021-03-20T17:41:37.945000+00:00,1.0,S
1189,3043,2021-03-20T17:41:34.515000+00:00,1.0,P
1189,3386,2021-03-20T17:41:37.945000+00:00,1.0,S
1190,3043,2021-03-20T17:41:34.515000+00:00,1.0,P
1190,3386,2021-03-20T17:41:37.945000+00:00,1.0,S
1191,3043,2021-03-20T17:41:34.515000+00:00,1.0,P
1191,3386,2021-03-20T17:41:37.945000+00:00,1.0,S
1192,3043,2021-03-20T17:41:34.515000+00:00,1.0,P
1192,3386,2021-03-20T17:41:37.945000+00:00,1.0,S
1193,3043,2021-03-20T17:41:34.515000+00:00,1.0,P
1193,3386,2021-03-20T17:41:37.945000+00:00,1.0,S
1194,3043,2021-03-20T17:41:34.515000+00:00,1.0,P
1194,3386,2021-03-20T17:41:37.945000+00:00,1.0,S
1195,3043,2021-03-20T17:41:34.515000+00:00,1.0,P
1195,3386,2021-03-20T17:41:37.945000+00:00,1.0,S
1196,3043,2021-03-20T17:41:34.515000+00:00,1.0,P
1196,3386,2021-03-20T17:41:37.945000+00:00,1.0,S
1197,3043,2021-03-20T17:41:34.515000+00:00,1.0,P
1197,3386,2021-03-20T17:41:37.945000+00:00,1.0,S
1198,3042,2021-03-20T17:41:34.505000+00:00,1.0,P
1198,3386,2021-03-20T17:41:37.945000+00:00,1.0,S
1199,3042,2021-03-20T17:41:34.505000+00:00,1.0,P
1199,3386,2021-03-20T17:41:37.945000+00:00,1.0,S
1200,3042,2021-03-20T17:41:34.505000+00:00,1.0,P
1200,3386,2021-03-20T17:41:37.945000+00:00,1.0,S
1201,3042,2021-03-20T17:41:34.505000+00:00,1.0,P
1201,3386,2021-03-20T17:41:37.945000+00:00,1.0,S
1202,3042,2021-03-20T17:41:34.505000+00:00,1.0,P
1202,3386,2021-03-20T17:41:37.945000+00:00,1.0,S
1203,3042,2021-03-20T17:41:34.505000+00:00,1.0,P
1203,3385,2021-03-20T17:41:37.935000+00:00,1.0,S
1204,3042,2021-03-20T17:41:34.505000+00:00,1.0,P
1204,3385,2021-03-20T17:41:37.935000+00:00,1.0,S
1205,3042,2021-03-20T17:41:34.505000+00:00,1.0,P
1205,3385,2021-03-20T17:41:37.935000+00:00,1.0,S
1206,3042,2021-03-20T17:41:34.505000+00:00,1.0,P
1206,3385,2021-03-20T17:41:37.935000+00:00,1.0,S
1207,3042,2021-03-20T17:41:34.505000+00:00,1.0,P
1207,3385,2021-03-20T17:41:37.935000+00:00,1.0,S
1208,3042,2021-03-20T17:41:34.505000+00:00,1.0,P
1208,3385,2021-03-20T17:41:37.935000+00:00,1.0,S
1209,3042,2021-03-20T17:41:34.505000+00:00,1.0,P
1209,3385,2021-03-20T17:41:37.935000+00:00,1.0,S
1210,3042,2021-03-20T17:41:34.505000+00:00,1.0,P
1210,3385,2021-03-20T17:41:37.935000+00:00,1.0,S
1211,3042,2021-03-20T17:41:34.505000+00:00,1.0,P
1211,3385,2021-03-20T17:41:37.935000+00:00,1.0,S
1212,3041,2021-03-20T17:41:34.495000+00:00,1.0,P
1212,3385,2021-03-20T17:41:37.935000+00:00,1.0,S
1213,3041,2021-03-20T17:41:34.495000+00:00,1.0,P
1213,3384,2021-03-20T17:41:37.925000+00:00,1.0,S
1214,3041,2021-03-20T17:41:34.495000+00:00,1.0,P
1214,3384,2021-03-20T17:41:37.925000+00:00,1.0,S
1215,3041,2021-03-20T17:41:34.495000+00:00,1.0,P
1215,3384,2021-03-20T17:41:37.925000+00:00,1.0,S
1216,3041,2021-03-20T17:41:34.495000+00:00,1.0,P
1216,3384,2021-03-20T17:41:37.925000+00:00,1.0,S
1217,3041,2021-03-20T17:41:34.495000+00:00,1.0,P
1217,3384,2021-03-20T17:41:37.925000+00:00,1.0,S
1218,3041,2021-03-20T17:41:34.495000+00:00,1.0,P
1218,3384,2021-03-20T17:41:37.925000+00:00,1.0,S
1219,3041,2021-03-20T17:41:34.495000+00:00,1.0,P
1219,3384,2021-03-20T17:41:37.925000+00:00,1.0,S
1220,3041,2021-03-20T17:41:34.495000+00:00,1.0,P
1220,3384,2021-03-20T17:41:37.925000+00:00,1.0,S
1221,3041,2021-03-20T17:41:34.495000+00:00,1.0,P
1221,3383,2021-03-20T17:41:37.915000+00:00,1.0,S
1222,3041,2021-03-20T17:41:34.495000+00:00,1.0,P
1222,3383,2021-03-20T17:41:37.915000+00:00,1.0,S
1223,3041,2021-03-20T17:41:34.495000+00:00,1.0,P
1223,3383,2021-03-20T17:41:37.915000+00:00,1.0,S
1224,3040,2021-03-20T17:41:34.485000+00:00,1.0,P
1224,3383,2021-03-20T17:41:37.915000+00:00,1.0,S
1225,3040,2021-03-20T17:41:34.485000+00:00,1.0,P
1225,3383,2021-03-20T17:41:37.915000+00:00,1.0,S
1226,3040,2021-03-20T17:41:34.485000+00:00,1.0,P
1226,3383,2021-03-20T17:41:37.915000+00:00,1.0,S
1227,3040,2021-03-20T17:41:34.485000+00:00,1.0,P
1227,3383,2021-03-20T17:41:37.915000+00:00,1.0,S
1228,3040,2021-03-20T17:41:34.485000+00:00,1.0,P
1228,3382,2021-03-20T17:41:37.905000+00:00,1.0,S
1229,3040,2021-03-20T17:41:34.485000+00:00,1.0,P
1229,3382,2021-03-20T17:41:37.905000+00:00,1.0,S
1230,3040,2021-03-20T17:41:34.485000+00:00,1.0,P
1230,3382,2021-03-20T17:41:37.905000+00:00,1.0,S
1231,3040,2021-03-20T17:41:34.485000+00:00,1.0,P
1231,3382,2021-03-20T17:41:37.905000+00:00,1.0,S
1232,3040,2021-03-20T17:41:34.485000+00:00,1.0,P
1232,3382,2021-03-20T17:41:37.905000+00:00,1.0,S
1233,3040,2021-03-20T17:41:34.485000+00:00,1.0,P
1233,3382,2021-03-20T17:41:37.905000+00:00,1.0,S
1234,3040,2021-03-20T17:41:34.485000+00:00,1.0,P
1234,3382,2021-03-20T17:41:37.905000+00:00,1.0,S
1235,3040,2021-03-20T17:41:34.485000+00:00,1.0,P
1235,3381,2021-03-20T17:41:37.895000+00:00,1.0,S
1236,3039,2021-03-20T17:41:34.475000+00:00,1.0,P
1236,3381,2021-03-20T17:41:37.895000+00:00,1.0,S
1237,3039,2021-03-20T17:41:34.475000+00:00,1.0,P
1237,3381,2021-03-20T17:41:37.895000+00:00,1.0,S
1238,3039,2021-03-20T17:41:34.475000+00:00,1.0,P
1238,3381,2021-03-20T17:41:37.895000+00:00,1.0,S
1239,3039,2021-03-20T17:41:34.475000+00:00,1.0,P
1239,3381,2021-03-20T17:41:37.895000+00:00,1.0,S
1240,3039,2021-03-20T17:41:34.475000+00:00,1.0,P
1240,3381,2021-03-20T17:41:37.895000+00:00,1.0,S
1241,3039,2021-03-20T17:41:34.475000+00:00,1.0,P
1241,3380,2021-03-20T17:41:37.884999+00:00,1.0,S
1242,3039,2021-03-20T17:41:34.475000+00:00,1.0,P
1242,3380,2021-03-20T17:41:37.884999+00:00,1.0,S
1243,3039,2021-03-20T17:41:34.475000+00:00,1.0,P
1243,3380,2021-03-20T17:41:37.884999+00:00,1.0,S
1244,3039,2021-03-20T17:41:34.475000+00:00,1.0,P
1244,3380,2021-03-20T17:41:37.884999+00:00,1.0,S
1245,3039,2021-03-20T17:41:34.475000+00:00,1.0,P
1245,3380,2021-03-20T17:41:37.884999+00:00,1.0,S
1246,3039,2021-03-20T17:41:34.475000+00:00,1.0,P
1246,3379,2021-03-20T17:41:37.875000+00:00,1.0,S
1247,3038,2021-03-20T17:41:34.465000+00:00,1.0,P
1247,3379,2021-03-20T17:41:37.875000+00:00,1.0,S
1248,3038,2021-03-20T17:41:34.465000+00:00,1.0,P
1248,3379,2021-03-20T17:41:37.875000+00:00,1.0,S
1249,3038,2021-03-20T17:41:34.465000+00:00,1.0,P
1249,3378,2021-03-20T17:41:37.865000+00:00,1.0,S
1250,3038,2021-03-20T17:41:34.465000+00:00,1.0,P
1250,3378,2021-03-20T17:41:37.865000+00:00,1.0,S
1251,3038,2021-03-20T17:41:34.465000+00:00,1.0,P
1251,3378,2021-03-20T17:41:37.865000+00:00,1.0,S
1252,3038,2021-03-20T17:41:34.465000+00:00,1.0,P
1252,3378,2021-03-20T17:41:37.865000+00:00,1.0,S
1253,3038,2021-03-20T17:41:34.465000+00:00,1.0,P
1253,3377,2021-03-20T17:41:37.855000+00:00,1.0,S
1254,3038,2021-03-20T17:41:34.465000+00:00,1.0,P
1254,3377,2021-03-20T17:41:37.855000+00:00,1.0,S
1255,3038,2021-03-20T17:41:34.465000+00:00,1.0,P
1255,3377,2021-03-20T17:41:37.855000+00:00,1.0,S
1256,3037,2021-03-20T17:41:34.455000+00:00,1.0,P
1256,3377,2021-03-20T17:41:37.855000+00:00,1.0,S
1257,3037,2021-03-20T17:41:34.455000+00:00,1.0,P
1257,3377,2021-03-20T17:41:37.855000+00:00,1.0,S
1258,3037,2021-03-20T17:41:34.455000+00:00,1.0,P
1258,3376,2021-03-20T17:41:37.844999+00:00,1.0,S
1259,3037,2021-03-20T17:41:34.455000+00:00,1.0,P
1259,3376,2021-03-20T17:41:37.844999+00:00,1.0,S
1260,3037,2021-03-20T17:41:34.455000+00:00,1.0,P
1260,3376,2021-03-20T17:41:37.844999+00:00,1.0,S
1261,3037,2021-03-20T17:41:34.455000+00:00,1.0,P
1261,3376,2021-03-20T17:41:37.844999+00:00,1.0,S
1262,3037,2021-03-20T17:41:34.455000+00:00,1.0,P
1262,3376,2021-03-20T17:41:37.844999+00:00,1.0,S
1263,3037,2021-03-20T17:41:34.455000+00:00,1.0,P
1263,3376,2021-03-20T17:41:37.844999+00:00,1.0,S
1264,3037,2021-03-20T17:41:34.455000+00:00,1.0,P
1264,3376,2021-03-20T17:41:37.844999+00:00,1.0,S
1265,3036,2021-03-20T17:41:34.445000+00:00,1.0,P
1265,3375,2021-03-20T17:41:37.835000+00:00,1.0,S
1266,3036,2021-03-20T17:41:34.445000+00:00,1.0,P
1266,3375,2021-03-20T17:41:37.835000+00:00,1.0,S
1267,3036,2021-03-20T17:41:34.445000+00:00,1.0,P
1267,3375,2021-03-20T17:41:37.835000+00:00,1.0,S
1268,3036,2021-03-20T17:41:34.445000+00:00,1.0,P
1268,3375,2021-03-20T17:41:37.835000+00:00,1.0,S
1269,3036,2021-03-20T17:41:34.445000+00:00,1.0,P
1269,3375,2021-03-20T17:41:37.835000+00:00,1.0,S
1270,3036,2021-03-20T17:41:34.445000+00:00,1.0,P
1270,3375,2021-03-20T17:41:37.835000+00:00,1.0,S
1271,3036,2021-03-20T17:41:34.445000+00:00,1.0,P
1271,3374,2021-03-20T17:41:37.825000+00:00,1.0,S
1272,3036,2021-03-20T17:41:34.445000+00:00,1.0,P
1272,3374,2021-03-20T17:41:37.825000+00:00,1.0,S
1273,3036,2021-03-20T17:41:34.445000+00:00,1.0,P
1273,3374,2021-03-20T17:41:37.825000+00:00,1.0,S
1274,3035,2021-03-20T17:41:34.435000+00:00,1.0,P
1274,3374,2021-03-20T17:41:37.825000+00:00,1.0,S
1275,3035,2021-03-20T17:41:34.435000+00:00,1.0,P
1275,3374,2021-03-20T17:41:37.825000+00:00,1.0,S
1276,3035,2021-03-20T17:41:34.435000+00:00,1.0,P
1276,3373,2021-03-20T17:41:37.815000+00:00,1.0,S
1277,3035,2021-03-20T17:41:34.435000+00:00,1.0,P
1277,3373,2021-03-20T17:41:37.815000+00:00,1.0,S
1278,3035,2021-03-20T17:41:34.435000+00:00,1.0,P
1278,3373,2021-03-20T17:41:37.815000+00:00,1.0,S
1279,3035,2021-03-20T17:41:34.435000+00:00,1.0,P
1279,3373,2021-03-20T17:41:37.815000+00:00,1.0,S
1280,3035,2021-03-20T17:41:34.435000+00:00,1.0,P
1280,3373,2021-03-20T17:41:37.815000+00:00,1.0,S
1281,3035,2021-03-20T17:41:34.435000+00:00,1.0,P
1281,3373,2021-03-20T17:41:37.815000+00:00,1.0,S
1282,3035,2021-03-20T17:41:34.435000+00:00,1.0,P
1282,3372,2021-03-20T17:41:37.805000+00:00,1.0,S
1283,3034,2021-03-20T17:41:34.425000+00:00,1.0,P
1283,3372,2021-03-20T17:41:37.805000+00:00,1.0,S
1284,3034,2021-03-20T17:41:34.425000+00:00,1.0,P
1284,3372,2021-03-20T17:41:37.805000+00:00,1.0,S
1285,3034,2021-03-20T17:41:34.425000+00:00,1.0,P
1285,3372,2021-03-20T17:41:37.805000+00:00,1.0,S
1286,3034,2021-03-20T17:41:34.425000+00:00,1.0,P
1286,3372,2021-03-20T17:41:37.805000+00:00,1.0,S
1287,3034,2021-03-20T17:41:34.425000+00:00,1.0,P
1287,3372,2021-03-20T17:41:37.805000+00:00,1.0,S
1288,3034,2021-03-20T17:41:34.425000+00:00,1.0,P
1288,3372,2021-03-20T17:41:37.805000+00:00,1.0,S
1289,3034,2021-03-20T17:41:34.425000+00:00,1.0,P
1289,3371,2021-03-20T17:41:37.795000+00:00,1.0,S
1290,3034,2021-03-20T17:41:34.425000+00:00,1.0,P
1290,3371,2021-03-20T17:41:37.795000+00:00,1.0,S
1291,3034,2021-03-20T17:41:34.425000+00:00,1.0,P
1291,3371,2021-03-20T17:41:37.795000+00:00,1.0,S
1292,3033,2021-03-20T17:41:34.415000+00:00,1.0,P
1292,3371,2021-03-20T17:41:37.795000+00:00,1.0,S
1293,3033,2021-03-20T17:41:34.415000+00:00,1.0,P
1293,3371,2021-03-20T17:41:37.795000+00:00,1.0,S
1294,3033,2021-03-20T17:41:34.415000+00:00,1.0,P
1294,3371,2021-03-20T17:41:37.795000+00:00,1.0,S
1295,3033,2021-03-20T17:41:34.415000+00:00,1.0,P
1295,3371,2021-03-20T17:41:37.795000+00:00,1.0,S
1296,3033,2021-03-20T17:41:34.415000+00:00,1.0,P
1296,3370,2021-03-20T17:41:37.785000+00:00,1.0,S
1297,3033,2021-03-20T17:41:34.415000+00:00,1.0,P
1297,3370,2021-03-20T17:41:37.785000+00:00,1.0,S
1298,3033,2021-03-20T17:41:34.415000+00:00,1.0,P
1298,3370,2021-03-20T17:41:37.785000+00:00,1.0,S
1299,3033,2021-03-20T17:41:34.415000+00:00,1.0,P
1299,3370,2021-03-20T17:41:37.785000+00:00,1.0,S
1300,3033,2021-03-20T17:41:34.415000+00:00,1.0,P
1300,3370,2021-03-20T17:41:37.785000+00:00,1.0,S
1301,3033,2021-03-20T17:41:34.415000+00:00,1.0,P
1301,3370,2021-03-20T17:41:37.785000+00:00,1.0,S
1302,3032,2021-03-20T17:41:34.405000+00:00,1.0,P
1302,3369,2021-03-20T17:41:37.774999+00:00,1.0,S
1303,3032,2021-03-20T17:41:34.405000+00:00,1.0,P
1303,3369,2021-03-20T17:41:37.774999+00:00,1.0,S
1304,3032,2021-03-20T17:41:34.405000+00:00,1.0,P
1304,3369,2021-03-20T17:41:37.774999+00:00,1.0,S
1305,3032,2021-03-20T17:41:34.405000+00:00,1.0,P
1305,3369,2021-03-20T17:41:37.774999+00:00,1.0,S
1306,3032,2021-03-20T17:41:34.405000+00:00,1.0,P
1306,3369,2021-03-20T17:41:37.774999+00:00,1.0,S
1307,3032,2021-03-20T17:41:34.405000+00:00,1.0,P
1307,3368,2021-03-20T17:41:37.765000+00:00,1.0,S
1308,3032,2021-03-20T17:41:34.405000+00:00,1.0,P
1308,3368,2021-03-20T17:41:37.765000+00:00,1.0,S
1309,3032,2021-03-20T17:41:34.405000+00:00,1.0,P
1309,3368,2021-03-20T17:41:37.765000+00:00,1.0,S
1310,3032,2021-03-20T17:41:34.405000+00:00,1.0,P
1310,3368,2021-03-20T17:41:37.765000+00:00,1.0,S
1311,3032,2021-03-20T17:41:34.405000+00:00,1.0,P
1311,3368,2021-03-20T17:41:37.765000+00:00,1.0,S
1312,3031,2021-03-20T17:41:34.395000+00:00,1.0,P
1312,3368,2021-03-20T17:41:37.765000+00:00,1.0,S
1313,3031,2021-03-20T17:41:34.395000+00:00,1.0,P
1313,3367,2021-03-20T17:41:37.755000+00:00,1.0,S
1314,3031,2021-03-20T17:41:34.395000+00:00,1.0,P
1314,3367,2021-03-20T17:41:37.755000+00:00,1.0,S
1315,3031,2021-03-20T17:41:34.395000+00:00,1.0,P
1315,3367,2021-03-20T17:41:37.755000+00:00,1.0,S
1316,3031,2021-03-20T17:41:34.395000+00:00,1.0,P
1316,3367,2021-03-20T17:41:37.755000+00:00,1.0,S
1317,3031,2021-03-20T17:41:34.395000+00:00,1.0,P
1317,3366,2021-03-20T17:41:37.745000+00:00,1.0,S
1318,3031,2021-03-20T17:41:34.395000+00:00,1.0,P
1318,3366,2021-03-20T17:41:37.745000+00:00,1.0,S
1319,3031,2021-03-20T17:41:34.395000+00:00,1.0,P
1319,3366,2021-03-20T17:41:37.745000+00:00,1.0,S
1320,3031,2021-03-20T17:41:34.395000+00:00,1.0,P
1320,3366,2021-03-20T17:41:37.745000+00:00,1.0,S
1321,3031,2021-03-20T17:41:34.395000+00:00,1.0,P
1321,3366,2021-03-20T17:41:37.745000+00:00,1.0,S
1322,3030,2021-03-20T17:41:34.385000+00:00,1.0,P
1322,3365,2021-03-20T17:41:37.735000+00:00,1.0,S
1323,3030,2021-03-20T17:41:34.385000+00:00,1.0,P
1323,3365,2021-03-20T17:41:37.735000+00:00,1.0,S
1324,3030,2021-03-20T17:41:34.385000+00:00,1.0,P
1324,3365,2021-03-20T17:41:37.735000+00:00,1.0,S
1325,3030,2021-03-20T17:41:34.385000+00:00,1.0,P
1325,3365,2021-03-20T17:41:37.735000+00:00,1.0,S
1326,3030,2021-03-20T17:41:34.385000+00:00,1.0,P
1326,3365,2021-03-20T17:41:37.735000+00:00,1.0,S
1327,3030,2021-03-20T17:41:34.385000+00:00,1.0,P
1327,3364,2021-03-20T17:41:37.725000+00:00,1.0,S
1328,3030,2021-03-20T17:41:34.385000+00:00,1.0,P
1328,3364,2021-03-20T17:41:37.725000+00:00,1.0,S
1329,3030,2021-03-20T17:41:34.385000+00:00,1.0,P
1329,3364,2021-03-20T17:41:37.725000+00:00,1.0,S
1330,3030,2021-03-20T17:41:34.385000+00:00,1.0,P
1330,3363,2021-03-20T17:41:37.715000+00:00,1.0,S
1331,3030,2021-03-20T17:41:34.385000+00:00,1.0,P
1331,3363,2021-03-20T17:41:37.715000+00:00,1.0,S
1332,3029,2021-03-20T17:41:34.375000+00:00,1.0,P
1332,3363,2021-03-20T17:41:37.715000+00:00,1.0,S
1333,3029,2021-03-20T17:41:34.375000+00:00,1.0,P
1333,3363,2021-03-20T17:41:37.715000+00:00,1.0,S
1334,3029,2021-03-20T17:41:34.375000+00:00,1.0,P
1334,3362,2021-03-20T17:41:37.704999+00:00,1.0,S
1335,3029,2021-03-20T17:41:34.375000+00:00,1.0,P
1335,3362,2021-03-20T17:41:37.704999+00:00,1.0,S
1336,3029,2021-03-20T17:41:34.375000+00:00,1.0,P
1336,3362,2021-03-20T17:41:37.704999+00:00,1.0,S
1337,3029,2021-03-20T17:41:34.375000+00:00,1.0,P
1337,3361,2021-03-20T17:41:37.695000+00:00,1.0,S
1338,3029,2021-03-20T17:41:34.375000+00:00,1.0,P
1338,3361,2021-03-20T17:41:37.695000+00:00,1.0,S
1339,3029,2021-03-20T17:41:34.375000+00:00,1.0,P
1339,3361,2021-03-20T17:41:37.695000+00:00,1.0,S
1340,3029,2021-03-20T17:41:34.375000+00:00,1.0,P
1340,3361,2021-03-20T17:41:37.695000+00:00,1.0,S
1341,3028,2021-03-20T17:41:34.365000+00:00,1.0,P
1341,3360,2021-03-20T17:41:37.685000+00:00,1.0,S
1342,3028,2021-03-20T17:41:34.365000+00:00,1.0,P
1342,3360,2021-03-20T17:41:37.685000+00:00,1.0,S
1343,3028,2021-03-20T17:41:34.365000+00:00,1.0,P
1343,3360,2021-03-20T17:41:37.685000+00:00,1.0,S
1344,3028,2021-03-20T17:41:34.365000+00:00,1.0,P
1344,3359,2021-03-20T17:41:37.675000+00:00,1.0,S
1345,3028,2021-03-20T17:41:34.365000+00:00,1.0,P
1345,3359,2021-03-20T17:41:37.675000+00:00,1.0,S
1346,3028,2021-03-20T17:41:34.365000+00:00,1.0,P
1346,3359,2021-03-20T17:41:37.675000+00:00,1.0,S
1347,3028,2021-03-20T17:41:34.365000+00:00,1.0,P
1347,3359,2021-03-20T17:41:37.675000+00:00,1.0,S
1348,3028,2021-03-20T17:41:34.365000+00:00,1.0,P
1348,3358,2021-03-20T17:41:37.665000+00:00,1.0,S
1349,3028,2021-03-20T17:41:34.365000+00:00,1.0,P
1349,3358,2021-03-20T17:41:37.665000+00:00,1.0,S
1350,3027,2021-03-20T17:41:34.355000+00:00,1.0,P
1350,3358,2021-03-20T17:41:37.665000+00:00,1.0,S
1351,3027,2021-03-20T17:41:34.355000+00:00,1.0,P
1351,3357,2021-03-20T17:41:37.655000+00:00,1.0,S
1352,3027,2021-03-20T17:41:34.355000+00:00,1.0,P
1352,3357,2021-03-20T17:41:37.655000+00:00,1.0,S
1353,3027,2021-03-20T17:41:34.355000+00:00,1.0,P
1353,3356,2021-03-20T17:41:37.645000+00:00,1.0,S
1354,3027,2021-03-20T17:41:34.355000+00:00,1.0,P
1354,3356,2021-03-20T17:41:37.645000+00:00,1.0,S
1355,3027,2021-03-20T17:41:34.355000+00:00,1.0,P
1355,3356,2021-03-20T17:41:37.645000+00:00,1.0,S
1356,3027,2021-03-20T17:41:34.355000+00:00,1.0,P
1356,3355,2021-03-20T17:41:37.634999+00:00,1.0,S
1357,3027,2021-03-20T17:41:34.355000+00:00,1.0,P
1357,3355,2021-03-20T17:41:37.634999+00:00,1.0,S
1358,3027,2021-03-20T17:41:34.355000+00:00,1.0,P
1358,3355,2021-03-20T17:41:37.634999+00:00,1.0,S
1359,3026,2021-03-20T17:41:34.345000+00:00,1.0,P
1359,3354,2021-03-20T17:41:37.625000+00:00,1.0,S
1360,3026,2021-03-20T17:41:34.345000+00:00,1.0,P
1360,3354,2021-03-20T17:41:37.625000+00:00,1.0,S
1361,3026,2021-03-20T17:41:34.345000+00:00,1.0,P
1361,3353,2021-03-20T17:41:37.615000+00:00,1.0,S
1362,3026,2021-03-20T17:41:34.345000+00:00,1.0,P
1362,3353,2021-03-20T17:41:37.615000+00:00,1.0,S
1363,3026,2021-03-20T17:41:34.345000+00:00,1.0,P
1363,3353,2021-03-20T17:41:37.615000+00:00,1.0,S
1364,3026,2021-03-20T17:41:34.345000+00:00,1.0,P
1364,3352,2021-03-20T17:41:37.605000+00:00,1.0,S
1365,3026,2021-03-20T17:41:34.345000+00:00,1.0,P
1365,3352,2021-03-20T17:41:37.605000+00:00,1.0,S
1366,3025,2021-03-20T17:41:34.335000+00:00,1.0,P
1366,3351,2021-03-20T17:41:37.594999+00:00,1.0,S
1367,3025,2021-03-20T17:41:34.335000+00:00,1.0,P
1367,3351,2021-03-20T17:41:37.594999+00:00,1.0,S
1368,3025,2021-03-20T17:41:34.335000+00:00,1.0,P
1368,3350,2021-03-20T17:41:37.585000+00:00,1.0,S
1369,3025,2021-03-20T17:41:34.335000+00:00,1.0,P
1369,3350,2021-03-20T17:41:37.585000+00:00,1.0,S
1370,3025,2021-03-20T17:41:34.335000+00:00,1.0,P
1370,3349,2021-03-20T17:41:37.575000+00:00,1.0,S
1371,3025,2021-03-20T17:41:34.335000+00:00,1.0,P
1371,3349,2021-03-20T17:41:37.575000+00:00,1.0,S
1372,3025,2021-03-20T17:41:34.335000+00:00,1.0,P
1372,3349,2021-03-20T17:41:37.575000+00:00,1.0,S
1373,3024,2021-03-20T17:41:34.325000+00:00,1.0,P
1373,3348,2021-03-20T17:41:37.565000+00:00,1.0,S
1374,3024,2021-03-20T17:41:34.325000+00:00,1.0,P
1374,3348,2021-03-20T17:41:37.565000+00:00,1.0,S
1375,3024,2021-03-20T17:41:34.325000+00:00,1.0,P
1375,3347,2021-03-20T17:41:37.555000+00:00,1.0,S
1376,3024,2021-03-20T17:41:34.325000+00:00,1.0,P
1376,3347,2021-03-20T17:41:37.555000+00:00,1.0,S
1377,3024,2021-03-20T17:41:34.325000+00:00,1.0,P
1377,3346,2021-03-20T17:41:37.545000+00:00,1.0,S
1378,3024,2021-03-20T17:41:34.325000+00:00,1.0,P
1378,3346,2021-03-20T17:41:37.545000+00:00,1.0,S
1379,3024,2021-03-20T17:41:34.325000+00:00,1.0,P
1379,3345,2021-03-20T17:41:37.535000+00:00,1.0,S
1380,3023,2021-03-20T17:41:34.315000+00:00,1.0,P
1380,3345,2021-03-20T17:41:37.535000+00:00,1.0,S
1381,3023,2021-03-20T17:41:34.315000+00:00,1.0,P
1381,3344,2021-03-20T17:41:37.524999+00:00,1.0,S
1382,3023,2021-03-20T17:41:34.315000+00:00,1.0,P
1382,3344,2021-03-20T17:41:37.524999+00:00,1.0,S
1383,3023,2021-03-20T17:41:34.315000+00:00,1.0,P
1383,3343,2021-03-20T17:41:37.515000+00:00,1.0,S
1384,3023,2021-03-20T17:41:34.315000+00:00,1.0,P
1384,3343,2021-03-20T17:41:37.515000+00:00,1.0,S
1385,3023,2021-03-20T17:41:34.315000+00:00,1.0,P
1385,3343,2021-03-20T17:41:37.515000+00:00,1.0,S
1386,3023,2021-03-20T17:41:34.315000+00:00,1.0,P
1386,3342,2021-03-20T17:41:37.505000+00:00,1.0,S
1387,3022,2021-03-20T17:41:34.305000+00:00,1.0,P
1387,3342,2021-03-20T17:41:37.505000+00:00,1.0,S
1388,3022,2021-03-20T17:41:34.305000+00:00,1.0,P
1388,3341,2021-03-20T17:41:37.495000+00:00,1.0,S
1389,3022,2021-03-20T17:41:34.305000+00:00,1.0,P
1389,3341,2021-03-20T17:41:37.495000+00:00,1.0,S
1390,3022,2021-03-20T17:41:34.305000+00:00,1.0,P
1390,3341,2021-03-20T17:41:37.495000+00:00,1.0,S
1391,3022,2021-03-20T17:41:34.305000+00:00,1.0,P
1391,3340,2021-03-20T17:41:37.485000+00:00,1.0,S
1392,3022,2021-03-20T17:41:34.305000+00:00,1.0,P
1392,3340,2021-03-20T17:41:37.485000+00:00,1.0,S
1393,3021,2021-03-20T17:41:34.295000+00:00,1.0,P
1393,3339,2021-03-20T17:41:37.475000+00:00,1.0,S
1394,3021,2021-03-20T17:41:34.295000+00:00,1.0,P
1394,3339,2021-03-20T17:41:37.475000+00:00,1.0,S
1395,3021,2021-03-20T17:41:34.295000+00:00,1.0,P
1395,3339,2021-03-20T17:41:37.475000+00:00,1.0,S
1396,3021,2021-03-20T17:41:34.295000+00:00,1.0,P
1396,3338,2021-03-20T17:41:37.465000+00:00,1.0,S
1397,3021,2021-03-20T17:41:34.295000+00:00,1.0,P
1397,3338,2021-03-20T17:41:37.465000+00:00,1.0,S
1398,3021,2021-03-20T17:41:34.295000+00:00,1.0,P
1398,3337,2021-03-20T17:41:37.454999+00:00,1.0,S
1399,3021,2021-03-20T17:41:34.295000+00:00,1.0,P
1399,3337,2021-03-20T17:41:37.454999+00:00,1.0,S
1400,3020,2021-03-20T17:41:34.285000+00:00,1.0,P
1400,3337,2021-03-20T17:41:37.454999+00:00,1.0,S
1401,3020,2021-03-20T17:41:34.285000+00:00,1.0,P
1401,3336,2021-03-20T17:41:37.445000+00:00,1.0,S
1402,3020,2021-03-20T17:41:34.285000+00:00,1.0,P
1402,3336,2021-03-20T17:41:37.445000+00:00,1.0,S
1403,3020,2021-03-20T17:41:34.285000+00:00,1.0,P
1403,3335,2021-03-20T17:41:37.435000+00:00,1.0,S
1404,3020,2021-03-20T17:41:34.285000+00:00,1.0,P
1404,3335,2021-03-20T17:41:37.435000+00:00,1.0,S
1405,3020,2021-03-20T17:41:34.285000+00:00,1.0,P
1405,3335,2021-03-20T17:41:37.435000+00:00,1.0,S
1406,3019,2021-03-20T17:41:34.275000+00:00,1.0,P
1406,3334,2021-03-20T17:41:37.425000+00:00,1.0,S
1407,3019,2021-03-20T17:41:34.275000+00:00,1.0,P
1407,3334,2021-03-20T17:41:37.425000+00:00,1.0,S
1408,3019,2021-03-20T17:41:34.275000+00:00,1.0,P
1408,3333,2021-03-20T17:41:37.415000+00:00,1.0,S
1409,3019,2021-03-20T17:41:34.275000+00:00,1.0,P
1409,3333,2021-03-20T17:41:37.415000+00:00,1.0,S
1410,3019,2021-03-20T17:41:34.275000+00:00,1.0,P
1410,3332,2021-03-20T17:41:37.405000+00:00,1.0,S
1411,3019,2021-03-20T17:41:34.275000+00:00,1.0,P
1411,3332,2021-03-20T17:41:37.405000+00:00,1.0,S
1412,3018,2021-03-20T17:41:34.265000+00:00,1.0,P
1412,3332,2021-03-20T17:41:37.405000+00:00,1.0,S
1413,3018,2021-03-20T17:41:34.265000+00:00,1.0,P
1413,3331,2021-03-20T17:41:37.395000+00:00,1.0,S
1414,3018,2021-03-20T17:41:34.265000+00:00,1.0,P
1414,3331,2021-03-20T17:41:37.395000+00:00,1.0,S
1415,3018,2021-03-20T17:41:34.265000+00:00,1.0,P
1415,3330,2021-03-20T17:41:37.384999+00:00,1.0,S
1416,3018,2021-03-20T17:41:34.265000+00:00,1.0,P
1416,3330,2021-03-20T17:41:37.384999+00:00,1.0,S
1417,3018,2021-03-20T17:41:34.265000+00:00,1.0,P
1417,3329,2021-03-20T17:41:37.375000+00:00,1.0,S
1418,3017,2021-03-20T17:41:34.255000+00:00,1.0,P
1418,3329,2021-03-20T17:41:37.375000+00:00,1.0,S
1419,3017,2021-03-20T17:41:34.255000+00:00,1.0,P
1419,3328,2021-03-20T17:41:37.365000+00:00,1.0,S
1420,3017,2021-03-20T17:41:34.255000+00:00,1.0,P
1420,3328,2021-03-20T17:41:37.365000+00:00,1.0,S
1421,3017,2021-03-20T17:41:34.255000+00:00,1.0,P
1421,3328,2021-03-20T17:41:37.365000+00:00,1.0,S
1422,3017,2021-03-20T17:41:34.255000+00:00,1.0,P
1422,3327,2021-03-20T17:41:37.355000+00:00,1.0,S
1423,3017,2021-03-20T17:41:34.255000+00:00,1.0,P
1423,3327,2021-03-20T17:41:37.355000+00:00,1.0,S
1424,3016,2021-03-20T17:41:34.245000+00:00,1.0,P
1424,3326,2021-03-20T17:41:37.344999+00:00,1.0,S
1425,3016,2021-03-20T17:41:34.245000+00:00,1.0,P
1425,3326,2021-03-20T17:41:37.344999+00:00,1.0,S
1426,3016,2021-03-20T17:41:34.245000+00:00,1.0,P
1426,3326,2021-03-20T17:41:37.344999+00:00,1.0,S
1427,3016,2021-03-20T17:41:34.245000+00:00,1.0,P
1427,3325,2021-03-20T17:41:37.335000+00:00,1.0,S
1428,3016,2021-03-20T17:41:34.245000+00:00,1.0,P
1428,3325,2021-03-20T17:41:37.335000+00:00,1.0,S
1429,3016,2021-03-20T17:41:34.245000+00:00,1.0,P
1429,3324,2021-03-20T17:41:37.325000+00:00,1.0,S
1430,3015,2021-03-20T17:41:34.235000+00:00,1.0,P
1430,3324,2021-03-20T17:41:37.325000+00:00,1.0,S
1431,3015,2021-03-20T17:41:34.235000+00:00,1.0,P
1431,3324,2021-03-20T17:41:37.325000+00:00,1.0,S
1432,3015,2021-03-20T17:41:34.235000+00:00,1.0,P
1432,3323,2021-03-20T17:41:37.315000+00:00,1.0,S
1433,3015,2021-03-20T17:41:34.235000+00:00,1.0,P
1433,3323,2021-03-20T17:41:37.315000+00:00,1.0,S
1434,3015,2021-03-20T17:41:34.235000+00:00,1.0,P
1434,3323,2021-03-20T17:41:37.315000+00:00,1.0,S
1435,3015,2021-03-20T17:41:34.235000+00:00,1.0,P
1435,3322,2021-03-20T17:41:37.305000+00:00,1.0,S
1436,3014,2021-03-20T17:41:34.225000+00:00,1.0,P
1436,3322,2021-03-20T17:41:37.305000+00:00,1.0,S
1437,3014,2021-03-20T17:41:34.225000+00:00,1.0,P
1437,3322,2021-03-20T17:41:37.305000+00:00,1.0,S
1438,3014,2021-03-20T17:41:34.225000+00:00,1.0,P
1438,3321,2021-03-20T17:41:37.295000+00:00,1.0,S
1439,3014,2021-03-20T17:41:34.225000+00:00,1.0,P
1439,3321,2021-03-20T17:41:37.295000+00:00,1.0,S
1440,3014,2021-03-20T17:41:34.225000+00:00,1.0,P
1440,3321,2021-03-20T17:41:37.295000+00:00,1.0,S
1441,3014,2021-03-20T17:41:34.225000+00:00,1.0,P
1441,3320,2021-03-20T17:41:37.285000+00:00,1.0,S
1442,3013,2021-03-20T17:41:34.215000+00:00,1.0,P
1442,3320,2021-03-20T17:41:37.285000+00:00,1.0,S
1443,3013,2021-03-20T17:41:34.215000+00:00,1.0,P
1443,3320,2021-03-20T17:41:37.285000+00:00,1.0,S
1444,3013,2021-03-20T17:41:34.215000+00:00,1.0,P
1444,3319,2021-03-20T17:41:37.274999+00:00,1.0,S
1445,3013,2021-03-20T17:41:34.215000+00:00,1.0,P
1445,3319,2021-03-20T17:41:37.274999+00:00,1.0,S
1446,3013,2021-03-20T17:41:34.215000+00:00,1.0,P
1446,3318,2021-03-20T17:41:37.265000+00:00,1.0,S
1447,3012,2021-03-20T17:41:34.205000+00:00,1.0,P
1447,3318,2021-03-20T17:41:37.265000+00:00,1.0,S
1448,3012,2021-03-20T17:41:34.205000+00:00,1.0,P
1448,3318,2021-03-20T17:41:37.265000+00:00,1.0,S
1449,3012,2021-03-20T17:41:34.205000+00:00,1.0,P
1449,3317,2021-03-20T17:41:37.255000+00:00,1.0,S
1450,3012,2021-03-20T17:41:34.205000+00:00,1.0,P
1450,3317,2021-03-20T17:41:37.255000+00:00,1.0,S
1451,3012,2021-03-20T17:41:34.205000+00:00,1.0,P
1451,3317,2021-03-20T17:41:37.255000+00:00,1.0,S
1452,3012,2021-03-20T17:41:34.205000+00:00,1.0,P
1452,3316,2021-03-20T17:41:37.245000+00:00,1.0,S
1453,3011,2021-03-20T17:41:34.195000+00:00,1.0,P
1453,3316,2021-03-20T17:41:37.245000+00:00,1.0,S
1454,3011,2021-03-20T17:41:34.195000+00:00,1.0,P
1454,3316,2021-03-20T17:41:37.245000+00:00,1.0,S
1455,3011,2021-03-20T17:41:34.195000+00:00,1.0,P
1455,3315,2021-03-20T17:41:37.235000+00:00,1.0,S
1456,3011,2021-03-20T17:41:34.195000+00:00,1.0,P
1456,3315,2021-03-20T17:41:37.235000+00:00,1.0,S
1457,3011,2021-03-20T17:41:34.195000+00:00,1.0,P
1457,3314,2021-03-20T17:41:37.225000+00:00,1.0,S
1458,3011,2021-03-20T17:41:34.195000+00:00,1.0,P
1458,3314,2021-03-20T17:41:37.225000+00:00,1.0,S
1459,3010,2021-03-20T17:41:34.185000+00:00,1.0,P
1459,3313,2021-03-20T17:41:37.215000+00:00,1.0,S
1460,3010,2021-03-20T17:41:34.185000+00:00,1.0,P
1460,3313,2021-03-20T17:41:37.215000+00:00,1.0,S
1461,3010,2021-03-20T17:41:34.185000+00:00,1.0,P
1461,3313,2021-03-20T17:41:37.215000+00:00,1.0,S
1462,3010,2021-03-20T17:41:34.185000+00:00,1.0,P
1462,3312,2021-03-20T17:41:37.204999+00:00,1.0,S
1463,3010,2021-03-20T17:41:34.185000+00:00,1.0,P
1463,3312,2021-03-20T17:41:37.204999+00:00,1.0,S
1464,3010,2021-03-20T17:41:34.185000+00:00,1.0,P
1464,3311,2021-03-20T17:41:37.195000+00:00,1.0,S
1465,3009,2021-03-20T17:41:34.175000+00:00,1.0,P
1465,3311,2021-03-20T17:41:37.195000+00:00,1.0,S
1466,3009,2021-03-20T17:41:34.175000+00:00,1.0,P
1466,3310,2021-03-20T17:41:37.185000+00:00,1.0,S
1467,3009,2021-03-20T17:41:34.175000+00:00,1.0,P
1467,3310,2021-03-20T17:41:37.185000+00:00,1.0,S
1468,3009,2021-03-20T17:41:34.175000+00:00,1.0,P
1468,3309,2021-03-20T17:41:37.175000+00:00,1.0,S
1469,3009,2021-03-20T17:41:34.175000+00:00,1.0,P
1469,3309,2021-03-20T17:41:37.175000+00:00,1.0,S
1470,3009,2021-03-20T17:41:34.175000+00:00,1.0,P
1470,3309,2021-03-20T17:41:37.175000+00:00,1.0,S
1471,3008,2021-03-20T17:41:34.165000+00:00,1.0,P
1471,3308,2021-03-20T17:41:37.165000+00:00,1.0,S
1472,3008,2021-03-20T17:41:34.165000+00:00,1.0,P
1472,3308,2021-03-20T17:41:37.165000+00:00,1.0,S
1473,3008,2021-03-20T17:41:34.165000+00:00,1.0,P
1473,3307,2021-03-20T17:41:37.155000+00:00,1.0,S
1474,3008,2021-03-20T17:41:34.165000+00:00,1.0,P
1474,3307,2021-03-20T17:41:37.155000+00:00,1.0,S
1475,3008,2021-03-20T17:41:34.165000+00:00,1.0,P
1475,3307,2021-03-20T17:41:37.155000+00:00,1.0,S
1476,3008,2021-03-20T17:41:34.165000+00:00,1.0,P
1476,3306,2021-03-20T17:41:37.145000+00:00,1.0,S
1477,3007,2021-03-20T17:41:34.155000+00:00,1.0,P
1477,3306,2021-03-20T17:41:37.145000+00:00,1.0,S
1478,3007,2021-03-20T17:41:34.155000+00:00,1.0,P
1478,3305,2021-03-20T17:41:37.134999+00:00,1.0,S
1479,3007,2021-03-20T17:41:34.155000+00:00,1.0,P
1479,3305,2021-03-20T17:41:37.134999+00:00,1.0,S
1480,3007,2021-03-20T17:41:34.155000+00:00,1.0,P
1480,3304,2021-03-20T17:41:37.125000+00:00,1.0,S
1481,3007,2021-03-20T17:41:34.155000+00:00,1.0,P
1481,3304,2021-03-20T17:41:37.125000+00:00,1.0,S
1482,3007,2021-03-20T17:41:34.155000+00:00,1.0,P
1482,3303,2021-03-20T17:41:37.115000+00:00,1.0,S
1483,3006,2021-03-20T17:41:34.145000+00:00,1.0,P
1483,3303,2021-03-20T17:41:37.115000+00:00,1.0,S
1484,3006,2021-03-20T17:41:34.145000+00:00,1.0,P
1484,3302,2021-03-20T17:41:37.105000+00:00,1.0,S
1485,3006,2021-03-20T17:41:34.145000+00:00,1.0,P
1485,3302,2021-03-20T17:41:37.105000+00:00,1.0,S
1486,3006,2021-03-20T17:41:34.145000+00:00,1.0,P
1486,3302,2021-03-20T17:41:37.105000+00:00,1.0,S
1487,3006,2021-03-20T17:41:34.145000+00:00,1.0,P
1487,3301,2021-03-20T17:41:37.094999+00:00,1.0,S
1488,3006,2021-03-20T17:41:34.145000+00:00,1.0,P
1488,3301,2021-03-20T17:41:37.094999+00:00,1.0,S
1489,3005,2021-03-20T17:41:34.135000+00:00,1.0,P
1489,3300,2021-03-20T17:41:37.085000+00:00,1.0,S
1490,3005,2021-03-20T17:41:34.135000+00:00,1.0,P
1490,3300,2021-03-20T17:41:37.085000+00:00,1.0,S
1491,3005,2021-03-20T17:41:34.135000+00:00,1.0,P
1491,3299,2021-03-20T17:41:37.075000+00:00,1.0,S
1492,3005,2021-03-20T17:41:34.135000+00:00,1.0,P
1492,3299,2021-03-20T17:41:37.075000+00:00,1.0,S
1493,3005,2021-03-20T17:41:34.135000+00:00,1.0,P
1493,3298,2021-03-20T17:41:37.065000+00:00,1.0,S
1494,3005,2021-03-20T17:41:34.135000+00:00,1.0,P
1494,3298,2021-03-20T17:41:37.065000+00:00,1.0,S
1495,3004,2021-03-20T17:41:34.125000+00:00,1.0,P
1495,3298,2021-03-20T17:41:37.065000+00:00,1.0,S
1496,3004,2021-03-20T17:41:34.125000+00:00,1.0,P
1496,3297,2021-03-20T17:41:37.055000+00:00,1.0,S
1497,3004,2021-03-20T17:41:34.125000+00:00,1.0,P
1497,3297,2021-03-20T17:41:37.055000+00:00,1.0,S
1498,3004,2021-03-20T17:41:34.125000+00:00,1.0,P
1498,3296,2021-03-20T17:41:37.045000+00:00,1.0,S
1499,3004,2021-03-20T17:41:34.125000+00:00,1.0,P
1499,3296,2021-03-20T17:41:37.045000+00:00,1.0,S
1500,3004,2021-03-20T17:41:34.125000+00:00,1.0,P
1500,3296,2021-03-20T17:41:37.045000+00:00,1.0,S
1501,3004,2021-03-20T17:41:34.125000+00:00,1.0,P
1501,3295,2021-03-20T17:41:37.035000+00:00,1.0,S
1502,3003,2021-03-20T17:41:34.115000+00:00,1.0,P
1502,3295,2021-03-20T17:41:37.035000+00:00,1.0,S
1503,3003,2021-03-20T17:41:34.115000+00:00,1.0,P
1503,3294,2021-03-20T17:41:37.024999+00:00,1.0,S
1504,3003,2021-03-20T17:41:34.115000+00:00,1.0,P
1504,3294,2021-03-20T17:41:37.024999+00:00,1.0,S
1505,3003,2021-03-20T17:41:34.115000+00:00,1.0,P
1505,3294,2021-03-20T17:41:37.024999+00:00,1.0,S
1506,3003,2021-03-20T17:41:34.115000+00:00,1.0,P
1506,3293,2021-03-20T17:41:37.015000+00:00,1.0,S
1507,3002,2021-03-20T17:41:34.105000+00:00,1.0,P
1507,3293,2021-03-20T17:41:37.015000+00:00,1.0,S
1508,3002,2021-03-20T17:41:34.105000+00:00,1.0,P
1508,3292,2021-03-20T17:41:37.005000+00:00,1.0,S
1509,3002,2021-03-20T17:41:34.105000+00:00,1.0,P
1509,3292,2021-03-20T17:41:37.005000+00:00,1.0,S
1510,3002,2021-03-20T17:41:34.105000+00:00,1.0,P
1510,3292,2021-03-20T17:41:37.005000+00:00,1.0,S
1511,3002,2021-03-20T17:41:34.105000+00:00,1.0,P
1511,3291,2021-03-20T17:41:36.995000+00:00,1.0,S
1512,3002,2021-03-20T17:41:34.105000+00:00,1.0,P
1512,3291,2021-03-20T17:41:36.995000+00:00,1.0,S
1513,3001,2021-03-20T17:41:34.095000+00:00,1.0,P
1513,3290,2021-03-20T17:41:36.985000+00:00,1.0,S
1514,3001,2021-03-20T17:41:34.095000+00:00,1.0,P
1514,3290,2021-03-20T17:41:36.985000+00:00,1.0,S
1515,3001,2021-03-20T17:41:34.095000+00:00,1.0,P
1515,3290,2021-03-20T17:41:36.985000+00:00,1.0,S
1516,3001,2021-03-20T17:41:34.095000+00:00,1.0,P
1516,3289,2021-03-20T17:41:36.975000+00:00,1.0,S
1517,3001,2021-03-20T17:41:34.095000+00:00,1.0,P
1517,3289,2021-03-20T17:41:36.975000+00:00,1.0,S
1518,3001,2021-03-20T17:41:34.095000+00:00,1.0,P
1518,3288,2021-03-20T17:41:36.965000+00:00,1.0,S
1519,3000,2021-03-20T17:41:34.085000+00:00,1.0,P
1519,3288,2021-03-20T17:41:36.965000+00:00,1.0,S
1520,3000,2021-03-20T17:41:34.085000+00:00,1.0,P
1520,3288,2021-03-20T17:41:36.965000+00:00,1.0,S
1521,3000,2021-03-20T17:41:34.085000+00:00,1.0,P
1521,3287,2021-03-20T17:41:36.954999+00:00,1.0,S
1522,3000,2021-03-20T17:41:34.085000+00:00,1.0,P
1522,3287,2021-03-20T17:41:36.954999+00:00,1.0,S
1523,3000,2021-03-20T17:41:34.085000+00:00,1.0,P
1523,3287,2021-03-20T17:41:36.954999+00:00,1.0,S
1524,3000,2021-03-20T17:41:34.085000+00:00,1.0,P
1524,3286,2021-03-20T17:41:36.945000+00:00,1.0,S
1525,2999,2021-03-20T17:41:34.075000+00:00,1.0,P
1525,3286,2021-03-20T17:41:36.945000+00:00,1.0,S
1526,2999,2021-03-20T17:41:34.075000+00:00,1.0,P
1526,3285,2021-03-20T17:41:36.935000+00:00,1.0,S
1527,2999,2021-03-20T17:41:34.075000+00:00,1.0,P
1527,3285,2021-03-20T17:41:36.935000+00:00,1.0,S
1528,2999,2021-03-20T17:41:34.075000+00:00,1.0,P
1528,3285,2021-03-20T17:41:36.935000+00:00,1.0,S
1529,2999,2021-03-20T17:41:34.075000+00:00,1.0,P
1529,3284,2021-03-20T17:41:36.925000+00:00,1.0,S
1530,2999,2021-03-20T17:41:34.075000+00:00,1.0,P
1530,3284,2021-03-20T17:41:36.925000+00:00,1.0,S
1531,2999,2021-03-20T17:41:34.075000+00:00,1.0,P
1531,3284,2021-03-20T17:41:36.925000+00:00,1.0,S
1532,2998,2021-03-20T17:41:34.065000+00:00,1.0,P
1532,3284,2021-03-20T17:41:36.925000+00:00,1.0,S
1533,2998,2021-03-20T17:41:34.065000+00:00,1.0,P
1533,3283,2021-03-20T17:41:36.915000+00:00,1.0,S
1534,2998,2021-03-20T17:41:34.065000+00:00,1.0,P
1534,3283,2021-03-20T17:41:36.915000+00:00,1.0,S
1535,2998,2021-03-20T17:41:34.065000+00:00,1.0,P
1535,3283,2021-03-20T17:41:36.915000+00:00,1.0,S
1536,2998,2021-03-20T17:41:34.065000+00:00,1.0,P
1536,3282,2021-03-20T17:41:36.905000+00:00,1.0,S
1537,2998,2021-03-20T17:41:34.065000+00:00,1.0,P
1537,3282,2021-03-20T17:41:36.905000+00:00,1.0,S
1538,2998,2021-03-20T17:41:34.065000+00:00,1.0,P
1538,3282,2021-03-20T17:41:36.905000+00:00,1.0,S
1539,2997,2021-03-20T17:41:34.055000+00:00,1.0,P
1539,3281,2021-03-20T17:41:36.895000+00:00,1.0,S
1540,2997,2021-03-20T17:41:34.055000+00:00,1.0,P
1540,3281,2021-03-20T17:41:36.895000+00:00,1.0,S
1541,2997,2021-03-20T17:41:34.055000+00:00,1.0,P
1541,3281,2021-03-20T17:41:36.895000+00:00,1.0,S
1542,2997,2021-03-20T17:41:34.055000+00:00,1.0,P
1542,3281,2021-03-20T17:41:36.895000+00:00,1.0,S
1543,2997,2021-03-20T17:41:34.055000+00:00,1.0,P
1543,3280,2021-03-20T17:41:36.884999+00:00,1.0,S
1544,2997,2021-03-20T17:41:34.055000+00:00,1.0,P
1544,3280,2021-03-20T17:41:36.884999+00:00,1.0,S
1545,2997,2021-03-20T17:41:34.055000+00:00,1.0,P
1545,3280,2021-03-20T17:41:36.884999+00:00,1.0,S
1546,2996,2021-03-20T17:41:34.045000+00:00,1.0,P
1546,3279,2021-03-20T17:41:36.875000+00:00,1.0,S
1547,2996,2021-03-20T17:41:34.045000+00:00,1.0,P
1547,3279,2021-03-20T17:41:36.875000+00:00,1.0,S
1548,2996,2021-03-20T17:41:34.045000+00:00,1.0,P
1548,3279,2021-03-20T17:41:36.875000+00:00,1.0,S
1549,2996,2021-03-20T17:41:34.045000+00:00,1.0,P
1549,3279,2021-03-20T17:41:36.875000+00:00,1.0,S
1550,2996,2021-03-20T17:41:34.045000+00:00,1.0,P
1550,3278,2021-03-20T17:41:36.865000+00:00,1.0,S
1551,2996,2021-03-20T17:41:34.045000+00:00,1.0,P
1551,3278,2021-03-20T17:41:36.865000+00:00,1.0,S
1552,2996,2021-03-20T17:41:34.045000+00:00,1.0,P
1552,3278,2021-03-20T17:41:36.865000+00:00,1.0,S
1553,2995,2021-03-20T17:41:34.035000+00:00,1.0,P
1553,3278,2021-03-20T17:41:36.865000+00:00,1.0,S
1554,2995,2021-03-20T17:41:34.035000+00:00,1.0,P
1554,3277,2021-03-20T17:41:36.855000+00:00,1.0,S
1555,2995,2021-03-20T17:41:34.035000+00:00,1.0,P
1555,3277,2021-03-20T17:41:36.855000+00:00,1.0,S
1556,2995,2021-03-20T17:41:34.035000+00:00,1.0,P
1556,3277,2021-03-20T17:41:36.855000+00:00,1.0,S
1557,2995,2021-03-20T17:41:34.035000+00:00,1.0,P
1557,3277,2021-03-20T17:41:36.855000+00:00,1.0,S
1558,2995,2021-03-20T17:41:34.035000+00:00,1.0,P
1558,3276,2021-03-20T17:41:36.844999+00:00,1.0,S
1559,2995,2021-03-20T17:41:34.035000+00:00,1.0,P
1559,3276,2021-03-20T17:41:36.844999+00:00,1.0,S
1560,2995,2021-03-20T17:41:34.035000+00:00,1.0,P
1560,3276,2021-03-20T17:41:36.844999+00:00,1.0,S
1561,2995,2021-03-20T17:41:34.035000+00:00,1.0,P
1561,3276,2021-03-20T17:41:36.844999+00:00,1.0,S
1562,2994,2021-03-20T17:41:34.025000+00:00,1.0,P
1562,3276,2021-03-20T17:41:36.844999+00:00,1.0,S
1563,2994,2021-03-20T17:41:34.025000+00:00,1.0,P
1563,3275,2021-03-20T17:41:36.835000+00:00,1.0,S
1564,2994,2021-03-20T17:41:34.025000+00:00,1.0,P
1564,3275,2021-03-20T17:41:36.835000+00:00,1.0,S
1565,2994,2021-03-20T17:41:34.025000+00:00,1.0,P
1565,3275,2021-03-20T17:41:36.835000+00:00,1.0,S
1566,2994,2021-03-20T17:41:34.025000+00:00,1.0,P
1566,3275,2021-03-20T17:41:36.835000+00:00,1.0,S
1567,2994,2021-03-20T17:41:34.025000+00:00,1.0,P
1567,3275,2021-03-20T17:41:36.835000+00:00,1.0,S
1568,2994,2021-03-20T17:41:34.025000+00:00,1.0,P
1568,3275,2021-03-20T17:41:36.835000+00:00,1.0,S
1569,2994,2021-03-20T17:41:34.025000+00:00,1.0,P
1569,3274,2021-03-20T17:41:36.825000+00:00,1.0,S
1570,2994,2021-03-20T17:41:34.025000+00:00,1.0,P
1570,3274,2021-03-20T17:41:36.825000+00:00,1.0,S
1571,2994,2021-03-20T17:41:34.025000+00:00,1.0,P
1571,3274,2021-03-20T17:41:36.825000+00:00,1.0,S
1572,2993,2021-03-20T17:41:34.015000+00:00,1.0,P
1572,3274,2021-03-20T17:41:36.825000+00:00,1.0,S
1573,2993,2021-03-20T17:41:34.015000+00:00,1.0,P
1573,3274,2021-03-20T17:41:36.825000+00:00,1.0,S
1574,2993,2021-03-20T17:41:34.015000+00:00,1.0,P
1574,3274,2021-03-20T17:41:36.825000+00:00,1.0,S
1575,2993,2021-03-20T17:41:34.015000+00:00,1.0,P
1575,3274,2021-03-20T17:41:36.825000+00:00,1.0,S
1576,2993,2021-03-20T17:41:34.015000+00:00,1.0,P
1576,3273,2021-03-20T17:41:36.815000+00:00,1.0,S
1577,2993,2021-03-20T17:41:34.015000+00:00,1.0,P
1577,3273,2021-03-20T17:41:36.815000+00:00,1.0,S
1578,2993,2021-03-20T17:41:34.015000+00:00,1.0,P
1578,3273,2021-03-20T17:41:36.815000+00:00,1.0,S
1579,2993,2021-03-20T17:41:34.015000+00:00,1.0,P
1579,3273,2021-03-20T17:41:36.815000+00:00,1.0,S
1580,2993,2021-03-20T17:41:34.015000+00:00,1.0,P
1580,3273,2021-03-20T17:41:36.815000+00:00,1.0,S
1581,2993,2021-03-20T17:41:34.015000+00:00,1.0,P
1581,3273,2021-03-20T17:41:36.815000+00:00,1.0,S
1582,2993,2021-03-20T17:41:34.015000+00:00,1.0,P
1582,3272,2021-03-20T17:41:36.805000+00:00,1.0,S
1583,2993,2021-03-20T17:41:34.015000+00:00,1.0,P
1583,3272,2021-03-20T17:41:36.805000+00:00,1.0,S
1584,2992,2021-03-20T17:41:34.005000+00:00,1.0,P
1584,3272,2021-03-20T17:41:36.805000+00:00,1.0,S
1585,2992,2021-03-20T17:41:34.005000+00:00,1.0,P
1585,3272,2021-03-20T17:41:36.805000+00:00,1.0,S
1586,2992,2021-03-20T17:41:34.005000+00:00,1.0,P
1586,3271,2021-03-20T17:41:36.795000+00:00,1.0,S
1587,2992,2021-03-20T17:41:34.005000+00:00,1.0,P
1587,3271,2021-03-20T17:41:36.795000+00:00,1.0,S
1588,2992,2021-03-20T17:41:34.005000+00:00,1.0,P
1588,3271,2021-03-20T17:41:36.795000+00:00,1.0,S
1589,2992,2021-03-20T17:41:34.005000+00:00,1.0,P
1589,3271,2021-03-20T17:41:36.795000+00:00,1.0,S
1590,2992,2021-03-20T17:41:34.005000+00:00,1.0,P
1590,3271,2021-03-20T17:41:36.795000+00:00,1.0,S
1591,2992,2021-03-20T17:41:34.005000+00:00,1.0,P
1591,3270,2021-03-20T17:41:36.785000+00:00,1.0,S
1592,2992,2021-03-20T17:41:34.005000+00:00,1.0,P
1592,3270,2021-03-20T17:41:36.785000+00:00,1.0,S
1593,2992,2021-03-20T17:41:34.005000+00:00,1.0,P
1593,3270,2021-03-20T17:41:36.785000+00:00,1.0,S
1594,2992,2021-03-20T17:41:34.005000+00:00,1.0,P
1594,3270,2021-03-20T17:41:36.785000+00:00,1.0,S
1595,2992,2021-03-20T17:41:34.005000+00:00,1.0,P
1595,3270,2021-03-20T17:41:36.785000+00:00,1.0,S
1596,2992,2021-03-20T17:41:34.005000+00:00,1.0,P
1596,3269,2021-03-20T17:41:36.774999+00:00,1.0,S
1597,2992,2021-03-20T17:41:34.005000+00:00,1.0,P
1597,3269,2021-03-20T17:41:36.774999+00:00,1.0,S
1598,2992,2021-03-20T17:41:34.005000+00:00,1.0,P
1598,3269,2021-03-20T17:41:36.774999+00:00,1.0,S
1599,2992,2021-03-20T17:41:34.005000+00:00,1.0,P
1599,3269,2021-03-20T17:41:36.774999+00:00,1.0,S
1600,2992,2021-03-20T17:41:34.005000+00:00,1.0,P
1600,3269,2021-03-20T17:41:36.774999+00:00,1.0,S
1601,2991,2021-03-20T17:41:33.995000+00:00,1.0,P
1601,3269,2021-03-20T17:41:36.774999+00:00,1.0,S
1602,2991,2021-03-20T17:41:33.995000+00:00,1.0,P
1602,3269,2021-03-20T17:41:36.774999+00:00,1.0,S
1603,2991,2021-03-20T17:41:33.995000+00:00,1.0,P
1603,3268,2021-03-20T17:41:36.765000+00:00,1.0,S
1604,2991,2021-03-20T17:41:33.995000+00:00,1.0,P
1604,3268,2021-03-20T17:41:36.765000+00:00,1.0,S
1605,2991,2021-03-20T17:41:33.995000+00:00,1.0,P
1605,3268,2021-03-20T17:41:36.765000+00:00,1.0,S
1606,2991,2021-03-20T17:41:33.995000+00:00,1.0,P
1606,3268,2021-03-20T17:41:36.765000+00:00,1.0,S
1607,2991,2021-03-20T17:41:33.995000+00:00,1.0,P
1607,3268,2021-03-20T17:41:36.765000+00:00,1.0,S
1608,2991,2021-03-20T17:41:33.995000+00:00,1.0,P
1608,3268,2021-03-20T17:41:36.765000+00:00,1.0,S
1609,2991,2021-03-20T17:41:33.995000+00:00,1.0,P
1609,3268,2021-03-20T17:41:36.765000+00:00,1.0,S
1610,2991,2021-03-20T17:41:33.995000+00:00,1.0,P
1610,3268,2021-03-20T17:41:36.765000+00:00,1.0,S
1611,2991,2021-03-20T17:41:33.995000+00:00,1.0,P
1611,3268,2021-03-20T17:41:36.765000+00:00,1.0,S
1612,2991,2021-03-20T17:41:33.995000+00:00,1.0,P
1612,3268,2021-03-20T17:41:36.765000+00:00,1.0,S
1613,2991,2021-03-20T17:41:33.995000+00:00,1.0,P
1613,3267,2021-03-20T17:41:36.755000+00:00,1.0,S
1614,2991,2021-03-20T17:41:33.995000+00:00,1.0,P
1614,3267,2021-03-20T17:41:36.755000+00:00,1.0,S
1615,2991,2021-03-20T17:41:33.995000+00:00,1.0,P
1615,3267,2021-03-20T17:41:36.755000+00:00,1.0,S
1616,2991,2021-03-20T17:41:33.995000+00:00,1.0,P
1616,3267,2021-03-20T17:41:36.755000+00:00,1.0,S
1617,2991,2021-03-20T17:41:33.995000+00:00,1.0,P
1617,3267,2021-03-20T17:41:36.755000+00:00,1.0,S
1618,2991,2021-03-20T17:41:33.995000+00:00,1.0,P
1618,3267,2021-03-20T17:41:36.755000+00:00,1.0,S
1619,2991,2021-03-20T17:41:33.995000+00:00,1.0,P
1619,3267,2021-03-20T17:41:36.755000+00:00,1.0,S
1620,2991,2021-03-20T17:41:33.995000+00:00,1.0,P
1620,3267,2021-03-20T17:41:36.755000+00:00,1.0,S
1621,2991,2021-03-20T17:41:33.995000+00:00,1.0,P
1621,3267,2021-03-20T17:41:36.755000+00:00,1.0,S
1622,2991,2021-03-20T17:41:33.995000+00:00,1.0,P
1622,3267,2021-03-20T17:41:36.755000+00:00,1.0,S
1623,2991,2021-03-20T17:41:33.995000+00:00,1.0,P
1623,3267,2021-03-20T17:41:36.755000+00:00,1.0,S
1624,2991,2021-03-20T17:41:33.995000+00:00,1.0,P
1624,3267,2021-03-20T17:41:36.755000+00:00,1.0,S
1625,2991,2021-03-20T17:41:33.995000+00:00,1.0,P
1625,3267,2021-03-20T17:41:36.755000+00:00,1.0,S
1626,2991,2021-03-20T17:41:33.995000+00:00,1.0,P
1626,3266,2021-03-20T17:41:36.745000+00:00,1.0,S
1627,2991,2021-03-20T17:41:33.995000+00:00,1.0,P
1627,3266,2021-03-20T17:41:36.745000+00:00,1.0,S
1628,2991,2021-03-20T17:41:33.995000+00:00,1.0,P
1628,3266,2021-03-20T17:41:36.745000+00:00,1.0,S
1629,2991,2021-03-20T17:41:33.995000+00:00,1.0,P
1629,3266,2021-03-20T17:41:36.745000+00:00,1.0,S
1630,2991,2021-03-20T17:41:33.995000+00:00,1.0,P
1630,3266,2021-03-20T17:41:36.745000+00:00,1.0,S
1631,2991,2021-03-20T17:41:33.995000+00:00,1.0,P
1631,3266,2021-03-20T17:41:36.745000+00:00,1.0,S
1632,2991,2021-03-20T17:41:33.995000+00:00,1.0,P
1632,3266,2021-03-20T17:41:36.745000+00:00,1.0,S
1633,2991,2021-03-20T17:41:33.995000+00:00,1.0,P
1633,3266,2021-03-20T17:41:36.745000+00:00,1.0,S
1634,2991,2021-03-20T17:41:33.995000+00:00,1.0,P
1634,3266,2021-03-20T17:41:36.745000+00:00,1.0,S
1635,2990,2021-03-20T17:41:33.985000+00:00,1.0,P
1635,3266,2021-03-20T17:41:36.745000+00:00,1.0,S
1636,2990,2021-03-20T17:41:33.985000+00:00,1.0,P
1636,3266,2021-03-20T17:41:36.745000+00:00,1.0,S
1637,2990,2021-03-20T17:41:33.985000+00:00,1.0,P
1637,3266,2021-03-20T17:41:36.745000+00:00,1.0,S
1638,2990,2021-03-20T17:41:33.985000+00:00,1.0,P
1638,3265,2021-03-20T17:41:36.735000+00:00,1.0,S
1639,2990,2021-03-20T17:41:33.985000+00:00,1.0,P
1639,3265,2021-03-20T17:41:36.735000+00:00,1.0,S
1640,2990,2021-03-20T17:41:33.985000+00:00,1.0,P
1640,3265,2021-03-20T17:41:36.735000+00:00,1.0,S
1641,2990,2021-03-20T17:41:33.985000+00:00,1.0,P
1641,3265,2021-03-20T17:41:36.735000+00:00,1.0,S
1642,2990,2021-03-20T17:41:33.985000+00:00,1.0,P
1642,3265,2021-03-20T17:41:36.735000+00:00,1.0,S
1643,2990,2021-03-20T17:41:33.985000+00:00,1.0,P
1643,3265,2021-03-20T17:41:36.735000+00:00,1.0,S
1644,2990,2021-03-20T17:41:33.985000+00:00,1.0,P
1644,3265,2021-03-20T17:41:36.735000+00:00,1.0,S
1645,2990,2021-03-20T17:41:33.985000+00:00,1.0,P
1645,3265,2021-03-20T17:41:36.735000+00:00,1.0,S
1646,2990,2021-03-20T17:41:33.985000+00:00,1.0,P
1646,3265,2021-03-20T17:41:36.735000+00:00,1.0,S
1647,2990,2021-03-20T17:41:33.985000+00:00,1.0,P
1647,3265,2021-03-20T17:41:36.735000+00:00,1.0,S
1648,2990,2021-03-20T17:41:33.985000+00:00,1.0,P
1648,3265,2021-03-20T17:41:36.735000+00:00,1.0,S
1649,2990,2021-03-20T17:41:33.985000+00:00,1.0,P
1649,3265,2021-03-20T17:41:36.735000+00:00,1.0,S
1650,2990,2021-03-20T17:41:33.985000+00:00,1.0,P
1650,3265,2021-03-20T17:41:36.735000+00:00,1.0,S
1651,2990,2021-03-20T17:41:33.985000+00:00,1.0,P
1651,3265,2021-03-20T17:41:36.735000+00:00,1.0,S
1652,2990,2021-03-20T17:41:33.985000+00:00,1.0,P
1652,3265,2021-03-20T17:41:36.735000+00:00,1.0,S
1653,2990,2021-03-20T17:41:33.985000+00:00,1.0,P
1653,3265,2021-03-20T17:41:36.735000+00:00,1.0,S
1654,2990,2021-03-20T17:41:33.985000+00:00,1.0,P
1654,3265,2021-03-20T17:41:36.735000+00:00,1.0,S
1655,2990,2021-03-20T17:41:33.985000+00:00,1.0,P
1655,3265,2021-03-20T17:41:36.735000+00:00,1.0,S
1656,2990,2021-03-20T17:41:33.985000+00:00,1.0,P
1656,3265,2021-03-20T17:41:36.735000+00:00,1.0,S
1657,2990,2021-03-20T17:41:33.985000+00:00,1.0,P
1657,3265,2021-03-20T17:41:36.735000+00:00,1.0,S
1658,2990,2021-03-20T17:41:33.985000+00:00,1.0,P
1658,3265,2021-03-20T17:41:36.735000+00:00,1.0,S
1659,2990,2021-03-20T17:41:33.985000+00:00,1.0,P
1659,3265,2021-03-20T17:41:36.735000+00:00,1.0,S
1660,2990,2021-03-20T17:41:33.985000+00:00,1.0,P
1660,3265,2021-03-20T17:41:36.735000+00:00,1.0,S
1661,2990,2021-03-20T17:41:33.985000+00:00,1.0,P
1661,3265,2021-03-20T17:41:36.735000+00:00,1.0,S
1662,2990,2021-03-20T17:41:33.985000+00:00,1.0,P
1662,3265,2021-03-20T17:41:36.735000+00:00,1.0,S
1663,2990,2021-03-20T17:41:33.985000+00:00,1.0,P
1663,3265,2021-03-20T17:41:36.735000+00:00,1.0,S
1664,2990,2021-03-20T17:41:33.985000+00:00,1.0,P
1664,3265,2021-03-20T17:41:36.735000+00:00,1.0,S
1665,2990,2021-03-20T17:41:33.985000+00:00,1.0,P
1665,3265,2021-03-20T17:41:36.735000+00:00,1.0,S
1666,2990,2021-03-20T17:41:33.985000+00:00,1.0,P
1666,3265,2021-03-20T17:41:36.735000+00:00,1.0,S
1667,2990,2021-03-20T17:41:33.985000+00:00,1.0,P
1667,3265,2021-03-20T17:41:36.735000+00:00,1.0,S
1668,2990,2021-03-20T17:41:33.985000+00:00,1.0,P
1668,3265,2021-03-20T17:41:36.735000+00:00,1.0,S
1669,2990,2021-03-20T17:41:33.985000+00:00,1.0,P
1669,3265,2021-03-20T17:41:36.735000+00:00,1.0,S
1670,2990,2021-03-20T17:41:33.985000+00:00,1.0,P
1670,3265,2021-03-20T17:41:36.735000+00:00,1.0,S
1671,2990,2021-03-20T17:41:33.985000+00:00,1.0,P
1671,3265,2021-03-20T17:41:36.735000+00:00,1.0,S
1672,2990,2021-03-20T17:41:33.985000+00:00,1.0,P
1672,3265,2021-03-20T17:41:36.735000+00:00,1.0,S
1673,2990,2021-03-20T17:41:33.985000+00:00,1.0,P
1673,3265,2021-03-20T17:41:36.735000+00:00,1.0,S
1674,2990,2021-03-20T17:41:33.985000+00:00,1.0,P
1674,3265,2021-03-20T17:41:36.735000+00:00,1.0,S
1675,2990,2021-03-20T17:41:33.985000+00:00,1.0,P
1675,3265,2021-03-20T17:41:36.735000+00:00,1.0,S
1676,2990,2021-03-20T17:41:33.985000+00:00,1.0,P
1676,3265,2021-03-20T17:41:36.735000+00:00,1.0,S
1677,2990,2021-03-20T17:41:33.985000+00:00,1.0,P
1677,3265,2021-03-20T17:41:36.735000+00:00,1.0,S
1678,2990,2021-03-20T17:41:33.985000+00:00,1.0,P
1678,3265,2021-03-20T17:41:36.735000+00:00,1.0,S
1679,2990,2021-03-20T17:41:33.985000+00:00,1.0,P
1679,3265,2021-03-20T17:41:36.735000+00:00,1.0,S
1680,2990,2021-03-20T17:41:33.985000+00:00,1.0,P
1680,3266,2021-03-20T17:41:36.745000+00:00,1.0,S
1681,2990,2021-03-20T17:41:33.985000+00:00,1.0,P
1681,3266,2021-03-20T17:41:36.745000+00:00,1.0,S
1682,2990,2021-03-20T17:41:33.985000+00:00,1.0,P
1682,3266,2021-03-20T17:41:36.745000+00:00,1.0,S
1683,2990,2021-03-20T17:41:33.985000+00:00,1.0,P
1683,3266,2021-03-20T17:41:36.745000+00:00,1.0,S
1684,2990,2021-03-20T17:41:33.985000+00:00,1.0,P
1684,3266,2021-03-20T17:41:36.745000+00:00,1.0,S
1685,2990,2021-03-20T17:41:33.985000+00:00,1.0,P
1685,3266,2021-03-20T17:41:36.745000+00:00,1.0,S
1686,2990,2021-03-20T17:41:33.985000+00:00,1.0,P
1686,3266,2021-03-20T17:41:36.745000+00:00,1.0,S
1687,2990,2021-03-20T17:41:33.985000+00:00,1.0,P
1687,3266,2021-03-20T17:41:36.745000+00:00,1.0,S
1688,2990,2021-03-20T17:41:33.985000+00:00,1.0,P
1688,3266,2021-03-20T17:41:36.745000+00:00,1.0,S
1689,2990,2021-03-20T17:41:33.985000+00:00,1.0,P
1689,3267,2021-03-20T17:41:36.755000+00:00,1.0,S
1690,2990,2021-03-20T17:41:33.985000+00:00,1.0,P
1690,3267,2021-03-20T17:41:36.755000+00:00,1.0,S
1691,2990,2021-03-20T17:41:33.985000+00:00,1.0,P
1691,3267,2021-03-20T17:41:36.755000+00:00,1.0,S
1692,2990,2021-03-20T17:41:33.985000+00:00,1.0,P
1692,3267,2021-03-20T17:41:36.755000+00:00,1.0,S
1693,2990,2021-03-20T17:41:33.985000+00:00,1.0,P
1693,3267,2021-03-20T17:41:36.755000+00:00,1.0,S
1694,2990,2021-03-20T17:41:33.985000+00:00,1.0,P
1694,3267,2021-03-20T17:41:36.755000+00:00,1.0,S
1695,2990,2021-03-20T17:41:33.985000+00:00,1.0,P
1695,3267,2021-03-20T17:41:36.755000+00:00,1.0,S
1696,2990,2021-03-20T17:41:33.985000+00:00,1.0,P
1696,3267,2021-03-20T17:41:36.755000+00:00,1.0,S
1697,2990,2021-03-20T17:41:33.985000+00:00,1.0,P
1697,3267,2021-03-20T17:41:36.755000+00:00,1.0,S
1698,2990,2021-03-20T17:41:33.985000+00:00,1.0,P
1698,3267,2021-03-20T17:41:36.755000+00:00,1.0,S
1699,2991,2021-03-20T17:41:33.995000+00:00,1.0,P
1699,3267,2021-03-20T17:41:36.755000+00:00,1.0,S
1700,2991,2021-03-20T17:41:33.995000+00:00,1.0,P
1700,3267,2021-03-20T17:41:36.755000+00:00,1.0,S
1701,2991,2021-03-20T17:41:33.995000+00:00,1.0,P
1701,3267,2021-03-20T17:41:36.755000+00:00,1.0,S
1702,2991,2021-03-20T17:41:33.995000+00:00,1.0,P
1702,3267,2021-03-20T17:41:36.755000+00:00,1.0,S
1703,2991,2021-03-20T17:41:33.995000+00:00,1.0,P
1703,3267,2021-03-20T17:41:36.755000+00:00,1.0,S
1704,2991,2021-03-20T17:41:33.995000+00:00,1.0,P
1704,3267,2021-03-20T17:41:36.755000+00:00,1.0,S
1705,2991,2021-03-20T17:41:33.995000+00:00,1.0,P
1705,3267,2021-03-20T17:41:36.755000+00:00,1.0,S
1706,2991,2021-03-20T17:41:33.995000+00:00,1.0,P
1706,3267,2021-03-20T17:41:36.755000+00:00,1.0,S
1707,2991,2021-03-20T17:41:33.995000+00:00,1.0,P
1707,3267,2021-03-20T17:41:36.755000+00:00,1.0,S
1708,2991,2021-03-20T17:41:33.995000+00:00,1.0,P
1708,3267,2021-03-20T17:41:36.755000+00:00,1.0,S
1709,2991,2021-03-20T17:41:33.995000+00:00,1.0,P
1709,3267,2021-03-20T17:41:36.755000+00:00,1.0,S
1710,2991,2021-03-20T17:41:33.995000+00:00,1.0,P
1710,3267,2021-03-20T17:41:36.755000+00:00,1.0,S
1711,2991,2021-03-20T17:41:33.995000+00:00,1.0,P
1711,3267,2021-03-20T17:41:36.755000+00:00,1.0,S
1712,2991,2021-03-20T17:41:33.995000+00:00,1.0,P
1712,3268,2021-03-20T17:41:36.765000+00:00,1.0,S
1713,2991,2021-03-20T17:41:33.995000+00:00,1.0,P
1713,3268,2021-03-20T17:41:36.765000+00:00,1.0,S
1714,2991,2021-03-20T17:41:33.995000+00:00,1.0,P
1714,3268,2021-03-20T17:41:36.765000+00:00,1.0,S
1715,2991,2021-03-20T17:41:33.995000+00:00,1.0,P
1715,3268,2021-03-20T17:41:36.765000+00:00,1.0,S
1716,2991,2021-03-20T17:41:33.995000+00:00,1.0,P
1716,3268,2021-03-20T17:41:36.765000+00:00,1.0,S
1717,2991,2021-03-20T17:41:33.995000+00:00,1.0,P
1717,3268,2021-03-20T17:41:36.765000+00:00,1.0,S
1718,2991,2021-03-20T17:41:33.995000+00:00,1.0,P
1718,3268,2021-03-20T17:41:36.765000+00:00,1.0,S
1719,2991,2021-03-20T17:41:33.995000+00:00,1.0,P
1719,3268,2021-03-20T17:41:36.765000+00:00,1.0,S
1720,2991,2021-03-20T17:41:33.995000+00:00,1.0,P
1720,3268,2021-03-20T17:41:36.765000+00:00,1.0,S
1721,2991,2021-03-20T17:41:33.995000+00:00,1.0,P
1721,3268,2021-03-20T17:41:36.765000+00:00,1.0,S
1722,2991,2021-03-20T17:41:33.995000+00:00,1.0,P
1722,3268,2021-03-20T17:41:36.765000+00:00,1.0,S
1723,2991,2021-03-20T17:41:33.995000+00:00,1.0,P
1723,3269,2021-03-20T17:41:36.774999+00:00,1.0,S
1724,2991,2021-03-20T17:41:33.995000+00:00,1.0,P
1724,3269,2021-03-20T17:41:36.774999+00:00,1.0,S
1725,2991,2021-03-20T17:41:33.995000+00:00,1.0,P
1725,3269,2021-03-20T17:41:36.774999+00:00,1.0,S
1726,2991,2021-03-20T17:41:33.995000+00:00,1.0,P
1726,3269,2021-03-20T17:41:36.774999+00:00,1.0,S
1727,2991,2021-03-20T17:41:33.995000+00:00,1.0,P
1727,3269,2021-03-20T17:41:36.774999+00:00,1.0,S
1728,2991,2021-03-20T17:41:33.995000+00:00,1.0,P
1728,3269,2021-03-20T17:41:36.774999+00:00,1.0,S
1729,2991,2021-03-20T17:41:33.995000+00:00,1.0,P
1729,3269,2021-03-20T17:41:36.774999+00:00,1.0,S
1730,2991,2021-03-20T17:41:33.995000+00:00,1.0,P
1730,3269,2021-03-20T17:41:36.774999+00:00,1.0,S
1731,2991,2021-03-20T17:41:33.995000+00:00,1.0,P
1731,3269,2021-03-20T17:41:36.774999+00:00,1.0,S
1732,2991,2021-03-20T17:41:33.995000+00:00,1.0,P
1732,3269,2021-03-20T17:41:36.774999+00:00,1.0,S
1733,2991,2021-03-20T17:41:33.995000+00:00,1.0,P
1733,3269,2021-03-20T17:41:36.774999+00:00,1.0,S
1734,2991,2021-03-20T17:41:33.995000+00:00,1.0,P
1734,3270,2021-03-20T17:41:36.785000+00:00,1.0,S
1735,2991,2021-03-20T17:41:33.995000+00:00,1.0,P
1735,3270,2021-03-20T17:41:36.785000+00:00,1.0,S
1736,2991,2021-03-20T17:41:33.995000+00:00,1.0,P
1736,3270,2021-03-20T17:41:36.785000+00:00,1.0,S
1737,2991,2021-03-20T17:41:33.995000+00:00,1.0,P
1737,3270,2021-03-20T17:41:36.785000+00:00,1.0,S
1738,2991,2021-03-20T17:41:33.995000+00:00,1.0,P
1738,3270,2021-03-20T17:41:36.785000+00:00,1.0,S
1739,2991,2021-03-20T17:41:33.995000+00:00,1.0,P
1739,3270,2021-03-20T17:41:36.785000+00:00,1.0,S
1740,2991,2021-03-20T17:41:33.995000+00:00,1.0,P
1740,3270,2021-03-20T17:41:36.785000+00:00,1.0,S
1741,2991,2021-03-20T17:41:33.995000+00:00,1.0,P
1741,3270,2021-03-20T17:41:36.785000+00:00,1.0,S
1742,2991,2021-03-20T17:41:33.995000+00:00,1.0,P
1742,3270,2021-03-20T17:41:36.785000+00:00,1.0,S
1743,2991,2021-03-20T17:41:33.995000+00:00,1.0,P
1743,3270,2021-03-20T17:41:36.785000+00:00,1.0,S
1744,2991,2021-03-20T17:41:33.995000+00:00,1.0,P
1744,3270,2021-03-20T17:41:36.785000+00:00,1.0,S
1745,2991,2021-03-20T17:41:33.995000+00:00,1.0,P
1745,3270,2021-03-20T17:41:36.785000+00:00,1.0,S
1746,2991,2021-03-20T17:41:33.995000+00:00,1.0,P
1746,3270,2021-03-20T17:41:36.785000+00:00,1.0,S
1747,2991,2021-03-20T17:41:33.995000+00:00,1.0,P
1747,3270,2021-03-20T17:41:36.785000+00:00,1.0,S
1748,2991,2021-03-20T17:41:33.995000+00:00,1.0,P
1748,3271,2021-03-20T17:41:36.795000+00:00,1.0,S
1749,2991,2021-03-20T17:41:33.995000+00:00,1.0,P
1749,3271,2021-03-20T17:41:36.795000+00:00,1.0,S
1750,2991,2021-03-20T17:41:33.995000+00:00,1.0,P
1750,3271,2021-03-20T17:41:36.795000+00:00,1.0,S
1751,2991,2021-03-20T17:41:33.995000+00:00,1.0,P
1751,3271,2021-03-20T17:41:36.795000+00:00,1.0,S
1752,2991,2021-03-20T17:41:33.995000+00:00,1.0,P
1752,3271,2021-03-20T17:41:36.795000+00:00,1.0,S
1753,2991,2021-03-20T17:41:33.995000+00:00,1.0,P
1753,3271,2021-03-20T17:41:36.795000+00:00,1.0,S
1754,2991,2021-03-20T17:41:33.995000+00:00,1.0,P
1754,3271,2021-03-20T17:41:36.795000+00:00,1.0,S
1755,2991,2021-03-20T17:41:33.995000+00:00,1.0,P
1755,3271,2021-03-20T17:41:36.795000+00:00,1.0,S
1756,2991,2021-03-20T17:41:33.995000+00:00,1.0,P
1756,3271,2021-03-20T17:41:36.795000+00:00,1.0,S
1757,2991,2021-03-20T17:41:33.995000+00:00,1.0,P
1757,3271,2021-03-20T17:41:36.795000+00:00,1.0,S
1758,2991,2021-03-20T17:41:33.995000+00:00,1.0,P
1758,3271,2021-03-20T17:41:36.795000+00:00,1.0,S
1759,2991,2021-03-20T17:41:33.995000+00:00,1.0,P
1759,3271,2021-03-20T17:41:36.795000+00:00,1.0,S
1760,2991,2021-03-20T17:41:33.995000+00:00,1.0,P
1760,3271,2021-03-20T17:41:36.795000+00:00,1.0,S
1761,2991,2021-03-20T17:41:33.995000+00:00,1.0,P
1761,3271,2021-03-20T17:41:36.795000+00:00,1.0,S
1762,2991,2021-03-20T17:41:33.995000+00:00,1.0,P
1762,3271,2021-03-20T17:41:36.795000+00:00,1.0,S
1763,2991,2021-03-20T17:41:33.995000+00:00,1.0,P
1763,3271,2021-03-20T17:41:36.795000+00:00,1.0,S
1764,2991,2021-03-20T17:41:33.995000+00:00,1.0,P
1764,3271,2021-03-20T17:41:36.795000+00:00,1.0,S
1765,2991,2021-03-20T17:41:33.995000+00:00,1.0,P
1765,3271,2021-03-20T17:41:36.795000+00:00,1.0,S
1766,2991,2021-03-20T17:41:33.995000+00:00,1.0,P
1766,3271,2021-03-20T17:41:36.795000+00:00,1.0,S
1767,2991,2021-03-20T17:41:33.995000+00:00,1.0,P
1767,3271,2021-03-20T17:41:36.795000+00:00,1.0,S
1768,2991,2021-03-20T17:41:33.995000+00:00,1.0,P
1768,3271,2021-03-20T17:41:36.795000+00:00,1.0,S
1769,2991,2021-03-20T17:41:33.995000+00:00,1.0,P
1769,3271,2021-03-20T17:41:36.795000+00:00,1.0,S
1770,2991,2021-03-20T17:41:33.995000+00:00,1.0,P
1770,3271,2021-03-20T17:41:36.795000+00:00,1.0,S
1771,2991,2021-03-20T17:41:33.995000+00:00,1.0,P
1771,3271,2021-03-20T17:41:36.795000+00:00,1.0,S
1772,2991,2021-03-20T17:41:33.995000+00:00,1.0,P
1772,3271,2021-03-20T17:41:36.795000+00:00,1.0,S
1773,2991,2021-03-20T17:41:33.995000+00:00,1.0,P
1773,3271,2021-03-20T17:41:36.795000+00:00,1.0,S
1774,2991,2021-03-20T17:41:33.995000+00:00,1.0,P
1774,3271,2021-03-20T17:41:36.795000+00:00,1.0,S
1775,2991,2021-03-20T17:41:33.995000+00:00,1.0,P
1775,3271,2021-03-20T17:41:36.795000+00:00,1.0,S
1776,2991,2021-03-20T17:41:33.995000+00:00,1.0,P
1776,3271,2021-03-20T17:41:36.795000+00:00,1.0,S
1777,2991,2021-03-20T17:41:33.995000+00:00,1.0,P
1777,3271,2021-03-20T17:41:36.795000+00:00,1.0,S
1778,2991,2021-03-20T17:41:33.995000+00:00,1.0,P
1778,3271,2021-03-20T17:41:36.795000+00:00,1.0,S
1779,2991,2021-03-20T17:41:33.995000+00:00,1.0,P
1779,3272,2021-03-20T17:41:36.805000+00:00,1.0,S
1780,2991,2021-03-20T17:41:33.995000+00:00,1.0,P
1780,3272,2021-03-20T17:41:36.805000+00:00,1.0,S
1781,2991,2021-03-20T17:41:33.995000+00:00,1.0,P
1781,3272,2021-03-20T17:41:36.805000+00:00,1.0,S
1782,2991,2021-03-20T17:41:33.995000+00:00,1.0,P
1782,3272,2021-03-20T17:41:36.805000+00:00,1.0,S
1783,2991,2021-03-20T17:41:33.995000+00:00,1.0,P
1783,3272,2021-03-20T17:41:36.805000+00:00,1.0,S
1784,2991,2021-03-20T17:41:33.995000+00:00,1.0,P
1784,3272,2021-03-20T17:41:36.805000+00:00,1.0,S
1785,2991,2021-03-20T17:41:33.995000+00:00,1.0,P
1785,3272,2021-03-20T17:41:36.805000+00:00,1.0,S
1786,2991,2021-03-20T17:41:33.995000+00:00,1.0,P
1786,3272,2021-03-20T17:41:36.805000+00:00,1.0,S
1787,2991,2021-03-20T17:41:33.995000+00:00,1.0,P
1787,3272,2021-03-20T17:41:36.805000+00:00,1.0,S
1788,2991,2021-03-20T17:41:33.995000+00:00,1.0,P
1788,3272,2021-03-20T17:41:36.805000+00:00,1.0,S
1789,2991,2021-03-20T17:41:33.995000+00:00,1.0,P
1789,3272,2021-03-20T17:41:36.805000+00:00,1.0,S
1790,2991,2021-03-20T17:41:33.995000+00:00,1.0,P
1790,3272,2021-03-20T17:41:36.805000+00:00,1.0,S
1791,2991,2021-03-20T17:41:33.995000+00:00,1.0,P
1791,3272,2021-03-20T17:41:36.805000+00:00,1.0,S
1792,2991,2021-03-20T17:41:33.995000+00:00,1.0,P
1792,3272,2021-03-20T17:41:36.805000+00:00,1.0,S
1793,2991,2021-03-20T17:41:33.995000+00:00,1.0,P
1793,3272,2021-03-20T17:41:36.805000+00:00,1.0,S
1794,2991,2021-03-20T17:41:33.995000+00:00,1.0,P
1794,3272,2021-03-20T17:41:36.805000+00:00,1.0,S
1795,2991,2021-03-20T17:41:33.995000+00:00,1.0,P
1795,3272,2021-03-20T17:41:36.805000+00:00,1.0,S
1796,2991,2021-03-20T17:41:33.995000+00:00,1.0,P
1796,3272,2021-03-20T17:41:36.805000+00:00,1.0,S
1797,2991,2021-03-20T17:41:33.995000+00:00,1.0,P
1797,3272,2021-03-20T17:41:36.805000+00:00,1.0,S
1798,2991,2021-03-20T17:41:33.995000+00:00,1.0,P
1798,3272,2021-03-20T17:41:36.805000+00:00,1.0,S
1799,2991,2021-03-20T17:41:33.995000+00:00,1.0,P
1799,3272,2021-03-20T17:41:36.805000+00:00,1.0,S
1800,2991,2021-03-20T17:41:33.995000+00:00,1.0,P
1800,3272,2021-03-20T17:41:36.805000+00:00,1.0,S
1801,2991,2021-03-20T17:41:33.995000+00:00,1.0,P
1801,3272,2021-03-20T17:41:36.805000+00:00,1.0,S
1802,2991,2021-03-20T17:41:33.995000+00:00,1.0,P
1802,3272,2021-03-20T17:41:36.805000+00:00,1.0,S
1803,2991,2021-03-20T17:41:33.995000+00:00,1.0,P
1803,3272,2021-03-20T17:41:36.805000+00:00,1.0,S
1804,2991,2021-03-20T17:41:33.995000+00:00,1.0,P
1804,3271,2021-03-20T17:41:36.795000+00:00,1.0,S
1805,2991,2021-03-20T17:41:33.995000+00:00,1.0,P
1805,3271,2021-03-20T17:41:36.795000+00:00,1.0,S
1806,2991,2021-03-20T17:41:33.995000+00:00,1.0,P
1806,3271,2021-03-20T17:41:36.795000+00:00,1.0,S
1807,2991,2021-03-20T17:41:33.995000+00:00,1.0,P
1807,3271,2021-03-20T17:41:36.795000+00:00,1.0,S
1808,2990,2021-03-20T17:41:33.985000+00:00,1.0,P
1808,3271,2021-03-20T17:41:36.795000+00:00,1.0,S
1809,2990,2021-03-20T17:41:33.985000+00:00,1.0,P
1809,3271,2021-03-20T17:41:36.795000+00:00,1.0,S
1810,2990,2021-03-20T17:41:33.985000+00:00,1.0,P
1810,3271,2021-03-20T17:41:36.795000+00:00,1.0,S
1811,2990,2021-03-20T17:41:33.985000+00:00,1.0,P
1811,3271,2021-03-20T17:41:36.795000+00:00,1.0,S
1812,2990,2021-03-20T17:41:33.985000+00:00,1.0,P
1812,3271,2021-03-20T17:41:36.795000+00:00,1.0,S
1813,2990,2021-03-20T17:41:33.985000+00:00,1.0,P
1813,3271,2021-03-20T17:41:36.795000+00:00,1.0,S
1814,2990,2021-03-20T17:41:33.985000+00:00,1.0,P
1814,3271,2021-03-20T17:41:36.795000+00:00,1.0,S
1815,2990,2021-03-20T17:41:33.985000+00:00,1.0,P
1815,3271,2021-03-20T17:41:36.795000+00:00,1.0,S
1816,2990,2021-03-20T17:41:33.985000+00:00,1.0,P
1816,3271,2021-03-20T17:41:36.795000+00:00,1.0,S
1817,2990,2021-03-20T17:41:33.985000+00:00,1.0,P
1817,3271,2021-03-20T17:41:36.795000+00:00,1.0,S
1818,2990,2021-03-20T17:41:33.985000+00:00,1.0,P
1818,3271,2021-03-20T17:41:36.795000+00:00,1.0,S
1819,2990,2021-03-20T17:41:33.985000+00:00,1.0,P
1819,3271,2021-03-20T17:41:36.795000+00:00,1.0,S
1820,2990,2021-03-20T17:41:33.985000+00:00,1.0,P
1820,3271,2021-03-20T17:41:36.795000+00:00,1.0,S
1821,2990,2021-03-20T17:41:33.985000+00:00,1.0,P
1821,3271,2021-03-20T17:41:36.795000+00:00,1.0,S
1822,2990,2021-03-20T17:41:33.985000+00:00,1.0,P
1822,3271,2021-03-20T17:41:36.795000+00:00,1.0,S
1823,2990,2021-03-20T17:41:33.985000+00:00,1.0,P
1823,3272,2021-03-20T17:41:36.805000+00:00,1.0,S
1824,2990,2021-03-20T17:41:33.985000+00:00,1.0,P
1824,3272,2021-03-20T17:41:36.805000+00:00,1.0,S
1825,2990,2021-03-20T17:41:33.985000+00:00,1.0,P
1825,3272,2021-03-20T17:41:36.805000+00:00,1.0,S
1826,2990,2021-03-20T17:41:33.985000+00:00,1.0,P
1826,3272,2021-03-20T17:41:36.805000+00:00,1.0,S
1827,2990,2021-03-20T17:41:33.985000+00:00,1.0,P
1827,3272,2021-03-20T17:41:36.805000+00:00,1.0,S
1828,2990,2021-03-20T17:41:33.985000+00:00,1.0,P
1828,3272,2021-03-20T17:41:36.805000+00:00,1.0,S
1829,2990,2021-03-20T17:41:33.985000+00:00,1.0,P
1829,3272,2021-03-20T17:41:36.805000+00:00,1.0,S
1830,2990,2021-03-20T17:41:33.985000+00:00,1.0,P
1830,3272,2021-03-20T17:41:36.805000+00:00,1.0,S
1831,2990,2021-03-20T17:41:33.985000+00:00,1.0,P
1831,3272,2021-03-20T17:41:36.805000+00:00,1.0,S
1832,2990,2021-03-20T17:41:33.985000+00:00,1.0,P
1832,3272,2021-03-20T17:41:36.805000+00:00,1.0,S
1833,2990,2021-03-20T17:41:33.985000+00:00,1.0,P
1833,3272,2021-03-20T17:41:36.805000+00:00,1.0,S
1834,2990,2021-03-20T17:41:33.985000+00:00,1.0,P
1834,3272,2021-03-20T17:41:36.805000+00:00,1.0,S
1835,2990,2021-03-20T17:41:33.985000+00:00,1.0,P
1835,3272,2021-03-20T17:41:36.805000+00:00,1.0,S
1836,2990,2021-03-20T17:41:33.985000+00:00,1.0,P
1836,3272,2021-03-20T17:41:36.805000+00:00,1.0,S
1837,2990,2021-03-20T17:41:33.985000+00:00,1.0,P
1837,3272,2021-03-20T17:41:36.805000+00:00,1.0,S
1838,2990,2021-03-20T17:41:33.985000+00:00,1.0,P
1838,3272,2021-03-20T17:41:36.805000+00:00,1.0,S
1839,2990,2021-03-20T17:41:33.985000+00:00,1.0,P
1839,3273,2021-03-20T17:41:36.815000+00:00,1.0,S
1840,2990,2021-03-20T17:41:33.985000+00:00,1.0,P
1840,3273,2021-03-20T17:41:36.815000+00:00,1.0,S
1841,2990,2021-03-20T17:41:33.985000+00:00,1.0,P
1841,3273,2021-03-20T17:41:36.815000+00:00,1.0,S
1842,2990,2021-03-20T17:41:33.985000+00:00,1.0,P
1842,3273,2021-03-20T17:41:36.815000+00:00,1.0,S
1843,2990,2021-03-20T17:41:33.985000+00:00,1.0,P
1843,3273,2021-03-20T17:41:36.815000+00:00,1.0,S
1844,2990,2021-03-20T17:41:33.985000+00:00,1.0,P
1844,3273,2021-03-20T17:41:36.815000+00:00,1.0,S
1845,2990,2021-03-20T17:41:33.985000+00:00,1.0,P
1845,3273,2021-03-20T17:41:36.815000+00:00,1.0,S
1846,2990,2021-03-20T17:41:33.985000+00:00,1.0,P
1846,3273,2021-03-20T17:41:36.815000+00:00,1.0,S
1847,2990,2021-03-20T17:41:33.985000+00:00,1.0,P
1847,3273,2021-03-20T17:41:36.815000+00:00,1.0,S
1848,2990,2021-03-20T17:41:33.985000+00:00,1.0,P
1848,3273,2021-03-20T17:41:36.815000+00:00,1.0,S
1849,2990,2021-03-20T17:41:33.985000+00:00,1.0,P
1849,3273,2021-03-20T17:41:36.815000+00:00,1.0,S
1850,2990,2021-03-20T17:41:33.985000+00:00,1.0,P
1850,3273,2021-03-20T17:41:36.815000+00:00,1.0,S
1851,2990,2021-03-20T17:41:33.985000+00:00,1.0,P
1851,3273,2021-03-20T17:41:36.815000+00:00,1.0,S
1852,2990,2021-03-20T17:41:33.985000+00:00,1.0,P
1852,3273,2021-03-20T17:41:36.815000+00:00,1.0,S
1853,2990,2021-03-20T17:41:33.985000+00:00,1.0,P
1853,3273,2021-03-20T17:41:36.815000+00:00,1.0,S
1854,2990,2021-03-20T17:41:33.985000+00:00,1.0,P
1854,3273,2021-03-20T17:41:36.815000+00:00,1.0,S
1855,2990,2021-03-20T17:41:33.985000+00:00,1.0,P
1855,3273,2021-03-20T17:41:36.815000+00:00,1.0,S
1856,2990,2021-03-20T17:41:33.985000+00:00,1.0,P
1856,3273,2021-03-20T17:41:36.815000+00:00,1.0,S
1857,2990,2021-03-20T17:41:33.985000+00:00,1.0,P
1857,3273,2021-03-20T17:41:36.815000+00:00,1.0,S
1858,2990,2021-03-20T17:41:33.985000+00:00,1.0,P
1858,3273,2021-03-20T17:41:36.815000+00:00,1.0,S
1859,2990,2021-03-20T17:41:33.985000+00:00,1.0,P
1859,3273,2021-03-20T17:41:36.815000+00:00,1.0,S
1860,2990,2021-03-20T17:41:33.985000+00:00,1.0,P
1860,3273,2021-03-20T17:41:36.815000+00:00,1.0,S
1861,2990,2021-03-20T17:41:33.985000+00:00,1.0,P
1861,3273,2021-03-20T17:41:36.815000+00:00,1.0,S
1862,2990,2021-03-20T17:41:33.985000+00:00,1.0,P
1862,3273,2021-03-20T17:41:36.815000+00:00,1.0,S
1863,2990,2021-03-20T17:41:33.985000+00:00,1.0,P
1863,3273,2021-03-20T17:41:36.815000+00:00,1.0,S
1864,2990,2021-03-20T17:41:33.985000+00:00,1.0,P
1864,3273,2021-03-20T17:41:36.815000+00:00,1.0,S
1865,2990,2021-03-20T17:41:33.985000+00:00,1.0,P
1865,3273,2021-03-20T17:41:36.815000+00:00,1.0,S
1866,2990,2021-03-20T17:41:33.985000+00:00,1.0,P
1866,3273,2021-03-20T17:41:36.815000+00:00,1.0,S
1867,2990,2021-03-20T17:41:33.985000+00:00,1.0,P
1867,3273,2021-03-20T17:41:36.815000+00:00,1.0,S
1868,2990,2021-03-20T17:41:33.985000+00:00,1.0,P
1868,3272,2021-03-20T17:41:36.805000+00:00,1.0,S
1869,2990,2021-03-20T17:41:33.985000+00:00,1.0,P
1869,3272,2021-03-20T17:41:36.805000+00:00,1.0,S
1870,2990,2021-03-20T17:41:33.985000+00:00,1.0,P
1870,3272,2021-03-20T17:41:36.805000+00:00,1.0,S
1871,2989,2021-03-20T17:41:33.975000+00:00,1.0,P
1871,3272,2021-03-20T17:41:36.805000+00:00,1.0,S
1872,2989,2021-03-20T17:41:33.975000+00:00,1.0,P
1872,3272,2021-03-20T17:41:36.805000+00:00,1.0,S
1873,2989,2021-03-20T17:41:33.975000+00:00,1.0,P
1873,3272,2021-03-20T17:41:36.805000+00:00,1.0,S
1874,2989,2021-03-20T17:41:33.975000+00:00,1.0,P
1874,3272,2021-03-20T17:41:36.805000+00:00,1.0,S
1875,2989,2021-03-20T17:41:33.975000+00:00,1.0,P
1875,3272,2021-03-20T17:41:36.805000+00:00,1.0,S
1876,2989,2021-03-20T17:41:33.975000+00:00,1.0,P
1876,3272,2021-03-20T17:41:36.805000+00:00,1.0,S
1877,2989,2021-03-20T17:41:33.975000+00:00,1.0,P
1877,3272,2021-03-20T17:41:36.805000+00:00,1.0,S
1878,2989,2021-03-20T17:41:33.975000+00:00,1.0,P
1878,3272,2021-03-20T17:41:36.805000+00:00,1.0,S
1879,2989,2021-03-20T17:41:33.975000+00:00,1.0,P
1879,3272,2021-03-20T17:41:36.805000+00:00,1.0,S
1880,2989,2021-03-20T17:41:33.975000+00:00,1.0,P
1880,3272,2021-03-20T17:41:36.805000+00:00,1.0,S
1881,2989,2021-03-20T17:41:33.975000+00:00,1.0,P
1881,3272,2021-03-20T17:41:36.805000+00:00,1.0,S
1882,2989,2021-03-20T17:41:33.975000+00:00,1.0,P
1882,3272,2021-03-20T17:41:36.805000+00:00,1.0,S
1883,2989,2021-03-20T17:41:33.975000+00:00,1.0,P
1883,3271,2021-03-20T17:41:36.795000+00:00,1.0,S
1884,2989,2021-03-20T17:41:33.975000+00:00,1.0,P
1884,3271,2021-03-20T17:41:36.795000+00:00,1.0,S
1885,2989,2021-03-20T17:41:33.975000+00:00,1.0,P
1885,3271,2021-03-20T17:41:36.795000+00:00,1.0,S
1886,2989,2021-03-20T17:41:33.975000+00:00,1.0,P
1886,3271,2021-03-20T17:41:36.795000+00:00,1.0,S
1887,2989,2021-03-20T17:41:33.975000+00:00,1.0,P
1887,3271,2021-03-20T17:41:36.795000+00:00,1.0,S
1888,2989,2021-03-20T17:41:33.975000+00:00,1.0,P
1888,3271,2021-03-20T17:41:36.795000+00:00,1.0,S
1889,2989,2021-03-20T17:41:33.975000+00:00,1.0,P
1889,3271,2021-03-20T17:41:36.795000+00:00,1.0,S
1890,2989,2021-03-20T17:41:33.975000+00:00,1.0,P
1890,3271,2021-03-20T17:41:36.795000+00:00,1.0,S
1891,2989,2021-03-20T17:41:33.975000+00:00,1.0,P
1891,3271,2021-03-20T17:41:36.795000+00:00,1.0,S
1892,2989,2021-03-20T17:41:33.975000+00:00,1.0,P
1892,3271,2021-03-20T17:41:36.795000+00:00,1.0,S
1893,2989,2021-03-20T17:41:33.975000+00:00,1.0,P
1893,3271,2021-03-20T17:41:36.795000+00:00,1.0,S
1894,2989,2021-03-20T17:41:33.975000+00:00,1.0,P
1894,3270,2021-03-20T17:41:36.785000+00:00,1.0,S
1895,2989,2021-03-20T17:41:33.975000+00:00,1.0,P
1895,3270,2021-03-20T17:41:36.785000+00:00,1.0,S
1896,2989,2021-03-20T17:41:33.975000+00:00,1.0,P
1896,3270,2021-03-20T17:41:36.785000+00:00,1.0,S
1897,2989,2021-03-20T17:41:33.975000+00:00,1.0,P
1897,3270,2021-03-20T17:41:36.785000+00:00,1.0,S
1898,2988,2021-03-20T17:41:33.965000+00:00,1.0,P
1898,3270,2021-03-20T17:41:36.785000+00:00,1.0,S
1899,2988,2021-03-20T17:41:33.965000+00:00,1.0,P
1899,3270,2021-03-20T17:41:36.785000+00:00,1.0,S
1900,2988,2021-03-20T17:41:33.965000+00:00,1.0,P
1900,3270,2021-03-20T17:41:36.785000+00:00,1.0,S
1901,2988,2021-03-20T17:41:33.965000+00:00,1.0,P
1901,3270,2021-03-20T17:41:36.785000+00:00,1.0,S
1902,2988,2021-03-20T17:41:33.965000+00:00,1.0,P
1902,3270,2021-03-20T17:41:36.785000+00:00,1.0,S
1903,2988,2021-03-20T17:41:33.965000+00:00,1.0,P
1903,3270,2021-03-20T17:41:36.785000+00:00,1.0,S
1904,2988,2021-03-20T17:41:33.965000+00:00,1.0,P
1904,3270,2021-03-20T17:41:36.785000+00:00,1.0,S
1905,2988,2021-03-20T17:41:33.965000+00:00,1.0,P
1905,3270,2021-03-20T17:41:36.785000+00:00,1.0,S
1906,2988,2021-03-20T17:41:33.965000+00:00,1.0,P
1906,3270,2021-03-20T17:41:36.785000+00:00,1.0,S
1907,2988,2021-03-20T17:41:33.965000+00:00,1.0,P
1907,3269,2021-03-20T17:41:36.774999+00:00,1.0,S
1908,2988,2021-03-20T17:41:33.965000+00:00,1.0,P
1908,3269,2021-03-20T17:41:36.774999+00:00,1.0,S
1909,2988,2021-03-20T17:41:33.965000+00:00,1.0,P
1909,3269,2021-03-20T17:41:36.774999+00:00,1.0,S
1910,2988,2021-03-20T17:41:33.965000+00:00,1.0,P
1910,3269,2021-03-20T17:41:36.774999+00:00,1.0,S
1911,2988,2021-03-20T17:41:33.965000+00:00,1.0,P
1911,3269,2021-03-20T17:41:36.774999+00:00,1.0,S
1912,2988,2021-03-20T17:41:33.965000+00:00,1.0,P
1912,3269,2021-03-20T17:41:36.774999+00:00,1.0,S
1913,2988,2021-03-20T17:41:33.965000+00:00,1.0,P
1913,3269,2021-03-20T17:41:36.774999+00:00,1.0,S
1914,2988,2021-03-20T17:41:33.965000+00:00,1.0,P
1914,3269,2021-03-20T17:41:36.774999+00:00,1.0,S
1915,2988,2021-03-20T17:41:33.965000+00:00,1.0,P
1915,3269,2021-03-20T17:41:36.774999+00:00,1.0,S
1916,2988,2021-03-20T17:41:33.965000+00:00,1.0,P
1916,3269,2021-03-20T17:41:36.774999+00:00,1.0,S
1917,2988,2021-03-20T17:41:33.965000+00:00,1.0,P
1917,3269,2021-03-20T17:41:36.774999+00:00,1.0,S
1918,2988,2021-03-20T17:41:33.965000+00:00,1.0,P
1918,3269,2021-03-20T17:41:36.774999+00:00,1.0,S
1919,2988,2021-03-20T17:41:33.965000+00:00,1.0,P
1919,3269,2021-03-20T17:41:36.774999+00:00,1.0,S
1920,2988,2021-03-20T17:41:33.965000+00:00,1.0,P
1920,3269,2021-03-20T17:41:36.774999+00:00,1.0,S
1921,2988,2021-03-20T17:41:33.965000+00:00,1.0,P
1921,3269,2021-03-20T17:41:36.774999+00:00,1.0,S
1922,2988,2021-03-20T17:41:33.965000+00:00,1.0,P
1922,3269,2021-03-20T17:41:36.774999+00:00,1.0,S
1923,2988,2021-03-20T17:41:33.965000+00:00,1.0,P
1923,3269,2021-03-20T17:41:36.774999+00:00,1.0,S
1924,2988,2021-03-20T17:41:33.965000+00:00,1.0,P
1924,3269,2021-03-20T17:41:36.774999+00:00,1.0,S
1925,2988,2021-03-20T17:41:33.965000+00:00,1.0,P
1925,3269,2021-03-20T17:41:36.774999+00:00,1.0,S
1926,2988,2021-03-20T17:41:33.965000+00:00,1.0,P
1926,3268,2021-03-20T17:41:36.765000+00:00,1.0,S
1927,2988,2021-03-20T17:41:33.965000+00:00,1.0,P
1927,3268,2021-03-20T17:41:36.765000+00:00,1.0,S
1928,2988,2021-03-20T17:41:33.965000+00:00,1.0,P
1928,3268,2021-03-20T17:41:36.765000+00:00,1.0,S
1929,2988,2021-03-20T17:41:33.965000+00:00,1.0,P
1929,3268,2021-03-20T17:41:36.765000+00:00,1.0,S
1930,2988,2021-03-20T17:41:33.965000+00:00,1.0,P
1930,3268,2021-03-20T17:41:36.765000+00:00,1.0,S
1931,2987,2021-03-20T17:41:33.955000+00:00,1.0,P
1931,3268,2021-03-20T17:41:36.765000+00:00,1.0,S
1932,2987,2021-03-20T17:41:33.955000+00:00,1.0,P
1932,3268,2021-03-20T17:41:36.765000+00:00,1.0,S
1933,2987,2021-03-20T17:41:33.955000+00:00,1.0,P
1933,3268,2021-03-20T17:41:36.765000+00:00,1.0,S
1934,2987,2021-03-20T17:41:33.955000+00:00,1.0,P
1934,3268,2021-03-20T17:41:36.765000+00:00,1.0,S
1935,2987,2021-03-20T17:41:33.955000+00:00,1.0,P
1935,3268,2021-03-20T17:41:36.765000+00:00,1.0,S
1936,2987,2021-03-20T17:41:33.955000+00:00,1.0,P
1936,3268,2021-03-20T17:41:36.765000+00:00,1.0,S
1937,2987,2021-03-20T17:41:33.955000+00:00,1.0,P
1937,3268,2021-03-20T17:41:36.765000+00:00,1.0,S
1938,2987,2021-03-20T17:41:33.955000+00:00,1.0,P
1938,3268,2021-03-20T17:41:36.765000+00:00,1.0,S
1939,2987,2021-03-20T17:41:33.955000+00:00,1.0,P
1939,3268,2021-03-20T17:41:36.765000+00:00,1.0,S
1940,2987,2021-03-20T17:41:33.955000+00:00,1.0,P
1940,3268,2021-03-20T17:41:36.765000+00:00,1.0,S
1941,2987,2021-03-20T17:41:33.955000+00:00,1.0,P
1941,3267,2021-03-20T17:41:36.755000+00:00,1.0,S
1942,2987,2021-03-20T17:41:33.955000+00:00,1.0,P
1942,3267,2021-03-20T17:41:36.755000+00:00,1.0,S
1943,2987,2021-03-20T17:41:33.955000+00:00,1.0,P
1943,3267,2021-03-20T17:41:36.755000+00:00,1.0,S
1944,2987,2021-03-20T17:41:33.955000+00:00,1.0,P
1944,3267,2021-03-20T17:41:36.755000+00:00,1.0,S
1945,2987,2021-03-20T17:41:33.955000+00:00,1.0,P
1945,3267,2021-03-20T17:41:36.755000+00:00,1.0,S
1946,2987,2021-03-20T17:41:33.955000+00:00,1.0,P
1946,3267,2021-03-20T17:41:36.755000+00:00,1.0,S
1947,2987,2021-03-20T17:41:33.955000+00:00,1.0,P
1947,3267,2021-03-20T17:41:36.755000+00:00,1.0,S
1948,2987,2021-03-20T17:41:33.955000+00:00,1.0,P
1948,3267,2021-03-20T17:41:36.755000+00:00,1.0,S
1949,2987,2021-03-20T17:41:33.955000+00:00,1.0,P
1949,3266,2021-03-20T17:41:36.745000+00:00,1.0,S
1950,2987,2021-03-20T17:41:33.955000+00:00,1.0,P
1950,3266,2021-03-20T17:41:36.745000+00:00,1.0,S
1951,2987,2021-03-20T17:41:33.955000+00:00,1.0,P
1951,3266,2021-03-20T17:41:36.745000+00:00,1.0,S
1952,2987,2021-03-20T17:41:33.955000+00:00,1.0,P
1952,3266,2021-03-20T17:41:36.745000+00:00,1.0,S
1953,2987,2021-03-20T17:41:33.955000+00:00,1.0,P
1953,3266,2021-03-20T17:41:36.745000+00:00,1.0,S
1954,2987,2021-03-20T17:41:33.955000+00:00,1.0,P
1954,3266,2021-03-20T17:41:36.745000+00:00,1.0,S
1955,2987,2021-03-20T17:41:33.955000+00:00,1.0,P
1955,3266,2021-03-20T17:41:36.745000+00:00,1.0,S
1956,2987,2021-03-20T17:41:33.955000+00:00,1.0,P
1956,3266,2021-03-20T17:41:36.745000+00:00,1.0,S
1957,2987,2021-03-20T17:41:33.955000+00:00,1.0,P
1957,3265,2021-03-20T17:41:36.735000+00:00,1.0,S
1958,2987,2021-03-20T17:41:33.955000+00:00,1.0,P
1958,3265,2021-03-20T17:41:36.735000+00:00,1.0,S
1959,2987,2021-03-20T17:41:33.955000+00:00,1.0,P
1959,3265,2021-03-20T17:41:36.735000+00:00,1.0,S
1960,2987,2021-03-20T17:41:33.955000+00:00,1.0,P
1960,3265,2021-03-20T17:41:36.735000+00:00,1.0,S
1961,2987,2021-03-20T17:41:33.955000+00:00,1.0,P
1961,3265,2021-03-20T17:41:36.735000+00:00,1.0,S
1962,2987,2021-03-20T17:41:33.955000+00:00,1.0,P
1962,3265,2021-03-20T17:41:36.735000+00:00,1.0,S
1963,2987,2021-03-20T17:41:33.955000+00:00,1.0,P
1963,3265,2021-03-20T17:41:36.735000+00:00,1.0,S
1964,2987,2021-03-20T17:41:33.955000+00:00,1.0,P
1964,3265,2021-03-20T17:41:36.735000+00:00,1.0,S
1965,2987,2021-03-20T17:41:33.955000+00:00,1.0,P
1965,3265,2021-03-20T17:41:36.735000+00:00,1.0,S
1966,2986,2021-03-20T17:41:33.945000+00:00,1.0,P
1966,3264,2021-03-20T17:41:36.725000+00:00,1.0,S
1967,2986,2021-03-20T17:41:33.945000+00:00,1.0,P
1967,3264,2021-03-20T17:41:36.725000+00:00,1.0,S
1968,2986,2021-03-20T17:41:33.945000+00:00,1.0,P
1968,3264,2021-03-20T17:41:36.725000+00:00,1.0,S
1969,2986,2021-03-20T17:41:33.945000+00:00,1.0,P
1969,3264,2021-03-20T17:41:36.725000+00:00,1.0,S
1970,2986,2021-03-20T17:41:33.945000+00:00,1.0,P
1970,3264,2021-03-20T17:41:36.725000+00:00,1.0,S
1971,2986,2021-03-20T17:41:33.945000+00:00,1.0,P
1971,3264,2021-03-20T17:41:36.725000+00:00,1.0,S
1972,2986,2021-03-20T17:41:33.945000+00:00,1.0,P
1972,3264,2021-03-20T17:41:36.725000+00:00,1.0,S
1973,2986,2021-03-20T17:41:33.945000+00:00,1.0,P
1973,3264,2021-03-20T17:41:36.725000+00:00,1.0,S
1974,2986,2021-03-20T17:41:33.945000+00:00,1.0,P
1974,3264,2021-03-20T17:41:36.725000+00:00,1.0,S
1975,2986,2021-03-20T17:41:33.945000+00:00,1.0,P
1975,3263,2021-03-20T17:41:36.715000+00:00,1.0,S
1976,2986,2021-03-20T17:41:33.945000+00:00,1.0,P
1976,3263,2021-03-20T17:41:36.715000+00:00,1.0,S
1977,2986,2021-03-20T17:41:33.945000+00:00,1.0,P
1977,3263,2021-03-20T17:41:36.715000+00:00,1.0,S
1978,2986,2021-03-20T17:41:33.945000+00:00,1.0,P
1978,3263,2021-03-20T17:41:36.715000+00:00,1.0,S
1979,2986,2021-03-20T17:41:33.945000+00:00,1.0,P
1979,3263,2021-03-20T17:41:36.715000+00:00,1.0,S
1980,2986,2021-03-20T17:41:33.945000+00:00,1.0,P
1980,3263,2021-03-20T17:41:36.715000+00:00,1.0,S
1981,2986,2021-03-20T17:41:33.945000+00:00,1.0,P
1981,3263,2021-03-20T17:41:36.715000+00:00,1.0,S
1982,2986,2021-03-20T17:41:33.945000+00:00,1.0,P
1982,3263,2021-03-20T17:41:36.715000+00:00,1.0,S
1983,2986,2021-03-20T17:41:33.945000+00:00,1.0,P
1983,3263,2021-03-20T17:41:36.715000+00:00,1.0,S
1984,2986,2021-03-20T17:41:33.945000+00:00,1.0,P
1984,3263,2021-03-20T17:41:36.715000+00:00,1.0,S
1985,2986,2021-03-20T17:41:33.945000+00:00,1.0,P
1985,3263,2021-03-20T17:41:36.715000+00:00,1.0,S
1986,2986,2021-03-20T17:41:33.945000+00:00,1.0,P
1986,3263,2021-03-20T17:41:36.715000+00:00,1.0,S
1987,2986,2021-03-20T17:41:33.945000+00:00,1.0,P
1987,3263,2021-03-20T17:41:36.715000+00:00,1.0,S
1988,2986,2021-03-20T17:41:33.945000+00:00,1.0,P
1988,3263,2021-03-20T17:41:36.715000+00:00,1.0,S
1989,2986,2021-03-20T17:41:33.945000+00:00,1.0,P
1989,3263,2021-03-20T17:41:36.715000+00:00,1.0,S
1990,2986,2021-03-20T17:41:33.945000+00:00,1.0,P
1990,3263,2021-03-20T17:41:36.715000+00:00,1.0,S
1991,2986,2021-03-20T17:41:33.945000+00:00,1.0,P
1991,3263,2021-03-20T17:41:36.715000+00:00,1.0,S
1992,2986,2021-03-20T17:41:33.945000+00:00,1.0,P
1992,3262,2021-03-20T17:41:36.704999+00:00,1.0,S
1993,2986,2021-03-20T17:41:33.945000+00:00,1.0,P
1993,3262,2021-03-20T17:41:36.704999+00:00,1.0,S
1994,2986,2021-03-20T17:41:33.945000+00:00,1.0,P
1994,3262,2021-03-20T17:41:36.704999+00:00,1.0,S
1995,2986,2021-03-20T17:41:33.945000+00:00,1.0,P
1995,3262,2021-03-20T17:41:36.704999+00:00,1.0,S
1996,2986,2021-03-20T17:41:33.945000+00:00,1.0,P
1996,3262,2021-03-20T17:41:36.704999+00:00,1.0,S
1997,2986,2021-03-20T17:41:33.945000+00:00,1.0,P
1997,3262,2021-03-20T17:41:36.704999+00:00,1.0,S
1998,2986,2021-03-20T17:41:33.945000+00:00,1.0,P
1998,3262,2021-03-20T17:41:36.704999+00:00,1.0,S
1999,2986,2021-03-20T17:41:33.945000+00:00,1.0,P
1999,3262,2021-03-20T17:41:36.704999+00:00,1.0,S
2000,2986,2021-03-20T17:41:33.945000+00:00,1.0,P
2000,3262,2021-03-20T17:41:36.704999+00:00,1.0,S
2001,2986,2021-03-20T17:41:33.945000+00:00,1.0,P
2001,3262,2021-03-20T17:41:36.704999+00:00,1.0,S
2002,2986,2021-03-20T17:41:33.945000+00:00,1.0,P
2002,3262,2021-03-20T17:41:36.704999+00:00,1.0,S
2003,2986,2021-03-20T17:41:33.945000+00:00,1.0,P
2003,3262,2021-03-20T17:41:36.704999+00:00,1.0,S
2004,2986,2021-03-20T17:41:33.945000+00:00,1.0,P
2004,3262,2021-03-20T17:41:36.704999+00:00,1.0,S
2005,2986,2021-03-20T17:41:33.945000+00:00,1.0,P
2005,3262,2021-03-20T17:41:36.704999+00:00,1.0,S
2006,2986,2021-03-20T17:41:33.945000+00:00,1.0,P
2006,3262,2021-03-20T17:41:36.704999+00:00,1.0,S
2007,2986,2021-03-20T17:41:33.945000+00:00,1.0,P
2007,3262,2021-03-20T17:41:36.704999+00:00,1.0,S
2008,2986,2021-03-20T17:41:33.945000+00:00,1.0,P
2008,3262,2021-03-20T17:41:36.704999+00:00,1.0,S
2009,2986,2021-03-20T17:41:33.945000+00:00,1.0,P
2009,3262,2021-03-20T17:41:36.704999+00:00,1.0,S
2010,2986,2021-03-20T17:41:33.945000+00:00,1.0,P
2010,3262,2021-03-20T17:41:36.704999+00:00,1.0,S
2011,2986,2021-03-20T17:41:33.945000+00:00,1.0,P
2011,3262,2021-03-20T17:41:36.704999+00:00,1.0,S
2012,2986,2021-03-20T17:41:33.945000+00:00,1.0,P
2012,3262,2021-03-20T17:41:36.704999+00:00,1.0,S
2013,2986,2021-03-20T17:41:33.945000+00:00,1.0,P
2013,3262,2021-03-20T17:41:36.704999+00:00,1.0,S
2014,2986,2021-03-20T17:41:33.945000+00:00,1.0,P
2014,3262,2021-03-20T17:41:36.704999+00:00,1.0,S
2015,2986,2021-03-20T17:41:33.945000+00:00,1.0,P
2015,3262,2021-03-20T17:41:36.704999+00:00,1.0,S
2016,2986,2021-03-20T17:41:33.945000+00:00,1.0,P
2016,3262,2021-03-20T17:41:36.704999+00:00,1.0,S
2017,2986,2021-03-20T17:41:33.945000+00:00,1.0,P
2017,3262,2021-03-20T17:41:36.704999+00:00,1.0,S
2018,2986,2021-03-20T17:41:33.945000+00:00,1.0,P
2018,3262,2021-03-20T17:41:36.704999+00:00,1.0,S
2019,2986,2021-03-20T17:41:33.945000+00:00,1.0,P
2019,3262,2021-03-20T17:41:36.704999+00:00,1.0,S
2020,2986,2021-03-20T17:41:33.945000+00:00,1.0,P
2020,3262,2021-03-20T17:41:36.704999+00:00,1.0,S
2021,2986,2021-03-20T17:41:33.945000+00:00,1.0,P
2021,3261,2021-03-20T17:41:36.695000+00:00,1.0,S
2022,2986,2021-03-20T17:41:33.945000+00:00,1.0,P
2022,3261,2021-03-20T17:41:36.695000+00:00,1.0,S
2023,2986,2021-03-20T17:41:33.945000+00:00,1.0,P
2023,3261,2021-03-20T17:41:36.695000+00:00,1.0,S
2024,2986,2021-03-20T17:41:33.945000+00:00,1.0,P
2024,3261,2021-03-20T17:41:36.695000+00:00,1.0,S
2025,2986,2021-03-20T17:41:33.945000+00:00,1.0,P
2025,3261,2021-03-20T17:41:36.695000+00:00,1.0,S
2026,2986,2021-03-20T17:41:33.945000+00:00,1.0,P
2026,3261,2021-03-20T17:41:36.695000+00:00,1.0,S
2027,2986,2021-03-20T17:41:33.945000+00:00,1.0,P
2027,3261,2021-03-20T17:41:36.695000+00:00,1.0,S
2028,2986,2021-03-20T17:41:33.945000+00:00,1.0,P
2028,3261,2021-03-20T17:41:36.695000+00:00,1.0,S
2029,2986,2021-03-20T17:41:33.945000+00:00,1.0,P
2029,3260,2021-03-20T17:41:36.685000+00:00,1.0,S
2030,2986,2021-03-20T17:41:33.945000+00:00,1.0,P
2030,3260,2021-03-20T17:41:36.685000+00:00,1.0,S
2031,2986,2021-03-20T17:41:33.945000+00:00,1.0,P
2031,3260,2021-03-20T17:41:36.685000+00:00,1.0,S
2032,2986,2021-03-20T17:41:33.945000+00:00,1.0,P
2032,3260,2021-03-20T17:41:36.685000+00:00,1.0,S
2033,2986,2021-03-20T17:41:33.945000+00:00,1.0,P
2033,3260,2021-03-20T17:41:36.685000+00:00,1.0,S
2034,2986,2021-03-20T17:41:33.945000+00:00,1.0,P
2034,3260,2021-03-20T17:41:36.685000+00:00,1.0,S
2035,2986,2021-03-20T17:41:33.945000+00:00,1.0,P
2035,3260,2021-03-20T17:41:36.685000+00:00,1.0,S
2036,2986,2021-03-20T17:41:33.945000+00:00,1.0,P
2036,3260,2021-03-20T17:41:36.685000+00:00,1.0,S
2037,2986,2021-03-20T17:41:33.945000+00:00,1.0,P
2037,3260,2021-03-20T17:41:36.685000+00:00,1.0,S
2038,2986,2021-03-20T17:41:33.945000+00:00,1.0,P
2038,3259,2021-03-20T17:41:36.675000+00:00,1.0,S
2039,2986,2021-03-20T17:41:33.945000+00:00,1.0,P
2039,3259,2021-03-20T17:41:36.675000+00:00,1.0,S
2040,2986,2021-03-20T17:41:33.945000+00:00,1.0,P
2040,3259,2021-03-20T17:41:36.675000+00:00,1.0,S
2041,2986,2021-03-20T17:41:33.945000+00:00,1.0,P
2041,3259,2021-03-20T17:41:36.675000+00:00,1.0,S
2042,2986,2021-03-20T17:41:33.945000+00:00,1.0,P
2042,3259,2021-03-20T17:41:36.675000+00:00,1.0,S
2043,2986,2021-03-20T17:41:33.945000+00:00,1.0,P
2043,3259,2021-03-20T17:41:36.675000+00:00,1.0,S
2044,2986,2021-03-20T17:41:33.945000+00:00,1.0,P
2044,3259,2021-03-20T17:41:36.675000+00:00,1.0,S
2045,2986,2021-03-20T17:41:33.945000+00:00,1.0,P
2045,3259,2021-03-20T17:41:36.675000+00:00,1.0,S
2046,2986,2021-03-20T17:41:33.945000+00:00,1.0,P
2046,3258,2021-03-20T17:41:36.665000+00:00,1.0,S
2047,2986,2021-03-20T17:41:33.945000+00:00,1.0,P
2047,3258,2021-03-20T17:41:36.665000+00:00,1.0,S
2048,2986,2021-03-20T17:41:33.945000+00:00,1.0,P
2048,3258,2021-03-20T17:41:36.665000+00:00,1.0,S
2049,2986,2021-03-20T17:41:33.945000+00:00,1.0,P
2049,3258,2021-03-20T17:41:36.665000+00:00,1.0,S
2050,2986,2021-03-20T17:41:33.945000+00:00,1.0,P
2050,3258,2021-03-20T17:41:36.665000+00:00,1.0,S
2051,2986,2021-03-20T17:41:33.945000+00:00,1.0,P
2051,3258,2021-03-20T17:41:36.665000+00:00,1.0,S
2052,2986,2021-03-20T17:41:33.945000+00:00,1.0,P
2052,3258,2021-03-20T17:41:36.665000+00:00,1.0,S
2053,2986,2021-03-20T17:41:33.945000+00:00,1.0,P
2053,3258,2021-03-20T17:41:36.665000+00:00,1.0,S
2054,2986,2021-03-20T17:41:33.945000+00:00,1.0,P
2054,3258,2021-03-20T17:41:36.665000+00:00,1.0,S
2055,2986,2021-03-20T17:41:33.945000+00:00,1.0,P
2055,3257,2021-03-20T17:41:36.655000+00:00,1.0,S
2056,2986,2021-03-20T17:41:33.945000+00:00,1.0,P
2056,3257,2021-03-20T17:41:36.655000+00:00,1.0,S
2057,2986,2021-03-20T17:41:33.945000+00:00,1.0,P
2057,3257,2021-03-20T17:41:36.655000+00:00,1.0,S
2058,2986,2021-03-20T17:41:33.945000+00:00,1.0,P
2058,3257,2021-03-20T17:41:36.655000+00:00,1.0,S
2059,2986,2021-03-20T17:41:33.945000+00:00,1.0,P
2059,3257,2021-03-20T17:41:36.655000+00:00,1.0,S
2060,2986,2021-03-20T17:41:33.945000+00:00,1.0,P
2060,3257,2021-03-20T17:41:36.655000+00:00,1.0,S
2061,2986,2021-03-20T17:41:33.945000+00:00,1.0,P
2061,3257,2021-03-20T17:41:36.655000+00:00,1.0,S
2062,2986,2021-03-20T17:41:33.945000+00:00,1.0,P
2062,3257,2021-03-20T17:41:36.655000+00:00,1.0,S
2063,2986,2021-03-20T17:41:33.945000+00:00,1.0,P
2063,3257,2021-03-20T17:41:36.655000+00:00,1.0,S
2064,2986,2021-03-20T17:41:33.945000+00:00,1.0,P
2064,3257,2021-03-20T17:41:36.655000+00:00,1.0,S
2065,2986,2021-03-20T17:41:33.945000+00:00,1.0,P
2065,3256,2021-03-20T17:41:36.645000+00:00,1.0,S
2066,2986,2021-03-20T17:41:33.945000+00:00,1.0,P
2066,3256,2021-03-20T17:41:36.645000+00:00,1.0,S
2067,2986,2021-03-20T17:41:33.945000+00:00,1.0,P
2067,3256,2021-03-20T17:41:36.645000+00:00,1.0,S
2068,2986,2021-03-20T17:41:33.945000+00:00,1.0,P
2068,3256,2021-03-20T17:41:36.645000+00:00,1.0,S
2069,2986,2021-03-20T17:41:33.945000+00:00,1.0,P
2069,3256,2021-03-20T17:41:36.645000+00:00,1.0,S
2070,2986,2021-03-20T17:41:33.945000+00:00,1.0,P
2070,3256,2021-03-20T17:41:36.645000+00:00,1.0,S
2071,2986,2021-03-20T17:41:33.945000+00:00,1.0,P
2071,3256,2021-03-20T17:41:36.645000+00:00,1.0,S
2072,2986,2021-03-20T17:41:33.945000+00:00,1.0,P
2072,3256,2021-03-20T17:41:36.645000+00:00,1.0,S
2073,2986,2021-03-20T17:41:33.945000+00:00,1.0,P
2073,3256,2021-03-20T17:41:36.645000+00:00,1.0,S
2074,2986,2021-03-20T17:41:33.945000+00:00,1.0,P
2074,3255,2021-03-20T17:41:36.634999+00:00,1.0,S
2075,2986,2021-03-20T17:41:33.945000+00:00,1.0,P
2075,3255,2021-03-20T17:41:36.634999+00:00,1.0,S
2076,2986,2021-03-20T17:41:33.945000+00:00,1.0,P
2076,3255,2021-03-20T17:41:36.634999+00:00,1.0,S
2077,2986,2021-03-20T17:41:33.945000+00:00,1.0,P
2077,3255,2021-03-20T17:41:36.634999+00:00,1.0,S
2078,2986,2021-03-20T17:41:33.945000+00:00,1.0,P
2078,3255,2021-03-20T17:41:36.634999+00:00,1.0,S
2079,2986,2021-03-20T17:41:33.945000+00:00,1.0,P
2079,3255,2021-03-20T17:41:36.634999+00:00,1.0,S
2080,2986,2021-03-20T17:41:33.945000+00:00,1.0,P
2080,3255,2021-03-20T17:41:36.634999+00:00,1.0,S
2081,2986,2021-03-20T17:41:33.945000+00:00,1.0,P
2081,3254,2021-03-20T17:41:36.625000+00:00,1.0,S
2082,2986,2021-03-20T17:41:33.945000+00:00,1.0,P
2082,3254,2021-03-20T17:41:36.625000+00:00,1.0,S
2083,2986,2021-03-20T17:41:33.945000+00:00,1.0,P
2083,3254,2021-03-20T17:41:36.625000+00:00,1.0,S
2084,2986,2021-03-20T17:41:33.945000+00:00,1.0,P
2084,3254,2021-03-20T17:41:36.625000+00:00,1.0,S
2085,2986,2021-03-20T17:41:33.945000+00:00,1.0,P
2085,3254,2021-03-20T17:41:36.625000+00:00,1.0,S
2086,2986,2021-03-20T17:41:33.945000+00:00,1.0,P
2086,3254,2021-03-20T17:41:36.625000+00:00,1.0,S
2087,2986,2021-03-20T17:41:33.945000+00:00,1.0,P
2087,3254,2021-03-20T17:41:36.625000+00:00,1.0,S
2088,2986,2021-03-20T17:41:33.945000+00:00,1.0,P
2088,3254,2021-03-20T17:41:36.625000+00:00,1.0,S
2089,2987,2021-03-20T17:41:33.955000+00:00,1.0,P
2089,3253,2021-03-20T17:41:36.615000+00:00,1.0,S
2090,2987,2021-03-20T17:41:33.955000+00:00,1.0,P
2090,3253,2021-03-20T17:41:36.615000+00:00,1.0,S
2091,2987,2021-03-20T17:41:33.955000+00:00,1.0,P
2091,3253,2021-03-20T17:41:36.615000+00:00,1.0,S
2092,2987,2021-03-20T17:41:33.955000+00:00,1.0,P
2092,3253,2021-03-20T17:41:36.615000+00:00,1.0,S
2093,2987,2021-03-20T17:41:33.955000+00:00,1.0,P
2093,3253,2021-03-20T17:41:36.615000+00:00,1.0,S
2094,2987,2021-03-20T17:41:33.955000+00:00,1.0,P
2094,3253,2021-03-20T17:41:36.615000+00:00,1.0,S
2095,2987,2021-03-20T17:41:33.955000+00:00,1.0,P
2095,3253,2021-03-20T17:41:36.615000+00:00,1.0,S
2096,2987,2021-03-20T17:41:33.955000+00:00,1.0,P
2096,3252,2021-03-20T17:41:36.605000+00:00,1.0,S
2097,2987,2021-03-20T17:41:33.955000+00:00,1.0,P
2097,3252,2021-03-20T17:41:36.605000+00:00,1.0,S
2098,2987,2021-03-20T17:41:33.955000+00:00,1.0,P
2098,3252,2021-03-20T17:41:36.605000+00:00,1.0,S
2099,2987,2021-03-20T17:41:33.955000+00:00,1.0,P
2099,3252,2021-03-20T17:41:36.605000+00:00,1.0,S
2100,2987,2021-03-20T17:41:33.955000+00:00,1.0,P
2100,3252,2021-03-20T17:41:36.605000+00:00,1.0,S
2101,2987,2021-03-20T17:41:33.955000+00:00,1.0,P
2101,3252,2021-03-20T17:41:36.605000+00:00,1.0,S
2102,2987,2021-03-20T17:41:33.955000+00:00,1.0,P
2102,3252,2021-03-20T17:41:36.605000+00:00,1.0,S
2103,2987,2021-03-20T17:41:33.955000+00:00,1.0,P
2103,3252,2021-03-20T17:41:36.605000+00:00,1.0,S
2104,2987,2021-03-20T17:41:33.955000+00:00,1.0,P
2104,3252,2021-03-20T17:41:36.605000+00:00,1.0,S
2105,2987,2021-03-20T17:41:33.955000+00:00,1.0,P
2105,3252,2021-03-20T17:41:36.605000+00:00,1.0,S
2106,2987,2021-03-20T17:41:33.955000+00:00,1.0,P
2106,3252,2021-03-20T17:41:36.605000+00:00,1.0,S
2107,2987,2021-03-20T17:41:33.955000+00:00,1.0,P
2107,3251,2021-03-20T17:41:36.594999+00:00,1.0,S
2108,2987,2021-03-20T17:41:33.955000+00:00,1.0,P
2108,3251,2021-03-20T17:41:36.594999+00:00,1.0,S
2109,2987,2021-03-20T17:41:33.955000+00:00,1.0,P
2109,3251,2021-03-20T17:41:36.594999+00:00,1.0,S
2110,2987,2021-03-20T17:41:33.955000+00:00,1.0,P
2110,3251,2021-03-20T17:41:36.594999+00:00,1.0,S
2111,2987,2021-03-20T17:41:33.955000+00:00,1.0,P
2111,3251,2021-03-20T17:41:36.594999+00:00,1.0,S
2112,2987,2021-03-20T17:41:33.955000+00:00,1.0,P
2112,3251,2021-03-20T17:41:36.594999+00:00,1.0,S
2113,2987,2021-03-20T17:41:33.955000+00:00,1.0,P
2113,3251,2021-03-20T17:41:36.594999+00:00,1.0,S
2114,2987,2021-03-20T17:41:33.955000+00:00,1.0,P
2114,3250,2021-03-20T17:41:36.585000+00:00,1.0,S
2115,2987,2021-03-20T17:41:33.955000+00:00,1.0,P
2115,3250,2021-03-20T17:41:36.585000+00:00,1.0,S
2116,2987,2021-03-20T17:41:33.955000+00:00,1.0,P
2116,3250,2021-03-20T17:41:36.585000+00:00,1.0,S
2117,2987,2021-03-20T17:41:33.955000+00:00,1.0,P
2117,3250,2021-03-20T17:41:36.585000+00:00,1.0,S
2118,2987,2021-03-20T17:41:33.955000+00:00,1.0,P
2118,3250,2021-03-20T17:41:36.585000+00:00,1.0,S
2119,2987,2021-03-20T17:41:33.955000+00:00,1.0,P
2119,3250,2021-03-20T17:41:36.585000+00:00,1.0,S
2120,2987,2021-03-20T17:41:33.955000+00:00,1.0,P
2120,3250,2021-03-20T17:41:36.585000+00:00,1.0,S
2121,2987,2021-03-20T17:41:33.955000+00:00,1.0,P
2121,3250,2021-03-20T17:41:36.585000+00:00,1.0,S
2122,2987,2021-03-20T17:41:33.955000+00:00,1.0,P
2122,3250,2021-03-20T17:41:36.585000+00:00,1.0,S
2123,2987,2021-03-20T17:41:33.955000+00:00,1.0,P
2123,3249,2021-03-20T17:41:36.575000+00:00,1.0,S
2124,2987,2021-03-20T17:41:33.955000+00:00,1.0,P
2124,3249,2021-03-20T17:41:36.575000+00:00,1.0,S
2125,2987,2021-03-20T17:41:33.955000+00:00,1.0,P
2125,3249,2021-03-20T17:41:36.575000+00:00,1.0,S
2126,2987,2021-03-20T17:41:33.955000+00:00,1.0,P
2126,3249,2021-03-20T17:41:36.575000+00:00,1.0,S
2127,2987,2021-03-20T17:41:33.955000+00:00,1.0,P
2127,3249,2021-03-20T17:41:36.575000+00:00,1.0,S
2128,2987,2021-03-20T17:41:33.955000+00:00,1.0,P
2128,3249,2021-03-20T17:41:36.575000+00:00,1.0,S
2129,2988,2021-03-20T17:41:33.965000+00:00,1.0,P
2129,3249,2021-03-20T17:41:36.575000+00:00,1.0,S
2130,2988,2021-03-20T17:41:33.965000+00:00,1.0,P
2130,3249,2021-03-20T17:41:36.575000+00:00,1.0,S
2131,2988,2021-03-20T17:41:33.965000+00:00,1.0,P
2131,3249,2021-03-20T17:41:36.575000+00:00,1.0,S
2132,2988,2021-03-20T17:41:33.965000+00:00,1.0,P
2132,3249,2021-03-20T17:41:36.575000+00:00,1.0,S
2133,2988,2021-03-20T17:41:33.965000+00:00,1.0,P
2133,3248,2021-03-20T17:41:36.565000+00:00,1.0,S
2134,2988,2021-03-20T17:41:33.965000+00:00,1.0,P
2134,3248,2021-03-20T17:41:36.565000+00:00,1.0,S
2135,2988,2021-03-20T17:41:33.965000+00:00,1.0,P
2135,3248,2021-03-20T17:41:36.565000+00:00,1.0,S
2136,2988,2021-03-20T17:41:33.965000+00:00,1.0,P
2136,3248,2021-03-20T17:41:36.565000+00:00,1.0,S
2137,2988,2021-03-20T17:41:33.965000+00:00,1.0,P
2137,3248,2021-03-20T17:41:36.565000+00:00,1.0,S
2138,2988,2021-03-20T17:41:33.965000+00:00,1.0,P
2138,3248,2021-03-20T17:41:36.565000+00:00,1.0,S
2139,2988,2021-03-20T17:41:33.965000+00:00,1.0,P
2139,3248,2021-03-20T17:41:36.565000+00:00,1.0,S
2140,2988,2021-03-20T17:41:33.965000+00:00,1.0,P
2140,3248,2021-03-20T17:41:36.565000+00:00,1.0,S
2141,2988,2021-03-20T17:41:33.965000+00:00,1.0,P
2141,3248,2021-03-20T17:41:36.565000+00:00,1.0,S
2142,2988,2021-03-20T17:41:33.965000+00:00,1.0,P
2142,3248,2021-03-20T17:41:36.565000+00:00,1.0,S
2143,2988,2021-03-20T17:41:33.965000+00:00,1.0,P
2143,3247,2021-03-20T17:41:36.555000+00:00,1.0,S
2144,2988,2021-03-20T17:41:33.965000+00:00,1.0,P
2144,3247,2021-03-20T17:41:36.555000+00:00,1.0,S
2145,2988,2021-03-20T17:41:33.965000+00:00,1.0,P
2145,3247,2021-03-20T17:41:36.555000+00:00,1.0,S
2146,2988,2021-03-20T17:41:33.965000+00:00,1.0,P
2146,3247,2021-03-20T17:41:36.555000+00:00,1.0,S
2147,2988,2021-03-20T17:41:33.965000+00:00,1.0,P
2147,3247,2021-03-20T17:41:36.555000+00:00,1.0,S
2148,2988,2021-03-20T17:41:33.965000+00:00,1.0,P
2148,3247,2021-03-20T17:41:36.555000+00:00,1.0,S
2149,2988,2021-03-20T17:41:33.965000+00:00,1.0,P
2149,3247,2021-03-20T17:41:36.555000+00:00,1.0,S
2150,2988,2021-03-20T17:41:33.965000+00:00,1.0,P
2150,3247,2021-03-20T17:41:36.555000+00:00,1.0,S
2151,2988,2021-03-20T17:41:33.965000+00:00,1.0,P
2151,3247,2021-03-20T17:41:36.555000+00:00,1.0,S
2152,2988,2021-03-20T17:41:33.965000+00:00,1.0,P
2152,3247,2021-03-20T17:41:36.555000+00:00,1.0,S
2153,2988,2021-03-20T17:41:33.965000+00:00,1.0,P
2153,3247,2021-03-20T17:41:36.555000+00:00,1.0,S
2154,2988,2021-03-20T17:41:33.965000+00:00,1.0,P
2154,3247,2021-03-20T17:41:36.555000+00:00,1.0,S
2155,2988,2021-03-20T17:41:33.965000+00:00,1.0,P
2155,3247,2021-03-20T17:41:36.555000+00:00,1.0,S
2156,2988,2021-03-20T17:41:33.965000+00:00,1.0,P
2156,3247,2021-03-20T17:41:36.555000+00:00,1.0,S
2157,2988,2021-03-20T17:41:33.965000+00:00,1.0,P
2157,3247,2021-03-20T17:41:36.555000+00:00,1.0,S
2158,2988,2021-03-20T17:41:33.965000+00:00,1.0,P
2158,3247,2021-03-20T17:41:36.555000+00:00,1.0,S
2159,2988,2021-03-20T17:41:33.965000+00:00,1.0,P
2159,3247,2021-03-20T17:41:36.555000+00:00,1.0,S
2160,2988,2021-03-20T17:41:33.965000+00:00,1.0,P
2160,3247,2021-03-20T17:41:36.555000+00:00,1.0,S
2161,2988,2021-03-20T17:41:33.965000+00:00,1.0,P
2161,3247,2021-03-20T17:41:36.555000+00:00,1.0,S
2162,2988,2021-03-20T17:41:33.965000+00:00,1.0,P
2162,3247,2021-03-20T17:41:36.555000+00:00,1.0,S
2163,2988,2021-03-20T17:41:33.965000+00:00,1.0,P
2163,3247,2021-03-20T17:41:36.555000+00:00,1.0,S
2164,2988,2021-03-20T17:41:33.965000+00:00,1.0,P
2164,3247,2021-03-20T17:41:36.555000+00:00,1.0,S
2165,2989,2021-03-20T17:41:33.975000+00:00,1.0,P
2165,3247,2021-03-20T17:41:36.555000+00:00,1.0,S
2166,2989,2021-03-20T17:41:33.975000+00:00,1.0,P
2166,3247,2021-03-20T17:41:36.555000+00:00,1.0,S
2167,2989,2021-03-20T17:41:33.975000+00:00,1.0,P
2167,3247,2021-03-20T17:41:36.555000+00:00,1.0,S
2168,2989,2021-03-20T17:41:33.975000+00:00,1.0,P
2168,3247,2021-03-20T17:41:36.555000+00:00,1.0,S
2169,2989,2021-03-20T17:41:33.975000+00:00,1.0,P
2169,3247,2021-03-20T17:41:36.555000+00:00,1.0,S
2170,2989,2021-03-20T17:41:33.975000+00:00,1.0,P
2170,3247,2021-03-20T17:41:36.555000+00:00,1.0,S
2171,2989,2021-03-20T17:41:33.975000+00:00,1.0,P
2171,3247,2021-03-20T17:41:36.555000+00:00,1.0,S
2172,2989,2021-03-20T17:41:33.975000+00:00,1.0,P
2172,3247,2021-03-20T17:41:36.555000+00:00,1.0,S
2173,2989,2021-03-20T17:41:33.975000+00:00,1.0,P
2173,3247,2021-03-20T17:41:36.555000+00:00,1.0,S
2174,2989,2021-03-20T17:41:33.975000+00:00,1.0,P
2174,3247,2021-03-20T17:41:36.555000+00:00,1.0,S
2175,2989,2021-03-20T17:41:33.975000+00:00,1.0,P
2175,3247,2021-03-20T17:41:36.555000+00:00,1.0,S
2176,2989,2021-03-20T17:41:33.975000+00:00,1.0,P
2176,3247,2021-03-20T17:41:36.555000+00:00,1.0,S
2177,2989,2021-03-20T17:41:33.975000+00:00,1.0,P
2177,3247,2021-03-20T17:41:36.555000+00:00,1.0,S
2178,2989,2021-03-20T17:41:33.975000+00:00,1.0,P
2178,3247,2021-03-20T17:41:36.555000+00:00,1.0,S
2179,2989,2021-03-20T17:41:33.975000+00:00,1.0,P
2179,3247,2021-03-20T17:41:36.555000+00:00,1.0,S
2180,2989,2021-03-20T17:41:33.975000+00:00,1.0,P
2180,3247,2021-03-20T17:41:36.555000+00:00,1.0,S
2181,2989,2021-03-20T17:41:33.975000+00:00,1.0,P
2181,3247,2021-03-20T17:41:36.555000+00:00,1.0,S
2182,2989,2021-03-20T17:41:33.975000+00:00,1.0,P
2182,3247,2021-03-20T17:41:36.555000+00:00,1.0,S
2183,2989,2021-03-20T17:41:33.975000+00:00,1.0,P
2183,3247,2021-03-20T17:41:36.555000+00:00,1.0,S
2184,2989,2021-03-20T17:41:33.975000+00:00,1.0,P
2184,3247,2021-03-20T17:41:36.555000+00:00,1.0,S
2185,2989,2021-03-20T17:41:33.975000+00:00,1.0,P
2185,3247,2021-03-20T17:41:36.555000+00:00,1.0,S
2186,2990,2021-03-20T17:41:33.985000+00:00,1.0,P
2186,3247,2021-03-20T17:41:36.555000+00:00,1.0,S
2187,2990,2021-03-20T17:41:33.985000+00:00,1.0,P
2187,3247,2021-03-20T17:41:36.555000+00:00,1.0,S
2188,2990,2021-03-20T17:41:33.985000+00:00,1.0,P
2188,3247,2021-03-20T17:41:36.555000+00:00,1.0,S
2189,2990,2021-03-20T17:41:33.985000+00:00,1.0,P
2189,3247,2021-03-20T17:41:36.555000+00:00,1.0,S
2190,2990,2021-03-20T17:41:33.985000+00:00,1.0,P
2190,3247,2021-03-20T17:41:36.555000+00:00,1.0,S
2191,2990,2021-03-20T17:41:33.985000+00:00,1.0,P
2191,3247,2021-03-20T17:41:36.555000+00:00,1.0,S
2192,2990,2021-03-20T17:41:33.985000+00:00,1.0,P
2192,3247,2021-03-20T17:41:36.555000+00:00,1.0,S
2193,2990,2021-03-20T17:41:33.985000+00:00,1.0,P
2193,3247,2021-03-20T17:41:36.555000+00:00,1.0,S
2194,2990,2021-03-20T17:41:33.985000+00:00,1.0,P
2194,3247,2021-03-20T17:41:36.555000+00:00,1.0,S
2195,2990,2021-03-20T17:41:33.985000+00:00,1.0,P
2195,3247,2021-03-20T17:41:36.555000+00:00,1.0,S
2196,2990,2021-03-20T17:41:33.985000+00:00,1.0,P
2196,3247,2021-03-20T17:41:36.555000+00:00,1.0,S
2197,2990,2021-03-20T17:41:33.985000+00:00,1.0,P
2197,3247,2021-03-20T17:41:36.555000+00:00,1.0,S
2198,2990,2021-03-20T17:41:33.985000+00:00,1.0,P
2198,3247,2021-03-20T17:41:36.555000+00:00,1.0,S
2199,2990,2021-03-20T17:41:33.985000+00:00,1.0,P
2199,3248,2021-03-20T17:41:36.565000+00:00,1.0,S
2200,2990,2021-03-20T17:41:33.985000+00:00,1.0,P
2200,3248,2021-03-20T17:41:36.565000+00:00,1.0,S
2201,2990,2021-03-20T17:41:33.985000+00:00,1.0,P
2201,3248,2021-03-20T17:41:36.565000+00:00,1.0,S
2202,2990,2021-03-20T17:41:33.985000+00:00,1.0,P
2202,3248,2021-03-20T17:41:36.565000+00:00,1.0,S
2203,2990,2021-03-20T17:41:33.985000+00:00,1.0,P
2203,3248,2021-03-20T17:41:36.565000+00:00,1.0,S
2204,2990,2021-03-20T17:41:33.985000+00:00,1.0,P
2204,3248,2021-03-20T17:41:36.565000+00:00,1.0,S
2205,2990,2021-03-20T17:41:33.985000+00:00,1.0,P
2205,3248,2021-03-20T17:41:36.565000+00:00,1.0,S
2206,2990,2021-03-20T17:41:33.985000+00:00,1.0,P
2206,3248,2021-03-20T17:41:36.565000+00:00,1.0,S
2207,2990,2021-03-20T17:41:33.985000+00:00,1.0,P
2207,3248,2021-03-20T17:41:36.565000+00:00,1.0,S
2208,2990,2021-03-20T17:41:33.985000+00:00,1.0,P
2208,3248,2021-03-20T17:41:36.565000+00:00,1.0,S
2209,2990,2021-03-20T17:41:33.985000+00:00,1.0,P
2209,3248,2021-03-20T17:41:36.565000+00:00,1.0,S
2210,2990,2021-03-20T17:41:33.985000+00:00,1.0,P
2210,3248,2021-03-20T17:41:36.565000+00:00,1.0,S
2211,2990,2021-03-20T17:41:33.985000+00:00,1.0,P
2211,3248,2021-03-20T17:41:36.565000+00:00,1.0,S
2212,2990,2021-03-20T17:41:33.985000+00:00,1.0,P
2212,3248,2021-03-20T17:41:36.565000+00:00,1.0,S
2213,2990,2021-03-20T17:41:33.985000+00:00,1.0,P
2213,3248,2021-03-20T17:41:36.565000+00:00,1.0,S
2214,2990,2021-03-20T17:41:33.985000+00:00,1.0,P
2214,3248,2021-03-20T17:41:36.565000+00:00,1.0,S
2215,2990,2021-03-20T17:41:33.985000+00:00,1.0,P
2215,3248,2021-03-20T17:41:36.565000+00:00,1.0,S
2216,2990,2021-03-20T17:41:33.985000+00:00,1.0,P
2216,3248,2021-03-20T17:41:36.565000+00:00,1.0,S
2217,2990,2021-03-20T17:41:33.985000+00:00,1.0,P
2217,3248,2021-03-20T17:41:36.565000+00:00,1.0,S
2218,2990,2021-03-20T17:41:33.985000+00:00,1.0,P
2218,3248,2021-03-20T17:41:36.565000+00:00,1.0,S
2219,2990,2021-03-20T17:41:33.985000+00:00,1.0,P
2219,3248,2021-03-20T17:41:36.565000+00:00,1.0,S
2220,2990,2021-03-20T17:41:33.985000+00:00,1.0,P
2220,3248,2021-03-20T17:41:36.565000+00:00,1.0,S
2221,2990,2021-03-20T17:41:33.985000+00:00,1.0,P
2221,3248,2021-03-20T17:41:36.565000+00:00,1.0,S
2222,2990,2021-03-20T17:41:33.985000+00:00,1.0,P
2222,3248,2021-03-20T17:41:36.565000+00:00,1.0,S
2223,2990,2021-03-20T17:41:33.985000+00:00,1.0,P
2223,3248,2021-03-20T17:41:36.565000+00:00,1.0,S
2224,2990,2021-03-20T17:41:33.985000+00:00,1.0,P
2224,3248,2021-03-20T17:41:36.565000+00:00,1.0,S
2225,2990,2021-03-20T17:41:33.985000+00:00,1.0,P
2225,3248,2021-03-20T17:41:36.565000+00:00,1.0,S
2226,2990,2021-03-20T17:41:33.985000+00:00,1.0,P
2226,3248,2021-03-20T17:41:36.565000+00:00,1.0,S
2227,2990,2021-03-20T17:41:33.985000+00:00,1.0,P
2227,3248,2021-03-20T17:41:36.565000+00:00,1.0,S
2228,2990,2021-03-20T17:41:33.985000+00:00,1.0,P
2228,3248,2021-03-20T17:41:36.565000+00:00,1.0,S
2229,2990,2021-03-20T17:41:33.985000+00:00,1.0,P
2229,3248,2021-03-20T17:41:36.565000+00:00,1.0,S
2230,2990,2021-03-20T17:41:33.985000+00:00,1.0,P
2230,3248,2021-03-20T17:41:36.565000+00:00,1.0,S
2231,2990,2021-03-20T17:41:33.985000+00:00,1.0,P
2231,3248,2021-03-20T17:41:36.565000+00:00,1.0,S
2232,2990,2021-03-20T17:41:33.985000+00:00,1.0,P
2232,3248,2021-03-20T17:41:36.565000+00:00,1.0,S
2233,2990,2021-03-20T17:41:33.985000+00:00,1.0,P
2233,3248,2021-03-20T17:41:36.565000+00:00,1.0,S
2234,2990,2021-03-20T17:41:33.985000+00:00,1.0,P
2234,3248,2021-03-20T17:41:36.565000+00:00,1.0,S
2235,2990,2021-03-20T17:41:33.985000+00:00,1.0,P
2235,3248,2021-03-20T17:41:36.565000+00:00,1.0,S
2236,2990,2021-03-20T17:41:33.985000+00:00,1.0,P
2236,3248,2021-03-20T17:41:36.565000+00:00,1.0,S
2237,2990,2021-03-20T17:41:33.985000+00:00,1.0,P
2237,3248,2021-03-20T17:41:36.565000+00:00,1.0,S
2238,2990,2021-03-20T17:41:33.985000+00:00,1.0,P
2238,3248,2021-03-20T17:41:36.565000+00:00,1.0,S
2239,2990,2021-03-20T17:41:33.985000+00:00,1.0,P
2239,3248,2021-03-20T17:41:36.565000+00:00,1.0,S
2240,2990,2021-03-20T17:41:33.985000+00:00,1.0,P
2240,3248,2021-03-20T17:41:36.565000+00:00,1.0,S
2241,2990,2021-03-20T17:41:33.985000+00:00,1.0,P
2241,3248,2021-03-20T17:41:36.565000+00:00,1.0,S
2242,2990,2021-03-20T17:41:33.985000+00:00,1.0,P
2242,3248,2021-03-20T17:41:36.565000+00:00,1.0,S
2243,2990,2021-03-20T17:41:33.985000+00:00,1.0,P
2243,3249,2021-03-20T17:41:36.575000+00:00,1.0,S
2244,2990,2021-03-20T17:41:33.985000+00:00,1.0,P
2244,3249,2021-03-20T17:41:36.575000+00:00,1.0,S
2245,2990,2021-03-20T17:41:33.985000+00:00,1.0,P
2245,3249,2021-03-20T17:41:36.575000+00:00,1.0,S
2246,2990,2021-03-20T17:41:33.985000+00:00,1.0,P
2246,3249,2021-03-20T17:41:36.575000+00:00,1.0,S
2247,2990,2021-03-20T17:41:33.985000+00:00,1.0,P
2247,3249,2021-03-20T17:41:36.575000+00:00,1.0,S
2248,2990,2021-03-20T17:41:33.985000+00:00,1.0,P
2248,3249,2021-03-20T17:41:36.575000+00:00,1.0,S
2249,2990,2021-03-20T17:41:33.985000+00:00,1.0,P
2249,3249,2021-03-20T17:41:36.575000+00:00,1.0,S
2250,2990,2021-03-20T17:41:33.985000+00:00,1.0,P
2250,3249,2021-03-20T17:41:36.575000+00:00,1.0,S
2251,2990,2021-03-20T17:41:33.985000+00:00,1.0,P
2251,3249,2021-03-20T17:41:36.575000+00:00,1.0,S
2252,2990,2021-03-20T17:41:33.985000+00:00,1.0,P
2252,3249,2021-03-20T17:41:36.575000+00:00,1.0,S
2253,2990,2021-03-20T17:41:33.985000+00:00,1.0,P
2253,3249,2021-03-20T17:41:36.575000+00:00,1.0,S
2254,2990,2021-03-20T17:41:33.985000+00:00,1.0,P
2254,3249,2021-03-20T17:41:36.575000+00:00,1.0,S
2255,2990,2021-03-20T17:41:33.985000+00:00,1.0,P
2255,3249,2021-03-20T17:41:36.575000+00:00,1.0,S
2256,2990,2021-03-20T17:41:33.985000+00:00,1.0,P
2256,3249,2021-03-20T17:41:36.575000+00:00,1.0,S
2257,2990,2021-03-20T17:41:33.985000+00:00,1.0,P
2257,3249,2021-03-20T17:41:36.575000+00:00,1.0,S
2258,2990,2021-03-20T17:41:33.985000+00:00,1.0,P
2258,3250,2021-03-20T17:41:36.585000+00:00,1.0,S
2259,2990,2021-03-20T17:41:33.985000+00:00,1.0,P
2259,3250,2021-03-20T17:41:36.585000+00:00,1.0,S
2260,2990,2021-03-20T17:41:33.985000+00:00,1.0,P
2260,3250,2021-03-20T17:41:36.585000+00:00,1.0,S
2261,2990,2021-03-20T17:41:33.985000+00:00,1.0,P
2261,3250,2021-03-20T17:41:36.585000+00:00,1.0,S
2262,2990,2021-03-20T17:41:33.985000+00:00,1.0,P
2262,3250,2021-03-20T17:41:36.585000+00:00,1.0,S
2263,2990,2021-03-20T17:41:33.985000+00:00,1.0,P
2263,3250,2021-03-20T17:41:36.585000+00:00,1.0,S
2264,2990,2021-03-20T17:41:33.985000+00:00,1.0,P
2264,3250,2021-03-20T17:41:36.585000+00:00,1.0,S
2265,2990,2021-03-20T17:41:33.985000+00:00,1.0,P
2265,3250,2021-03-20T17:41:36.585000+00:00,1.0,S
2266,2990,2021-03-20T17:41:33.985000+00:00,1.0,P
2266,3250,2021-03-20T17:41:36.585000+00:00,1.0,S
2267,2990,2021-03-20T17:41:33.985000+00:00,1.0,P
2267,3250,2021-03-20T17:41:36.585000+00:00,1.0,S
2268,2990,2021-03-20T17:41:33.985000+00:00,1.0,P
2268,3250,2021-03-20T17:41:36.585000+00:00,1.0,S
2269,2990,2021-03-20T17:41:33.985000+00:00,1.0,P
2269,3250,2021-03-20T17:41:36.585000+00:00,1.0,S
2270,2990,2021-03-20T17:41:33.985000+00:00,1.0,P
2270,3251,2021-03-20T17:41:36.594999+00:00,1.0,S
2271,2990,2021-03-20T17:41:33.985000+00:00,1.0,P
2271,3251,2021-03-20T17:41:36.594999+00:00,1.0,S
2272,2990,2021-03-20T17:41:33.985000+00:00,1.0,P
2272,3251,2021-03-20T17:41:36.594999+00:00,1.0,S
2273,2990,2021-03-20T17:41:33.985000+00:00,1.0,P
2273,3251,2021-03-20T17:41:36.594999+00:00,1.0,S
2274,2990,2021-03-20T17:41:33.985000+00:00,1.0,P
2274,3251,2021-03-20T17:41:36.594999+00:00,1.0,S
2275,2990,2021-03-20T17:41:33.985000+00:00,1.0,P
2275,3251,2021-03-20T17:41:36.594999+00:00,1.0,S
2276,2990,2021-03-20T17:41:33.985000+00:00,1.0,P
2276,3251,2021-03-20T17:41:36.594999+00:00,1.0,S
2277,2990,2021-03-20T17:41:33.985000+00:00,1.0,P
2277,3251,2021-03-20T17:41:36.594999+00:00,1.0,S
2278,2990,2021-03-20T17:41:33.985000+00:00,1.0,P
2278,3251,2021-03-20T17:41:36.594999+00:00,1.0,S
2279,2990,2021-03-20T17:41:33.985000+00:00,1.0,P
2279,3252,2021-03-20T17:41:36.605000+00:00,1.0,S
2280,2990,2021-03-20T17:41:33.985000+00:00,1.0,P
2280,3252,2021-03-20T17:41:36.605000+00:00,1.0,S
2281,2990,2021-03-20T17:41:33.985000+00:00,1.0,P
2281,3252,2021-03-20T17:41:36.605000+00:00,1.0,S
2282,2990,2021-03-20T17:41:33.985000+00:00,1.0,P
2282,3252,2021-03-20T17:41:36.605000+00:00,1.0,S
2283,2990,2021-03-20T17:41:33.985000+00:00,1.0,P
2283,3252,2021-03-20T17:41:36.605000+00:00,1.0,S
2284,2990,2021-03-20T17:41:33.985000+00:00,1.0,P
2284,3252,2021-03-20T17:41:36.605000+00:00,1.0,S
2285,2990,2021-03-20T17:41:33.985000+00:00,1.0,P
2285,3253,2021-03-20T17:41:36.615000+00:00,1.0,S
2286,2990,2021-03-20T17:41:33.985000+00:00,1.0,P
2286,3253,2021-03-20T17:41:36.615000+00:00,1.0,S
2287,2990,2021-03-20T17:41:33.985000+00:00,1.0,P
2287,3253,2021-03-20T17:41:36.615000+00:00,1.0,S
2288,2990,2021-03-20T17:41:33.985000+00:00,1.0,P
2288,3253,2021-03-20T17:41:36.615000+00:00,1.0,S
2289,2990,2021-03-20T17:41:33.985000+00:00,1.0,P
2289,3254,2021-03-20T17:41:36.625000+00:00,1.0,S
2290,2991,2021-03-20T17:41:33.995000+00:00,1.0,P
2290,3254,2021-03-20T17:41:36.625000+00:00,1.0,S
2291,2991,2021-03-20T17:41:33.995000+00:00,1.0,P
2291,3254,2021-03-20T17:41:36.625000+00:00,1.0,S
2292,2991,2021-03-20T17:41:33.995000+00:00,1.0,P
2292,3254,2021-03-20T17:41:36.625000+00:00,1.0,S
2293,2991,2021-03-20T17:41:33.995000+00:00,1.0,P
2293,3254,2021-03-20T17:41:36.625000+00:00,1.0,S
2294,2991,2021-03-20T17:41:33.995000+00:00,1.0,P
2294,3255,2021-03-20T17:41:36.634999+00:00,1.0,S
2295,2991,2021-03-20T17:41:33.995000+00:00,1.0,P
2295,3255,2021-03-20T17:41:36.634999+00:00,1.0,S
2296,2991,2021-03-20T17:41:33.995000+00:00,1.0,P
2296,3255,2021-03-20T17:41:36.634999+00:00,1.0,S
2297,2991,2021-03-20T17:41:33.995000+00:00,1.0,P
2297,3255,2021-03-20T17:41:36.634999+00:00,1.0,S
2298,2991,2021-03-20T17:41:33.995000+00:00,1.0,P
2298,3255,2021-03-20T17:41:36.634999+00:00,1.0,S
2299,2991,2021-03-20T17:41:33.995000+00:00,1.0,P
2299,3255,2021-03-20T17:41:36.634999+00:00,1.0,S
2300,2991,2021-03-20T17:41:33.995000+00:00,1.0,P
2300,3256,2021-03-20T17:41:36.645000+00:00,1.0,S
2301,2991,2021-03-20T17:41:33.995000+00:00,1.0,P
2301,3256,2021-03-20T17:41:36.645000+00:00,1.0,S
2302,2991,2021-03-20T17:41:33.995000+00:00,1.0,P
2302,3256,2021-03-20T17:41:36.645000+00:00,1.0,S
2303,2991,2021-03-20T17:41:33.995000+00:00,1.0,P
2303,3256,2021-03-20T17:41:36.645000+00:00,1.0,S
2304,2991,2021-03-20T17:41:33.995000+00:00,1.0,P
2304,3256,2021-03-20T17:41:36.645000+00:00,1.0,S
2305,2991,2021-03-20T17:41:33.995000+00:00,1.0,P
2305,3257,2021-03-20T17:41:36.655000+00:00,1.0,S
2306,2991,2021-03-20T17:41:33.995000+00:00,1.0,P
2306,3257,2021-03-20T17:41:36.655000+00:00,1.0,S
2307,2991,2021-03-20T17:41:33.995000+00:00,1.0,P
2307,3257,2021-03-20T17:41:36.655000+00:00,1.0,S
2308,2991,2021-03-20T17:41:33.995000+00:00,1.0,P
2308,3257,2021-03-20T17:41:36.655000+00:00,1.0,S
2309,2991,2021-03-20T17:41:33.995000+00:00,1.0,P
2309,3257,2021-03-20T17:41:36.655000+00:00,1.0,S
2310,2991,2021-03-20T17:41:33.995000+00:00,1.0,P
2310,3258,2021-03-20T17:41:36.665000+00:00,1.0,S
2311,2991,2021-03-20T17:41:33.995000+00:00,1.0,P
2311,3258,2021-03-20T17:41:36.665000+00:00,1.0,S
2312,2991,2021-03-20T17:41:33.995000+00:00,1.0,P
2312,3258,2021-03-20T17:41:36.665000+00:00,1.0,S
2313,2991,2021-03-20T17:41:33.995000+00:00,1.0,P
2313,3258,2021-03-20T17:41:36.665000+00:00,1.0,S
2314,2991,2021-03-20T17:41:33.995000+00:00,1.0,P
2314,3259,2021-03-20T17:41:36.675000+00:00,1.0,S
2315,2991,2021-03-20T17:41:33.995000+00:00,1.0,P
2315,3259,2021-03-20T17:41:36.675000+00:00,1.0,S
2316,2991,2021-03-20T17:41:33.995000+00:00,1.0,P
2316,3259,2021-03-20T17:41:36.675000+00:00,1.0,S
2317,2991,2021-03-20T17:41:33.995000+00:00,1.0,P
2317,3259,2021-03-20T17:41:36.675000+00:00,1.0,S
2318,2991,2021-03-20T17:41:33.995000+00:00,1.0,P
2318,3259,2021-03-20T17:41:36.675000+00:00,1.0,S
2319,2991,2021-03-20T17:41:33.995000+00:00,1.0,P
2319,3260,2021-03-20T17:41:36.685000+00:00,1.0,S
2320,2991,2021-03-20T17:41:33.995000+00:00,1.0,P
2320,3260,2021-03-20T17:41:36.685000+00:00,1.0,S
2321,2991,2021-03-20T17:41:33.995000+00:00,1.0,P
2321,3260,2021-03-20T17:41:36.685000+00:00,1.0,S
2322,2991,2021-03-20T17:41:33.995000+00:00,1.0,P
2322,3260,2021-03-20T17:41:36.685000+00:00,1.0,S
2323,2991,2021-03-20T17:41:33.995000+00:00,1.0,P
2323,3261,2021-03-20T17:41:36.695000+00:00,1.0,S
2324,2991,2021-03-20T17:41:33.995000+00:00,1.0,P
2324,3261,2021-03-20T17:41:36.695000+00:00,1.0,S
2325,2991,2021-03-20T17:41:33.995000+00:00,1.0,P
2325,3261,2021-03-20T17:41:36.695000+00:00,1.0,S
2326,2991,2021-03-20T17:41:33.995000+00:00,1.0,P
2326,3261,2021-03-20T17:41:36.695000+00:00,1.0,S
2327,2991,2021-03-20T17:41:33.995000+00:00,1.0,P
2327,3262,2021-03-20T17:41:36.704999+00:00,1.0,S
2328,2991,2021-03-20T17:41:33.995000+00:00,1.0,P
2328,3262,2021-03-20T17:41:36.704999+00:00,1.0,S
2329,2991,2021-03-20T17:41:33.995000+00:00,1.0,P
2329,3262,2021-03-20T17:41:36.704999+00:00,1.0,S
2330,2991,2021-03-20T17:41:33.995000+00:00,1.0,P
2330,3262,2021-03-20T17:41:36.704999+00:00,1.0,S
2331,2991,2021-03-20T17:41:33.995000+00:00,1.0,P
2331,3263,2021-03-20T17:41:36.715000+00:00,1.0,S
2332,2991,2021-03-20T17:41:33.995000+00:00,1.0,P
2332,3263,2021-03-20T17:41:36.715000+00:00,1.0,S
2333,2991,2021-03-20T17:41:33.995000+00:00,1.0,P
2333,3263,2021-03-20T17:41:36.715000+00:00,1.0,S
2334,2991,2021-03-20T17:41:33.995000+00:00,1.0,P
2334,3263,2021-03-20T17:41:36.715000+00:00,1.0,S
2335,2991,2021-03-20T17:41:33.995000+00:00,1.0,P
2335,3264,2021-03-20T17:41:36.725000+00:00,1.0,S
2336,2991,2021-03-20T17:41:33.995000+00:00,1.0,P
2336,3264,2021-03-20T17:41:36.725000+00:00,1.0,S
2337,2991,2021-03-20T17:41:33.995000+00:00,1.0,P
2337,3264,2021-03-20T17:41:36.725000+00:00,1.0,S
2338,2991,2021-03-20T17:41:33.995000+00:00,1.0,P
2338,3264,2021-03-20T17:41:36.725000+00:00,1.0,S
2339,2991,2021-03-20T17:41:33.995000+00:00,1.0,P
2339,3265,2021-03-20T17:41:36.735000+00:00,1.0,S
2340,2991,2021-03-20T17:41:33.995000+00:00,1.0,P
2340,3265,2021-03-20T17:41:36.735000+00:00,1.0,S
2341,2991,2021-03-20T17:41:33.995000+00:00,1.0,P
2341,3265,2021-03-20T17:41:36.735000+00:00,1.0,S
2342,2991,2021-03-20T17:41:33.995000+00:00,1.0,P
2342,3265,2021-03-20T17:41:36.735000+00:00,1.0,S
2343,2991,2021-03-20T17:41:33.995000+00:00,1.0,P
2343,3265,2021-03-20T17:41:36.735000+00:00,1.0,S
2344,2991,2021-03-20T17:41:33.995000+00:00,1.0,P
2344,3266,2021-03-20T17:41:36.745000+00:00,1.0,S
2345,2991,2021-03-20T17:41:33.995000+00:00,1.0,P
2345,3266,2021-03-20T17:41:36.745000+00:00,1.0,S
2346,2991,2021-03-20T17:41:33.995000+00:00,1.0,P
2346,3266,2021-03-20T17:41:36.745000+00:00,1.0,S
2347,2991,2021-03-20T17:41:33.995000+00:00,1.0,P
2347,3266,2021-03-20T17:41:36.745000+00:00,1.0,S
2348,2991,2021-03-20T17:41:33.995000+00:00,1.0,P
2348,3266,2021-03-20T17:41:36.745000+00:00,1.0,S
2349,2991,2021-03-20T17:41:33.995000+00:00,1.0,P
2349,3267,2021-03-20T17:41:36.755000+00:00,1.0,S
2350,2991,2021-03-20T17:41:33.995000+00:00,1.0,P
2350,3267,2021-03-20T17:41:36.755000+00:00,1.0,S
2351,2991,2021-03-20T17:41:33.995000+00:00,1.0,P
2351,3267,2021-03-20T17:41:36.755000+00:00,1.0,S
2352,2991,2021-03-20T17:41:33.995000+00:00,1.0,P
2352,3267,2021-03-20T17:41:36.755000+00:00,1.0,S
2353,2991,2021-03-20T17:41:33.995000+00:00,1.0,P
2353,3267,2021-03-20T17:41:36.755000+00:00,1.0,S
2354,2991,2021-03-20T17:41:33.995000+00:00,1.0,P
2354,3267,2021-03-20T17:41:36.755000+00:00,1.0,S
2355,2991,2021-03-20T17:41:33.995000+00:00,1.0,P
2355,3268,2021-03-20T17:41:36.765000+00:00,1.0,S
2356,2991,2021-03-20T17:41:33.995000+00:00,1.0,P
2356,3268,2021-03-20T17:41:36.765000+00:00,1.0,S
2357,2991,2021-03-20T17:41:33.995000+00:00,1.0,P
2357,3268,2021-03-20T17:41:36.765000+00:00,1.0,S
2358,2991,2021-03-20T17:41:33.995000+00:00,1.0,P
2358,3268,2021-03-20T17:41:36.765000+00:00,1.0,S
2359,2991,2021-03-20T17:41:33.995000+00:00,1.0,P
2359,3268,2021-03-20T17:41:36.765000+00:00,1.0,S
2360,2991,2021-03-20T17:41:33.995000+00:00,1.0,P
2360,3268,2021-03-20T17:41:36.765000+00:00,1.0,S
2361,2991,2021-03-20T17:41:33.995000+00:00,1.0,P
2361,3268,2021-03-20T17:41:36.765000+00:00,1.0,S
2362,2991,2021-03-20T17:41:33.995000+00:00,1.0,P
2362,3269,2021-03-20T17:41:36.774999+00:00,1.0,S
2363,2991,2021-03-20T17:41:33.995000+00:00,1.0,P
2363,3269,2021-03-20T17:41:36.774999+00:00,1.0,S
2364,2991,2021-03-20T17:41:33.995000+00:00,1.0,P
2364,3269,2021-03-20T17:41:36.774999+00:00,1.0,S
2365,2991,2021-03-20T17:41:33.995000+00:00,1.0,P
2365,3269,2021-03-20T17:41:36.774999+00:00,1.0,S
2366,2991,2021-03-20T17:41:33.995000+00:00,1.0,P
2366,3269,2021-03-20T17:41:36.774999+00:00,1.0,S
2367,2991,2021-03-20T17:41:33.995000+00:00,1.0,P
2367,3269,2021-03-20T17:41:36.774999+00:00,1.0,S
2368,2991,2021-03-20T17:41:33.995000+00:00,1.0,P
2368,3269,2021-03-20T17:41:36.774999+00:00,1.0,S
2369,2991,2021-03-20T17:41:33.995000+00:00,1.0,P
2369,3270,2021-03-20T17:41:36.785000+00:00,1.0,S
2370,2991,2021-03-20T17:41:33.995000+00:00,1.0,P
2370,3270,2021-03-20T17:41:36.785000+00:00,1.0,S
2371,2991,2021-03-20T17:41:33.995000+00:00,1.0,P
2371,3270,2021-03-20T17:41:36.785000+00:00,1.0,S
2372,2991,2021-03-20T17:41:33.995000+00:00,1.0,P
2372,3270,2021-03-20T17:41:36.785000+00:00,1.0,S
2373,2991,2021-03-20T17:41:33.995000+00:00,1.0,P
2373,3270,2021-03-20T17:41:36.785000+00:00,1.0,S
2374,2991,2021-03-20T17:41:33.995000+00:00,1.0,P
2374,3270,2021-03-20T17:41:36.785000+00:00,1.0,S
2375,2991,2021-03-20T17:41:33.995000+00:00,1.0,P
2375,3270,2021-03-20T17:41:36.785000+00:00,1.0,S
2376,2991,2021-03-20T17:41:33.995000+00:00,1.0,P
2376,3270,2021-03-20T17:41:36.785000+00:00,1.0,S
2377,2991,2021-03-20T17:41:33.995000+00:00,1.0,P
2377,3270,2021-03-20T17:41:36.785000+00:00,1.0,S
2378,2991,2021-03-20T17:41:33.995000+00:00,1.0,P
2378,3271,2021-03-20T17:41:36.795000+00:00,1.0,S
2379,2991,2021-03-20T17:41:33.995000+00:00,1.0,P
2379,3271,2021-03-20T17:41:36.795000+00:00,1.0,S
2380,2991,2021-03-20T17:41:33.995000+00:00,1.0,P
2380,3271,2021-03-20T17:41:36.795000+00:00,1.0,S
2381,2991,2021-03-20T17:41:33.995000+00:00,1.0,P
2381,3271,2021-03-20T17:41:36.795000+00:00,1.0,S
2382,2991,2021-03-20T17:41:33.995000+00:00,1.0,P
2382,3271,2021-03-20T17:41:36.795000+00:00,1.0,S
2383,2991,2021-03-20T17:41:33.995000+00:00,1.0,P
2383,3271,2021-03-20T17:41:36.795000+00:00,1.0,S
2384,2991,2021-03-20T17:41:33.995000+00:00,1.0,P
2384,3271,2021-03-20T17:41:36.795000+00:00,1.0,S
2385,2991,2021-03-20T17:41:33.995000+00:00,1.0,P
2385,3271,2021-03-20T17:41:36.795000+00:00,1.0,S
2386,2991,2021-03-20T17:41:33.995000+00:00,1.0,P
2386,3271,2021-03-20T17:41:36.795000+00:00,1.0,S
2387,2991,2021-03-20T17:41:33.995000+00:00,1.0,P
2387,3272,2021-03-20T17:41:36.805000+00:00,1.0,S
2388,2991,2021-03-20T17:41:33.995000+00:00,1.0,P
2388,3272,2021-03-20T17:41:36.805000+00:00,1.0,S
2389,2991,2021-03-20T17:41:33.995000+00:00,1.0,P
2389,3272,2021-03-20T17:41:36.805000+00:00,1.0,S
2390,2991,2021-03-20T17:41:33.995000+00:00,1.0,P
2390,3272,2021-03-20T17:41:36.805000+00:00,1.0,S
2391,2991,2021-03-20T17:41:33.995000+00:00,1.0,P
2391,3272,2021-03-20T17:41:36.805000+00:00,1.0,S
2392,2991,2021-03-20T17:41:33.995000+00:00,1.0,P
2392,3272,2021-03-20T17:41:36.805000+00:00,1.0,S
2393,2991,2021-03-20T17:41:33.995000+00:00,1.0,P
2393,3272,2021-03-20T17:41:36.805000+00:00,1.0,S
2394,2991,2021-03-20T17:41:33.995000+00:00,1.0,P
2394,3272,2021-03-20T17:41:36.805000+00:00,1.0,S
2395,2991,2021-03-20T17:41:33.995000+00:00,1.0,P
2395,3272,2021-03-20T17:41:36.805000+00:00,1.0,S
2396,2991,2021-03-20T17:41:33.995000+00:00,1.0,P
2396,3272,2021-03-20T17:41:36.805000+00:00,1.0,S
2397,2991,2021-03-20T17:41:33.995000+00:00,1.0,P
2397,3272,2021-03-20T17:41:36.805000+00:00,1.0,S
2398,2991,2021-03-20T17:41:33.995000+00:00,1.0,P
2398,3272,2021-03-20T17:41:36.805000+00:00,1.0,S
2399,2991,2021-03-20T17:41:33.995000+00:00,1.0,P
2399,3272,2021-03-20T17:41:36.805000+00:00,1.0,S
2400,2991,2021-03-20T17:41:33.995000+00:00,1.0,P
2400,3272,2021-03-20T17:41:36.805000+00:00,1.0,S
2401,2991,2021-03-20T17:41:33.995000+00:00,1.0,P
2401,3273,2021-03-20T17:41:36.815000+00:00,1.0,S
2402,2991,2021-03-20T17:41:33.995000+00:00,1.0,P
2402,3273,2021-03-20T17:41:36.815000+00:00,1.0,S
2403,2991,2021-03-20T17:41:33.995000+00:00,1.0,P
2403,3273,2021-03-20T17:41:36.815000+00:00,1.0,S
2404,2991,2021-03-20T17:41:33.995000+00:00,1.0,P
2404,3273,2021-03-20T17:41:36.815000+00:00,1.0,S
2405,2991,2021-03-20T17:41:33.995000+00:00,1.0,P
2405,3273,2021-03-20T17:41:36.815000+00:00,1.0,S
2406,2991,2021-03-20T17:41:33.995000+00:00,1.0,P
2406,3273,2021-03-20T17:41:36.815000+00:00,1.0,S
2407,2991,2021-03-20T17:41:33.995000+00:00,1.0,P
2407,3273,2021-03-20T17:41:36.815000+00:00,1.0,S
2408,2991,2021-03-20T17:41:33.995000+00:00,1.0,P
2408,3273,2021-03-20T17:41:36.815000+00:00,1.0,S
2409,2991,2021-03-20T17:41:33.995000+00:00,1.0,P
2409,3273,2021-03-20T17:41:36.815000+00:00,1.0,S
2410,2991,2021-03-20T17:41:33.995000+00:00,1.0,P
2410,3273,2021-03-20T17:41:36.815000+00:00,1.0,S
2411,2991,2021-03-20T17:41:33.995000+00:00,1.0,P
2411,3273,2021-03-20T17:41:36.815000+00:00,1.0,S
2412,2991,2021-03-20T17:41:33.995000+00:00,1.0,P
2412,3274,2021-03-20T17:41:36.825000+00:00,1.0,S
2413,2991,2021-03-20T17:41:33.995000+00:00,1.0,P
2413,3274,2021-03-20T17:41:36.825000+00:00,1.0,S
2414,2991,2021-03-20T17:41:33.995000+00:00,1.0,P
2414,3274,2021-03-20T17:41:36.825000+00:00,1.0,S
2415,2991,2021-03-20T17:41:33.995000+00:00,1.0,P
2415,3274,2021-03-20T17:41:36.825000+00:00,1.0,S
2416,2991,2021-03-20T17:41:33.995000+00:00,1.0,P
2416,3274,2021-03-20T17:41:36.825000+00:00,1.0,S
2417,2991,2021-03-20T17:41:33.995000+00:00,1.0,P
2417,3274,2021-03-20T17:41:36.825000+00:00,1.0,S
2418,2991,2021-03-20T17:41:33.995000+00:00,1.0,P
2418,3274,2021-03-20T17:41:36.825000+00:00,1.0,S
2419,2991,2021-03-20T17:41:33.995000+00:00,1.0,P
2419,3274,2021-03-20T17:41:36.825000+00:00,1.0,S
2420,2991,2021-03-20T17:41:33.995000+00:00,1.0,P
2420,3274,2021-03-20T17:41:36.825000+00:00,1.0,S
2421,2991,2021-03-20T17:41:33.995000+00:00,1.0,P
2421,3274,2021-03-20T17:41:36.825000+00:00,1.0,S
2422,2991,2021-03-20T17:41:33.995000+00:00,1.0,P
2422,3274,2021-03-20T17:41:36.825000+00:00,1.0,S
2423,2991,2021-03-20T17:41:33.995000+00:00,1.0,P
2423,3274,2021-03-20T17:41:36.825000+00:00,1.0,S
2424,2991,2021-03-20T17:41:33.995000+00:00,1.0,P
2424,3274,2021-03-20T17:41:36.825000+00:00,1.0,S
2425,2991,2021-03-20T17:41:33.995000+00:00,1.0,P
2425,3275,2021-03-20T17:41:36.835000+00:00,1.0,S
2426,2991,2021-03-20T17:41:33.995000+00:00,1.0,P
2426,3275,2021-03-20T17:41:36.835000+00:00,1.0,S
2427,2991,2021-03-20T17:41:33.995000+00:00,1.0,P
2427,3275,2021-03-20T17:41:36.835000+00:00,1.0,S
2428,2991,2021-03-20T17:41:33.995000+00:00,1.0,P
2428,3275,2021-03-20T17:41:36.835000+00:00,1.0,S
2429,2991,2021-03-20T17:41:33.995000+00:00,1.0,P
2429,3275,2021-03-20T17:41:36.835000+00:00,1.0,S
2430,2991,2021-03-20T17:41:33.995000+00:00,1.0,P
2430,3275,2021-03-20T17:41:36.835000+00:00,1.0,S
2431,2991,2021-03-20T17:41:33.995000+00:00,1.0,P
2431,3275,2021-03-20T17:41:36.835000+00:00,1.0,S
2432,2991,2021-03-20T17:41:33.995000+00:00,1.0,P
2432,3275,2021-03-20T17:41:36.835000+00:00,1.0,S
2433,2991,2021-03-20T17:41:33.995000+00:00,1.0,P
2433,3275,2021-03-20T17:41:36.835000+00:00,1.0,S
2434,2991,2021-03-20T17:41:33.995000+00:00,1.0,P
2434,3275,2021-03-20T17:41:36.835000+00:00,1.0,S
2435,2991,2021-03-20T17:41:33.995000+00:00,1.0,P
2435,3275,2021-03-20T17:41:36.835000+00:00,1.0,S
2436,2991,2021-03-20T17:41:33.995000+00:00,1.0,P
2436,3275,2021-03-20T17:41:36.835000+00:00,1.0,S
2437,2991,2021-03-20T17:41:33.995000+00:00,1.0,P
2437,3275,2021-03-20T17:41:36.835000+00:00,1.0,S
2438,2992,2021-03-20T17:41:34.005000+00:00,1.0,P
2438,3275,2021-03-20T17:41:36.835000+00:00,1.0,S
2439,2992,2021-03-20T17:41:34.005000+00:00,1.0,P
2439,3275,2021-03-20T17:41:36.835000+00:00,1.0,S
2440,2992,2021-03-20T17:41:34.005000+00:00,1.0,P
2440,3275,2021-03-20T17:41:36.835000+00:00,1.0,S
2441,2992,2021-03-20T17:41:34.005000+00:00,1.0,P
2441,3276,2021-03-20T17:41:36.844999+00:00,1.0,S
2442,2992,2021-03-20T17:41:34.005000+00:00,1.0,P
2442,3276,2021-03-20T17:41:36.844999+00:00,1.0,S
2443,2992,2021-03-20T17:41:34.005000+00:00,1.0,P
2443,3276,2021-03-20T17:41:36.844999+00:00,1.0,S
2444,2992,2021-03-20T17:41:34.005000+00:00,1.0,P
2444,3276,2021-03-20T17:41:36.844999+00:00,1.0,S
2445,2992,2021-03-20T17:41:34.005000+00:00,1.0,P
2445,3276,2021-03-20T17:41:36.844999+00:00,1.0,S
2446,2992,2021-03-20T17:41:34.005000+00:00,1.0,P
2446,3276,2021-03-20T17:41:36.844999+00:00,1.0,S
2447,2992,2021-03-20T17:41:34.005000+00:00,1.0,P
2447,3276,2021-03-20T17:41:36.844999+00:00,1.0,S
2448,2992,2021-03-20T17:41:34.005000+00:00,1.0,P
2448,3276,2021-03-20T17:41:36.844999+00:00,1.0,S
2449,2992,2021-03-20T17:41:34.005000+00:00,1.0,P
2449,3276,2021-03-20T17:41:36.844999+00:00,1.0,S
2450,2992,2021-03-20T17:41:34.005000+00:00,1.0,P
2450,3276,2021-03-20T17:41:36.844999+00:00,1.0,S
2451,2992,2021-03-20T17:41:34.005000+00:00,1.0,P
2451,3276,2021-03-20T17:41:36.844999+00:00,1.0,S
2452,2992,2021-03-20T17:41:34.005000+00:00,1.0,P
2452,3276,2021-03-20T17:41:36.844999+00:00,1.0,S
2453,2992,2021-03-20T17:41:34.005000+00:00,1.0,P
2453,3276,2021-03-20T17:41:36.844999+00:00,1.0,S
2454,2992,2021-03-20T17:41:34.005000+00:00,1.0,P
2454,3276,2021-03-20T17:41:36.844999+00:00,1.0,S
2455,2992,2021-03-20T17:41:34.005000+00:00,1.0,P
2455,3276,2021-03-20T17:41:36.844999+00:00,1.0,S
2456,2992,2021-03-20T17:41:34.005000+00:00,1.0,P
2456,3276,2021-03-20T17:41:36.844999+00:00,1.0,S
2457,2992,2021-03-20T17:41:34.005000+00:00,1.0,P
2457,3276,2021-03-20T17:41:36.844999+00:00,1.0,S
2458,2992,2021-03-20T17:41:34.005000+00:00,1.0,P
2458,3276,2021-03-20T17:41:36.844999+00:00,1.0,S
2459,2992,2021-03-20T17:41:34.005000+00:00,1.0,P
2459,3276,2021-03-20T17:41:36.844999+00:00,1.0,S
2460,2992,2021-03-20T17:41:34.005000+00:00,1.0,P
2460,3276,2021-03-20T17:41:36.844999+00:00,1.0,S
2461,2992,2021-03-20T17:41:34.005000+00:00,1.0,P
2461,3276,2021-03-20T17:41:36.844999+00:00,1.0,S
2462,2992,2021-03-20T17:41:34.005000+00:00,1.0,P
2462,3276,2021-03-20T17:41:36.844999+00:00,1.0,S
2463,2992,2021-03-20T17:41:34.005000+00:00,1.0,P
2463,3276,2021-03-20T17:41:36.844999+00:00,1.0,S
2464,2992,2021-03-20T17:41:34.005000+00:00,1.0,P
2464,3276,2021-03-20T17:41:36.844999+00:00,1.0,S
2465,2992,2021-03-20T17:41:34.005000+00:00,1.0,P
2465,3276,2021-03-20T17:41:36.844999+00:00,1.0,S
2466,2992,2021-03-20T17:41:34.005000+00:00,1.0,P
2466,3276,2021-03-20T17:41:36.844999+00:00,1.0,S
2467,2992,2021-03-20T17:41:34.005000+00:00,1.0,P
2467,3276,2021-03-20T17:41:36.844999+00:00,1.0,S
2468,2992,2021-03-20T17:41:34.005000+00:00,1.0,P
2468,3276,2021-03-20T17:41:36.844999+00:00,1.0,S
2469,2992,2021-03-20T17:41:34.005000+00:00,1.0,P
2469,3277,2021-03-20T17:41:36.855000+00:00,1.0,S
2470,2992,2021-03-20T17:41:34.005000+00:00,1.0,P
2470,3277,2021-03-20T17:41:36.855000+00:00,1.0,S
2471,2992,2021-03-20T17:41:34.005000+00:00,1.0,P
2471,3277,2021-03-20T17:41:36.855000+00:00,1.0,S
2472,2992,2021-03-20T17:41:34.005000+00:00,1.0,P
2472,3277,2021-03-20T17:41:36.855000+00:00,1.0,S
2473,2992,2021-03-20T17:41:34.005000+00:00,1.0,P
2473,3277,2021-03-20T17:41:36.855000+00:00,1.0,S
2474,2992,2021-03-20T17:41:34.005000+00:00,1.0,P
2474,3277,2021-03-20T17:41:36.855000+00:00,1.0,S
2475,2992,2021-03-20T17:41:34.005000+00:00,1.0,P
2475,3277,2021-03-20T17:41:36.855000+00:00,1.0,S
2476,2992,2021-03-20T17:41:34.005000+00:00,1.0,P
2476,3276,2021-03-20T17:41:36.844999+00:00,1.0,S
2477,2992,2021-03-20T17:41:34.005000+00:00,1.0,P
2477,3276,2021-03-20T17:41:36.844999+00:00,1.0,S
2478,2992,2021-03-20T17:41:34.005000+00:00,1.0,P
2478,3276,2021-03-20T17:41:36.844999+00:00,1.0,S
2479,2992,2021-03-20T17:41:34.005000+00:00,1.0,P
2479,3276,2021-03-20T17:41:36.844999+00:00,1.0,S
2480,2992,2021-03-20T17:41:34.005000+00:00,1.0,P
2480,3276,2021-03-20T17:41:36.844999+00:00,1.0,S
2481,2991,2021-03-20T17:41:33.995000+00:00,1.0,P
2481,3276,2021-03-20T17:41:36.844999+00:00,1.0,S
2482,2991,2021-03-20T17:41:33.995000+00:00,1.0,P
2482,3276,2021-03-20T17:41:36.844999+00:00,1.0,S
2483,2991,2021-03-20T17:41:33.995000+00:00,1.0,P
2483,3276,2021-03-20T17:41:36.844999+00:00,1.0,S
2484,2991,2021-03-20T17:41:33.995000+00:00,1.0,P
2484,3276,2021-03-20T17:41:36.844999+00:00,1.0,S
2485,2991,2021-03-20T17:41:33.995000+00:00,1.0,P
2485,3276,2021-03-20T17:41:36.844999+00:00,1.0,S
2486,2991,2021-03-20T17:41:33.995000+00:00,1.0,P
2486,3276,2021-03-20T17:41:36.844999+00:00,1.0,S
2487,2991,2021-03-20T17:41:33.995000+00:00,1.0,P
2487,3276,2021-03-20T17:41:36.844999+00:00,1.0,S
2488,2991,2021-03-20T17:41:33.995000+00:00,1.0,P
2488,3276,2021-03-20T17:41:36.844999+00:00,1.0,S
2489,2991,2021-03-20T17:41:33.995000+00:00,1.0,P
2489,3276,2021-03-20T17:41:36.844999+00:00,1.0,S
2490,2991,2021-03-20T17:41:33.995000+00:00,1.0,P
2490,3276,2021-03-20T17:41:36.844999+00:00,1.0,S
2491,2991,2021-03-20T17:41:33.995000+00:00,1.0,P
2491,3276,2021-03-20T17:41:36.844999+00:00,1.0,S
2492,2991,2021-03-20T17:41:33.995000+00:00,1.0,P
2492,3276,2021-03-20T17:41:36.844999+00:00,1.0,S
2493,2991,2021-03-20T17:41:33.995000+00:00,1.0,P
2493,3276,2021-03-20T17:41:36.844999+00:00,1.0,S
2494,2991,2021-03-20T17:41:33.995000+00:00,1.0,P
2494,3276,2021-03-20T17:41:36.844999+00:00,1.0,S
2495,2991,2021-03-20T17:41:33.995000+00:00,1.0,P
2495,3276,2021-03-20T17:41:36.844999+00:00,1.0,S
2496,2991,2021-03-20T17:41:33.995000+00:00,1.0,P
2496,3276,2021-03-20T17:41:36.844999+00:00,1.0,S
2497,2991,2021-03-20T17:41:33.995000+00:00,1.0,P
2497,3276,2021-03-20T17:41:36.844999+00:00,1.0,S
2498,2991,2021-03-20T17:41:33.995000+00:00,1.0,P
2498,3276,2021-03-20T17:41:36.844999+00:00,1.0,S
2499,2991,2021-03-20T17:41:33.995000+00:00,1.0,P
2499,3276,2021-03-20T17:41:36.844999+00:00,1.0,S
2500,2991,2021-03-20T17:41:33.995000+00:00,1.0,P
2500,3276,2021-03-20T17:41:36.844999+00:00,1.0,S
2501,2991,2021-03-20T17:41:33.995000+00:00,1.0,P
2501,3276,2021-03-20T17:41:36.844999+00:00,1.0,S
2502,2991,2021-03-20T17:41:33.995000+00:00,1.0,P
2502,3276,2021-03-20T17:41:36.844999+00:00,1.0,S
2503,2991,2021-03-20T17:41:33.995000+00:00,1.0,P
2503,3276,2021-03-20T17:41:36.844999+00:00,1.0,S
2504,2991,2021-03-20T17:41:33.995000+00:00,1.0,P
2504,3276,2021-03-20T17:41:36.844999+00:00,1.0,S
2505,2991,2021-03-20T17:41:33.995000+00:00,1.0,P
2505,3276,2021-03-20T17:41:36.844999+00:00,1.0,S
2506,2991,2021-03-20T17:41:33.995000+00:00,1.0,P
2506,3276,2021-03-20T17:41:36.844999+00:00,1.0,S
2507,2991,2021-03-20T17:41:33.995000+00:00,1.0,P
2507,3276,2021-03-20T17:41:36.844999+00:00,1.0,S
2508,2991,2021-03-20T17:41:33.995000+00:00,1.0,P
2508,3276,2021-03-20T17:41:36.844999+00:00,1.0,S
2509,2991,2021-03-20T17:41:33.995000+00:00,1.0,P
2509,3276,2021-03-20T17:41:36.844999+00:00,1.0,S
2510,2991,2021-03-20T17:41:33.995000+00:00,1.0,P
2510,3276,2021-03-20T17:41:36.844999+00:00,1.0,S
2511,2991,2021-03-20T17:41:33.995000+00:00,1.0,P
2511,3276,2021-03-20T17:41:36.844999+00:00,1.0,S
2512,2991,2021-03-20T17:41:33.995000+00:00,1.0,P
2512,3276,2021-03-20T17:41:36.844999+00:00,1.0,S
2513,2991,2021-03-20T17:41:33.995000+00:00,1.0,P
2513,3276,2021-03-20T17:41:36.844999+00:00,1.0,S
2514,2991,2021-03-20T17:41:33.995000+00:00,1.0,P
2514,3276,2021-03-20T17:41:36.844999+00:00,1.0,S
2515,2991,2021-03-20T17:41:33.995000+00:00,1.0,P
2515,3276,2021-03-20T17:41:36.844999+00:00,1.0,S
2516,2991,2021-03-20T17:41:33.995000+00:00,1.0,P
2516,3276,2021-03-20T17:41:36.844999+00:00,1.0,S
2517,2991,2021-03-20T17:41:33.995000+00:00,1.0,P
2517,3276,2021-03-20T17:41:36.844999+00:00,1.0,S
2518,2991,2021-03-20T17:41:33.995000+00:00,1.0,P
2518,3276,2021-03-20T17:41:36.844999+00:00,1.0,S
2519,2991,2021-03-20T17:41:33.995000+00:00,1.0,P
2519,3276,2021-03-20T17:41:36.844999+00:00,1.0,S
2520,2991,2021-03-20T17:41:33.995000+00:00,1.0,P
2520,3276,2021-03-20T17:41:36.844999+00:00,1.0,S
2521,2991,2021-03-20T17:41:33.995000+00:00,1.0,P
2521,3276,2021-03-20T17:41:36.844999+00:00,1.0,S
2522,2991,2021-03-20T17:41:33.995000+00:00,1.0,P
2522,3276,2021-03-20T17:41:36.844999+00:00,1.0,S
2523,2991,2021-03-20T17:41:33.995000+00:00,1.0,P
2523,3276,2021-03-20T17:41:36.844999+00:00,1.0,S
2524,2991,2021-03-20T17:41:33.995000+00:00,1.0,P
2524,3276,2021-03-20T17:41:36.844999+00:00,1.0,S
2525,2991,2021-03-20T17:41:33.995000+00:00,1.0,P
2525,3276,2021-03-20T17:41:36.844999+00:00,1.0,S
2526,2991,2021-03-20T17:41:33.995000+00:00,1.0,P
2526,3276,2021-03-20T17:41:36.844999+00:00,1.0,S
2527,2991,2021-03-20T17:41:33.995000+00:00,1.0,P
2527,3276,2021-03-20T17:41:36.844999+00:00,1.0,S
2528,2991,2021-03-20T17:41:33.995000+00:00,1.0,P
2528,3276,2021-03-20T17:41:36.844999+00:00,1.0,S
2529,2991,2021-03-20T17:41:33.995000+00:00,1.0,P
2529,3275,2021-03-20T17:41:36.835000+00:00,1.0,S
2530,2991,2021-03-20T17:41:33.995000+00:00,1.0,P
2530,3275,2021-03-20T17:41:36.835000+00:00,1.0,S
2531,2991,2021-03-20T17:41:33.995000+00:00,1.0,P
2531,3275,2021-03-20T17:41:36.835000+00:00,1.0,S
2532,2991,2021-03-20T17:41:33.995000+00:00,1.0,P
2532,3275,2021-03-20T17:41:36.835000+00:00,1.0,S
2533,2991,2021-03-20T17:41:33.995000+00:00,1.0,P
2533,3275,2021-03-20T17:41:36.835000+00:00,1.0,S
2534,2991,2021-03-20T17:41:33.995000+00:00,1.0,P
2534,3275,2021-03-20T17:41:36.835000+00:00,1.0,S
2535,2991,2021-03-20T17:41:33.995000+00:00,1.0,P
2535,3275,2021-03-20T17:41:36.835000+00:00,1.0,S
2536,2991,2021-03-20T17:41:33.995000+00:00,1.0,P
2536,3275,2021-03-20T17:41:36.835000+00:00,1.0,S
2537,2991,2021-03-20T17:41:33.995000+00:00,1.0,P
2537,3275,2021-03-20T17:41:36.835000+00:00,1.0,S
2538,2991,2021-03-20T17:41:33.995000+00:00,1.0,P
2538,3275,2021-03-20T17:41:36.835000+00:00,1.0,S
2539,2991,2021-03-20T17:41:33.995000+00:00,1.0,P
2539,3275,2021-03-20T17:41:36.835000+00:00,1.0,S
2540,2991,2021-03-20T17:41:33.995000+00:00,1.0,P
2540,3276,2021-03-20T17:41:36.844999+00:00,1.0,S
2541,2991,2021-03-20T17:41:33.995000+00:00,1.0,P
2541,3276,2021-03-20T17:41:36.844999+00:00,1.0,S
2542,2991,2021-03-20T17:41:33.995000+00:00,1.0,P
2542,3276,2021-03-20T17:41:36.844999+00:00,1.0,S
2543,2991,2021-03-20T17:41:33.995000+00:00,1.0,P
2543,3276,2021-03-20T17:41:36.844999+00:00,1.0,S
2544,2991,2021-03-20T17:41:33.995000+00:00,1.0,P
2544,3276,2021-03-20T17:41:36.844999+00:00,1.0,S
2545,2991,2021-03-20T17:41:33.995000+00:00,1.0,P
2545,3276,2021-03-20T17:41:36.844999+00:00,1.0,S
2546,2991,2021-03-20T17:41:33.995000+00:00,1.0,P
2546,3276,2021-03-20T17:41:36.844999+00:00,1.0,S
2547,2991,2021-03-20T17:41:33.995000+00:00,1.0,P
2547,3276,2021-03-20T17:41:36.844999+00:00,1.0,S
2548,2991,2021-03-20T17:41:33.995000+00:00,1.0,P
2548,3276,2021-03-20T17:41:36.844999+00:00,1.0,S
2549,2991,2021-03-20T17:41:33.995000+00:00,1.0,P
2549,3276,2021-03-20T17:41:36.844999+00:00,1.0,S
2550,2991,2021-03-20T17:41:33.995000+00:00,1.0,P
2550,3276,2021-03-20T17:41:36.844999+00:00,1.0,S
2551,2991,2021-03-20T17:41:33.995000+00:00,1.0,P
2551,3276,2021-03-20T17:41:36.844999+00:00,1.0,S
2552,2991,2021-03-20T17:41:33.995000+00:00,1.0,P
2552,3276,2021-03-20T17:41:36.844999+00:00,1.0,S
2553,2991,2021-03-20T17:41:33.995000+00:00,1.0,P
2553,3276,2021-03-20T17:41:36.844999+00:00,1.0,S
2554,2991,2021-03-20T17:41:33.995000+00:00,1.0,P
2554,3277,2021-03-20T17:41:36.855000+00:00,1.0,S
2555,2991,2021-03-20T17:41:33.995000+00:00,1.0,P
2555,3277,2021-03-20T17:41:36.855000+00:00,1.0,S
2556,2991,2021-03-20T17:41:33.995000+00:00,1.0,P
2556,3277,2021-03-20T17:41:36.855000+00:00,1.0,S
2557,2991,2021-03-20T17:41:33.995000+00:00,1.0,P
2557,3277,2021-03-20T17:41:36.855000+00:00,1.0,S
2558,2991,2021-03-20T17:41:33.995000+00:00,1.0,P
2558,3277,2021-03-20T17:41:36.855000+00:00,1.0,S
2559,2991,2021-03-20T17:41:33.995000+00:00,1.0,P
2559,3277,2021-03-20T17:41:36.855000+00:00,1.0,S
2560,2991,2021-03-20T17:41:33.995000+00:00,1.0,P
2560,3277,2021-03-20T17:41:36.855000+00:00,1.0,S
2561,2991,2021-03-20T17:41:33.995000+00:00,1.0,P
2561,3277,2021-03-20T17:41:36.855000+00:00,1.0,S
2562,2991,2021-03-20T17:41:33.995000+00:00,1.0,P
2562,3277,2021-03-20T17:41:36.855000+00:00,1.0,S
2563,2991,2021-03-20T17:41:33.995000+00:00,1.0,P
2563,3277,2021-03-20T17:41:36.855000+00:00,1.0,S
2564,2992,2021-03-20T17:41:34.005000+00:00,1.0,P
2564,3278,2021-03-20T17:41:36.865000+00:00,1.0,S
2565,2992,2021-03-20T17:41:34.005000+00:00,1.0,P
2565,3278,2021-03-20T17:41:36.865000+00:00,1.0,S
2566,2992,2021-03-20T17:41:34.005000+00:00,1.0,P
2566,3278,2021-03-20T17:41:36.865000+00:00,1.0,S
2567,2992,2021-03-20T17:41:34.005000+00:00,1.0,P
2567,3278,2021-03-20T17:41:36.865000+00:00,1.0,S
2568,2992,2021-03-20T17:41:34.005000+00:00,1.0,P
2568,3278,2021-03-20T17:41:36.865000+00:00,1.0,S
2569,2992,2021-03-20T17:41:34.005000+00:00,1.0,P
2569,3278,2021-03-20T17:41:36.865000+00:00,1.0,S
2570,2992,2021-03-20T17:41:34.005000+00:00,1.0,P
2570,3278,2021-03-20T17:41:36.865000+00:00,1.0,S
2571,2992,2021-03-20T17:41:34.005000+00:00,1.0,P
2571,3278,2021-03-20T17:41:36.865000+00:00,1.0,S
2572,2992,2021-03-20T17:41:34.005000+00:00,1.0,P
2572,3278,2021-03-20T17:41:36.865000+00:00,1.0,S
2573,2992,2021-03-20T17:41:34.005000+00:00,1.0,P
2573,3279,2021-03-20T17:41:36.875000+00:00,1.0,S
2574,2992,2021-03-20T17:41:34.005000+00:00,1.0,P
2574,3279,2021-03-20T17:41:36.875000+00:00,1.0,S
2575,2992,2021-03-20T17:41:34.005000+00:00,1.0,P
2575,3279,2021-03-20T17:41:36.875000+00:00,1.0,S
2576,2992,2021-03-20T17:41:34.005000+00:00,1.0,P
2576,3279,2021-03-20T17:41:36.875000+00:00,1.0,S
2577,2992,2021-03-20T17:41:34.005000+00:00,1.0,P
2577,3279,2021-03-20T17:41:36.875000+00:00,1.0,S
2578,2992,2021-03-20T17:41:34.005000+00:00,1.0,P
2578,3279,2021-03-20T17:41:36.875000+00:00,1.0,S
2579,2992,2021-03-20T17:41:34.005000+00:00,1.0,P
2579,3279,2021-03-20T17:41:36.875000+00:00,1.0,S
2580,2992,2021-03-20T17:41:34.005000+00:00,1.0,P
2580,3279,2021-03-20T17:41:36.875000+00:00,1.0,S
2581,2992,2021-03-20T17:41:34.005000+00:00,1.0,P
2581,3279,2021-03-20T17:41:36.875000+00:00,1.0,S
2582,2992,2021-03-20T17:41:34.005000+00:00,1.0,P
2582,3279,2021-03-20T17:41:36.875000+00:00,1.0,S
2583,2992,2021-03-20T17:41:34.005000+00:00,1.0,P
2583,3279,2021-03-20T17:41:36.875000+00:00,1.0,S
2584,2992,2021-03-20T17:41:34.005000+00:00,1.0,P
2584,3280,2021-03-20T17:41:36.884999+00:00,1.0,S
2585,2992,2021-03-20T17:41:34.005000+00:00,1.0,P
2585,3280,2021-03-20T17:41:36.884999+00:00,1.0,S
2586,2992,2021-03-20T17:41:34.005000+00:00,1.0,P
2586,3280,2021-03-20T17:41:36.884999+00:00,1.0,S
2587,2992,2021-03-20T17:41:34.005000+00:00,1.0,P
2587,3280,2021-03-20T17:41:36.884999+00:00,1.0,S
2588,2992,2021-03-20T17:41:34.005000+00:00,1.0,P
2588,3280,2021-03-20T17:41:36.884999+00:00,1.0,S
2589,2992,2021-03-20T17:41:34.005000+00:00,1.0,P
2589,3280,2021-03-20T17:41:36.884999+00:00,1.0,S
2590,2992,2021-03-20T17:41:34.005000+00:00,1.0,P
2590,3280,2021-03-20T17:41:36.884999+00:00,1.0,S
2591,2992,2021-03-20T17:41:34.005000+00:00,1.0,P
2591,3280,2021-03-20T17:41:36.884999+00:00,1.0,S
2592,2992,2021-03-20T17:41:34.005000+00:00,1.0,P
2592,3280,2021-03-20T17:41:36.884999+00:00,1.0,S
2593,2992,2021-03-20T17:41:34.005000+00:00,1.0,P
2593,3281,2021-03-20T17:41:36.895000+00:00,1.0,S
2594,2992,2021-03-20T17:41:34.005000+00:00,1.0,P
2594,3281,2021-03-20T17:41:36.895000+00:00,1.0,S
2595,2992,2021-03-20T17:41:34.005000+00:00,1.0,P
2595,3281,2021-03-20T17:41:36.895000+00:00,1.0,S
2596,2993,2021-03-20T17:41:34.015000+00:00,1.0,P
2596,3281,2021-03-20T17:41:36.895000+00:00,1.0,S
2597,2993,2021-03-20T17:41:34.015000+00:00,1.0,P
2597,3281,2021-03-20T17:41:36.895000+00:00,1.0,S
2598,2993,2021-03-20T17:41:34.015000+00:00,1.0,P
2598,3281,2021-03-20T17:41:36.895000+00:00,1.0,S
2599,2993,2021-03-20T17:41:34.015000+00:00,1.0,P
2599,3281,2021-03-20T17:41:36.895000+00:00,1.0,S
2600,2993,2021-03-20T17:41:34.015000+00:00,1.0,P
2600,3281,2021-03-20T17:41:36.895000+00:00,1.0,S
2601,2993,2021-03-20T17:41:34.015000+00:00,1.0,P
2601,3281,2021-03-20T17:41:36.895000+00:00,1.0,S
2602,2993,2021-03-20T17:41:34.015000+00:00,1.0,P
2602,3281,2021-03-20T17:41:36.895000+00:00,1.0,S
2603,2993,2021-03-20T17:41:34.015000+00:00,1.0,P
2603,3281,2021-03-20T17:41:36.895000+00:00,1.0,S
2604,2993,2021-03-20T17:41:34.015000+00:00,1.0,P
2604,3282,2021-03-20T17:41:36.905000+00:00,1.0,S
2605,2993,2021-03-20T17:41:34.015000+00:00,1.0,P
2605,3282,2021-03-20T17:41:36.905000+00:00,1.0,S
2606,2993,2021-03-20T17:41:34.015000+00:00,1.0,P
2606,3282,2021-03-20T17:41:36.905000+00:00,1.0,S
2607,2993,2021-03-20T17:41:34.015000+00:00,1.0,P
2607,3282,2021-03-20T17:41:36.905000+00:00,1.0,S
2608,2993,2021-03-20T17:41:34.015000+00:00,1.0,P
2608,3282,2021-03-20T17:41:36.905000+00:00,1.0,S
2609,2993,2021-03-20T17:41:34.015000+00:00,1.0,P
2609,3282,2021-03-20T17:41:36.905000+00:00,1.0,S
2610,2993,2021-03-20T17:41:34.015000+00:00,1.0,P
2610,3282,2021-03-20T17:41:36.905000+00:00,1.0,S
2611,2993,2021-03-20T17:41:34.015000+00:00,1.0,P
2611,3282,2021-03-20T17:41:36.905000+00:00,1.0,S
2612,2993,2021-03-20T17:41:34.015000+00:00,1.0,P
2612,3282,2021-03-20T17:41:36.905000+00:00,1.0,S
2613,2993,2021-03-20T17:41:34.015000+00:00,1.0,P
2613,3282,2021-03-20T17:41:36.905000+00:00,1.0,S
2614,2993,2021-03-20T17:41:34.015000+00:00,1.0,P
2614,3282,2021-03-20T17:41:36.905000+00:00,1.0,S
2615,2993,2021-03-20T17:41:34.015000+00:00,1.0,P
2615,3282,2021-03-20T17:41:36.905000+00:00,1.0,S
2616,2993,2021-03-20T17:41:34.015000+00:00,1.0,P
2616,3282,2021-03-20T17:41:36.905000+00:00,1.0,S
2617,2993,2021-03-20T17:41:34.015000+00:00,1.0,P
2617,3282,2021-03-20T17:41:36.905000+00:00,1.0,S
2618,2993,2021-03-20T17:41:34.015000+00:00,1.0,P
2618,3283,2021-03-20T17:41:36.915000+00:00,1.0,S
2619,2993,2021-03-20T17:41:34.015000+00:00,1.0,P
2619,3283,2021-03-20T17:41:36.915000+00:00,1.0,S
2620,2993,2021-03-20T17:41:34.015000+00:00,1.0,P
2620,3283,2021-03-20T17:41:36.915000+00:00,1.0,S
2621,2993,2021-03-20T17:41:34.015000+00:00,1.0,P
2621,3283,2021-03-20T17:41:36.915000+00:00,1.0,S
2622,2993,2021-03-20T17:41:34.015000+00:00,1.0,P
2622,3283,2021-03-20T17:41:36.915000+00:00,1.0,S
2623,2993,2021-03-20T17:41:34.015000+00:00,1.0,P
2623,3283,2021-03-20T17:41:36.915000+00:00,1.0,S
2624,2993,2021-03-20T17:41:34.015000+00:00,1.0,P
2624,3283,2021-03-20T17:41:36.915000+00:00,1.0,S
2625,2993,2021-03-20T17:41:34.015000+00:00,1.0,P
2625,3283,2021-03-20T17:41:36.915000+00:00,1.0,S
2626,2993,2021-03-20T17:41:34.015000+00:00,1.0,P
2626,3283,2021-03-20T17:41:36.915000+00:00,1.0,S
2627,2993,2021-03-20T17:41:34.015000+00:00,1.0,P
2627,3283,2021-03-20T17:41:36.915000+00:00,1.0,S
2628,2993,2021-03-20T17:41:34.015000+00:00,1.0,P
2628,3284,2021-03-20T17:41:36.925000+00:00,1.0,S
2629,2993,2021-03-20T17:41:34.015000+00:00,1.0,P
2629,3284,2021-03-20T17:41:36.925000+00:00,1.0,S
2630,2993,2021-03-20T17:41:34.015000+00:00,1.0,P
2630,3284,2021-03-20T17:41:36.925000+00:00,1.0,S
2631,2993,2021-03-20T17:41:34.015000+00:00,1.0,P
2631,3284,2021-03-20T17:41:36.925000+00:00,1.0,S
2632,2993,2021-03-20T17:41:34.015000+00:00,1.0,P
2632,3284,2021-03-20T17:41:36.925000+00:00,1.0,S
2633,2993,2021-03-20T17:41:34.015000+00:00,1.0,P
2633,3284,2021-03-20T17:41:36.925000+00:00,1.0,S
2634,2993,2021-03-20T17:41:34.015000+00:00,1.0,P
2634,3284,2021-03-20T17:41:36.925000+00:00,1.0,S
2635,2993,2021-03-20T17:41:34.015000+00:00,1.0,P
2635,3284,2021-03-20T17:41:36.925000+00:00,1.0,S
2636,2993,2021-03-20T17:41:34.015000+00:00,1.0,P
2636,3284,2021-03-20T17:41:36.925000+00:00,1.0,S
2637,2993,2021-03-20T17:41:34.015000+00:00,1.0,P
2637,3284,2021-03-20T17:41:36.925000+00:00,1.0,S
2638,2993,2021-03-20T17:41:34.015000+00:00,1.0,P
2638,3284,2021-03-20T17:41:36.925000+00:00,1.0,S
2639,2993,2021-03-20T17:41:34.015000+00:00,1.0,P
2639,3284,2021-03-20T17:41:36.925000+00:00,1.0,S
2640,2993,2021-03-20T17:41:34.015000+00:00,1.0,P
2640,3284,2021-03-20T17:41:36.925000+00:00,1.0,S
2641,2993,2021-03-20T17:41:34.015000+00:00,1.0,P
2641,3284,2021-03-20T17:41:36.925000+00:00,1.0,S
2642,2994,2021-03-20T17:41:34.025000+00:00,1.0,P
2642,3285,2021-03-20T17:41:36.935000+00:00,1.0,S
2643,2994,2021-03-20T17:41:34.025000+00:00,1.0,P
2643,3285,2021-03-20T17:41:36.935000+00:00,1.0,S
2644,2994,2021-03-20T17:41:34.025000+00:00,1.0,P
2644,3285,2021-03-20T17:41:36.935000+00:00,1.0,S
2645,2994,2021-03-20T17:41:34.025000+00:00,1.0,P
2645,3285,2021-03-20T17:41:36.935000+00:00,1.0,S
2646,2994,2021-03-20T17:41:34.025000+00:00,1.0,P
2646,3285,2021-03-20T17:41:36.935000+00:00,1.0,S
2647,2994,2021-03-20T17:41:34.025000+00:00,1.0,P
2647,3285,2021-03-20T17:41:36.935000+00:00,1.0,S
2648,2994,2021-03-20T17:41:34.025000+00:00,1.0,P
2648,3285,2021-03-20T17:41:36.935000+00:00,1.0,S
2649,2994,2021-03-20T17:41:34.025000+00:00,1.0,P
2649,3285,2021-03-20T17:41:36.935000+00:00,1.0,S
2650,2994,2021-03-20T17:41:34.025000+00:00,1.0,P
2650,3286,2021-03-20T17:41:36.945000+00:00,1.0,S
2651,2994,2021-03-20T17:41:34.025000+00:00,1.0,P
2651,3286,2021-03-20T17:41:36.945000+00:00,1.0,S
2652,2994,2021-03-20T17:41:34.025000+00:00,1.0,P
2652,3286,2021-03-20T17:41:36.945000+00:00,1.0,S
2653,2994,2021-03-20T17:41:34.025000+00:00,1.0,P
2653,3286,2021-03-20T17:41:36.945000+00:00,1.0,S
2654,2994,2021-03-20T17:41:34.025000+00:00,1.0,P
2654,3286,2021-03-20T17:41:36.945000+00:00,1.0,S
2655,2994,2021-03-20T17:41:34.025000+00:00,1.0,P
2655,3286,2021-03-20T17:41:36.945000+00:00,1.0,S
2656,2994,2021-03-20T17:41:34.025000+00:00,1.0,P
2656,3286,2021-03-20T17:41:36.945000+00:00,1.0,S
2657,2994,2021-03-20T17:41:34.025000+00:00,1.0,P
2657,3286,2021-03-20T17:41:36.945000+00:00,1.0,S
2658,2994,2021-03-20T17:41:34.025000+00:00,1.0,P
2658,3286,2021-03-20T17:41:36.945000+00:00,1.0,S
2659,2994,2021-03-20T17:41:34.025000+00:00,1.0,P
2659,3287,2021-03-20T17:41:36.954999+00:00,1.0,S
2660,2994,2021-03-20T17:41:34.025000+00:00,1.0,P
2660,3287,2021-03-20T17:41:36.954999+00:00,1.0,S
2661,2994,2021-03-20T17:41:34.025000+00:00,1.0,P
2661,3287,2021-03-20T17:41:36.954999+00:00,1.0,S
2662,2994,2021-03-20T17:41:34.025000+00:00,1.0,P
2662,3287,2021-03-20T17:41:36.954999+00:00,1.0,S
2663,2994,2021-03-20T17:41:34.025000+00:00,1.0,P
2663,3287,2021-03-20T17:41:36.954999+00:00,1.0,S
2664,2994,2021-03-20T17:41:34.025000+00:00,1.0,P
2664,3287,2021-03-20T17:41:36.954999+00:00,1.0,S
2665,2994,2021-03-20T17:41:34.025000+00:00,1.0,P
2665,3287,2021-03-20T17:41:36.954999+00:00,1.0,S
2666,2994,2021-03-20T17:41:34.025000+00:00,1.0,P
2666,3288,2021-03-20T17:41:36.965000+00:00,1.0,S
2667,2994,2021-03-20T17:41:34.025000+00:00,1.0,P
2667,3288,2021-03-20T17:41:36.965000+00:00,1.0,S
2668,2995,2021-03-20T17:41:34.035000+00:00,1.0,P
2668,3288,2021-03-20T17:41:36.965000+00:00,1.0,S
2669,2995,2021-03-20T17:41:34.035000+00:00,1.0,P
2669,3288,2021-03-20T17:41:36.965000+00:00,1.0,S
2670,2995,2021-03-20T17:41:34.035000+00:00,1.0,P
2670,3288,2021-03-20T17:41:36.965000+00:00,1.0,S
2671,2995,2021-03-20T17:41:34.035000+00:00,1.0,P
2671,3288,2021-03-20T17:41:36.965000+00:00,1.0,S
2672,2995,2021-03-20T17:41:34.035000+00:00,1.0,P
2672,3289,2021-03-20T17:41:36.975000+00:00,1.0,S
2673,2995,2021-03-20T17:41:34.035000+00:00,1.0,P
2673,3289,2021-03-20T17:41:36.975000+00:00,1.0,S
2674,2995,2021-03-20T17:41:34.035000+00:00,1.0,P
2674,3289,2021-03-20T17:41:36.975000+00:00,1.0,S
2675,2995,2021-03-20T17:41:34.035000+00:00,1.0,P
2675,3289,2021-03-20T17:41:36.975000+00:00,1.0,S
2676,2995,2021-03-20T17:41:34.035000+00:00,1.0,P
2676,3289,2021-03-20T17:41:36.975000+00:00,1.0,S
2677,2995,2021-03-20T17:41:34.035000+00:00,1.0,P
2677,3289,2021-03-20T17:41:36.975000+00:00,1.0,S
2678,2995,2021-03-20T17:41:34.035000+00:00,1.0,P
2678,3290,2021-03-20T17:41:36.985000+00:00,1.0,S
2679,2995,2021-03-20T17:41:34.035000+00:00,1.0,P
2679,3290,2021-03-20T17:41:36.985000+00:00,1.0,S
2680,2995,2021-03-20T17:41:34.035000+00:00,1.0,P
2680,3290,2021-03-20T17:41:36.985000+00:00,1.0,S
2681,2995,2021-03-20T17:41:34.035000+00:00,1.0,P
2681,3290,2021-03-20T17:41:36.985000+00:00,1.0,S
2682,2995,2021-03-20T17:41:34.035000+00:00,1.0,P
2682,3290,2021-03-20T17:41:36.985000+00:00,1.0,S
2683,2995,2021-03-20T17:41:34.035000+00:00,1.0,P
2683,3290,2021-03-20T17:41:36.985000+00:00,1.0,S
2684,2995,2021-03-20T17:41:34.035000+00:00,1.0,P
2684,3290,2021-03-20T17:41:36.985000+00:00,1.0,S
2685,2995,2021-03-20T17:41:34.035000+00:00,1.0,P
2685,3290,2021-03-20T17:41:36.985000+00:00,1.0,S
2686,2995,2021-03-20T17:41:34.035000+00:00,1.0,P
2686,3291,2021-03-20T17:41:36.995000+00:00,1.0,S
2687,2995,2021-03-20T17:41:34.035000+00:00,1.0,P
2687,3291,2021-03-20T17:41:36.995000+00:00,1.0,S
2688,2996,2021-03-20T17:41:34.045000+00:00,1.0,P
2688,3291,2021-03-20T17:41:36.995000+00:00,1.0,S
2689,2996,2021-03-20T17:41:34.045000+00:00,1.0,P
2689,3291,2021-03-20T17:41:36.995000+00:00,1.0,S
2690,2996,2021-03-20T17:41:34.045000+00:00,1.0,P
2690,3291,2021-03-20T17:41:36.995000+00:00,1.0,S
2691,2996,2021-03-20T17:41:34.045000+00:00,1.0,P
2691,3291,2021-03-20T17:41:36.995000+00:00,1.0,S
2692,2996,2021-03-20T17:41:34.045000+00:00,1.0,P
2692,3291,2021-03-20T17:41:36.995000+00:00,1.0,S
2693,2996,2021-03-20T17:41:34.045000+00:00,1.0,P
2693,3292,2021-03-20T17:41:37.005000+00:00,1.0,S
2694,2996,2021-03-20T17:41:34.045000+00:00,1.0,P
2694,3292,2021-03-20T17:41:37.005000+00:00,1.0,S
2695,2996,2021-03-20T17:41:34.045000+00:00,1.0,P
2695,3292,2021-03-20T17:41:37.005000+00:00,1.0,S
2696,2996,2021-03-20T17:41:34.045000+00:00,1.0,P
2696,3292,2021-03-20T17:41:37.005000+00:00,1.0,S
2697,2996,2021-03-20T17:41:34.045000+00:00,1.0,P
2697,3292,2021-03-20T17:41:37.005000+00:00,1.0,S
2698,2996,2021-03-20T17:41:34.045000+00:00,1.0,P
2698,3292,2021-03-20T17:41:37.005000+00:00,1.0,S
2699,2996,2021-03-20T17:41:34.045000+00:00,1.0,P
2699,3292,2021-03-20T17:41:37.005000+00:00,1.0,S
2700,2996,2021-03-20T17:41:34.045000+00:00,1.0,P
2700,3292,2021-03-20T17:41:37.005000+00:00,1.0,S
2701,2996,2021-03-20T17:41:34.045000+00:00,1.0,P
2701,3292,2021-03-20T17:41:37.005000+00:00,1.0,S
2702,2996,2021-03-20T17:41:34.045000+00:00,1.0,P
2702,3292,2021-03-20T17:41:37.005000+00:00,1.0,S
2703,2996,2021-03-20T17:41:34.045000+00:00,1.0,P
2703,3293,2021-03-20T17:41:37.015000+00:00,1.0,S
2704,2996,2021-03-20T17:41:34.045000+00:00,1.0,P
2704,3293,2021-03-20T17:41:37.015000+00:00,1.0,S
2705,2996,2021-03-20T17:41:34.045000+00:00,1.0,P
2705,3293,2021-03-20T17:41:37.015000+00:00,1.0,S
2706,2996,2021-03-20T17:41:34.045000+00:00,1.0,P
2706,3293,2021-03-20T17:41:37.015000+00:00,1.0,S
2707,2996,2021-03-20T17:41:34.045000+00:00,1.0,P
2707,3293,2021-03-20T17:41:37.015000+00:00,1.0,S
2708,2996,2021-03-20T17:41:34.045000+00:00,1.0,P
2708,3293,2021-03-20T17:41:37.015000+00:00,1.0,S
2709,2997,2021-03-20T17:41:34.055000+00:00,1.0,P
2709,3293,2021-03-20T17:41:37.015000+00:00,1.0,S
2710,2997,2021-03-20T17:41:34.055000+00:00,1.0,P
2710,3293,2021-03-20T17:41:37.015000+00:00,1.0,S
2711,2997,2021-03-20T17:41:34.055000+00:00,1.0,P
2711,3293,2021-03-20T17:41:37.015000+00:00,1.0,S
2712,2997,2021-03-20T17:41:34.055000+00:00,1.0,P
2712,3293,2021-03-20T17:41:37.015000+00:00,1.0,S
2713,2997,2021-03-20T17:41:34.055000+00:00,1.0,P
2713,3293,2021-03-20T17:41:37.015000+00:00,1.0,S
2714,2997,2021-03-20T17:41:34.055000+00:00,1.0,P
2714,3293,2021-03-20T17:41:37.015000+00:00,1.0,S
2715,2997,2021-03-20T17:41:34.055000+00:00,1.0,P
2715,3294,2021-03-20T17:41:37.024999+00:00,1.0,S
2716,2997,2021-03-20T17:41:34.055000+00:00,1.0,P
2716,3294,2021-03-20T17:41:37.024999+00:00,1.0,S
2717,2997,2021-03-20T17:41:34.055000+00:00,1.0,P
2717,3294,2021-03-20T17:41:37.024999+00:00,1.0,S
2718,2997,2021-03-20T17:41:34.055000+00:00,1.0,P
2718,3294,2021-03-20T17:41:37.024999+00:00,1.0,S
2719,2997,2021-03-20T17:41:34.055000+00:00,1.0,P
2719,3294,2021-03-20T17:41:37.024999+00:00,1.0,S
2720,2997,2021-03-20T17:41:34.055000+00:00,1.0,P
2720,3294,2021-03-20T17:41:37.024999+00:00,1.0,S
2721,2997,2021-03-20T17:41:34.055000+00:00,1.0,P
2721,3294,2021-03-20T17:41:37.024999+00:00,1.0,S
2722,2997,2021-03-20T17:41:34.055000+00:00,1.0,P
2722,3294,2021-03-20T17:41:37.024999+00:00,1.0,S
2723,2997,2021-03-20T17:41:34.055000+00:00,1.0,P
2723,3294,2021-03-20T17:41:37.024999+00:00,1.0,S
2724,2997,2021-03-20T17:41:34.055000+00:00,1.0,P
2724,3294,2021-03-20T17:41:37.024999+00:00,1.0,S
2725,2997,2021-03-20T17:41:34.055000+00:00,1.0,P
2725,3294,2021-03-20T17:41:37.024999+00:00,1.0,S
2726,2997,2021-03-20T17:41:34.055000+00:00,1.0,P
2726,3294,2021-03-20T17:41:37.024999+00:00,1.0,S
2727,2997,2021-03-20T17:41:34.055000+00:00,1.0,P
2727,3294,2021-03-20T17:41:37.024999+00:00,1.0,S
2728,2997,2021-03-20T17:41:34.055000+00:00,1.0,P
2728,3294,2021-03-20T17:41:37.024999+00:00,1.0,S
2729,2997,2021-03-20T17:41:34.055000+00:00,1.0,P
2729,3295,2021-03-20T17:41:37.035000+00:00,1.0,S
2730,2997,2021-03-20T17:41:34.055000+00:00,1.0,P
2730,3295,2021-03-20T17:41:37.035000+00:00,1.0,S
2731,2997,2021-03-20T17:41:34.055000+00:00,1.0,P
2731,3295,2021-03-20T17:41:37.035000+00:00,1.0,S
2732,2997,2021-03-20T17:41:34.055000+00:00,1.0,P
2732,3295,2021-03-20T17:41:37.035000+00:00,1.0,S
2733,2997,2021-03-20T17:41:34.055000+00:00,1.0,P
2733,3295,2021-03-20T17:41:37.035000+00:00,1.0,S
2734,2998,2021-03-20T17:41:34.065000+00:00,1.0,P
2734,3295,2021-03-20T17:41:37.035000+00:00,1.0,S
2735,2998,2021-03-20T17:41:34.065000+00:00,1.0,P
2735,3295,2021-03-20T17:41:37.035000+00:00,1.0,S
2736,2998,2021-03-20T17:41:34.065000+00:00,1.0,P
2736,3295,2021-03-20T17:41:37.035000+00:00,1.0,S
2737,2998,2021-03-20T17:41:34.065000+00:00,1.0,P
2737,3295,2021-03-20T17:41:37.035000+00:00,1.0,S
2738,2998,2021-03-20T17:41:34.065000+00:00,1.0,P
2738,3295,2021-03-20T17:41:37.035000+00:00,1.0,S
2739,2998,2021-03-20T17:41:34.065000+00:00,1.0,P
2739,3295,2021-03-20T17:41:37.035000+00:00,1.0,S
2740,2998,2021-03-20T17:41:34.065000+00:00,1.0,P
2740,3295,2021-03-20T17:41:37.035000+00:00,1.0,S
2741,2998,2021-03-20T17:41:34.065000+00:00,1.0,P
2741,3295,2021-03-20T17:41:37.035000+00:00,1.0,S
2742,2998,2021-03-20T17:41:34.065000+00:00,1.0,P
2742,3295,2021-03-20T17:41:37.035000+00:00,1.0,S
2743,2998,2021-03-20T17:41:34.065000+00:00,1.0,P
2743,3295,2021-03-20T17:41:37.035000+00:00,1.0,S
2744,2998,2021-03-20T17:41:34.065000+00:00,1.0,P
2744,3295,2021-03-20T17:41:37.035000+00:00,1.0,S
2745,2998,2021-03-20T17:41:34.065000+00:00,1.0,P
2745,3295,2021-03-20T17:41:37.035000+00:00,1.0,S
2746,2998,2021-03-20T17:41:34.065000+00:00,1.0,P
2746,3295,2021-03-20T17:41:37.035000+00:00,1.0,S
2747,2998,2021-03-20T17:41:34.065000+00:00,1.0,P
2747,3295,2021-03-20T17:41:37.035000+00:00,1.0,S
2748,2998,2021-03-20T17:41:34.065000+00:00,1.0,P
2748,3295,2021-03-20T17:41:37.035000+00:00,1.0,S
2749,2998,2021-03-20T17:41:34.065000+00:00,1.0,P
2749,3295,2021-03-20T17:41:37.035000+00:00,1.0,S
2750,2998,2021-03-20T17:41:34.065000+00:00,1.0,P
2750,3295,2021-03-20T17:41:37.035000+00:00,1.0,S
2751,2998,2021-03-20T17:41:34.065000+00:00,1.0,P
2751,3295,2021-03-20T17:41:37.035000+00:00,1.0,S
2752,2998,2021-03-20T17:41:34.065000+00:00,1.0,P
2752,3295,2021-03-20T17:41:37.035000+00:00,1.0,S
2753,2998,2021-03-20T17:41:34.065000+00:00,1.0,P
2753,3295,2021-03-20T17:41:37.035000+00:00,1.0,S
2754,2998,2021-03-20T17:41:34.065000+00:00,1.0,P
2754,3295,2021-03-20T17:41:37.035000+00:00,1.0,S
2755,2998,2021-03-20T17:41:34.065000+00:00,1.0,P
2755,3295,2021-03-20T17:41:37.035000+00:00,1.0,S
2756,2998,2021-03-20T17:41:34.065000+00:00,1.0,P
2756,3295,2021-03-20T17:41:37.035000+00:00,1.0,S
2757,2998,2021-03-20T17:41:34.065000+00:00,1.0,P
2757,3295,2021-03-20T17:41:37.035000+00:00,1.0,S
2758,2998,2021-03-20T17:41:34.065000+00:00,1.0,P
2758,3295,2021-03-20T17:41:37.035000+00:00,1.0,S
2759,2999,2021-03-20T17:41:34.075000+00:00,1.0,P
2759,3295,2021-03-20T17:41:37.035000+00:00,1.0,S
2760,2999,2021-03-20T17:41:34.075000+00:00,1.0,P
2760,3295,2021-03-20T17:41:37.035000+00:00,1.0,S
2761,2999,2021-03-20T17:41:34.075000+00:00,1.0,P
2761,3295,2021-03-20T17:41:37.035000+00:00,1.0,S
2762,2999,2021-03-20T17:41:34.075000+00:00,1.0,P
2762,3295,2021-03-20T17:41:37.035000+00:00,1.0,S
2763,2999,2021-03-20T17:41:34.075000+00:00,1.0,P
2763,3295,2021-03-20T17:41:37.035000+00:00,1.0,S
2764,2999,2021-03-20T17:41:34.075000+00:00,1.0,P
2764,3295,2021-03-20T17:41:37.035000+00:00,1.0,S
2765,2999,2021-03-20T17:41:34.075000+00:00,1.0,P
2765,3295,2021-03-20T17:41:37.035000+00:00,1.0,S
2766,2999,2021-03-20T17:41:34.075000+00:00,1.0,P
2766,3295,2021-03-20T17:41:37.035000+00:00,1.0,S
2767,2999,2021-03-20T17:41:34.075000+00:00,1.0,P
2767,3295,2021-03-20T17:41:37.035000+00:00,1.0,S
2768,2999,2021-03-20T17:41:34.075000+00:00,1.0,P
2768,3295,2021-03-20T17:41:37.035000+00:00,1.0,S
2769,2999,2021-03-20T17:41:34.075000+00:00,1.0,P
2769,3295,2021-03-20T17:41:37.035000+00:00,1.0,S
2770,2999,2021-03-20T17:41:34.075000+00:00,1.0,P
2770,3295,2021-03-20T17:41:37.035000+00:00,1.0,S
2771,2999,2021-03-20T17:41:34.075000+00:00,1.0,P
2771,3295,2021-03-20T17:41:37.035000+00:00,1.0,S
2772,2999,2021-03-20T17:41:34.075000+00:00,1.0,P
2772,3295,2021-03-20T17:41:37.035000+00:00,1.0,S
2773,2999,2021-03-20T17:41:34.075000+00:00,1.0,P
2773,3295,2021-03-20T17:41:37.035000+00:00,1.0,S
2774,2999,2021-03-20T17:41:34.075000+00:00,1.0,P
2774,3295,2021-03-20T17:41:37.035000+00:00,1.0,S
2775,2999,2021-03-20T17:41:34.075000+00:00,1.0,P
2775,3295,2021-03-20T17:41:37.035000+00:00,1.0,S
2776,3000,2021-03-20T17:41:34.085000+00:00,1.0,P
2776,3295,2021-03-20T17:41:37.035000+00:00,1.0,S
2777,3000,2021-03-20T17:41:34.085000+00:00,1.0,P
2777,3295,2021-03-20T17:41:37.035000+00:00,1.0,S
2778,3000,2021-03-20T17:41:34.085000+00:00,1.0,P
2778,3295,2021-03-20T17:41:37.035000+00:00,1.0,S
2779,3000,2021-03-20T17:41:34.085000+00:00,1.0,P
2779,3295,2021-03-20T17:41:37.035000+00:00,1.0,S
2780,3000,2021-03-20T17:41:34.085000+00:00,1.0,P
2780,3296,2021-03-20T17:41:37.045000+00:00,1.0,S
2781,3000,2021-03-20T17:41:34.085000+00:00,1.0,P
2781,3296,2021-03-20T17:41:37.045000+00:00,1.0,S
2782,3000,2021-03-20T17:41:34.085000+00:00,1.0,P
2782,3296,2021-03-20T17:41:37.045000+00:00,1.0,S
2783,3000,2021-03-20T17:41:34.085000+00:00,1.0,P
2783,3296,2021-03-20T17:41:37.045000+00:00,1.0,S
2784,3000,2021-03-20T17:41:34.085000+00:00,1.0,P
2784,3296,2021-03-20T17:41:37.045000+00:00,1.0,S
2785,3000,2021-03-20T17:41:34.085000+00:00,1.0,P
2785,3296,2021-03-20T17:41:37.045000+00:00,1.0,S
2786,3000,2021-03-20T17:41:34.085000+00:00,1.0,P
2786,3296,2021-03-20T17:41:37.045000+00:00,1.0,S
2787,3000,2021-03-20T17:41:34.085000+00:00,1.0,P
2787,3296,2021-03-20T17:41:37.045000+00:00,1.0,S
2788,3000,2021-03-20T17:41:34.085000+00:00,1.0,P
2788,3296,2021-03-20T17:41:37.045000+00:00,1.0,S
2789,3000,2021-03-20T17:41:34.085000+00:00,1.0,P
2789,3296,2021-03-20T17:41:37.045000+00:00,1.0,S
2790,3001,2021-03-20T17:41:34.095000+00:00,1.0,P
2790,3296,2021-03-20T17:41:37.045000+00:00,1.0,S
2791,3001,2021-03-20T17:41:34.095000+00:00,1.0,P
2791,3296,2021-03-20T17:41:37.045000+00:00,1.0,S
2792,3001,2021-03-20T17:41:34.095000+00:00,1.0,P
2792,3296,2021-03-20T17:41:37.045000+00:00,1.0,S
2793,3001,2021-03-20T17:41:34.095000+00:00,1.0,P
2793,3297,2021-03-20T17:41:37.055000+00:00,1.0,S
2794,3001,2021-03-20T17:41:34.095000+00:00,1.0,P
2794,3297,2021-03-20T17:41:37.055000+00:00,1.0,S
2795,3001,2021-03-20T17:41:34.095000+00:00,1.0,P
2795,3297,2021-03-20T17:41:37.055000+00:00,1.0,S
2796,3001,2021-03-20T17:41:34.095000+00:00,1.0,P
2796,3297,2021-03-20T17:41:37.055000+00:00,1.0,S
2797,3001,2021-03-20T17:41:34.095000+00:00,1.0,P
2797,3297,2021-03-20T17:41:37.055000+00:00,1.0,S
2798,3001,2021-03-20T17:41:34.095000+00:00,1.0,P
2798,3297,2021-03-20T17:41:37.055000+00:00,1.0,S
2799,3001,2021-03-20T17:41:34.095000+00:00,1.0,P
2799,3297,2021-03-20T17:41:37.055000+00:00,1.0,S
2800,3001,2021-03-20T17:41:34.095000+00:00,1.0,P
2800,3297,2021-03-20T17:41:37.055000+00:00,1.0,S
2801,3001,2021-03-20T17:41:34.095000+00:00,1.0,P
2801,3298,2021-03-20T17:41:37.065000+00:00,1.0,S
2802,3002,2021-03-20T17:41:34.105000+00:00,1.0,P
2802,3298,2021-03-20T17:41:37.065000+00:00,1.0,S
2803,3002,2021-03-20T17:41:34.105000+00:00,1.0,P
2803,3298,2021-03-20T17:41:37.065000+00:00,1.0,S
2804,3002,2021-03-20T17:41:34.105000+00:00,1.0,P
2804,3298,2021-03-20T17:41:37.065000+00:00,1.0,S
2805,3002,2021-03-20T17:41:34.105000+00:00,1.0,P
2805,3298,2021-03-20T17:41:37.065000+00:00,1.0,S
2806,3002,2021-03-20T17:41:34.105000+00:00,1.0,P
2806,3298,2021-03-20T17:41:37.065000+00:00,1.0,S
2807,3002,2021-03-20T17:41:34.105000+00:00,1.0,P
2807,3298,2021-03-20T17:41:37.065000+00:00,1.0,S
2808,3002,2021-03-20T17:41:34.105000+00:00,1.0,P
2808,3299,2021-03-20T17:41:37.075000+00:00,1.0,S
2809,3002,2021-03-20T17:41:34.105000+00:00,1.0,P
2809,3299,2021-03-20T17:41:37.075000+00:00,1.0,S
2810,3002,2021-03-20T17:41:34.105000+00:00,1.0,P
2810,3299,2021-03-20T17:41:37.075000+00:00,1.0,S
2811,3002,2021-03-20T17:41:34.105000+00:00,1.0,P
2811,3299,2021-03-20T17:41:37.075000+00:00,1.0,S
2812,3003,2021-03-20T17:41:34.115000+00:00,1.0,P
2812,3299,2021-03-20T17:41:37.075000+00:00,1.0,S
2813,3003,2021-03-20T17:41:34.115000+00:00,1.0,P
2813,3299,2021-03-20T17:41:37.075000+00:00,1.0,S
2814,3003,2021-03-20T17:41:34.115000+00:00,1.0,P
2814,3299,2021-03-20T17:41:37.075000+00:00,1.0,S
2815,3003,2021-03-20T17:41:34.115000+00:00,1.0,P
2815,3299,2021-03-20T17:41:37.075000+00:00,1.0,S
2816,3003,2021-03-20T17:41:34.115000+00:00,1.0,P
2816,3299,2021-03-20T17:41:37.075000+00:00,1.0,S
2817,3003,2021-03-20T17:41:34.115000+00:00,1.0,P
2817,3300,2021-03-20T17:41:37.085000+00:00,1.0,S
2818,3003,2021-03-20T17:41:34.115000+00:00,1.0,P
2818,3300,2021-03-20T17:41:37.085000+00:00,1.0,S
2819,3003,2021-03-20T17:41:34.115000+00:00,1.0,P
2819,3300,2021-03-20T17:41:37.085000+00:00,1.0,S
2820,3003,2021-03-20T17:41:34.115000+00:00,1.0,P
2820,3300,2021-03-20T17:41:37.085000+00:00,1.0,S
2821,3004,2021-03-20T17:41:34.125000+00:00,1.0,P
2821,3300,2021-03-20T17:41:37.085000+00:00,1.0,S
2822,3004,2021-03-20T17:41:34.125000+00:00,1.0,P
2822,3300,2021-03-20T17:41:37.085000+00:00,1.0,S
2823,3004,2021-03-20T17:41:34.125000+00:00,1.0,P
2823,3300,2021-03-20T17:41:37.085000+00:00,1.0,S
2824,3004,2021-03-20T17:41:34.125000+00:00,1.0,P
2824,3300,2021-03-20T17:41:37.085000+00:00,1.0,S
2825,3004,2021-03-20T17:41:34.125000+00:00,1.0,P
2825,3300,2021-03-20T17:41:37.085000+00:00,1.0,S
2826,3004,2021-03-20T17:41:34.125000+00:00,1.0,P
2826,3301,2021-03-20T17:41:37.094999+00:00,1.0,S
2827,3004,2021-03-20T17:41:34.125000+00:00,1.0,P
2827,3301,2021-03-20T17:41:37.094999+00:00,1.0,S
2828,3004,2021-03-20T17:41:34.125000+00:00,1.0,P
2828,3301,2021-03-20T17:41:37.094999+00:00,1.0,S
2829,3004,2021-03-20T17:41:34.125000+00:00,1.0,P
2829,3301,2021-03-20T17:41:37.094999+00:00,1.0,S
2830,3004,2021-03-20T17:41:34.125000+00:00,1.0,P
2830,3301,2021-03-20T17:41:37.094999+00:00,1.0,S
2831,3004,2021-03-20T17:41:34.125000+00:00,1.0,P
2831,3301,2021-03-20T17:41:37.094999+00:00,1.0,S
2832,3005,2021-03-20T17:41:34.135000+00:00,1.0,P
2832,3301,2021-03-20T17:41:37.094999+00:00,1.0,S
2833,3005,2021-03-20T17:41:34.135000+00:00,1.0,P
2833,3302,2021-03-20T17:41:37.105000+00:00,1.0,S
2834,3005,2021-03-20T17:41:34.135000+00:00,1.0,P
2834,3302,2021-03-20T17:41:37.105000+00:00,1.0,S
2835,3005,2021-03-20T17:41:34.135000+00:00,1.0,P
2835,3302,2021-03-20T17:41:37.105000+00:00,1.0,S
2836,3005,2021-03-20T17:41:34.135000+00:00,1.0,P
2836,3302,2021-03-20T17:41:37.105000+00:00,1.0,S
2837,3005,2021-03-20T17:41:34.135000+00:00,1.0,P
2837,3302,2021-03-20T17:41:37.105000+00:00,1.0,S
2838,3005,2021-03-20T17:41:34.135000+00:00,1.0,P
2838,3302,2021-03-20T17:41:37.105000+00:00,1.0,S
2839,3005,2021-03-20T17:41:34.135000+00:00,1.0,P
2839,3303,2021-03-20T17:41:37.115000+00:00,1.0,S
2840,3005,2021-03-20T17:41:34.135000+00:00,1.0,P
2840,3303,2021-03-20T17:41:37.115000+00:00,1.0,S
2841,3005,2021-03-20T17:41:34.135000+00:00,1.0,P
2841,3303,2021-03-20T17:41:37.115000+00:00,1.0,S
2842,3005,2021-03-20T17:41:34.135000+00:00,1.0,P
2842,3303,2021-03-20T17:41:37.115000+00:00,1.0,S
2843,3006,2021-03-20T17:41:34.145000+00:00,1.0,P
2843,3303,2021-03-20T17:41:37.115000+00:00,1.0,S
2844,3006,2021-03-20T17:41:34.145000+00:00,1.0,P
2844,3303,2021-03-20T17:41:37.115000+00:00,1.0,S
2845,3006,2021-03-20T17:41:34.145000+00:00,1.0,P
2845,3304,2021-03-20T17:41:37.125000+00:00,1.0,S
2846,3006,2021-03-20T17:41:34.145000+00:00,1.0,P
2846,3304,2021-03-20T17:41:37.125000+00:00,1.0,S
2847,3006,2021-03-20T17:41:34.145000+00:00,1.0,P
2847,3304,2021-03-20T17:41:37.125000+00:00,1.0,S
2848,3006,2021-03-20T17:41:34.145000+00:00,1.0,P
2848,3304,2021-03-20T17:41:37.125000+00:00,1.0,S
2849,3006,2021-03-20T17:41:34.145000+00:00,1.0,P
2849,3304,2021-03-20T17:41:37.125000+00:00,1.0,S
2850,3006,2021-03-20T17:41:34.145000+00:00,1.0,P
2850,3304,2021-03-20T17:41:37.125000+00:00,1.0,S
2851,3006,2021-03-20T17:41:34.145000+00:00,1.0,P
2851,3305,2021-03-20T17:41:37.134999+00:00,1.0,S
2852,3006,2021-03-20T17:41:34.145000+00:00,1.0,P
2852,3305,2021-03-20T17:41:37.134999+00:00,1.0,S
2853,3006,2021-03-20T17:41:34.145000+00:00,1.0,P
2853,3305,2021-03-20T17:41:37.134999+00:00,1.0,S
2854,3007,2021-03-20T17:41:34.155000+00:00,1.0,P
2854,3305,2021-03-20T17:41:37.134999+00:00,1.0,S
2855,3007,2021-03-20T17:41:34.155000+00:00,1.0,P
2855,3305,2021-03-20T17:41:37.134999+00:00,1.0,S
2856,3007,2021-03-20T17:41:34.155000+00:00,1.0,P
2856,3305,2021-03-20T17:41:37.134999+00:00,1.0,S
2857,3007,2021-03-20T17:41:34.155000+00:00,1.0,P
2857,3306,2021-03-20T17:41:37.145000+00:00,1.0,S
2858,3007,2021-03-20T17:41:34.155000+00:00,1.0,P
2858,3306,2021-03-20T17:41:37.145000+00:00,1.0,S
2859,3007,2021-03-20T17:41:34.155000+00:00,1.0,P
2859,3306,2021-03-20T17:41:37.145000+00:00,1.0,S
2860,3007,2021-03-20T17:41:34.155000+00:00,1.0,P
2860,3306,2021-03-20T17:41:37.145000+00:00,1.0,S
2861,3007,2021-03-20T17:41:34.155000+00:00,1.0,P
2861,3306,2021-03-20T17:41:37.145000+00:00,1.0,S
2862,3007,2021-03-20T17:41:34.155000+00:00,1.0,P
2862,3306,2021-03-20T17:41:37.145000+00:00,1.0,S
2863,3007,2021-03-20T17:41:34.155000+00:00,1.0,P
2863,3307,2021-03-20T17:41:37.155000+00:00,1.0,S
2864,3008,2021-03-20T17:41:34.165000+00:00,1.0,P
2864,3307,2021-03-20T17:41:37.155000+00:00,1.0,S
2865,3008,2021-03-20T17:41:34.165000+00:00,1.0,P
2865,3307,2021-03-20T17:41:37.155000+00:00,1.0,S
2866,3008,2021-03-20T17:41:34.165000+00:00,1.0,P
2866,3307,2021-03-20T17:41:37.155000+00:00,1.0,S
2867,3008,2021-03-20T17:41:34.165000+00:00,1.0,P
2867,3307,2021-03-20T17:41:37.155000+00:00,1.0,S
2868,3008,2021-03-20T17:41:34.165000+00:00,1.0,P
2868,3307,2021-03-20T17:41:37.155000+00:00,1.0,S
2869,3008,2021-03-20T17:41:34.165000+00:00,1.0,P
2869,3308,2021-03-20T17:41:37.165000+00:00,1.0,S
2870,3008,2021-03-20T17:41:34.165000+00:00,1.0,P
2870,3308,2021-03-20T17:41:37.165000+00:00,1.0,S
2871,3008,2021-03-20T17:41:34.165000+00:00,1.0,P
2871,3308,2021-03-20T17:41:37.165000+00:00,1.0,S
2872,3008,2021-03-20T17:41:34.165000+00:00,1.0,P
2872,3308,2021-03-20T17:41:37.165000+00:00,1.0,S
2873,3008,2021-03-20T17:41:34.165000+00:00,1.0,P
2873,3308,2021-03-20T17:41:37.165000+00:00,1.0,S
2874,3009,2021-03-20T17:41:34.175000+00:00,1.0,P
2874,3308,2021-03-20T17:41:37.165000+00:00,1.0,S
2875,3009,2021-03-20T17:41:34.175000+00:00,1.0,P
2875,3308,2021-03-20T17:41:37.165000+00:00,1.0,S
2876,3009,2021-03-20T17:41:34.175000+00:00,1.0,P
2876,3309,2021-03-20T17:41:37.175000+00:00,1.0,S
2877,3009,2021-03-20T17:41:34.175000+00:00,1.0,P
2877,3309,2021-03-20T17:41:37.175000+00:00,1.0,S
2878,3009,2021-03-20T17:41:34.175000+00:00,1.0,P
2878,3309,2021-03-20T17:41:37.175000+00:00,1.0,S
2879,3009,2021-03-20T17:41:34.175000+00:00,1.0,P
2879,3309,2021-03-20T17:41:37.175000+00:00,1.0,S
2880,3009,2021-03-20T17:41:34.175000+00:00,1.0,P
2880,3309,2021-03-20T17:41:37.175000+00:00,1.0,S
2881,3009,2021-03-20T17:41:34.175000+00:00,1.0,P
2881,3309,2021-03-20T17:41:37.175000+00:00,1.0,S
2882,3009,2021-03-20T17:41:34.175000+00:00,1.0,P
2882,3310,2021-03-20T17:41:37.185000+00:00,1.0,S
2883,3010,2021-03-20T17:41:34.185000+00:00,1.0,P
2883,3310,2021-03-20T17:41:37.185000+00:00,1.0,S
2884,3010,2021-03-20T17:41:34.185000+00:00,1.0,P
2884,3310,2021-03-20T17:41:37.185000+00:00,1.0,S
2885,3010,2021-03-20T17:41:34.185000+00:00,1.0,P
2885,3310,2021-03-20T17:41:37.185000+00:00,1.0,S
2886,3010,2021-03-20T17:41:34.185000+00:00,1.0,P
2886,3310,2021-03-20T17:41:37.185000+00:00,1.0,S
2887,3010,2021-03-20T17:41:34.185000+00:00,1.0,P
2887,3311,2021-03-20T17:41:37.195000+00:00,1.0,S
2888,3010,2021-03-20T17:41:34.185000+00:00,1.0,P
2888,3311,2021-03-20T17:41:37.195000+00:00,1.0,S
2889,3010,2021-03-20T17:41:34.185000+00:00,1.0,P
2889,3311,2021-03-20T17:41:37.195000+00:00,1.0,S
2890,3010,2021-03-20T17:41:34.185000+00:00,1.0,P
2890,3311,2021-03-20T17:41:37.195000+00:00,1.0,S
2891,3010,2021-03-20T17:41:34.185000+00:00,1.0,P
2891,3311,2021-03-20T17:41:37.195000+00:00,1.0,S
2892,3011,2021-03-20T17:41:34.195000+00:00,1.0,P
2892,3312,2021-03-20T17:41:37.204999+00:00,1.0,S
2893,3011,2021-03-20T17:41:34.195000+00:00,1.0,P
2893,3312,2021-03-20T17:41:37.204999+00:00,1.0,S
2894,3011,2021-03-20T17:41:34.195000+00:00,1.0,P
2894,3312,2021-03-20T17:41:37.204999+00:00,1.0,S
2895,3011,2021-03-20T17:41:34.195000+00:00,1.0,P
2895,3312,2021-03-20T17:41:37.204999+00:00,1.0,S
2896,3011,2021-03-20T17:41:34.195000+00:00,1.0,P
2896,3313,2021-03-20T17:41:37.215000+00:00,1.0,S
2897,3011,2021-03-20T17:41:34.195000+00:00,1.0,P
2897,3313,2021-03-20T17:41:37.215000+00:00,1.0,S
2898,3011,2021-03-20T17:41:34.195000+00:00,1.0,P
2898,3313,2021-03-20T17:41:37.215000+00:00,1.0,S
2899,3011,2021-03-20T17:41:34.195000+00:00,1.0,P
2899,3313,2021-03-20T17:41:37.215000+00:00,1.0,S
2900,3012,2021-03-20T17:41:34.205000+00:00,1.0,P
2900,3314,2021-03-20T17:41:37.225000+00:00,1.0,S
2901,3012,2021-03-20T17:41:34.205000+00:00,1.0,P
2901,3314,2021-03-20T17:41:37.225000+00:00,1.0,S
2902,3012,2021-03-20T17:41:34.205000+00:00,1.0,P
2902,3314,2021-03-20T17:41:37.225000+00:00,1.0,S
2903,3012,2021-03-20T17:41:34.205000+00:00,1.0,P
2903,3314,2021-03-20T17:41:37.225000+00:00,1.0,S
2904,3012,2021-03-20T17:41:34.205000+00:00,1.0,P
2904,3315,2021-03-20T17:41:37.235000+00:00,1.0,S
2905,3012,2021-03-20T17:41:34.205000+00:00,1.0,P
2905,3315,2021-03-20T17:41:37.235000+00:00,1.0,S
2906,3012,2021-03-20T17:41:34.205000+00:00,1.0,P
2906,3315,2021-03-20T17:41:37.235000+00:00,1.0,S
2907,3012,2021-03-20T17:41:34.205000+00:00,1.0,P
2907,3315,2021-03-20T17:41:37.235000+00:00,1.0,S
2908,3013,2021-03-20T17:41:34.215000+00:00,1.0,P
2908,3315,2021-03-20T17:41:37.235000+00:00,1.0,S
2909,3013,2021-03-20T17:41:34.215000+00:00,1.0,P
2909,3316,2021-03-20T17:41:37.245000+00:00,1.0,S
2910,3013,2021-03-20T17:41:34.215000+00:00,1.0,P
2910,3316,2021-03-20T17:41:37.245000+00:00,1.0,S
2911,3013,2021-03-20T17:41:34.215000+00:00,1.0,P
2911,3316,2021-03-20T17:41:37.245000+00:00,1.0,S
2912,3013,2021-03-20T17:41:34.215000+00:00,1.0,P
2912,3316,2021-03-20T17:41:37.245000+00:00,1.0,S
2913,3013,2021-03-20T17:41:34.215000+00:00,1.0,P
2913,3317,2021-03-20T17:41:37.255000+00:00,1.0,S
2914,3013,2021-03-20T17:41:34.215000+00:00,1.0,P
2914,3317,2021-03-20T17:41:37.255000+00:00,1.0,S
2915,3014,2021-03-20T17:41:34.225000+00:00,1.0,P
2915,3317,2021-03-20T17:41:37.255000+00:00,1.0,S
2916,3014,2021-03-20T17:41:34.225000+00:00,1.0,P
2916,3317,2021-03-20T17:41:37.255000+00:00,1.0,S
2917,3014,2021-03-20T17:41:34.225000+00:00,1.0,P
2917,3317,2021-03-20T17:41:37.255000+00:00,1.0,S
2918,3014,2021-03-20T17:41:34.225000+00:00,1.0,P
2918,3318,2021-03-20T17:41:37.265000+00:00,1.0,S
2919,3014,2021-03-20T17:41:34.225000+00:00,1.0,P
2919,3318,2021-03-20T17:41:37.265000+00:00,1.0,S
2920,3014,2021-03-20T17:41:34.225000+00:00,1.0,P
2920,3318,2021-03-20T17:41:37.265000+00:00,1.0,S
2921,3014,2021-03-20T17:41:34.225000+00:00,1.0,P
2921,3318,2021-03-20T17:41:37.265000+00:00,1.0,S
2922,3014,2021-03-20T17:41:34.225000+00:00,1.0,P
2922,3319,2021-03-20T17:41:37.274999+00:00,1.0,S
2923,3015,2021-03-20T17:41:34.235000+00:00,1.0,P
2923,3319,2021-03-20T17:41:37.274999+00:00,1.0,S
2924,3015,2021-03-20T17:41:34.235000+00:00,1.0,P
2924,3319,2021-03-20T17:41:37.274999+00:00,1.0,S
2925,3015,2021-03-20T17:41:34.235000+00:00,1.0,P
2925,3319,2021-03-20T17:41:37.274999+00:00,1.0,S
2926,3015,2021-03-20T17:41:34.235000+00:00,1.0,P
2926,3320,2021-03-20T17:41:37.285000+00:00,1.0,S
2927,3015,2021-03-20T17:41:34.235000+00:00,1.0,P
2927,3320,2021-03-20T17:41:37.285000+00:00,1.0,S
2928,3015,2021-03-20T17:41:34.235000+00:00,1.0,P
2928,3320,2021-03-20T17:41:37.285000+00:00,1.0,S
2929,3015,2021-03-20T17:41:34.235000+00:00,1.0,P
2929,3320,2021-03-20T17:41:37.285000+00:00,1.0,S
2930,3016,2021-03-20T17:41:34.245000+00:00,1.0,P
2930,3320,2021-03-20T17:41:37.285000+00:00,1.0,S
2931,3016,2021-03-20T17:41:34.245000+00:00,1.0,P
2931,3321,2021-03-20T17:41:37.295000+00:00,1.0,S
2932,3016,2021-03-20T17:41:34.245000+00:00,1.0,P
2932,3321,2021-03-20T17:41:37.295000+00:00,1.0,S
2933,3016,2021-03-20T17:41:34.245000+00:00,1.0,P
2933,3321,2021-03-20T17:41:37.295000+00:00,1.0,S
2934,3016,2021-03-20T17:41:34.245000+00:00,1.0,P
2934,3322,2021-03-20T17:41:37.305000+00:00,1.0,S
2935,3016,2021-03-20T17:41:34.245000+00:00,1.0,P
2935,3322,2021-03-20T17:41:37.305000+00:00,1.0,S
2936,3017,2021-03-20T17:41:34.255000+00:00,1.0,P
2936,3322,2021-03-20T17:41:37.305000+00:00,1.0,S
2937,3017,2021-03-20T17:41:34.255000+00:00,1.0,P
2937,3322,2021-03-20T17:41:37.305000+00:00,1.0,S
2938,3017,2021-03-20T17:41:34.255000+00:00,1.0,P
2938,3323,2021-03-20T17:41:37.315000+00:00,1.0,S
2939,3017,2021-03-20T17:41:34.255000+00:00,1.0,P
2939,3323,2021-03-20T17:41:37.315000+00:00,1.0,S
2940,3017,2021-03-20T17:41:34.255000+00:00,1.0,P
2940,3323,2021-03-20T17:41:37.315000+00:00,1.0,S
2941,3017,2021-03-20T17:41:34.255000+00:00,1.0,P
2941,3323,2021-03-20T17:41:37.315000+00:00,1.0,S
2942,3017,2021-03-20T17:41:34.255000+00:00,1.0,P
2942,3324,2021-03-20T17:41:37.325000+00:00,1.0,S
2943,3018,2021-03-20T17:41:34.265000+00:00,1.0,P
2943,3324,2021-03-20T17:41:37.325000+00:00,1.0,S
2944,3018,2021-03-20T17:41:34.265000+00:00,1.0,P
2944,3324,2021-03-20T17:41:37.325000+00:00,1.0,S
2945,3018,2021-03-20T17:41:34.265000+00:00,1.0,P
2945,3325,2021-03-20T17:41:37.335000+00:00,1.0,S
2946,3018,2021-03-20T17:41:34.265000+00:00,1.0,P
2946,3325,2021-03-20T17:41:37.335000+00:00,1.0,S
2947,3018,2021-03-20T17:41:34.265000+00:00,1.0,P
2947,3325,2021-03-20T17:41:37.335000+00:00,1.0,S
2948,3018,2021-03-20T17:41:34.265000+00:00,1.0,P
2948,3326,2021-03-20T17:41:37.344999+00:00,1.0,S
2949,3019,2021-03-20T17:41:34.275000+00:00,1.0,P
2949,3326,2021-03-20T17:41:37.344999+00:00,1.0,S
2950,3019,2021-03-20T17:41:34.275000+00:00,1.0,P
2950,3326,2021-03-20T17:41:37.344999+00:00,1.0,S
2951,3019,2021-03-20T17:41:34.275000+00:00,1.0,P
2951,3326,2021-03-20T17:41:37.344999+00:00,1.0,S
2952,3019,2021-03-20T17:41:34.275000+00:00,1.0,P
2952,3327,2021-03-20T17:41:37.355000+00:00,1.0,S
2953,3019,2021-03-20T17:41:34.275000+00:00,1.0,P
2953,3327,2021-03-20T17:41:37.355000+00:00,1.0,S
2954,3019,2021-03-20T17:41:34.275000+00:00,1.0,P
2954,3327,2021-03-20T17:41:37.355000+00:00,1.0,S
2955,3019,2021-03-20T17:41:34.275000+00:00,1.0,P
2955,3328,2021-03-20T17:41:37.365000+00:00,1.0,S
2956,3020,2021-03-20T17:41:34.285000+00:00,1.0,P
2956,3328,2021-03-20T17:41:37.365000+00:00,1.0,S
2957,3020,2021-03-20T17:41:34.285000+00:00,1.0,P
2957,3328,2021-03-20T17:41:37.365000+00:00,1.0,S
2958,3020,2021-03-20T17:41:34.285000+00:00,1.0,P
2958,3328,2021-03-20T17:41:37.365000+00:00,1.0,S
2959,3020,2021-03-20T17:41:34.285000+00:00,1.0,P
2959,3329,2021-03-20T17:41:37.375000+00:00,1.0,S
2960,3020,2021-03-20T17:41:34.285000+00:00,1.0,P
2960,3329,2021-03-20T17:41:37.375000+00:00,1.0,S
2961,3020,2021-03-20T17:41:34.285000+00:00,1.0,P
2961,3329,2021-03-20T17:41:37.375000+00:00,1.0,S
2962,3020,2021-03-20T17:41:34.285000+00:00,1.0,P
2962,3329,2021-03-20T17:41:37.375000+00:00,1.0,S
2963,3021,2021-03-20T17:41:34.295000+00:00,1.0,P
2963,3330,2021-03-20T17:41:37.384999+00:00,1.0,S
2964,3021,2021-03-20T17:41:34.295000+00:00,1.0,P
2964,3330,2021-03-20T17:41:37.384999+00:00,1.0,S
2965,3021,2021-03-20T17:41:34.295000+00:00,1.0,P
2965,3330,2021-03-20T17:41:37.384999+00:00,1.0,S
2966,3021,2021-03-20T17:41:34.295000+00:00,1.0,P
2966,3331,2021-03-20T17:41:37.395000+00:00,1.0,S
2967,3021,2021-03-20T17:41:34.295000+00:00,1.0,P
2967,3331,2021-03-20T17:41:37.395000+00:00,1.0,S
2968,3021,2021-03-20T17:41:34.295000+00:00,1.0,P
2968,3331,2021-03-20T17:41:37.395000+00:00,1.0,S
2969,3021,2021-03-20T17:41:34.295000+00:00,1.0,P
2969,3331,2021-03-20T17:41:37.395000+00:00,1.0,S
2970,3021,2021-03-20T17:41:34.295000+00:00,1.0,P
2970,3332,2021-03-20T17:41:37.405000+00:00,1.0,S
2971,3022,2021-03-20T17:41:34.305000+00:00,1.0,P
2971,3332,2021-03-20T17:41:37.405000+00:00,1.0,S
2972,3022,2021-03-20T17:41:34.305000+00:00,1.0,P
2972,3332,2021-03-20T17:41:37.405000+00:00,1.0,S
2973,3022,2021-03-20T17:41:34.305000+00:00,1.0,P
2973,3332,2021-03-20T17:41:37.405000+00:00,1.0,S
2974,3022,2021-03-20T17:41:34.305000+00:00,1.0,P
2974,3333,2021-03-20T17:41:37.415000+00:00,1.0,S
2975,3022,2021-03-20T17:41:34.305000+00:00,1.0,P
2975,3333,2021-03-20T17:41:37.415000+00:00,1.0,S
2976,3022,2021-03-20T17:41:34.305000+00:00,1.0,P
2976,3333,2021-03-20T17:41:37.415000+00:00,1.0,S
2977,3022,2021-03-20T17:41:34.305000+00:00,1.0,P
2977,3333,2021-03-20T17:41:37.415000+00:00,1.0,S
2978,3022,2021-03-20T17:41:34.305000+00:00,1.0,P
2978,3334,2021-03-20T17:41:37.425000+00:00,1.0,S
2979,3022,2021-03-20T17:41:34.305000+00:00,1.0,P
2979,3334,2021-03-20T17:41:37.425000+00:00,1.0,S
2980,3023,2021-03-20T17:41:34.315000+00:00,1.0,P
2980,3334,2021-03-20T17:41:37.425000+00:00,1.0,S
2981,3023,2021-03-20T17:41:34.315000+00:00,1.0,P
2981,3334,2021-03-20T17:41:37.425000+00:00,1.0,S
2982,3023,2021-03-20T17:41:34.315000+00:00,1.0,P
2982,3334,2021-03-20T17:41:37.425000+00:00,1.0,S
2983,3023,2021-03-20T17:41:34.315000+00:00,1.0,P
2983,3335,2021-03-20T17:41:37.435000+00:00,1.0,S
2984,3023,2021-03-20T17:41:34.315000+00:00,1.0,P
2984,3335,2021-03-20T17:41:37.435000+00:00,1.0,S
2985,3023,2021-03-20T17:41:34.315000+00:00,1.0,P
2985,3335,2021-03-20T17:41:37.435000+00:00,1.0,S
2986,3023,2021-03-20T17:41:34.315000+00:00,1.0,P
2986,3335,2021-03-20T17:41:37.435000+00:00,1.0,S
2987,3023,2021-03-20T17:41:34.315000+00:00,1.0,P
2987,3336,2021-03-20T17:41:37.445000+00:00,1.0,S
2988,3023,2021-03-20T17:41:34.315000+00:00,1.0,P
2988,3336,2021-03-20T17:41:37.445000+00:00,1.0,S
2989,3023,2021-03-20T17:41:34.315000+00:00,1.0,P
2989,3336,2021-03-20T17:41:37.445000+00:00,1.0,S
2990,3024,2021-03-20T17:41:34.325000+00:00,1.0,P
2990,3336,2021-03-20T17:41:37.445000+00:00,1.0,S
2991,3024,2021-03-20T17:41:34.325000+00:00,1.0,P
2991,3336,2021-03-20T17:41:37.445000+00:00,1.0,S
2992,3024,2021-03-20T17:41:34.325000+00:00,1.0,P
2992,3337,2021-03-20T17:41:37.454999+00:00,1.0,S
2993,3024,2021-03-20T17:41:34.325000+00:00,1.0,P
2993,3337,2021-03-20T17:41:37.454999+00:00,1.0,S
2994,3024,2021-03-20T17:41:34.325000+00:00,1.0,P
2994,3337,2021-03-20T17:41:37.454999+00:00,1.0,S
2995,3024,2021-03-20T17:41:34.325000+00:00,1.0,P
2995,3337,2021-03-20T17:41:37.454999+00:00,1.0,S
2996,3024,2021-03-20T17:41:34.325000+00:00,1.0,P
2996,3338,2021-03-20T17:41:37.465000+00:00,1.0,S
2997,3024,2021-03-20T17:41:34.325000+00:00,1.0,P
2997,3338,2021-03-20T17:41:37.465000+00:00,1.0,S
2998,3024,2021-03-20T17:41:34.325000+00:00,1.0,P
2998,3338,2021-03-20T17:41:37.465000+00:00,1.0,S
2999,3024,2021-03-20T17:41:34.325000+00:00,1.0,P
2999,3338,2021-03-20T17:41:37.465000+00:00,1.0,S
3000,3024,2021-03-20T17:41:34.325000+00:00,1.0,P
3000,3338,2021-03-20T17:41:37.465000+00:00,1.0,S
3001,3024,2021-03-20T17:41:34.325000+00:00,1.0,P
3001,3339,2021-03-20T17:41:37.475000+00:00,1.0,S
3002,3025,2021-03-20T17:41:34.335000+00:00,1.0,P
3002,3339,2021-03-20T17:41:37.475000+00:00,1.0,S
3003,3025,2021-03-20T17:41:34.335000+00:00,1.0,P
3003,3339,2021-03-20T17:41:37.475000+00:00,1.0,S
3004,3025,2021-03-20T17:41:34.335000+00:00,1.0,P
3004,3339,2021-03-20T17:41:37.475000+00:00,1.0,S
3005,3025,2021-03-20T17:41:34.335000+00:00,1.0,P
3005,3340,2021-03-20T17:41:37.485000+00:00,1.0,S
3006,3025,2021-03-20T17:41:34.335000+00:00,1.0,P
3006,3340,2021-03-20T17:41:37.485000+00:00,1.0,S
3007,3025,2021-03-20T17:41:34.335000+00:00,1.0,P
3007,3340,2021-03-20T17:41:37.485000+00:00,1.0,S
3008,3025,2021-03-20T17:41:34.335000+00:00,1.0,P
3008,3340,2021-03-20T17:41:37.485000+00:00,1.0,S
3009,3025,2021-03-20T17:41:34.335000+00:00,1.0,P
3009,3340,2021-03-20T17:41:37.485000+00:00,1.0,S
3010,3025,2021-03-20T17:41:34.335000+00:00,1.0,P
3010,3341,2021-03-20T17:41:37.495000+00:00,1.0,S
3011,3025,2021-03-20T17:41:34.335000+00:00,1.0,P
3011,3341,2021-03-20T17:41:37.495000+00:00,1.0,S
3012,3025,2021-03-20T17:41:34.335000+00:00,1.0,P
3012,3341,2021-03-20T17:41:37.495000+00:00,1.0,S
3013,3026,2021-03-20T17:41:34.345000+00:00,1.0,P
3013,3341,2021-03-20T17:41:37.495000+00:00,1.0,S
3014,3026,2021-03-20T17:41:34.345000+00:00,1.0,P
3014,3342,2021-03-20T17:41:37.505000+00:00,1.0,S
3015,3026,2021-03-20T17:41:34.345000+00:00,1.0,P
3015,3342,2021-03-20T17:41:37.505000+00:00,1.0,S
3016,3026,2021-03-20T17:41:34.345000+00:00,1.0,P
3016,3342,2021-03-20T17:41:37.505000+00:00,1.0,S
3017,3026,2021-03-20T17:41:34.345000+00:00,1.0,P
3017,3342,2021-03-20T17:41:37.505000+00:00,1.0,S
3018,3026,2021-03-20T17:41:34.345000+00:00,1.0,P
3018,3343,2021-03-20T17:41:37.515000+00:00,1.0,S
3019,3026,2021-03-20T17:41:34.345000+00:00,1.0,P
3019,3343,2021-03-20T17:41:37.515000+00:00,1.0,S
3020,3026,2021-03-20T17:41:34.345000+00:00,1.0,P
3020,3343,2021-03-20T17:41:37.515000+00:00,1.0,S
3021,3026,2021-03-20T17:41:34.345000+00:00,1.0,P
3021,3343,2021-03-20T17:41:37.515000+00:00,1.0,S
3022,3026,2021-03-20T17:41:34.345000+00:00,1.0,P
3022,3344,2021-03-20T17:41:37.524999+00:00,1.0,S
3023,3026,2021-03-20T17:41:34.345000+00:00,1.0,P
3023,3344,2021-03-20T17:41:37.524999+00:00,1.0,S
3024,3027,2021-03-20T17:41:34.355000+00:00,1.0,P
3024,3344,2021-03-20T17:41:37.524999+00:00,1.0,S
3025,3027,2021-03-20T17:41:34.355000+00:00,1.0,P
3025,3344,2021-03-20T17:41:37.524999+00:00,1.0,S
3026,3027,2021-03-20T17:41:34.355000+00:00,1.0,P
3026,3344,2021-03-20T17:41:37.524999+00:00,1.0,S
3027,3027,2021-03-20T17:41:34.355000+00:00,1.0,P
3027,3344,2021-03-20T17:41:37.524999+00:00,1.0,S
3028,3027,2021-03-20T17:41:34.355000+00:00,1.0,P
3028,3345,2021-03-20T17:41:37.535000+00:00,1.0,S
3029,3027,2021-03-20T17:41:34.355000+00:00,1.0,P
3029,3345,2021-03-20T17:41:37.535000+00:00,1.0,S
3030,3027,2021-03-20T17:41:34.355000+00:00,1.0,P
3030,3345,2021-03-20T17:41:37.535000+00:00,1.0,S
3031,3027,2021-03-20T17:41:34.355000+00:00,1.0,P
3031,3345,2021-03-20T17:41:37.535000+00:00,1.0,S
3032,3027,2021-03-20T17:41:34.355000+00:00,1.0,P
3032,3345,2021-03-20T17:41:37.535000+00:00,1.0,S
3033,3027,2021-03-20T17:41:34.355000+00:00,1.0,P
3033,3345,2021-03-20T17:41:37.535000+00:00,1.0,S
3034,3028,2021-03-20T17:41:34.365000+00:00,1.0,P
3034,3346,2021-03-20T17:41:37.545000+00:00,1.0,S
3035,3028,2021-03-20T17:41:34.365000+00:00,1.0,P
3035,3346,2021-03-20T17:41:37.545000+00:00,1.0,S
3036,3028,2021-03-20T17:41:34.365000+00:00,1.0,P
3036,3346,2021-03-20T17:41:37.545000+00:00,1.0,S
3037,3028,2021-03-20T17:41:34.365000+00:00,1.0,P
3037,3346,2021-03-20T17:41:37.545000+00:00,1.0,S
3038,3028,2021-03-20T17:41:34.365000+00:00,1.0,P
3038,3346,2021-03-20T17:41:37.545000+00:00,1.0,S
3039,3028,2021-03-20T17:41:34.365000+00:00,1.0,P
3039,3346,2021-03-20T17:41:37.545000+00:00,1.0,S
3040,3028,2021-03-20T17:41:34.365000+00:00,1.0,P
3040,3347,2021-03-20T17:41:37.555000+00:00,1.0,S
3041,3028,2021-03-20T17:41:34.365000+00:00,1.0,P
3041,3347,2021-03-20T17:41:37.555000+00:00,1.0,S
3042,3029,2021-03-20T17:41:34.375000+00:00,1.0,P
3042,3347,2021-03-20T17:41:37.555000+00:00,1.0,S
3043,3029,2021-03-20T17:41:34.375000+00:00,1.0,P
3043,3347,2021-03-20T17:41:37.555000+00:00,1.0,S
3044,3029,2021-03-20T17:41:34.375000+00:00,1.0,P
3044,3347,2021-03-20T17:41:37.555000+00:00,1.0,S
3045,3029,2021-03-20T17:41:34.375000+00:00,1.0,P
3045,3348,2021-03-20T17:41:37.565000+00:00,1.0,S
3046,3029,2021-03-20T17:41:34.375000+00:00,1.0,P
3046,3348,2021-03-20T17:41:37.565000+00:00,1.0,S
3047,3029,2021-03-20T17:41:34.375000+00:00,1.0,P
3047,3348,2021-03-20T17:41:37.565000+00:00,1.0,S
3048,3029,2021-03-20T17:41:34.375000+00:00,1.0,P
3048,3348,2021-03-20T17:41:37.565000+00:00,1.0,S
3049,3029,2021-03-20T17:41:34.375000+00:00,1.0,P
3049,3348,2021-03-20T17:41:37.565000+00:00,1.0,S
3050,3029,2021-03-20T17:41:34.375000+00:00,1.0,P
3050,3348,2021-03-20T17:41:37.565000+00:00,1.0,S
3051,3030,2021-03-20T17:41:34.385000+00:00,1.0,P
3051,3349,2021-03-20T17:41:37.575000+00:00,1.0,S
3052,3030,2021-03-20T17:41:34.385000+00:00,1.0,P
3052,3349,2021-03-20T17:41:37.575000+00:00,1.0,S
3053,3030,2021-03-20T17:41:34.385000+00:00,1.0,P
3053,3349,2021-03-20T17:41:37.575000+00:00,1.0,S
3054,3030,2021-03-20T17:41:34.385000+00:00,1.0,P
3054,3349,2021-03-20T17:41:37.575000+00:00,1.0,S
3055,3030,2021-03-20T17:41:34.385000+00:00,1.0,P
3055,3349,2021-03-20T17:41:37.575000+00:00,1.0,S
3056,3030,2021-03-20T17:41:34.385000+00:00,1.0,P
3056,3350,2021-03-20T17:41:37.585000+00:00,1.0,S
3057,3030,2021-03-20T17:41:34.385000+00:00,1.0,P
3057,3350,2021-03-20T17:41:37.585000+00:00,1.0,S
3058,3030,2021-03-20T17:41:34.385000+00:00,1.0,P
3058,3350,2021-03-20T17:41:37.585000+00:00,1.0,S
3059,3030,2021-03-20T17:41:34.385000+00:00,1.0,P
3059,3350,2021-03-20T17:41:37.585000+00:00,1.0,S
3060,3031,2021-03-20T17:41:34.395000+00:00,1.0,P
3060,3351,2021-03-20T17:41:37.594999+00:00,1.0,S
3061,3031,2021-03-20T17:41:34.395000+00:00,1.0,P
3061,3351,2021-03-20T17:41:37.594999+00:00,1.0,S
3062,3031,2021-03-20T17:41:34.395000+00:00,1.0,P
3062,3351,2021-03-20T17:41:37.594999+00:00,1.0,S
3063,3031,2021-03-20T17:41:34.395000+00:00,1.0,P
3063,3351,2021-03-20T17:41:37.594999+00:00,1.0,S
3064,3031,2021-03-20T17:41:34.395000+00:00,1.0,P
3064,3352,2021-03-20T17:41:37.605000+00:00,1.0,S
3065,3031,2021-03-20T17:41:34.395000+00:00,1.0,P
3065,3352,2021-03-20T17:41:37.605000+00:00,1.0,S
3066,3031,2021-03-20T17:41:34.395000+00:00,1.0,P
3066,3352,2021-03-20T17:41:37.605000+00:00,1.0,S
3067,3031,2021-03-20T17:41:34.395000+00:00,1.0,P
3067,3352,2021-03-20T17:41:37.605000+00:00,1.0,S
3068,3031,2021-03-20T17:41:34.395000+00:00,1.0,P
3068,3352,2021-03-20T17:41:37.605000+00:00,1.0,S
3069,3032,2021-03-20T17:41:34.405000+00:00,1.0,P
3069,3353,2021-03-20T17:41:37.615000+00:00,1.0,S
3070,3032,2021-03-20T17:41:34.405000+00:00,1.0,P
3070,3353,2021-03-20T17:41:37.615000+00:00,1.0,S
3071,3032,2021-03-20T17:41:34.405000+00:00,1.0,P
3071,3353,2021-03-20T17:41:37.615000+00:00,1.0,S
3072,3032,2021-03-20T17:41:34.405000+00:00,1.0,P
3072,3353,2021-03-20T17:41:37.615000+00:00,1.0,S
3073,3032,2021-03-20T17:41:34.405000+00:00,1.0,P
3073,3354,2021-03-20T17:41:37.625000+00:00,1.0,S
3074,3032,2021-03-20T17:41:34.405000+00:00,1.0,P
3074,3354,2021-03-20T17:41:37.625000+00:00,1.0,S
3075,3032,2021-03-20T17:41:34.405000+00:00,1.0,P
3075,3354,2021-03-20T17:41:37.625000+00:00,1.0,S
3076,3032,2021-03-20T17:41:34.405000+00:00,1.0,P
3076,3354,2021-03-20T17:41:37.625000+00:00,1.0,S
3077,3032,2021-03-20T17:41:34.405000+00:00,1.0,P
3077,3354,2021-03-20T17:41:37.625000+00:00,1.0,S
3078,3033,2021-03-20T17:41:34.415000+00:00,1.0,P
3078,3354,2021-03-20T17:41:37.625000+00:00,1.0,S
3079,3033,2021-03-20T17:41:34.415000+00:00,1.0,P
3079,3355,2021-03-20T17:41:37.634999+00:00,1.0,S
3080,3033,2021-03-20T17:41:34.415000+00:00,1.0,P
3080,3355,2021-03-20T17:41:37.634999+00:00,1.0,S
3081,3033,2021-03-20T17:41:34.415000+00:00,1.0,P
3081,3355,2021-03-20T17:41:37.634999+00:00,1.0,S
3082,3033,2021-03-20T17:41:34.415000+00:00,1.0,P
3082,3355,2021-03-20T17:41:37.634999+00:00,1.0,S
3083,3033,2021-03-20T17:41:34.415000+00:00,1.0,P
3083,3355,2021-03-20T17:41:37.634999+00:00,1.0,S
3084,3033,2021-03-20T17:41:34.415000+00:00,1.0,P
3084,3355,2021-03-20T17:41:37.634999+00:00,1.0,S
3085,3033,2021-03-20T17:41:34.415000+00:00,1.0,P
3085,3355,2021-03-20T17:41:37.634999+00:00,1.0,S
3086,3033,2021-03-20T17:41:34.415000+00:00,1.0,P
3086,3355,2021-03-20T17:41:37.634999+00:00,1.0,S
3087,3034,2021-03-20T17:41:34.425000+00:00,1.0,P
3087,3356,2021-03-20T17:41:37.645000+00:00,1.0,S
3088,3034,2021-03-20T17:41:34.425000+00:00,1.0,P
3088,3356,2021-03-20T17:41:37.645000+00:00,1.0,S
3089,3034,2021-03-20T17:41:34.425000+00:00,1.0,P
3089,3356,2021-03-20T17:41:37.645000+00:00,1.0,S
3090,3034,2021-03-20T17:41:34.425000+00:00,1.0,P
3090,3356,2021-03-20T17:41:37.645000+00:00,1.0,S
3091,3034,2021-03-20T17:41:34.425000+00:00,1.0,P
3091,3356,2021-03-20T17:41:37.645000+00:00,1.0,S
3092,3034,2021-03-20T17:41:34.425000+00:00,1.0,P
3092,3356,2021-03-20T17:41:37.645000+00:00,1.0,S
3093,3034,2021-03-20T17:41:34.425000+00:00,1.0,P
3093,3356,2021-03-20T17:41:37.645000+00:00,1.0,S
3094,3034,2021-03-20T17:41:34.425000+00:00,1.0,P
3094,3356,2021-03-20T17:41:37.645000+00:00,1.0,S
3095,3035,2021-03-20T17:41:34.435000+00:00,1.0,P
3095,3356,2021-03-20T17:41:37.645000+00:00,1.0,S
3096,3035,2021-03-20T17:41:34.435000+00:00,1.0,P
3096,3357,2021-03-20T17:41:37.655000+00:00,1.0,S
3097,3035,2021-03-20T17:41:34.435000+00:00,1.0,P
3097,3357,2021-03-20T17:41:37.655000+00:00,1.0,S
3098,3035,2021-03-20T17:41:34.435000+00:00,1.0,P
3098,3357,2021-03-20T17:41:37.655000+00:00,1.0,S
3099,3035,2021-03-20T17:41:34.435000+00:00,1.0,P
3099,3357,2021-03-20T17:41:37.655000+00:00,1.0,S
3100,3035,2021-03-20T17:41:34.435000+00:00,1.0,P
3100,3357,2021-03-20T17:41:37.655000+00:00,1.0,S
3101,3035,2021-03-20T17:41:34.435000+00:00,1.0,P
3101,3358,2021-03-20T17:41:37.665000+00:00,1.0,S
3102,3036,2021-03-20T17:41:34.445000+00:00,1.0,P
3102,3358,2021-03-20T17:41:37.665000+00:00,1.0,S
3103,3036,2021-03-20T17:41:34.445000+00:00,1.0,P
3103,3358,2021-03-20T17:41:37.665000+00:00,1.0,S
3104,3036,2021-03-20T17:41:34.445000+00:00,1.0,P
3104,3358,2021-03-20T17:41:37.665000+00:00,1.0,S
3105,3036,2021-03-20T17:41:34.445000+00:00,1.0,P
3105,3358,2021-03-20T17:41:37.665000+00:00,1.0,S
3106,3036,2021-03-20T17:41:34.445000+00:00,1.0,P
3106,3358,2021-03-20T17:41:37.665000+00:00,1.0,S
3107,3036,2021-03-20T17:41:34.445000+00:00,1.0,P
3107,3359,2021-03-20T17:41:37.675000+00:00,1.0,S
3108,3036,2021-03-20T17:41:34.445000+00:00,1.0,P
3108,3359,2021-03-20T17:41:37.675000+00:00,1.0,S
3109,3036,2021-03-20T17:41:34.445000+00:00,1.0,P
3109,3359,2021-03-20T17:41:37.675000+00:00,1.0,S
3110,3037,2021-03-20T17:41:34.455000+00:00,1.0,P
3110,3359,2021-03-20T17:41:37.675000+00:00,1.0,S
3111,3037,2021-03-20T17:41:34.455000+00:00,1.0,P
3111,3359,2021-03-20T17:41:37.675000+00:00,1.0,S
3112,3037,2021-03-20T17:41:34.455000+00:00,1.0,P
3112,3359,2021-03-20T17:41:37.675000+00:00,1.0,S
3113,3037,2021-03-20T17:41:34.455000+00:00,1.0,P
3113,3360,2021-03-20T17:41:37.685000+00:00,1.0,S
3114,3037,2021-03-20T17:41:34.455000+00:00,1.0,P
3114,3360,2021-03-20T17:41:37.685000+00:00,1.0,S
3115,3037,2021-03-20T17:41:34.455000+00:00,1.0,P
3115,3360,2021-03-20T17:41:37.685000+00:00,1.0,S
3116,3037,2021-03-20T17:41:34.455000+00:00,1.0,P
3116,3360,2021-03-20T17:41:37.685000+00:00,1.0,S
3117,3037,2021-03-20T17:41:34.455000+00:00,1.0,P
3117,3360,2021-03-20T17:41:37.685000+00:00,1.0,S
3118,3037,2021-03-20T17:41:34.455000+00:00,1.0,P
3118,3361,2021-03-20T17:41:37.695000+00:00,1.0,S
3119,3038,2021-03-20T17:41:34.465000+00:00,1.0,P
3119,3361,2021-03-20T17:41:37.695000+00:00,1.0,S
3120,3038,2021-03-20T17:41:34.465000+00:00,1.0,P
3120,3361,2021-03-20T17:41:37.695000+00:00,1.0,S
3121,3038,2021-03-20T17:41:34.465000+00:00,1.0,P
3121,3361,2021-03-20T17:41:37.695000+00:00,1.0,S
3122,3038,2021-03-20T17:41:34.465000+00:00,1.0,P
3122,3361,2021-03-20T17:41:37.695000+00:00,1.0,S
3123,3038,2021-03-20T17:41:34.465000+00:00,1.0,P
3123,3361,2021-03-20T17:41:37.695000+00:00,1.0,S
3124,3038,2021-03-20T17:41:34.465000+00:00,1.0,P
3124,3361,2021-03-20T17:41:37.695000+00:00,1.0,S
3125,3038,2021-03-20T17:41:34.465000+00:00,1.0,P
3125,3362,2021-03-20T17:41:37.704999+00:00,1.0,S
3126,3038,2021-03-20T17:41:34.465000+00:00,1.0,P
3126,3362,2021-03-20T17:41:37.704999+00:00,1.0,S
3127,3039,2021-03-20T17:41:34.475000+00:00,1.0,P
3127,3362,2021-03-20T17:41:37.704999+00:00,1.0,S
3128,3039,2021-03-20T17:41:34.475000+00:00,1.0,P
3128,3362,2021-03-20T17:41:37.704999+00:00,1.0,S
3129,3039,2021-03-20T17:41:34.475000+00:00,1.0,P
3129,3362,2021-03-20T17:41:37.704999+00:00,1.0,S
3130,3039,2021-03-20T17:41:34.475000+00:00,1.0,P
3130,3362,2021-03-20T17:41:37.704999+00:00,1.0,S
3131,3039,2021-03-20T17:41:34.475000+00:00,1.0,P
3131,3363,2021-03-20T17:41:37.715000+00:00,1.0,S
3132,3039,2021-03-20T17:41:34.475000+00:00,1.0,P
3132,3363,2021-03-20T17:41:37.715000+00:00,1.0,S
3133,3039,2021-03-20T17:41:34.475000+00:00,1.0,P
3133,3363,2021-03-20T17:41:37.715000+00:00,1.0,S
3134,3039,2021-03-20T17:41:34.475000+00:00,1.0,P
3134,3363,2021-03-20T17:41:37.715000+00:00,1.0,S
3135,3040,2021-03-20T17:41:34.485000+00:00,1.0,P
3135,3364,2021-03-20T17:41:37.725000+00:00,1.0,S
3136,3040,2021-03-20T17:41:34.485000+00:00,1.0,P
3136,3364,2021-03-20T17:41:37.725000+00:00,1.0,S
3137,3040,2021-03-20T17:41:34.485000+00:00,1.0,P
3137,3364,2021-03-20T17:41:37.725000+00:00,1.0,S
3138,3040,2021-03-20T17:41:34.485000+00:00,1.0,P
3138,3364,2021-03-20T17:41:37.725000+00:00,1.0,S
3139,3040,2021-03-20T17:41:34.485000+00:00,1.0,P
3139,3365,2021-03-20T17:41:37.735000+00:00,1.0,S
3140,3040,2021-03-20T17:41:34.485000+00:00,1.0,P
3140,3365,2021-03-20T17:41:37.735000+00:00,1.0,S
3141,3040,2021-03-20T17:41:34.485000+00:00,1.0,P
3141,3365,2021-03-20T17:41:37.735000+00:00,1.0,S
3142,3040,2021-03-20T17:41:34.485000+00:00,1.0,P
3142,3365,2021-03-20T17:41:37.735000+00:00,1.0,S
3143,3041,2021-03-20T17:41:34.495000+00:00,1.0,P
3143,3365,2021-03-20T17:41:37.735000+00:00,1.0,S
3144,3041,2021-03-20T17:41:34.495000+00:00,1.0,P
3144,3365,2021-03-20T17:41:37.735000+00:00,1.0,S
3145,3041,2021-03-20T17:41:34.495000+00:00,1.0,P
3145,3366,2021-03-20T17:41:37.745000+00:00,1.0,S
3146,3041,2021-03-20T17:41:34.495000+00:00,1.0,P
3146,3366,2021-03-20T17:41:37.745000+00:00,1.0,S
3147,3041,2021-03-20T17:41:34.495000+00:00,1.0,P
3147,3366,2021-03-20T17:41:37.745000+00:00,1.0,S
3148,3041,2021-03-20T17:41:34.495000+00:00,1.0,P
3148,3366,2021-03-20T17:41:37.745000+00:00,1.0,S
3149,3041,2021-03-20T17:41:34.495000+00:00,1.0,P
3149,3366,2021-03-20T17:41:37.745000+00:00,1.0,S
3150,3041,2021-03-20T17:41:34.495000+00:00,1.0,P
3150,3367,2021-03-20T17:41:37.755000+00:00,1.0,S
3151,3042,2021-03-20T17:41:34.505000+00:00,1.0,P
3151,3367,2021-03-20T17:41:37.755000+00:00,1.0,S
3152,3042,2021-03-20T17:41:34.505000+00:00,1.0,P
3152,3367,2021-03-20T17:41:37.755000+00:00,1.0,S
3153,3042,2021-03-20T17:41:34.505000+00:00,1.0,P
3153,3367,2021-03-20T17:41:37.755000+00:00,1.0,S
3154,3042,2021-03-20T17:41:34.505000+00:00,1.0,P
3154,3368,2021-03-20T17:41:37.765000+00:00,1.0,S
3155,3042,2021-03-20T17:41:34.505000+00:00,1.0,P
3155,3368,2021-03-20T17:41:37.765000+00:00,1.0,S
3156,3042,2021-03-20T17:41:34.505000+00:00,1.0,P
3156,3368,2021-03-20T17:41:37.765000+00:00,1.0,S
3157,3042,2021-03-20T17:41:34.505000+00:00,1.0,P
3157,3368,2021-03-20T17:41:37.765000+00:00,1.0,S
3158,3042,2021-03-20T17:41:34.505000+00:00,1.0,P
3158,3368,2021-03-20T17:41:37.765000+00:00,1.0,S
3159,3043,2021-03-20T17:41:34.515000+00:00,1.0,P
3159,3368,2021-03-20T17:41:37.765000+00:00,1.0,S
3160,3043,2021-03-20T17:41:34.515000+00:00,1.0,P
3160,3368,2021-03-20T17:41:37.765000+00:00,1.0,S
3161,3043,2021-03-20T17:41:34.515000+00:00,1.0,P
3161,3368,2021-03-20T17:41:37.765000+00:00,1.0,S
3162,3043,2021-03-20T17:41:34.515000+00:00,1.0,P
3162,3368,2021-03-20T17:41:37.765000+00:00,1.0,S
3163,3043,2021-03-20T17:41:34.515000+00:00,1.0,P
3163,3369,2021-03-20T17:41:37.774999+00:00,1.0,S
3164,3043,2021-03-20T17:41:34.515000+00:00,1.0,P
3164,3369,2021-03-20T17:41:37.774999+00:00,1.0,S
3165,3043,2021-03-20T17:41:34.515000+00:00,1.0,P
3165,3369,2021-03-20T17:41:37.774999+00:00,1.0,S
3166,3043,2021-03-20T17:41:34.515000+00:00,1.0,P
3166,3369,2021-03-20T17:41:37.774999+00:00,1.0,S
3167,3044,2021-03-20T17:41:34.525000+00:00,1.0,P
3167,3369,2021-03-20T17:41:37.774999+00:00,1.0,S
3168,3044,2021-03-20T17:41:34.525000+00:00,1.0,P
3168,3370,2021-03-20T17:41:37.785000+00:00,1.0,S
3169,3044,2021-03-20T17:41:34.525000+00:00,1.0,P
3169,3370,2021-03-20T17:41:37.785000+00:00,1.0,S
3170,3044,2021-03-20T17:41:34.525000+00:00,1.0,P
3170,3370,2021-03-20T17:41:37.785000+00:00,1.0,S
3171,3044,2021-03-20T17:41:34.525000+00:00,1.0,P
3171,3370,2021-03-20T17:41:37.785000+00:00,1.0,S
3172,3044,2021-03-20T17:41:34.525000+00:00,1.0,P
3172,3370,2021-03-20T17:41:37.785000+00:00,1.0,S
3173,3044,2021-03-20T17:41:34.525000+00:00,1.0,P
3173,3371,2021-03-20T17:41:37.795000+00:00,1.0,S
3174,3044,2021-03-20T17:41:34.525000+00:00,1.0,P
3174,3371,2021-03-20T17:41:37.795000+00:00,1.0,S
3175,3045,2021-03-20T17:41:34.535000+00:00,1.0,P
3175,3371,2021-03-20T17:41:37.795000+00:00,1.0,S
3176,3045,2021-03-20T17:41:34.535000+00:00,1.0,P
3176,3371,2021-03-20T17:41:37.795000+00:00,1.0,S
3177,3045,2021-03-20T17:41:34.535000+00:00,1.0,P
3177,3372,2021-03-20T17:41:37.805000+00:00,1.0,S
3178,3045,2021-03-20T17:41:34.535000+00:00,1.0,P
3178,3372,2021-03-20T17:41:37.805000+00:00,1.0,S
3179,3045,2021-03-20T17:41:34.535000+00:00,1.0,P
3179,3372,2021-03-20T17:41:37.805000+00:00,1.0,S
3180,3045,2021-03-20T17:41:34.535000+00:00,1.0,P
3180,3372,2021-03-20T17:41:37.805000+00:00,1.0,S
3181,3045,2021-03-20T17:41:34.535000+00:00,1.0,P
3181,3373,2021-03-20T17:41:37.815000+00:00,1.0,S
3182,3045,2021-03-20T17:41:34.535000+00:00,1.0,P
3182,3373,2021-03-20T17:41:37.815000+00:00,1.0,S
3183,3045,2021-03-20T17:41:34.535000+00:00,1.0,P
3183,3373,2021-03-20T17:41:37.815000+00:00,1.0,S
3184,3046,2021-03-20T17:41:34.545000+00:00,1.0,P
3184,3373,2021-03-20T17:41:37.815000+00:00,1.0,S
3185,3046,2021-03-20T17:41:34.545000+00:00,1.0,P
3185,3373,2021-03-20T17:41:37.815000+00:00,1.0,S
3186,3046,2021-03-20T17:41:34.545000+00:00,1.0,P
3186,3373,2021-03-20T17:41:37.815000+00:00,1.0,S
3187,3046,2021-03-20T17:41:34.545000+00:00,1.0,P
3187,3374,2021-03-20T17:41:37.825000+00:00,1.0,S
3188,3046,2021-03-20T17:41:34.545000+00:00,1.0,P
3188,3374,2021-03-20T17:41:37.825000+00:00,1.0,S
3189,3046,2021-03-20T17:41:34.545000+00:00,1.0,P
3189,3374,2021-03-20T17:41:37.825000+00:00,1.0,S
3190,3046,2021-03-20T17:41:34.545000+00:00,1.0,P
3190,3374,2021-03-20T17:41:37.825000+00:00,1.0,S
3191,3046,2021-03-20T17:41:34.545000+00:00,1.0,P
3191,3374,2021-03-20T17:41:37.825000+00:00,1.0,S
3192,3047,2021-03-20T17:41:34.555000+00:00,1.0,P
3192,3374,2021-03-20T17:41:37.825000+00:00,1.0,S
3193,3047,2021-03-20T17:41:34.555000+00:00,1.0,P
3193,3374,2021-03-20T17:41:37.825000+00:00,1.0,S
3194,3047,2021-03-20T17:41:34.555000+00:00,1.0,P
3194,3375,2021-03-20T17:41:37.835000+00:00,1.0,S
3195,3047,2021-03-20T17:41:34.555000+00:00,1.0,P
3195,3375,2021-03-20T17:41:37.835000+00:00,1.0,S
3196,3047,2021-03-20T17:41:34.555000+00:00,1.0,P
3196,3375,2021-03-20T17:41:37.835000+00:00,1.0,S
3197,3047,2021-03-20T17:41:34.555000+00:00,1.0,P
3197,3375,2021-03-20T17:41:37.835000+00:00,1.0,S
3198,3047,2021-03-20T17:41:34.555000+00:00,1.0,P
3198,3375,2021-03-20T17:41:37.835000+00:00,1.0,S
3199,3048,2021-03-20T17:41:34.565000+00:00,1.0,P
3199,3375,2021-03-20T17:41:37.835000+00:00,1.0,S
3200,3048,2021-03-20T17:41:34.565000+00:00,1.0,P
3200,3376,2021-03-20T17:41:37.844999+00:00,1.0,S
3201,3048,2021-03-20T17:41:34.565000+00:00,1.0,P
3201,3376,2021-03-20T17:41:37.844999+00:00,1.0,S
3202,3048,2021-03-20T17:41:34.565000+00:00,1.0,P
3202,3376,2021-03-20T17:41:37.844999+00:00,1.0,S
3203,3048,2021-03-20T17:41:34.565000+00:00,1.0,P
3203,3376,2021-03-20T17:41:37.844999+00:00,1.0,S
3204,3048,2021-03-20T17:41:34.565000+00:00,1.0,P
3204,3376,2021-03-20T17:41:37.844999+00:00,1.0,S
3205,3048,2021-03-20T17:41:34.565000+00:00,1.0,P
3205,3376,2021-03-20T17:41:37.844999+00:00,1.0,S
3206,3049,2021-03-20T17:41:34.575000+00:00,1.0,P
3206,3376,2021-03-20T17:41:37.844999+00:00,1.0,S
3207,3049,2021-03-20T17:41:34.575000+00:00,1.0,P
3207,3377,2021-03-20T17:41:37.855000+00:00,1.0,S
3208,3049,2021-03-20T17:41:34.575000+00:00,1.0,P
3208,3377,2021-03-20T17:41:37.855000+00:00,1.0,S
3209,3049,2021-03-20T17:41:34.575000+00:00,1.0,P
3209,3377,2021-03-20T17:41:37.855000+00:00,1.0,S
3210,3049,2021-03-20T17:41:34.575000+00:00,1.0,P
3210,3377,2021-03-20T17:41:37.855000+00:00,1.0,S
3211,3049,2021-03-20T17:41:34.575000+00:00,1.0,P
3211,3378,2021-03-20T17:41:37.865000+00:00,1.0,S
3212,3049,2021-03-20T17:41:34.575000+00:00,1.0,P
3212,3378,2021-03-20T17:41:37.865000+00:00,1.0,S
3213,3050,2021-03-20T17:41:34.585000+00:00,1.0,P
3213,3378,2021-03-20T17:41:37.865000+00:00,1.0,S
3214,3050,2021-03-20T17:41:34.585000+00:00,1.0,P
3214,3378,2021-03-20T17:41:37.865000+00:00,1.0,S
3215,3050,2021-03-20T17:41:34.585000+00:00,1.0,P
3215,3378,2021-03-20T17:41:37.865000+00:00,1.0,S
3216,3050,2021-03-20T17:41:34.585000+00:00,1.0,P
3216,3379,2021-03-20T17:41:37.875000+00:00,1.0,S
3217,3050,2021-03-20T17:41:34.585000+00:00,1.0,P
3217,3379,2021-03-20T17:41:37.875000+00:00,1.0,S
3218,3050,2021-03-20T17:41:34.585000+00:00,1.0,P
3218,3379,2021-03-20T17:41:37.875000+00:00,1.0,S
3219,3050,2021-03-20T17:41:34.585000+00:00,1.0,P
3219,3379,2021-03-20T17:41:37.875000+00:00,1.0,S
3220,3051,2021-03-20T17:41:34.595000+00:00,1.0,P
3220,3379,2021-03-20T17:41:37.875000+00:00,1.0,S
3221,3051,2021-03-20T17:41:34.595000+00:00,1.0,P
3221,3379,2021-03-20T17:41:37.875000+00:00,1.0,S
3222,3051,2021-03-20T17:41:34.595000+00:00,1.0,P
3222,3380,2021-03-20T17:41:37.884999+00:00,1.0,S
3223,3051,2021-03-20T17:41:34.595000+00:00,1.0,P
3223,3380,2021-03-20T17:41:37.884999+00:00,1.0,S
3224,3051,2021-03-20T17:41:34.595000+00:00,1.0,P
3224,3380,2021-03-20T17:41:37.884999+00:00,1.0,S
3225,3051,2021-03-20T17:41:34.595000+00:00,1.0,P
3225,3380,2021-03-20T17:41:37.884999+00:00,1.0,S
3226,3051,2021-03-20T17:41:34.595000+00:00,1.0,P
3226,3380,2021-03-20T17:41:37.884999+00:00,1.0,S
3227,3051,2021-03-20T17:41:34.595000+00:00,1.0,P
3227,3380,2021-03-20T17:41:37.884999+00:00,1.0,S
3228,3052,2021-03-20T17:41:34.605000+00:00,1.0,P
3228,3380,2021-03-20T17:41:37.884999+00:00,1.0,S
3229,3052,2021-03-20T17:41:34.605000+00:00,1.0,P
3229,3381,2021-03-20T17:41:37.895000+00:00,1.0,S
3230,3052,2021-03-20T17:41:34.605000+00:00,1.0,P
3230,3381,2021-03-20T17:41:37.895000+00:00,1.0,S
3231,3052,2021-03-20T17:41:34.605000+00:00,1.0,P
3231,3381,2021-03-20T17:41:37.895000+00:00,1.0,S
3232,3052,2021-03-20T17:41:34.605000+00:00,1.0,P
3232,3381,2021-03-20T17:41:37.895000+00:00,1.0,S
3233,3052,2021-03-20T17:41:34.605000+00:00,1.0,P
3233,3381,2021-03-20T17:41:37.895000+00:00,1.0,S
3234,3052,2021-03-20T17:41:34.605000+00:00,1.0,P
3234,3381,2021-03-20T17:41:37.895000+00:00,1.0,S
3235,3052,2021-03-20T17:41:34.605000+00:00,1.0,P
3235,3382,2021-03-20T17:41:37.905000+00:00,1.0,S
3236,3052,2021-03-20T17:41:34.605000+00:00,1.0,P
3236,3382,2021-03-20T17:41:37.905000+00:00,1.0,S
3237,3052,2021-03-20T17:41:34.605000+00:00,1.0,P
3237,3382,2021-03-20T17:41:37.905000+00:00,1.0,S
3238,3052,2021-03-20T17:41:34.605000+00:00,1.0,P
3238,3382,2021-03-20T17:41:37.905000+00:00,1.0,S
3239,3052,2021-03-20T17:41:34.605000+00:00,1.0,P
3239,3382,2021-03-20T17:41:37.905000+00:00,1.0,S
3240,3053,2021-03-20T17:41:34.615000+00:00,1.0,P
3240,3382,2021-03-20T17:41:37.905000+00:00,1.0,S
3241,3053,2021-03-20T17:41:34.615000+00:00,1.0,P
3241,3382,2021-03-20T17:41:37.905000+00:00,1.0,S
3242,3053,2021-03-20T17:41:34.615000+00:00,1.0,P
3242,3383,2021-03-20T17:41:37.915000+00:00,1.0,S
3243,3053,2021-03-20T17:41:34.615000+00:00,1.0,P
3243,3383,2021-03-20T17:41:37.915000+00:00,1.0,S
3244,3053,2021-03-20T17:41:34.615000+00:00,1.0,P
3244,3383,2021-03-20T17:41:37.915000+00:00,1.0,S
3245,3053,2021-03-20T17:41:34.615000+00:00,1.0,P
3245,3383,2021-03-20T17:41:37.915000+00:00,1.0,S
3246,3053,2021-03-20T17:41:34.615000+00:00,1.0,P
3246,3383,2021-03-20T17:41:37.915000+00:00,1.0,S
3247,3053,2021-03-20T17:41:34.615000+00:00,1.0,P
3247,3384,2021-03-20T17:41:37.925000+00:00,1.0,S
3248,3053,2021-03-20T17:41:34.615000+00:00,1.0,P
3248,3384,2021-03-20T17:41:37.925000+00:00,1.0,S
3249,3053,2021-03-20T17:41:34.615000+00:00,1.0,P
3249,3384,2021-03-20T17:41:37.925000+00:00,1.0,S
3250,3053,2021-03-20T17:41:34.615000+00:00,1.0,P
3250,3384,2021-03-20T17:41:37.925000+00:00,1.0,S
3251,3053,2021-03-20T17:41:34.615000+00:00,1.0,P
3251,3384,2021-03-20T17:41:37.925000+00:00,1.0,S
3252,3053,2021-03-20T17:41:34.615000+00:00,1.0,P
3252,3384,2021-03-20T17:41:37.925000+00:00,1.0,S
3253,3053,2021-03-20T17:41:34.615000+00:00,1.0,P
3253,3384,2021-03-20T17:41:37.925000+00:00,1.0,S
3254,3053,2021-03-20T17:41:34.615000+00:00,1.0,P
3254,3385,2021-03-20T17:41:37.935000+00:00,1.0,S
3255,3054,2021-03-20T17:41:34.625000+00:00,1.0,P
3255,3385,2021-03-20T17:41:37.935000+00:00,1.0,S
3256,3054,2021-03-20T17:41:34.625000+00:00,1.0,P
3256,3385,2021-03-20T17:41:37.935000+00:00,1.0,S
3257,3054,2021-03-20T17:41:34.625000+00:00,1.0,P
3257,3385,2021-03-20T17:41:37.935000+00:00,1.0,S
3258,3054,2021-03-20T17:41:34.625000+00:00,1.0,P
3258,3385,2021-03-20T17:41:37.935000+00:00,1.0,S
3259,3054,2021-03-20T17:41:34.625000+00:00,1.0,P
3259,3385,2021-03-20T17:41:37.935000+00:00,1.0,S
3260,3054,2021-03-20T17:41:34.625000+00:00,1.0,P
3260,3385,2021-03-20T17:41:37.935000+00:00,1.0,S
3261,3054,2021-03-20T17:41:34.625000+00:00,1.0,P
3261,3385,2021-03-20T17:41:37.935000+00:00,1.0,S
3262,3054,2021-03-20T17:41:34.625000+00:00,1.0,P
3262,3385,2021-03-20T17:41:37.935000+00:00,1.0,S
3263,3054,2021-03-20T17:41:34.625000+00:00,1.0,P
3263,3385,2021-03-20T17:41:37.935000+00:00,1.0,S
3264,3054,2021-03-20T17:41:34.625000+00:00,1.0,P
3264,3386,2021-03-20T17:41:37.945000+00:00,1.0,S
3265,3054,2021-03-20T17:41:34.625000+00:00,1.0,P
3265,3386,2021-03-20T17:41:37.945000+00:00,1.0,S
3266,3054,2021-03-20T17:41:34.625000+00:00,1.0,P
3266,3386,2021-03-20T17:41:37.945000+00:00,1.0,S
3267,3054,2021-03-20T17:41:34.625000+00:00,1.0,P
3267,3386,2021-03-20T17:41:37.945000+00:00,1.0,S
3268,3054,2021-03-20T17:41:34.625000+00:00,1.0,P
3268,3386,2021-03-20T17:41:37.945000+00:00,1.0,S
3269,3054,2021-03-20T17:41:34.625000+00:00,1.0,P
3269,3386,2021-03-20T17:41:37.945000+00:00,1.0,S
3270,3054,2021-03-20T17:41:34.625000+00:00,1.0,P
3270,3386,2021-03-20T17:41:37.945000+00:00,1.0,S
3271,3054,2021-03-20T17:41:34.625000+00:00,1.0,P
3271,3386,2021-03-20T17:41:37.945000+00:00,1.0,S
3272,3054,2021-03-20T17:41:34.625000+00:00,1.0,P
3272,3386,2021-03-20T17:41:37.945000+00:00,1.0,S
3273,3055,2021-03-20T17:41:34.635000+00:00,1.0,P
3273,3386,2021-03-20T17:41:37.945000+00:00,1.0,S
3274,3055,2021-03-20T17:41:34.635000+00:00,1.0,P
3274,3386,2021-03-20T17:41:37.945000+00:00,1.0,S
3275,3055,2021-03-20T17:41:34.635000+00:00,1.0,P
3275,3386,2021-03-20T17:41:37.945000+00:00,1.0,S
3276,3055,2021-03-20T17:41:34.635000+00:00,1.0,P
3276,3386,2021-03-20T17:41:37.945000+00:00,1.0,S
3277,3055,2021-03-20T17:41:34.635000+00:00,1.0,P
3277,3386,2021-03-20T17:41:37.945000+00:00,1.0,S
3278,3055,2021-03-20T17:41:34.635000+00:00,1.0,P
3278,3386,2021-03-20T17:41:37.945000+00:00,1.0,S
3279,3055,2021-03-20T17:41:34.635000+00:00,1.0,P
3279,3386,2021-03-20T17:41:37.945000+00:00,1.0,S
3280,3055,2021-03-20T17:41:34.635000+00:00,1.0,P
3280,3386,2021-03-20T17:41:37.945000+00:00,1.0,S
3281,3055,2021-03-20T17:41:34.635000+00:00,1.0,P
3281,3386,2021-03-20T17:41:37.945000+00:00,1.0,S
3282,3055,2021-03-20T17:41:34.635000+00:00,1.0,P
3282,3386,2021-03-20T17:41:37.945000+00:00,1.0,S
3283,3055,2021-03-20T17:41:34.635000+00:00,1.0,P
3283,3386,2021-03-20T17:41:37.945000+00:00,1.0,S
3284,3055,2021-03-20T17:41:34.635000+00:00,1.0,P
3284,3386,2021-03-20T17:41:37.945000+00:00,1.0,S
3285,3055,2021-03-20T17:41:34.635000+00:00,1.0,P
3285,3386,2021-03-20T17:41:37.945000+00:00,1.0,S
3286,3055,2021-03-20T17:41:34.635000+00:00,1.0,P
3286,3386,2021-03-20T17:41:37.945000+00:00,1.0,S
3287,3055,2021-03-20T17:41:34.635000+00:00,1.0,P
3287,3386,2021-03-20T17:41:37.945000+00:00,1.0,S
3288,3055,2021-03-20T17:41:34.635000+00:00,1.0,P
3288,3386,2021-03-20T17:41:37.945000+00:00,1.0,S
3289,3055,2021-03-20T17:41:34.635000+00:00,1.0,P
3289,3386,2021-03-20T17:41:37.945000+00:00,1.0,S
3290,3055,2021-03-20T17:41:34.635000+00:00,1.0,P
3290,3386,2021-03-20T17:41:37.945000+00:00,1.0,S
3291,3055,2021-03-20T17:41:34.635000+00:00,1.0,P
3291,3386,2021-03-20T17:41:37.945000+00:00,1.0,S
3292,3055,2021-03-20T17:41:34.635000+00:00,1.0,P
3292,3386,2021-03-20T17:41:37.945000+00:00,1.0,S
3293,3055,2021-03-20T17:41:34.635000+00:00,1.0,P
3293,3386,2021-03-20T17:41:37.945000+00:00,1.0,S
3294,3055,2021-03-20T17:41:34.635000+00:00,1.0,P
3294,3386,2021-03-20T17:41:37.945000+00:00,1.0,S
3295,3055,2021-03-20T17:41:34.635000+00:00,1.0,P
3295,3386,2021-03-20T17:41:37.945000+00:00,1.0,S
3296,3055,2021-03-20T17:41:34.635000+00:00,1.0,P
3296,3386,2021-03-20T17:41:37.945000+00:00,1.0,S
3297,3055,2021-03-20T17:41:34.635000+00:00,1.0,P
3297,3386,2021-03-20T17:41:37.945000+00:00,1.0,S
3298,3055,2021-03-20T17:41:34.635000+00:00,1.0,P
3298,3386,2021-03-20T17:41:37.945000+00:00,1.0,S
3299,3055,2021-03-20T17:41:34.635000+00:00,1.0,P
3299,3386,2021-03-20T17:41:37.945000+00:00,1.0,S
3300,3055,2021-03-20T17:41:34.635000+00:00,1.0,P
3300,3386,2021-03-20T17:41:37.945000+00:00,1.0,S
3301,3055,2021-03-20T17:41:34.635000+00:00,1.0,P
3301,3386,2021-03-20T17:41:37.945000+00:00,1.0,S
3302,3055,2021-03-20T17:41:34.635000+00:00,1.0,P
3302,3386,2021-03-20T17:41:37.945000+00:00,1.0,S
3303,3055,2021-03-20T17:41:34.635000+00:00,1.0,P
3303,3386,2021-03-20T17:41:37.945000+00:00,1.0,S
3304,3055,2021-03-20T17:41:34.635000+00:00,1.0,P
3304,3386,2021-03-20T17:41:37.945000+00:00,1.0,S
3305,3055,2021-03-20T17:41:34.635000+00:00,1.0,P
3305,3386,2021-03-20T17:41:37.945000+00:00,1.0,S
3306,3055,2021-03-20T17:41:34.635000+00:00,1.0,P
3306,3385,2021-03-20T17:41:37.935000+00:00,1.0,S
3307,3055,2021-03-20T17:41:34.635000+00:00,1.0,P
3307,3385,2021-03-20T17:41:37.935000+00:00,1.0,S
3308,3055,2021-03-20T17:41:34.635000+00:00,1.0,P
3308,3385,2021-03-20T17:41:37.935000+00:00,1.0,S
3309,3055,2021-03-20T17:41:34.635000+00:00,1.0,P
3309,3385,2021-03-20T17:41:37.935000+00:00,1.0,S
3310,3055,2021-03-20T17:41:34.635000+00:00,1.0,P
3310,3385,2021-03-20T17:41:37.935000+00:00,1.0,S
3311,3055,2021-03-20T17:41:34.635000+00:00,1.0,P
3311,3385,2021-03-20T17:41:37.935000+00:00,1.0,S
3312,3055,2021-03-20T17:41:34.635000+00:00,1.0,P
3312,3385,2021-03-20T17:41:37.935000+00:00,1.0,S
3313,3055,2021-03-20T17:41:34.635000+00:00,1.0,P
3313,3385,2021-03-20T17:41:37.935000+00:00,1.0,S
3314,3055,2021-03-20T17:41:34.635000+00:00,1.0,P
3314,3385,2021-03-20T17:41:37.935000+00:00,1.0,S
3315,3055,2021-03-20T17:41:34.635000+00:00,1.0,P
3315,3385,2021-03-20T17:41:37.935000+00:00,1.0,S
3316,3055,2021-03-20T17:41:34.635000+00:00,1.0,P
3316,3385,2021-03-20T17:41:37.935000+00:00,1.0,S
3317,3055,2021-03-20T17:41:34.635000+00:00,1.0,P
3317,3385,2021-03-20T17:41:37.935000+00:00,1.0,S
3318,3055,2021-03-20T17:41:34.635000+00:00,1.0,P
3318,3385,2021-03-20T17:41:37.935000+00:00,1.0,S
3319,3055,2021-03-20T17:41:34.635000+00:00,1.0,P
3319,3385,2021-03-20T17:41:37.935000+00:00,1.0,S
3320,3055,2021-03-20T17:41:34.635000+00:00,1.0,P
3320,3385,2021-03-20T17:41:37.935000+00:00,1.0,S
3321,3055,2021-03-20T17:41:34.635000+00:00,1.0,P
3321,3385,2021-03-20T17:41:37.935000+00:00,1.0,S
3322,3055,2021-03-20T17:41:34.635000+00:00,1.0,P
3322,3385,2021-03-20T17:41:37.935000+00:00,1.0,S
3323,3055,2021-03-20T17:41:34.635000+00:00,1.0,P
3323,3385,2021-03-20T17:41:37.935000+00:00,1.0,S
3324,3055,2021-03-20T17:41:34.635000+00:00,1.0,P
3324,3385,2021-03-20T17:41:37.935000+00:00,1.0,S
3325,3055,2021-03-20T17:41:34.635000+00:00,1.0,P
3325,3385,2021-03-20T17:41:37.935000+00:00,1.0,S
3326,3055,2021-03-20T17:41:34.635000+00:00,1.0,P
3326,3385,2021-03-20T17:41:37.935000+00:00,1.0,S
3327,3055,2021-03-20T17:41:34.635000+00:00,1.0,P
3327,3385,2021-03-20T17:41:37.935000+00:00,1.0,S
3328,3055,2021-03-20T17:41:34.635000+00:00,1.0,P
3328,3385,2021-03-20T17:41:37.935000+00:00,1.0,S
3329,3055,2021-03-20T17:41:34.635000+00:00,1.0,P
3329,3385,2021-03-20T17:41:37.935000+00:00,1.0,S
3330,3055,2021-03-20T17:41:34.635000+00:00,1.0,P
3330,3385,2021-03-20T17:41:37.935000+00:00,1.0,S
3331,3055,2021-03-20T17:41:34.635000+00:00,1.0,P
3331,3385,2021-03-20T17:41:37.935000+00:00,1.0,S
3332,3055,2021-03-20T17:41:34.635000+00:00,1.0,P
3332,3385,2021-03-20T17:41:37.935000+00:00,1.0,S
3333,3055,2021-03-20T17:41:34.635000+00:00,1.0,P
3333,3385,2021-03-20T17:41:37.935000+00:00,1.0,S
3334,3055,2021-03-20T17:41:34.635000+00:00,1.0,P
3334,3385,2021-03-20T17:41:37.935000+00:00,1.0,S
3335,3055,2021-03-20T17:41:34.635000+00:00,1.0,P
3335,3385,2021-03-20T17:41:37.935000+00:00,1.0,S
3336,3055,2021-03-20T17:41:34.635000+00:00,1.0,P
3336,3385,2021-03-20T17:41:37.935000+00:00,1.0,S
3337,3055,2021-03-20T17:41:34.635000+00:00,1.0,P
3337,3385,2021-03-20T17:41:37.935000+00:00,1.0,S
3338,3055,2021-03-20T17:41:34.635000+00:00,1.0,P
3338,3385,2021-03-20T17:41:37.935000+00:00,1.0,S
3339,3055,2021-03-20T17:41:34.635000+00:00,1.0,P
3339,3385,2021-03-20T17:41:37.935000+00:00,1.0,S
3340,3055,2021-03-20T17:41:34.635000+00:00,1.0,P
3340,3385,2021-03-20T17:41:37.935000+00:00,1.0,S
3341,3055,2021-03-20T17:41:34.635000+00:00,1.0,P
3341,3385,2021-03-20T17:41:37.935000+00:00,1.0,S
3342,3055,2021-03-20T17:41:34.635000+00:00,1.0,P
3342,3385,2021-03-20T17:41:37.935000+00:00,1.0,S
3343,3055,2021-03-20T17:41:34.635000+00:00,1.0,P
3343,3385,2021-03-20T17:41:37.935000+00:00,1.0,S
3344,3055,2021-03-20T17:41:34.635000+00:00,1.0,P
3344,3385,2021-03-20T17:41:37.935000+00:00,1.0,S
3345,3055,2021-03-20T17:41:34.635000+00:00,1.0,P
3345,3385,2021-03-20T17:41:37.935000+00:00,1.0,S
3346,3055,2021-03-20T17:41:34.635000+00:00,1.0,P
3346,3385,2021-03-20T17:41:37.935000+00:00,1.0,S
3347,3055,2021-03-20T17:41:34.635000+00:00,1.0,P
3347,3385,2021-03-20T17:41:37.935000+00:00,1.0,S
3348,3055,2021-03-20T17:41:34.635000+00:00,1.0,P
3348,3385,2021-03-20T17:41:37.935000+00:00,1.0,S
3349,3054,2021-03-20T17:41:34.625000+00:00,1.0,P
3349,3385,2021-03-20T17:41:37.935000+00:00,1.0,S
3350,3054,2021-03-20T17:41:34.625000+00:00,1.0,P
3350,3385,2021-03-20T17:41:37.935000+00:00,1.0,S
3351,3054,2021-03-20T17:41:34.625000+00:00,1.0,P
3351,3385,2021-03-20T17:41:37.935000+00:00,1.0,S
3352,3054,2021-03-20T17:41:34.625000+00:00,1.0,P
3352,3385,2021-03-20T17:41:37.935000+00:00,1.0,S
3353,3054,2021-03-20T17:41:34.625000+00:00,1.0,P
3353,3385,2021-03-20T17:41:37.935000+00:00,1.0,S
3354,3054,2021-03-20T17:41:34.625000+00:00,1.0,P
3354,3386,2021-03-20T17:41:37.945000+00:00,1.0,S
3355,3054,2021-03-20T17:41:34.625000+00:00,1.0,P
3355,3386,2021-03-20T17:41:37.945000+00:00,1.0,S
3356,3054,2021-03-20T17:41:34.625000+00:00,1.0,P
3356,3386,2021-03-20T17:41:37.945000+00:00,1.0,S
3357,3054,2021-03-20T17:41:34.625000+00:00,1.0,P
3357,3385,2021-03-20T17:41:37.935000+00:00,1.0,S
3358,3054,2021-03-20T17:41:34.625000+00:00,1.0,P
3358,3385,2021-03-20T17:41:37.935000+00:00,1.0,S
3359,3054,2021-03-20T17:41:34.625000+00:00,1.0,P
3359,3385,2021-03-20T17:41:37.935000+00:00,1.0,S
3360,3054,2021-03-20T17:41:34.625000+00:00,1.0,P
3360,3385,2021-03-20T17:41:37.935000+00:00,1.0,S
3361,3054,2021-03-20T17:41:34.625000+00:00,1.0,P
3361,3385,2021-03-20T17:41:37.935000+00:00,1.0,S
3362,3054,2021-03-20T17:41:34.625000+00:00,1.0,P
3362,3385,2021-03-20T17:41:37.935000+00:00,1.0,S
3363,3054,2021-03-20T17:41:34.625000+00:00,1.0,P
3363,3385,2021-03-20T17:41:37.935000+00:00,1.0,S
3364,3054,2021-03-20T17:41:34.625000+00:00,1.0,P
3364,3385,2021-03-20T17:41:37.935000+00:00,1.0,S
3365,3054,2021-03-20T17:41:34.625000+00:00,1.0,P
3365,3385,2021-03-20T17:41:37.935000+00:00,1.0,S
3366,3053,2021-03-20T17:41:34.615000+00:00,1.0,P
3366,3385,2021-03-20T17:41:37.935000+00:00,1.0,S
3367,3053,2021-03-20T17:41:34.615000+00:00,1.0,P
3367,3385,2021-03-20T17:41:37.935000+00:00,1.0,S
3368,3053,2021-03-20T17:41:34.615000+00:00,1.0,P
3368,3385,2021-03-20T17:41:37.935000+00:00,1.0,S
3369,3053,2021-03-20T17:41:34.615000+00:00,1.0,P
3369,3385,2021-03-20T17:41:37.935000+00:00,1.0,S
3370,3053,2021-03-20T17:41:34.615000+00:00,1.0,P
3370,3385,2021-03-20T17:41:37.935000+00:00,1.0,S
3371,3053,2021-03-20T17:41:34.615000+00:00,1.0,P
3371,3385,2021-03-20T17:41:37.935000+00:00,1.0,S
3372,3053,2021-03-20T17:41:34.615000+00:00,1.0,P
3372,3385,2021-03-20T17:41:37.935000+00:00,1.0,S
3373,3053,2021-03-20T17:41:34.615000+00:00,1.0,P
3373,3385,2021-03-20T17:41:37.935000+00:00,1.0,S
3374,3053,2021-03-20T17:41:34.615000+00:00,1.0,P
3374,3385,2021-03-20T17:41:37.935000+00:00,1.0,S
3375,3053,2021-03-20T17:41:34.615000+00:00,1.0,P
3375,3385,2021-03-20T17:41:37.935000+00:00,1.0,S
3376,3053,2021-03-20T17:41:34.615000+00:00,1.0,P
3376,3385,2021-03-20T17:41:37.935000+00:00,1.0,S
3377,3053,2021-03-20T17:41:34.615000+00:00,1.0,P
3377,3385,2021-03-20T17:41:37.935000+00:00,1.0,S
3378,3053,2021-03-20T17:41:34.615000+00:00,1.0,P
3378,3385,2021-03-20T17:41:37.935000+00:00,1.0,S
3379,3053,2021-03-20T17:41:34.615000+00:00,1.0,P
3379,3385,2021-03-20T17:41:37.935000+00:00,1.0,S
3380,3053,2021-03-20T17:41:34.615000+00:00,1.0,P
3380,3385,2021-03-20T17:41:37.935000+00:00,1.0,S
3381,3053,2021-03-20T17:41:34.615000+00:00,1.0,P
3381,3385,2021-03-20T17:41:37.935000+00:00,1.0,S
3382,3053,2021-03-20T17:41:34.615000+00:00,1.0,P
3382,3385,2021-03-20T17:41:37.935000+00:00,1.0,S
3383,3053,2021-03-20T17:41:34.615000+00:00,1.0,P
3383,3385,2021-03-20T17:41:37.935000+00:00,1.0,S
3384,3053,2021-03-20T17:41:34.615000+00:00,1.0,P
3384,3385,2021-03-20T17:41:37.935000+00:00,1.0,S
3385,3052,2021-03-20T17:41:34.605000+00:00,1.0,P
3385,3385,2021-03-20T17:41:37.935000+00:00,1.0,S
3386,3052,2021-03-20T17:41:34.605000+00:00,1.0,P
3386,3385,2021-03-20T17:41:37.935000+00:00,1.0,S
3387,3052,2021-03-20T17:41:34.605000+00:00,1.0,P
3387,3385,2021-03-20T17:41:37.935000+00:00,1.0,S
3388,3052,2021-03-20T17:41:34.605000+00:00,1.0,P
3388,3385,2021-03-20T17:41:37.935000+00:00,1.0,S
3389,3052,2021-03-20T17:41:34.605000+00:00,1.0,P
3389,3385,2021-03-20T17:41:37.935000+00:00,1.0,S
3390,3052,2021-03-20T17:41:34.605000+00:00,1.0,P
3390,3386,2021-03-20T17:41:37.945000+00:00,1.0,S
3391,3052,2021-03-20T17:41:34.605000+00:00,1.0,P
3391,3386,2021-03-20T17:41:37.945000+00:00,1.0,S
3392,3052,2021-03-20T17:41:34.605000+00:00,1.0,P
3392,3386,2021-03-20T17:41:37.945000+00:00,1.0,S
3393,3052,2021-03-20T17:41:34.605000+00:00,1.0,P
3393,3386,2021-03-20T17:41:37.945000+00:00,1.0,S
3394,3052,2021-03-20T17:41:34.605000+00:00,1.0,P
3394,3386,2021-03-20T17:41:37.945000+00:00,1.0,S
3395,3052,2021-03-20T17:41:34.605000+00:00,1.0,P
3395,3386,2021-03-20T17:41:37.945000+00:00,1.0,S
3396,3052,2021-03-20T17:41:34.605000+00:00,1.0,P
3396,3386,2021-03-20T17:41:37.945000+00:00,1.0,S
3397,3052,2021-03-20T17:41:34.605000+00:00,1.0,P
3397,3386,2021-03-20T17:41:37.945000+00:00,1.0,S
3398,3052,2021-03-20T17:41:34.605000+00:00,1.0,P
3398,3386,2021-03-20T17:41:37.945000+00:00,1.0,S
3399,3052,2021-03-20T17:41:34.605000+00:00,1.0,P
3399,3385,2021-03-20T17:41:37.935000+00:00,1.0,S
3400,3051,2021-03-20T17:41:34.595000+00:00,1.0,P
3400,3385,2021-03-20T17:41:37.935000+00:00,1.0,S
3401,3051,2021-03-20T17:41:34.595000+00:00,1.0,P
3401,3385,2021-03-20T17:41:37.935000+00:00,1.0,S
3402,3051,2021-03-20T17:41:34.595000+00:00,1.0,P
3402,3385,2021-03-20T17:41:37.935000+00:00,1.0,S
3403,3051,2021-03-20T17:41:34.595000+00:00,1.0,P
3403,3385,2021-03-20T17:41:37.935000+00:00,1.0,S
3404,3051,2021-03-20T17:41:34.595000+00:00,1.0,P
3404,3385,2021-03-20T17:41:37.935000+00:00,1.0,S
3405,3051,2021-03-20T17:41:34.595000+00:00,1.0,P
3405,3385,2021-03-20T17:41:37.935000+00:00,1.0,S
3406,3051,2021-03-20T17:41:34.595000+00:00,1.0,P
3406,3385,2021-03-20T17:41:37.935000+00:00,1.0,S
3407,3051,2021-03-20T17:41:34.595000+00:00,1.0,P
3407,3385,2021-03-20T17:41:37.935000+00:00,1.0,S
3408,3051,2021-03-20T17:41:34.595000+00:00,1.0,P
3408,3385,2021-03-20T17:41:37.935000+00:00,1.0,S
3409,3051,2021-03-20T17:41:34.595000+00:00,1.0,P
3409,3385,2021-03-20T17:41:37.935000+00:00,1.0,S
3410,3051,2021-03-20T17:41:34.595000+00:00,1.0,P
3410,3385,2021-03-20T17:41:37.935000+00:00,1.0,S
3411,3051,2021-03-20T17:41:34.595000+00:00,1.0,P
3411,3385,2021-03-20T17:41:37.935000+00:00,1.0,S
3412,3051,2021-03-20T17:41:34.595000+00:00,1.0,P
3412,3385,2021-03-20T17:41:37.935000+00:00,1.0,S
3413,3050,2021-03-20T17:41:34.585000+00:00,1.0,P
3413,3384,2021-03-20T17:41:37.925000+00:00,1.0,S
3414,3050,2021-03-20T17:41:34.585000+00:00,1.0,P
3414,3384,2021-03-20T17:41:37.925000+00:00,1.0,S
3415,3050,2021-03-20T17:41:34.585000+00:00,1.0,P
3415,3384,2021-03-20T17:41:37.925000+00:00,1.0,S
3416,3050,2021-03-20T17:41:34.585000+00:00,1.0,P
3416,3384,2021-03-20T17:41:37.925000+00:00,1.0,S
3417,3050,2021-03-20T17:41:34.585000+00:00,1.0,P
3417,3384,2021-03-20T17:41:37.925000+00:00,1.0,S
3418,3050,2021-03-20T17:41:34.585000+00:00,1.0,P
3418,3384,2021-03-20T17:41:37.925000+00:00,1.0,S
3419,3050,2021-03-20T17:41:34.585000+00:00,1.0,P
3419,3384,2021-03-20T17:41:37.925000+00:00,1.0,S
3420,3050,2021-03-20T17:41:34.585000+00:00,1.0,P
3420,3384,2021-03-20T17:41:37.925000+00:00,1.0,S
3421,3050,2021-03-20T17:41:34.585000+00:00,1.0,P
3421,3383,2021-03-20T17:41:37.915000+00:00,1.0,S
3422,3050,2021-03-20T17:41:34.585000+00:00,1.0,P
3422,3383,2021-03-20T17:41:37.915000+00:00,1.0,S
3423,3049,2021-03-20T17:41:34.575000+00:00,1.0,P
3423,3383,2021-03-20T17:41:37.915000+00:00,1.0,S
3424,3049,2021-03-20T17:41:34.575000+00:00,1.0,P
3424,3383,2021-03-20T17:41:37.915000+00:00,1.0,S
3425,3049,2021-03-20T17:41:34.575000+00:00,1.0,P
3425,3383,2021-03-20T17:41:37.915000+00:00,1.0,S
3426,3049,2021-03-20T17:41:34.575000+00:00,1.0,P
3426,3383,2021-03-20T17:41:37.915000+00:00,1.0,S
3427,3049,2021-03-20T17:41:34.575000+00:00,1.0,P
3427,3383,2021-03-20T17:41:37.915000+00:00,1.0,S
3428,3049,2021-03-20T17:41:34.575000+00:00,1.0,P
3428,3383,2021-03-20T17:41:37.915000+00:00,1.0,S
3429,3049,2021-03-20T17:41:34.575000+00:00,1.0,P
3429,3383,2021-03-20T17:41:37.915000+00:00,1.0,S
3430,3049,2021-03-20T17:41:34.575000+00:00,1.0,P
3430,3383,2021-03-20T17:41:37.915000+00:00,1.0,S
3431,3049,2021-03-20T17:41:34.575000+00:00,1.0,P
3431,3383,2021-03-20T17:41:37.915000+00:00,1.0,S
3432,3049,2021-03-20T17:41:34.575000+00:00,1.0,P
3432,3383,2021-03-20T17:41:37.915000+00:00,1.0,S
3433,3048,2021-03-20T17:41:34.565000+00:00,1.0,P
3433,3383,2021-03-20T17:41:37.915000+00:00,1.0,S
3434,3048,2021-03-20T17:41:34.565000+00:00,1.0,P
3434,3383,2021-03-20T17:41:37.915000+00:00,1.0,S
3435,3048,2021-03-20T17:41:34.565000+00:00,1.0,P
3435,3382,2021-03-20T17:41:37.905000+00:00,1.0,S
3436,3048,2021-03-20T17:41:34.565000+00:00,1.0,P
3436,3382,2021-03-20T17:41:37.905000+00:00,1.0,S
3437,3048,2021-03-20T17:41:34.565000+00:00,1.0,P
3437,3382,2021-03-20T17:41:37.905000+00:00,1.0,S
3438,3048,2021-03-20T17:41:34.565000+00:00,1.0,P
3438,3382,2021-03-20T17:41:37.905000+00:00,1.0,S
3439,3048,2021-03-20T17:41:34.565000+00:00,1.0,P
3439,3382,2021-03-20T17:41:37.905000+00:00,1.0,S
3440,3048,2021-03-20T17:41:34.565000+00:00,1.0,P
3440,3382,2021-03-20T17:41:37.905000+00:00,1.0,S
3441,3048,2021-03-20T17:41:34.565000+00:00,1.0,P
3441,3382,2021-03-20T17:41:37.905000+00:00,1.0,S
3442,3048,2021-03-20T17:41:34.565000+00:00,1.0,P
3442,3381,2021-03-20T17:41:37.895000+00:00,1.0,S
3443,3048,2021-03-20T17:41:34.565000+00:00,1.0,P
3443,3381,2021-03-20T17:41:37.895000+00:00,1.0,S
3444,3047,2021-03-20T17:41:34.555000+00:00,1.0,P
3444,3381,2021-03-20T17:41:37.895000+00:00,1.0,S
3445,3047,2021-03-20T17:41:34.555000+00:00,1.0,P
3445,3381,2021-03-20T17:41:37.895000+00:00,1.0,S
3446,3047,2021-03-20T17:41:34.555000+00:00,1.0,P
3446,3381,2021-03-20T17:41:37.895000+00:00,1.0,S
3447,3047,2021-03-20T17:41:34.555000+00:00,1.0,P
3447,3381,2021-03-20T17:41:37.895000+00:00,1.0,S
3448,3047,2021-03-20T17:41:34.555000+00:00,1.0,P
3448,3381,2021-03-20T17:41:37.895000+00:00,1.0,S
3449,3047,2021-03-20T17:41:34.555000+00:00,1.0,P
3449,3380,2021-03-20T17:41:37.884999+00:00,1.0,S
3450,3047,2021-03-20T17:41:34.555000+00:00,1.0,P
3450,3380,2021-03-20T17:41:37.884999+00:00,1.0,S
3451,3047,2021-03-20T17:41:34.555000+00:00,1.0,P
3451,3380,2021-03-20T17:41:37.884999+00:00,1.0,S
3452,3047,2021-03-20T17:41:34.555000+00:00,1.0,P
3452,3380,2021-03-20T17:41:37.884999+00:00,1.0,S
3453,3047,2021-03-20T17:41:34.555000+00:00,1.0,P
3453,3380,2021-03-20T17:41:37.884999+00:00,1.0,S
3454,3046,2021-03-20T17:41:34.545000+00:00,1.0,P
3454,3380,2021-03-20T17:41:37.884999+00:00,1.0,S
3455,3046,2021-03-20T17:41:34.545000+00:00,1.0,P
3455,3380,2021-03-20T17:41:37.884999+00:00,1.0,S
3456,3046,2021-03-20T17:41:34.545000+00:00,1.0,P
3456,3379,2021-03-20T17:41:37.875000+00:00,1.0,S
3457,3046,2021-03-20T17:41:34.545000+00:00,1.0,P
3457,3379,2021-03-20T17:41:37.875000+00:00,1.0,S
3458,3046,2021-03-20T17:41:34.545000+00:00,1.0,P
3458,3379,2021-03-20T17:41:37.875000+00:00,1.0,S
3459,3046,2021-03-20T17:41:34.545000+00:00,1.0,P
3459,3379,2021-03-20T17:41:37.875000+00:00,1.0,S
3460,3046,2021-03-20T17:41:34.545000+00:00,1.0,P
3460,3379,2021-03-20T17:41:37.875000+00:00,1.0,S
3461,3046,2021-03-20T17:41:34.545000+00:00,1.0,P
3461,3379,2021-03-20T17:41:37.875000+00:00,1.0,S
3462,3046,2021-03-20T17:41:34.545000+00:00,1.0,P
3462,3378,2021-03-20T17:41:37.865000+00:00,1.0,S
3463,3046,2021-03-20T17:41:34.545000+00:00,1.0,P
3463,3378,2021-03-20T17:41:37.865000+00:00,1.0,S
3464,3046,2021-03-20T17:41:34.545000+00:00,1.0,P
3464,3378,2021-03-20T17:41:37.865000+00:00,1.0,S
3465,3046,2021-03-20T17:41:34.545000+00:00,1.0,P
3465,3378,2021-03-20T17:41:37.865000+00:00,1.0,S
3466,3045,2021-03-20T17:41:34.535000+00:00,1.0,P
3466,3378,2021-03-20T17:41:37.865000+00:00,1.0,S
3467,3045,2021-03-20T17:41:34.535000+00:00,1.0,P
3467,3378,2021-03-20T17:41:37.865000+00:00,1.0,S
3468,3045,2021-03-20T17:41:34.535000+00:00,1.0,P
3468,3377,2021-03-20T17:41:37.855000+00:00,1.0,S
3469,3045,2021-03-20T17:41:34.535000+00:00,1.0,P
3469,3377,2021-03-20T17:41:37.855000+00:00,1.0,S
3470,3045,2021-03-20T17:41:34.535000+00:00,1.0,P
3470,3377,2021-03-20T17:41:37.855000+00:00,1.0,S
3471,3045,2021-03-20T17:41:34.535000+00:00,1.0,P
3471,3377,2021-03-20T17:41:37.855000+00:00,1.0,S
3472,3045,2021-03-20T17:41:34.535000+00:00,1.0,P
3472,3377,2021-03-20T17:41:37.855000+00:00,1.0,S
3473,3045,2021-03-20T17:41:34.535000+00:00,1.0,P
3473,3377,2021-03-20T17:41:37.855000+00:00,1.0,S
3474,3045,2021-03-20T17:41:34.535000+00:00,1.0,P
3474,3376,2021-03-20T17:41:37.844999+00:00,1.0,S
3475,3045,2021-03-20T17:41:34.535000+00:00,1.0,P
3475,3376,2021-03-20T17:41:37.844999+00:00,1.0,S
3476,3044,2021-03-20T17:41:34.525000+00:00,1.0,P
3476,3376,2021-03-20T17:41:37.844999+00:00,1.0,S
3477,3044,2021-03-20T17:41:34.525000+00:00,1.0,P
3477,3376,2021-03-20T17:41:37.844999+00:00,1.0,S
3478,3044,2021-03-20T17:41:34.525000+00:00,1.0,P
3478,3376,2021-03-20T17:41:37.844999+00:00,1.0,S
3479,3044,2021-03-20T17:41:34.525000+00:00,1.0,P
3479,3376,2021-03-20T17:41:37.844999+00:00,1.0,S
3480,3044,2021-03-20T17:41:34.525000+00:00,1.0,P
3480,3375,2021-03-20T17:41:37.835000+00:00,1.0,S
3481,3044,2021-03-20T17:41:34.525000+00:00,1.0,P
3481,3375,2021-03-20T17:41:37.835000+00:00,1.0,S
3482,3044,2021-03-20T17:41:34.525000+00:00,1.0,P
3482,3375,2021-03-20T17:41:37.835000+00:00,1.0,S
3483,3044,2021-03-20T17:41:34.525000+00:00,1.0,P
3483,3375,2021-03-20T17:41:37.835000+00:00,1.0,S
3484,3044,2021-03-20T17:41:34.525000+00:00,1.0,P
3484,3375,2021-03-20T17:41:37.835000+00:00,1.0,S
3485,3044,2021-03-20T17:41:34.525000+00:00,1.0,P
3485,3375,2021-03-20T17:41:37.835000+00:00,1.0,S
3486,3044,2021-03-20T17:41:34.525000+00:00,1.0,P
3486,3375,2021-03-20T17:41:37.835000+00:00,1.0,S
3487,3043,2021-03-20T17:41:34.515000+00:00,1.0,P
3487,3374,2021-03-20T17:41:37.825000+00:00,1.0,S
3488,3043,2021-03-20T17:41:34.515000+00:00,1.0,P
3488,3374,2021-03-20T17:41:37.825000+00:00,1.0,S
3489,3043,2021-03-20T17:41:34.515000+00:00,1.0,P
3489,3374,2021-03-20T17:41:37.825000+00:00,1.0,S
3490,3043,2021-03-20T17:41:34.515000+00:00,1.0,P
3490,3374,2021-03-20T17:41:37.825000+00:00,1.0,S
3491,3043,2021-03-20T17:41:34.515000+00:00,1.0,P
3491,3374,2021-03-20T17:41:37.825000+00:00,1.0,S
3492,3043,2021-03-20T17:41:34.515000+00:00,1.0,P
3492,3373,2021-03-20T17:41:37.815000+00:00,1.0,S
3493,3043,2021-03-20T17:41:34.515000+00:00,1.0,P
3493,3373,2021-03-20T17:41:37.815000+00:00,1.0,S
3494,3043,2021-03-20T17:41:34.515000+00:00,1.0,P
3494,3373,2021-03-20T17:41:37.815000+00:00,1.0,S
3495,3043,2021-03-20T17:41:34.515000+00:00,1.0,P
3495,3373,2021-03-20T17:41:37.815000+00:00,1.0,S
3496,3043,2021-03-20T17:41:34.515000+00:00,1.0,P
3496,3373,2021-03-20T17:41:37.815000+00:00,1.0,S
3497,3043,2021-03-20T17:41:34.515000+00:00,1.0,P
3497,3373,2021-03-20T17:41:37.815000+00:00,1.0,S
3498,3042,2021-03-20T17:41:34.505000+00:00,1.0,P
3498,3373,2021-03-20T17:41:37.815000+00:00,1.0,S
3499,3042,2021-03-20T17:41:34.505000+00:00,1.0,P
3499,3373,2021-03-20T17:41:37.815000+00:00,1.0,S
3500,3042,2021-03-20T17:41:34.505000+00:00,1.0,P
3500,3372,2021-03-20T17:41:37.805000+00:00,1.0,S
3501,3042,2021-03-20T17:41:34.505000+00:00,1.0,P
3501,3372,2021-03-20T17:41:37.805000+00:00,1.0,S
3502,3042,2021-03-20T17:41:34.505000+00:00,1.0,P
3502,3372,2021-03-20T17:41:37.805000+00:00,1.0,S
3503,3042,2021-03-20T17:41:34.505000+00:00,1.0,P
3503,3372,2021-03-20T17:41:37.805000+00:00,1.0,S
3504,3042,2021-03-20T17:41:34.505000+00:00,1.0,P
3504,3372,2021-03-20T17:41:37.805000+00:00,1.0,S
3505,3042,2021-03-20T17:41:34.505000+00:00,1.0,P
3505,3372,2021-03-20T17:41:37.805000+00:00,1.0,S
3506,3042,2021-03-20T17:41:34.505000+00:00,1.0,P
3506,3372,2021-03-20T17:41:37.805000+00:00,1.0,S
3507,3042,2021-03-20T17:41:34.505000+00:00,1.0,P
3507,3372,2021-03-20T17:41:37.805000+00:00,1.0,S
3508,3042,2021-03-20T17:41:34.505000+00:00,1.0,P
3508,3372,2021-03-20T17:41:37.805000+00:00,1.0,S
3509,3041,2021-03-20T17:41:34.495000+00:00,1.0,P
3509,3371,2021-03-20T17:41:37.795000+00:00,1.0,S
3510,3041,2021-03-20T17:41:34.495000+00:00,1.0,P
3510,3371,2021-03-20T17:41:37.795000+00:00,1.0,S
3511,3041,2021-03-20T17:41:34.495000+00:00,1.0,P
3511,3371,2021-03-20T17:41:37.795000+00:00,1.0,S
3512,3041,2021-03-20T17:41:34.495000+00:00,1.0,P
3512,3371,2021-03-20T17:41:37.795000+00:00,1.0,S
3513,3041,2021-03-20T17:41:34.495000+00:00,1.0,P
3513,3371,2021-03-20T17:41:37.795000+00:00,1.0,S
3514,3041,2021-03-20T17:41:34.495000+00:00,1.0,P
3514,3371,2021-03-20T17:41:37.795000+00:00,1.0,S
3515,3041,2021-03-20T17:41:34.495000+00:00,1.0,P
3515,3371,2021-03-20T17:41:37.795000+00:00,1.0,S
3516,3041,2021-03-20T17:41:34.495000+00:00,1.0,P
3516,3370,2021-03-20T17:41:37.785000+00:00,1.0,S
3517,3041,2021-03-20T17:41:34.495000+00:00,1.0,P
3517,3370,2021-03-20T17:41:37.785000+00:00,1.0,S
3518,3041,2021-03-20T17:41:34.495000+00:00,1.0,P
3518,3370,2021-03-20T17:41:37.785000+00:00,1.0,S
3519,3041,2021-03-20T17:41:34.495000+00:00,1.0,P
3519,3370,2021-03-20T17:41:37.785000+00:00,1.0,S
3520,3041,2021-03-20T17:41:34.495000+00:00,1.0,P
3520,3369,2021-03-20T17:41:37.774999+00:00,1.0,S
3521,3041,2021-03-20T17:41:34.495000+00:00,1.0,P
3521,3369,2021-03-20T17:41:37.774999+00:00,1.0,S
3522,3040,2021-03-20T17:41:34.485000+00:00,1.0,P
3522,3369,2021-03-20T17:41:37.774999+00:00,1.0,S
3523,3040,2021-03-20T17:41:34.485000+00:00,1.0,P
3523,3369,2021-03-20T17:41:37.774999+00:00,1.0,S
3524,3040,2021-03-20T17:41:34.485000+00:00,1.0,P
3524,3369,2021-03-20T17:41:37.774999+00:00,1.0,S
3525,3040,2021-03-20T17:41:34.485000+00:00,1.0,P
3525,3368,2021-03-20T17:41:37.765000+00:00,1.0,S
3526,3040,2021-03-20T17:41:34.485000+00:00,1.0,P
3526,3368,2021-03-20T17:41:37.765000+00:00,1.0,S
3527,3040,2021-03-20T17:41:34.485000+00:00,1.0,P
3527,3368,2021-03-20T17:41:37.765000+00:00,1.0,S
3528,3040,2021-03-20T17:41:34.485000+00:00,1.0,P
3528,3368,2021-03-20T17:41:37.765000+00:00,1.0,S
3529,3040,2021-03-20T17:41:34.485000+00:00,1.0,P
3529,3368,2021-03-20T17:41:37.765000+00:00,1.0,S
3530,3040,2021-03-20T17:41:34.485000+00:00,1.0,P
3530,3367,2021-03-20T17:41:37.755000+00:00,1.0,S
3531,3040,2021-03-20T17:41:34.485000+00:00,1.0,P
3531,3367,2021-03-20T17:41:37.755000+00:00,1.0,S
3532,3040,2021-03-20T17:41:34.485000+00:00,1.0,P
3532,3367,2021-03-20T17:41:37.755000+00:00,1.0,S
3533,3040,2021-03-20T17:41:34.485000+00:00,1.0,P
3533,3367,2021-03-20T17:41:37.755000+00:00,1.0,S
3534,3039,2021-03-20T17:41:34.475000+00:00,1.0,P
3534,3367,2021-03-20T17:41:37.755000+00:00,1.0,S
3535,3039,2021-03-20T17:41:34.475000+00:00,1.0,P
3535,3366,2021-03-20T17:41:37.745000+00:00,1.0,S
3536,3039,2021-03-20T17:41:34.475000+00:00,1.0,P
3536,3366,2021-03-20T17:41:37.745000+00:00,1.0,S
3537,3039,2021-03-20T17:41:34.475000+00:00,1.0,P
3537,3366,2021-03-20T17:41:37.745000+00:00,1.0,S
3538,3039,2021-03-20T17:41:34.475000+00:00,1.0,P
3538,3366,2021-03-20T17:41:37.745000+00:00,1.0,S
3539,3039,2021-03-20T17:41:34.475000+00:00,1.0,P
3539,3365,2021-03-20T17:41:37.735000+00:00,1.0,S
3540,3039,2021-03-20T17:41:34.475000+00:00,1.0,P
3540,3365,2021-03-20T17:41:37.735000+00:00,1.0,S
3541,3039,2021-03-20T17:41:34.475000+00:00,1.0,P
3541,3365,2021-03-20T17:41:37.735000+00:00,1.0,S
3542,3039,2021-03-20T17:41:34.475000+00:00,1.0,P
3542,3365,2021-03-20T17:41:37.735000+00:00,1.0,S
3543,3039,2021-03-20T17:41:34.475000+00:00,1.0,P
3543,3365,2021-03-20T17:41:37.735000+00:00,1.0,S
3544,3039,2021-03-20T17:41:34.475000+00:00,1.0,P
3544,3364,2021-03-20T17:41:37.725000+00:00,1.0,S
3545,3039,2021-03-20T17:41:34.475000+00:00,1.0,P
3545,3364,2021-03-20T17:41:37.725000+00:00,1.0,S
3546,3039,2021-03-20T17:41:34.475000+00:00,1.0,P
3546,3364,2021-03-20T17:41:37.725000+00:00,1.0,S
3547,3039,2021-03-20T17:41:34.475000+00:00,1.0,P
3547,3364,2021-03-20T17:41:37.725000+00:00,1.0,S
3548,3039,2021-03-20T17:41:34.475000+00:00,1.0,P
3548,3364,2021-03-20T17:41:37.725000+00:00,1.0,S
3549,3039,2021-03-20T17:41:34.475000+00:00,1.0,P
3549,3363,2021-03-20T17:41:37.715000+00:00,1.0,S
3550,3038,2021-03-20T17:41:34.465000+00:00,1.0,P
3550,3363,2021-03-20T17:41:37.715000+00:00,1.0,S
3551,3038,2021-03-20T17:41:34.465000+00:00,1.0,P
3551,3363,2021-03-20T17:41:37.715000+00:00,1.0,S
3552,3038,2021-03-20T17:41:34.465000+00:00,1.0,P
3552,3363,2021-03-20T17:41:37.715000+00:00,1.0,S
3553,3038,2021-03-20T17:41:34.465000+00:00,1.0,P
3553,3363,2021-03-20T17:41:37.715000+00:00,1.0,S
3554,3038,2021-03-20T17:41:34.465000+00:00,1.0,P
3554,3362,2021-03-20T17:41:37.704999+00:00,1.0,S
3555,3038,2021-03-20T17:41:34.465000+00:00,1.0,P
3555,3362,2021-03-20T17:41:37.704999+00:00,1.0,S
3556,3038,2021-03-20T17:41:34.465000+00:00,1.0,P
3556,3362,2021-03-20T17:41:37.704999+00:00,1.0,S
3557,3038,2021-03-20T17:41:34.465000+00:00,1.0,P
3557,3362,2021-03-20T17:41:37.704999+00:00,1.0,S
3558,3038,2021-03-20T17:41:34.465000+00:00,1.0,P
3558,3362,2021-03-20T17:41:37.704999+00:00,1.0,S
3559,3038,2021-03-20T17:41:34.465000+00:00,1.0,P
3559,3362,2021-03-20T17:41:37.704999+00:00,1.0,S
3560,3038,2021-03-20T17:41:34.465000+00:00,1.0,P
3560,3362,2021-03-20T17:41:37.704999+00:00,1.0,S
3561,3038,2021-03-20T17:41:34.465000+00:00,1.0,P
3561,3361,2021-03-20T17:41:37.695000+00:00,1.0,S
3562,3038,2021-03-20T17:41:34.465000+00:00,1.0,P
3562,3361,2021-03-20T17:41:37.695000+00:00,1.0,S
3563,3038,2021-03-20T17:41:34.465000+00:00,1.0,P
3563,3361,2021-03-20T17:41:37.695000+00:00,1.0,S
3564,3038,2021-03-20T17:41:34.465000+00:00,1.0,P
3564,3361,2021-03-20T17:41:37.695000+00:00,1.0,S
3565,3038,2021-03-20T17:41:34.465000+00:00,1.0,P
3565,3361,2021-03-20T17:41:37.695000+00:00,1.0,S
3566,3038,2021-03-20T17:41:34.465000+00:00,1.0,P
3566,3361,2021-03-20T17:41:37.695000+00:00,1.0,S
3567,3038,2021-03-20T17:41:34.465000+00:00,1.0,P
3567,3361,2021-03-20T17:41:37.695000+00:00,1.0,S
3568,3038,2021-03-20T17:41:34.465000+00:00,1.0,P
3568,3360,2021-03-20T17:41:37.685000+00:00,1.0,S
3569,3038,2021-03-20T17:41:34.465000+00:00,1.0,P
3569,3360,2021-03-20T17:41:37.685000+00:00,1.0,S
3570,3037,2021-03-20T17:41:34.455000+00:00,1.0,P
3570,3360,2021-03-20T17:41:37.685000+00:00,1.0,S
3571,3037,2021-03-20T17:41:34.455000+00:00,1.0,P
3571,3360,2021-03-20T17:41:37.685000+00:00,1.0,S
3572,3037,2021-03-20T17:41:34.455000+00:00,1.0,P
3572,3360,2021-03-20T17:41:37.685000+00:00,1.0,S
3573,3037,2021-03-20T17:41:34.455000+00:00,1.0,P
3573,3360,2021-03-20T17:41:37.685000+00:00,1.0,S
3574,3037,2021-03-20T17:41:34.455000+00:00,1.0,P
3574,3359,2021-03-20T17:41:37.675000+00:00,1.0,S
3575,3037,2021-03-20T17:41:34.455000+00:00,1.0,P
3575,3359,2021-03-20T17:41:37.675000+00:00,1.0,S
3576,3037,2021-03-20T17:41:34.455000+00:00,1.0,P
3576,3359,2021-03-20T17:41:37.675000+00:00,1.0,S
3577,3037,2021-03-20T17:41:34.455000+00:00,1.0,P
3577,3359,2021-03-20T17:41:37.675000+00:00,1.0,S
3578,3037,2021-03-20T17:41:34.455000+00:00,1.0,P
3578,3359,2021-03-20T17:41:37.675000+00:00,1.0,S
3579,3037,2021-03-20T17:41:34.455000+00:00,1.0,P
3579,3358,2021-03-20T17:41:37.665000+00:00,1.0,S
3580,3037,2021-03-20T17:41:34.455000+00:00,1.0,P
3580,3358,2021-03-20T17:41:37.665000+00:00,1.0,S
3581,3037,2021-03-20T17:41:34.455000+00:00,1.0,P
3581,3358,2021-03-20T17:41:37.665000+00:00,1.0,S
3582,3037,2021-03-20T17:41:34.455000+00:00,1.0,P
3582,3358,2021-03-20T17:41:37.665000+00:00,1.0,S
3583,3037,2021-03-20T17:41:34.455000+00:00,1.0,P
3583,3358,2021-03-20T17:41:37.665000+00:00,1.0,S
3584,3037,2021-03-20T17:41:34.455000+00:00,1.0,P
3584,3357,2021-03-20T17:41:37.655000+00:00,1.0,S
3585,3037,2021-03-20T17:41:34.455000+00:00,1.0,P
3585,3357,2021-03-20T17:41:37.655000+00:00,1.0,S
3586,3037,2021-03-20T17:41:34.455000+00:00,1.0,P
3586,3357,2021-03-20T17:41:37.655000+00:00,1.0,S
3587,3037,2021-03-20T17:41:34.455000+00:00,1.0,P
3587,3357,2021-03-20T17:41:37.655000+00:00,1.0,S
3588,3037,2021-03-20T17:41:34.455000+00:00,1.0,P
3588,3357,2021-03-20T17:41:37.655000+00:00,1.0,S
3589,3037,2021-03-20T17:41:34.455000+00:00,1.0,P
3589,3356,2021-03-20T17:41:37.645000+00:00,1.0,S
3590,3037,2021-03-20T17:41:34.455000+00:00,1.0,P
3590,3356,2021-03-20T17:41:37.645000+00:00,1.0,S
3591,3037,2021-03-20T17:41:34.455000+00:00,1.0,P
3591,3356,2021-03-20T17:41:37.645000+00:00,1.0,S
3592,3036,2021-03-20T17:41:34.445000+00:00,1.0,P
3592,3356,2021-03-20T17:41:37.645000+00:00,1.0,S
3593,3036,2021-03-20T17:41:34.445000+00:00,1.0,P
3593,3356,2021-03-20T17:41:37.645000+00:00,1.0,S
3594,3036,2021-03-20T17:41:34.445000+00:00,1.0,P
3594,3356,2021-03-20T17:41:37.645000+00:00,1.0,S
3595,3036,2021-03-20T17:41:34.445000+00:00,1.0,P
3595,3356,2021-03-20T17:41:37.645000+00:00,1.0,S
3596,3036,2021-03-20T17:41:34.445000+00:00,1.0,P
3596,3355,2021-03-20T17:41:37.634999+00:00,1.0,S
3597,3036,2021-03-20T17:41:34.445000+00:00,1.0,P
3597,3355,2021-03-20T17:41:37.634999+00:00,1.0,S
3598,3036,2021-03-20T17:41:34.445000+00:00,1.0,P
3598,3355,2021-03-20T17:41:37.634999+00:00,1.0,S
3599,3036,2021-03-20T17:41:34.445000+00:00,1.0,P
3599,3355,2021-03-20T17:41:37.634999+00:00,1.0,S
3600,3036,2021-03-20T17:41:34.445000+00:00,1.0,P
3600,3355,2021-03-20T17:41:37.634999+00:00,1.0,S
3601,3036,2021-03-20T17:41:34.445000+00:00,1.0,P
3601,3355,2021-03-20T17:41:37.634999+00:00,1.0,S
3602,3036,2021-03-20T17:41:34.445000+00:00,1.0,P
3602,3355,2021-03-20T17:41:37.634999+00:00,1.0,S
3603,3036,2021-03-20T17:41:34.445000+00:00,1.0,P
3603,3355,2021-03-20T17:41:37.634999+00:00,1.0,S
3604,3036,2021-03-20T17:41:34.445000+00:00,1.0,P
3604,3355,2021-03-20T17:41:37.634999+00:00,1.0,S
3605,3036,2021-03-20T17:41:34.445000+00:00,1.0,P
3605,3355,2021-03-20T17:41:37.634999+00:00,1.0,S
3606,3036,2021-03-20T17:41:34.445000+00:00,1.0,P
3606,3355,2021-03-20T17:41:37.634999+00:00,1.0,S
3607,3036,2021-03-20T17:41:34.445000+00:00,1.0,P
3607,3355,2021-03-20T17:41:37.634999+00:00,1.0,S
3608,3036,2021-03-20T17:41:34.445000+00:00,1.0,P
3608,3355,2021-03-20T17:41:37.634999+00:00,1.0,S
3609,3036,2021-03-20T17:41:34.445000+00:00,1.0,P
3609,3355,2021-03-20T17:41:37.634999+00:00,1.0,S
3610,3036,2021-03-20T17:41:34.445000+00:00,1.0,P
3610,3355,2021-03-20T17:41:37.634999+00:00,1.0,S
3611,3036,2021-03-20T17:41:34.445000+00:00,1.0,P
3611,3355,2021-03-20T17:41:37.634999+00:00,1.0,S
3612,3036,2021-03-20T17:41:34.445000+00:00,1.0,P
3612,3355,2021-03-20T17:41:37.634999+00:00,1.0,S
3613,3036,2021-03-20T17:41:34.445000+00:00,1.0,P
3613,3355,2021-03-20T17:41:37.634999+00:00,1.0,S
3614,3036,2021-03-20T17:41:34.445000+00:00,1.0,P
3614,3355,2021-03-20T17:41:37.634999+00:00,1.0,S
3615,3036,2021-03-20T17:41:34.445000+00:00,1.0,P
3615,3356,2021-03-20T17:41:37.645000+00:00,1.0,S
3616,3036,2021-03-20T17:41:34.445000+00:00,1.0,P
3616,3356,2021-03-20T17:41:37.645000+00:00,1.0,S
3617,3036,2021-03-20T17:41:34.445000+00:00,1.0,P
3617,3356,2021-03-20T17:41:37.645000+00:00,1.0,S
3618,3036,2021-03-20T17:41:34.445000+00:00,1.0,P
3618,3356,2021-03-20T17:41:37.645000+00:00,1.0,S
3619,3036,2021-03-20T17:41:34.445000+00:00,1.0,P
3619,3356,2021-03-20T17:41:37.645000+00:00,1.0,S
3620,3036,2021-03-20T17:41:34.445000+00:00,1.0,P
3620,3356,2021-03-20T17:41:37.645000+00:00,1.0,S
3621,3036,2021-03-20T17:41:34.445000+00:00,1.0,P
3621,3356,2021-03-20T17:41:37.645000+00:00,1.0,S
3622,3036,2021-03-20T17:41:34.445000+00:00,1.0,P
3622,3356,2021-03-20T17:41:37.645000+00:00,1.0,S
3623,3036,2021-03-20T17:41:34.445000+00:00,1.0,P
3623,3356,2021-03-20T17:41:37.645000+00:00,1.0,S
3624,3036,2021-03-20T17:41:34.445000+00:00,1.0,P
3624,3356,2021-03-20T17:41:37.645000+00:00,1.0,S
3625,3036,2021-03-20T17:41:34.445000+00:00,1.0,P
3625,3356,2021-03-20T17:41:37.645000+00:00,1.0,S
3626,3036,2021-03-20T17:41:34.445000+00:00,1.0,P
3626,3356,2021-03-20T17:41:37.645000+00:00,1.0,S
3627,3036,2021-03-20T17:41:34.445000+00:00,1.0,P
3627,3356,2021-03-20T17:41:37.645000+00:00,1.0,S
3628,3036,2021-03-20T17:41:34.445000+00:00,1.0,P
3628,3356,2021-03-20T17:41:37.645000+00:00,1.0,S
3629,3036,2021-03-20T17:41:34.445000+00:00,1.0,P
3629,3356,2021-03-20T17:41:37.645000+00:00,1.0,S
3630,3036,2021-03-20T17:41:34.445000+00:00,1.0,P
3630,3356,2021-03-20T17:41:37.645000+00:00,1.0,S
3631,3036,2021-03-20T17:41:34.445000+00:00,1.0,P
3631,3356,2021-03-20T17:41:37.645000+00:00,1.0,S
3632,3036,2021-03-20T17:41:34.445000+00:00,1.0,P
3632,3356,2021-03-20T17:41:37.645000+00:00,1.0,S
3633,3036,2021-03-20T17:41:34.445000+00:00,1.0,P
3633,3356,2021-03-20T17:41:37.645000+00:00,1.0,S
3634,3036,2021-03-20T17:41:34.445000+00:00,1.0,P
3634,3356,2021-03-20T17:41:37.645000+00:00,1.0,S
3635,3036,2021-03-20T17:41:34.445000+00:00,1.0,P
3635,3356,2021-03-20T17:41:37.645000+00:00,1.0,S
3636,3036,2021-03-20T17:41:34.445000+00:00,1.0,P
3636,3356,2021-03-20T17:41:37.645000+00:00,1.0,S
3637,3037,2021-03-20T17:41:34.455000+00:00,1.0,P
3637,3356,2021-03-20T17:41:37.645000+00:00,1.0,S
3638,3037,2021-03-20T17:41:34.455000+00:00,1.0,P
3638,3356,2021-03-20T17:41:37.645000+00:00,1.0,S
3639,3037,2021-03-20T17:41:34.455000+00:00,1.0,P
3639,3356,2021-03-20T17:41:37.645000+00:00,1.0,S
3640,3037,2021-03-20T17:41:34.455000+00:00,1.0,P
3640,3357,2021-03-20T17:41:37.655000+00:00,1.0,S
3641,3037,2021-03-20T17:41:34.455000+00:00,1.0,P
3641,3357,2021-03-20T17:41:37.655000+00:00,1.0,S
3642,3037,2021-03-20T17:41:34.455000+00:00,1.0,P
3642,3357,2021-03-20T17:41:37.655000+00:00,1.0,S
3643,3037,2021-03-20T17:41:34.455000+00:00,1.0,P
3643,3357,2021-03-20T17:41:37.655000+00:00,1.0,S
3644,3037,2021-03-20T17:41:34.455000+00:00,1.0,P
3644,3357,2021-03-20T17:41:37.655000+00:00,1.0,S
3645,3037,2021-03-20T17:41:34.455000+00:00,1.0,P
3645,3357,2021-03-20T17:41:37.655000+00:00,1.0,S
3646,3037,2021-03-20T17:41:34.455000+00:00,1.0,P
3646,3357,2021-03-20T17:41:37.655000+00:00,1.0,S
3647,3037,2021-03-20T17:41:34.455000+00:00,1.0,P
3647,3357,2021-03-20T17:41:37.655000+00:00,1.0,S
3648,3037,2021-03-20T17:41:34.455000+00:00,1.0,P
3648,3357,2021-03-20T17:41:37.655000+00:00,1.0,S
3649,3037,2021-03-20T17:41:34.455000+00:00,1.0,P
3649,3358,2021-03-20T17:41:37.665000+00:00,1.0,S
3650,3037,2021-03-20T17:41:34.455000+00:00,1.0,P
3650,3358,2021-03-20T17:41:37.665000+00:00,1.0,S
3651,3037,2021-03-20T17:41:34.455000+00:00,1.0,P
3651,3358,2021-03-20T17:41:37.665000+00:00,1.0,S
3652,3037,2021-03-20T17:41:34.455000+00:00,1.0,P
3652,3358,2021-03-20T17:41:37.665000+00:00,1.0,S
3653,3037,2021-03-20T17:41:34.455000+00:00,1.0,P
3653,3358,2021-03-20T17:41:37.665000+00:00,1.0,S
3654,3037,2021-03-20T17:41:34.455000+00:00,1.0,P
3654,3358,2021-03-20T17:41:37.665000+00:00,1.0,S
3655,3038,2021-03-20T17:41:34.465000+00:00,1.0,P
3655,3358,2021-03-20T17:41:37.665000+00:00,1.0,S
3656,3038,2021-03-20T17:41:34.465000+00:00,1.0,P
3656,3358,2021-03-20T17:41:37.665000+00:00,1.0,S
3657,3038,2021-03-20T17:41:34.465000+00:00,1.0,P
3657,3358,2021-03-20T17:41:37.665000+00:00,1.0,S
3658,3038,2021-03-20T17:41:34.465000+00:00,1.0,P
3658,3359,2021-03-20T17:41:37.675000+00:00,1.0,S
3659,3038,2021-03-20T17:41:34.465000+00:00,1.0,P
3659,3359,2021-03-20T17:41:37.675000+00:00,1.0,S
3660,3038,2021-03-20T17:41:34.465000+00:00,1.0,P
3660,3359,2021-03-20T17:41:37.675000+00:00,1.0,S
3661,3038,2021-03-20T17:41:34.465000+00:00,1.0,P
3661,3359,2021-03-20T17:41:37.675000+00:00,1.0,S
3662,3038,2021-03-20T17:41:34.465000+00:00,1.0,P
3662,3359,2021-03-20T17:41:37.675000+00:00,1.0,S
3663,3038,2021-03-20T17:41:34.465000+00:00,1.0,P
3663,3359,2021-03-20T17:41:37.675000+00:00,1.0,S
3664,3038,2021-03-20T17:41:34.465000+00:00,1.0,P
3664,3359,2021-03-20T17:41:37.675000+00:00,1.0,S
3665,3038,2021-03-20T17:41:34.465000+00:00,1.0,P
3665,3360,2021-03-20T17:41:37.685000+00:00,1.0,S
3666,3038,2021-03-20T17:41:34.465000+00:00,1.0,P
3666,3360,2021-03-20T17:41:37.685000+00:00,1.0,S
3667,3038,2021-03-20T17:41:34.465000+00:00,1.0,P
3667,3360,2021-03-20T17:41:37.685000+00:00,1.0,S
3668,3039,2021-03-20T17:41:34.475000+00:00,1.0,P
3668,3360,2021-03-20T17:41:37.685000+00:00,1.0,S
3669,3039,2021-03-20T17:41:34.475000+00:00,1.0,P
3669,3360,2021-03-20T17:41:37.685000+00:00,1.0,S
3670,3039,2021-03-20T17:41:34.475000+00:00,1.0,P
3670,3361,2021-03-20T17:41:37.695000+00:00,1.0,S
3671,3039,2021-03-20T17:41:34.475000+00:00,1.0,P
3671,3361,2021-03-20T17:41:37.695000+00:00,1.0,S
3672,3039,2021-03-20T17:41:34.475000+00:00,1.0,P
3672,3361,2021-03-20T17:41:37.695000+00:00,1.0,S
3673,3039,2021-03-20T17:41:34.475000+00:00,1.0,P
3673,3361,2021-03-20T17:41:37.695000+00:00,1.0,S
3674,3039,2021-03-20T17:41:34.475000+00:00,1.0,P
3674,3361,2021-03-20T17:41:37.695000+00:00,1.0,S
3675,3039,2021-03-20T17:41:34.475000+00:00,1.0,P
3675,3361,2021-03-20T17:41:37.695000+00:00,1.0,S
3676,3039,2021-03-20T17:41:34.475000+00:00,1.0,P
3676,3362,2021-03-20T17:41:37.704999+00:00,1.0,S
3677,3039,2021-03-20T17:41:34.475000+00:00,1.0,P
3677,3362,2021-03-20T17:41:37.704999+00:00,1.0,S
3678,3040,2021-03-20T17:41:34.485000+00:00,1.0,P
3678,3362,2021-03-20T17:41:37.704999+00:00,1.0,S
3679,3040,2021-03-20T17:41:34.485000+00:00,1.0,P
3679,3362,2021-03-20T17:41:37.704999+00:00,1.0,S
3680,3040,2021-03-20T17:41:34.485000+00:00,1.0,P
3680,3362,2021-03-20T17:41:37.704999+00:00,1.0,S
3681,3040,2021-03-20T17:41:34.485000+00:00,1.0,P
3681,3362,2021-03-20T17:41:37.704999+00:00,1.0,S
3682,3040,2021-03-20T17:41:34.485000+00:00,1.0,P
3682,3363,2021-03-20T17:41:37.715000+00:00,1.0,S
3683,3040,2021-03-20T17:41:34.485000+00:00,1.0,P
3683,3363,2021-03-20T17:41:37.715000+00:00,1.0,S
3684,3040,2021-03-20T17:41:34.485000+00:00,1.0,P
3684,3363,2021-03-20T17:41:37.715000+00:00,1.0,S
3685,3040,2021-03-20T17:41:34.485000+00:00,1.0,P
3685,3363,2021-03-20T17:41:37.715000+00:00,1.0,S
3686,3040,2021-03-20T17:41:34.485000+00:00,1.0,P
3686,3363,2021-03-20T17:41:37.715000+00:00,1.0,S
3687,3041,2021-03-20T17:41:34.495000+00:00,1.0,P
3687,3364,2021-03-20T17:41:37.725000+00:00,1.0,S
3688,3041,2021-03-20T17:41:34.495000+00:00,1.0,P
3688,3364,2021-03-20T17:41:37.725000+00:00,1.0,S
3689,3041,2021-03-20T17:41:34.495000+00:00,1.0,P
3689,3364,2021-03-20T17:41:37.725000+00:00,1.0,S
3690,3041,2021-03-20T17:41:34.495000+00:00,1.0,P
3690,3364,2021-03-20T17:41:37.725000+00:00,1.0,S
3691,3041,2021-03-20T17:41:34.495000+00:00,1.0,P
3691,3365,2021-03-20T17:41:37.735000+00:00,1.0,S
3692,3041,2021-03-20T17:41:34.495000+00:00,1.0,P
3692,3365,2021-03-20T17:41:37.735000+00:00,1.0,S
3693,3041,2021-03-20T17:41:34.495000+00:00,1.0,P
3693,3365,2021-03-20T17:41:37.735000+00:00,1.0,S
3694,3041,2021-03-20T17:41:34.495000+00:00,1.0,P
3694,3366,2021-03-20T17:41:37.745000+00:00,1.0,S
3695,3041,2021-03-20T17:41:34.495000+00:00,1.0,P
3695,3366,2021-03-20T17:41:37.745000+00:00,1.0,S
3696,3041,2021-03-20T17:41:34.495000+00:00,1.0,P
3696,3366,2021-03-20T17:41:37.745000+00:00,1.0,S
3697,3041,2021-03-20T17:41:34.495000+00:00,1.0,P
3697,3366,2021-03-20T17:41:37.745000+00:00,1.0,S
3698,3041,2021-03-20T17:41:34.495000+00:00,1.0,P
3698,3366,2021-03-20T17:41:37.745000+00:00,1.0,S
3699,3041,2021-03-20T17:41:34.495000+00:00,1.0,P
3699,3367,2021-03-20T17:41:37.755000+00:00,1.0,S
3700,3041,2021-03-20T17:41:34.495000+00:00,1.0,P
3700,3367,2021-03-20T17:41:37.755000+00:00,1.0,S
3701,3041,2021-03-20T17:41:34.495000+00:00,1.0,P
3701,3367,2021-03-20T17:41:37.755000+00:00,1.0,S
3702,3041,2021-03-20T17:41:34.495000+00:00,1.0,P
3702,3367,2021-03-20T17:41:37.755000+00:00,1.0,S
3703,3041,2021-03-20T17:41:34.495000+00:00,1.0,P
3703,3368,2021-03-20T17:41:37.765000+00:00,1.0,S
3704,3041,2021-03-20T17:41:34.495000+00:00,1.0,P
3704,3368,2021-03-20T17:41:37.765000+00:00,1.0,S
3705,3041,2021-03-20T17:41:34.495000+00:00,1.0,P
3705,3368,2021-03-20T17:41:37.765000+00:00,1.0,S
3706,3042,2021-03-20T17:41:34.505000+00:00,1.0,P
3706,3368,2021-03-20T17:41:37.765000+00:00,1.0,S
3707,3042,2021-03-20T17:41:34.505000+00:00,1.0,P
3707,3369,2021-03-20T17:41:37.774999+00:00,1.0,S
3708,3042,2021-03-20T17:41:34.505000+00:00,1.0,P
3708,3369,2021-03-20T17:41:37.774999+00:00,1.0,S
3709,3042,2021-03-20T17:41:34.505000+00:00,1.0,P
3709,3369,2021-03-20T17:41:37.774999+00:00,1.0,S
3710,3042,2021-03-20T17:41:34.505000+00:00,1.0,P
3710,3369,2021-03-20T17:41:37.774999+00:00,1.0,S
3711,3042,2021-03-20T17:41:34.505000+00:00,1.0,P
3711,3370,2021-03-20T17:41:37.785000+00:00,1.0,S
3712,3042,2021-03-20T17:41:34.505000+00:00,1.0,P
3712,3370,2021-03-20T17:41:37.785000+00:00,1.0,S
3713,3042,2021-03-20T17:41:34.505000+00:00,1.0,P
3713,3370,2021-03-20T17:41:37.785000+00:00,1.0,S
3714,3042,2021-03-20T17:41:34.505000+00:00,1.0,P
3714,3370,2021-03-20T17:41:37.785000+00:00,1.0,S
3715,3042,2021-03-20T17:41:34.505000+00:00,1.0,P
3715,3371,2021-03-20T17:41:37.795000+00:00,1.0,S
3716,3043,2021-03-20T17:41:34.515000+00:00,1.0,P
3716,3371,2021-03-20T17:41:37.795000+00:00,1.0,S
3717,3043,2021-03-20T17:41:34.515000+00:00,1.0,P
3717,3372,2021-03-20T17:41:37.805000+00:00,1.0,S
3718,3043,2021-03-20T17:41:34.515000+00:00,1.0,P
3718,3372,2021-03-20T17:41:37.805000+00:00,1.0,S
3719,3043,2021-03-20T17:41:34.515000+00:00,1.0,P
3719,3372,2021-03-20T17:41:37.805000+00:00,1.0,S
3720,3043,2021-03-20T17:41:34.515000+00:00,1.0,P
3720,3373,2021-03-20T17:41:37.815000+00:00,1.0,S
3721,3043,2021-03-20T17:41:34.515000+00:00,1.0,P
3721,3373,2021-03-20T17:41:37.815000+00:00,1.0,S
3722,3043,2021-03-20T17:41:34.515000+00:00,1.0,P
3722,3373,2021-03-20T17:41:37.815000+00:00,1.0,S
3723,3044,2021-03-20T17:41:34.525000+00:00,1.0,P
3723,3373,2021-03-20T17:41:37.815000+00:00,1.0,S
3724,3044,2021-03-20T17:41:34.525000+00:00,1.0,P
3724,3374,2021-03-20T17:41:37.825000+00:00,1.0,S
3725,3044,2021-03-20T17:41:34.525000+00:00,1.0,P
3725,3374,2021-03-20T17:41:37.825000+00:00,1.0,S
3726,3044,2021-03-20T17:41:34.525000+00:00,1.0,P
3726,3374,2021-03-20T17:41:37.825000+00:00,1.0,S
3727,3044,2021-03-20T17:41:34.525000+00:00,1.0,P
3727,3375,2021-03-20T17:41:37.835000+00:00,1.0,S
3728,3045,2021-03-20T17:41:34.535000+00:00,1.0,P
3728,3375,2021-03-20T17:41:37.835000+00:00,1.0,S
3729,3045,2021-03-20T17:41:34.535000+00:00,1.0,P
3729,3375,2021-03-20T17:41:37.835000+00:00,1.0,S
3730,3045,2021-03-20T17:41:34.535000+00:00,1.0,P
3730,3376,2021-03-20T17:41:37.844999+00:00,1.0,S
3731,3045,2021-03-20T17:41:34.535000+00:00,1.0,P
3731,3376,2021-03-20T17:41:37.844999+00:00,1.0,S
3732,3045,2021-03-20T17:41:34.535000+00:00,1.0,P
3732,3376,2021-03-20T17:41:37.844999+00:00,1.0,S
3733,3045,2021-03-20T17:41:34.535000+00:00,1.0,P
3733,3377,2021-03-20T17:41:37.855000+00:00,1.0,S
3734,3046,2021-03-20T17:41:34.545000+00:00,1.0,P
3734,3377,2021-03-20T17:41:37.855000+00:00,1.0,S
3735,3046,2021-03-20T17:41:34.545000+00:00,1.0,P
3735,3377,2021-03-20T17:41:37.855000+00:00,1.0,S
3736,3046,2021-03-20T17:41:34.545000+00:00,1.0,P
3736,3378,2021-03-20T17:41:37.865000+00:00,1.0,S
3737,3046,2021-03-20T17:41:34.545000+00:00,1.0,P
3737,3378,2021-03-20T17:41:37.865000+00:00,1.0,S
3738,3046,2021-03-20T17:41:34.545000+00:00,1.0,P
3738,3378,2021-03-20T17:41:37.865000+00:00,1.0,S
3739,3046,2021-03-20T17:41:34.545000+00:00,1.0,P
3739,3378,2021-03-20T17:41:37.865000+00:00,1.0,S
3740,3047,2021-03-20T17:41:34.555000+00:00,1.0,P
3740,3378,2021-03-20T17:41:37.865000+00:00,1.0,S
3741,3047,2021-03-20T17:41:34.555000+00:00,1.0,P
3741,3379,2021-03-20T17:41:37.875000+00:00,1.0,S
3742,3047,2021-03-20T17:41:34.555000+00:00,1.0,P
3742,3379,2021-03-20T17:41:37.875000+00:00,1.0,S
3743,3047,2021-03-20T17:41:34.555000+00:00,1.0,P
3743,3379,2021-03-20T17:41:37.875000+00:00,1.0,S
3744,3047,2021-03-20T17:41:34.555000+00:00,1.0,P
3744,3379,2021-03-20T17:41:37.875000+00:00,1.0,S
3745,3047,2021-03-20T17:41:34.555000+00:00,1.0,P
3745,3380,2021-03-20T17:41:37.884999+00:00,1.0,S
3746,3047,2021-03-20T17:41:34.555000+00:00,1.0,P
3746,3380,2021-03-20T17:41:37.884999+00:00,1.0,S
3747,3048,2021-03-20T17:41:34.565000+00:00,1.0,P
3747,3380,2021-03-20T17:41:37.884999+00:00,1.0,S
3748,3048,2021-03-20T17:41:34.565000+00:00,1.0,P
3748,3381,2021-03-20T17:41:37.895000+00:00,1.0,S
3749,3048,2021-03-20T17:41:34.565000+00:00,1.0,P
3749,3381,2021-03-20T17:41:37.895000+00:00,1.0,S
3750,3048,2021-03-20T17:41:34.565000+00:00,1.0,P
3750,3381,2021-03-20T17:41:37.895000+00:00,1.0,S
3751,3048,2021-03-20T17:41:34.565000+00:00,1.0,P
3751,3382,2021-03-20T17:41:37.905000+00:00,1.0,S
3752,3048,2021-03-20T17:41:34.565000+00:00,1.0,P
3752,3382,2021-03-20T17:41:37.905000+00:00,1.0,S
3753,3048,2021-03-20T17:41:34.565000+00:00,1.0,P
3753,3382,2021-03-20T17:41:37.905000+00:00,1.0,S
3754,3049,2021-03-20T17:41:34.575000+00:00,1.0,P
3754,3382,2021-03-20T17:41:37.905000+00:00,1.0,S
3755,3049,2021-03-20T17:41:34.575000+00:00,1.0,P
3755,3383,2021-03-20T17:41:37.915000+00:00,1.0,S
3756,3049,2021-03-20T17:41:34.575000+00:00,1.0,P
3756,3383,2021-03-20T17:41:37.915000+00:00,1.0,S
3757,3049,2021-03-20T17:41:34.575000+00:00,1.0,P
3757,3383,2021-03-20T17:41:37.915000+00:00,1.0,S
3758,3049,2021-03-20T17:41:34.575000+00:00,1.0,P
3758,3384,2021-03-20T17:41:37.925000+00:00,1.0,S
3759,3049,2021-03-20T17:41:34.575000+00:00,1.0,P
3759,3384,2021-03-20T17:41:37.925000+00:00,1.0,S
3760,3050,2021-03-20T17:41:34.585000+00:00,1.0,P
3760,3384,2021-03-20T17:41:37.925000+00:00,1.0,S
3761,3050,2021-03-20T17:41:34.585000+00:00,1.0,P
3761,3384,2021-03-20T17:41:37.925000+00:00,1.0,S
3762,3050,2021-03-20T17:41:34.585000+00:00,1.0,P
3762,3385,2021-03-20T17:41:37.935000+00:00,1.0,S
3763,3050,2021-03-20T17:41:34.585000+00:00,1.0,P
3763,3385,2021-03-20T17:41:37.935000+00:00,1.0,S
3764,3050,2021-03-20T17:41:34.585000+00:00,1.0,P
3764,3385,2021-03-20T17:41:37.935000+00:00,1.0,S
3765,3050,2021-03-20T17:41:34.585000+00:00,1.0,P
3765,3386,2021-03-20T17:41:37.945000+00:00,1.0,S
3766,3050,2021-03-20T17:41:34.585000+00:00,1.0,P
3766,3386,2021-03-20T17:41:37.945000+00:00,1.0,S
3767,3051,2021-03-20T17:41:34.595000+00:00,1.0,P
3767,3386,2021-03-20T17:41:37.945000+00:00,1.0,S
3768,3051,2021-03-20T17:41:34.595000+00:00,1.0,P
3768,3386,2021-03-20T17:41:37.945000+00:00,1.0,S
3769,3051,2021-03-20T17:41:34.595000+00:00,1.0,P
3769,3387,2021-03-20T17:41:37.954999+00:00,1.0,S
3770,3051,2021-03-20T17:41:34.595000+00:00,1.0,P
3770,3387,2021-03-20T17:41:37.954999+00:00,1.0,S
3771,3051,2021-03-20T17:41:34.595000+00:00,1.0,P
3771,3387,2021-03-20T17:41:37.954999+00:00,1.0,S
3772,3051,2021-03-20T17:41:34.595000+00:00,1.0,P
3772,3388,2021-03-20T17:41:37.965000+00:00,1.0,S
3773,3052,2021-03-20T17:41:34.605000+00:00,1.0,P
3773,3388,2021-03-20T17:41:37.965000+00:00,1.0,S
3774,3052,2021-03-20T17:41:34.605000+00:00,1.0,P
3774,3389,2021-03-20T17:41:37.975000+00:00,1.0,S
3775,3052,2021-03-20T17:41:34.605000+00:00,1.0,P
3775,3389,2021-03-20T17:41:37.975000+00:00,1.0,S
3776,3052,2021-03-20T17:41:34.605000+00:00,1.0,P
3776,3389,2021-03-20T17:41:37.975000+00:00,1.0,S
3777,3052,2021-03-20T17:41:34.605000+00:00,1.0,P
3777,3390,2021-03-20T17:41:37.985000+00:00,1.0,S
3778,3053,2021-03-20T17:41:34.615000+00:00,1.0,P
3778,3390,2021-03-20T17:41:37.985000+00:00,1.0,S
3779,3053,2021-03-20T17:41:34.615000+00:00,1.0,P
3779,3390,2021-03-20T17:41:37.985000+00:00,1.0,S
3780,3053,2021-03-20T17:41:34.615000+00:00,1.0,P
3780,3391,2021-03-20T17:41:37.995000+00:00,1.0,S
3781,3053,2021-03-20T17:41:34.615000+00:00,1.0,P
3781,3391,2021-03-20T17:41:37.995000+00:00,1.0,S
3782,3053,2021-03-20T17:41:34.615000+00:00,1.0,P
3782,3392,2021-03-20T17:41:38.005000+00:00,1.0,S
3783,3053,2021-03-20T17:41:34.615000+00:00,1.0,P
3783,3392,2021-03-20T17:41:38.005000+00:00,1.0,S
3784,3054,2021-03-20T17:41:34.625000+00:00,1.0,P
3784,3392,2021-03-20T17:41:38.005000+00:00,1.0,S
3785,3054,2021-03-20T17:41:34.625000+00:00,1.0,P
3785,3393,2021-03-20T17:41:38.015000+00:00,1.0,S
3786,3054,2021-03-20T17:41:34.625000+00:00,1.0,P
3786,3393,2021-03-20T17:41:38.015000+00:00,1.0,S
3787,3054,2021-03-20T17:41:34.625000+00:00,1.0,P
3787,3393,2021-03-20T17:41:38.015000+00:00,1.0,S
3788,3054,2021-03-20T17:41:34.625000+00:00,1.0,P
3788,3394,2021-03-20T17:41:38.024999+00:00,1.0,S
3789,3054,2021-03-20T17:41:34.625000+00:00,1.0,P
3789,3394,2021-03-20T17:41:38.024999+00:00,1.0,S
3790,3055,2021-03-20T17:41:34.635000+00:00,1.0,P
3790,3395,2021-03-20T17:41:38.035000+00:00,1.0,S
3791,3055,2021-03-20T17:41:34.635000+00:00,1.0,P
3791,3395,2021-03-20T17:41:38.035000+00:00,1.0,S
3792,3055,2021-03-20T17:41:34.635000+00:00,1.0,P
3792,3395,2021-03-20T17:41:38.035000+00:00,1.0,S
3793,3055,2021-03-20T17:41:34.635000+00:00,1.0,P
3793,3396,2021-03-20T17:41:38.045000+00:00,1.0,S
3794,3055,2021-03-20T17:41:34.635000+00:00,1.0,P
3794,3396,2021-03-20T17:41:38.045000+00:00,1.0,S
3795,3056,2021-03-20T17:41:34.645000+00:00,1.0,P
3795,3396,2021-03-20T17:41:38.045000+00:00,1.0,S
3796,3056,2021-03-20T17:41:34.645000+00:00,1.0,P
3796,3396,2021-03-20T17:41:38.045000+00:00,1.0,S
3797,3056,2021-03-20T17:41:34.645000+00:00,1.0,P
3797,3397,2021-03-20T17:41:38.055000+00:00,1.0,S
3798,3056,2021-03-20T17:41:34.645000+00:00,1.0,P
3798,3397,2021-03-20T17:41:38.055000+00:00,1.0,S
3799,3056,2021-03-20T17:41:34.645000+00:00,1.0,P
3799,3397,2021-03-20T17:41:38.055000+00:00,1.0,S
3800,3057,2021-03-20T17:41:34.655000+00:00,1.0,P
3800,3397,2021-03-20T17:41:38.055000+00:00,1.0,S
3801,3057,2021-03-20T17:41:34.655000+00:00,1.0,P
3801,3398,2021-03-20T17:41:38.065000+00:00,1.0,S
3802,3057,2021-03-20T17:41:34.655000+00:00,1.0,P
3802,3398,2021-03-20T17:41:38.065000+00:00,1.0,S
3803,3057,2021-03-20T17:41:34.655000+00:00,1.0,P
3803,3398,2021-03-20T17:41:38.065000+00:00,1.0,S
3804,3057,2021-03-20T17:41:34.655000+00:00,1.0,P
3804,3398,2021-03-20T17:41:38.065000+00:00,1.0,S
3805,3058,2021-03-20T17:41:34.665000+00:00,1.0,P
3805,3399,2021-03-20T17:41:38.075000+00:00,1.0,S
3806,3058,2021-03-20T17:41:34.665000+00:00,1.0,P
3806,3399,2021-03-20T17:41:38.075000+00:00,1.0,S
3807,3058,2021-03-20T17:41:34.665000+00:00,1.0,P
3807,3399,2021-03-20T17:41:38.075000+00:00,1.0,S
3808,3058,2021-03-20T17:41:34.665000+00:00,1.0,P
3808,3399,2021-03-20T17:41:38.075000+00:00,1.0,S
3809,3058,2021-03-20T17:41:34.665000+00:00,1.0,P
3809,3400,2021-03-20T17:41:38.085000+00:00,1.0,S
3810,3059,2021-03-20T17:41:34.675000+00:00,1.0,P
3810,3400,2021-03-20T17:41:38.085000+00:00,1.0,S
3811,3059,2021-03-20T17:41:34.675000+00:00,1.0,P
3811,3400,2021-03-20T17:41:38.085000+00:00,1.0,S
3812,3059,2021-03-20T17:41:34.675000+00:00,1.0,P
3812,3400,2021-03-20T17:41:38.085000+00:00,1.0,S
3813,3059,2021-03-20T17:41:34.675000+00:00,1.0,P
3813,3401,2021-03-20T17:41:38.094999+00:00,1.0,S
3814,3059,2021-03-20T17:41:34.675000+00:00,1.0,P
3814,3401,2021-03-20T17:41:38.094999+00:00,1.0,S
3815,3060,2021-03-20T17:41:34.685000+00:00,1.0,P
3815,3401,2021-03-20T17:41:38.094999+00:00,1.0,S
3816,3060,2021-03-20T17:41:34.685000+00:00,1.0,P
3816,3401,2021-03-20T17:41:38.094999+00:00,1.0,S
3817,3060,2021-03-20T17:41:34.685000+00:00,1.0,P
3817,3402,2021-03-20T17:41:38.105000+00:00,1.0,S
3818,3060,2021-03-20T17:41:34.685000+00:00,1.0,P
3818,3402,2021-03-20T17:41:38.105000+00:00,1.0,S
3819,3060,2021-03-20T17:41:34.685000+00:00,1.0,P
3819,3402,2021-03-20T17:41:38.105000+00:00,1.0,S
3820,3060,2021-03-20T17:41:34.685000+00:00,1.0,P
3820,3402,2021-03-20T17:41:38.105000+00:00,1.0,S
3821,3061,2021-03-20T17:41:34.695000+00:00,1.0,P
3821,3403,2021-03-20T17:41:38.115000+00:00,1.0,S
3822,3061,2021-03-20T17:41:34.695000+00:00,1.0,P
3822,3403,2021-03-20T17:41:38.115000+00:00,1.0,S
3823,3061,2021-03-20T17:41:34.695000+00:00,1.0,P
3823,3403,2021-03-20T17:41:38.115000+00:00,1.0,S
3824,3061,2021-03-20T17:41:34.695000+00:00,1.0,P
3824,3403,2021-03-20T17:41:38.115000+00:00,1.0,S
3825,3061,2021-03-20T17:41:34.695000+00:00,1.0,P
3825,3404,2021-03-20T17:41:38.125000+00:00,1.0,S
3826,3061,2021-03-20T17:41:34.695000+00:00,1.0,P
3826,3404,2021-03-20T17:41:38.125000+00:00,1.0,S
3827,3062,2021-03-20T17:41:34.705000+00:00,1.0,P
3827,3404,2021-03-20T17:41:38.125000+00:00,1.0,S
3828,3062,2021-03-20T17:41:34.705000+00:00,1.0,P
3828,3404,2021-03-20T17:41:38.125000+00:00,1.0,S
3829,3062,2021-03-20T17:41:34.705000+00:00,1.0,P
3829,3404,2021-03-20T17:41:38.125000+00:00,1.0,S
3830,3062,2021-03-20T17:41:34.705000+00:00,1.0,P
3830,3405,2021-03-20T17:41:38.134999+00:00,1.0,S
3831,3062,2021-03-20T17:41:34.705000+00:00,1.0,P
3831,3405,2021-03-20T17:41:38.134999+00:00,1.0,S
3832,3062,2021-03-20T17:41:34.705000+00:00,1.0,P
3832,3405,2021-03-20T17:41:38.134999+00:00,1.0,S
3833,3063,2021-03-20T17:41:34.715000+00:00,1.0,P
3833,3405,2021-03-20T17:41:38.134999+00:00,1.0,S
3834,3063,2021-03-20T17:41:34.715000+00:00,1.0,P
3834,3405,2021-03-20T17:41:38.134999+00:00,1.0,S
3835,3063,2021-03-20T17:41:34.715000+00:00,1.0,P
3835,3406,2021-03-20T17:41:38.145000+00:00,1.0,S
3836,3063,2021-03-20T17:41:34.715000+00:00,1.0,P
3836,3406,2021-03-20T17:41:38.145000+00:00,1.0,S
3837,3063,2021-03-20T17:41:34.715000+00:00,1.0,P
3837,3406,2021-03-20T17:41:38.145000+00:00,1.0,S
3838,3063,2021-03-20T17:41:34.715000+00:00,1.0,P
3838,3406,2021-03-20T17:41:38.145000+00:00,1.0,S
3839,3063,2021-03-20T17:41:34.715000+00:00,1.0,P
3839,3406,2021-03-20T17:41:38.145000+00:00,1.0,S
3840,3064,2021-03-20T17:41:34.725000+00:00,1.0,P
3840,3407,2021-03-20T17:41:38.155000+00:00,1.0,S
3841,3064,2021-03-20T17:41:34.725000+00:00,1.0,P
3841,3407,2021-03-20T17:41:38.155000+00:00,1.0,S
3842,3064,2021-03-20T17:41:34.725000+00:00,1.0,P
3842,3407,2021-03-20T17:41:38.155000+00:00,1.0,S
3843,3064,2021-03-20T17:41:34.725000+00:00,1.0,P
3843,3407,2021-03-20T17:41:38.155000+00:00,1.0,S
3844,3064,2021-03-20T17:41:34.725000+00:00,1.0,P
3844,3407,2021-03-20T17:41:38.155000+00:00,1.0,S
3845,3064,2021-03-20T17:41:34.725000+00:00,1.0,P
3845,3407,2021-03-20T17:41:38.155000+00:00,1.0,S
3846,3065,2021-03-20T17:41:34.735000+00:00,1.0,P
3846,3408,2021-03-20T17:41:38.165000+00:00,1.0,S
3847,3065,2021-03-20T17:41:34.735000+00:00,1.0,P
3847,3408,2021-03-20T17:41:38.165000+00:00,1.0,S
3848,3065,2021-03-20T17:41:34.735000+00:00,1.0,P
3848,3408,2021-03-20T17:41:38.165000+00:00,1.0,S
3849,3065,2021-03-20T17:41:34.735000+00:00,1.0,P
3849,3408,2021-03-20T17:41:38.165000+00:00,1.0,S
3850,3065,2021-03-20T17:41:34.735000+00:00,1.0,P
3850,3408,2021-03-20T17:41:38.165000+00:00,1.0,S
3851,3065,2021-03-20T17:41:34.735000+00:00,1.0,P
3851,3409,2021-03-20T17:41:38.175000+00:00,1.0,S
3852,3065,2021-03-20T17:41:34.735000+00:00,1.0,P
3852,3409,2021-03-20T17:41:38.175000+00:00,1.0,S
3853,3066,2021-03-20T17:41:34.745000+00:00,1.0,P
3853,3409,2021-03-20T17:41:38.175000+00:00,1.0,S
3854,3066,2021-03-20T17:41:34.745000+00:00,1.0,P
3854,3409,2021-03-20T17:41:38.175000+00:00,1.0,S
3855,3066,2021-03-20T17:41:34.745000+00:00,1.0,P
3855,3409,2021-03-20T17:41:38.175000+00:00,1.0,S
3856,3066,2021-03-20T17:41:34.745000+00:00,1.0,P
3856,3410,2021-03-20T17:41:38.185000+00:00,1.0,S
3857,3066,2021-03-20T17:41:34.745000+00:00,1.0,P
3857,3410,2021-03-20T17:41:38.185000+00:00,1.0,S
3858,3066,2021-03-20T17:41:34.745000+00:00,1.0,P
3858,3410,2021-03-20T17:41:38.185000+00:00,1.0,S
3859,3067,2021-03-20T17:41:34.755000+00:00,1.0,P
3859,3410,2021-03-20T17:41:38.185000+00:00,1.0,S
3860,3067,2021-03-20T17:41:34.755000+00:00,1.0,P
3860,3410,2021-03-20T17:41:38.185000+00:00,1.0,S
3861,3067,2021-03-20T17:41:34.755000+00:00,1.0,P
3861,3410,2021-03-20T17:41:38.185000+00:00,1.0,S
3862,3067,2021-03-20T17:41:34.755000+00:00,1.0,P
3862,3411,2021-03-20T17:41:38.195000+00:00,1.0,S
3863,3067,2021-03-20T17:41:34.755000+00:00,1.0,P
3863,3411,2021-03-20T17:41:38.195000+00:00,1.0,S
3864,3067,2021-03-20T17:41:34.755000+00:00,1.0,P
3864,3411,2021-03-20T17:41:38.195000+00:00,1.0,S
3865,3067,2021-03-20T17:41:34.755000+00:00,1.0,P
3865,3411,2021-03-20T17:41:38.195000+00:00,1.0,S
3866,3068,2021-03-20T17:41:34.765000+00:00,1.0,P
3866,3411,2021-03-20T17:41:38.195000+00:00,1.0,S
3867,3068,2021-03-20T17:41:34.765000+00:00,1.0,P
3867,3411,2021-03-20T17:41:38.195000+00:00,1.0,S
3868,3068,2021-03-20T17:41:34.765000+00:00,1.0,P
3868,3411,2021-03-20T17:41:38.195000+00:00,1.0,S
3869,3068,2021-03-20T17:41:34.765000+00:00,1.0,P
3869,3412,2021-03-20T17:41:38.204999+00:00,1.0,S
3870,3068,2021-03-20T17:41:34.765000+00:00,1.0,P
3870,3412,2021-03-20T17:41:38.204999+00:00,1.0,S
3871,3068,2021-03-20T17:41:34.765000+00:00,1.0,P
3871,3412,2021-03-20T17:41:38.204999+00:00,1.0,S
3872,3068,2021-03-20T17:41:34.765000+00:00,1.0,P
3872,3412,2021-03-20T17:41:38.204999+00:00,1.0,S
3873,3069,2021-03-20T17:41:34.775000+00:00,1.0,P
3873,3412,2021-03-20T17:41:38.204999+00:00,1.0,S
3874,3069,2021-03-20T17:41:34.775000+00:00,1.0,P
3874,3412,2021-03-20T17:41:38.204999+00:00,1.0,S
3875,3069,2021-03-20T17:41:34.775000+00:00,1.0,P
3875,3413,2021-03-20T17:41:38.215000+00:00,1.0,S
3876,3069,2021-03-20T17:41:34.775000+00:00,1.0,P
3876,3413,2021-03-20T17:41:38.215000+00:00,1.0,S
3877,3069,2021-03-20T17:41:34.775000+00:00,1.0,P
3877,3413,2021-03-20T17:41:38.215000+00:00,1.0,S
3878,3069,2021-03-20T17:41:34.775000+00:00,1.0,P
3878,3413,2021-03-20T17:41:38.215000+00:00,1.0,S
3879,3069,2021-03-20T17:41:34.775000+00:00,1.0,P
3879,3413,2021-03-20T17:41:38.215000+00:00,1.0,S
3880,3069,2021-03-20T17:41:34.775000+00:00,1.0,P
3880,3414,2021-03-20T17:41:38.225000+00:00,1.0,S
3881,3069,2021-03-20T17:41:34.775000+00:00,1.0,P
3881,3414,2021-03-20T17:41:38.225000+00:00,1.0,S
3882,3070,2021-03-20T17:41:34.785000+00:00,1.0,P
3882,3414,2021-03-20T17:41:38.225000+00:00,1.0,S
3883,3070,2021-03-20T17:41:34.785000+00:00,1.0,P
3883,3414,2021-03-20T17:41:38.225000+00:00,1.0,S
3884,3070,2021-03-20T17:41:34.785000+00:00,1.0,P
3884,3414,2021-03-20T17:41:38.225000+00:00,1.0,S
3885,3070,2021-03-20T17:41:34.785000+00:00,1.0,P
3885,3415,2021-03-20T17:41:38.235000+00:00,1.0,S
3886,3070,2021-03-20T17:41:34.785000+00:00,1.0,P
3886,3415,2021-03-20T17:41:38.235000+00:00,1.0,S
3887,3070,2021-03-20T17:41:34.785000+00:00,1.0,P
3887,3415,2021-03-20T17:41:38.235000+00:00,1.0,S
3888,3070,2021-03-20T17:41:34.785000+00:00,1.0,P
3888,3415,2021-03-20T17:41:38.235000+00:00,1.0,S
3889,3070,2021-03-20T17:41:34.785000+00:00,1.0,P
3889,3415,2021-03-20T17:41:38.235000+00:00,1.0,S
3890,3070,2021-03-20T17:41:34.785000+00:00,1.0,P
3890,3416,2021-03-20T17:41:38.245000+00:00,1.0,S
3891,3070,2021-03-20T17:41:34.785000+00:00,1.0,P
3891,3416,2021-03-20T17:41:38.245000+00:00,1.0,S
3892,3070,2021-03-20T17:41:34.785000+00:00,1.0,P
3892,3416,2021-03-20T17:41:38.245000+00:00,1.0,S
3893,3070,2021-03-20T17:41:34.785000+00:00,1.0,P
3893,3416,2021-03-20T17:41:38.245000+00:00,1.0,S
3894,3071,2021-03-20T17:41:34.795000+00:00,1.0,P
3894,3416,2021-03-20T17:41:38.245000+00:00,1.0,S
3895,3071,2021-03-20T17:41:34.795000+00:00,1.0,P
3895,3417,2021-03-20T17:41:38.255000+00:00,1.0,S
3896,3071,2021-03-20T17:41:34.795000+00:00,1.0,P
3896,3417,2021-03-20T17:41:38.255000+00:00,1.0,S
3897,3071,2021-03-20T17:41:34.795000+00:00,1.0,P
3897,3417,2021-03-20T17:41:38.255000+00:00,1.0,S
3898,3071,2021-03-20T17:41:34.795000+00:00,1.0,P
3898,3417,2021-03-20T17:41:38.255000+00:00,1.0,S
3899,3071,2021-03-20T17:41:34.795000+00:00,1.0,P
3899,3417,2021-03-20T17:41:38.255000+00:00,1.0,S
3900,3071,2021-03-20T17:41:34.795000+00:00,1.0,P
3900,3418,2021-03-20T17:41:38.265000+00:00,1.0,S
3901,3071,2021-03-20T17:41:34.795000+00:00,1.0,P
3901,3418,2021-03-20T17:41:38.265000+00:00,1.0,S
3902,3071,2021-03-20T17:41:34.795000+00:00,1.0,P
3902,3418,2021-03-20T17:41:38.265000+00:00,1.0,S
3903,3071,2021-03-20T17:41:34.795000+00:00,1.0,P
3903,3418,2021-03-20T17:41:38.265000+00:00,1.0,S
3904,3071,2021-03-20T17:41:34.795000+00:00,1.0,P
3904,3418,2021-03-20T17:41:38.265000+00:00,1.0,S
3905,3071,2021-03-20T17:41:34.795000+00:00,1.0,P
3905,3418,2021-03-20T17:41:38.265000+00:00,1.0,S
3906,3071,2021-03-20T17:41:34.795000+00:00,1.0,P
3906,3419,2021-03-20T17:41:38.274999+00:00,1.0,S
3907,3071,2021-03-20T17:41:34.795000+00:00,1.0,P
3907,3419,2021-03-20T17:41:38.274999+00:00,1.0,S
3908,3071,2021-03-20T17:41:34.795000+00:00,1.0,P
3908,3419,2021-03-20T17:41:38.274999+00:00,1.0,S
3909,3071,2021-03-20T17:41:34.795000+00:00,1.0,P
3909,3419,2021-03-20T17:41:38.274999+00:00,1.0,S
3910,3071,2021-03-20T17:41:34.795000+00:00,1.0,P
3910,3419,2021-03-20T17:41:38.274999+00:00,1.0,S
3911,3071,2021-03-20T17:41:34.795000+00:00,1.0,P
3911,3419,2021-03-20T17:41:38.274999+00:00,1.0,S
3912,3071,2021-03-20T17:41:34.795000+00:00,1.0,P
3912,3420,2021-03-20T17:41:38.285000+00:00,1.0,S
3913,3071,2021-03-20T17:41:34.795000+00:00,1.0,P
3913,3420,2021-03-20T17:41:38.285000+00:00,1.0,S
3914,3071,2021-03-20T17:41:34.795000+00:00,1.0,P
3914,3420,2021-03-20T17:41:38.285000+00:00,1.0,S
3915,3071,2021-03-20T17:41:34.795000+00:00,1.0,P
3915,3420,2021-03-20T17:41:38.285000+00:00,1.0,S
3916,3071,2021-03-20T17:41:34.795000+00:00,1.0,P
3916,3420,2021-03-20T17:41:38.285000+00:00,1.0,S
3917,3071,2021-03-20T17:41:34.795000+00:00,1.0,P
3917,3420,2021-03-20T17:41:38.285000+00:00,1.0,S
3918,3072,2021-03-20T17:41:34.805000+00:00,1.0,P
3918,3420,2021-03-20T17:41:38.285000+00:00,1.0,S
3919,3072,2021-03-20T17:41:34.805000+00:00,1.0,P
3919,3421,2021-03-20T17:41:38.295000+00:00,1.0,S
3920,3072,2021-03-20T17:41:34.805000+00:00,1.0,P
3920,3421,2021-03-20T17:41:38.295000+00:00,1.0,S
3921,3072,2021-03-20T17:41:34.805000+00:00,1.0,P
3921,3421,2021-03-20T17:41:38.295000+00:00,1.0,S
3922,3072,2021-03-20T17:41:34.805000+00:00,1.0,P
3922,3421,2021-03-20T17:41:38.295000+00:00,1.0,S
3923,3072,2021-03-20T17:41:34.805000+00:00,1.0,P
3923,3421,2021-03-20T17:41:38.295000+00:00,1.0,S
3924,3072,2021-03-20T17:41:34.805000+00:00,1.0,P
3924,3421,2021-03-20T17:41:38.295000+00:00,1.0,S
3925,3072,2021-03-20T17:41:34.805000+00:00,1.0,P
3925,3422,2021-03-20T17:41:38.305000+00:00,1.0,S
3926,3072,2021-03-20T17:41:34.805000+00:00,1.0,P
3926,3422,2021-03-20T17:41:38.305000+00:00,1.0,S
3927,3072,2021-03-20T17:41:34.805000+00:00,1.0,P
3927,3422,2021-03-20T17:41:38.305000+00:00,1.0,S
3928,3072,2021-03-20T17:41:34.805000+00:00,1.0,P
3928,3422,2021-03-20T17:41:38.305000+00:00,1.0,S
3929,3072,2021-03-20T17:41:34.805000+00:00,1.0,P
3929,3422,2021-03-20T17:41:38.305000+00:00,1.0,S
3930,3072,2021-03-20T17:41:34.805000+00:00,1.0,P
3930,3422,2021-03-20T17:41:38.305000+00:00,1.0,S
3931,3072,2021-03-20T17:41:34.805000+00:00,1.0,P
3931,3423,2021-03-20T17:41:38.315000+00:00,1.0,S
3932,3073,2021-03-20T17:41:34.815000+00:00,1.0,P
3932,3423,2021-03-20T17:41:38.315000+00:00,1.0,S
3933,3073,2021-03-20T17:41:34.815000+00:00,1.0,P
3933,3423,2021-03-20T17:41:38.315000+00:00,1.0,S
3934,3073,2021-03-20T17:41:34.815000+00:00,1.0,P
3934,3423,2021-03-20T17:41:38.315000+00:00,1.0,S
3935,3073,2021-03-20T17:41:34.815000+00:00,1.0,P
3935,3424,2021-03-20T17:41:38.325000+00:00,1.0,S
3936,3073,2021-03-20T17:41:34.815000+00:00,1.0,P
3936,3424,2021-03-20T17:41:38.325000+00:00,1.0,S
3937,3073,2021-03-20T17:41:34.815000+00:00,1.0,P
3937,3424,2021-03-20T17:41:38.325000+00:00,1.0,S
3938,3073,2021-03-20T17:41:34.815000+00:00,1.0,P
3938,3424,2021-03-20T17:41:38.325000+00:00,1.0,S
3939,3073,2021-03-20T17:41:34.815000+00:00,1.0,P
3939,3424,2021-03-20T17:41:38.325000+00:00,1.0,S
3940,3073,2021-03-20T17:41:34.815000+00:00,1.0,P
3940,3424,2021-03-20T17:41:38.325000+00:00,1.0,S
3941,3073,2021-03-20T17:41:34.815000+00:00,1.0,P
3941,3424,2021-03-20T17:41:38.325000+00:00,1.0,S
3942,3073,2021-03-20T17:41:34.815000+00:00,1.0,P
3942,3424,2021-03-20T17:41:38.325000+00:00,1.0,S
3943,3073,2021-03-20T17:41:34.815000+00:00,1.0,P
3943,3424,2021-03-20T17:41:38.325000+00:00,1.0,S
3944,3073,2021-03-20T17:41:34.815000+00:00,1.0,P
3944,3425,2021-03-20T17:41:38.335000+00:00,1.0,S
3945,3074,2021-03-20T17:41:34.825000+00:00,1.0,P
3945,3425,2021-03-20T17:41:38.335000+00:00,1.0,S
3946,3074,2021-03-20T17:41:34.825000+00:00,1.0,P
3946,3425,2021-03-20T17:41:38.335000+00:00,1.0,S
3947,3074,2021-03-20T17:41:34.825000+00:00,1.0,P
3947,3425,2021-03-20T17:41:38.335000+00:00,1.0,S
3948,3074,2021-03-20T17:41:34.825000+00:00,1.0,P
3948,3425,2021-03-20T17:41:38.335000+00:00,1.0,S
3949,3074,2021-03-20T17:41:34.825000+00:00,1.0,P
3949,3425,2021-03-20T17:41:38.335000+00:00,1.0,S
3950,3074,2021-03-20T17:41:34.825000+00:00,1.0,P
3950,3425,2021-03-20T17:41:38.335000+00:00,1.0,S
3951,3074,2021-03-20T17:41:34.825000+00:00,1.0,P
3951,3426,2021-03-20T17:41:38.344999+00:00,1.0,S
3952,3074,2021-03-20T17:41:34.825000+00:00,1.0,P
3952,3426,2021-03-20T17:41:38.344999+00:00,1.0,S
3953,3074,2021-03-20T17:41:34.825000+00:00,1.0,P
3953,3426,2021-03-20T17:41:38.344999+00:00,1.0,S
3954,3074,2021-03-20T17:41:34.825000+00:00,1.0,P
3954,3426,2021-03-20T17:41:38.344999+00:00,1.0,S
3955,3074,2021-03-20T17:41:34.825000+00:00,1.0,P
3955,3426,2021-03-20T17:41:38.344999+00:00,1.0,S
3956,3075,2021-03-20T17:41:34.835000+00:00,1.0,P
3956,3426,2021-03-20T17:41:38.344999+00:00,1.0,S
3957,3075,2021-03-20T17:41:34.835000+00:00,1.0,P
3957,3426,2021-03-20T17:41:38.344999+00:00,1.0,S
3958,3075,2021-03-20T17:41:34.835000+00:00,1.0,P
3958,3426,2021-03-20T17:41:38.344999+00:00,1.0,S
3959,3075,2021-03-20T17:41:34.835000+00:00,1.0,P
3959,3427,2021-03-20T17:41:38.355000+00:00,1.0,S
3960,3075,2021-03-20T17:41:34.835000+00:00,1.0,P
3960,3427,2021-03-20T17:41:38.355000+00:00,1.0,S
3961,3075,2021-03-20T17:41:34.835000+00:00,1.0,P
3961,3427,2021-03-20T17:41:38.355000+00:00,1.0,S
3962,3075,2021-03-20T17:41:34.835000+00:00,1.0,P
3962,3427,2021-03-20T17:41:38.355000+00:00,1.0,S
3963,3075,2021-03-20T17:41:34.835000+00:00,1.0,P
3963,3427,2021-03-20T17:41:38.355000+00:00,1.0,S
3964,3075,2021-03-20T17:41:34.835000+00:00,1.0,P
3964,3427,2021-03-20T17:41:38.355000+00:00,1.0,S
3965,3075,2021-03-20T17:41:34.835000+00:00,1.0,P
3965,3427,2021-03-20T17:41:38.355000+00:00,1.0,S
3966,3075,2021-03-20T17:41:34.835000+00:00,1.0,P
3966,3427,2021-03-20T17:41:38.355000+00:00,1.0,S
3967,3075,2021-03-20T17:41:34.835000+00:00,1.0,P
3967,3428,2021-03-20T17:41:38.365000+00:00,1.0,S
3968,3075,2021-03-20T17:41:34.835000+00:00,1.0,P
3968,3428,2021-03-20T17:41:38.365000+00:00,1.0,S
3969,3075,2021-03-20T17:41:34.835000+00:00,1.0,P
3969,3428,2021-03-20T17:41:38.365000+00:00,1.0,S
3970,3076,2021-03-20T17:41:34.845000+00:00,1.0,P
3970,3428,2021-03-20T17:41:38.365000+00:00,1.0,S
3971,3076,2021-03-20T17:41:34.845000+00:00,1.0,P
3971,3428,2021-03-20T17:41:38.365000+00:00,1.0,S
3972,3076,2021-03-20T17:41:34.845000+00:00,1.0,P
3972,3428,2021-03-20T17:41:38.365000+00:00,1.0,S
3973,3076,2021-03-20T17:41:34.845000+00:00,1.0,P
3973,3428,2021-03-20T17:41:38.365000+00:00,1.0,S
3974,3076,2021-03-20T17:41:34.845000+00:00,1.0,P
3974,3428,2021-03-20T17:41:38.365000+00:00,1.0,S
3975,3076,2021-03-20T17:41:34.845000+00:00,1.0,P
3975,3429,2021-03-20T17:41:38.375000+00:00,1.0,S
3976,3076,2021-03-20T17:41:34.845000+00:00,1.0,P
3976,3429,2021-03-20T17:41:38.375000+00:00,1.0,S
3977,3076,2021-03-20T17:41:34.845000+00:00,1.0,P
3977,3429,2021-03-20T17:41:38.375000+00:00,1.0,S
3978,3076,2021-03-20T17:41:34.845000+00:00,1.0,P
3978,3429,2021-03-20T17:41:38.375000+00:00,1.0,S
3979,3076,2021-03-20T17:41:34.845000+00:00,1.0,P
3979,3429,2021-03-20T17:41:38.375000+00:00,1.0,S
3980,3076,2021-03-20T17:41:34.845000+00:00,1.0,P
3980,3429,2021-03-20T17:41:38.375000+00:00,1.0,S
3981,3076,2021-03-20T17:41:34.845000+00:00,1.0,P
3981,3429,2021-03-20T17:41:38.375000+00:00,1.0,S
3982,3076,2021-03-20T17:41:34.845000+00:00,1.0,P
3982,3429,2021-03-20T17:41:38.375000+00:00,1.0,S
3983,3076,2021-03-20T17:41:34.845000+00:00,1.0,P
3983,3430,2021-03-20T17:41:38.385000+00:00,1.0,S
3984,3077,2021-03-20T17:41:34.855000+00:00,1.0,P
3984,3430,2021-03-20T17:41:38.385000+00:00,1.0,S
3985,3077,2021-03-20T17:41:34.855000+00:00,1.0,P
3985,3430,2021-03-20T17:41:38.385000+00:00,1.0,S
3986,3077,2021-03-20T17:41:34.855000+00:00,1.0,P
3986,3430,2021-03-20T17:41:38.385000+00:00,1.0,S
3987,3077,2021-03-20T17:41:34.855000+00:00,1.0,P
3987,3430,2021-03-20T17:41:38.385000+00:00,1.0,S
3988,3077,2021-03-20T17:41:34.855000+00:00,1.0,P
3988,3430,2021-03-20T17:41:38.385000+00:00,1.0,S
3989,3077,2021-03-20T17:41:34.855000+00:00,1.0,P
3989,3430,2021-03-20T17:41:38.385000+00:00,1.0,S
3990,3077,2021-03-20T17:41:34.855000+00:00,1.0,P
3990,3431,2021-03-20T17:41:38.395000+00:00,1.0,S
3991,3077,2021-03-20T17:41:34.855000+00:00,1.0,P
3991,3431,2021-03-20T17:41:38.395000+00:00,1.0,S
3992,3077,2021-03-20T17:41:34.855000+00:00,1.0,P
3992,3431,2021-03-20T17:41:38.395000+00:00,1.0,S
3993,3077,2021-03-20T17:41:34.855000+00:00,1.0,P
3993,3431,2021-03-20T17:41:38.395000+00:00,1.0,S
3994,3077,2021-03-20T17:41:34.855000+00:00,1.0,P
3994,3432,2021-03-20T17:41:38.405000+00:00,1.0,S
3995,3078,2021-03-20T17:41:34.865000+00:00,1.0,P
3995,3432,2021-03-20T17:41:38.405000+00:00,1.0,S
3996,3078,2021-03-20T17:41:34.865000+00:00,1.0,P
3996,3432,2021-03-20T17:41:38.405000+00:00,1.0,S
3997,3078,2021-03-20T17:41:34.865000+00:00,1.0,P
3997,3432,2021-03-20T17:41:38.405000+00:00,1.0,S
3998,3078,2021-03-20T17:41:34.865000+00:00,1.0,P
3998,3433,2021-03-20T17:41:38.415000+00:00,1.0,S
3999,3078,2021-03-20T17:41:34.865000+00:00,1.0,P
3999,3433,2021-03-20T17:41:38.415000+00:00,1.0,S
4000,3078,2021-03-20T17:41:34.865000+00:00,1.0,P
4000,3433,2021-03-20T17:41:38.415000+00:00,1.0,S
4001,3078,2021-03-20T17:41:34.865000+00:00,1.0,P
4001,3433,2021-03-20T17:41:38.415000+00:00,1.0,S
4002,3078,2021-03-20T17:41:34.865000+00:00,1.0,P
4002,3433,2021-03-20T17:41:38.415000+00:00,1.0,S
4003,3078,2021-03-20T17:41:34.865000+00:00,1.0,P
4003,3434,2021-03-20T17:41:38.425000+00:00,1.0,S
4004,3078,2021-03-20T17:41:34.865000+00:00,1.0,P
4004,3434,2021-03-20T17:41:38.425000+00:00,1.0,S
4005,3078,2021-03-20T17:41:34.865000+00:00,1.0,P
4005,3434,2021-03-20T17:41:38.425000+00:00,1.0,S
4006,3078,2021-03-20T17:41:34.865000+00:00,1.0,P
4006,3434,2021-03-20T17:41:38.425000+00:00,1.0,S
4007,3078,2021-03-20T17:41:34.865000+00:00,1.0,P
4007,3434,2021-03-20T17:41:38.425000+00:00,1.0,S
4008,3079,2021-03-20T17:41:34.875000+00:00,1.0,P
4008,3434,2021-03-20T17:41:38.425000+00:00,1.0,S
4009,3079,2021-03-20T17:41:34.875000+00:00,1.0,P
4009,3435,2021-03-20T17:41:38.435000+00:00,1.0,S
4010,3079,2021-03-20T17:41:34.875000+00:00,1.0,P
4010,3435,2021-03-20T17:41:38.435000+00:00,1.0,S
4011,3079,2021-03-20T17:41:34.875000+00:00,1.0,P
4011,3435,2021-03-20T17:41:38.435000+00:00,1.0,S
4012,3079,2021-03-20T17:41:34.875000+00:00,1.0,P
4012,3435,2021-03-20T17:41:38.435000+00:00,1.0,S
4013,3079,2021-03-20T17:41:34.875000+00:00,1.0,P
4013,3435,2021-03-20T17:41:38.435000+00:00,1.0,S
4014,3079,2021-03-20T17:41:34.875000+00:00,1.0,P
4014,3436,2021-03-20T17:41:38.445000+00:00,1.0,S
4015,3079,2021-03-20T17:41:34.875000+00:00,1.0,P
4015,3436,2021-03-20T17:41:38.445000+00:00,1.0,S
4016,3079,2021-03-20T17:41:34.875000+00:00,1.0,P
4016,3436,2021-03-20T17:41:38.445000+00:00,1.0,S
4017,3079,2021-03-20T17:41:34.875000+00:00,1.0,P
4017,3436,2021-03-20T17:41:38.445000+00:00,1.0,S
4018,3079,2021-03-20T17:41:34.875000+00:00,1.0,P
4018,3436,2021-03-20T17:41:38.445000+00:00,1.0,S
4019,3080,2021-03-20T17:41:34.885000+00:00,1.0,P
4019,3437,2021-03-20T17:41:38.455000+00:00,1.0,S
4020,3080,2021-03-20T17:41:34.885000+00:00,1.0,P
4020,3437,2021-03-20T17:41:38.455000+00:00,1.0,S
4021,3080,2021-03-20T17:41:34.885000+00:00,1.0,P
4021,3437,2021-03-20T17:41:38.455000+00:00,1.0,S
4022,3080,2021-03-20T17:41:34.885000+00:00,1.0,P
4022,3437,2021-03-20T17:41:38.455000+00:00,1.0,S
4023,3080,2021-03-20T17:41:34.885000+00:00,1.0,P
4023,3438,2021-03-20T17:41:38.465000+00:00,1.0,S
4024,3080,2021-03-20T17:41:34.885000+00:00,1.0,P
4024,3438,2021-03-20T17:41:38.465000+00:00,1.0,S
4025,3080,2021-03-20T17:41:34.885000+00:00,1.0,P
4025,3438,2021-03-20T17:41:38.465000+00:00,1.0,S
4026,3080,2021-03-20T17:41:34.885000+00:00,1.0,P
4026,3438,2021-03-20T17:41:38.465000+00:00,1.0,S
4027,3080,2021-03-20T17:41:34.885000+00:00,1.0,P
4027,3439,2021-03-20T17:41:38.475000+00:00,1.0,S
4028,3080,2021-03-20T17:41:34.885000+00:00,1.0,P
4028,3439,2021-03-20T17:41:38.475000+00:00,1.0,S
4029,3081,2021-03-20T17:41:34.895000+00:00,1.0,P
4029,3439,2021-03-20T17:41:38.475000+00:00,1.0,S
4030,3081,2021-03-20T17:41:34.895000+00:00,1.0,P
4030,3439,2021-03-20T17:41:38.475000+00:00,1.0,S
4031,3081,2021-03-20T17:41:34.895000+00:00,1.0,P
4031,3439,2021-03-20T17:41:38.475000+00:00,1.0,S
4032,3081,2021-03-20T17:41:34.895000+00:00,1.0,P
4032,3440,2021-03-20T17:41:38.485000+00:00,1.0,S
4033,3081,2021-03-20T17:41:34.895000+00:00,1.0,P
4033,3440,2021-03-20T17:41:38.485000+00:00,1.0,S
4034,3081,2021-03-20T17:41:34.895000+00:00,1.0,P
4034,3440,2021-03-20T17:41:38.485000+00:00,1.0,S
4035,3081,2021-03-20T17:41:34.895000+00:00,1.0,P
4035,3440,2021-03-20T17:41:38.485000+00:00,1.0,S
4036,3081,2021-03-20T17:41:34.895000+00:00,1.0,P
4036,3440,2021-03-20T17:41:38.485000+00:00,1.0,S
4037,3081,2021-03-20T17:41:34.895000+00:00,1.0,P
4037,3441,2021-03-20T17:41:38.495000+00:00,1.0,S
4038,3082,2021-03-20T17:41:34.905000+00:00,1.0,P
4038,3441,2021-03-20T17:41:38.495000+00:00,1.0,S
4039,3082,2021-03-20T17:41:34.905000+00:00,1.0,P
4039,3441,2021-03-20T17:41:38.495000+00:00,1.0,S
4040,3082,2021-03-20T17:41:34.905000+00:00,1.0,P
4040,3441,2021-03-20T17:41:38.495000+00:00,1.0,S
4041,3082,2021-03-20T17:41:34.905000+00:00,1.0,P
4041,3441,2021-03-20T17:41:38.495000+00:00,1.0,S
4042,3082,2021-03-20T17:41:34.905000+00:00,1.0,P
4042,3442,2021-03-20T17:41:38.505000+00:00,1.0,S
4043,3082,2021-03-20T17:41:34.905000+00:00,1.0,P
4043,3442,2021-03-20T17:41:38.505000+00:00,1.0,S
4044,3082,2021-03-20T17:41:34.905000+00:00,1.0,P
4044,3442,2021-03-20T17:41:38.505000+00:00,1.0,S
4045,3082,2021-03-20T17:41:34.905000+00:00,1.0,P
4045,3442,2021-03-20T17:41:38.505000+00:00,1.0,S
4046,3083,2021-03-20T17:41:34.915000+00:00,1.0,P
4046,3442,2021-03-20T17:41:38.505000+00:00,1.0,S
4047,3083,2021-03-20T17:41:34.915000+00:00,1.0,P
4047,3443,2021-03-20T17:41:38.515000+00:00,1.0,S
4048,3083,2021-03-20T17:41:34.915000+00:00,1.0,P
4048,3443,2021-03-20T17:41:38.515000+00:00,1.0,S
4049,3083,2021-03-20T17:41:34.915000+00:00,1.0,P
4049,3443,2021-03-20T17:41:38.515000+00:00,1.0,S
4050,3083,2021-03-20T17:41:34.915000+00:00,1.0,P
4050,3443,2021-03-20T17:41:38.515000+00:00,1.0,S
4051,3083,2021-03-20T17:41:34.915000+00:00,1.0,P
4051,3443,2021-03-20T17:41:38.515000+00:00,1.0,S
4052,3083,2021-03-20T17:41:34.915000+00:00,1.0,P
4052,3444,2021-03-20T17:41:38.525000+00:00,1.0,S
4053,3083,2021-03-20T17:41:34.915000+00:00,1.0,P
4053,3444,2021-03-20T17:41:38.525000+00:00,1.0,S
4054,3083,2021-03-20T17:41:34.915000+00:00,1.0,P
4054,3444,2021-03-20T17:41:38.525000+00:00,1.0,S
4055,3084,2021-03-20T17:41:34.925000+00:00,1.0,P
4055,3444,2021-03-20T17:41:38.525000+00:00,1.0,S
4056,3084,2021-03-20T17:41:34.925000+00:00,1.0,P
4056,3444,2021-03-20T17:41:38.525000+00:00,1.0,S
4057,3084,2021-03-20T17:41:34.925000+00:00,1.0,P
4057,3445,2021-03-20T17:41:38.535000+00:00,1.0,S
4058,3084,2021-03-20T17:41:34.925000+00:00,1.0,P
4058,3445,2021-03-20T17:41:38.535000+00:00,1.0,S
4059,3084,2021-03-20T17:41:34.925000+00:00,1.0,P
4059,3445,2021-03-20T17:41:38.535000+00:00,1.0,S
4060,3084,2021-03-20T17:41:34.925000+00:00,1.0,P
4060,3445,2021-03-20T17:41:38.535000+00:00,1.0,S
4061,3084,2021-03-20T17:41:34.925000+00:00,1.0,P
4061,3445,2021-03-20T17:41:38.535000+00:00,1.0,S
4062,3084,2021-03-20T17:41:34.925000+00:00,1.0,P
4062,3445,2021-03-20T17:41:38.535000+00:00,1.0,S
4063,3084,2021-03-20T17:41:34.925000+00:00,1.0,P
4063,3446,2021-03-20T17:41:38.545000+00:00,1.0,S
4064,3084,2021-03-20T17:41:34.925000+00:00,1.0,P
4064,3446,2021-03-20T17:41:38.545000+00:00,1.0,S
4065,3085,2021-03-20T17:41:34.935000+00:00,1.0,P
4065,3446,2021-03-20T17:41:38.545000+00:00,1.0,S
4066,3085,2021-03-20T17:41:34.935000+00:00,1.0,P
4066,3446,2021-03-20T17:41:38.545000+00:00,1.0,S
4067,3085,2021-03-20T17:41:34.935000+00:00,1.0,P
4067,3446,2021-03-20T17:41:38.545000+00:00,1.0,S
4068,3085,2021-03-20T17:41:34.935000+00:00,1.0,P
4068,3446,2021-03-20T17:41:38.545000+00:00,1.0,S
4069,3085,2021-03-20T17:41:34.935000+00:00,1.0,P
4069,3447,2021-03-20T17:41:38.555000+00:00,1.0,S
4070,3085,2021-03-20T17:41:34.935000+00:00,1.0,P
4070,3447,2021-03-20T17:41:38.555000+00:00,1.0,S
4071,3085,2021-03-20T17:41:34.935000+00:00,1.0,P
4071,3447,2021-03-20T17:41:38.555000+00:00,1.0,S
4072,3085,2021-03-20T17:41:34.935000+00:00,1.0,P
4072,3447,2021-03-20T17:41:38.555000+00:00,1.0,S
4073,3085,2021-03-20T17:41:34.935000+00:00,1.0,P
4073,3447,2021-03-20T17:41:38.555000+00:00,1.0,S
4074,3085,2021-03-20T17:41:34.935000+00:00,1.0,P
4074,3447,2021-03-20T17:41:38.555000+00:00,1.0,S
4075,3086,2021-03-20T17:41:34.945000+00:00,1.0,P
4075,3448,2021-03-20T17:41:38.565000+00:00,1.0,S
4076,3086,2021-03-20T17:41:34.945000+00:00,1.0,P
4076,3448,2021-03-20T17:41:38.565000+00:00,1.0,S
4077,3086,2021-03-20T17:41:34.945000+00:00,1.0,P
4077,3448,2021-03-20T17:41:38.565000+00:00,1.0,S
4078,3086,2021-03-20T17:41:34.945000+00:00,1.0,P
4078,3448,2021-03-20T17:41:38.565000+00:00,1.0,S
4079,3086,2021-03-20T17:41:34.945000+00:00,1.0,P
4079,3448,2021-03-20T17:41:38.565000+00:00,1.0,S
4080,3086,2021-03-20T17:41:34.945000+00:00,1.0,P
4080,3448,2021-03-20T17:41:38.565000+00:00,1.0,S
4081,3086,2021-03-20T17:41:34.945000+00:00,1.0,P
4081,3449,2021-03-20T17:41:38.575000+00:00,1.0,S
4082,3086,2021-03-20T17:41:34.945000+00:00,1.0,P
4082,3449,2021-03-20T17:41:38.575000+00:00,1.0,S
4083,3086,2021-03-20T17:41:34.945000+00:00,1.0,P
4083,3449,2021-03-20T17:41:38.575000+00:00,1.0,S
4084,3087,2021-03-20T17:41:34.955000+00:00,1.0,P
4084,3449,2021-03-20T17:41:38.575000+00:00,1.0,S
4085,3087,2021-03-20T17:41:34.955000+00:00,1.0,P
4085,3449,2021-03-20T17:41:38.575000+00:00,1.0,S
4086,3087,2021-03-20T17:41:34.955000+00:00,1.0,P
4086,3449,2021-03-20T17:41:38.575000+00:00,1.0,S
4087,3087,2021-03-20T17:41:34.955000+00:00,1.0,P
4087,3450,2021-03-20T17:41:38.585000+00:00,1.0,S
4088,3087,2021-03-20T17:41:34.955000+00:00,1.0,P
4088,3450,2021-03-20T17:41:38.585000+00:00,1.0,S
4089,3087,2021-03-20T17:41:34.955000+00:00,1.0,P
4089,3450,2021-03-20T17:41:38.585000+00:00,1.0,S
4090,3087,2021-03-20T17:41:34.955000+00:00,1.0,P
4090,3450,2021-03-20T17:41:38.585000+00:00,1.0,S
4091,3087,2021-03-20T17:41:34.955000+00:00,1.0,P
4091,3450,2021-03-20T17:41:38.585000+00:00,1.0,S
4092,3087,2021-03-20T17:41:34.955000+00:00,1.0,P
4092,3450,2021-03-20T17:41:38.585000+00:00,1.0,S
4093,3088,2021-03-20T17:41:34.965000+00:00,1.0,P
4093,3450,2021-03-20T17:41:38.585000+00:00,1.0,S
4094,3088,2021-03-20T17:41:34.965000+00:00,1.0,P
4094,3450,2021-03-20T17:41:38.585000+00:00,1.0,S
4095,3088,2021-03-20T17:41:34.965000+00:00,1.0,P
4095,3451,2021-03-20T17:41:38.595000+00:00,1.0,S
4096,3088,2021-03-20T17:41:34.965000+00:00,1.0,P
4096,3451,2021-03-20T17:41:38.595000+00:00,1.0,S
4097,3088,2021-03-20T17:41:34.965000+00:00,1.0,P
4097,3451,2021-03-20T17:41:38.595000+00:00,1.0,S
4098,3088,2021-03-20T17:41:34.965000+00:00,1.0,P
4098,3451,2021-03-20T17:41:38.595000+00:00,1.0,S
4099,3088,2021-03-20T17:41:34.965000+00:00,1.0,P
4099,3451,2021-03-20T17:41:38.595000+00:00,1.0,S
4100,3088,2021-03-20T17:41:34.965000+00:00,1.0,P
4100,3451,2021-03-20T17:41:38.595000+00:00,1.0,S
4101,3088,2021-03-20T17:41:34.965000+00:00,1.0,P
4101,3451,2021-03-20T17:41:38.595000+00:00,1.0,S
4102,3089,2021-03-20T17:41:34.975000+00:00,1.0,P
4102,3451,2021-03-20T17:41:38.595000+00:00,1.0,S
4103,3089,2021-03-20T17:41:34.975000+00:00,1.0,P
4103,3451,2021-03-20T17:41:38.595000+00:00,1.0,S
4104,3089,2021-03-20T17:41:34.975000+00:00,1.0,P
4104,3452,2021-03-20T17:41:38.605000+00:00,1.0,S
4105,3089,2021-03-20T17:41:34.975000+00:00,1.0,P
4105,3452,2021-03-20T17:41:38.605000+00:00,1.0,S
4106,3089,2021-03-20T17:41:34.975000+00:00,1.0,P
4106,3452,2021-03-20T17:41:38.605000+00:00,1.0,S
4107,3089,2021-03-20T17:41:34.975000+00:00,1.0,P
4107,3452,2021-03-20T17:41:38.605000+00:00,1.0,S
4108,3089,2021-03-20T17:41:34.975000+00:00,1.0,P
4108,3452,2021-03-20T17:41:38.605000+00:00,1.0,S
4109,3089,2021-03-20T17:41:34.975000+00:00,1.0,P
4109,3452,2021-03-20T17:41:38.605000+00:00,1.0,S
4110,3090,2021-03-20T17:41:34.985000+00:00,1.0,P
4110,3452,2021-03-20T17:41:38.605000+00:00,1.0,S
4111,3090,2021-03-20T17:41:34.985000+00:00,1.0,P
4111,3452,2021-03-20T17:41:38.605000+00:00,1.0,S
4112,3090,2021-03-20T17:41:34.985000+00:00,1.0,P
4112,3452,2021-03-20T17:41:38.605000+00:00,1.0,S
4113,3090,2021-03-20T17:41:34.985000+00:00,1.0,P
4113,3452,2021-03-20T17:41:38.605000+00:00,1.0,S
4114,3090,2021-03-20T17:41:34.985000+00:00,1.0,P
4114,3453,2021-03-20T17:41:38.615000+00:00,1.0,S
4115,3090,2021-03-20T17:41:34.985000+00:00,1.0,P
4115,3453,2021-03-20T17:41:38.615000+00:00,1.0,S
4116,3090,2021-03-20T17:41:34.985000+00:00,1.0,P
4116,3453,2021-03-20T17:41:38.615000+00:00,1.0,S
4117,3090,2021-03-20T17:41:34.985000+00:00,1.0,P
4117,3453,2021-03-20T17:41:38.615000+00:00,1.0,S
4118,3091,2021-03-20T17:41:34.995000+00:00,1.0,P
4118,3453,2021-03-20T17:41:38.615000+00:00,1.0,S
4119,3091,2021-03-20T17:41:34.995000+00:00,1.0,P
4119,3453,2021-03-20T17:41:38.615000+00:00,1.0,S
4120,3091,2021-03-20T17:41:34.995000+00:00,1.0,P
4120,3453,2021-03-20T17:41:38.615000+00:00,1.0,S
4121,3091,2021-03-20T17:41:34.995000+00:00,1.0,P
4121,3453,2021-03-20T17:41:38.615000+00:00,1.0,S
4122,3091,2021-03-20T17:41:34.995000+00:00,1.0,P
4122,3453,2021-03-20T17:41:38.615000+00:00,1.0,S
4123,3091,2021-03-20T17:41:34.995000+00:00,1.0,P
4123,3454,2021-03-20T17:41:38.625000+00:00,1.0,S
4124,3091,2021-03-20T17:41:34.995000+00:00,1.0,P
4124,3454,2021-03-20T17:41:38.625000+00:00,1.0,S
4125,3092,2021-03-20T17:41:35.005000+00:00,1.0,P
4125,3454,2021-03-20T17:41:38.625000+00:00,1.0,S
4126,3092,2021-03-20T17:41:35.005000+00:00,1.0,P
4126,3454,2021-03-20T17:41:38.625000+00:00,1.0,S
4127,3092,2021-03-20T17:41:35.005000+00:00,1.0,P
4127,3454,2021-03-20T17:41:38.625000+00:00,1.0,S
4128,3092,2021-03-20T17:41:35.005000+00:00,1.0,P
4128,3454,2021-03-20T17:41:38.625000+00:00,1.0,S
4129,3092,2021-03-20T17:41:35.005000+00:00,1.0,P
4129,3454,2021-03-20T17:41:38.625000+00:00,1.0,S
4130,3092,2021-03-20T17:41:35.005000+00:00,1.0,P
4130,3454,2021-03-20T17:41:38.625000+00:00,1.0,S
4131,3092,2021-03-20T17:41:35.005000+00:00,1.0,P
4131,3454,2021-03-20T17:41:38.625000+00:00,1.0,S
4132,3092,2021-03-20T17:41:35.005000+00:00,1.0,P
4132,3454,2021-03-20T17:41:38.625000+00:00,1.0,S
4133,3092,2021-03-20T17:41:35.005000+00:00,1.0,P
4133,3455,2021-03-20T17:41:38.635000+00:00,1.0,S
4134,3093,2021-03-20T17:41:35.015000+00:00,1.0,P
4134,3455,2021-03-20T17:41:38.635000+00:00,1.0,S
4135,3093,2021-03-20T17:41:35.015000+00:00,1.0,P
4135,3455,2021-03-20T17:41:38.635000+00:00,1.0,S
4136,3093,2021-03-20T17:41:35.015000+00:00,1.0,P
4136,3455,2021-03-20T17:41:38.635000+00:00,1.0,S
4137,3093,2021-03-20T17:41:35.015000+00:00,1.0,P
4137,3455,2021-03-20T17:41:38.635000+00:00,1.0,S
4138,3093,2021-03-20T17:41:35.015000+00:00,1.0,P
4138,3455,2021-03-20T17:41:38.635000+00:00,1.0,S
4139,3093,2021-03-20T17:41:35.015000+00:00,1.0,P
4139,3455,2021-03-20T17:41:38.635000+00:00,1.0,S
4140,3093,2021-03-20T17:41:35.015000+00:00,1.0,P
4140,3455,2021-03-20T17:41:38.635000+00:00,1.0,S
4141,3093,2021-03-20T17:41:35.015000+00:00,1.0,P
4141,3455,2021-03-20T17:41:38.635000+00:00,1.0,S
4142,3094,2021-03-20T17:41:35.025000+00:00,1.0,P
4142,3455,2021-03-20T17:41:38.635000+00:00,1.0,S
4143,3094,2021-03-20T17:41:35.025000+00:00,1.0,P
4143,3455,2021-03-20T17:41:38.635000+00:00,1.0,S
4144,3094,2021-03-20T17:41:35.025000+00:00,1.0,P
4144,3456,2021-03-20T17:41:38.645000+00:00,1.0,S
4145,3094,2021-03-20T17:41:35.025000+00:00,1.0,P
4145,3456,2021-03-20T17:41:38.645000+00:00,1.0,S
4146,3094,2021-03-20T17:41:35.025000+00:00,1.0,P
4146,3456,2021-03-20T17:41:38.645000+00:00,1.0,S
4147,3094,2021-03-20T17:41:35.025000+00:00,1.0,P
4147,3456,2021-03-20T17:41:38.645000+00:00,1.0,S
4148,3094,2021-03-20T17:41:35.025000+00:00,1.0,P
4148,3456,2021-03-20T17:41:38.645000+00:00,1.0,S
4149,3094,2021-03-20T17:41:35.025000+00:00,1.0,P
4149,3456,2021-03-20T17:41:38.645000+00:00,1.0,S
4150,3094,2021-03-20T17:41:35.025000+00:00,1.0,P
4150,3456,2021-03-20T17:41:38.645000+00:00,1.0,S
4151,3095,2021-03-20T17:41:35.035000+00:00,1.0,P
4151,3456,2021-03-20T17:41:38.645000+00:00,1.0,S
4152,3095,2021-03-20T17:41:35.035000+00:00,1.0,P
4152,3456,2021-03-20T17:41:38.645000+00:00,1.0,S
4153,3095,2021-03-20T17:41:35.035000+00:00,1.0,P
4153,3456,2021-03-20T17:41:38.645000+00:00,1.0,S
4154,3095,2021-03-20T17:41:35.035000+00:00,1.0,P
4154,3457,2021-03-20T17:41:38.655000+00:00,1.0,S
4155,3095,2021-03-20T17:41:35.035000+00:00,1.0,P
4155,3457,2021-03-20T17:41:38.655000+00:00,1.0,S
4156,3095,2021-03-20T17:41:35.035000+00:00,1.0,P
4156,3457,2021-03-20T17:41:38.655000+00:00,1.0,S
4157,3095,2021-03-20T17:41:35.035000+00:00,1.0,P
4157,3457,2021-03-20T17:41:38.655000+00:00,1.0,S
4158,3096,2021-03-20T17:41:35.045000+00:00,1.0,P
4158,3457,2021-03-20T17:41:38.655000+00:00,1.0,S
4159,3096,2021-03-20T17:41:35.045000+00:00,1.0,P
4159,3457,2021-03-20T17:41:38.655000+00:00,1.0,S
4160,3096,2021-03-20T17:41:35.045000+00:00,1.0,P
4160,3457,2021-03-20T17:41:38.655000+00:00,1.0,S
4161,3096,2021-03-20T17:41:35.045000+00:00,1.0,P
4161,3457,2021-03-20T17:41:38.655000+00:00,1.0,S
4162,3096,2021-03-20T17:41:35.045000+00:00,1.0,P
4162,3458,2021-03-20T17:41:38.665000+00:00,1.0,S
4163,3096,2021-03-20T17:41:35.045000+00:00,1.0,P
4163,3458,2021-03-20T17:41:38.665000+00:00,1.0,S
4164,3096,2021-03-20T17:41:35.045000+00:00,1.0,P
4164,3458,2021-03-20T17:41:38.665000+00:00,1.0,S
4165,3097,2021-03-20T17:41:35.055000+00:00,1.0,P
4165,3458,2021-03-20T17:41:38.665000+00:00,1.0,S
4166,3097,2021-03-20T17:41:35.055000+00:00,1.0,P
4166,3458,2021-03-20T17:41:38.665000+00:00,1.0,S
4167,3097,2021-03-20T17:41:35.055000+00:00,1.0,P
4167,3458,2021-03-20T17:41:38.665000+00:00,1.0,S
4168,3097,2021-03-20T17:41:35.055000+00:00,1.0,P
4168,3459,2021-03-20T17:41:38.675000+00:00,1.0,S
4169,3097,2021-03-20T17:41:35.055000+00:00,1.0,P
4169,3459,2021-03-20T17:41:38.675000+00:00,1.0,S
4170,3097,2021-03-20T17:41:35.055000+00:00,1.0,P
4170,3459,2021-03-20T17:41:38.675000+00:00,1.0,S
4171,3097,2021-03-20T17:41:35.055000+00:00,1.0,P
4171,3459,2021-03-20T17:41:38.675000+00:00,1.0,S
4172,3097,2021-03-20T17:41:35.055000+00:00,1.0,P
4172,3459,2021-03-20T17:41:38.675000+00:00,1.0,S
4173,3098,2021-03-20T17:41:35.065000+00:00,1.0,P
4173,3459,2021-03-20T17:41:38.675000+00:00,1.0,S
4174,3098,2021-03-20T17:41:35.065000+00:00,1.0,P
4174,3459,2021-03-20T17:41:38.675000+00:00,1.0,S
4175,3098,2021-03-20T17:41:35.065000+00:00,1.0,P
4175,3459,2021-03-20T17:41:38.675000+00:00,1.0,S
4176,3098,2021-03-20T17:41:35.065000+00:00,1.0,P
4176,3459,2021-03-20T17:41:38.675000+00:00,1.0,S
4177,3098,2021-03-20T17:41:35.065000+00:00,1.0,P
4177,3459,2021-03-20T17:41:38.675000+00:00,1.0,S
4178,3098,2021-03-20T17:41:35.065000+00:00,1.0,P
4178,3459,2021-03-20T17:41:38.675000+00:00,1.0,S
4179,3098,2021-03-20T17:41:35.065000+00:00,1.0,P
4179,3460,2021-03-20T17:41:38.685000+00:00,1.0,S
4180,3098,2021-03-20T17:41:35.065000+00:00,1.0,P
4180,3460,2021-03-20T17:41:38.685000+00:00,1.0,S
4181,3098,2021-03-20T17:41:35.065000+00:00,1.0,P
4181,3460,2021-03-20T17:41:38.685000+00:00,1.0,S
4182,3099,2021-03-20T17:41:35.075000+00:00,1.0,P
4182,3460,2021-03-20T17:41:38.685000+00:00,1.0,S
4183,3099,2021-03-20T17:41:35.075000+00:00,1.0,P
4183,3460,2021-03-20T17:41:38.685000+00:00,1.0,S
4184,3099,2021-03-20T17:41:35.075000+00:00,1.0,P
4184,3460,2021-03-20T17:41:38.685000+00:00,1.0,S
4185,3099,2021-03-20T17:41:35.075000+00:00,1.0,P
4185,3460,2021-03-20T17:41:38.685000+00:00,1.0,S
4186,3099,2021-03-20T17:41:35.075000+00:00,1.0,P
4186,3460,2021-03-20T17:41:38.685000+00:00,1.0,S
4187,3099,2021-03-20T17:41:35.075000+00:00,1.0,P
4187,3460,2021-03-20T17:41:38.685000+00:00,1.0,S
4188,3099,2021-03-20T17:41:35.075000+00:00,1.0,P
4188,3460,2021-03-20T17:41:38.685000+00:00,1.0,S
4189,3099,2021-03-20T17:41:35.075000+00:00,1.0,P
4189,3460,2021-03-20T17:41:38.685000+00:00,1.0,S
4190,3099,2021-03-20T17:41:35.075000+00:00,1.0,P
4190,3460,2021-03-20T17:41:38.685000+00:00,1.0,S
4191,3099,2021-03-20T17:41:35.075000+00:00,1.0,P
4191,3461,2021-03-20T17:41:38.695000+00:00,1.0,S
4192,3099,2021-03-20T17:41:35.075000+00:00,1.0,P
4192,3461,2021-03-20T17:41:38.695000+00:00,1.0,S
4193,3099,2021-03-20T17:41:35.075000+00:00,1.0,P
4193,3461,2021-03-20T17:41:38.695000+00:00,1.0,S
4194,3100,2021-03-20T17:41:35.085000+00:00,1.0,P
4194,3461,2021-03-20T17:41:38.695000+00:00,1.0,S
4195,3100,2021-03-20T17:41:35.085000+00:00,1.0,P
4195,3461,2021-03-20T17:41:38.695000+00:00,1.0,S
4196,3100,2021-03-20T17:41:35.085000+00:00,1.0,P
4196,3461,2021-03-20T17:41:38.695000+00:00,1.0,S
4197,3100,2021-03-20T17:41:35.085000+00:00,1.0,P
4197,3461,2021-03-20T17:41:38.695000+00:00,1.0,S
4198,3100,2021-03-20T17:41:35.085000+00:00,1.0,P
4198,3461,2021-03-20T17:41:38.695000+00:00,1.0,S
4199,3100,2021-03-20T17:41:35.085000+00:00,1.0,P
4199,3461,2021-03-20T17:41:38.695000+00:00,1.0,S
4200,3100,2021-03-20T17:41:35.085000+00:00,1.0,P
4200,3461,2021-03-20T17:41:38.695000+00:00,1.0,S
4201,3100,2021-03-20T17:41:35.085000+00:00,1.0,P
4201,3461,2021-03-20T17:41:38.695000+00:00,1.0,S
4202,3100,2021-03-20T17:41:35.085000+00:00,1.0,P
4202,3461,2021-03-20T17:41:38.695000+00:00,1.0,S
4203,3100,2021-03-20T17:41:35.085000+00:00,1.0,P
4203,3461,2021-03-20T17:41:38.695000+00:00,1.0,S
4204,3100,2021-03-20T17:41:35.085000+00:00,1.0,P
4204,3461,2021-03-20T17:41:38.695000+00:00,1.0,S
4205,3100,2021-03-20T17:41:35.085000+00:00,1.0,P
4205,3461,2021-03-20T17:41:38.695000+00:00,1.0,S
4206,3100,2021-03-20T17:41:35.085000+00:00,1.0,P
4206,3461,2021-03-20T17:41:38.695000+00:00,1.0,S
4207,3100,2021-03-20T17:41:35.085000+00:00,1.0,P
4207,3461,2021-03-20T17:41:38.695000+00:00,1.0,S
4208,3100,2021-03-20T17:41:35.085000+00:00,1.0,P
4208,3461,2021-03-20T17:41:38.695000+00:00,1.0,S
4209,3101,2021-03-20T17:41:35.095000+00:00,1.0,P
4209,3462,2021-03-20T17:41:38.705000+00:00,1.0,S
4210,3101,2021-03-20T17:41:35.095000+00:00,1.0,P
4210,3462,2021-03-20T17:41:38.705000+00:00,1.0,S
4211,3101,2021-03-20T17:41:35.095000+00:00,1.0,P
4211,3462,2021-03-20T17:41:38.705000+00:00,1.0,S
4212,3101,2021-03-20T17:41:35.095000+00:00,1.0,P
4212,3462,2021-03-20T17:41:38.705000+00:00,1.0,S
4213,3101,2021-03-20T17:41:35.095000+00:00,1.0,P
4213,3462,2021-03-20T17:41:38.705000+00:00,1.0,S
4214,3101,2021-03-20T17:41:35.095000+00:00,1.0,P
4214,3462,2021-03-20T17:41:38.705000+00:00,1.0,S
4215,3101,2021-03-20T17:41:35.095000+00:00,1.0,P
4215,3462,2021-03-20T17:41:38.705000+00:00,1.0,S
4216,3101,2021-03-20T17:41:35.095000+00:00,1.0,P
4216,3462,2021-03-20T17:41:38.705000+00:00,1.0,S
4217,3101,2021-03-20T17:41:35.095000+00:00,1.0,P
4217,3462,2021-03-20T17:41:38.705000+00:00,1.0,S
4218,3101,2021-03-20T17:41:35.095000+00:00,1.0,P
4218,3462,2021-03-20T17:41:38.705000+00:00,1.0,S
4219,3101,2021-03-20T17:41:35.095000+00:00,1.0,P
4219,3462,2021-03-20T17:41:38.705000+00:00,1.0,S
4220,3101,2021-03-20T17:41:35.095000+00:00,1.0,P
4220,3462,2021-03-20T17:41:38.705000+00:00,1.0,S
4221,3101,2021-03-20T17:41:35.095000+00:00,1.0,P
4221,3462,2021-03-20T17:41:38.705000+00:00,1.0,S
4222,3101,2021-03-20T17:41:35.095000+00:00,1.0,P
4222,3462,2021-03-20T17:41:38.705000+00:00,1.0,S
4223,3101,2021-03-20T17:41:35.095000+00:00,1.0,P
4223,3462,2021-03-20T17:41:38.705000+00:00,1.0,S
4224,3101,2021-03-20T17:41:35.095000+00:00,1.0,P
4224,3462,2021-03-20T17:41:38.705000+00:00,1.0,S
4225,3101,2021-03-20T17:41:35.095000+00:00,1.0,P
4225,3462,2021-03-20T17:41:38.705000+00:00,1.0,S
4226,3101,2021-03-20T17:41:35.095000+00:00,1.0,P
4226,3462,2021-03-20T17:41:38.705000+00:00,1.0,S
4227,3102,2021-03-20T17:41:35.105000+00:00,1.0,P
4227,3462,2021-03-20T17:41:38.705000+00:00,1.0,S
4228,3102,2021-03-20T17:41:35.105000+00:00,1.0,P
4228,3462,2021-03-20T17:41:38.705000+00:00,1.0,S
4229,3102,2021-03-20T17:41:35.105000+00:00,1.0,P
4229,3462,2021-03-20T17:41:38.705000+00:00,1.0,S
4230,3102,2021-03-20T17:41:35.105000+00:00,1.0,P
4230,3462,2021-03-20T17:41:38.705000+00:00,1.0,S
4231,3102,2021-03-20T17:41:35.105000+00:00,1.0,P
4231,3462,2021-03-20T17:41:38.705000+00:00,1.0,S
4232,3102,2021-03-20T17:41:35.105000+00:00,1.0,P
4232,3462,2021-03-20T17:41:38.705000+00:00,1.0,S
4233,3102,2021-03-20T17:41:35.105000+00:00,1.0,P
4233,3462,2021-03-20T17:41:38.705000+00:00,1.0,S
4234,3102,2021-03-20T17:41:35.105000+00:00,1.0,P
4234,3462,2021-03-20T17:41:38.705000+00:00,1.0,S
4235,3102,2021-03-20T17:41:35.105000+00:00,1.0,P
4235,3462,2021-03-20T17:41:38.705000+00:00,1.0,S
4236,3102,2021-03-20T17:41:35.105000+00:00,1.0,P
4236,3462,2021-03-20T17:41:38.705000+00:00,1.0,S
4237,3102,2021-03-20T17:41:35.105000+00:00,1.0,P
4237,3462,2021-03-20T17:41:38.705000+00:00,1.0,S
4238,3102,2021-03-20T17:41:35.105000+00:00,1.0,P
4238,3462,2021-03-20T17:41:38.705000+00:00,1.0,S
4239,3102,2021-03-20T17:41:35.105000+00:00,1.0,P
4239,3463,2021-03-20T17:41:38.715000+00:00,1.0,S
4240,3102,2021-03-20T17:41:35.105000+00:00,1.0,P
4240,3463,2021-03-20T17:41:38.715000+00:00,1.0,S
4241,3102,2021-03-20T17:41:35.105000+00:00,1.0,P
4241,3463,2021-03-20T17:41:38.715000+00:00,1.0,S
4242,3102,2021-03-20T17:41:35.105000+00:00,1.0,P
4242,3463,2021-03-20T17:41:38.715000+00:00,1.0,S
4243,3103,2021-03-20T17:41:35.115000+00:00,1.0,P
4243,3463,2021-03-20T17:41:38.715000+00:00,1.0,S
4244,3103,2021-03-20T17:41:35.115000+00:00,1.0,P
4244,3463,2021-03-20T17:41:38.715000+00:00,1.0,S
4245,3103,2021-03-20T17:41:35.115000+00:00,1.0,P
4245,3463,2021-03-20T17:41:38.715000+00:00,1.0,S
4246,3103,2021-03-20T17:41:35.115000+00:00,1.0,P
4246,3463,2021-03-20T17:41:38.715000+00:00,1.0,S
4247,3103,2021-03-20T17:41:35.115000+00:00,1.0,P
4247,3463,2021-03-20T17:41:38.715000+00:00,1.0,S
4248,3103,2021-03-20T17:41:35.115000+00:00,1.0,P
4248,3463,2021-03-20T17:41:38.715000+00:00,1.0,S
4249,3103,2021-03-20T17:41:35.115000+00:00,1.0,P
4249,3463,2021-03-20T17:41:38.715000+00:00,1.0,S
4250,3103,2021-03-20T17:41:35.115000+00:00,1.0,P
4250,3463,2021-03-20T17:41:38.715000+00:00,1.0,S
4251,3103,2021-03-20T17:41:35.115000+00:00,1.0,P
4251,3464,2021-03-20T17:41:38.725000+00:00,1.0,S
4252,3103,2021-03-20T17:41:35.115000+00:00,1.0,P
4252,3464,2021-03-20T17:41:38.725000+00:00,1.0,S
4253,3103,2021-03-20T17:41:35.115000+00:00,1.0,P
4253,3464,2021-03-20T17:41:38.725000+00:00,1.0,S
4254,3103,2021-03-20T17:41:35.115000+00:00,1.0,P
4254,3464,2021-03-20T17:41:38.725000+00:00,1.0,S
4255,3103,2021-03-20T17:41:35.115000+00:00,1.0,P
4255,3464,2021-03-20T17:41:38.725000+00:00,1.0,S
4256,3103,2021-03-20T17:41:35.115000+00:00,1.0,P
4256,3464,2021-03-20T17:41:38.725000+00:00,1.0,S
4257,3103,2021-03-20T17:41:35.115000+00:00,1.0,P
4257,3464,2021-03-20T17:41:38.725000+00:00,1.0,S
4258,3103,2021-03-20T17:41:35.115000+00:00,1.0,P
4258,3464,2021-03-20T17:41:38.725000+00:00,1.0,S
4259,3103,2021-03-20T17:41:35.115000+00:00,1.0,P
4259,3464,2021-03-20T17:41:38.725000+00:00,1.0,S
4260,3103,2021-03-20T17:41:35.115000+00:00,1.0,P
4260,3464,2021-03-20T17:41:38.725000+00:00,1.0,S
4261,3103,2021-03-20T17:41:35.115000+00:00,1.0,P
4261,3464,2021-03-20T17:41:38.725000+00:00,1.0,S
4262,3104,2021-03-20T17:41:35.125000+00:00,1.0,P
4262,3464,2021-03-20T17:41:38.725000+00:00,1.0,S
4263,3104,2021-03-20T17:41:35.125000+00:00,1.0,P
4263,3464,2021-03-20T17:41:38.725000+00:00,1.0,S
4264,3104,2021-03-20T17:41:35.125000+00:00,1.0,P
4264,3464,2021-03-20T17:41:38.725000+00:00,1.0,S
4265,3104,2021-03-20T17:41:35.125000+00:00,1.0,P
4265,3464,2021-03-20T17:41:38.725000+00:00,1.0,S
4266,3104,2021-03-20T17:41:35.125000+00:00,1.0,P
4266,3464,2021-03-20T17:41:38.725000+00:00,1.0,S
4267,3104,2021-03-20T17:41:35.125000+00:00,1.0,P
4267,3465,2021-03-20T17:41:38.735000+00:00,1.0,S
4268,3104,2021-03-20T17:41:35.125000+00:00,1.0,P
4268,3465,2021-03-20T17:41:38.735000+00:00,1.0,S
4269,3104,2021-03-20T17:41:35.125000+00:00,1.0,P
4269,3465,2021-03-20T17:41:38.735000+00:00,1.0,S
4270,3104,2021-03-20T17:41:35.125000+00:00,1.0,P
4270,3465,2021-03-20T17:41:38.735000+00:00,1.0,S
4271,3104,2021-03-20T17:41:35.125000+00:00,1.0,P
4271,3465,2021-03-20T17:41:38.735000+00:00,1.0,S
4272,3104,2021-03-20T17:41:35.125000+00:00,1.0,P
4272,3465,2021-03-20T17:41:38.735000+00:00,1.0,S
4273,3104,2021-03-20T17:41:35.125000+00:00,1.0,P
4273,3465,2021-03-20T17:41:38.735000+00:00,1.0,S
4274,3104,2021-03-20T17:41:35.125000+00:00,1.0,P
4274,3465,2021-03-20T17:41:38.735000+00:00,1.0,S
4275,3105,2021-03-20T17:41:35.135000+00:00,1.0,P
4275,3465,2021-03-20T17:41:38.735000+00:00,1.0,S
4276,3105,2021-03-20T17:41:35.135000+00:00,1.0,P
4276,3465,2021-03-20T17:41:38.735000+00:00,1.0,S
4277,3105,2021-03-20T17:41:35.135000+00:00,1.0,P
4277,3465,2021-03-20T17:41:38.735000+00:00,1.0,S
4278,3105,2021-03-20T17:41:35.135000+00:00,1.0,P
4278,3465,2021-03-20T17:41:38.735000+00:00,1.0,S
4279,3105,2021-03-20T17:41:35.135000+00:00,1.0,P
4279,3465,2021-03-20T17:41:38.735000+00:00,1.0,S
4280,3105,2021-03-20T17:41:35.135000+00:00,1.0,P
4280,3465,2021-03-20T17:41:38.735000+00:00,1.0,S
4281,3105,2021-03-20T17:41:35.135000+00:00,1.0,P
4281,3465,2021-03-20T17:41:38.735000+00:00,1.0,S
4282,3105,2021-03-20T17:41:35.135000+00:00,1.0,P
4282,3465,2021-03-20T17:41:38.735000+00:00,1.0,S
4283,3105,2021-03-20T17:41:35.135000+00:00,1.0,P
4283,3465,2021-03-20T17:41:38.735000+00:00,1.0,S
4284,3105,2021-03-20T17:41:35.135000+00:00,1.0,P
4284,3465,2021-03-20T17:41:38.735000+00:00,1.0,S
4285,3105,2021-03-20T17:41:35.135000+00:00,1.0,P
4285,3465,2021-03-20T17:41:38.735000+00:00,1.0,S
4286,3105,2021-03-20T17:41:35.135000+00:00,1.0,P
4286,3465,2021-03-20T17:41:38.735000+00:00,1.0,S
4287,3105,2021-03-20T17:41:35.135000+00:00,1.0,P
4287,3465,2021-03-20T17:41:38.735000+00:00,1.0,S
4288,3105,2021-03-20T17:41:35.135000+00:00,1.0,P
4288,3465,2021-03-20T17:41:38.735000+00:00,1.0,S
4289,3106,2021-03-20T17:41:35.145000+00:00,1.0,P
4289,3465,2021-03-20T17:41:38.735000+00:00,1.0,S
4290,3106,2021-03-20T17:41:35.145000+00:00,1.0,P
4290,3465,2021-03-20T17:41:38.735000+00:00,1.0,S
4291,3106,2021-03-20T17:41:35.145000+00:00,1.0,P
4291,3465,2021-03-20T17:41:38.735000+00:00,1.0,S
4292,3106,2021-03-20T17:41:35.145000+00:00,1.0,P
4292,3465,2021-03-20T17:41:38.735000+00:00,1.0,S
4293,3106,2021-03-20T17:41:35.145000+00:00,1.0,P
4293,3465,2021-03-20T17:41:38.735000+00:00,1.0,S
4294,3106,2021-03-20T17:41:35.145000+00:00,1.0,P
4294,3466,2021-03-20T17:41:38.745000+00:00,1.0,S
4295,3106,2021-03-20T17:41:35.145000+00:00,1.0,P
4295,3466,2021-03-20T17:41:38.745000+00:00,1.0,S
4296,3106,2021-03-20T17:41:35.145000+00:00,1.0,P
4296,3466,2021-03-20T17:41:38.745000+00:00,1.0,S
4297,3106,2021-03-20T17:41:35.145000+00:00,1.0,P
4297,3466,2021-03-20T17:41:38.745000+00:00,1.0,S
4298,3106,2021-03-20T17:41:35.145000+00:00,1.0,P
4298,3466,2021-03-20T17:41:38.745000+00:00,1.0,S
4299,3106,2021-03-20T17:41:35.145000+00:00,1.0,P
4299,3466,2021-03-20T17:41:38.745000+00:00,1.0,S
4300,3106,2021-03-20T17:41:35.145000+00:00,1.0,P
4300,3466,2021-03-20T17:41:38.745000+00:00,1.0,S
4301,3106,2021-03-20T17:41:35.145000+00:00,1.0,P
4301,3466,2021-03-20T17:41:38.745000+00:00,1.0,S
4302,3106,2021-03-20T17:41:35.145000+00:00,1.0,P
4302,3466,2021-03-20T17:41:38.745000+00:00,1.0,S
4303,3106,2021-03-20T17:41:35.145000+00:00,1.0,P
4303,3466,2021-03-20T17:41:38.745000+00:00,1.0,S
4304,3106,2021-03-20T17:41:35.145000+00:00,1.0,P
4304,3466,2021-03-20T17:41:38.745000+00:00,1.0,S
4305,3106,2021-03-20T17:41:35.145000+00:00,1.0,P
4305,3466,2021-03-20T17:41:38.745000+00:00,1.0,S
4306,3107,2021-03-20T17:41:35.155000+00:00,1.0,P
4306,3466,2021-03-20T17:41:38.745000+00:00,1.0,S
4307,3107,2021-03-20T17:41:35.155000+00:00,1.0,P
4307,3466,2021-03-20T17:41:38.745000+00:00,1.0,S
4308,3107,2021-03-20T17:41:35.155000+00:00,1.0,P
4308,3466,2021-03-20T17:41:38.745000+00:00,1.0,S
4309,3107,2021-03-20T17:41:35.155000+00:00,1.0,P
4309,3466,2021-03-20T17:41:38.745000+00:00,1.0,S
4310,3107,2021-03-20T17:41:35.155000+00:00,1.0,P
4310,3466,2021-03-20T17:41:38.745000+00:00,1.0,S
4311,3107,2021-03-20T17:41:35.155000+00:00,1.0,P
4311,3467,2021-03-20T17:41:38.755000+00:00,1.0,S
4312,3107,2021-03-20T17:41:35.155000+00:00,1.0,P
4312,3467,2021-03-20T17:41:38.755000+00:00,1.0,S
4313,3107,2021-03-20T17:41:35.155000+00:00,1.0,P
4313,3467,2021-03-20T17:41:38.755000+00:00,1.0,S
4314,3107,2021-03-20T17:41:35.155000+00:00,1.0,P
4314,3467,2021-03-20T17:41:38.755000+00:00,1.0,S
4315,3107,2021-03-20T17:41:35.155000+00:00,1.0,P
4315,3467,2021-03-20T17:41:38.755000+00:00,1.0,S
4316,3107,2021-03-20T17:41:35.155000+00:00,1.0,P
4316,3467,2021-03-20T17:41:38.755000+00:00,1.0,S
4317,3107,2021-03-20T17:41:35.155000+00:00,1.0,P
4317,3467,2021-03-20T17:41:38.755000+00:00,1.0,S
4318,3107,2021-03-20T17:41:35.155000+00:00,1.0,P
4318,3467,2021-03-20T17:41:38.755000+00:00,1.0,S
4319,3107,2021-03-20T17:41:35.155000+00:00,1.0,P
4319,3467,2021-03-20T17:41:38.755000+00:00,1.0,S
4320,3107,2021-03-20T17:41:35.155000+00:00,1.0,P
4320,3467,2021-03-20T17:41:38.755000+00:00,1.0,S
4321,3107,2021-03-20T17:41:35.155000+00:00,1.0,P
4321,3467,2021-03-20T17:41:38.755000+00:00,1.0,S
4322,3107,2021-03-20T17:41:35.155000+00:00,1.0,P
4322,3467,2021-03-20T17:41:38.755000+00:00,1.0,S
4323,3107,2021-03-20T17:41:35.155000+00:00,1.0,P
4323,3467,2021-03-20T17:41:38.755000+00:00,1.0,S
4324,3107,2021-03-20T17:41:35.155000+00:00,1.0,P
4324,3467,2021-03-20T17:41:38.755000+00:00,1.0,S
4325,3107,2021-03-20T17:41:35.155000+00:00,1.0,P
4325,3467,2021-03-20T17:41:38.755000+00:00,1.0,S
4326,3107,2021-03-20T17:41:35.155000+00:00,1.0,P
4326,3467,2021-03-20T17:41:38.755000+00:00,1.0,S
4327,3107,2021-03-20T17:41:35.155000+00:00,1.0,P
4327,3467,2021-03-20T17:41:38.755000+00:00,1.0,S
4328,3107,2021-03-20T17:41:35.155000+00:00,1.0,P
4328,3467,2021-03-20T17:41:38.755000+00:00,1.0,S
4329,3107,2021-03-20T17:41:35.155000+00:00,1.0,P
4329,3467,2021-03-20T17:41:38.755000+00:00,1.0,S
4330,3108,2021-03-20T17:41:35.165000+00:00,1.0,P
4330,3467,2021-03-20T17:41:38.755000+00:00,1.0,S
4331,3108,2021-03-20T17:41:35.165000+00:00,1.0,P
4331,3467,2021-03-20T17:41:38.755000+00:00,1.0,S
4332,3108,2021-03-20T17:41:35.165000+00:00,1.0,P
4332,3467,2021-03-20T17:41:38.755000+00:00,1.0,S
4333,3108,2021-03-20T17:41:35.165000+00:00,1.0,P
4333,3467,2021-03-20T17:41:38.755000+00:00,1.0,S
4334,3108,2021-03-20T17:41:35.165000+00:00,1.0,P
4334,3467,2021-03-20T17:41:38.755000+00:00,1.0,S
4335,3108,2021-03-20T17:41:35.165000+00:00,1.0,P
4335,3467,2021-03-20T17:41:38.755000+00:00,1.0,S
4336,3108,2021-03-20T17:41:35.165000+00:00,1.0,P
4336,3467,2021-03-20T17:41:38.755000+00:00,1.0,S
4337,3108,2021-03-20T17:41:35.165000+00:00,1.0,P
4337,3467,2021-03-20T17:41:38.755000+00:00,1.0,S
4338,3108,2021-03-20T17:41:35.165000+00:00,1.0,P
4338,3467,2021-03-20T17:41:38.755000+00:00,1.0,S
4339,3108,2021-03-20T17:41:35.165000+00:00,1.0,P
4339,3467,2021-03-20T17:41:38.755000+00:00,1.0,S
4340,3108,2021-03-20T17:41:35.165000+00:00,1.0,P
4340,3467,2021-03-20T17:41:38.755000+00:00,1.0,S
4341,3108,2021-03-20T17:41:35.165000+00:00,1.0,P
4341,3467,2021-03-20T17:41:38.755000+00:00,1.0,S
4342,3108,2021-03-20T17:41:35.165000+00:00,1.0,P
4342,3467,2021-03-20T17:41:38.755000+00:00,1.0,S
4343,3108,2021-03-20T17:41:35.165000+00:00,1.0,P
4343,3467,2021-03-20T17:41:38.755000+00:00,1.0,S
4344,3108,2021-03-20T17:41:35.165000+00:00,1.0,P
4344,3468,2021-03-20T17:41:38.765000+00:00,1.0,S
4345,3108,2021-03-20T17:41:35.165000+00:00,1.0,P
4345,3468,2021-03-20T17:41:38.765000+00:00,1.0,S
4346,3108,2021-03-20T17:41:35.165000+00:00,1.0,P
4346,3468,2021-03-20T17:41:38.765000+00:00,1.0,S
4347,3108,2021-03-20T17:41:35.165000+00:00,1.0,P
4347,3468,2021-03-20T17:41:38.765000+00:00,1.0,S
4348,3108,2021-03-20T17:41:35.165000+00:00,1.0,P
4348,3468,2021-03-20T17:41:38.765000+00:00,1.0,S
4349,3108,2021-03-20T17:41:35.165000+00:00,1.0,P
4349,3468,2021-03-20T17:41:38.765000+00:00,1.0,S
4350,3108,2021-03-20T17:41:35.165000+00:00,1.0,P
4350,3468,2021-03-20T17:41:38.765000+00:00,1.0,S
4351,3108,2021-03-20T17:41:35.165000+00:00,1.0,P
4351,3468,2021-03-20T17:41:38.765000+00:00,1.0,S
4352,3108,2021-03-20T17:41:35.165000+00:00,1.0,P
4352,3468,2021-03-20T17:41:38.765000+00:00,1.0,S
4353,3108,2021-03-20T17:41:35.165000+00:00,1.0,P
4353,3468,2021-03-20T17:41:38.765000+00:00,1.0,S
4354,3108,2021-03-20T17:41:35.165000+00:00,1.0,P
4354,3469,2021-03-20T17:41:38.775000+00:00,1.0,S
4355,3108,2021-03-20T17:41:35.165000+00:00,1.0,P
4355,3469,2021-03-20T17:41:38.775000+00:00,1.0,S
4356,3108,2021-03-20T17:41:35.165000+00:00,1.0,P
4356,3469,2021-03-20T17:41:38.775000+00:00,1.0,S
4357,3108,2021-03-20T17:41:35.165000+00:00,1.0,P
4357,3469,2021-03-20T17:41:38.775000+00:00,1.0,S
4358,3108,2021-03-20T17:41:35.165000+00:00,1.0,P
4358,3469,2021-03-20T17:41:38.775000+00:00,1.0,S
4359,3108,2021-03-20T17:41:35.165000+00:00,1.0,P
4359,3469,2021-03-20T17:41:38.775000+00:00,1.0,S
4360,3108,2021-03-20T17:41:35.165000+00:00,1.0,P
4360,3469,2021-03-20T17:41:38.775000+00:00,1.0,S
4361,3108,2021-03-20T17:41:35.165000+00:00,1.0,P
4361,3469,2021-03-20T17:41:38.775000+00:00,1.0,S
4362,3109,2021-03-20T17:41:35.175000+00:00,1.0,P
4362,3469,2021-03-20T17:41:38.775000+00:00,1.0,S
4363,3109,2021-03-20T17:41:35.175000+00:00,1.0,P
4363,3469,2021-03-20T17:41:38.775000+00:00,1.0,S
4364,3109,2021-03-20T17:41:35.175000+00:00,1.0,P
4364,3469,2021-03-20T17:41:38.775000+00:00,1.0,S
4365,3109,2021-03-20T17:41:35.175000+00:00,1.0,P
4365,3469,2021-03-20T17:41:38.775000+00:00,1.0,S
4366,3109,2021-03-20T17:41:35.175000+00:00,1.0,P
4366,3469,2021-03-20T17:41:38.775000+00:00,1.0,S
4367,3109,2021-03-20T17:41:35.175000+00:00,1.0,P
4367,3469,2021-03-20T17:41:38.775000+00:00,1.0,S
4368,3109,2021-03-20T17:41:35.175000+00:00,1.0,P
4368,3469,2021-03-20T17:41:38.775000+00:00,1.0,S
4369,3109,2021-03-20T17:41:35.175000+00:00,1.0,P
4369,3469,2021-03-20T17:41:38.775000+00:00,1.0,S
4370,3109,2021-03-20T17:41:35.175000+00:00,1.0,P
4370,3469,2021-03-20T17:41:38.775000+00:00,1.0,S
4371,3109,2021-03-20T17:41:35.175000+00:00,1.0,P
4371,3469,2021-03-20T17:41:38.775000+00:00,1.0,S
4372,3109,2021-03-20T17:41:35.175000+00:00,1.0,P
4372,3469,2021-03-20T17:41:38.775000+00:00,1.0,S
4373,3109,2021-03-20T17:41:35.175000+00:00,1.0,P
4373,3469,2021-03-20T17:41:38.775000+00:00,1.0,S
4374,3109,2021-03-20T17:41:35.175000+00:00,1.0,P
4374,3469,2021-03-20T17:41:38.775000+00:00,1.0,S
4375,3109,2021-03-20T17:41:35.175000+00:00,1.0,P
4375,3469,2021-03-20T17:41:38.775000+00:00,1.0,S
4376,3109,2021-03-20T17:41:35.175000+00:00,1.0,P
4376,3469,2021-03-20T17:41:38.775000+00:00,1.0,S
4377,3109,2021-03-20T17:41:35.175000+00:00,1.0,P
4377,3469,2021-03-20T17:41:38.775000+00:00,1.0,S
4378,3109,2021-03-20T17:41:35.175000+00:00,1.0,P
4378,3469,2021-03-20T17:41:38.775000+00:00,1.0,S
4379,3109,2021-03-20T17:41:35.175000+00:00,1.0,P
4379,3469,2021-03-20T17:41:38.775000+00:00,1.0,S
4380,3109,2021-03-20T17:41:35.175000+00:00,1.0,P
4380,3469,2021-03-20T17:41:38.775000+00:00,1.0,S
4381,3109,2021-03-20T17:41:35.175000+00:00,1.0,P
4381,3470,2021-03-20T17:41:38.785000+00:00,1.0,S
4382,3110,2021-03-20T17:41:35.185000+00:00,1.0,P
4382,3470,2021-03-20T17:41:38.785000+00:00,1.0,S
4383,3110,2021-03-20T17:41:35.185000+00:00,1.0,P
4383,3470,2021-03-20T17:41:38.785000+00:00,1.0,S
4384,3110,2021-03-20T17:41:35.185000+00:00,1.0,P
4384,3470,2021-03-20T17:41:38.785000+00:00,1.0,S
4385,3110,2021-03-20T17:41:35.185000+00:00,1.0,P
4385,3470,2021-03-20T17:41:38.785000+00:00,1.0,S
4386,3110,2021-03-20T17:41:35.185000+00:00,1.0,P
4386,3470,2021-03-20T17:41:38.785000+00:00,1.0,S
4387,3110,2021-03-20T17:41:35.185000+00:00,1.0,P
4387,3470,2021-03-20T17:41:38.785000+00:00,1.0,S
4388,3110,2021-03-20T17:41:35.185000+00:00,1.0,P
4388,3470,2021-03-20T17:41:38.785000+00:00,1.0,S
4389,3110,2021-03-20T17:41:35.185000+00:00,1.0,P
4389,3470,2021-03-20T17:41:38.785000+00:00,1.0,S
4390,3110,2021-03-20T17:41:35.185000+00:00,1.0,P
4390,3470,2021-03-20T17:41:38.785000+00:00,1.0,S
4391,3110,2021-03-20T17:41:35.185000+00:00,1.0,P
4391,3470,2021-03-20T17:41:38.785000+00:00,1.0,S
4392,3110,2021-03-20T17:41:35.185000+00:00,1.0,P
4392,3470,2021-03-20T17:41:38.785000+00:00,1.0,S
4393,3110,2021-03-20T17:41:35.185000+00:00,1.0,P
4393,3471,2021-03-20T17:41:38.795000+00:00,1.0,S
4394,3110,2021-03-20T17:41:35.185000+00:00,1.0,P
4394,3471,2021-03-20T17:41:38.795000+00:00,1.0,S
4395,3111,2021-03-20T17:41:35.195000+00:00,1.0,P
4395,3471,2021-03-20T17:41:38.795000+00:00,1.0,S
4396,3111,2021-03-20T17:41:35.195000+00:00,1.0,P
4396,3471,2021-03-20T17:41:38.795000+00:00,1.0,S
4397,3111,2021-03-20T17:41:35.195000+00:00,1.0,P
4397,3471,2021-03-20T17:41:38.795000+00:00,1.0,S
4398,3111,2021-03-20T17:41:35.195000+00:00,1.0,P
4398,3471,2021-03-20T17:41:38.795000+00:00,1.0,S
4399,3111,2021-03-20T17:41:35.195000+00:00,1.0,P
4399,3471,2021-03-20T17:41:38.795000+00:00,1.0,S
4400,3111,2021-03-20T17:41:35.195000+00:00,1.0,P
4400,3471,2021-03-20T17:41:38.795000+00:00,1.0,S
4401,3111,2021-03-20T17:41:35.195000+00:00,1.0,P
4401,3472,2021-03-20T17:41:38.805000+00:00,1.0,S
4402,3111,2021-03-20T17:41:35.195000+00:00,1.0,P
4402,3472,2021-03-20T17:41:38.805000+00:00,1.0,S
4403,3111,2021-03-20T17:41:35.195000+00:00,1.0,P
4403,3472,2021-03-20T17:41:38.805000+00:00,1.0,S
4404,3111,2021-03-20T17:41:35.195000+00:00,1.0,P
4404,3472,2021-03-20T17:41:38.805000+00:00,1.0,S
4405,3111,2021-03-20T17:41:35.195000+00:00,1.0,P
4405,3472,2021-03-20T17:41:38.805000+00:00,1.0,S
4406,3112,2021-03-20T17:41:35.205000+00:00,1.0,P
4406,3472,2021-03-20T17:41:38.805000+00:00,1.0,S
4407,3112,2021-03-20T17:41:35.205000+00:00,1.0,P
4407,3472,2021-03-20T17:41:38.805000+00:00,1.0,S
4408,3112,2021-03-20T17:41:35.205000+00:00,1.0,P
4408,3472,2021-03-20T17:41:38.805000+00:00,1.0,S
4409,3112,2021-03-20T17:41:35.205000+00:00,1.0,P
4409,3473,2021-03-20T17:41:38.815000+00:00,1.0,S
4410,3112,2021-03-20T17:41:35.205000+00:00,1.0,P
4410,3473,2021-03-20T17:41:38.815000+00:00,1.0,S
4411,3112,2021-03-20T17:41:35.205000+00:00,1.0,P
4411,3473,2021-03-20T17:41:38.815000+00:00,1.0,S
4412,3112,2021-03-20T17:41:35.205000+00:00,1.0,P
4412,3473,2021-03-20T17:41:38.815000+00:00,1.0,S
4413,3112,2021-03-20T17:41:35.205000+00:00,1.0,P
4413,3473,2021-03-20T17:41:38.815000+00:00,1.0,S
4414,3112,2021-03-20T17:41:35.205000+00:00,1.0,P
4414,3473,2021-03-20T17:41:38.815000+00:00,1.0,S
4415,3112,2021-03-20T17:41:35.205000+00:00,1.0,P
4415,3473,2021-03-20T17:41:38.815000+00:00,1.0,S
4416,3112,2021-03-20T17:41:35.205000+00:00,1.0,P
4416,3474,2021-03-20T17:41:38.825000+00:00,1.0,S
4417,3112,2021-03-20T17:41:35.205000+00:00,1.0,P
4417,3474,2021-03-20T17:41:38.825000+00:00,1.0,S
4418,3113,2021-03-20T17:41:35.215000+00:00,1.0,P
4418,3474,2021-03-20T17:41:38.825000+00:00,1.0,S
4419,3113,2021-03-20T17:41:35.215000+00:00,1.0,P
4419,3474,2021-03-20T17:41:38.825000+00:00,1.0,S
4420,3113,2021-03-20T17:41:35.215000+00:00,1.0,P
4420,3474,2021-03-20T17:41:38.825000+00:00,1.0,S
4421,3113,2021-03-20T17:41:35.215000+00:00,1.0,P
4421,3474,2021-03-20T17:41:38.825000+00:00,1.0,S
4422,3113,2021-03-20T17:41:35.215000+00:00,1.0,P
4422,3475,2021-03-20T17:41:38.835000+00:00,1.0,S
4423,3113,2021-03-20T17:41:35.215000+00:00,1.0,P
4423,3475,2021-03-20T17:41:38.835000+00:00,1.0,S
4424,3113,2021-03-20T17:41:35.215000+00:00,1.0,P
4424,3475,2021-03-20T17:41:38.835000+00:00,1.0,S
4425,3113,2021-03-20T17:41:35.215000+00:00,1.0,P
4425,3475,2021-03-20T17:41:38.835000+00:00,1.0,S
4426,3113,2021-03-20T17:41:35.215000+00:00,1.0,P
4426,3475,2021-03-20T17:41:38.835000+00:00,1.0,S
4427,3113,2021-03-20T17:41:35.215000+00:00,1.0,P
4427,3475,2021-03-20T17:41:38.835000+00:00,1.0,S
4428,3113,2021-03-20T17:41:35.215000+00:00,1.0,P
4428,3475,2021-03-20T17:41:38.835000+00:00,1.0,S
4429,3113,2021-03-20T17:41:35.215000+00:00,1.0,P
4429,3475,2021-03-20T17:41:38.835000+00:00,1.0,S
4430,3114,2021-03-20T17:41:35.225000+00:00,1.0,P
4430,3475,2021-03-20T17:41:38.835000+00:00,1.0,S
4431,3114,2021-03-20T17:41:35.225000+00:00,1.0,P
4431,3475,2021-03-20T17:41:38.835000+00:00,1.0,S
4432,3114,2021-03-20T17:41:35.225000+00:00,1.0,P
4432,3476,2021-03-20T17:41:38.845000+00:00,1.0,S
4433,3114,2021-03-20T17:41:35.225000+00:00,1.0,P
4433,3476,2021-03-20T17:41:38.845000+00:00,1.0,S
4434,3114,2021-03-20T17:41:35.225000+00:00,1.0,P
4434,3476,2021-03-20T17:41:38.845000+00:00,1.0,S
4435,3114,2021-03-20T17:41:35.225000+00:00,1.0,P
4435,3476,2021-03-20T17:41:38.845000+00:00,1.0,S
4436,3114,2021-03-20T17:41:35.225000+00:00,1.0,P
4436,3476,2021-03-20T17:41:38.845000+00:00,1.0,S
4437,3114,2021-03-20T17:41:35.225000+00:00,1.0,P
4437,3476,2021-03-20T17:41:38.845000+00:00,1.0,S
4438,3114,2021-03-20T17:41:35.225000+00:00,1.0,P
4438,3476,2021-03-20T17:41:38.845000+00:00,1.0,S
4439,3114,2021-03-20T17:41:35.225000+00:00,1.0,P
4439,3476,2021-03-20T17:41:38.845000+00:00,1.0,S
4440,3114,2021-03-20T17:41:35.225000+00:00,1.0,P
4440,3476,2021-03-20T17:41:38.845000+00:00,1.0,S
4441,3114,2021-03-20T17:41:35.225000+00:00,1.0,P
4441,3476,2021-03-20T17:41:38.845000+00:00,1.0,S
4442,3114,2021-03-20T17:41:35.225000+00:00,1.0,P
4442,3476,2021-03-20T17:41:38.845000+00:00,1.0,S
4443,3115,2021-03-20T17:41:35.235000+00:00,1.0,P
4443,3476,2021-03-20T17:41:38.845000+00:00,1.0,S
4444,3115,2021-03-20T17:41:35.235000+00:00,1.0,P
4444,3477,2021-03-20T17:41:38.855000+00:00,1.0,S
4445,3115,2021-03-20T17:41:35.235000+00:00,1.0,P
4445,3477,2021-03-20T17:41:38.855000+00:00,1.0,S
4446,3115,2021-03-20T17:41:35.235000+00:00,1.0,P
4446,3477,2021-03-20T17:41:38.855000+00:00,1.0,S
4447,3115,2021-03-20T17:41:35.235000+00:00,1.0,P
4447,3477,2021-03-20T17:41:38.855000+00:00,1.0,S
4448,3115,2021-03-20T17:41:35.235000+00:00,1.0,P
4448,3477,2021-03-20T17:41:38.855000+00:00,1.0,S
4449,3115,2021-03-20T17:41:35.235000+00:00,1.0,P
4449,3477,2021-03-20T17:41:38.855000+00:00,1.0,S
4450,3115,2021-03-20T17:41:35.235000+00:00,1.0,P
4450,3478,2021-03-20T17:41:38.865000+00:00,1.0,S
4451,3115,2021-03-20T17:41:35.235000+00:00,1.0,P
4451,3478,2021-03-20T17:41:38.865000+00:00,1.0,S
4452,3115,2021-03-20T17:41:35.235000+00:00,1.0,P
4452,3478,2021-03-20T17:41:38.865000+00:00,1.0,S
4453,3115,2021-03-20T17:41:35.235000+00:00,1.0,P
4453,3478,2021-03-20T17:41:38.865000+00:00,1.0,S
4454,3116,2021-03-20T17:41:35.245000+00:00,1.0,P
4454,3478,2021-03-20T17:41:38.865000+00:00,1.0,S
4455,3116,2021-03-20T17:41:35.245000+00:00,1.0,P
4455,3478,2021-03-20T17:41:38.865000+00:00,1.0,S
4456,3116,2021-03-20T17:41:35.245000+00:00,1.0,P
4456,3479,2021-03-20T17:41:38.875000+00:00,1.0,S
4457,3116,2021-03-20T17:41:35.245000+00:00,1.0,P
4457,3479,2021-03-20T17:41:38.875000+00:00,1.0,S
4458,3116,2021-03-20T17:41:35.245000+00:00,1.0,P
4458,3479,2021-03-20T17:41:38.875000+00:00,1.0,S
4459,3116,2021-03-20T17:41:35.245000+00:00,1.0,P
4459,3479,2021-03-20T17:41:38.875000+00:00,1.0,S
4460,3116,2021-03-20T17:41:35.245000+00:00,1.0,P
4460,3479,2021-03-20T17:41:38.875000+00:00,1.0,S
4461,3116,2021-03-20T17:41:35.245000+00:00,1.0,P
4461,3479,2021-03-20T17:41:38.875000+00:00,1.0,S
4462,3116,2021-03-20T17:41:35.245000+00:00,1.0,P
4462,3479,2021-03-20T17:41:38.875000+00:00,1.0,S
4463,3116,2021-03-20T17:41:35.245000+00:00,1.0,P
4463,3480,2021-03-20T17:41:38.885000+00:00,1.0,S
4464,3117,2021-03-20T17:41:35.255000+00:00,1.0,P
4464,3480,2021-03-20T17:41:38.885000+00:00,1.0,S
4465,3117,2021-03-20T17:41:35.255000+00:00,1.0,P
4465,3480,2021-03-20T17:41:38.885000+00:00,1.0,S
4466,3117,2021-03-20T17:41:35.255000+00:00,1.0,P
4466,3480,2021-03-20T17:41:38.885000+00:00,1.0,S
4467,3117,2021-03-20T17:41:35.255000+00:00,1.0,P
4467,3480,2021-03-20T17:41:38.885000+00:00,1.0,S
4468,3117,2021-03-20T17:41:35.255000+00:00,1.0,P
4468,3480,2021-03-20T17:41:38.885000+00:00,1.0,S
4469,3117,2021-03-20T17:41:35.255000+00:00,1.0,P
4469,3481,2021-03-20T17:41:38.895000+00:00,1.0,S
4470,3117,2021-03-20T17:41:35.255000+00:00,1.0,P
4470,3481,2021-03-20T17:41:38.895000+00:00,1.0,S
4471,3117,2021-03-20T17:41:35.255000+00:00,1.0,P
4471,3481,2021-03-20T17:41:38.895000+00:00,1.0,S
4472,3117,2021-03-20T17:41:35.255000+00:00,1.0,P
4472,3481,2021-03-20T17:41:38.895000+00:00,1.0,S
4473,3117,2021-03-20T17:41:35.255000+00:00,1.0,P
4473,3481,2021-03-20T17:41:38.895000+00:00,1.0,S
4474,3117,2021-03-20T17:41:35.255000+00:00,1.0,P
4474,3482,2021-03-20T17:41:38.905000+00:00,1.0,S
4475,3117,2021-03-20T17:41:35.255000+00:00,1.0,P
4475,3482,2021-03-20T17:41:38.905000+00:00,1.0,S
4476,3118,2021-03-20T17:41:35.265000+00:00,1.0,P
4476,3482,2021-03-20T17:41:38.905000+00:00,1.0,S
4477,3118,2021-03-20T17:41:35.265000+00:00,1.0,P
4477,3482,2021-03-20T17:41:38.905000+00:00,1.0,S
4478,3118,2021-03-20T17:41:35.265000+00:00,1.0,P
4478,3482,2021-03-20T17:41:38.905000+00:00,1.0,S
4479,3118,2021-03-20T17:41:35.265000+00:00,1.0,P
4479,3482,2021-03-20T17:41:38.905000+00:00,1.0,S
4480,3118,2021-03-20T17:41:35.265000+00:00,1.0,P
4480,3482,2021-03-20T17:41:38.905000+00:00,1.0,S
4481,3118,2021-03-20T17:41:35.265000+00:00,1.0,P
4481,3483,2021-03-20T17:41:38.915000+00:00,1.0,S
4482,3118,2021-03-20T17:41:35.265000+00:00,1.0,P
4482,3483,2021-03-20T17:41:38.915000+00:00,1.0,S
4483,3118,2021-03-20T17:41:35.265000+00:00,1.0,P
4483,3483,2021-03-20T17:41:38.915000+00:00,1.0,S
4484,3118,2021-03-20T17:41:35.265000+00:00,1.0,P
4484,3483,2021-03-20T17:41:38.915000+00:00,1.0,S
4485,3118,2021-03-20T17:41:35.265000+00:00,1.0,P
4485,3483,2021-03-20T17:41:38.915000+00:00,1.0,S
4486,3118,2021-03-20T17:41:35.265000+00:00,1.0,P
4486,3483,2021-03-20T17:41:38.915000+00:00,1.0,S
4487,3119,2021-03-20T17:41:35.275000+00:00,1.0,P
4487,3483,2021-03-20T17:41:38.915000+00:00,1.0,S
4488,3119,2021-03-20T17:41:35.275000+00:00,1.0,P
4488,3483,2021-03-20T17:41:38.915000+00:00,1.0,S
4489,3119,2021-03-20T17:41:35.275000+00:00,1.0,P
4489,3484,2021-03-20T17:41:38.925000+00:00,1.0,S
4490,3119,2021-03-20T17:41:35.275000+00:00,1.0,P
4490,3484,2021-03-20T17:41:38.925000+00:00,1.0,S
4491,3119,2021-03-20T17:41:35.275000+00:00,1.0,P
4491,3484,2021-03-20T17:41:38.925000+00:00,1.0,S
4492,3119,2021-03-20T17:41:35.275000+00:00,1.0,P
4492,3484,2021-03-20T17:41:38.925000+00:00,1.0,S
4493,3119,2021-03-20T17:41:35.275000+00:00,1.0,P
4493,3484,2021-03-20T17:41:38.925000+00:00,1.0,S
4494,3119,2021-03-20T17:41:35.275000+00:00,1.0,P
4494,3484,2021-03-20T17:41:38.925000+00:00,1.0,S
4495,3119,2021-03-20T17:41:35.275000+00:00,1.0,P
4495,3485,2021-03-20T17:41:38.935000+00:00,1.0,S
4496,3119,2021-03-20T17:41:35.275000+00:00,1.0,P
4496,3485,2021-03-20T17:41:38.935000+00:00,1.0,S
4497,3120,2021-03-20T17:41:35.285000+00:00,1.0,P
4497,3485,2021-03-20T17:41:38.935000+00:00,1.0,S
4498,3120,2021-03-20T17:41:35.285000+00:00,1.0,P
4498,3485,2021-03-20T17:41:38.935000+00:00,1.0,S
4499,3120,2021-03-20T17:41:35.285000+00:00,1.0,P
4499,3485,2021-03-20T17:41:38.935000+00:00,1.0,S
4500,3120,2021-03-20T17:41:35.285000+00:00,1.0,P
4500,3485,2021-03-20T17:41:38.935000+00:00,1.0,S
4501,3120,2021-03-20T17:41:35.285000+00:00,1.0,P
4501,3486,2021-03-20T17:41:38.945000+00:00,1.0,S
4502,3120,2021-03-20T17:41:35.285000+00:00,1.0,P
4502,3486,2021-03-20T17:41:38.945000+00:00,1.0,S
4503,3120,2021-03-20T17:41:35.285000+00:00,1.0,P
4503,3486,2021-03-20T17:41:38.945000+00:00,1.0,S
4504,3120,2021-03-20T17:41:35.285000+00:00,1.0,P
4504,3486,2021-03-20T17:41:38.945000+00:00,1.0,S
4505,3120,2021-03-20T17:41:35.285000+00:00,1.0,P
4505,3486,2021-03-20T17:41:38.945000+00:00,1.0,S
4506,3120,2021-03-20T17:41:35.285000+00:00,1.0,P
4506,3486,2021-03-20T17:41:38.945000+00:00,1.0,S
4507,3121,2021-03-20T17:41:35.295000+00:00,1.0,P
4507,3486,2021-03-20T17:41:38.945000+00:00,1.0,S
4508,3121,2021-03-20T17:41:35.295000+00:00,1.0,P
4508,3487,2021-03-20T17:41:38.955000+00:00,1.0,S
4509,3121,2021-03-20T17:41:35.295000+00:00,1.0,P
4509,3487,2021-03-20T17:41:38.955000+00:00,1.0,S
4510,3121,2021-03-20T17:41:35.295000+00:00,1.0,P
4510,3487,2021-03-20T17:41:38.955000+00:00,1.0,S
4511,3121,2021-03-20T17:41:35.295000+00:00,1.0,P
4511,3487,2021-03-20T17:41:38.955000+00:00,1.0,S
4512,3121,2021-03-20T17:41:35.295000+00:00,1.0,P
4512,3487,2021-03-20T17:41:38.955000+00:00,1.0,S
4513,3121,2021-03-20T17:41:35.295000+00:00,1.0,P
4513,3488,2021-03-20T17:41:38.965000+00:00,1.0,S
4514,3121,2021-03-20T17:41:35.295000+00:00,1.0,P
4514,3488,2021-03-20T17:41:38.965000+00:00,1.0,S
4515,3122,2021-03-20T17:41:35.305000+00:00,1.0,P
4515,3488,2021-03-20T17:41:38.965000+00:00,1.0,S
4516,3122,2021-03-20T17:41:35.305000+00:00,1.0,P
4516,3488,2021-03-20T17:41:38.965000+00:00,1.0,S
4517,3122,2021-03-20T17:41:35.305000+00:00,1.0,P
4517,3488,2021-03-20T17:41:38.965000+00:00,1.0,S
4518,3122,2021-03-20T17:41:35.305000+00:00,1.0,P
4518,3489,2021-03-20T17:41:38.975000+00:00,1.0,S
4519,3122,2021-03-20T17:41:35.305000+00:00,1.0,P
4519,3489,2021-03-20T17:41:38.975000+00:00,1.0,S
4520,3122,2021-03-20T17:41:35.305000+00:00,1.0,P
4520,3489,2021-03-20T17:41:38.975000+00:00,1.0,S
4521,3122,2021-03-20T17:41:35.305000+00:00,1.0,P
4521,3489,2021-03-20T17:41:38.975000+00:00,1.0,S
4522,3122,2021-03-20T17:41:35.305000+00:00,1.0,P
4522,3489,2021-03-20T17:41:38.975000+00:00,1.0,S
4523,3122,2021-03-20T17:41:35.305000+00:00,1.0,P
4523,3489,2021-03-20T17:41:38.975000+00:00,1.0,S
4524,3123,2021-03-20T17:41:35.315000+00:00,1.0,P
4524,3490,2021-03-20T17:41:38.985000+00:00,1.0,S
4525,3123,2021-03-20T17:41:35.315000+00:00,1.0,P
4525,3490,2021-03-20T17:41:38.985000+00:00,1.0,S
4526,3123,2021-03-20T17:41:35.315000+00:00,1.0,P
4526,3490,2021-03-20T17:41:38.985000+00:00,1.0,S
4527,3123,2021-03-20T17:41:35.315000+00:00,1.0,P
4527,3490,2021-03-20T17:41:38.985000+00:00,1.0,S
4528,3123,2021-03-20T17:41:35.315000+00:00,1.0,P
4528,3490,2021-03-20T17:41:38.985000+00:00,1.0,S
4529,3123,2021-03-20T17:41:35.315000+00:00,1.0,P
4529,3491,2021-03-20T17:41:38.995000+00:00,1.0,S
4530,3123,2021-03-20T17:41:35.315000+00:00,1.0,P
4530,3491,2021-03-20T17:41:38.995000+00:00,1.0,S
4531,3123,2021-03-20T17:41:35.315000+00:00,1.0,P
4531,3491,2021-03-20T17:41:38.995000+00:00,1.0,S
4532,3123,2021-03-20T17:41:35.315000+00:00,1.0,P
4532,3491,2021-03-20T17:41:38.995000+00:00,1.0,S
4533,3124,2021-03-20T17:41:35.325000+00:00,1.0,P
4533,3491,2021-03-20T17:41:38.995000+00:00,1.0,S
4534,3124,2021-03-20T17:41:35.325000+00:00,1.0,P
4534,3492,2021-03-20T17:41:39.005000+00:00,1.0,S
4535,3124,2021-03-20T17:41:35.325000+00:00,1.0,P
4535,3492,2021-03-20T17:41:39.005000+00:00,1.0,S
4536,3124,2021-03-20T17:41:35.325000+00:00,1.0,P
4536,3492,2021-03-20T17:41:39.005000+00:00,1.0,S
4537,3124,2021-03-20T17:41:35.325000+00:00,1.0,P
4537,3492,2021-03-20T17:41:39.005000+00:00,1.0,S
4538,3124,2021-03-20T17:41:35.325000+00:00,1.0,P
4538,3492,2021-03-20T17:41:39.005000+00:00,1.0,S
4539,3124,2021-03-20T17:41:35.325000+00:00,1.0,P
4539,3493,2021-03-20T17:41:39.015000+00:00,1.0,S
4540,3124,2021-03-20T17:41:35.325000+00:00,1.0,P
4540,3493,2021-03-20T17:41:39.015000+00:00,1.0,S
4541,3124,2021-03-20T17:41:35.325000+00:00,1.0,P
4541,3493,2021-03-20T17:41:39.015000+00:00,1.0,S
4542,3125,2021-03-20T17:41:35.335000+00:00,1.0,P
4542,3493,2021-03-20T17:41:39.015000+00:00,1.0,S
4543,3125,2021-03-20T17:41:35.335000+00:00,1.0,P
4543,3493,2021-03-20T17:41:39.015000+00:00,1.0,S
4544,3125,2021-03-20T17:41:35.335000+00:00,1.0,P
4544,3494,2021-03-20T17:41:39.025000+00:00,1.0,S
4545,3125,2021-03-20T17:41:35.335000+00:00,1.0,P
4545,3494,2021-03-20T17:41:39.025000+00:00,1.0,S
4546,3125,2021-03-20T17:41:35.335000+00:00,1.0,P
4546,3494,2021-03-20T17:41:39.025000+00:00,1.0,S
4547,3125,2021-03-20T17:41:35.335000+00:00,1.0,P
4547,3494,2021-03-20T17:41:39.025000+00:00,1.0,S
4548,3125,2021-03-20T17:41:35.335000+00:00,1.0,P
4548,3494,2021-03-20T17:41:39.025000+00:00,1.0,S
4549,3125,2021-03-20T17:41:35.335000+00:00,1.0,P
4549,3495,2021-03-20T17:41:39.035000+00:00,1.0,S
4550,3126,2021-03-20T17:41:35.345000+00:00,1.0,P
4550,3495,2021-03-20T17:41:39.035000+00:00,1.0,S
4551,3126,2021-03-20T17:41:35.345000+00:00,1.0,P
4551,3495,2021-03-20T17:41:39.035000+00:00,1.0,S
4552,3126,2021-03-20T17:41:35.345000+00:00,1.0,P
4552,3495,2021-03-20T17:41:39.035000+00:00,1.0,S
4553,3126,2021-03-20T17:41:35.345000+00:00,1.0,P
4553,3495,2021-03-20T17:41:39.035000+00:00,1.0,S
4554,3126,2021-03-20T17:41:35.345000+00:00,1.0,P
4554,3495,2021-03-20T17:41:39.035000+00:00,1.0,S
4555,3126,2021-03-20T17:41:35.345000+00:00,1.0,P
4555,3496,2021-03-20T17:41:39.045000+00:00,1.0,S
4556,3126,2021-03-20T17:41:35.345000+00:00,1.0,P
4556,3496,2021-03-20T17:41:39.045000+00:00,1.0,S
4557,3126,2021-03-20T17:41:35.345000+00:00,1.0,P
4557,3496,2021-03-20T17:41:39.045000+00:00,1.0,S
4558,3126,2021-03-20T17:41:35.345000+00:00,1.0,P
4558,3496,2021-03-20T17:41:39.045000+00:00,1.0,S
4559,3127,2021-03-20T17:41:35.355000+00:00,1.0,P
4559,3496,2021-03-20T17:41:39.045000+00:00,1.0,S
4560,3127,2021-03-20T17:41:35.355000+00:00,1.0,P
4560,3497,2021-03-20T17:41:39.055000+00:00,1.0,S
4561,3127,2021-03-20T17:41:35.355000+00:00,1.0,P
4561,3497,2021-03-20T17:41:39.055000+00:00,1.0,S
4562,3127,2021-03-20T17:41:35.355000+00:00,1.0,P
4562,3497,2021-03-20T17:41:39.055000+00:00,1.0,S
4563,3127,2021-03-20T17:41:35.355000+00:00,1.0,P
4563,3497,2021-03-20T17:41:39.055000+00:00,1.0,S
4564,3127,2021-03-20T17:41:35.355000+00:00,1.0,P
4564,3498,2021-03-20T17:41:39.065000+00:00,1.0,S
4565,3127,2021-03-20T17:41:35.355000+00:00,1.0,P
4565,3498,2021-03-20T17:41:39.065000+00:00,1.0,S
4566,3127,2021-03-20T17:41:35.355000+00:00,1.0,P
4566,3498,2021-03-20T17:41:39.065000+00:00,1.0,S
4567,3127,2021-03-20T17:41:35.355000+00:00,1.0,P
4567,3498,2021-03-20T17:41:39.065000+00:00,1.0,S
4568,3128,2021-03-20T17:41:35.365000+00:00,1.0,P
4568,3499,2021-03-20T17:41:39.075000+00:00,1.0,S
4569,3128,2021-03-20T17:41:35.365000+00:00,1.0,P
4569,3499,2021-03-20T17:41:39.075000+00:00,1.0,S
4570,3128,2021-03-20T17:41:35.365000+00:00,1.0,P
4570,3499,2021-03-20T17:41:39.075000+00:00,1.0,S
4571,3128,2021-03-20T17:41:35.365000+00:00,1.0,P
4571,3499,2021-03-20T17:41:39.075000+00:00,1.0,S
4572,3128,2021-03-20T17:41:35.365000+00:00,1.0,P
4572,3499,2021-03-20T17:41:39.075000+00:00,1.0,S
4573,3128,2021-03-20T17:41:35.365000+00:00,1.0,P
4573,3499,2021-03-20T17:41:39.075000+00:00,1.0,S
4574,3128,2021-03-20T17:41:35.365000+00:00,1.0,P
4574,3500,2021-03-20T17:41:39.085000+00:00,1.0,S
4575,3128,2021-03-20T17:41:35.365000+00:00,1.0,P
4575,3500,2021-03-20T17:41:39.085000+00:00,1.0,S
4576,3128,2021-03-20T17:41:35.365000+00:00,1.0,P
4576,3500,2021-03-20T17:41:39.085000+00:00,1.0,S
4577,3128,2021-03-20T17:41:35.365000+00:00,1.0,P
4577,3500,2021-03-20T17:41:39.085000+00:00,1.0,S
4578,3128,2021-03-20T17:41:35.365000+00:00,1.0,P
4578,3500,2021-03-20T17:41:39.085000+00:00,1.0,S
4579,3128,2021-03-20T17:41:35.365000+00:00,1.0,P
4579,3500,2021-03-20T17:41:39.085000+00:00,1.0,S
4580,3128,2021-03-20T17:41:35.365000+00:00,1.0,P
4580,3500,2021-03-20T17:41:39.085000+00:00,1.0,S
4581,3128,2021-03-20T17:41:35.365000+00:00,1.0,P
4581,3500,2021-03-20T17:41:39.085000+00:00,1.0,S
4582,3128,2021-03-20T17:41:35.365000+00:00,1.0,P
4582,3501,2021-03-20T17:41:39.095000+00:00,1.0,S
4583,3129,2021-03-20T17:41:35.375000+00:00,1.0,P
4583,3501,2021-03-20T17:41:39.095000+00:00,1.0,S
4584,3129,2021-03-20T17:41:35.375000+00:00,1.0,P
4584,3501,2021-03-20T17:41:39.095000+00:00,1.0,S
4585,3129,2021-03-20T17:41:35.375000+00:00,1.0,P
4585,3501,2021-03-20T17:41:39.095000+00:00,1.0,S
4586,3129,2021-03-20T17:41:35.375000+00:00,1.0,P
4586,3501,2021-03-20T17:41:39.095000+00:00,1.0,S
4587,3129,2021-03-20T17:41:35.375000+00:00,1.0,P
4587,3501,2021-03-20T17:41:39.095000+00:00,1.0,S
4588,3129,2021-03-20T17:41:35.375000+00:00,1.0,P
4588,3501,2021-03-20T17:41:39.095000+00:00,1.0,S
4589,3129,2021-03-20T17:41:35.375000+00:00,1.0,P
4589,3501,2021-03-20T17:41:39.095000+00:00,1.0,S
4590,3129,2021-03-20T17:41:35.375000+00:00,1.0,P
4590,3501,2021-03-20T17:41:39.095000+00:00,1.0,S
4591,3129,2021-03-20T17:41:35.375000+00:00,1.0,P
4591,3502,2021-03-20T17:41:39.105000+00:00,1.0,S
4592,3129,2021-03-20T17:41:35.375000+00:00,1.0,P
4592,3502,2021-03-20T17:41:39.105000+00:00,1.0,S
4593,3129,2021-03-20T17:41:35.375000+00:00,1.0,P
4593,3502,2021-03-20T17:41:39.105000+00:00,1.0,S
4594,3129,2021-03-20T17:41:35.375000+00:00,1.0,P
4594,3502,2021-03-20T17:41:39.105000+00:00,1.0,S
4595,3129,2021-03-20T17:41:35.375000+00:00,1.0,P
4595,3502,2021-03-20T17:41:39.105000+00:00,1.0,S
4596,3129,2021-03-20T17:41:35.375000+00:00,1.0,P
4596,3502,2021-03-20T17:41:39.105000+00:00,1.0,S
4597,3129,2021-03-20T17:41:35.375000+00:00,1.0,P
4597,3502,2021-03-20T17:41:39.105000+00:00,1.0,S
4598,3129,2021-03-20T17:41:35.375000+00:00,1.0,P
4598,3502,2021-03-20T17:41:39.105000+00:00,1.0,S
4599,3129,2021-03-20T17:41:35.375000+00:00,1.0,P
4599,3502,2021-03-20T17:41:39.105000+00:00,1.0,S
4600,3129,2021-03-20T17:41:35.375000+00:00,1.0,P
4600,3502,2021-03-20T17:41:39.105000+00:00,1.0,S
4601,3130,2021-03-20T17:41:35.385000+00:00,1.0,P
4601,3502,2021-03-20T17:41:39.105000+00:00,1.0,S
4602,3130,2021-03-20T17:41:35.385000+00:00,1.0,P
4602,3502,2021-03-20T17:41:39.105000+00:00,1.0,S
4603,3130,2021-03-20T17:41:35.385000+00:00,1.0,P
4603,3502,2021-03-20T17:41:39.105000+00:00,1.0,S
4604,3130,2021-03-20T17:41:35.385000+00:00,1.0,P
4604,3502,2021-03-20T17:41:39.105000+00:00,1.0,S
4605,3130,2021-03-20T17:41:35.385000+00:00,1.0,P
4605,3502,2021-03-20T17:41:39.105000+00:00,1.0,S
4606,3130,2021-03-20T17:41:35.385000+00:00,1.0,P
4606,3502,2021-03-20T17:41:39.105000+00:00,1.0,S
4607,3130,2021-03-20T17:41:35.385000+00:00,1.0,P
4607,3502,2021-03-20T17:41:39.105000+00:00,1.0,S
4608,3130,2021-03-20T17:41:35.385000+00:00,1.0,P
4608,3503,2021-03-20T17:41:39.115000+00:00,1.0,S
4609,3130,2021-03-20T17:41:35.385000+00:00,1.0,P
4609,3503,2021-03-20T17:41:39.115000+00:00,1.0,S
4610,3130,2021-03-20T17:41:35.385000+00:00,1.0,P
4610,3503,2021-03-20T17:41:39.115000+00:00,1.0,S
4611,3130,2021-03-20T17:41:35.385000+00:00,1.0,P
4611,3503,2021-03-20T17:41:39.115000+00:00,1.0,S
4612,3130,2021-03-20T17:41:35.385000+00:00,1.0,P
4612,3503,2021-03-20T17:41:39.115000+00:00,1.0,S
4613,3130,2021-03-20T17:41:35.385000+00:00,1.0,P
4613,3503,2021-03-20T17:41:39.115000+00:00,1.0,S
4614,3130,2021-03-20T17:41:35.385000+00:00,1.0,P
4614,3503,2021-03-20T17:41:39.115000+00:00,1.0,S
4615,3130,2021-03-20T17:41:35.385000+00:00,1.0,P
4615,3503,2021-03-20T17:41:39.115000+00:00,1.0,S
4616,3130,2021-03-20T17:41:35.385000+00:00,1.0,P
4616,3503,2021-03-20T17:41:39.115000+00:00,1.0,S
4617,3130,2021-03-20T17:41:35.385000+00:00,1.0,P
4617,3503,2021-03-20T17:41:39.115000+00:00,1.0,S
4618,3130,2021-03-20T17:41:35.385000+00:00,1.0,P
4618,3503,2021-03-20T17:41:39.115000+00:00,1.0,S
4619,3131,2021-03-20T17:41:35.395000+00:00,1.0,P
4619,3503,2021-03-20T17:41:39.115000+00:00,1.0,S
4620,3131,2021-03-20T17:41:35.395000+00:00,1.0,P
4620,3503,2021-03-20T17:41:39.115000+00:00,1.0,S
4621,3131,2021-03-20T17:41:35.395000+00:00,1.0,P
4621,3503,2021-03-20T17:41:39.115000+00:00,1.0,S
4622,3131,2021-03-20T17:41:35.395000+00:00,1.0,P
4622,3503,2021-03-20T17:41:39.115000+00:00,1.0,S
4623,3131,2021-03-20T17:41:35.395000+00:00,1.0,P
4623,3503,2021-03-20T17:41:39.115000+00:00,1.0,S
4624,3131,2021-03-20T17:41:35.395000+00:00,1.0,P
4624,3503,2021-03-20T17:41:39.115000+00:00,1.0,S
4625,3131,2021-03-20T17:41:35.395000+00:00,1.0,P
4625,3503,2021-03-20T17:41:39.115000+00:00,1.0,S
4626,3131,2021-03-20T17:41:35.395000+00:00,1.0,P
4626,3503,2021-03-20T17:41:39.115000+00:00,1.0,S
4627,3131,2021-03-20T17:41:35.395000+00:00,1.0,P
4627,3503,2021-03-20T17:41:39.115000+00:00,1.0,S
4628,3131,2021-03-20T17:41:35.395000+00:00,1.0,P
4628,3504,2021-03-20T17:41:39.125000+00:00,1.0,S
4629,3131,2021-03-20T17:41:35.395000+00:00,1.0,P
4629,3504,2021-03-20T17:41:39.125000+00:00,1.0,S
4630,3131,2021-03-20T17:41:35.395000+00:00,1.0,P
4630,3504,2021-03-20T17:41:39.125000+00:00,1.0,S
4631,3131,2021-03-20T17:41:35.395000+00:00,1.0,P
4631,3504,2021-03-20T17:41:39.125000+00:00,1.0,S
4632,3131,2021-03-20T17:41:35.395000+00:00,1.0,P
4632,3504,2021-03-20T17:41:39.125000+00:00,1.0,S
4633,3131,2021-03-20T17:41:35.395000+00:00,1.0,P
4633,3504,2021-03-20T17:41:39.125000+00:00,1.0,S
4634,3131,2021-03-20T17:41:35.395000+00:00,1.0,P
4634,3504,2021-03-20T17:41:39.125000+00:00,1.0,S
4635,3131,2021-03-20T17:41:35.395000+00:00,1.0,P
4635,3504,2021-03-20T17:41:39.125000+00:00,1.0,S
4636,3132,2021-03-20T17:41:35.405000+00:00,1.0,P
4636,3504,2021-03-20T17:41:39.125000+00:00,1.0,S
4637,3132,2021-03-20T17:41:35.405000+00:00,1.0,P
4637,3505,2021-03-20T17:41:39.135000+00:00,1.0,S
4638,3132,2021-03-20T17:41:35.405000+00:00,1.0,P
4638,3505,2021-03-20T17:41:39.135000+00:00,1.0,S
4639,3132,2021-03-20T17:41:35.405000+00:00,1.0,P
4639,3505,2021-03-20T17:41:39.135000+00:00,1.0,S
4640,3132,2021-03-20T17:41:35.405000+00:00,1.0,P
4640,3505,2021-03-20T17:41:39.135000+00:00,1.0,S
4641,3132,2021-03-20T17:41:35.405000+00:00,1.0,P
4641,3505,2021-03-20T17:41:39.135000+00:00,1.0,S
4642,3132,2021-03-20T17:41:35.405000+00:00,1.0,P
4642,3505,2021-03-20T17:41:39.135000+00:00,1.0,S
4643,3132,2021-03-20T17:41:35.405000+00:00,1.0,P
4643,3505,2021-03-20T17:41:39.135000+00:00,1.0,S
4644,3132,2021-03-20T17:41:35.405000+00:00,1.0,P
4644,3505,2021-03-20T17:41:39.135000+00:00,1.0,S
4645,3132,2021-03-20T17:41:35.405000+00:00,1.0,P
4645,3505,2021-03-20T17:41:39.135000+00:00,1.0,S
4646,3132,2021-03-20T17:41:35.405000+00:00,1.0,P
4646,3505,2021-03-20T17:41:39.135000+00:00,1.0,S
4647,3132,2021-03-20T17:41:35.405000+00:00,1.0,P
4647,3505,2021-03-20T17:41:39.135000+00:00,1.0,S
4648,3132,2021-03-20T17:41:35.405000+00:00,1.0,P
4648,3505,2021-03-20T17:41:39.135000+00:00,1.0,S
4649,3132,2021-03-20T17:41:35.405000+00:00,1.0,P
4649,3505,2021-03-20T17:41:39.135000+00:00,1.0,S
4650,3132,2021-03-20T17:41:35.405000+00:00,1.0,P
4650,3505,2021-03-20T17:41:39.135000+00:00,1.0,S
4651,3132,2021-03-20T17:41:35.405000+00:00,1.0,P
4651,3505,2021-03-20T17:41:39.135000+00:00,1.0,S
4652,3132,2021-03-20T17:41:35.405000+00:00,1.0,P
4652,3505,2021-03-20T17:41:39.135000+00:00,1.0,S
4653,3132,2021-03-20T17:41:35.405000+00:00,1.0,P
4653,3505,2021-03-20T17:41:39.135000+00:00,1.0,S
4654,3132,2021-03-20T17:41:35.405000+00:00,1.0,P
4654,3505,2021-03-20T17:41:39.135000+00:00,1.0,S
4655,3133,2021-03-20T17:41:35.415000+00:00,1.0,P
4655,3505,2021-03-20T17:41:39.135000+00:00,1.0,S
4656,3133,2021-03-20T17:41:35.415000+00:00,1.0,P
4656,3505,2021-03-20T17:41:39.135000+00:00,1.0,S
4657,3133,2021-03-20T17:41:35.415000+00:00,1.0,P
4657,3505,2021-03-20T17:41:39.135000+00:00,1.0,S
4658,3133,2021-03-20T17:41:35.415000+00:00,1.0,P
4658,3505,2021-03-20T17:41:39.135000+00:00,1.0,S
4659,3133,2021-03-20T17:41:35.415000+00:00,1.0,P
4659,3506,2021-03-20T17:41:39.145000+00:00,1.0,S
4660,3133,2021-03-20T17:41:35.415000+00:00,1.0,P
4660,3506,2021-03-20T17:41:39.145000+00:00,1.0,S
4661,3133,2021-03-20T17:41:35.415000+00:00,1.0,P
4661,3506,2021-03-20T17:41:39.145000+00:00,1.0,S
4662,3133,2021-03-20T17:41:35.415000+00:00,1.0,P
4662,3506,2021-03-20T17:41:39.145000+00:00,1.0,S
4663,3133,2021-03-20T17:41:35.415000+00:00,1.0,P
4663,3506,2021-03-20T17:41:39.145000+00:00,1.0,S
4664,3133,2021-03-20T17:41:35.415000+00:00,1.0,P
4664,3506,2021-03-20T17:41:39.145000+00:00,1.0,S
4665,3133,2021-03-20T17:41:35.415000+00:00,1.0,P
4665,3506,2021-03-20T17:41:39.145000+00:00,1.0,S
4666,3133,2021-03-20T17:41:35.415000+00:00,1.0,P
4666,3506,2021-03-20T17:41:39.145000+00:00,1.0,S
4667,3133,2021-03-20T17:41:35.415000+00:00,1.0,P
4667,3506,2021-03-20T17:41:39.145000+00:00,1.0,S
4668,3133,2021-03-20T17:41:35.415000+00:00,1.0,P
4668,3506,2021-03-20T17:41:39.145000+00:00,1.0,S
4669,3133,2021-03-20T17:41:35.415000+00:00,1.0,P
4669,3506,2021-03-20T17:41:39.145000+00:00,1.0,S
