channel_index,phase_index,phase_time,phase_score,phase_type
0,3100,2021-03-20T17:55:24.240000+00:00,1.0,P
0,3449,2021-03-20T17:55:27.730000+00:00,1.0,S
1,3100,2021-03-20T17:55:24.240000+00:00,1.0,P
1,3449,2021-03-20T17:55:27.730000+00:00,1.0,S
2,3100,2021-03-20T17:55:24.240000+00:00,1.0,P
2,3449,2021-03-20T17:55:27.730000+00:00,1.0,S
3,3100,2021-03-20T17:55:24.240000+00:00,1.0,P
3,3449,2021-03-20T17:55:27.730000+00:00,1.0,S
4,3100,2021-03-20T17:55:24.240000+00:00,1.0,P
4,3449,2021-03-20T17:55:27.730000+00:00,1.0,S
5,3100,2021-03-20T17:55:24.240000+00:00,1.0,P
5,3449,2021-03-20T17:55:27.730000+00:00,1.0,S
6,3100,2021-03-20T17:55:24.240000+00:00,1.0,P
6,3449,2021-03-20T17:55:27.730000+00:00,1.0,S
7,3100,2021-03-20T17:55:24.240000+00:00,1.0,P
7,3448,2021-03-20T17:55:27.720000+00:00,1.0,S
8,3100,2021-03-20T17:55:24.240000+00:00,1.0,P
8,3448,2021-03-20T17:55:27.720000+00:00,1.0,S
9,3100,2021-03-20T17:55:24.240000+00:00,1.0,P
9,3448,2021-03-20T17:55:27.720000+00:00,1.0,S
10,3100,2021-03-20T17:55:24.240000+00:00,1.0,P
10,3448,2021-03-20T17:55:27.720000+00:00,1.0,S
11,3100,2021-03-20T17:55:24.240000+00:00,1.0,P
11,3448,2021-03-20T17:55:27.720000+00:00,1.0,S
12,3100,2021-03-20T17:55:24.240000+00:00,1.0,P
12,3448,2021-03-20T17:55:27.720000+00:00,1.0,S
13,3100,2021-03-20T17:55:24.240000+00:00,1.0,P
13,3448,2021-03-20T17:55:27.720000+00:00,1.0,S
14,3100,2021-03-20T17:55:24.240000+00:00,1.0,P
14,3448,2021-03-20T17:55:27.720000+00:00,1.0,S
15,3100,2021-03-20T17:55:24.240000+00:00,1.0,P
15,3448,2021-03-20T17:55:27.720000+00:00,1.0,S
16,3099,2021-03-20T17:55:24.230000+00:00,1.0,P
16,3447,2021-03-20T17:55:27.710000+00:00,1.0,S
17,3099,2021-03-20T17:55:24.230000+00:00,1.0,P
17,3447,2021-03-20T17:55:27.710000+00:00,1.0,S
18,3099,2021-03-20T17:55:24.230000+00:00,1.0,P
18,3447,2021-03-20T17:55:27.710000+00:00,1.0,S
19,3099,2021-03-20T17:55:24.230000+00:00,1.0,P
19,3447,2021-03-20T17:55:27.710000+00:00,1.0,S
20,3099,2021-03-20T17:55:24.230000+00:00,1.0,P
20,3446,2021-03-20T17:55:27.700000+00:00,1.0,S
21,3099,2021-03-20T17:55:24.230000+00:00,1.0,P
21,3446,2021-03-20T17:55:27.700000+00:00,1.0,S
22,3099,2021-03-20T17:55:24.230000+00:00,1.0,P
22,3446,2021-03-20T17:55:27.700000+00:00,1.0,S
23,3099,2021-03-20T17:55:24.230000+00:00,1.0,P
23,3446,2021-03-20T17:55:27.700000+00:00,1.0,S
24,3099,2021-03-20T17:55:24.230000+00:00,1.0,P
24,3446,2021-03-20T17:55:27.700000+00:00,1.0,S
25,3099,2021-03-20T17:55:24.230000+00:00,1.0,P
25,3446,2021-03-20T17:55:27.700000+00:00,1.0,S
26,3099,2021-03-20T17:55:24.230000+00:00,1.0,P
26,3445,2021-03-20T17:55:27.690000+00:00,1.0,S
27,3099,2021-03-20T17:55:24.230000+00:00,1.0,P
27,3445,2021-03-20T17:55:27.690000+00:00,1.0,S
28,3099,2021-03-20T17:55:24.230000+00:00,1.0,P
28,3445,2021-03-20T17:55:27.690000+00:00,1.0,S
29,3099,2021-03-20T17:55:24.230000+00:00,1.0,P
29,3445,2021-03-20T17:55:27.690000+00:00,1.0,S
30,3099,2021-03-20T17:55:24.230000+00:00,1.0,P
30,3445,2021-03-20T17:55:27.690000+00:00,1.0,S
31,3099,2021-03-20T17:55:24.230000+00:00,1.0,P
31,3445,2021-03-20T17:55:27.690000+00:00,1.0,S
32,3099,2021-03-20T17:55:24.230000+00:00,1.0,P
32,3445,2021-03-20T17:55:27.690000+00:00,1.0,S
33,3099,2021-03-20T17:55:24.230000+00:00,1.0,P
33,3445,2021-03-20T17:55:27.690000+00:00,1.0,S
34,3099,2021-03-20T17:55:24.230000+00:00,1.0,P
34,3445,2021-03-20T17:55:27.690000+00:00,1.0,S
35,3099,2021-03-20T17:55:24.230000+00:00,1.0,P
35,3445,2021-03-20T17:55:27.690000+00:00,1.0,S
36,3099,2021-03-20T17:55:24.230000+00:00,1.0,P
36,3445,2021-03-20T17:55:27.690000+00:00,1.0,S
37,3098,2021-03-20T17:55:24.220000+00:00,1.0,P
37,3445,2021-03-20T17:55:27.690000+00:00,1.0,S
38,3098,2021-03-20T17:55:24.220000+00:00,1.0,P
38,3445,2021-03-20T17:55:27.690000+00:00,1.0,S
39,3098,2021-03-20T17:55:24.220000+00:00,1.0,P
39,3445,2021-03-20T17:55:27.690000+00:00,1.0,S
40,3098,2021-03-20T17:55:24.220000+00:00,1.0,P
40,3445,2021-03-20T17:55:27.690000+00:00,1.0,S
41,3098,2021-03-20T17:55:24.220000+00:00,1.0,P
41,3445,2021-03-20T17:55:27.690000+00:00,1.0,S
42,3098,2021-03-20T17:55:24.220000+00:00,1.0,P
42,3445,2021-03-20T17:55:27.690000+00:00,1.0,S
43,3098,2021-03-20T17:55:24.220000+00:00,1.0,P
43,3445,2021-03-20T17:55:27.690000+00:00,1.0,S
44,3098,2021-03-20T17:55:24.220000+00:00,1.0,P
44,3444,2021-03-20T17:55:27.680000+00:00,1.0,S
45,3098,2021-03-20T17:55:24.220000+00:00,1.0,P
45,3444,2021-03-20T17:55:27.680000+00:00,1.0,S
46,3098,2021-03-20T17:55:24.220000+00:00,1.0,P
46,3444,2021-03-20T17:55:27.680000+00:00,1.0,S
47,3098,2021-03-20T17:55:24.220000+00:00,1.0,P
47,3444,2021-03-20T17:55:27.680000+00:00,1.0,S
48,3098,2021-03-20T17:55:24.220000+00:00,1.0,P
48,3444,2021-03-20T17:55:27.680000+00:00,1.0,S
49,3098,2021-03-20T17:55:24.220000+00:00,1.0,P
49,3444,2021-03-20T17:55:27.680000+00:00,1.0,S
50,3098,2021-03-20T17:55:24.220000+00:00,1.0,P
50,3444,2021-03-20T17:55:27.680000+00:00,1.0,S
51,3098,2021-03-20T17:55:24.220000+00:00,1.0,P
51,3443,2021-03-20T17:55:27.670000+00:00,1.0,S
52,3098,2021-03-20T17:55:24.220000+00:00,1.0,P
52,3443,2021-03-20T17:55:27.670000+00:00,1.0,S
53,3098,2021-03-20T17:55:24.220000+00:00,1.0,P
53,3443,2021-03-20T17:55:27.670000+00:00,1.0,S
54,3098,2021-03-20T17:55:24.220000+00:00,1.0,P
54,3443,2021-03-20T17:55:27.670000+00:00,1.0,S
55,3098,2021-03-20T17:55:24.220000+00:00,1.0,P
55,3443,2021-03-20T17:55:27.670000+00:00,1.0,S
56,3097,2021-03-20T17:55:24.210000+00:00,1.0,P
56,3443,2021-03-20T17:55:27.670000+00:00,1.0,S
57,3097,2021-03-20T17:55:24.210000+00:00,1.0,P
57,3443,2021-03-20T17:55:27.670000+00:00,1.0,S
58,3097,2021-03-20T17:55:24.210000+00:00,1.0,P
58,3442,2021-03-20T17:55:27.660000+00:00,1.0,S
59,3097,2021-03-20T17:55:24.210000+00:00,1.0,P
59,3442,2021-03-20T17:55:27.660000+00:00,1.0,S
60,3097,2021-03-20T17:55:24.210000+00:00,1.0,P
60,3442,2021-03-20T17:55:27.660000+00:00,1.0,S
61,3097,2021-03-20T17:55:24.210000+00:00,1.0,P
61,3442,2021-03-20T17:55:27.660000+00:00,1.0,S
62,3097,2021-03-20T17:55:24.210000+00:00,1.0,P
62,3442,2021-03-20T17:55:27.660000+00:00,1.0,S
63,3097,2021-03-20T17:55:24.210000+00:00,1.0,P
63,3441,2021-03-20T17:55:27.650000+00:00,1.0,S
64,3097,2021-03-20T17:55:24.210000+00:00,1.0,P
64,3441,2021-03-20T17:55:27.650000+00:00,1.0,S
65,3097,2021-03-20T17:55:24.210000+00:00,1.0,P
65,3441,2021-03-20T17:55:27.650000+00:00,1.0,S
66,3097,2021-03-20T17:55:24.210000+00:00,1.0,P
66,3441,2021-03-20T17:55:27.650000+00:00,1.0,S
67,3097,2021-03-20T17:55:24.210000+00:00,1.0,P
67,3441,2021-03-20T17:55:27.650000+00:00,1.0,S
68,3097,2021-03-20T17:55:24.210000+00:00,1.0,P
68,3441,2021-03-20T17:55:27.650000+00:00,1.0,S
69,3097,2021-03-20T17:55:24.210000+00:00,1.0,P
69,3440,2021-03-20T17:55:27.640000+00:00,1.0,S
70,3097,2021-03-20T17:55:24.210000+00:00,1.0,P
70,3440,2021-03-20T17:55:27.640000+00:00,1.0,S
71,3097,2021-03-20T17:55:24.210000+00:00,1.0,P
71,3440,2021-03-20T17:55:27.640000+00:00,1.0,S
72,3097,2021-03-20T17:55:24.210000+00:00,1.0,P
72,3440,2021-03-20T17:55:27.640000+00:00,1.0,S
73,3097,2021-03-20T17:55:24.210000+00:00,1.0,P
73,3440,2021-03-20T17:55:27.640000+00:00,1.0,S
74,3097,2021-03-20T17:55:24.210000+00:00,1.0,P
74,3439,2021-03-20T17:55:27.630000+00:00,1.0,S
75,3096,2021-03-20T17:55:24.200000+00:00,1.0,P
75,3439,2021-03-20T17:55:27.630000+00:00,1.0,S
76,3096,2021-03-20T17:55:24.200000+00:00,1.0,P
76,3439,2021-03-20T17:55:27.630000+00:00,1.0,S
77,3096,2021-03-20T17:55:24.200000+00:00,1.0,P
77,3439,2021-03-20T17:55:27.630000+00:00,1.0,S
78,3096,2021-03-20T17:55:24.200000+00:00,1.0,P
78,3438,2021-03-20T17:55:27.620000+00:00,1.0,S
79,3096,2021-03-20T17:55:24.200000+00:00,1.0,P
79,3438,2021-03-20T17:55:27.620000+00:00,1.0,S
80,3096,2021-03-20T17:55:24.200000+00:00,1.0,P
80,3438,2021-03-20T17:55:27.620000+00:00,1.0,S
81,3096,2021-03-20T17:55:24.200000+00:00,1.0,P
81,3438,2021-03-20T17:55:27.620000+00:00,1.0,S
82,3096,2021-03-20T17:55:24.200000+00:00,1.0,P
82,3437,2021-03-20T17:55:27.610000+00:00,1.0,S
83,3096,2021-03-20T17:55:24.200000+00:00,1.0,P
83,3437,2021-03-20T17:55:27.610000+00:00,1.0,S
84,3096,2021-03-20T17:55:24.200000+00:00,1.0,P
84,3437,2021-03-20T17:55:27.610000+00:00,1.0,S
85,3096,2021-03-20T17:55:24.200000+00:00,1.0,P
85,3437,2021-03-20T17:55:27.610000+00:00,1.0,S
86,3096,2021-03-20T17:55:24.200000+00:00,1.0,P
86,3437,2021-03-20T17:55:27.610000+00:00,1.0,S
87,3096,2021-03-20T17:55:24.200000+00:00,1.0,P
87,3437,2021-03-20T17:55:27.610000+00:00,1.0,S
88,3096,2021-03-20T17:55:24.200000+00:00,1.0,P
88,3437,2021-03-20T17:55:27.610000+00:00,1.0,S
89,3096,2021-03-20T17:55:24.200000+00:00,1.0,P
89,3437,2021-03-20T17:55:27.610000+00:00,1.0,S
90,3096,2021-03-20T17:55:24.200000+00:00,1.0,P
90,3437,2021-03-20T17:55:27.610000+00:00,1.0,S
91,3096,2021-03-20T17:55:24.200000+00:00,1.0,P
91,3437,2021-03-20T17:55:27.610000+00:00,1.0,S
92,3096,2021-03-20T17:55:24.200000+00:00,1.0,P
92,3437,2021-03-20T17:55:27.610000+00:00,1.0,S
93,3096,2021-03-20T17:55:24.200000+00:00,1.0,P
93,3437,2021-03-20T17:55:27.610000+00:00,1.0,S
94,3096,2021-03-20T17:55:24.200000+00:00,1.0,P
94,3437,2021-03-20T17:55:27.610000+00:00,1.0,S
95,3096,2021-03-20T17:55:24.200000+00:00,1.0,P
95,3437,2021-03-20T17:55:27.610000+00:00,1.0,S
96,3096,2021-03-20T17:55:24.200000+00:00,1.0,P
96,3437,2021-03-20T17:55:27.610000+00:00,1.0,S
97,3096,2021-03-20T17:55:24.200000+00:00,1.0,P
97,3437,2021-03-20T17:55:27.610000+00:00,1.0,S
98,3096,2021-03-20T17:55:24.200000+00:00,1.0,P
98,3437,2021-03-20T17:55:27.610000+00:00,1.0,S
99,3095,2021-03-20T17:55:24.190000+00:00,1.0,P
99,3437,2021-03-20T17:55:27.610000+00:00,1.0,S
100,3095,2021-03-20T17:55:24.190000+00:00,1.0,P
100,3437,2021-03-20T17:55:27.610000+00:00,1.0,S
101,3095,2021-03-20T17:55:24.190000+00:00,1.0,P
101,3437,2021-03-20T17:55:27.610000+00:00,1.0,S
102,3095,2021-03-20T17:55:24.190000+00:00,1.0,P
102,3437,2021-03-20T17:55:27.610000+00:00,1.0,S
103,3095,2021-03-20T17:55:24.190000+00:00,1.0,P
103,3437,2021-03-20T17:55:27.610000+00:00,1.0,S
104,3095,2021-03-20T17:55:24.190000+00:00,1.0,P
104,3437,2021-03-20T17:55:27.610000+00:00,1.0,S
105,3095,2021-03-20T17:55:24.190000+00:00,1.0,P
105,3436,2021-03-20T17:55:27.600000+00:00,1.0,S
106,3095,2021-03-20T17:55:24.190000+00:00,1.0,P
106,3436,2021-03-20T17:55:27.600000+00:00,1.0,S
107,3095,2021-03-20T17:55:24.190000+00:00,1.0,P
107,3436,2021-03-20T17:55:27.600000+00:00,1.0,S
108,3095,2021-03-20T17:55:24.190000+00:00,1.0,P
108,3436,2021-03-20T17:55:27.600000+00:00,1.0,S
109,3095,2021-03-20T17:55:24.190000+00:00,1.0,P
109,3436,2021-03-20T17:55:27.600000+00:00,1.0,S
110,3095,2021-03-20T17:55:24.190000+00:00,1.0,P
110,3436,2021-03-20T17:55:27.600000+00:00,1.0,S
111,3095,2021-03-20T17:55:24.190000+00:00,1.0,P
111,3436,2021-03-20T17:55:27.600000+00:00,1.0,S
112,3094,2021-03-20T17:55:24.180000+00:00,1.0,P
112,3435,2021-03-20T17:55:27.590000+00:00,1.0,S
113,3094,2021-03-20T17:55:24.180000+00:00,1.0,P
113,3435,2021-03-20T17:55:27.590000+00:00,1.0,S
114,3094,2021-03-20T17:55:24.180000+00:00,1.0,P
114,3435,2021-03-20T17:55:27.590000+00:00,1.0,S
115,3094,2021-03-20T17:55:24.180000+00:00,1.0,P
115,3435,2021-03-20T17:55:27.590000+00:00,1.0,S
116,3094,2021-03-20T17:55:24.180000+00:00,1.0,P
116,3435,2021-03-20T17:55:27.590000+00:00,1.0,S
117,3094,2021-03-20T17:55:24.180000+00:00,1.0,P
117,3435,2021-03-20T17:55:27.590000+00:00,1.0,S
118,3094,2021-03-20T17:55:24.180000+00:00,1.0,P
118,3434,2021-03-20T17:55:27.580000+00:00,1.0,S
119,3094,2021-03-20T17:55:24.180000+00:00,1.0,P
119,3434,2021-03-20T17:55:27.580000+00:00,1.0,S
120,3094,2021-03-20T17:55:24.180000+00:00,1.0,P
120,3434,2021-03-20T17:55:27.580000+00:00,1.0,S
121,3094,2021-03-20T17:55:24.180000+00:00,1.0,P
121,3434,2021-03-20T17:55:27.580000+00:00,1.0,S
122,3093,2021-03-20T17:55:24.170000+00:00,1.0,P
122,3434,2021-03-20T17:55:27.580000+00:00,1.0,S
123,3093,2021-03-20T17:55:24.170000+00:00,1.0,P
123,3433,2021-03-20T17:55:27.570000+00:00,1.0,S
124,3093,2021-03-20T17:55:24.170000+00:00,1.0,P
124,3433,2021-03-20T17:55:27.570000+00:00,1.0,S
125,3093,2021-03-20T17:55:24.170000+00:00,1.0,P
125,3433,2021-03-20T17:55:27.570000+00:00,1.0,S
126,3093,2021-03-20T17:55:24.170000+00:00,1.0,P
126,3433,2021-03-20T17:55:27.570000+00:00,1.0,S
127,3093,2021-03-20T17:55:24.170000+00:00,1.0,P
127,3432,2021-03-20T17:55:27.560000+00:00,1.0,S
128,3093,2021-03-20T17:55:24.170000+00:00,1.0,P
128,3432,2021-03-20T17:55:27.560000+00:00,1.0,S
129,3093,2021-03-20T17:55:24.170000+00:00,1.0,P
129,3432,2021-03-20T17:55:27.560000+00:00,1.0,S
130,3093,2021-03-20T17:55:24.170000+00:00,1.0,P
130,3432,2021-03-20T17:55:27.560000+00:00,1.0,S
131,3092,2021-03-20T17:55:24.160000+00:00,1.0,P
131,3432,2021-03-20T17:55:27.560000+00:00,1.0,S
132,3092,2021-03-20T17:55:24.160000+00:00,1.0,P
132,3431,2021-03-20T17:55:27.550000+00:00,1.0,S
133,3092,2021-03-20T17:55:24.160000+00:00,1.0,P
133,3431,2021-03-20T17:55:27.550000+00:00,1.0,S
134,3092,2021-03-20T17:55:24.160000+00:00,1.0,P
134,3430,2021-03-20T17:55:27.540000+00:00,1.0,S
135,3092,2021-03-20T17:55:24.160000+00:00,1.0,P
135,3430,2021-03-20T17:55:27.540000+00:00,1.0,S
136,3092,2021-03-20T17:55:24.160000+00:00,1.0,P
136,3430,2021-03-20T17:55:27.540000+00:00,1.0,S
137,3092,2021-03-20T17:55:24.160000+00:00,1.0,P
137,3430,2021-03-20T17:55:27.540000+00:00,1.0,S
138,3092,2021-03-20T17:55:24.160000+00:00,1.0,P
138,3429,2021-03-20T17:55:27.530000+00:00,1.0,S
139,3092,2021-03-20T17:55:24.160000+00:00,1.0,P
139,3429,2021-03-20T17:55:27.530000+00:00,1.0,S
140,3091,2021-03-20T17:55:24.150000+00:00,1.0,P
140,3429,2021-03-20T17:55:27.530000+00:00,1.0,S
141,3091,2021-03-20T17:55:24.150000+00:00,1.0,P
141,3428,2021-03-20T17:55:27.520000+00:00,1.0,S
142,3091,2021-03-20T17:55:24.150000+00:00,1.0,P
142,3428,2021-03-20T17:55:27.520000+00:00,1.0,S
143,3091,2021-03-20T17:55:24.150000+00:00,1.0,P
143,3428,2021-03-20T17:55:27.520000+00:00,1.0,S
144,3091,2021-03-20T17:55:24.150000+00:00,1.0,P
144,3427,2021-03-20T17:55:27.510000+00:00,1.0,S
145,3091,2021-03-20T17:55:24.150000+00:00,1.0,P
145,3427,2021-03-20T17:55:27.510000+00:00,1.0,S
146,3091,2021-03-20T17:55:24.150000+00:00,1.0,P
146,3427,2021-03-20T17:55:27.510000+00:00,1.0,S
147,3091,2021-03-20T17:55:24.150000+00:00,1.0,P
147,3427,2021-03-20T17:55:27.510000+00:00,1.0,S
148,3090,2021-03-20T17:55:24.140000+00:00,1.0,P
148,3426,2021-03-20T17:55:27.499999+00:00,1.0,S
149,3090,2021-03-20T17:55:24.140000+00:00,1.0,P
149,3426,2021-03-20T17:55:27.499999+00:00,1.0,S
150,3090,2021-03-20T17:55:24.140000+00:00,1.0,P
150,3426,2021-03-20T17:55:27.499999+00:00,1.0,S
151,3090,2021-03-20T17:55:24.140000+00:00,1.0,P
151,3426,2021-03-20T17:55:27.499999+00:00,1.0,S
152,3090,2021-03-20T17:55:24.140000+00:00,1.0,P
152,3426,2021-03-20T17:55:27.499999+00:00,1.0,S
153,3090,2021-03-20T17:55:24.140000+00:00,1.0,P
153,3425,2021-03-20T17:55:27.490000+00:00,1.0,S
154,3090,2021-03-20T17:55:24.140000+00:00,1.0,P
154,3425,2021-03-20T17:55:27.490000+00:00,1.0,S
155,3090,2021-03-20T17:55:24.140000+00:00,1.0,P
155,3425,2021-03-20T17:55:27.490000+00:00,1.0,S
156,3090,2021-03-20T17:55:24.140000+00:00,1.0,P
156,3425,2021-03-20T17:55:27.490000+00:00,1.0,S
157,3089,2021-03-20T17:55:24.130000+00:00,1.0,P
157,3424,2021-03-20T17:55:27.480000+00:00,1.0,S
158,3089,2021-03-20T17:55:24.130000+00:00,1.0,P
158,3424,2021-03-20T17:55:27.480000+00:00,1.0,S
159,3089,2021-03-20T17:55:24.130000+00:00,1.0,P
159,3424,2021-03-20T17:55:27.480000+00:00,1.0,S
160,3089,2021-03-20T17:55:24.130000+00:00,1.0,P
160,3424,2021-03-20T17:55:27.480000+00:00,1.0,S
161,3089,2021-03-20T17:55:24.130000+00:00,1.0,P
161,3423,2021-03-20T17:55:27.470000+00:00,1.0,S
162,3089,2021-03-20T17:55:24.130000+00:00,1.0,P
162,3423,2021-03-20T17:55:27.470000+00:00,1.0,S
163,3089,2021-03-20T17:55:24.130000+00:00,1.0,P
163,3423,2021-03-20T17:55:27.470000+00:00,1.0,S
164,3089,2021-03-20T17:55:24.130000+00:00,1.0,P
164,3423,2021-03-20T17:55:27.470000+00:00,1.0,S
165,3089,2021-03-20T17:55:24.130000+00:00,1.0,P
165,3422,2021-03-20T17:55:27.460000+00:00,1.0,S
166,3088,2021-03-20T17:55:24.120000+00:00,1.0,P
166,3422,2021-03-20T17:55:27.460000+00:00,1.0,S
167,3088,2021-03-20T17:55:24.120000+00:00,1.0,P
167,3422,2021-03-20T17:55:27.460000+00:00,1.0,S
168,3088,2021-03-20T17:55:24.120000+00:00,1.0,P
168,3422,2021-03-20T17:55:27.460000+00:00,1.0,S
169,3088,2021-03-20T17:55:24.120000+00:00,1.0,P
169,3421,2021-03-20T17:55:27.450000+00:00,1.0,S
170,3088,2021-03-20T17:55:24.120000+00:00,1.0,P
170,3421,2021-03-20T17:55:27.450000+00:00,1.0,S
171,3088,2021-03-20T17:55:24.120000+00:00,1.0,P
171,3421,2021-03-20T17:55:27.450000+00:00,1.0,S
172,3088,2021-03-20T17:55:24.120000+00:00,1.0,P
172,3420,2021-03-20T17:55:27.440000+00:00,1.0,S
173,3088,2021-03-20T17:55:24.120000+00:00,1.0,P
173,3420,2021-03-20T17:55:27.440000+00:00,1.0,S
174,3088,2021-03-20T17:55:24.120000+00:00,1.0,P
174,3420,2021-03-20T17:55:27.440000+00:00,1.0,S
175,3087,2021-03-20T17:55:24.110000+00:00,1.0,P
175,3419,2021-03-20T17:55:27.429999+00:00,1.0,S
176,3087,2021-03-20T17:55:24.110000+00:00,1.0,P
176,3419,2021-03-20T17:55:27.429999+00:00,1.0,S
177,3087,2021-03-20T17:55:24.110000+00:00,1.0,P
177,3419,2021-03-20T17:55:27.429999+00:00,1.0,S
178,3087,2021-03-20T17:55:24.110000+00:00,1.0,P
178,3418,2021-03-20T17:55:27.420000+00:00,1.0,S
179,3087,2021-03-20T17:55:24.110000+00:00,1.0,P
179,3418,2021-03-20T17:55:27.420000+00:00,1.0,S
180,3087,2021-03-20T17:55:24.110000+00:00,1.0,P
180,3417,2021-03-20T17:55:27.410000+00:00,1.0,S
181,3087,2021-03-20T17:55:24.110000+00:00,1.0,P
181,3417,2021-03-20T17:55:27.410000+00:00,1.0,S
182,3087,2021-03-20T17:55:24.110000+00:00,1.0,P
182,3417,2021-03-20T17:55:27.410000+00:00,1.0,S
183,3086,2021-03-20T17:55:24.100000+00:00,1.0,P
183,3416,2021-03-20T17:55:27.400000+00:00,1.0,S
184,3086,2021-03-20T17:55:24.100000+00:00,1.0,P
184,3416,2021-03-20T17:55:27.400000+00:00,1.0,S
185,3086,2021-03-20T17:55:24.100000+00:00,1.0,P
185,3415,2021-03-20T17:55:27.390000+00:00,1.0,S
186,3086,2021-03-20T17:55:24.100000+00:00,1.0,P
186,3415,2021-03-20T17:55:27.390000+00:00,1.0,S
187,3086,2021-03-20T17:55:24.100000+00:00,1.0,P
187,3414,2021-03-20T17:55:27.380000+00:00,1.0,S
188,3086,2021-03-20T17:55:24.100000+00:00,1.0,P
188,3414,2021-03-20T17:55:27.380000+00:00,1.0,S
189,3086,2021-03-20T17:55:24.100000+00:00,1.0,P
189,3413,2021-03-20T17:55:27.370000+00:00,1.0,S
190,3086,2021-03-20T17:55:24.100000+00:00,1.0,P
190,3413,2021-03-20T17:55:27.370000+00:00,1.0,S
191,3086,2021-03-20T17:55:24.100000+00:00,1.0,P
191,3413,2021-03-20T17:55:27.370000+00:00,1.0,S
192,3085,2021-03-20T17:55:24.090000+00:00,1.0,P
192,3412,2021-03-20T17:55:27.359999+00:00,1.0,S
193,3085,2021-03-20T17:55:24.090000+00:00,1.0,P
193,3412,2021-03-20T17:55:27.359999+00:00,1.0,S
194,3085,2021-03-20T17:55:24.090000+00:00,1.0,P
194,3412,2021-03-20T17:55:27.359999+00:00,1.0,S
195,3085,2021-03-20T17:55:24.090000+00:00,1.0,P
195,3412,2021-03-20T17:55:27.359999+00:00,1.0,S
196,3085,2021-03-20T17:55:24.090000+00:00,1.0,P
196,3411,2021-03-20T17:55:27.350000+00:00,1.0,S
197,3085,2021-03-20T17:55:24.090000+00:00,1.0,P
197,3411,2021-03-20T17:55:27.350000+00:00,1.0,S
198,3085,2021-03-20T17:55:24.090000+00:00,1.0,P
198,3411,2021-03-20T17:55:27.350000+00:00,1.0,S
199,3085,2021-03-20T17:55:24.090000+00:00,1.0,P
199,3411,2021-03-20T17:55:27.350000+00:00,1.0,S
200,3084,2021-03-20T17:55:24.080000+00:00,1.0,P
200,3411,2021-03-20T17:55:27.350000+00:00,1.0,S
201,3084,2021-03-20T17:55:24.080000+00:00,1.0,P
201,3410,2021-03-20T17:55:27.340000+00:00,1.0,S
202,3084,2021-03-20T17:55:24.080000+00:00,1.0,P
202,3410,2021-03-20T17:55:27.340000+00:00,1.0,S
203,3084,2021-03-20T17:55:24.080000+00:00,1.0,P
203,3410,2021-03-20T17:55:27.340000+00:00,1.0,S
204,3084,2021-03-20T17:55:24.080000+00:00,1.0,P
204,3410,2021-03-20T17:55:27.340000+00:00,1.0,S
205,3084,2021-03-20T17:55:24.080000+00:00,1.0,P
205,3410,2021-03-20T17:55:27.340000+00:00,1.0,S
206,3084,2021-03-20T17:55:24.080000+00:00,1.0,P
206,3409,2021-03-20T17:55:27.330000+00:00,1.0,S
207,3084,2021-03-20T17:55:24.080000+00:00,1.0,P
207,3409,2021-03-20T17:55:27.330000+00:00,1.0,S
208,3084,2021-03-20T17:55:24.080000+00:00,1.0,P
208,3409,2021-03-20T17:55:27.330000+00:00,1.0,S
209,3083,2021-03-20T17:55:24.070000+00:00,1.0,P
209,3409,2021-03-20T17:55:27.330000+00:00,1.0,S
210,3083,2021-03-20T17:55:24.070000+00:00,1.0,P
210,3409,2021-03-20T17:55:27.330000+00:00,1.0,S
211,3083,2021-03-20T17:55:24.070000+00:00,1.0,P
211,3409,2021-03-20T17:55:27.330000+00:00,1.0,S
212,3083,2021-03-20T17:55:24.070000+00:00,1.0,P
212,3408,2021-03-20T17:55:27.320000+00:00,1.0,S
213,3083,2021-03-20T17:55:24.070000+00:00,1.0,P
213,3408,2021-03-20T17:55:27.320000+00:00,1.0,S
214,3083,2021-03-20T17:55:24.070000+00:00,1.0,P
214,3408,2021-03-20T17:55:27.320000+00:00,1.0,S
215,3083,2021-03-20T17:55:24.070000+00:00,1.0,P
215,3408,2021-03-20T17:55:27.320000+00:00,1.0,S
216,3083,2021-03-20T17:55:24.070000+00:00,1.0,P
216,3408,2021-03-20T17:55:27.320000+00:00,1.0,S
217,3083,2021-03-20T17:55:24.070000+00:00,1.0,P
217,3407,2021-03-20T17:55:27.310000+00:00,1.0,S
218,3083,2021-03-20T17:55:24.070000+00:00,1.0,P
218,3407,2021-03-20T17:55:27.310000+00:00,1.0,S
219,3082,2021-03-20T17:55:24.060000+00:00,1.0,P
219,3407,2021-03-20T17:55:27.310000+00:00,1.0,S
220,3082,2021-03-20T17:55:24.060000+00:00,1.0,P
220,3406,2021-03-20T17:55:27.300000+00:00,1.0,S
221,3082,2021-03-20T17:55:24.060000+00:00,1.0,P
221,3406,2021-03-20T17:55:27.300000+00:00,1.0,S
222,3082,2021-03-20T17:55:24.060000+00:00,1.0,P
222,3406,2021-03-20T17:55:27.300000+00:00,1.0,S
223,3082,2021-03-20T17:55:24.060000+00:00,1.0,P
223,3406,2021-03-20T17:55:27.300000+00:00,1.0,S
224,3082,2021-03-20T17:55:24.060000+00:00,1.0,P
224,3405,2021-03-20T17:55:27.289999+00:00,1.0,S
225,3082,2021-03-20T17:55:24.060000+00:00,1.0,P
225,3405,2021-03-20T17:55:27.289999+00:00,1.0,S
226,3082,2021-03-20T17:55:24.060000+00:00,1.0,P
226,3405,2021-03-20T17:55:27.289999+00:00,1.0,S
227,3082,2021-03-20T17:55:24.060000+00:00,1.0,P
227,3404,2021-03-20T17:55:27.280000+00:00,1.0,S
228,3082,2021-03-20T17:55:24.060000+00:00,1.0,P
228,3404,2021-03-20T17:55:27.280000+00:00,1.0,S
229,3081,2021-03-20T17:55:24.050000+00:00,1.0,P
229,3404,2021-03-20T17:55:27.280000+00:00,1.0,S
230,3081,2021-03-20T17:55:24.050000+00:00,1.0,P
230,3403,2021-03-20T17:55:27.270000+00:00,1.0,S
231,3081,2021-03-20T17:55:24.050000+00:00,1.0,P
231,3403,2021-03-20T17:55:27.270000+00:00,1.0,S
232,3081,2021-03-20T17:55:24.050000+00:00,1.0,P
232,3403,2021-03-20T17:55:27.270000+00:00,1.0,S
233,3081,2021-03-20T17:55:24.050000+00:00,1.0,P
233,3402,2021-03-20T17:55:27.260000+00:00,1.0,S
234,3081,2021-03-20T17:55:24.050000+00:00,1.0,P
234,3402,2021-03-20T17:55:27.260000+00:00,1.0,S
235,3081,2021-03-20T17:55:24.050000+00:00,1.0,P
235,3402,2021-03-20T17:55:27.260000+00:00,1.0,S
236,3081,2021-03-20T17:55:24.050000+00:00,1.0,P
236,3402,2021-03-20T17:55:27.260000+00:00,1.0,S
237,3081,2021-03-20T17:55:24.050000+00:00,1.0,P
237,3401,2021-03-20T17:55:27.249999+00:00,1.0,S
238,3081,2021-03-20T17:55:24.050000+00:00,1.0,P
238,3401,2021-03-20T17:55:27.249999+00:00,1.0,S
239,3081,2021-03-20T17:55:24.050000+00:00,1.0,P
239,3401,2021-03-20T17:55:27.249999+00:00,1.0,S
240,3080,2021-03-20T17:55:24.040000+00:00,1.0,P
240,3401,2021-03-20T17:55:27.249999+00:00,1.0,S
241,3080,2021-03-20T17:55:24.040000+00:00,1.0,P
241,3400,2021-03-20T17:55:27.240000+00:00,1.0,S
242,3080,2021-03-20T17:55:24.040000+00:00,1.0,P
242,3400,2021-03-20T17:55:27.240000+00:00,1.0,S
243,3080,2021-03-20T17:55:24.040000+00:00,1.0,P
243,3400,2021-03-20T17:55:27.240000+00:00,1.0,S
244,3080,2021-03-20T17:55:24.040000+00:00,1.0,P
244,3400,2021-03-20T17:55:27.240000+00:00,1.0,S
245,3080,2021-03-20T17:55:24.040000+00:00,1.0,P
245,3400,2021-03-20T17:55:27.240000+00:00,1.0,S
246,3080,2021-03-20T17:55:24.040000+00:00,1.0,P
246,3399,2021-03-20T17:55:27.230000+00:00,1.0,S
247,3080,2021-03-20T17:55:24.040000+00:00,1.0,P
247,3399,2021-03-20T17:55:27.230000+00:00,1.0,S
248,3080,2021-03-20T17:55:24.040000+00:00,1.0,P
248,3399,2021-03-20T17:55:27.230000+00:00,1.0,S
249,3080,2021-03-20T17:55:24.040000+00:00,1.0,P
249,3399,2021-03-20T17:55:27.230000+00:00,1.0,S
250,3080,2021-03-20T17:55:24.040000+00:00,1.0,P
250,3398,2021-03-20T17:55:27.220000+00:00,1.0,S
251,3079,2021-03-20T17:55:24.030000+00:00,1.0,P
251,3398,2021-03-20T17:55:27.220000+00:00,1.0,S
252,3079,2021-03-20T17:55:24.030000+00:00,1.0,P
252,3398,2021-03-20T17:55:27.220000+00:00,1.0,S
253,3079,2021-03-20T17:55:24.030000+00:00,1.0,P
253,3398,2021-03-20T17:55:27.220000+00:00,1.0,S
254,3079,2021-03-20T17:55:24.030000+00:00,1.0,P
254,3397,2021-03-20T17:55:27.210000+00:00,1.0,S
255,3079,2021-03-20T17:55:24.030000+00:00,1.0,P
255,3397,2021-03-20T17:55:27.210000+00:00,1.0,S
256,3079,2021-03-20T17:55:24.030000+00:00,1.0,P
256,3397,2021-03-20T17:55:27.210000+00:00,1.0,S
257,3079,2021-03-20T17:55:24.030000+00:00,1.0,P
257,3397,2021-03-20T17:55:27.210000+00:00,1.0,S
258,3079,2021-03-20T17:55:24.030000+00:00,1.0,P
258,3396,2021-03-20T17:55:27.200000+00:00,1.0,S
259,3079,2021-03-20T17:55:24.030000+00:00,1.0,P
259,3396,2021-03-20T17:55:27.200000+00:00,1.0,S
260,3079,2021-03-20T17:55:24.030000+00:00,1.0,P
260,3396,2021-03-20T17:55:27.200000+00:00,1.0,S
261,3079,2021-03-20T17:55:24.030000+00:00,1.0,P
261,3396,2021-03-20T17:55:27.200000+00:00,1.0,S
262,3079,2021-03-20T17:55:24.030000+00:00,1.0,P
262,3395,2021-03-20T17:55:27.190000+00:00,1.0,S
263,3079,2021-03-20T17:55:24.030000+00:00,1.0,P
263,3395,2021-03-20T17:55:27.190000+00:00,1.0,S
264,3078,2021-03-20T17:55:24.020000+00:00,1.0,P
264,3395,2021-03-20T17:55:27.190000+00:00,1.0,S
265,3078,2021-03-20T17:55:24.020000+00:00,1.0,P
265,3395,2021-03-20T17:55:27.190000+00:00,1.0,S
266,3078,2021-03-20T17:55:24.020000+00:00,1.0,P
266,3395,2021-03-20T17:55:27.190000+00:00,1.0,S
267,3078,2021-03-20T17:55:24.020000+00:00,1.0,P
267,3394,2021-03-20T17:55:27.179999+00:00,1.0,S
268,3078,2021-03-20T17:55:24.020000+00:00,1.0,P
268,3394,2021-03-20T17:55:27.179999+00:00,1.0,S
269,3078,2021-03-20T17:55:24.020000+00:00,1.0,P
269,3394,2021-03-20T17:55:27.179999+00:00,1.0,S
270,3078,2021-03-20T17:55:24.020000+00:00,1.0,P
270,3394,2021-03-20T17:55:27.179999+00:00,1.0,S
271,3078,2021-03-20T17:55:24.020000+00:00,1.0,P
271,3394,2021-03-20T17:55:27.179999+00:00,1.0,S
272,3078,2021-03-20T17:55:24.020000+00:00,1.0,P
272,3394,2021-03-20T17:55:27.179999+00:00,1.0,S
273,3078,2021-03-20T17:55:24.020000+00:00,1.0,P
273,3393,2021-03-20T17:55:27.170000+00:00,1.0,S
274,3078,2021-03-20T17:55:24.020000+00:00,1.0,P
274,3393,2021-03-20T17:55:27.170000+00:00,1.0,S
275,3078,2021-03-20T17:55:24.020000+00:00,1.0,P
275,3393,2021-03-20T17:55:27.170000+00:00,1.0,S
276,3078,2021-03-20T17:55:24.020000+00:00,1.0,P
276,3393,2021-03-20T17:55:27.170000+00:00,1.0,S
277,3077,2021-03-20T17:55:24.010000+00:00,1.0,P
277,3393,2021-03-20T17:55:27.170000+00:00,1.0,S
278,3077,2021-03-20T17:55:24.010000+00:00,1.0,P
278,3393,2021-03-20T17:55:27.170000+00:00,1.0,S
279,3077,2021-03-20T17:55:24.010000+00:00,1.0,P
279,3393,2021-03-20T17:55:27.170000+00:00,1.0,S
280,3077,2021-03-20T17:55:24.010000+00:00,1.0,P
280,3392,2021-03-20T17:55:27.160000+00:00,1.0,S
281,3077,2021-03-20T17:55:24.010000+00:00,1.0,P
281,3392,2021-03-20T17:55:27.160000+00:00,1.0,S
282,3077,2021-03-20T17:55:24.010000+00:00,1.0,P
282,3392,2021-03-20T17:55:27.160000+00:00,1.0,S
283,3077,2021-03-20T17:55:24.010000+00:00,1.0,P
283,3392,2021-03-20T17:55:27.160000+00:00,1.0,S
284,3077,2021-03-20T17:55:24.010000+00:00,1.0,P
284,3392,2021-03-20T17:55:27.160000+00:00,1.0,S
285,3077,2021-03-20T17:55:24.010000+00:00,1.0,P
285,3392,2021-03-20T17:55:27.160000+00:00,1.0,S
286,3077,2021-03-20T17:55:24.010000+00:00,1.0,P
286,3392,2021-03-20T17:55:27.160000+00:00,1.0,S
287,3077,2021-03-20T17:55:24.010000+00:00,1.0,P
287,3392,2021-03-20T17:55:27.160000+00:00,1.0,S
288,3077,2021-03-20T17:55:24.010000+00:00,1.0,P
288,3392,2021-03-20T17:55:27.160000+00:00,1.0,S
289,3077,2021-03-20T17:55:24.010000+00:00,1.0,P
289,3392,2021-03-20T17:55:27.160000+00:00,1.0,S
290,3077,2021-03-20T17:55:24.010000+00:00,1.0,P
290,3392,2021-03-20T17:55:27.160000+00:00,1.0,S
291,3077,2021-03-20T17:55:24.010000+00:00,1.0,P
291,3392,2021-03-20T17:55:27.160000+00:00,1.0,S
292,3076,2021-03-20T17:55:24+00:00,1.0,P
292,3392,2021-03-20T17:55:27.160000+00:00,1.0,S
293,3076,2021-03-20T17:55:24+00:00,1.0,P
293,3392,2021-03-20T17:55:27.160000+00:00,1.0,S
294,3076,2021-03-20T17:55:24+00:00,1.0,P
294,3392,2021-03-20T17:55:27.160000+00:00,1.0,S
295,3076,2021-03-20T17:55:24+00:00,1.0,P
295,3392,2021-03-20T17:55:27.160000+00:00,1.0,S
296,3076,2021-03-20T17:55:24+00:00,1.0,P
296,3392,2021-03-20T17:55:27.160000+00:00,1.0,S
297,3076,2021-03-20T17:55:24+00:00,1.0,P
297,3392,2021-03-20T17:55:27.160000+00:00,1.0,S
298,3076,2021-03-20T17:55:24+00:00,1.0,P
298,3392,2021-03-20T17:55:27.160000+00:00,1.0,S
299,3076,2021-03-20T17:55:24+00:00,1.0,P
299,3392,2021-03-20T17:55:27.160000+00:00,1.0,S
300,3076,2021-03-20T17:55:24+00:00,1.0,P
300,3392,2021-03-20T17:55:27.160000+00:00,1.0,S
301,3076,2021-03-20T17:55:24+00:00,1.0,P
301,3392,2021-03-20T17:55:27.160000+00:00,1.0,S
302,3076,2021-03-20T17:55:24+00:00,1.0,P
302,3392,2021-03-20T17:55:27.160000+00:00,1.0,S
303,3076,2021-03-20T17:55:24+00:00,1.0,P
303,3392,2021-03-20T17:55:27.160000+00:00,1.0,S
304,3076,2021-03-20T17:55:24+00:00,1.0,P
304,3392,2021-03-20T17:55:27.160000+00:00,1.0,S
305,3076,2021-03-20T17:55:24+00:00,1.0,P
305,3392,2021-03-20T17:55:27.160000+00:00,1.0,S
306,3076,2021-03-20T17:55:24+00:00,1.0,P
306,3392,2021-03-20T17:55:27.160000+00:00,1.0,S
307,3076,2021-03-20T17:55:24+00:00,1.0,P
307,3392,2021-03-20T17:55:27.160000+00:00,1.0,S
308,3075,2021-03-20T17:55:23.990000+00:00,1.0,P
308,3392,2021-03-20T17:55:27.160000+00:00,1.0,S
309,3075,2021-03-20T17:55:23.990000+00:00,1.0,P
309,3392,2021-03-20T17:55:27.160000+00:00,1.0,S
310,3075,2021-03-20T17:55:23.990000+00:00,1.0,P
310,3392,2021-03-20T17:55:27.160000+00:00,1.0,S
311,3075,2021-03-20T17:55:23.990000+00:00,1.0,P
311,3392,2021-03-20T17:55:27.160000+00:00,1.0,S
312,3075,2021-03-20T17:55:23.990000+00:00,1.0,P
312,3392,2021-03-20T17:55:27.160000+00:00,1.0,S
313,3075,2021-03-20T17:55:23.990000+00:00,1.0,P
313,3392,2021-03-20T17:55:27.160000+00:00,1.0,S
314,3075,2021-03-20T17:55:23.990000+00:00,1.0,P
314,3392,2021-03-20T17:55:27.160000+00:00,1.0,S
315,3075,2021-03-20T17:55:23.990000+00:00,1.0,P
315,3392,2021-03-20T17:55:27.160000+00:00,1.0,S
316,3075,2021-03-20T17:55:23.990000+00:00,1.0,P
316,3391,2021-03-20T17:55:27.150000+00:00,1.0,S
317,3075,2021-03-20T17:55:23.990000+00:00,1.0,P
317,3391,2021-03-20T17:55:27.150000+00:00,1.0,S
318,3075,2021-03-20T17:55:23.990000+00:00,1.0,P
318,3391,2021-03-20T17:55:27.150000+00:00,1.0,S
319,3075,2021-03-20T17:55:23.990000+00:00,1.0,P
319,3391,2021-03-20T17:55:27.150000+00:00,1.0,S
320,3075,2021-03-20T17:55:23.990000+00:00,1.0,P
320,3391,2021-03-20T17:55:27.150000+00:00,1.0,S
321,3075,2021-03-20T17:55:23.990000+00:00,1.0,P
321,3391,2021-03-20T17:55:27.150000+00:00,1.0,S
322,3075,2021-03-20T17:55:23.990000+00:00,1.0,P
322,3391,2021-03-20T17:55:27.150000+00:00,1.0,S
323,3075,2021-03-20T17:55:23.990000+00:00,1.0,P
323,3391,2021-03-20T17:55:27.150000+00:00,1.0,S
324,3075,2021-03-20T17:55:23.990000+00:00,1.0,P
324,3391,2021-03-20T17:55:27.150000+00:00,1.0,S
325,3075,2021-03-20T17:55:23.990000+00:00,1.0,P
325,3391,2021-03-20T17:55:27.150000+00:00,1.0,S
326,3075,2021-03-20T17:55:23.990000+00:00,1.0,P
326,3391,2021-03-20T17:55:27.150000+00:00,1.0,S
327,3074,2021-03-20T17:55:23.980000+00:00,1.0,P
327,3391,2021-03-20T17:55:27.150000+00:00,1.0,S
328,3074,2021-03-20T17:55:23.980000+00:00,1.0,P
328,3391,2021-03-20T17:55:27.150000+00:00,1.0,S
329,3074,2021-03-20T17:55:23.980000+00:00,1.0,P
329,3390,2021-03-20T17:55:27.140000+00:00,1.0,S
330,3074,2021-03-20T17:55:23.980000+00:00,1.0,P
330,3390,2021-03-20T17:55:27.140000+00:00,1.0,S
331,3074,2021-03-20T17:55:23.980000+00:00,1.0,P
331,3390,2021-03-20T17:55:27.140000+00:00,1.0,S
332,3074,2021-03-20T17:55:23.980000+00:00,1.0,P
332,3390,2021-03-20T17:55:27.140000+00:00,1.0,S
333,3074,2021-03-20T17:55:23.980000+00:00,1.0,P
333,3390,2021-03-20T17:55:27.140000+00:00,1.0,S
334,3074,2021-03-20T17:55:23.980000+00:00,1.0,P
334,3390,2021-03-20T17:55:27.140000+00:00,1.0,S
335,3074,2021-03-20T17:55:23.980000+00:00,1.0,P
335,3390,2021-03-20T17:55:27.140000+00:00,1.0,S
336,3074,2021-03-20T17:55:23.980000+00:00,1.0,P
336,3390,2021-03-20T17:55:27.140000+00:00,1.0,S
337,3074,2021-03-20T17:55:23.980000+00:00,1.0,P
337,3390,2021-03-20T17:55:27.140000+00:00,1.0,S
338,3074,2021-03-20T17:55:23.980000+00:00,1.0,P
338,3390,2021-03-20T17:55:27.140000+00:00,1.0,S
339,3074,2021-03-20T17:55:23.980000+00:00,1.0,P
339,3390,2021-03-20T17:55:27.140000+00:00,1.0,S
340,3074,2021-03-20T17:55:23.980000+00:00,1.0,P
340,3390,2021-03-20T17:55:27.140000+00:00,1.0,S
341,3074,2021-03-20T17:55:23.980000+00:00,1.0,P
341,3390,2021-03-20T17:55:27.140000+00:00,1.0,S
342,3074,2021-03-20T17:55:23.980000+00:00,1.0,P
342,3390,2021-03-20T17:55:27.140000+00:00,1.0,S
343,3074,2021-03-20T17:55:23.980000+00:00,1.0,P
343,3390,2021-03-20T17:55:27.140000+00:00,1.0,S
344,3074,2021-03-20T17:55:23.980000+00:00,1.0,P
344,3390,2021-03-20T17:55:27.140000+00:00,1.0,S
345,3074,2021-03-20T17:55:23.980000+00:00,1.0,P
345,3390,2021-03-20T17:55:27.140000+00:00,1.0,S
346,3074,2021-03-20T17:55:23.980000+00:00,1.0,P
346,3390,2021-03-20T17:55:27.140000+00:00,1.0,S
347,3074,2021-03-20T17:55:23.980000+00:00,1.0,P
347,3390,2021-03-20T17:55:27.140000+00:00,1.0,S
348,3074,2021-03-20T17:55:23.980000+00:00,1.0,P
348,3390,2021-03-20T17:55:27.140000+00:00,1.0,S
349,3074,2021-03-20T17:55:23.980000+00:00,1.0,P
349,3390,2021-03-20T17:55:27.140000+00:00,1.0,S
350,3074,2021-03-20T17:55:23.980000+00:00,1.0,P
350,3390,2021-03-20T17:55:27.140000+00:00,1.0,S
351,3074,2021-03-20T17:55:23.980000+00:00,1.0,P
351,3390,2021-03-20T17:55:27.140000+00:00,1.0,S
352,3074,2021-03-20T17:55:23.980000+00:00,1.0,P
352,3390,2021-03-20T17:55:27.140000+00:00,1.0,S
353,3074,2021-03-20T17:55:23.980000+00:00,1.0,P
353,3390,2021-03-20T17:55:27.140000+00:00,1.0,S
354,3074,2021-03-20T17:55:23.980000+00:00,1.0,P
354,3390,2021-03-20T17:55:27.140000+00:00,1.0,S
355,3074,2021-03-20T17:55:23.980000+00:00,1.0,P
355,3390,2021-03-20T17:55:27.140000+00:00,1.0,S
356,3074,2021-03-20T17:55:23.980000+00:00,1.0,P
356,3390,2021-03-20T17:55:27.140000+00:00,1.0,S
357,3074,2021-03-20T17:55:23.980000+00:00,1.0,P
357,3390,2021-03-20T17:55:27.140000+00:00,1.0,S
358,3074,2021-03-20T17:55:23.980000+00:00,1.0,P
358,3390,2021-03-20T17:55:27.140000+00:00,1.0,S
359,3074,2021-03-20T17:55:23.980000+00:00,1.0,P
359,3390,2021-03-20T17:55:27.140000+00:00,1.0,S
360,3074,2021-03-20T17:55:23.980000+00:00,1.0,P
360,3390,2021-03-20T17:55:27.140000+00:00,1.0,S
361,3075,2021-03-20T17:55:23.990000+00:00,1.0,P
361,3390,2021-03-20T17:55:27.140000+00:00,1.0,S
362,3075,2021-03-20T17:55:23.990000+00:00,1.0,P
362,3390,2021-03-20T17:55:27.140000+00:00,1.0,S
363,3075,2021-03-20T17:55:23.990000+00:00,1.0,P
363,3390,2021-03-20T17:55:27.140000+00:00,1.0,S
364,3075,2021-03-20T17:55:23.990000+00:00,1.0,P
364,3390,2021-03-20T17:55:27.140000+00:00,1.0,S
365,3075,2021-03-20T17:55:23.990000+00:00,1.0,P
365,3390,2021-03-20T17:55:27.140000+00:00,1.0,S
366,3075,2021-03-20T17:55:23.990000+00:00,1.0,P
366,3390,2021-03-20T17:55:27.140000+00:00,1.0,S
367,3075,2021-03-20T17:55:23.990000+00:00,1.0,P
367,3390,2021-03-20T17:55:27.140000+00:00,1.0,S
368,3075,2021-03-20T17:55:23.990000+00:00,1.0,P
368,3390,2021-03-20T17:55:27.140000+00:00,1.0,S
369,3075,2021-03-20T17:55:23.990000+00:00,1.0,P
369,3390,2021-03-20T17:55:27.140000+00:00,1.0,S
370,3075,2021-03-20T17:55:23.990000+00:00,1.0,P
370,3390,2021-03-20T17:55:27.140000+00:00,1.0,S
371,3075,2021-03-20T17:55:23.990000+00:00,1.0,P
371,3390,2021-03-20T17:55:27.140000+00:00,1.0,S
372,3075,2021-03-20T17:55:23.990000+00:00,1.0,P
372,3390,2021-03-20T17:55:27.140000+00:00,1.0,S
373,3075,2021-03-20T17:55:23.990000+00:00,1.0,P
373,3390,2021-03-20T17:55:27.140000+00:00,1.0,S
374,3075,2021-03-20T17:55:23.990000+00:00,1.0,P
374,3391,2021-03-20T17:55:27.150000+00:00,1.0,S
375,3075,2021-03-20T17:55:23.990000+00:00,1.0,P
375,3391,2021-03-20T17:55:27.150000+00:00,1.0,S
376,3075,2021-03-20T17:55:23.990000+00:00,1.0,P
376,3391,2021-03-20T17:55:27.150000+00:00,1.0,S
377,3075,2021-03-20T17:55:23.990000+00:00,1.0,P
377,3391,2021-03-20T17:55:27.150000+00:00,1.0,S
378,3075,2021-03-20T17:55:23.990000+00:00,1.0,P
378,3391,2021-03-20T17:55:27.150000+00:00,1.0,S
379,3075,2021-03-20T17:55:23.990000+00:00,1.0,P
379,3391,2021-03-20T17:55:27.150000+00:00,1.0,S
380,3075,2021-03-20T17:55:23.990000+00:00,1.0,P
380,3391,2021-03-20T17:55:27.150000+00:00,1.0,S
381,3075,2021-03-20T17:55:23.990000+00:00,1.0,P
381,3391,2021-03-20T17:55:27.150000+00:00,1.0,S
382,3075,2021-03-20T17:55:23.990000+00:00,1.0,P
382,3391,2021-03-20T17:55:27.150000+00:00,1.0,S
383,3075,2021-03-20T17:55:23.990000+00:00,1.0,P
383,3391,2021-03-20T17:55:27.150000+00:00,1.0,S
384,3075,2021-03-20T17:55:23.990000+00:00,1.0,P
384,3391,2021-03-20T17:55:27.150000+00:00,1.0,S
385,3075,2021-03-20T17:55:23.990000+00:00,1.0,P
385,3391,2021-03-20T17:55:27.150000+00:00,1.0,S
386,3075,2021-03-20T17:55:23.990000+00:00,1.0,P
386,3391,2021-03-20T17:55:27.150000+00:00,1.0,S
387,3075,2021-03-20T17:55:23.990000+00:00,1.0,P
387,3391,2021-03-20T17:55:27.150000+00:00,1.0,S
388,3075,2021-03-20T17:55:23.990000+00:00,1.0,P
388,3391,2021-03-20T17:55:27.150000+00:00,1.0,S
389,3075,2021-03-20T17:55:23.990000+00:00,1.0,P
389,3392,2021-03-20T17:55:27.160000+00:00,1.0,S
390,3075,2021-03-20T17:55:23.990000+00:00,1.0,P
390,3392,2021-03-20T17:55:27.160000+00:00,1.0,S
391,3075,2021-03-20T17:55:23.990000+00:00,1.0,P
391,3392,2021-03-20T17:55:27.160000+00:00,1.0,S
392,3075,2021-03-20T17:55:23.990000+00:00,1.0,P
392,3392,2021-03-20T17:55:27.160000+00:00,1.0,S
393,3075,2021-03-20T17:55:23.990000+00:00,1.0,P
393,3392,2021-03-20T17:55:27.160000+00:00,1.0,S
394,3075,2021-03-20T17:55:23.990000+00:00,1.0,P
394,3392,2021-03-20T17:55:27.160000+00:00,1.0,S
395,3075,2021-03-20T17:55:23.990000+00:00,1.0,P
395,3392,2021-03-20T17:55:27.160000+00:00,1.0,S
396,3075,2021-03-20T17:55:23.990000+00:00,1.0,P
396,3392,2021-03-20T17:55:27.160000+00:00,1.0,S
397,3075,2021-03-20T17:55:23.990000+00:00,1.0,P
397,3392,2021-03-20T17:55:27.160000+00:00,1.0,S
398,3075,2021-03-20T17:55:23.990000+00:00,1.0,P
398,3392,2021-03-20T17:55:27.160000+00:00,1.0,S
399,3075,2021-03-20T17:55:23.990000+00:00,1.0,P
399,3392,2021-03-20T17:55:27.160000+00:00,1.0,S
400,3075,2021-03-20T17:55:23.990000+00:00,1.0,P
400,3392,2021-03-20T17:55:27.160000+00:00,1.0,S
401,3075,2021-03-20T17:55:23.990000+00:00,1.0,P
401,3392,2021-03-20T17:55:27.160000+00:00,1.0,S
402,3075,2021-03-20T17:55:23.990000+00:00,1.0,P
402,3392,2021-03-20T17:55:27.160000+00:00,1.0,S
403,3075,2021-03-20T17:55:23.990000+00:00,1.0,P
403,3392,2021-03-20T17:55:27.160000+00:00,1.0,S
404,3075,2021-03-20T17:55:23.990000+00:00,1.0,P
404,3393,2021-03-20T17:55:27.170000+00:00,1.0,S
405,3075,2021-03-20T17:55:23.990000+00:00,1.0,P
405,3393,2021-03-20T17:55:27.170000+00:00,1.0,S
406,3075,2021-03-20T17:55:23.990000+00:00,1.0,P
406,3393,2021-03-20T17:55:27.170000+00:00,1.0,S
407,3075,2021-03-20T17:55:23.990000+00:00,1.0,P
407,3393,2021-03-20T17:55:27.170000+00:00,1.0,S
408,3075,2021-03-20T17:55:23.990000+00:00,1.0,P
408,3393,2021-03-20T17:55:27.170000+00:00,1.0,S
409,3075,2021-03-20T17:55:23.990000+00:00,1.0,P
409,3393,2021-03-20T17:55:27.170000+00:00,1.0,S
410,3075,2021-03-20T17:55:23.990000+00:00,1.0,P
410,3393,2021-03-20T17:55:27.170000+00:00,1.0,S
411,3075,2021-03-20T17:55:23.990000+00:00,1.0,P
411,3393,2021-03-20T17:55:27.170000+00:00,1.0,S
412,3075,2021-03-20T17:55:23.990000+00:00,1.0,P
412,3393,2021-03-20T17:55:27.170000+00:00,1.0,S
413,3075,2021-03-20T17:55:23.990000+00:00,1.0,P
413,3393,2021-03-20T17:55:27.170000+00:00,1.0,S
414,3075,2021-03-20T17:55:23.990000+00:00,1.0,P
414,3393,2021-03-20T17:55:27.170000+00:00,1.0,S
415,3075,2021-03-20T17:55:23.990000+00:00,1.0,P
415,3393,2021-03-20T17:55:27.170000+00:00,1.0,S
416,3075,2021-03-20T17:55:23.990000+00:00,1.0,P
416,3393,2021-03-20T17:55:27.170000+00:00,1.0,S
417,3075,2021-03-20T17:55:23.990000+00:00,1.0,P
417,3393,2021-03-20T17:55:27.170000+00:00,1.0,S
418,3076,2021-03-20T17:55:24+00:00,1.0,P
418,3393,2021-03-20T17:55:27.170000+00:00,1.0,S
419,3076,2021-03-20T17:55:24+00:00,1.0,P
419,3393,2021-03-20T17:55:27.170000+00:00,1.0,S
420,3076,2021-03-20T17:55:24+00:00,1.0,P
420,3393,2021-03-20T17:55:27.170000+00:00,1.0,S
421,3076,2021-03-20T17:55:24+00:00,1.0,P
421,3393,2021-03-20T17:55:27.170000+00:00,1.0,S
422,3076,2021-03-20T17:55:24+00:00,1.0,P
422,3393,2021-03-20T17:55:27.170000+00:00,1.0,S
423,3076,2021-03-20T17:55:24+00:00,1.0,P
423,3393,2021-03-20T17:55:27.170000+00:00,1.0,S
424,3076,2021-03-20T17:55:24+00:00,1.0,P
424,3393,2021-03-20T17:55:27.170000+00:00,1.0,S
425,3076,2021-03-20T17:55:24+00:00,1.0,P
425,3393,2021-03-20T17:55:27.170000+00:00,1.0,S
426,3076,2021-03-20T17:55:24+00:00,1.0,P
426,3393,2021-03-20T17:55:27.170000+00:00,1.0,S
427,3076,2021-03-20T17:55:24+00:00,1.0,P
427,3393,2021-03-20T17:55:27.170000+00:00,1.0,S
428,3076,2021-03-20T17:55:24+00:00,1.0,P
428,3393,2021-03-20T17:55:27.170000+00:00,1.0,S
429,3076,2021-03-20T17:55:24+00:00,1.0,P
429,3393,2021-03-20T17:55:27.170000+00:00,1.0,S
430,3076,2021-03-20T17:55:24+00:00,1.0,P
430,3393,2021-03-20T17:55:27.170000+00:00,1.0,S
431,3076,2021-03-20T17:55:24+00:00,1.0,P
431,3393,2021-03-20T17:55:27.170000+00:00,1.0,S
432,3076,2021-03-20T17:55:24+00:00,1.0,P
432,3393,2021-03-20T17:55:27.170000+00:00,1.0,S
433,3076,2021-03-20T17:55:24+00:00,1.0,P
433,3393,2021-03-20T17:55:27.170000+00:00,1.0,S
434,3076,2021-03-20T17:55:24+00:00,1.0,P
434,3393,2021-03-20T17:55:27.170000+00:00,1.0,S
435,3076,2021-03-20T17:55:24+00:00,1.0,P
435,3393,2021-03-20T17:55:27.170000+00:00,1.0,S
436,3076,2021-03-20T17:55:24+00:00,1.0,P
436,3393,2021-03-20T17:55:27.170000+00:00,1.0,S
437,3076,2021-03-20T17:55:24+00:00,1.0,P
437,3393,2021-03-20T17:55:27.170000+00:00,1.0,S
438,3076,2021-03-20T17:55:24+00:00,1.0,P
438,3393,2021-03-20T17:55:27.170000+00:00,1.0,S
439,3076,2021-03-20T17:55:24+00:00,1.0,P
439,3392,2021-03-20T17:55:27.160000+00:00,1.0,S
440,3076,2021-03-20T17:55:24+00:00,1.0,P
440,3392,2021-03-20T17:55:27.160000+00:00,1.0,S
441,3076,2021-03-20T17:55:24+00:00,1.0,P
441,3392,2021-03-20T17:55:27.160000+00:00,1.0,S
442,3076,2021-03-20T17:55:24+00:00,1.0,P
442,3392,2021-03-20T17:55:27.160000+00:00,1.0,S
443,3076,2021-03-20T17:55:24+00:00,1.0,P
443,3392,2021-03-20T17:55:27.160000+00:00,1.0,S
444,3076,2021-03-20T17:55:24+00:00,1.0,P
444,3392,2021-03-20T17:55:27.160000+00:00,1.0,S
445,3076,2021-03-20T17:55:24+00:00,1.0,P
445,3392,2021-03-20T17:55:27.160000+00:00,1.0,S
446,3076,2021-03-20T17:55:24+00:00,1.0,P
446,3391,2021-03-20T17:55:27.150000+00:00,1.0,S
447,3076,2021-03-20T17:55:24+00:00,1.0,P
447,3391,2021-03-20T17:55:27.150000+00:00,1.0,S
448,3076,2021-03-20T17:55:24+00:00,1.0,P
448,3391,2021-03-20T17:55:27.150000+00:00,1.0,S
449,3076,2021-03-20T17:55:24+00:00,1.0,P
449,3391,2021-03-20T17:55:27.150000+00:00,1.0,S
450,3076,2021-03-20T17:55:24+00:00,1.0,P
450,3391,2021-03-20T17:55:27.150000+00:00,1.0,S
451,3076,2021-03-20T17:55:24+00:00,1.0,P
451,3391,2021-03-20T17:55:27.150000+00:00,1.0,S
452,3076,2021-03-20T17:55:24+00:00,1.0,P
452,3391,2021-03-20T17:55:27.150000+00:00,1.0,S
453,3076,2021-03-20T17:55:24+00:00,1.0,P
453,3391,2021-03-20T17:55:27.150000+00:00,1.0,S
454,3076,2021-03-20T17:55:24+00:00,1.0,P
454,3391,2021-03-20T17:55:27.150000+00:00,1.0,S
455,3076,2021-03-20T17:55:24+00:00,1.0,P
455,3391,2021-03-20T17:55:27.150000+00:00,1.0,S
456,3076,2021-03-20T17:55:24+00:00,1.0,P
456,3390,2021-03-20T17:55:27.140000+00:00,1.0,S
457,3076,2021-03-20T17:55:24+00:00,1.0,P
457,3390,2021-03-20T17:55:27.140000+00:00,1.0,S
458,3076,2021-03-20T17:55:24+00:00,1.0,P
458,3390,2021-03-20T17:55:27.140000+00:00,1.0,S
459,3076,2021-03-20T17:55:24+00:00,1.0,P
459,3390,2021-03-20T17:55:27.140000+00:00,1.0,S
460,3076,2021-03-20T17:55:24+00:00,1.0,P
460,3390,2021-03-20T17:55:27.140000+00:00,1.0,S
461,3076,2021-03-20T17:55:24+00:00,1.0,P
461,3390,2021-03-20T17:55:27.140000+00:00,1.0,S
462,3076,2021-03-20T17:55:24+00:00,1.0,P
462,3390,2021-03-20T17:55:27.140000+00:00,1.0,S
463,3075,2021-03-20T17:55:23.990000+00:00,1.0,P
463,3390,2021-03-20T17:55:27.140000+00:00,1.0,S
464,3075,2021-03-20T17:55:23.990000+00:00,1.0,P
464,3390,2021-03-20T17:55:27.140000+00:00,1.0,S
465,3075,2021-03-20T17:55:23.990000+00:00,1.0,P
465,3390,2021-03-20T17:55:27.140000+00:00,1.0,S
466,3075,2021-03-20T17:55:23.990000+00:00,1.0,P
466,3390,2021-03-20T17:55:27.140000+00:00,1.0,S
467,3075,2021-03-20T17:55:23.990000+00:00,1.0,P
467,3390,2021-03-20T17:55:27.140000+00:00,1.0,S
468,3075,2021-03-20T17:55:23.990000+00:00,1.0,P
468,3390,2021-03-20T17:55:27.140000+00:00,1.0,S
469,3075,2021-03-20T17:55:23.990000+00:00,1.0,P
469,3389,2021-03-20T17:55:27.130000+00:00,1.0,S
470,3075,2021-03-20T17:55:23.990000+00:00,1.0,P
470,3389,2021-03-20T17:55:27.130000+00:00,1.0,S
471,3075,2021-03-20T17:55:23.990000+00:00,1.0,P
471,3389,2021-03-20T17:55:27.130000+00:00,1.0,S
472,3075,2021-03-20T17:55:23.990000+00:00,1.0,P
472,3389,2021-03-20T17:55:27.130000+00:00,1.0,S
473,3075,2021-03-20T17:55:23.990000+00:00,1.0,P
473,3389,2021-03-20T17:55:27.130000+00:00,1.0,S
474,3075,2021-03-20T17:55:23.990000+00:00,1.0,P
474,3389,2021-03-20T17:55:27.130000+00:00,1.0,S
475,3075,2021-03-20T17:55:23.990000+00:00,1.0,P
475,3389,2021-03-20T17:55:27.130000+00:00,1.0,S
476,3075,2021-03-20T17:55:23.990000+00:00,1.0,P
476,3389,2021-03-20T17:55:27.130000+00:00,1.0,S
477,3075,2021-03-20T17:55:23.990000+00:00,1.0,P
477,3389,2021-03-20T17:55:27.130000+00:00,1.0,S
478,3075,2021-03-20T17:55:23.990000+00:00,1.0,P
478,3389,2021-03-20T17:55:27.130000+00:00,1.0,S
479,3075,2021-03-20T17:55:23.990000+00:00,1.0,P
479,3389,2021-03-20T17:55:27.130000+00:00,1.0,S
480,3075,2021-03-20T17:55:23.990000+00:00,1.0,P
480,3389,2021-03-20T17:55:27.130000+00:00,1.0,S
481,3075,2021-03-20T17:55:23.990000+00:00,1.0,P
481,3389,2021-03-20T17:55:27.130000+00:00,1.0,S
482,3075,2021-03-20T17:55:23.990000+00:00,1.0,P
482,3389,2021-03-20T17:55:27.130000+00:00,1.0,S
483,3075,2021-03-20T17:55:23.990000+00:00,1.0,P
483,3389,2021-03-20T17:55:27.130000+00:00,1.0,S
484,3075,2021-03-20T17:55:23.990000+00:00,1.0,P
484,3389,2021-03-20T17:55:27.130000+00:00,1.0,S
485,3075,2021-03-20T17:55:23.990000+00:00,1.0,P
485,3389,2021-03-20T17:55:27.130000+00:00,1.0,S
486,3075,2021-03-20T17:55:23.990000+00:00,1.0,P
486,3389,2021-03-20T17:55:27.130000+00:00,1.0,S
487,3075,2021-03-20T17:55:23.990000+00:00,1.0,P
487,3389,2021-03-20T17:55:27.130000+00:00,1.0,S
488,3075,2021-03-20T17:55:23.990000+00:00,1.0,P
488,3389,2021-03-20T17:55:27.130000+00:00,1.0,S
489,3075,2021-03-20T17:55:23.990000+00:00,1.0,P
489,3389,2021-03-20T17:55:27.130000+00:00,1.0,S
490,3075,2021-03-20T17:55:23.990000+00:00,1.0,P
490,3389,2021-03-20T17:55:27.130000+00:00,1.0,S
491,3075,2021-03-20T17:55:23.990000+00:00,1.0,P
491,3388,2021-03-20T17:55:27.120000+00:00,1.0,S
492,3074,2021-03-20T17:55:23.980000+00:00,1.0,P
492,3388,2021-03-20T17:55:27.120000+00:00,1.0,S
493,3074,2021-03-20T17:55:23.980000+00:00,1.0,P
493,3388,2021-03-20T17:55:27.120000+00:00,1.0,S
494,3074,2021-03-20T17:55:23.980000+00:00,1.0,P
494,3388,2021-03-20T17:55:27.120000+00:00,1.0,S
495,3074,2021-03-20T17:55:23.980000+00:00,1.0,P
495,3388,2021-03-20T17:55:27.120000+00:00,1.0,S
496,3074,2021-03-20T17:55:23.980000+00:00,1.0,P
496,3388,2021-03-20T17:55:27.120000+00:00,1.0,S
497,3074,2021-03-20T17:55:23.980000+00:00,1.0,P
497,3388,2021-03-20T17:55:27.120000+00:00,1.0,S
498,3074,2021-03-20T17:55:23.980000+00:00,1.0,P
498,3388,2021-03-20T17:55:27.120000+00:00,1.0,S
499,3074,2021-03-20T17:55:23.980000+00:00,1.0,P
499,3388,2021-03-20T17:55:27.120000+00:00,1.0,S
500,3074,2021-03-20T17:55:23.980000+00:00,1.0,P
500,3388,2021-03-20T17:55:27.120000+00:00,1.0,S
501,3074,2021-03-20T17:55:23.980000+00:00,1.0,P
501,3387,2021-03-20T17:55:27.109999+00:00,1.0,S
502,3074,2021-03-20T17:55:23.980000+00:00,1.0,P
502,3387,2021-03-20T17:55:27.109999+00:00,1.0,S
503,3074,2021-03-20T17:55:23.980000+00:00,1.0,P
503,3387,2021-03-20T17:55:27.109999+00:00,1.0,S
504,3073,2021-03-20T17:55:23.970000+00:00,1.0,P
504,3387,2021-03-20T17:55:27.109999+00:00,1.0,S
505,3073,2021-03-20T17:55:23.970000+00:00,1.0,P
505,3387,2021-03-20T17:55:27.109999+00:00,1.0,S
506,3073,2021-03-20T17:55:23.970000+00:00,1.0,P
506,3387,2021-03-20T17:55:27.109999+00:00,1.0,S
507,3073,2021-03-20T17:55:23.970000+00:00,1.0,P
507,3386,2021-03-20T17:55:27.100000+00:00,1.0,S
508,3073,2021-03-20T17:55:23.970000+00:00,1.0,P
508,3386,2021-03-20T17:55:27.100000+00:00,1.0,S
509,3073,2021-03-20T17:55:23.970000+00:00,1.0,P
509,3386,2021-03-20T17:55:27.100000+00:00,1.0,S
510,3073,2021-03-20T17:55:23.970000+00:00,1.0,P
510,3386,2021-03-20T17:55:27.100000+00:00,1.0,S
511,3073,2021-03-20T17:55:23.970000+00:00,1.0,P
511,3386,2021-03-20T17:55:27.100000+00:00,1.0,S
512,3073,2021-03-20T17:55:23.970000+00:00,1.0,P
512,3386,2021-03-20T17:55:27.100000+00:00,1.0,S
513,3073,2021-03-20T17:55:23.970000+00:00,1.0,P
513,3385,2021-03-20T17:55:27.090000+00:00,1.0,S
514,3073,2021-03-20T17:55:23.970000+00:00,1.0,P
514,3385,2021-03-20T17:55:27.090000+00:00,1.0,S
515,3073,2021-03-20T17:55:23.970000+00:00,1.0,P
515,3385,2021-03-20T17:55:27.090000+00:00,1.0,S
516,3072,2021-03-20T17:55:23.960000+00:00,1.0,P
516,3385,2021-03-20T17:55:27.090000+00:00,1.0,S
517,3072,2021-03-20T17:55:23.960000+00:00,1.0,P
517,3385,2021-03-20T17:55:27.090000+00:00,1.0,S
518,3072,2021-03-20T17:55:23.960000+00:00,1.0,P
518,3385,2021-03-20T17:55:27.090000+00:00,1.0,S
519,3072,2021-03-20T17:55:23.960000+00:00,1.0,P
519,3384,2021-03-20T17:55:27.080000+00:00,1.0,S
520,3072,2021-03-20T17:55:23.960000+00:00,1.0,P
520,3384,2021-03-20T17:55:27.080000+00:00,1.0,S
521,3072,2021-03-20T17:55:23.960000+00:00,1.0,P
521,3384,2021-03-20T17:55:27.080000+00:00,1.0,S
522,3072,2021-03-20T17:55:23.960000+00:00,1.0,P
522,3384,2021-03-20T17:55:27.080000+00:00,1.0,S
523,3072,2021-03-20T17:55:23.960000+00:00,1.0,P
523,3384,2021-03-20T17:55:27.080000+00:00,1.0,S
524,3072,2021-03-20T17:55:23.960000+00:00,1.0,P
524,3384,2021-03-20T17:55:27.080000+00:00,1.0,S
525,3072,2021-03-20T17:55:23.960000+00:00,1.0,P
525,3384,2021-03-20T17:55:27.080000+00:00,1.0,S
526,3072,2021-03-20T17:55:23.960000+00:00,1.0,P
526,3384,2021-03-20T17:55:27.080000+00:00,1.0,S
527,3072,2021-03-20T17:55:23.960000+00:00,1.0,P
527,3384,2021-03-20T17:55:27.080000+00:00,1.0,S
528,3071,2021-03-20T17:55:23.950000+00:00,1.0,P
528,3383,2021-03-20T17:55:27.070000+00:00,1.0,S
529,3071,2021-03-20T17:55:23.950000+00:00,1.0,P
529,3383,2021-03-20T17:55:27.070000+00:00,1.0,S
530,3071,2021-03-20T17:55:23.950000+00:00,1.0,P
530,3383,2021-03-20T17:55:27.070000+00:00,1.0,S
531,3071,2021-03-20T17:55:23.950000+00:00,1.0,P
531,3383,2021-03-20T17:55:27.070000+00:00,1.0,S
532,3071,2021-03-20T17:55:23.950000+00:00,1.0,P
532,3383,2021-03-20T17:55:27.070000+00:00,1.0,S
533,3071,2021-03-20T17:55:23.950000+00:00,1.0,P
533,3383,2021-03-20T17:55:27.070000+00:00,1.0,S
534,3071,2021-03-20T17:55:23.950000+00:00,1.0,P
534,3383,2021-03-20T17:55:27.070000+00:00,1.0,S
535,3071,2021-03-20T17:55:23.950000+00:00,1.0,P
535,3383,2021-03-20T17:55:27.070000+00:00,1.0,S
536,3071,2021-03-20T17:55:23.950000+00:00,1.0,P
536,3382,2021-03-20T17:55:27.060000+00:00,1.0,S
537,3071,2021-03-20T17:55:23.950000+00:00,1.0,P
537,3382,2021-03-20T17:55:27.060000+00:00,1.0,S
538,3070,2021-03-20T17:55:23.940000+00:00,1.0,P
538,3382,2021-03-20T17:55:27.060000+00:00,1.0,S
539,3070,2021-03-20T17:55:23.940000+00:00,1.0,P
539,3382,2021-03-20T17:55:27.060000+00:00,1.0,S
540,3070,2021-03-20T17:55:23.940000+00:00,1.0,P
540,3382,2021-03-20T17:55:27.060000+00:00,1.0,S
541,3070,2021-03-20T17:55:23.940000+00:00,1.0,P
541,3382,2021-03-20T17:55:27.060000+00:00,1.0,S
542,3070,2021-03-20T17:55:23.940000+00:00,1.0,P
542,3381,2021-03-20T17:55:27.050000+00:00,1.0,S
543,3070,2021-03-20T17:55:23.940000+00:00,1.0,P
543,3381,2021-03-20T17:55:27.050000+00:00,1.0,S
544,3070,2021-03-20T17:55:23.940000+00:00,1.0,P
544,3381,2021-03-20T17:55:27.050000+00:00,1.0,S
545,3070,2021-03-20T17:55:23.940000+00:00,1.0,P
545,3381,2021-03-20T17:55:27.050000+00:00,1.0,S
546,3070,2021-03-20T17:55:23.940000+00:00,1.0,P
546,3381,2021-03-20T17:55:27.050000+00:00,1.0,S
547,3069,2021-03-20T17:55:23.930000+00:00,1.0,P
547,3380,2021-03-20T17:55:27.039999+00:00,1.0,S
548,3069,2021-03-20T17:55:23.930000+00:00,1.0,P
548,3380,2021-03-20T17:55:27.039999+00:00,1.0,S
549,3069,2021-03-20T17:55:23.930000+00:00,1.0,P
549,3380,2021-03-20T17:55:27.039999+00:00,1.0,S
550,3069,2021-03-20T17:55:23.930000+00:00,1.0,P
550,3380,2021-03-20T17:55:27.039999+00:00,1.0,S
551,3069,2021-03-20T17:55:23.930000+00:00,1.0,P
551,3380,2021-03-20T17:55:27.039999+00:00,1.0,S
552,3069,2021-03-20T17:55:23.930000+00:00,1.0,P
552,3380,2021-03-20T17:55:27.039999+00:00,1.0,S
553,3069,2021-03-20T17:55:23.930000+00:00,1.0,P
553,3379,2021-03-20T17:55:27.030000+00:00,1.0,S
554,3069,2021-03-20T17:55:23.930000+00:00,1.0,P
554,3379,2021-03-20T17:55:27.030000+00:00,1.0,S
555,3069,2021-03-20T17:55:23.930000+00:00,1.0,P
555,3379,2021-03-20T17:55:27.030000+00:00,1.0,S
556,3068,2021-03-20T17:55:23.920000+00:00,1.0,P
556,3379,2021-03-20T17:55:27.030000+00:00,1.0,S
557,3068,2021-03-20T17:55:23.920000+00:00,1.0,P
557,3378,2021-03-20T17:55:27.020000+00:00,1.0,S
558,3068,2021-03-20T17:55:23.920000+00:00,1.0,P
558,3378,2021-03-20T17:55:27.020000+00:00,1.0,S
559,3068,2021-03-20T17:55:23.920000+00:00,1.0,P
559,3378,2021-03-20T17:55:27.020000+00:00,1.0,S
560,3068,2021-03-20T17:55:23.920000+00:00,1.0,P
560,3378,2021-03-20T17:55:27.020000+00:00,1.0,S
561,3068,2021-03-20T17:55:23.920000+00:00,1.0,P
561,3377,2021-03-20T17:55:27.010000+00:00,1.0,S
562,3068,2021-03-20T17:55:23.920000+00:00,1.0,P
562,3377,2021-03-20T17:55:27.010000+00:00,1.0,S
563,3068,2021-03-20T17:55:23.920000+00:00,1.0,P
563,3377,2021-03-20T17:55:27.010000+00:00,1.0,S
564,3067,2021-03-20T17:55:23.910000+00:00,1.0,P
564,3377,2021-03-20T17:55:27.010000+00:00,1.0,S
565,3067,2021-03-20T17:55:23.910000+00:00,1.0,P
565,3377,2021-03-20T17:55:27.010000+00:00,1.0,S
566,3067,2021-03-20T17:55:23.910000+00:00,1.0,P
566,3377,2021-03-20T17:55:27.010000+00:00,1.0,S
567,3067,2021-03-20T17:55:23.910000+00:00,1.0,P
567,3377,2021-03-20T17:55:27.010000+00:00,1.0,S
568,3067,2021-03-20T17:55:23.910000+00:00,1.0,P
568,3376,2021-03-20T17:55:26.999999+00:00,1.0,S
569,3067,2021-03-20T17:55:23.910000+00:00,1.0,P
569,3376,2021-03-20T17:55:26.999999+00:00,1.0,S
570,3067,2021-03-20T17:55:23.910000+00:00,1.0,P
570,3376,2021-03-20T17:55:26.999999+00:00,1.0,S
571,3067,2021-03-20T17:55:23.910000+00:00,1.0,P
571,3376,2021-03-20T17:55:26.999999+00:00,1.0,S
572,3066,2021-03-20T17:55:23.900000+00:00,1.0,P
572,3376,2021-03-20T17:55:26.999999+00:00,1.0,S
573,3066,2021-03-20T17:55:23.900000+00:00,1.0,P
573,3376,2021-03-20T17:55:26.999999+00:00,1.0,S
574,3066,2021-03-20T17:55:23.900000+00:00,1.0,P
574,3376,2021-03-20T17:55:26.999999+00:00,1.0,S
575,3066,2021-03-20T17:55:23.900000+00:00,1.0,P
575,3376,2021-03-20T17:55:26.999999+00:00,1.0,S
576,3066,2021-03-20T17:55:23.900000+00:00,1.0,P
576,3376,2021-03-20T17:55:26.999999+00:00,1.0,S
577,3066,2021-03-20T17:55:23.900000+00:00,1.0,P
577,3376,2021-03-20T17:55:26.999999+00:00,1.0,S
578,3066,2021-03-20T17:55:23.900000+00:00,1.0,P
578,3376,2021-03-20T17:55:26.999999+00:00,1.0,S
579,3065,2021-03-20T17:55:23.890000+00:00,1.0,P
579,3376,2021-03-20T17:55:26.999999+00:00,1.0,S
580,3065,2021-03-20T17:55:23.890000+00:00,1.0,P
580,3376,2021-03-20T17:55:26.999999+00:00,1.0,S
581,3065,2021-03-20T17:55:23.890000+00:00,1.0,P
581,3375,2021-03-20T17:55:26.990000+00:00,1.0,S
582,3065,2021-03-20T17:55:23.890000+00:00,1.0,P
582,3375,2021-03-20T17:55:26.990000+00:00,1.0,S
583,3065,2021-03-20T17:55:23.890000+00:00,1.0,P
583,3375,2021-03-20T17:55:26.990000+00:00,1.0,S
584,3065,2021-03-20T17:55:23.890000+00:00,1.0,P
584,3375,2021-03-20T17:55:26.990000+00:00,1.0,S
585,3065,2021-03-20T17:55:23.890000+00:00,1.0,P
585,3375,2021-03-20T17:55:26.990000+00:00,1.0,S
586,3065,2021-03-20T17:55:23.890000+00:00,1.0,P
586,3375,2021-03-20T17:55:26.990000+00:00,1.0,S
587,3064,2021-03-20T17:55:23.880000+00:00,1.0,P
587,3375,2021-03-20T17:55:26.990000+00:00,1.0,S
588,3064,2021-03-20T17:55:23.880000+00:00,1.0,P
588,3375,2021-03-20T17:55:26.990000+00:00,1.0,S
589,3064,2021-03-20T17:55:23.880000+00:00,1.0,P
589,3375,2021-03-20T17:55:26.990000+00:00,1.0,S
590,3064,2021-03-20T17:55:23.880000+00:00,1.0,P
590,3375,2021-03-20T17:55:26.990000+00:00,1.0,S
591,3064,2021-03-20T17:55:23.880000+00:00,1.0,P
591,3375,2021-03-20T17:55:26.990000+00:00,1.0,S
592,3064,2021-03-20T17:55:23.880000+00:00,1.0,P
592,3375,2021-03-20T17:55:26.990000+00:00,1.0,S
593,3064,2021-03-20T17:55:23.880000+00:00,1.0,P
593,3375,2021-03-20T17:55:26.990000+00:00,1.0,S
594,3063,2021-03-20T17:55:23.870000+00:00,1.0,P
594,3375,2021-03-20T17:55:26.990000+00:00,1.0,S
595,3063,2021-03-20T17:55:23.870000+00:00,1.0,P
595,3375,2021-03-20T17:55:26.990000+00:00,1.0,S
596,3063,2021-03-20T17:55:23.870000+00:00,1.0,P
596,3374,2021-03-20T17:55:26.980000+00:00,1.0,S
597,3063,2021-03-20T17:55:23.870000+00:00,1.0,P
597,3374,2021-03-20T17:55:26.980000+00:00,1.0,S
598,3063,2021-03-20T17:55:23.870000+00:00,1.0,P
598,3374,2021-03-20T17:55:26.980000+00:00,1.0,S
599,3063,2021-03-20T17:55:23.870000+00:00,1.0,P
599,3374,2021-03-20T17:55:26.980000+00:00,1.0,S
600,3063,2021-03-20T17:55:23.870000+00:00,1.0,P
600,3374,2021-03-20T17:55:26.980000+00:00,1.0,S
601,3063,2021-03-20T17:55:23.870000+00:00,1.0,P
601,3374,2021-03-20T17:55:26.980000+00:00,1.0,S
602,3063,2021-03-20T17:55:23.870000+00:00,1.0,P
602,3374,2021-03-20T17:55:26.980000+00:00,1.0,S
603,3062,2021-03-20T17:55:23.860000+00:00,1.0,P
603,3374,2021-03-20T17:55:26.980000+00:00,1.0,S
604,3062,2021-03-20T17:55:23.860000+00:00,1.0,P
604,3374,2021-03-20T17:55:26.980000+00:00,1.0,S
605,3062,2021-03-20T17:55:23.860000+00:00,1.0,P
605,3374,2021-03-20T17:55:26.980000+00:00,1.0,S
606,3062,2021-03-20T17:55:23.860000+00:00,1.0,P
606,3374,2021-03-20T17:55:26.980000+00:00,1.0,S
607,3062,2021-03-20T17:55:23.860000+00:00,1.0,P
607,3374,2021-03-20T17:55:26.980000+00:00,1.0,S
608,3062,2021-03-20T17:55:23.860000+00:00,1.0,P
608,3373,2021-03-20T17:55:26.970000+00:00,1.0,S
609,3062,2021-03-20T17:55:23.860000+00:00,1.0,P
609,3373,2021-03-20T17:55:26.970000+00:00,1.0,S
610,3061,2021-03-20T17:55:23.850000+00:00,1.0,P
610,3373,2021-03-20T17:55:26.970000+00:00,1.0,S
611,3061,2021-03-20T17:55:23.850000+00:00,1.0,P
611,3373,2021-03-20T17:55:26.970000+00:00,1.0,S
612,3061,2021-03-20T17:55:23.850000+00:00,1.0,P
612,3373,2021-03-20T17:55:26.970000+00:00,1.0,S
613,3061,2021-03-20T17:55:23.850000+00:00,1.0,P
613,3373,2021-03-20T17:55:26.970000+00:00,1.0,S
614,3061,2021-03-20T17:55:23.850000+00:00,1.0,P
614,3373,2021-03-20T17:55:26.970000+00:00,1.0,S
615,3061,2021-03-20T17:55:23.850000+00:00,1.0,P
615,3373,2021-03-20T17:55:26.970000+00:00,1.0,S
616,3061,2021-03-20T17:55:23.850000+00:00,1.0,P
616,3373,2021-03-20T17:55:26.970000+00:00,1.0,S
617,3061,2021-03-20T17:55:23.850000+00:00,1.0,P
617,3373,2021-03-20T17:55:26.970000+00:00,1.0,S
618,3060,2021-03-20T17:55:23.840000+00:00,1.0,P
618,3373,2021-03-20T17:55:26.970000+00:00,1.0,S
619,3060,2021-03-20T17:55:23.840000+00:00,1.0,P
619,3372,2021-03-20T17:55:26.960000+00:00,1.0,S
620,3060,2021-03-20T17:55:23.840000+00:00,1.0,P
620,3372,2021-03-20T17:55:26.960000+00:00,1.0,S
621,3060,2021-03-20T17:55:23.840000+00:00,1.0,P
621,3372,2021-03-20T17:55:26.960000+00:00,1.0,S
622,3060,2021-03-20T17:55:23.840000+00:00,1.0,P
622,3372,2021-03-20T17:55:26.960000+00:00,1.0,S
623,3060,2021-03-20T17:55:23.840000+00:00,1.0,P
623,3372,2021-03-20T17:55:26.960000+00:00,1.0,S
624,3060,2021-03-20T17:55:23.840000+00:00,1.0,P
624,3372,2021-03-20T17:55:26.960000+00:00,1.0,S
625,3060,2021-03-20T17:55:23.840000+00:00,1.0,P
625,3371,2021-03-20T17:55:26.950000+00:00,1.0,S
626,3059,2021-03-20T17:55:23.830000+00:00,1.0,P
626,3371,2021-03-20T17:55:26.950000+00:00,1.0,S
627,3059,2021-03-20T17:55:23.830000+00:00,1.0,P
627,3371,2021-03-20T17:55:26.950000+00:00,1.0,S
628,3059,2021-03-20T17:55:23.830000+00:00,1.0,P
628,3371,2021-03-20T17:55:26.950000+00:00,1.0,S
629,3059,2021-03-20T17:55:23.830000+00:00,1.0,P
629,3371,2021-03-20T17:55:26.950000+00:00,1.0,S
630,3059,2021-03-20T17:55:23.830000+00:00,1.0,P
630,3371,2021-03-20T17:55:26.950000+00:00,1.0,S
631,3059,2021-03-20T17:55:23.830000+00:00,1.0,P
631,3371,2021-03-20T17:55:26.950000+00:00,1.0,S
632,3059,2021-03-20T17:55:23.830000+00:00,1.0,P
632,3371,2021-03-20T17:55:26.950000+00:00,1.0,S
633,3059,2021-03-20T17:55:23.830000+00:00,1.0,P
633,3371,2021-03-20T17:55:26.950000+00:00,1.0,S
634,3058,2021-03-20T17:55:23.820000+00:00,1.0,P
634,3371,2021-03-20T17:55:26.950000+00:00,1.0,S
635,3058,2021-03-20T17:55:23.820000+00:00,1.0,P
635,3371,2021-03-20T17:55:26.950000+00:00,1.0,S
636,3058,2021-03-20T17:55:23.820000+00:00,1.0,P
636,3371,2021-03-20T17:55:26.950000+00:00,1.0,S
637,3058,2021-03-20T17:55:23.820000+00:00,1.0,P
637,3371,2021-03-20T17:55:26.950000+00:00,1.0,S
638,3058,2021-03-20T17:55:23.820000+00:00,1.0,P
638,3371,2021-03-20T17:55:26.950000+00:00,1.0,S
639,3058,2021-03-20T17:55:23.820000+00:00,1.0,P
639,3371,2021-03-20T17:55:26.950000+00:00,1.0,S
640,3058,2021-03-20T17:55:23.820000+00:00,1.0,P
640,3371,2021-03-20T17:55:26.950000+00:00,1.0,S
641,3058,2021-03-20T17:55:23.820000+00:00,1.0,P
641,3371,2021-03-20T17:55:26.950000+00:00,1.0,S
642,3057,2021-03-20T17:55:23.810000+00:00,1.0,P
642,3370,2021-03-20T17:55:26.940000+00:00,1.0,S
643,3057,2021-03-20T17:55:23.810000+00:00,1.0,P
643,3370,2021-03-20T17:55:26.940000+00:00,1.0,S
644,3057,2021-03-20T17:55:23.810000+00:00,1.0,P
644,3370,2021-03-20T17:55:26.940000+00:00,1.0,S
645,3057,2021-03-20T17:55:23.810000+00:00,1.0,P
645,3370,2021-03-20T17:55:26.940000+00:00,1.0,S
646,3057,2021-03-20T17:55:23.810000+00:00,1.0,P
646,3370,2021-03-20T17:55:26.940000+00:00,1.0,S
647,3057,2021-03-20T17:55:23.810000+00:00,1.0,P
647,3370,2021-03-20T17:55:26.940000+00:00,1.0,S
648,3057,2021-03-20T17:55:23.810000+00:00,1.0,P
648,3370,2021-03-20T17:55:26.940000+00:00,1.0,S
649,3057,2021-03-20T17:55:23.810000+00:00,1.0,P
649,3370,2021-03-20T17:55:26.940000+00:00,1.0,S
650,3057,2021-03-20T17:55:23.810000+00:00,1.0,P
650,3370,2021-03-20T17:55:26.940000+00:00,1.0,S
651,3056,2021-03-20T17:55:23.800000+00:00,1.0,P
651,3370,2021-03-20T17:55:26.940000+00:00,1.0,S
652,3056,2021-03-20T17:55:23.800000+00:00,1.0,P
652,3370,2021-03-20T17:55:26.940000+00:00,1.0,S
653,3056,2021-03-20T17:55:23.800000+00:00,1.0,P
653,3370,2021-03-20T17:55:26.940000+00:00,1.0,S
654,3056,2021-03-20T17:55:23.800000+00:00,1.0,P
654,3370,2021-03-20T17:55:26.940000+00:00,1.0,S
655,3056,2021-03-20T17:55:23.800000+00:00,1.0,P
655,3370,2021-03-20T17:55:26.940000+00:00,1.0,S
656,3056,2021-03-20T17:55:23.800000+00:00,1.0,P
656,3370,2021-03-20T17:55:26.940000+00:00,1.0,S
657,3056,2021-03-20T17:55:23.800000+00:00,1.0,P
657,3370,2021-03-20T17:55:26.940000+00:00,1.0,S
658,3056,2021-03-20T17:55:23.800000+00:00,1.0,P
658,3370,2021-03-20T17:55:26.940000+00:00,1.0,S
659,3055,2021-03-20T17:55:23.790000+00:00,1.0,P
659,3370,2021-03-20T17:55:26.940000+00:00,1.0,S
660,3055,2021-03-20T17:55:23.790000+00:00,1.0,P
660,3370,2021-03-20T17:55:26.940000+00:00,1.0,S
661,3055,2021-03-20T17:55:23.790000+00:00,1.0,P
661,3370,2021-03-20T17:55:26.940000+00:00,1.0,S
662,3055,2021-03-20T17:55:23.790000+00:00,1.0,P
662,3370,2021-03-20T17:55:26.940000+00:00,1.0,S
663,3055,2021-03-20T17:55:23.790000+00:00,1.0,P
663,3370,2021-03-20T17:55:26.940000+00:00,1.0,S
664,3055,2021-03-20T17:55:23.790000+00:00,1.0,P
664,3370,2021-03-20T17:55:26.940000+00:00,1.0,S
665,3055,2021-03-20T17:55:23.790000+00:00,1.0,P
665,3370,2021-03-20T17:55:26.940000+00:00,1.0,S
666,3055,2021-03-20T17:55:23.790000+00:00,1.0,P
666,3370,2021-03-20T17:55:26.940000+00:00,1.0,S
667,3055,2021-03-20T17:55:23.790000+00:00,1.0,P
667,3370,2021-03-20T17:55:26.940000+00:00,1.0,S
668,3054,2021-03-20T17:55:23.780000+00:00,1.0,P
668,3370,2021-03-20T17:55:26.940000+00:00,1.0,S
669,3054,2021-03-20T17:55:23.780000+00:00,1.0,P
669,3370,2021-03-20T17:55:26.940000+00:00,1.0,S
670,3054,2021-03-20T17:55:23.780000+00:00,1.0,P
670,3370,2021-03-20T17:55:26.940000+00:00,1.0,S
671,3054,2021-03-20T17:55:23.780000+00:00,1.0,P
671,3369,2021-03-20T17:55:26.929999+00:00,1.0,S
672,3054,2021-03-20T17:55:23.780000+00:00,1.0,P
672,3369,2021-03-20T17:55:26.929999+00:00,1.0,S
673,3054,2021-03-20T17:55:23.780000+00:00,1.0,P
673,3369,2021-03-20T17:55:26.929999+00:00,1.0,S
674,3054,2021-03-20T17:55:23.780000+00:00,1.0,P
674,3369,2021-03-20T17:55:26.929999+00:00,1.0,S
675,3054,2021-03-20T17:55:23.780000+00:00,1.0,P
675,3369,2021-03-20T17:55:26.929999+00:00,1.0,S
676,3053,2021-03-20T17:55:23.770000+00:00,1.0,P
676,3369,2021-03-20T17:55:26.929999+00:00,1.0,S
677,3053,2021-03-20T17:55:23.770000+00:00,1.0,P
677,3369,2021-03-20T17:55:26.929999+00:00,1.0,S
678,3053,2021-03-20T17:55:23.770000+00:00,1.0,P
678,3369,2021-03-20T17:55:26.929999+00:00,1.0,S
679,3053,2021-03-20T17:55:23.770000+00:00,1.0,P
679,3368,2021-03-20T17:55:26.920000+00:00,1.0,S
680,3053,2021-03-20T17:55:23.770000+00:00,1.0,P
680,3368,2021-03-20T17:55:26.920000+00:00,1.0,S
681,3053,2021-03-20T17:55:23.770000+00:00,1.0,P
681,3368,2021-03-20T17:55:26.920000+00:00,1.0,S
682,3053,2021-03-20T17:55:23.770000+00:00,1.0,P
682,3368,2021-03-20T17:55:26.920000+00:00,1.0,S
683,3053,2021-03-20T17:55:23.770000+00:00,1.0,P
683,3368,2021-03-20T17:55:26.920000+00:00,1.0,S
684,3053,2021-03-20T17:55:23.770000+00:00,1.0,P
684,3368,2021-03-20T17:55:26.920000+00:00,1.0,S
685,3053,2021-03-20T17:55:23.770000+00:00,1.0,P
685,3368,2021-03-20T17:55:26.920000+00:00,1.0,S
686,3052,2021-03-20T17:55:23.760000+00:00,1.0,P
686,3367,2021-03-20T17:55:26.910000+00:00,1.0,S
687,3052,2021-03-20T17:55:23.760000+00:00,1.0,P
687,3367,2021-03-20T17:55:26.910000+00:00,1.0,S
688,3052,2021-03-20T17:55:23.760000+00:00,1.0,P
688,3367,2021-03-20T17:55:26.910000+00:00,1.0,S
689,3052,2021-03-20T17:55:23.760000+00:00,1.0,P
689,3367,2021-03-20T17:55:26.910000+00:00,1.0,S
690,3052,2021-03-20T17:55:23.760000+00:00,1.0,P
690,3367,2021-03-20T17:55:26.910000+00:00,1.0,S
691,3052,2021-03-20T17:55:23.760000+00:00,1.0,P
691,3367,2021-03-20T17:55:26.910000+00:00,1.0,S
692,3052,2021-03-20T17:55:23.760000+00:00,1.0,P
692,3366,2021-03-20T17:55:26.900000+00:00,1.0,S
693,3052,2021-03-20T17:55:23.760000+00:00,1.0,P
693,3366,2021-03-20T17:55:26.900000+00:00,1.0,S
694,3052,2021-03-20T17:55:23.760000+00:00,1.0,P
694,3366,2021-03-20T17:55:26.900000+00:00,1.0,S
695,3052,2021-03-20T17:55:23.760000+00:00,1.0,P
695,3366,2021-03-20T17:55:26.900000+00:00,1.0,S
696,3052,2021-03-20T17:55:23.760000+00:00,1.0,P
696,3366,2021-03-20T17:55:26.900000+00:00,1.0,S
697,3052,2021-03-20T17:55:23.760000+00:00,1.0,P
697,3366,2021-03-20T17:55:26.900000+00:00,1.0,S
698,3051,2021-03-20T17:55:23.750000+00:00,1.0,P
698,3365,2021-03-20T17:55:26.890000+00:00,1.0,S
699,3051,2021-03-20T17:55:23.750000+00:00,1.0,P
699,3365,2021-03-20T17:55:26.890000+00:00,1.0,S
700,3051,2021-03-20T17:55:23.750000+00:00,1.0,P
700,3365,2021-03-20T17:55:26.890000+00:00,1.0,S
701,3051,2021-03-20T17:55:23.750000+00:00,1.0,P
701,3365,2021-03-20T17:55:26.890000+00:00,1.0,S
702,3051,2021-03-20T17:55:23.750000+00:00,1.0,P
702,3365,2021-03-20T17:55:26.890000+00:00,1.0,S
703,3051,2021-03-20T17:55:23.750000+00:00,1.0,P
703,3365,2021-03-20T17:55:26.890000+00:00,1.0,S
704,3051,2021-03-20T17:55:23.750000+00:00,1.0,P
704,3365,2021-03-20T17:55:26.890000+00:00,1.0,S
705,3051,2021-03-20T17:55:23.750000+00:00,1.0,P
705,3365,2021-03-20T17:55:26.890000+00:00,1.0,S
706,3051,2021-03-20T17:55:23.750000+00:00,1.0,P
706,3365,2021-03-20T17:55:26.890000+00:00,1.0,S
707,3051,2021-03-20T17:55:23.750000+00:00,1.0,P
707,3365,2021-03-20T17:55:26.890000+00:00,1.0,S
708,3051,2021-03-20T17:55:23.750000+00:00,1.0,P
708,3365,2021-03-20T17:55:26.890000+00:00,1.0,S
709,3051,2021-03-20T17:55:23.750000+00:00,1.0,P
709,3365,2021-03-20T17:55:26.890000+00:00,1.0,S
710,3051,2021-03-20T17:55:23.750000+00:00,1.0,P
710,3364,2021-03-20T17:55:26.880000+00:00,1.0,S
711,3050,2021-03-20T17:55:23.740000+00:00,1.0,P
711,3364,2021-03-20T17:55:26.880000+00:00,1.0,S
712,3050,2021-03-20T17:55:23.740000+00:00,1.0,P
712,3364,2021-03-20T17:55:26.880000+00:00,1.0,S
713,3050,2021-03-20T17:55:23.740000+00:00,1.0,P
713,3364,2021-03-20T17:55:26.880000+00:00,1.0,S
714,3050,2021-03-20T17:55:23.740000+00:00,1.0,P
714,3364,2021-03-20T17:55:26.880000+00:00,1.0,S
715,3050,2021-03-20T17:55:23.740000+00:00,1.0,P
715,3364,2021-03-20T17:55:26.880000+00:00,1.0,S
716,3050,2021-03-20T17:55:23.740000+00:00,1.0,P
716,3364,2021-03-20T17:55:26.880000+00:00,1.0,S
717,3050,2021-03-20T17:55:23.740000+00:00,1.0,P
717,3364,2021-03-20T17:55:26.880000+00:00,1.0,S
718,3050,2021-03-20T17:55:23.740000+00:00,1.0,P
718,3364,2021-03-20T17:55:26.880000+00:00,1.0,S
719,3050,2021-03-20T17:55:23.740000+00:00,1.0,P
719,3364,2021-03-20T17:55:26.880000+00:00,1.0,S
720,3050,2021-03-20T17:55:23.740000+00:00,1.0,P
720,3363,2021-03-20T17:55:26.870000+00:00,1.0,S
721,3050,2021-03-20T17:55:23.740000+00:00,1.0,P
721,3363,2021-03-20T17:55:26.870000+00:00,1.0,S
722,3050,2021-03-20T17:55:23.740000+00:00,1.0,P
722,3363,2021-03-20T17:55:26.870000+00:00,1.0,S
723,3050,2021-03-20T17:55:23.740000+00:00,1.0,P
723,3363,2021-03-20T17:55:26.870000+00:00,1.0,S
724,3050,2021-03-20T17:55:23.740000+00:00,1.0,P
724,3363,2021-03-20T17:55:26.870000+00:00,1.0,S
725,3050,2021-03-20T17:55:23.740000+00:00,1.0,P
725,3363,2021-03-20T17:55:26.870000+00:00,1.0,S
726,3050,2021-03-20T17:55:23.740000+00:00,1.0,P
726,3363,2021-03-20T17:55:26.870000+00:00,1.0,S
727,3050,2021-03-20T17:55:23.740000+00:00,1.0,P
727,3363,2021-03-20T17:55:26.870000+00:00,1.0,S
728,3050,2021-03-20T17:55:23.740000+00:00,1.0,P
728,3363,2021-03-20T17:55:26.870000+00:00,1.0,S
729,3049,2021-03-20T17:55:23.730000+00:00,1.0,P
729,3362,2021-03-20T17:55:26.859999+00:00,1.0,S
730,3049,2021-03-20T17:55:23.730000+00:00,1.0,P
730,3362,2021-03-20T17:55:26.859999+00:00,1.0,S
731,3049,2021-03-20T17:55:23.730000+00:00,1.0,P
731,3362,2021-03-20T17:55:26.859999+00:00,1.0,S
732,3049,2021-03-20T17:55:23.730000+00:00,1.0,P
732,3362,2021-03-20T17:55:26.859999+00:00,1.0,S
733,3049,2021-03-20T17:55:23.730000+00:00,1.0,P
733,3362,2021-03-20T17:55:26.859999+00:00,1.0,S
734,3049,2021-03-20T17:55:23.730000+00:00,1.0,P
734,3362,2021-03-20T17:55:26.859999+00:00,1.0,S
735,3049,2021-03-20T17:55:23.730000+00:00,1.0,P
735,3362,2021-03-20T17:55:26.859999+00:00,1.0,S
736,3049,2021-03-20T17:55:23.730000+00:00,1.0,P
736,3362,2021-03-20T17:55:26.859999+00:00,1.0,S
737,3049,2021-03-20T17:55:23.730000+00:00,1.0,P
737,3362,2021-03-20T17:55:26.859999+00:00,1.0,S
738,3049,2021-03-20T17:55:23.730000+00:00,1.0,P
738,3362,2021-03-20T17:55:26.859999+00:00,1.0,S
739,3049,2021-03-20T17:55:23.730000+00:00,1.0,P
739,3362,2021-03-20T17:55:26.859999+00:00,1.0,S
740,3049,2021-03-20T17:55:23.730000+00:00,1.0,P
740,3361,2021-03-20T17:55:26.850000+00:00,1.0,S
741,3049,2021-03-20T17:55:23.730000+00:00,1.0,P
741,3361,2021-03-20T17:55:26.850000+00:00,1.0,S
742,3049,2021-03-20T17:55:23.730000+00:00,1.0,P
742,3361,2021-03-20T17:55:26.850000+00:00,1.0,S
743,3049,2021-03-20T17:55:23.730000+00:00,1.0,P
743,3361,2021-03-20T17:55:26.850000+00:00,1.0,S
744,3049,2021-03-20T17:55:23.730000+00:00,1.0,P
744,3361,2021-03-20T17:55:26.850000+00:00,1.0,S
745,3049,2021-03-20T17:55:23.730000+00:00,1.0,P
745,3361,2021-03-20T17:55:26.850000+00:00,1.0,S
746,3049,2021-03-20T17:55:23.730000+00:00,1.0,P
746,3361,2021-03-20T17:55:26.850000+00:00,1.0,S
747,3049,2021-03-20T17:55:23.730000+00:00,1.0,P
747,3361,2021-03-20T17:55:26.850000+00:00,1.0,S
748,3048,2021-03-20T17:55:23.720000+00:00,1.0,P
748,3361,2021-03-20T17:55:26.850000+00:00,1.0,S
749,3048,2021-03-20T17:55:23.720000+00:00,1.0,P
749,3361,2021-03-20T17:55:26.850000+00:00,1.0,S
750,3048,2021-03-20T17:55:23.720000+00:00,1.0,P
750,3361,2021-03-20T17:55:26.850000+00:00,1.0,S
751,3048,2021-03-20T17:55:23.720000+00:00,1.0,P
751,3360,2021-03-20T17:55:26.840000+00:00,1.0,S
752,3048,2021-03-20T17:55:23.720000+00:00,1.0,P
752,3360,2021-03-20T17:55:26.840000+00:00,1.0,S
753,3048,2021-03-20T17:55:23.720000+00:00,1.0,P
753,3360,2021-03-20T17:55:26.840000+00:00,1.0,S
754,3048,2021-03-20T17:55:23.720000+00:00,1.0,P
754,3360,2021-03-20T17:55:26.840000+00:00,1.0,S
755,3048,2021-03-20T17:55:23.720000+00:00,1.0,P
755,3360,2021-03-20T17:55:26.840000+00:00,1.0,S
756,3048,2021-03-20T17:55:23.720000+00:00,1.0,P
756,3360,2021-03-20T17:55:26.840000+00:00,1.0,S
757,3048,2021-03-20T17:55:23.720000+00:00,1.0,P
757,3360,2021-03-20T17:55:26.840000+00:00,1.0,S
758,3048,2021-03-20T17:55:23.720000+00:00,1.0,P
758,3360,2021-03-20T17:55:26.840000+00:00,1.0,S
759,3048,2021-03-20T17:55:23.720000+00:00,1.0,P
759,3360,2021-03-20T17:55:26.840000+00:00,1.0,S
760,3048,2021-03-20T17:55:23.720000+00:00,1.0,P
760,3360,2021-03-20T17:55:26.840000+00:00,1.0,S
761,3048,2021-03-20T17:55:23.720000+00:00,1.0,P
761,3360,2021-03-20T17:55:26.840000+00:00,1.0,S
762,3048,2021-03-20T17:55:23.720000+00:00,1.0,P
762,3360,2021-03-20T17:55:26.840000+00:00,1.0,S
763,3048,2021-03-20T17:55:23.720000+00:00,1.0,P
763,3360,2021-03-20T17:55:26.840000+00:00,1.0,S
764,3048,2021-03-20T17:55:23.720000+00:00,1.0,P
764,3360,2021-03-20T17:55:26.840000+00:00,1.0,S
765,3048,2021-03-20T17:55:23.720000+00:00,1.0,P
765,3360,2021-03-20T17:55:26.840000+00:00,1.0,S
766,3048,2021-03-20T17:55:23.720000+00:00,1.0,P
766,3360,2021-03-20T17:55:26.840000+00:00,1.0,S
767,3048,2021-03-20T17:55:23.720000+00:00,1.0,P
767,3360,2021-03-20T17:55:26.840000+00:00,1.0,S
768,3048,2021-03-20T17:55:23.720000+00:00,1.0,P
768,3360,2021-03-20T17:55:26.840000+00:00,1.0,S
769,3048,2021-03-20T17:55:23.720000+00:00,1.0,P
769,3360,2021-03-20T17:55:26.840000+00:00,1.0,S
770,3048,2021-03-20T17:55:23.720000+00:00,1.0,P
770,3360,2021-03-20T17:55:26.840000+00:00,1.0,S
771,3047,2021-03-20T17:55:23.710000+00:00,1.0,P
771,3360,2021-03-20T17:55:26.840000+00:00,1.0,S
772,3047,2021-03-20T17:55:23.710000+00:00,1.0,P
772,3359,2021-03-20T17:55:26.830000+00:00,1.0,S
773,3047,2021-03-20T17:55:23.710000+00:00,1.0,P
773,3359,2021-03-20T17:55:26.830000+00:00,1.0,S
774,3047,2021-03-20T17:55:23.710000+00:00,1.0,P
774,3359,2021-03-20T17:55:26.830000+00:00,1.0,S
775,3047,2021-03-20T17:55:23.710000+00:00,1.0,P
775,3359,2021-03-20T17:55:26.830000+00:00,1.0,S
776,3047,2021-03-20T17:55:23.710000+00:00,1.0,P
776,3359,2021-03-20T17:55:26.830000+00:00,1.0,S
777,3047,2021-03-20T17:55:23.710000+00:00,1.0,P
777,3359,2021-03-20T17:55:26.830000+00:00,1.0,S
778,3047,2021-03-20T17:55:23.710000+00:00,1.0,P
778,3359,2021-03-20T17:55:26.830000+00:00,1.0,S
779,3047,2021-03-20T17:55:23.710000+00:00,1.0,P
779,3359,2021-03-20T17:55:26.830000+00:00,1.0,S
780,3047,2021-03-20T17:55:23.710000+00:00,1.0,P
780,3359,2021-03-20T17:55:26.830000+00:00,1.0,S
781,3047,2021-03-20T17:55:23.710000+00:00,1.0,P
781,3359,2021-03-20T17:55:26.830000+00:00,1.0,S
782,3047,2021-03-20T17:55:23.710000+00:00,1.0,P
782,3359,2021-03-20T17:55:26.830000+00:00,1.0,S
783,3047,2021-03-20T17:55:23.710000+00:00,1.0,P
783,3359,2021-03-20T17:55:26.830000+00:00,1.0,S
784,3047,2021-03-20T17:55:23.710000+00:00,1.0,P
784,3359,2021-03-20T17:55:26.830000+00:00,1.0,S
785,3047,2021-03-20T17:55:23.710000+00:00,1.0,P
785,3359,2021-03-20T17:55:26.830000+00:00,1.0,S
786,3047,2021-03-20T17:55:23.710000+00:00,1.0,P
786,3359,2021-03-20T17:55:26.830000+00:00,1.0,S
787,3047,2021-03-20T17:55:23.710000+00:00,1.0,P
787,3359,2021-03-20T17:55:26.830000+00:00,1.0,S
788,3047,2021-03-20T17:55:23.710000+00:00,1.0,P
788,3359,2021-03-20T17:55:26.830000+00:00,1.0,S
789,3047,2021-03-20T17:55:23.710000+00:00,1.0,P
789,3359,2021-03-20T17:55:26.830000+00:00,1.0,S
790,3047,2021-03-20T17:55:23.710000+00:00,1.0,P
790,3359,2021-03-20T17:55:26.830000+00:00,1.0,S
791,3047,2021-03-20T17:55:23.710000+00:00,1.0,P
791,3359,2021-03-20T17:55:26.830000+00:00,1.0,S
792,3047,2021-03-20T17:55:23.710000+00:00,1.0,P
792,3359,2021-03-20T17:55:26.830000+00:00,1.0,S
793,3047,2021-03-20T17:55:23.710000+00:00,1.0,P
793,3359,2021-03-20T17:55:26.830000+00:00,1.0,S
794,3047,2021-03-20T17:55:23.710000+00:00,1.0,P
794,3359,2021-03-20T17:55:26.830000+00:00,1.0,S
795,3047,2021-03-20T17:55:23.710000+00:00,1.0,P
795,3359,2021-03-20T17:55:26.830000+00:00,1.0,S
796,3046,2021-03-20T17:55:23.700000+00:00,1.0,P
796,3359,2021-03-20T17:55:26.830000+00:00,1.0,S
797,3046,2021-03-20T17:55:23.700000+00:00,1.0,P
797,3359,2021-03-20T17:55:26.830000+00:00,1.0,S
798,3046,2021-03-20T17:55:23.700000+00:00,1.0,P
798,3359,2021-03-20T17:55:26.830000+00:00,1.0,S
799,3046,2021-03-20T17:55:23.700000+00:00,1.0,P
799,3359,2021-03-20T17:55:26.830000+00:00,1.0,S
800,3046,2021-03-20T17:55:23.700000+00:00,1.0,P
800,3359,2021-03-20T17:55:26.830000+00:00,1.0,S
801,3046,2021-03-20T17:55:23.700000+00:00,1.0,P
801,3359,2021-03-20T17:55:26.830000+00:00,1.0,S
802,3046,2021-03-20T17:55:23.700000+00:00,1.0,P
802,3359,2021-03-20T17:55:26.830000+00:00,1.0,S
803,3046,2021-03-20T17:55:23.700000+00:00,1.0,P
803,3359,2021-03-20T17:55:26.830000+00:00,1.0,S
804,3046,2021-03-20T17:55:23.700000+00:00,1.0,P
804,3359,2021-03-20T17:55:26.830000+00:00,1.0,S
805,3046,2021-03-20T17:55:23.700000+00:00,1.0,P
805,3359,2021-03-20T17:55:26.830000+00:00,1.0,S
806,3046,2021-03-20T17:55:23.700000+00:00,1.0,P
806,3359,2021-03-20T17:55:26.830000+00:00,1.0,S
807,3046,2021-03-20T17:55:23.700000+00:00,1.0,P
807,3359,2021-03-20T17:55:26.830000+00:00,1.0,S
808,3046,2021-03-20T17:55:23.700000+00:00,1.0,P
808,3359,2021-03-20T17:55:26.830000+00:00,1.0,S
809,3046,2021-03-20T17:55:23.700000+00:00,1.0,P
809,3359,2021-03-20T17:55:26.830000+00:00,1.0,S
810,3046,2021-03-20T17:55:23.700000+00:00,1.0,P
810,3359,2021-03-20T17:55:26.830000+00:00,1.0,S
811,3046,2021-03-20T17:55:23.700000+00:00,1.0,P
811,3359,2021-03-20T17:55:26.830000+00:00,1.0,S
812,3046,2021-03-20T17:55:23.700000+00:00,1.0,P
812,3358,2021-03-20T17:55:26.820000+00:00,1.0,S
813,3046,2021-03-20T17:55:23.700000+00:00,1.0,P
813,3358,2021-03-20T17:55:26.820000+00:00,1.0,S
814,3046,2021-03-20T17:55:23.700000+00:00,1.0,P
814,3358,2021-03-20T17:55:26.820000+00:00,1.0,S
815,3046,2021-03-20T17:55:23.700000+00:00,1.0,P
815,3358,2021-03-20T17:55:26.820000+00:00,1.0,S
816,3046,2021-03-20T17:55:23.700000+00:00,1.0,P
816,3358,2021-03-20T17:55:26.820000+00:00,1.0,S
817,3046,2021-03-20T17:55:23.700000+00:00,1.0,P
817,3358,2021-03-20T17:55:26.820000+00:00,1.0,S
818,3046,2021-03-20T17:55:23.700000+00:00,1.0,P
818,3358,2021-03-20T17:55:26.820000+00:00,1.0,S
819,3046,2021-03-20T17:55:23.700000+00:00,1.0,P
819,3358,2021-03-20T17:55:26.820000+00:00,1.0,S
820,3046,2021-03-20T17:55:23.700000+00:00,1.0,P
820,3358,2021-03-20T17:55:26.820000+00:00,1.0,S
821,3046,2021-03-20T17:55:23.700000+00:00,1.0,P
821,3358,2021-03-20T17:55:26.820000+00:00,1.0,S
822,3046,2021-03-20T17:55:23.700000+00:00,1.0,P
822,3358,2021-03-20T17:55:26.820000+00:00,1.0,S
823,3046,2021-03-20T17:55:23.700000+00:00,1.0,P
823,3358,2021-03-20T17:55:26.820000+00:00,1.0,S
824,3046,2021-03-20T17:55:23.700000+00:00,1.0,P
824,3358,2021-03-20T17:55:26.820000+00:00,1.0,S
825,3046,2021-03-20T17:55:23.700000+00:00,1.0,P
825,3358,2021-03-20T17:55:26.820000+00:00,1.0,S
826,3046,2021-03-20T17:55:23.700000+00:00,1.0,P
826,3358,2021-03-20T17:55:26.820000+00:00,1.0,S
827,3046,2021-03-20T17:55:23.700000+00:00,1.0,P
827,3358,2021-03-20T17:55:26.820000+00:00,1.0,S
828,3046,2021-03-20T17:55:23.700000+00:00,1.0,P
828,3358,2021-03-20T17:55:26.820000+00:00,1.0,S
829,3045,2021-03-20T17:55:23.690000+00:00,1.0,P
829,3358,2021-03-20T17:55:26.820000+00:00,1.0,S
830,3045,2021-03-20T17:55:23.690000+00:00,1.0,P
830,3358,2021-03-20T17:55:26.820000+00:00,1.0,S
831,3045,2021-03-20T17:55:23.690000+00:00,1.0,P
831,3358,2021-03-20T17:55:26.820000+00:00,1.0,S
832,3045,2021-03-20T17:55:23.690000+00:00,1.0,P
832,3358,2021-03-20T17:55:26.820000+00:00,1.0,S
833,3045,2021-03-20T17:55:23.690000+00:00,1.0,P
833,3358,2021-03-20T17:55:26.820000+00:00,1.0,S
834,3045,2021-03-20T17:55:23.690000+00:00,1.0,P
834,3358,2021-03-20T17:55:26.820000+00:00,1.0,S
835,3045,2021-03-20T17:55:23.690000+00:00,1.0,P
835,3358,2021-03-20T17:55:26.820000+00:00,1.0,S
836,3045,2021-03-20T17:55:23.690000+00:00,1.0,P
836,3358,2021-03-20T17:55:26.820000+00:00,1.0,S
837,3045,2021-03-20T17:55:23.690000+00:00,1.0,P
837,3358,2021-03-20T17:55:26.820000+00:00,1.0,S
838,3045,2021-03-20T17:55:23.690000+00:00,1.0,P
838,3358,2021-03-20T17:55:26.820000+00:00,1.0,S
839,3045,2021-03-20T17:55:23.690000+00:00,1.0,P
839,3358,2021-03-20T17:55:26.820000+00:00,1.0,S
840,3045,2021-03-20T17:55:23.690000+00:00,1.0,P
840,3358,2021-03-20T17:55:26.820000+00:00,1.0,S
841,3045,2021-03-20T17:55:23.690000+00:00,1.0,P
841,3358,2021-03-20T17:55:26.820000+00:00,1.0,S
842,3045,2021-03-20T17:55:23.690000+00:00,1.0,P
842,3358,2021-03-20T17:55:26.820000+00:00,1.0,S
843,3045,2021-03-20T17:55:23.690000+00:00,1.0,P
843,3358,2021-03-20T17:55:26.820000+00:00,1.0,S
844,3045,2021-03-20T17:55:23.690000+00:00,1.0,P
844,3358,2021-03-20T17:55:26.820000+00:00,1.0,S
845,3045,2021-03-20T17:55:23.690000+00:00,1.0,P
845,3358,2021-03-20T17:55:26.820000+00:00,1.0,S
846,3045,2021-03-20T17:55:23.690000+00:00,1.0,P
846,3358,2021-03-20T17:55:26.820000+00:00,1.0,S
847,3045,2021-03-20T17:55:23.690000+00:00,1.0,P
847,3358,2021-03-20T17:55:26.820000+00:00,1.0,S
848,3045,2021-03-20T17:55:23.690000+00:00,1.0,P
848,3358,2021-03-20T17:55:26.820000+00:00,1.0,S
849,3045,2021-03-20T17:55:23.690000+00:00,1.0,P
849,3358,2021-03-20T17:55:26.820000+00:00,1.0,S
850,3045,2021-03-20T17:55:23.690000+00:00,1.0,P
850,3358,2021-03-20T17:55:26.820000+00:00,1.0,S
851,3045,2021-03-20T17:55:23.690000+00:00,1.0,P
851,3358,2021-03-20T17:55:26.820000+00:00,1.0,S
852,3045,2021-03-20T17:55:23.690000+00:00,1.0,P
852,3358,2021-03-20T17:55:26.820000+00:00,1.0,S
853,3045,2021-03-20T17:55:23.690000+00:00,1.0,P
853,3358,2021-03-20T17:55:26.820000+00:00,1.0,S
854,3046,2021-03-20T17:55:23.700000+00:00,1.0,P
854,3358,2021-03-20T17:55:26.820000+00:00,1.0,S
855,3046,2021-03-20T17:55:23.700000+00:00,1.0,P
855,3358,2021-03-20T17:55:26.820000+00:00,1.0,S
856,3046,2021-03-20T17:55:23.700000+00:00,1.0,P
856,3358,2021-03-20T17:55:26.820000+00:00,1.0,S
857,3046,2021-03-20T17:55:23.700000+00:00,1.0,P
857,3358,2021-03-20T17:55:26.820000+00:00,1.0,S
858,3046,2021-03-20T17:55:23.700000+00:00,1.0,P
858,3358,2021-03-20T17:55:26.820000+00:00,1.0,S
859,3046,2021-03-20T17:55:23.700000+00:00,1.0,P
859,3358,2021-03-20T17:55:26.820000+00:00,1.0,S
860,3046,2021-03-20T17:55:23.700000+00:00,1.0,P
860,3359,2021-03-20T17:55:26.830000+00:00,1.0,S
861,3046,2021-03-20T17:55:23.700000+00:00,1.0,P
861,3359,2021-03-20T17:55:26.830000+00:00,1.0,S
862,3046,2021-03-20T17:55:23.700000+00:00,1.0,P
862,3359,2021-03-20T17:55:26.830000+00:00,1.0,S
863,3046,2021-03-20T17:55:23.700000+00:00,1.0,P
863,3359,2021-03-20T17:55:26.830000+00:00,1.0,S
864,3046,2021-03-20T17:55:23.700000+00:00,1.0,P
864,3359,2021-03-20T17:55:26.830000+00:00,1.0,S
865,3046,2021-03-20T17:55:23.700000+00:00,1.0,P
865,3359,2021-03-20T17:55:26.830000+00:00,1.0,S
866,3046,2021-03-20T17:55:23.700000+00:00,1.0,P
866,3359,2021-03-20T17:55:26.830000+00:00,1.0,S
867,3046,2021-03-20T17:55:23.700000+00:00,1.0,P
867,3360,2021-03-20T17:55:26.840000+00:00,1.0,S
868,3046,2021-03-20T17:55:23.700000+00:00,1.0,P
868,3360,2021-03-20T17:55:26.840000+00:00,1.0,S
869,3046,2021-03-20T17:55:23.700000+00:00,1.0,P
869,3360,2021-03-20T17:55:26.840000+00:00,1.0,S
870,3046,2021-03-20T17:55:23.700000+00:00,1.0,P
870,3360,2021-03-20T17:55:26.840000+00:00,1.0,S
871,3046,2021-03-20T17:55:23.700000+00:00,1.0,P
871,3361,2021-03-20T17:55:26.850000+00:00,1.0,S
872,3046,2021-03-20T17:55:23.700000+00:00,1.0,P
872,3361,2021-03-20T17:55:26.850000+00:00,1.0,S
873,3046,2021-03-20T17:55:23.700000+00:00,1.0,P
873,3361,2021-03-20T17:55:26.850000+00:00,1.0,S
874,3046,2021-03-20T17:55:23.700000+00:00,1.0,P
874,3361,2021-03-20T17:55:26.850000+00:00,1.0,S
875,3046,2021-03-20T17:55:23.700000+00:00,1.0,P
875,3362,2021-03-20T17:55:26.859999+00:00,1.0,S
876,3046,2021-03-20T17:55:23.700000+00:00,1.0,P
876,3362,2021-03-20T17:55:26.859999+00:00,1.0,S
877,3046,2021-03-20T17:55:23.700000+00:00,1.0,P
877,3362,2021-03-20T17:55:26.859999+00:00,1.0,S
878,3046,2021-03-20T17:55:23.700000+00:00,1.0,P
878,3362,2021-03-20T17:55:26.859999+00:00,1.0,S
879,3046,2021-03-20T17:55:23.700000+00:00,1.0,P
879,3363,2021-03-20T17:55:26.870000+00:00,1.0,S
880,3046,2021-03-20T17:55:23.700000+00:00,1.0,P
880,3363,2021-03-20T17:55:26.870000+00:00,1.0,S
881,3046,2021-03-20T17:55:23.700000+00:00,1.0,P
881,3363,2021-03-20T17:55:26.870000+00:00,1.0,S
882,3046,2021-03-20T17:55:23.700000+00:00,1.0,P
882,3364,2021-03-20T17:55:26.880000+00:00,1.0,S
883,3046,2021-03-20T17:55:23.700000+00:00,1.0,P
883,3364,2021-03-20T17:55:26.880000+00:00,1.0,S
884,3046,2021-03-20T17:55:23.700000+00:00,1.0,P
884,3364,2021-03-20T17:55:26.880000+00:00,1.0,S
885,3046,2021-03-20T17:55:23.700000+00:00,1.0,P
885,3364,2021-03-20T17:55:26.880000+00:00,1.0,S
886,3046,2021-03-20T17:55:23.700000+00:00,1.0,P
886,3365,2021-03-20T17:55:26.890000+00:00,1.0,S
887,3046,2021-03-20T17:55:23.700000+00:00,1.0,P
887,3365,2021-03-20T17:55:26.890000+00:00,1.0,S
888,3046,2021-03-20T17:55:23.700000+00:00,1.0,P
888,3365,2021-03-20T17:55:26.890000+00:00,1.0,S
889,3046,2021-03-20T17:55:23.700000+00:00,1.0,P
889,3365,2021-03-20T17:55:26.890000+00:00,1.0,S
890,3046,2021-03-20T17:55:23.700000+00:00,1.0,P
890,3366,2021-03-20T17:55:26.900000+00:00,1.0,S
891,3046,2021-03-20T17:55:23.700000+00:00,1.0,P
891,3366,2021-03-20T17:55:26.900000+00:00,1.0,S
892,3046,2021-03-20T17:55:23.700000+00:00,1.0,P
892,3366,2021-03-20T17:55:26.900000+00:00,1.0,S
893,3046,2021-03-20T17:55:23.700000+00:00,1.0,P
893,3367,2021-03-20T17:55:26.910000+00:00,1.0,S
894,3046,2021-03-20T17:55:23.700000+00:00,1.0,P
894,3367,2021-03-20T17:55:26.910000+00:00,1.0,S
895,3046,2021-03-20T17:55:23.700000+00:00,1.0,P
895,3367,2021-03-20T17:55:26.910000+00:00,1.0,S
896,3046,2021-03-20T17:55:23.700000+00:00,1.0,P
896,3367,2021-03-20T17:55:26.910000+00:00,1.0,S
897,3046,2021-03-20T17:55:23.700000+00:00,1.0,P
897,3368,2021-03-20T17:55:26.920000+00:00,1.0,S
898,3046,2021-03-20T17:55:23.700000+00:00,1.0,P
898,3368,2021-03-20T17:55:26.920000+00:00,1.0,S
899,3046,2021-03-20T17:55:23.700000+00:00,1.0,P
899,3368,2021-03-20T17:55:26.920000+00:00,1.0,S
900,3046,2021-03-20T17:55:23.700000+00:00,1.0,P
900,3369,2021-03-20T17:55:26.929999+00:00,1.0,S
901,3047,2021-03-20T17:55:23.710000+00:00,1.0,P
901,3369,2021-03-20T17:55:26.929999+00:00,1.0,S
902,3047,2021-03-20T17:55:23.710000+00:00,1.0,P
902,3369,2021-03-20T17:55:26.929999+00:00,1.0,S
903,3047,2021-03-20T17:55:23.710000+00:00,1.0,P
903,3369,2021-03-20T17:55:26.929999+00:00,1.0,S
904,3047,2021-03-20T17:55:23.710000+00:00,1.0,P
904,3370,2021-03-20T17:55:26.940000+00:00,1.0,S
905,3047,2021-03-20T17:55:23.710000+00:00,1.0,P
905,3370,2021-03-20T17:55:26.940000+00:00,1.0,S
906,3047,2021-03-20T17:55:23.710000+00:00,1.0,P
906,3370,2021-03-20T17:55:26.940000+00:00,1.0,S
907,3047,2021-03-20T17:55:23.710000+00:00,1.0,P
907,3370,2021-03-20T17:55:26.940000+00:00,1.0,S
908,3047,2021-03-20T17:55:23.710000+00:00,1.0,P
908,3370,2021-03-20T17:55:26.940000+00:00,1.0,S
909,3047,2021-03-20T17:55:23.710000+00:00,1.0,P
909,3371,2021-03-20T17:55:26.950000+00:00,1.0,S
910,3047,2021-03-20T17:55:23.710000+00:00,1.0,P
910,3371,2021-03-20T17:55:26.950000+00:00,1.0,S
911,3047,2021-03-20T17:55:23.710000+00:00,1.0,P
911,3371,2021-03-20T17:55:26.950000+00:00,1.0,S
912,3047,2021-03-20T17:55:23.710000+00:00,1.0,P
912,3371,2021-03-20T17:55:26.950000+00:00,1.0,S
913,3047,2021-03-20T17:55:23.710000+00:00,1.0,P
913,3372,2021-03-20T17:55:26.960000+00:00,1.0,S
914,3047,2021-03-20T17:55:23.710000+00:00,1.0,P
914,3372,2021-03-20T17:55:26.960000+00:00,1.0,S
915,3047,2021-03-20T17:55:23.710000+00:00,1.0,P
915,3372,2021-03-20T17:55:26.960000+00:00,1.0,S
916,3047,2021-03-20T17:55:23.710000+00:00,1.0,P
916,3372,2021-03-20T17:55:26.960000+00:00,1.0,S
917,3047,2021-03-20T17:55:23.710000+00:00,1.0,P
917,3373,2021-03-20T17:55:26.970000+00:00,1.0,S
918,3047,2021-03-20T17:55:23.710000+00:00,1.0,P
918,3373,2021-03-20T17:55:26.970000+00:00,1.0,S
919,3047,2021-03-20T17:55:23.710000+00:00,1.0,P
919,3373,2021-03-20T17:55:26.970000+00:00,1.0,S
920,3047,2021-03-20T17:55:23.710000+00:00,1.0,P
920,3373,2021-03-20T17:55:26.970000+00:00,1.0,S
921,3047,2021-03-20T17:55:23.710000+00:00,1.0,P
921,3373,2021-03-20T17:55:26.970000+00:00,1.0,S
922,3047,2021-03-20T17:55:23.710000+00:00,1.0,P
922,3374,2021-03-20T17:55:26.980000+00:00,1.0,S
923,3047,2021-03-20T17:55:23.710000+00:00,1.0,P
923,3374,2021-03-20T17:55:26.980000+00:00,1.0,S
924,3047,2021-03-20T17:55:23.710000+00:00,1.0,P
924,3374,2021-03-20T17:55:26.980000+00:00,1.0,S
925,3047,2021-03-20T17:55:23.710000+00:00,1.0,P
925,3374,2021-03-20T17:55:26.980000+00:00,1.0,S
926,3047,2021-03-20T17:55:23.710000+00:00,1.0,P
926,3374,2021-03-20T17:55:26.980000+00:00,1.0,S
927,3047,2021-03-20T17:55:23.710000+00:00,1.0,P
927,3375,2021-03-20T17:55:26.990000+00:00,1.0,S
928,3047,2021-03-20T17:55:23.710000+00:00,1.0,P
928,3375,2021-03-20T17:55:26.990000+00:00,1.0,S
929,3047,2021-03-20T17:55:23.710000+00:00,1.0,P
929,3375,2021-03-20T17:55:26.990000+00:00,1.0,S
930,3047,2021-03-20T17:55:23.710000+00:00,1.0,P
930,3375,2021-03-20T17:55:26.990000+00:00,1.0,S
931,3047,2021-03-20T17:55:23.710000+00:00,1.0,P
931,3375,2021-03-20T17:55:26.990000+00:00,1.0,S
932,3047,2021-03-20T17:55:23.710000+00:00,1.0,P
932,3376,2021-03-20T17:55:26.999999+00:00,1.0,S
933,3047,2021-03-20T17:55:23.710000+00:00,1.0,P
933,3376,2021-03-20T17:55:26.999999+00:00,1.0,S
934,3047,2021-03-20T17:55:23.710000+00:00,1.0,P
934,3376,2021-03-20T17:55:26.999999+00:00,1.0,S
935,3047,2021-03-20T17:55:23.710000+00:00,1.0,P
935,3376,2021-03-20T17:55:26.999999+00:00,1.0,S
936,3047,2021-03-20T17:55:23.710000+00:00,1.0,P
936,3376,2021-03-20T17:55:26.999999+00:00,1.0,S
937,3047,2021-03-20T17:55:23.710000+00:00,1.0,P
937,3377,2021-03-20T17:55:27.010000+00:00,1.0,S
938,3047,2021-03-20T17:55:23.710000+00:00,1.0,P
938,3377,2021-03-20T17:55:27.010000+00:00,1.0,S
939,3047,2021-03-20T17:55:23.710000+00:00,1.0,P
939,3377,2021-03-20T17:55:27.010000+00:00,1.0,S
940,3047,2021-03-20T17:55:23.710000+00:00,1.0,P
940,3377,2021-03-20T17:55:27.010000+00:00,1.0,S
941,3047,2021-03-20T17:55:23.710000+00:00,1.0,P
941,3377,2021-03-20T17:55:27.010000+00:00,1.0,S
942,3047,2021-03-20T17:55:23.710000+00:00,1.0,P
942,3378,2021-03-20T17:55:27.020000+00:00,1.0,S
943,3047,2021-03-20T17:55:23.710000+00:00,1.0,P
943,3378,2021-03-20T17:55:27.020000+00:00,1.0,S
944,3047,2021-03-20T17:55:23.710000+00:00,1.0,P
944,3378,2021-03-20T17:55:27.020000+00:00,1.0,S
945,3047,2021-03-20T17:55:23.710000+00:00,1.0,P
945,3378,2021-03-20T17:55:27.020000+00:00,1.0,S
946,3047,2021-03-20T17:55:23.710000+00:00,1.0,P
946,3378,2021-03-20T17:55:27.020000+00:00,1.0,S
947,3047,2021-03-20T17:55:23.710000+00:00,1.0,P
947,3378,2021-03-20T17:55:27.020000+00:00,1.0,S
948,3047,2021-03-20T17:55:23.710000+00:00,1.0,P
948,3379,2021-03-20T17:55:27.030000+00:00,1.0,S
949,3047,2021-03-20T17:55:23.710000+00:00,1.0,P
949,3379,2021-03-20T17:55:27.030000+00:00,1.0,S
950,3047,2021-03-20T17:55:23.710000+00:00,1.0,P
950,3379,2021-03-20T17:55:27.030000+00:00,1.0,S
951,3047,2021-03-20T17:55:23.710000+00:00,1.0,P
951,3379,2021-03-20T17:55:27.030000+00:00,1.0,S
952,3047,2021-03-20T17:55:23.710000+00:00,1.0,P
952,3379,2021-03-20T17:55:27.030000+00:00,1.0,S
953,3047,2021-03-20T17:55:23.710000+00:00,1.0,P
953,3379,2021-03-20T17:55:27.030000+00:00,1.0,S
954,3047,2021-03-20T17:55:23.710000+00:00,1.0,P
954,3379,2021-03-20T17:55:27.030000+00:00,1.0,S
955,3047,2021-03-20T17:55:23.710000+00:00,1.0,P
955,3380,2021-03-20T17:55:27.039999+00:00,1.0,S
956,3047,2021-03-20T17:55:23.710000+00:00,1.0,P
956,3380,2021-03-20T17:55:27.039999+00:00,1.0,S
957,3047,2021-03-20T17:55:23.710000+00:00,1.0,P
957,3380,2021-03-20T17:55:27.039999+00:00,1.0,S
958,3047,2021-03-20T17:55:23.710000+00:00,1.0,P
958,3380,2021-03-20T17:55:27.039999+00:00,1.0,S
959,3047,2021-03-20T17:55:23.710000+00:00,1.0,P
959,3380,2021-03-20T17:55:27.039999+00:00,1.0,S
960,3047,2021-03-20T17:55:23.710000+00:00,1.0,P
960,3380,2021-03-20T17:55:27.039999+00:00,1.0,S
961,3047,2021-03-20T17:55:23.710000+00:00,1.0,P
961,3381,2021-03-20T17:55:27.050000+00:00,1.0,S
962,3047,2021-03-20T17:55:23.710000+00:00,1.0,P
962,3381,2021-03-20T17:55:27.050000+00:00,1.0,S
963,3048,2021-03-20T17:55:23.720000+00:00,1.0,P
963,3381,2021-03-20T17:55:27.050000+00:00,1.0,S
964,3048,2021-03-20T17:55:23.720000+00:00,1.0,P
964,3381,2021-03-20T17:55:27.050000+00:00,1.0,S
965,3048,2021-03-20T17:55:23.720000+00:00,1.0,P
965,3381,2021-03-20T17:55:27.050000+00:00,1.0,S
966,3048,2021-03-20T17:55:23.720000+00:00,1.0,P
966,3381,2021-03-20T17:55:27.050000+00:00,1.0,S
967,3048,2021-03-20T17:55:23.720000+00:00,1.0,P
967,3381,2021-03-20T17:55:27.050000+00:00,1.0,S
968,3048,2021-03-20T17:55:23.720000+00:00,1.0,P
968,3382,2021-03-20T17:55:27.060000+00:00,1.0,S
969,3048,2021-03-20T17:55:23.720000+00:00,1.0,P
969,3382,2021-03-20T17:55:27.060000+00:00,1.0,S
970,3048,2021-03-20T17:55:23.720000+00:00,1.0,P
970,3382,2021-03-20T17:55:27.060000+00:00,1.0,S
971,3048,2021-03-20T17:55:23.720000+00:00,1.0,P
971,3382,2021-03-20T17:55:27.060000+00:00,1.0,S
972,3048,2021-03-20T17:55:23.720000+00:00,1.0,P
972,3382,2021-03-20T17:55:27.060000+00:00,1.0,S
973,3048,2021-03-20T17:55:23.720000+00:00,1.0,P
973,3382,2021-03-20T17:55:27.060000+00:00,1.0,S
974,3048,2021-03-20T17:55:23.720000+00:00,1.0,P
974,3382,2021-03-20T17:55:27.060000+00:00,1.0,S
975,3048,2021-03-20T17:55:23.720000+00:00,1.0,P
975,3383,2021-03-20T17:55:27.070000+00:00,1.0,S
976,3048,2021-03-20T17:55:23.720000+00:00,1.0,P
976,3383,2021-03-20T17:55:27.070000+00:00,1.0,S
977,3048,2021-03-20T17:55:23.720000+00:00,1.0,P
977,3383,2021-03-20T17:55:27.070000+00:00,1.0,S
978,3048,2021-03-20T17:55:23.720000+00:00,1.0,P
978,3383,2021-03-20T17:55:27.070000+00:00,1.0,S
979,3048,2021-03-20T17:55:23.720000+00:00,1.0,P
979,3383,2021-03-20T17:55:27.070000+00:00,1.0,S
980,3048,2021-03-20T17:55:23.720000+00:00,1.0,P
980,3383,2021-03-20T17:55:27.070000+00:00,1.0,S
981,3048,2021-03-20T17:55:23.720000+00:00,1.0,P
981,3383,2021-03-20T17:55:27.070000+00:00,1.0,S
982,3048,2021-03-20T17:55:23.720000+00:00,1.0,P
982,3383,2021-03-20T17:55:27.070000+00:00,1.0,S
983,3048,2021-03-20T17:55:23.720000+00:00,1.0,P
983,3383,2021-03-20T17:55:27.070000+00:00,1.0,S
984,3048,2021-03-20T17:55:23.720000+00:00,1.0,P
984,3383,2021-03-20T17:55:27.070000+00:00,1.0,S
985,3048,2021-03-20T17:55:23.720000+00:00,1.0,P
985,3383,2021-03-20T17:55:27.070000+00:00,1.0,S
986,3048,2021-03-20T17:55:23.720000+00:00,1.0,P
986,3384,2021-03-20T17:55:27.080000+00:00,1.0,S
987,3048,2021-03-20T17:55:23.720000+00:00,1.0,P
987,3384,2021-03-20T17:55:27.080000+00:00,1.0,S
988,3048,2021-03-20T17:55:23.720000+00:00,1.0,P
988,3384,2021-03-20T17:55:27.080000+00:00,1.0,S
989,3048,2021-03-20T17:55:23.720000+00:00,1.0,P
989,3384,2021-03-20T17:55:27.080000+00:00,1.0,S
990,3048,2021-03-20T17:55:23.720000+00:00,1.0,P
990,3384,2021-03-20T17:55:27.080000+00:00,1.0,S
991,3048,2021-03-20T17:55:23.720000+00:00,1.0,P
991,3384,2021-03-20T17:55:27.080000+00:00,1.0,S
992,3048,2021-03-20T17:55:23.720000+00:00,1.0,P
992,3384,2021-03-20T17:55:27.080000+00:00,1.0,S
993,3048,2021-03-20T17:55:23.720000+00:00,1.0,P
993,3384,2021-03-20T17:55:27.080000+00:00,1.0,S
994,3048,2021-03-20T17:55:23.720000+00:00,1.0,P
994,3384,2021-03-20T17:55:27.080000+00:00,1.0,S
995,3048,2021-03-20T17:55:23.720000+00:00,1.0,P
995,3384,2021-03-20T17:55:27.080000+00:00,1.0,S
996,3048,2021-03-20T17:55:23.720000+00:00,1.0,P
996,3384,2021-03-20T17:55:27.080000+00:00,1.0,S
997,3048,2021-03-20T17:55:23.720000+00:00,1.0,P
997,3385,2021-03-20T17:55:27.090000+00:00,1.0,S
998,3048,2021-03-20T17:55:23.720000+00:00,1.0,P
998,3385,2021-03-20T17:55:27.090000+00:00,1.0,S
999,3048,2021-03-20T17:55:23.720000+00:00,1.0,P
999,3385,2021-03-20T17:55:27.090000+00:00,1.0,S
1000,3048,2021-03-20T17:55:23.720000+00:00,1.0,P
1000,3385,2021-03-20T17:55:27.090000+00:00,1.0,S
1001,3048,2021-03-20T17:55:23.720000+00:00,1.0,P
1001,3385,2021-03-20T17:55:27.090000+00:00,1.0,S
1002,3048,2021-03-20T17:55:23.720000+00:00,1.0,P
1002,3385,2021-03-20T17:55:27.090000+00:00,1.0,S
1003,3048,2021-03-20T17:55:23.720000+00:00,1.0,P
1003,3385,2021-03-20T17:55:27.090000+00:00,1.0,S
1004,3048,2021-03-20T17:55:23.720000+00:00,1.0,P
1004,3386,2021-03-20T17:55:27.100000+00:00,1.0,S
1005,3048,2021-03-20T17:55:23.720000+00:00,1.0,P
1005,3386,2021-03-20T17:55:27.100000+00:00,1.0,S
1006,3048,2021-03-20T17:55:23.720000+00:00,1.0,P
1006,3386,2021-03-20T17:55:27.100000+00:00,1.0,S
1007,3048,2021-03-20T17:55:23.720000+00:00,1.0,P
1007,3386,2021-03-20T17:55:27.100000+00:00,1.0,S
1008,3048,2021-03-20T17:55:23.720000+00:00,1.0,P
1008,3386,2021-03-20T17:55:27.100000+00:00,1.0,S
1009,3048,2021-03-20T17:55:23.720000+00:00,1.0,P
1009,3386,2021-03-20T17:55:27.100000+00:00,1.0,S
1010,3048,2021-03-20T17:55:23.720000+00:00,1.0,P
1010,3387,2021-03-20T17:55:27.109999+00:00,1.0,S
1011,3048,2021-03-20T17:55:23.720000+00:00,1.0,P
1011,3387,2021-03-20T17:55:27.109999+00:00,1.0,S
1012,3048,2021-03-20T17:55:23.720000+00:00,1.0,P
1012,3387,2021-03-20T17:55:27.109999+00:00,1.0,S
1013,3048,2021-03-20T17:55:23.720000+00:00,1.0,P
1013,3387,2021-03-20T17:55:27.109999+00:00,1.0,S
1014,3049,2021-03-20T17:55:23.730000+00:00,1.0,P
1014,3387,2021-03-20T17:55:27.109999+00:00,1.0,S
1015,3049,2021-03-20T17:55:23.730000+00:00,1.0,P
1015,3388,2021-03-20T17:55:27.120000+00:00,1.0,S
1016,3049,2021-03-20T17:55:23.730000+00:00,1.0,P
1016,3388,2021-03-20T17:55:27.120000+00:00,1.0,S
1017,3049,2021-03-20T17:55:23.730000+00:00,1.0,P
1017,3388,2021-03-20T17:55:27.120000+00:00,1.0,S
1018,3049,2021-03-20T17:55:23.730000+00:00,1.0,P
1018,3389,2021-03-20T17:55:27.130000+00:00,1.0,S
1019,3049,2021-03-20T17:55:23.730000+00:00,1.0,P
1019,3389,2021-03-20T17:55:27.130000+00:00,1.0,S
1020,3049,2021-03-20T17:55:23.730000+00:00,1.0,P
1020,3389,2021-03-20T17:55:27.130000+00:00,1.0,S
1021,3049,2021-03-20T17:55:23.730000+00:00,1.0,P
1021,3389,2021-03-20T17:55:27.130000+00:00,1.0,S
1022,3049,2021-03-20T17:55:23.730000+00:00,1.0,P
1022,3390,2021-03-20T17:55:27.140000+00:00,1.0,S
1023,3049,2021-03-20T17:55:23.730000+00:00,1.0,P
1023,3390,2021-03-20T17:55:27.140000+00:00,1.0,S
1024,3049,2021-03-20T17:55:23.730000+00:00,1.0,P
1024,3390,2021-03-20T17:55:27.140000+00:00,1.0,S
1025,3049,2021-03-20T17:55:23.730000+00:00,1.0,P
1025,3390,2021-03-20T17:55:27.140000+00:00,1.0,S
1026,3049,2021-03-20T17:55:23.730000+00:00,1.0,P
1026,3390,2021-03-20T17:55:27.140000+00:00,1.0,S
1027,3049,2021-03-20T17:55:23.730000+00:00,1.0,P
1027,3390,2021-03-20T17:55:27.140000+00:00,1.0,S
1028,3049,2021-03-20T17:55:23.730000+00:00,1.0,P
1028,3390,2021-03-20T17:55:27.140000+00:00,1.0,S
1029,3049,2021-03-20T17:55:23.730000+00:00,1.0,P
1029,3391,2021-03-20T17:55:27.150000+00:00,1.0,S
1030,3049,2021-03-20T17:55:23.730000+00:00,1.0,P
1030,3391,2021-03-20T17:55:27.150000+00:00,1.0,S
1031,3049,2021-03-20T17:55:23.730000+00:00,1.0,P
1031,3391,2021-03-20T17:55:27.150000+00:00,1.0,S
1032,3049,2021-03-20T17:55:23.730000+00:00,1.0,P
1032,3391,2021-03-20T17:55:27.150000+00:00,1.0,S
1033,3049,2021-03-20T17:55:23.730000+00:00,1.0,P
1033,3391,2021-03-20T17:55:27.150000+00:00,1.0,S
1034,3049,2021-03-20T17:55:23.730000+00:00,1.0,P
1034,3392,2021-03-20T17:55:27.160000+00:00,1.0,S
1035,3049,2021-03-20T17:55:23.730000+00:00,1.0,P
1035,3392,2021-03-20T17:55:27.160000+00:00,1.0,S
1036,3049,2021-03-20T17:55:23.730000+00:00,1.0,P
1036,3392,2021-03-20T17:55:27.160000+00:00,1.0,S
1037,3049,2021-03-20T17:55:23.730000+00:00,1.0,P
1037,3392,2021-03-20T17:55:27.160000+00:00,1.0,S
1038,3049,2021-03-20T17:55:23.730000+00:00,1.0,P
1038,3392,2021-03-20T17:55:27.160000+00:00,1.0,S
1039,3049,2021-03-20T17:55:23.730000+00:00,1.0,P
1039,3392,2021-03-20T17:55:27.160000+00:00,1.0,S
1040,3049,2021-03-20T17:55:23.730000+00:00,1.0,P
1040,3392,2021-03-20T17:55:27.160000+00:00,1.0,S
1041,3049,2021-03-20T17:55:23.730000+00:00,1.0,P
1041,3392,2021-03-20T17:55:27.160000+00:00,1.0,S
1042,3049,2021-03-20T17:55:23.730000+00:00,1.0,P
1042,3392,2021-03-20T17:55:27.160000+00:00,1.0,S
1043,3049,2021-03-20T17:55:23.730000+00:00,1.0,P
1043,3392,2021-03-20T17:55:27.160000+00:00,1.0,S
1044,3049,2021-03-20T17:55:23.730000+00:00,1.0,P
1044,3392,2021-03-20T17:55:27.160000+00:00,1.0,S
1045,3049,2021-03-20T17:55:23.730000+00:00,1.0,P
1045,3392,2021-03-20T17:55:27.160000+00:00,1.0,S
1046,3049,2021-03-20T17:55:23.730000+00:00,1.0,P
1046,3392,2021-03-20T17:55:27.160000+00:00,1.0,S
1047,3048,2021-03-20T17:55:23.720000+00:00,1.0,P
1047,3392,2021-03-20T17:55:27.160000+00:00,1.0,S
1048,3048,2021-03-20T17:55:23.720000+00:00,1.0,P
1048,3392,2021-03-20T17:55:27.160000+00:00,1.0,S
1049,3048,2021-03-20T17:55:23.720000+00:00,1.0,P
1049,3392,2021-03-20T17:55:27.160000+00:00,1.0,S
1050,3048,2021-03-20T17:55:23.720000+00:00,1.0,P
1050,3392,2021-03-20T17:55:27.160000+00:00,1.0,S
1051,3048,2021-03-20T17:55:23.720000+00:00,1.0,P
1051,3392,2021-03-20T17:55:27.160000+00:00,1.0,S
1052,3048,2021-03-20T17:55:23.720000+00:00,1.0,P
1052,3392,2021-03-20T17:55:27.160000+00:00,1.0,S
1053,3048,2021-03-20T17:55:23.720000+00:00,1.0,P
1053,3392,2021-03-20T17:55:27.160000+00:00,1.0,S
1054,3048,2021-03-20T17:55:23.720000+00:00,1.0,P
1054,3392,2021-03-20T17:55:27.160000+00:00,1.0,S
1055,3048,2021-03-20T17:55:23.720000+00:00,1.0,P
1055,3392,2021-03-20T17:55:27.160000+00:00,1.0,S
1056,3048,2021-03-20T17:55:23.720000+00:00,1.0,P
1056,3392,2021-03-20T17:55:27.160000+00:00,1.0,S
1057,3048,2021-03-20T17:55:23.720000+00:00,1.0,P
1057,3392,2021-03-20T17:55:27.160000+00:00,1.0,S
1058,3048,2021-03-20T17:55:23.720000+00:00,1.0,P
1058,3392,2021-03-20T17:55:27.160000+00:00,1.0,S
1059,3048,2021-03-20T17:55:23.720000+00:00,1.0,P
1059,3392,2021-03-20T17:55:27.160000+00:00,1.0,S
1060,3048,2021-03-20T17:55:23.720000+00:00,1.0,P
1060,3392,2021-03-20T17:55:27.160000+00:00,1.0,S
1061,3048,2021-03-20T17:55:23.720000+00:00,1.0,P
1061,3392,2021-03-20T17:55:27.160000+00:00,1.0,S
1062,3048,2021-03-20T17:55:23.720000+00:00,1.0,P
1062,3392,2021-03-20T17:55:27.160000+00:00,1.0,S
1063,3048,2021-03-20T17:55:23.720000+00:00,1.0,P
1063,3392,2021-03-20T17:55:27.160000+00:00,1.0,S
1064,3048,2021-03-20T17:55:23.720000+00:00,1.0,P
1064,3392,2021-03-20T17:55:27.160000+00:00,1.0,S
1065,3048,2021-03-20T17:55:23.720000+00:00,1.0,P
1065,3392,2021-03-20T17:55:27.160000+00:00,1.0,S
1066,3048,2021-03-20T17:55:23.720000+00:00,1.0,P
1066,3392,2021-03-20T17:55:27.160000+00:00,1.0,S
1067,3048,2021-03-20T17:55:23.720000+00:00,1.0,P
1067,3392,2021-03-20T17:55:27.160000+00:00,1.0,S
1068,3048,2021-03-20T17:55:23.720000+00:00,1.0,P
1068,3392,2021-03-20T17:55:27.160000+00:00,1.0,S
1069,3048,2021-03-20T17:55:23.720000+00:00,1.0,P
1069,3392,2021-03-20T17:55:27.160000+00:00,1.0,S
1070,3048,2021-03-20T17:55:23.720000+00:00,1.0,P
1070,3392,2021-03-20T17:55:27.160000+00:00,1.0,S
1071,3048,2021-03-20T17:55:23.720000+00:00,1.0,P
1071,3392,2021-03-20T17:55:27.160000+00:00,1.0,S
1072,3048,2021-03-20T17:55:23.720000+00:00,1.0,P
1072,3392,2021-03-20T17:55:27.160000+00:00,1.0,S
1073,3048,2021-03-20T17:55:23.720000+00:00,1.0,P
1073,3392,2021-03-20T17:55:27.160000+00:00,1.0,S
1074,3048,2021-03-20T17:55:23.720000+00:00,1.0,P
1074,3392,2021-03-20T17:55:27.160000+00:00,1.0,S
1075,3048,2021-03-20T17:55:23.720000+00:00,1.0,P
1075,3392,2021-03-20T17:55:27.160000+00:00,1.0,S
1076,3048,2021-03-20T17:55:23.720000+00:00,1.0,P
1076,3391,2021-03-20T17:55:27.150000+00:00,1.0,S
1077,3048,2021-03-20T17:55:23.720000+00:00,1.0,P
1077,3391,2021-03-20T17:55:27.150000+00:00,1.0,S
1078,3048,2021-03-20T17:55:23.720000+00:00,1.0,P
1078,3391,2021-03-20T17:55:27.150000+00:00,1.0,S
1079,3048,2021-03-20T17:55:23.720000+00:00,1.0,P
1079,3391,2021-03-20T17:55:27.150000+00:00,1.0,S
1080,3048,2021-03-20T17:55:23.720000+00:00,1.0,P
1080,3391,2021-03-20T17:55:27.150000+00:00,1.0,S
1081,3048,2021-03-20T17:55:23.720000+00:00,1.0,P
1081,3391,2021-03-20T17:55:27.150000+00:00,1.0,S
1082,3048,2021-03-20T17:55:23.720000+00:00,1.0,P
1082,3391,2021-03-20T17:55:27.150000+00:00,1.0,S
1083,3048,2021-03-20T17:55:23.720000+00:00,1.0,P
1083,3391,2021-03-20T17:55:27.150000+00:00,1.0,S
1084,3047,2021-03-20T17:55:23.710000+00:00,1.0,P
1084,3391,2021-03-20T17:55:27.150000+00:00,1.0,S
1085,3047,2021-03-20T17:55:23.710000+00:00,1.0,P
1085,3391,2021-03-20T17:55:27.150000+00:00,1.0,S
1086,3047,2021-03-20T17:55:23.710000+00:00,1.0,P
1086,3391,2021-03-20T17:55:27.150000+00:00,1.0,S
1087,3047,2021-03-20T17:55:23.710000+00:00,1.0,P
1087,3390,2021-03-20T17:55:27.140000+00:00,1.0,S
1088,3047,2021-03-20T17:55:23.710000+00:00,1.0,P
1088,3390,2021-03-20T17:55:27.140000+00:00,1.0,S
1089,3047,2021-03-20T17:55:23.710000+00:00,1.0,P
1089,3390,2021-03-20T17:55:27.140000+00:00,1.0,S
1090,3047,2021-03-20T17:55:23.710000+00:00,1.0,P
1090,3390,2021-03-20T17:55:27.140000+00:00,1.0,S
1091,3047,2021-03-20T17:55:23.710000+00:00,1.0,P
1091,3390,2021-03-20T17:55:27.140000+00:00,1.0,S
1092,3047,2021-03-20T17:55:23.710000+00:00,1.0,P
1092,3390,2021-03-20T17:55:27.140000+00:00,1.0,S
1093,3047,2021-03-20T17:55:23.710000+00:00,1.0,P
1093,3390,2021-03-20T17:55:27.140000+00:00,1.0,S
1094,3047,2021-03-20T17:55:23.710000+00:00,1.0,P
1094,3389,2021-03-20T17:55:27.130000+00:00,1.0,S
1095,3047,2021-03-20T17:55:23.710000+00:00,1.0,P
1095,3389,2021-03-20T17:55:27.130000+00:00,1.0,S
1096,3047,2021-03-20T17:55:23.710000+00:00,1.0,P
1096,3389,2021-03-20T17:55:27.130000+00:00,1.0,S
1097,3047,2021-03-20T17:55:23.710000+00:00,1.0,P
1097,3389,2021-03-20T17:55:27.130000+00:00,1.0,S
1098,3047,2021-03-20T17:55:23.710000+00:00,1.0,P
1098,3389,2021-03-20T17:55:27.130000+00:00,1.0,S
1099,3047,2021-03-20T17:55:23.710000+00:00,1.0,P
1099,3389,2021-03-20T17:55:27.130000+00:00,1.0,S
1100,3047,2021-03-20T17:55:23.710000+00:00,1.0,P
1100,3389,2021-03-20T17:55:27.130000+00:00,1.0,S
1101,3047,2021-03-20T17:55:23.710000+00:00,1.0,P
1101,3388,2021-03-20T17:55:27.120000+00:00,1.0,S
1102,3047,2021-03-20T17:55:23.710000+00:00,1.0,P
1102,3388,2021-03-20T17:55:27.120000+00:00,1.0,S
1103,3047,2021-03-20T17:55:23.710000+00:00,1.0,P
1103,3388,2021-03-20T17:55:27.120000+00:00,1.0,S
1104,3047,2021-03-20T17:55:23.710000+00:00,1.0,P
1104,3388,2021-03-20T17:55:27.120000+00:00,1.0,S
1105,3047,2021-03-20T17:55:23.710000+00:00,1.0,P
1105,3388,2021-03-20T17:55:27.120000+00:00,1.0,S
1106,3047,2021-03-20T17:55:23.710000+00:00,1.0,P
1106,3387,2021-03-20T17:55:27.109999+00:00,1.0,S
1107,3047,2021-03-20T17:55:23.710000+00:00,1.0,P
1107,3387,2021-03-20T17:55:27.109999+00:00,1.0,S
1108,3046,2021-03-20T17:55:23.700000+00:00,1.0,P
1108,3387,2021-03-20T17:55:27.109999+00:00,1.0,S
1109,3046,2021-03-20T17:55:23.700000+00:00,1.0,P
1109,3387,2021-03-20T17:55:27.109999+00:00,1.0,S
1110,3046,2021-03-20T17:55:23.700000+00:00,1.0,P
1110,3387,2021-03-20T17:55:27.109999+00:00,1.0,S
1111,3046,2021-03-20T17:55:23.700000+00:00,1.0,P
1111,3386,2021-03-20T17:55:27.100000+00:00,1.0,S
1112,3046,2021-03-20T17:55:23.700000+00:00,1.0,P
1112,3386,2021-03-20T17:55:27.100000+00:00,1.0,S
1113,3046,2021-03-20T17:55:23.700000+00:00,1.0,P
1113,3386,2021-03-20T17:55:27.100000+00:00,1.0,S
1114,3046,2021-03-20T17:55:23.700000+00:00,1.0,P
1114,3386,2021-03-20T17:55:27.100000+00:00,1.0,S
1115,3046,2021-03-20T17:55:23.700000+00:00,1.0,P
1115,3386,2021-03-20T17:55:27.100000+00:00,1.0,S
1116,3046,2021-03-20T17:55:23.700000+00:00,1.0,P
1116,3386,2021-03-20T17:55:27.100000+00:00,1.0,S
1117,3046,2021-03-20T17:55:23.700000+00:00,1.0,P
1117,3386,2021-03-20T17:55:27.100000+00:00,1.0,S
1118,3046,2021-03-20T17:55:23.700000+00:00,1.0,P
1118,3385,2021-03-20T17:55:27.090000+00:00,1.0,S
1119,3046,2021-03-20T17:55:23.700000+00:00,1.0,P
1119,3385,2021-03-20T17:55:27.090000+00:00,1.0,S
1120,3046,2021-03-20T17:55:23.700000+00:00,1.0,P
1120,3385,2021-03-20T17:55:27.090000+00:00,1.0,S
1121,3046,2021-03-20T17:55:23.700000+00:00,1.0,P
1121,3385,2021-03-20T17:55:27.090000+00:00,1.0,S
1122,3046,2021-03-20T17:55:23.700000+00:00,1.0,P
1122,3385,2021-03-20T17:55:27.090000+00:00,1.0,S
1123,3046,2021-03-20T17:55:23.700000+00:00,1.0,P
1123,3385,2021-03-20T17:55:27.090000+00:00,1.0,S
1124,3046,2021-03-20T17:55:23.700000+00:00,1.0,P
1124,3384,2021-03-20T17:55:27.080000+00:00,1.0,S
1125,3046,2021-03-20T17:55:23.700000+00:00,1.0,P
1125,3384,2021-03-20T17:55:27.080000+00:00,1.0,S
1126,3046,2021-03-20T17:55:23.700000+00:00,1.0,P
1126,3384,2021-03-20T17:55:27.080000+00:00,1.0,S
1127,3045,2021-03-20T17:55:23.690000+00:00,1.0,P
1127,3384,2021-03-20T17:55:27.080000+00:00,1.0,S
1128,3045,2021-03-20T17:55:23.690000+00:00,1.0,P
1128,3384,2021-03-20T17:55:27.080000+00:00,1.0,S
1129,3045,2021-03-20T17:55:23.690000+00:00,1.0,P
1129,3383,2021-03-20T17:55:27.070000+00:00,1.0,S
1130,3045,2021-03-20T17:55:23.690000+00:00,1.0,P
1130,3383,2021-03-20T17:55:27.070000+00:00,1.0,S
1131,3045,2021-03-20T17:55:23.690000+00:00,1.0,P
1131,3383,2021-03-20T17:55:27.070000+00:00,1.0,S
1132,3045,2021-03-20T17:55:23.690000+00:00,1.0,P
1132,3383,2021-03-20T17:55:27.070000+00:00,1.0,S
1133,3045,2021-03-20T17:55:23.690000+00:00,1.0,P
1133,3383,2021-03-20T17:55:27.070000+00:00,1.0,S
1134,3045,2021-03-20T17:55:23.690000+00:00,1.0,P
1134,3383,2021-03-20T17:55:27.070000+00:00,1.0,S
1135,3045,2021-03-20T17:55:23.690000+00:00,1.0,P
1135,3382,2021-03-20T17:55:27.060000+00:00,1.0,S
1136,3045,2021-03-20T17:55:23.690000+00:00,1.0,P
1136,3382,2021-03-20T17:55:27.060000+00:00,1.0,S
1137,3045,2021-03-20T17:55:23.690000+00:00,1.0,P
1137,3382,2021-03-20T17:55:27.060000+00:00,1.0,S
1138,3045,2021-03-20T17:55:23.690000+00:00,1.0,P
1138,3382,2021-03-20T17:55:27.060000+00:00,1.0,S
1139,3045,2021-03-20T17:55:23.690000+00:00,1.0,P
1139,3382,2021-03-20T17:55:27.060000+00:00,1.0,S
1140,3045,2021-03-20T17:55:23.690000+00:00,1.0,P
1140,3382,2021-03-20T17:55:27.060000+00:00,1.0,S
1141,3045,2021-03-20T17:55:23.690000+00:00,1.0,P
1141,3382,2021-03-20T17:55:27.060000+00:00,1.0,S
1142,3045,2021-03-20T17:55:23.690000+00:00,1.0,P
1142,3382,2021-03-20T17:55:27.060000+00:00,1.0,S
1143,3044,2021-03-20T17:55:23.680000+00:00,1.0,P
1143,3381,2021-03-20T17:55:27.050000+00:00,1.0,S
1144,3044,2021-03-20T17:55:23.680000+00:00,1.0,P
1144,3381,2021-03-20T17:55:27.050000+00:00,1.0,S
1145,3044,2021-03-20T17:55:23.680000+00:00,1.0,P
1145,3381,2021-03-20T17:55:27.050000+00:00,1.0,S
1146,3044,2021-03-20T17:55:23.680000+00:00,1.0,P
1146,3381,2021-03-20T17:55:27.050000+00:00,1.0,S
1147,3044,2021-03-20T17:55:23.680000+00:00,1.0,P
1147,3381,2021-03-20T17:55:27.050000+00:00,1.0,S
1148,3044,2021-03-20T17:55:23.680000+00:00,1.0,P
1148,3381,2021-03-20T17:55:27.050000+00:00,1.0,S
1149,3044,2021-03-20T17:55:23.680000+00:00,1.0,P
1149,3381,2021-03-20T17:55:27.050000+00:00,1.0,S
1150,3044,2021-03-20T17:55:23.680000+00:00,1.0,P
1150,3381,2021-03-20T17:55:27.050000+00:00,1.0,S
1151,3044,2021-03-20T17:55:23.680000+00:00,1.0,P
1151,3381,2021-03-20T17:55:27.050000+00:00,1.0,S
1152,3044,2021-03-20T17:55:23.680000+00:00,1.0,P
1152,3381,2021-03-20T17:55:27.050000+00:00,1.0,S
1153,3044,2021-03-20T17:55:23.680000+00:00,1.0,P
1153,3381,2021-03-20T17:55:27.050000+00:00,1.0,S
1154,3044,2021-03-20T17:55:23.680000+00:00,1.0,P
1154,3381,2021-03-20T17:55:27.050000+00:00,1.0,S
1155,3044,2021-03-20T17:55:23.680000+00:00,1.0,P
1155,3381,2021-03-20T17:55:27.050000+00:00,1.0,S
1156,3044,2021-03-20T17:55:23.680000+00:00,1.0,P
1156,3381,2021-03-20T17:55:27.050000+00:00,1.0,S
1157,3043,2021-03-20T17:55:23.670000+00:00,1.0,P
1157,3381,2021-03-20T17:55:27.050000+00:00,1.0,S
1158,3043,2021-03-20T17:55:23.670000+00:00,1.0,P
1158,3381,2021-03-20T17:55:27.050000+00:00,1.0,S
1159,3043,2021-03-20T17:55:23.670000+00:00,1.0,P
1159,3381,2021-03-20T17:55:27.050000+00:00,1.0,S
1160,3043,2021-03-20T17:55:23.670000+00:00,1.0,P
1160,3381,2021-03-20T17:55:27.050000+00:00,1.0,S
1161,3043,2021-03-20T17:55:23.670000+00:00,1.0,P
1161,3381,2021-03-20T17:55:27.050000+00:00,1.0,S
1162,3043,2021-03-20T17:55:23.670000+00:00,1.0,P
1162,3381,2021-03-20T17:55:27.050000+00:00,1.0,S
1163,3043,2021-03-20T17:55:23.670000+00:00,1.0,P
1163,3381,2021-03-20T17:55:27.050000+00:00,1.0,S
1164,3043,2021-03-20T17:55:23.670000+00:00,1.0,P
1164,3381,2021-03-20T17:55:27.050000+00:00,1.0,S
1165,3043,2021-03-20T17:55:23.670000+00:00,1.0,P
1165,3381,2021-03-20T17:55:27.050000+00:00,1.0,S
1166,3043,2021-03-20T17:55:23.670000+00:00,1.0,P
1166,3381,2021-03-20T17:55:27.050000+00:00,1.0,S
1167,3043,2021-03-20T17:55:23.670000+00:00,1.0,P
1167,3381,2021-03-20T17:55:27.050000+00:00,1.0,S
1168,3043,2021-03-20T17:55:23.670000+00:00,1.0,P
1168,3381,2021-03-20T17:55:27.050000+00:00,1.0,S
1169,3043,2021-03-20T17:55:23.670000+00:00,1.0,P
1169,3381,2021-03-20T17:55:27.050000+00:00,1.0,S
1170,3043,2021-03-20T17:55:23.670000+00:00,1.0,P
1170,3380,2021-03-20T17:55:27.039999+00:00,1.0,S
1171,3043,2021-03-20T17:55:23.670000+00:00,1.0,P
1171,3380,2021-03-20T17:55:27.039999+00:00,1.0,S
1172,3042,2021-03-20T17:55:23.660000+00:00,1.0,P
1172,3380,2021-03-20T17:55:27.039999+00:00,1.0,S
1173,3042,2021-03-20T17:55:23.660000+00:00,1.0,P
1173,3381,2021-03-20T17:55:27.050000+00:00,1.0,S
1174,3042,2021-03-20T17:55:23.660000+00:00,1.0,P
1174,3381,2021-03-20T17:55:27.050000+00:00,1.0,S
1175,3042,2021-03-20T17:55:23.660000+00:00,1.0,P
1175,3381,2021-03-20T17:55:27.050000+00:00,1.0,S
1176,3042,2021-03-20T17:55:23.660000+00:00,1.0,P
1176,3381,2021-03-20T17:55:27.050000+00:00,1.0,S
1177,3042,2021-03-20T17:55:23.660000+00:00,1.0,P
1177,3381,2021-03-20T17:55:27.050000+00:00,1.0,S
1178,3042,2021-03-20T17:55:23.660000+00:00,1.0,P
1178,3381,2021-03-20T17:55:27.050000+00:00,1.0,S
1179,3042,2021-03-20T17:55:23.660000+00:00,1.0,P
1179,3381,2021-03-20T17:55:27.050000+00:00,1.0,S
1180,3042,2021-03-20T17:55:23.660000+00:00,1.0,P
1180,3381,2021-03-20T17:55:27.050000+00:00,1.0,S
1181,3042,2021-03-20T17:55:23.660000+00:00,1.0,P
1181,3381,2021-03-20T17:55:27.050000+00:00,1.0,S
1182,3042,2021-03-20T17:55:23.660000+00:00,1.0,P
1182,3381,2021-03-20T17:55:27.050000+00:00,1.0,S
1183,3042,2021-03-20T17:55:23.660000+00:00,1.0,P
1183,3381,2021-03-20T17:55:27.050000+00:00,1.0,S
1184,3042,2021-03-20T17:55:23.660000+00:00,1.0,P
1184,3381,2021-03-20T17:55:27.050000+00:00,1.0,S
1185,3042,2021-03-20T17:55:23.660000+00:00,1.0,P
1185,3381,2021-03-20T17:55:27.050000+00:00,1.0,S
1186,3041,2021-03-20T17:55:23.650000+00:00,1.0,P
1186,3381,2021-03-20T17:55:27.050000+00:00,1.0,S
1187,3041,2021-03-20T17:55:23.650000+00:00,1.0,P
1187,3381,2021-03-20T17:55:27.050000+00:00,1.0,S
1188,3041,2021-03-20T17:55:23.650000+00:00,1.0,P
1188,3381,2021-03-20T17:55:27.050000+00:00,1.0,S
1189,3041,2021-03-20T17:55:23.650000+00:00,1.0,P
1189,3381,2021-03-20T17:55:27.050000+00:00,1.0,S
1190,3041,2021-03-20T17:55:23.650000+00:00,1.0,P
1190,3381,2021-03-20T17:55:27.050000+00:00,1.0,S
1191,3041,2021-03-20T17:55:23.650000+00:00,1.0,P
1191,3381,2021-03-20T17:55:27.050000+00:00,1.0,S
1192,3041,2021-03-20T17:55:23.650000+00:00,1.0,P
1192,3381,2021-03-20T17:55:27.050000+00:00,1.0,S
1193,3041,2021-03-20T17:55:23.650000+00:00,1.0,P
1193,3381,2021-03-20T17:55:27.050000+00:00,1.0,S
1194,3041,2021-03-20T17:55:23.650000+00:00,1.0,P
1194,3381,2021-03-20T17:55:27.050000+00:00,1.0,S
1195,3041,2021-03-20T17:55:23.650000+00:00,1.0,P
1195,3381,2021-03-20T17:55:27.050000+00:00,1.0,S
1196,3041,2021-03-20T17:55:23.650000+00:00,1.0,P
1196,3381,2021-03-20T17:55:27.050000+00:00,1.0,S
1197,3041,2021-03-20T17:55:23.650000+00:00,1.0,P
1197,3381,2021-03-20T17:55:27.050000+00:00,1.0,S
1198,3040,2021-03-20T17:55:23.640000+00:00,1.0,P
1198,3381,2021-03-20T17:55:27.050000+00:00,1.0,S
1199,3040,2021-03-20T17:55:23.640000+00:00,1.0,P
1199,3381,2021-03-20T17:55:27.050000+00:00,1.0,S
1200,3040,2021-03-20T17:55:23.640000+00:00,1.0,P
1200,3381,2021-03-20T17:55:27.050000+00:00,1.0,S
1201,3040,2021-03-20T17:55:23.640000+00:00,1.0,P
1201,3381,2021-03-20T17:55:27.050000+00:00,1.0,S
1202,3040,2021-03-20T17:55:23.640000+00:00,1.0,P
1202,3381,2021-03-20T17:55:27.050000+00:00,1.0,S
1203,3040,2021-03-20T17:55:23.640000+00:00,1.0,P
1203,3381,2021-03-20T17:55:27.050000+00:00,1.0,S
1204,3040,2021-03-20T17:55:23.640000+00:00,1.0,P
1204,3380,2021-03-20T17:55:27.039999+00:00,1.0,S
1205,3040,2021-03-20T17:55:23.640000+00:00,1.0,P
1205,3380,2021-03-20T17:55:27.039999+00:00,1.0,S
1206,3040,2021-03-20T17:55:23.640000+00:00,1.0,P
1206,3380,2021-03-20T17:55:27.039999+00:00,1.0,S
1207,3040,2021-03-20T17:55:23.640000+00:00,1.0,P
1207,3380,2021-03-20T17:55:27.039999+00:00,1.0,S
1208,3040,2021-03-20T17:55:23.640000+00:00,1.0,P
1208,3380,2021-03-20T17:55:27.039999+00:00,1.0,S
1209,3040,2021-03-20T17:55:23.640000+00:00,1.0,P
1209,3380,2021-03-20T17:55:27.039999+00:00,1.0,S
1210,3040,2021-03-20T17:55:23.640000+00:00,1.0,P
1210,3380,2021-03-20T17:55:27.039999+00:00,1.0,S
1211,3039,2021-03-20T17:55:23.630000+00:00,1.0,P
1211,3380,2021-03-20T17:55:27.039999+00:00,1.0,S
1212,3039,2021-03-20T17:55:23.630000+00:00,1.0,P
1212,3380,2021-03-20T17:55:27.039999+00:00,1.0,S
1213,3039,2021-03-20T17:55:23.630000+00:00,1.0,P
1213,3380,2021-03-20T17:55:27.039999+00:00,1.0,S
1214,3039,2021-03-20T17:55:23.630000+00:00,1.0,P
1214,3380,2021-03-20T17:55:27.039999+00:00,1.0,S
1215,3039,2021-03-20T17:55:23.630000+00:00,1.0,P
1215,3380,2021-03-20T17:55:27.039999+00:00,1.0,S
1216,3039,2021-03-20T17:55:23.630000+00:00,1.0,P
1216,3380,2021-03-20T17:55:27.039999+00:00,1.0,S
1217,3039,2021-03-20T17:55:23.630000+00:00,1.0,P
1217,3380,2021-03-20T17:55:27.039999+00:00,1.0,S
1218,3039,2021-03-20T17:55:23.630000+00:00,1.0,P
1218,3379,2021-03-20T17:55:27.030000+00:00,1.0,S
1219,3039,2021-03-20T17:55:23.630000+00:00,1.0,P
1219,3379,2021-03-20T17:55:27.030000+00:00,1.0,S
1220,3039,2021-03-20T17:55:23.630000+00:00,1.0,P
1220,3379,2021-03-20T17:55:27.030000+00:00,1.0,S
1221,3039,2021-03-20T17:55:23.630000+00:00,1.0,P
1221,3379,2021-03-20T17:55:27.030000+00:00,1.0,S
1222,3039,2021-03-20T17:55:23.630000+00:00,1.0,P
1222,3379,2021-03-20T17:55:27.030000+00:00,1.0,S
1223,3039,2021-03-20T17:55:23.630000+00:00,1.0,P
1223,3379,2021-03-20T17:55:27.030000+00:00,1.0,S
1224,3038,2021-03-20T17:55:23.620000+00:00,1.0,P
1224,3379,2021-03-20T17:55:27.030000+00:00,1.0,S
1225,3038,2021-03-20T17:55:23.620000+00:00,1.0,P
1225,3379,2021-03-20T17:55:27.030000+00:00,1.0,S
1226,3038,2021-03-20T17:55:23.620000+00:00,1.0,P
1226,3379,2021-03-20T17:55:27.030000+00:00,1.0,S
1227,3038,2021-03-20T17:55:23.620000+00:00,1.0,P
1227,3379,2021-03-20T17:55:27.030000+00:00,1.0,S
1228,3038,2021-03-20T17:55:23.620000+00:00,1.0,P
1228,3378,2021-03-20T17:55:27.020000+00:00,1.0,S
1229,3038,2021-03-20T17:55:23.620000+00:00,1.0,P
1229,3378,2021-03-20T17:55:27.020000+00:00,1.0,S
1230,3038,2021-03-20T17:55:23.620000+00:00,1.0,P
1230,3378,2021-03-20T17:55:27.020000+00:00,1.0,S
1231,3038,2021-03-20T17:55:23.620000+00:00,1.0,P
1231,3378,2021-03-20T17:55:27.020000+00:00,1.0,S
1232,3038,2021-03-20T17:55:23.620000+00:00,1.0,P
1232,3378,2021-03-20T17:55:27.020000+00:00,1.0,S
1233,3038,2021-03-20T17:55:23.620000+00:00,1.0,P
1233,3378,2021-03-20T17:55:27.020000+00:00,1.0,S
1234,3038,2021-03-20T17:55:23.620000+00:00,1.0,P
1234,3378,2021-03-20T17:55:27.020000+00:00,1.0,S
1235,3038,2021-03-20T17:55:23.620000+00:00,1.0,P
1235,3378,2021-03-20T17:55:27.020000+00:00,1.0,S
1236,3038,2021-03-20T17:55:23.620000+00:00,1.0,P
1236,3377,2021-03-20T17:55:27.010000+00:00,1.0,S
1237,3037,2021-03-20T17:55:23.610000+00:00,1.0,P
1237,3377,2021-03-20T17:55:27.010000+00:00,1.0,S
1238,3037,2021-03-20T17:55:23.610000+00:00,1.0,P
1238,3377,2021-03-20T17:55:27.010000+00:00,1.0,S
1239,3037,2021-03-20T17:55:23.610000+00:00,1.0,P
1239,3377,2021-03-20T17:55:27.010000+00:00,1.0,S
1240,3037,2021-03-20T17:55:23.610000+00:00,1.0,P
1240,3377,2021-03-20T17:55:27.010000+00:00,1.0,S
1241,3037,2021-03-20T17:55:23.610000+00:00,1.0,P
1241,3377,2021-03-20T17:55:27.010000+00:00,1.0,S
1242,3037,2021-03-20T17:55:23.610000+00:00,1.0,P
1242,3377,2021-03-20T17:55:27.010000+00:00,1.0,S
1243,3037,2021-03-20T17:55:23.610000+00:00,1.0,P
1243,3376,2021-03-20T17:55:26.999999+00:00,1.0,S
1244,3037,2021-03-20T17:55:23.610000+00:00,1.0,P
1244,3376,2021-03-20T17:55:26.999999+00:00,1.0,S
1245,3037,2021-03-20T17:55:23.610000+00:00,1.0,P
1245,3376,2021-03-20T17:55:26.999999+00:00,1.0,S
1246,3037,2021-03-20T17:55:23.610000+00:00,1.0,P
1246,3376,2021-03-20T17:55:26.999999+00:00,1.0,S
1247,3037,2021-03-20T17:55:23.610000+00:00,1.0,P
1247,3375,2021-03-20T17:55:26.990000+00:00,1.0,S
1248,3037,2021-03-20T17:55:23.610000+00:00,1.0,P
1248,3375,2021-03-20T17:55:26.990000+00:00,1.0,S
1249,3036,2021-03-20T17:55:23.600000+00:00,1.0,P
1249,3375,2021-03-20T17:55:26.990000+00:00,1.0,S
1250,3036,2021-03-20T17:55:23.600000+00:00,1.0,P
1250,3375,2021-03-20T17:55:26.990000+00:00,1.0,S
1251,3036,2021-03-20T17:55:23.600000+00:00,1.0,P
1251,3375,2021-03-20T17:55:26.990000+00:00,1.0,S
1252,3036,2021-03-20T17:55:23.600000+00:00,1.0,P
1252,3374,2021-03-20T17:55:26.980000+00:00,1.0,S
1253,3036,2021-03-20T17:55:23.600000+00:00,1.0,P
1253,3374,2021-03-20T17:55:26.980000+00:00,1.0,S
1254,3036,2021-03-20T17:55:23.600000+00:00,1.0,P
1254,3374,2021-03-20T17:55:26.980000+00:00,1.0,S
1255,3036,2021-03-20T17:55:23.600000+00:00,1.0,P
1255,3374,2021-03-20T17:55:26.980000+00:00,1.0,S
1256,3036,2021-03-20T17:55:23.600000+00:00,1.0,P
1256,3374,2021-03-20T17:55:26.980000+00:00,1.0,S
1257,3036,2021-03-20T17:55:23.600000+00:00,1.0,P
1257,3373,2021-03-20T17:55:26.970000+00:00,1.0,S
1258,3036,2021-03-20T17:55:23.600000+00:00,1.0,P
1258,3373,2021-03-20T17:55:26.970000+00:00,1.0,S
1259,3036,2021-03-20T17:55:23.600000+00:00,1.0,P
1259,3373,2021-03-20T17:55:26.970000+00:00,1.0,S
1260,3035,2021-03-20T17:55:23.590000+00:00,1.0,P
1260,3373,2021-03-20T17:55:26.970000+00:00,1.0,S
1261,3035,2021-03-20T17:55:23.590000+00:00,1.0,P
1261,3373,2021-03-20T17:55:26.970000+00:00,1.0,S
1262,3035,2021-03-20T17:55:23.590000+00:00,1.0,P
1262,3372,2021-03-20T17:55:26.960000+00:00,1.0,S
1263,3035,2021-03-20T17:55:23.590000+00:00,1.0,P
1263,3372,2021-03-20T17:55:26.960000+00:00,1.0,S
1264,3035,2021-03-20T17:55:23.590000+00:00,1.0,P
1264,3372,2021-03-20T17:55:26.960000+00:00,1.0,S
1265,3035,2021-03-20T17:55:23.590000+00:00,1.0,P
1265,3372,2021-03-20T17:55:26.960000+00:00,1.0,S
1266,3035,2021-03-20T17:55:23.590000+00:00,1.0,P
1266,3371,2021-03-20T17:55:26.950000+00:00,1.0,S
1267,3035,2021-03-20T17:55:23.590000+00:00,1.0,P
1267,3371,2021-03-20T17:55:26.950000+00:00,1.0,S
1268,3035,2021-03-20T17:55:23.590000+00:00,1.0,P
1268,3371,2021-03-20T17:55:26.950000+00:00,1.0,S
1269,3035,2021-03-20T17:55:23.590000+00:00,1.0,P
1269,3370,2021-03-20T17:55:26.940000+00:00,1.0,S
1270,3034,2021-03-20T17:55:23.580000+00:00,1.0,P
1270,3370,2021-03-20T17:55:26.940000+00:00,1.0,S
1271,3034,2021-03-20T17:55:23.580000+00:00,1.0,P
1271,3370,2021-03-20T17:55:26.940000+00:00,1.0,S
1272,3034,2021-03-20T17:55:23.580000+00:00,1.0,P
1272,3370,2021-03-20T17:55:26.940000+00:00,1.0,S
1273,3034,2021-03-20T17:55:23.580000+00:00,1.0,P
1273,3370,2021-03-20T17:55:26.940000+00:00,1.0,S
1274,3034,2021-03-20T17:55:23.580000+00:00,1.0,P
1274,3369,2021-03-20T17:55:26.929999+00:00,1.0,S
1275,3034,2021-03-20T17:55:23.580000+00:00,1.0,P
1275,3369,2021-03-20T17:55:26.929999+00:00,1.0,S
1276,3034,2021-03-20T17:55:23.580000+00:00,1.0,P
1276,3369,2021-03-20T17:55:26.929999+00:00,1.0,S
1277,3034,2021-03-20T17:55:23.580000+00:00,1.0,P
1277,3369,2021-03-20T17:55:26.929999+00:00,1.0,S
1278,3034,2021-03-20T17:55:23.580000+00:00,1.0,P
1278,3368,2021-03-20T17:55:26.920000+00:00,1.0,S
1279,3033,2021-03-20T17:55:23.570000+00:00,1.0,P
1279,3368,2021-03-20T17:55:26.920000+00:00,1.0,S
1280,3033,2021-03-20T17:55:23.570000+00:00,1.0,P
1280,3368,2021-03-20T17:55:26.920000+00:00,1.0,S
1281,3033,2021-03-20T17:55:23.570000+00:00,1.0,P
1281,3368,2021-03-20T17:55:26.920000+00:00,1.0,S
1282,3033,2021-03-20T17:55:23.570000+00:00,1.0,P
1282,3368,2021-03-20T17:55:26.920000+00:00,1.0,S
1283,3033,2021-03-20T17:55:23.570000+00:00,1.0,P
1283,3368,2021-03-20T17:55:26.920000+00:00,1.0,S
1284,3033,2021-03-20T17:55:23.570000+00:00,1.0,P
1284,3367,2021-03-20T17:55:26.910000+00:00,1.0,S
1285,3033,2021-03-20T17:55:23.570000+00:00,1.0,P
1285,3367,2021-03-20T17:55:26.910000+00:00,1.0,S
1286,3033,2021-03-20T17:55:23.570000+00:00,1.0,P
1286,3367,2021-03-20T17:55:26.910000+00:00,1.0,S
1287,3033,2021-03-20T17:55:23.570000+00:00,1.0,P
1287,3367,2021-03-20T17:55:26.910000+00:00,1.0,S
1288,3033,2021-03-20T17:55:23.570000+00:00,1.0,P
1288,3367,2021-03-20T17:55:26.910000+00:00,1.0,S
1289,3032,2021-03-20T17:55:23.560000+00:00,1.0,P
1289,3367,2021-03-20T17:55:26.910000+00:00,1.0,S
1290,3032,2021-03-20T17:55:23.560000+00:00,1.0,P
1290,3366,2021-03-20T17:55:26.900000+00:00,1.0,S
1291,3032,2021-03-20T17:55:23.560000+00:00,1.0,P
1291,3366,2021-03-20T17:55:26.900000+00:00,1.0,S
1292,3032,2021-03-20T17:55:23.560000+00:00,1.0,P
1292,3366,2021-03-20T17:55:26.900000+00:00,1.0,S
1293,3032,2021-03-20T17:55:23.560000+00:00,1.0,P
1293,3366,2021-03-20T17:55:26.900000+00:00,1.0,S
1294,3032,2021-03-20T17:55:23.560000+00:00,1.0,P
1294,3366,2021-03-20T17:55:26.900000+00:00,1.0,S
1295,3032,2021-03-20T17:55:23.560000+00:00,1.0,P
1295,3365,2021-03-20T17:55:26.890000+00:00,1.0,S
1296,3032,2021-03-20T17:55:23.560000+00:00,1.0,P
1296,3365,2021-03-20T17:55:26.890000+00:00,1.0,S
1297,3032,2021-03-20T17:55:23.560000+00:00,1.0,P
1297,3365,2021-03-20T17:55:26.890000+00:00,1.0,S
1298,3032,2021-03-20T17:55:23.560000+00:00,1.0,P
1298,3365,2021-03-20T17:55:26.890000+00:00,1.0,S
1299,3032,2021-03-20T17:55:23.560000+00:00,1.0,P
1299,3365,2021-03-20T17:55:26.890000+00:00,1.0,S
1300,3031,2021-03-20T17:55:23.550000+00:00,1.0,P
1300,3365,2021-03-20T17:55:26.890000+00:00,1.0,S
1301,3031,2021-03-20T17:55:23.550000+00:00,1.0,P
1301,3365,2021-03-20T17:55:26.890000+00:00,1.0,S
1302,3031,2021-03-20T17:55:23.550000+00:00,1.0,P
1302,3364,2021-03-20T17:55:26.880000+00:00,1.0,S
1303,3031,2021-03-20T17:55:23.550000+00:00,1.0,P
1303,3364,2021-03-20T17:55:26.880000+00:00,1.0,S
1304,3031,2021-03-20T17:55:23.550000+00:00,1.0,P
1304,3364,2021-03-20T17:55:26.880000+00:00,1.0,S
1305,3031,2021-03-20T17:55:23.550000+00:00,1.0,P
1305,3364,2021-03-20T17:55:26.880000+00:00,1.0,S
1306,3031,2021-03-20T17:55:23.550000+00:00,1.0,P
1306,3364,2021-03-20T17:55:26.880000+00:00,1.0,S
1307,3031,2021-03-20T17:55:23.550000+00:00,1.0,P
1307,3364,2021-03-20T17:55:26.880000+00:00,1.0,S
1308,3031,2021-03-20T17:55:23.550000+00:00,1.0,P
1308,3363,2021-03-20T17:55:26.870000+00:00,1.0,S
1309,3031,2021-03-20T17:55:23.550000+00:00,1.0,P
1309,3363,2021-03-20T17:55:26.870000+00:00,1.0,S
1310,3030,2021-03-20T17:55:23.540000+00:00,1.0,P
1310,3363,2021-03-20T17:55:26.870000+00:00,1.0,S
1311,3030,2021-03-20T17:55:23.540000+00:00,1.0,P
1311,3363,2021-03-20T17:55:26.870000+00:00,1.0,S
1312,3030,2021-03-20T17:55:23.540000+00:00,1.0,P
1312,3363,2021-03-20T17:55:26.870000+00:00,1.0,S
1313,3030,2021-03-20T17:55:23.540000+00:00,1.0,P
1313,3362,2021-03-20T17:55:26.859999+00:00,1.0,S
1314,3030,2021-03-20T17:55:23.540000+00:00,1.0,P
1314,3362,2021-03-20T17:55:26.859999+00:00,1.0,S
1315,3030,2021-03-20T17:55:23.540000+00:00,1.0,P
1315,3362,2021-03-20T17:55:26.859999+00:00,1.0,S
1316,3030,2021-03-20T17:55:23.540000+00:00,1.0,P
1316,3362,2021-03-20T17:55:26.859999+00:00,1.0,S
1317,3030,2021-03-20T17:55:23.540000+00:00,1.0,P
1317,3361,2021-03-20T17:55:26.850000+00:00,1.0,S
1318,3030,2021-03-20T17:55:23.540000+00:00,1.0,P
1318,3361,2021-03-20T17:55:26.850000+00:00,1.0,S
1319,3030,2021-03-20T17:55:23.540000+00:00,1.0,P
1319,3361,2021-03-20T17:55:26.850000+00:00,1.0,S
1320,3029,2021-03-20T17:55:23.530000+00:00,1.0,P
1320,3361,2021-03-20T17:55:26.850000+00:00,1.0,S
1321,3029,2021-03-20T17:55:23.530000+00:00,1.0,P
1321,3361,2021-03-20T17:55:26.850000+00:00,1.0,S
1322,3029,2021-03-20T17:55:23.530000+00:00,1.0,P
1322,3360,2021-03-20T17:55:26.840000+00:00,1.0,S
1323,3029,2021-03-20T17:55:23.530000+00:00,1.0,P
1323,3360,2021-03-20T17:55:26.840000+00:00,1.0,S
1324,3029,2021-03-20T17:55:23.530000+00:00,1.0,P
1324,3360,2021-03-20T17:55:26.840000+00:00,1.0,S
1325,3029,2021-03-20T17:55:23.530000+00:00,1.0,P
1325,3360,2021-03-20T17:55:26.840000+00:00,1.0,S
1326,3029,2021-03-20T17:55:23.530000+00:00,1.0,P
1326,3359,2021-03-20T17:55:26.830000+00:00,1.0,S
1327,3029,2021-03-20T17:55:23.530000+00:00,1.0,P
1327,3359,2021-03-20T17:55:26.830000+00:00,1.0,S
1328,3029,2021-03-20T17:55:23.530000+00:00,1.0,P
1328,3359,2021-03-20T17:55:26.830000+00:00,1.0,S
1329,3029,2021-03-20T17:55:23.530000+00:00,1.0,P
1329,3359,2021-03-20T17:55:26.830000+00:00,1.0,S
1330,3028,2021-03-20T17:55:23.520000+00:00,1.0,P
1330,3358,2021-03-20T17:55:26.820000+00:00,1.0,S
1331,3028,2021-03-20T17:55:23.520000+00:00,1.0,P
1331,3358,2021-03-20T17:55:26.820000+00:00,1.0,S
1332,3028,2021-03-20T17:55:23.520000+00:00,1.0,P
1332,3358,2021-03-20T17:55:26.820000+00:00,1.0,S
1333,3028,2021-03-20T17:55:23.520000+00:00,1.0,P
1333,3358,2021-03-20T17:55:26.820000+00:00,1.0,S
1334,3028,2021-03-20T17:55:23.520000+00:00,1.0,P
1334,3357,2021-03-20T17:55:26.810000+00:00,1.0,S
1335,3028,2021-03-20T17:55:23.520000+00:00,1.0,P
1335,3357,2021-03-20T17:55:26.810000+00:00,1.0,S
1336,3028,2021-03-20T17:55:23.520000+00:00,1.0,P
1336,3357,2021-03-20T17:55:26.810000+00:00,1.0,S
1337,3028,2021-03-20T17:55:23.520000+00:00,1.0,P
1337,3356,2021-03-20T17:55:26.800000+00:00,1.0,S
1338,3028,2021-03-20T17:55:23.520000+00:00,1.0,P
1338,3356,2021-03-20T17:55:26.800000+00:00,1.0,S
1339,3027,2021-03-20T17:55:23.510000+00:00,1.0,P
1339,3356,2021-03-20T17:55:26.800000+00:00,1.0,S
1340,3027,2021-03-20T17:55:23.510000+00:00,1.0,P
1340,3356,2021-03-20T17:55:26.800000+00:00,1.0,S
1341,3027,2021-03-20T17:55:23.510000+00:00,1.0,P
1341,3355,2021-03-20T17:55:26.789999+00:00,1.0,S
1342,3027,2021-03-20T17:55:23.510000+00:00,1.0,P
1342,3355,2021-03-20T17:55:26.789999+00:00,1.0,S
1343,3027,2021-03-20T17:55:23.510000+00:00,1.0,P
1343,3355,2021-03-20T17:55:26.789999+00:00,1.0,S
1344,3027,2021-03-20T17:55:23.510000+00:00,1.0,P
1344,3354,2021-03-20T17:55:26.780000+00:00,1.0,S
1345,3027,2021-03-20T17:55:23.510000+00:00,1.0,P
1345,3354,2021-03-20T17:55:26.780000+00:00,1.0,S
1346,3027,2021-03-20T17:55:23.510000+00:00,1.0,P
1346,3354,2021-03-20T17:55:26.780000+00:00,1.0,S
1347,3027,2021-03-20T17:55:23.510000+00:00,1.0,P
1347,3354,2021-03-20T17:55:26.780000+00:00,1.0,S
1348,3027,2021-03-20T17:55:23.510000+00:00,1.0,P
1348,3353,2021-03-20T17:55:26.770000+00:00,1.0,S
1349,3027,2021-03-20T17:55:23.510000+00:00,1.0,P
1349,3353,2021-03-20T17:55:26.770000+00:00,1.0,S
1350,3026,2021-03-20T17:55:23.500000+00:00,1.0,P
1350,3353,2021-03-20T17:55:26.770000+00:00,1.0,S
1351,3026,2021-03-20T17:55:23.500000+00:00,1.0,P
1351,3352,2021-03-20T17:55:26.760000+00:00,1.0,S
1352,3026,2021-03-20T17:55:23.500000+00:00,1.0,P
1352,3352,2021-03-20T17:55:26.760000+00:00,1.0,S
1353,3026,2021-03-20T17:55:23.500000+00:00,1.0,P
1353,3352,2021-03-20T17:55:26.760000+00:00,1.0,S
1354,3026,2021-03-20T17:55:23.500000+00:00,1.0,P
1354,3351,2021-03-20T17:55:26.749999+00:00,1.0,S
1355,3026,2021-03-20T17:55:23.500000+00:00,1.0,P
1355,3351,2021-03-20T17:55:26.749999+00:00,1.0,S
1356,3026,2021-03-20T17:55:23.500000+00:00,1.0,P
1356,3351,2021-03-20T17:55:26.749999+00:00,1.0,S
1357,3026,2021-03-20T17:55:23.500000+00:00,1.0,P
1357,3350,2021-03-20T17:55:26.740000+00:00,1.0,S
1358,3026,2021-03-20T17:55:23.500000+00:00,1.0,P
1358,3350,2021-03-20T17:55:26.740000+00:00,1.0,S
1359,3026,2021-03-20T17:55:23.500000+00:00,1.0,P
1359,3349,2021-03-20T17:55:26.730000+00:00,1.0,S
1360,3025,2021-03-20T17:55:23.490000+00:00,1.0,P
1360,3349,2021-03-20T17:55:26.730000+00:00,1.0,S
1361,3025,2021-03-20T17:55:23.490000+00:00,1.0,P
1361,3349,2021-03-20T17:55:26.730000+00:00,1.0,S
1362,3025,2021-03-20T17:55:23.490000+00:00,1.0,P
1362,3348,2021-03-20T17:55:26.720000+00:00,1.0,S
1363,3025,2021-03-20T17:55:23.490000+00:00,1.0,P
1363,3348,2021-03-20T17:55:26.720000+00:00,1.0,S
1364,3025,2021-03-20T17:55:23.490000+00:00,1.0,P
1364,3348,2021-03-20T17:55:26.720000+00:00,1.0,S
1365,3025,2021-03-20T17:55:23.490000+00:00,1.0,P
1365,3347,2021-03-20T17:55:26.710000+00:00,1.0,S
1366,3025,2021-03-20T17:55:23.490000+00:00,1.0,P
1366,3347,2021-03-20T17:55:26.710000+00:00,1.0,S
1367,3025,2021-03-20T17:55:23.490000+00:00,1.0,P
1367,3346,2021-03-20T17:55:26.700000+00:00,1.0,S
1368,3024,2021-03-20T17:55:23.480000+00:00,1.0,P
1368,3346,2021-03-20T17:55:26.700000+00:00,1.0,S
1369,3024,2021-03-20T17:55:23.480000+00:00,1.0,P
1369,3346,2021-03-20T17:55:26.700000+00:00,1.0,S
1370,3024,2021-03-20T17:55:23.480000+00:00,1.0,P
1370,3345,2021-03-20T17:55:26.690000+00:00,1.0,S
1371,3024,2021-03-20T17:55:23.480000+00:00,1.0,P
1371,3345,2021-03-20T17:55:26.690000+00:00,1.0,S
1372,3024,2021-03-20T17:55:23.480000+00:00,1.0,P
1372,3345,2021-03-20T17:55:26.690000+00:00,1.0,S
1373,3024,2021-03-20T17:55:23.480000+00:00,1.0,P
1373,3344,2021-03-20T17:55:26.679999+00:00,1.0,S
1374,3024,2021-03-20T17:55:23.480000+00:00,1.0,P
1374,3344,2021-03-20T17:55:26.679999+00:00,1.0,S
1375,3023,2021-03-20T17:55:23.470000+00:00,1.0,P
1375,3343,2021-03-20T17:55:26.670000+00:00,1.0,S
1376,3023,2021-03-20T17:55:23.470000+00:00,1.0,P
1376,3343,2021-03-20T17:55:26.670000+00:00,1.0,S
1377,3023,2021-03-20T17:55:23.470000+00:00,1.0,P
1377,3342,2021-03-20T17:55:26.660000+00:00,1.0,S
1378,3023,2021-03-20T17:55:23.470000+00:00,1.0,P
1378,3342,2021-03-20T17:55:26.660000+00:00,1.0,S
1379,3023,2021-03-20T17:55:23.470000+00:00,1.0,P
1379,3341,2021-03-20T17:55:26.650000+00:00,1.0,S
1380,3023,2021-03-20T17:55:23.470000+00:00,1.0,P
1380,3341,2021-03-20T17:55:26.650000+00:00,1.0,S
1381,3023,2021-03-20T17:55:23.470000+00:00,1.0,P
1381,3340,2021-03-20T17:55:26.640000+00:00,1.0,S
1382,3022,2021-03-20T17:55:23.460000+00:00,1.0,P
1382,3340,2021-03-20T17:55:26.640000+00:00,1.0,S
1383,3022,2021-03-20T17:55:23.460000+00:00,1.0,P
1383,3340,2021-03-20T17:55:26.640000+00:00,1.0,S
1384,3022,2021-03-20T17:55:23.460000+00:00,1.0,P
1384,3339,2021-03-20T17:55:26.630000+00:00,1.0,S
1385,3022,2021-03-20T17:55:23.460000+00:00,1.0,P
1385,3339,2021-03-20T17:55:26.630000+00:00,1.0,S
1386,3022,2021-03-20T17:55:23.460000+00:00,1.0,P
1386,3338,2021-03-20T17:55:26.620000+00:00,1.0,S
1387,3022,2021-03-20T17:55:23.460000+00:00,1.0,P
1387,3338,2021-03-20T17:55:26.620000+00:00,1.0,S
1388,3022,2021-03-20T17:55:23.460000+00:00,1.0,P
1388,3338,2021-03-20T17:55:26.620000+00:00,1.0,S
1389,3021,2021-03-20T17:55:23.450000+00:00,1.0,P
1389,3337,2021-03-20T17:55:26.609999+00:00,1.0,S
1390,3021,2021-03-20T17:55:23.450000+00:00,1.0,P
1390,3337,2021-03-20T17:55:26.609999+00:00,1.0,S
1391,3021,2021-03-20T17:55:23.450000+00:00,1.0,P
1391,3336,2021-03-20T17:55:26.600000+00:00,1.0,S
1392,3021,2021-03-20T17:55:23.450000+00:00,1.0,P
1392,3336,2021-03-20T17:55:26.600000+00:00,1.0,S
1393,3021,2021-03-20T17:55:23.450000+00:00,1.0,P
1393,3336,2021-03-20T17:55:26.600000+00:00,1.0,S
1394,3021,2021-03-20T17:55:23.450000+00:00,1.0,P
1394,3335,2021-03-20T17:55:26.590000+00:00,1.0,S
1395,3020,2021-03-20T17:55:23.440000+00:00,1.0,P
1395,3335,2021-03-20T17:55:26.590000+00:00,1.0,S
1396,3020,2021-03-20T17:55:23.440000+00:00,1.0,P
1396,3334,2021-03-20T17:55:26.580000+00:00,1.0,S
1397,3020,2021-03-20T17:55:23.440000+00:00,1.0,P
1397,3334,2021-03-20T17:55:26.580000+00:00,1.0,S
1398,3020,2021-03-20T17:55:23.440000+00:00,1.0,P
1398,3334,2021-03-20T17:55:26.580000+00:00,1.0,S
1399,3020,2021-03-20T17:55:23.440000+00:00,1.0,P
1399,3333,2021-03-20T17:55:26.570000+00:00,1.0,S
1400,3020,2021-03-20T17:55:23.440000+00:00,1.0,P
1400,3333,2021-03-20T17:55:26.570000+00:00,1.0,S
1401,3020,2021-03-20T17:55:23.440000+00:00,1.0,P
1401,3333,2021-03-20T17:55:26.570000+00:00,1.0,S
1402,3019,2021-03-20T17:55:23.430000+00:00,1.0,P
1402,3332,2021-03-20T17:55:26.560000+00:00,1.0,S
1403,3019,2021-03-20T17:55:23.430000+00:00,1.0,P
1403,3332,2021-03-20T17:55:26.560000+00:00,1.0,S
1404,3019,2021-03-20T17:55:23.430000+00:00,1.0,P
1404,3331,2021-03-20T17:55:26.550000+00:00,1.0,S
1405,3019,2021-03-20T17:55:23.430000+00:00,1.0,P
1405,3331,2021-03-20T17:55:26.550000+00:00,1.0,S
1406,3019,2021-03-20T17:55:23.430000+00:00,1.0,P
1406,3330,2021-03-20T17:55:26.539999+00:00,1.0,S
1407,3019,2021-03-20T17:55:23.430000+00:00,1.0,P
1407,3330,2021-03-20T17:55:26.539999+00:00,1.0,S
1408,3018,2021-03-20T17:55:23.420000+00:00,1.0,P
1408,3330,2021-03-20T17:55:26.539999+00:00,1.0,S
1409,3018,2021-03-20T17:55:23.420000+00:00,1.0,P
1409,3329,2021-03-20T17:55:26.530000+00:00,1.0,S
1410,3018,2021-03-20T17:55:23.420000+00:00,1.0,P
1410,3329,2021-03-20T17:55:26.530000+00:00,1.0,S
1411,3018,2021-03-20T17:55:23.420000+00:00,1.0,P
1411,3328,2021-03-20T17:55:26.520000+00:00,1.0,S
1412,3018,2021-03-20T17:55:23.420000+00:00,1.0,P
1412,3328,2021-03-20T17:55:26.520000+00:00,1.0,S
1413,3017,2021-03-20T17:55:23.410000+00:00,1.0,P
1413,3327,2021-03-20T17:55:26.510000+00:00,1.0,S
1414,3017,2021-03-20T17:55:23.410000+00:00,1.0,P
1414,3327,2021-03-20T17:55:26.510000+00:00,1.0,S
1415,3017,2021-03-20T17:55:23.410000+00:00,1.0,P
1415,3326,2021-03-20T17:55:26.499999+00:00,1.0,S
1416,3017,2021-03-20T17:55:23.410000+00:00,1.0,P
1416,3326,2021-03-20T17:55:26.499999+00:00,1.0,S
1417,3017,2021-03-20T17:55:23.410000+00:00,1.0,P
1417,3326,2021-03-20T17:55:26.499999+00:00,1.0,S
1418,3017,2021-03-20T17:55:23.410000+00:00,1.0,P
1418,3325,2021-03-20T17:55:26.490000+00:00,1.0,S
1419,3016,2021-03-20T17:55:23.400000+00:00,1.0,P
1419,3325,2021-03-20T17:55:26.490000+00:00,1.0,S
1420,3016,2021-03-20T17:55:23.400000+00:00,1.0,P
1420,3324,2021-03-20T17:55:26.480000+00:00,1.0,S
1421,3016,2021-03-20T17:55:23.400000+00:00,1.0,P
1421,3324,2021-03-20T17:55:26.480000+00:00,1.0,S
1422,3016,2021-03-20T17:55:23.400000+00:00,1.0,P
1422,3323,2021-03-20T17:55:26.470000+00:00,1.0,S
1423,3016,2021-03-20T17:55:23.400000+00:00,1.0,P
1423,3323,2021-03-20T17:55:26.470000+00:00,1.0,S
1424,3015,2021-03-20T17:55:23.390000+00:00,1.0,P
1424,3323,2021-03-20T17:55:26.470000+00:00,1.0,S
1425,3015,2021-03-20T17:55:23.390000+00:00,1.0,P
1425,3322,2021-03-20T17:55:26.460000+00:00,1.0,S
1426,3015,2021-03-20T17:55:23.390000+00:00,1.0,P
1426,3322,2021-03-20T17:55:26.460000+00:00,1.0,S
1427,3015,2021-03-20T17:55:23.390000+00:00,1.0,P
1427,3321,2021-03-20T17:55:26.450000+00:00,1.0,S
1428,3015,2021-03-20T17:55:23.390000+00:00,1.0,P
1428,3321,2021-03-20T17:55:26.450000+00:00,1.0,S
1429,3014,2021-03-20T17:55:23.380000+00:00,1.0,P
1429,3320,2021-03-20T17:55:26.440000+00:00,1.0,S
1430,3014,2021-03-20T17:55:23.380000+00:00,1.0,P
1430,3320,2021-03-20T17:55:26.440000+00:00,1.0,S
1431,3014,2021-03-20T17:55:23.380000+00:00,1.0,P
1431,3320,2021-03-20T17:55:26.440000+00:00,1.0,S
1432,3014,2021-03-20T17:55:23.380000+00:00,1.0,P
1432,3319,2021-03-20T17:55:26.429999+00:00,1.0,S
1433,3014,2021-03-20T17:55:23.380000+00:00,1.0,P
1433,3319,2021-03-20T17:55:26.429999+00:00,1.0,S
1434,3013,2021-03-20T17:55:23.370000+00:00,1.0,P
1434,3318,2021-03-20T17:55:26.420000+00:00,1.0,S
1435,3013,2021-03-20T17:55:23.370000+00:00,1.0,P
1435,3318,2021-03-20T17:55:26.420000+00:00,1.0,S
1436,3013,2021-03-20T17:55:23.370000+00:00,1.0,P
1436,3317,2021-03-20T17:55:26.410000+00:00,1.0,S
1437,3013,2021-03-20T17:55:23.370000+00:00,1.0,P
1437,3317,2021-03-20T17:55:26.410000+00:00,1.0,S
1438,3013,2021-03-20T17:55:23.370000+00:00,1.0,P
1438,3317,2021-03-20T17:55:26.410000+00:00,1.0,S
1439,3012,2021-03-20T17:55:23.360000+00:00,1.0,P
1439,3316,2021-03-20T17:55:26.400000+00:00,1.0,S
1440,3012,2021-03-20T17:55:23.360000+00:00,1.0,P
1440,3316,2021-03-20T17:55:26.400000+00:00,1.0,S
1441,3012,2021-03-20T17:55:23.360000+00:00,1.0,P
1441,3315,2021-03-20T17:55:26.390000+00:00,1.0,S
1442,3012,2021-03-20T17:55:23.360000+00:00,1.0,P
1442,3315,2021-03-20T17:55:26.390000+00:00,1.0,S
1443,3012,2021-03-20T17:55:23.360000+00:00,1.0,P
1443,3315,2021-03-20T17:55:26.390000+00:00,1.0,S
1444,3012,2021-03-20T17:55:23.360000+00:00,1.0,P
1444,3314,2021-03-20T17:55:26.380000+00:00,1.0,S
1445,3011,2021-03-20T17:55:23.350000+00:00,1.0,P
1445,3314,2021-03-20T17:55:26.380000+00:00,1.0,S
1446,3011,2021-03-20T17:55:23.350000+00:00,1.0,P
1446,3314,2021-03-20T17:55:26.380000+00:00,1.0,S
1447,3011,2021-03-20T17:55:23.350000+00:00,1.0,P
1447,3313,2021-03-20T17:55:26.370000+00:00,1.0,S
1448,3011,2021-03-20T17:55:23.350000+00:00,1.0,P
1448,3313,2021-03-20T17:55:26.370000+00:00,1.0,S
1449,3011,2021-03-20T17:55:23.350000+00:00,1.0,P
1449,3312,2021-03-20T17:55:26.359999+00:00,1.0,S
1450,3011,2021-03-20T17:55:23.350000+00:00,1.0,P
1450,3312,2021-03-20T17:55:26.359999+00:00,1.0,S
1451,3010,2021-03-20T17:55:23.340000+00:00,1.0,P
1451,3312,2021-03-20T17:55:26.359999+00:00,1.0,S
1452,3010,2021-03-20T17:55:23.340000+00:00,1.0,P
1452,3311,2021-03-20T17:55:26.350000+00:00,1.0,S
1453,3010,2021-03-20T17:55:23.340000+00:00,1.0,P
1453,3311,2021-03-20T17:55:26.350000+00:00,1.0,S
1454,3010,2021-03-20T17:55:23.340000+00:00,1.0,P
1454,3310,2021-03-20T17:55:26.340000+00:00,1.0,S
1455,3010,2021-03-20T17:55:23.340000+00:00,1.0,P
1455,3310,2021-03-20T17:55:26.340000+00:00,1.0,S
1456,3010,2021-03-20T17:55:23.340000+00:00,1.0,P
1456,3310,2021-03-20T17:55:26.340000+00:00,1.0,S
1457,3009,2021-03-20T17:55:23.330000+00:00,1.0,P
1457,3309,2021-03-20T17:55:26.330000+00:00,1.0,S
1458,3009,2021-03-20T17:55:23.330000+00:00,1.0,P
1458,3309,2021-03-20T17:55:26.330000+00:00,1.0,S
1459,3009,2021-03-20T17:55:23.330000+00:00,1.0,P
1459,3308,2021-03-20T17:55:26.320000+00:00,1.0,S
1460,3009,2021-03-20T17:55:23.330000+00:00,1.0,P
1460,3308,2021-03-20T17:55:26.320000+00:00,1.0,S
1461,3009,2021-03-20T17:55:23.330000+00:00,1.0,P
1461,3308,2021-03-20T17:55:26.320000+00:00,1.0,S
1462,3009,2021-03-20T17:55:23.330000+00:00,1.0,P
1462,3307,2021-03-20T17:55:26.310000+00:00,1.0,S
1463,3008,2021-03-20T17:55:23.320000+00:00,1.0,P
1463,3307,2021-03-20T17:55:26.310000+00:00,1.0,S
1464,3008,2021-03-20T17:55:23.320000+00:00,1.0,P
1464,3306,2021-03-20T17:55:26.300000+00:00,1.0,S
1465,3008,2021-03-20T17:55:23.320000+00:00,1.0,P
1465,3306,2021-03-20T17:55:26.300000+00:00,1.0,S
1466,3008,2021-03-20T17:55:23.320000+00:00,1.0,P
1466,3306,2021-03-20T17:55:26.300000+00:00,1.0,S
1467,3008,2021-03-20T17:55:23.320000+00:00,1.0,P
1467,3305,2021-03-20T17:55:26.289999+00:00,1.0,S
1468,3008,2021-03-20T17:55:23.320000+00:00,1.0,P
1468,3305,2021-03-20T17:55:26.289999+00:00,1.0,S
1469,3008,2021-03-20T17:55:23.320000+00:00,1.0,P
1469,3305,2021-03-20T17:55:26.289999+00:00,1.0,S
1470,3007,2021-03-20T17:55:23.310000+00:00,1.0,P
1470,3304,2021-03-20T17:55:26.280000+00:00,1.0,S
1471,3007,2021-03-20T17:55:23.310000+00:00,1.0,P
1471,3304,2021-03-20T17:55:26.280000+00:00,1.0,S
1472,3007,2021-03-20T17:55:23.310000+00:00,1.0,P
1472,3304,2021-03-20T17:55:26.280000+00:00,1.0,S
1473,3007,2021-03-20T17:55:23.310000+00:00,1.0,P
1473,3303,2021-03-20T17:55:26.270000+00:00,1.0,S
1474,3007,2021-03-20T17:55:23.310000+00:00,1.0,P
1474,3303,2021-03-20T17:55:26.270000+00:00,1.0,S
1475,3007,2021-03-20T17:55:23.310000+00:00,1.0,P
1475,3302,2021-03-20T17:55:26.260000+00:00,1.0,S
1476,3007,2021-03-20T17:55:23.310000+00:00,1.0,P
1476,3302,2021-03-20T17:55:26.260000+00:00,1.0,S
1477,3006,2021-03-20T17:55:23.300000+00:00,1.0,P
1477,3302,2021-03-20T17:55:26.260000+00:00,1.0,S
1478,3006,2021-03-20T17:55:23.300000+00:00,1.0,P
1478,3301,2021-03-20T17:55:26.249999+00:00,1.0,S
1479,3006,2021-03-20T17:55:23.300000+00:00,1.0,P
1479,3301,2021-03-20T17:55:26.249999+00:00,1.0,S
1480,3006,2021-03-20T17:55:23.300000+00:00,1.0,P
1480,3300,2021-03-20T17:55:26.240000+00:00,1.0,S
1481,3006,2021-03-20T17:55:23.300000+00:00,1.0,P
1481,3300,2021-03-20T17:55:26.240000+00:00,1.0,S
1482,3006,2021-03-20T17:55:23.300000+00:00,1.0,P
1482,3299,2021-03-20T17:55:26.230000+00:00,1.0,S
1483,3005,2021-03-20T17:55:23.290000+00:00,1.0,P
1483,3299,2021-03-20T17:55:26.230000+00:00,1.0,S
1484,3005,2021-03-20T17:55:23.290000+00:00,1.0,P
1484,3299,2021-03-20T17:55:26.230000+00:00,1.0,S
1485,3005,2021-03-20T17:55:23.290000+00:00,1.0,P
1485,3298,2021-03-20T17:55:26.220000+00:00,1.0,S
1486,3005,2021-03-20T17:55:23.290000+00:00,1.0,P
1486,3298,2021-03-20T17:55:26.220000+00:00,1.0,S
1487,3005,2021-03-20T17:55:23.290000+00:00,1.0,P
1487,3297,2021-03-20T17:55:26.210000+00:00,1.0,S
1488,3005,2021-03-20T17:55:23.290000+00:00,1.0,P
1488,3297,2021-03-20T17:55:26.210000+00:00,1.0,S
1489,3004,2021-03-20T17:55:23.280000+00:00,1.0,P
1489,3297,2021-03-20T17:55:26.210000+00:00,1.0,S
1490,3004,2021-03-20T17:55:23.280000+00:00,1.0,P
1490,3296,2021-03-20T17:55:26.200000+00:00,1.0,S
1491,3004,2021-03-20T17:55:23.280000+00:00,1.0,P
1491,3296,2021-03-20T17:55:26.200000+00:00,1.0,S
1492,3004,2021-03-20T17:55:23.280000+00:00,1.0,P
1492,3295,2021-03-20T17:55:26.190000+00:00,1.0,S
1493,3004,2021-03-20T17:55:23.280000+00:00,1.0,P
1493,3295,2021-03-20T17:55:26.190000+00:00,1.0,S
1494,3004,2021-03-20T17:55:23.280000+00:00,1.0,P
1494,3295,2021-03-20T17:55:26.190000+00:00,1.0,S
1495,3004,2021-03-20T17:55:23.280000+00:00,1.0,P
1495,3294,2021-03-20T17:55:26.179999+00:00,1.0,S
1496,3003,2021-03-20T17:55:23.270000+00:00,1.0,P
1496,3294,2021-03-20T17:55:26.179999+00:00,1.0,S
1497,3003,2021-03-20T17:55:23.270000+00:00,1.0,P
1497,3294,2021-03-20T17:55:26.179999+00:00,1.0,S
1498,3003,2021-03-20T17:55:23.270000+00:00,1.0,P
1498,3293,2021-03-20T17:55:26.170000+00:00,1.0,S
1499,3003,2021-03-20T17:55:23.270000+00:00,1.0,P
1499,3293,2021-03-20T17:55:26.170000+00:00,1.0,S
1500,3003,2021-03-20T17:55:23.270000+00:00,1.0,P
1500,3292,2021-03-20T17:55:26.160000+00:00,1.0,S
1501,3003,2021-03-20T17:55:23.270000+00:00,1.0,P
1501,3292,2021-03-20T17:55:26.160000+00:00,1.0,S
1502,3002,2021-03-20T17:55:23.260000+00:00,1.0,P
1502,3292,2021-03-20T17:55:26.160000+00:00,1.0,S
1503,3002,2021-03-20T17:55:23.260000+00:00,1.0,P
1503,3291,2021-03-20T17:55:26.150000+00:00,1.0,S
1504,3002,2021-03-20T17:55:23.260000+00:00,1.0,P
1504,3291,2021-03-20T17:55:26.150000+00:00,1.0,S
1505,3002,2021-03-20T17:55:23.260000+00:00,1.0,P
1505,3291,2021-03-20T17:55:26.150000+00:00,1.0,S
1506,3002,2021-03-20T17:55:23.260000+00:00,1.0,P
1506,3290,2021-03-20T17:55:26.140000+00:00,1.0,S
1507,3002,2021-03-20T17:55:23.260000+00:00,1.0,P
1507,3290,2021-03-20T17:55:26.140000+00:00,1.0,S
1508,3001,2021-03-20T17:55:23.250000+00:00,1.0,P
1508,3289,2021-03-20T17:55:26.130000+00:00,1.0,S
1509,3001,2021-03-20T17:55:23.250000+00:00,1.0,P
1509,3289,2021-03-20T17:55:26.130000+00:00,1.0,S
1510,3001,2021-03-20T17:55:23.250000+00:00,1.0,P
1510,3289,2021-03-20T17:55:26.130000+00:00,1.0,S
1511,3001,2021-03-20T17:55:23.250000+00:00,1.0,P
1511,3288,2021-03-20T17:55:26.120000+00:00,1.0,S
1512,3001,2021-03-20T17:55:23.250000+00:00,1.0,P
1512,3288,2021-03-20T17:55:26.120000+00:00,1.0,S
1513,3001,2021-03-20T17:55:23.250000+00:00,1.0,P
1513,3287,2021-03-20T17:55:26.109999+00:00,1.0,S
1514,3000,2021-03-20T17:55:23.240000+00:00,1.0,P
1514,3287,2021-03-20T17:55:26.109999+00:00,1.0,S
1515,3000,2021-03-20T17:55:23.240000+00:00,1.0,P
1515,3287,2021-03-20T17:55:26.109999+00:00,1.0,S
1516,3000,2021-03-20T17:55:23.240000+00:00,1.0,P
1516,3286,2021-03-20T17:55:26.100000+00:00,1.0,S
1517,3000,2021-03-20T17:55:23.240000+00:00,1.0,P
1517,3286,2021-03-20T17:55:26.100000+00:00,1.0,S
1518,3000,2021-03-20T17:55:23.240000+00:00,1.0,P
1518,3286,2021-03-20T17:55:26.100000+00:00,1.0,S
1519,3000,2021-03-20T17:55:23.240000+00:00,1.0,P
1519,3285,2021-03-20T17:55:26.090000+00:00,1.0,S
1520,2999,2021-03-20T17:55:23.230000+00:00,1.0,P
1520,3285,2021-03-20T17:55:26.090000+00:00,1.0,S
1521,2999,2021-03-20T17:55:23.230000+00:00,1.0,P
1521,3284,2021-03-20T17:55:26.080000+00:00,1.0,S
1522,2999,2021-03-20T17:55:23.230000+00:00,1.0,P
1522,3284,2021-03-20T17:55:26.080000+00:00,1.0,S
1523,2999,2021-03-20T17:55:23.230000+00:00,1.0,P
1523,3284,2021-03-20T17:55:26.080000+00:00,1.0,S
1524,2999,2021-03-20T17:55:23.230000+00:00,1.0,P
1524,3283,2021-03-20T17:55:26.070000+00:00,1.0,S
1525,2999,2021-03-20T17:55:23.230000+00:00,1.0,P
1525,3283,2021-03-20T17:55:26.070000+00:00,1.0,S
1526,2998,2021-03-20T17:55:23.220000+00:00,1.0,P
1526,3283,2021-03-20T17:55:26.070000+00:00,1.0,S
1527,2998,2021-03-20T17:55:23.220000+00:00,1.0,P
1527,3282,2021-03-20T17:55:26.060000+00:00,1.0,S
1528,2998,2021-03-20T17:55:23.220000+00:00,1.0,P
1528,3282,2021-03-20T17:55:26.060000+00:00,1.0,S
1529,2998,2021-03-20T17:55:23.220000+00:00,1.0,P
1529,3282,2021-03-20T17:55:26.060000+00:00,1.0,S
1530,2998,2021-03-20T17:55:23.220000+00:00,1.0,P
1530,3281,2021-03-20T17:55:26.050000+00:00,1.0,S
1531,2998,2021-03-20T17:55:23.220000+00:00,1.0,P
1531,3281,2021-03-20T17:55:26.050000+00:00,1.0,S
1532,2998,2021-03-20T17:55:23.220000+00:00,1.0,P
1532,3281,2021-03-20T17:55:26.050000+00:00,1.0,S
1533,2997,2021-03-20T17:55:23.210000+00:00,1.0,P
1533,3280,2021-03-20T17:55:26.039999+00:00,1.0,S
1534,2997,2021-03-20T17:55:23.210000+00:00,1.0,P
1534,3280,2021-03-20T17:55:26.039999+00:00,1.0,S
1535,2997,2021-03-20T17:55:23.210000+00:00,1.0,P
1535,3280,2021-03-20T17:55:26.039999+00:00,1.0,S
1536,2997,2021-03-20T17:55:23.210000+00:00,1.0,P
1536,3279,2021-03-20T17:55:26.030000+00:00,1.0,S
1537,2997,2021-03-20T17:55:23.210000+00:00,1.0,P
1537,3279,2021-03-20T17:55:26.030000+00:00,1.0,S
1538,2997,2021-03-20T17:55:23.210000+00:00,1.0,P
1538,3279,2021-03-20T17:55:26.030000+00:00,1.0,S
1539,2996,2021-03-20T17:55:23.200000+00:00,1.0,P
1539,3279,2021-03-20T17:55:26.030000+00:00,1.0,S
1540,2996,2021-03-20T17:55:23.200000+00:00,1.0,P
1540,3278,2021-03-20T17:55:26.020000+00:00,1.0,S
1541,2996,2021-03-20T17:55:23.200000+00:00,1.0,P
1541,3278,2021-03-20T17:55:26.020000+00:00,1.0,S
1542,2996,2021-03-20T17:55:23.200000+00:00,1.0,P
1542,3278,2021-03-20T17:55:26.020000+00:00,1.0,S
1543,2996,2021-03-20T17:55:23.200000+00:00,1.0,P
1543,3277,2021-03-20T17:55:26.010000+00:00,1.0,S
1544,2996,2021-03-20T17:55:23.200000+00:00,1.0,P
1544,3277,2021-03-20T17:55:26.010000+00:00,1.0,S
1545,2996,2021-03-20T17:55:23.200000+00:00,1.0,P
1545,3277,2021-03-20T17:55:26.010000+00:00,1.0,S
1546,2995,2021-03-20T17:55:23.190000+00:00,1.0,P
1546,3276,2021-03-20T17:55:25.999999+00:00,1.0,S
1547,2995,2021-03-20T17:55:23.190000+00:00,1.0,P
1547,3276,2021-03-20T17:55:25.999999+00:00,1.0,S
1548,2995,2021-03-20T17:55:23.190000+00:00,1.0,P
1548,3276,2021-03-20T17:55:25.999999+00:00,1.0,S
1549,2995,2021-03-20T17:55:23.190000+00:00,1.0,P
1549,3276,2021-03-20T17:55:25.999999+00:00,1.0,S
1550,2995,2021-03-20T17:55:23.190000+00:00,1.0,P
1550,3275,2021-03-20T17:55:25.990000+00:00,1.0,S
1551,2995,2021-03-20T17:55:23.190000+00:00,1.0,P
1551,3275,2021-03-20T17:55:25.990000+00:00,1.0,S
1552,2995,2021-03-20T17:55:23.190000+00:00,1.0,P
1552,3275,2021-03-20T17:55:25.990000+00:00,1.0,S
1553,2994,2021-03-20T17:55:23.180000+00:00,1.0,P
1553,3275,2021-03-20T17:55:25.990000+00:00,1.0,S
1554,2994,2021-03-20T17:55:23.180000+00:00,1.0,P
1554,3274,2021-03-20T17:55:25.980000+00:00,1.0,S
1555,2994,2021-03-20T17:55:23.180000+00:00,1.0,P
1555,3274,2021-03-20T17:55:25.980000+00:00,1.0,S
1556,2994,2021-03-20T17:55:23.180000+00:00,1.0,P
1556,3274,2021-03-20T17:55:25.980000+00:00,1.0,S
1557,2994,2021-03-20T17:55:23.180000+00:00,1.0,P
1557,3274,2021-03-20T17:55:25.980000+00:00,1.0,S
1558,2994,2021-03-20T17:55:23.180000+00:00,1.0,P
1558,3273,2021-03-20T17:55:25.970000+00:00,1.0,S
1559,2994,2021-03-20T17:55:23.180000+00:00,1.0,P
1559,3273,2021-03-20T17:55:25.970000+00:00,1.0,S
1560,2994,2021-03-20T17:55:23.180000+00:00,1.0,P
1560,3273,2021-03-20T17:55:25.970000+00:00,1.0,S
1561,2994,2021-03-20T17:55:23.180000+00:00,1.0,P
1561,3273,2021-03-20T17:55:25.970000+00:00,1.0,S
1562,2993,2021-03-20T17:55:23.170000+00:00,1.0,P
1562,3273,2021-03-20T17:55:25.970000+00:00,1.0,S
1563,2993,2021-03-20T17:55:23.170000+00:00,1.0,P
1563,3272,2021-03-20T17:55:25.960000+00:00,1.0,S
1564,2993,2021-03-20T17:55:23.170000+00:00,1.0,P
1564,3272,2021-03-20T17:55:25.960000+00:00,1.0,S
1565,2993,2021-03-20T17:55:23.170000+00:00,1.0,P
1565,3272,2021-03-20T17:55:25.960000+00:00,1.0,S
1566,2993,2021-03-20T17:55:23.170000+00:00,1.0,P
1566,3272,2021-03-20T17:55:25.960000+00:00,1.0,S
1567,2993,2021-03-20T17:55:23.170000+00:00,1.0,P
1567,3272,2021-03-20T17:55:25.960000+00:00,1.0,S
1568,2993,2021-03-20T17:55:23.170000+00:00,1.0,P
1568,3272,2021-03-20T17:55:25.960000+00:00,1.0,S
1569,2993,2021-03-20T17:55:23.170000+00:00,1.0,P
1569,3271,2021-03-20T17:55:25.950000+00:00,1.0,S
1570,2993,2021-03-20T17:55:23.170000+00:00,1.0,P
1570,3271,2021-03-20T17:55:25.950000+00:00,1.0,S
1571,2993,2021-03-20T17:55:23.170000+00:00,1.0,P
1571,3271,2021-03-20T17:55:25.950000+00:00,1.0,S
1572,2992,2021-03-20T17:55:23.160000+00:00,1.0,P
1572,3271,2021-03-20T17:55:25.950000+00:00,1.0,S
1573,2992,2021-03-20T17:55:23.160000+00:00,1.0,P
1573,3271,2021-03-20T17:55:25.950000+00:00,1.0,S
1574,2992,2021-03-20T17:55:23.160000+00:00,1.0,P
1574,3271,2021-03-20T17:55:25.950000+00:00,1.0,S
1575,2992,2021-03-20T17:55:23.160000+00:00,1.0,P
1575,3270,2021-03-20T17:55:25.940000+00:00,1.0,S
1576,2992,2021-03-20T17:55:23.160000+00:00,1.0,P
1576,3270,2021-03-20T17:55:25.940000+00:00,1.0,S
1577,2992,2021-03-20T17:55:23.160000+00:00,1.0,P
1577,3270,2021-03-20T17:55:25.940000+00:00,1.0,S
1578,2992,2021-03-20T17:55:23.160000+00:00,1.0,P
1578,3270,2021-03-20T17:55:25.940000+00:00,1.0,S
1579,2992,2021-03-20T17:55:23.160000+00:00,1.0,P
1579,3270,2021-03-20T17:55:25.940000+00:00,1.0,S
1580,2992,2021-03-20T17:55:23.160000+00:00,1.0,P
1580,3269,2021-03-20T17:55:25.929999+00:00,1.0,S
1581,2992,2021-03-20T17:55:23.160000+00:00,1.0,P
1581,3269,2021-03-20T17:55:25.929999+00:00,1.0,S
1582,2992,2021-03-20T17:55:23.160000+00:00,1.0,P
1582,3269,2021-03-20T17:55:25.929999+00:00,1.0,S
1583,2992,2021-03-20T17:55:23.160000+00:00,1.0,P
1583,3269,2021-03-20T17:55:25.929999+00:00,1.0,S
1584,2991,2021-03-20T17:55:23.150000+00:00,1.0,P
1584,3269,2021-03-20T17:55:25.929999+00:00,1.0,S
1585,2991,2021-03-20T17:55:23.150000+00:00,1.0,P
1585,3269,2021-03-20T17:55:25.929999+00:00,1.0,S
1586,2991,2021-03-20T17:55:23.150000+00:00,1.0,P
1586,3268,2021-03-20T17:55:25.920000+00:00,1.0,S
1587,2991,2021-03-20T17:55:23.150000+00:00,1.0,P
1587,3268,2021-03-20T17:55:25.920000+00:00,1.0,S
1588,2991,2021-03-20T17:55:23.150000+00:00,1.0,P
1588,3268,2021-03-20T17:55:25.920000+00:00,1.0,S
1589,2991,2021-03-20T17:55:23.150000+00:00,1.0,P
1589,3268,2021-03-20T17:55:25.920000+00:00,1.0,S
1590,2991,2021-03-20T17:55:23.150000+00:00,1.0,P
1590,3267,2021-03-20T17:55:25.910000+00:00,1.0,S
1591,2991,2021-03-20T17:55:23.150000+00:00,1.0,P
1591,3267,2021-03-20T17:55:25.910000+00:00,1.0,S
1592,2991,2021-03-20T17:55:23.150000+00:00,1.0,P
1592,3267,2021-03-20T17:55:25.910000+00:00,1.0,S
1593,2991,2021-03-20T17:55:23.150000+00:00,1.0,P
1593,3267,2021-03-20T17:55:25.910000+00:00,1.0,S
1594,2991,2021-03-20T17:55:23.150000+00:00,1.0,P
1594,3267,2021-03-20T17:55:25.910000+00:00,1.0,S
1595,2991,2021-03-20T17:55:23.150000+00:00,1.0,P
1595,3266,2021-03-20T17:55:25.900000+00:00,1.0,S
1596,2991,2021-03-20T17:55:23.150000+00:00,1.0,P
1596,3266,2021-03-20T17:55:25.900000+00:00,1.0,S
1597,2991,2021-03-20T17:55:23.150000+00:00,1.0,P
1597,3266,2021-03-20T17:55:25.900000+00:00,1.0,S
1598,2991,2021-03-20T17:55:23.150000+00:00,1.0,P
1598,3266,2021-03-20T17:55:25.900000+00:00,1.0,S
1599,2991,2021-03-20T17:55:23.150000+00:00,1.0,P
1599,3266,2021-03-20T17:55:25.900000+00:00,1.0,S
1600,2991,2021-03-20T17:55:23.150000+00:00,1.0,P
1600,3266,2021-03-20T17:55:25.900000+00:00,1.0,S
1601,2991,2021-03-20T17:55:23.150000+00:00,1.0,P
1601,3266,2021-03-20T17:55:25.900000+00:00,1.0,S
1602,2991,2021-03-20T17:55:23.150000+00:00,1.0,P
1602,3265,2021-03-20T17:55:25.890000+00:00,1.0,S
1603,2991,2021-03-20T17:55:23.150000+00:00,1.0,P
1603,3265,2021-03-20T17:55:25.890000+00:00,1.0,S
1604,2990,2021-03-20T17:55:23.140000+00:00,1.0,P
1604,3265,2021-03-20T17:55:25.890000+00:00,1.0,S
1605,2990,2021-03-20T17:55:23.140000+00:00,1.0,P
1605,3265,2021-03-20T17:55:25.890000+00:00,1.0,S
1606,2990,2021-03-20T17:55:23.140000+00:00,1.0,P
1606,3265,2021-03-20T17:55:25.890000+00:00,1.0,S
1607,2990,2021-03-20T17:55:23.140000+00:00,1.0,P
1607,3265,2021-03-20T17:55:25.890000+00:00,1.0,S
1608,2990,2021-03-20T17:55:23.140000+00:00,1.0,P
1608,3265,2021-03-20T17:55:25.890000+00:00,1.0,S
1609,2990,2021-03-20T17:55:23.140000+00:00,1.0,P
1609,3265,2021-03-20T17:55:25.890000+00:00,1.0,S
1610,2990,2021-03-20T17:55:23.140000+00:00,1.0,P
1610,3265,2021-03-20T17:55:25.890000+00:00,1.0,S
1611,2990,2021-03-20T17:55:23.140000+00:00,1.0,P
1611,3265,2021-03-20T17:55:25.890000+00:00,1.0,S
1612,2990,2021-03-20T17:55:23.140000+00:00,1.0,P
1612,3264,2021-03-20T17:55:25.880000+00:00,1.0,S
1613,2990,2021-03-20T17:55:23.140000+00:00,1.0,P
1613,3264,2021-03-20T17:55:25.880000+00:00,1.0,S
1614,2990,2021-03-20T17:55:23.140000+00:00,1.0,P
1614,3264,2021-03-20T17:55:25.880000+00:00,1.0,S
1615,2990,2021-03-20T17:55:23.140000+00:00,1.0,P
1615,3264,2021-03-20T17:55:25.880000+00:00,1.0,S
1616,2990,2021-03-20T17:55:23.140000+00:00,1.0,P
1616,3264,2021-03-20T17:55:25.880000+00:00,1.0,S
1617,2990,2021-03-20T17:55:23.140000+00:00,1.0,P
1617,3264,2021-03-20T17:55:25.880000+00:00,1.0,S
1618,2990,2021-03-20T17:55:23.140000+00:00,1.0,P
1618,3264,2021-03-20T17:55:25.880000+00:00,1.0,S
1619,2990,2021-03-20T17:55:23.140000+00:00,1.0,P
1619,3264,2021-03-20T17:55:25.880000+00:00,1.0,S
1620,2990,2021-03-20T17:55:23.140000+00:00,1.0,P
1620,3264,2021-03-20T17:55:25.880000+00:00,1.0,S
1621,2990,2021-03-20T17:55:23.140000+00:00,1.0,P
1621,3264,2021-03-20T17:55:25.880000+00:00,1.0,S
1622,2990,2021-03-20T17:55:23.140000+00:00,1.0,P
1622,3264,2021-03-20T17:55:25.880000+00:00,1.0,S
1623,2990,2021-03-20T17:55:23.140000+00:00,1.0,P
1623,3264,2021-03-20T17:55:25.880000+00:00,1.0,S
1624,2990,2021-03-20T17:55:23.140000+00:00,1.0,P
1624,3263,2021-03-20T17:55:25.870000+00:00,1.0,S
1625,2990,2021-03-20T17:55:23.140000+00:00,1.0,P
1625,3263,2021-03-20T17:55:25.870000+00:00,1.0,S
1626,2990,2021-03-20T17:55:23.140000+00:00,1.0,P
1626,3263,2021-03-20T17:55:25.870000+00:00,1.0,S
1627,2990,2021-03-20T17:55:23.140000+00:00,1.0,P
1627,3263,2021-03-20T17:55:25.870000+00:00,1.0,S
1628,2990,2021-03-20T17:55:23.140000+00:00,1.0,P
1628,3263,2021-03-20T17:55:25.870000+00:00,1.0,S
1629,2990,2021-03-20T17:55:23.140000+00:00,1.0,P
1629,3263,2021-03-20T17:55:25.870000+00:00,1.0,S
1630,2990,2021-03-20T17:55:23.140000+00:00,1.0,P
1630,3263,2021-03-20T17:55:25.870000+00:00,1.0,S
1631,2990,2021-03-20T17:55:23.140000+00:00,1.0,P
1631,3263,2021-03-20T17:55:25.870000+00:00,1.0,S
1632,2990,2021-03-20T17:55:23.140000+00:00,1.0,P
1632,3263,2021-03-20T17:55:25.870000+00:00,1.0,S
1633,2990,2021-03-20T17:55:23.140000+00:00,1.0,P
1633,3263,2021-03-20T17:55:25.870000+00:00,1.0,S
1634,2989,2021-03-20T17:55:23.130000+00:00,1.0,P
1634,3263,2021-03-20T17:55:25.870000+00:00,1.0,S
1635,2989,2021-03-20T17:55:23.130000+00:00,1.0,P
1635,3263,2021-03-20T17:55:25.870000+00:00,1.0,S
1636,2989,2021-03-20T17:55:23.130000+00:00,1.0,P
1636,3263,2021-03-20T17:55:25.870000+00:00,1.0,S
1637,2989,2021-03-20T17:55:23.130000+00:00,1.0,P
1637,3263,2021-03-20T17:55:25.870000+00:00,1.0,S
1638,2989,2021-03-20T17:55:23.130000+00:00,1.0,P
1638,3263,2021-03-20T17:55:25.870000+00:00,1.0,S
1639,2989,2021-03-20T17:55:23.130000+00:00,1.0,P
1639,3263,2021-03-20T17:55:25.870000+00:00,1.0,S
1640,2989,2021-03-20T17:55:23.130000+00:00,1.0,P
1640,3263,2021-03-20T17:55:25.870000+00:00,1.0,S
1641,2989,2021-03-20T17:55:23.130000+00:00,1.0,P
1641,3263,2021-03-20T17:55:25.870000+00:00,1.0,S
1642,2989,2021-03-20T17:55:23.130000+00:00,1.0,P
1642,3263,2021-03-20T17:55:25.870000+00:00,1.0,S
1643,2989,2021-03-20T17:55:23.130000+00:00,1.0,P
1643,3263,2021-03-20T17:55:25.870000+00:00,1.0,S
1644,2989,2021-03-20T17:55:23.130000+00:00,1.0,P
1644,3263,2021-03-20T17:55:25.870000+00:00,1.0,S
1645,2989,2021-03-20T17:55:23.130000+00:00,1.0,P
1645,3263,2021-03-20T17:55:25.870000+00:00,1.0,S
1646,2989,2021-03-20T17:55:23.130000+00:00,1.0,P
1646,3263,2021-03-20T17:55:25.870000+00:00,1.0,S
1647,2989,2021-03-20T17:55:23.130000+00:00,1.0,P
1647,3263,2021-03-20T17:55:25.870000+00:00,1.0,S
1648,2989,2021-03-20T17:55:23.130000+00:00,1.0,P
1648,3262,2021-03-20T17:55:25.859999+00:00,1.0,S
1649,2989,2021-03-20T17:55:23.130000+00:00,1.0,P
1649,3262,2021-03-20T17:55:25.859999+00:00,1.0,S
1650,2989,2021-03-20T17:55:23.130000+00:00,1.0,P
1650,3262,2021-03-20T17:55:25.859999+00:00,1.0,S
1651,2989,2021-03-20T17:55:23.130000+00:00,1.0,P
1651,3262,2021-03-20T17:55:25.859999+00:00,1.0,S
1652,2989,2021-03-20T17:55:23.130000+00:00,1.0,P
1652,3262,2021-03-20T17:55:25.859999+00:00,1.0,S
1653,2989,2021-03-20T17:55:23.130000+00:00,1.0,P
1653,3262,2021-03-20T17:55:25.859999+00:00,1.0,S
1654,2989,2021-03-20T17:55:23.130000+00:00,1.0,P
1654,3262,2021-03-20T17:55:25.859999+00:00,1.0,S
1655,2989,2021-03-20T17:55:23.130000+00:00,1.0,P
1655,3262,2021-03-20T17:55:25.859999+00:00,1.0,S
1656,2989,2021-03-20T17:55:23.130000+00:00,1.0,P
1656,3262,2021-03-20T17:55:25.859999+00:00,1.0,S
1657,2989,2021-03-20T17:55:23.130000+00:00,1.0,P
1657,3262,2021-03-20T17:55:25.859999+00:00,1.0,S
1658,2989,2021-03-20T17:55:23.130000+00:00,1.0,P
1658,3262,2021-03-20T17:55:25.859999+00:00,1.0,S
1659,2988,2021-03-20T17:55:23.120000+00:00,1.0,P
1659,3262,2021-03-20T17:55:25.859999+00:00,1.0,S
1660,2988,2021-03-20T17:55:23.120000+00:00,1.0,P
1660,3262,2021-03-20T17:55:25.859999+00:00,1.0,S
1661,2988,2021-03-20T17:55:23.120000+00:00,1.0,P
1661,3262,2021-03-20T17:55:25.859999+00:00,1.0,S
1662,2988,2021-03-20T17:55:23.120000+00:00,1.0,P
1662,3262,2021-03-20T17:55:25.859999+00:00,1.0,S
1663,2988,2021-03-20T17:55:23.120000+00:00,1.0,P
1663,3262,2021-03-20T17:55:25.859999+00:00,1.0,S
1664,2988,2021-03-20T17:55:23.120000+00:00,1.0,P
1664,3262,2021-03-20T17:55:25.859999+00:00,1.0,S
1665,2988,2021-03-20T17:55:23.120000+00:00,1.0,P
1665,3262,2021-03-20T17:55:25.859999+00:00,1.0,S
1666,2988,2021-03-20T17:55:23.120000+00:00,1.0,P
1666,3262,2021-03-20T17:55:25.859999+00:00,1.0,S
1667,2988,2021-03-20T17:55:23.120000+00:00,1.0,P
1667,3262,2021-03-20T17:55:25.859999+00:00,1.0,S
1668,2988,2021-03-20T17:55:23.120000+00:00,1.0,P
1668,3262,2021-03-20T17:55:25.859999+00:00,1.0,S
1669,2988,2021-03-20T17:55:23.120000+00:00,1.0,P
1669,3262,2021-03-20T17:55:25.859999+00:00,1.0,S
1670,2988,2021-03-20T17:55:23.120000+00:00,1.0,P
1670,3262,2021-03-20T17:55:25.859999+00:00,1.0,S
1671,2988,2021-03-20T17:55:23.120000+00:00,1.0,P
1671,3262,2021-03-20T17:55:25.859999+00:00,1.0,S
1672,2988,2021-03-20T17:55:23.120000+00:00,1.0,P
1672,3262,2021-03-20T17:55:25.859999+00:00,1.0,S
1673,2988,2021-03-20T17:55:23.120000+00:00,1.0,P
1673,3262,2021-03-20T17:55:25.859999+00:00,1.0,S
1674,2988,2021-03-20T17:55:23.120000+00:00,1.0,P
1674,3262,2021-03-20T17:55:25.859999+00:00,1.0,S
1675,2988,2021-03-20T17:55:23.120000+00:00,1.0,P
1675,3262,2021-03-20T17:55:25.859999+00:00,1.0,S
1676,2988,2021-03-20T17:55:23.120000+00:00,1.0,P
1676,3262,2021-03-20T17:55:25.859999+00:00,1.0,S
1677,2988,2021-03-20T17:55:23.120000+00:00,1.0,P
1677,3263,2021-03-20T17:55:25.870000+00:00,1.0,S
1678,2988,2021-03-20T17:55:23.120000+00:00,1.0,P
1678,3263,2021-03-20T17:55:25.870000+00:00,1.0,S
1679,2988,2021-03-20T17:55:23.120000+00:00,1.0,P
1679,3263,2021-03-20T17:55:25.870000+00:00,1.0,S
1680,2988,2021-03-20T17:55:23.120000+00:00,1.0,P
1680,3263,2021-03-20T17:55:25.870000+00:00,1.0,S
1681,2987,2021-03-20T17:55:23.110000+00:00,1.0,P
1681,3263,2021-03-20T17:55:25.870000+00:00,1.0,S
1682,2987,2021-03-20T17:55:23.110000+00:00,1.0,P
1682,3263,2021-03-20T17:55:25.870000+00:00,1.0,S
1683,2987,2021-03-20T17:55:23.110000+00:00,1.0,P
1683,3263,2021-03-20T17:55:25.870000+00:00,1.0,S
1684,2987,2021-03-20T17:55:23.110000+00:00,1.0,P
1684,3263,2021-03-20T17:55:25.870000+00:00,1.0,S
1685,2987,2021-03-20T17:55:23.110000+00:00,1.0,P
1685,3263,2021-03-20T17:55:25.870000+00:00,1.0,S
1686,2987,2021-03-20T17:55:23.110000+00:00,1.0,P
1686,3263,2021-03-20T17:55:25.870000+00:00,1.0,S
1687,2987,2021-03-20T17:55:23.110000+00:00,1.0,P
1687,3264,2021-03-20T17:55:25.880000+00:00,1.0,S
1688,2987,2021-03-20T17:55:23.110000+00:00,1.0,P
1688,3264,2021-03-20T17:55:25.880000+00:00,1.0,S
1689,2987,2021-03-20T17:55:23.110000+00:00,1.0,P
1689,3264,2021-03-20T17:55:25.880000+00:00,1.0,S
1690,2987,2021-03-20T17:55:23.110000+00:00,1.0,P
1690,3264,2021-03-20T17:55:25.880000+00:00,1.0,S
1691,2987,2021-03-20T17:55:23.110000+00:00,1.0,P
1691,3264,2021-03-20T17:55:25.880000+00:00,1.0,S
1692,2987,2021-03-20T17:55:23.110000+00:00,1.0,P
1692,3264,2021-03-20T17:55:25.880000+00:00,1.0,S
1693,2987,2021-03-20T17:55:23.110000+00:00,1.0,P
1693,3264,2021-03-20T17:55:25.880000+00:00,1.0,S
1694,2987,2021-03-20T17:55:23.110000+00:00,1.0,P
1694,3264,2021-03-20T17:55:25.880000+00:00,1.0,S
1695,2987,2021-03-20T17:55:23.110000+00:00,1.0,P
1695,3264,2021-03-20T17:55:25.880000+00:00,1.0,S
1696,2987,2021-03-20T17:55:23.110000+00:00,1.0,P
1696,3264,2021-03-20T17:55:25.880000+00:00,1.0,S
1697,2987,2021-03-20T17:55:23.110000+00:00,1.0,P
1697,3264,2021-03-20T17:55:25.880000+00:00,1.0,S
1698,2987,2021-03-20T17:55:23.110000+00:00,1.0,P
1698,3264,2021-03-20T17:55:25.880000+00:00,1.0,S
1699,2987,2021-03-20T17:55:23.110000+00:00,1.0,P
1699,3264,2021-03-20T17:55:25.880000+00:00,1.0,S
1700,2987,2021-03-20T17:55:23.110000+00:00,1.0,P
1700,3264,2021-03-20T17:55:25.880000+00:00,1.0,S
1701,2987,2021-03-20T17:55:23.110000+00:00,1.0,P
1701,3264,2021-03-20T17:55:25.880000+00:00,1.0,S
1702,2987,2021-03-20T17:55:23.110000+00:00,1.0,P
1702,3264,2021-03-20T17:55:25.880000+00:00,1.0,S
1703,2987,2021-03-20T17:55:23.110000+00:00,1.0,P
1703,3264,2021-03-20T17:55:25.880000+00:00,1.0,S
1704,2987,2021-03-20T17:55:23.110000+00:00,1.0,P
1704,3264,2021-03-20T17:55:25.880000+00:00,1.0,S
1705,2987,2021-03-20T17:55:23.110000+00:00,1.0,P
1705,3264,2021-03-20T17:55:25.880000+00:00,1.0,S
1706,2987,2021-03-20T17:55:23.110000+00:00,1.0,P
1706,3264,2021-03-20T17:55:25.880000+00:00,1.0,S
1707,2987,2021-03-20T17:55:23.110000+00:00,1.0,P
1707,3264,2021-03-20T17:55:25.880000+00:00,1.0,S
1708,2987,2021-03-20T17:55:23.110000+00:00,1.0,P
1708,3264,2021-03-20T17:55:25.880000+00:00,1.0,S
1709,2987,2021-03-20T17:55:23.110000+00:00,1.0,P
1709,3264,2021-03-20T17:55:25.880000+00:00,1.0,S
1710,2987,2021-03-20T17:55:23.110000+00:00,1.0,P
1710,3264,2021-03-20T17:55:25.880000+00:00,1.0,S
1711,2987,2021-03-20T17:55:23.110000+00:00,1.0,P
1711,3264,2021-03-20T17:55:25.880000+00:00,1.0,S
1712,2987,2021-03-20T17:55:23.110000+00:00,1.0,P
1712,3264,2021-03-20T17:55:25.880000+00:00,1.0,S
1713,2987,2021-03-20T17:55:23.110000+00:00,1.0,P
1713,3264,2021-03-20T17:55:25.880000+00:00,1.0,S
1714,2987,2021-03-20T17:55:23.110000+00:00,1.0,P
1714,3264,2021-03-20T17:55:25.880000+00:00,1.0,S
1715,2987,2021-03-20T17:55:23.110000+00:00,1.0,P
1715,3264,2021-03-20T17:55:25.880000+00:00,1.0,S
1716,2987,2021-03-20T17:55:23.110000+00:00,1.0,P
1716,3265,2021-03-20T17:55:25.890000+00:00,1.0,S
1717,2987,2021-03-20T17:55:23.110000+00:00,1.0,P
1717,3265,2021-03-20T17:55:25.890000+00:00,1.0,S
1718,2987,2021-03-20T17:55:23.110000+00:00,1.0,P
1718,3265,2021-03-20T17:55:25.890000+00:00,1.0,S
1719,2987,2021-03-20T17:55:23.110000+00:00,1.0,P
1719,3265,2021-03-20T17:55:25.890000+00:00,1.0,S
1720,2987,2021-03-20T17:55:23.110000+00:00,1.0,P
1720,3265,2021-03-20T17:55:25.890000+00:00,1.0,S
1721,2987,2021-03-20T17:55:23.110000+00:00,1.0,P
1721,3265,2021-03-20T17:55:25.890000+00:00,1.0,S
1722,2987,2021-03-20T17:55:23.110000+00:00,1.0,P
1722,3265,2021-03-20T17:55:25.890000+00:00,1.0,S
1723,2987,2021-03-20T17:55:23.110000+00:00,1.0,P
1723,3265,2021-03-20T17:55:25.890000+00:00,1.0,S
1724,2987,2021-03-20T17:55:23.110000+00:00,1.0,P
1724,3265,2021-03-20T17:55:25.890000+00:00,1.0,S
1725,2987,2021-03-20T17:55:23.110000+00:00,1.0,P
1725,3265,2021-03-20T17:55:25.890000+00:00,1.0,S
1726,2987,2021-03-20T17:55:23.110000+00:00,1.0,P
1726,3265,2021-03-20T17:55:25.890000+00:00,1.0,S
1727,2988,2021-03-20T17:55:23.120000+00:00,1.0,P
1727,3265,2021-03-20T17:55:25.890000+00:00,1.0,S
1728,2988,2021-03-20T17:55:23.120000+00:00,1.0,P
1728,3266,2021-03-20T17:55:25.900000+00:00,1.0,S
1729,2988,2021-03-20T17:55:23.120000+00:00,1.0,P
1729,3266,2021-03-20T17:55:25.900000+00:00,1.0,S
1730,2988,2021-03-20T17:55:23.120000+00:00,1.0,P
1730,3266,2021-03-20T17:55:25.900000+00:00,1.0,S
1731,2988,2021-03-20T17:55:23.120000+00:00,1.0,P
1731,3266,2021-03-20T17:55:25.900000+00:00,1.0,S
1732,2988,2021-03-20T17:55:23.120000+00:00,1.0,P
1732,3266,2021-03-20T17:55:25.900000+00:00,1.0,S
1733,2988,2021-03-20T17:55:23.120000+00:00,1.0,P
1733,3266,2021-03-20T17:55:25.900000+00:00,1.0,S
1734,2988,2021-03-20T17:55:23.120000+00:00,1.0,P
1734,3266,2021-03-20T17:55:25.900000+00:00,1.0,S
1735,2988,2021-03-20T17:55:23.120000+00:00,1.0,P
1735,3266,2021-03-20T17:55:25.900000+00:00,1.0,S
1736,2988,2021-03-20T17:55:23.120000+00:00,1.0,P
1736,3266,2021-03-20T17:55:25.900000+00:00,1.0,S
1737,2988,2021-03-20T17:55:23.120000+00:00,1.0,P
1737,3266,2021-03-20T17:55:25.900000+00:00,1.0,S
1738,2988,2021-03-20T17:55:23.120000+00:00,1.0,P
1738,3266,2021-03-20T17:55:25.900000+00:00,1.0,S
1739,2988,2021-03-20T17:55:23.120000+00:00,1.0,P
1739,3266,2021-03-20T17:55:25.900000+00:00,1.0,S
1740,2988,2021-03-20T17:55:23.120000+00:00,1.0,P
1740,3266,2021-03-20T17:55:25.900000+00:00,1.0,S
1741,2988,2021-03-20T17:55:23.120000+00:00,1.0,P
1741,3266,2021-03-20T17:55:25.900000+00:00,1.0,S
1742,2988,2021-03-20T17:55:23.120000+00:00,1.0,P
1742,3266,2021-03-20T17:55:25.900000+00:00,1.0,S
1743,2988,2021-03-20T17:55:23.120000+00:00,1.0,P
1743,3266,2021-03-20T17:55:25.900000+00:00,1.0,S
1744,2988,2021-03-20T17:55:23.120000+00:00,1.0,P
1744,3266,2021-03-20T17:55:25.900000+00:00,1.0,S
1745,2988,2021-03-20T17:55:23.120000+00:00,1.0,P
1745,3266,2021-03-20T17:55:25.900000+00:00,1.0,S
1746,2988,2021-03-20T17:55:23.120000+00:00,1.0,P
1746,3266,2021-03-20T17:55:25.900000+00:00,1.0,S
1747,2988,2021-03-20T17:55:23.120000+00:00,1.0,P
1747,3267,2021-03-20T17:55:25.910000+00:00,1.0,S
1748,2988,2021-03-20T17:55:23.120000+00:00,1.0,P
1748,3267,2021-03-20T17:55:25.910000+00:00,1.0,S
1749,2988,2021-03-20T17:55:23.120000+00:00,1.0,P
1749,3267,2021-03-20T17:55:25.910000+00:00,1.0,S
1750,2988,2021-03-20T17:55:23.120000+00:00,1.0,P
1750,3267,2021-03-20T17:55:25.910000+00:00,1.0,S
1751,2988,2021-03-20T17:55:23.120000+00:00,1.0,P
1751,3267,2021-03-20T17:55:25.910000+00:00,1.0,S
1752,2988,2021-03-20T17:55:23.120000+00:00,1.0,P
1752,3267,2021-03-20T17:55:25.910000+00:00,1.0,S
1753,2988,2021-03-20T17:55:23.120000+00:00,1.0,P
1753,3267,2021-03-20T17:55:25.910000+00:00,1.0,S
1754,2988,2021-03-20T17:55:23.120000+00:00,1.0,P
1754,3267,2021-03-20T17:55:25.910000+00:00,1.0,S
1755,2988,2021-03-20T17:55:23.120000+00:00,1.0,P
1755,3267,2021-03-20T17:55:25.910000+00:00,1.0,S
1756,2988,2021-03-20T17:55:23.120000+00:00,1.0,P
1756,3267,2021-03-20T17:55:25.910000+00:00,1.0,S
1757,2988,2021-03-20T17:55:23.120000+00:00,1.0,P
1757,3267,2021-03-20T17:55:25.910000+00:00,1.0,S
1758,2988,2021-03-20T17:55:23.120000+00:00,1.0,P
1758,3267,2021-03-20T17:55:25.910000+00:00,1.0,S
1759,2988,2021-03-20T17:55:23.120000+00:00,1.0,P
1759,3267,2021-03-20T17:55:25.910000+00:00,1.0,S
1760,2988,2021-03-20T17:55:23.120000+00:00,1.0,P
1760,3267,2021-03-20T17:55:25.910000+00:00,1.0,S
1761,2988,2021-03-20T17:55:23.120000+00:00,1.0,P
1761,3267,2021-03-20T17:55:25.910000+00:00,1.0,S
1762,2988,2021-03-20T17:55:23.120000+00:00,1.0,P
1762,3267,2021-03-20T17:55:25.910000+00:00,1.0,S
1763,2988,2021-03-20T17:55:23.120000+00:00,1.0,P
1763,3267,2021-03-20T17:55:25.910000+00:00,1.0,S
1764,2988,2021-03-20T17:55:23.120000+00:00,1.0,P
1764,3267,2021-03-20T17:55:25.910000+00:00,1.0,S
1765,2988,2021-03-20T17:55:23.120000+00:00,1.0,P
1765,3266,2021-03-20T17:55:25.900000+00:00,1.0,S
1766,2988,2021-03-20T17:55:23.120000+00:00,1.0,P
1766,3266,2021-03-20T17:55:25.900000+00:00,1.0,S
1767,2988,2021-03-20T17:55:23.120000+00:00,1.0,P
1767,3266,2021-03-20T17:55:25.900000+00:00,1.0,S
1768,2988,2021-03-20T17:55:23.120000+00:00,1.0,P
1768,3266,2021-03-20T17:55:25.900000+00:00,1.0,S
1769,2988,2021-03-20T17:55:23.120000+00:00,1.0,P
1769,3266,2021-03-20T17:55:25.900000+00:00,1.0,S
1770,2988,2021-03-20T17:55:23.120000+00:00,1.0,P
1770,3266,2021-03-20T17:55:25.900000+00:00,1.0,S
1771,2988,2021-03-20T17:55:23.120000+00:00,1.0,P
1771,3266,2021-03-20T17:55:25.900000+00:00,1.0,S
1772,2988,2021-03-20T17:55:23.120000+00:00,1.0,P
1772,3266,2021-03-20T17:55:25.900000+00:00,1.0,S
1773,2988,2021-03-20T17:55:23.120000+00:00,1.0,P
1773,3266,2021-03-20T17:55:25.900000+00:00,1.0,S
1774,2988,2021-03-20T17:55:23.120000+00:00,1.0,P
1774,3266,2021-03-20T17:55:25.900000+00:00,1.0,S
1775,2988,2021-03-20T17:55:23.120000+00:00,1.0,P
1775,3266,2021-03-20T17:55:25.900000+00:00,1.0,S
1776,2988,2021-03-20T17:55:23.120000+00:00,1.0,P
1776,3266,2021-03-20T17:55:25.900000+00:00,1.0,S
1777,2988,2021-03-20T17:55:23.120000+00:00,1.0,P
1777,3266,2021-03-20T17:55:25.900000+00:00,1.0,S
1778,2988,2021-03-20T17:55:23.120000+00:00,1.0,P
1778,3266,2021-03-20T17:55:25.900000+00:00,1.0,S
1779,2988,2021-03-20T17:55:23.120000+00:00,1.0,P
1779,3266,2021-03-20T17:55:25.900000+00:00,1.0,S
1780,2988,2021-03-20T17:55:23.120000+00:00,1.0,P
1780,3266,2021-03-20T17:55:25.900000+00:00,1.0,S
1781,2988,2021-03-20T17:55:23.120000+00:00,1.0,P
1781,3266,2021-03-20T17:55:25.900000+00:00,1.0,S
1782,2988,2021-03-20T17:55:23.120000+00:00,1.0,P
1782,3266,2021-03-20T17:55:25.900000+00:00,1.0,S
1783,2988,2021-03-20T17:55:23.120000+00:00,1.0,P
1783,3266,2021-03-20T17:55:25.900000+00:00,1.0,S
1784,2988,2021-03-20T17:55:23.120000+00:00,1.0,P
1784,3266,2021-03-20T17:55:25.900000+00:00,1.0,S
1785,2988,2021-03-20T17:55:23.120000+00:00,1.0,P
1785,3267,2021-03-20T17:55:25.910000+00:00,1.0,S
1786,2988,2021-03-20T17:55:23.120000+00:00,1.0,P
1786,3267,2021-03-20T17:55:25.910000+00:00,1.0,S
1787,2988,2021-03-20T17:55:23.120000+00:00,1.0,P
1787,3267,2021-03-20T17:55:25.910000+00:00,1.0,S
1788,2988,2021-03-20T17:55:23.120000+00:00,1.0,P
1788,3267,2021-03-20T17:55:25.910000+00:00,1.0,S
1789,2988,2021-03-20T17:55:23.120000+00:00,1.0,P
1789,3267,2021-03-20T17:55:25.910000+00:00,1.0,S
1790,2988,2021-03-20T17:55:23.120000+00:00,1.0,P
1790,3267,2021-03-20T17:55:25.910000+00:00,1.0,S
1791,2988,2021-03-20T17:55:23.120000+00:00,1.0,P
1791,3267,2021-03-20T17:55:25.910000+00:00,1.0,S
1792,2988,2021-03-20T17:55:23.120000+00:00,1.0,P
1792,3267,2021-03-20T17:55:25.910000+00:00,1.0,S
1793,2988,2021-03-20T17:55:23.120000+00:00,1.0,P
1793,3267,2021-03-20T17:55:25.910000+00:00,1.0,S
1794,2988,2021-03-20T17:55:23.120000+00:00,1.0,P
1794,3267,2021-03-20T17:55:25.910000+00:00,1.0,S
1795,2988,2021-03-20T17:55:23.120000+00:00,1.0,P
1795,3267,2021-03-20T17:55:25.910000+00:00,1.0,S
1796,2988,2021-03-20T17:55:23.120000+00:00,1.0,P
1796,3266,2021-03-20T17:55:25.900000+00:00,1.0,S
1797,2988,2021-03-20T17:55:23.120000+00:00,1.0,P
1797,3266,2021-03-20T17:55:25.900000+00:00,1.0,S
1798,2988,2021-03-20T17:55:23.120000+00:00,1.0,P
1798,3266,2021-03-20T17:55:25.900000+00:00,1.0,S
1799,2988,2021-03-20T17:55:23.120000+00:00,1.0,P
1799,3266,2021-03-20T17:55:25.900000+00:00,1.0,S
1800,2988,2021-03-20T17:55:23.120000+00:00,1.0,P
1800,3266,2021-03-20T17:55:25.900000+00:00,1.0,S
1801,2987,2021-03-20T17:55:23.110000+00:00,1.0,P
1801,3266,2021-03-20T17:55:25.900000+00:00,1.0,S
1802,2987,2021-03-20T17:55:23.110000+00:00,1.0,P
1802,3266,2021-03-20T17:55:25.900000+00:00,1.0,S
1803,2987,2021-03-20T17:55:23.110000+00:00,1.0,P
1803,3266,2021-03-20T17:55:25.900000+00:00,1.0,S
1804,2987,2021-03-20T17:55:23.110000+00:00,1.0,P
1804,3266,2021-03-20T17:55:25.900000+00:00,1.0,S
1805,2987,2021-03-20T17:55:23.110000+00:00,1.0,P
1805,3266,2021-03-20T17:55:25.900000+00:00,1.0,S
1806,2987,2021-03-20T17:55:23.110000+00:00,1.0,P
1806,3266,2021-03-20T17:55:25.900000+00:00,1.0,S
1807,2987,2021-03-20T17:55:23.110000+00:00,1.0,P
1807,3266,2021-03-20T17:55:25.900000+00:00,1.0,S
1808,2987,2021-03-20T17:55:23.110000+00:00,1.0,P
1808,3266,2021-03-20T17:55:25.900000+00:00,1.0,S
1809,2987,2021-03-20T17:55:23.110000+00:00,1.0,P
1809,3266,2021-03-20T17:55:25.900000+00:00,1.0,S
1810,2987,2021-03-20T17:55:23.110000+00:00,1.0,P
1810,3266,2021-03-20T17:55:25.900000+00:00,1.0,S
1811,2987,2021-03-20T17:55:23.110000+00:00,1.0,P
1811,3265,2021-03-20T17:55:25.890000+00:00,1.0,S
1812,2987,2021-03-20T17:55:23.110000+00:00,1.0,P
1812,3265,2021-03-20T17:55:25.890000+00:00,1.0,S
1813,2987,2021-03-20T17:55:23.110000+00:00,1.0,P
1813,3265,2021-03-20T17:55:25.890000+00:00,1.0,S
1814,2987,2021-03-20T17:55:23.110000+00:00,1.0,P
1814,3265,2021-03-20T17:55:25.890000+00:00,1.0,S
1815,2987,2021-03-20T17:55:23.110000+00:00,1.0,P
1815,3265,2021-03-20T17:55:25.890000+00:00,1.0,S
1816,2987,2021-03-20T17:55:23.110000+00:00,1.0,P
1816,3265,2021-03-20T17:55:25.890000+00:00,1.0,S
1817,2987,2021-03-20T17:55:23.110000+00:00,1.0,P
1817,3265,2021-03-20T17:55:25.890000+00:00,1.0,S
1818,2987,2021-03-20T17:55:23.110000+00:00,1.0,P
1818,3265,2021-03-20T17:55:25.890000+00:00,1.0,S
1819,2987,2021-03-20T17:55:23.110000+00:00,1.0,P
1819,3266,2021-03-20T17:55:25.900000+00:00,1.0,S
1820,2987,2021-03-20T17:55:23.110000+00:00,1.0,P
1820,3266,2021-03-20T17:55:25.900000+00:00,1.0,S
1821,2987,2021-03-20T17:55:23.110000+00:00,1.0,P
1821,3266,2021-03-20T17:55:25.900000+00:00,1.0,S
1822,2987,2021-03-20T17:55:23.110000+00:00,1.0,P
1822,3266,2021-03-20T17:55:25.900000+00:00,1.0,S
1823,2987,2021-03-20T17:55:23.110000+00:00,1.0,P
1823,3266,2021-03-20T17:55:25.900000+00:00,1.0,S
1824,2987,2021-03-20T17:55:23.110000+00:00,1.0,P
1824,3266,2021-03-20T17:55:25.900000+00:00,1.0,S
1825,2987,2021-03-20T17:55:23.110000+00:00,1.0,P
1825,3266,2021-03-20T17:55:25.900000+00:00,1.0,S
1826,2987,2021-03-20T17:55:23.110000+00:00,1.0,P
1826,3266,2021-03-20T17:55:25.900000+00:00,1.0,S
1827,2987,2021-03-20T17:55:23.110000+00:00,1.0,P
1827,3266,2021-03-20T17:55:25.900000+00:00,1.0,S
1828,2987,2021-03-20T17:55:23.110000+00:00,1.0,P
1828,3266,2021-03-20T17:55:25.900000+00:00,1.0,S
1829,2987,2021-03-20T17:55:23.110000+00:00,1.0,P
1829,3267,2021-03-20T17:55:25.910000+00:00,1.0,S
1830,2987,2021-03-20T17:55:23.110000+00:00,1.0,P
1830,3267,2021-03-20T17:55:25.910000+00:00,1.0,S
1831,2987,2021-03-20T17:55:23.110000+00:00,1.0,P
1831,3267,2021-03-20T17:55:25.910000+00:00,1.0,S
1832,2987,2021-03-20T17:55:23.110000+00:00,1.0,P
1832,3267,2021-03-20T17:55:25.910000+00:00,1.0,S
1833,2987,2021-03-20T17:55:23.110000+00:00,1.0,P
1833,3267,2021-03-20T17:55:25.910000+00:00,1.0,S
1834,2987,2021-03-20T17:55:23.110000+00:00,1.0,P
1834,3267,2021-03-20T17:55:25.910000+00:00,1.0,S
1835,2987,2021-03-20T17:55:23.110000+00:00,1.0,P
1835,3267,2021-03-20T17:55:25.910000+00:00,1.0,S
1836,2987,2021-03-20T17:55:23.110000+00:00,1.0,P
1836,3267,2021-03-20T17:55:25.910000+00:00,1.0,S
1837,2987,2021-03-20T17:55:23.110000+00:00,1.0,P
1837,3267,2021-03-20T17:55:25.910000+00:00,1.0,S
1838,2987,2021-03-20T17:55:23.110000+00:00,1.0,P
1838,3267,2021-03-20T17:55:25.910000+00:00,1.0,S
1839,2987,2021-03-20T17:55:23.110000+00:00,1.0,P
1839,3267,2021-03-20T17:55:25.910000+00:00,1.0,S
1840,2987,2021-03-20T17:55:23.110000+00:00,1.0,P
1840,3267,2021-03-20T17:55:25.910000+00:00,1.0,S
1841,2987,2021-03-20T17:55:23.110000+00:00,1.0,P
1841,3267,2021-03-20T17:55:25.910000+00:00,1.0,S
1842,2987,2021-03-20T17:55:23.110000+00:00,1.0,P
1842,3267,2021-03-20T17:55:25.910000+00:00,1.0,S
1843,2987,2021-03-20T17:55:23.110000+00:00,1.0,P
1843,3267,2021-03-20T17:55:25.910000+00:00,1.0,S
1844,2987,2021-03-20T17:55:23.110000+00:00,1.0,P
1844,3267,2021-03-20T17:55:25.910000+00:00,1.0,S
1845,2987,2021-03-20T17:55:23.110000+00:00,1.0,P
1845,3267,2021-03-20T17:55:25.910000+00:00,1.0,S
1846,2987,2021-03-20T17:55:23.110000+00:00,1.0,P
1846,3267,2021-03-20T17:55:25.910000+00:00,1.0,S
1847,2987,2021-03-20T17:55:23.110000+00:00,1.0,P
1847,3267,2021-03-20T17:55:25.910000+00:00,1.0,S
1848,2987,2021-03-20T17:55:23.110000+00:00,1.0,P
1848,3267,2021-03-20T17:55:25.910000+00:00,1.0,S
1849,2987,2021-03-20T17:55:23.110000+00:00,1.0,P
1849,3267,2021-03-20T17:55:25.910000+00:00,1.0,S
1850,2987,2021-03-20T17:55:23.110000+00:00,1.0,P
1850,3267,2021-03-20T17:55:25.910000+00:00,1.0,S
1851,2987,2021-03-20T17:55:23.110000+00:00,1.0,P
1851,3267,2021-03-20T17:55:25.910000+00:00,1.0,S
1852,2987,2021-03-20T17:55:23.110000+00:00,1.0,P
1852,3267,2021-03-20T17:55:25.910000+00:00,1.0,S
1853,2987,2021-03-20T17:55:23.110000+00:00,1.0,P
1853,3267,2021-03-20T17:55:25.910000+00:00,1.0,S
1854,2987,2021-03-20T17:55:23.110000+00:00,1.0,P
1854,3267,2021-03-20T17:55:25.910000+00:00,1.0,S
1855,2987,2021-03-20T17:55:23.110000+00:00,1.0,P
1855,3267,2021-03-20T17:55:25.910000+00:00,1.0,S
1856,2987,2021-03-20T17:55:23.110000+00:00,1.0,P
1856,3267,2021-03-20T17:55:25.910000+00:00,1.0,S
1857,2987,2021-03-20T17:55:23.110000+00:00,1.0,P
1857,3267,2021-03-20T17:55:25.910000+00:00,1.0,S
1858,2987,2021-03-20T17:55:23.110000+00:00,1.0,P
1858,3267,2021-03-20T17:55:25.910000+00:00,1.0,S
1859,2987,2021-03-20T17:55:23.110000+00:00,1.0,P
1859,3267,2021-03-20T17:55:25.910000+00:00,1.0,S
1860,2987,2021-03-20T17:55:23.110000+00:00,1.0,P
1860,3267,2021-03-20T17:55:25.910000+00:00,1.0,S
1861,2987,2021-03-20T17:55:23.110000+00:00,1.0,P
1861,3267,2021-03-20T17:55:25.910000+00:00,1.0,S
1862,2987,2021-03-20T17:55:23.110000+00:00,1.0,P
1862,3267,2021-03-20T17:55:25.910000+00:00,1.0,S
1863,2987,2021-03-20T17:55:23.110000+00:00,1.0,P
1863,3267,2021-03-20T17:55:25.910000+00:00,1.0,S
1864,2987,2021-03-20T17:55:23.110000+00:00,1.0,P
1864,3267,2021-03-20T17:55:25.910000+00:00,1.0,S
1865,2987,2021-03-20T17:55:23.110000+00:00,1.0,P
1865,3267,2021-03-20T17:55:25.910000+00:00,1.0,S
1866,2987,2021-03-20T17:55:23.110000+00:00,1.0,P
1866,3267,2021-03-20T17:55:25.910000+00:00,1.0,S
1867,2987,2021-03-20T17:55:23.110000+00:00,1.0,P
1867,3267,2021-03-20T17:55:25.910000+00:00,1.0,S
1868,2987,2021-03-20T17:55:23.110000+00:00,1.0,P
1868,3267,2021-03-20T17:55:25.910000+00:00,1.0,S
1869,2987,2021-03-20T17:55:23.110000+00:00,1.0,P
1869,3267,2021-03-20T17:55:25.910000+00:00,1.0,S
1870,2987,2021-03-20T17:55:23.110000+00:00,1.0,P
1870,3267,2021-03-20T17:55:25.910000+00:00,1.0,S
1871,2987,2021-03-20T17:55:23.110000+00:00,1.0,P
1871,3267,2021-03-20T17:55:25.910000+00:00,1.0,S
1872,2988,2021-03-20T17:55:23.120000+00:00,1.0,P
1872,3267,2021-03-20T17:55:25.910000+00:00,1.0,S
1873,2988,2021-03-20T17:55:23.120000+00:00,1.0,P
1873,3266,2021-03-20T17:55:25.900000+00:00,1.0,S
1874,2988,2021-03-20T17:55:23.120000+00:00,1.0,P
1874,3266,2021-03-20T17:55:25.900000+00:00,1.0,S
1875,2988,2021-03-20T17:55:23.120000+00:00,1.0,P
1875,3266,2021-03-20T17:55:25.900000+00:00,1.0,S
1876,2988,2021-03-20T17:55:23.120000+00:00,1.0,P
1876,3266,2021-03-20T17:55:25.900000+00:00,1.0,S
1877,2988,2021-03-20T17:55:23.120000+00:00,1.0,P
1877,3266,2021-03-20T17:55:25.900000+00:00,1.0,S
1878,2988,2021-03-20T17:55:23.120000+00:00,1.0,P
1878,3266,2021-03-20T17:55:25.900000+00:00,1.0,S
1879,2988,2021-03-20T17:55:23.120000+00:00,1.0,P
1879,3266,2021-03-20T17:55:25.900000+00:00,1.0,S
1880,2988,2021-03-20T17:55:23.120000+00:00,1.0,P
1880,3266,2021-03-20T17:55:25.900000+00:00,1.0,S
1881,2988,2021-03-20T17:55:23.120000+00:00,1.0,P
1881,3266,2021-03-20T17:55:25.900000+00:00,1.0,S
1882,2988,2021-03-20T17:55:23.120000+00:00,1.0,P
1882,3265,2021-03-20T17:55:25.890000+00:00,1.0,S
1883,2988,2021-03-20T17:55:23.120000+00:00,1.0,P
1883,3265,2021-03-20T17:55:25.890000+00:00,1.0,S
1884,2988,2021-03-20T17:55:23.120000+00:00,1.0,P
1884,3265,2021-03-20T17:55:25.890000+00:00,1.0,S
1885,2988,2021-03-20T17:55:23.120000+00:00,1.0,P
1885,3265,2021-03-20T17:55:25.890000+00:00,1.0,S
1886,2988,2021-03-20T17:55:23.120000+00:00,1.0,P
1886,3265,2021-03-20T17:55:25.890000+00:00,1.0,S
1887,2988,2021-03-20T17:55:23.120000+00:00,1.0,P
1887,3265,2021-03-20T17:55:25.890000+00:00,1.0,S
1888,2988,2021-03-20T17:55:23.120000+00:00,1.0,P
1888,3265,2021-03-20T17:55:25.890000+00:00,1.0,S
1889,2988,2021-03-20T17:55:23.120000+00:00,1.0,P
1889,3265,2021-03-20T17:55:25.890000+00:00,1.0,S
1890,2988,2021-03-20T17:55:23.120000+00:00,1.0,P
1890,3264,2021-03-20T17:55:25.880000+00:00,1.0,S
1891,2988,2021-03-20T17:55:23.120000+00:00,1.0,P
1891,3264,2021-03-20T17:55:25.880000+00:00,1.0,S
1892,2988,2021-03-20T17:55:23.120000+00:00,1.0,P
1892,3264,2021-03-20T17:55:25.880000+00:00,1.0,S
1893,2988,2021-03-20T17:55:23.120000+00:00,1.0,P
1893,3264,2021-03-20T17:55:25.880000+00:00,1.0,S
1894,2988,2021-03-20T17:55:23.120000+00:00,1.0,P
1894,3264,2021-03-20T17:55:25.880000+00:00,1.0,S
1895,2988,2021-03-20T17:55:23.120000+00:00,1.0,P
1895,3264,2021-03-20T17:55:25.880000+00:00,1.0,S
1896,2988,2021-03-20T17:55:23.120000+00:00,1.0,P
1896,3264,2021-03-20T17:55:25.880000+00:00,1.0,S
1897,2988,2021-03-20T17:55:23.120000+00:00,1.0,P
1897,3264,2021-03-20T17:55:25.880000+00:00,1.0,S
1898,2988,2021-03-20T17:55:23.120000+00:00,1.0,P
1898,3264,2021-03-20T17:55:25.880000+00:00,1.0,S
1899,2988,2021-03-20T17:55:23.120000+00:00,1.0,P
1899,3264,2021-03-20T17:55:25.880000+00:00,1.0,S
1900,2988,2021-03-20T17:55:23.120000+00:00,1.0,P
1900,3264,2021-03-20T17:55:25.880000+00:00,1.0,S
1901,2988,2021-03-20T17:55:23.120000+00:00,1.0,P
1901,3263,2021-03-20T17:55:25.870000+00:00,1.0,S
1902,2988,2021-03-20T17:55:23.120000+00:00,1.0,P
1902,3263,2021-03-20T17:55:25.870000+00:00,1.0,S
1903,2988,2021-03-20T17:55:23.120000+00:00,1.0,P
1903,3263,2021-03-20T17:55:25.870000+00:00,1.0,S
1904,2988,2021-03-20T17:55:23.120000+00:00,1.0,P
1904,3263,2021-03-20T17:55:25.870000+00:00,1.0,S
1905,2987,2021-03-20T17:55:23.110000+00:00,1.0,P
1905,3263,2021-03-20T17:55:25.870000+00:00,1.0,S
1906,2987,2021-03-20T17:55:23.110000+00:00,1.0,P
1906,3263,2021-03-20T17:55:25.870000+00:00,1.0,S
1907,2987,2021-03-20T17:55:23.110000+00:00,1.0,P
1907,3263,2021-03-20T17:55:25.870000+00:00,1.0,S
1908,2987,2021-03-20T17:55:23.110000+00:00,1.0,P
1908,3263,2021-03-20T17:55:25.870000+00:00,1.0,S
1909,2987,2021-03-20T17:55:23.110000+00:00,1.0,P
1909,3263,2021-03-20T17:55:25.870000+00:00,1.0,S
1910,2987,2021-03-20T17:55:23.110000+00:00,1.0,P
1910,3263,2021-03-20T17:55:25.870000+00:00,1.0,S
1911,2987,2021-03-20T17:55:23.110000+00:00,1.0,P
1911,3263,2021-03-20T17:55:25.870000+00:00,1.0,S
1912,2987,2021-03-20T17:55:23.110000+00:00,1.0,P
1912,3263,2021-03-20T17:55:25.870000+00:00,1.0,S
1913,2987,2021-03-20T17:55:23.110000+00:00,1.0,P
1913,3263,2021-03-20T17:55:25.870000+00:00,1.0,S
1914,2987,2021-03-20T17:55:23.110000+00:00,1.0,P
1914,3263,2021-03-20T17:55:25.870000+00:00,1.0,S
1915,2987,2021-03-20T17:55:23.110000+00:00,1.0,P
1915,3263,2021-03-20T17:55:25.870000+00:00,1.0,S
1916,2987,2021-03-20T17:55:23.110000+00:00,1.0,P
1916,3263,2021-03-20T17:55:25.870000+00:00,1.0,S
1917,2987,2021-03-20T17:55:23.110000+00:00,1.0,P
1917,3263,2021-03-20T17:55:25.870000+00:00,1.0,S
1918,2987,2021-03-20T17:55:23.110000+00:00,1.0,P
1918,3263,2021-03-20T17:55:25.870000+00:00,1.0,S
1919,2987,2021-03-20T17:55:23.110000+00:00,1.0,P
1919,3263,2021-03-20T17:55:25.870000+00:00,1.0,S
1920,2987,2021-03-20T17:55:23.110000+00:00,1.0,P
1920,3263,2021-03-20T17:55:25.870000+00:00,1.0,S
1921,2987,2021-03-20T17:55:23.110000+00:00,1.0,P
1921,3262,2021-03-20T17:55:25.859999+00:00,1.0,S
1922,2987,2021-03-20T17:55:23.110000+00:00,1.0,P
1922,3262,2021-03-20T17:55:25.859999+00:00,1.0,S
1923,2987,2021-03-20T17:55:23.110000+00:00,1.0,P
1923,3262,2021-03-20T17:55:25.859999+00:00,1.0,S
1924,2987,2021-03-20T17:55:23.110000+00:00,1.0,P
1924,3262,2021-03-20T17:55:25.859999+00:00,1.0,S
1925,2987,2021-03-20T17:55:23.110000+00:00,1.0,P
1925,3262,2021-03-20T17:55:25.859999+00:00,1.0,S
1926,2987,2021-03-20T17:55:23.110000+00:00,1.0,P
1926,3262,2021-03-20T17:55:25.859999+00:00,1.0,S
1927,2987,2021-03-20T17:55:23.110000+00:00,1.0,P
1927,3262,2021-03-20T17:55:25.859999+00:00,1.0,S
1928,2987,2021-03-20T17:55:23.110000+00:00,1.0,P
1928,3262,2021-03-20T17:55:25.859999+00:00,1.0,S
1929,2987,2021-03-20T17:55:23.110000+00:00,1.0,P
1929,3262,2021-03-20T17:55:25.859999+00:00,1.0,S
1930,2987,2021-03-20T17:55:23.110000+00:00,1.0,P
1930,3261,2021-03-20T17:55:25.850000+00:00,1.0,S
1931,2987,2021-03-20T17:55:23.110000+00:00,1.0,P
1931,3261,2021-03-20T17:55:25.850000+00:00,1.0,S
1932,2987,2021-03-20T17:55:23.110000+00:00,1.0,P
1932,3261,2021-03-20T17:55:25.850000+00:00,1.0,S
1933,2987,2021-03-20T17:55:23.110000+00:00,1.0,P
1933,3261,2021-03-20T17:55:25.850000+00:00,1.0,S
1934,2987,2021-03-20T17:55:23.110000+00:00,1.0,P
1934,3261,2021-03-20T17:55:25.850000+00:00,1.0,S
1935,2987,2021-03-20T17:55:23.110000+00:00,1.0,P
1935,3261,2021-03-20T17:55:25.850000+00:00,1.0,S
1936,2987,2021-03-20T17:55:23.110000+00:00,1.0,P
1936,3261,2021-03-20T17:55:25.850000+00:00,1.0,S
1937,2987,2021-03-20T17:55:23.110000+00:00,1.0,P
1937,3261,2021-03-20T17:55:25.850000+00:00,1.0,S
1938,2987,2021-03-20T17:55:23.110000+00:00,1.0,P
1938,3261,2021-03-20T17:55:25.850000+00:00,1.0,S
1939,2987,2021-03-20T17:55:23.110000+00:00,1.0,P
1939,3261,2021-03-20T17:55:25.850000+00:00,1.0,S
1940,2987,2021-03-20T17:55:23.110000+00:00,1.0,P
1940,3261,2021-03-20T17:55:25.850000+00:00,1.0,S
1941,2987,2021-03-20T17:55:23.110000+00:00,1.0,P
1941,3261,2021-03-20T17:55:25.850000+00:00,1.0,S
1942,2986,2021-03-20T17:55:23.100000+00:00,1.0,P
1942,3260,2021-03-20T17:55:25.840000+00:00,1.0,S
1943,2986,2021-03-20T17:55:23.100000+00:00,1.0,P
1943,3260,2021-03-20T17:55:25.840000+00:00,1.0,S
1944,2986,2021-03-20T17:55:23.100000+00:00,1.0,P
1944,3260,2021-03-20T17:55:25.840000+00:00,1.0,S
1945,2986,2021-03-20T17:55:23.100000+00:00,1.0,P
1945,3260,2021-03-20T17:55:25.840000+00:00,1.0,S
1946,2986,2021-03-20T17:55:23.100000+00:00,1.0,P
1946,3260,2021-03-20T17:55:25.840000+00:00,1.0,S
1947,2986,2021-03-20T17:55:23.100000+00:00,1.0,P
1947,3260,2021-03-20T17:55:25.840000+00:00,1.0,S
1948,2986,2021-03-20T17:55:23.100000+00:00,1.0,P
1948,3260,2021-03-20T17:55:25.840000+00:00,1.0,S
1949,2986,2021-03-20T17:55:23.100000+00:00,1.0,P
1949,3260,2021-03-20T17:55:25.840000+00:00,1.0,S
1950,2986,2021-03-20T17:55:23.100000+00:00,1.0,P
1950,3260,2021-03-20T17:55:25.840000+00:00,1.0,S
1951,2986,2021-03-20T17:55:23.100000+00:00,1.0,P
1951,3260,2021-03-20T17:55:25.840000+00:00,1.0,S
1952,2986,2021-03-20T17:55:23.100000+00:00,1.0,P
1952,3260,2021-03-20T17:55:25.840000+00:00,1.0,S
1953,2986,2021-03-20T17:55:23.100000+00:00,1.0,P
1953,3260,2021-03-20T17:55:25.840000+00:00,1.0,S
1954,2986,2021-03-20T17:55:23.100000+00:00,1.0,P
1954,3260,2021-03-20T17:55:25.840000+00:00,1.0,S
1955,2986,2021-03-20T17:55:23.100000+00:00,1.0,P
1955,3260,2021-03-20T17:55:25.840000+00:00,1.0,S
1956,2986,2021-03-20T17:55:23.100000+00:00,1.0,P
1956,3260,2021-03-20T17:55:25.840000+00:00,1.0,S
1957,2986,2021-03-20T17:55:23.100000+00:00,1.0,P
1957,3259,2021-03-20T17:55:25.830000+00:00,1.0,S
1958,2986,2021-03-20T17:55:23.100000+00:00,1.0,P
1958,3259,2021-03-20T17:55:25.830000+00:00,1.0,S
1959,2986,2021-03-20T17:55:23.100000+00:00,1.0,P
1959,3259,2021-03-20T17:55:25.830000+00:00,1.0,S
1960,2986,2021-03-20T17:55:23.100000+00:00,1.0,P
1960,3259,2021-03-20T17:55:25.830000+00:00,1.0,S
1961,2986,2021-03-20T17:55:23.100000+00:00,1.0,P
1961,3259,2021-03-20T17:55:25.830000+00:00,1.0,S
1962,2986,2021-03-20T17:55:23.100000+00:00,1.0,P
1962,3259,2021-03-20T17:55:25.830000+00:00,1.0,S
1963,2985,2021-03-20T17:55:23.090000+00:00,1.0,P
1963,3259,2021-03-20T17:55:25.830000+00:00,1.0,S
1964,2985,2021-03-20T17:55:23.090000+00:00,1.0,P
1964,3259,2021-03-20T17:55:25.830000+00:00,1.0,S
1965,2985,2021-03-20T17:55:23.090000+00:00,1.0,P
1965,3259,2021-03-20T17:55:25.830000+00:00,1.0,S
1966,2985,2021-03-20T17:55:23.090000+00:00,1.0,P
1966,3259,2021-03-20T17:55:25.830000+00:00,1.0,S
1967,2985,2021-03-20T17:55:23.090000+00:00,1.0,P
1967,3259,2021-03-20T17:55:25.830000+00:00,1.0,S
1968,2985,2021-03-20T17:55:23.090000+00:00,1.0,P
1968,3259,2021-03-20T17:55:25.830000+00:00,1.0,S
1969,2985,2021-03-20T17:55:23.090000+00:00,1.0,P
1969,3259,2021-03-20T17:55:25.830000+00:00,1.0,S
1970,2985,2021-03-20T17:55:23.090000+00:00,1.0,P
1970,3259,2021-03-20T17:55:25.830000+00:00,1.0,S
1971,2985,2021-03-20T17:55:23.090000+00:00,1.0,P
1971,3259,2021-03-20T17:55:25.830000+00:00,1.0,S
1972,2985,2021-03-20T17:55:23.090000+00:00,1.0,P
1972,3259,2021-03-20T17:55:25.830000+00:00,1.0,S
1973,2985,2021-03-20T17:55:23.090000+00:00,1.0,P
1973,3258,2021-03-20T17:55:25.820000+00:00,1.0,S
1974,2985,2021-03-20T17:55:23.090000+00:00,1.0,P
1974,3258,2021-03-20T17:55:25.820000+00:00,1.0,S
1975,2985,2021-03-20T17:55:23.090000+00:00,1.0,P
1975,3258,2021-03-20T17:55:25.820000+00:00,1.0,S
1976,2985,2021-03-20T17:55:23.090000+00:00,1.0,P
1976,3258,2021-03-20T17:55:25.820000+00:00,1.0,S
1977,2985,2021-03-20T17:55:23.090000+00:00,1.0,P
1977,3258,2021-03-20T17:55:25.820000+00:00,1.0,S
1978,2985,2021-03-20T17:55:23.090000+00:00,1.0,P
1978,3258,2021-03-20T17:55:25.820000+00:00,1.0,S
1979,2985,2021-03-20T17:55:23.090000+00:00,1.0,P
1979,3258,2021-03-20T17:55:25.820000+00:00,1.0,S
1980,2985,2021-03-20T17:55:23.090000+00:00,1.0,P
1980,3258,2021-03-20T17:55:25.820000+00:00,1.0,S
1981,2985,2021-03-20T17:55:23.090000+00:00,1.0,P
1981,3258,2021-03-20T17:55:25.820000+00:00,1.0,S
1982,2985,2021-03-20T17:55:23.090000+00:00,1.0,P
1982,3258,2021-03-20T17:55:25.820000+00:00,1.0,S
1983,2985,2021-03-20T17:55:23.090000+00:00,1.0,P
1983,3258,2021-03-20T17:55:25.820000+00:00,1.0,S
1984,2985,2021-03-20T17:55:23.090000+00:00,1.0,P
1984,3258,2021-03-20T17:55:25.820000+00:00,1.0,S
1985,2984,2021-03-20T17:55:23.080000+00:00,1.0,P
1985,3258,2021-03-20T17:55:25.820000+00:00,1.0,S
1986,2984,2021-03-20T17:55:23.080000+00:00,1.0,P
1986,3258,2021-03-20T17:55:25.820000+00:00,1.0,S
1987,2984,2021-03-20T17:55:23.080000+00:00,1.0,P
1987,3258,2021-03-20T17:55:25.820000+00:00,1.0,S
1988,2984,2021-03-20T17:55:23.080000+00:00,1.0,P
1988,3257,2021-03-20T17:55:25.810000+00:00,1.0,S
1989,2984,2021-03-20T17:55:23.080000+00:00,1.0,P
1989,3257,2021-03-20T17:55:25.810000+00:00,1.0,S
1990,2984,2021-03-20T17:55:23.080000+00:00,1.0,P
1990,3257,2021-03-20T17:55:25.810000+00:00,1.0,S
1991,2984,2021-03-20T17:55:23.080000+00:00,1.0,P
1991,3257,2021-03-20T17:55:25.810000+00:00,1.0,S
1992,2984,2021-03-20T17:55:23.080000+00:00,1.0,P
1992,3257,2021-03-20T17:55:25.810000+00:00,1.0,S
1993,2984,2021-03-20T17:55:23.080000+00:00,1.0,P
1993,3257,2021-03-20T17:55:25.810000+00:00,1.0,S
1994,2984,2021-03-20T17:55:23.080000+00:00,1.0,P
1994,3257,2021-03-20T17:55:25.810000+00:00,1.0,S
1995,2984,2021-03-20T17:55:23.080000+00:00,1.0,P
1995,3257,2021-03-20T17:55:25.810000+00:00,1.0,S
1996,2984,2021-03-20T17:55:23.080000+00:00,1.0,P
1996,3257,2021-03-20T17:55:25.810000+00:00,1.0,S
1997,2984,2021-03-20T17:55:23.080000+00:00,1.0,P
1997,3257,2021-03-20T17:55:25.810000+00:00,1.0,S
1998,2984,2021-03-20T17:55:23.080000+00:00,1.0,P
1998,3257,2021-03-20T17:55:25.810000+00:00,1.0,S
1999,2984,2021-03-20T17:55:23.080000+00:00,1.0,P
1999,3257,2021-03-20T17:55:25.810000+00:00,1.0,S
2000,2984,2021-03-20T17:55:23.080000+00:00,1.0,P
2000,3257,2021-03-20T17:55:25.810000+00:00,1.0,S
2001,2984,2021-03-20T17:55:23.080000+00:00,1.0,P
2001,3257,2021-03-20T17:55:25.810000+00:00,1.0,S
2002,2984,2021-03-20T17:55:23.080000+00:00,1.0,P
2002,3257,2021-03-20T17:55:25.810000+00:00,1.0,S
2003,2984,2021-03-20T17:55:23.080000+00:00,1.0,P
2003,3257,2021-03-20T17:55:25.810000+00:00,1.0,S
2004,2984,2021-03-20T17:55:23.080000+00:00,1.0,P
2004,3257,2021-03-20T17:55:25.810000+00:00,1.0,S
2005,2984,2021-03-20T17:55:23.080000+00:00,1.0,P
2005,3257,2021-03-20T17:55:25.810000+00:00,1.0,S
2006,2984,2021-03-20T17:55:23.080000+00:00,1.0,P
2006,3257,2021-03-20T17:55:25.810000+00:00,1.0,S
2007,2984,2021-03-20T17:55:23.080000+00:00,1.0,P
2007,3257,2021-03-20T17:55:25.810000+00:00,1.0,S
2008,2984,2021-03-20T17:55:23.080000+00:00,1.0,P
2008,3257,2021-03-20T17:55:25.810000+00:00,1.0,S
2009,2984,2021-03-20T17:55:23.080000+00:00,1.0,P
2009,3257,2021-03-20T17:55:25.810000+00:00,1.0,S
2010,2984,2021-03-20T17:55:23.080000+00:00,1.0,P
2010,3257,2021-03-20T17:55:25.810000+00:00,1.0,S
2011,2984,2021-03-20T17:55:23.080000+00:00,1.0,P
2011,3257,2021-03-20T17:55:25.810000+00:00,1.0,S
2012,2984,2021-03-20T17:55:23.080000+00:00,1.0,P
2012,3257,2021-03-20T17:55:25.810000+00:00,1.0,S
2013,2984,2021-03-20T17:55:23.080000+00:00,1.0,P
2013,3257,2021-03-20T17:55:25.810000+00:00,1.0,S
2014,2984,2021-03-20T17:55:23.080000+00:00,1.0,P
2014,3257,2021-03-20T17:55:25.810000+00:00,1.0,S
2015,2984,2021-03-20T17:55:23.080000+00:00,1.0,P
2015,3257,2021-03-20T17:55:25.810000+00:00,1.0,S
2016,2984,2021-03-20T17:55:23.080000+00:00,1.0,P
2016,3257,2021-03-20T17:55:25.810000+00:00,1.0,S
2017,2983,2021-03-20T17:55:23.070000+00:00,1.0,P
2017,3257,2021-03-20T17:55:25.810000+00:00,1.0,S
2018,2983,2021-03-20T17:55:23.070000+00:00,1.0,P
2018,3257,2021-03-20T17:55:25.810000+00:00,1.0,S
2019,2983,2021-03-20T17:55:23.070000+00:00,1.0,P
2019,3257,2021-03-20T17:55:25.810000+00:00,1.0,S
2020,2983,2021-03-20T17:55:23.070000+00:00,1.0,P
2020,3257,2021-03-20T17:55:25.810000+00:00,1.0,S
2021,2983,2021-03-20T17:55:23.070000+00:00,1.0,P
2021,3256,2021-03-20T17:55:25.800000+00:00,1.0,S
2022,2983,2021-03-20T17:55:23.070000+00:00,1.0,P
2022,3256,2021-03-20T17:55:25.800000+00:00,1.0,S
2023,2983,2021-03-20T17:55:23.070000+00:00,1.0,P
2023,3256,2021-03-20T17:55:25.800000+00:00,1.0,S
2024,2983,2021-03-20T17:55:23.070000+00:00,1.0,P
2024,3256,2021-03-20T17:55:25.800000+00:00,1.0,S
2025,2983,2021-03-20T17:55:23.070000+00:00,1.0,P
2025,3256,2021-03-20T17:55:25.800000+00:00,1.0,S
2026,2983,2021-03-20T17:55:23.070000+00:00,1.0,P
2026,3256,2021-03-20T17:55:25.800000+00:00,1.0,S
2027,2983,2021-03-20T17:55:23.070000+00:00,1.0,P
2027,3256,2021-03-20T17:55:25.800000+00:00,1.0,S
2028,2983,2021-03-20T17:55:23.070000+00:00,1.0,P
2028,3256,2021-03-20T17:55:25.800000+00:00,1.0,S
2029,2983,2021-03-20T17:55:23.070000+00:00,1.0,P
2029,3256,2021-03-20T17:55:25.800000+00:00,1.0,S
2030,2983,2021-03-20T17:55:23.070000+00:00,1.0,P
2030,3256,2021-03-20T17:55:25.800000+00:00,1.0,S
2031,2983,2021-03-20T17:55:23.070000+00:00,1.0,P
2031,3255,2021-03-20T17:55:25.789999+00:00,1.0,S
2032,2983,2021-03-20T17:55:23.070000+00:00,1.0,P
2032,3255,2021-03-20T17:55:25.789999+00:00,1.0,S
2033,2983,2021-03-20T17:55:23.070000+00:00,1.0,P
2033,3255,2021-03-20T17:55:25.789999+00:00,1.0,S
2034,2983,2021-03-20T17:55:23.070000+00:00,1.0,P
2034,3255,2021-03-20T17:55:25.789999+00:00,1.0,S
2035,2983,2021-03-20T17:55:23.070000+00:00,1.0,P
2035,3255,2021-03-20T17:55:25.789999+00:00,1.0,S
2036,2983,2021-03-20T17:55:23.070000+00:00,1.0,P
2036,3255,2021-03-20T17:55:25.789999+00:00,1.0,S
2037,2983,2021-03-20T17:55:23.070000+00:00,1.0,P
2037,3255,2021-03-20T17:55:25.789999+00:00,1.0,S
2038,2983,2021-03-20T17:55:23.070000+00:00,1.0,P
2038,3255,2021-03-20T17:55:25.789999+00:00,1.0,S
2039,2983,2021-03-20T17:55:23.070000+00:00,1.0,P
2039,3255,2021-03-20T17:55:25.789999+00:00,1.0,S
2040,2983,2021-03-20T17:55:23.070000+00:00,1.0,P
2040,3255,2021-03-20T17:55:25.789999+00:00,1.0,S
2041,2983,2021-03-20T17:55:23.070000+00:00,1.0,P
2041,3254,2021-03-20T17:55:25.780000+00:00,1.0,S
2042,2983,2021-03-20T17:55:23.070000+00:00,1.0,P
2042,3254,2021-03-20T17:55:25.780000+00:00,1.0,S
2043,2983,2021-03-20T17:55:23.070000+00:00,1.0,P
2043,3254,2021-03-20T17:55:25.780000+00:00,1.0,S
2044,2982,2021-03-20T17:55:23.060000+00:00,1.0,P
2044,3254,2021-03-20T17:55:25.780000+00:00,1.0,S
2045,2982,2021-03-20T17:55:23.060000+00:00,1.0,P
2045,3254,2021-03-20T17:55:25.780000+00:00,1.0,S
2046,2982,2021-03-20T17:55:23.060000+00:00,1.0,P
2046,3254,2021-03-20T17:55:25.780000+00:00,1.0,S
2047,2982,2021-03-20T17:55:23.060000+00:00,1.0,P
2047,3254,2021-03-20T17:55:25.780000+00:00,1.0,S
2048,2982,2021-03-20T17:55:23.060000+00:00,1.0,P
2048,3254,2021-03-20T17:55:25.780000+00:00,1.0,S
2049,2982,2021-03-20T17:55:23.060000+00:00,1.0,P
2049,3253,2021-03-20T17:55:25.770000+00:00,1.0,S
2050,2982,2021-03-20T17:55:23.060000+00:00,1.0,P
2050,3253,2021-03-20T17:55:25.770000+00:00,1.0,S
2051,2982,2021-03-20T17:55:23.060000+00:00,1.0,P
2051,3253,2021-03-20T17:55:25.770000+00:00,1.0,S
2052,2982,2021-03-20T17:55:23.060000+00:00,1.0,P
2052,3253,2021-03-20T17:55:25.770000+00:00,1.0,S
2053,2982,2021-03-20T17:55:23.060000+00:00,1.0,P
2053,3253,2021-03-20T17:55:25.770000+00:00,1.0,S
2054,2982,2021-03-20T17:55:23.060000+00:00,1.0,P
2054,3253,2021-03-20T17:55:25.770000+00:00,1.0,S
2055,2982,2021-03-20T17:55:23.060000+00:00,1.0,P
2055,3252,2021-03-20T17:55:25.760000+00:00,1.0,S
2056,2982,2021-03-20T17:55:23.060000+00:00,1.0,P
2056,3252,2021-03-20T17:55:25.760000+00:00,1.0,S
2057,2982,2021-03-20T17:55:23.060000+00:00,1.0,P
2057,3252,2021-03-20T17:55:25.760000+00:00,1.0,S
2058,2982,2021-03-20T17:55:23.060000+00:00,1.0,P
2058,3252,2021-03-20T17:55:25.760000+00:00,1.0,S
2059,2982,2021-03-20T17:55:23.060000+00:00,1.0,P
2059,3252,2021-03-20T17:55:25.760000+00:00,1.0,S
2060,2982,2021-03-20T17:55:23.060000+00:00,1.0,P
2060,3252,2021-03-20T17:55:25.760000+00:00,1.0,S
2061,2982,2021-03-20T17:55:23.060000+00:00,1.0,P
2061,3251,2021-03-20T17:55:25.749999+00:00,1.0,S
2062,2982,2021-03-20T17:55:23.060000+00:00,1.0,P
2062,3251,2021-03-20T17:55:25.749999+00:00,1.0,S
2063,2982,2021-03-20T17:55:23.060000+00:00,1.0,P
2063,3251,2021-03-20T17:55:25.749999+00:00,1.0,S
2064,2981,2021-03-20T17:55:23.050000+00:00,1.0,P
2064,3251,2021-03-20T17:55:25.749999+00:00,1.0,S
2065,2981,2021-03-20T17:55:23.050000+00:00,1.0,P
2065,3251,2021-03-20T17:55:25.749999+00:00,1.0,S
2066,2981,2021-03-20T17:55:23.050000+00:00,1.0,P
2066,3251,2021-03-20T17:55:25.749999+00:00,1.0,S
2067,2981,2021-03-20T17:55:23.050000+00:00,1.0,P
2067,3251,2021-03-20T17:55:25.749999+00:00,1.0,S
2068,2981,2021-03-20T17:55:23.050000+00:00,1.0,P
2068,3250,2021-03-20T17:55:25.740000+00:00,1.0,S
2069,2981,2021-03-20T17:55:23.050000+00:00,1.0,P
2069,3250,2021-03-20T17:55:25.740000+00:00,1.0,S
2070,2981,2021-03-20T17:55:23.050000+00:00,1.0,P
2070,3250,2021-03-20T17:55:25.740000+00:00,1.0,S
2071,2981,2021-03-20T17:55:23.050000+00:00,1.0,P
2071,3250,2021-03-20T17:55:25.740000+00:00,1.0,S
2072,2981,2021-03-20T17:55:23.050000+00:00,1.0,P
2072,3250,2021-03-20T17:55:25.740000+00:00,1.0,S
2073,2981,2021-03-20T17:55:23.050000+00:00,1.0,P
2073,3250,2021-03-20T17:55:25.740000+00:00,1.0,S
2074,2981,2021-03-20T17:55:23.050000+00:00,1.0,P
2074,3249,2021-03-20T17:55:25.730000+00:00,1.0,S
2075,2981,2021-03-20T17:55:23.050000+00:00,1.0,P
2075,3249,2021-03-20T17:55:25.730000+00:00,1.0,S
2076,2981,2021-03-20T17:55:23.050000+00:00,1.0,P
2076,3249,2021-03-20T17:55:25.730000+00:00,1.0,S
2077,2981,2021-03-20T17:55:23.050000+00:00,1.0,P
2077,3249,2021-03-20T17:55:25.730000+00:00,1.0,S
2078,2981,2021-03-20T17:55:23.050000+00:00,1.0,P
2078,3249,2021-03-20T17:55:25.730000+00:00,1.0,S
2079,2981,2021-03-20T17:55:23.050000+00:00,1.0,P
2079,3249,2021-03-20T17:55:25.730000+00:00,1.0,S
2080,2980,2021-03-20T17:55:23.040000+00:00,1.0,P
2080,3249,2021-03-20T17:55:25.730000+00:00,1.0,S
2081,2980,2021-03-20T17:55:23.040000+00:00,1.0,P
2081,3248,2021-03-20T17:55:25.720000+00:00,1.0,S
2082,2980,2021-03-20T17:55:23.040000+00:00,1.0,P
2082,3248,2021-03-20T17:55:25.720000+00:00,1.0,S
2083,2980,2021-03-20T17:55:23.040000+00:00,1.0,P
2083,3248,2021-03-20T17:55:25.720000+00:00,1.0,S
2084,2980,2021-03-20T17:55:23.040000+00:00,1.0,P
2084,3248,2021-03-20T17:55:25.720000+00:00,1.0,S
2085,2980,2021-03-20T17:55:23.040000+00:00,1.0,P
2085,3248,2021-03-20T17:55:25.720000+00:00,1.0,S
2086,2980,2021-03-20T17:55:23.040000+00:00,1.0,P
2086,3248,2021-03-20T17:55:25.720000+00:00,1.0,S
2087,2980,2021-03-20T17:55:23.040000+00:00,1.0,P
2087,3248,2021-03-20T17:55:25.720000+00:00,1.0,S
2088,2980,2021-03-20T17:55:23.040000+00:00,1.0,P
2088,3248,2021-03-20T17:55:25.720000+00:00,1.0,S
2089,2980,2021-03-20T17:55:23.040000+00:00,1.0,P
2089,3248,2021-03-20T17:55:25.720000+00:00,1.0,S
2090,2980,2021-03-20T17:55:23.040000+00:00,1.0,P
2090,3248,2021-03-20T17:55:25.720000+00:00,1.0,S
2091,2980,2021-03-20T17:55:23.040000+00:00,1.0,P
2091,3247,2021-03-20T17:55:25.710000+00:00,1.0,S
2092,2980,2021-03-20T17:55:23.040000+00:00,1.0,P
2092,3247,2021-03-20T17:55:25.710000+00:00,1.0,S
2093,2980,2021-03-20T17:55:23.040000+00:00,1.0,P
2093,3247,2021-03-20T17:55:25.710000+00:00,1.0,S
2094,2980,2021-03-20T17:55:23.040000+00:00,1.0,P
2094,3247,2021-03-20T17:55:25.710000+00:00,1.0,S
2095,2980,2021-03-20T17:55:23.040000+00:00,1.0,P
2095,3247,2021-03-20T17:55:25.710000+00:00,1.0,S
2096,2980,2021-03-20T17:55:23.040000+00:00,1.0,P
2096,3247,2021-03-20T17:55:25.710000+00:00,1.0,S
2097,2980,2021-03-20T17:55:23.040000+00:00,1.0,P
2097,3247,2021-03-20T17:55:25.710000+00:00,1.0,S
2098,2979,2021-03-20T17:55:23.030000+00:00,1.0,P
2098,3247,2021-03-20T17:55:25.710000+00:00,1.0,S
2099,2979,2021-03-20T17:55:23.030000+00:00,1.0,P
2099,3246,2021-03-20T17:55:25.700000+00:00,1.0,S
2100,2979,2021-03-20T17:55:23.030000+00:00,1.0,P
2100,3246,2021-03-20T17:55:25.700000+00:00,1.0,S
2101,2979,2021-03-20T17:55:23.030000+00:00,1.0,P
2101,3246,2021-03-20T17:55:25.700000+00:00,1.0,S
2102,2979,2021-03-20T17:55:23.030000+00:00,1.0,P
2102,3246,2021-03-20T17:55:25.700000+00:00,1.0,S
2103,2979,2021-03-20T17:55:23.030000+00:00,1.0,P
2103,3246,2021-03-20T17:55:25.700000+00:00,1.0,S
2104,2979,2021-03-20T17:55:23.030000+00:00,1.0,P
2104,3246,2021-03-20T17:55:25.700000+00:00,1.0,S
2105,2979,2021-03-20T17:55:23.030000+00:00,1.0,P
2105,3246,2021-03-20T17:55:25.700000+00:00,1.0,S
2106,2979,2021-03-20T17:55:23.030000+00:00,1.0,P
2106,3246,2021-03-20T17:55:25.700000+00:00,1.0,S
2107,2979,2021-03-20T17:55:23.030000+00:00,1.0,P
2107,3246,2021-03-20T17:55:25.700000+00:00,1.0,S
2108,2979,2021-03-20T17:55:23.030000+00:00,1.0,P
2108,3246,2021-03-20T17:55:25.700000+00:00,1.0,S
2109,2979,2021-03-20T17:55:23.030000+00:00,1.0,P
2109,3245,2021-03-20T17:55:25.690000+00:00,1.0,S
2110,2979,2021-03-20T17:55:23.030000+00:00,1.0,P
2110,3245,2021-03-20T17:55:25.690000+00:00,1.0,S
2111,2979,2021-03-20T17:55:23.030000+00:00,1.0,P
2111,3245,2021-03-20T17:55:25.690000+00:00,1.0,S
2112,2979,2021-03-20T17:55:23.030000+00:00,1.0,P
2112,3245,2021-03-20T17:55:25.690000+00:00,1.0,S
2113,2979,2021-03-20T17:55:23.030000+00:00,1.0,P
2113,3245,2021-03-20T17:55:25.690000+00:00,1.0,S
2114,2979,2021-03-20T17:55:23.030000+00:00,1.0,P
2114,3245,2021-03-20T17:55:25.690000+00:00,1.0,S
2115,2979,2021-03-20T17:55:23.030000+00:00,1.0,P
2115,3245,2021-03-20T17:55:25.690000+00:00,1.0,S
2116,2978,2021-03-20T17:55:23.020000+00:00,1.0,P
2116,3245,2021-03-20T17:55:25.690000+00:00,1.0,S
2117,2978,2021-03-20T17:55:23.020000+00:00,1.0,P
2117,3245,2021-03-20T17:55:25.690000+00:00,1.0,S
2118,2978,2021-03-20T17:55:23.020000+00:00,1.0,P
2118,3245,2021-03-20T17:55:25.690000+00:00,1.0,S
2119,2978,2021-03-20T17:55:23.020000+00:00,1.0,P
2119,3244,2021-03-20T17:55:25.679999+00:00,1.0,S
2120,2978,2021-03-20T17:55:23.020000+00:00,1.0,P
2120,3244,2021-03-20T17:55:25.679999+00:00,1.0,S
2121,2978,2021-03-20T17:55:23.020000+00:00,1.0,P
2121,3244,2021-03-20T17:55:25.679999+00:00,1.0,S
2122,2978,2021-03-20T17:55:23.020000+00:00,1.0,P
2122,3244,2021-03-20T17:55:25.679999+00:00,1.0,S
2123,2978,2021-03-20T17:55:23.020000+00:00,1.0,P
2123,3244,2021-03-20T17:55:25.679999+00:00,1.0,S
2124,2978,2021-03-20T17:55:23.020000+00:00,1.0,P
2124,3244,2021-03-20T17:55:25.679999+00:00,1.0,S
2125,2978,2021-03-20T17:55:23.020000+00:00,1.0,P
2125,3244,2021-03-20T17:55:25.679999+00:00,1.0,S
2126,2978,2021-03-20T17:55:23.020000+00:00,1.0,P
2126,3244,2021-03-20T17:55:25.679999+00:00,1.0,S
2127,2978,2021-03-20T17:55:23.020000+00:00,1.0,P
2127,3244,2021-03-20T17:55:25.679999+00:00,1.0,S
2128,2978,2021-03-20T17:55:23.020000+00:00,1.0,P
2128,3244,2021-03-20T17:55:25.679999+00:00,1.0,S
2129,2978,2021-03-20T17:55:23.020000+00:00,1.0,P
2129,3244,2021-03-20T17:55:25.679999+00:00,1.0,S
2130,2978,2021-03-20T17:55:23.020000+00:00,1.0,P
2130,3244,2021-03-20T17:55:25.679999+00:00,1.0,S
2131,2978,2021-03-20T17:55:23.020000+00:00,1.0,P
2131,3244,2021-03-20T17:55:25.679999+00:00,1.0,S
2132,2978,2021-03-20T17:55:23.020000+00:00,1.0,P
2132,3244,2021-03-20T17:55:25.679999+00:00,1.0,S
2133,2978,2021-03-20T17:55:23.020000+00:00,1.0,P
2133,3244,2021-03-20T17:55:25.679999+00:00,1.0,S
2134,2978,2021-03-20T17:55:23.020000+00:00,1.0,P
2134,3244,2021-03-20T17:55:25.679999+00:00,1.0,S
2135,2978,2021-03-20T17:55:23.020000+00:00,1.0,P
2135,3244,2021-03-20T17:55:25.679999+00:00,1.0,S
2136,2978,2021-03-20T17:55:23.020000+00:00,1.0,P
2136,3244,2021-03-20T17:55:25.679999+00:00,1.0,S
2137,2978,2021-03-20T17:55:23.020000+00:00,1.0,P
2137,3244,2021-03-20T17:55:25.679999+00:00,1.0,S
2138,2978,2021-03-20T17:55:23.020000+00:00,1.0,P
2138,3244,2021-03-20T17:55:25.679999+00:00,1.0,S
2139,2978,2021-03-20T17:55:23.020000+00:00,1.0,P
2139,3243,2021-03-20T17:55:25.670000+00:00,1.0,S
2140,2978,2021-03-20T17:55:23.020000+00:00,1.0,P
2140,3243,2021-03-20T17:55:25.670000+00:00,1.0,S
2141,2978,2021-03-20T17:55:23.020000+00:00,1.0,P
2141,3243,2021-03-20T17:55:25.670000+00:00,1.0,S
2142,2978,2021-03-20T17:55:23.020000+00:00,1.0,P
2142,3243,2021-03-20T17:55:25.670000+00:00,1.0,S
2143,2978,2021-03-20T17:55:23.020000+00:00,1.0,P
2143,3243,2021-03-20T17:55:25.670000+00:00,1.0,S
2144,2978,2021-03-20T17:55:23.020000+00:00,1.0,P
2144,3243,2021-03-20T17:55:25.670000+00:00,1.0,S
2145,2978,2021-03-20T17:55:23.020000+00:00,1.0,P
2145,3243,2021-03-20T17:55:25.670000+00:00,1.0,S
2146,2978,2021-03-20T17:55:23.020000+00:00,1.0,P
2146,3243,2021-03-20T17:55:25.670000+00:00,1.0,S
2147,2978,2021-03-20T17:55:23.020000+00:00,1.0,P
2147,3243,2021-03-20T17:55:25.670000+00:00,1.0,S
2148,2978,2021-03-20T17:55:23.020000+00:00,1.0,P
2148,3243,2021-03-20T17:55:25.670000+00:00,1.0,S
2149,2978,2021-03-20T17:55:23.020000+00:00,1.0,P
2149,3243,2021-03-20T17:55:25.670000+00:00,1.0,S
2150,2978,2021-03-20T17:55:23.020000+00:00,1.0,P
2150,3243,2021-03-20T17:55:25.670000+00:00,1.0,S
2151,2978,2021-03-20T17:55:23.020000+00:00,1.0,P
2151,3243,2021-03-20T17:55:25.670000+00:00,1.0,S
2152,2978,2021-03-20T17:55:23.020000+00:00,1.0,P
2152,3243,2021-03-20T17:55:25.670000+00:00,1.0,S
2153,2977,2021-03-20T17:55:23.010000+00:00,1.0,P
2153,3242,2021-03-20T17:55:25.660000+00:00,1.0,S
2154,2977,2021-03-20T17:55:23.010000+00:00,1.0,P
2154,3242,2021-03-20T17:55:25.660000+00:00,1.0,S
2155,2977,2021-03-20T17:55:23.010000+00:00,1.0,P
2155,3242,2021-03-20T17:55:25.660000+00:00,1.0,S
2156,2977,2021-03-20T17:55:23.010000+00:00,1.0,P
2156,3242,2021-03-20T17:55:25.660000+00:00,1.0,S
2157,2977,2021-03-20T17:55:23.010000+00:00,1.0,P
2157,3242,2021-03-20T17:55:25.660000+00:00,1.0,S
2158,2977,2021-03-20T17:55:23.010000+00:00,1.0,P
2158,3242,2021-03-20T17:55:25.660000+00:00,1.0,S
2159,2977,2021-03-20T17:55:23.010000+00:00,1.0,P
2159,3242,2021-03-20T17:55:25.660000+00:00,1.0,S
2160,2977,2021-03-20T17:55:23.010000+00:00,1.0,P
2160,3243,2021-03-20T17:55:25.670000+00:00,1.0,S
2161,2977,2021-03-20T17:55:23.010000+00:00,1.0,P
2161,3243,2021-03-20T17:55:25.670000+00:00,1.0,S
2162,2977,2021-03-20T17:55:23.010000+00:00,1.0,P
2162,3243,2021-03-20T17:55:25.670000+00:00,1.0,S
2163,2977,2021-03-20T17:55:23.010000+00:00,1.0,P
2163,3243,2021-03-20T17:55:25.670000+00:00,1.0,S
2164,2977,2021-03-20T17:55:23.010000+00:00,1.0,P
2164,3243,2021-03-20T17:55:25.670000+00:00,1.0,S
2165,2977,2021-03-20T17:55:23.010000+00:00,1.0,P
2165,3242,2021-03-20T17:55:25.660000+00:00,1.0,S
2166,2977,2021-03-20T17:55:23.010000+00:00,1.0,P
2166,3243,2021-03-20T17:55:25.670000+00:00,1.0,S
2167,2977,2021-03-20T17:55:23.010000+00:00,1.0,P
2167,3243,2021-03-20T17:55:25.670000+00:00,1.0,S
2168,2977,2021-03-20T17:55:23.010000+00:00,1.0,P
2168,3242,2021-03-20T17:55:25.660000+00:00,1.0,S
2169,2977,2021-03-20T17:55:23.010000+00:00,1.0,P
2169,3243,2021-03-20T17:55:25.670000+00:00,1.0,S
2170,2977,2021-03-20T17:55:23.010000+00:00,1.0,P
2170,3243,2021-03-20T17:55:25.670000+00:00,1.0,S
2171,2977,2021-03-20T17:55:23.010000+00:00,1.0,P
2171,3243,2021-03-20T17:55:25.670000+00:00,1.0,S
2172,2977,2021-03-20T17:55:23.010000+00:00,1.0,P
2172,3243,2021-03-20T17:55:25.670000+00:00,1.0,S
2173,2977,2021-03-20T17:55:23.010000+00:00,1.0,P
2173,3243,2021-03-20T17:55:25.670000+00:00,1.0,S
2174,2977,2021-03-20T17:55:23.010000+00:00,1.0,P
2174,3243,2021-03-20T17:55:25.670000+00:00,1.0,S
2175,2977,2021-03-20T17:55:23.010000+00:00,1.0,P
2175,3243,2021-03-20T17:55:25.670000+00:00,1.0,S
2176,2977,2021-03-20T17:55:23.010000+00:00,1.0,P
2176,3243,2021-03-20T17:55:25.670000+00:00,1.0,S
2177,2977,2021-03-20T17:55:23.010000+00:00,1.0,P
2177,3243,2021-03-20T17:55:25.670000+00:00,1.0,S
2178,2977,2021-03-20T17:55:23.010000+00:00,1.0,P
2178,3243,2021-03-20T17:55:25.670000+00:00,1.0,S
2179,2977,2021-03-20T17:55:23.010000+00:00,1.0,P
2179,3243,2021-03-20T17:55:25.670000+00:00,1.0,S
2180,2977,2021-03-20T17:55:23.010000+00:00,1.0,P
2180,3243,2021-03-20T17:55:25.670000+00:00,1.0,S
2181,2977,2021-03-20T17:55:23.010000+00:00,1.0,P
2181,3243,2021-03-20T17:55:25.670000+00:00,1.0,S
2182,2977,2021-03-20T17:55:23.010000+00:00,1.0,P
2182,3243,2021-03-20T17:55:25.670000+00:00,1.0,S
2183,2977,2021-03-20T17:55:23.010000+00:00,1.0,P
2183,3243,2021-03-20T17:55:25.670000+00:00,1.0,S
2184,2977,2021-03-20T17:55:23.010000+00:00,1.0,P
2184,3243,2021-03-20T17:55:25.670000+00:00,1.0,S
2185,2977,2021-03-20T17:55:23.010000+00:00,1.0,P
2185,3243,2021-03-20T17:55:25.670000+00:00,1.0,S
2186,2977,2021-03-20T17:55:23.010000+00:00,1.0,P
2186,3243,2021-03-20T17:55:25.670000+00:00,1.0,S
2187,2977,2021-03-20T17:55:23.010000+00:00,1.0,P
2187,3243,2021-03-20T17:55:25.670000+00:00,1.0,S
2188,2977,2021-03-20T17:55:23.010000+00:00,1.0,P
2188,3243,2021-03-20T17:55:25.670000+00:00,1.0,S
2189,2977,2021-03-20T17:55:23.010000+00:00,1.0,P
2189,3243,2021-03-20T17:55:25.670000+00:00,1.0,S
2190,2977,2021-03-20T17:55:23.010000+00:00,1.0,P
2190,3243,2021-03-20T17:55:25.670000+00:00,1.0,S
2191,2977,2021-03-20T17:55:23.010000+00:00,1.0,P
2191,3243,2021-03-20T17:55:25.670000+00:00,1.0,S
2192,2977,2021-03-20T17:55:23.010000+00:00,1.0,P
2192,3243,2021-03-20T17:55:25.670000+00:00,1.0,S
2193,2977,2021-03-20T17:55:23.010000+00:00,1.0,P
2193,3243,2021-03-20T17:55:25.670000+00:00,1.0,S
2194,2977,2021-03-20T17:55:23.010000+00:00,1.0,P
2194,3243,2021-03-20T17:55:25.670000+00:00,1.0,S
2195,2977,2021-03-20T17:55:23.010000+00:00,1.0,P
2195,3243,2021-03-20T17:55:25.670000+00:00,1.0,S
2196,2977,2021-03-20T17:55:23.010000+00:00,1.0,P
2196,3243,2021-03-20T17:55:25.670000+00:00,1.0,S
2197,2977,2021-03-20T17:55:23.010000+00:00,1.0,P
2197,3243,2021-03-20T17:55:25.670000+00:00,1.0,S
2198,2977,2021-03-20T17:55:23.010000+00:00,1.0,P
2198,3243,2021-03-20T17:55:25.670000+00:00,1.0,S
2199,2977,2021-03-20T17:55:23.010000+00:00,1.0,P
2199,3243,2021-03-20T17:55:25.670000+00:00,1.0,S
2200,2977,2021-03-20T17:55:23.010000+00:00,1.0,P
2200,3243,2021-03-20T17:55:25.670000+00:00,1.0,S
2201,2977,2021-03-20T17:55:23.010000+00:00,1.0,P
2201,3243,2021-03-20T17:55:25.670000+00:00,1.0,S
2202,2977,2021-03-20T17:55:23.010000+00:00,1.0,P
2202,3243,2021-03-20T17:55:25.670000+00:00,1.0,S
2203,2977,2021-03-20T17:55:23.010000+00:00,1.0,P
2203,3243,2021-03-20T17:55:25.670000+00:00,1.0,S
2204,2977,2021-03-20T17:55:23.010000+00:00,1.0,P
2204,3243,2021-03-20T17:55:25.670000+00:00,1.0,S
2205,2977,2021-03-20T17:55:23.010000+00:00,1.0,P
2205,3243,2021-03-20T17:55:25.670000+00:00,1.0,S
2206,2977,2021-03-20T17:55:23.010000+00:00,1.0,P
2206,3243,2021-03-20T17:55:25.670000+00:00,1.0,S
2207,2977,2021-03-20T17:55:23.010000+00:00,1.0,P
2207,3243,2021-03-20T17:55:25.670000+00:00,1.0,S
2208,2977,2021-03-20T17:55:23.010000+00:00,1.0,P
2208,3243,2021-03-20T17:55:25.670000+00:00,1.0,S
2209,2977,2021-03-20T17:55:23.010000+00:00,1.0,P
2209,3243,2021-03-20T17:55:25.670000+00:00,1.0,S
2210,2977,2021-03-20T17:55:23.010000+00:00,1.0,P
2210,3243,2021-03-20T17:55:25.670000+00:00,1.0,S
2211,2977,2021-03-20T17:55:23.010000+00:00,1.0,P
2211,3243,2021-03-20T17:55:25.670000+00:00,1.0,S
2212,2977,2021-03-20T17:55:23.010000+00:00,1.0,P
2212,3243,2021-03-20T17:55:25.670000+00:00,1.0,S
2213,2977,2021-03-20T17:55:23.010000+00:00,1.0,P
2213,3243,2021-03-20T17:55:25.670000+00:00,1.0,S
2214,2977,2021-03-20T17:55:23.010000+00:00,1.0,P
2214,3243,2021-03-20T17:55:25.670000+00:00,1.0,S
2215,2977,2021-03-20T17:55:23.010000+00:00,1.0,P
2215,3243,2021-03-20T17:55:25.670000+00:00,1.0,S
2216,2977,2021-03-20T17:55:23.010000+00:00,1.0,P
2216,3243,2021-03-20T17:55:25.670000+00:00,1.0,S
2217,2977,2021-03-20T17:55:23.010000+00:00,1.0,P
2217,3243,2021-03-20T17:55:25.670000+00:00,1.0,S
2218,2977,2021-03-20T17:55:23.010000+00:00,1.0,P
2218,3243,2021-03-20T17:55:25.670000+00:00,1.0,S
2219,2977,2021-03-20T17:55:23.010000+00:00,1.0,P
2219,3243,2021-03-20T17:55:25.670000+00:00,1.0,S
2220,2977,2021-03-20T17:55:23.010000+00:00,1.0,P
2220,3243,2021-03-20T17:55:25.670000+00:00,1.0,S
2221,2977,2021-03-20T17:55:23.010000+00:00,1.0,P
2221,3243,2021-03-20T17:55:25.670000+00:00,1.0,S
2222,2977,2021-03-20T17:55:23.010000+00:00,1.0,P
2222,3243,2021-03-20T17:55:25.670000+00:00,1.0,S
2223,2977,2021-03-20T17:55:23.010000+00:00,1.0,P
2223,3243,2021-03-20T17:55:25.670000+00:00,1.0,S
2224,2977,2021-03-20T17:55:23.010000+00:00,1.0,P
2224,3243,2021-03-20T17:55:25.670000+00:00,1.0,S
2225,2977,2021-03-20T17:55:23.010000+00:00,1.0,P
2225,3243,2021-03-20T17:55:25.670000+00:00,1.0,S
2226,2977,2021-03-20T17:55:23.010000+00:00,1.0,P
2226,3243,2021-03-20T17:55:25.670000+00:00,1.0,S
2227,2977,2021-03-20T17:55:23.010000+00:00,1.0,P
2227,3243,2021-03-20T17:55:25.670000+00:00,1.0,S
2228,2977,2021-03-20T17:55:23.010000+00:00,1.0,P
2228,3243,2021-03-20T17:55:25.670000+00:00,1.0,S
2229,2977,2021-03-20T17:55:23.010000+00:00,1.0,P
2229,3243,2021-03-20T17:55:25.670000+00:00,1.0,S
2230,2977,2021-03-20T17:55:23.010000+00:00,1.0,P
2230,3243,2021-03-20T17:55:25.670000+00:00,1.0,S
2231,2977,2021-03-20T17:55:23.010000+00:00,1.0,P
2231,3243,2021-03-20T17:55:25.670000+00:00,1.0,S
2232,2977,2021-03-20T17:55:23.010000+00:00,1.0,P
2232,3243,2021-03-20T17:55:25.670000+00:00,1.0,S
2233,2977,2021-03-20T17:55:23.010000+00:00,1.0,P
2233,3243,2021-03-20T17:55:25.670000+00:00,1.0,S
2234,2977,2021-03-20T17:55:23.010000+00:00,1.0,P
2234,3243,2021-03-20T17:55:25.670000+00:00,1.0,S
2235,2977,2021-03-20T17:55:23.010000+00:00,1.0,P
2235,3243,2021-03-20T17:55:25.670000+00:00,1.0,S
2236,2977,2021-03-20T17:55:23.010000+00:00,1.0,P
2236,3243,2021-03-20T17:55:25.670000+00:00,1.0,S
2237,2977,2021-03-20T17:55:23.010000+00:00,1.0,P
2237,3243,2021-03-20T17:55:25.670000+00:00,1.0,S
2238,2977,2021-03-20T17:55:23.010000+00:00,1.0,P
2238,3243,2021-03-20T17:55:25.670000+00:00,1.0,S
2239,2977,2021-03-20T17:55:23.010000+00:00,1.0,P
2239,3243,2021-03-20T17:55:25.670000+00:00,1.0,S
2240,2977,2021-03-20T17:55:23.010000+00:00,1.0,P
2240,3243,2021-03-20T17:55:25.670000+00:00,1.0,S
2241,2977,2021-03-20T17:55:23.010000+00:00,1.0,P
2241,3243,2021-03-20T17:55:25.670000+00:00,1.0,S
2242,2977,2021-03-20T17:55:23.010000+00:00,1.0,P
2242,3243,2021-03-20T17:55:25.670000+00:00,1.0,S
2243,2977,2021-03-20T17:55:23.010000+00:00,1.0,P
2243,3243,2021-03-20T17:55:25.670000+00:00,1.0,S
2244,2977,2021-03-20T17:55:23.010000+00:00,1.0,P
2244,3243,2021-03-20T17:55:25.670000+00:00,1.0,S
2245,2977,2021-03-20T17:55:23.010000+00:00,1.0,P
2245,3243,2021-03-20T17:55:25.670000+00:00,1.0,S
2246,2977,2021-03-20T17:55:23.010000+00:00,1.0,P
2246,3244,2021-03-20T17:55:25.679999+00:00,1.0,S
2247,2977,2021-03-20T17:55:23.010000+00:00,1.0,P
2247,3244,2021-03-20T17:55:25.679999+00:00,1.0,S
2248,2977,2021-03-20T17:55:23.010000+00:00,1.0,P
2248,3244,2021-03-20T17:55:25.679999+00:00,1.0,S
2249,2977,2021-03-20T17:55:23.010000+00:00,1.0,P
2249,3244,2021-03-20T17:55:25.679999+00:00,1.0,S
2250,2977,2021-03-20T17:55:23.010000+00:00,1.0,P
2250,3244,2021-03-20T17:55:25.679999+00:00,1.0,S
2251,2977,2021-03-20T17:55:23.010000+00:00,1.0,P
2251,3244,2021-03-20T17:55:25.679999+00:00,1.0,S
2252,2977,2021-03-20T17:55:23.010000+00:00,1.0,P
2252,3244,2021-03-20T17:55:25.679999+00:00,1.0,S
2253,2977,2021-03-20T17:55:23.010000+00:00,1.0,P
2253,3244,2021-03-20T17:55:25.679999+00:00,1.0,S
2254,2977,2021-03-20T17:55:23.010000+00:00,1.0,P
2254,3244,2021-03-20T17:55:25.679999+00:00,1.0,S
2255,2977,2021-03-20T17:55:23.010000+00:00,1.0,P
2255,3244,2021-03-20T17:55:25.679999+00:00,1.0,S
2256,2977,2021-03-20T17:55:23.010000+00:00,1.0,P
2256,3245,2021-03-20T17:55:25.690000+00:00,1.0,S
2257,2977,2021-03-20T17:55:23.010000+00:00,1.0,P
2257,3245,2021-03-20T17:55:25.690000+00:00,1.0,S
2258,2977,2021-03-20T17:55:23.010000+00:00,1.0,P
2258,3245,2021-03-20T17:55:25.690000+00:00,1.0,S
2259,2977,2021-03-20T17:55:23.010000+00:00,1.0,P
2259,3245,2021-03-20T17:55:25.690000+00:00,1.0,S
2260,2977,2021-03-20T17:55:23.010000+00:00,1.0,P
2260,3245,2021-03-20T17:55:25.690000+00:00,1.0,S
2261,2977,2021-03-20T17:55:23.010000+00:00,1.0,P
2261,3245,2021-03-20T17:55:25.690000+00:00,1.0,S
2262,2977,2021-03-20T17:55:23.010000+00:00,1.0,P
2262,3245,2021-03-20T17:55:25.690000+00:00,1.0,S
2263,2977,2021-03-20T17:55:23.010000+00:00,1.0,P
2263,3245,2021-03-20T17:55:25.690000+00:00,1.0,S
2264,2977,2021-03-20T17:55:23.010000+00:00,1.0,P
2264,3245,2021-03-20T17:55:25.690000+00:00,1.0,S
2265,2978,2021-03-20T17:55:23.020000+00:00,1.0,P
2265,3246,2021-03-20T17:55:25.700000+00:00,1.0,S
2266,2978,2021-03-20T17:55:23.020000+00:00,1.0,P
2266,3246,2021-03-20T17:55:25.700000+00:00,1.0,S
2267,2978,2021-03-20T17:55:23.020000+00:00,1.0,P
2267,3246,2021-03-20T17:55:25.700000+00:00,1.0,S
2268,2978,2021-03-20T17:55:23.020000+00:00,1.0,P
2268,3246,2021-03-20T17:55:25.700000+00:00,1.0,S
2269,2978,2021-03-20T17:55:23.020000+00:00,1.0,P
2269,3246,2021-03-20T17:55:25.700000+00:00,1.0,S
2270,2978,2021-03-20T17:55:23.020000+00:00,1.0,P
2270,3246,2021-03-20T17:55:25.700000+00:00,1.0,S
2271,2978,2021-03-20T17:55:23.020000+00:00,1.0,P
2271,3246,2021-03-20T17:55:25.700000+00:00,1.0,S
2272,2978,2021-03-20T17:55:23.020000+00:00,1.0,P
2272,3246,2021-03-20T17:55:25.700000+00:00,1.0,S
2273,2978,2021-03-20T17:55:23.020000+00:00,1.0,P
2273,3246,2021-03-20T17:55:25.700000+00:00,1.0,S
2274,2978,2021-03-20T17:55:23.020000+00:00,1.0,P
2274,3247,2021-03-20T17:55:25.710000+00:00,1.0,S
2275,2978,2021-03-20T17:55:23.020000+00:00,1.0,P
2275,3247,2021-03-20T17:55:25.710000+00:00,1.0,S
2276,2978,2021-03-20T17:55:23.020000+00:00,1.0,P
2276,3247,2021-03-20T17:55:25.710000+00:00,1.0,S
2277,2978,2021-03-20T17:55:23.020000+00:00,1.0,P
2277,3247,2021-03-20T17:55:25.710000+00:00,1.0,S
2278,2978,2021-03-20T17:55:23.020000+00:00,1.0,P
2278,3247,2021-03-20T17:55:25.710000+00:00,1.0,S
2279,2978,2021-03-20T17:55:23.020000+00:00,1.0,P
2279,3248,2021-03-20T17:55:25.720000+00:00,1.0,S
2280,2978,2021-03-20T17:55:23.020000+00:00,1.0,P
2280,3248,2021-03-20T17:55:25.720000+00:00,1.0,S
2281,2978,2021-03-20T17:55:23.020000+00:00,1.0,P
2281,3248,2021-03-20T17:55:25.720000+00:00,1.0,S
2282,2978,2021-03-20T17:55:23.020000+00:00,1.0,P
2282,3248,2021-03-20T17:55:25.720000+00:00,1.0,S
2283,2978,2021-03-20T17:55:23.020000+00:00,1.0,P
2283,3248,2021-03-20T17:55:25.720000+00:00,1.0,S
2284,2978,2021-03-20T17:55:23.020000+00:00,1.0,P
2284,3248,2021-03-20T17:55:25.720000+00:00,1.0,S
2285,2978,2021-03-20T17:55:23.020000+00:00,1.0,P
2285,3249,2021-03-20T17:55:25.730000+00:00,1.0,S
2286,2978,2021-03-20T17:55:23.020000+00:00,1.0,P
2286,3249,2021-03-20T17:55:25.730000+00:00,1.0,S
2287,2978,2021-03-20T17:55:23.020000+00:00,1.0,P
2287,3249,2021-03-20T17:55:25.730000+00:00,1.0,S
2288,2979,2021-03-20T17:55:23.030000+00:00,1.0,P
2288,3249,2021-03-20T17:55:25.730000+00:00,1.0,S
2289,2979,2021-03-20T17:55:23.030000+00:00,1.0,P
2289,3249,2021-03-20T17:55:25.730000+00:00,1.0,S
2290,2979,2021-03-20T17:55:23.030000+00:00,1.0,P
2290,3250,2021-03-20T17:55:25.740000+00:00,1.0,S
2291,2979,2021-03-20T17:55:23.030000+00:00,1.0,P
2291,3250,2021-03-20T17:55:25.740000+00:00,1.0,S
2292,2979,2021-03-20T17:55:23.030000+00:00,1.0,P
2292,3250,2021-03-20T17:55:25.740000+00:00,1.0,S
2293,2979,2021-03-20T17:55:23.030000+00:00,1.0,P
2293,3250,2021-03-20T17:55:25.740000+00:00,1.0,S
2294,2979,2021-03-20T17:55:23.030000+00:00,1.0,P
2294,3250,2021-03-20T17:55:25.740000+00:00,1.0,S
2295,2979,2021-03-20T17:55:23.030000+00:00,1.0,P
2295,3251,2021-03-20T17:55:25.749999+00:00,1.0,S
2296,2979,2021-03-20T17:55:23.030000+00:00,1.0,P
2296,3251,2021-03-20T17:55:25.749999+00:00,1.0,S
2297,2979,2021-03-20T17:55:23.030000+00:00,1.0,P
2297,3251,2021-03-20T17:55:25.749999+00:00,1.0,S
2298,2979,2021-03-20T17:55:23.030000+00:00,1.0,P
2298,3251,2021-03-20T17:55:25.749999+00:00,1.0,S
2299,2979,2021-03-20T17:55:23.030000+00:00,1.0,P
2299,3251,2021-03-20T17:55:25.749999+00:00,1.0,S
2300,2979,2021-03-20T17:55:23.030000+00:00,1.0,P
2300,3252,2021-03-20T17:55:25.760000+00:00,1.0,S
2301,2979,2021-03-20T17:55:23.030000+00:00,1.0,P
2301,3252,2021-03-20T17:55:25.760000+00:00,1.0,S
2302,2979,2021-03-20T17:55:23.030000+00:00,1.0,P
2302,3252,2021-03-20T17:55:25.760000+00:00,1.0,S
2303,2980,2021-03-20T17:55:23.040000+00:00,1.0,P
2303,3252,2021-03-20T17:55:25.760000+00:00,1.0,S
2304,2980,2021-03-20T17:55:23.040000+00:00,1.0,P
2304,3252,2021-03-20T17:55:25.760000+00:00,1.0,S
2305,2980,2021-03-20T17:55:23.040000+00:00,1.0,P
2305,3252,2021-03-20T17:55:25.760000+00:00,1.0,S
2306,2980,2021-03-20T17:55:23.040000+00:00,1.0,P
2306,3253,2021-03-20T17:55:25.770000+00:00,1.0,S
2307,2980,2021-03-20T17:55:23.040000+00:00,1.0,P
2307,3253,2021-03-20T17:55:25.770000+00:00,1.0,S
2308,2980,2021-03-20T17:55:23.040000+00:00,1.0,P
2308,3253,2021-03-20T17:55:25.770000+00:00,1.0,S
2309,2980,2021-03-20T17:55:23.040000+00:00,1.0,P
2309,3253,2021-03-20T17:55:25.770000+00:00,1.0,S
2310,2980,2021-03-20T17:55:23.040000+00:00,1.0,P
2310,3253,2021-03-20T17:55:25.770000+00:00,1.0,S
2311,2980,2021-03-20T17:55:23.040000+00:00,1.0,P
2311,3254,2021-03-20T17:55:25.780000+00:00,1.0,S
2312,2980,2021-03-20T17:55:23.040000+00:00,1.0,P
2312,3254,2021-03-20T17:55:25.780000+00:00,1.0,S
2313,2980,2021-03-20T17:55:23.040000+00:00,1.0,P
2313,3254,2021-03-20T17:55:25.780000+00:00,1.0,S
2314,2980,2021-03-20T17:55:23.040000+00:00,1.0,P
2314,3254,2021-03-20T17:55:25.780000+00:00,1.0,S
2315,2980,2021-03-20T17:55:23.040000+00:00,1.0,P
2315,3255,2021-03-20T17:55:25.789999+00:00,1.0,S
2316,2980,2021-03-20T17:55:23.040000+00:00,1.0,P
2316,3255,2021-03-20T17:55:25.789999+00:00,1.0,S
2317,2980,2021-03-20T17:55:23.040000+00:00,1.0,P
2317,3255,2021-03-20T17:55:25.789999+00:00,1.0,S
2318,2980,2021-03-20T17:55:23.040000+00:00,1.0,P
2318,3255,2021-03-20T17:55:25.789999+00:00,1.0,S
2319,2980,2021-03-20T17:55:23.040000+00:00,1.0,P
2319,3255,2021-03-20T17:55:25.789999+00:00,1.0,S
2320,2981,2021-03-20T17:55:23.050000+00:00,1.0,P
2320,3256,2021-03-20T17:55:25.800000+00:00,1.0,S
2321,2981,2021-03-20T17:55:23.050000+00:00,1.0,P
2321,3256,2021-03-20T17:55:25.800000+00:00,1.0,S
2322,2981,2021-03-20T17:55:23.050000+00:00,1.0,P
2322,3256,2021-03-20T17:55:25.800000+00:00,1.0,S
2323,2981,2021-03-20T17:55:23.050000+00:00,1.0,P
2323,3256,2021-03-20T17:55:25.800000+00:00,1.0,S
2324,2981,2021-03-20T17:55:23.050000+00:00,1.0,P
2324,3257,2021-03-20T17:55:25.810000+00:00,1.0,S
2325,2981,2021-03-20T17:55:23.050000+00:00,1.0,P
2325,3257,2021-03-20T17:55:25.810000+00:00,1.0,S
2326,2981,2021-03-20T17:55:23.050000+00:00,1.0,P
2326,3257,2021-03-20T17:55:25.810000+00:00,1.0,S
2327,2981,2021-03-20T17:55:23.050000+00:00,1.0,P
2327,3257,2021-03-20T17:55:25.810000+00:00,1.0,S
2328,2981,2021-03-20T17:55:23.050000+00:00,1.0,P
2328,3257,2021-03-20T17:55:25.810000+00:00,1.0,S
2329,2981,2021-03-20T17:55:23.050000+00:00,1.0,P
2329,3258,2021-03-20T17:55:25.820000+00:00,1.0,S
2330,2981,2021-03-20T17:55:23.050000+00:00,1.0,P
2330,3258,2021-03-20T17:55:25.820000+00:00,1.0,S
2331,2981,2021-03-20T17:55:23.050000+00:00,1.0,P
2331,3258,2021-03-20T17:55:25.820000+00:00,1.0,S
2332,2981,2021-03-20T17:55:23.050000+00:00,1.0,P
2332,3258,2021-03-20T17:55:25.820000+00:00,1.0,S
2333,2981,2021-03-20T17:55:23.050000+00:00,1.0,P
2333,3259,2021-03-20T17:55:25.830000+00:00,1.0,S
2334,2981,2021-03-20T17:55:23.050000+00:00,1.0,P
2334,3259,2021-03-20T17:55:25.830000+00:00,1.0,S
2335,2981,2021-03-20T17:55:23.050000+00:00,1.0,P
2335,3259,2021-03-20T17:55:25.830000+00:00,1.0,S
2336,2981,2021-03-20T17:55:23.050000+00:00,1.0,P
2336,3259,2021-03-20T17:55:25.830000+00:00,1.0,S
2337,2981,2021-03-20T17:55:23.050000+00:00,1.0,P
2337,3260,2021-03-20T17:55:25.840000+00:00,1.0,S
2338,2981,2021-03-20T17:55:23.050000+00:00,1.0,P
2338,3260,2021-03-20T17:55:25.840000+00:00,1.0,S
2339,2981,2021-03-20T17:55:23.050000+00:00,1.0,P
2339,3260,2021-03-20T17:55:25.840000+00:00,1.0,S
2340,2981,2021-03-20T17:55:23.050000+00:00,1.0,P
2340,3260,2021-03-20T17:55:25.840000+00:00,1.0,S
2341,2982,2021-03-20T17:55:23.060000+00:00,1.0,P
2341,3260,2021-03-20T17:55:25.840000+00:00,1.0,S
2342,2982,2021-03-20T17:55:23.060000+00:00,1.0,P
2342,3261,2021-03-20T17:55:25.850000+00:00,1.0,S
2343,2982,2021-03-20T17:55:23.060000+00:00,1.0,P
2343,3261,2021-03-20T17:55:25.850000+00:00,1.0,S
2344,2982,2021-03-20T17:55:23.060000+00:00,1.0,P
2344,3261,2021-03-20T17:55:25.850000+00:00,1.0,S
2345,2982,2021-03-20T17:55:23.060000+00:00,1.0,P
2345,3261,2021-03-20T17:55:25.850000+00:00,1.0,S
2346,2982,2021-03-20T17:55:23.060000+00:00,1.0,P
2346,3261,2021-03-20T17:55:25.850000+00:00,1.0,S
2347,2982,2021-03-20T17:55:23.060000+00:00,1.0,P
2347,3262,2021-03-20T17:55:25.859999+00:00,1.0,S
2348,2982,2021-03-20T17:55:23.060000+00:00,1.0,P
2348,3262,2021-03-20T17:55:25.859999+00:00,1.0,S
2349,2982,2021-03-20T17:55:23.060000+00:00,1.0,P
2349,3262,2021-03-20T17:55:25.859999+00:00,1.0,S
2350,2982,2021-03-20T17:55:23.060000+00:00,1.0,P
2350,3262,2021-03-20T17:55:25.859999+00:00,1.0,S
2351,2982,2021-03-20T17:55:23.060000+00:00,1.0,P
2351,3262,2021-03-20T17:55:25.859999+00:00,1.0,S
2352,2982,2021-03-20T17:55:23.060000+00:00,1.0,P
2352,3263,2021-03-20T17:55:25.870000+00:00,1.0,S
2353,2982,2021-03-20T17:55:23.060000+00:00,1.0,P
2353,3263,2021-03-20T17:55:25.870000+00:00,1.0,S
2354,2982,2021-03-20T17:55:23.060000+00:00,1.0,P
2354,3263,2021-03-20T17:55:25.870000+00:00,1.0,S
2355,2982,2021-03-20T17:55:23.060000+00:00,1.0,P
2355,3263,2021-03-20T17:55:25.870000+00:00,1.0,S
2356,2982,2021-03-20T17:55:23.060000+00:00,1.0,P
2356,3263,2021-03-20T17:55:25.870000+00:00,1.0,S
2357,2982,2021-03-20T17:55:23.060000+00:00,1.0,P
2357,3263,2021-03-20T17:55:25.870000+00:00,1.0,S
2358,2982,2021-03-20T17:55:23.060000+00:00,1.0,P
2358,3263,2021-03-20T17:55:25.870000+00:00,1.0,S
2359,2982,2021-03-20T17:55:23.060000+00:00,1.0,P
2359,3264,2021-03-20T17:55:25.880000+00:00,1.0,S
2360,2982,2021-03-20T17:55:23.060000+00:00,1.0,P
2360,3264,2021-03-20T17:55:25.880000+00:00,1.0,S
2361,2982,2021-03-20T17:55:23.060000+00:00,1.0,P
2361,3264,2021-03-20T17:55:25.880000+00:00,1.0,S
2362,2983,2021-03-20T17:55:23.070000+00:00,1.0,P
2362,3264,2021-03-20T17:55:25.880000+00:00,1.0,S
2363,2983,2021-03-20T17:55:23.070000+00:00,1.0,P
2363,3264,2021-03-20T17:55:25.880000+00:00,1.0,S
2364,2983,2021-03-20T17:55:23.070000+00:00,1.0,P
2364,3264,2021-03-20T17:55:25.880000+00:00,1.0,S
2365,2983,2021-03-20T17:55:23.070000+00:00,1.0,P
2365,3264,2021-03-20T17:55:25.880000+00:00,1.0,S
2366,2983,2021-03-20T17:55:23.070000+00:00,1.0,P
2366,3264,2021-03-20T17:55:25.880000+00:00,1.0,S
2367,2983,2021-03-20T17:55:23.070000+00:00,1.0,P
2367,3265,2021-03-20T17:55:25.890000+00:00,1.0,S
2368,2983,2021-03-20T17:55:23.070000+00:00,1.0,P
2368,3265,2021-03-20T17:55:25.890000+00:00,1.0,S
2369,2983,2021-03-20T17:55:23.070000+00:00,1.0,P
2369,3265,2021-03-20T17:55:25.890000+00:00,1.0,S
2370,2983,2021-03-20T17:55:23.070000+00:00,1.0,P
2370,3265,2021-03-20T17:55:25.890000+00:00,1.0,S
2371,2983,2021-03-20T17:55:23.070000+00:00,1.0,P
2371,3265,2021-03-20T17:55:25.890000+00:00,1.0,S
2372,2983,2021-03-20T17:55:23.070000+00:00,1.0,P
2372,3265,2021-03-20T17:55:25.890000+00:00,1.0,S
2373,2983,2021-03-20T17:55:23.070000+00:00,1.0,P
2373,3265,2021-03-20T17:55:25.890000+00:00,1.0,S
2374,2983,2021-03-20T17:55:23.070000+00:00,1.0,P
2374,3265,2021-03-20T17:55:25.890000+00:00,1.0,S
2375,2983,2021-03-20T17:55:23.070000+00:00,1.0,P
2375,3265,2021-03-20T17:55:25.890000+00:00,1.0,S
2376,2983,2021-03-20T17:55:23.070000+00:00,1.0,P
2376,3266,2021-03-20T17:55:25.900000+00:00,1.0,S
2377,2983,2021-03-20T17:55:23.070000+00:00,1.0,P
2377,3266,2021-03-20T17:55:25.900000+00:00,1.0,S
2378,2983,2021-03-20T17:55:23.070000+00:00,1.0,P
2378,3266,2021-03-20T17:55:25.900000+00:00,1.0,S
2379,2983,2021-03-20T17:55:23.070000+00:00,1.0,P
2379,3266,2021-03-20T17:55:25.900000+00:00,1.0,S
2380,2983,2021-03-20T17:55:23.070000+00:00,1.0,P
2380,3266,2021-03-20T17:55:25.900000+00:00,1.0,S
2381,2983,2021-03-20T17:55:23.070000+00:00,1.0,P
2381,3266,2021-03-20T17:55:25.900000+00:00,1.0,S
2382,2983,2021-03-20T17:55:23.070000+00:00,1.0,P
2382,3266,2021-03-20T17:55:25.900000+00:00,1.0,S
2383,2983,2021-03-20T17:55:23.070000+00:00,1.0,P
2383,3266,2021-03-20T17:55:25.900000+00:00,1.0,S
2384,2983,2021-03-20T17:55:23.070000+00:00,1.0,P
2384,3266,2021-03-20T17:55:25.900000+00:00,1.0,S
2385,2983,2021-03-20T17:55:23.070000+00:00,1.0,P
2385,3266,2021-03-20T17:55:25.900000+00:00,1.0,S
2386,2983,2021-03-20T17:55:23.070000+00:00,1.0,P
2386,3266,2021-03-20T17:55:25.900000+00:00,1.0,S
2387,2983,2021-03-20T17:55:23.070000+00:00,1.0,P
2387,3266,2021-03-20T17:55:25.900000+00:00,1.0,S
2388,2983,2021-03-20T17:55:23.070000+00:00,1.0,P
2388,3267,2021-03-20T17:55:25.910000+00:00,1.0,S
2389,2983,2021-03-20T17:55:23.070000+00:00,1.0,P
2389,3267,2021-03-20T17:55:25.910000+00:00,1.0,S
2390,2983,2021-03-20T17:55:23.070000+00:00,1.0,P
2390,3267,2021-03-20T17:55:25.910000+00:00,1.0,S
2391,2983,2021-03-20T17:55:23.070000+00:00,1.0,P
2391,3267,2021-03-20T17:55:25.910000+00:00,1.0,S
2392,2983,2021-03-20T17:55:23.070000+00:00,1.0,P
2392,3267,2021-03-20T17:55:25.910000+00:00,1.0,S
2393,2983,2021-03-20T17:55:23.070000+00:00,1.0,P
2393,3267,2021-03-20T17:55:25.910000+00:00,1.0,S
2394,2984,2021-03-20T17:55:23.080000+00:00,1.0,P
2394,3267,2021-03-20T17:55:25.910000+00:00,1.0,S
2395,2984,2021-03-20T17:55:23.080000+00:00,1.0,P
2395,3267,2021-03-20T17:55:25.910000+00:00,1.0,S
2396,2984,2021-03-20T17:55:23.080000+00:00,1.0,P
2396,3267,2021-03-20T17:55:25.910000+00:00,1.0,S
2397,2984,2021-03-20T17:55:23.080000+00:00,1.0,P
2397,3267,2021-03-20T17:55:25.910000+00:00,1.0,S
2398,2984,2021-03-20T17:55:23.080000+00:00,1.0,P
2398,3267,2021-03-20T17:55:25.910000+00:00,1.0,S
2399,2984,2021-03-20T17:55:23.080000+00:00,1.0,P
2399,3267,2021-03-20T17:55:25.910000+00:00,1.0,S
2400,2984,2021-03-20T17:55:23.080000+00:00,1.0,P
2400,3267,2021-03-20T17:55:25.910000+00:00,1.0,S
2401,2984,2021-03-20T17:55:23.080000+00:00,1.0,P
2401,3267,2021-03-20T17:55:25.910000+00:00,1.0,S
2402,2984,2021-03-20T17:55:23.080000+00:00,1.0,P
2402,3267,2021-03-20T17:55:25.910000+00:00,1.0,S
2403,2984,2021-03-20T17:55:23.080000+00:00,1.0,P
2403,3268,2021-03-20T17:55:25.920000+00:00,1.0,S
2404,2984,2021-03-20T17:55:23.080000+00:00,1.0,P
2404,3268,2021-03-20T17:55:25.920000+00:00,1.0,S
2405,2984,2021-03-20T17:55:23.080000+00:00,1.0,P
2405,3268,2021-03-20T17:55:25.920000+00:00,1.0,S
2406,2984,2021-03-20T17:55:23.080000+00:00,1.0,P
2406,3268,2021-03-20T17:55:25.920000+00:00,1.0,S
2407,2984,2021-03-20T17:55:23.080000+00:00,1.0,P
2407,3268,2021-03-20T17:55:25.920000+00:00,1.0,S
2408,2984,2021-03-20T17:55:23.080000+00:00,1.0,P
2408,3268,2021-03-20T17:55:25.920000+00:00,1.0,S
2409,2984,2021-03-20T17:55:23.080000+00:00,1.0,P
2409,3268,2021-03-20T17:55:25.920000+00:00,1.0,S
2410,2984,2021-03-20T17:55:23.080000+00:00,1.0,P
2410,3268,2021-03-20T17:55:25.920000+00:00,1.0,S
2411,2984,2021-03-20T17:55:23.080000+00:00,1.0,P
2411,3268,2021-03-20T17:55:25.920000+00:00,1.0,S
2412,2984,2021-03-20T17:55:23.080000+00:00,1.0,P
2412,3268,2021-03-20T17:55:25.920000+00:00,1.0,S
2413,2984,2021-03-20T17:55:23.080000+00:00,1.0,P
2413,3268,2021-03-20T17:55:25.920000+00:00,1.0,S
2414,2984,2021-03-20T17:55:23.080000+00:00,1.0,P
2414,3269,2021-03-20T17:55:25.929999+00:00,1.0,S
2415,2984,2021-03-20T17:55:23.080000+00:00,1.0,P
2415,3269,2021-03-20T17:55:25.929999+00:00,1.0,S
2416,2984,2021-03-20T17:55:23.080000+00:00,1.0,P
2416,3269,2021-03-20T17:55:25.929999+00:00,1.0,S
2417,2985,2021-03-20T17:55:23.090000+00:00,1.0,P
2417,3269,2021-03-20T17:55:25.929999+00:00,1.0,S
2418,2985,2021-03-20T17:55:23.090000+00:00,1.0,P
2418,3269,2021-03-20T17:55:25.929999+00:00,1.0,S
2419,2985,2021-03-20T17:55:23.090000+00:00,1.0,P
2419,3269,2021-03-20T17:55:25.929999+00:00,1.0,S
2420,2985,2021-03-20T17:55:23.090000+00:00,1.0,P
2420,3269,2021-03-20T17:55:25.929999+00:00,1.0,S
2421,2985,2021-03-20T17:55:23.090000+00:00,1.0,P
2421,3269,2021-03-20T17:55:25.929999+00:00,1.0,S
2422,2985,2021-03-20T17:55:23.090000+00:00,1.0,P
2422,3269,2021-03-20T17:55:25.929999+00:00,1.0,S
2423,2985,2021-03-20T17:55:23.090000+00:00,1.0,P
2423,3269,2021-03-20T17:55:25.929999+00:00,1.0,S
2424,2985,2021-03-20T17:55:23.090000+00:00,1.0,P
2424,3269,2021-03-20T17:55:25.929999+00:00,1.0,S
2425,2985,2021-03-20T17:55:23.090000+00:00,1.0,P
2425,3270,2021-03-20T17:55:25.940000+00:00,1.0,S
2426,2985,2021-03-20T17:55:23.090000+00:00,1.0,P
2426,3270,2021-03-20T17:55:25.940000+00:00,1.0,S
2427,2985,2021-03-20T17:55:23.090000+00:00,1.0,P
2427,3270,2021-03-20T17:55:25.940000+00:00,1.0,S
2428,2985,2021-03-20T17:55:23.090000+00:00,1.0,P
2428,3270,2021-03-20T17:55:25.940000+00:00,1.0,S
2429,2985,2021-03-20T17:55:23.090000+00:00,1.0,P
2429,3270,2021-03-20T17:55:25.940000+00:00,1.0,S
2430,2985,2021-03-20T17:55:23.090000+00:00,1.0,P
2430,3270,2021-03-20T17:55:25.940000+00:00,1.0,S
2431,2985,2021-03-20T17:55:23.090000+00:00,1.0,P
2431,3270,2021-03-20T17:55:25.940000+00:00,1.0,S
2432,2985,2021-03-20T17:55:23.090000+00:00,1.0,P
2432,3270,2021-03-20T17:55:25.940000+00:00,1.0,S
2433,2985,2021-03-20T17:55:23.090000+00:00,1.0,P
2433,3270,2021-03-20T17:55:25.940000+00:00,1.0,S
2434,2985,2021-03-20T17:55:23.090000+00:00,1.0,P
2434,3270,2021-03-20T17:55:25.940000+00:00,1.0,S
2435,2985,2021-03-20T17:55:23.090000+00:00,1.0,P
2435,3271,2021-03-20T17:55:25.950000+00:00,1.0,S
2436,2985,2021-03-20T17:55:23.090000+00:00,1.0,P
2436,3271,2021-03-20T17:55:25.950000+00:00,1.0,S
2437,2986,2021-03-20T17:55:23.100000+00:00,1.0,P
2437,3271,2021-03-20T17:55:25.950000+00:00,1.0,S
2438,2986,2021-03-20T17:55:23.100000+00:00,1.0,P
2438,3271,2021-03-20T17:55:25.950000+00:00,1.0,S
2439,2986,2021-03-20T17:55:23.100000+00:00,1.0,P
2439,3271,2021-03-20T17:55:25.950000+00:00,1.0,S
2440,2986,2021-03-20T17:55:23.100000+00:00,1.0,P
2440,3271,2021-03-20T17:55:25.950000+00:00,1.0,S
2441,2986,2021-03-20T17:55:23.100000+00:00,1.0,P
2441,3271,2021-03-20T17:55:25.950000+00:00,1.0,S
2442,2986,2021-03-20T17:55:23.100000+00:00,1.0,P
2442,3271,2021-03-20T17:55:25.950000+00:00,1.0,S
2443,2986,2021-03-20T17:55:23.100000+00:00,1.0,P
2443,3271,2021-03-20T17:55:25.950000+00:00,1.0,S
2444,2986,2021-03-20T17:55:23.100000+00:00,1.0,P
2444,3271,2021-03-20T17:55:25.950000+00:00,1.0,S
2445,2986,2021-03-20T17:55:23.100000+00:00,1.0,P
2445,3271,2021-03-20T17:55:25.950000+00:00,1.0,S
2446,2986,2021-03-20T17:55:23.100000+00:00,1.0,P
2446,3271,2021-03-20T17:55:25.950000+00:00,1.0,S
2447,2986,2021-03-20T17:55:23.100000+00:00,1.0,P
2447,3271,2021-03-20T17:55:25.950000+00:00,1.0,S
2448,2986,2021-03-20T17:55:23.100000+00:00,1.0,P
2448,3272,2021-03-20T17:55:25.960000+00:00,1.0,S
2449,2986,2021-03-20T17:55:23.100000+00:00,1.0,P
2449,3272,2021-03-20T17:55:25.960000+00:00,1.0,S
2450,2986,2021-03-20T17:55:23.100000+00:00,1.0,P
2450,3272,2021-03-20T17:55:25.960000+00:00,1.0,S
2451,2986,2021-03-20T17:55:23.100000+00:00,1.0,P
2451,3272,2021-03-20T17:55:25.960000+00:00,1.0,S
2452,2986,2021-03-20T17:55:23.100000+00:00,1.0,P
2452,3272,2021-03-20T17:55:25.960000+00:00,1.0,S
2453,2986,2021-03-20T17:55:23.100000+00:00,1.0,P
2453,3272,2021-03-20T17:55:25.960000+00:00,1.0,S
2454,2986,2021-03-20T17:55:23.100000+00:00,1.0,P
2454,3272,2021-03-20T17:55:25.960000+00:00,1.0,S
2455,2986,2021-03-20T17:55:23.100000+00:00,1.0,P
2455,3272,2021-03-20T17:55:25.960000+00:00,1.0,S
2456,2986,2021-03-20T17:55:23.100000+00:00,1.0,P
2456,3272,2021-03-20T17:55:25.960000+00:00,1.0,S
2457,2987,2021-03-20T17:55:23.110000+00:00,1.0,P
2457,3272,2021-03-20T17:55:25.960000+00:00,1.0,S
2458,2987,2021-03-20T17:55:23.110000+00:00,1.0,P
2458,3272,2021-03-20T17:55:25.960000+00:00,1.0,S
2459,2987,2021-03-20T17:55:23.110000+00:00,1.0,P
2459,3273,2021-03-20T17:55:25.970000+00:00,1.0,S
2460,2987,2021-03-20T17:55:23.110000+00:00,1.0,P
2460,3273,2021-03-20T17:55:25.970000+00:00,1.0,S
2461,2987,2021-03-20T17:55:23.110000+00:00,1.0,P
2461,3273,2021-03-20T17:55:25.970000+00:00,1.0,S
2462,2987,2021-03-20T17:55:23.110000+00:00,1.0,P
2462,3273,2021-03-20T17:55:25.970000+00:00,1.0,S
2463,2987,2021-03-20T17:55:23.110000+00:00,1.0,P
2463,3273,2021-03-20T17:55:25.970000+00:00,1.0,S
2464,2987,2021-03-20T17:55:23.110000+00:00,1.0,P
2464,3273,2021-03-20T17:55:25.970000+00:00,1.0,S
2465,2987,2021-03-20T17:55:23.110000+00:00,1.0,P
2465,3273,2021-03-20T17:55:25.970000+00:00,1.0,S
2466,2987,2021-03-20T17:55:23.110000+00:00,1.0,P
2466,3273,2021-03-20T17:55:25.970000+00:00,1.0,S
2467,2987,2021-03-20T17:55:23.110000+00:00,1.0,P
2467,3273,2021-03-20T17:55:25.970000+00:00,1.0,S
2468,2987,2021-03-20T17:55:23.110000+00:00,1.0,P
2468,3273,2021-03-20T17:55:25.970000+00:00,1.0,S
2469,2987,2021-03-20T17:55:23.110000+00:00,1.0,P
2469,3273,2021-03-20T17:55:25.970000+00:00,1.0,S
2470,2987,2021-03-20T17:55:23.110000+00:00,1.0,P
2470,3273,2021-03-20T17:55:25.970000+00:00,1.0,S
2471,2987,2021-03-20T17:55:23.110000+00:00,1.0,P
2471,3273,2021-03-20T17:55:25.970000+00:00,1.0,S
2472,2987,2021-03-20T17:55:23.110000+00:00,1.0,P
2472,3273,2021-03-20T17:55:25.970000+00:00,1.0,S
2473,2987,2021-03-20T17:55:23.110000+00:00,1.0,P
2473,3273,2021-03-20T17:55:25.970000+00:00,1.0,S
2474,2987,2021-03-20T17:55:23.110000+00:00,1.0,P
2474,3273,2021-03-20T17:55:25.970000+00:00,1.0,S
2475,2987,2021-03-20T17:55:23.110000+00:00,1.0,P
2475,3273,2021-03-20T17:55:25.970000+00:00,1.0,S
2476,2987,2021-03-20T17:55:23.110000+00:00,1.0,P
2476,3273,2021-03-20T17:55:25.970000+00:00,1.0,S
2477,2987,2021-03-20T17:55:23.110000+00:00,1.0,P
2477,3273,2021-03-20T17:55:25.970000+00:00,1.0,S
2478,2987,2021-03-20T17:55:23.110000+00:00,1.0,P
2478,3273,2021-03-20T17:55:25.970000+00:00,1.0,S
2479,2987,2021-03-20T17:55:23.110000+00:00,1.0,P
2479,3273,2021-03-20T17:55:25.970000+00:00,1.0,S
2480,2987,2021-03-20T17:55:23.110000+00:00,1.0,P
2480,3273,2021-03-20T17:55:25.970000+00:00,1.0,S
2481,2988,2021-03-20T17:55:23.120000+00:00,1.0,P
2481,3273,2021-03-20T17:55:25.970000+00:00,1.0,S
2482,2988,2021-03-20T17:55:23.120000+00:00,1.0,P
2482,3273,2021-03-20T17:55:25.970000+00:00,1.0,S
2483,2988,2021-03-20T17:55:23.120000+00:00,1.0,P
2483,3273,2021-03-20T17:55:25.970000+00:00,1.0,S
2484,2988,2021-03-20T17:55:23.120000+00:00,1.0,P
2484,3273,2021-03-20T17:55:25.970000+00:00,1.0,S
2485,2988,2021-03-20T17:55:23.120000+00:00,1.0,P
2485,3273,2021-03-20T17:55:25.970000+00:00,1.0,S
2486,2988,2021-03-20T17:55:23.120000+00:00,1.0,P
2486,3273,2021-03-20T17:55:25.970000+00:00,1.0,S
2487,2988,2021-03-20T17:55:23.120000+00:00,1.0,P
2487,3273,2021-03-20T17:55:25.970000+00:00,1.0,S
2488,2988,2021-03-20T17:55:23.120000+00:00,1.0,P
2488,3273,2021-03-20T17:55:25.970000+00:00,1.0,S
2489,2988,2021-03-20T17:55:23.120000+00:00,1.0,P
2489,3273,2021-03-20T17:55:25.970000+00:00,1.0,S
2490,2988,2021-03-20T17:55:23.120000+00:00,1.0,P
2490,3273,2021-03-20T17:55:25.970000+00:00,1.0,S
2491,2988,2021-03-20T17:55:23.120000+00:00,1.0,P
2491,3273,2021-03-20T17:55:25.970000+00:00,1.0,S
2492,2988,2021-03-20T17:55:23.120000+00:00,1.0,P
2492,3273,2021-03-20T17:55:25.970000+00:00,1.0,S
2493,2988,2021-03-20T17:55:23.120000+00:00,1.0,P
2493,3273,2021-03-20T17:55:25.970000+00:00,1.0,S
2494,2988,2021-03-20T17:55:23.120000+00:00,1.0,P
2494,3273,2021-03-20T17:55:25.970000+00:00,1.0,S
2495,2988,2021-03-20T17:55:23.120000+00:00,1.0,P
2495,3273,2021-03-20T17:55:25.970000+00:00,1.0,S
2496,2988,2021-03-20T17:55:23.120000+00:00,1.0,P
2496,3273,2021-03-20T17:55:25.970000+00:00,1.0,S
2497,2988,2021-03-20T17:55:23.120000+00:00,1.0,P
2497,3273,2021-03-20T17:55:25.970000+00:00,1.0,S
2498,2988,2021-03-20T17:55:23.120000+00:00,1.0,P
2498,3273,2021-03-20T17:55:25.970000+00:00,1.0,S
2499,2988,2021-03-20T17:55:23.120000+00:00,1.0,P
2499,3273,2021-03-20T17:55:25.970000+00:00,1.0,S
2500,2988,2021-03-20T17:55:23.120000+00:00,1.0,P
2500,3273,2021-03-20T17:55:25.970000+00:00,1.0,S
2501,2988,2021-03-20T17:55:23.120000+00:00,1.0,P
2501,3273,2021-03-20T17:55:25.970000+00:00,1.0,S
2502,2988,2021-03-20T17:55:23.120000+00:00,1.0,P
2502,3273,2021-03-20T17:55:25.970000+00:00,1.0,S
2503,2988,2021-03-20T17:55:23.120000+00:00,1.0,P
2503,3273,2021-03-20T17:55:25.970000+00:00,1.0,S
2504,2988,2021-03-20T17:55:23.120000+00:00,1.0,P
2504,3273,2021-03-20T17:55:25.970000+00:00,1.0,S
2505,2988,2021-03-20T17:55:23.120000+00:00,1.0,P
2505,3273,2021-03-20T17:55:25.970000+00:00,1.0,S
2506,2988,2021-03-20T17:55:23.120000+00:00,1.0,P
2506,3273,2021-03-20T17:55:25.970000+00:00,1.0,S
2507,2988,2021-03-20T17:55:23.120000+00:00,1.0,P
2507,3273,2021-03-20T17:55:25.970000+00:00,1.0,S
2508,2988,2021-03-20T17:55:23.120000+00:00,1.0,P
2508,3273,2021-03-20T17:55:25.970000+00:00,1.0,S
2509,2988,2021-03-20T17:55:23.120000+00:00,1.0,P
2509,3273,2021-03-20T17:55:25.970000+00:00,1.0,S
2510,2988,2021-03-20T17:55:23.120000+00:00,1.0,P
2510,3273,2021-03-20T17:55:25.970000+00:00,1.0,S
2511,2988,2021-03-20T17:55:23.120000+00:00,1.0,P
2511,3273,2021-03-20T17:55:25.970000+00:00,1.0,S
2512,2988,2021-03-20T17:55:23.120000+00:00,1.0,P
2512,3273,2021-03-20T17:55:25.970000+00:00,1.0,S
2513,2988,2021-03-20T17:55:23.120000+00:00,1.0,P
2513,3273,2021-03-20T17:55:25.970000+00:00,1.0,S
2514,2988,2021-03-20T17:55:23.120000+00:00,1.0,P
2514,3273,2021-03-20T17:55:25.970000+00:00,1.0,S
2515,2988,2021-03-20T17:55:23.120000+00:00,1.0,P
2515,3273,2021-03-20T17:55:25.970000+00:00,1.0,S
2516,2988,2021-03-20T17:55:23.120000+00:00,1.0,P
2516,3273,2021-03-20T17:55:25.970000+00:00,1.0,S
2517,2988,2021-03-20T17:55:23.120000+00:00,1.0,P
2517,3273,2021-03-20T17:55:25.970000+00:00,1.0,S
2518,2988,2021-03-20T17:55:23.120000+00:00,1.0,P
2518,3273,2021-03-20T17:55:25.970000+00:00,1.0,S
2519,2988,2021-03-20T17:55:23.120000+00:00,1.0,P
2519,3273,2021-03-20T17:55:25.970000+00:00,1.0,S
2520,2988,2021-03-20T17:55:23.120000+00:00,1.0,P
2520,3273,2021-03-20T17:55:25.970000+00:00,1.0,S
2521,2988,2021-03-20T17:55:23.120000+00:00,1.0,P
2521,3273,2021-03-20T17:55:25.970000+00:00,1.0,S
2522,2988,2021-03-20T17:55:23.120000+00:00,1.0,P
2522,3273,2021-03-20T17:55:25.970000+00:00,1.0,S
2523,2988,2021-03-20T17:55:23.120000+00:00,1.0,P
2523,3273,2021-03-20T17:55:25.970000+00:00,1.0,S
2524,2988,2021-03-20T17:55:23.120000+00:00,1.0,P
2524,3273,2021-03-20T17:55:25.970000+00:00,1.0,S
2525,2988,2021-03-20T17:55:23.120000+00:00,1.0,P
2525,3273,2021-03-20T17:55:25.970000+00:00,1.0,S
2526,2988,2021-03-20T17:55:23.120000+00:00,1.0,P
2526,3273,2021-03-20T17:55:25.970000+00:00,1.0,S
2527,2988,2021-03-20T17:55:23.120000+00:00,1.0,P
2527,3273,2021-03-20T17:55:25.970000+00:00,1.0,S
2528,2988,2021-03-20T17:55:23.120000+00:00,1.0,P
2528,3273,2021-03-20T17:55:25.970000+00:00,1.0,S
2529,2988,2021-03-20T17:55:23.120000+00:00,1.0,P
2529,3273,2021-03-20T17:55:25.970000+00:00,1.0,S
2530,2988,2021-03-20T17:55:23.120000+00:00,1.0,P
2530,3273,2021-03-20T17:55:25.970000+00:00,1.0,S
2531,2988,2021-03-20T17:55:23.120000+00:00,1.0,P
2531,3273,2021-03-20T17:55:25.970000+00:00,1.0,S
2532,2988,2021-03-20T17:55:23.120000+00:00,1.0,P
2532,3273,2021-03-20T17:55:25.970000+00:00,1.0,S
2533,2988,2021-03-20T17:55:23.120000+00:00,1.0,P
2533,3273,2021-03-20T17:55:25.970000+00:00,1.0,S
2534,2988,2021-03-20T17:55:23.120000+00:00,1.0,P
2534,3273,2021-03-20T17:55:25.970000+00:00,1.0,S
2535,2988,2021-03-20T17:55:23.120000+00:00,1.0,P
2535,3273,2021-03-20T17:55:25.970000+00:00,1.0,S
2536,2988,2021-03-20T17:55:23.120000+00:00,1.0,P
2536,3273,2021-03-20T17:55:25.970000+00:00,1.0,S
2537,2988,2021-03-20T17:55:23.120000+00:00,1.0,P
2537,3273,2021-03-20T17:55:25.970000+00:00,1.0,S
2538,2988,2021-03-20T17:55:23.120000+00:00,1.0,P
2538,3273,2021-03-20T17:55:25.970000+00:00,1.0,S
2539,2988,2021-03-20T17:55:23.120000+00:00,1.0,P
2539,3273,2021-03-20T17:55:25.970000+00:00,1.0,S
2540,2988,2021-03-20T17:55:23.120000+00:00,1.0,P
2540,3273,2021-03-20T17:55:25.970000+00:00,1.0,S
2541,2988,2021-03-20T17:55:23.120000+00:00,1.0,P
2541,3273,2021-03-20T17:55:25.970000+00:00,1.0,S
2542,2988,2021-03-20T17:55:23.120000+00:00,1.0,P
2542,3273,2021-03-20T17:55:25.970000+00:00,1.0,S
2543,2988,2021-03-20T17:55:23.120000+00:00,1.0,P
2543,3273,2021-03-20T17:55:25.970000+00:00,1.0,S
2544,2988,2021-03-20T17:55:23.120000+00:00,1.0,P
2544,3273,2021-03-20T17:55:25.970000+00:00,1.0,S
2545,2988,2021-03-20T17:55:23.120000+00:00,1.0,P
2545,3274,2021-03-20T17:55:25.980000+00:00,1.0,S
2546,2988,2021-03-20T17:55:23.120000+00:00,1.0,P
2546,3274,2021-03-20T17:55:25.980000+00:00,1.0,S
2547,2988,2021-03-20T17:55:23.120000+00:00,1.0,P
2547,3274,2021-03-20T17:55:25.980000+00:00,1.0,S
2548,2988,2021-03-20T17:55:23.120000+00:00,1.0,P
2548,3274,2021-03-20T17:55:25.980000+00:00,1.0,S
2549,2988,2021-03-20T17:55:23.120000+00:00,1.0,P
2549,3274,2021-03-20T17:55:25.980000+00:00,1.0,S
2550,2989,2021-03-20T17:55:23.130000+00:00,1.0,P
2550,3274,2021-03-20T17:55:25.980000+00:00,1.0,S
2551,2989,2021-03-20T17:55:23.130000+00:00,1.0,P
2551,3274,2021-03-20T17:55:25.980000+00:00,1.0,S
2552,2989,2021-03-20T17:55:23.130000+00:00,1.0,P
2552,3274,2021-03-20T17:55:25.980000+00:00,1.0,S
2553,2989,2021-03-20T17:55:23.130000+00:00,1.0,P
2553,3274,2021-03-20T17:55:25.980000+00:00,1.0,S
2554,2989,2021-03-20T17:55:23.130000+00:00,1.0,P
2554,3274,2021-03-20T17:55:25.980000+00:00,1.0,S
2555,2989,2021-03-20T17:55:23.130000+00:00,1.0,P
2555,3274,2021-03-20T17:55:25.980000+00:00,1.0,S
2556,2989,2021-03-20T17:55:23.130000+00:00,1.0,P
2556,3274,2021-03-20T17:55:25.980000+00:00,1.0,S
2557,2989,2021-03-20T17:55:23.130000+00:00,1.0,P
2557,3275,2021-03-20T17:55:25.990000+00:00,1.0,S
2558,2989,2021-03-20T17:55:23.130000+00:00,1.0,P
2558,3275,2021-03-20T17:55:25.990000+00:00,1.0,S
2559,2989,2021-03-20T17:55:23.130000+00:00,1.0,P
2559,3275,2021-03-20T17:55:25.990000+00:00,1.0,S
2560,2989,2021-03-20T17:55:23.130000+00:00,1.0,P
2560,3275,2021-03-20T17:55:25.990000+00:00,1.0,S
2561,2989,2021-03-20T17:55:23.130000+00:00,1.0,P
2561,3275,2021-03-20T17:55:25.990000+00:00,1.0,S
2562,2989,2021-03-20T17:55:23.130000+00:00,1.0,P
2562,3275,2021-03-20T17:55:25.990000+00:00,1.0,S
2563,2989,2021-03-20T17:55:23.130000+00:00,1.0,P
2563,3275,2021-03-20T17:55:25.990000+00:00,1.0,S
2564,2989,2021-03-20T17:55:23.130000+00:00,1.0,P
2564,3275,2021-03-20T17:55:25.990000+00:00,1.0,S
2565,2989,2021-03-20T17:55:23.130000+00:00,1.0,P
2565,3275,2021-03-20T17:55:25.990000+00:00,1.0,S
2566,2989,2021-03-20T17:55:23.130000+00:00,1.0,P
2566,3276,2021-03-20T17:55:25.999999+00:00,1.0,S
2567,2989,2021-03-20T17:55:23.130000+00:00,1.0,P
2567,3276,2021-03-20T17:55:25.999999+00:00,1.0,S
2568,2989,2021-03-20T17:55:23.130000+00:00,1.0,P
2568,3276,2021-03-20T17:55:25.999999+00:00,1.0,S
2569,2989,2021-03-20T17:55:23.130000+00:00,1.0,P
2569,3276,2021-03-20T17:55:25.999999+00:00,1.0,S
2570,2989,2021-03-20T17:55:23.130000+00:00,1.0,P
2570,3276,2021-03-20T17:55:25.999999+00:00,1.0,S
2571,2989,2021-03-20T17:55:23.130000+00:00,1.0,P
2571,3276,2021-03-20T17:55:25.999999+00:00,1.0,S
2572,2989,2021-03-20T17:55:23.130000+00:00,1.0,P
2572,3276,2021-03-20T17:55:25.999999+00:00,1.0,S
2573,2990,2021-03-20T17:55:23.140000+00:00,1.0,P
2573,3276,2021-03-20T17:55:25.999999+00:00,1.0,S
2574,2990,2021-03-20T17:55:23.140000+00:00,1.0,P
2574,3277,2021-03-20T17:55:26.010000+00:00,1.0,S
2575,2990,2021-03-20T17:55:23.140000+00:00,1.0,P
2575,3277,2021-03-20T17:55:26.010000+00:00,1.0,S
2576,2990,2021-03-20T17:55:23.140000+00:00,1.0,P
2576,3277,2021-03-20T17:55:26.010000+00:00,1.0,S
2577,2990,2021-03-20T17:55:23.140000+00:00,1.0,P
2577,3277,2021-03-20T17:55:26.010000+00:00,1.0,S
2578,2990,2021-03-20T17:55:23.140000+00:00,1.0,P
2578,3277,2021-03-20T17:55:26.010000+00:00,1.0,S
2579,2990,2021-03-20T17:55:23.140000+00:00,1.0,P
2579,3277,2021-03-20T17:55:26.010000+00:00,1.0,S
2580,2990,2021-03-20T17:55:23.140000+00:00,1.0,P
2580,3277,2021-03-20T17:55:26.010000+00:00,1.0,S
2581,2990,2021-03-20T17:55:23.140000+00:00,1.0,P
2581,3277,2021-03-20T17:55:26.010000+00:00,1.0,S
2582,2990,2021-03-20T17:55:23.140000+00:00,1.0,P
2582,3277,2021-03-20T17:55:26.010000+00:00,1.0,S
2583,2990,2021-03-20T17:55:23.140000+00:00,1.0,P
2583,3278,2021-03-20T17:55:26.020000+00:00,1.0,S
2584,2990,2021-03-20T17:55:23.140000+00:00,1.0,P
2584,3278,2021-03-20T17:55:26.020000+00:00,1.0,S
2585,2990,2021-03-20T17:55:23.140000+00:00,1.0,P
2585,3278,2021-03-20T17:55:26.020000+00:00,1.0,S
2586,2990,2021-03-20T17:55:23.140000+00:00,1.0,P
2586,3278,2021-03-20T17:55:26.020000+00:00,1.0,S
2587,2990,2021-03-20T17:55:23.140000+00:00,1.0,P
2587,3278,2021-03-20T17:55:26.020000+00:00,1.0,S
2588,2990,2021-03-20T17:55:23.140000+00:00,1.0,P
2588,3278,2021-03-20T17:55:26.020000+00:00,1.0,S
2589,2990,2021-03-20T17:55:23.140000+00:00,1.0,P
2589,3278,2021-03-20T17:55:26.020000+00:00,1.0,S
2590,2990,2021-03-20T17:55:23.140000+00:00,1.0,P
2590,3279,2021-03-20T17:55:26.030000+00:00,1.0,S
2591,2990,2021-03-20T17:55:23.140000+00:00,1.0,P
2591,3279,2021-03-20T17:55:26.030000+00:00,1.0,S
2592,2990,2021-03-20T17:55:23.140000+00:00,1.0,P
2592,3279,2021-03-20T17:55:26.030000+00:00,1.0,S
2593,2990,2021-03-20T17:55:23.140000+00:00,1.0,P
2593,3279,2021-03-20T17:55:26.030000+00:00,1.0,S
2594,2990,2021-03-20T17:55:23.140000+00:00,1.0,P
2594,3279,2021-03-20T17:55:26.030000+00:00,1.0,S
2595,2990,2021-03-20T17:55:23.140000+00:00,1.0,P
2595,3279,2021-03-20T17:55:26.030000+00:00,1.0,S
2596,2990,2021-03-20T17:55:23.140000+00:00,1.0,P
2596,3279,2021-03-20T17:55:26.030000+00:00,1.0,S
2597,2990,2021-03-20T17:55:23.140000+00:00,1.0,P
2597,3279,2021-03-20T17:55:26.030000+00:00,1.0,S
2598,2990,2021-03-20T17:55:23.140000+00:00,1.0,P
2598,3279,2021-03-20T17:55:26.030000+00:00,1.0,S
2599,2990,2021-03-20T17:55:23.140000+00:00,1.0,P
2599,3280,2021-03-20T17:55:26.039999+00:00,1.0,S
2600,2990,2021-03-20T17:55:23.140000+00:00,1.0,P
2600,3280,2021-03-20T17:55:26.039999+00:00,1.0,S
2601,2990,2021-03-20T17:55:23.140000+00:00,1.0,P
2601,3280,2021-03-20T17:55:26.039999+00:00,1.0,S
2602,2990,2021-03-20T17:55:23.140000+00:00,1.0,P
2602,3280,2021-03-20T17:55:26.039999+00:00,1.0,S
2603,2990,2021-03-20T17:55:23.140000+00:00,1.0,P
2603,3280,2021-03-20T17:55:26.039999+00:00,1.0,S
2604,2991,2021-03-20T17:55:23.150000+00:00,1.0,P
2604,3280,2021-03-20T17:55:26.039999+00:00,1.0,S
2605,2991,2021-03-20T17:55:23.150000+00:00,1.0,P
2605,3280,2021-03-20T17:55:26.039999+00:00,1.0,S
2606,2991,2021-03-20T17:55:23.150000+00:00,1.0,P
2606,3280,2021-03-20T17:55:26.039999+00:00,1.0,S
2607,2991,2021-03-20T17:55:23.150000+00:00,1.0,P
2607,3280,2021-03-20T17:55:26.039999+00:00,1.0,S
2608,2991,2021-03-20T17:55:23.150000+00:00,1.0,P
2608,3280,2021-03-20T17:55:26.039999+00:00,1.0,S
2609,2991,2021-03-20T17:55:23.150000+00:00,1.0,P
2609,3280,2021-03-20T17:55:26.039999+00:00,1.0,S
2610,2991,2021-03-20T17:55:23.150000+00:00,1.0,P
2610,3280,2021-03-20T17:55:26.039999+00:00,1.0,S
2611,2991,2021-03-20T17:55:23.150000+00:00,1.0,P
2611,3280,2021-03-20T17:55:26.039999+00:00,1.0,S
2612,2991,2021-03-20T17:55:23.150000+00:00,1.0,P
2612,3281,2021-03-20T17:55:26.050000+00:00,1.0,S
2613,2991,2021-03-20T17:55:23.150000+00:00,1.0,P
2613,3281,2021-03-20T17:55:26.050000+00:00,1.0,S
2614,2991,2021-03-20T17:55:23.150000+00:00,1.0,P
2614,3281,2021-03-20T17:55:26.050000+00:00,1.0,S
2615,2991,2021-03-20T17:55:23.150000+00:00,1.0,P
2615,3281,2021-03-20T17:55:26.050000+00:00,1.0,S
2616,2991,2021-03-20T17:55:23.150000+00:00,1.0,P
2616,3281,2021-03-20T17:55:26.050000+00:00,1.0,S
2617,2991,2021-03-20T17:55:23.150000+00:00,1.0,P
2617,3281,2021-03-20T17:55:26.050000+00:00,1.0,S
2618,2991,2021-03-20T17:55:23.150000+00:00,1.0,P
2618,3281,2021-03-20T17:55:26.050000+00:00,1.0,S
2619,2991,2021-03-20T17:55:23.150000+00:00,1.0,P
2619,3281,2021-03-20T17:55:26.050000+00:00,1.0,S
2620,2991,2021-03-20T17:55:23.150000+00:00,1.0,P
2620,3281,2021-03-20T17:55:26.050000+00:00,1.0,S
2621,2991,2021-03-20T17:55:23.150000+00:00,1.0,P
2621,3281,2021-03-20T17:55:26.050000+00:00,1.0,S
2622,2991,2021-03-20T17:55:23.150000+00:00,1.0,P
2622,3282,2021-03-20T17:55:26.060000+00:00,1.0,S
2623,2991,2021-03-20T17:55:23.150000+00:00,1.0,P
2623,3282,2021-03-20T17:55:26.060000+00:00,1.0,S
2624,2991,2021-03-20T17:55:23.150000+00:00,1.0,P
2624,3282,2021-03-20T17:55:26.060000+00:00,1.0,S
2625,2991,2021-03-20T17:55:23.150000+00:00,1.0,P
2625,3282,2021-03-20T17:55:26.060000+00:00,1.0,S
2626,2991,2021-03-20T17:55:23.150000+00:00,1.0,P
2626,3282,2021-03-20T17:55:26.060000+00:00,1.0,S
2627,2991,2021-03-20T17:55:23.150000+00:00,1.0,P
2627,3282,2021-03-20T17:55:26.060000+00:00,1.0,S
2628,2991,2021-03-20T17:55:23.150000+00:00,1.0,P
2628,3282,2021-03-20T17:55:26.060000+00:00,1.0,S
2629,2991,2021-03-20T17:55:23.150000+00:00,1.0,P
2629,3282,2021-03-20T17:55:26.060000+00:00,1.0,S
2630,2991,2021-03-20T17:55:23.150000+00:00,1.0,P
2630,3282,2021-03-20T17:55:26.060000+00:00,1.0,S
2631,2991,2021-03-20T17:55:23.150000+00:00,1.0,P
2631,3282,2021-03-20T17:55:26.060000+00:00,1.0,S
2632,2991,2021-03-20T17:55:23.150000+00:00,1.0,P
2632,3282,2021-03-20T17:55:26.060000+00:00,1.0,S
2633,2991,2021-03-20T17:55:23.150000+00:00,1.0,P
2633,3282,2021-03-20T17:55:26.060000+00:00,1.0,S
2634,2991,2021-03-20T17:55:23.150000+00:00,1.0,P
2634,3282,2021-03-20T17:55:26.060000+00:00,1.0,S
2635,2991,2021-03-20T17:55:23.150000+00:00,1.0,P
2635,3282,2021-03-20T17:55:26.060000+00:00,1.0,S
2636,2991,2021-03-20T17:55:23.150000+00:00,1.0,P
2636,3282,2021-03-20T17:55:26.060000+00:00,1.0,S
2637,2991,2021-03-20T17:55:23.150000+00:00,1.0,P
2637,3282,2021-03-20T17:55:26.060000+00:00,1.0,S
2638,2991,2021-03-20T17:55:23.150000+00:00,1.0,P
2638,3282,2021-03-20T17:55:26.060000+00:00,1.0,S
2639,2991,2021-03-20T17:55:23.150000+00:00,1.0,P
2639,3283,2021-03-20T17:55:26.070000+00:00,1.0,S
2640,2991,2021-03-20T17:55:23.150000+00:00,1.0,P
2640,3283,2021-03-20T17:55:26.070000+00:00,1.0,S
2641,2991,2021-03-20T17:55:23.150000+00:00,1.0,P
2641,3283,2021-03-20T17:55:26.070000+00:00,1.0,S
2642,2991,2021-03-20T17:55:23.150000+00:00,1.0,P
2642,3283,2021-03-20T17:55:26.070000+00:00,1.0,S
2643,2991,2021-03-20T17:55:23.150000+00:00,1.0,P
2643,3283,2021-03-20T17:55:26.070000+00:00,1.0,S
2644,2991,2021-03-20T17:55:23.150000+00:00,1.0,P
2644,3283,2021-03-20T17:55:26.070000+00:00,1.0,S
2645,2991,2021-03-20T17:55:23.150000+00:00,1.0,P
2645,3283,2021-03-20T17:55:26.070000+00:00,1.0,S
2646,2991,2021-03-20T17:55:23.150000+00:00,1.0,P
2646,3283,2021-03-20T17:55:26.070000+00:00,1.0,S
2647,2991,2021-03-20T17:55:23.150000+00:00,1.0,P
2647,3283,2021-03-20T17:55:26.070000+00:00,1.0,S
2648,2991,2021-03-20T17:55:23.150000+00:00,1.0,P
2648,3283,2021-03-20T17:55:26.070000+00:00,1.0,S
2649,2991,2021-03-20T17:55:23.150000+00:00,1.0,P
2649,3284,2021-03-20T17:55:26.080000+00:00,1.0,S
2650,2991,2021-03-20T17:55:23.150000+00:00,1.0,P
2650,3284,2021-03-20T17:55:26.080000+00:00,1.0,S
2651,2991,2021-03-20T17:55:23.150000+00:00,1.0,P
2651,3284,2021-03-20T17:55:26.080000+00:00,1.0,S
2652,2991,2021-03-20T17:55:23.150000+00:00,1.0,P
2652,3284,2021-03-20T17:55:26.080000+00:00,1.0,S
2653,2991,2021-03-20T17:55:23.150000+00:00,1.0,P
2653,3284,2021-03-20T17:55:26.080000+00:00,1.0,S
2654,2991,2021-03-20T17:55:23.150000+00:00,1.0,P
2654,3284,2021-03-20T17:55:26.080000+00:00,1.0,S
2655,2991,2021-03-20T17:55:23.150000+00:00,1.0,P
2655,3284,2021-03-20T17:55:26.080000+00:00,1.0,S
2656,2992,2021-03-20T17:55:23.160000+00:00,1.0,P
2656,3284,2021-03-20T17:55:26.080000+00:00,1.0,S
2657,2992,2021-03-20T17:55:23.160000+00:00,1.0,P
2657,3284,2021-03-20T17:55:26.080000+00:00,1.0,S
2658,2992,2021-03-20T17:55:23.160000+00:00,1.0,P
2658,3284,2021-03-20T17:55:26.080000+00:00,1.0,S
2659,2992,2021-03-20T17:55:23.160000+00:00,1.0,P
2659,3284,2021-03-20T17:55:26.080000+00:00,1.0,S
2660,2992,2021-03-20T17:55:23.160000+00:00,1.0,P
2660,3284,2021-03-20T17:55:26.080000+00:00,1.0,S
2661,2992,2021-03-20T17:55:23.160000+00:00,1.0,P
2661,3285,2021-03-20T17:55:26.090000+00:00,1.0,S
2662,2992,2021-03-20T17:55:23.160000+00:00,1.0,P
2662,3285,2021-03-20T17:55:26.090000+00:00,1.0,S
2663,2992,2021-03-20T17:55:23.160000+00:00,1.0,P
2663,3285,2021-03-20T17:55:26.090000+00:00,1.0,S
2664,2992,2021-03-20T17:55:23.160000+00:00,1.0,P
2664,3285,2021-03-20T17:55:26.090000+00:00,1.0,S
2665,2992,2021-03-20T17:55:23.160000+00:00,1.0,P
2665,3285,2021-03-20T17:55:26.090000+00:00,1.0,S
2666,2992,2021-03-20T17:55:23.160000+00:00,1.0,P
2666,3285,2021-03-20T17:55:26.090000+00:00,1.0,S
2667,2992,2021-03-20T17:55:23.160000+00:00,1.0,P
2667,3285,2021-03-20T17:55:26.090000+00:00,1.0,S
2668,2992,2021-03-20T17:55:23.160000+00:00,1.0,P
2668,3286,2021-03-20T17:55:26.100000+00:00,1.0,S
2669,2992,2021-03-20T17:55:23.160000+00:00,1.0,P
2669,3286,2021-03-20T17:55:26.100000+00:00,1.0,S
2670,2992,2021-03-20T17:55:23.160000+00:00,1.0,P
2670,3286,2021-03-20T17:55:26.100000+00:00,1.0,S
2671,2992,2021-03-20T17:55:23.160000+00:00,1.0,P
2671,3286,2021-03-20T17:55:26.100000+00:00,1.0,S
2672,2992,2021-03-20T17:55:23.160000+00:00,1.0,P
2672,3286,2021-03-20T17:55:26.100000+00:00,1.0,S
2673,2992,2021-03-20T17:55:23.160000+00:00,1.0,P
2673,3286,2021-03-20T17:55:26.100000+00:00,1.0,S
2674,2992,2021-03-20T17:55:23.160000+00:00,1.0,P
2674,3287,2021-03-20T17:55:26.109999+00:00,1.0,S
2675,2992,2021-03-20T17:55:23.160000+00:00,1.0,P
2675,3287,2021-03-20T17:55:26.109999+00:00,1.0,S
2676,2992,2021-03-20T17:55:23.160000+00:00,1.0,P
2676,3287,2021-03-20T17:55:26.109999+00:00,1.0,S
2677,2992,2021-03-20T17:55:23.160000+00:00,1.0,P
2677,3287,2021-03-20T17:55:26.109999+00:00,1.0,S
2678,2992,2021-03-20T17:55:23.160000+00:00,1.0,P
2678,3287,2021-03-20T17:55:26.109999+00:00,1.0,S
2679,2992,2021-03-20T17:55:23.160000+00:00,1.0,P
2679,3287,2021-03-20T17:55:26.109999+00:00,1.0,S
2680,2992,2021-03-20T17:55:23.160000+00:00,1.0,P
2680,3287,2021-03-20T17:55:26.109999+00:00,1.0,S
2681,2992,2021-03-20T17:55:23.160000+00:00,1.0,P
2681,3288,2021-03-20T17:55:26.120000+00:00,1.0,S
2682,2992,2021-03-20T17:55:23.160000+00:00,1.0,P
2682,3288,2021-03-20T17:55:26.120000+00:00,1.0,S
2683,2992,2021-03-20T17:55:23.160000+00:00,1.0,P
2683,3288,2021-03-20T17:55:26.120000+00:00,1.0,S
2684,2993,2021-03-20T17:55:23.170000+00:00,1.0,P
2684,3288,2021-03-20T17:55:26.120000+00:00,1.0,S
2685,2993,2021-03-20T17:55:23.170000+00:00,1.0,P
2685,3288,2021-03-20T17:55:26.120000+00:00,1.0,S
2686,2993,2021-03-20T17:55:23.170000+00:00,1.0,P
2686,3288,2021-03-20T17:55:26.120000+00:00,1.0,S
2687,2993,2021-03-20T17:55:23.170000+00:00,1.0,P
2687,3288,2021-03-20T17:55:26.120000+00:00,1.0,S
2688,2993,2021-03-20T17:55:23.170000+00:00,1.0,P
2688,3288,2021-03-20T17:55:26.120000+00:00,1.0,S
2689,2993,2021-03-20T17:55:23.170000+00:00,1.0,P
2689,3289,2021-03-20T17:55:26.130000+00:00,1.0,S
2690,2993,2021-03-20T17:55:23.170000+00:00,1.0,P
2690,3289,2021-03-20T17:55:26.130000+00:00,1.0,S
2691,2993,2021-03-20T17:55:23.170000+00:00,1.0,P
2691,3289,2021-03-20T17:55:26.130000+00:00,1.0,S
2692,2993,2021-03-20T17:55:23.170000+00:00,1.0,P
2692,3289,2021-03-20T17:55:26.130000+00:00,1.0,S
2693,2993,2021-03-20T17:55:23.170000+00:00,1.0,P
2693,3289,2021-03-20T17:55:26.130000+00:00,1.0,S
2694,2993,2021-03-20T17:55:23.170000+00:00,1.0,P
2694,3289,2021-03-20T17:55:26.130000+00:00,1.0,S
2695,2993,2021-03-20T17:55:23.170000+00:00,1.0,P
2695,3289,2021-03-20T17:55:26.130000+00:00,1.0,S
2696,2993,2021-03-20T17:55:23.170000+00:00,1.0,P
2696,3289,2021-03-20T17:55:26.130000+00:00,1.0,S
2697,2993,2021-03-20T17:55:23.170000+00:00,1.0,P
2697,3290,2021-03-20T17:55:26.140000+00:00,1.0,S
2698,2993,2021-03-20T17:55:23.170000+00:00,1.0,P
2698,3290,2021-03-20T17:55:26.140000+00:00,1.0,S
2699,2993,2021-03-20T17:55:23.170000+00:00,1.0,P
2699,3290,2021-03-20T17:55:26.140000+00:00,1.0,S
2700,2993,2021-03-20T17:55:23.170000+00:00,1.0,P
2700,3290,2021-03-20T17:55:26.140000+00:00,1.0,S
2701,2993,2021-03-20T17:55:23.170000+00:00,1.0,P
2701,3290,2021-03-20T17:55:26.140000+00:00,1.0,S
2702,2993,2021-03-20T17:55:23.170000+00:00,1.0,P
2702,3290,2021-03-20T17:55:26.140000+00:00,1.0,S
2703,2993,2021-03-20T17:55:23.170000+00:00,1.0,P
2703,3290,2021-03-20T17:55:26.140000+00:00,1.0,S
2704,2993,2021-03-20T17:55:23.170000+00:00,1.0,P
2704,3290,2021-03-20T17:55:26.140000+00:00,1.0,S
2705,2994,2021-03-20T17:55:23.180000+00:00,1.0,P
2705,3290,2021-03-20T17:55:26.140000+00:00,1.0,S
2706,2994,2021-03-20T17:55:23.180000+00:00,1.0,P
2706,3290,2021-03-20T17:55:26.140000+00:00,1.0,S
2707,2994,2021-03-20T17:55:23.180000+00:00,1.0,P
2707,3290,2021-03-20T17:55:26.140000+00:00,1.0,S
2708,2994,2021-03-20T17:55:23.180000+00:00,1.0,P
2708,3290,2021-03-20T17:55:26.140000+00:00,1.0,S
2709,2994,2021-03-20T17:55:23.180000+00:00,1.0,P
2709,3290,2021-03-20T17:55:26.140000+00:00,1.0,S
2710,2994,2021-03-20T17:55:23.180000+00:00,1.0,P
2710,3290,2021-03-20T17:55:26.140000+00:00,1.0,S
2711,2994,2021-03-20T17:55:23.180000+00:00,1.0,P
2711,3290,2021-03-20T17:55:26.140000+00:00,1.0,S
2712,2994,2021-03-20T17:55:23.180000+00:00,1.0,P
2712,3291,2021-03-20T17:55:26.150000+00:00,1.0,S
2713,2994,2021-03-20T17:55:23.180000+00:00,1.0,P
2713,3291,2021-03-20T17:55:26.150000+00:00,1.0,S
2714,2994,2021-03-20T17:55:23.180000+00:00,1.0,P
2714,3291,2021-03-20T17:55:26.150000+00:00,1.0,S
2715,2994,2021-03-20T17:55:23.180000+00:00,1.0,P
2715,3291,2021-03-20T17:55:26.150000+00:00,1.0,S
2716,2994,2021-03-20T17:55:23.180000+00:00,1.0,P
2716,3291,2021-03-20T17:55:26.150000+00:00,1.0,S
2717,2994,2021-03-20T17:55:23.180000+00:00,1.0,P
2717,3291,2021-03-20T17:55:26.150000+00:00,1.0,S
2718,2994,2021-03-20T17:55:23.180000+00:00,1.0,P
2718,3291,2021-03-20T17:55:26.150000+00:00,1.0,S
2719,2994,2021-03-20T17:55:23.180000+00:00,1.0,P
2719,3291,2021-03-20T17:55:26.150000+00:00,1.0,S
2720,2994,2021-03-20T17:55:23.180000+00:00,1.0,P
2720,3291,2021-03-20T17:55:26.150000+00:00,1.0,S
2721,2994,2021-03-20T17:55:23.180000+00:00,1.0,P
2721,3291,2021-03-20T17:55:26.150000+00:00,1.0,S
2722,2994,2021-03-20T17:55:23.180000+00:00,1.0,P
2722,3291,2021-03-20T17:55:26.150000+00:00,1.0,S
2723,2994,2021-03-20T17:55:23.180000+00:00,1.0,P
2723,3291,2021-03-20T17:55:26.150000+00:00,1.0,S
2724,2995,2021-03-20T17:55:23.190000+00:00,1.0,P
2724,3291,2021-03-20T17:55:26.150000+00:00,1.0,S
2725,2995,2021-03-20T17:55:23.190000+00:00,1.0,P
2725,3291,2021-03-20T17:55:26.150000+00:00,1.0,S
2726,2995,2021-03-20T17:55:23.190000+00:00,1.0,P
2726,3291,2021-03-20T17:55:26.150000+00:00,1.0,S
2727,2995,2021-03-20T17:55:23.190000+00:00,1.0,P
2727,3291,2021-03-20T17:55:26.150000+00:00,1.0,S
2728,2995,2021-03-20T17:55:23.190000+00:00,1.0,P
2728,3291,2021-03-20T17:55:26.150000+00:00,1.0,S
2729,2995,2021-03-20T17:55:23.190000+00:00,1.0,P
2729,3291,2021-03-20T17:55:26.150000+00:00,1.0,S
2730,2995,2021-03-20T17:55:23.190000+00:00,1.0,P
2730,3291,2021-03-20T17:55:26.150000+00:00,1.0,S
2731,2995,2021-03-20T17:55:23.190000+00:00,1.0,P
2731,3292,2021-03-20T17:55:26.160000+00:00,1.0,S
2732,2995,2021-03-20T17:55:23.190000+00:00,1.0,P
2732,3292,2021-03-20T17:55:26.160000+00:00,1.0,S
2733,2995,2021-03-20T17:55:23.190000+00:00,1.0,P
2733,3292,2021-03-20T17:55:26.160000+00:00,1.0,S
2734,2995,2021-03-20T17:55:23.190000+00:00,1.0,P
2734,3292,2021-03-20T17:55:26.160000+00:00,1.0,S
2735,2995,2021-03-20T17:55:23.190000+00:00,1.0,P
2735,3292,2021-03-20T17:55:26.160000+00:00,1.0,S
2736,2995,2021-03-20T17:55:23.190000+00:00,1.0,P
2736,3292,2021-03-20T17:55:26.160000+00:00,1.0,S
2737,2995,2021-03-20T17:55:23.190000+00:00,1.0,P
2737,3292,2021-03-20T17:55:26.160000+00:00,1.0,S
2738,2995,2021-03-20T17:55:23.190000+00:00,1.0,P
2738,3292,2021-03-20T17:55:26.160000+00:00,1.0,S
2739,2995,2021-03-20T17:55:23.190000+00:00,1.0,P
2739,3292,2021-03-20T17:55:26.160000+00:00,1.0,S
2740,2995,2021-03-20T17:55:23.190000+00:00,1.0,P
2740,3292,2021-03-20T17:55:26.160000+00:00,1.0,S
2741,2995,2021-03-20T17:55:23.190000+00:00,1.0,P
2741,3292,2021-03-20T17:55:26.160000+00:00,1.0,S
2742,2995,2021-03-20T17:55:23.190000+00:00,1.0,P
2742,3292,2021-03-20T17:55:26.160000+00:00,1.0,S
2743,2995,2021-03-20T17:55:23.190000+00:00,1.0,P
2743,3292,2021-03-20T17:55:26.160000+00:00,1.0,S
2744,2995,2021-03-20T17:55:23.190000+00:00,1.0,P
2744,3292,2021-03-20T17:55:26.160000+00:00,1.0,S
2745,2996,2021-03-20T17:55:23.200000+00:00,1.0,P
2745,3291,2021-03-20T17:55:26.150000+00:00,1.0,S
2746,2996,2021-03-20T17:55:23.200000+00:00,1.0,P
2746,3291,2021-03-20T17:55:26.150000+00:00,1.0,S
2747,2996,2021-03-20T17:55:23.200000+00:00,1.0,P
2747,3291,2021-03-20T17:55:26.150000+00:00,1.0,S
2748,2996,2021-03-20T17:55:23.200000+00:00,1.0,P
2748,3291,2021-03-20T17:55:26.150000+00:00,1.0,S
2749,2996,2021-03-20T17:55:23.200000+00:00,1.0,P
2749,3291,2021-03-20T17:55:26.150000+00:00,1.0,S
2750,2996,2021-03-20T17:55:23.200000+00:00,1.0,P
2750,3291,2021-03-20T17:55:26.150000+00:00,1.0,S
2751,2996,2021-03-20T17:55:23.200000+00:00,1.0,P
2751,3291,2021-03-20T17:55:26.150000+00:00,1.0,S
2752,2996,2021-03-20T17:55:23.200000+00:00,1.0,P
2752,3291,2021-03-20T17:55:26.150000+00:00,1.0,S
2753,2996,2021-03-20T17:55:23.200000+00:00,1.0,P
2753,3291,2021-03-20T17:55:26.150000+00:00,1.0,S
2754,2996,2021-03-20T17:55:23.200000+00:00,1.0,P
2754,3291,2021-03-20T17:55:26.150000+00:00,1.0,S
2755,2996,2021-03-20T17:55:23.200000+00:00,1.0,P
2755,3291,2021-03-20T17:55:26.150000+00:00,1.0,S
2756,2996,2021-03-20T17:55:23.200000+00:00,1.0,P
2756,3291,2021-03-20T17:55:26.150000+00:00,1.0,S
2757,2996,2021-03-20T17:55:23.200000+00:00,1.0,P
2757,3291,2021-03-20T17:55:26.150000+00:00,1.0,S
2758,2996,2021-03-20T17:55:23.200000+00:00,1.0,P
2758,3291,2021-03-20T17:55:26.150000+00:00,1.0,S
2759,2996,2021-03-20T17:55:23.200000+00:00,1.0,P
2759,3291,2021-03-20T17:55:26.150000+00:00,1.0,S
2760,2996,2021-03-20T17:55:23.200000+00:00,1.0,P
2760,3292,2021-03-20T17:55:26.160000+00:00,1.0,S
2761,2996,2021-03-20T17:55:23.200000+00:00,1.0,P
2761,3292,2021-03-20T17:55:26.160000+00:00,1.0,S
2762,2996,2021-03-20T17:55:23.200000+00:00,1.0,P
2762,3292,2021-03-20T17:55:26.160000+00:00,1.0,S
2763,2996,2021-03-20T17:55:23.200000+00:00,1.0,P
2763,3291,2021-03-20T17:55:26.150000+00:00,1.0,S
2764,2996,2021-03-20T17:55:23.200000+00:00,1.0,P
2764,3291,2021-03-20T17:55:26.150000+00:00,1.0,S
2765,2996,2021-03-20T17:55:23.200000+00:00,1.0,P
2765,3291,2021-03-20T17:55:26.150000+00:00,1.0,S
2766,2996,2021-03-20T17:55:23.200000+00:00,1.0,P
2766,3292,2021-03-20T17:55:26.160000+00:00,1.0,S
2767,2997,2021-03-20T17:55:23.210000+00:00,1.0,P
2767,3292,2021-03-20T17:55:26.160000+00:00,1.0,S
2768,2997,2021-03-20T17:55:23.210000+00:00,1.0,P
2768,3292,2021-03-20T17:55:26.160000+00:00,1.0,S
2769,2997,2021-03-20T17:55:23.210000+00:00,1.0,P
2769,3292,2021-03-20T17:55:26.160000+00:00,1.0,S
2770,2997,2021-03-20T17:55:23.210000+00:00,1.0,P
2770,3292,2021-03-20T17:55:26.160000+00:00,1.0,S
2771,2997,2021-03-20T17:55:23.210000+00:00,1.0,P
2771,3292,2021-03-20T17:55:26.160000+00:00,1.0,S
2772,2997,2021-03-20T17:55:23.210000+00:00,1.0,P
2772,3292,2021-03-20T17:55:26.160000+00:00,1.0,S
2773,2997,2021-03-20T17:55:23.210000+00:00,1.0,P
2773,3292,2021-03-20T17:55:26.160000+00:00,1.0,S
2774,2997,2021-03-20T17:55:23.210000+00:00,1.0,P
2774,3292,2021-03-20T17:55:26.160000+00:00,1.0,S
2775,2997,2021-03-20T17:55:23.210000+00:00,1.0,P
2775,3292,2021-03-20T17:55:26.160000+00:00,1.0,S
2776,2997,2021-03-20T17:55:23.210000+00:00,1.0,P
2776,3292,2021-03-20T17:55:26.160000+00:00,1.0,S
2777,2997,2021-03-20T17:55:23.210000+00:00,1.0,P
2777,3292,2021-03-20T17:55:26.160000+00:00,1.0,S
2778,2997,2021-03-20T17:55:23.210000+00:00,1.0,P
2778,3292,2021-03-20T17:55:26.160000+00:00,1.0,S
2779,2997,2021-03-20T17:55:23.210000+00:00,1.0,P
2779,3292,2021-03-20T17:55:26.160000+00:00,1.0,S
2780,2997,2021-03-20T17:55:23.210000+00:00,1.0,P
2780,3292,2021-03-20T17:55:26.160000+00:00,1.0,S
2781,2997,2021-03-20T17:55:23.210000+00:00,1.0,P
2781,3292,2021-03-20T17:55:26.160000+00:00,1.0,S
2782,2997,2021-03-20T17:55:23.210000+00:00,1.0,P
2782,3292,2021-03-20T17:55:26.160000+00:00,1.0,S
2783,2998,2021-03-20T17:55:23.220000+00:00,1.0,P
2783,3292,2021-03-20T17:55:26.160000+00:00,1.0,S
2784,2998,2021-03-20T17:55:23.220000+00:00,1.0,P
2784,3293,2021-03-20T17:55:26.170000+00:00,1.0,S
2785,2998,2021-03-20T17:55:23.220000+00:00,1.0,P
2785,3293,2021-03-20T17:55:26.170000+00:00,1.0,S
2786,2998,2021-03-20T17:55:23.220000+00:00,1.0,P
2786,3293,2021-03-20T17:55:26.170000+00:00,1.0,S
2787,2998,2021-03-20T17:55:23.220000+00:00,1.0,P
2787,3293,2021-03-20T17:55:26.170000+00:00,1.0,S
2788,2998,2021-03-20T17:55:23.220000+00:00,1.0,P
2788,3293,2021-03-20T17:55:26.170000+00:00,1.0,S
2789,2998,2021-03-20T17:55:23.220000+00:00,1.0,P
2789,3293,2021-03-20T17:55:26.170000+00:00,1.0,S
2790,2998,2021-03-20T17:55:23.220000+00:00,1.0,P
2790,3293,2021-03-20T17:55:26.170000+00:00,1.0,S
2791,2998,2021-03-20T17:55:23.220000+00:00,1.0,P
2791,3293,2021-03-20T17:55:26.170000+00:00,1.0,S
2792,2998,2021-03-20T17:55:23.220000+00:00,1.0,P
2792,3293,2021-03-20T17:55:26.170000+00:00,1.0,S
2793,2998,2021-03-20T17:55:23.220000+00:00,1.0,P
2793,3293,2021-03-20T17:55:26.170000+00:00,1.0,S
2794,2998,2021-03-20T17:55:23.220000+00:00,1.0,P
2794,3293,2021-03-20T17:55:26.170000+00:00,1.0,S
2795,2998,2021-03-20T17:55:23.220000+00:00,1.0,P
2795,3293,2021-03-20T17:55:26.170000+00:00,1.0,S
2796,2999,2021-03-20T17:55:23.230000+00:00,1.0,P
2796,3294,2021-03-20T17:55:26.179999+00:00,1.0,S
2797,2999,2021-03-20T17:55:23.230000+00:00,1.0,P
2797,3294,2021-03-20T17:55:26.179999+00:00,1.0,S
2798,2999,2021-03-20T17:55:23.230000+00:00,1.0,P
2798,3294,2021-03-20T17:55:26.179999+00:00,1.0,S
2799,2999,2021-03-20T17:55:23.230000+00:00,1.0,P
2799,3294,2021-03-20T17:55:26.179999+00:00,1.0,S
2800,2999,2021-03-20T17:55:23.230000+00:00,1.0,P
2800,3294,2021-03-20T17:55:26.179999+00:00,1.0,S
2801,2999,2021-03-20T17:55:23.230000+00:00,1.0,P
2801,3294,2021-03-20T17:55:26.179999+00:00,1.0,S
2802,2999,2021-03-20T17:55:23.230000+00:00,1.0,P
2802,3294,2021-03-20T17:55:26.179999+00:00,1.0,S
2803,2999,2021-03-20T17:55:23.230000+00:00,1.0,P
2803,3294,2021-03-20T17:55:26.179999+00:00,1.0,S
2804,2999,2021-03-20T17:55:23.230000+00:00,1.0,P
2804,3294,2021-03-20T17:55:26.179999+00:00,1.0,S
2805,2999,2021-03-20T17:55:23.230000+00:00,1.0,P
2805,3295,2021-03-20T17:55:26.190000+00:00,1.0,S
2806,3000,2021-03-20T17:55:23.240000+00:00,1.0,P
2806,3295,2021-03-20T17:55:26.190000+00:00,1.0,S
2807,3000,2021-03-20T17:55:23.240000+00:00,1.0,P
2807,3295,2021-03-20T17:55:26.190000+00:00,1.0,S
2808,3000,2021-03-20T17:55:23.240000+00:00,1.0,P
2808,3295,2021-03-20T17:55:26.190000+00:00,1.0,S
2809,3000,2021-03-20T17:55:23.240000+00:00,1.0,P
2809,3295,2021-03-20T17:55:26.190000+00:00,1.0,S
2810,3000,2021-03-20T17:55:23.240000+00:00,1.0,P
2810,3295,2021-03-20T17:55:26.190000+00:00,1.0,S
2811,3000,2021-03-20T17:55:23.240000+00:00,1.0,P
2811,3295,2021-03-20T17:55:26.190000+00:00,1.0,S
2812,3000,2021-03-20T17:55:23.240000+00:00,1.0,P
2812,3295,2021-03-20T17:55:26.190000+00:00,1.0,S
2813,3000,2021-03-20T17:55:23.240000+00:00,1.0,P
2813,3295,2021-03-20T17:55:26.190000+00:00,1.0,S
2814,3000,2021-03-20T17:55:23.240000+00:00,1.0,P
2814,3296,2021-03-20T17:55:26.200000+00:00,1.0,S
2815,3000,2021-03-20T17:55:23.240000+00:00,1.0,P
2815,3296,2021-03-20T17:55:26.200000+00:00,1.0,S
2816,3001,2021-03-20T17:55:23.250000+00:00,1.0,P
2816,3296,2021-03-20T17:55:26.200000+00:00,1.0,S
2817,3001,2021-03-20T17:55:23.250000+00:00,1.0,P
2817,3296,2021-03-20T17:55:26.200000+00:00,1.0,S
2818,3001,2021-03-20T17:55:23.250000+00:00,1.0,P
2818,3296,2021-03-20T17:55:26.200000+00:00,1.0,S
2819,3001,2021-03-20T17:55:23.250000+00:00,1.0,P
2819,3296,2021-03-20T17:55:26.200000+00:00,1.0,S
2820,3001,2021-03-20T17:55:23.250000+00:00,1.0,P
2820,3296,2021-03-20T17:55:26.200000+00:00,1.0,S
2821,3001,2021-03-20T17:55:23.250000+00:00,1.0,P
2821,3296,2021-03-20T17:55:26.200000+00:00,1.0,S
2822,3001,2021-03-20T17:55:23.250000+00:00,1.0,P
2822,3296,2021-03-20T17:55:26.200000+00:00,1.0,S
2823,3001,2021-03-20T17:55:23.250000+00:00,1.0,P
2823,3296,2021-03-20T17:55:26.200000+00:00,1.0,S
2824,3001,2021-03-20T17:55:23.250000+00:00,1.0,P
2824,3297,2021-03-20T17:55:26.210000+00:00,1.0,S
2825,3001,2021-03-20T17:55:23.250000+00:00,1.0,P
2825,3297,2021-03-20T17:55:26.210000+00:00,1.0,S
2826,3002,2021-03-20T17:55:23.260000+00:00,1.0,P
2826,3297,2021-03-20T17:55:26.210000+00:00,1.0,S
2827,3002,2021-03-20T17:55:23.260000+00:00,1.0,P
2827,3297,2021-03-20T17:55:26.210000+00:00,1.0,S
2828,3002,2021-03-20T17:55:23.260000+00:00,1.0,P
2828,3297,2021-03-20T17:55:26.210000+00:00,1.0,S
2829,3002,2021-03-20T17:55:23.260000+00:00,1.0,P
2829,3297,2021-03-20T17:55:26.210000+00:00,1.0,S
2830,3002,2021-03-20T17:55:23.260000+00:00,1.0,P
2830,3297,2021-03-20T17:55:26.210000+00:00,1.0,S
2831,3002,2021-03-20T17:55:23.260000+00:00,1.0,P
2831,3298,2021-03-20T17:55:26.220000+00:00,1.0,S
2832,3002,2021-03-20T17:55:23.260000+00:00,1.0,P
2832,3298,2021-03-20T17:55:26.220000+00:00,1.0,S
2833,3002,2021-03-20T17:55:23.260000+00:00,1.0,P
2833,3298,2021-03-20T17:55:26.220000+00:00,1.0,S
2834,3002,2021-03-20T17:55:23.260000+00:00,1.0,P
2834,3298,2021-03-20T17:55:26.220000+00:00,1.0,S
2835,3002,2021-03-20T17:55:23.260000+00:00,1.0,P
2835,3298,2021-03-20T17:55:26.220000+00:00,1.0,S
2836,3003,2021-03-20T17:55:23.270000+00:00,1.0,P
2836,3298,2021-03-20T17:55:26.220000+00:00,1.0,S
2837,3003,2021-03-20T17:55:23.270000+00:00,1.0,P
2837,3299,2021-03-20T17:55:26.230000+00:00,1.0,S
2838,3003,2021-03-20T17:55:23.270000+00:00,1.0,P
2838,3299,2021-03-20T17:55:26.230000+00:00,1.0,S
2839,3003,2021-03-20T17:55:23.270000+00:00,1.0,P
2839,3299,2021-03-20T17:55:26.230000+00:00,1.0,S
2840,3003,2021-03-20T17:55:23.270000+00:00,1.0,P
2840,3299,2021-03-20T17:55:26.230000+00:00,1.0,S
2841,3003,2021-03-20T17:55:23.270000+00:00,1.0,P
2841,3299,2021-03-20T17:55:26.230000+00:00,1.0,S
2842,3003,2021-03-20T17:55:23.270000+00:00,1.0,P
2842,3300,2021-03-20T17:55:26.240000+00:00,1.0,S
2843,3003,2021-03-20T17:55:23.270000+00:00,1.0,P
2843,3300,2021-03-20T17:55:26.240000+00:00,1.0,S
2844,3003,2021-03-20T17:55:23.270000+00:00,1.0,P
2844,3300,2021-03-20T17:55:26.240000+00:00,1.0,S
2845,3004,2021-03-20T17:55:23.280000+00:00,1.0,P
2845,3300,2021-03-20T17:55:26.240000+00:00,1.0,S
2846,3004,2021-03-20T17:55:23.280000+00:00,1.0,P
2846,3300,2021-03-20T17:55:26.240000+00:00,1.0,S
2847,3004,2021-03-20T17:55:23.280000+00:00,1.0,P
2847,3300,2021-03-20T17:55:26.240000+00:00,1.0,S
2848,3004,2021-03-20T17:55:23.280000+00:00,1.0,P
2848,3300,2021-03-20T17:55:26.240000+00:00,1.0,S
2849,3004,2021-03-20T17:55:23.280000+00:00,1.0,P
2849,3300,2021-03-20T17:55:26.240000+00:00,1.0,S
2850,3004,2021-03-20T17:55:23.280000+00:00,1.0,P
2850,3301,2021-03-20T17:55:26.249999+00:00,1.0,S
2851,3004,2021-03-20T17:55:23.280000+00:00,1.0,P
2851,3301,2021-03-20T17:55:26.249999+00:00,1.0,S
2852,3004,2021-03-20T17:55:23.280000+00:00,1.0,P
2852,3301,2021-03-20T17:55:26.249999+00:00,1.0,S
2853,3004,2021-03-20T17:55:23.280000+00:00,1.0,P
2853,3301,2021-03-20T17:55:26.249999+00:00,1.0,S
2854,3004,2021-03-20T17:55:23.280000+00:00,1.0,P
2854,3301,2021-03-20T17:55:26.249999+00:00,1.0,S
2855,3005,2021-03-20T17:55:23.290000+00:00,1.0,P
2855,3302,2021-03-20T17:55:26.260000+00:00,1.0,S
2856,3005,2021-03-20T17:55:23.290000+00:00,1.0,P
2856,3302,2021-03-20T17:55:26.260000+00:00,1.0,S
2857,3005,2021-03-20T17:55:23.290000+00:00,1.0,P
2857,3302,2021-03-20T17:55:26.260000+00:00,1.0,S
2858,3005,2021-03-20T17:55:23.290000+00:00,1.0,P
2858,3302,2021-03-20T17:55:26.260000+00:00,1.0,S
2859,3005,2021-03-20T17:55:23.290000+00:00,1.0,P
2859,3302,2021-03-20T17:55:26.260000+00:00,1.0,S
2860,3005,2021-03-20T17:55:23.290000+00:00,1.0,P
2860,3303,2021-03-20T17:55:26.270000+00:00,1.0,S
2861,3005,2021-03-20T17:55:23.290000+00:00,1.0,P
2861,3303,2021-03-20T17:55:26.270000+00:00,1.0,S
2862,3005,2021-03-20T17:55:23.290000+00:00,1.0,P
2862,3303,2021-03-20T17:55:26.270000+00:00,1.0,S
2863,3005,2021-03-20T17:55:23.290000+00:00,1.0,P
2863,3303,2021-03-20T17:55:26.270000+00:00,1.0,S
2864,3005,2021-03-20T17:55:23.290000+00:00,1.0,P
2864,3303,2021-03-20T17:55:26.270000+00:00,1.0,S
2865,3006,2021-03-20T17:55:23.300000+00:00,1.0,P
2865,3304,2021-03-20T17:55:26.280000+00:00,1.0,S
2866,3006,2021-03-20T17:55:23.300000+00:00,1.0,P
2866,3304,2021-03-20T17:55:26.280000+00:00,1.0,S
2867,3006,2021-03-20T17:55:23.300000+00:00,1.0,P
2867,3304,2021-03-20T17:55:26.280000+00:00,1.0,S
2868,3006,2021-03-20T17:55:23.300000+00:00,1.0,P
2868,3304,2021-03-20T17:55:26.280000+00:00,1.0,S
2869,3006,2021-03-20T17:55:23.300000+00:00,1.0,P
2869,3304,2021-03-20T17:55:26.280000+00:00,1.0,S
2870,3006,2021-03-20T17:55:23.300000+00:00,1.0,P
2870,3304,2021-03-20T17:55:26.280000+00:00,1.0,S
2871,3006,2021-03-20T17:55:23.300000+00:00,1.0,P
2871,3305,2021-03-20T17:55:26.289999+00:00,1.0,S
2872,3006,2021-03-20T17:55:23.300000+00:00,1.0,P
2872,3305,2021-03-20T17:55:26.289999+00:00,1.0,S
2873,3006,2021-03-20T17:55:23.300000+00:00,1.0,P
2873,3305,2021-03-20T17:55:26.289999+00:00,1.0,S
2874,3007,2021-03-20T17:55:23.310000+00:00,1.0,P
2874,3305,2021-03-20T17:55:26.289999+00:00,1.0,S
2875,3007,2021-03-20T17:55:23.310000+00:00,1.0,P
2875,3305,2021-03-20T17:55:26.289999+00:00,1.0,S
2876,3007,2021-03-20T17:55:23.310000+00:00,1.0,P
2876,3305,2021-03-20T17:55:26.289999+00:00,1.0,S
2877,3007,2021-03-20T17:55:23.310000+00:00,1.0,P
2877,3305,2021-03-20T17:55:26.289999+00:00,1.0,S
2878,3007,2021-03-20T17:55:23.310000+00:00,1.0,P
2878,3306,2021-03-20T17:55:26.300000+00:00,1.0,S
2879,3007,2021-03-20T17:55:23.310000+00:00,1.0,P
2879,3306,2021-03-20T17:55:26.300000+00:00,1.0,S
2880,3007,2021-03-20T17:55:23.310000+00:00,1.0,P
2880,3306,2021-03-20T17:55:26.300000+00:00,1.0,S
2881,3007,2021-03-20T17:55:23.310000+00:00,1.0,P
2881,3306,2021-03-20T17:55:26.300000+00:00,1.0,S
2882,3007,2021-03-20T17:55:23.310000+00:00,1.0,P
2882,3306,2021-03-20T17:55:26.300000+00:00,1.0,S
2883,3008,2021-03-20T17:55:23.320000+00:00,1.0,P
2883,3307,2021-03-20T17:55:26.310000+00:00,1.0,S
2884,3008,2021-03-20T17:55:23.320000+00:00,1.0,P
2884,3307,2021-03-20T17:55:26.310000+00:00,1.0,S
2885,3008,2021-03-20T17:55:23.320000+00:00,1.0,P
2885,3307,2021-03-20T17:55:26.310000+00:00,1.0,S
2886,3008,2021-03-20T17:55:23.320000+00:00,1.0,P
2886,3307,2021-03-20T17:55:26.310000+00:00,1.0,S
2887,3008,2021-03-20T17:55:23.320000+00:00,1.0,P
2887,3307,2021-03-20T17:55:26.310000+00:00,1.0,S
2888,3008,2021-03-20T17:55:23.320000+00:00,1.0,P
2888,3307,2021-03-20T17:55:26.310000+00:00,1.0,S
2889,3008,2021-03-20T17:55:23.320000+00:00,1.0,P
2889,3308,2021-03-20T17:55:26.320000+00:00,1.0,S
2890,3008,2021-03-20T17:55:23.320000+00:00,1.0,P
2890,3308,2021-03-20T17:55:26.320000+00:00,1.0,S
2891,3009,2021-03-20T17:55:23.330000+00:00,1.0,P
2891,3308,2021-03-20T17:55:26.320000+00:00,1.0,S
2892,3009,2021-03-20T17:55:23.330000+00:00,1.0,P
2892,3308,2021-03-20T17:55:26.320000+00:00,1.0,S
2893,3009,2021-03-20T17:55:23.330000+00:00,1.0,P
2893,3309,2021-03-20T17:55:26.330000+00:00,1.0,S
2894,3009,2021-03-20T17:55:23.330000+00:00,1.0,P
2894,3309,2021-03-20T17:55:26.330000+00:00,1.0,S
2895,3009,2021-03-20T17:55:23.330000+00:00,1.0,P
2895,3309,2021-03-20T17:55:26.330000+00:00,1.0,S
2896,3009,2021-03-20T17:55:23.330000+00:00,1.0,P
2896,3309,2021-03-20T17:55:26.330000+00:00,1.0,S
2897,3009,2021-03-20T17:55:23.330000+00:00,1.0,P
2897,3310,2021-03-20T17:55:26.340000+00:00,1.0,S
2898,3009,2021-03-20T17:55:23.330000+00:00,1.0,P
2898,3310,2021-03-20T17:55:26.340000+00:00,1.0,S
2899,3010,2021-03-20T17:55:23.340000+00:00,1.0,P
2899,3310,2021-03-20T17:55:26.340000+00:00,1.0,S
2900,3010,2021-03-20T17:55:23.340000+00:00,1.0,P
2900,3310,2021-03-20T17:55:26.340000+00:00,1.0,S
2901,3010,2021-03-20T17:55:23.340000+00:00,1.0,P
2901,3311,2021-03-20T17:55:26.350000+00:00,1.0,S
2902,3010,2021-03-20T17:55:23.340000+00:00,1.0,P
2902,3311,2021-03-20T17:55:26.350000+00:00,1.0,S
2903,3010,2021-03-20T17:55:23.340000+00:00,1.0,P
2903,3311,2021-03-20T17:55:26.350000+00:00,1.0,S
2904,3010,2021-03-20T17:55:23.340000+00:00,1.0,P
2904,3311,2021-03-20T17:55:26.350000+00:00,1.0,S
2905,3010,2021-03-20T17:55:23.340000+00:00,1.0,P
2905,3312,2021-03-20T17:55:26.359999+00:00,1.0,S
2906,3010,2021-03-20T17:55:23.340000+00:00,1.0,P
2906,3312,2021-03-20T17:55:26.359999+00:00,1.0,S
2907,3011,2021-03-20T17:55:23.350000+00:00,1.0,P
2907,3312,2021-03-20T17:55:26.359999+00:00,1.0,S
2908,3011,2021-03-20T17:55:23.350000+00:00,1.0,P
2908,3312,2021-03-20T17:55:26.359999+00:00,1.0,S
2909,3011,2021-03-20T17:55:23.350000+00:00,1.0,P
2909,3313,2021-03-20T17:55:26.370000+00:00,1.0,S
2910,3011,2021-03-20T17:55:23.350000+00:00,1.0,P
2910,3313,2021-03-20T17:55:26.370000+00:00,1.0,S
2911,3011,2021-03-20T17:55:23.350000+00:00,1.0,P
2911,3313,2021-03-20T17:55:26.370000+00:00,1.0,S
2912,3011,2021-03-20T17:55:23.350000+00:00,1.0,P
2912,3313,2021-03-20T17:55:26.370000+00:00,1.0,S
2913,3011,2021-03-20T17:55:23.350000+00:00,1.0,P
2913,3314,2021-03-20T17:55:26.380000+00:00,1.0,S
2914,3012,2021-03-20T17:55:23.360000+00:00,1.0,P
2914,3314,2021-03-20T17:55:26.380000+00:00,1.0,S
2915,3012,2021-03-20T17:55:23.360000+00:00,1.0,P
2915,3314,2021-03-20T17:55:26.380000+00:00,1.0,S
2916,3012,2021-03-20T17:55:23.360000+00:00,1.0,P
2916,3314,2021-03-20T17:55:26.380000+00:00,1.0,S
2917,3012,2021-03-20T17:55:23.360000+00:00,1.0,P
2917,3314,2021-03-20T17:55:26.380000+00:00,1.0,S
2918,3012,2021-03-20T17:55:23.360000+00:00,1.0,P
2918,3315,2021-03-20T17:55:26.390000+00:00,1.0,S
2919,3012,2021-03-20T17:55:23.360000+00:00,1.0,P
2919,3315,2021-03-20T17:55:26.390000+00:00,1.0,S
2920,3012,2021-03-20T17:55:23.360000+00:00,1.0,P
2920,3315,2021-03-20T17:55:26.390000+00:00,1.0,S
2921,3012,2021-03-20T17:55:23.360000+00:00,1.0,P
2921,3316,2021-03-20T17:55:26.400000+00:00,1.0,S
2922,3013,2021-03-20T17:55:23.370000+00:00,1.0,P
2922,3316,2021-03-20T17:55:26.400000+00:00,1.0,S
2923,3013,2021-03-20T17:55:23.370000+00:00,1.0,P
2923,3316,2021-03-20T17:55:26.400000+00:00,1.0,S
2924,3013,2021-03-20T17:55:23.370000+00:00,1.0,P
2924,3316,2021-03-20T17:55:26.400000+00:00,1.0,S
2925,3013,2021-03-20T17:55:23.370000+00:00,1.0,P
2925,3316,2021-03-20T17:55:26.400000+00:00,1.0,S
2926,3013,2021-03-20T17:55:23.370000+00:00,1.0,P
2926,3317,2021-03-20T17:55:26.410000+00:00,1.0,S
2927,3013,2021-03-20T17:55:23.370000+00:00,1.0,P
2927,3317,2021-03-20T17:55:26.410000+00:00,1.0,S
2928,3013,2021-03-20T17:55:23.370000+00:00,1.0,P
2928,3317,2021-03-20T17:55:26.410000+00:00,1.0,S
2929,3014,2021-03-20T17:55:23.380000+00:00,1.0,P
2929,3317,2021-03-20T17:55:26.410000+00:00,1.0,S
2930,3014,2021-03-20T17:55:23.380000+00:00,1.0,P
2930,3318,2021-03-20T17:55:26.420000+00:00,1.0,S
2931,3014,2021-03-20T17:55:23.380000+00:00,1.0,P
2931,3318,2021-03-20T17:55:26.420000+00:00,1.0,S
2932,3014,2021-03-20T17:55:23.380000+00:00,1.0,P
2932,3318,2021-03-20T17:55:26.420000+00:00,1.0,S
2933,3014,2021-03-20T17:55:23.380000+00:00,1.0,P
2933,3318,2021-03-20T17:55:26.420000+00:00,1.0,S
2934,3014,2021-03-20T17:55:23.380000+00:00,1.0,P
2934,3319,2021-03-20T17:55:26.429999+00:00,1.0,S
2935,3014,2021-03-20T17:55:23.380000+00:00,1.0,P
2935,3319,2021-03-20T17:55:26.429999+00:00,1.0,S
2936,3015,2021-03-20T17:55:23.390000+00:00,1.0,P
2936,3319,2021-03-20T17:55:26.429999+00:00,1.0,S
2937,3015,2021-03-20T17:55:23.390000+00:00,1.0,P
2937,3320,2021-03-20T17:55:26.440000+00:00,1.0,S
2938,3015,2021-03-20T17:55:23.390000+00:00,1.0,P
2938,3320,2021-03-20T17:55:26.440000+00:00,1.0,S
2939,3015,2021-03-20T17:55:23.390000+00:00,1.0,P
2939,3320,2021-03-20T17:55:26.440000+00:00,1.0,S
2940,3015,2021-03-20T17:55:23.390000+00:00,1.0,P
2940,3320,2021-03-20T17:55:26.440000+00:00,1.0,S
2941,3015,2021-03-20T17:55:23.390000+00:00,1.0,P
2941,3321,2021-03-20T17:55:26.450000+00:00,1.0,S
2942,3015,2021-03-20T17:55:23.390000+00:00,1.0,P
2942,3321,2021-03-20T17:55:26.450000+00:00,1.0,S
2943,3016,2021-03-20T17:55:23.400000+00:00,1.0,P
2943,3321,2021-03-20T17:55:26.450000+00:00,1.0,S
2944,3016,2021-03-20T17:55:23.400000+00:00,1.0,P
2944,3322,2021-03-20T17:55:26.460000+00:00,1.0,S
2945,3016,2021-03-20T17:55:23.400000+00:00,1.0,P
2945,3322,2021-03-20T17:55:26.460000+00:00,1.0,S
2946,3016,2021-03-20T17:55:23.400000+00:00,1.0,P
2946,3322,2021-03-20T17:55:26.460000+00:00,1.0,S
2947,3016,2021-03-20T17:55:23.400000+00:00,1.0,P
2947,3322,2021-03-20T17:55:26.460000+00:00,1.0,S
2948,3016,2021-03-20T17:55:23.400000+00:00,1.0,P
2948,3323,2021-03-20T17:55:26.470000+00:00,1.0,S
2949,3016,2021-03-20T17:55:23.400000+00:00,1.0,P
2949,3323,2021-03-20T17:55:26.470000+00:00,1.0,S
2950,3017,2021-03-20T17:55:23.410000+00:00,1.0,P
2950,3323,2021-03-20T17:55:26.470000+00:00,1.0,S
2951,3017,2021-03-20T17:55:23.410000+00:00,1.0,P
2951,3324,2021-03-20T17:55:26.480000+00:00,1.0,S
2952,3017,2021-03-20T17:55:23.410000+00:00,1.0,P
2952,3324,2021-03-20T17:55:26.480000+00:00,1.0,S
2953,3017,2021-03-20T17:55:23.410000+00:00,1.0,P
2953,3324,2021-03-20T17:55:26.480000+00:00,1.0,S
2954,3017,2021-03-20T17:55:23.410000+00:00,1.0,P
2954,3324,2021-03-20T17:55:26.480000+00:00,1.0,S
2955,3017,2021-03-20T17:55:23.410000+00:00,1.0,P
2955,3325,2021-03-20T17:55:26.490000+00:00,1.0,S
2956,3018,2021-03-20T17:55:23.420000+00:00,1.0,P
2956,3325,2021-03-20T17:55:26.490000+00:00,1.0,S
2957,3018,2021-03-20T17:55:23.420000+00:00,1.0,P
2957,3325,2021-03-20T17:55:26.490000+00:00,1.0,S
2958,3018,2021-03-20T17:55:23.420000+00:00,1.0,P
2958,3326,2021-03-20T17:55:26.499999+00:00,1.0,S
2959,3018,2021-03-20T17:55:23.420000+00:00,1.0,P
2959,3326,2021-03-20T17:55:26.499999+00:00,1.0,S
2960,3018,2021-03-20T17:55:23.420000+00:00,1.0,P
2960,3326,2021-03-20T17:55:26.499999+00:00,1.0,S
2961,3018,2021-03-20T17:55:23.420000+00:00,1.0,P
2961,3327,2021-03-20T17:55:26.510000+00:00,1.0,S
2962,3018,2021-03-20T17:55:23.420000+00:00,1.0,P
2962,3327,2021-03-20T17:55:26.510000+00:00,1.0,S
2963,3019,2021-03-20T17:55:23.430000+00:00,1.0,P
2963,3327,2021-03-20T17:55:26.510000+00:00,1.0,S
2964,3019,2021-03-20T17:55:23.430000+00:00,1.0,P
2964,3328,2021-03-20T17:55:26.520000+00:00,1.0,S
2965,3019,2021-03-20T17:55:23.430000+00:00,1.0,P
2965,3328,2021-03-20T17:55:26.520000+00:00,1.0,S
2966,3019,2021-03-20T17:55:23.430000+00:00,1.0,P
2966,3328,2021-03-20T17:55:26.520000+00:00,1.0,S
2967,3019,2021-03-20T17:55:23.430000+00:00,1.0,P
2967,3328,2021-03-20T17:55:26.520000+00:00,1.0,S
2968,3019,2021-03-20T17:55:23.430000+00:00,1.0,P
2968,3329,2021-03-20T17:55:26.530000+00:00,1.0,S
2969,3019,2021-03-20T17:55:23.430000+00:00,1.0,P
2969,3329,2021-03-20T17:55:26.530000+00:00,1.0,S
2970,3020,2021-03-20T17:55:23.440000+00:00,1.0,P
2970,3329,2021-03-20T17:55:26.530000+00:00,1.0,S
2971,3020,2021-03-20T17:55:23.440000+00:00,1.0,P
2971,3329,2021-03-20T17:55:26.530000+00:00,1.0,S
2972,3020,2021-03-20T17:55:23.440000+00:00,1.0,P
2972,3330,2021-03-20T17:55:26.539999+00:00,1.0,S
2973,3020,2021-03-20T17:55:23.440000+00:00,1.0,P
2973,3330,2021-03-20T17:55:26.539999+00:00,1.0,S
2974,3020,2021-03-20T17:55:23.440000+00:00,1.0,P
2974,3330,2021-03-20T17:55:26.539999+00:00,1.0,S
2975,3020,2021-03-20T17:55:23.440000+00:00,1.0,P
2975,3330,2021-03-20T17:55:26.539999+00:00,1.0,S
2976,3020,2021-03-20T17:55:23.440000+00:00,1.0,P
2976,3331,2021-03-20T17:55:26.550000+00:00,1.0,S
2977,3020,2021-03-20T17:55:23.440000+00:00,1.0,P
2977,3331,2021-03-20T17:55:26.550000+00:00,1.0,S
2978,3021,2021-03-20T17:55:23.450000+00:00,1.0,P
2978,3331,2021-03-20T17:55:26.550000+00:00,1.0,S
2979,3021,2021-03-20T17:55:23.450000+00:00,1.0,P
2979,3332,2021-03-20T17:55:26.560000+00:00,1.0,S
2980,3021,2021-03-20T17:55:23.450000+00:00,1.0,P
2980,3332,2021-03-20T17:55:26.560000+00:00,1.0,S
2981,3021,2021-03-20T17:55:23.450000+00:00,1.0,P
2981,3332,2021-03-20T17:55:26.560000+00:00,1.0,S
2982,3021,2021-03-20T17:55:23.450000+00:00,1.0,P
2982,3332,2021-03-20T17:55:26.560000+00:00,1.0,S
2983,3021,2021-03-20T17:55:23.450000+00:00,1.0,P
2983,3333,2021-03-20T17:55:26.570000+00:00,1.0,S
2984,3021,2021-03-20T17:55:23.450000+00:00,1.0,P
2984,3333,2021-03-20T17:55:26.570000+00:00,1.0,S
2985,3021,2021-03-20T17:55:23.450000+00:00,1.0,P
2985,3333,2021-03-20T17:55:26.570000+00:00,1.0,S
2986,3021,2021-03-20T17:55:23.450000+00:00,1.0,P
2986,3333,2021-03-20T17:55:26.570000+00:00,1.0,S
2987,3021,2021-03-20T17:55:23.450000+00:00,1.0,P
2987,3334,2021-03-20T17:55:26.580000+00:00,1.0,S
2988,3022,2021-03-20T17:55:23.460000+00:00,1.0,P
2988,3334,2021-03-20T17:55:26.580000+00:00,1.0,S
2989,3022,2021-03-20T17:55:23.460000+00:00,1.0,P
2989,3334,2021-03-20T17:55:26.580000+00:00,1.0,S
2990,3022,2021-03-20T17:55:23.460000+00:00,1.0,P
2990,3334,2021-03-20T17:55:26.580000+00:00,1.0,S
2991,3022,2021-03-20T17:55:23.460000+00:00,1.0,P
2991,3334,2021-03-20T17:55:26.580000+00:00,1.0,S
2992,3022,2021-03-20T17:55:23.460000+00:00,1.0,P
2992,3335,2021-03-20T17:55:26.590000+00:00,1.0,S
2993,3022,2021-03-20T17:55:23.460000+00:00,1.0,P
2993,3335,2021-03-20T17:55:26.590000+00:00,1.0,S
2994,3022,2021-03-20T17:55:23.460000+00:00,1.0,P
2994,3335,2021-03-20T17:55:26.590000+00:00,1.0,S
2995,3022,2021-03-20T17:55:23.460000+00:00,1.0,P
2995,3335,2021-03-20T17:55:26.590000+00:00,1.0,S
2996,3022,2021-03-20T17:55:23.460000+00:00,1.0,P
2996,3336,2021-03-20T17:55:26.600000+00:00,1.0,S
2997,3023,2021-03-20T17:55:23.470000+00:00,1.0,P
2997,3336,2021-03-20T17:55:26.600000+00:00,1.0,S
2998,3023,2021-03-20T17:55:23.470000+00:00,1.0,P
2998,3336,2021-03-20T17:55:26.600000+00:00,1.0,S
2999,3023,2021-03-20T17:55:23.470000+00:00,1.0,P
2999,3336,2021-03-20T17:55:26.600000+00:00,1.0,S
3000,3023,2021-03-20T17:55:23.470000+00:00,1.0,P
3000,3337,2021-03-20T17:55:26.609999+00:00,1.0,S
3001,3023,2021-03-20T17:55:23.470000+00:00,1.0,P
3001,3337,2021-03-20T17:55:26.609999+00:00,1.0,S
3002,3023,2021-03-20T17:55:23.470000+00:00,1.0,P
3002,3337,2021-03-20T17:55:26.609999+00:00,1.0,S
3003,3023,2021-03-20T17:55:23.470000+00:00,1.0,P
3003,3337,2021-03-20T17:55:26.609999+00:00,1.0,S
3004,3023,2021-03-20T17:55:23.470000+00:00,1.0,P
3004,3338,2021-03-20T17:55:26.620000+00:00,1.0,S
3005,3023,2021-03-20T17:55:23.470000+00:00,1.0,P
3005,3338,2021-03-20T17:55:26.620000+00:00,1.0,S
3006,3023,2021-03-20T17:55:23.470000+00:00,1.0,P
3006,3338,2021-03-20T17:55:26.620000+00:00,1.0,S
3007,3023,2021-03-20T17:55:23.470000+00:00,1.0,P
3007,3338,2021-03-20T17:55:26.620000+00:00,1.0,S
3008,3023,2021-03-20T17:55:23.470000+00:00,1.0,P
3008,3339,2021-03-20T17:55:26.630000+00:00,1.0,S
3009,3024,2021-03-20T17:55:23.480000+00:00,1.0,P
3009,3339,2021-03-20T17:55:26.630000+00:00,1.0,S
3010,3024,2021-03-20T17:55:23.480000+00:00,1.0,P
3010,3339,2021-03-20T17:55:26.630000+00:00,1.0,S
3011,3024,2021-03-20T17:55:23.480000+00:00,1.0,P
3011,3339,2021-03-20T17:55:26.630000+00:00,1.0,S
3012,3024,2021-03-20T17:55:23.480000+00:00,1.0,P
3012,3340,2021-03-20T17:55:26.640000+00:00,1.0,S
3013,3024,2021-03-20T17:55:23.480000+00:00,1.0,P
3013,3340,2021-03-20T17:55:26.640000+00:00,1.0,S
3014,3024,2021-03-20T17:55:23.480000+00:00,1.0,P
3014,3340,2021-03-20T17:55:26.640000+00:00,1.0,S
3015,3024,2021-03-20T17:55:23.480000+00:00,1.0,P
3015,3340,2021-03-20T17:55:26.640000+00:00,1.0,S
3016,3024,2021-03-20T17:55:23.480000+00:00,1.0,P
3016,3340,2021-03-20T17:55:26.640000+00:00,1.0,S
3017,3024,2021-03-20T17:55:23.480000+00:00,1.0,P
3017,3341,2021-03-20T17:55:26.650000+00:00,1.0,S
3018,3024,2021-03-20T17:55:23.480000+00:00,1.0,P
3018,3341,2021-03-20T17:55:26.650000+00:00,1.0,S
3019,3024,2021-03-20T17:55:23.480000+00:00,1.0,P
3019,3341,2021-03-20T17:55:26.650000+00:00,1.0,S
3020,3024,2021-03-20T17:55:23.480000+00:00,1.0,P
3020,3341,2021-03-20T17:55:26.650000+00:00,1.0,S
3021,3024,2021-03-20T17:55:23.480000+00:00,1.0,P
3021,3342,2021-03-20T17:55:26.660000+00:00,1.0,S
3022,3024,2021-03-20T17:55:23.480000+00:00,1.0,P
3022,3342,2021-03-20T17:55:26.660000+00:00,1.0,S
3023,3025,2021-03-20T17:55:23.490000+00:00,1.0,P
3023,3342,2021-03-20T17:55:26.660000+00:00,1.0,S
3024,3025,2021-03-20T17:55:23.490000+00:00,1.0,P
3024,3342,2021-03-20T17:55:26.660000+00:00,1.0,S
3025,3025,2021-03-20T17:55:23.490000+00:00,1.0,P
3025,3343,2021-03-20T17:55:26.670000+00:00,1.0,S
3026,3025,2021-03-20T17:55:23.490000+00:00,1.0,P
3026,3343,2021-03-20T17:55:26.670000+00:00,1.0,S
3027,3025,2021-03-20T17:55:23.490000+00:00,1.0,P
3027,3343,2021-03-20T17:55:26.670000+00:00,1.0,S
3028,3025,2021-03-20T17:55:23.490000+00:00,1.0,P
3028,3343,2021-03-20T17:55:26.670000+00:00,1.0,S
3029,3025,2021-03-20T17:55:23.490000+00:00,1.0,P
3029,3343,2021-03-20T17:55:26.670000+00:00,1.0,S
3030,3025,2021-03-20T17:55:23.490000+00:00,1.0,P
3030,3344,2021-03-20T17:55:26.679999+00:00,1.0,S
3031,3025,2021-03-20T17:55:23.490000+00:00,1.0,P
3031,3344,2021-03-20T17:55:26.679999+00:00,1.0,S
3032,3025,2021-03-20T17:55:23.490000+00:00,1.0,P
3032,3344,2021-03-20T17:55:26.679999+00:00,1.0,S
3033,3025,2021-03-20T17:55:23.490000+00:00,1.0,P
3033,3344,2021-03-20T17:55:26.679999+00:00,1.0,S
3034,3025,2021-03-20T17:55:23.490000+00:00,1.0,P
3034,3344,2021-03-20T17:55:26.679999+00:00,1.0,S
3035,3025,2021-03-20T17:55:23.490000+00:00,1.0,P
3035,3344,2021-03-20T17:55:26.679999+00:00,1.0,S
3036,3026,2021-03-20T17:55:23.500000+00:00,1.0,P
3036,3345,2021-03-20T17:55:26.690000+00:00,1.0,S
3037,3026,2021-03-20T17:55:23.500000+00:00,1.0,P
3037,3345,2021-03-20T17:55:26.690000+00:00,1.0,S
3038,3026,2021-03-20T17:55:23.500000+00:00,1.0,P
3038,3345,2021-03-20T17:55:26.690000+00:00,1.0,S
3039,3026,2021-03-20T17:55:23.500000+00:00,1.0,P
3039,3345,2021-03-20T17:55:26.690000+00:00,1.0,S
3040,3026,2021-03-20T17:55:23.500000+00:00,1.0,P
3040,3345,2021-03-20T17:55:26.690000+00:00,1.0,S
3041,3026,2021-03-20T17:55:23.500000+00:00,1.0,P
3041,3345,2021-03-20T17:55:26.690000+00:00,1.0,S
3042,3026,2021-03-20T17:55:23.500000+00:00,1.0,P
3042,3346,2021-03-20T17:55:26.700000+00:00,1.0,S
3043,3026,2021-03-20T17:55:23.500000+00:00,1.0,P
3043,3346,2021-03-20T17:55:26.700000+00:00,1.0,S
3044,3026,2021-03-20T17:55:23.500000+00:00,1.0,P
3044,3346,2021-03-20T17:55:26.700000+00:00,1.0,S
3045,3026,2021-03-20T17:55:23.500000+00:00,1.0,P
3045,3346,2021-03-20T17:55:26.700000+00:00,1.0,S
3046,3026,2021-03-20T17:55:23.500000+00:00,1.0,P
3046,3346,2021-03-20T17:55:26.700000+00:00,1.0,S
3047,3027,2021-03-20T17:55:23.510000+00:00,1.0,P
3047,3347,2021-03-20T17:55:26.710000+00:00,1.0,S
3048,3027,2021-03-20T17:55:23.510000+00:00,1.0,P
3048,3347,2021-03-20T17:55:26.710000+00:00,1.0,S
3049,3027,2021-03-20T17:55:23.510000+00:00,1.0,P
3049,3347,2021-03-20T17:55:26.710000+00:00,1.0,S
3050,3027,2021-03-20T17:55:23.510000+00:00,1.0,P
3050,3347,2021-03-20T17:55:26.710000+00:00,1.0,S
3051,3027,2021-03-20T17:55:23.510000+00:00,1.0,P
3051,3347,2021-03-20T17:55:26.710000+00:00,1.0,S
3052,3027,2021-03-20T17:55:23.510000+00:00,1.0,P
3052,3348,2021-03-20T17:55:26.720000+00:00,1.0,S
3053,3027,2021-03-20T17:55:23.510000+00:00,1.0,P
3053,3348,2021-03-20T17:55:26.720000+00:00,1.0,S
3054,3027,2021-03-20T17:55:23.510000+00:00,1.0,P
3054,3348,2021-03-20T17:55:26.720000+00:00,1.0,S
3055,3027,2021-03-20T17:55:23.510000+00:00,1.0,P
3055,3348,2021-03-20T17:55:26.720000+00:00,1.0,S
3056,3027,2021-03-20T17:55:23.510000+00:00,1.0,P
3056,3349,2021-03-20T17:55:26.730000+00:00,1.0,S
3057,3028,2021-03-20T17:55:23.520000+00:00,1.0,P
3057,3349,2021-03-20T17:55:26.730000+00:00,1.0,S
3058,3028,2021-03-20T17:55:23.520000+00:00,1.0,P
3058,3349,2021-03-20T17:55:26.730000+00:00,1.0,S
3059,3028,2021-03-20T17:55:23.520000+00:00,1.0,P
3059,3349,2021-03-20T17:55:26.730000+00:00,1.0,S
3060,3028,2021-03-20T17:55:23.520000+00:00,1.0,P
3060,3349,2021-03-20T17:55:26.730000+00:00,1.0,S
3061,3028,2021-03-20T17:55:23.520000+00:00,1.0,P
3061,3350,2021-03-20T17:55:26.740000+00:00,1.0,S
3062,3028,2021-03-20T17:55:23.520000+00:00,1.0,P
3062,3350,2021-03-20T17:55:26.740000+00:00,1.0,S
3063,3028,2021-03-20T17:55:23.520000+00:00,1.0,P
3063,3350,2021-03-20T17:55:26.740000+00:00,1.0,S
3064,3028,2021-03-20T17:55:23.520000+00:00,1.0,P
3064,3350,2021-03-20T17:55:26.740000+00:00,1.0,S
3065,3028,2021-03-20T17:55:23.520000+00:00,1.0,P
3065,3350,2021-03-20T17:55:26.740000+00:00,1.0,S
3066,3028,2021-03-20T17:55:23.520000+00:00,1.0,P
3066,3350,2021-03-20T17:55:26.740000+00:00,1.0,S
3067,3029,2021-03-20T17:55:23.530000+00:00,1.0,P
3067,3351,2021-03-20T17:55:26.749999+00:00,1.0,S
3068,3029,2021-03-20T17:55:23.530000+00:00,1.0,P
3068,3351,2021-03-20T17:55:26.749999+00:00,1.0,S
3069,3029,2021-03-20T17:55:23.530000+00:00,1.0,P
3069,3351,2021-03-20T17:55:26.749999+00:00,1.0,S
3070,3029,2021-03-20T17:55:23.530000+00:00,1.0,P
3070,3351,2021-03-20T17:55:26.749999+00:00,1.0,S
3071,3029,2021-03-20T17:55:23.530000+00:00,1.0,P
3071,3351,2021-03-20T17:55:26.749999+00:00,1.0,S
3072,3029,2021-03-20T17:55:23.530000+00:00,1.0,P
3072,3351,2021-03-20T17:55:26.749999+00:00,1.0,S
3073,3029,2021-03-20T17:55:23.530000+00:00,1.0,P
3073,3352,2021-03-20T17:55:26.760000+00:00,1.0,S
3074,3029,2021-03-20T17:55:23.530000+00:00,1.0,P
3074,3352,2021-03-20T17:55:26.760000+00:00,1.0,S
3075,3029,2021-03-20T17:55:23.530000+00:00,1.0,P
3075,3352,2021-03-20T17:55:26.760000+00:00,1.0,S
3076,3029,2021-03-20T17:55:23.530000+00:00,1.0,P
3076,3352,2021-03-20T17:55:26.760000+00:00,1.0,S
3077,3030,2021-03-20T17:55:23.540000+00:00,1.0,P
3077,3352,2021-03-20T17:55:26.760000+00:00,1.0,S
3078,3030,2021-03-20T17:55:23.540000+00:00,1.0,P
3078,3352,2021-03-20T17:55:26.760000+00:00,1.0,S
3079,3030,2021-03-20T17:55:23.540000+00:00,1.0,P
3079,3353,2021-03-20T17:55:26.770000+00:00,1.0,S
3080,3030,2021-03-20T17:55:23.540000+00:00,1.0,P
3080,3353,2021-03-20T17:55:26.770000+00:00,1.0,S
3081,3030,2021-03-20T17:55:23.540000+00:00,1.0,P
3081,3353,2021-03-20T17:55:26.770000+00:00,1.0,S
3082,3030,2021-03-20T17:55:23.540000+00:00,1.0,P
3082,3353,2021-03-20T17:55:26.770000+00:00,1.0,S
3083,3030,2021-03-20T17:55:23.540000+00:00,1.0,P
3083,3353,2021-03-20T17:55:26.770000+00:00,1.0,S
3084,3030,2021-03-20T17:55:23.540000+00:00,1.0,P
3084,3353,2021-03-20T17:55:26.770000+00:00,1.0,S
3085,3030,2021-03-20T17:55:23.540000+00:00,1.0,P
3085,3354,2021-03-20T17:55:26.780000+00:00,1.0,S
3086,3030,2021-03-20T17:55:23.540000+00:00,1.0,P
3086,3354,2021-03-20T17:55:26.780000+00:00,1.0,S
3087,3031,2021-03-20T17:55:23.550000+00:00,1.0,P
3087,3354,2021-03-20T17:55:26.780000+00:00,1.0,S
3088,3031,2021-03-20T17:55:23.550000+00:00,1.0,P
3088,3354,2021-03-20T17:55:26.780000+00:00,1.0,S
3089,3031,2021-03-20T17:55:23.550000+00:00,1.0,P
3089,3354,2021-03-20T17:55:26.780000+00:00,1.0,S
3090,3031,2021-03-20T17:55:23.550000+00:00,1.0,P
3090,3354,2021-03-20T17:55:26.780000+00:00,1.0,S
3091,3031,2021-03-20T17:55:23.550000+00:00,1.0,P
3091,3355,2021-03-20T17:55:26.789999+00:00,1.0,S
3092,3031,2021-03-20T17:55:23.550000+00:00,1.0,P
3092,3355,2021-03-20T17:55:26.789999+00:00,1.0,S
3093,3031,2021-03-20T17:55:23.550000+00:00,1.0,P
3093,3355,2021-03-20T17:55:26.789999+00:00,1.0,S
3094,3031,2021-03-20T17:55:23.550000+00:00,1.0,P
3094,3355,2021-03-20T17:55:26.789999+00:00,1.0,S
3095,3031,2021-03-20T17:55:23.550000+00:00,1.0,P
3095,3355,2021-03-20T17:55:26.789999+00:00,1.0,S
3096,3032,2021-03-20T17:55:23.560000+00:00,1.0,P
3096,3355,2021-03-20T17:55:26.789999+00:00,1.0,S
3097,3032,2021-03-20T17:55:23.560000+00:00,1.0,P
3097,3355,2021-03-20T17:55:26.789999+00:00,1.0,S
3098,3032,2021-03-20T17:55:23.560000+00:00,1.0,P
3098,3355,2021-03-20T17:55:26.789999+00:00,1.0,S
3099,3032,2021-03-20T17:55:23.560000+00:00,1.0,P
3099,3356,2021-03-20T17:55:26.800000+00:00,1.0,S
3100,3032,2021-03-20T17:55:23.560000+00:00,1.0,P
3100,3356,2021-03-20T17:55:26.800000+00:00,1.0,S
3101,3032,2021-03-20T17:55:23.560000+00:00,1.0,P
3101,3356,2021-03-20T17:55:26.800000+00:00,1.0,S
3102,3032,2021-03-20T17:55:23.560000+00:00,1.0,P
3102,3356,2021-03-20T17:55:26.800000+00:00,1.0,S
3103,3032,2021-03-20T17:55:23.560000+00:00,1.0,P
3103,3356,2021-03-20T17:55:26.800000+00:00,1.0,S
3104,3033,2021-03-20T17:55:23.570000+00:00,1.0,P
3104,3356,2021-03-20T17:55:26.800000+00:00,1.0,S
3105,3033,2021-03-20T17:55:23.570000+00:00,1.0,P
3105,3357,2021-03-20T17:55:26.810000+00:00,1.0,S
3106,3033,2021-03-20T17:55:23.570000+00:00,1.0,P
3106,3357,2021-03-20T17:55:26.810000+00:00,1.0,S
3107,3033,2021-03-20T17:55:23.570000+00:00,1.0,P
3107,3357,2021-03-20T17:55:26.810000+00:00,1.0,S
3108,3033,2021-03-20T17:55:23.570000+00:00,1.0,P
3108,3357,2021-03-20T17:55:26.810000+00:00,1.0,S
3109,3033,2021-03-20T17:55:23.570000+00:00,1.0,P
3109,3357,2021-03-20T17:55:26.810000+00:00,1.0,S
3110,3033,2021-03-20T17:55:23.570000+00:00,1.0,P
3110,3357,2021-03-20T17:55:26.810000+00:00,1.0,S
3111,3033,2021-03-20T17:55:23.570000+00:00,1.0,P
3111,3358,2021-03-20T17:55:26.820000+00:00,1.0,S
3112,3033,2021-03-20T17:55:23.570000+00:00,1.0,P
3112,3358,2021-03-20T17:55:26.820000+00:00,1.0,S
3113,3033,2021-03-20T17:55:23.570000+00:00,1.0,P
3113,3358,2021-03-20T17:55:26.820000+00:00,1.0,S
3114,3034,2021-03-20T17:55:23.580000+00:00,1.0,P
3114,3358,2021-03-20T17:55:26.820000+00:00,1.0,S
3115,3034,2021-03-20T17:55:23.580000+00:00,1.0,P
3115,3358,2021-03-20T17:55:26.820000+00:00,1.0,S
3116,3034,2021-03-20T17:55:23.580000+00:00,1.0,P
3116,3359,2021-03-20T17:55:26.830000+00:00,1.0,S
3117,3034,2021-03-20T17:55:23.580000+00:00,1.0,P
3117,3359,2021-03-20T17:55:26.830000+00:00,1.0,S
3118,3034,2021-03-20T17:55:23.580000+00:00,1.0,P
3118,3359,2021-03-20T17:55:26.830000+00:00,1.0,S
3119,3034,2021-03-20T17:55:23.580000+00:00,1.0,P
3119,3359,2021-03-20T17:55:26.830000+00:00,1.0,S
3120,3034,2021-03-20T17:55:23.580000+00:00,1.0,P
3120,3359,2021-03-20T17:55:26.830000+00:00,1.0,S
3121,3034,2021-03-20T17:55:23.580000+00:00,1.0,P
3121,3359,2021-03-20T17:55:26.830000+00:00,1.0,S
3122,3034,2021-03-20T17:55:23.580000+00:00,1.0,P
3122,3359,2021-03-20T17:55:26.830000+00:00,1.0,S
3123,3035,2021-03-20T17:55:23.590000+00:00,1.0,P
3123,3360,2021-03-20T17:55:26.840000+00:00,1.0,S
3124,3035,2021-03-20T17:55:23.590000+00:00,1.0,P
3124,3360,2021-03-20T17:55:26.840000+00:00,1.0,S
3125,3035,2021-03-20T17:55:23.590000+00:00,1.0,P
3125,3360,2021-03-20T17:55:26.840000+00:00,1.0,S
3126,3035,2021-03-20T17:55:23.590000+00:00,1.0,P
3126,3360,2021-03-20T17:55:26.840000+00:00,1.0,S
3127,3035,2021-03-20T17:55:23.590000+00:00,1.0,P
3127,3360,2021-03-20T17:55:26.840000+00:00,1.0,S
3128,3035,2021-03-20T17:55:23.590000+00:00,1.0,P
3128,3360,2021-03-20T17:55:26.840000+00:00,1.0,S
3129,3035,2021-03-20T17:55:23.590000+00:00,1.0,P
3129,3361,2021-03-20T17:55:26.850000+00:00,1.0,S
3130,3035,2021-03-20T17:55:23.590000+00:00,1.0,P
3130,3361,2021-03-20T17:55:26.850000+00:00,1.0,S
3131,3035,2021-03-20T17:55:23.590000+00:00,1.0,P
3131,3361,2021-03-20T17:55:26.850000+00:00,1.0,S
3132,3036,2021-03-20T17:55:23.600000+00:00,1.0,P
3132,3361,2021-03-20T17:55:26.850000+00:00,1.0,S
3133,3036,2021-03-20T17:55:23.600000+00:00,1.0,P
3133,3362,2021-03-20T17:55:26.859999+00:00,1.0,S
3134,3036,2021-03-20T17:55:23.600000+00:00,1.0,P
3134,3362,2021-03-20T17:55:26.859999+00:00,1.0,S
3135,3036,2021-03-20T17:55:23.600000+00:00,1.0,P
3135,3362,2021-03-20T17:55:26.859999+00:00,1.0,S
3136,3036,2021-03-20T17:55:23.600000+00:00,1.0,P
3136,3362,2021-03-20T17:55:26.859999+00:00,1.0,S
3137,3036,2021-03-20T17:55:23.600000+00:00,1.0,P
3137,3362,2021-03-20T17:55:26.859999+00:00,1.0,S
3138,3036,2021-03-20T17:55:23.600000+00:00,1.0,P
3138,3363,2021-03-20T17:55:26.870000+00:00,1.0,S
3139,3036,2021-03-20T17:55:23.600000+00:00,1.0,P
3139,3363,2021-03-20T17:55:26.870000+00:00,1.0,S
3140,3036,2021-03-20T17:55:23.600000+00:00,1.0,P
3140,3363,2021-03-20T17:55:26.870000+00:00,1.0,S
3141,3037,2021-03-20T17:55:23.610000+00:00,1.0,P
3141,3363,2021-03-20T17:55:26.870000+00:00,1.0,S
3142,3037,2021-03-20T17:55:23.610000+00:00,1.0,P
3142,3363,2021-03-20T17:55:26.870000+00:00,1.0,S
3143,3037,2021-03-20T17:55:23.610000+00:00,1.0,P
3143,3363,2021-03-20T17:55:26.870000+00:00,1.0,S
3144,3037,2021-03-20T17:55:23.610000+00:00,1.0,P
3144,3363,2021-03-20T17:55:26.870000+00:00,1.0,S
3145,3037,2021-03-20T17:55:23.610000+00:00,1.0,P
3145,3363,2021-03-20T17:55:26.870000+00:00,1.0,S
3146,3037,2021-03-20T17:55:23.610000+00:00,1.0,P
3146,3364,2021-03-20T17:55:26.880000+00:00,1.0,S
3147,3037,2021-03-20T17:55:23.610000+00:00,1.0,P
3147,3364,2021-03-20T17:55:26.880000+00:00,1.0,S
3148,3037,2021-03-20T17:55:23.610000+00:00,1.0,P
3148,3364,2021-03-20T17:55:26.880000+00:00,1.0,S
3149,3037,2021-03-20T17:55:23.610000+00:00,1.0,P
3149,3364,2021-03-20T17:55:26.880000+00:00,1.0,S
3150,3038,2021-03-20T17:55:23.620000+00:00,1.0,P
3150,3365,2021-03-20T17:55:26.890000+00:00,1.0,S
3151,3038,2021-03-20T17:55:23.620000+00:00,1.0,P
3151,3365,2021-03-20T17:55:26.890000+00:00,1.0,S
3152,3038,2021-03-20T17:55:23.620000+00:00,1.0,P
3152,3365,2021-03-20T17:55:26.890000+00:00,1.0,S
3153,3038,2021-03-20T17:55:23.620000+00:00,1.0,P
3153,3365,2021-03-20T17:55:26.890000+00:00,1.0,S
3154,3038,2021-03-20T17:55:23.620000+00:00,1.0,P
3154,3365,2021-03-20T17:55:26.890000+00:00,1.0,S
3155,3038,2021-03-20T17:55:23.620000+00:00,1.0,P
3155,3365,2021-03-20T17:55:26.890000+00:00,1.0,S
3156,3038,2021-03-20T17:55:23.620000+00:00,1.0,P
3156,3365,2021-03-20T17:55:26.890000+00:00,1.0,S
3157,3038,2021-03-20T17:55:23.620000+00:00,1.0,P
3157,3366,2021-03-20T17:55:26.900000+00:00,1.0,S
3158,3038,2021-03-20T17:55:23.620000+00:00,1.0,P
3158,3366,2021-03-20T17:55:26.900000+00:00,1.0,S
3159,3038,2021-03-20T17:55:23.620000+00:00,1.0,P
3159,3366,2021-03-20T17:55:26.900000+00:00,1.0,S
3160,3039,2021-03-20T17:55:23.630000+00:00,1.0,P
3160,3366,2021-03-20T17:55:26.900000+00:00,1.0,S
3161,3039,2021-03-20T17:55:23.630000+00:00,1.0,P
3161,3366,2021-03-20T17:55:26.900000+00:00,1.0,S
3162,3039,2021-03-20T17:55:23.630000+00:00,1.0,P
3162,3366,2021-03-20T17:55:26.900000+00:00,1.0,S
3163,3039,2021-03-20T17:55:23.630000+00:00,1.0,P
3163,3366,2021-03-20T17:55:26.900000+00:00,1.0,S
3164,3039,2021-03-20T17:55:23.630000+00:00,1.0,P
3164,3366,2021-03-20T17:55:26.900000+00:00,1.0,S
3165,3039,2021-03-20T17:55:23.630000+00:00,1.0,P
3165,3366,2021-03-20T17:55:26.900000+00:00,1.0,S
3166,3039,2021-03-20T17:55:23.630000+00:00,1.0,P
3166,3366,2021-03-20T17:55:26.900000+00:00,1.0,S
3167,3039,2021-03-20T17:55:23.630000+00:00,1.0,P
3167,3366,2021-03-20T17:55:26.900000+00:00,1.0,S
3168,3039,2021-03-20T17:55:23.630000+00:00,1.0,P
3168,3366,2021-03-20T17:55:26.900000+00:00,1.0,S
3169,3040,2021-03-20T17:55:23.640000+00:00,1.0,P
3169,3367,2021-03-20T17:55:26.910000+00:00,1.0,S
3170,3040,2021-03-20T17:55:23.640000+00:00,1.0,P
3170,3367,2021-03-20T17:55:26.910000+00:00,1.0,S
3171,3040,2021-03-20T17:55:23.640000+00:00,1.0,P
3171,3367,2021-03-20T17:55:26.910000+00:00,1.0,S
3172,3040,2021-03-20T17:55:23.640000+00:00,1.0,P
3172,3367,2021-03-20T17:55:26.910000+00:00,1.0,S
3173,3040,2021-03-20T17:55:23.640000+00:00,1.0,P
3173,3367,2021-03-20T17:55:26.910000+00:00,1.0,S
3174,3040,2021-03-20T17:55:23.640000+00:00,1.0,P
3174,3367,2021-03-20T17:55:26.910000+00:00,1.0,S
3175,3040,2021-03-20T17:55:23.640000+00:00,1.0,P
3175,3368,2021-03-20T17:55:26.920000+00:00,1.0,S
3176,3040,2021-03-20T17:55:23.640000+00:00,1.0,P
3176,3368,2021-03-20T17:55:26.920000+00:00,1.0,S
3177,3040,2021-03-20T17:55:23.640000+00:00,1.0,P
3177,3368,2021-03-20T17:55:26.920000+00:00,1.0,S
3178,3041,2021-03-20T17:55:23.650000+00:00,1.0,P
3178,3368,2021-03-20T17:55:26.920000+00:00,1.0,S
3179,3041,2021-03-20T17:55:23.650000+00:00,1.0,P
3179,3368,2021-03-20T17:55:26.920000+00:00,1.0,S
3180,3041,2021-03-20T17:55:23.650000+00:00,1.0,P
3180,3368,2021-03-20T17:55:26.920000+00:00,1.0,S
3181,3041,2021-03-20T17:55:23.650000+00:00,1.0,P
3181,3368,2021-03-20T17:55:26.920000+00:00,1.0,S
3182,3041,2021-03-20T17:55:23.650000+00:00,1.0,P
3182,3368,2021-03-20T17:55:26.920000+00:00,1.0,S
3183,3041,2021-03-20T17:55:23.650000+00:00,1.0,P
3183,3369,2021-03-20T17:55:26.929999+00:00,1.0,S
3184,3041,2021-03-20T17:55:23.650000+00:00,1.0,P
3184,3369,2021-03-20T17:55:26.929999+00:00,1.0,S
3185,3041,2021-03-20T17:55:23.650000+00:00,1.0,P
3185,3369,2021-03-20T17:55:26.929999+00:00,1.0,S
3186,3041,2021-03-20T17:55:23.650000+00:00,1.0,P
3186,3369,2021-03-20T17:55:26.929999+00:00,1.0,S
3187,3042,2021-03-20T17:55:23.660000+00:00,1.0,P
3187,3369,2021-03-20T17:55:26.929999+00:00,1.0,S
3188,3042,2021-03-20T17:55:23.660000+00:00,1.0,P
3188,3369,2021-03-20T17:55:26.929999+00:00,1.0,S
3189,3042,2021-03-20T17:55:23.660000+00:00,1.0,P
3189,3369,2021-03-20T17:55:26.929999+00:00,1.0,S
3190,3042,2021-03-20T17:55:23.660000+00:00,1.0,P
3190,3370,2021-03-20T17:55:26.940000+00:00,1.0,S
3191,3042,2021-03-20T17:55:23.660000+00:00,1.0,P
3191,3370,2021-03-20T17:55:26.940000+00:00,1.0,S
3192,3042,2021-03-20T17:55:23.660000+00:00,1.0,P
3192,3370,2021-03-20T17:55:26.940000+00:00,1.0,S
3193,3042,2021-03-20T17:55:23.660000+00:00,1.0,P
3193,3370,2021-03-20T17:55:26.940000+00:00,1.0,S
3194,3042,2021-03-20T17:55:23.660000+00:00,1.0,P
3194,3370,2021-03-20T17:55:26.940000+00:00,1.0,S
3195,3042,2021-03-20T17:55:23.660000+00:00,1.0,P
3195,3370,2021-03-20T17:55:26.940000+00:00,1.0,S
3196,3043,2021-03-20T17:55:23.670000+00:00,1.0,P
3196,3370,2021-03-20T17:55:26.940000+00:00,1.0,S
3197,3043,2021-03-20T17:55:23.670000+00:00,1.0,P
3197,3370,2021-03-20T17:55:26.940000+00:00,1.0,S
3198,3043,2021-03-20T17:55:23.670000+00:00,1.0,P
3198,3371,2021-03-20T17:55:26.950000+00:00,1.0,S
3199,3043,2021-03-20T17:55:23.670000+00:00,1.0,P
3199,3371,2021-03-20T17:55:26.950000+00:00,1.0,S
3200,3043,2021-03-20T17:55:23.670000+00:00,1.0,P
3200,3371,2021-03-20T17:55:26.950000+00:00,1.0,S
3201,3043,2021-03-20T17:55:23.670000+00:00,1.0,P
3201,3371,2021-03-20T17:55:26.950000+00:00,1.0,S
3202,3043,2021-03-20T17:55:23.670000+00:00,1.0,P
3202,3371,2021-03-20T17:55:26.950000+00:00,1.0,S
3203,3043,2021-03-20T17:55:23.670000+00:00,1.0,P
3203,3371,2021-03-20T17:55:26.950000+00:00,1.0,S
3204,3044,2021-03-20T17:55:23.680000+00:00,1.0,P
3204,3371,2021-03-20T17:55:26.950000+00:00,1.0,S
3205,3044,2021-03-20T17:55:23.680000+00:00,1.0,P
3205,3371,2021-03-20T17:55:26.950000+00:00,1.0,S
3206,3044,2021-03-20T17:55:23.680000+00:00,1.0,P
3206,3372,2021-03-20T17:55:26.960000+00:00,1.0,S
3207,3044,2021-03-20T17:55:23.680000+00:00,1.0,P
3207,3372,2021-03-20T17:55:26.960000+00:00,1.0,S
3208,3044,2021-03-20T17:55:23.680000+00:00,1.0,P
3208,3372,2021-03-20T17:55:26.960000+00:00,1.0,S
3209,3044,2021-03-20T17:55:23.680000+00:00,1.0,P
3209,3372,2021-03-20T17:55:26.960000+00:00,1.0,S
3210,3044,2021-03-20T17:55:23.680000+00:00,1.0,P
3210,3372,2021-03-20T17:55:26.960000+00:00,1.0,S
3211,3045,2021-03-20T17:55:23.690000+00:00,1.0,P
3211,3373,2021-03-20T17:55:26.970000+00:00,1.0,S
3212,3045,2021-03-20T17:55:23.690000+00:00,1.0,P
3212,3373,2021-03-20T17:55:26.970000+00:00,1.0,S
3213,3045,2021-03-20T17:55:23.690000+00:00,1.0,P
3213,3373,2021-03-20T17:55:26.970000+00:00,1.0,S
3214,3045,2021-03-20T17:55:23.690000+00:00,1.0,P
3214,3373,2021-03-20T17:55:26.970000+00:00,1.0,S
3215,3045,2021-03-20T17:55:23.690000+00:00,1.0,P
3215,3373,2021-03-20T17:55:26.970000+00:00,1.0,S
3216,3045,2021-03-20T17:55:23.690000+00:00,1.0,P
3216,3374,2021-03-20T17:55:26.980000+00:00,1.0,S
3217,3045,2021-03-20T17:55:23.690000+00:00,1.0,P
3217,3374,2021-03-20T17:55:26.980000+00:00,1.0,S
3218,3046,2021-03-20T17:55:23.700000+00:00,1.0,P
3218,3374,2021-03-20T17:55:26.980000+00:00,1.0,S
3219,3046,2021-03-20T17:55:23.700000+00:00,1.0,P
3219,3374,2021-03-20T17:55:26.980000+00:00,1.0,S
3220,3046,2021-03-20T17:55:23.700000+00:00,1.0,P
3220,3374,2021-03-20T17:55:26.980000+00:00,1.0,S
3221,3046,2021-03-20T17:55:23.700000+00:00,1.0,P
3221,3374,2021-03-20T17:55:26.980000+00:00,1.0,S
3222,3046,2021-03-20T17:55:23.700000+00:00,1.0,P
3222,3375,2021-03-20T17:55:26.990000+00:00,1.0,S
3223,3046,2021-03-20T17:55:23.700000+00:00,1.0,P
3223,3375,2021-03-20T17:55:26.990000+00:00,1.0,S
3224,3046,2021-03-20T17:55:23.700000+00:00,1.0,P
3224,3375,2021-03-20T17:55:26.990000+00:00,1.0,S
3225,3047,2021-03-20T17:55:23.710000+00:00,1.0,P
3225,3375,2021-03-20T17:55:26.990000+00:00,1.0,S
3226,3047,2021-03-20T17:55:23.710000+00:00,1.0,P
3226,3375,2021-03-20T17:55:26.990000+00:00,1.0,S
3227,3047,2021-03-20T17:55:23.710000+00:00,1.0,P
3227,3375,2021-03-20T17:55:26.990000+00:00,1.0,S
3228,3047,2021-03-20T17:55:23.710000+00:00,1.0,P
3228,3375,2021-03-20T17:55:26.990000+00:00,1.0,S
3229,3047,2021-03-20T17:55:23.710000+00:00,1.0,P
3229,3375,2021-03-20T17:55:26.990000+00:00,1.0,S
3230,3047,2021-03-20T17:55:23.710000+00:00,1.0,P
3230,3376,2021-03-20T17:55:26.999999+00:00,1.0,S
3231,3047,2021-03-20T17:55:23.710000+00:00,1.0,P
3231,3376,2021-03-20T17:55:26.999999+00:00,1.0,S
3232,3047,2021-03-20T17:55:23.710000+00:00,1.0,P
3232,3376,2021-03-20T17:55:26.999999+00:00,1.0,S
3233,3048,2021-03-20T17:55:23.720000+00:00,1.0,P
3233,3376,2021-03-20T17:55:26.999999+00:00,1.0,S
3234,3048,2021-03-20T17:55:23.720000+00:00,1.0,P
3234,3376,2021-03-20T17:55:26.999999+00:00,1.0,S
3235,3048,2021-03-20T17:55:23.720000+00:00,1.0,P
3235,3376,2021-03-20T17:55:26.999999+00:00,1.0,S
3236,3048,2021-03-20T17:55:23.720000+00:00,1.0,P
3236,3377,2021-03-20T17:55:27.010000+00:00,1.0,S
3237,3048,2021-03-20T17:55:23.720000+00:00,1.0,P
3237,3377,2021-03-20T17:55:27.010000+00:00,1.0,S
3238,3048,2021-03-20T17:55:23.720000+00:00,1.0,P
3238,3377,2021-03-20T17:55:27.010000+00:00,1.0,S
3239,3048,2021-03-20T17:55:23.720000+00:00,1.0,P
3239,3377,2021-03-20T17:55:27.010000+00:00,1.0,S
3240,3048,2021-03-20T17:55:23.720000+00:00,1.0,P
3240,3377,2021-03-20T17:55:27.010000+00:00,1.0,S
3241,3048,2021-03-20T17:55:23.720000+00:00,1.0,P
3241,3378,2021-03-20T17:55:27.020000+00:00,1.0,S
3242,3049,2021-03-20T17:55:23.730000+00:00,1.0,P
3242,3378,2021-03-20T17:55:27.020000+00:00,1.0,S
3243,3049,2021-03-20T17:55:23.730000+00:00,1.0,P
3243,3378,2021-03-20T17:55:27.020000+00:00,1.0,S
3244,3049,2021-03-20T17:55:23.730000+00:00,1.0,P
3244,3378,2021-03-20T17:55:27.020000+00:00,1.0,S
3245,3049,2021-03-20T17:55:23.730000+00:00,1.0,P
3245,3378,2021-03-20T17:55:27.020000+00:00,1.0,S
3246,3049,2021-03-20T17:55:23.730000+00:00,1.0,P
3246,3378,2021-03-20T17:55:27.020000+00:00,1.0,S
3247,3049,2021-03-20T17:55:23.730000+00:00,1.0,P
3247,3378,2021-03-20T17:55:27.020000+00:00,1.0,S
3248,3049,2021-03-20T17:55:23.730000+00:00,1.0,P
3248,3379,2021-03-20T17:55:27.030000+00:00,1.0,S
3249,3049,2021-03-20T17:55:23.730000+00:00,1.0,P
3249,3379,2021-03-20T17:55:27.030000+00:00,1.0,S
3250,3049,2021-03-20T17:55:23.730000+00:00,1.0,P
3250,3379,2021-03-20T17:55:27.030000+00:00,1.0,S
3251,3049,2021-03-20T17:55:23.730000+00:00,1.0,P
3251,3379,2021-03-20T17:55:27.030000+00:00,1.0,S
3252,3049,2021-03-20T17:55:23.730000+00:00,1.0,P
3252,3379,2021-03-20T17:55:27.030000+00:00,1.0,S
3253,3049,2021-03-20T17:55:23.730000+00:00,1.0,P
3253,3379,2021-03-20T17:55:27.030000+00:00,1.0,S
3254,3049,2021-03-20T17:55:23.730000+00:00,1.0,P
3254,3379,2021-03-20T17:55:27.030000+00:00,1.0,S
3255,3050,2021-03-20T17:55:23.740000+00:00,1.0,P
3255,3379,2021-03-20T17:55:27.030000+00:00,1.0,S
3256,3050,2021-03-20T17:55:23.740000+00:00,1.0,P
3256,3379,2021-03-20T17:55:27.030000+00:00,1.0,S
3257,3050,2021-03-20T17:55:23.740000+00:00,1.0,P
3257,3379,2021-03-20T17:55:27.030000+00:00,1.0,S
3258,3050,2021-03-20T17:55:23.740000+00:00,1.0,P
3258,3380,2021-03-20T17:55:27.039999+00:00,1.0,S
3259,3050,2021-03-20T17:55:23.740000+00:00,1.0,P
3259,3380,2021-03-20T17:55:27.039999+00:00,1.0,S
3260,3050,2021-03-20T17:55:23.740000+00:00,1.0,P
3260,3380,2021-03-20T17:55:27.039999+00:00,1.0,S
3261,3050,2021-03-20T17:55:23.740000+00:00,1.0,P
3261,3380,2021-03-20T17:55:27.039999+00:00,1.0,S
3262,3050,2021-03-20T17:55:23.740000+00:00,1.0,P
3262,3380,2021-03-20T17:55:27.039999+00:00,1.0,S
3263,3050,2021-03-20T17:55:23.740000+00:00,1.0,P
3263,3380,2021-03-20T17:55:27.039999+00:00,1.0,S
3264,3050,2021-03-20T17:55:23.740000+00:00,1.0,P
3264,3381,2021-03-20T17:55:27.050000+00:00,1.0,S
3265,3050,2021-03-20T17:55:23.740000+00:00,1.0,P
3265,3381,2021-03-20T17:55:27.050000+00:00,1.0,S
3266,3050,2021-03-20T17:55:23.740000+00:00,1.0,P
3266,3381,2021-03-20T17:55:27.050000+00:00,1.0,S
3267,3050,2021-03-20T17:55:23.740000+00:00,1.0,P
3267,3381,2021-03-20T17:55:27.050000+00:00,1.0,S
3268,3050,2021-03-20T17:55:23.740000+00:00,1.0,P
3268,3381,2021-03-20T17:55:27.050000+00:00,1.0,S
3269,3050,2021-03-20T17:55:23.740000+00:00,1.0,P
3269,3381,2021-03-20T17:55:27.050000+00:00,1.0,S
3270,3050,2021-03-20T17:55:23.740000+00:00,1.0,P
3270,3381,2021-03-20T17:55:27.050000+00:00,1.0,S
3271,3050,2021-03-20T17:55:23.740000+00:00,1.0,P
3271,3381,2021-03-20T17:55:27.050000+00:00,1.0,S
3272,3050,2021-03-20T17:55:23.740000+00:00,1.0,P
3272,3382,2021-03-20T17:55:27.060000+00:00,1.0,S
3273,3051,2021-03-20T17:55:23.750000+00:00,1.0,P
3273,3382,2021-03-20T17:55:27.060000+00:00,1.0,S
3274,3051,2021-03-20T17:55:23.750000+00:00,1.0,P
3274,3382,2021-03-20T17:55:27.060000+00:00,1.0,S
3275,3051,2021-03-20T17:55:23.750000+00:00,1.0,P
3275,3382,2021-03-20T17:55:27.060000+00:00,1.0,S
3276,3051,2021-03-20T17:55:23.750000+00:00,1.0,P
3276,3382,2021-03-20T17:55:27.060000+00:00,1.0,S
3277,3051,2021-03-20T17:55:23.750000+00:00,1.0,P
3277,3382,2021-03-20T17:55:27.060000+00:00,1.0,S
3278,3051,2021-03-20T17:55:23.750000+00:00,1.0,P
3278,3382,2021-03-20T17:55:27.060000+00:00,1.0,S
3279,3051,2021-03-20T17:55:23.750000+00:00,1.0,P
3279,3382,2021-03-20T17:55:27.060000+00:00,1.0,S
3280,3051,2021-03-20T17:55:23.750000+00:00,1.0,P
3280,3383,2021-03-20T17:55:27.070000+00:00,1.0,S
3281,3051,2021-03-20T17:55:23.750000+00:00,1.0,P
3281,3383,2021-03-20T17:55:27.070000+00:00,1.0,S
3282,3051,2021-03-20T17:55:23.750000+00:00,1.0,P
3282,3383,2021-03-20T17:55:27.070000+00:00,1.0,S
3283,3051,2021-03-20T17:55:23.750000+00:00,1.0,P
3283,3383,2021-03-20T17:55:27.070000+00:00,1.0,S
3284,3051,2021-03-20T17:55:23.750000+00:00,1.0,P
3284,3383,2021-03-20T17:55:27.070000+00:00,1.0,S
3285,3051,2021-03-20T17:55:23.750000+00:00,1.0,P
3285,3383,2021-03-20T17:55:27.070000+00:00,1.0,S
3286,3051,2021-03-20T17:55:23.750000+00:00,1.0,P
3286,3383,2021-03-20T17:55:27.070000+00:00,1.0,S
3287,3051,2021-03-20T17:55:23.750000+00:00,1.0,P
3287,3383,2021-03-20T17:55:27.070000+00:00,1.0,S
3288,3051,2021-03-20T17:55:23.750000+00:00,1.0,P
3288,3383,2021-03-20T17:55:27.070000+00:00,1.0,S
3289,3051,2021-03-20T17:55:23.750000+00:00,1.0,P
3289,3383,2021-03-20T17:55:27.070000+00:00,1.0,S
3290,3051,2021-03-20T17:55:23.750000+00:00,1.0,P
3290,3383,2021-03-20T17:55:27.070000+00:00,1.0,S
3291,3051,2021-03-20T17:55:23.750000+00:00,1.0,P
3291,3383,2021-03-20T17:55:27.070000+00:00,1.0,S
3292,3051,2021-03-20T17:55:23.750000+00:00,1.0,P
3292,3383,2021-03-20T17:55:27.070000+00:00,1.0,S
3293,3051,2021-03-20T17:55:23.750000+00:00,1.0,P
3293,3383,2021-03-20T17:55:27.070000+00:00,1.0,S
3294,3051,2021-03-20T17:55:23.750000+00:00,1.0,P
3294,3383,2021-03-20T17:55:27.070000+00:00,1.0,S
3295,3051,2021-03-20T17:55:23.750000+00:00,1.0,P
3295,3383,2021-03-20T17:55:27.070000+00:00,1.0,S
3296,3051,2021-03-20T17:55:23.750000+00:00,1.0,P
3296,3383,2021-03-20T17:55:27.070000+00:00,1.0,S
3297,3051,2021-03-20T17:55:23.750000+00:00,1.0,P
3297,3383,2021-03-20T17:55:27.070000+00:00,1.0,S
3298,3051,2021-03-20T17:55:23.750000+00:00,1.0,P
3298,3383,2021-03-20T17:55:27.070000+00:00,1.0,S
3299,3051,2021-03-20T17:55:23.750000+00:00,1.0,P
3299,3383,2021-03-20T17:55:27.070000+00:00,1.0,S
3300,3051,2021-03-20T17:55:23.750000+00:00,1.0,P
3300,3383,2021-03-20T17:55:27.070000+00:00,1.0,S
3301,3051,2021-03-20T17:55:23.750000+00:00,1.0,P
3301,3383,2021-03-20T17:55:27.070000+00:00,1.0,S
3302,3051,2021-03-20T17:55:23.750000+00:00,1.0,P
3302,3383,2021-03-20T17:55:27.070000+00:00,1.0,S
3303,3051,2021-03-20T17:55:23.750000+00:00,1.0,P
3303,3383,2021-03-20T17:55:27.070000+00:00,1.0,S
3304,3051,2021-03-20T17:55:23.750000+00:00,1.0,P
3304,3383,2021-03-20T17:55:27.070000+00:00,1.0,S
3305,3051,2021-03-20T17:55:23.750000+00:00,1.0,P
3305,3383,2021-03-20T17:55:27.070000+00:00,1.0,S
3306,3051,2021-03-20T17:55:23.750000+00:00,1.0,P
3306,3383,2021-03-20T17:55:27.070000+00:00,1.0,S
3307,3051,2021-03-20T17:55:23.750000+00:00,1.0,P
3307,3383,2021-03-20T17:55:27.070000+00:00,1.0,S
3308,3051,2021-03-20T17:55:23.750000+00:00,1.0,P
3308,3383,2021-03-20T17:55:27.070000+00:00,1.0,S
3309,3051,2021-03-20T17:55:23.750000+00:00,1.0,P
3309,3383,2021-03-20T17:55:27.070000+00:00,1.0,S
3310,3051,2021-03-20T17:55:23.750000+00:00,1.0,P
3310,3383,2021-03-20T17:55:27.070000+00:00,1.0,S
3311,3051,2021-03-20T17:55:23.750000+00:00,1.0,P
3311,3383,2021-03-20T17:55:27.070000+00:00,1.0,S
3312,3051,2021-03-20T17:55:23.750000+00:00,1.0,P
3312,3383,2021-03-20T17:55:27.070000+00:00,1.0,S
3313,3051,2021-03-20T17:55:23.750000+00:00,1.0,P
3313,3383,2021-03-20T17:55:27.070000+00:00,1.0,S
3314,3051,2021-03-20T17:55:23.750000+00:00,1.0,P
3314,3383,2021-03-20T17:55:27.070000+00:00,1.0,S
3315,3051,2021-03-20T17:55:23.750000+00:00,1.0,P
3315,3383,2021-03-20T17:55:27.070000+00:00,1.0,S
3316,3051,2021-03-20T17:55:23.750000+00:00,1.0,P
3316,3383,2021-03-20T17:55:27.070000+00:00,1.0,S
3317,3051,2021-03-20T17:55:23.750000+00:00,1.0,P
3317,3384,2021-03-20T17:55:27.080000+00:00,1.0,S
3318,3051,2021-03-20T17:55:23.750000+00:00,1.0,P
3318,3384,2021-03-20T17:55:27.080000+00:00,1.0,S
3319,3051,2021-03-20T17:55:23.750000+00:00,1.0,P
3319,3384,2021-03-20T17:55:27.080000+00:00,1.0,S
3320,3051,2021-03-20T17:55:23.750000+00:00,1.0,P
3320,3384,2021-03-20T17:55:27.080000+00:00,1.0,S
3321,3051,2021-03-20T17:55:23.750000+00:00,1.0,P
3321,3384,2021-03-20T17:55:27.080000+00:00,1.0,S
3322,3051,2021-03-20T17:55:23.750000+00:00,1.0,P
3322,3384,2021-03-20T17:55:27.080000+00:00,1.0,S
3323,3051,2021-03-20T17:55:23.750000+00:00,1.0,P
3323,3384,2021-03-20T17:55:27.080000+00:00,1.0,S
3324,3051,2021-03-20T17:55:23.750000+00:00,1.0,P
3324,3384,2021-03-20T17:55:27.080000+00:00,1.0,S
3325,3051,2021-03-20T17:55:23.750000+00:00,1.0,P
3325,3384,2021-03-20T17:55:27.080000+00:00,1.0,S
3326,3051,2021-03-20T17:55:23.750000+00:00,1.0,P
3326,3384,2021-03-20T17:55:27.080000+00:00,1.0,S
3327,3051,2021-03-20T17:55:23.750000+00:00,1.0,P
3327,3384,2021-03-20T17:55:27.080000+00:00,1.0,S
3328,3051,2021-03-20T17:55:23.750000+00:00,1.0,P
3328,3384,2021-03-20T17:55:27.080000+00:00,1.0,S
3329,3051,2021-03-20T17:55:23.750000+00:00,1.0,P
3329,3384,2021-03-20T17:55:27.080000+00:00,1.0,S
3330,3051,2021-03-20T17:55:23.750000+00:00,1.0,P
3330,3384,2021-03-20T17:55:27.080000+00:00,1.0,S
3331,3051,2021-03-20T17:55:23.750000+00:00,1.0,P
3331,3384,2021-03-20T17:55:27.080000+00:00,1.0,S
3332,3051,2021-03-20T17:55:23.750000+00:00,1.0,P
3332,3384,2021-03-20T17:55:27.080000+00:00,1.0,S
3333,3051,2021-03-20T17:55:23.750000+00:00,1.0,P
3333,3384,2021-03-20T17:55:27.080000+00:00,1.0,S
3334,3051,2021-03-20T17:55:23.750000+00:00,1.0,P
3334,3384,2021-03-20T17:55:27.080000+00:00,1.0,S
3335,3051,2021-03-20T17:55:23.750000+00:00,1.0,P
3335,3384,2021-03-20T17:55:27.080000+00:00,1.0,S
3336,3051,2021-03-20T17:55:23.750000+00:00,1.0,P
3336,3384,2021-03-20T17:55:27.080000+00:00,1.0,S
3337,3051,2021-03-20T17:55:23.750000+00:00,1.0,P
3337,3384,2021-03-20T17:55:27.080000+00:00,1.0,S
3338,3051,2021-03-20T17:55:23.750000+00:00,1.0,P
3338,3384,2021-03-20T17:55:27.080000+00:00,1.0,S
3339,3051,2021-03-20T17:55:23.750000+00:00,1.0,P
3339,3384,2021-03-20T17:55:27.080000+00:00,1.0,S
3340,3051,2021-03-20T17:55:23.750000+00:00,1.0,P
3340,3384,2021-03-20T17:55:27.080000+00:00,1.0,S
3341,3051,2021-03-20T17:55:23.750000+00:00,1.0,P
3341,3384,2021-03-20T17:55:27.080000+00:00,1.0,S
3342,3051,2021-03-20T17:55:23.750000+00:00,1.0,P
3342,3384,2021-03-20T17:55:27.080000+00:00,1.0,S
3343,3051,2021-03-20T17:55:23.750000+00:00,1.0,P
3343,3384,2021-03-20T17:55:27.080000+00:00,1.0,S
3344,3051,2021-03-20T17:55:23.750000+00:00,1.0,P
3344,3384,2021-03-20T17:55:27.080000+00:00,1.0,S
3345,3051,2021-03-20T17:55:23.750000+00:00,1.0,P
3345,3384,2021-03-20T17:55:27.080000+00:00,1.0,S
3346,3051,2021-03-20T17:55:23.750000+00:00,1.0,P
3346,3384,2021-03-20T17:55:27.080000+00:00,1.0,S
3347,3051,2021-03-20T17:55:23.750000+00:00,1.0,P
3347,3384,2021-03-20T17:55:27.080000+00:00,1.0,S
3348,3051,2021-03-20T17:55:23.750000+00:00,1.0,P
3348,3384,2021-03-20T17:55:27.080000+00:00,1.0,S
3349,3051,2021-03-20T17:55:23.750000+00:00,1.0,P
3349,3384,2021-03-20T17:55:27.080000+00:00,1.0,S
3350,3051,2021-03-20T17:55:23.750000+00:00,1.0,P
3350,3384,2021-03-20T17:55:27.080000+00:00,1.0,S
3351,3051,2021-03-20T17:55:23.750000+00:00,1.0,P
3351,3384,2021-03-20T17:55:27.080000+00:00,1.0,S
3352,3051,2021-03-20T17:55:23.750000+00:00,1.0,P
3352,3384,2021-03-20T17:55:27.080000+00:00,1.0,S
3353,3051,2021-03-20T17:55:23.750000+00:00,1.0,P
3353,3384,2021-03-20T17:55:27.080000+00:00,1.0,S
3354,3051,2021-03-20T17:55:23.750000+00:00,1.0,P
3354,3384,2021-03-20T17:55:27.080000+00:00,1.0,S
3355,3051,2021-03-20T17:55:23.750000+00:00,1.0,P
3355,3384,2021-03-20T17:55:27.080000+00:00,1.0,S
3356,3050,2021-03-20T17:55:23.740000+00:00,1.0,P
3356,3384,2021-03-20T17:55:27.080000+00:00,1.0,S
3357,3050,2021-03-20T17:55:23.740000+00:00,1.0,P
3357,3384,2021-03-20T17:55:27.080000+00:00,1.0,S
3358,3050,2021-03-20T17:55:23.740000+00:00,1.0,P
3358,3384,2021-03-20T17:55:27.080000+00:00,1.0,S
3359,3050,2021-03-20T17:55:23.740000+00:00,1.0,P
3359,3384,2021-03-20T17:55:27.080000+00:00,1.0,S
3360,3050,2021-03-20T17:55:23.740000+00:00,1.0,P
3360,3384,2021-03-20T17:55:27.080000+00:00,1.0,S
3361,3050,2021-03-20T17:55:23.740000+00:00,1.0,P
3361,3384,2021-03-20T17:55:27.080000+00:00,1.0,S
3362,3050,2021-03-20T17:55:23.740000+00:00,1.0,P
3362,3384,2021-03-20T17:55:27.080000+00:00,1.0,S
3363,3050,2021-03-20T17:55:23.740000+00:00,1.0,P
3363,3384,2021-03-20T17:55:27.080000+00:00,1.0,S
3364,3050,2021-03-20T17:55:23.740000+00:00,1.0,P
3364,3384,2021-03-20T17:55:27.080000+00:00,1.0,S
3365,3050,2021-03-20T17:55:23.740000+00:00,1.0,P
3365,3384,2021-03-20T17:55:27.080000+00:00,1.0,S
3366,3050,2021-03-20T17:55:23.740000+00:00,1.0,P
3366,3384,2021-03-20T17:55:27.080000+00:00,1.0,S
3367,3050,2021-03-20T17:55:23.740000+00:00,1.0,P
3367,3384,2021-03-20T17:55:27.080000+00:00,1.0,S
3368,3050,2021-03-20T17:55:23.740000+00:00,1.0,P
3368,3384,2021-03-20T17:55:27.080000+00:00,1.0,S
3369,3050,2021-03-20T17:55:23.740000+00:00,1.0,P
3369,3384,2021-03-20T17:55:27.080000+00:00,1.0,S
3370,3050,2021-03-20T17:55:23.740000+00:00,1.0,P
3370,3384,2021-03-20T17:55:27.080000+00:00,1.0,S
3371,3050,2021-03-20T17:55:23.740000+00:00,1.0,P
3371,3384,2021-03-20T17:55:27.080000+00:00,1.0,S
3372,3050,2021-03-20T17:55:23.740000+00:00,1.0,P
3372,3384,2021-03-20T17:55:27.080000+00:00,1.0,S
3373,3050,2021-03-20T17:55:23.740000+00:00,1.0,P
3373,3383,2021-03-20T17:55:27.070000+00:00,1.0,S
3374,3050,2021-03-20T17:55:23.740000+00:00,1.0,P
3374,3383,2021-03-20T17:55:27.070000+00:00,1.0,S
3375,3050,2021-03-20T17:55:23.740000+00:00,1.0,P
3375,3383,2021-03-20T17:55:27.070000+00:00,1.0,S
3376,3050,2021-03-20T17:55:23.740000+00:00,1.0,P
3376,3383,2021-03-20T17:55:27.070000+00:00,1.0,S
3377,3050,2021-03-20T17:55:23.740000+00:00,1.0,P
3377,3383,2021-03-20T17:55:27.070000+00:00,1.0,S
3378,3050,2021-03-20T17:55:23.740000+00:00,1.0,P
3378,3383,2021-03-20T17:55:27.070000+00:00,1.0,S
3379,3050,2021-03-20T17:55:23.740000+00:00,1.0,P
3379,3383,2021-03-20T17:55:27.070000+00:00,1.0,S
3380,3050,2021-03-20T17:55:23.740000+00:00,1.0,P
3380,3383,2021-03-20T17:55:27.070000+00:00,1.0,S
3381,3049,2021-03-20T17:55:23.730000+00:00,1.0,P
3381,3383,2021-03-20T17:55:27.070000+00:00,1.0,S
3382,3049,2021-03-20T17:55:23.730000+00:00,1.0,P
3382,3383,2021-03-20T17:55:27.070000+00:00,1.0,S
3383,3049,2021-03-20T17:55:23.730000+00:00,1.0,P
3383,3383,2021-03-20T17:55:27.070000+00:00,1.0,S
3384,3049,2021-03-20T17:55:23.730000+00:00,1.0,P
3384,3383,2021-03-20T17:55:27.070000+00:00,1.0,S
3385,3049,2021-03-20T17:55:23.730000+00:00,1.0,P
3385,3383,2021-03-20T17:55:27.070000+00:00,1.0,S
3386,3049,2021-03-20T17:55:23.730000+00:00,1.0,P
3386,3384,2021-03-20T17:55:27.080000+00:00,1.0,S
3387,3049,2021-03-20T17:55:23.730000+00:00,1.0,P
3387,3384,2021-03-20T17:55:27.080000+00:00,1.0,S
3388,3049,2021-03-20T17:55:23.730000+00:00,1.0,P
3388,3384,2021-03-20T17:55:27.080000+00:00,1.0,S
3389,3049,2021-03-20T17:55:23.730000+00:00,1.0,P
3389,3384,2021-03-20T17:55:27.080000+00:00,1.0,S
3390,3049,2021-03-20T17:55:23.730000+00:00,1.0,P
3390,3384,2021-03-20T17:55:27.080000+00:00,1.0,S
3391,3049,2021-03-20T17:55:23.730000+00:00,1.0,P
3391,3384,2021-03-20T17:55:27.080000+00:00,1.0,S
3392,3049,2021-03-20T17:55:23.730000+00:00,1.0,P
3392,3384,2021-03-20T17:55:27.080000+00:00,1.0,S
3393,3049,2021-03-20T17:55:23.730000+00:00,1.0,P
3393,3384,2021-03-20T17:55:27.080000+00:00,1.0,S
3394,3049,2021-03-20T17:55:23.730000+00:00,1.0,P
3394,3384,2021-03-20T17:55:27.080000+00:00,1.0,S
3395,3049,2021-03-20T17:55:23.730000+00:00,1.0,P
3395,3384,2021-03-20T17:55:27.080000+00:00,1.0,S
3396,3049,2021-03-20T17:55:23.730000+00:00,1.0,P
3396,3384,2021-03-20T17:55:27.080000+00:00,1.0,S
3397,3049,2021-03-20T17:55:23.730000+00:00,1.0,P
3397,3384,2021-03-20T17:55:27.080000+00:00,1.0,S
3398,3049,2021-03-20T17:55:23.730000+00:00,1.0,P
3398,3384,2021-03-20T17:55:27.080000+00:00,1.0,S
3399,3049,2021-03-20T17:55:23.730000+00:00,1.0,P
3399,3384,2021-03-20T17:55:27.080000+00:00,1.0,S
3400,3049,2021-03-20T17:55:23.730000+00:00,1.0,P
3400,3384,2021-03-20T17:55:27.080000+00:00,1.0,S
3401,3048,2021-03-20T17:55:23.720000+00:00,1.0,P
3401,3383,2021-03-20T17:55:27.070000+00:00,1.0,S
3402,3048,2021-03-20T17:55:23.720000+00:00,1.0,P
3402,3383,2021-03-20T17:55:27.070000+00:00,1.0,S
3403,3048,2021-03-20T17:55:23.720000+00:00,1.0,P
3403,3383,2021-03-20T17:55:27.070000+00:00,1.0,S
3404,3048,2021-03-20T17:55:23.720000+00:00,1.0,P
3404,3383,2021-03-20T17:55:27.070000+00:00,1.0,S
3405,3048,2021-03-20T17:55:23.720000+00:00,1.0,P
3405,3383,2021-03-20T17:55:27.070000+00:00,1.0,S
3406,3048,2021-03-20T17:55:23.720000+00:00,1.0,P
3406,3383,2021-03-20T17:55:27.070000+00:00,1.0,S
3407,3048,2021-03-20T17:55:23.720000+00:00,1.0,P
3407,3383,2021-03-20T17:55:27.070000+00:00,1.0,S
3408,3048,2021-03-20T17:55:23.720000+00:00,1.0,P
3408,3383,2021-03-20T17:55:27.070000+00:00,1.0,S
3409,3048,2021-03-20T17:55:23.720000+00:00,1.0,P
3409,3383,2021-03-20T17:55:27.070000+00:00,1.0,S
3410,3048,2021-03-20T17:55:23.720000+00:00,1.0,P
3410,3382,2021-03-20T17:55:27.060000+00:00,1.0,S
3411,3048,2021-03-20T17:55:23.720000+00:00,1.0,P
3411,3382,2021-03-20T17:55:27.060000+00:00,1.0,S
3412,3048,2021-03-20T17:55:23.720000+00:00,1.0,P
3412,3382,2021-03-20T17:55:27.060000+00:00,1.0,S
3413,3048,2021-03-20T17:55:23.720000+00:00,1.0,P
3413,3382,2021-03-20T17:55:27.060000+00:00,1.0,S
3414,3048,2021-03-20T17:55:23.720000+00:00,1.0,P
3414,3382,2021-03-20T17:55:27.060000+00:00,1.0,S
3415,3048,2021-03-20T17:55:23.720000+00:00,1.0,P
3415,3382,2021-03-20T17:55:27.060000+00:00,1.0,S
3416,3047,2021-03-20T17:55:23.710000+00:00,1.0,P
3416,3382,2021-03-20T17:55:27.060000+00:00,1.0,S
3417,3047,2021-03-20T17:55:23.710000+00:00,1.0,P
3417,3382,2021-03-20T17:55:27.060000+00:00,1.0,S
3418,3047,2021-03-20T17:55:23.710000+00:00,1.0,P
3418,3381,2021-03-20T17:55:27.050000+00:00,1.0,S
3419,3047,2021-03-20T17:55:23.710000+00:00,1.0,P
3419,3381,2021-03-20T17:55:27.050000+00:00,1.0,S
3420,3047,2021-03-20T17:55:23.710000+00:00,1.0,P
3420,3381,2021-03-20T17:55:27.050000+00:00,1.0,S
3421,3047,2021-03-20T17:55:23.710000+00:00,1.0,P
3421,3381,2021-03-20T17:55:27.050000+00:00,1.0,S
3422,3047,2021-03-20T17:55:23.710000+00:00,1.0,P
3422,3381,2021-03-20T17:55:27.050000+00:00,1.0,S
3423,3047,2021-03-20T17:55:23.710000+00:00,1.0,P
3423,3381,2021-03-20T17:55:27.050000+00:00,1.0,S
3424,3047,2021-03-20T17:55:23.710000+00:00,1.0,P
3424,3380,2021-03-20T17:55:27.039999+00:00,1.0,S
3425,3047,2021-03-20T17:55:23.710000+00:00,1.0,P
3425,3380,2021-03-20T17:55:27.039999+00:00,1.0,S
3426,3047,2021-03-20T17:55:23.710000+00:00,1.0,P
3426,3380,2021-03-20T17:55:27.039999+00:00,1.0,S
3427,3047,2021-03-20T17:55:23.710000+00:00,1.0,P
3427,3380,2021-03-20T17:55:27.039999+00:00,1.0,S
3428,3047,2021-03-20T17:55:23.710000+00:00,1.0,P
3428,3380,2021-03-20T17:55:27.039999+00:00,1.0,S
3429,3046,2021-03-20T17:55:23.700000+00:00,1.0,P
3429,3380,2021-03-20T17:55:27.039999+00:00,1.0,S
3430,3046,2021-03-20T17:55:23.700000+00:00,1.0,P
3430,3380,2021-03-20T17:55:27.039999+00:00,1.0,S
3431,3046,2021-03-20T17:55:23.700000+00:00,1.0,P
3431,3380,2021-03-20T17:55:27.039999+00:00,1.0,S
3432,3046,2021-03-20T17:55:23.700000+00:00,1.0,P
3432,3380,2021-03-20T17:55:27.039999+00:00,1.0,S
3433,3046,2021-03-20T17:55:23.700000+00:00,1.0,P
3433,3380,2021-03-20T17:55:27.039999+00:00,1.0,S
3434,3046,2021-03-20T17:55:23.700000+00:00,1.0,P
3434,3380,2021-03-20T17:55:27.039999+00:00,1.0,S
3435,3046,2021-03-20T17:55:23.700000+00:00,1.0,P
3435,3379,2021-03-20T17:55:27.030000+00:00,1.0,S
3436,3046,2021-03-20T17:55:23.700000+00:00,1.0,P
3436,3379,2021-03-20T17:55:27.030000+00:00,1.0,S
3437,3046,2021-03-20T17:55:23.700000+00:00,1.0,P
3437,3379,2021-03-20T17:55:27.030000+00:00,1.0,S
3438,3046,2021-03-20T17:55:23.700000+00:00,1.0,P
3438,3379,2021-03-20T17:55:27.030000+00:00,1.0,S
3439,3046,2021-03-20T17:55:23.700000+00:00,1.0,P
3439,3379,2021-03-20T17:55:27.030000+00:00,1.0,S
3440,3046,2021-03-20T17:55:23.700000+00:00,1.0,P
3440,3379,2021-03-20T17:55:27.030000+00:00,1.0,S
3441,3045,2021-03-20T17:55:23.690000+00:00,1.0,P
3441,3378,2021-03-20T17:55:27.020000+00:00,1.0,S
3442,3045,2021-03-20T17:55:23.690000+00:00,1.0,P
3442,3378,2021-03-20T17:55:27.020000+00:00,1.0,S
3443,3045,2021-03-20T17:55:23.690000+00:00,1.0,P
3443,3378,2021-03-20T17:55:27.020000+00:00,1.0,S
3444,3045,2021-03-20T17:55:23.690000+00:00,1.0,P
3444,3378,2021-03-20T17:55:27.020000+00:00,1.0,S
3445,3045,2021-03-20T17:55:23.690000+00:00,1.0,P
3445,3378,2021-03-20T17:55:27.020000+00:00,1.0,S
3446,3045,2021-03-20T17:55:23.690000+00:00,1.0,P
3446,3378,2021-03-20T17:55:27.020000+00:00,1.0,S
3447,3045,2021-03-20T17:55:23.690000+00:00,1.0,P
3447,3377,2021-03-20T17:55:27.010000+00:00,1.0,S
3448,3045,2021-03-20T17:55:23.690000+00:00,1.0,P
3448,3377,2021-03-20T17:55:27.010000+00:00,1.0,S
3449,3045,2021-03-20T17:55:23.690000+00:00,1.0,P
3449,3377,2021-03-20T17:55:27.010000+00:00,1.0,S
3450,3045,2021-03-20T17:55:23.690000+00:00,1.0,P
3450,3377,2021-03-20T17:55:27.010000+00:00,1.0,S
3451,3045,2021-03-20T17:55:23.690000+00:00,1.0,P
3451,3377,2021-03-20T17:55:27.010000+00:00,1.0,S
3452,3045,2021-03-20T17:55:23.690000+00:00,1.0,P
3452,3377,2021-03-20T17:55:27.010000+00:00,1.0,S
3453,3044,2021-03-20T17:55:23.680000+00:00,1.0,P
3453,3377,2021-03-20T17:55:27.010000+00:00,1.0,S
3454,3044,2021-03-20T17:55:23.680000+00:00,1.0,P
3454,3376,2021-03-20T17:55:26.999999+00:00,1.0,S
3455,3044,2021-03-20T17:55:23.680000+00:00,1.0,P
3455,3376,2021-03-20T17:55:26.999999+00:00,1.0,S
3456,3044,2021-03-20T17:55:23.680000+00:00,1.0,P
3456,3376,2021-03-20T17:55:26.999999+00:00,1.0,S
3457,3044,2021-03-20T17:55:23.680000+00:00,1.0,P
3457,3376,2021-03-20T17:55:26.999999+00:00,1.0,S
3458,3044,2021-03-20T17:55:23.680000+00:00,1.0,P
3458,3376,2021-03-20T17:55:26.999999+00:00,1.0,S
3459,3044,2021-03-20T17:55:23.680000+00:00,1.0,P
3459,3376,2021-03-20T17:55:26.999999+00:00,1.0,S
3460,3044,2021-03-20T17:55:23.680000+00:00,1.0,P
3460,3375,2021-03-20T17:55:26.990000+00:00,1.0,S
3461,3044,2021-03-20T17:55:23.680000+00:00,1.0,P
3461,3375,2021-03-20T17:55:26.990000+00:00,1.0,S
3462,3044,2021-03-20T17:55:23.680000+00:00,1.0,P
3462,3375,2021-03-20T17:55:26.990000+00:00,1.0,S
3463,3044,2021-03-20T17:55:23.680000+00:00,1.0,P
3463,3375,2021-03-20T17:55:26.990000+00:00,1.0,S
3464,3044,2021-03-20T17:55:23.680000+00:00,1.0,P
3464,3375,2021-03-20T17:55:26.990000+00:00,1.0,S
3465,3044,2021-03-20T17:55:23.680000+00:00,1.0,P
3465,3374,2021-03-20T17:55:26.980000+00:00,1.0,S
3466,3043,2021-03-20T17:55:23.670000+00:00,1.0,P
3466,3374,2021-03-20T17:55:26.980000+00:00,1.0,S
3467,3043,2021-03-20T17:55:23.670000+00:00,1.0,P
3467,3374,2021-03-20T17:55:26.980000+00:00,1.0,S
3468,3043,2021-03-20T17:55:23.670000+00:00,1.0,P
3468,3374,2021-03-20T17:55:26.980000+00:00,1.0,S
3469,3043,2021-03-20T17:55:23.670000+00:00,1.0,P
3469,3374,2021-03-20T17:55:26.980000+00:00,1.0,S
3470,3043,2021-03-20T17:55:23.670000+00:00,1.0,P
3470,3373,2021-03-20T17:55:26.970000+00:00,1.0,S
3471,3043,2021-03-20T17:55:23.670000+00:00,1.0,P
3471,3373,2021-03-20T17:55:26.970000+00:00,1.0,S
3472,3043,2021-03-20T17:55:23.670000+00:00,1.0,P
3472,3373,2021-03-20T17:55:26.970000+00:00,1.0,S
3473,3043,2021-03-20T17:55:23.670000+00:00,1.0,P
3473,3373,2021-03-20T17:55:26.970000+00:00,1.0,S
3474,3043,2021-03-20T17:55:23.670000+00:00,1.0,P
3474,3373,2021-03-20T17:55:26.970000+00:00,1.0,S
3475,3043,2021-03-20T17:55:23.670000+00:00,1.0,P
3475,3373,2021-03-20T17:55:26.970000+00:00,1.0,S
3476,3043,2021-03-20T17:55:23.670000+00:00,1.0,P
3476,3372,2021-03-20T17:55:26.960000+00:00,1.0,S
3477,3043,2021-03-20T17:55:23.670000+00:00,1.0,P
3477,3372,2021-03-20T17:55:26.960000+00:00,1.0,S
3478,3042,2021-03-20T17:55:23.660000+00:00,1.0,P
3478,3372,2021-03-20T17:55:26.960000+00:00,1.0,S
3479,3042,2021-03-20T17:55:23.660000+00:00,1.0,P
3479,3372,2021-03-20T17:55:26.960000+00:00,1.0,S
3480,3042,2021-03-20T17:55:23.660000+00:00,1.0,P
3480,3372,2021-03-20T17:55:26.960000+00:00,1.0,S
3481,3042,2021-03-20T17:55:23.660000+00:00,1.0,P
3481,3372,2021-03-20T17:55:26.960000+00:00,1.0,S
3482,3042,2021-03-20T17:55:23.660000+00:00,1.0,P
3482,3372,2021-03-20T17:55:26.960000+00:00,1.0,S
3483,3042,2021-03-20T17:55:23.660000+00:00,1.0,P
3483,3371,2021-03-20T17:55:26.950000+00:00,1.0,S
3484,3042,2021-03-20T17:55:23.660000+00:00,1.0,P
3484,3371,2021-03-20T17:55:26.950000+00:00,1.0,S
3485,3042,2021-03-20T17:55:23.660000+00:00,1.0,P
3485,3371,2021-03-20T17:55:26.950000+00:00,1.0,S
3486,3042,2021-03-20T17:55:23.660000+00:00,1.0,P
3486,3371,2021-03-20T17:55:26.950000+00:00,1.0,S
3487,3042,2021-03-20T17:55:23.660000+00:00,1.0,P
3487,3371,2021-03-20T17:55:26.950000+00:00,1.0,S
3488,3042,2021-03-20T17:55:23.660000+00:00,1.0,P
3488,3370,2021-03-20T17:55:26.940000+00:00,1.0,S
3489,3042,2021-03-20T17:55:23.660000+00:00,1.0,P
3489,3370,2021-03-20T17:55:26.940000+00:00,1.0,S
3490,3041,2021-03-20T17:55:23.650000+00:00,1.0,P
3490,3370,2021-03-20T17:55:26.940000+00:00,1.0,S
3491,3041,2021-03-20T17:55:23.650000+00:00,1.0,P
3491,3370,2021-03-20T17:55:26.940000+00:00,1.0,S
3492,3041,2021-03-20T17:55:23.650000+00:00,1.0,P
3492,3370,2021-03-20T17:55:26.940000+00:00,1.0,S
3493,3041,2021-03-20T17:55:23.650000+00:00,1.0,P
3493,3370,2021-03-20T17:55:26.940000+00:00,1.0,S
3494,3041,2021-03-20T17:55:23.650000+00:00,1.0,P
3494,3370,2021-03-20T17:55:26.940000+00:00,1.0,S
3495,3041,2021-03-20T17:55:23.650000+00:00,1.0,P
3495,3369,2021-03-20T17:55:26.929999+00:00,1.0,S
3496,3041,2021-03-20T17:55:23.650000+00:00,1.0,P
3496,3369,2021-03-20T17:55:26.929999+00:00,1.0,S
3497,3041,2021-03-20T17:55:23.650000+00:00,1.0,P
3497,3369,2021-03-20T17:55:26.929999+00:00,1.0,S
3498,3041,2021-03-20T17:55:23.650000+00:00,1.0,P
3498,3369,2021-03-20T17:55:26.929999+00:00,1.0,S
3499,3041,2021-03-20T17:55:23.650000+00:00,1.0,P
3499,3369,2021-03-20T17:55:26.929999+00:00,1.0,S
3500,3041,2021-03-20T17:55:23.650000+00:00,1.0,P
3500,3369,2021-03-20T17:55:26.929999+00:00,1.0,S
3501,3041,2021-03-20T17:55:23.650000+00:00,1.0,P
3501,3368,2021-03-20T17:55:26.920000+00:00,1.0,S
3502,3040,2021-03-20T17:55:23.640000+00:00,1.0,P
3502,3368,2021-03-20T17:55:26.920000+00:00,1.0,S
3503,3040,2021-03-20T17:55:23.640000+00:00,1.0,P
3503,3368,2021-03-20T17:55:26.920000+00:00,1.0,S
3504,3040,2021-03-20T17:55:23.640000+00:00,1.0,P
3504,3368,2021-03-20T17:55:26.920000+00:00,1.0,S
3505,3040,2021-03-20T17:55:23.640000+00:00,1.0,P
3505,3368,2021-03-20T17:55:26.920000+00:00,1.0,S
3506,3040,2021-03-20T17:55:23.640000+00:00,1.0,P
3506,3368,2021-03-20T17:55:26.920000+00:00,1.0,S
3507,3040,2021-03-20T17:55:23.640000+00:00,1.0,P
3507,3368,2021-03-20T17:55:26.920000+00:00,1.0,S
3508,3040,2021-03-20T17:55:23.640000+00:00,1.0,P
3508,3367,2021-03-20T17:55:26.910000+00:00,1.0,S
3509,3040,2021-03-20T17:55:23.640000+00:00,1.0,P
3509,3367,2021-03-20T17:55:26.910000+00:00,1.0,S
3510,3040,2021-03-20T17:55:23.640000+00:00,1.0,P
3510,3367,2021-03-20T17:55:26.910000+00:00,1.0,S
3511,3040,2021-03-20T17:55:23.640000+00:00,1.0,P
3511,3367,2021-03-20T17:55:26.910000+00:00,1.0,S
3512,3040,2021-03-20T17:55:23.640000+00:00,1.0,P
3512,3367,2021-03-20T17:55:26.910000+00:00,1.0,S
3513,3040,2021-03-20T17:55:23.640000+00:00,1.0,P
3513,3367,2021-03-20T17:55:26.910000+00:00,1.0,S
3514,3040,2021-03-20T17:55:23.640000+00:00,1.0,P
3514,3367,2021-03-20T17:55:26.910000+00:00,1.0,S
3515,3039,2021-03-20T17:55:23.630000+00:00,1.0,P
3515,3366,2021-03-20T17:55:26.900000+00:00,1.0,S
3516,3039,2021-03-20T17:55:23.630000+00:00,1.0,P
3516,3366,2021-03-20T17:55:26.900000+00:00,1.0,S
3517,3039,2021-03-20T17:55:23.630000+00:00,1.0,P
3517,3366,2021-03-20T17:55:26.900000+00:00,1.0,S
3518,3039,2021-03-20T17:55:23.630000+00:00,1.0,P
3518,3366,2021-03-20T17:55:26.900000+00:00,1.0,S
3519,3039,2021-03-20T17:55:23.630000+00:00,1.0,P
3519,3365,2021-03-20T17:55:26.890000+00:00,1.0,S
3520,3039,2021-03-20T17:55:23.630000+00:00,1.0,P
3520,3365,2021-03-20T17:55:26.890000+00:00,1.0,S
3521,3039,2021-03-20T17:55:23.630000+00:00,1.0,P
3521,3365,2021-03-20T17:55:26.890000+00:00,1.0,S
3522,3039,2021-03-20T17:55:23.630000+00:00,1.0,P
3522,3365,2021-03-20T17:55:26.890000+00:00,1.0,S
3523,3039,2021-03-20T17:55:23.630000+00:00,1.0,P
3523,3365,2021-03-20T17:55:26.890000+00:00,1.0,S
3524,3039,2021-03-20T17:55:23.630000+00:00,1.0,P
3524,3364,2021-03-20T17:55:26.880000+00:00,1.0,S
3525,3039,2021-03-20T17:55:23.630000+00:00,1.0,P
3525,3364,2021-03-20T17:55:26.880000+00:00,1.0,S
3526,3038,2021-03-20T17:55:23.620000+00:00,1.0,P
3526,3364,2021-03-20T17:55:26.880000+00:00,1.0,S
3527,3038,2021-03-20T17:55:23.620000+00:00,1.0,P
3527,3364,2021-03-20T17:55:26.880000+00:00,1.0,S
3528,3038,2021-03-20T17:55:23.620000+00:00,1.0,P
3528,3364,2021-03-20T17:55:26.880000+00:00,1.0,S
3529,3038,2021-03-20T17:55:23.620000+00:00,1.0,P
3529,3363,2021-03-20T17:55:26.870000+00:00,1.0,S
3530,3038,2021-03-20T17:55:23.620000+00:00,1.0,P
3530,3363,2021-03-20T17:55:26.870000+00:00,1.0,S
3531,3038,2021-03-20T17:55:23.620000+00:00,1.0,P
3531,3363,2021-03-20T17:55:26.870000+00:00,1.0,S
3532,3038,2021-03-20T17:55:23.620000+00:00,1.0,P
3532,3363,2021-03-20T17:55:26.870000+00:00,1.0,S
3533,3038,2021-03-20T17:55:23.620000+00:00,1.0,P
3533,3362,2021-03-20T17:55:26.859999+00:00,1.0,S
3534,3038,2021-03-20T17:55:23.620000+00:00,1.0,P
3534,3362,2021-03-20T17:55:26.859999+00:00,1.0,S
3535,3038,2021-03-20T17:55:23.620000+00:00,1.0,P
3535,3362,2021-03-20T17:55:26.859999+00:00,1.0,S
3536,3038,2021-03-20T17:55:23.620000+00:00,1.0,P
3536,3362,2021-03-20T17:55:26.859999+00:00,1.0,S
3537,3037,2021-03-20T17:55:23.610000+00:00,1.0,P
3537,3361,2021-03-20T17:55:26.850000+00:00,1.0,S
3538,3037,2021-03-20T17:55:23.610000+00:00,1.0,P
3538,3361,2021-03-20T17:55:26.850000+00:00,1.0,S
3539,3037,2021-03-20T17:55:23.610000+00:00,1.0,P
3539,3361,2021-03-20T17:55:26.850000+00:00,1.0,S
3540,3037,2021-03-20T17:55:23.610000+00:00,1.0,P
3540,3361,2021-03-20T17:55:26.850000+00:00,1.0,S
3541,3037,2021-03-20T17:55:23.610000+00:00,1.0,P
3541,3360,2021-03-20T17:55:26.840000+00:00,1.0,S
3542,3037,2021-03-20T17:55:23.610000+00:00,1.0,P
3542,3360,2021-03-20T17:55:26.840000+00:00,1.0,S
3543,3037,2021-03-20T17:55:23.610000+00:00,1.0,P
3543,3360,2021-03-20T17:55:26.840000+00:00,1.0,S
3544,3037,2021-03-20T17:55:23.610000+00:00,1.0,P
3544,3360,2021-03-20T17:55:26.840000+00:00,1.0,S
3545,3037,2021-03-20T17:55:23.610000+00:00,1.0,P
3545,3360,2021-03-20T17:55:26.840000+00:00,1.0,S
3546,3037,2021-03-20T17:55:23.610000+00:00,1.0,P
3546,3359,2021-03-20T17:55:26.830000+00:00,1.0,S
3547,3037,2021-03-20T17:55:23.610000+00:00,1.0,P
3547,3359,2021-03-20T17:55:26.830000+00:00,1.0,S
3548,3037,2021-03-20T17:55:23.610000+00:00,1.0,P
3548,3359,2021-03-20T17:55:26.830000+00:00,1.0,S
3549,3036,2021-03-20T17:55:23.600000+00:00,1.0,P
3549,3359,2021-03-20T17:55:26.830000+00:00,1.0,S
3550,3036,2021-03-20T17:55:23.600000+00:00,1.0,P
3550,3359,2021-03-20T17:55:26.830000+00:00,1.0,S
3551,3036,2021-03-20T17:55:23.600000+00:00,1.0,P
3551,3358,2021-03-20T17:55:26.820000+00:00,1.0,S
3552,3036,2021-03-20T17:55:23.600000+00:00,1.0,P
3552,3358,2021-03-20T17:55:26.820000+00:00,1.0,S
3553,3036,2021-03-20T17:55:23.600000+00:00,1.0,P
3553,3358,2021-03-20T17:55:26.820000+00:00,1.0,S
3554,3036,2021-03-20T17:55:23.600000+00:00,1.0,P
3554,3358,2021-03-20T17:55:26.820000+00:00,1.0,S
3555,3036,2021-03-20T17:55:23.600000+00:00,1.0,P
3555,3358,2021-03-20T17:55:26.820000+00:00,1.0,S
3556,3036,2021-03-20T17:55:23.600000+00:00,1.0,P
3556,3358,2021-03-20T17:55:26.820000+00:00,1.0,S
3557,3036,2021-03-20T17:55:23.600000+00:00,1.0,P
3557,3357,2021-03-20T17:55:26.810000+00:00,1.0,S
3558,3036,2021-03-20T17:55:23.600000+00:00,1.0,P
3558,3357,2021-03-20T17:55:26.810000+00:00,1.0,S
3559,3036,2021-03-20T17:55:23.600000+00:00,1.0,P
3559,3357,2021-03-20T17:55:26.810000+00:00,1.0,S
3560,3036,2021-03-20T17:55:23.600000+00:00,1.0,P
3560,3357,2021-03-20T17:55:26.810000+00:00,1.0,S
3561,3036,2021-03-20T17:55:23.600000+00:00,1.0,P
3561,3357,2021-03-20T17:55:26.810000+00:00,1.0,S
3562,3036,2021-03-20T17:55:23.600000+00:00,1.0,P
3562,3357,2021-03-20T17:55:26.810000+00:00,1.0,S
3563,3036,2021-03-20T17:55:23.600000+00:00,1.0,P
3563,3357,2021-03-20T17:55:26.810000+00:00,1.0,S
3564,3036,2021-03-20T17:55:23.600000+00:00,1.0,P
3564,3356,2021-03-20T17:55:26.800000+00:00,1.0,S
3565,3036,2021-03-20T17:55:23.600000+00:00,1.0,P
3565,3356,2021-03-20T17:55:26.800000+00:00,1.0,S
3566,3035,2021-03-20T17:55:23.590000+00:00,1.0,P
3566,3356,2021-03-20T17:55:26.800000+00:00,1.0,S
3567,3035,2021-03-20T17:55:23.590000+00:00,1.0,P
3567,3356,2021-03-20T17:55:26.800000+00:00,1.0,S
3568,3035,2021-03-20T17:55:23.590000+00:00,1.0,P
3568,3356,2021-03-20T17:55:26.800000+00:00,1.0,S
3569,3035,2021-03-20T17:55:23.590000+00:00,1.0,P
3569,3356,2021-03-20T17:55:26.800000+00:00,1.0,S
3570,3035,2021-03-20T17:55:23.590000+00:00,1.0,P
3570,3356,2021-03-20T17:55:26.800000+00:00,1.0,S
3571,3035,2021-03-20T17:55:23.590000+00:00,1.0,P
3571,3355,2021-03-20T17:55:26.789999+00:00,1.0,S
3572,3035,2021-03-20T17:55:23.590000+00:00,1.0,P
3572,3355,2021-03-20T17:55:26.789999+00:00,1.0,S
3573,3035,2021-03-20T17:55:23.590000+00:00,1.0,P
3573,3355,2021-03-20T17:55:26.789999+00:00,1.0,S
3574,3035,2021-03-20T17:55:23.590000+00:00,1.0,P
3574,3355,2021-03-20T17:55:26.789999+00:00,1.0,S
3575,3035,2021-03-20T17:55:23.590000+00:00,1.0,P
3575,3355,2021-03-20T17:55:26.789999+00:00,1.0,S
3576,3035,2021-03-20T17:55:23.590000+00:00,1.0,P
3576,3354,2021-03-20T17:55:26.780000+00:00,1.0,S
3577,3035,2021-03-20T17:55:23.590000+00:00,1.0,P
3577,3354,2021-03-20T17:55:26.780000+00:00,1.0,S
3578,3035,2021-03-20T17:55:23.590000+00:00,1.0,P
3578,3354,2021-03-20T17:55:26.780000+00:00,1.0,S
3579,3035,2021-03-20T17:55:23.590000+00:00,1.0,P
3579,3354,2021-03-20T17:55:26.780000+00:00,1.0,S
3580,3035,2021-03-20T17:55:23.590000+00:00,1.0,P
3580,3354,2021-03-20T17:55:26.780000+00:00,1.0,S
3581,3034,2021-03-20T17:55:23.580000+00:00,1.0,P
3581,3353,2021-03-20T17:55:26.770000+00:00,1.0,S
3582,3034,2021-03-20T17:55:23.580000+00:00,1.0,P
3582,3353,2021-03-20T17:55:26.770000+00:00,1.0,S
3583,3034,2021-03-20T17:55:23.580000+00:00,1.0,P
3583,3353,2021-03-20T17:55:26.770000+00:00,1.0,S
3584,3034,2021-03-20T17:55:23.580000+00:00,1.0,P
3584,3353,2021-03-20T17:55:26.770000+00:00,1.0,S
3585,3034,2021-03-20T17:55:23.580000+00:00,1.0,P
3585,3352,2021-03-20T17:55:26.760000+00:00,1.0,S
3586,3034,2021-03-20T17:55:23.580000+00:00,1.0,P
3586,3352,2021-03-20T17:55:26.760000+00:00,1.0,S
3587,3034,2021-03-20T17:55:23.580000+00:00,1.0,P
3587,3352,2021-03-20T17:55:26.760000+00:00,1.0,S
3588,3034,2021-03-20T17:55:23.580000+00:00,1.0,P
3588,3352,2021-03-20T17:55:26.760000+00:00,1.0,S
3589,3034,2021-03-20T17:55:23.580000+00:00,1.0,P
3589,3352,2021-03-20T17:55:26.760000+00:00,1.0,S
3590,3034,2021-03-20T17:55:23.580000+00:00,1.0,P
3590,3352,2021-03-20T17:55:26.760000+00:00,1.0,S
3591,3034,2021-03-20T17:55:23.580000+00:00,1.0,P
3591,3352,2021-03-20T17:55:26.760000+00:00,1.0,S
3592,3034,2021-03-20T17:55:23.580000+00:00,1.0,P
3592,3352,2021-03-20T17:55:26.760000+00:00,1.0,S
3593,3034,2021-03-20T17:55:23.580000+00:00,1.0,P
3593,3352,2021-03-20T17:55:26.760000+00:00,1.0,S
3594,3034,2021-03-20T17:55:23.580000+00:00,1.0,P
3594,3352,2021-03-20T17:55:26.760000+00:00,1.0,S
3595,3034,2021-03-20T17:55:23.580000+00:00,1.0,P
3595,3352,2021-03-20T17:55:26.760000+00:00,1.0,S
3596,3034,2021-03-20T17:55:23.580000+00:00,1.0,P
3596,3352,2021-03-20T17:55:26.760000+00:00,1.0,S
3597,3034,2021-03-20T17:55:23.580000+00:00,1.0,P
3597,3352,2021-03-20T17:55:26.760000+00:00,1.0,S
3598,3034,2021-03-20T17:55:23.580000+00:00,1.0,P
3598,3352,2021-03-20T17:55:26.760000+00:00,1.0,S
3599,3034,2021-03-20T17:55:23.580000+00:00,1.0,P
3599,3352,2021-03-20T17:55:26.760000+00:00,1.0,S
3600,3034,2021-03-20T17:55:23.580000+00:00,1.0,P
3600,3352,2021-03-20T17:55:26.760000+00:00,1.0,S
3601,3034,2021-03-20T17:55:23.580000+00:00,1.0,P
3601,3352,2021-03-20T17:55:26.760000+00:00,1.0,S
3602,3034,2021-03-20T17:55:23.580000+00:00,1.0,P
3602,3352,2021-03-20T17:55:26.760000+00:00,1.0,S
3603,3034,2021-03-20T17:55:23.580000+00:00,1.0,P
3603,3352,2021-03-20T17:55:26.760000+00:00,1.0,S
3604,3034,2021-03-20T17:55:23.580000+00:00,1.0,P
3604,3352,2021-03-20T17:55:26.760000+00:00,1.0,S
3605,3034,2021-03-20T17:55:23.580000+00:00,1.0,P
3605,3352,2021-03-20T17:55:26.760000+00:00,1.0,S
3606,3034,2021-03-20T17:55:23.580000+00:00,1.0,P
3606,3352,2021-03-20T17:55:26.760000+00:00,1.0,S
3607,3033,2021-03-20T17:55:23.570000+00:00,1.0,P
3607,3352,2021-03-20T17:55:26.760000+00:00,1.0,S
3608,3033,2021-03-20T17:55:23.570000+00:00,1.0,P
3608,3352,2021-03-20T17:55:26.760000+00:00,1.0,S
3609,3033,2021-03-20T17:55:23.570000+00:00,1.0,P
3609,3352,2021-03-20T17:55:26.760000+00:00,1.0,S
3610,3033,2021-03-20T17:55:23.570000+00:00,1.0,P
3610,3352,2021-03-20T17:55:26.760000+00:00,1.0,S
3611,3033,2021-03-20T17:55:23.570000+00:00,1.0,P
3611,3352,2021-03-20T17:55:26.760000+00:00,1.0,S
3612,3033,2021-03-20T17:55:23.570000+00:00,1.0,P
3612,3352,2021-03-20T17:55:26.760000+00:00,1.0,S
3613,3033,2021-03-20T17:55:23.570000+00:00,1.0,P
3613,3352,2021-03-20T17:55:26.760000+00:00,1.0,S
3614,3033,2021-03-20T17:55:23.570000+00:00,1.0,P
3614,3352,2021-03-20T17:55:26.760000+00:00,1.0,S
3615,3033,2021-03-20T17:55:23.570000+00:00,1.0,P
3615,3352,2021-03-20T17:55:26.760000+00:00,1.0,S
3616,3033,2021-03-20T17:55:23.570000+00:00,1.0,P
3616,3352,2021-03-20T17:55:26.760000+00:00,1.0,S
3617,3033,2021-03-20T17:55:23.570000+00:00,1.0,P
3617,3352,2021-03-20T17:55:26.760000+00:00,1.0,S
3618,3033,2021-03-20T17:55:23.570000+00:00,1.0,P
3618,3352,2021-03-20T17:55:26.760000+00:00,1.0,S
3619,3033,2021-03-20T17:55:23.570000+00:00,1.0,P
3619,3352,2021-03-20T17:55:26.760000+00:00,1.0,S
3620,3033,2021-03-20T17:55:23.570000+00:00,1.0,P
3620,3352,2021-03-20T17:55:26.760000+00:00,1.0,S
3621,3033,2021-03-20T17:55:23.570000+00:00,1.0,P
3621,3352,2021-03-20T17:55:26.760000+00:00,1.0,S
3622,3033,2021-03-20T17:55:23.570000+00:00,1.0,P
3622,3352,2021-03-20T17:55:26.760000+00:00,1.0,S
3623,3033,2021-03-20T17:55:23.570000+00:00,1.0,P
3623,3352,2021-03-20T17:55:26.760000+00:00,1.0,S
3624,3033,2021-03-20T17:55:23.570000+00:00,1.0,P
3624,3352,2021-03-20T17:55:26.760000+00:00,1.0,S
3625,3033,2021-03-20T17:55:23.570000+00:00,1.0,P
3625,3352,2021-03-20T17:55:26.760000+00:00,1.0,S
3626,3033,2021-03-20T17:55:23.570000+00:00,1.0,P
3626,3352,2021-03-20T17:55:26.760000+00:00,1.0,S
3627,3033,2021-03-20T17:55:23.570000+00:00,1.0,P
3627,3353,2021-03-20T17:55:26.770000+00:00,1.0,S
3628,3033,2021-03-20T17:55:23.570000+00:00,1.0,P
3628,3353,2021-03-20T17:55:26.770000+00:00,1.0,S
3629,3033,2021-03-20T17:55:23.570000+00:00,1.0,P
3629,3353,2021-03-20T17:55:26.770000+00:00,1.0,S
3630,3033,2021-03-20T17:55:23.570000+00:00,1.0,P
3630,3353,2021-03-20T17:55:26.770000+00:00,1.0,S
3631,3033,2021-03-20T17:55:23.570000+00:00,1.0,P
3631,3353,2021-03-20T17:55:26.770000+00:00,1.0,S
3632,3033,2021-03-20T17:55:23.570000+00:00,1.0,P
3632,3353,2021-03-20T17:55:26.770000+00:00,1.0,S
3633,3033,2021-03-20T17:55:23.570000+00:00,1.0,P
3633,3353,2021-03-20T17:55:26.770000+00:00,1.0,S
3634,3034,2021-03-20T17:55:23.580000+00:00,1.0,P
3634,3353,2021-03-20T17:55:26.770000+00:00,1.0,S
3635,3034,2021-03-20T17:55:23.580000+00:00,1.0,P
3635,3353,2021-03-20T17:55:26.770000+00:00,1.0,S
3636,3034,2021-03-20T17:55:23.580000+00:00,1.0,P
3636,3353,2021-03-20T17:55:26.770000+00:00,1.0,S
3637,3034,2021-03-20T17:55:23.580000+00:00,1.0,P
3637,3353,2021-03-20T17:55:26.770000+00:00,1.0,S
3638,3034,2021-03-20T17:55:23.580000+00:00,1.0,P
3638,3353,2021-03-20T17:55:26.770000+00:00,1.0,S
3639,3034,2021-03-20T17:55:23.580000+00:00,1.0,P
3639,3353,2021-03-20T17:55:26.770000+00:00,1.0,S
3640,3034,2021-03-20T17:55:23.580000+00:00,1.0,P
3640,3353,2021-03-20T17:55:26.770000+00:00,1.0,S
3641,3034,2021-03-20T17:55:23.580000+00:00,1.0,P
3641,3353,2021-03-20T17:55:26.770000+00:00,1.0,S
3642,3034,2021-03-20T17:55:23.580000+00:00,1.0,P
3642,3353,2021-03-20T17:55:26.770000+00:00,1.0,S
3643,3034,2021-03-20T17:55:23.580000+00:00,1.0,P
3643,3353,2021-03-20T17:55:26.770000+00:00,1.0,S
3644,3034,2021-03-20T17:55:23.580000+00:00,1.0,P
3644,3353,2021-03-20T17:55:26.770000+00:00,1.0,S
3645,3034,2021-03-20T17:55:23.580000+00:00,1.0,P
3645,3353,2021-03-20T17:55:26.770000+00:00,1.0,S
3646,3034,2021-03-20T17:55:23.580000+00:00,1.0,P
3646,3354,2021-03-20T17:55:26.780000+00:00,1.0,S
3647,3034,2021-03-20T17:55:23.580000+00:00,1.0,P
3647,3354,2021-03-20T17:55:26.780000+00:00,1.0,S
3648,3034,2021-03-20T17:55:23.580000+00:00,1.0,P
3648,3354,2021-03-20T17:55:26.780000+00:00,1.0,S
3649,3034,2021-03-20T17:55:23.580000+00:00,1.0,P
3649,3354,2021-03-20T17:55:26.780000+00:00,1.0,S
3650,3034,2021-03-20T17:55:23.580000+00:00,1.0,P
3650,3354,2021-03-20T17:55:26.780000+00:00,1.0,S
3651,3034,2021-03-20T17:55:23.580000+00:00,1.0,P
3651,3354,2021-03-20T17:55:26.780000+00:00,1.0,S
3652,3034,2021-03-20T17:55:23.580000+00:00,1.0,P
3652,3354,2021-03-20T17:55:26.780000+00:00,1.0,S
3653,3034,2021-03-20T17:55:23.580000+00:00,1.0,P
3653,3354,2021-03-20T17:55:26.780000+00:00,1.0,S
3654,3034,2021-03-20T17:55:23.580000+00:00,1.0,P
3654,3354,2021-03-20T17:55:26.780000+00:00,1.0,S
3655,3034,2021-03-20T17:55:23.580000+00:00,1.0,P
3655,3354,2021-03-20T17:55:26.780000+00:00,1.0,S
3656,3034,2021-03-20T17:55:23.580000+00:00,1.0,P
3656,3354,2021-03-20T17:55:26.780000+00:00,1.0,S
3657,3034,2021-03-20T17:55:23.580000+00:00,1.0,P
3657,3355,2021-03-20T17:55:26.789999+00:00,1.0,S
3658,3034,2021-03-20T17:55:23.580000+00:00,1.0,P
3658,3355,2021-03-20T17:55:26.789999+00:00,1.0,S
3659,3035,2021-03-20T17:55:23.590000+00:00,1.0,P
3659,3355,2021-03-20T17:55:26.789999+00:00,1.0,S
3660,3035,2021-03-20T17:55:23.590000+00:00,1.0,P
3660,3355,2021-03-20T17:55:26.789999+00:00,1.0,S
3661,3035,2021-03-20T17:55:23.590000+00:00,1.0,P
3661,3355,2021-03-20T17:55:26.789999+00:00,1.0,S
3662,3035,2021-03-20T17:55:23.590000+00:00,1.0,P
3662,3355,2021-03-20T17:55:26.789999+00:00,1.0,S
3663,3035,2021-03-20T17:55:23.590000+00:00,1.0,P
3663,3355,2021-03-20T17:55:26.789999+00:00,1.0,S
3664,3035,2021-03-20T17:55:23.590000+00:00,1.0,P
3664,3356,2021-03-20T17:55:26.800000+00:00,1.0,S
3665,3035,2021-03-20T17:55:23.590000+00:00,1.0,P
3665,3356,2021-03-20T17:55:26.800000+00:00,1.0,S
3666,3035,2021-03-20T17:55:23.590000+00:00,1.0,P
3666,3356,2021-03-20T17:55:26.800000+00:00,1.0,S
3667,3035,2021-03-20T17:55:23.590000+00:00,1.0,P
3667,3356,2021-03-20T17:55:26.800000+00:00,1.0,S
3668,3035,2021-03-20T17:55:23.590000+00:00,1.0,P
3668,3356,2021-03-20T17:55:26.800000+00:00,1.0,S
3669,3035,2021-03-20T17:55:23.590000+00:00,1.0,P
3669,3356,2021-03-20T17:55:26.800000+00:00,1.0,S
3670,3035,2021-03-20T17:55:23.590000+00:00,1.0,P
3670,3357,2021-03-20T17:55:26.810000+00:00,1.0,S
3671,3035,2021-03-20T17:55:23.590000+00:00,1.0,P
3671,3357,2021-03-20T17:55:26.810000+00:00,1.0,S
3672,3035,2021-03-20T17:55:23.590000+00:00,1.0,P
3672,3357,2021-03-20T17:55:26.810000+00:00,1.0,S
3673,3036,2021-03-20T17:55:23.600000+00:00,1.0,P
3673,3357,2021-03-20T17:55:26.810000+00:00,1.0,S
3674,3036,2021-03-20T17:55:23.600000+00:00,1.0,P
3674,3357,2021-03-20T17:55:26.810000+00:00,1.0,S
3675,3036,2021-03-20T17:55:23.600000+00:00,1.0,P
3675,3357,2021-03-20T17:55:26.810000+00:00,1.0,S
3676,3036,2021-03-20T17:55:23.600000+00:00,1.0,P
3676,3357,2021-03-20T17:55:26.810000+00:00,1.0,S
3677,3036,2021-03-20T17:55:23.600000+00:00,1.0,P
3677,3358,2021-03-20T17:55:26.820000+00:00,1.0,S
3678,3036,2021-03-20T17:55:23.600000+00:00,1.0,P
3678,3358,2021-03-20T17:55:26.820000+00:00,1.0,S
3679,3036,2021-03-20T17:55:23.600000+00:00,1.0,P
3679,3358,2021-03-20T17:55:26.820000+00:00,1.0,S
3680,3036,2021-03-20T17:55:23.600000+00:00,1.0,P
3680,3358,2021-03-20T17:55:26.820000+00:00,1.0,S
3681,3036,2021-03-20T17:55:23.600000+00:00,1.0,P
3681,3358,2021-03-20T17:55:26.820000+00:00,1.0,S
3682,3036,2021-03-20T17:55:23.600000+00:00,1.0,P
3682,3358,2021-03-20T17:55:26.820000+00:00,1.0,S
3683,3036,2021-03-20T17:55:23.600000+00:00,1.0,P
3683,3359,2021-03-20T17:55:26.830000+00:00,1.0,S
3684,3036,2021-03-20T17:55:23.600000+00:00,1.0,P
3684,3359,2021-03-20T17:55:26.830000+00:00,1.0,S
3685,3037,2021-03-20T17:55:23.610000+00:00,1.0,P
3685,3359,2021-03-20T17:55:26.830000+00:00,1.0,S
3686,3037,2021-03-20T17:55:23.610000+00:00,1.0,P
3686,3359,2021-03-20T17:55:26.830000+00:00,1.0,S
3687,3037,2021-03-20T17:55:23.610000+00:00,1.0,P
3687,3360,2021-03-20T17:55:26.840000+00:00,1.0,S
3688,3037,2021-03-20T17:55:23.610000+00:00,1.0,P
3688,3360,2021-03-20T17:55:26.840000+00:00,1.0,S
3689,3037,2021-03-20T17:55:23.610000+00:00,1.0,P
3689,3360,2021-03-20T17:55:26.840000+00:00,1.0,S
3690,3037,2021-03-20T17:55:23.610000+00:00,1.0,P
3690,3361,2021-03-20T17:55:26.850000+00:00,1.0,S
3691,3037,2021-03-20T17:55:23.610000+00:00,1.0,P
3691,3361,2021-03-20T17:55:26.850000+00:00,1.0,S
3692,3037,2021-03-20T17:55:23.610000+00:00,1.0,P
3692,3361,2021-03-20T17:55:26.850000+00:00,1.0,S
3693,3037,2021-03-20T17:55:23.610000+00:00,1.0,P
3693,3361,2021-03-20T17:55:26.850000+00:00,1.0,S
3694,3037,2021-03-20T17:55:23.610000+00:00,1.0,P
3694,3362,2021-03-20T17:55:26.859999+00:00,1.0,S
3695,3038,2021-03-20T17:55:23.620000+00:00,1.0,P
3695,3362,2021-03-20T17:55:26.859999+00:00,1.0,S
3696,3038,2021-03-20T17:55:23.620000+00:00,1.0,P
3696,3362,2021-03-20T17:55:26.859999+00:00,1.0,S
3697,3038,2021-03-20T17:55:23.620000+00:00,1.0,P
3697,3362,2021-03-20T17:55:26.859999+00:00,1.0,S
3698,3038,2021-03-20T17:55:23.620000+00:00,1.0,P
3698,3363,2021-03-20T17:55:26.870000+00:00,1.0,S
3699,3038,2021-03-20T17:55:23.620000+00:00,1.0,P
3699,3363,2021-03-20T17:55:26.870000+00:00,1.0,S
3700,3038,2021-03-20T17:55:23.620000+00:00,1.0,P
3700,3363,2021-03-20T17:55:26.870000+00:00,1.0,S
3701,3038,2021-03-20T17:55:23.620000+00:00,1.0,P
3701,3363,2021-03-20T17:55:26.870000+00:00,1.0,S
3702,3038,2021-03-20T17:55:23.620000+00:00,1.0,P
3702,3364,2021-03-20T17:55:26.880000+00:00,1.0,S
3703,3038,2021-03-20T17:55:23.620000+00:00,1.0,P
3703,3364,2021-03-20T17:55:26.880000+00:00,1.0,S
3704,3038,2021-03-20T17:55:23.620000+00:00,1.0,P
3704,3364,2021-03-20T17:55:26.880000+00:00,1.0,S
3705,3038,2021-03-20T17:55:23.620000+00:00,1.0,P
3705,3365,2021-03-20T17:55:26.890000+00:00,1.0,S
3706,3038,2021-03-20T17:55:23.620000+00:00,1.0,P
3706,3365,2021-03-20T17:55:26.890000+00:00,1.0,S
3707,3038,2021-03-20T17:55:23.620000+00:00,1.0,P
3707,3365,2021-03-20T17:55:26.890000+00:00,1.0,S
3708,3038,2021-03-20T17:55:23.620000+00:00,1.0,P
3708,3365,2021-03-20T17:55:26.890000+00:00,1.0,S
3709,3038,2021-03-20T17:55:23.620000+00:00,1.0,P
3709,3366,2021-03-20T17:55:26.900000+00:00,1.0,S
3710,3038,2021-03-20T17:55:23.620000+00:00,1.0,P
3710,3366,2021-03-20T17:55:26.900000+00:00,1.0,S
3711,3038,2021-03-20T17:55:23.620000+00:00,1.0,P
3711,3366,2021-03-20T17:55:26.900000+00:00,1.0,S
3712,3038,2021-03-20T17:55:23.620000+00:00,1.0,P
3712,3366,2021-03-20T17:55:26.900000+00:00,1.0,S
3713,3038,2021-03-20T17:55:23.620000+00:00,1.0,P
3713,3367,2021-03-20T17:55:26.910000+00:00,1.0,S
3714,3038,2021-03-20T17:55:23.620000+00:00,1.0,P
3714,3367,2021-03-20T17:55:26.910000+00:00,1.0,S
3715,3038,2021-03-20T17:55:23.620000+00:00,1.0,P
3715,3367,2021-03-20T17:55:26.910000+00:00,1.0,S
3716,3038,2021-03-20T17:55:23.620000+00:00,1.0,P
3716,3368,2021-03-20T17:55:26.920000+00:00,1.0,S
3717,3039,2021-03-20T17:55:23.630000+00:00,1.0,P
3717,3368,2021-03-20T17:55:26.920000+00:00,1.0,S
3718,3039,2021-03-20T17:55:23.630000+00:00,1.0,P
3718,3368,2021-03-20T17:55:26.920000+00:00,1.0,S
3719,3039,2021-03-20T17:55:23.630000+00:00,1.0,P
3719,3369,2021-03-20T17:55:26.929999+00:00,1.0,S
3720,3039,2021-03-20T17:55:23.630000+00:00,1.0,P
3720,3369,2021-03-20T17:55:26.929999+00:00,1.0,S
3721,3039,2021-03-20T17:55:23.630000+00:00,1.0,P
3721,3369,2021-03-20T17:55:26.929999+00:00,1.0,S
3722,3039,2021-03-20T17:55:23.630000+00:00,1.0,P
3722,3370,2021-03-20T17:55:26.940000+00:00,1.0,S
3723,3039,2021-03-20T17:55:23.630000+00:00,1.0,P
3723,3370,2021-03-20T17:55:26.940000+00:00,1.0,S
3724,3039,2021-03-20T17:55:23.630000+00:00,1.0,P
3724,3370,2021-03-20T17:55:26.940000+00:00,1.0,S
3725,3039,2021-03-20T17:55:23.630000+00:00,1.0,P
3725,3370,2021-03-20T17:55:26.940000+00:00,1.0,S
3726,3039,2021-03-20T17:55:23.630000+00:00,1.0,P
3726,3371,2021-03-20T17:55:26.950000+00:00,1.0,S
3727,3039,2021-03-20T17:55:23.630000+00:00,1.0,P
3727,3371,2021-03-20T17:55:26.950000+00:00,1.0,S
3728,3039,2021-03-20T17:55:23.630000+00:00,1.0,P
3728,3371,2021-03-20T17:55:26.950000+00:00,1.0,S
3729,3039,2021-03-20T17:55:23.630000+00:00,1.0,P
3729,3372,2021-03-20T17:55:26.960000+00:00,1.0,S
3730,3039,2021-03-20T17:55:23.630000+00:00,1.0,P
3730,3372,2021-03-20T17:55:26.960000+00:00,1.0,S
3731,3039,2021-03-20T17:55:23.630000+00:00,1.0,P
3731,3372,2021-03-20T17:55:26.960000+00:00,1.0,S
3732,3039,2021-03-20T17:55:23.630000+00:00,1.0,P
3732,3372,2021-03-20T17:55:26.960000+00:00,1.0,S
3733,3040,2021-03-20T17:55:23.640000+00:00,1.0,P
3733,3373,2021-03-20T17:55:26.970000+00:00,1.0,S
3734,3040,2021-03-20T17:55:23.640000+00:00,1.0,P
3734,3373,2021-03-20T17:55:26.970000+00:00,1.0,S
3735,3040,2021-03-20T17:55:23.640000+00:00,1.0,P
3735,3373,2021-03-20T17:55:26.970000+00:00,1.0,S
3736,3040,2021-03-20T17:55:23.640000+00:00,1.0,P
3736,3374,2021-03-20T17:55:26.980000+00:00,1.0,S
3737,3040,2021-03-20T17:55:23.640000+00:00,1.0,P
3737,3374,2021-03-20T17:55:26.980000+00:00,1.0,S
3738,3040,2021-03-20T17:55:23.640000+00:00,1.0,P
3738,3374,2021-03-20T17:55:26.980000+00:00,1.0,S
3739,3040,2021-03-20T17:55:23.640000+00:00,1.0,P
3739,3375,2021-03-20T17:55:26.990000+00:00,1.0,S
3740,3040,2021-03-20T17:55:23.640000+00:00,1.0,P
3740,3375,2021-03-20T17:55:26.990000+00:00,1.0,S
3741,3040,2021-03-20T17:55:23.640000+00:00,1.0,P
3741,3375,2021-03-20T17:55:26.990000+00:00,1.0,S
3742,3040,2021-03-20T17:55:23.640000+00:00,1.0,P
3742,3375,2021-03-20T17:55:26.990000+00:00,1.0,S
3743,3040,2021-03-20T17:55:23.640000+00:00,1.0,P
3743,3375,2021-03-20T17:55:26.990000+00:00,1.0,S
3744,3040,2021-03-20T17:55:23.640000+00:00,1.0,P
3744,3376,2021-03-20T17:55:26.999999+00:00,1.0,S
3745,3040,2021-03-20T17:55:23.640000+00:00,1.0,P
3745,3376,2021-03-20T17:55:26.999999+00:00,1.0,S
3746,3040,2021-03-20T17:55:23.640000+00:00,1.0,P
3746,3376,2021-03-20T17:55:26.999999+00:00,1.0,S
3747,3040,2021-03-20T17:55:23.640000+00:00,1.0,P
3747,3376,2021-03-20T17:55:26.999999+00:00,1.0,S
3748,3040,2021-03-20T17:55:23.640000+00:00,1.0,P
3748,3376,2021-03-20T17:55:26.999999+00:00,1.0,S
3749,3040,2021-03-20T17:55:23.640000+00:00,1.0,P
3749,3376,2021-03-20T17:55:26.999999+00:00,1.0,S
3750,3041,2021-03-20T17:55:23.650000+00:00,1.0,P
3750,3377,2021-03-20T17:55:27.010000+00:00,1.0,S
3751,3041,2021-03-20T17:55:23.650000+00:00,1.0,P
3751,3377,2021-03-20T17:55:27.010000+00:00,1.0,S
3752,3041,2021-03-20T17:55:23.650000+00:00,1.0,P
3752,3377,2021-03-20T17:55:27.010000+00:00,1.0,S
3753,3041,2021-03-20T17:55:23.650000+00:00,1.0,P
3753,3377,2021-03-20T17:55:27.010000+00:00,1.0,S
3754,3041,2021-03-20T17:55:23.650000+00:00,1.0,P
3754,3377,2021-03-20T17:55:27.010000+00:00,1.0,S
3755,3041,2021-03-20T17:55:23.650000+00:00,1.0,P
3755,3377,2021-03-20T17:55:27.010000+00:00,1.0,S
3756,3041,2021-03-20T17:55:23.650000+00:00,1.0,P
3756,3378,2021-03-20T17:55:27.020000+00:00,1.0,S
3757,3041,2021-03-20T17:55:23.650000+00:00,1.0,P
3757,3378,2021-03-20T17:55:27.020000+00:00,1.0,S
3758,3041,2021-03-20T17:55:23.650000+00:00,1.0,P
3758,3378,2021-03-20T17:55:27.020000+00:00,1.0,S
3759,3041,2021-03-20T17:55:23.650000+00:00,1.0,P
3759,3378,2021-03-20T17:55:27.020000+00:00,1.0,S
3760,3041,2021-03-20T17:55:23.650000+00:00,1.0,P
3760,3378,2021-03-20T17:55:27.020000+00:00,1.0,S
3761,3041,2021-03-20T17:55:23.650000+00:00,1.0,P
3761,3378,2021-03-20T17:55:27.020000+00:00,1.0,S
3762,3041,2021-03-20T17:55:23.650000+00:00,1.0,P
3762,3379,2021-03-20T17:55:27.030000+00:00,1.0,S
3763,3041,2021-03-20T17:55:23.650000+00:00,1.0,P
3763,3379,2021-03-20T17:55:27.030000+00:00,1.0,S
3764,3041,2021-03-20T17:55:23.650000+00:00,1.0,P
3764,3379,2021-03-20T17:55:27.030000+00:00,1.0,S
3765,3041,2021-03-20T17:55:23.650000+00:00,1.0,P
3765,3379,2021-03-20T17:55:27.030000+00:00,1.0,S
3766,3041,2021-03-20T17:55:23.650000+00:00,1.0,P
3766,3379,2021-03-20T17:55:27.030000+00:00,1.0,S
3767,3041,2021-03-20T17:55:23.650000+00:00,1.0,P
3767,3380,2021-03-20T17:55:27.039999+00:00,1.0,S
3768,3041,2021-03-20T17:55:23.650000+00:00,1.0,P
3768,3380,2021-03-20T17:55:27.039999+00:00,1.0,S
3769,3042,2021-03-20T17:55:23.660000+00:00,1.0,P
3769,3380,2021-03-20T17:55:27.039999+00:00,1.0,S
3770,3042,2021-03-20T17:55:23.660000+00:00,1.0,P
3770,3380,2021-03-20T17:55:27.039999+00:00,1.0,S
3771,3042,2021-03-20T17:55:23.660000+00:00,1.0,P
3771,3381,2021-03-20T17:55:27.050000+00:00,1.0,S
3772,3042,2021-03-20T17:55:23.660000+00:00,1.0,P
3772,3381,2021-03-20T17:55:27.050000+00:00,1.0,S
3773,3042,2021-03-20T17:55:23.660000+00:00,1.0,P
3773,3381,2021-03-20T17:55:27.050000+00:00,1.0,S
3774,3042,2021-03-20T17:55:23.660000+00:00,1.0,P
3774,3382,2021-03-20T17:55:27.060000+00:00,1.0,S
3775,3042,2021-03-20T17:55:23.660000+00:00,1.0,P
3775,3382,2021-03-20T17:55:27.060000+00:00,1.0,S
3776,3042,2021-03-20T17:55:23.660000+00:00,1.0,P
3776,3382,2021-03-20T17:55:27.060000+00:00,1.0,S
3777,3042,2021-03-20T17:55:23.660000+00:00,1.0,P
3777,3383,2021-03-20T17:55:27.070000+00:00,1.0,S
3778,3042,2021-03-20T17:55:23.660000+00:00,1.0,P
3778,3383,2021-03-20T17:55:27.070000+00:00,1.0,S
3779,3042,2021-03-20T17:55:23.660000+00:00,1.0,P
3779,3383,2021-03-20T17:55:27.070000+00:00,1.0,S
3780,3042,2021-03-20T17:55:23.660000+00:00,1.0,P
3780,3384,2021-03-20T17:55:27.080000+00:00,1.0,S
3781,3043,2021-03-20T17:55:23.670000+00:00,1.0,P
3781,3384,2021-03-20T17:55:27.080000+00:00,1.0,S
3782,3043,2021-03-20T17:55:23.670000+00:00,1.0,P
3782,3384,2021-03-20T17:55:27.080000+00:00,1.0,S
3783,3043,2021-03-20T17:55:23.670000+00:00,1.0,P
3783,3384,2021-03-20T17:55:27.080000+00:00,1.0,S
3784,3043,2021-03-20T17:55:23.670000+00:00,1.0,P
3784,3385,2021-03-20T17:55:27.090000+00:00,1.0,S
3785,3043,2021-03-20T17:55:23.670000+00:00,1.0,P
3785,3385,2021-03-20T17:55:27.090000+00:00,1.0,S
3786,3043,2021-03-20T17:55:23.670000+00:00,1.0,P
3786,3385,2021-03-20T17:55:27.090000+00:00,1.0,S
3787,3043,2021-03-20T17:55:23.670000+00:00,1.0,P
3787,3385,2021-03-20T17:55:27.090000+00:00,1.0,S
3788,3043,2021-03-20T17:55:23.670000+00:00,1.0,P
3788,3386,2021-03-20T17:55:27.100000+00:00,1.0,S
3789,3043,2021-03-20T17:55:23.670000+00:00,1.0,P
3789,3386,2021-03-20T17:55:27.100000+00:00,1.0,S
3790,3044,2021-03-20T17:55:23.680000+00:00,1.0,P
3790,3386,2021-03-20T17:55:27.100000+00:00,1.0,S
3791,3044,2021-03-20T17:55:23.680000+00:00,1.0,P
3791,3386,2021-03-20T17:55:27.100000+00:00,1.0,S
3792,3044,2021-03-20T17:55:23.680000+00:00,1.0,P
3792,3387,2021-03-20T17:55:27.109999+00:00,1.0,S
3793,3045,2021-03-20T17:55:23.690000+00:00,1.0,P
3793,3387,2021-03-20T17:55:27.109999+00:00,1.0,S
3794,3045,2021-03-20T17:55:23.690000+00:00,1.0,P
3794,3387,2021-03-20T17:55:27.109999+00:00,1.0,S
3795,3045,2021-03-20T17:55:23.690000+00:00,1.0,P
3795,3388,2021-03-20T17:55:27.120000+00:00,1.0,S
3796,3045,2021-03-20T17:55:23.690000+00:00,1.0,P
3796,3388,2021-03-20T17:55:27.120000+00:00,1.0,S
3797,3046,2021-03-20T17:55:23.700000+00:00,1.0,P
3797,3388,2021-03-20T17:55:27.120000+00:00,1.0,S
3798,3046,2021-03-20T17:55:23.700000+00:00,1.0,P
3798,3389,2021-03-20T17:55:27.130000+00:00,1.0,S
3799,3046,2021-03-20T17:55:23.700000+00:00,1.0,P
3799,3389,2021-03-20T17:55:27.130000+00:00,1.0,S
3800,3047,2021-03-20T17:55:23.710000+00:00,1.0,P
3800,3389,2021-03-20T17:55:27.130000+00:00,1.0,S
3801,3047,2021-03-20T17:55:23.710000+00:00,1.0,P
3801,3390,2021-03-20T17:55:27.140000+00:00,1.0,S
3802,3047,2021-03-20T17:55:23.710000+00:00,1.0,P
3802,3390,2021-03-20T17:55:27.140000+00:00,1.0,S
3803,3048,2021-03-20T17:55:23.720000+00:00,1.0,P
3803,3390,2021-03-20T17:55:27.140000+00:00,1.0,S
3804,3048,2021-03-20T17:55:23.720000+00:00,1.0,P
3804,3391,2021-03-20T17:55:27.150000+00:00,1.0,S
3805,3048,2021-03-20T17:55:23.720000+00:00,1.0,P
3805,3391,2021-03-20T17:55:27.150000+00:00,1.0,S
3806,3049,2021-03-20T17:55:23.730000+00:00,1.0,P
3806,3391,2021-03-20T17:55:27.150000+00:00,1.0,S
3807,3049,2021-03-20T17:55:23.730000+00:00,1.0,P
3807,3392,2021-03-20T17:55:27.160000+00:00,1.0,S
3808,3049,2021-03-20T17:55:23.730000+00:00,1.0,P
3808,3392,2021-03-20T17:55:27.160000+00:00,1.0,S
3809,3050,2021-03-20T17:55:23.740000+00:00,1.0,P
3809,3392,2021-03-20T17:55:27.160000+00:00,1.0,S
3810,3050,2021-03-20T17:55:23.740000+00:00,1.0,P
3810,3393,2021-03-20T17:55:27.170000+00:00,1.0,S
3811,3050,2021-03-20T17:55:23.740000+00:00,1.0,P
3811,3393,2021-03-20T17:55:27.170000+00:00,1.0,S
3812,3051,2021-03-20T17:55:23.750000+00:00,1.0,P
3812,3393,2021-03-20T17:55:27.170000+00:00,1.0,S
3813,3051,2021-03-20T17:55:23.750000+00:00,1.0,P
3813,3394,2021-03-20T17:55:27.179999+00:00,1.0,S
3814,3051,2021-03-20T17:55:23.750000+00:00,1.0,P
3814,3394,2021-03-20T17:55:27.179999+00:00,1.0,S
3815,3052,2021-03-20T17:55:23.760000+00:00,1.0,P
3815,3395,2021-03-20T17:55:27.190000+00:00,1.0,S
3816,3052,2021-03-20T17:55:23.760000+00:00,1.0,P
3816,3395,2021-03-20T17:55:27.190000+00:00,1.0,S
3817,3052,2021-03-20T17:55:23.760000+00:00,1.0,P
3817,3395,2021-03-20T17:55:27.190000+00:00,1.0,S
3818,3053,2021-03-20T17:55:23.770000+00:00,1.0,P
3818,3396,2021-03-20T17:55:27.200000+00:00,1.0,S
3819,3053,2021-03-20T17:55:23.770000+00:00,1.0,P
3819,3396,2021-03-20T17:55:27.200000+00:00,1.0,S
3820,3053,2021-03-20T17:55:23.770000+00:00,1.0,P
3820,3396,2021-03-20T17:55:27.200000+00:00,1.0,S
3821,3054,2021-03-20T17:55:23.780000+00:00,1.0,P
3821,3397,2021-03-20T17:55:27.210000+00:00,1.0,S
3822,3054,2021-03-20T17:55:23.780000+00:00,1.0,P
3822,3397,2021-03-20T17:55:27.210000+00:00,1.0,S
3823,3054,2021-03-20T17:55:23.780000+00:00,1.0,P
3823,3397,2021-03-20T17:55:27.210000+00:00,1.0,S
3824,3054,2021-03-20T17:55:23.780000+00:00,1.0,P
3824,3398,2021-03-20T17:55:27.220000+00:00,1.0,S
3825,3055,2021-03-20T17:55:23.790000+00:00,1.0,P
3825,3398,2021-03-20T17:55:27.220000+00:00,1.0,S
3826,3055,2021-03-20T17:55:23.790000+00:00,1.0,P
3826,3398,2021-03-20T17:55:27.220000+00:00,1.0,S
3827,3055,2021-03-20T17:55:23.790000+00:00,1.0,P
3827,3399,2021-03-20T17:55:27.230000+00:00,1.0,S
3828,3056,2021-03-20T17:55:23.800000+00:00,1.0,P
3828,3399,2021-03-20T17:55:27.230000+00:00,1.0,S
3829,3056,2021-03-20T17:55:23.800000+00:00,1.0,P
3829,3399,2021-03-20T17:55:27.230000+00:00,1.0,S
3830,3056,2021-03-20T17:55:23.800000+00:00,1.0,P
3830,3399,2021-03-20T17:55:27.230000+00:00,1.0,S
3831,3056,2021-03-20T17:55:23.800000+00:00,1.0,P
3831,3400,2021-03-20T17:55:27.240000+00:00,1.0,S
3832,3057,2021-03-20T17:55:23.810000+00:00,1.0,P
3832,3400,2021-03-20T17:55:27.240000+00:00,1.0,S
3833,3057,2021-03-20T17:55:23.810000+00:00,1.0,P
3833,3400,2021-03-20T17:55:27.240000+00:00,1.0,S
3834,3057,2021-03-20T17:55:23.810000+00:00,1.0,P
3834,3401,2021-03-20T17:55:27.249999+00:00,1.0,S
3835,3058,2021-03-20T17:55:23.820000+00:00,1.0,P
3835,3401,2021-03-20T17:55:27.249999+00:00,1.0,S
3836,3058,2021-03-20T17:55:23.820000+00:00,1.0,P
3836,3401,2021-03-20T17:55:27.249999+00:00,1.0,S
3837,3058,2021-03-20T17:55:23.820000+00:00,1.0,P
3837,3401,2021-03-20T17:55:27.249999+00:00,1.0,S
3838,3058,2021-03-20T17:55:23.820000+00:00,1.0,P
3838,3401,2021-03-20T17:55:27.249999+00:00,1.0,S
3839,3059,2021-03-20T17:55:23.830000+00:00,1.0,P
3839,3402,2021-03-20T17:55:27.260000+00:00,1.0,S
3840,3059,2021-03-20T17:55:23.830000+00:00,1.0,P
3840,3402,2021-03-20T17:55:27.260000+00:00,1.0,S
3841,3059,2021-03-20T17:55:23.830000+00:00,1.0,P
3841,3402,2021-03-20T17:55:27.260000+00:00,1.0,S
3842,3059,2021-03-20T17:55:23.830000+00:00,1.0,P
3842,3403,2021-03-20T17:55:27.270000+00:00,1.0,S
3843,3060,2021-03-20T17:55:23.840000+00:00,1.0,P
3843,3403,2021-03-20T17:55:27.270000+00:00,1.0,S
3844,3060,2021-03-20T17:55:23.840000+00:00,1.0,P
3844,3403,2021-03-20T17:55:27.270000+00:00,1.0,S
3845,3060,2021-03-20T17:55:23.840000+00:00,1.0,P
3845,3403,2021-03-20T17:55:27.270000+00:00,1.0,S
3846,3060,2021-03-20T17:55:23.840000+00:00,1.0,P
3846,3404,2021-03-20T17:55:27.280000+00:00,1.0,S
3847,3061,2021-03-20T17:55:23.850000+00:00,1.0,P
3847,3404,2021-03-20T17:55:27.280000+00:00,1.0,S
3848,3061,2021-03-20T17:55:23.850000+00:00,1.0,P
3848,3404,2021-03-20T17:55:27.280000+00:00,1.0,S
3849,3061,2021-03-20T17:55:23.850000+00:00,1.0,P
3849,3404,2021-03-20T17:55:27.280000+00:00,1.0,S
3850,3061,2021-03-20T17:55:23.850000+00:00,1.0,P
3850,3405,2021-03-20T17:55:27.289999+00:00,1.0,S
3851,3062,2021-03-20T17:55:23.860000+00:00,1.0,P
3851,3405,2021-03-20T17:55:27.289999+00:00,1.0,S
3852,3062,2021-03-20T17:55:23.860000+00:00,1.0,P
3852,3405,2021-03-20T17:55:27.289999+00:00,1.0,S
3853,3062,2021-03-20T17:55:23.860000+00:00,1.0,P
3853,3405,2021-03-20T17:55:27.289999+00:00,1.0,S
3854,3063,2021-03-20T17:55:23.870000+00:00,1.0,P
3854,3406,2021-03-20T17:55:27.300000+00:00,1.0,S
3855,3063,2021-03-20T17:55:23.870000+00:00,1.0,P
3855,3406,2021-03-20T17:55:27.300000+00:00,1.0,S
3856,3063,2021-03-20T17:55:23.870000+00:00,1.0,P
3856,3406,2021-03-20T17:55:27.300000+00:00,1.0,S
3857,3063,2021-03-20T17:55:23.870000+00:00,1.0,P
3857,3406,2021-03-20T17:55:27.300000+00:00,1.0,S
3858,3064,2021-03-20T17:55:23.880000+00:00,1.0,P
3858,3407,2021-03-20T17:55:27.310000+00:00,1.0,S
3859,3064,2021-03-20T17:55:23.880000+00:00,1.0,P
3859,3407,2021-03-20T17:55:27.310000+00:00,1.0,S
3860,3064,2021-03-20T17:55:23.880000+00:00,1.0,P
3860,3407,2021-03-20T17:55:27.310000+00:00,1.0,S
3861,3064,2021-03-20T17:55:23.880000+00:00,1.0,P
3861,3407,2021-03-20T17:55:27.310000+00:00,1.0,S
3862,3065,2021-03-20T17:55:23.890000+00:00,1.0,P
3862,3408,2021-03-20T17:55:27.320000+00:00,1.0,S
3863,3065,2021-03-20T17:55:23.890000+00:00,1.0,P
3863,3408,2021-03-20T17:55:27.320000+00:00,1.0,S
3864,3065,2021-03-20T17:55:23.890000+00:00,1.0,P
3864,3408,2021-03-20T17:55:27.320000+00:00,1.0,S
3865,3065,2021-03-20T17:55:23.890000+00:00,1.0,P
3865,3408,2021-03-20T17:55:27.320000+00:00,1.0,S
3866,3066,2021-03-20T17:55:23.900000+00:00,1.0,P
3866,3408,2021-03-20T17:55:27.320000+00:00,1.0,S
3867,3066,2021-03-20T17:55:23.900000+00:00,1.0,P
3867,3409,2021-03-20T17:55:27.330000+00:00,1.0,S
3868,3066,2021-03-20T17:55:23.900000+00:00,1.0,P
3868,3409,2021-03-20T17:55:27.330000+00:00,1.0,S
3869,3066,2021-03-20T17:55:23.900000+00:00,1.0,P
3869,3409,2021-03-20T17:55:27.330000+00:00,1.0,S
3870,3067,2021-03-20T17:55:23.910000+00:00,1.0,P
3870,3409,2021-03-20T17:55:27.330000+00:00,1.0,S
3871,3067,2021-03-20T17:55:23.910000+00:00,1.0,P
3871,3410,2021-03-20T17:55:27.340000+00:00,1.0,S
3872,3067,2021-03-20T17:55:23.910000+00:00,1.0,P
3872,3410,2021-03-20T17:55:27.340000+00:00,1.0,S
3873,3067,2021-03-20T17:55:23.910000+00:00,1.0,P
3873,3410,2021-03-20T17:55:27.340000+00:00,1.0,S
3874,3068,2021-03-20T17:55:23.920000+00:00,1.0,P
3874,3410,2021-03-20T17:55:27.340000+00:00,1.0,S
3875,3068,2021-03-20T17:55:23.920000+00:00,1.0,P
3875,3410,2021-03-20T17:55:27.340000+00:00,1.0,S
3876,3068,2021-03-20T17:55:23.920000+00:00,1.0,P
3876,3411,2021-03-20T17:55:27.350000+00:00,1.0,S
3877,3068,2021-03-20T17:55:23.920000+00:00,1.0,P
3877,3411,2021-03-20T17:55:27.350000+00:00,1.0,S
3878,3069,2021-03-20T17:55:23.930000+00:00,1.0,P
3878,3411,2021-03-20T17:55:27.350000+00:00,1.0,S
3879,3069,2021-03-20T17:55:23.930000+00:00,1.0,P
3879,3411,2021-03-20T17:55:27.350000+00:00,1.0,S
3880,3069,2021-03-20T17:55:23.930000+00:00,1.0,P
3880,3412,2021-03-20T17:55:27.359999+00:00,1.0,S
3881,3069,2021-03-20T17:55:23.930000+00:00,1.0,P
3881,3412,2021-03-20T17:55:27.359999+00:00,1.0,S
3882,3069,2021-03-20T17:55:23.930000+00:00,1.0,P
3882,3412,2021-03-20T17:55:27.359999+00:00,1.0,S
3883,3070,2021-03-20T17:55:23.940000+00:00,1.0,P
3883,3412,2021-03-20T17:55:27.359999+00:00,1.0,S
3884,3070,2021-03-20T17:55:23.940000+00:00,1.0,P
3884,3413,2021-03-20T17:55:27.370000+00:00,1.0,S
3885,3070,2021-03-20T17:55:23.940000+00:00,1.0,P
3885,3413,2021-03-20T17:55:27.370000+00:00,1.0,S
3886,3070,2021-03-20T17:55:23.940000+00:00,1.0,P
3886,3413,2021-03-20T17:55:27.370000+00:00,1.0,S
3887,3070,2021-03-20T17:55:23.940000+00:00,1.0,P
3887,3413,2021-03-20T17:55:27.370000+00:00,1.0,S
3888,3071,2021-03-20T17:55:23.950000+00:00,1.0,P
3888,3413,2021-03-20T17:55:27.370000+00:00,1.0,S
3889,3071,2021-03-20T17:55:23.950000+00:00,1.0,P
3889,3413,2021-03-20T17:55:27.370000+00:00,1.0,S
3890,3071,2021-03-20T17:55:23.950000+00:00,1.0,P
3890,3414,2021-03-20T17:55:27.380000+00:00,1.0,S
3891,3071,2021-03-20T17:55:23.950000+00:00,1.0,P
3891,3414,2021-03-20T17:55:27.380000+00:00,1.0,S
3892,3072,2021-03-20T17:55:23.960000+00:00,1.0,P
3892,3414,2021-03-20T17:55:27.380000+00:00,1.0,S
3893,3072,2021-03-20T17:55:23.960000+00:00,1.0,P
3893,3414,2021-03-20T17:55:27.380000+00:00,1.0,S
3894,3072,2021-03-20T17:55:23.960000+00:00,1.0,P
3894,3414,2021-03-20T17:55:27.380000+00:00,1.0,S
3895,3072,2021-03-20T17:55:23.960000+00:00,1.0,P
3895,3414,2021-03-20T17:55:27.380000+00:00,1.0,S
3896,3072,2021-03-20T17:55:23.960000+00:00,1.0,P
3896,3415,2021-03-20T17:55:27.390000+00:00,1.0,S
3897,3072,2021-03-20T17:55:23.960000+00:00,1.0,P
3897,3415,2021-03-20T17:55:27.390000+00:00,1.0,S
3898,3072,2021-03-20T17:55:23.960000+00:00,1.0,P
3898,3415,2021-03-20T17:55:27.390000+00:00,1.0,S
3899,3072,2021-03-20T17:55:23.960000+00:00,1.0,P
3899,3415,2021-03-20T17:55:27.390000+00:00,1.0,S
3900,3072,2021-03-20T17:55:23.960000+00:00,1.0,P
3900,3416,2021-03-20T17:55:27.400000+00:00,1.0,S
3901,3072,2021-03-20T17:55:23.960000+00:00,1.0,P
3901,3416,2021-03-20T17:55:27.400000+00:00,1.0,S
3902,3072,2021-03-20T17:55:23.960000+00:00,1.0,P
3902,3416,2021-03-20T17:55:27.400000+00:00,1.0,S
3903,3072,2021-03-20T17:55:23.960000+00:00,1.0,P
3903,3416,2021-03-20T17:55:27.400000+00:00,1.0,S
3904,3072,2021-03-20T17:55:23.960000+00:00,1.0,P
3904,3416,2021-03-20T17:55:27.400000+00:00,1.0,S
3905,3072,2021-03-20T17:55:23.960000+00:00,1.0,P
3905,3417,2021-03-20T17:55:27.410000+00:00,1.0,S
3906,3072,2021-03-20T17:55:23.960000+00:00,1.0,P
3906,3417,2021-03-20T17:55:27.410000+00:00,1.0,S
3907,3072,2021-03-20T17:55:23.960000+00:00,1.0,P
3907,3417,2021-03-20T17:55:27.410000+00:00,1.0,S
3908,3072,2021-03-20T17:55:23.960000+00:00,1.0,P
3908,3417,2021-03-20T17:55:27.410000+00:00,1.0,S
3909,3072,2021-03-20T17:55:23.960000+00:00,1.0,P
3909,3418,2021-03-20T17:55:27.420000+00:00,1.0,S
3910,3072,2021-03-20T17:55:23.960000+00:00,1.0,P
3910,3418,2021-03-20T17:55:27.420000+00:00,1.0,S
3911,3072,2021-03-20T17:55:23.960000+00:00,1.0,P
3911,3418,2021-03-20T17:55:27.420000+00:00,1.0,S
3912,3072,2021-03-20T17:55:23.960000+00:00,1.0,P
3912,3418,2021-03-20T17:55:27.420000+00:00,1.0,S
3913,3072,2021-03-20T17:55:23.960000+00:00,1.0,P
3913,3418,2021-03-20T17:55:27.420000+00:00,1.0,S
3914,3072,2021-03-20T17:55:23.960000+00:00,1.0,P
3914,3419,2021-03-20T17:55:27.429999+00:00,1.0,S
3915,3072,2021-03-20T17:55:23.960000+00:00,1.0,P
3915,3419,2021-03-20T17:55:27.429999+00:00,1.0,S
3916,3072,2021-03-20T17:55:23.960000+00:00,1.0,P
3916,3419,2021-03-20T17:55:27.429999+00:00,1.0,S
3917,3072,2021-03-20T17:55:23.960000+00:00,1.0,P
3917,3419,2021-03-20T17:55:27.429999+00:00,1.0,S
3918,3072,2021-03-20T17:55:23.960000+00:00,1.0,P
3918,3419,2021-03-20T17:55:27.429999+00:00,1.0,S
3919,3072,2021-03-20T17:55:23.960000+00:00,1.0,P
3919,3420,2021-03-20T17:55:27.440000+00:00,1.0,S
3920,3072,2021-03-20T17:55:23.960000+00:00,1.0,P
3920,3420,2021-03-20T17:55:27.440000+00:00,1.0,S
3921,3072,2021-03-20T17:55:23.960000+00:00,1.0,P
3921,3420,2021-03-20T17:55:27.440000+00:00,1.0,S
3922,3072,2021-03-20T17:55:23.960000+00:00,1.0,P
3922,3420,2021-03-20T17:55:27.440000+00:00,1.0,S
3923,3073,2021-03-20T17:55:23.970000+00:00,1.0,P
3923,3420,2021-03-20T17:55:27.440000+00:00,1.0,S
3924,3073,2021-03-20T17:55:23.970000+00:00,1.0,P
3924,3421,2021-03-20T17:55:27.450000+00:00,1.0,S
3925,3073,2021-03-20T17:55:23.970000+00:00,1.0,P
3925,3421,2021-03-20T17:55:27.450000+00:00,1.0,S
3926,3073,2021-03-20T17:55:23.970000+00:00,1.0,P
3926,3421,2021-03-20T17:55:27.450000+00:00,1.0,S
3927,3073,2021-03-20T17:55:23.970000+00:00,1.0,P
3927,3422,2021-03-20T17:55:27.460000+00:00,1.0,S
3928,3073,2021-03-20T17:55:23.970000+00:00,1.0,P
3928,3422,2021-03-20T17:55:27.460000+00:00,1.0,S
3929,3073,2021-03-20T17:55:23.970000+00:00,1.0,P
3929,3422,2021-03-20T17:55:27.460000+00:00,1.0,S
3930,3073,2021-03-20T17:55:23.970000+00:00,1.0,P
3930,3422,2021-03-20T17:55:27.460000+00:00,1.0,S
3931,3073,2021-03-20T17:55:23.970000+00:00,1.0,P
3931,3423,2021-03-20T17:55:27.470000+00:00,1.0,S
3932,3073,2021-03-20T17:55:23.970000+00:00,1.0,P
3932,3423,2021-03-20T17:55:27.470000+00:00,1.0,S
3933,3073,2021-03-20T17:55:23.970000+00:00,1.0,P
3933,3423,2021-03-20T17:55:27.470000+00:00,1.0,S
3934,3073,2021-03-20T17:55:23.970000+00:00,1.0,P
3934,3423,2021-03-20T17:55:27.470000+00:00,1.0,S
3935,3073,2021-03-20T17:55:23.970000+00:00,1.0,P
3935,3424,2021-03-20T17:55:27.480000+00:00,1.0,S
3936,3073,2021-03-20T17:55:23.970000+00:00,1.0,P
3936,3424,2021-03-20T17:55:27.480000+00:00,1.0,S
3937,3073,2021-03-20T17:55:23.970000+00:00,1.0,P
3937,3424,2021-03-20T17:55:27.480000+00:00,1.0,S
3938,3073,2021-03-20T17:55:23.970000+00:00,1.0,P
3938,3424,2021-03-20T17:55:27.480000+00:00,1.0,S
3939,3073,2021-03-20T17:55:23.970000+00:00,1.0,P
3939,3424,2021-03-20T17:55:27.480000+00:00,1.0,S
3940,3073,2021-03-20T17:55:23.970000+00:00,1.0,P
3940,3424,2021-03-20T17:55:27.480000+00:00,1.0,S
3941,3073,2021-03-20T17:55:23.970000+00:00,1.0,P
3941,3425,2021-03-20T17:55:27.490000+00:00,1.0,S
3942,3073,2021-03-20T17:55:23.970000+00:00,1.0,P
3942,3425,2021-03-20T17:55:27.490000+00:00,1.0,S
3943,3073,2021-03-20T17:55:23.970000+00:00,1.0,P
3943,3425,2021-03-20T17:55:27.490000+00:00,1.0,S
3944,3073,2021-03-20T17:55:23.970000+00:00,1.0,P
3944,3425,2021-03-20T17:55:27.490000+00:00,1.0,S
3945,3073,2021-03-20T17:55:23.970000+00:00,1.0,P
3945,3425,2021-03-20T17:55:27.490000+00:00,1.0,S
3946,3073,2021-03-20T17:55:23.970000+00:00,1.0,P
3946,3425,2021-03-20T17:55:27.490000+00:00,1.0,S
3947,3073,2021-03-20T17:55:23.970000+00:00,1.0,P
3947,3425,2021-03-20T17:55:27.490000+00:00,1.0,S
3948,3073,2021-03-20T17:55:23.970000+00:00,1.0,P
3948,3425,2021-03-20T17:55:27.490000+00:00,1.0,S
3949,3073,2021-03-20T17:55:23.970000+00:00,1.0,P
3949,3426,2021-03-20T17:55:27.499999+00:00,1.0,S
3950,3073,2021-03-20T17:55:23.970000+00:00,1.0,P
3950,3426,2021-03-20T17:55:27.499999+00:00,1.0,S
3951,3073,2021-03-20T17:55:23.970000+00:00,1.0,P
3951,3426,2021-03-20T17:55:27.499999+00:00,1.0,S
3952,3073,2021-03-20T17:55:23.970000+00:00,1.0,P
3952,3426,2021-03-20T17:55:27.499999+00:00,1.0,S
3953,3073,2021-03-20T17:55:23.970000+00:00,1.0,P
3953,3426,2021-03-20T17:55:27.499999+00:00,1.0,S
3954,3073,2021-03-20T17:55:23.970000+00:00,1.0,P
3954,3426,2021-03-20T17:55:27.499999+00:00,1.0,S
3955,3073,2021-03-20T17:55:23.970000+00:00,1.0,P
3955,3426,2021-03-20T17:55:27.499999+00:00,1.0,S
3956,3073,2021-03-20T17:55:23.970000+00:00,1.0,P
3956,3426,2021-03-20T17:55:27.499999+00:00,1.0,S
3957,3074,2021-03-20T17:55:23.980000+00:00,1.0,P
3957,3426,2021-03-20T17:55:27.499999+00:00,1.0,S
3958,3074,2021-03-20T17:55:23.980000+00:00,1.0,P
3958,3426,2021-03-20T17:55:27.499999+00:00,1.0,S
3959,3074,2021-03-20T17:55:23.980000+00:00,1.0,P
3959,3426,2021-03-20T17:55:27.499999+00:00,1.0,S
3960,3074,2021-03-20T17:55:23.980000+00:00,1.0,P
3960,3426,2021-03-20T17:55:27.499999+00:00,1.0,S
3961,3074,2021-03-20T17:55:23.980000+00:00,1.0,P
3961,3426,2021-03-20T17:55:27.499999+00:00,1.0,S
3962,3074,2021-03-20T17:55:23.980000+00:00,1.0,P
3962,3426,2021-03-20T17:55:27.499999+00:00,1.0,S
3963,3074,2021-03-20T17:55:23.980000+00:00,1.0,P
3963,3426,2021-03-20T17:55:27.499999+00:00,1.0,S
3964,3074,2021-03-20T17:55:23.980000+00:00,1.0,P
3964,3426,2021-03-20T17:55:27.499999+00:00,1.0,S
3965,3074,2021-03-20T17:55:23.980000+00:00,1.0,P
3965,3427,2021-03-20T17:55:27.510000+00:00,1.0,S
3966,3074,2021-03-20T17:55:23.980000+00:00,1.0,P
3966,3427,2021-03-20T17:55:27.510000+00:00,1.0,S
3967,3074,2021-03-20T17:55:23.980000+00:00,1.0,P
3967,3427,2021-03-20T17:55:27.510000+00:00,1.0,S
3968,3074,2021-03-20T17:55:23.980000+00:00,1.0,P
3968,3427,2021-03-20T17:55:27.510000+00:00,1.0,S
3969,3074,2021-03-20T17:55:23.980000+00:00,1.0,P
3969,3427,2021-03-20T17:55:27.510000+00:00,1.0,S
3970,3074,2021-03-20T17:55:23.980000+00:00,1.0,P
3970,3427,2021-03-20T17:55:27.510000+00:00,1.0,S
3971,3074,2021-03-20T17:55:23.980000+00:00,1.0,P
3971,3427,2021-03-20T17:55:27.510000+00:00,1.0,S
3972,3074,2021-03-20T17:55:23.980000+00:00,1.0,P
3972,3427,2021-03-20T17:55:27.510000+00:00,1.0,S
3973,3074,2021-03-20T17:55:23.980000+00:00,1.0,P
3973,3427,2021-03-20T17:55:27.510000+00:00,1.0,S
3974,3074,2021-03-20T17:55:23.980000+00:00,1.0,P
3974,3428,2021-03-20T17:55:27.520000+00:00,1.0,S
3975,3074,2021-03-20T17:55:23.980000+00:00,1.0,P
3975,3428,2021-03-20T17:55:27.520000+00:00,1.0,S
3976,3074,2021-03-20T17:55:23.980000+00:00,1.0,P
3976,3428,2021-03-20T17:55:27.520000+00:00,1.0,S
3977,3074,2021-03-20T17:55:23.980000+00:00,1.0,P
3977,3428,2021-03-20T17:55:27.520000+00:00,1.0,S
3978,3074,2021-03-20T17:55:23.980000+00:00,1.0,P
3978,3428,2021-03-20T17:55:27.520000+00:00,1.0,S
3979,3074,2021-03-20T17:55:23.980000+00:00,1.0,P
3979,3428,2021-03-20T17:55:27.520000+00:00,1.0,S
3980,3074,2021-03-20T17:55:23.980000+00:00,1.0,P
3980,3428,2021-03-20T17:55:27.520000+00:00,1.0,S
3981,3074,2021-03-20T17:55:23.980000+00:00,1.0,P
3981,3428,2021-03-20T17:55:27.520000+00:00,1.0,S
3982,3074,2021-03-20T17:55:23.980000+00:00,1.0,P
3982,3429,2021-03-20T17:55:27.530000+00:00,1.0,S
3983,3074,2021-03-20T17:55:23.980000+00:00,1.0,P
3983,3429,2021-03-20T17:55:27.530000+00:00,1.0,S
3984,3074,2021-03-20T17:55:23.980000+00:00,1.0,P
3984,3429,2021-03-20T17:55:27.530000+00:00,1.0,S
3985,3074,2021-03-20T17:55:23.980000+00:00,1.0,P
3985,3429,2021-03-20T17:55:27.530000+00:00,1.0,S
3986,3074,2021-03-20T17:55:23.980000+00:00,1.0,P
3986,3429,2021-03-20T17:55:27.530000+00:00,1.0,S
3987,3074,2021-03-20T17:55:23.980000+00:00,1.0,P
3987,3429,2021-03-20T17:55:27.530000+00:00,1.0,S
3988,3074,2021-03-20T17:55:23.980000+00:00,1.0,P
3988,3429,2021-03-20T17:55:27.530000+00:00,1.0,S
3989,3074,2021-03-20T17:55:23.980000+00:00,1.0,P
3989,3429,2021-03-20T17:55:27.530000+00:00,1.0,S
3990,3074,2021-03-20T17:55:23.980000+00:00,1.0,P
3990,3429,2021-03-20T17:55:27.530000+00:00,1.0,S
3991,3075,2021-03-20T17:55:23.990000+00:00,1.0,P
3991,3429,2021-03-20T17:55:27.530000+00:00,1.0,S
3992,3075,2021-03-20T17:55:23.990000+00:00,1.0,P
3992,3430,2021-03-20T17:55:27.540000+00:00,1.0,S
3993,3075,2021-03-20T17:55:23.990000+00:00,1.0,P
3993,3430,2021-03-20T17:55:27.540000+00:00,1.0,S
3994,3075,2021-03-20T17:55:23.990000+00:00,1.0,P
3994,3430,2021-03-20T17:55:27.540000+00:00,1.0,S
3995,3075,2021-03-20T17:55:23.990000+00:00,1.0,P
3995,3430,2021-03-20T17:55:27.540000+00:00,1.0,S
3996,3075,2021-03-20T17:55:23.990000+00:00,1.0,P
3996,3430,2021-03-20T17:55:27.540000+00:00,1.0,S
3997,3075,2021-03-20T17:55:23.990000+00:00,1.0,P
3997,3431,2021-03-20T17:55:27.550000+00:00,1.0,S
3998,3075,2021-03-20T17:55:23.990000+00:00,1.0,P
3998,3431,2021-03-20T17:55:27.550000+00:00,1.0,S
3999,3075,2021-03-20T17:55:23.990000+00:00,1.0,P
3999,3431,2021-03-20T17:55:27.550000+00:00,1.0,S
4000,3075,2021-03-20T17:55:23.990000+00:00,1.0,P
4000,3431,2021-03-20T17:55:27.550000+00:00,1.0,S
4001,3075,2021-03-20T17:55:23.990000+00:00,1.0,P
4001,3431,2021-03-20T17:55:27.550000+00:00,1.0,S
4002,3075,2021-03-20T17:55:23.990000+00:00,1.0,P
4002,3432,2021-03-20T17:55:27.560000+00:00,1.0,S
4003,3075,2021-03-20T17:55:23.990000+00:00,1.0,P
4003,3432,2021-03-20T17:55:27.560000+00:00,1.0,S
4004,3075,2021-03-20T17:55:23.990000+00:00,1.0,P
4004,3432,2021-03-20T17:55:27.560000+00:00,1.0,S
4005,3075,2021-03-20T17:55:23.990000+00:00,1.0,P
4005,3432,2021-03-20T17:55:27.560000+00:00,1.0,S
4006,3075,2021-03-20T17:55:23.990000+00:00,1.0,P
4006,3432,2021-03-20T17:55:27.560000+00:00,1.0,S
4007,3075,2021-03-20T17:55:23.990000+00:00,1.0,P
4007,3432,2021-03-20T17:55:27.560000+00:00,1.0,S
4008,3075,2021-03-20T17:55:23.990000+00:00,1.0,P
4008,3433,2021-03-20T17:55:27.570000+00:00,1.0,S
4009,3076,2021-03-20T17:55:24+00:00,1.0,P
4009,3433,2021-03-20T17:55:27.570000+00:00,1.0,S
4010,3076,2021-03-20T17:55:24+00:00,1.0,P
4010,3433,2021-03-20T17:55:27.570000+00:00,1.0,S
4011,3076,2021-03-20T17:55:24+00:00,1.0,P
4011,3433,2021-03-20T17:55:27.570000+00:00,1.0,S
4012,3076,2021-03-20T17:55:24+00:00,1.0,P
4012,3433,2021-03-20T17:55:27.570000+00:00,1.0,S
4013,3076,2021-03-20T17:55:24+00:00,1.0,P
4013,3433,2021-03-20T17:55:27.570000+00:00,1.0,S
4014,3076,2021-03-20T17:55:24+00:00,1.0,P
4014,3434,2021-03-20T17:55:27.580000+00:00,1.0,S
4015,3076,2021-03-20T17:55:24+00:00,1.0,P
4015,3434,2021-03-20T17:55:27.580000+00:00,1.0,S
4016,3076,2021-03-20T17:55:24+00:00,1.0,P
4016,3434,2021-03-20T17:55:27.580000+00:00,1.0,S
4017,3076,2021-03-20T17:55:24+00:00,1.0,P
4017,3434,2021-03-20T17:55:27.580000+00:00,1.0,S
4018,3076,2021-03-20T17:55:24+00:00,1.0,P
4018,3435,2021-03-20T17:55:27.590000+00:00,1.0,S
4019,3076,2021-03-20T17:55:24+00:00,1.0,P
4019,3435,2021-03-20T17:55:27.590000+00:00,1.0,S
4020,3076,2021-03-20T17:55:24+00:00,1.0,P
4020,3435,2021-03-20T17:55:27.590000+00:00,1.0,S
4021,3076,2021-03-20T17:55:24+00:00,1.0,P
4021,3435,2021-03-20T17:55:27.590000+00:00,1.0,S
4022,3076,2021-03-20T17:55:24+00:00,1.0,P
4022,3436,2021-03-20T17:55:27.600000+00:00,1.0,S
4023,3077,2021-03-20T17:55:24.010000+00:00,1.0,P
4023,3436,2021-03-20T17:55:27.600000+00:00,1.0,S
4024,3077,2021-03-20T17:55:24.010000+00:00,1.0,P
4024,3436,2021-03-20T17:55:27.600000+00:00,1.0,S
4025,3077,2021-03-20T17:55:24.010000+00:00,1.0,P
4025,3436,2021-03-20T17:55:27.600000+00:00,1.0,S
4026,3077,2021-03-20T17:55:24.010000+00:00,1.0,P
4026,3437,2021-03-20T17:55:27.610000+00:00,1.0,S
4027,3077,2021-03-20T17:55:24.010000+00:00,1.0,P
4027,3437,2021-03-20T17:55:27.610000+00:00,1.0,S
4028,3077,2021-03-20T17:55:24.010000+00:00,1.0,P
4028,3437,2021-03-20T17:55:27.610000+00:00,1.0,S
4029,3077,2021-03-20T17:55:24.010000+00:00,1.0,P
4029,3437,2021-03-20T17:55:27.610000+00:00,1.0,S
4030,3077,2021-03-20T17:55:24.010000+00:00,1.0,P
4030,3437,2021-03-20T17:55:27.610000+00:00,1.0,S
4031,3077,2021-03-20T17:55:24.010000+00:00,1.0,P
4031,3438,2021-03-20T17:55:27.620000+00:00,1.0,S
4032,3077,2021-03-20T17:55:24.010000+00:00,1.0,P
4032,3438,2021-03-20T17:55:27.620000+00:00,1.0,S
4033,3078,2021-03-20T17:55:24.020000+00:00,1.0,P
4033,3438,2021-03-20T17:55:27.620000+00:00,1.0,S
4034,3078,2021-03-20T17:55:24.020000+00:00,1.0,P
4034,3438,2021-03-20T17:55:27.620000+00:00,1.0,S
4035,3078,2021-03-20T17:55:24.020000+00:00,1.0,P
4035,3438,2021-03-20T17:55:27.620000+00:00,1.0,S
4036,3078,2021-03-20T17:55:24.020000+00:00,1.0,P
4036,3439,2021-03-20T17:55:27.630000+00:00,1.0,S
4037,3078,2021-03-20T17:55:24.020000+00:00,1.0,P
4037,3439,2021-03-20T17:55:27.630000+00:00,1.0,S
4038,3078,2021-03-20T17:55:24.020000+00:00,1.0,P
4038,3439,2021-03-20T17:55:27.630000+00:00,1.0,S
4039,3078,2021-03-20T17:55:24.020000+00:00,1.0,P
4039,3439,2021-03-20T17:55:27.630000+00:00,1.0,S
4040,3078,2021-03-20T17:55:24.020000+00:00,1.0,P
4040,3440,2021-03-20T17:55:27.640000+00:00,1.0,S
4041,3078,2021-03-20T17:55:24.020000+00:00,1.0,P
4041,3440,2021-03-20T17:55:27.640000+00:00,1.0,S
4042,3079,2021-03-20T17:55:24.030000+00:00,1.0,P
4042,3440,2021-03-20T17:55:27.640000+00:00,1.0,S
4043,3079,2021-03-20T17:55:24.030000+00:00,1.0,P
4043,3440,2021-03-20T17:55:27.640000+00:00,1.0,S
4044,3079,2021-03-20T17:55:24.030000+00:00,1.0,P
4044,3440,2021-03-20T17:55:27.640000+00:00,1.0,S
4045,3079,2021-03-20T17:55:24.030000+00:00,1.0,P
4045,3441,2021-03-20T17:55:27.650000+00:00,1.0,S
4046,3079,2021-03-20T17:55:24.030000+00:00,1.0,P
4046,3441,2021-03-20T17:55:27.650000+00:00,1.0,S
4047,3079,2021-03-20T17:55:24.030000+00:00,1.0,P
4047,3441,2021-03-20T17:55:27.650000+00:00,1.0,S
4048,3079,2021-03-20T17:55:24.030000+00:00,1.0,P
4048,3441,2021-03-20T17:55:27.650000+00:00,1.0,S
4049,3079,2021-03-20T17:55:24.030000+00:00,1.0,P
4049,3441,2021-03-20T17:55:27.650000+00:00,1.0,S
4050,3079,2021-03-20T17:55:24.030000+00:00,1.0,P
4050,3442,2021-03-20T17:55:27.660000+00:00,1.0,S
4051,3079,2021-03-20T17:55:24.030000+00:00,1.0,P
4051,3442,2021-03-20T17:55:27.660000+00:00,1.0,S
4052,3080,2021-03-20T17:55:24.040000+00:00,1.0,P
4052,3442,2021-03-20T17:55:27.660000+00:00,1.0,S
4053,3080,2021-03-20T17:55:24.040000+00:00,1.0,P
4053,3442,2021-03-20T17:55:27.660000+00:00,1.0,S
4054,3080,2021-03-20T17:55:24.040000+00:00,1.0,P
4054,3443,2021-03-20T17:55:27.670000+00:00,1.0,S
4055,3080,2021-03-20T17:55:24.040000+00:00,1.0,P
4055,3443,2021-03-20T17:55:27.670000+00:00,1.0,S
4056,3080,2021-03-20T17:55:24.040000+00:00,1.0,P
4056,3443,2021-03-20T17:55:27.670000+00:00,1.0,S
4057,3080,2021-03-20T17:55:24.040000+00:00,1.0,P
4057,3443,2021-03-20T17:55:27.670000+00:00,1.0,S
4058,3080,2021-03-20T17:55:24.040000+00:00,1.0,P
4058,3443,2021-03-20T17:55:27.670000+00:00,1.0,S
4059,3080,2021-03-20T17:55:24.040000+00:00,1.0,P
4059,3444,2021-03-20T17:55:27.680000+00:00,1.0,S
4060,3080,2021-03-20T17:55:24.040000+00:00,1.0,P
4060,3444,2021-03-20T17:55:27.680000+00:00,1.0,S
4061,3080,2021-03-20T17:55:24.040000+00:00,1.0,P
4061,3444,2021-03-20T17:55:27.680000+00:00,1.0,S
4062,3081,2021-03-20T17:55:24.050000+00:00,1.0,P
4062,3444,2021-03-20T17:55:27.680000+00:00,1.0,S
4063,3081,2021-03-20T17:55:24.050000+00:00,1.0,P
4063,3444,2021-03-20T17:55:27.680000+00:00,1.0,S
4064,3081,2021-03-20T17:55:24.050000+00:00,1.0,P
4064,3444,2021-03-20T17:55:27.680000+00:00,1.0,S
4065,3081,2021-03-20T17:55:24.050000+00:00,1.0,P
4065,3444,2021-03-20T17:55:27.680000+00:00,1.0,S
4066,3081,2021-03-20T17:55:24.050000+00:00,1.0,P
4066,3445,2021-03-20T17:55:27.690000+00:00,1.0,S
4067,3081,2021-03-20T17:55:24.050000+00:00,1.0,P
4067,3445,2021-03-20T17:55:27.690000+00:00,1.0,S
4068,3081,2021-03-20T17:55:24.050000+00:00,1.0,P
4068,3445,2021-03-20T17:55:27.690000+00:00,1.0,S
4069,3081,2021-03-20T17:55:24.050000+00:00,1.0,P
4069,3445,2021-03-20T17:55:27.690000+00:00,1.0,S
4070,3081,2021-03-20T17:55:24.050000+00:00,1.0,P
4070,3445,2021-03-20T17:55:27.690000+00:00,1.0,S
4071,3082,2021-03-20T17:55:24.060000+00:00,1.0,P
4071,3446,2021-03-20T17:55:27.700000+00:00,1.0,S
4072,3082,2021-03-20T17:55:24.060000+00:00,1.0,P
4072,3446,2021-03-20T17:55:27.700000+00:00,1.0,S
4073,3082,2021-03-20T17:55:24.060000+00:00,1.0,P
4073,3446,2021-03-20T17:55:27.700000+00:00,1.0,S
4074,3082,2021-03-20T17:55:24.060000+00:00,1.0,P
4074,3446,2021-03-20T17:55:27.700000+00:00,1.0,S
4075,3082,2021-03-20T17:55:24.060000+00:00,1.0,P
4075,3446,2021-03-20T17:55:27.700000+00:00,1.0,S
4076,3082,2021-03-20T17:55:24.060000+00:00,1.0,P
4076,3446,2021-03-20T17:55:27.700000+00:00,1.0,S
4077,3082,2021-03-20T17:55:24.060000+00:00,1.0,P
4077,3447,2021-03-20T17:55:27.710000+00:00,1.0,S
4078,3082,2021-03-20T17:55:24.060000+00:00,1.0,P
4078,3447,2021-03-20T17:55:27.710000+00:00,1.0,S
4079,3082,2021-03-20T17:55:24.060000+00:00,1.0,P
4079,3447,2021-03-20T17:55:27.710000+00:00,1.0,S
4080,3082,2021-03-20T17:55:24.060000+00:00,1.0,P
4080,3447,2021-03-20T17:55:27.710000+00:00,1.0,S
4081,3083,2021-03-20T17:55:24.070000+00:00,1.0,P
4081,3447,2021-03-20T17:55:27.710000+00:00,1.0,S
4082,3083,2021-03-20T17:55:24.070000+00:00,1.0,P
4082,3447,2021-03-20T17:55:27.710000+00:00,1.0,S
4083,3083,2021-03-20T17:55:24.070000+00:00,1.0,P
4083,3448,2021-03-20T17:55:27.720000+00:00,1.0,S
4084,3083,2021-03-20T17:55:24.070000+00:00,1.0,P
4084,3448,2021-03-20T17:55:27.720000+00:00,1.0,S
4085,3083,2021-03-20T17:55:24.070000+00:00,1.0,P
4085,3448,2021-03-20T17:55:27.720000+00:00,1.0,S
4086,3083,2021-03-20T17:55:24.070000+00:00,1.0,P
4086,3448,2021-03-20T17:55:27.720000+00:00,1.0,S
4087,3083,2021-03-20T17:55:24.070000+00:00,1.0,P
4087,3448,2021-03-20T17:55:27.720000+00:00,1.0,S
4088,3083,2021-03-20T17:55:24.070000+00:00,1.0,P
4088,3449,2021-03-20T17:55:27.730000+00:00,1.0,S
4089,3083,2021-03-20T17:55:24.070000+00:00,1.0,P
4089,3449,2021-03-20T17:55:27.730000+00:00,1.0,S
4090,3084,2021-03-20T17:55:24.080000+00:00,1.0,P
4090,3449,2021-03-20T17:55:27.730000+00:00,1.0,S
4091,3084,2021-03-20T17:55:24.080000+00:00,1.0,P
4091,3449,2021-03-20T17:55:27.730000+00:00,1.0,S
4092,3084,2021-03-20T17:55:24.080000+00:00,1.0,P
4092,3449,2021-03-20T17:55:27.730000+00:00,1.0,S
4093,3084,2021-03-20T17:55:24.080000+00:00,1.0,P
4093,3450,2021-03-20T17:55:27.740000+00:00,1.0,S
4094,3084,2021-03-20T17:55:24.080000+00:00,1.0,P
4094,3450,2021-03-20T17:55:27.740000+00:00,1.0,S
4095,3084,2021-03-20T17:55:24.080000+00:00,1.0,P
4095,3450,2021-03-20T17:55:27.740000+00:00,1.0,S
4096,3084,2021-03-20T17:55:24.080000+00:00,1.0,P
4096,3450,2021-03-20T17:55:27.740000+00:00,1.0,S
4097,3084,2021-03-20T17:55:24.080000+00:00,1.0,P
4097,3450,2021-03-20T17:55:27.740000+00:00,1.0,S
4098,3084,2021-03-20T17:55:24.080000+00:00,1.0,P
4098,3450,2021-03-20T17:55:27.740000+00:00,1.0,S
4099,3085,2021-03-20T17:55:24.090000+00:00,1.0,P
4099,3450,2021-03-20T17:55:27.740000+00:00,1.0,S
4100,3085,2021-03-20T17:55:24.090000+00:00,1.0,P
4100,3450,2021-03-20T17:55:27.740000+00:00,1.0,S
4101,3085,2021-03-20T17:55:24.090000+00:00,1.0,P
4101,3451,2021-03-20T17:55:27.750000+00:00,1.0,S
4102,3085,2021-03-20T17:55:24.090000+00:00,1.0,P
4102,3451,2021-03-20T17:55:27.750000+00:00,1.0,S
4103,3085,2021-03-20T17:55:24.090000+00:00,1.0,P
4103,3451,2021-03-20T17:55:27.750000+00:00,1.0,S
4104,3085,2021-03-20T17:55:24.090000+00:00,1.0,P
4104,3451,2021-03-20T17:55:27.750000+00:00,1.0,S
4105,3085,2021-03-20T17:55:24.090000+00:00,1.0,P
4105,3451,2021-03-20T17:55:27.750000+00:00,1.0,S
4106,3085,2021-03-20T17:55:24.090000+00:00,1.0,P
4106,3451,2021-03-20T17:55:27.750000+00:00,1.0,S
4107,3085,2021-03-20T17:55:24.090000+00:00,1.0,P
4107,3451,2021-03-20T17:55:27.750000+00:00,1.0,S
4108,3086,2021-03-20T17:55:24.100000+00:00,1.0,P
4108,3451,2021-03-20T17:55:27.750000+00:00,1.0,S
4109,3086,2021-03-20T17:55:24.100000+00:00,1.0,P
4109,3451,2021-03-20T17:55:27.750000+00:00,1.0,S
4110,3086,2021-03-20T17:55:24.100000+00:00,1.0,P
4110,3451,2021-03-20T17:55:27.750000+00:00,1.0,S
4111,3086,2021-03-20T17:55:24.100000+00:00,1.0,P
4111,3451,2021-03-20T17:55:27.750000+00:00,1.0,S
4112,3086,2021-03-20T17:55:24.100000+00:00,1.0,P
4112,3452,2021-03-20T17:55:27.760000+00:00,1.0,S
4113,3086,2021-03-20T17:55:24.100000+00:00,1.0,P
4113,3452,2021-03-20T17:55:27.760000+00:00,1.0,S
4114,3086,2021-03-20T17:55:24.100000+00:00,1.0,P
4114,3452,2021-03-20T17:55:27.760000+00:00,1.0,S
4115,3086,2021-03-20T17:55:24.100000+00:00,1.0,P
4115,3452,2021-03-20T17:55:27.760000+00:00,1.0,S
4116,3087,2021-03-20T17:55:24.110000+00:00,1.0,P
4116,3452,2021-03-20T17:55:27.760000+00:00,1.0,S
4117,3087,2021-03-20T17:55:24.110000+00:00,1.0,P
4117,3452,2021-03-20T17:55:27.760000+00:00,1.0,S
4118,3087,2021-03-20T17:55:24.110000+00:00,1.0,P
4118,3452,2021-03-20T17:55:27.760000+00:00,1.0,S
4119,3087,2021-03-20T17:55:24.110000+00:00,1.0,P
4119,3452,2021-03-20T17:55:27.760000+00:00,1.0,S
4120,3087,2021-03-20T17:55:24.110000+00:00,1.0,P
4120,3452,2021-03-20T17:55:27.760000+00:00,1.0,S
4121,3087,2021-03-20T17:55:24.110000+00:00,1.0,P
4121,3452,2021-03-20T17:55:27.760000+00:00,1.0,S
4122,3087,2021-03-20T17:55:24.110000+00:00,1.0,P
4122,3453,2021-03-20T17:55:27.770000+00:00,1.0,S
4123,3087,2021-03-20T17:55:24.110000+00:00,1.0,P
4123,3453,2021-03-20T17:55:27.770000+00:00,1.0,S
4124,3087,2021-03-20T17:55:24.110000+00:00,1.0,P
4124,3453,2021-03-20T17:55:27.770000+00:00,1.0,S
4125,3088,2021-03-20T17:55:24.120000+00:00,1.0,P
4125,3453,2021-03-20T17:55:27.770000+00:00,1.0,S
4126,3088,2021-03-20T17:55:24.120000+00:00,1.0,P
4126,3453,2021-03-20T17:55:27.770000+00:00,1.0,S
4127,3088,2021-03-20T17:55:24.120000+00:00,1.0,P
4127,3453,2021-03-20T17:55:27.770000+00:00,1.0,S
4128,3088,2021-03-20T17:55:24.120000+00:00,1.0,P
4128,3453,2021-03-20T17:55:27.770000+00:00,1.0,S
4129,3088,2021-03-20T17:55:24.120000+00:00,1.0,P
4129,3453,2021-03-20T17:55:27.770000+00:00,1.0,S
4130,3088,2021-03-20T17:55:24.120000+00:00,1.0,P
4130,3453,2021-03-20T17:55:27.770000+00:00,1.0,S
4131,3088,2021-03-20T17:55:24.120000+00:00,1.0,P
4131,3453,2021-03-20T17:55:27.770000+00:00,1.0,S
4132,3088,2021-03-20T17:55:24.120000+00:00,1.0,P
4132,3454,2021-03-20T17:55:27.780000+00:00,1.0,S
4133,3088,2021-03-20T17:55:24.120000+00:00,1.0,P
4133,3454,2021-03-20T17:55:27.780000+00:00,1.0,S
4134,3088,2021-03-20T17:55:24.120000+00:00,1.0,P
4134,3454,2021-03-20T17:55:27.780000+00:00,1.0,S
4135,3089,2021-03-20T17:55:24.130000+00:00,1.0,P
4135,3454,2021-03-20T17:55:27.780000+00:00,1.0,S
4136,3089,2021-03-20T17:55:24.130000+00:00,1.0,P
4136,3454,2021-03-20T17:55:27.780000+00:00,1.0,S
4137,3089,2021-03-20T17:55:24.130000+00:00,1.0,P
4137,3454,2021-03-20T17:55:27.780000+00:00,1.0,S
4138,3089,2021-03-20T17:55:24.130000+00:00,1.0,P
4138,3454,2021-03-20T17:55:27.780000+00:00,1.0,S
4139,3089,2021-03-20T17:55:24.130000+00:00,1.0,P
4139,3454,2021-03-20T17:55:27.780000+00:00,1.0,S
4140,3089,2021-03-20T17:55:24.130000+00:00,1.0,P
4140,3454,2021-03-20T17:55:27.780000+00:00,1.0,S
4141,3089,2021-03-20T17:55:24.130000+00:00,1.0,P
4141,3454,2021-03-20T17:55:27.780000+00:00,1.0,S
4142,3089,2021-03-20T17:55:24.130000+00:00,1.0,P
4142,3454,2021-03-20T17:55:27.780000+00:00,1.0,S
4143,3089,2021-03-20T17:55:24.130000+00:00,1.0,P
4143,3454,2021-03-20T17:55:27.780000+00:00,1.0,S
4144,3089,2021-03-20T17:55:24.130000+00:00,1.0,P
4144,3455,2021-03-20T17:55:27.790000+00:00,1.0,S
4145,3090,2021-03-20T17:55:24.140000+00:00,1.0,P
4145,3455,2021-03-20T17:55:27.790000+00:00,1.0,S
4146,3090,2021-03-20T17:55:24.140000+00:00,1.0,P
4146,3455,2021-03-20T17:55:27.790000+00:00,1.0,S
4147,3090,2021-03-20T17:55:24.140000+00:00,1.0,P
4147,3455,2021-03-20T17:55:27.790000+00:00,1.0,S
4148,3090,2021-03-20T17:55:24.140000+00:00,1.0,P
4148,3455,2021-03-20T17:55:27.790000+00:00,1.0,S
4149,3090,2021-03-20T17:55:24.140000+00:00,1.0,P
4149,3455,2021-03-20T17:55:27.790000+00:00,1.0,S
4150,3090,2021-03-20T17:55:24.140000+00:00,1.0,P
4150,3455,2021-03-20T17:55:27.790000+00:00,1.0,S
4151,3090,2021-03-20T17:55:24.140000+00:00,1.0,P
4151,3455,2021-03-20T17:55:27.790000+00:00,1.0,S
4152,3090,2021-03-20T17:55:24.140000+00:00,1.0,P
4152,3455,2021-03-20T17:55:27.790000+00:00,1.0,S
4153,3090,2021-03-20T17:55:24.140000+00:00,1.0,P
4153,3455,2021-03-20T17:55:27.790000+00:00,1.0,S
4154,3091,2021-03-20T17:55:24.150000+00:00,1.0,P
4154,3456,2021-03-20T17:55:27.800000+00:00,1.0,S
4155,3091,2021-03-20T17:55:24.150000+00:00,1.0,P
4155,3456,2021-03-20T17:55:27.800000+00:00,1.0,S
4156,3091,2021-03-20T17:55:24.150000+00:00,1.0,P
4156,3456,2021-03-20T17:55:27.800000+00:00,1.0,S
4157,3091,2021-03-20T17:55:24.150000+00:00,1.0,P
4157,3456,2021-03-20T17:55:27.800000+00:00,1.0,S
4158,3091,2021-03-20T17:55:24.150000+00:00,1.0,P
4158,3456,2021-03-20T17:55:27.800000+00:00,1.0,S
4159,3091,2021-03-20T17:55:24.150000+00:00,1.0,P
4159,3456,2021-03-20T17:55:27.800000+00:00,1.0,S
4160,3091,2021-03-20T17:55:24.150000+00:00,1.0,P
4160,3456,2021-03-20T17:55:27.800000+00:00,1.0,S
4161,3091,2021-03-20T17:55:24.150000+00:00,1.0,P
4161,3456,2021-03-20T17:55:27.800000+00:00,1.0,S
4162,3092,2021-03-20T17:55:24.160000+00:00,1.0,P
4162,3456,2021-03-20T17:55:27.800000+00:00,1.0,S
4163,3092,2021-03-20T17:55:24.160000+00:00,1.0,P
4163,3457,2021-03-20T17:55:27.810000+00:00,1.0,S
4164,3092,2021-03-20T17:55:24.160000+00:00,1.0,P
4164,3457,2021-03-20T17:55:27.810000+00:00,1.0,S
4165,3092,2021-03-20T17:55:24.160000+00:00,1.0,P
4165,3457,2021-03-20T17:55:27.810000+00:00,1.0,S
4166,3092,2021-03-20T17:55:24.160000+00:00,1.0,P
4166,3457,2021-03-20T17:55:27.810000+00:00,1.0,S
4167,3092,2021-03-20T17:55:24.160000+00:00,1.0,P
4167,3457,2021-03-20T17:55:27.810000+00:00,1.0,S
4168,3092,2021-03-20T17:55:24.160000+00:00,1.0,P
4168,3457,2021-03-20T17:55:27.810000+00:00,1.0,S
4169,3092,2021-03-20T17:55:24.160000+00:00,1.0,P
4169,3457,2021-03-20T17:55:27.810000+00:00,1.0,S
4170,3093,2021-03-20T17:55:24.170000+00:00,1.0,P
4170,3457,2021-03-20T17:55:27.810000+00:00,1.0,S
4171,3093,2021-03-20T17:55:24.170000+00:00,1.0,P
4171,3457,2021-03-20T17:55:27.810000+00:00,1.0,S
4172,3093,2021-03-20T17:55:24.170000+00:00,1.0,P
4172,3457,2021-03-20T17:55:27.810000+00:00,1.0,S
4173,3093,2021-03-20T17:55:24.170000+00:00,1.0,P
4173,3457,2021-03-20T17:55:27.810000+00:00,1.0,S
4174,3093,2021-03-20T17:55:24.170000+00:00,1.0,P
4174,3457,2021-03-20T17:55:27.810000+00:00,1.0,S
4175,3093,2021-03-20T17:55:24.170000+00:00,1.0,P
4175,3457,2021-03-20T17:55:27.810000+00:00,1.0,S
4176,3093,2021-03-20T17:55:24.170000+00:00,1.0,P
4176,3457,2021-03-20T17:55:27.810000+00:00,1.0,S
4177,3093,2021-03-20T17:55:24.170000+00:00,1.0,P
4177,3458,2021-03-20T17:55:27.820000+00:00,1.0,S
4178,3093,2021-03-20T17:55:24.170000+00:00,1.0,P
4178,3458,2021-03-20T17:55:27.820000+00:00,1.0,S
4179,3093,2021-03-20T17:55:24.170000+00:00,1.0,P
4179,3458,2021-03-20T17:55:27.820000+00:00,1.0,S
4180,3094,2021-03-20T17:55:24.180000+00:00,1.0,P
4180,3458,2021-03-20T17:55:27.820000+00:00,1.0,S
4181,3094,2021-03-20T17:55:24.180000+00:00,1.0,P
4181,3458,2021-03-20T17:55:27.820000+00:00,1.0,S
4182,3094,2021-03-20T17:55:24.180000+00:00,1.0,P
4182,3458,2021-03-20T17:55:27.820000+00:00,1.0,S
4183,3094,2021-03-20T17:55:24.180000+00:00,1.0,P
4183,3458,2021-03-20T17:55:27.820000+00:00,1.0,S
4184,3094,2021-03-20T17:55:24.180000+00:00,1.0,P
4184,3458,2021-03-20T17:55:27.820000+00:00,1.0,S
4185,3094,2021-03-20T17:55:24.180000+00:00,1.0,P
4185,3458,2021-03-20T17:55:27.820000+00:00,1.0,S
4186,3094,2021-03-20T17:55:24.180000+00:00,1.0,P
4186,3458,2021-03-20T17:55:27.820000+00:00,1.0,S
4187,3094,2021-03-20T17:55:24.180000+00:00,1.0,P
4187,3458,2021-03-20T17:55:27.820000+00:00,1.0,S
4188,3094,2021-03-20T17:55:24.180000+00:00,1.0,P
4188,3458,2021-03-20T17:55:27.820000+00:00,1.0,S
4189,3094,2021-03-20T17:55:24.180000+00:00,1.0,P
4189,3459,2021-03-20T17:55:27.830000+00:00,1.0,S
4190,3094,2021-03-20T17:55:24.180000+00:00,1.0,P
4190,3459,2021-03-20T17:55:27.830000+00:00,1.0,S
4191,3094,2021-03-20T17:55:24.180000+00:00,1.0,P
4191,3459,2021-03-20T17:55:27.830000+00:00,1.0,S
4192,3095,2021-03-20T17:55:24.190000+00:00,1.0,P
4192,3459,2021-03-20T17:55:27.830000+00:00,1.0,S
4193,3095,2021-03-20T17:55:24.190000+00:00,1.0,P
4193,3459,2021-03-20T17:55:27.830000+00:00,1.0,S
4194,3095,2021-03-20T17:55:24.190000+00:00,1.0,P
4194,3459,2021-03-20T17:55:27.830000+00:00,1.0,S
4195,3095,2021-03-20T17:55:24.190000+00:00,1.0,P
4195,3459,2021-03-20T17:55:27.830000+00:00,1.0,S
4196,3095,2021-03-20T17:55:24.190000+00:00,1.0,P
4196,3459,2021-03-20T17:55:27.830000+00:00,1.0,S
4197,3095,2021-03-20T17:55:24.190000+00:00,1.0,P
4197,3459,2021-03-20T17:55:27.830000+00:00,1.0,S
4198,3095,2021-03-20T17:55:24.190000+00:00,1.0,P
4198,3459,2021-03-20T17:55:27.830000+00:00,1.0,S
4199,3095,2021-03-20T17:55:24.190000+00:00,1.0,P
4199,3459,2021-03-20T17:55:27.830000+00:00,1.0,S
4200,3095,2021-03-20T17:55:24.190000+00:00,1.0,P
4200,3459,2021-03-20T17:55:27.830000+00:00,1.0,S
4201,3095,2021-03-20T17:55:24.190000+00:00,1.0,P
4201,3459,2021-03-20T17:55:27.830000+00:00,1.0,S
4202,3095,2021-03-20T17:55:24.190000+00:00,1.0,P
4202,3459,2021-03-20T17:55:27.830000+00:00,1.0,S
4203,3096,2021-03-20T17:55:24.200000+00:00,1.0,P
4203,3459,2021-03-20T17:55:27.830000+00:00,1.0,S
4204,3096,2021-03-20T17:55:24.200000+00:00,1.0,P
4204,3459,2021-03-20T17:55:27.830000+00:00,1.0,S
4205,3096,2021-03-20T17:55:24.200000+00:00,1.0,P
4205,3459,2021-03-20T17:55:27.830000+00:00,1.0,S
4206,3096,2021-03-20T17:55:24.200000+00:00,1.0,P
4206,3459,2021-03-20T17:55:27.830000+00:00,1.0,S
4207,3096,2021-03-20T17:55:24.200000+00:00,1.0,P
4207,3460,2021-03-20T17:55:27.840000+00:00,1.0,S
4208,3096,2021-03-20T17:55:24.200000+00:00,1.0,P
4208,3460,2021-03-20T17:55:27.840000+00:00,1.0,S
4209,3096,2021-03-20T17:55:24.200000+00:00,1.0,P
4209,3460,2021-03-20T17:55:27.840000+00:00,1.0,S
4210,3096,2021-03-20T17:55:24.200000+00:00,1.0,P
4210,3460,2021-03-20T17:55:27.840000+00:00,1.0,S
4211,3096,2021-03-20T17:55:24.200000+00:00,1.0,P
4211,3460,2021-03-20T17:55:27.840000+00:00,1.0,S
4212,3096,2021-03-20T17:55:24.200000+00:00,1.0,P
4212,3460,2021-03-20T17:55:27.840000+00:00,1.0,S
4213,3096,2021-03-20T17:55:24.200000+00:00,1.0,P
4213,3460,2021-03-20T17:55:27.840000+00:00,1.0,S
4214,3096,2021-03-20T17:55:24.200000+00:00,1.0,P
4214,3460,2021-03-20T17:55:27.840000+00:00,1.0,S
4215,3096,2021-03-20T17:55:24.200000+00:00,1.0,P
4215,3460,2021-03-20T17:55:27.840000+00:00,1.0,S
4216,3097,2021-03-20T17:55:24.210000+00:00,1.0,P
4216,3460,2021-03-20T17:55:27.840000+00:00,1.0,S
4217,3097,2021-03-20T17:55:24.210000+00:00,1.0,P
4217,3460,2021-03-20T17:55:27.840000+00:00,1.0,S
4218,3097,2021-03-20T17:55:24.210000+00:00,1.0,P
4218,3460,2021-03-20T17:55:27.840000+00:00,1.0,S
4219,3097,2021-03-20T17:55:24.210000+00:00,1.0,P
4219,3460,2021-03-20T17:55:27.840000+00:00,1.0,S
4220,3097,2021-03-20T17:55:24.210000+00:00,1.0,P
4220,3460,2021-03-20T17:55:27.840000+00:00,1.0,S
4221,3097,2021-03-20T17:55:24.210000+00:00,1.0,P
4221,3460,2021-03-20T17:55:27.840000+00:00,1.0,S
4222,3097,2021-03-20T17:55:24.210000+00:00,1.0,P
4222,3460,2021-03-20T17:55:27.840000+00:00,1.0,S
4223,3097,2021-03-20T17:55:24.210000+00:00,1.0,P
4223,3460,2021-03-20T17:55:27.840000+00:00,1.0,S
4224,3097,2021-03-20T17:55:24.210000+00:00,1.0,P
4224,3460,2021-03-20T17:55:27.840000+00:00,1.0,S
4225,3097,2021-03-20T17:55:24.210000+00:00,1.0,P
4225,3460,2021-03-20T17:55:27.840000+00:00,1.0,S
4226,3097,2021-03-20T17:55:24.210000+00:00,1.0,P
4226,3460,2021-03-20T17:55:27.840000+00:00,1.0,S
4227,3097,2021-03-20T17:55:24.210000+00:00,1.0,P
4227,3460,2021-03-20T17:55:27.840000+00:00,1.0,S
4228,3097,2021-03-20T17:55:24.210000+00:00,1.0,P
4228,3460,2021-03-20T17:55:27.840000+00:00,1.0,S
4229,3097,2021-03-20T17:55:24.210000+00:00,1.0,P
4229,3460,2021-03-20T17:55:27.840000+00:00,1.0,S
4230,3097,2021-03-20T17:55:24.210000+00:00,1.0,P
4230,3460,2021-03-20T17:55:27.840000+00:00,1.0,S
4231,3097,2021-03-20T17:55:24.210000+00:00,1.0,P
4231,3460,2021-03-20T17:55:27.840000+00:00,1.0,S
4232,3098,2021-03-20T17:55:24.220000+00:00,1.0,P
4232,3460,2021-03-20T17:55:27.840000+00:00,1.0,S
4233,3098,2021-03-20T17:55:24.220000+00:00,1.0,P
4233,3460,2021-03-20T17:55:27.840000+00:00,1.0,S
4234,3098,2021-03-20T17:55:24.220000+00:00,1.0,P
4234,3460,2021-03-20T17:55:27.840000+00:00,1.0,S
4235,3098,2021-03-20T17:55:24.220000+00:00,1.0,P
4235,3460,2021-03-20T17:55:27.840000+00:00,1.0,S
4236,3098,2021-03-20T17:55:24.220000+00:00,1.0,P
4236,3460,2021-03-20T17:55:27.840000+00:00,1.0,S
4237,3098,2021-03-20T17:55:24.220000+00:00,1.0,P
4237,3460,2021-03-20T17:55:27.840000+00:00,1.0,S
4238,3098,2021-03-20T17:55:24.220000+00:00,1.0,P
4238,3460,2021-03-20T17:55:27.840000+00:00,1.0,S
4239,3098,2021-03-20T17:55:24.220000+00:00,1.0,P
4239,3460,2021-03-20T17:55:27.840000+00:00,1.0,S
4240,3098,2021-03-20T17:55:24.220000+00:00,1.0,P
4240,3460,2021-03-20T17:55:27.840000+00:00,1.0,S
4241,3098,2021-03-20T17:55:24.220000+00:00,1.0,P
4241,3460,2021-03-20T17:55:27.840000+00:00,1.0,S
4242,3098,2021-03-20T17:55:24.220000+00:00,1.0,P
4242,3460,2021-03-20T17:55:27.840000+00:00,1.0,S
4243,3098,2021-03-20T17:55:24.220000+00:00,1.0,P
4243,3460,2021-03-20T17:55:27.840000+00:00,1.0,S
4244,3098,2021-03-20T17:55:24.220000+00:00,1.0,P
4244,3461,2021-03-20T17:55:27.850000+00:00,1.0,S
4245,3098,2021-03-20T17:55:24.220000+00:00,1.0,P
4245,3461,2021-03-20T17:55:27.850000+00:00,1.0,S
4246,3098,2021-03-20T17:55:24.220000+00:00,1.0,P
4246,3461,2021-03-20T17:55:27.850000+00:00,1.0,S
4247,3098,2021-03-20T17:55:24.220000+00:00,1.0,P
4247,3461,2021-03-20T17:55:27.850000+00:00,1.0,S
4248,3099,2021-03-20T17:55:24.230000+00:00,1.0,P
4248,3461,2021-03-20T17:55:27.850000+00:00,1.0,S
4249,3099,2021-03-20T17:55:24.230000+00:00,1.0,P
4249,3461,2021-03-20T17:55:27.850000+00:00,1.0,S
4250,3099,2021-03-20T17:55:24.230000+00:00,1.0,P
4250,3461,2021-03-20T17:55:27.850000+00:00,1.0,S
4251,3099,2021-03-20T17:55:24.230000+00:00,1.0,P
4251,3461,2021-03-20T17:55:27.850000+00:00,1.0,S
4252,3099,2021-03-20T17:55:24.230000+00:00,1.0,P
4252,3461,2021-03-20T17:55:27.850000+00:00,1.0,S
4253,3099,2021-03-20T17:55:24.230000+00:00,1.0,P
4253,3461,2021-03-20T17:55:27.850000+00:00,1.0,S
4254,3099,2021-03-20T17:55:24.230000+00:00,1.0,P
4254,3461,2021-03-20T17:55:27.850000+00:00,1.0,S
4255,3099,2021-03-20T17:55:24.230000+00:00,1.0,P
4255,3461,2021-03-20T17:55:27.850000+00:00,1.0,S
4256,3099,2021-03-20T17:55:24.230000+00:00,1.0,P
4256,3461,2021-03-20T17:55:27.850000+00:00,1.0,S
4257,3099,2021-03-20T17:55:24.230000+00:00,1.0,P
4257,3461,2021-03-20T17:55:27.850000+00:00,1.0,S
4258,3099,2021-03-20T17:55:24.230000+00:00,1.0,P
4258,3461,2021-03-20T17:55:27.850000+00:00,1.0,S
4259,3099,2021-03-20T17:55:24.230000+00:00,1.0,P
4259,3461,2021-03-20T17:55:27.850000+00:00,1.0,S
4260,3099,2021-03-20T17:55:24.230000+00:00,1.0,P
4260,3461,2021-03-20T17:55:27.850000+00:00,1.0,S
4261,3099,2021-03-20T17:55:24.230000+00:00,1.0,P
4261,3461,2021-03-20T17:55:27.850000+00:00,1.0,S
4262,3099,2021-03-20T17:55:24.230000+00:00,1.0,P
4262,3461,2021-03-20T17:55:27.850000+00:00,1.0,S
4263,3099,2021-03-20T17:55:24.230000+00:00,1.0,P
4263,3461,2021-03-20T17:55:27.850000+00:00,1.0,S
4264,3100,2021-03-20T17:55:24.240000+00:00,1.0,P
4264,3461,2021-03-20T17:55:27.850000+00:00,1.0,S
4265,3100,2021-03-20T17:55:24.240000+00:00,1.0,P
4265,3461,2021-03-20T17:55:27.850000+00:00,1.0,S
4266,3100,2021-03-20T17:55:24.240000+00:00,1.0,P
4266,3461,2021-03-20T17:55:27.850000+00:00,1.0,S
4267,3100,2021-03-20T17:55:24.240000+00:00,1.0,P
4267,3462,2021-03-20T17:55:27.860000+00:00,1.0,S
4268,3100,2021-03-20T17:55:24.240000+00:00,1.0,P
4268,3462,2021-03-20T17:55:27.860000+00:00,1.0,S
4269,3100,2021-03-20T17:55:24.240000+00:00,1.0,P
4269,3462,2021-03-20T17:55:27.860000+00:00,1.0,S
4270,3100,2021-03-20T17:55:24.240000+00:00,1.0,P
4270,3462,2021-03-20T17:55:27.860000+00:00,1.0,S
4271,3100,2021-03-20T17:55:24.240000+00:00,1.0,P
4271,3462,2021-03-20T17:55:27.860000+00:00,1.0,S
4272,3100,2021-03-20T17:55:24.240000+00:00,1.0,P
4272,3462,2021-03-20T17:55:27.860000+00:00,1.0,S
4273,3100,2021-03-20T17:55:24.240000+00:00,1.0,P
4273,3462,2021-03-20T17:55:27.860000+00:00,1.0,S
4274,3100,2021-03-20T17:55:24.240000+00:00,1.0,P
4274,3462,2021-03-20T17:55:27.860000+00:00,1.0,S
4275,3100,2021-03-20T17:55:24.240000+00:00,1.0,P
4275,3462,2021-03-20T17:55:27.860000+00:00,1.0,S
4276,3100,2021-03-20T17:55:24.240000+00:00,1.0,P
4276,3462,2021-03-20T17:55:27.860000+00:00,1.0,S
4277,3100,2021-03-20T17:55:24.240000+00:00,1.0,P
4277,3462,2021-03-20T17:55:27.860000+00:00,1.0,S
4278,3100,2021-03-20T17:55:24.240000+00:00,1.0,P
4278,3462,2021-03-20T17:55:27.860000+00:00,1.0,S
4279,3100,2021-03-20T17:55:24.240000+00:00,1.0,P
4279,3462,2021-03-20T17:55:27.860000+00:00,1.0,S
4280,3100,2021-03-20T17:55:24.240000+00:00,1.0,P
4280,3462,2021-03-20T17:55:27.860000+00:00,1.0,S
4281,3101,2021-03-20T17:55:24.250000+00:00,1.0,P
4281,3462,2021-03-20T17:55:27.860000+00:00,1.0,S
4282,3101,2021-03-20T17:55:24.250000+00:00,1.0,P
4282,3462,2021-03-20T17:55:27.860000+00:00,1.0,S
4283,3101,2021-03-20T17:55:24.250000+00:00,1.0,P
4283,3462,2021-03-20T17:55:27.860000+00:00,1.0,S
4284,3101,2021-03-20T17:55:24.250000+00:00,1.0,P
4284,3462,2021-03-20T17:55:27.860000+00:00,1.0,S
4285,3101,2021-03-20T17:55:24.250000+00:00,1.0,P
4285,3462,2021-03-20T17:55:27.860000+00:00,1.0,S
4286,3101,2021-03-20T17:55:24.250000+00:00,1.0,P
4286,3462,2021-03-20T17:55:27.860000+00:00,1.0,S
4287,3101,2021-03-20T17:55:24.250000+00:00,1.0,P
4287,3462,2021-03-20T17:55:27.860000+00:00,1.0,S
4288,3101,2021-03-20T17:55:24.250000+00:00,1.0,P
4288,3462,2021-03-20T17:55:27.860000+00:00,1.0,S
4289,3101,2021-03-20T17:55:24.250000+00:00,1.0,P
4289,3462,2021-03-20T17:55:27.860000+00:00,1.0,S
4290,3101,2021-03-20T17:55:24.250000+00:00,1.0,P
4290,3462,2021-03-20T17:55:27.860000+00:00,1.0,S
4291,3101,2021-03-20T17:55:24.250000+00:00,1.0,P
4291,3462,2021-03-20T17:55:27.860000+00:00,1.0,S
4292,3101,2021-03-20T17:55:24.250000+00:00,1.0,P
4292,3462,2021-03-20T17:55:27.860000+00:00,1.0,S
4293,3101,2021-03-20T17:55:24.250000+00:00,1.0,P
4293,3462,2021-03-20T17:55:27.860000+00:00,1.0,S
4294,3101,2021-03-20T17:55:24.250000+00:00,1.0,P
4294,3462,2021-03-20T17:55:27.860000+00:00,1.0,S
4295,3101,2021-03-20T17:55:24.250000+00:00,1.0,P
4295,3462,2021-03-20T17:55:27.860000+00:00,1.0,S
4296,3102,2021-03-20T17:55:24.260000+00:00,1.0,P
4296,3462,2021-03-20T17:55:27.860000+00:00,1.0,S
4297,3102,2021-03-20T17:55:24.260000+00:00,1.0,P
4297,3462,2021-03-20T17:55:27.860000+00:00,1.0,S
4298,3102,2021-03-20T17:55:24.260000+00:00,1.0,P
4298,3463,2021-03-20T17:55:27.870000+00:00,1.0,S
4299,3102,2021-03-20T17:55:24.260000+00:00,1.0,P
4299,3463,2021-03-20T17:55:27.870000+00:00,1.0,S
4300,3102,2021-03-20T17:55:24.260000+00:00,1.0,P
4300,3463,2021-03-20T17:55:27.870000+00:00,1.0,S
4301,3102,2021-03-20T17:55:24.260000+00:00,1.0,P
4301,3463,2021-03-20T17:55:27.870000+00:00,1.0,S
4302,3102,2021-03-20T17:55:24.260000+00:00,1.0,P
4302,3463,2021-03-20T17:55:27.870000+00:00,1.0,S
4303,3102,2021-03-20T17:55:24.260000+00:00,1.0,P
4303,3463,2021-03-20T17:55:27.870000+00:00,1.0,S
4304,3102,2021-03-20T17:55:24.260000+00:00,1.0,P
4304,3463,2021-03-20T17:55:27.870000+00:00,1.0,S
4305,3102,2021-03-20T17:55:24.260000+00:00,1.0,P
4305,3463,2021-03-20T17:55:27.870000+00:00,1.0,S
4306,3102,2021-03-20T17:55:24.260000+00:00,1.0,P
4306,3463,2021-03-20T17:55:27.870000+00:00,1.0,S
4307,3102,2021-03-20T17:55:24.260000+00:00,1.0,P
4307,3463,2021-03-20T17:55:27.870000+00:00,1.0,S
4308,3102,2021-03-20T17:55:24.260000+00:00,1.0,P
4308,3463,2021-03-20T17:55:27.870000+00:00,1.0,S
4309,3102,2021-03-20T17:55:24.260000+00:00,1.0,P
4309,3463,2021-03-20T17:55:27.870000+00:00,1.0,S
4310,3102,2021-03-20T17:55:24.260000+00:00,1.0,P
4310,3463,2021-03-20T17:55:27.870000+00:00,1.0,S
4311,3102,2021-03-20T17:55:24.260000+00:00,1.0,P
4311,3463,2021-03-20T17:55:27.870000+00:00,1.0,S
4312,3103,2021-03-20T17:55:24.270000+00:00,1.0,P
4312,3463,2021-03-20T17:55:27.870000+00:00,1.0,S
4313,3103,2021-03-20T17:55:24.270000+00:00,1.0,P
4313,3463,2021-03-20T17:55:27.870000+00:00,1.0,S
4314,3103,2021-03-20T17:55:24.270000+00:00,1.0,P
4314,3463,2021-03-20T17:55:27.870000+00:00,1.0,S
4315,3103,2021-03-20T17:55:24.270000+00:00,1.0,P
4315,3463,2021-03-20T17:55:27.870000+00:00,1.0,S
4316,3103,2021-03-20T17:55:24.270000+00:00,1.0,P
4316,3463,2021-03-20T17:55:27.870000+00:00,1.0,S
4317,3103,2021-03-20T17:55:24.270000+00:00,1.0,P
4317,3463,2021-03-20T17:55:27.870000+00:00,1.0,S
4318,3103,2021-03-20T17:55:24.270000+00:00,1.0,P
4318,3463,2021-03-20T17:55:27.870000+00:00,1.0,S
4319,3103,2021-03-20T17:55:24.270000+00:00,1.0,P
4319,3463,2021-03-20T17:55:27.870000+00:00,1.0,S
4320,3103,2021-03-20T17:55:24.270000+00:00,1.0,P
4320,3463,2021-03-20T17:55:27.870000+00:00,1.0,S
4321,3103,2021-03-20T17:55:24.270000+00:00,1.0,P
4321,3463,2021-03-20T17:55:27.870000+00:00,1.0,S
4322,3103,2021-03-20T17:55:24.270000+00:00,1.0,P
4322,3463,2021-03-20T17:55:27.870000+00:00,1.0,S
4323,3103,2021-03-20T17:55:24.270000+00:00,1.0,P
4323,3463,2021-03-20T17:55:27.870000+00:00,1.0,S
4324,3103,2021-03-20T17:55:24.270000+00:00,1.0,P
4324,3463,2021-03-20T17:55:27.870000+00:00,1.0,S
4325,3103,2021-03-20T17:55:24.270000+00:00,1.0,P
4325,3463,2021-03-20T17:55:27.870000+00:00,1.0,S
4326,3103,2021-03-20T17:55:24.270000+00:00,1.0,P
4326,3463,2021-03-20T17:55:27.870000+00:00,1.0,S
4327,3103,2021-03-20T17:55:24.270000+00:00,1.0,P
4327,3463,2021-03-20T17:55:27.870000+00:00,1.0,S
4328,3104,2021-03-20T17:55:24.280000+00:00,1.0,P
4328,3464,2021-03-20T17:55:27.880000+00:00,1.0,S
4329,3104,2021-03-20T17:55:24.280000+00:00,1.0,P
4329,3464,2021-03-20T17:55:27.880000+00:00,1.0,S
4330,3104,2021-03-20T17:55:24.280000+00:00,1.0,P
4330,3464,2021-03-20T17:55:27.880000+00:00,1.0,S
4331,3104,2021-03-20T17:55:24.280000+00:00,1.0,P
4331,3464,2021-03-20T17:55:27.880000+00:00,1.0,S
4332,3104,2021-03-20T17:55:24.280000+00:00,1.0,P
4332,3464,2021-03-20T17:55:27.880000+00:00,1.0,S
4333,3104,2021-03-20T17:55:24.280000+00:00,1.0,P
4333,3464,2021-03-20T17:55:27.880000+00:00,1.0,S
4334,3104,2021-03-20T17:55:24.280000+00:00,1.0,P
4334,3464,2021-03-20T17:55:27.880000+00:00,1.0,S
4335,3104,2021-03-20T17:55:24.280000+00:00,1.0,P
4335,3464,2021-03-20T17:55:27.880000+00:00,1.0,S
4336,3104,2021-03-20T17:55:24.280000+00:00,1.0,P
4336,3464,2021-03-20T17:55:27.880000+00:00,1.0,S
4337,3104,2021-03-20T17:55:24.280000+00:00,1.0,P
4337,3464,2021-03-20T17:55:27.880000+00:00,1.0,S
4338,3104,2021-03-20T17:55:24.280000+00:00,1.0,P
4338,3464,2021-03-20T17:55:27.880000+00:00,1.0,S
4339,3104,2021-03-20T17:55:24.280000+00:00,1.0,P
4339,3464,2021-03-20T17:55:27.880000+00:00,1.0,S
4340,3104,2021-03-20T17:55:24.280000+00:00,1.0,P
4340,3464,2021-03-20T17:55:27.880000+00:00,1.0,S
4341,3104,2021-03-20T17:55:24.280000+00:00,1.0,P
4341,3464,2021-03-20T17:55:27.880000+00:00,1.0,S
4342,3104,2021-03-20T17:55:24.280000+00:00,1.0,P
4342,3464,2021-03-20T17:55:27.880000+00:00,1.0,S
4343,3104,2021-03-20T17:55:24.280000+00:00,1.0,P
4343,3464,2021-03-20T17:55:27.880000+00:00,1.0,S
4344,3105,2021-03-20T17:55:24.290000+00:00,1.0,P
4344,3464,2021-03-20T17:55:27.880000+00:00,1.0,S
4345,3105,2021-03-20T17:55:24.290000+00:00,1.0,P
4345,3464,2021-03-20T17:55:27.880000+00:00,1.0,S
4346,3105,2021-03-20T17:55:24.290000+00:00,1.0,P
4346,3464,2021-03-20T17:55:27.880000+00:00,1.0,S
4347,3105,2021-03-20T17:55:24.290000+00:00,1.0,P
4347,3464,2021-03-20T17:55:27.880000+00:00,1.0,S
4348,3105,2021-03-20T17:55:24.290000+00:00,1.0,P
4348,3464,2021-03-20T17:55:27.880000+00:00,1.0,S
4349,3105,2021-03-20T17:55:24.290000+00:00,1.0,P
4349,3464,2021-03-20T17:55:27.880000+00:00,1.0,S
4350,3105,2021-03-20T17:55:24.290000+00:00,1.0,P
4350,3464,2021-03-20T17:55:27.880000+00:00,1.0,S
4351,3105,2021-03-20T17:55:24.290000+00:00,1.0,P
4351,3465,2021-03-20T17:55:27.890000+00:00,1.0,S
4352,3105,2021-03-20T17:55:24.290000+00:00,1.0,P
4352,3465,2021-03-20T17:55:27.890000+00:00,1.0,S
4353,3105,2021-03-20T17:55:24.290000+00:00,1.0,P
4353,3465,2021-03-20T17:55:27.890000+00:00,1.0,S
4354,3105,2021-03-20T17:55:24.290000+00:00,1.0,P
4354,3465,2021-03-20T17:55:27.890000+00:00,1.0,S
4355,3105,2021-03-20T17:55:24.290000+00:00,1.0,P
4355,3465,2021-03-20T17:55:27.890000+00:00,1.0,S
4356,3105,2021-03-20T17:55:24.290000+00:00,1.0,P
4356,3465,2021-03-20T17:55:27.890000+00:00,1.0,S
4357,3105,2021-03-20T17:55:24.290000+00:00,1.0,P
4357,3465,2021-03-20T17:55:27.890000+00:00,1.0,S
4358,3105,2021-03-20T17:55:24.290000+00:00,1.0,P
4358,3465,2021-03-20T17:55:27.890000+00:00,1.0,S
4359,3105,2021-03-20T17:55:24.290000+00:00,1.0,P
4359,3465,2021-03-20T17:55:27.890000+00:00,1.0,S
4360,3105,2021-03-20T17:55:24.290000+00:00,1.0,P
4360,3465,2021-03-20T17:55:27.890000+00:00,1.0,S
4361,3105,2021-03-20T17:55:24.290000+00:00,1.0,P
4361,3465,2021-03-20T17:55:27.890000+00:00,1.0,S
4362,3105,2021-03-20T17:55:24.290000+00:00,1.0,P
4362,3465,2021-03-20T17:55:27.890000+00:00,1.0,S
4363,3105,2021-03-20T17:55:24.290000+00:00,1.0,P
4363,3465,2021-03-20T17:55:27.890000+00:00,1.0,S
4364,3105,2021-03-20T17:55:24.290000+00:00,1.0,P
4364,3465,2021-03-20T17:55:27.890000+00:00,1.0,S
4365,3105,2021-03-20T17:55:24.290000+00:00,1.0,P
4365,3465,2021-03-20T17:55:27.890000+00:00,1.0,S
4366,3105,2021-03-20T17:55:24.290000+00:00,1.0,P
4366,3465,2021-03-20T17:55:27.890000+00:00,1.0,S
4367,3106,2021-03-20T17:55:24.300000+00:00,1.0,P
4367,3465,2021-03-20T17:55:27.890000+00:00,1.0,S
4368,3106,2021-03-20T17:55:24.300000+00:00,1.0,P
4368,3465,2021-03-20T17:55:27.890000+00:00,1.0,S
4369,3106,2021-03-20T17:55:24.300000+00:00,1.0,P
4369,3465,2021-03-20T17:55:27.890000+00:00,1.0,S
4370,3106,2021-03-20T17:55:24.300000+00:00,1.0,P
4370,3465,2021-03-20T17:55:27.890000+00:00,1.0,S
4371,3106,2021-03-20T17:55:24.300000+00:00,1.0,P
4371,3465,2021-03-20T17:55:27.890000+00:00,1.0,S
4372,3106,2021-03-20T17:55:24.300000+00:00,1.0,P
4372,3465,2021-03-20T17:55:27.890000+00:00,1.0,S
4373,3106,2021-03-20T17:55:24.300000+00:00,1.0,P
4373,3465,2021-03-20T17:55:27.890000+00:00,1.0,S
4374,3106,2021-03-20T17:55:24.300000+00:00,1.0,P
4374,3466,2021-03-20T17:55:27.900000+00:00,1.0,S
4375,3106,2021-03-20T17:55:24.300000+00:00,1.0,P
4375,3466,2021-03-20T17:55:27.900000+00:00,1.0,S
4376,3106,2021-03-20T17:55:24.300000+00:00,1.0,P
4376,3466,2021-03-20T17:55:27.900000+00:00,1.0,S
4377,3106,2021-03-20T17:55:24.300000+00:00,1.0,P
4377,3466,2021-03-20T17:55:27.900000+00:00,1.0,S
4378,3106,2021-03-20T17:55:24.300000+00:00,1.0,P
4378,3466,2021-03-20T17:55:27.900000+00:00,1.0,S
4379,3106,2021-03-20T17:55:24.300000+00:00,1.0,P
4379,3466,2021-03-20T17:55:27.900000+00:00,1.0,S
4380,3106,2021-03-20T17:55:24.300000+00:00,1.0,P
4380,3466,2021-03-20T17:55:27.900000+00:00,1.0,S
4381,3106,2021-03-20T17:55:24.300000+00:00,1.0,P
4381,3466,2021-03-20T17:55:27.900000+00:00,1.0,S
4382,3107,2021-03-20T17:55:24.310000+00:00,1.0,P
4382,3466,2021-03-20T17:55:27.900000+00:00,1.0,S
4383,3107,2021-03-20T17:55:24.310000+00:00,1.0,P
4383,3466,2021-03-20T17:55:27.900000+00:00,1.0,S
4384,3107,2021-03-20T17:55:24.310000+00:00,1.0,P
4384,3466,2021-03-20T17:55:27.900000+00:00,1.0,S
4385,3107,2021-03-20T17:55:24.310000+00:00,1.0,P
4385,3466,2021-03-20T17:55:27.900000+00:00,1.0,S
4386,3107,2021-03-20T17:55:24.310000+00:00,1.0,P
4386,3466,2021-03-20T17:55:27.900000+00:00,1.0,S
4387,3107,2021-03-20T17:55:24.310000+00:00,1.0,P
4387,3467,2021-03-20T17:55:27.910000+00:00,1.0,S
4388,3107,2021-03-20T17:55:24.310000+00:00,1.0,P
4388,3467,2021-03-20T17:55:27.910000+00:00,1.0,S
4389,3107,2021-03-20T17:55:24.310000+00:00,1.0,P
4389,3467,2021-03-20T17:55:27.910000+00:00,1.0,S
4390,3107,2021-03-20T17:55:24.310000+00:00,1.0,P
4390,3467,2021-03-20T17:55:27.910000+00:00,1.0,S
4391,3107,2021-03-20T17:55:24.310000+00:00,1.0,P
4391,3467,2021-03-20T17:55:27.910000+00:00,1.0,S
4392,3107,2021-03-20T17:55:24.310000+00:00,1.0,P
4392,3467,2021-03-20T17:55:27.910000+00:00,1.0,S
4393,3108,2021-03-20T17:55:24.320000+00:00,1.0,P
4393,3467,2021-03-20T17:55:27.910000+00:00,1.0,S
4394,3108,2021-03-20T17:55:24.320000+00:00,1.0,P
4394,3467,2021-03-20T17:55:27.910000+00:00,1.0,S
4395,3108,2021-03-20T17:55:24.320000+00:00,1.0,P
4395,3467,2021-03-20T17:55:27.910000+00:00,1.0,S
4396,3108,2021-03-20T17:55:24.320000+00:00,1.0,P
4396,3467,2021-03-20T17:55:27.910000+00:00,1.0,S
4397,3108,2021-03-20T17:55:24.320000+00:00,1.0,P
4397,3467,2021-03-20T17:55:27.910000+00:00,1.0,S
4398,3108,2021-03-20T17:55:24.320000+00:00,1.0,P
4398,3468,2021-03-20T17:55:27.920000+00:00,1.0,S
4399,3108,2021-03-20T17:55:24.320000+00:00,1.0,P
4399,3468,2021-03-20T17:55:27.920000+00:00,1.0,S
4400,3108,2021-03-20T17:55:24.320000+00:00,1.0,P
4400,3468,2021-03-20T17:55:27.920000+00:00,1.0,S
4401,3108,2021-03-20T17:55:24.320000+00:00,1.0,P
4401,3468,2021-03-20T17:55:27.920000+00:00,1.0,S
4402,3108,2021-03-20T17:55:24.320000+00:00,1.0,P
4402,3468,2021-03-20T17:55:27.920000+00:00,1.0,S
4403,3108,2021-03-20T17:55:24.320000+00:00,1.0,P
4403,3468,2021-03-20T17:55:27.920000+00:00,1.0,S
4404,3109,2021-03-20T17:55:24.330000+00:00,1.0,P
4404,3468,2021-03-20T17:55:27.920000+00:00,1.0,S
4405,3109,2021-03-20T17:55:24.330000+00:00,1.0,P
4405,3468,2021-03-20T17:55:27.920000+00:00,1.0,S
4406,3109,2021-03-20T17:55:24.330000+00:00,1.0,P
4406,3469,2021-03-20T17:55:27.930000+00:00,1.0,S
4407,3109,2021-03-20T17:55:24.330000+00:00,1.0,P
4407,3469,2021-03-20T17:55:27.930000+00:00,1.0,S
4408,3109,2021-03-20T17:55:24.330000+00:00,1.0,P
4408,3469,2021-03-20T17:55:27.930000+00:00,1.0,S
4409,3109,2021-03-20T17:55:24.330000+00:00,1.0,P
4409,3469,2021-03-20T17:55:27.930000+00:00,1.0,S
4410,3109,2021-03-20T17:55:24.330000+00:00,1.0,P
4410,3469,2021-03-20T17:55:27.930000+00:00,1.0,S
4411,3109,2021-03-20T17:55:24.330000+00:00,1.0,P
4411,3469,2021-03-20T17:55:27.930000+00:00,1.0,S
4412,3109,2021-03-20T17:55:24.330000+00:00,1.0,P
4412,3469,2021-03-20T17:55:27.930000+00:00,1.0,S
4413,3109,2021-03-20T17:55:24.330000+00:00,1.0,P
4413,3470,2021-03-20T17:55:27.940000+00:00,1.0,S
4414,3110,2021-03-20T17:55:24.340000+00:00,1.0,P
4414,3470,2021-03-20T17:55:27.940000+00:00,1.0,S
4415,3110,2021-03-20T17:55:24.340000+00:00,1.0,P
4415,3470,2021-03-20T17:55:27.940000+00:00,1.0,S
4416,3110,2021-03-20T17:55:24.340000+00:00,1.0,P
4416,3470,2021-03-20T17:55:27.940000+00:00,1.0,S
4417,3110,2021-03-20T17:55:24.340000+00:00,1.0,P
4417,3470,2021-03-20T17:55:27.940000+00:00,1.0,S
4418,3110,2021-03-20T17:55:24.340000+00:00,1.0,P
4418,3470,2021-03-20T17:55:27.940000+00:00,1.0,S
4419,3110,2021-03-20T17:55:24.340000+00:00,1.0,P
4419,3471,2021-03-20T17:55:27.950000+00:00,1.0,S
4420,3110,2021-03-20T17:55:24.340000+00:00,1.0,P
4420,3471,2021-03-20T17:55:27.950000+00:00,1.0,S
4421,3110,2021-03-20T17:55:24.340000+00:00,1.0,P
4421,3471,2021-03-20T17:55:27.950000+00:00,1.0,S
4422,3110,2021-03-20T17:55:24.340000+00:00,1.0,P
4422,3471,2021-03-20T17:55:27.950000+00:00,1.0,S
4423,3110,2021-03-20T17:55:24.340000+00:00,1.0,P
4423,3471,2021-03-20T17:55:27.950000+00:00,1.0,S
4424,3110,2021-03-20T17:55:24.340000+00:00,1.0,P
4424,3471,2021-03-20T17:55:27.950000+00:00,1.0,S
4425,3110,2021-03-20T17:55:24.340000+00:00,1.0,P
4425,3472,2021-03-20T17:55:27.960000+00:00,1.0,S
4426,3111,2021-03-20T17:55:24.350000+00:00,1.0,P
4426,3472,2021-03-20T17:55:27.960000+00:00,1.0,S
4427,3111,2021-03-20T17:55:24.350000+00:00,1.0,P
4427,3472,2021-03-20T17:55:27.960000+00:00,1.0,S
4428,3111,2021-03-20T17:55:24.350000+00:00,1.0,P
4428,3472,2021-03-20T17:55:27.960000+00:00,1.0,S
4429,3111,2021-03-20T17:55:24.350000+00:00,1.0,P
4429,3472,2021-03-20T17:55:27.960000+00:00,1.0,S
4430,3111,2021-03-20T17:55:24.350000+00:00,1.0,P
4430,3472,2021-03-20T17:55:27.960000+00:00,1.0,S
4431,3111,2021-03-20T17:55:24.350000+00:00,1.0,P
4431,3472,2021-03-20T17:55:27.960000+00:00,1.0,S
4432,3111,2021-03-20T17:55:24.350000+00:00,1.0,P
4432,3472,2021-03-20T17:55:27.960000+00:00,1.0,S
4433,3111,2021-03-20T17:55:24.350000+00:00,1.0,P
4433,3472,2021-03-20T17:55:27.960000+00:00,1.0,S
4434,3111,2021-03-20T17:55:24.350000+00:00,1.0,P
4434,3472,2021-03-20T17:55:27.960000+00:00,1.0,S
4435,3111,2021-03-20T17:55:24.350000+00:00,1.0,P
4435,3473,2021-03-20T17:55:27.970000+00:00,1.0,S
4436,3111,2021-03-20T17:55:24.350000+00:00,1.0,P
4436,3473,2021-03-20T17:55:27.970000+00:00,1.0,S
4437,3111,2021-03-20T17:55:24.350000+00:00,1.0,P
4437,3473,2021-03-20T17:55:27.970000+00:00,1.0,S
4438,3112,2021-03-20T17:55:24.360000+00:00,1.0,P
4438,3473,2021-03-20T17:55:27.970000+00:00,1.0,S
4439,3112,2021-03-20T17:55:24.360000+00:00,1.0,P
4439,3473,2021-03-20T17:55:27.970000+00:00,1.0,S
4440,3112,2021-03-20T17:55:24.360000+00:00,1.0,P
4440,3473,2021-03-20T17:55:27.970000+00:00,1.0,S
4441,3112,2021-03-20T17:55:24.360000+00:00,1.0,P
4441,3473,2021-03-20T17:55:27.970000+00:00,1.0,S
4442,3112,2021-03-20T17:55:24.360000+00:00,1.0,P
4442,3473,2021-03-20T17:55:27.970000+00:00,1.0,S
4443,3112,2021-03-20T17:55:24.360000+00:00,1.0,P
4443,3473,2021-03-20T17:55:27.970000+00:00,1.0,S
4444,3112,2021-03-20T17:55:24.360000+00:00,1.0,P
4444,3473,2021-03-20T17:55:27.970000+00:00,1.0,S
4445,3112,2021-03-20T17:55:24.360000+00:00,1.0,P
4445,3474,2021-03-20T17:55:27.980000+00:00,1.0,S
4446,3112,2021-03-20T17:55:24.360000+00:00,1.0,P
4446,3474,2021-03-20T17:55:27.980000+00:00,1.0,S
4447,3112,2021-03-20T17:55:24.360000+00:00,1.0,P
4447,3474,2021-03-20T17:55:27.980000+00:00,1.0,S
4448,3112,2021-03-20T17:55:24.360000+00:00,1.0,P
4448,3474,2021-03-20T17:55:27.980000+00:00,1.0,S
4449,3113,2021-03-20T17:55:24.370000+00:00,1.0,P
4449,3474,2021-03-20T17:55:27.980000+00:00,1.0,S
4450,3113,2021-03-20T17:55:24.370000+00:00,1.0,P
4450,3475,2021-03-20T17:55:27.990000+00:00,1.0,S
4451,3113,2021-03-20T17:55:24.370000+00:00,1.0,P
4451,3475,2021-03-20T17:55:27.990000+00:00,1.0,S
4452,3113,2021-03-20T17:55:24.370000+00:00,1.0,P
4452,3475,2021-03-20T17:55:27.990000+00:00,1.0,S
4453,3113,2021-03-20T17:55:24.370000+00:00,1.0,P
4453,3475,2021-03-20T17:55:27.990000+00:00,1.0,S
4454,3113,2021-03-20T17:55:24.370000+00:00,1.0,P
4454,3475,2021-03-20T17:55:27.990000+00:00,1.0,S
4455,3113,2021-03-20T17:55:24.370000+00:00,1.0,P
4455,3475,2021-03-20T17:55:27.990000+00:00,1.0,S
4456,3113,2021-03-20T17:55:24.370000+00:00,1.0,P
4456,3476,2021-03-20T17:55:28+00:00,1.0,S
4457,3113,2021-03-20T17:55:24.370000+00:00,1.0,P
4457,3476,2021-03-20T17:55:28+00:00,1.0,S
4458,3113,2021-03-20T17:55:24.370000+00:00,1.0,P
4458,3476,2021-03-20T17:55:28+00:00,1.0,S
4459,3114,2021-03-20T17:55:24.380000+00:00,1.0,P
4459,3476,2021-03-20T17:55:28+00:00,1.0,S
4460,3114,2021-03-20T17:55:24.380000+00:00,1.0,P
4460,3476,2021-03-20T17:55:28+00:00,1.0,S
4461,3114,2021-03-20T17:55:24.380000+00:00,1.0,P
4461,3477,2021-03-20T17:55:28.010000+00:00,1.0,S
4462,3114,2021-03-20T17:55:24.380000+00:00,1.0,P
4462,3477,2021-03-20T17:55:28.010000+00:00,1.0,S
4463,3114,2021-03-20T17:55:24.380000+00:00,1.0,P
4463,3477,2021-03-20T17:55:28.010000+00:00,1.0,S
4464,3114,2021-03-20T17:55:24.380000+00:00,1.0,P
4464,3477,2021-03-20T17:55:28.010000+00:00,1.0,S
4465,3114,2021-03-20T17:55:24.380000+00:00,1.0,P
4465,3477,2021-03-20T17:55:28.010000+00:00,1.0,S
4466,3114,2021-03-20T17:55:24.380000+00:00,1.0,P
4466,3477,2021-03-20T17:55:28.010000+00:00,1.0,S
4467,3114,2021-03-20T17:55:24.380000+00:00,1.0,P
4467,3478,2021-03-20T17:55:28.020000+00:00,1.0,S
4468,3115,2021-03-20T17:55:24.390000+00:00,1.0,P
4468,3478,2021-03-20T17:55:28.020000+00:00,1.0,S
4469,3115,2021-03-20T17:55:24.390000+00:00,1.0,P
4469,3478,2021-03-20T17:55:28.020000+00:00,1.0,S
4470,3115,2021-03-20T17:55:24.390000+00:00,1.0,P
4470,3478,2021-03-20T17:55:28.020000+00:00,1.0,S
4471,3115,2021-03-20T17:55:24.390000+00:00,1.0,P
4471,3478,2021-03-20T17:55:28.020000+00:00,1.0,S
4472,3115,2021-03-20T17:55:24.390000+00:00,1.0,P
4472,3479,2021-03-20T17:55:28.030000+00:00,1.0,S
4473,3115,2021-03-20T17:55:24.390000+00:00,1.0,P
4473,3479,2021-03-20T17:55:28.030000+00:00,1.0,S
4474,3115,2021-03-20T17:55:24.390000+00:00,1.0,P
4474,3479,2021-03-20T17:55:28.030000+00:00,1.0,S
4475,3115,2021-03-20T17:55:24.390000+00:00,1.0,P
4475,3479,2021-03-20T17:55:28.030000+00:00,1.0,S
4476,3115,2021-03-20T17:55:24.390000+00:00,1.0,P
4476,3479,2021-03-20T17:55:28.030000+00:00,1.0,S
4477,3115,2021-03-20T17:55:24.390000+00:00,1.0,P
4477,3480,2021-03-20T17:55:28.040000+00:00,1.0,S
4478,3116,2021-03-20T17:55:24.400000+00:00,1.0,P
4478,3480,2021-03-20T17:55:28.040000+00:00,1.0,S
4479,3116,2021-03-20T17:55:24.400000+00:00,1.0,P
4479,3480,2021-03-20T17:55:28.040000+00:00,1.0,S
4480,3116,2021-03-20T17:55:24.400000+00:00,1.0,P
4480,3480,2021-03-20T17:55:28.040000+00:00,1.0,S
4481,3116,2021-03-20T17:55:24.400000+00:00,1.0,P
4481,3480,2021-03-20T17:55:28.040000+00:00,1.0,S
4482,3116,2021-03-20T17:55:24.400000+00:00,1.0,P
4482,3480,2021-03-20T17:55:28.040000+00:00,1.0,S
4483,3116,2021-03-20T17:55:24.400000+00:00,1.0,P
4483,3480,2021-03-20T17:55:28.040000+00:00,1.0,S
4484,3116,2021-03-20T17:55:24.400000+00:00,1.0,P
4484,3481,2021-03-20T17:55:28.050000+00:00,1.0,S
4485,3116,2021-03-20T17:55:24.400000+00:00,1.0,P
4485,3481,2021-03-20T17:55:28.050000+00:00,1.0,S
4486,3116,2021-03-20T17:55:24.400000+00:00,1.0,P
4486,3481,2021-03-20T17:55:28.050000+00:00,1.0,S
4487,3116,2021-03-20T17:55:24.400000+00:00,1.0,P
4487,3481,2021-03-20T17:55:28.050000+00:00,1.0,S
4488,3117,2021-03-20T17:55:24.410000+00:00,1.0,P
4488,3481,2021-03-20T17:55:28.050000+00:00,1.0,S
4489,3117,2021-03-20T17:55:24.410000+00:00,1.0,P
4489,3481,2021-03-20T17:55:28.050000+00:00,1.0,S
4490,3117,2021-03-20T17:55:24.410000+00:00,1.0,P
4490,3482,2021-03-20T17:55:28.060000+00:00,1.0,S
4491,3117,2021-03-20T17:55:24.410000+00:00,1.0,P
4491,3482,2021-03-20T17:55:28.060000+00:00,1.0,S
4492,3117,2021-03-20T17:55:24.410000+00:00,1.0,P
4492,3482,2021-03-20T17:55:28.060000+00:00,1.0,S
4493,3117,2021-03-20T17:55:24.410000+00:00,1.0,P
4493,3482,2021-03-20T17:55:28.060000+00:00,1.0,S
4494,3117,2021-03-20T17:55:24.410000+00:00,1.0,P
4494,3482,2021-03-20T17:55:28.060000+00:00,1.0,S
4495,3117,2021-03-20T17:55:24.410000+00:00,1.0,P
4495,3482,2021-03-20T17:55:28.060000+00:00,1.0,S
4496,3117,2021-03-20T17:55:24.410000+00:00,1.0,P
4496,3482,2021-03-20T17:55:28.060000+00:00,1.0,S
4497,3117,2021-03-20T17:55:24.410000+00:00,1.0,P
4497,3483,2021-03-20T17:55:28.070000+00:00,1.0,S
4498,3118,2021-03-20T17:55:24.420000+00:00,1.0,P
4498,3483,2021-03-20T17:55:28.070000+00:00,1.0,S
4499,3118,2021-03-20T17:55:24.420000+00:00,1.0,P
4499,3483,2021-03-20T17:55:28.070000+00:00,1.0,S
4500,3118,2021-03-20T17:55:24.420000+00:00,1.0,P
4500,3483,2021-03-20T17:55:28.070000+00:00,1.0,S
4501,3118,2021-03-20T17:55:24.420000+00:00,1.0,P
4501,3483,2021-03-20T17:55:28.070000+00:00,1.0,S
4502,3118,2021-03-20T17:55:24.420000+00:00,1.0,P
4502,3483,2021-03-20T17:55:28.070000+00:00,1.0,S
4503,3118,2021-03-20T17:55:24.420000+00:00,1.0,P
4503,3484,2021-03-20T17:55:28.080000+00:00,1.0,S
4504,3118,2021-03-20T17:55:24.420000+00:00,1.0,P
4504,3484,2021-03-20T17:55:28.080000+00:00,1.0,S
4505,3118,2021-03-20T17:55:24.420000+00:00,1.0,P
4505,3484,2021-03-20T17:55:28.080000+00:00,1.0,S
4506,3118,2021-03-20T17:55:24.420000+00:00,1.0,P
4506,3484,2021-03-20T17:55:28.080000+00:00,1.0,S
4507,3119,2021-03-20T17:55:24.430000+00:00,1.0,P
4507,3484,2021-03-20T17:55:28.080000+00:00,1.0,S
4508,3119,2021-03-20T17:55:24.430000+00:00,1.0,P
4508,3484,2021-03-20T17:55:28.080000+00:00,1.0,S
4509,3119,2021-03-20T17:55:24.430000+00:00,1.0,P
4509,3484,2021-03-20T17:55:28.080000+00:00,1.0,S
4510,3119,2021-03-20T17:55:24.430000+00:00,1.0,P
4510,3485,2021-03-20T17:55:28.090000+00:00,1.0,S
4511,3119,2021-03-20T17:55:24.430000+00:00,1.0,P
4511,3485,2021-03-20T17:55:28.090000+00:00,1.0,S
4512,3119,2021-03-20T17:55:24.430000+00:00,1.0,P
4512,3485,2021-03-20T17:55:28.090000+00:00,1.0,S
4513,3119,2021-03-20T17:55:24.430000+00:00,1.0,P
4513,3485,2021-03-20T17:55:28.090000+00:00,1.0,S
4514,3119,2021-03-20T17:55:24.430000+00:00,1.0,P
4514,3485,2021-03-20T17:55:28.090000+00:00,1.0,S
4515,3119,2021-03-20T17:55:24.430000+00:00,1.0,P
4515,3486,2021-03-20T17:55:28.100000+00:00,1.0,S
4516,3120,2021-03-20T17:55:24.440000+00:00,1.0,P
4516,3486,2021-03-20T17:55:28.100000+00:00,1.0,S
4517,3120,2021-03-20T17:55:24.440000+00:00,1.0,P
4517,3486,2021-03-20T17:55:28.100000+00:00,1.0,S
4518,3120,2021-03-20T17:55:24.440000+00:00,1.0,P
4518,3486,2021-03-20T17:55:28.100000+00:00,1.0,S
4519,3120,2021-03-20T17:55:24.440000+00:00,1.0,P
4519,3486,2021-03-20T17:55:28.100000+00:00,1.0,S
4520,3120,2021-03-20T17:55:24.440000+00:00,1.0,P
4520,3487,2021-03-20T17:55:28.110000+00:00,1.0,S
4521,3120,2021-03-20T17:55:24.440000+00:00,1.0,P
4521,3487,2021-03-20T17:55:28.110000+00:00,1.0,S
4522,3120,2021-03-20T17:55:24.440000+00:00,1.0,P
4522,3487,2021-03-20T17:55:28.110000+00:00,1.0,S
4523,3120,2021-03-20T17:55:24.440000+00:00,1.0,P
4523,3487,2021-03-20T17:55:28.110000+00:00,1.0,S
4524,3120,2021-03-20T17:55:24.440000+00:00,1.0,P
4524,3487,2021-03-20T17:55:28.110000+00:00,1.0,S
4525,3120,2021-03-20T17:55:24.440000+00:00,1.0,P
4525,3487,2021-03-20T17:55:28.110000+00:00,1.0,S
4526,3121,2021-03-20T17:55:24.450000+00:00,1.0,P
4526,3488,2021-03-20T17:55:28.120000+00:00,1.0,S
4527,3121,2021-03-20T17:55:24.450000+00:00,1.0,P
4527,3488,2021-03-20T17:55:28.120000+00:00,1.0,S
4528,3121,2021-03-20T17:55:24.450000+00:00,1.0,P
4528,3488,2021-03-20T17:55:28.120000+00:00,1.0,S
4529,3121,2021-03-20T17:55:24.450000+00:00,1.0,P
4529,3488,2021-03-20T17:55:28.120000+00:00,1.0,S
4530,3121,2021-03-20T17:55:24.450000+00:00,1.0,P
4530,3488,2021-03-20T17:55:28.120000+00:00,1.0,S
4531,3121,2021-03-20T17:55:24.450000+00:00,1.0,P
4531,3489,2021-03-20T17:55:28.130000+00:00,1.0,S
4532,3121,2021-03-20T17:55:24.450000+00:00,1.0,P
4532,3489,2021-03-20T17:55:28.130000+00:00,1.0,S
4533,3121,2021-03-20T17:55:24.450000+00:00,1.0,P
4533,3489,2021-03-20T17:55:28.130000+00:00,1.0,S
4534,3121,2021-03-20T17:55:24.450000+00:00,1.0,P
4534,3489,2021-03-20T17:55:28.130000+00:00,1.0,S
4535,3122,2021-03-20T17:55:24.460000+00:00,1.0,P
4535,3489,2021-03-20T17:55:28.130000+00:00,1.0,S
4536,3122,2021-03-20T17:55:24.460000+00:00,1.0,P
4536,3490,2021-03-20T17:55:28.140000+00:00,1.0,S
4537,3122,2021-03-20T17:55:24.460000+00:00,1.0,P
4537,3490,2021-03-20T17:55:28.140000+00:00,1.0,S
4538,3122,2021-03-20T17:55:24.460000+00:00,1.0,P
4538,3490,2021-03-20T17:55:28.140000+00:00,1.0,S
4539,3122,2021-03-20T17:55:24.460000+00:00,1.0,P
4539,3490,2021-03-20T17:55:28.140000+00:00,1.0,S
4540,3122,2021-03-20T17:55:24.460000+00:00,1.0,P
4540,3490,2021-03-20T17:55:28.140000+00:00,1.0,S
4541,3122,2021-03-20T17:55:24.460000+00:00,1.0,P
4541,3491,2021-03-20T17:55:28.150000+00:00,1.0,S
4542,3122,2021-03-20T17:55:24.460000+00:00,1.0,P
4542,3491,2021-03-20T17:55:28.150000+00:00,1.0,S
4543,3123,2021-03-20T17:55:24.470000+00:00,1.0,P
4543,3491,2021-03-20T17:55:28.150000+00:00,1.0,S
4544,3123,2021-03-20T17:55:24.470000+00:00,1.0,P
4544,3491,2021-03-20T17:55:28.150000+00:00,1.0,S
4545,3123,2021-03-20T17:55:24.470000+00:00,1.0,P
4545,3492,2021-03-20T17:55:28.160000+00:00,1.0,S
4546,3123,2021-03-20T17:55:24.470000+00:00,1.0,P
4546,3492,2021-03-20T17:55:28.160000+00:00,1.0,S
4547,3123,2021-03-20T17:55:24.470000+00:00,1.0,P
4547,3492,2021-03-20T17:55:28.160000+00:00,1.0,S
4548,3123,2021-03-20T17:55:24.470000+00:00,1.0,P
4548,3492,2021-03-20T17:55:28.160000+00:00,1.0,S
4549,3123,2021-03-20T17:55:24.470000+00:00,1.0,P
4549,3492,2021-03-20T17:55:28.160000+00:00,1.0,S
4550,3123,2021-03-20T17:55:24.470000+00:00,1.0,P
4550,3493,2021-03-20T17:55:28.170000+00:00,1.0,S
4551,3123,2021-03-20T17:55:24.470000+00:00,1.0,P
4551,3493,2021-03-20T17:55:28.170000+00:00,1.0,S
4552,3124,2021-03-20T17:55:24.480000+00:00,1.0,P
4552,3493,2021-03-20T17:55:28.170000+00:00,1.0,S
4553,3124,2021-03-20T17:55:24.480000+00:00,1.0,P
4553,3493,2021-03-20T17:55:28.170000+00:00,1.0,S
4554,3124,2021-03-20T17:55:24.480000+00:00,1.0,P
4554,3493,2021-03-20T17:55:28.170000+00:00,1.0,S
4555,3124,2021-03-20T17:55:24.480000+00:00,1.0,P
4555,3494,2021-03-20T17:55:28.180000+00:00,1.0,S
4556,3124,2021-03-20T17:55:24.480000+00:00,1.0,P
4556,3494,2021-03-20T17:55:28.180000+00:00,1.0,S
4557,3124,2021-03-20T17:55:24.480000+00:00,1.0,P
4557,3494,2021-03-20T17:55:28.180000+00:00,1.0,S
4558,3124,2021-03-20T17:55:24.480000+00:00,1.0,P
4558,3494,2021-03-20T17:55:28.180000+00:00,1.0,S
4559,3124,2021-03-20T17:55:24.480000+00:00,1.0,P
4559,3494,2021-03-20T17:55:28.180000+00:00,1.0,S
4560,3125,2021-03-20T17:55:24.490000+00:00,1.0,P
4560,3495,2021-03-20T17:55:28.190000+00:00,1.0,S
4561,3125,2021-03-20T17:55:24.490000+00:00,1.0,P
4561,3495,2021-03-20T17:55:28.190000+00:00,1.0,S
4562,3125,2021-03-20T17:55:24.490000+00:00,1.0,P
4562,3495,2021-03-20T17:55:28.190000+00:00,1.0,S
4563,3125,2021-03-20T17:55:24.490000+00:00,1.0,P
4563,3495,2021-03-20T17:55:28.190000+00:00,1.0,S
4564,3125,2021-03-20T17:55:24.490000+00:00,1.0,P
4564,3496,2021-03-20T17:55:28.200000+00:00,1.0,S
4565,3125,2021-03-20T17:55:24.490000+00:00,1.0,P
4565,3496,2021-03-20T17:55:28.200000+00:00,1.0,S
4566,3125,2021-03-20T17:55:24.490000+00:00,1.0,P
4566,3496,2021-03-20T17:55:28.200000+00:00,1.0,S
4567,3125,2021-03-20T17:55:24.490000+00:00,1.0,P
4567,3496,2021-03-20T17:55:28.200000+00:00,1.0,S
4568,3126,2021-03-20T17:55:24.500000+00:00,1.0,P
4568,3497,2021-03-20T17:55:28.210000+00:00,1.0,S
4569,3126,2021-03-20T17:55:24.500000+00:00,1.0,P
4569,3497,2021-03-20T17:55:28.210000+00:00,1.0,S
4570,3126,2021-03-20T17:55:24.500000+00:00,1.0,P
4570,3497,2021-03-20T17:55:28.210000+00:00,1.0,S
4571,3126,2021-03-20T17:55:24.500000+00:00,1.0,P
4571,3497,2021-03-20T17:55:28.210000+00:00,1.0,S
4572,3126,2021-03-20T17:55:24.500000+00:00,1.0,P
4572,3497,2021-03-20T17:55:28.210000+00:00,1.0,S
4573,3126,2021-03-20T17:55:24.500000+00:00,1.0,P
4573,3497,2021-03-20T17:55:28.210000+00:00,1.0,S
4574,3126,2021-03-20T17:55:24.500000+00:00,1.0,P
4574,3497,2021-03-20T17:55:28.210000+00:00,1.0,S
4575,3126,2021-03-20T17:55:24.500000+00:00,1.0,P
4575,3498,2021-03-20T17:55:28.220000+00:00,1.0,S
4576,3126,2021-03-20T17:55:24.500000+00:00,1.0,P
4576,3498,2021-03-20T17:55:28.220000+00:00,1.0,S
4577,3126,2021-03-20T17:55:24.500000+00:00,1.0,P
4577,3498,2021-03-20T17:55:28.220000+00:00,1.0,S
4578,3126,2021-03-20T17:55:24.500000+00:00,1.0,P
4578,3498,2021-03-20T17:55:28.220000+00:00,1.0,S
4579,3126,2021-03-20T17:55:24.500000+00:00,1.0,P
4579,3498,2021-03-20T17:55:28.220000+00:00,1.0,S
4580,3126,2021-03-20T17:55:24.500000+00:00,1.0,P
4580,3498,2021-03-20T17:55:28.220000+00:00,1.0,S
4581,3126,2021-03-20T17:55:24.500000+00:00,1.0,P
4581,3498,2021-03-20T17:55:28.220000+00:00,1.0,S
4582,3127,2021-03-20T17:55:24.510000+00:00,1.0,P
4582,3498,2021-03-20T17:55:28.220000+00:00,1.0,S
4583,3127,2021-03-20T17:55:24.510000+00:00,1.0,P
4583,3499,2021-03-20T17:55:28.230000+00:00,1.0,S
4584,3127,2021-03-20T17:55:24.510000+00:00,1.0,P
4584,3499,2021-03-20T17:55:28.230000+00:00,1.0,S
4585,3127,2021-03-20T17:55:24.510000+00:00,1.0,P
4585,3499,2021-03-20T17:55:28.230000+00:00,1.0,S
4586,3127,2021-03-20T17:55:24.510000+00:00,1.0,P
4586,3499,2021-03-20T17:55:28.230000+00:00,1.0,S
4587,3127,2021-03-20T17:55:24.510000+00:00,1.0,P
4587,3499,2021-03-20T17:55:28.230000+00:00,1.0,S
4588,3127,2021-03-20T17:55:24.510000+00:00,1.0,P
4588,3499,2021-03-20T17:55:28.230000+00:00,1.0,S
4589,3127,2021-03-20T17:55:24.510000+00:00,1.0,P
4589,3499,2021-03-20T17:55:28.230000+00:00,1.0,S
4590,3127,2021-03-20T17:55:24.510000+00:00,1.0,P
4590,3499,2021-03-20T17:55:28.230000+00:00,1.0,S
4591,3127,2021-03-20T17:55:24.510000+00:00,1.0,P
4591,3499,2021-03-20T17:55:28.230000+00:00,1.0,S
4592,3127,2021-03-20T17:55:24.510000+00:00,1.0,P
4592,3500,2021-03-20T17:55:28.240000+00:00,1.0,S
4593,3127,2021-03-20T17:55:24.510000+00:00,1.0,P
4593,3500,2021-03-20T17:55:28.240000+00:00,1.0,S
4594,3127,2021-03-20T17:55:24.510000+00:00,1.0,P
4594,3500,2021-03-20T17:55:28.240000+00:00,1.0,S
4595,3127,2021-03-20T17:55:24.510000+00:00,1.0,P
4595,3500,2021-03-20T17:55:28.240000+00:00,1.0,S
4596,3127,2021-03-20T17:55:24.510000+00:00,1.0,P
4596,3500,2021-03-20T17:55:28.240000+00:00,1.0,S
4597,3127,2021-03-20T17:55:24.510000+00:00,1.0,P
4597,3500,2021-03-20T17:55:28.240000+00:00,1.0,S
4598,3128,2021-03-20T17:55:24.520000+00:00,1.0,P
4598,3500,2021-03-20T17:55:28.240000+00:00,1.0,S
4599,3128,2021-03-20T17:55:24.520000+00:00,1.0,P
4599,3500,2021-03-20T17:55:28.240000+00:00,1.0,S
4600,3128,2021-03-20T17:55:24.520000+00:00,1.0,P
4600,3500,2021-03-20T17:55:28.240000+00:00,1.0,S
4601,3128,2021-03-20T17:55:24.520000+00:00,1.0,P
4601,3500,2021-03-20T17:55:28.240000+00:00,1.0,S
4602,3128,2021-03-20T17:55:24.520000+00:00,1.0,P
4602,3500,2021-03-20T17:55:28.240000+00:00,1.0,S
4603,3128,2021-03-20T17:55:24.520000+00:00,1.0,P
4603,3500,2021-03-20T17:55:28.240000+00:00,1.0,S
4604,3128,2021-03-20T17:55:24.520000+00:00,1.0,P
4604,3500,2021-03-20T17:55:28.240000+00:00,1.0,S
4605,3128,2021-03-20T17:55:24.520000+00:00,1.0,P
4605,3500,2021-03-20T17:55:28.240000+00:00,1.0,S
4606,3128,2021-03-20T17:55:24.520000+00:00,1.0,P
4606,3501,2021-03-20T17:55:28.250000+00:00,1.0,S
4607,3128,2021-03-20T17:55:24.520000+00:00,1.0,P
4607,3501,2021-03-20T17:55:28.250000+00:00,1.0,S
4608,3128,2021-03-20T17:55:24.520000+00:00,1.0,P
4608,3501,2021-03-20T17:55:28.250000+00:00,1.0,S
4609,3128,2021-03-20T17:55:24.520000+00:00,1.0,P
4609,3501,2021-03-20T17:55:28.250000+00:00,1.0,S
4610,3128,2021-03-20T17:55:24.520000+00:00,1.0,P
4610,3501,2021-03-20T17:55:28.250000+00:00,1.0,S
4611,3128,2021-03-20T17:55:24.520000+00:00,1.0,P
4611,3501,2021-03-20T17:55:28.250000+00:00,1.0,S
4612,3128,2021-03-20T17:55:24.520000+00:00,1.0,P
4612,3501,2021-03-20T17:55:28.250000+00:00,1.0,S
4613,3128,2021-03-20T17:55:24.520000+00:00,1.0,P
4613,3501,2021-03-20T17:55:28.250000+00:00,1.0,S
4614,3128,2021-03-20T17:55:24.520000+00:00,1.0,P
4614,3501,2021-03-20T17:55:28.250000+00:00,1.0,S
4615,3128,2021-03-20T17:55:24.520000+00:00,1.0,P
4615,3501,2021-03-20T17:55:28.250000+00:00,1.0,S
4616,3129,2021-03-20T17:55:24.530000+00:00,1.0,P
4616,3501,2021-03-20T17:55:28.250000+00:00,1.0,S
4617,3129,2021-03-20T17:55:24.530000+00:00,1.0,P
4617,3501,2021-03-20T17:55:28.250000+00:00,1.0,S
4618,3129,2021-03-20T17:55:24.530000+00:00,1.0,P
4618,3501,2021-03-20T17:55:28.250000+00:00,1.0,S
4619,3129,2021-03-20T17:55:24.530000+00:00,1.0,P
4619,3501,2021-03-20T17:55:28.250000+00:00,1.0,S
4620,3129,2021-03-20T17:55:24.530000+00:00,1.0,P
4620,3501,2021-03-20T17:55:28.250000+00:00,1.0,S
4621,3129,2021-03-20T17:55:24.530000+00:00,1.0,P
4621,3501,2021-03-20T17:55:28.250000+00:00,1.0,S
4622,3129,2021-03-20T17:55:24.530000+00:00,1.0,P
4622,3501,2021-03-20T17:55:28.250000+00:00,1.0,S
4623,3129,2021-03-20T17:55:24.530000+00:00,1.0,P
4623,3501,2021-03-20T17:55:28.250000+00:00,1.0,S
4624,3129,2021-03-20T17:55:24.530000+00:00,1.0,P
4624,3501,2021-03-20T17:55:28.250000+00:00,1.0,S
4625,3129,2021-03-20T17:55:24.530000+00:00,1.0,P
4625,3501,2021-03-20T17:55:28.250000+00:00,1.0,S
4626,3129,2021-03-20T17:55:24.530000+00:00,1.0,P
4626,3501,2021-03-20T17:55:28.250000+00:00,1.0,S
4627,3129,2021-03-20T17:55:24.530000+00:00,1.0,P
4627,3502,2021-03-20T17:55:28.260000+00:00,1.0,S
4628,3129,2021-03-20T17:55:24.530000+00:00,1.0,P
4628,3502,2021-03-20T17:55:28.260000+00:00,1.0,S
4629,3129,2021-03-20T17:55:24.530000+00:00,1.0,P
4629,3502,2021-03-20T17:55:28.260000+00:00,1.0,S
4630,3129,2021-03-20T17:55:24.530000+00:00,1.0,P
4630,3502,2021-03-20T17:55:28.260000+00:00,1.0,S
4631,3129,2021-03-20T17:55:24.530000+00:00,1.0,P
4631,3502,2021-03-20T17:55:28.260000+00:00,1.0,S
4632,3129,2021-03-20T17:55:24.530000+00:00,1.0,P
4632,3502,2021-03-20T17:55:28.260000+00:00,1.0,S
4633,3130,2021-03-20T17:55:24.540000+00:00,1.0,P
4633,3502,2021-03-20T17:55:28.260000+00:00,1.0,S
4634,3130,2021-03-20T17:55:24.540000+00:00,1.0,P
4634,3502,2021-03-20T17:55:28.260000+00:00,1.0,S
4635,3130,2021-03-20T17:55:24.540000+00:00,1.0,P
4635,3503,2021-03-20T17:55:28.270000+00:00,1.0,S
4636,3130,2021-03-20T17:55:24.540000+00:00,1.0,P
4636,3503,2021-03-20T17:55:28.270000+00:00,1.0,S
4637,3130,2021-03-20T17:55:24.540000+00:00,1.0,P
4637,3503,2021-03-20T17:55:28.270000+00:00,1.0,S
4638,3130,2021-03-20T17:55:24.540000+00:00,1.0,P
4638,3503,2021-03-20T17:55:28.270000+00:00,1.0,S
4639,3130,2021-03-20T17:55:24.540000+00:00,1.0,P
4639,3503,2021-03-20T17:55:28.270000+00:00,1.0,S
4640,3130,2021-03-20T17:55:24.540000+00:00,1.0,P
4640,3503,2021-03-20T17:55:28.270000+00:00,1.0,S
4641,3130,2021-03-20T17:55:24.540000+00:00,1.0,P
4641,3503,2021-03-20T17:55:28.270000+00:00,1.0,S
4642,3130,2021-03-20T17:55:24.540000+00:00,1.0,P
4642,3503,2021-03-20T17:55:28.270000+00:00,1.0,S
4643,3130,2021-03-20T17:55:24.540000+00:00,1.0,P
4643,3503,2021-03-20T17:55:28.270000+00:00,1.0,S
4644,3130,2021-03-20T17:55:24.540000+00:00,1.0,P
4644,3503,2021-03-20T17:55:28.270000+00:00,1.0,S
4645,3130,2021-03-20T17:55:24.540000+00:00,1.0,P
4645,3504,2021-03-20T17:55:28.280000+00:00,1.0,S
4646,3130,2021-03-20T17:55:24.540000+00:00,1.0,P
4646,3504,2021-03-20T17:55:28.280000+00:00,1.0,S
4647,3130,2021-03-20T17:55:24.540000+00:00,1.0,P
4647,3503,2021-03-20T17:55:28.270000+00:00,1.0,S
4648,3130,2021-03-20T17:55:24.540000+00:00,1.0,P
4648,3503,2021-03-20T17:55:28.270000+00:00,1.0,S
4649,3130,2021-03-20T17:55:24.540000+00:00,1.0,P
4649,3503,2021-03-20T17:55:28.270000+00:00,1.0,S
4650,3130,2021-03-20T17:55:24.540000+00:00,1.0,P
4650,3503,2021-03-20T17:55:28.270000+00:00,1.0,S
4651,3131,2021-03-20T17:55:24.550000+00:00,1.0,P
4651,3503,2021-03-20T17:55:28.270000+00:00,1.0,S
4652,3131,2021-03-20T17:55:24.550000+00:00,1.0,P
4652,3503,2021-03-20T17:55:28.270000+00:00,1.0,S
4653,3131,2021-03-20T17:55:24.550000+00:00,1.0,P
4653,3503,2021-03-20T17:55:28.270000+00:00,1.0,S
4654,3131,2021-03-20T17:55:24.550000+00:00,1.0,P
4654,3503,2021-03-20T17:55:28.270000+00:00,1.0,S
4655,3131,2021-03-20T17:55:24.550000+00:00,1.0,P
4655,3503,2021-03-20T17:55:28.270000+00:00,1.0,S
4656,3131,2021-03-20T17:55:24.550000+00:00,1.0,P
4656,3504,2021-03-20T17:55:28.280000+00:00,1.0,S
4657,3131,2021-03-20T17:55:24.550000+00:00,1.0,P
4657,3504,2021-03-20T17:55:28.280000+00:00,1.0,S
4658,3131,2021-03-20T17:55:24.550000+00:00,1.0,P
4658,3504,2021-03-20T17:55:28.280000+00:00,1.0,S
4659,3131,2021-03-20T17:55:24.550000+00:00,1.0,P
4659,3504,2021-03-20T17:55:28.280000+00:00,1.0,S
4660,3131,2021-03-20T17:55:24.550000+00:00,1.0,P
4660,3504,2021-03-20T17:55:28.280000+00:00,1.0,S
4661,3131,2021-03-20T17:55:24.550000+00:00,1.0,P
4661,3504,2021-03-20T17:55:28.280000+00:00,1.0,S
4662,3131,2021-03-20T17:55:24.550000+00:00,1.0,P
4662,3504,2021-03-20T17:55:28.280000+00:00,1.0,S
4663,3131,2021-03-20T17:55:24.550000+00:00,1.0,P
4663,3504,2021-03-20T17:55:28.280000+00:00,1.0,S
4664,3131,2021-03-20T17:55:24.550000+00:00,1.0,P
4664,3504,2021-03-20T17:55:28.280000+00:00,1.0,S
4665,3131,2021-03-20T17:55:24.550000+00:00,1.0,P
4665,3504,2021-03-20T17:55:28.280000+00:00,1.0,S
4666,3131,2021-03-20T17:55:24.550000+00:00,1.0,P
4666,3504,2021-03-20T17:55:28.280000+00:00,1.0,S
4667,3131,2021-03-20T17:55:24.550000+00:00,1.0,P
4667,3504,2021-03-20T17:55:28.280000+00:00,1.0,S
4668,3131,2021-03-20T17:55:24.550000+00:00,1.0,P
4668,3504,2021-03-20T17:55:28.280000+00:00,1.0,S
4669,3131,2021-03-20T17:55:24.550000+00:00,1.0,P
4669,3504,2021-03-20T17:55:28.280000+00:00,1.0,S
