channel_index,phase_index,phase_time,phase_score,phase_type
0,3120,2021-06-11T01:19:59.274000+00:00,1.0,P
0,3401,2021-06-11T01:20:02.083999+00:00,1.0,S
1,3120,2021-06-11T01:19:59.274000+00:00,1.0,P
1,3401,2021-06-11T01:20:02.083999+00:00,1.0,S
2,3120,2021-06-11T01:19:59.274000+00:00,1.0,P
2,3401,2021-06-11T01:20:02.083999+00:00,1.0,S
3,3120,2021-06-11T01:19:59.274000+00:00,1.0,P
3,3401,2021-06-11T01:20:02.083999+00:00,1.0,S
4,3120,2021-06-11T01:19:59.274000+00:00,1.0,P
4,3401,2021-06-11T01:20:02.083999+00:00,1.0,S
5,3120,2021-06-11T01:19:59.274000+00:00,1.0,P
5,3401,2021-06-11T01:20:02.083999+00:00,1.0,S
6,3120,2021-06-11T01:19:59.274000+00:00,1.0,P
6,3400,2021-06-11T01:20:02.074000+00:00,1.0,S
7,3120,2021-06-11T01:19:59.274000+00:00,1.0,P
7,3400,2021-06-11T01:20:02.074000+00:00,1.0,S
8,3120,2021-06-11T01:19:59.274000+00:00,1.0,P
8,3400,2021-06-11T01:20:02.074000+00:00,1.0,S
9,3120,2021-06-11T01:19:59.274000+00:00,1.0,P
9,3400,2021-06-11T01:20:02.074000+00:00,1.0,S
10,3120,2021-06-11T01:19:59.274000+00:00,1.0,P
10,3400,2021-06-11T01:20:02.074000+00:00,1.0,S
11,3120,2021-06-11T01:19:59.274000+00:00,1.0,P
11,3400,2021-06-11T01:20:02.074000+00:00,1.0,S
12,3119,2021-06-11T01:19:59.264000+00:00,1.0,P
12,3400,2021-06-11T01:20:02.074000+00:00,1.0,S
13,3119,2021-06-11T01:19:59.264000+00:00,1.0,P
13,3400,2021-06-11T01:20:02.074000+00:00,1.0,S
14,3119,2021-06-11T01:19:59.264000+00:00,1.0,P
14,3400,2021-06-11T01:20:02.074000+00:00,1.0,S
15,3119,2021-06-11T01:19:59.264000+00:00,1.0,P
15,3399,2021-06-11T01:20:02.064000+00:00,1.0,S
16,3119,2021-06-11T01:19:59.264000+00:00,1.0,P
16,3399,2021-06-11T01:20:02.064000+00:00,1.0,S
17,3119,2021-06-11T01:19:59.264000+00:00,1.0,P
17,3399,2021-06-11T01:20:02.064000+00:00,1.0,S
18,3119,2021-06-11T01:19:59.264000+00:00,1.0,P
18,3399,2021-06-11T01:20:02.064000+00:00,1.0,S
19,3119,2021-06-11T01:19:59.264000+00:00,1.0,P
19,3399,2021-06-11T01:20:02.064000+00:00,1.0,S
20,3119,2021-06-11T01:19:59.264000+00:00,1.0,P
20,3399,2021-06-11T01:20:02.064000+00:00,1.0,S
21,3119,2021-06-11T01:19:59.264000+00:00,1.0,P
21,3399,2021-06-11T01:20:02.064000+00:00,1.0,S
22,3119,2021-06-11T01:19:59.264000+00:00,1.0,P
22,3399,2021-06-11T01:20:02.064000+00:00,1.0,S
23,3119,2021-06-11T01:19:59.264000+00:00,1.0,P
23,3399,2021-06-11T01:20:02.064000+00:00,1.0,S
24,3119,2021-06-11T01:19:59.264000+00:00,1.0,P
24,3399,2021-06-11T01:20:02.064000+00:00,1.0,S
25,3119,2021-06-11T01:19:59.264000+00:00,1.0,P
25,3399,2021-06-11T01:20:02.064000+00:00,1.0,S
26,3119,2021-06-11T01:19:59.264000+00:00,1.0,P
26,3399,2021-06-11T01:20:02.064000+00:00,1.0,S
27,3119,2021-06-11T01:19:59.264000+00:00,1.0,P
27,3399,2021-06-11T01:20:02.064000+00:00,1.0,S
28,3119,2021-06-11T01:19:59.264000+00:00,1.0,P
28,3399,2021-06-11T01:20:02.064000+00:00,1.0,S
29,3119,2021-06-11T01:19:59.264000+00:00,1.0,P
29,3399,2021-06-11T01:20:02.064000+00:00,1.0,S
30,3119,2021-06-11T01:19:59.264000+00:00,1.0,P
30,3399,2021-06-11T01:20:02.064000+00:00,1.0,S
31,3119,2021-06-11T01:19:59.264000+00:00,1.0,P
31,3399,2021-06-11T01:20:02.064000+00:00,1.0,S
32,3118,2021-06-11T01:19:59.254000+00:00,1.0,P
32,3399,2021-06-11T01:20:02.064000+00:00,1.0,S
33,3118,2021-06-11T01:19:59.254000+00:00,1.0,P
33,3399,2021-06-11T01:20:02.064000+00:00,1.0,S
34,3118,2021-06-11T01:19:59.254000+00:00,1.0,P
34,3399,2021-06-11T01:20:02.064000+00:00,1.0,S
35,3118,2021-06-11T01:19:59.254000+00:00,1.0,P
35,3399,2021-06-11T01:20:02.064000+00:00,1.0,S
36,3118,2021-06-11T01:19:59.254000+00:00,1.0,P
36,3399,2021-06-11T01:20:02.064000+00:00,1.0,S
37,3118,2021-06-11T01:19:59.254000+00:00,1.0,P
37,3399,2021-06-11T01:20:02.064000+00:00,1.0,S
38,3118,2021-06-11T01:19:59.254000+00:00,1.0,P
38,3398,2021-06-11T01:20:02.054000+00:00,1.0,S
39,3118,2021-06-11T01:19:59.254000+00:00,1.0,P
39,3398,2021-06-11T01:20:02.054000+00:00,1.0,S
40,3118,2021-06-11T01:19:59.254000+00:00,1.0,P
40,3398,2021-06-11T01:20:02.054000+00:00,1.0,S
41,3118,2021-06-11T01:19:59.254000+00:00,1.0,P
41,3398,2021-06-11T01:20:02.054000+00:00,1.0,S
42,3118,2021-06-11T01:19:59.254000+00:00,1.0,P
42,3398,2021-06-11T01:20:02.054000+00:00,1.0,S
43,3118,2021-06-11T01:19:59.254000+00:00,1.0,P
43,3398,2021-06-11T01:20:02.054000+00:00,1.0,S
44,3118,2021-06-11T01:19:59.254000+00:00,1.0,P
44,3398,2021-06-11T01:20:02.054000+00:00,1.0,S
45,3118,2021-06-11T01:19:59.254000+00:00,1.0,P
45,3398,2021-06-11T01:20:02.054000+00:00,1.0,S
46,3118,2021-06-11T01:19:59.254000+00:00,1.0,P
46,3398,2021-06-11T01:20:02.054000+00:00,1.0,S
47,3118,2021-06-11T01:19:59.254000+00:00,1.0,P
47,3398,2021-06-11T01:20:02.054000+00:00,1.0,S
48,3118,2021-06-11T01:19:59.254000+00:00,1.0,P
48,3398,2021-06-11T01:20:02.054000+00:00,1.0,S
49,3118,2021-06-11T01:19:59.254000+00:00,1.0,P
49,3398,2021-06-11T01:20:02.054000+00:00,1.0,S
50,3118,2021-06-11T01:19:59.254000+00:00,1.0,P
50,3398,2021-06-11T01:20:02.054000+00:00,1.0,S
51,3118,2021-06-11T01:19:59.254000+00:00,1.0,P
51,3397,2021-06-11T01:20:02.044000+00:00,1.0,S
52,3118,2021-06-11T01:19:59.254000+00:00,1.0,P
52,3397,2021-06-11T01:20:02.044000+00:00,1.0,S
53,3117,2021-06-11T01:19:59.244000+00:00,1.0,P
53,3397,2021-06-11T01:20:02.044000+00:00,1.0,S
54,3117,2021-06-11T01:19:59.244000+00:00,1.0,P
54,3397,2021-06-11T01:20:02.044000+00:00,1.0,S
55,3117,2021-06-11T01:19:59.244000+00:00,1.0,P
55,3397,2021-06-11T01:20:02.044000+00:00,1.0,S
56,3117,2021-06-11T01:19:59.244000+00:00,1.0,P
56,3397,2021-06-11T01:20:02.044000+00:00,1.0,S
57,3117,2021-06-11T01:19:59.244000+00:00,1.0,P
57,3397,2021-06-11T01:20:02.044000+00:00,1.0,S
58,3117,2021-06-11T01:19:59.244000+00:00,1.0,P
58,3397,2021-06-11T01:20:02.044000+00:00,1.0,S
59,3117,2021-06-11T01:19:59.244000+00:00,1.0,P
59,3397,2021-06-11T01:20:02.044000+00:00,1.0,S
60,3117,2021-06-11T01:19:59.244000+00:00,1.0,P
60,3397,2021-06-11T01:20:02.044000+00:00,1.0,S
61,3117,2021-06-11T01:19:59.244000+00:00,1.0,P
61,3397,2021-06-11T01:20:02.044000+00:00,1.0,S
62,3117,2021-06-11T01:19:59.244000+00:00,1.0,P
62,3397,2021-06-11T01:20:02.044000+00:00,1.0,S
63,3117,2021-06-11T01:19:59.244000+00:00,1.0,P
63,3397,2021-06-11T01:20:02.044000+00:00,1.0,S
64,3117,2021-06-11T01:19:59.244000+00:00,1.0,P
64,3396,2021-06-11T01:20:02.034000+00:00,1.0,S
65,3117,2021-06-11T01:19:59.244000+00:00,1.0,P
65,3396,2021-06-11T01:20:02.034000+00:00,1.0,S
66,3117,2021-06-11T01:19:59.244000+00:00,1.0,P
66,3396,2021-06-11T01:20:02.034000+00:00,1.0,S
67,3117,2021-06-11T01:19:59.244000+00:00,1.0,P
67,3396,2021-06-11T01:20:02.034000+00:00,1.0,S
68,3117,2021-06-11T01:19:59.244000+00:00,1.0,P
68,3396,2021-06-11T01:20:02.034000+00:00,1.0,S
69,3117,2021-06-11T01:19:59.244000+00:00,1.0,P
69,3396,2021-06-11T01:20:02.034000+00:00,1.0,S
70,3117,2021-06-11T01:19:59.244000+00:00,1.0,P
70,3396,2021-06-11T01:20:02.034000+00:00,1.0,S
71,3117,2021-06-11T01:19:59.244000+00:00,1.0,P
71,3396,2021-06-11T01:20:02.034000+00:00,1.0,S
72,3116,2021-06-11T01:19:59.234000+00:00,1.0,P
72,3396,2021-06-11T01:20:02.034000+00:00,1.0,S
73,3116,2021-06-11T01:19:59.234000+00:00,1.0,P
73,3396,2021-06-11T01:20:02.034000+00:00,1.0,S
74,3116,2021-06-11T01:19:59.234000+00:00,1.0,P
74,3395,2021-06-11T01:20:02.024000+00:00,1.0,S
75,3116,2021-06-11T01:19:59.234000+00:00,1.0,P
75,3395,2021-06-11T01:20:02.024000+00:00,1.0,S
76,3116,2021-06-11T01:19:59.234000+00:00,1.0,P
76,3395,2021-06-11T01:20:02.024000+00:00,1.0,S
77,3116,2021-06-11T01:19:59.234000+00:00,1.0,P
77,3395,2021-06-11T01:20:02.024000+00:00,1.0,S
78,3116,2021-06-11T01:19:59.234000+00:00,1.0,P
78,3395,2021-06-11T01:20:02.024000+00:00,1.0,S
79,3116,2021-06-11T01:19:59.234000+00:00,1.0,P
79,3395,2021-06-11T01:20:02.024000+00:00,1.0,S
80,3116,2021-06-11T01:19:59.234000+00:00,1.0,P
80,3395,2021-06-11T01:20:02.024000+00:00,1.0,S
81,3116,2021-06-11T01:19:59.234000+00:00,1.0,P
81,3395,2021-06-11T01:20:02.024000+00:00,1.0,S
82,3116,2021-06-11T01:19:59.234000+00:00,1.0,P
82,3395,2021-06-11T01:20:02.024000+00:00,1.0,S
83,3116,2021-06-11T01:19:59.234000+00:00,1.0,P
83,3395,2021-06-11T01:20:02.024000+00:00,1.0,S
84,3116,2021-06-11T01:19:59.234000+00:00,1.0,P
84,3395,2021-06-11T01:20:02.024000+00:00,1.0,S
85,3116,2021-06-11T01:19:59.234000+00:00,1.0,P
85,3395,2021-06-11T01:20:02.024000+00:00,1.0,S
86,3116,2021-06-11T01:19:59.234000+00:00,1.0,P
86,3395,2021-06-11T01:20:02.024000+00:00,1.0,S
87,3116,2021-06-11T01:19:59.234000+00:00,1.0,P
87,3394,2021-06-11T01:20:02.013999+00:00,1.0,S
88,3116,2021-06-11T01:19:59.234000+00:00,1.0,P
88,3394,2021-06-11T01:20:02.013999+00:00,1.0,S
89,3116,2021-06-11T01:19:59.234000+00:00,1.0,P
89,3394,2021-06-11T01:20:02.013999+00:00,1.0,S
90,3116,2021-06-11T01:19:59.234000+00:00,1.0,P
90,3394,2021-06-11T01:20:02.013999+00:00,1.0,S
91,3116,2021-06-11T01:19:59.234000+00:00,1.0,P
91,3394,2021-06-11T01:20:02.013999+00:00,1.0,S
92,3116,2021-06-11T01:19:59.234000+00:00,1.0,P
92,3394,2021-06-11T01:20:02.013999+00:00,1.0,S
93,3116,2021-06-11T01:19:59.234000+00:00,1.0,P
93,3394,2021-06-11T01:20:02.013999+00:00,1.0,S
94,3115,2021-06-11T01:19:59.224000+00:00,1.0,P
94,3394,2021-06-11T01:20:02.013999+00:00,1.0,S
95,3115,2021-06-11T01:19:59.224000+00:00,1.0,P
95,3394,2021-06-11T01:20:02.013999+00:00,1.0,S
96,3115,2021-06-11T01:19:59.224000+00:00,1.0,P
96,3394,2021-06-11T01:20:02.013999+00:00,1.0,S
97,3115,2021-06-11T01:19:59.224000+00:00,1.0,P
97,3394,2021-06-11T01:20:02.013999+00:00,1.0,S
98,3115,2021-06-11T01:19:59.224000+00:00,1.0,P
98,3394,2021-06-11T01:20:02.013999+00:00,1.0,S
99,3115,2021-06-11T01:19:59.224000+00:00,1.0,P
99,3394,2021-06-11T01:20:02.013999+00:00,1.0,S
100,3115,2021-06-11T01:19:59.224000+00:00,1.0,P
100,3394,2021-06-11T01:20:02.013999+00:00,1.0,S
101,3115,2021-06-11T01:19:59.224000+00:00,1.0,P
101,3394,2021-06-11T01:20:02.013999+00:00,1.0,S
102,3115,2021-06-11T01:19:59.224000+00:00,1.0,P
102,3394,2021-06-11T01:20:02.013999+00:00,1.0,S
103,3115,2021-06-11T01:19:59.224000+00:00,1.0,P
103,3394,2021-06-11T01:20:02.013999+00:00,1.0,S
104,3115,2021-06-11T01:19:59.224000+00:00,1.0,P
104,3394,2021-06-11T01:20:02.013999+00:00,1.0,S
105,3115,2021-06-11T01:19:59.224000+00:00,1.0,P
105,3394,2021-06-11T01:20:02.013999+00:00,1.0,S
106,3115,2021-06-11T01:19:59.224000+00:00,1.0,P
106,3394,2021-06-11T01:20:02.013999+00:00,1.0,S
107,3115,2021-06-11T01:19:59.224000+00:00,1.0,P
107,3394,2021-06-11T01:20:02.013999+00:00,1.0,S
108,3115,2021-06-11T01:19:59.224000+00:00,1.0,P
108,3393,2021-06-11T01:20:02.004000+00:00,1.0,S
109,3115,2021-06-11T01:19:59.224000+00:00,1.0,P
109,3393,2021-06-11T01:20:02.004000+00:00,1.0,S
110,3115,2021-06-11T01:19:59.224000+00:00,1.0,P
110,3393,2021-06-11T01:20:02.004000+00:00,1.0,S
111,3114,2021-06-11T01:19:59.214000+00:00,1.0,P
111,3393,2021-06-11T01:20:02.004000+00:00,1.0,S
112,3114,2021-06-11T01:19:59.214000+00:00,1.0,P
112,3393,2021-06-11T01:20:02.004000+00:00,1.0,S
113,3114,2021-06-11T01:19:59.214000+00:00,1.0,P
113,3393,2021-06-11T01:20:02.004000+00:00,1.0,S
114,3114,2021-06-11T01:19:59.214000+00:00,1.0,P
114,3393,2021-06-11T01:20:02.004000+00:00,1.0,S
115,3114,2021-06-11T01:19:59.214000+00:00,1.0,P
115,3393,2021-06-11T01:20:02.004000+00:00,1.0,S
116,3114,2021-06-11T01:19:59.214000+00:00,1.0,P
116,3393,2021-06-11T01:20:02.004000+00:00,1.0,S
117,3114,2021-06-11T01:19:59.214000+00:00,1.0,P
117,3393,2021-06-11T01:20:02.004000+00:00,1.0,S
118,3114,2021-06-11T01:19:59.214000+00:00,1.0,P
118,3393,2021-06-11T01:20:02.004000+00:00,1.0,S
119,3114,2021-06-11T01:19:59.214000+00:00,1.0,P
119,3392,2021-06-11T01:20:01.994000+00:00,1.0,S
120,3113,2021-06-11T01:19:59.204000+00:00,1.0,P
120,3392,2021-06-11T01:20:01.994000+00:00,1.0,S
121,3113,2021-06-11T01:19:59.204000+00:00,1.0,P
121,3392,2021-06-11T01:20:01.994000+00:00,1.0,S
122,3113,2021-06-11T01:19:59.204000+00:00,1.0,P
122,3392,2021-06-11T01:20:01.994000+00:00,1.0,S
123,3113,2021-06-11T01:19:59.204000+00:00,1.0,P
123,3392,2021-06-11T01:20:01.994000+00:00,1.0,S
124,3113,2021-06-11T01:19:59.204000+00:00,1.0,P
124,3392,2021-06-11T01:20:01.994000+00:00,1.0,S
125,3113,2021-06-11T01:19:59.204000+00:00,1.0,P
125,3392,2021-06-11T01:20:01.994000+00:00,1.0,S
126,3113,2021-06-11T01:19:59.204000+00:00,1.0,P
126,3392,2021-06-11T01:20:01.994000+00:00,1.0,S
127,3113,2021-06-11T01:19:59.204000+00:00,1.0,P
127,3392,2021-06-11T01:20:01.994000+00:00,1.0,S
128,3113,2021-06-11T01:19:59.204000+00:00,1.0,P
128,3391,2021-06-11T01:20:01.984000+00:00,1.0,S
129,3113,2021-06-11T01:19:59.204000+00:00,1.0,P
129,3391,2021-06-11T01:20:01.984000+00:00,1.0,S
130,3112,2021-06-11T01:19:59.194000+00:00,1.0,P
130,3391,2021-06-11T01:20:01.984000+00:00,1.0,S
131,3112,2021-06-11T01:19:59.194000+00:00,1.0,P
131,3391,2021-06-11T01:20:01.984000+00:00,1.0,S
132,3112,2021-06-11T01:19:59.194000+00:00,1.0,P
132,3391,2021-06-11T01:20:01.984000+00:00,1.0,S
133,3112,2021-06-11T01:19:59.194000+00:00,1.0,P
133,3391,2021-06-11T01:20:01.984000+00:00,1.0,S
134,3112,2021-06-11T01:19:59.194000+00:00,1.0,P
134,3391,2021-06-11T01:20:01.984000+00:00,1.0,S
135,3112,2021-06-11T01:19:59.194000+00:00,1.0,P
135,3390,2021-06-11T01:20:01.974000+00:00,1.0,S
136,3112,2021-06-11T01:19:59.194000+00:00,1.0,P
136,3390,2021-06-11T01:20:01.974000+00:00,1.0,S
137,3112,2021-06-11T01:19:59.194000+00:00,1.0,P
137,3390,2021-06-11T01:20:01.974000+00:00,1.0,S
138,3111,2021-06-11T01:19:59.184000+00:00,1.0,P
138,3390,2021-06-11T01:20:01.974000+00:00,1.0,S
139,3111,2021-06-11T01:19:59.184000+00:00,1.0,P
139,3390,2021-06-11T01:20:01.974000+00:00,1.0,S
140,3111,2021-06-11T01:19:59.184000+00:00,1.0,P
140,3389,2021-06-11T01:20:01.964000+00:00,1.0,S
141,3111,2021-06-11T01:19:59.184000+00:00,1.0,P
141,3389,2021-06-11T01:20:01.964000+00:00,1.0,S
142,3111,2021-06-11T01:19:59.184000+00:00,1.0,P
142,3389,2021-06-11T01:20:01.964000+00:00,1.0,S
143,3111,2021-06-11T01:19:59.184000+00:00,1.0,P
143,3389,2021-06-11T01:20:01.964000+00:00,1.0,S
144,3111,2021-06-11T01:19:59.184000+00:00,1.0,P
144,3388,2021-06-11T01:20:01.954000+00:00,1.0,S
145,3111,2021-06-11T01:19:59.184000+00:00,1.0,P
145,3388,2021-06-11T01:20:01.954000+00:00,1.0,S
146,3111,2021-06-11T01:19:59.184000+00:00,1.0,P
146,3388,2021-06-11T01:20:01.954000+00:00,1.0,S
147,3110,2021-06-11T01:19:59.174000+00:00,1.0,P
147,3388,2021-06-11T01:20:01.954000+00:00,1.0,S
148,3110,2021-06-11T01:19:59.174000+00:00,1.0,P
148,3388,2021-06-11T01:20:01.954000+00:00,1.0,S
149,3110,2021-06-11T01:19:59.174000+00:00,1.0,P
149,3387,2021-06-11T01:20:01.943999+00:00,1.0,S
150,3110,2021-06-11T01:19:59.174000+00:00,1.0,P
150,3387,2021-06-11T01:20:01.943999+00:00,1.0,S
151,3110,2021-06-11T01:19:59.174000+00:00,1.0,P
151,3387,2021-06-11T01:20:01.943999+00:00,1.0,S
152,3110,2021-06-11T01:19:59.174000+00:00,1.0,P
152,3387,2021-06-11T01:20:01.943999+00:00,1.0,S
153,3110,2021-06-11T01:19:59.174000+00:00,1.0,P
153,3387,2021-06-11T01:20:01.943999+00:00,1.0,S
154,3110,2021-06-11T01:19:59.174000+00:00,1.0,P
154,3387,2021-06-11T01:20:01.943999+00:00,1.0,S
155,3110,2021-06-11T01:19:59.174000+00:00,1.0,P
155,3386,2021-06-11T01:20:01.934000+00:00,1.0,S
156,3109,2021-06-11T01:19:59.164000+00:00,1.0,P
156,3386,2021-06-11T01:20:01.934000+00:00,1.0,S
157,3109,2021-06-11T01:19:59.164000+00:00,1.0,P
157,3386,2021-06-11T01:20:01.934000+00:00,1.0,S
158,3109,2021-06-11T01:19:59.164000+00:00,1.0,P
158,3386,2021-06-11T01:20:01.934000+00:00,1.0,S
159,3109,2021-06-11T01:19:59.164000+00:00,1.0,P
159,3386,2021-06-11T01:20:01.934000+00:00,1.0,S
160,3109,2021-06-11T01:19:59.164000+00:00,1.0,P
160,3385,2021-06-11T01:20:01.924000+00:00,1.0,S
161,3109,2021-06-11T01:19:59.164000+00:00,1.0,P
161,3385,2021-06-11T01:20:01.924000+00:00,1.0,S
162,3109,2021-06-11T01:19:59.164000+00:00,1.0,P
162,3385,2021-06-11T01:20:01.924000+00:00,1.0,S
163,3109,2021-06-11T01:19:59.164000+00:00,1.0,P
163,3385,2021-06-11T01:20:01.924000+00:00,1.0,S
164,3108,2021-06-11T01:19:59.154000+00:00,1.0,P
164,3384,2021-06-11T01:20:01.914000+00:00,1.0,S
165,3108,2021-06-11T01:19:59.154000+00:00,1.0,P
165,3384,2021-06-11T01:20:01.914000+00:00,1.0,S
166,3108,2021-06-11T01:19:59.154000+00:00,1.0,P
166,3384,2021-06-11T01:20:01.914000+00:00,1.0,S
167,3108,2021-06-11T01:19:59.154000+00:00,1.0,P
167,3384,2021-06-11T01:20:01.914000+00:00,1.0,S
168,3108,2021-06-11T01:19:59.154000+00:00,1.0,P
168,3384,2021-06-11T01:20:01.914000+00:00,1.0,S
169,3108,2021-06-11T01:19:59.154000+00:00,1.0,P
169,3383,2021-06-11T01:20:01.904000+00:00,1.0,S
170,3108,2021-06-11T01:19:59.154000+00:00,1.0,P
170,3383,2021-06-11T01:20:01.904000+00:00,1.0,S
171,3108,2021-06-11T01:19:59.154000+00:00,1.0,P
171,3383,2021-06-11T01:20:01.904000+00:00,1.0,S
172,3108,2021-06-11T01:19:59.154000+00:00,1.0,P
172,3383,2021-06-11T01:20:01.904000+00:00,1.0,S
173,3107,2021-06-11T01:19:59.144000+00:00,1.0,P
173,3382,2021-06-11T01:20:01.894000+00:00,1.0,S
174,3107,2021-06-11T01:19:59.144000+00:00,1.0,P
174,3382,2021-06-11T01:20:01.894000+00:00,1.0,S
175,3107,2021-06-11T01:19:59.144000+00:00,1.0,P
175,3382,2021-06-11T01:20:01.894000+00:00,1.0,S
176,3107,2021-06-11T01:19:59.144000+00:00,1.0,P
176,3382,2021-06-11T01:20:01.894000+00:00,1.0,S
177,3107,2021-06-11T01:19:59.144000+00:00,1.0,P
177,3381,2021-06-11T01:20:01.884000+00:00,1.0,S
178,3107,2021-06-11T01:19:59.144000+00:00,1.0,P
178,3381,2021-06-11T01:20:01.884000+00:00,1.0,S
179,3107,2021-06-11T01:19:59.144000+00:00,1.0,P
179,3381,2021-06-11T01:20:01.884000+00:00,1.0,S
180,3107,2021-06-11T01:19:59.144000+00:00,1.0,P
180,3381,2021-06-11T01:20:01.884000+00:00,1.0,S
181,3107,2021-06-11T01:19:59.144000+00:00,1.0,P
181,3380,2021-06-11T01:20:01.873999+00:00,1.0,S
182,3106,2021-06-11T01:19:59.134000+00:00,1.0,P
182,3380,2021-06-11T01:20:01.873999+00:00,1.0,S
183,3106,2021-06-11T01:19:59.134000+00:00,1.0,P
183,3380,2021-06-11T01:20:01.873999+00:00,1.0,S
184,3106,2021-06-11T01:19:59.134000+00:00,1.0,P
184,3380,2021-06-11T01:20:01.873999+00:00,1.0,S
185,3106,2021-06-11T01:19:59.134000+00:00,1.0,P
185,3379,2021-06-11T01:20:01.864000+00:00,1.0,S
186,3106,2021-06-11T01:19:59.134000+00:00,1.0,P
186,3379,2021-06-11T01:20:01.864000+00:00,1.0,S
187,3106,2021-06-11T01:19:59.134000+00:00,1.0,P
187,3379,2021-06-11T01:20:01.864000+00:00,1.0,S
188,3106,2021-06-11T01:19:59.134000+00:00,1.0,P
188,3379,2021-06-11T01:20:01.864000+00:00,1.0,S
189,3106,2021-06-11T01:19:59.134000+00:00,1.0,P
189,3378,2021-06-11T01:20:01.854000+00:00,1.0,S
190,3105,2021-06-11T01:19:59.124000+00:00,1.0,P
190,3378,2021-06-11T01:20:01.854000+00:00,1.0,S
191,3105,2021-06-11T01:19:59.124000+00:00,1.0,P
191,3378,2021-06-11T01:20:01.854000+00:00,1.0,S
192,3105,2021-06-11T01:19:59.124000+00:00,1.0,P
192,3378,2021-06-11T01:20:01.854000+00:00,1.0,S
193,3105,2021-06-11T01:19:59.124000+00:00,1.0,P
193,3377,2021-06-11T01:20:01.844000+00:00,1.0,S
194,3105,2021-06-11T01:19:59.124000+00:00,1.0,P
194,3377,2021-06-11T01:20:01.844000+00:00,1.0,S
195,3105,2021-06-11T01:19:59.124000+00:00,1.0,P
195,3377,2021-06-11T01:20:01.844000+00:00,1.0,S
196,3105,2021-06-11T01:19:59.124000+00:00,1.0,P
196,3377,2021-06-11T01:20:01.844000+00:00,1.0,S
197,3105,2021-06-11T01:19:59.124000+00:00,1.0,P
197,3376,2021-06-11T01:20:01.833999+00:00,1.0,S
198,3105,2021-06-11T01:19:59.124000+00:00,1.0,P
198,3376,2021-06-11T01:20:01.833999+00:00,1.0,S
199,3105,2021-06-11T01:19:59.124000+00:00,1.0,P
199,3376,2021-06-11T01:20:01.833999+00:00,1.0,S
200,3104,2021-06-11T01:19:59.114000+00:00,1.0,P
200,3376,2021-06-11T01:20:01.833999+00:00,1.0,S
201,3104,2021-06-11T01:19:59.114000+00:00,1.0,P
201,3375,2021-06-11T01:20:01.824000+00:00,1.0,S
202,3104,2021-06-11T01:19:59.114000+00:00,1.0,P
202,3375,2021-06-11T01:20:01.824000+00:00,1.0,S
203,3104,2021-06-11T01:19:59.114000+00:00,1.0,P
203,3375,2021-06-11T01:20:01.824000+00:00,1.0,S
204,3104,2021-06-11T01:19:59.114000+00:00,1.0,P
204,3375,2021-06-11T01:20:01.824000+00:00,1.0,S
205,3104,2021-06-11T01:19:59.114000+00:00,1.0,P
205,3374,2021-06-11T01:20:01.814000+00:00,1.0,S
206,3104,2021-06-11T01:19:59.114000+00:00,1.0,P
206,3374,2021-06-11T01:20:01.814000+00:00,1.0,S
207,3104,2021-06-11T01:19:59.114000+00:00,1.0,P
207,3374,2021-06-11T01:20:01.814000+00:00,1.0,S
208,3104,2021-06-11T01:19:59.114000+00:00,1.0,P
208,3374,2021-06-11T01:20:01.814000+00:00,1.0,S
209,3104,2021-06-11T01:19:59.114000+00:00,1.0,P
209,3374,2021-06-11T01:20:01.814000+00:00,1.0,S
210,3103,2021-06-11T01:19:59.104000+00:00,1.0,P
210,3374,2021-06-11T01:20:01.814000+00:00,1.0,S
211,3103,2021-06-11T01:19:59.104000+00:00,1.0,P
211,3373,2021-06-11T01:20:01.804000+00:00,1.0,S
212,3103,2021-06-11T01:19:59.104000+00:00,1.0,P
212,3373,2021-06-11T01:20:01.804000+00:00,1.0,S
213,3103,2021-06-11T01:19:59.104000+00:00,1.0,P
213,3373,2021-06-11T01:20:01.804000+00:00,1.0,S
214,3103,2021-06-11T01:19:59.104000+00:00,1.0,P
214,3373,2021-06-11T01:20:01.804000+00:00,1.0,S
215,3103,2021-06-11T01:19:59.104000+00:00,1.0,P
215,3373,2021-06-11T01:20:01.804000+00:00,1.0,S
216,3103,2021-06-11T01:19:59.104000+00:00,1.0,P
216,3372,2021-06-11T01:20:01.794000+00:00,1.0,S
217,3103,2021-06-11T01:19:59.104000+00:00,1.0,P
217,3372,2021-06-11T01:20:01.794000+00:00,1.0,S
218,3103,2021-06-11T01:19:59.104000+00:00,1.0,P
218,3372,2021-06-11T01:20:01.794000+00:00,1.0,S
219,3103,2021-06-11T01:19:59.104000+00:00,1.0,P
219,3372,2021-06-11T01:20:01.794000+00:00,1.0,S
220,3102,2021-06-11T01:19:59.094000+00:00,1.0,P
220,3371,2021-06-11T01:20:01.784000+00:00,1.0,S
221,3102,2021-06-11T01:19:59.094000+00:00,1.0,P
221,3371,2021-06-11T01:20:01.784000+00:00,1.0,S
222,3102,2021-06-11T01:19:59.094000+00:00,1.0,P
222,3371,2021-06-11T01:20:01.784000+00:00,1.0,S
223,3102,2021-06-11T01:19:59.094000+00:00,1.0,P
223,3371,2021-06-11T01:20:01.784000+00:00,1.0,S
224,3102,2021-06-11T01:19:59.094000+00:00,1.0,P
224,3370,2021-06-11T01:20:01.774000+00:00,1.0,S
225,3102,2021-06-11T01:19:59.094000+00:00,1.0,P
225,3370,2021-06-11T01:20:01.774000+00:00,1.0,S
226,3102,2021-06-11T01:19:59.094000+00:00,1.0,P
226,3370,2021-06-11T01:20:01.774000+00:00,1.0,S
227,3102,2021-06-11T01:19:59.094000+00:00,1.0,P
227,3370,2021-06-11T01:20:01.774000+00:00,1.0,S
228,3102,2021-06-11T01:19:59.094000+00:00,1.0,P
228,3369,2021-06-11T01:20:01.763999+00:00,1.0,S
229,3102,2021-06-11T01:19:59.094000+00:00,1.0,P
229,3369,2021-06-11T01:20:01.763999+00:00,1.0,S
230,3102,2021-06-11T01:19:59.094000+00:00,1.0,P
230,3369,2021-06-11T01:20:01.763999+00:00,1.0,S
231,3101,2021-06-11T01:19:59.084000+00:00,1.0,P
231,3369,2021-06-11T01:20:01.763999+00:00,1.0,S
232,3101,2021-06-11T01:19:59.084000+00:00,1.0,P
232,3368,2021-06-11T01:20:01.754000+00:00,1.0,S
233,3101,2021-06-11T01:19:59.084000+00:00,1.0,P
233,3368,2021-06-11T01:20:01.754000+00:00,1.0,S
234,3101,2021-06-11T01:19:59.084000+00:00,1.0,P
234,3368,2021-06-11T01:20:01.754000+00:00,1.0,S
235,3101,2021-06-11T01:19:59.084000+00:00,1.0,P
235,3368,2021-06-11T01:20:01.754000+00:00,1.0,S
236,3101,2021-06-11T01:19:59.084000+00:00,1.0,P
236,3368,2021-06-11T01:20:01.754000+00:00,1.0,S
237,3101,2021-06-11T01:19:59.084000+00:00,1.0,P
237,3367,2021-06-11T01:20:01.744000+00:00,1.0,S
238,3101,2021-06-11T01:19:59.084000+00:00,1.0,P
238,3367,2021-06-11T01:20:01.744000+00:00,1.0,S
239,3101,2021-06-11T01:19:59.084000+00:00,1.0,P
239,3367,2021-06-11T01:20:01.744000+00:00,1.0,S
240,3101,2021-06-11T01:19:59.084000+00:00,1.0,P
240,3367,2021-06-11T01:20:01.744000+00:00,1.0,S
241,3100,2021-06-11T01:19:59.074000+00:00,1.0,P
241,3366,2021-06-11T01:20:01.734000+00:00,1.0,S
242,3100,2021-06-11T01:19:59.074000+00:00,1.0,P
242,3366,2021-06-11T01:20:01.734000+00:00,1.0,S
243,3100,2021-06-11T01:19:59.074000+00:00,1.0,P
243,3366,2021-06-11T01:20:01.734000+00:00,1.0,S
244,3100,2021-06-11T01:19:59.074000+00:00,1.0,P
244,3366,2021-06-11T01:20:01.734000+00:00,1.0,S
245,3100,2021-06-11T01:19:59.074000+00:00,1.0,P
245,3366,2021-06-11T01:20:01.734000+00:00,1.0,S
246,3100,2021-06-11T01:19:59.074000+00:00,1.0,P
246,3365,2021-06-11T01:20:01.724000+00:00,1.0,S
247,3100,2021-06-11T01:19:59.074000+00:00,1.0,P
247,3365,2021-06-11T01:20:01.724000+00:00,1.0,S
248,3100,2021-06-11T01:19:59.074000+00:00,1.0,P
248,3365,2021-06-11T01:20:01.724000+00:00,1.0,S
249,3100,2021-06-11T01:19:59.074000+00:00,1.0,P
249,3365,2021-06-11T01:20:01.724000+00:00,1.0,S
250,3100,2021-06-11T01:19:59.074000+00:00,1.0,P
250,3365,2021-06-11T01:20:01.724000+00:00,1.0,S
251,3100,2021-06-11T01:19:59.074000+00:00,1.0,P
251,3365,2021-06-11T01:20:01.724000+00:00,1.0,S
252,3099,2021-06-11T01:19:59.064000+00:00,1.0,P
252,3364,2021-06-11T01:20:01.714000+00:00,1.0,S
253,3099,2021-06-11T01:19:59.064000+00:00,1.0,P
253,3364,2021-06-11T01:20:01.714000+00:00,1.0,S
254,3099,2021-06-11T01:19:59.064000+00:00,1.0,P
254,3364,2021-06-11T01:20:01.714000+00:00,1.0,S
255,3099,2021-06-11T01:19:59.064000+00:00,1.0,P
255,3364,2021-06-11T01:20:01.714000+00:00,1.0,S
256,3099,2021-06-11T01:19:59.064000+00:00,1.0,P
256,3364,2021-06-11T01:20:01.714000+00:00,1.0,S
257,3099,2021-06-11T01:19:59.064000+00:00,1.0,P
257,3363,2021-06-11T01:20:01.704000+00:00,1.0,S
258,3099,2021-06-11T01:19:59.064000+00:00,1.0,P
258,3363,2021-06-11T01:20:01.704000+00:00,1.0,S
259,3099,2021-06-11T01:19:59.064000+00:00,1.0,P
259,3363,2021-06-11T01:20:01.704000+00:00,1.0,S
260,3099,2021-06-11T01:19:59.064000+00:00,1.0,P
260,3363,2021-06-11T01:20:01.704000+00:00,1.0,S
261,3099,2021-06-11T01:19:59.064000+00:00,1.0,P
261,3362,2021-06-11T01:20:01.693999+00:00,1.0,S
262,3099,2021-06-11T01:19:59.064000+00:00,1.0,P
262,3362,2021-06-11T01:20:01.693999+00:00,1.0,S
263,3099,2021-06-11T01:19:59.064000+00:00,1.0,P
263,3362,2021-06-11T01:20:01.693999+00:00,1.0,S
264,3098,2021-06-11T01:19:59.054000+00:00,1.0,P
264,3362,2021-06-11T01:20:01.693999+00:00,1.0,S
265,3098,2021-06-11T01:19:59.054000+00:00,1.0,P
265,3362,2021-06-11T01:20:01.693999+00:00,1.0,S
266,3098,2021-06-11T01:19:59.054000+00:00,1.0,P
266,3362,2021-06-11T01:20:01.693999+00:00,1.0,S
267,3098,2021-06-11T01:19:59.054000+00:00,1.0,P
267,3361,2021-06-11T01:20:01.684000+00:00,1.0,S
268,3098,2021-06-11T01:19:59.054000+00:00,1.0,P
268,3361,2021-06-11T01:20:01.684000+00:00,1.0,S
269,3098,2021-06-11T01:19:59.054000+00:00,1.0,P
269,3361,2021-06-11T01:20:01.684000+00:00,1.0,S
270,3098,2021-06-11T01:19:59.054000+00:00,1.0,P
270,3361,2021-06-11T01:20:01.684000+00:00,1.0,S
271,3098,2021-06-11T01:19:59.054000+00:00,1.0,P
271,3361,2021-06-11T01:20:01.684000+00:00,1.0,S
272,3098,2021-06-11T01:19:59.054000+00:00,1.0,P
272,3360,2021-06-11T01:20:01.674000+00:00,1.0,S
273,3098,2021-06-11T01:19:59.054000+00:00,1.0,P
273,3360,2021-06-11T01:20:01.674000+00:00,1.0,S
274,3098,2021-06-11T01:19:59.054000+00:00,1.0,P
274,3360,2021-06-11T01:20:01.674000+00:00,1.0,S
275,3098,2021-06-11T01:19:59.054000+00:00,1.0,P
275,3360,2021-06-11T01:20:01.674000+00:00,1.0,S
276,3098,2021-06-11T01:19:59.054000+00:00,1.0,P
276,3359,2021-06-11T01:20:01.664000+00:00,1.0,S
277,3098,2021-06-11T01:19:59.054000+00:00,1.0,P
277,3359,2021-06-11T01:20:01.664000+00:00,1.0,S
278,3097,2021-06-11T01:19:59.044000+00:00,1.0,P
278,3359,2021-06-11T01:20:01.664000+00:00,1.0,S
279,3097,2021-06-11T01:19:59.044000+00:00,1.0,P
279,3359,2021-06-11T01:20:01.664000+00:00,1.0,S
280,3097,2021-06-11T01:19:59.044000+00:00,1.0,P
280,3359,2021-06-11T01:20:01.664000+00:00,1.0,S
281,3097,2021-06-11T01:19:59.044000+00:00,1.0,P
281,3359,2021-06-11T01:20:01.664000+00:00,1.0,S
282,3097,2021-06-11T01:19:59.044000+00:00,1.0,P
282,3358,2021-06-11T01:20:01.654000+00:00,1.0,S
283,3097,2021-06-11T01:19:59.044000+00:00,1.0,P
283,3358,2021-06-11T01:20:01.654000+00:00,1.0,S
284,3097,2021-06-11T01:19:59.044000+00:00,1.0,P
284,3358,2021-06-11T01:20:01.654000+00:00,1.0,S
285,3097,2021-06-11T01:19:59.044000+00:00,1.0,P
285,3358,2021-06-11T01:20:01.654000+00:00,1.0,S
286,3097,2021-06-11T01:19:59.044000+00:00,1.0,P
286,3358,2021-06-11T01:20:01.654000+00:00,1.0,S
287,3097,2021-06-11T01:19:59.044000+00:00,1.0,P
287,3358,2021-06-11T01:20:01.654000+00:00,1.0,S
288,3097,2021-06-11T01:19:59.044000+00:00,1.0,P
288,3357,2021-06-11T01:20:01.644000+00:00,1.0,S
289,3097,2021-06-11T01:19:59.044000+00:00,1.0,P
289,3357,2021-06-11T01:20:01.644000+00:00,1.0,S
290,3097,2021-06-11T01:19:59.044000+00:00,1.0,P
290,3357,2021-06-11T01:20:01.644000+00:00,1.0,S
291,3097,2021-06-11T01:19:59.044000+00:00,1.0,P
291,3357,2021-06-11T01:20:01.644000+00:00,1.0,S
292,3097,2021-06-11T01:19:59.044000+00:00,1.0,P
292,3357,2021-06-11T01:20:01.644000+00:00,1.0,S
293,3096,2021-06-11T01:19:59.034000+00:00,1.0,P
293,3357,2021-06-11T01:20:01.644000+00:00,1.0,S
294,3096,2021-06-11T01:19:59.034000+00:00,1.0,P
294,3356,2021-06-11T01:20:01.634000+00:00,1.0,S
295,3096,2021-06-11T01:19:59.034000+00:00,1.0,P
295,3356,2021-06-11T01:20:01.634000+00:00,1.0,S
296,3096,2021-06-11T01:19:59.034000+00:00,1.0,P
296,3356,2021-06-11T01:20:01.634000+00:00,1.0,S
297,3096,2021-06-11T01:19:59.034000+00:00,1.0,P
297,3356,2021-06-11T01:20:01.634000+00:00,1.0,S
298,3096,2021-06-11T01:19:59.034000+00:00,1.0,P
298,3355,2021-06-11T01:20:01.623999+00:00,1.0,S
299,3096,2021-06-11T01:19:59.034000+00:00,1.0,P
299,3355,2021-06-11T01:20:01.623999+00:00,1.0,S
300,3096,2021-06-11T01:19:59.034000+00:00,1.0,P
300,3355,2021-06-11T01:20:01.623999+00:00,1.0,S
301,3096,2021-06-11T01:19:59.034000+00:00,1.0,P
301,3355,2021-06-11T01:20:01.623999+00:00,1.0,S
302,3096,2021-06-11T01:19:59.034000+00:00,1.0,P
302,3354,2021-06-11T01:20:01.614000+00:00,1.0,S
303,3096,2021-06-11T01:19:59.034000+00:00,1.0,P
303,3354,2021-06-11T01:20:01.614000+00:00,1.0,S
304,3096,2021-06-11T01:19:59.034000+00:00,1.0,P
304,3354,2021-06-11T01:20:01.614000+00:00,1.0,S
305,3096,2021-06-11T01:19:59.034000+00:00,1.0,P
305,3354,2021-06-11T01:20:01.614000+00:00,1.0,S
306,3095,2021-06-11T01:19:59.024000+00:00,1.0,P
306,3353,2021-06-11T01:20:01.604000+00:00,1.0,S
307,3095,2021-06-11T01:19:59.024000+00:00,1.0,P
307,3353,2021-06-11T01:20:01.604000+00:00,1.0,S
308,3095,2021-06-11T01:19:59.024000+00:00,1.0,P
308,3353,2021-06-11T01:20:01.604000+00:00,1.0,S
309,3095,2021-06-11T01:19:59.024000+00:00,1.0,P
309,3353,2021-06-11T01:20:01.604000+00:00,1.0,S
310,3095,2021-06-11T01:19:59.024000+00:00,1.0,P
310,3352,2021-06-11T01:20:01.594000+00:00,1.0,S
311,3095,2021-06-11T01:19:59.024000+00:00,1.0,P
311,3352,2021-06-11T01:20:01.594000+00:00,1.0,S
312,3095,2021-06-11T01:19:59.024000+00:00,1.0,P
312,3352,2021-06-11T01:20:01.594000+00:00,1.0,S
313,3095,2021-06-11T01:19:59.024000+00:00,1.0,P
313,3352,2021-06-11T01:20:01.594000+00:00,1.0,S
314,3095,2021-06-11T01:19:59.024000+00:00,1.0,P
314,3352,2021-06-11T01:20:01.594000+00:00,1.0,S
315,3095,2021-06-11T01:19:59.024000+00:00,1.0,P
315,3351,2021-06-11T01:20:01.583999+00:00,1.0,S
316,3095,2021-06-11T01:19:59.024000+00:00,1.0,P
316,3351,2021-06-11T01:20:01.583999+00:00,1.0,S
317,3095,2021-06-11T01:19:59.024000+00:00,1.0,P
317,3351,2021-06-11T01:20:01.583999+00:00,1.0,S
318,3095,2021-06-11T01:19:59.024000+00:00,1.0,P
318,3351,2021-06-11T01:20:01.583999+00:00,1.0,S
319,3095,2021-06-11T01:19:59.024000+00:00,1.0,P
319,3351,2021-06-11T01:20:01.583999+00:00,1.0,S
320,3095,2021-06-11T01:19:59.024000+00:00,1.0,P
320,3350,2021-06-11T01:20:01.574000+00:00,1.0,S
321,3095,2021-06-11T01:19:59.024000+00:00,1.0,P
321,3350,2021-06-11T01:20:01.574000+00:00,1.0,S
322,3095,2021-06-11T01:19:59.024000+00:00,1.0,P
322,3350,2021-06-11T01:20:01.574000+00:00,1.0,S
323,3095,2021-06-11T01:19:59.024000+00:00,1.0,P
323,3350,2021-06-11T01:20:01.574000+00:00,1.0,S
324,3095,2021-06-11T01:19:59.024000+00:00,1.0,P
324,3350,2021-06-11T01:20:01.574000+00:00,1.0,S
325,3095,2021-06-11T01:19:59.024000+00:00,1.0,P
325,3350,2021-06-11T01:20:01.574000+00:00,1.0,S
326,3095,2021-06-11T01:19:59.024000+00:00,1.0,P
326,3350,2021-06-11T01:20:01.574000+00:00,1.0,S
327,3095,2021-06-11T01:19:59.024000+00:00,1.0,P
327,3349,2021-06-11T01:20:01.564000+00:00,1.0,S
328,3095,2021-06-11T01:19:59.024000+00:00,1.0,P
328,3349,2021-06-11T01:20:01.564000+00:00,1.0,S
329,3095,2021-06-11T01:19:59.024000+00:00,1.0,P
329,3349,2021-06-11T01:20:01.564000+00:00,1.0,S
330,3094,2021-06-11T01:19:59.014000+00:00,1.0,P
330,3349,2021-06-11T01:20:01.564000+00:00,1.0,S
331,3094,2021-06-11T01:19:59.014000+00:00,1.0,P
331,3349,2021-06-11T01:20:01.564000+00:00,1.0,S
332,3094,2021-06-11T01:19:59.014000+00:00,1.0,P
332,3349,2021-06-11T01:20:01.564000+00:00,1.0,S
333,3094,2021-06-11T01:19:59.014000+00:00,1.0,P
333,3349,2021-06-11T01:20:01.564000+00:00,1.0,S
334,3094,2021-06-11T01:19:59.014000+00:00,1.0,P
334,3349,2021-06-11T01:20:01.564000+00:00,1.0,S
335,3094,2021-06-11T01:19:59.014000+00:00,1.0,P
335,3349,2021-06-11T01:20:01.564000+00:00,1.0,S
336,3094,2021-06-11T01:19:59.014000+00:00,1.0,P
336,3349,2021-06-11T01:20:01.564000+00:00,1.0,S
337,3094,2021-06-11T01:19:59.014000+00:00,1.0,P
337,3349,2021-06-11T01:20:01.564000+00:00,1.0,S
338,3094,2021-06-11T01:19:59.014000+00:00,1.0,P
338,3349,2021-06-11T01:20:01.564000+00:00,1.0,S
339,3094,2021-06-11T01:19:59.014000+00:00,1.0,P
339,3349,2021-06-11T01:20:01.564000+00:00,1.0,S
340,3094,2021-06-11T01:19:59.014000+00:00,1.0,P
340,3348,2021-06-11T01:20:01.554000+00:00,1.0,S
341,3094,2021-06-11T01:19:59.014000+00:00,1.0,P
341,3348,2021-06-11T01:20:01.554000+00:00,1.0,S
342,3094,2021-06-11T01:19:59.014000+00:00,1.0,P
342,3348,2021-06-11T01:20:01.554000+00:00,1.0,S
343,3094,2021-06-11T01:19:59.014000+00:00,1.0,P
343,3348,2021-06-11T01:20:01.554000+00:00,1.0,S
344,3094,2021-06-11T01:19:59.014000+00:00,1.0,P
344,3348,2021-06-11T01:20:01.554000+00:00,1.0,S
345,3094,2021-06-11T01:19:59.014000+00:00,1.0,P
345,3348,2021-06-11T01:20:01.554000+00:00,1.0,S
346,3094,2021-06-11T01:19:59.014000+00:00,1.0,P
346,3348,2021-06-11T01:20:01.554000+00:00,1.0,S
347,3094,2021-06-11T01:19:59.014000+00:00,1.0,P
347,3348,2021-06-11T01:20:01.554000+00:00,1.0,S
348,3094,2021-06-11T01:19:59.014000+00:00,1.0,P
348,3348,2021-06-11T01:20:01.554000+00:00,1.0,S
349,3094,2021-06-11T01:19:59.014000+00:00,1.0,P
349,3348,2021-06-11T01:20:01.554000+00:00,1.0,S
350,3094,2021-06-11T01:19:59.014000+00:00,1.0,P
350,3348,2021-06-11T01:20:01.554000+00:00,1.0,S
351,3094,2021-06-11T01:19:59.014000+00:00,1.0,P
351,3348,2021-06-11T01:20:01.554000+00:00,1.0,S
352,3094,2021-06-11T01:19:59.014000+00:00,1.0,P
352,3348,2021-06-11T01:20:01.554000+00:00,1.0,S
353,3094,2021-06-11T01:19:59.014000+00:00,1.0,P
353,3348,2021-06-11T01:20:01.554000+00:00,1.0,S
354,3094,2021-06-11T01:19:59.014000+00:00,1.0,P
354,3348,2021-06-11T01:20:01.554000+00:00,1.0,S
355,3094,2021-06-11T01:19:59.014000+00:00,1.0,P
355,3347,2021-06-11T01:20:01.544000+00:00,1.0,S
356,3094,2021-06-11T01:19:59.014000+00:00,1.0,P
356,3347,2021-06-11T01:20:01.544000+00:00,1.0,S
357,3094,2021-06-11T01:19:59.014000+00:00,1.0,P
357,3347,2021-06-11T01:20:01.544000+00:00,1.0,S
358,3094,2021-06-11T01:19:59.014000+00:00,1.0,P
358,3347,2021-06-11T01:20:01.544000+00:00,1.0,S
359,3094,2021-06-11T01:19:59.014000+00:00,1.0,P
359,3347,2021-06-11T01:20:01.544000+00:00,1.0,S
360,3094,2021-06-11T01:19:59.014000+00:00,1.0,P
360,3347,2021-06-11T01:20:01.544000+00:00,1.0,S
361,3094,2021-06-11T01:19:59.014000+00:00,1.0,P
361,3347,2021-06-11T01:20:01.544000+00:00,1.0,S
362,3094,2021-06-11T01:19:59.014000+00:00,1.0,P
362,3347,2021-06-11T01:20:01.544000+00:00,1.0,S
363,3094,2021-06-11T01:19:59.014000+00:00,1.0,P
363,3347,2021-06-11T01:20:01.544000+00:00,1.0,S
364,3094,2021-06-11T01:19:59.014000+00:00,1.0,P
364,3347,2021-06-11T01:20:01.544000+00:00,1.0,S
365,3094,2021-06-11T01:19:59.014000+00:00,1.0,P
365,3347,2021-06-11T01:20:01.544000+00:00,1.0,S
366,3094,2021-06-11T01:19:59.014000+00:00,1.0,P
366,3347,2021-06-11T01:20:01.544000+00:00,1.0,S
367,3094,2021-06-11T01:19:59.014000+00:00,1.0,P
367,3347,2021-06-11T01:20:01.544000+00:00,1.0,S
368,3094,2021-06-11T01:19:59.014000+00:00,1.0,P
368,3347,2021-06-11T01:20:01.544000+00:00,1.0,S
369,3094,2021-06-11T01:19:59.014000+00:00,1.0,P
369,3347,2021-06-11T01:20:01.544000+00:00,1.0,S
370,3094,2021-06-11T01:19:59.014000+00:00,1.0,P
370,3347,2021-06-11T01:20:01.544000+00:00,1.0,S
371,3094,2021-06-11T01:19:59.014000+00:00,1.0,P
371,3346,2021-06-11T01:20:01.534000+00:00,1.0,S
372,3094,2021-06-11T01:19:59.014000+00:00,1.0,P
372,3346,2021-06-11T01:20:01.534000+00:00,1.0,S
373,3094,2021-06-11T01:19:59.014000+00:00,1.0,P
373,3346,2021-06-11T01:20:01.534000+00:00,1.0,S
374,3094,2021-06-11T01:19:59.014000+00:00,1.0,P
374,3346,2021-06-11T01:20:01.534000+00:00,1.0,S
375,3094,2021-06-11T01:19:59.014000+00:00,1.0,P
375,3346,2021-06-11T01:20:01.534000+00:00,1.0,S
376,3094,2021-06-11T01:19:59.014000+00:00,1.0,P
376,3346,2021-06-11T01:20:01.534000+00:00,1.0,S
377,3094,2021-06-11T01:19:59.014000+00:00,1.0,P
377,3346,2021-06-11T01:20:01.534000+00:00,1.0,S
378,3094,2021-06-11T01:19:59.014000+00:00,1.0,P
378,3346,2021-06-11T01:20:01.534000+00:00,1.0,S
379,3094,2021-06-11T01:19:59.014000+00:00,1.0,P
379,3346,2021-06-11T01:20:01.534000+00:00,1.0,S
380,3094,2021-06-11T01:19:59.014000+00:00,1.0,P
380,3346,2021-06-11T01:20:01.534000+00:00,1.0,S
381,3094,2021-06-11T01:19:59.014000+00:00,1.0,P
381,3346,2021-06-11T01:20:01.534000+00:00,1.0,S
382,3094,2021-06-11T01:19:59.014000+00:00,1.0,P
382,3346,2021-06-11T01:20:01.534000+00:00,1.0,S
383,3094,2021-06-11T01:19:59.014000+00:00,1.0,P
383,3346,2021-06-11T01:20:01.534000+00:00,1.0,S
384,3094,2021-06-11T01:19:59.014000+00:00,1.0,P
384,3347,2021-06-11T01:20:01.544000+00:00,1.0,S
385,3094,2021-06-11T01:19:59.014000+00:00,1.0,P
385,3347,2021-06-11T01:20:01.544000+00:00,1.0,S
386,3094,2021-06-11T01:19:59.014000+00:00,1.0,P
386,3347,2021-06-11T01:20:01.544000+00:00,1.0,S
387,3094,2021-06-11T01:19:59.014000+00:00,1.0,P
387,3347,2021-06-11T01:20:01.544000+00:00,1.0,S
388,3094,2021-06-11T01:19:59.014000+00:00,1.0,P
388,3347,2021-06-11T01:20:01.544000+00:00,1.0,S
389,3094,2021-06-11T01:19:59.014000+00:00,1.0,P
389,3347,2021-06-11T01:20:01.544000+00:00,1.0,S
390,3094,2021-06-11T01:19:59.014000+00:00,1.0,P
390,3347,2021-06-11T01:20:01.544000+00:00,1.0,S
391,3094,2021-06-11T01:19:59.014000+00:00,1.0,P
391,3347,2021-06-11T01:20:01.544000+00:00,1.0,S
392,3094,2021-06-11T01:19:59.014000+00:00,1.0,P
392,3347,2021-06-11T01:20:01.544000+00:00,1.0,S
393,3094,2021-06-11T01:19:59.014000+00:00,1.0,P
393,3347,2021-06-11T01:20:01.544000+00:00,1.0,S
394,3094,2021-06-11T01:19:59.014000+00:00,1.0,P
394,3347,2021-06-11T01:20:01.544000+00:00,1.0,S
395,3094,2021-06-11T01:19:59.014000+00:00,1.0,P
395,3347,2021-06-11T01:20:01.544000+00:00,1.0,S
396,3094,2021-06-11T01:19:59.014000+00:00,1.0,P
396,3347,2021-06-11T01:20:01.544000+00:00,1.0,S
397,3094,2021-06-11T01:19:59.014000+00:00,1.0,P
397,3347,2021-06-11T01:20:01.544000+00:00,1.0,S
398,3094,2021-06-11T01:19:59.014000+00:00,1.0,P
398,3347,2021-06-11T01:20:01.544000+00:00,1.0,S
399,3094,2021-06-11T01:19:59.014000+00:00,1.0,P
399,3347,2021-06-11T01:20:01.544000+00:00,1.0,S
400,3094,2021-06-11T01:19:59.014000+00:00,1.0,P
400,3347,2021-06-11T01:20:01.544000+00:00,1.0,S
401,3094,2021-06-11T01:19:59.014000+00:00,1.0,P
401,3347,2021-06-11T01:20:01.544000+00:00,1.0,S
402,3094,2021-06-11T01:19:59.014000+00:00,1.0,P
402,3347,2021-06-11T01:20:01.544000+00:00,1.0,S
403,3094,2021-06-11T01:19:59.014000+00:00,1.0,P
403,3347,2021-06-11T01:20:01.544000+00:00,1.0,S
404,3093,2021-06-11T01:19:59.004000+00:00,1.0,P
404,3347,2021-06-11T01:20:01.544000+00:00,1.0,S
405,3093,2021-06-11T01:19:59.004000+00:00,1.0,P
405,3347,2021-06-11T01:20:01.544000+00:00,1.0,S
406,3093,2021-06-11T01:19:59.004000+00:00,1.0,P
406,3347,2021-06-11T01:20:01.544000+00:00,1.0,S
407,3093,2021-06-11T01:19:59.004000+00:00,1.0,P
407,3347,2021-06-11T01:20:01.544000+00:00,1.0,S
408,3093,2021-06-11T01:19:59.004000+00:00,1.0,P
408,3347,2021-06-11T01:20:01.544000+00:00,1.0,S
409,3093,2021-06-11T01:19:59.004000+00:00,1.0,P
409,3347,2021-06-11T01:20:01.544000+00:00,1.0,S
410,3093,2021-06-11T01:19:59.004000+00:00,1.0,P
410,3347,2021-06-11T01:20:01.544000+00:00,1.0,S
411,3093,2021-06-11T01:19:59.004000+00:00,1.0,P
411,3346,2021-06-11T01:20:01.534000+00:00,1.0,S
412,3093,2021-06-11T01:19:59.004000+00:00,1.0,P
412,3346,2021-06-11T01:20:01.534000+00:00,1.0,S
413,3093,2021-06-11T01:19:59.004000+00:00,1.0,P
413,3346,2021-06-11T01:20:01.534000+00:00,1.0,S
414,3093,2021-06-11T01:19:59.004000+00:00,1.0,P
414,3346,2021-06-11T01:20:01.534000+00:00,1.0,S
415,3093,2021-06-11T01:19:59.004000+00:00,1.0,P
415,3346,2021-06-11T01:20:01.534000+00:00,1.0,S
416,3093,2021-06-11T01:19:59.004000+00:00,1.0,P
416,3346,2021-06-11T01:20:01.534000+00:00,1.0,S
417,3093,2021-06-11T01:19:59.004000+00:00,1.0,P
417,3346,2021-06-11T01:20:01.534000+00:00,1.0,S
418,3093,2021-06-11T01:19:59.004000+00:00,1.0,P
418,3346,2021-06-11T01:20:01.534000+00:00,1.0,S
419,3093,2021-06-11T01:19:59.004000+00:00,1.0,P
419,3346,2021-06-11T01:20:01.534000+00:00,1.0,S
420,3093,2021-06-11T01:19:59.004000+00:00,1.0,P
420,3346,2021-06-11T01:20:01.534000+00:00,1.0,S
421,3093,2021-06-11T01:19:59.004000+00:00,1.0,P
421,3346,2021-06-11T01:20:01.534000+00:00,1.0,S
422,3093,2021-06-11T01:19:59.004000+00:00,1.0,P
422,3346,2021-06-11T01:20:01.534000+00:00,1.0,S
423,3093,2021-06-11T01:19:59.004000+00:00,1.0,P
423,3346,2021-06-11T01:20:01.534000+00:00,1.0,S
424,3093,2021-06-11T01:19:59.004000+00:00,1.0,P
424,3346,2021-06-11T01:20:01.534000+00:00,1.0,S
425,3093,2021-06-11T01:19:59.004000+00:00,1.0,P
425,3346,2021-06-11T01:20:01.534000+00:00,1.0,S
426,3093,2021-06-11T01:19:59.004000+00:00,1.0,P
426,3346,2021-06-11T01:20:01.534000+00:00,1.0,S
427,3093,2021-06-11T01:19:59.004000+00:00,1.0,P
427,3346,2021-06-11T01:20:01.534000+00:00,1.0,S
428,3093,2021-06-11T01:19:59.004000+00:00,1.0,P
428,3346,2021-06-11T01:20:01.534000+00:00,1.0,S
429,3093,2021-06-11T01:19:59.004000+00:00,1.0,P
429,3346,2021-06-11T01:20:01.534000+00:00,1.0,S
430,3093,2021-06-11T01:19:59.004000+00:00,1.0,P
430,3346,2021-06-11T01:20:01.534000+00:00,1.0,S
431,3093,2021-06-11T01:19:59.004000+00:00,1.0,P
431,3346,2021-06-11T01:20:01.534000+00:00,1.0,S
432,3093,2021-06-11T01:19:59.004000+00:00,1.0,P
432,3346,2021-06-11T01:20:01.534000+00:00,1.0,S
433,3093,2021-06-11T01:19:59.004000+00:00,1.0,P
433,3346,2021-06-11T01:20:01.534000+00:00,1.0,S
434,3093,2021-06-11T01:19:59.004000+00:00,1.0,P
434,3346,2021-06-11T01:20:01.534000+00:00,1.0,S
435,3093,2021-06-11T01:19:59.004000+00:00,1.0,P
435,3346,2021-06-11T01:20:01.534000+00:00,1.0,S
436,3092,2021-06-11T01:19:58.994000+00:00,1.0,P
436,3346,2021-06-11T01:20:01.534000+00:00,1.0,S
437,3092,2021-06-11T01:19:58.994000+00:00,1.0,P
437,3346,2021-06-11T01:20:01.534000+00:00,1.0,S
438,3092,2021-06-11T01:19:58.994000+00:00,1.0,P
438,3346,2021-06-11T01:20:01.534000+00:00,1.0,S
439,3092,2021-06-11T01:19:58.994000+00:00,1.0,P
439,3346,2021-06-11T01:20:01.534000+00:00,1.0,S
440,3092,2021-06-11T01:19:58.994000+00:00,1.0,P
440,3346,2021-06-11T01:20:01.534000+00:00,1.0,S
441,3092,2021-06-11T01:19:58.994000+00:00,1.0,P
441,3346,2021-06-11T01:20:01.534000+00:00,1.0,S
442,3092,2021-06-11T01:19:58.994000+00:00,1.0,P
442,3346,2021-06-11T01:20:01.534000+00:00,1.0,S
443,3092,2021-06-11T01:19:58.994000+00:00,1.0,P
443,3346,2021-06-11T01:20:01.534000+00:00,1.0,S
444,3092,2021-06-11T01:19:58.994000+00:00,1.0,P
444,3346,2021-06-11T01:20:01.534000+00:00,1.0,S
445,3092,2021-06-11T01:19:58.994000+00:00,1.0,P
445,3346,2021-06-11T01:20:01.534000+00:00,1.0,S
446,3092,2021-06-11T01:19:58.994000+00:00,1.0,P
446,3346,2021-06-11T01:20:01.534000+00:00,1.0,S
447,3092,2021-06-11T01:19:58.994000+00:00,1.0,P
447,3346,2021-06-11T01:20:01.534000+00:00,1.0,S
448,3092,2021-06-11T01:19:58.994000+00:00,1.0,P
448,3346,2021-06-11T01:20:01.534000+00:00,1.0,S
449,3092,2021-06-11T01:19:58.994000+00:00,1.0,P
449,3346,2021-06-11T01:20:01.534000+00:00,1.0,S
450,3092,2021-06-11T01:19:58.994000+00:00,1.0,P
450,3346,2021-06-11T01:20:01.534000+00:00,1.0,S
451,3092,2021-06-11T01:19:58.994000+00:00,1.0,P
451,3346,2021-06-11T01:20:01.534000+00:00,1.0,S
452,3092,2021-06-11T01:19:58.994000+00:00,1.0,P
452,3346,2021-06-11T01:20:01.534000+00:00,1.0,S
453,3092,2021-06-11T01:19:58.994000+00:00,1.0,P
453,3346,2021-06-11T01:20:01.534000+00:00,1.0,S
454,3092,2021-06-11T01:19:58.994000+00:00,1.0,P
454,3346,2021-06-11T01:20:01.534000+00:00,1.0,S
455,3092,2021-06-11T01:19:58.994000+00:00,1.0,P
455,3346,2021-06-11T01:20:01.534000+00:00,1.0,S
456,3092,2021-06-11T01:19:58.994000+00:00,1.0,P
456,3346,2021-06-11T01:20:01.534000+00:00,1.0,S
457,3092,2021-06-11T01:19:58.994000+00:00,1.0,P
457,3346,2021-06-11T01:20:01.534000+00:00,1.0,S
458,3092,2021-06-11T01:19:58.994000+00:00,1.0,P
458,3346,2021-06-11T01:20:01.534000+00:00,1.0,S
459,3092,2021-06-11T01:19:58.994000+00:00,1.0,P
459,3346,2021-06-11T01:20:01.534000+00:00,1.0,S
460,3092,2021-06-11T01:19:58.994000+00:00,1.0,P
460,3346,2021-06-11T01:20:01.534000+00:00,1.0,S
461,3091,2021-06-11T01:19:58.984000+00:00,1.0,P
461,3346,2021-06-11T01:20:01.534000+00:00,1.0,S
462,3091,2021-06-11T01:19:58.984000+00:00,1.0,P
462,3346,2021-06-11T01:20:01.534000+00:00,1.0,S
463,3091,2021-06-11T01:19:58.984000+00:00,1.0,P
463,3346,2021-06-11T01:20:01.534000+00:00,1.0,S
464,3091,2021-06-11T01:19:58.984000+00:00,1.0,P
464,3346,2021-06-11T01:20:01.534000+00:00,1.0,S
465,3091,2021-06-11T01:19:58.984000+00:00,1.0,P
465,3346,2021-06-11T01:20:01.534000+00:00,1.0,S
466,3091,2021-06-11T01:19:58.984000+00:00,1.0,P
466,3346,2021-06-11T01:20:01.534000+00:00,1.0,S
467,3091,2021-06-11T01:19:58.984000+00:00,1.0,P
467,3346,2021-06-11T01:20:01.534000+00:00,1.0,S
468,3091,2021-06-11T01:19:58.984000+00:00,1.0,P
468,3346,2021-06-11T01:20:01.534000+00:00,1.0,S
469,3091,2021-06-11T01:19:58.984000+00:00,1.0,P
469,3346,2021-06-11T01:20:01.534000+00:00,1.0,S
470,3091,2021-06-11T01:19:58.984000+00:00,1.0,P
470,3346,2021-06-11T01:20:01.534000+00:00,1.0,S
471,3091,2021-06-11T01:19:58.984000+00:00,1.0,P
471,3346,2021-06-11T01:20:01.534000+00:00,1.0,S
472,3091,2021-06-11T01:19:58.984000+00:00,1.0,P
472,3346,2021-06-11T01:20:01.534000+00:00,1.0,S
473,3091,2021-06-11T01:19:58.984000+00:00,1.0,P
473,3346,2021-06-11T01:20:01.534000+00:00,1.0,S
474,3091,2021-06-11T01:19:58.984000+00:00,1.0,P
474,3346,2021-06-11T01:20:01.534000+00:00,1.0,S
475,3091,2021-06-11T01:19:58.984000+00:00,1.0,P
475,3346,2021-06-11T01:20:01.534000+00:00,1.0,S
476,3091,2021-06-11T01:19:58.984000+00:00,1.0,P
476,3346,2021-06-11T01:20:01.534000+00:00,1.0,S
477,3091,2021-06-11T01:19:58.984000+00:00,1.0,P
477,3346,2021-06-11T01:20:01.534000+00:00,1.0,S
478,3091,2021-06-11T01:19:58.984000+00:00,1.0,P
478,3346,2021-06-11T01:20:01.534000+00:00,1.0,S
479,3090,2021-06-11T01:19:58.974000+00:00,1.0,P
479,3346,2021-06-11T01:20:01.534000+00:00,1.0,S
480,3090,2021-06-11T01:19:58.974000+00:00,1.0,P
480,3346,2021-06-11T01:20:01.534000+00:00,1.0,S
481,3090,2021-06-11T01:19:58.974000+00:00,1.0,P
481,3346,2021-06-11T01:20:01.534000+00:00,1.0,S
482,3090,2021-06-11T01:19:58.974000+00:00,1.0,P
482,3346,2021-06-11T01:20:01.534000+00:00,1.0,S
483,3090,2021-06-11T01:19:58.974000+00:00,1.0,P
483,3346,2021-06-11T01:20:01.534000+00:00,1.0,S
484,3090,2021-06-11T01:19:58.974000+00:00,1.0,P
484,3346,2021-06-11T01:20:01.534000+00:00,1.0,S
485,3090,2021-06-11T01:19:58.974000+00:00,1.0,P
485,3346,2021-06-11T01:20:01.534000+00:00,1.0,S
486,3090,2021-06-11T01:19:58.974000+00:00,1.0,P
486,3346,2021-06-11T01:20:01.534000+00:00,1.0,S
487,3090,2021-06-11T01:19:58.974000+00:00,1.0,P
487,3346,2021-06-11T01:20:01.534000+00:00,1.0,S
488,3090,2021-06-11T01:19:58.974000+00:00,1.0,P
488,3345,2021-06-11T01:20:01.524000+00:00,1.0,S
489,3090,2021-06-11T01:19:58.974000+00:00,1.0,P
489,3345,2021-06-11T01:20:01.524000+00:00,1.0,S
490,3090,2021-06-11T01:19:58.974000+00:00,1.0,P
490,3345,2021-06-11T01:20:01.524000+00:00,1.0,S
491,3090,2021-06-11T01:19:58.974000+00:00,1.0,P
491,3345,2021-06-11T01:20:01.524000+00:00,1.0,S
492,3090,2021-06-11T01:19:58.974000+00:00,1.0,P
492,3345,2021-06-11T01:20:01.524000+00:00,1.0,S
493,3089,2021-06-11T01:19:58.964000+00:00,1.0,P
493,3345,2021-06-11T01:20:01.524000+00:00,1.0,S
494,3089,2021-06-11T01:19:58.964000+00:00,1.0,P
494,3345,2021-06-11T01:20:01.524000+00:00,1.0,S
495,3089,2021-06-11T01:19:58.964000+00:00,1.0,P
495,3345,2021-06-11T01:20:01.524000+00:00,1.0,S
496,3089,2021-06-11T01:19:58.964000+00:00,1.0,P
496,3345,2021-06-11T01:20:01.524000+00:00,1.0,S
497,3089,2021-06-11T01:19:58.964000+00:00,1.0,P
497,3345,2021-06-11T01:20:01.524000+00:00,1.0,S
498,3089,2021-06-11T01:19:58.964000+00:00,1.0,P
498,3345,2021-06-11T01:20:01.524000+00:00,1.0,S
499,3089,2021-06-11T01:19:58.964000+00:00,1.0,P
499,3345,2021-06-11T01:20:01.524000+00:00,1.0,S
500,3089,2021-06-11T01:19:58.964000+00:00,1.0,P
500,3345,2021-06-11T01:20:01.524000+00:00,1.0,S
501,3089,2021-06-11T01:19:58.964000+00:00,1.0,P
501,3345,2021-06-11T01:20:01.524000+00:00,1.0,S
502,3089,2021-06-11T01:19:58.964000+00:00,1.0,P
502,3345,2021-06-11T01:20:01.524000+00:00,1.0,S
503,3089,2021-06-11T01:19:58.964000+00:00,1.0,P
503,3345,2021-06-11T01:20:01.524000+00:00,1.0,S
504,3089,2021-06-11T01:19:58.964000+00:00,1.0,P
504,3345,2021-06-11T01:20:01.524000+00:00,1.0,S
505,3088,2021-06-11T01:19:58.954000+00:00,1.0,P
505,3345,2021-06-11T01:20:01.524000+00:00,1.0,S
506,3088,2021-06-11T01:19:58.954000+00:00,1.0,P
506,3345,2021-06-11T01:20:01.524000+00:00,1.0,S
507,3088,2021-06-11T01:19:58.954000+00:00,1.0,P
507,3344,2021-06-11T01:20:01.513999+00:00,1.0,S
508,3088,2021-06-11T01:19:58.954000+00:00,1.0,P
508,3344,2021-06-11T01:20:01.513999+00:00,1.0,S
509,3088,2021-06-11T01:19:58.954000+00:00,1.0,P
509,3344,2021-06-11T01:20:01.513999+00:00,1.0,S
510,3088,2021-06-11T01:19:58.954000+00:00,1.0,P
510,3344,2021-06-11T01:20:01.513999+00:00,1.0,S
511,3088,2021-06-11T01:19:58.954000+00:00,1.0,P
511,3344,2021-06-11T01:20:01.513999+00:00,1.0,S
512,3088,2021-06-11T01:19:58.954000+00:00,1.0,P
512,3344,2021-06-11T01:20:01.513999+00:00,1.0,S
513,3088,2021-06-11T01:19:58.954000+00:00,1.0,P
513,3344,2021-06-11T01:20:01.513999+00:00,1.0,S
514,3088,2021-06-11T01:19:58.954000+00:00,1.0,P
514,3344,2021-06-11T01:20:01.513999+00:00,1.0,S
515,3087,2021-06-11T01:19:58.944000+00:00,1.0,P
515,3344,2021-06-11T01:20:01.513999+00:00,1.0,S
516,3087,2021-06-11T01:19:58.944000+00:00,1.0,P
516,3344,2021-06-11T01:20:01.513999+00:00,1.0,S
517,3087,2021-06-11T01:19:58.944000+00:00,1.0,P
517,3344,2021-06-11T01:20:01.513999+00:00,1.0,S
518,3087,2021-06-11T01:19:58.944000+00:00,1.0,P
518,3344,2021-06-11T01:20:01.513999+00:00,1.0,S
519,3087,2021-06-11T01:19:58.944000+00:00,1.0,P
519,3344,2021-06-11T01:20:01.513999+00:00,1.0,S
520,3087,2021-06-11T01:19:58.944000+00:00,1.0,P
520,3344,2021-06-11T01:20:01.513999+00:00,1.0,S
521,3087,2021-06-11T01:19:58.944000+00:00,1.0,P
521,3344,2021-06-11T01:20:01.513999+00:00,1.0,S
522,3087,2021-06-11T01:19:58.944000+00:00,1.0,P
522,3343,2021-06-11T01:20:01.504000+00:00,1.0,S
523,3087,2021-06-11T01:19:58.944000+00:00,1.0,P
523,3343,2021-06-11T01:20:01.504000+00:00,1.0,S
524,3087,2021-06-11T01:19:58.944000+00:00,1.0,P
524,3343,2021-06-11T01:20:01.504000+00:00,1.0,S
525,3086,2021-06-11T01:19:58.934000+00:00,1.0,P
525,3343,2021-06-11T01:20:01.504000+00:00,1.0,S
526,3086,2021-06-11T01:19:58.934000+00:00,1.0,P
526,3343,2021-06-11T01:20:01.504000+00:00,1.0,S
527,3086,2021-06-11T01:19:58.934000+00:00,1.0,P
527,3343,2021-06-11T01:20:01.504000+00:00,1.0,S
528,3086,2021-06-11T01:19:58.934000+00:00,1.0,P
528,3343,2021-06-11T01:20:01.504000+00:00,1.0,S
529,3086,2021-06-11T01:19:58.934000+00:00,1.0,P
529,3343,2021-06-11T01:20:01.504000+00:00,1.0,S
530,3086,2021-06-11T01:19:58.934000+00:00,1.0,P
530,3343,2021-06-11T01:20:01.504000+00:00,1.0,S
531,3086,2021-06-11T01:19:58.934000+00:00,1.0,P
531,3343,2021-06-11T01:20:01.504000+00:00,1.0,S
532,3086,2021-06-11T01:19:58.934000+00:00,1.0,P
532,3342,2021-06-11T01:20:01.494000+00:00,1.0,S
533,3086,2021-06-11T01:19:58.934000+00:00,1.0,P
533,3342,2021-06-11T01:20:01.494000+00:00,1.0,S
534,3085,2021-06-11T01:19:58.924000+00:00,1.0,P
534,3342,2021-06-11T01:20:01.494000+00:00,1.0,S
535,3085,2021-06-11T01:19:58.924000+00:00,1.0,P
535,3342,2021-06-11T01:20:01.494000+00:00,1.0,S
536,3085,2021-06-11T01:19:58.924000+00:00,1.0,P
536,3342,2021-06-11T01:20:01.494000+00:00,1.0,S
537,3085,2021-06-11T01:19:58.924000+00:00,1.0,P
537,3342,2021-06-11T01:20:01.494000+00:00,1.0,S
538,3085,2021-06-11T01:19:58.924000+00:00,1.0,P
538,3342,2021-06-11T01:20:01.494000+00:00,1.0,S
539,3085,2021-06-11T01:19:58.924000+00:00,1.0,P
539,3342,2021-06-11T01:20:01.494000+00:00,1.0,S
540,3085,2021-06-11T01:19:58.924000+00:00,1.0,P
540,3342,2021-06-11T01:20:01.494000+00:00,1.0,S
541,3085,2021-06-11T01:19:58.924000+00:00,1.0,P
541,3342,2021-06-11T01:20:01.494000+00:00,1.0,S
542,3085,2021-06-11T01:19:58.924000+00:00,1.0,P
542,3342,2021-06-11T01:20:01.494000+00:00,1.0,S
543,3084,2021-06-11T01:19:58.914000+00:00,1.0,P
543,3342,2021-06-11T01:20:01.494000+00:00,1.0,S
544,3084,2021-06-11T01:19:58.914000+00:00,1.0,P
544,3341,2021-06-11T01:20:01.484000+00:00,1.0,S
545,3084,2021-06-11T01:19:58.914000+00:00,1.0,P
545,3341,2021-06-11T01:20:01.484000+00:00,1.0,S
546,3084,2021-06-11T01:19:58.914000+00:00,1.0,P
546,3341,2021-06-11T01:20:01.484000+00:00,1.0,S
547,3084,2021-06-11T01:19:58.914000+00:00,1.0,P
547,3341,2021-06-11T01:20:01.484000+00:00,1.0,S
548,3084,2021-06-11T01:19:58.914000+00:00,1.0,P
548,3341,2021-06-11T01:20:01.484000+00:00,1.0,S
549,3084,2021-06-11T01:19:58.914000+00:00,1.0,P
549,3341,2021-06-11T01:20:01.484000+00:00,1.0,S
550,3084,2021-06-11T01:19:58.914000+00:00,1.0,P
550,3341,2021-06-11T01:20:01.484000+00:00,1.0,S
551,3084,2021-06-11T01:19:58.914000+00:00,1.0,P
551,3341,2021-06-11T01:20:01.484000+00:00,1.0,S
552,3083,2021-06-11T01:19:58.904000+00:00,1.0,P
552,3341,2021-06-11T01:20:01.484000+00:00,1.0,S
553,3083,2021-06-11T01:19:58.904000+00:00,1.0,P
553,3341,2021-06-11T01:20:01.484000+00:00,1.0,S
554,3083,2021-06-11T01:19:58.904000+00:00,1.0,P
554,3341,2021-06-11T01:20:01.484000+00:00,1.0,S
555,3083,2021-06-11T01:19:58.904000+00:00,1.0,P
555,3340,2021-06-11T01:20:01.474000+00:00,1.0,S
556,3083,2021-06-11T01:19:58.904000+00:00,1.0,P
556,3340,2021-06-11T01:20:01.474000+00:00,1.0,S
557,3083,2021-06-11T01:19:58.904000+00:00,1.0,P
557,3340,2021-06-11T01:20:01.474000+00:00,1.0,S
558,3083,2021-06-11T01:19:58.904000+00:00,1.0,P
558,3340,2021-06-11T01:20:01.474000+00:00,1.0,S
559,3083,2021-06-11T01:19:58.904000+00:00,1.0,P
559,3340,2021-06-11T01:20:01.474000+00:00,1.0,S
560,3083,2021-06-11T01:19:58.904000+00:00,1.0,P
560,3340,2021-06-11T01:20:01.474000+00:00,1.0,S
561,3082,2021-06-11T01:19:58.894000+00:00,1.0,P
561,3340,2021-06-11T01:20:01.474000+00:00,1.0,S
562,3082,2021-06-11T01:19:58.894000+00:00,1.0,P
562,3340,2021-06-11T01:20:01.474000+00:00,1.0,S
563,3082,2021-06-11T01:19:58.894000+00:00,1.0,P
563,3340,2021-06-11T01:20:01.474000+00:00,1.0,S
564,3082,2021-06-11T01:19:58.894000+00:00,1.0,P
564,3339,2021-06-11T01:20:01.464000+00:00,1.0,S
565,3082,2021-06-11T01:19:58.894000+00:00,1.0,P
565,3339,2021-06-11T01:20:01.464000+00:00,1.0,S
566,3082,2021-06-11T01:19:58.894000+00:00,1.0,P
566,3339,2021-06-11T01:20:01.464000+00:00,1.0,S
567,3082,2021-06-11T01:19:58.894000+00:00,1.0,P
567,3339,2021-06-11T01:20:01.464000+00:00,1.0,S
568,3082,2021-06-11T01:19:58.894000+00:00,1.0,P
568,3339,2021-06-11T01:20:01.464000+00:00,1.0,S
569,3082,2021-06-11T01:19:58.894000+00:00,1.0,P
569,3339,2021-06-11T01:20:01.464000+00:00,1.0,S
570,3081,2021-06-11T01:19:58.884000+00:00,1.0,P
570,3338,2021-06-11T01:20:01.454000+00:00,1.0,S
571,3081,2021-06-11T01:19:58.884000+00:00,1.0,P
571,3338,2021-06-11T01:20:01.454000+00:00,1.0,S
572,3081,2021-06-11T01:19:58.884000+00:00,1.0,P
572,3338,2021-06-11T01:20:01.454000+00:00,1.0,S
573,3081,2021-06-11T01:19:58.884000+00:00,1.0,P
573,3338,2021-06-11T01:20:01.454000+00:00,1.0,S
574,3081,2021-06-11T01:19:58.884000+00:00,1.0,P
574,3338,2021-06-11T01:20:01.454000+00:00,1.0,S
575,3081,2021-06-11T01:19:58.884000+00:00,1.0,P
575,3338,2021-06-11T01:20:01.454000+00:00,1.0,S
576,3081,2021-06-11T01:19:58.884000+00:00,1.0,P
576,3337,2021-06-11T01:20:01.443999+00:00,1.0,S
577,3081,2021-06-11T01:19:58.884000+00:00,1.0,P
577,3337,2021-06-11T01:20:01.443999+00:00,1.0,S
578,3081,2021-06-11T01:19:58.884000+00:00,1.0,P
578,3337,2021-06-11T01:20:01.443999+00:00,1.0,S
579,3080,2021-06-11T01:19:58.874000+00:00,1.0,P
579,3337,2021-06-11T01:20:01.443999+00:00,1.0,S
580,3080,2021-06-11T01:19:58.874000+00:00,1.0,P
580,3337,2021-06-11T01:20:01.443999+00:00,1.0,S
581,3080,2021-06-11T01:19:58.874000+00:00,1.0,P
581,3337,2021-06-11T01:20:01.443999+00:00,1.0,S
582,3080,2021-06-11T01:19:58.874000+00:00,1.0,P
582,3337,2021-06-11T01:20:01.443999+00:00,1.0,S
583,3080,2021-06-11T01:19:58.874000+00:00,1.0,P
583,3337,2021-06-11T01:20:01.443999+00:00,1.0,S
584,3080,2021-06-11T01:19:58.874000+00:00,1.0,P
584,3336,2021-06-11T01:20:01.434000+00:00,1.0,S
585,3080,2021-06-11T01:19:58.874000+00:00,1.0,P
585,3336,2021-06-11T01:20:01.434000+00:00,1.0,S
586,3080,2021-06-11T01:19:58.874000+00:00,1.0,P
586,3336,2021-06-11T01:20:01.434000+00:00,1.0,S
587,3080,2021-06-11T01:19:58.874000+00:00,1.0,P
587,3336,2021-06-11T01:20:01.434000+00:00,1.0,S
588,3079,2021-06-11T01:19:58.864000+00:00,1.0,P
588,3336,2021-06-11T01:20:01.434000+00:00,1.0,S
589,3079,2021-06-11T01:19:58.864000+00:00,1.0,P
589,3336,2021-06-11T01:20:01.434000+00:00,1.0,S
590,3079,2021-06-11T01:19:58.864000+00:00,1.0,P
590,3336,2021-06-11T01:20:01.434000+00:00,1.0,S
591,3079,2021-06-11T01:19:58.864000+00:00,1.0,P
591,3335,2021-06-11T01:20:01.424000+00:00,1.0,S
592,3079,2021-06-11T01:19:58.864000+00:00,1.0,P
592,3335,2021-06-11T01:20:01.424000+00:00,1.0,S
593,3079,2021-06-11T01:19:58.864000+00:00,1.0,P
593,3335,2021-06-11T01:20:01.424000+00:00,1.0,S
594,3079,2021-06-11T01:19:58.864000+00:00,1.0,P
594,3335,2021-06-11T01:20:01.424000+00:00,1.0,S
595,3079,2021-06-11T01:19:58.864000+00:00,1.0,P
595,3335,2021-06-11T01:20:01.424000+00:00,1.0,S
596,3079,2021-06-11T01:19:58.864000+00:00,1.0,P
596,3335,2021-06-11T01:20:01.424000+00:00,1.0,S
597,3079,2021-06-11T01:19:58.864000+00:00,1.0,P
597,3335,2021-06-11T01:20:01.424000+00:00,1.0,S
598,3078,2021-06-11T01:19:58.854000+00:00,1.0,P
598,3335,2021-06-11T01:20:01.424000+00:00,1.0,S
599,3078,2021-06-11T01:19:58.854000+00:00,1.0,P
599,3334,2021-06-11T01:20:01.414000+00:00,1.0,S
600,3078,2021-06-11T01:19:58.854000+00:00,1.0,P
600,3334,2021-06-11T01:20:01.414000+00:00,1.0,S
601,3078,2021-06-11T01:19:58.854000+00:00,1.0,P
601,3334,2021-06-11T01:20:01.414000+00:00,1.0,S
602,3078,2021-06-11T01:19:58.854000+00:00,1.0,P
602,3334,2021-06-11T01:20:01.414000+00:00,1.0,S
603,3078,2021-06-11T01:19:58.854000+00:00,1.0,P
603,3334,2021-06-11T01:20:01.414000+00:00,1.0,S
604,3078,2021-06-11T01:19:58.854000+00:00,1.0,P
604,3334,2021-06-11T01:20:01.414000+00:00,1.0,S
605,3078,2021-06-11T01:19:58.854000+00:00,1.0,P
605,3334,2021-06-11T01:20:01.414000+00:00,1.0,S
606,3078,2021-06-11T01:19:58.854000+00:00,1.0,P
606,3334,2021-06-11T01:20:01.414000+00:00,1.0,S
607,3078,2021-06-11T01:19:58.854000+00:00,1.0,P
607,3334,2021-06-11T01:20:01.414000+00:00,1.0,S
608,3077,2021-06-11T01:19:58.844000+00:00,1.0,P
608,3334,2021-06-11T01:20:01.414000+00:00,1.0,S
609,3077,2021-06-11T01:19:58.844000+00:00,1.0,P
609,3334,2021-06-11T01:20:01.414000+00:00,1.0,S
610,3077,2021-06-11T01:19:58.844000+00:00,1.0,P
610,3333,2021-06-11T01:20:01.404000+00:00,1.0,S
611,3077,2021-06-11T01:19:58.844000+00:00,1.0,P
611,3333,2021-06-11T01:20:01.404000+00:00,1.0,S
612,3077,2021-06-11T01:19:58.844000+00:00,1.0,P
612,3333,2021-06-11T01:20:01.404000+00:00,1.0,S
613,3077,2021-06-11T01:19:58.844000+00:00,1.0,P
613,3333,2021-06-11T01:20:01.404000+00:00,1.0,S
614,3077,2021-06-11T01:19:58.844000+00:00,1.0,P
614,3333,2021-06-11T01:20:01.404000+00:00,1.0,S
615,3077,2021-06-11T01:19:58.844000+00:00,1.0,P
615,3333,2021-06-11T01:20:01.404000+00:00,1.0,S
616,3077,2021-06-11T01:19:58.844000+00:00,1.0,P
616,3333,2021-06-11T01:20:01.404000+00:00,1.0,S
617,3077,2021-06-11T01:19:58.844000+00:00,1.0,P
617,3332,2021-06-11T01:20:01.394000+00:00,1.0,S
618,3077,2021-06-11T01:19:58.844000+00:00,1.0,P
618,3332,2021-06-11T01:20:01.394000+00:00,1.0,S
619,3076,2021-06-11T01:19:58.834000+00:00,1.0,P
619,3332,2021-06-11T01:20:01.394000+00:00,1.0,S
620,3076,2021-06-11T01:19:58.834000+00:00,1.0,P
620,3332,2021-06-11T01:20:01.394000+00:00,1.0,S
621,3076,2021-06-11T01:19:58.834000+00:00,1.0,P
621,3332,2021-06-11T01:20:01.394000+00:00,1.0,S
622,3076,2021-06-11T01:19:58.834000+00:00,1.0,P
622,3332,2021-06-11T01:20:01.394000+00:00,1.0,S
623,3076,2021-06-11T01:19:58.834000+00:00,1.0,P
623,3332,2021-06-11T01:20:01.394000+00:00,1.0,S
624,3076,2021-06-11T01:19:58.834000+00:00,1.0,P
624,3332,2021-06-11T01:20:01.394000+00:00,1.0,S
625,3076,2021-06-11T01:19:58.834000+00:00,1.0,P
625,3332,2021-06-11T01:20:01.394000+00:00,1.0,S
626,3076,2021-06-11T01:19:58.834000+00:00,1.0,P
626,3331,2021-06-11T01:20:01.384000+00:00,1.0,S
627,3076,2021-06-11T01:19:58.834000+00:00,1.0,P
627,3331,2021-06-11T01:20:01.384000+00:00,1.0,S
628,3076,2021-06-11T01:19:58.834000+00:00,1.0,P
628,3331,2021-06-11T01:20:01.384000+00:00,1.0,S
629,3075,2021-06-11T01:19:58.824000+00:00,1.0,P
629,3331,2021-06-11T01:20:01.384000+00:00,1.0,S
630,3075,2021-06-11T01:19:58.824000+00:00,1.0,P
630,3331,2021-06-11T01:20:01.384000+00:00,1.0,S
631,3075,2021-06-11T01:19:58.824000+00:00,1.0,P
631,3331,2021-06-11T01:20:01.384000+00:00,1.0,S
632,3075,2021-06-11T01:19:58.824000+00:00,1.0,P
632,3330,2021-06-11T01:20:01.373999+00:00,1.0,S
633,3075,2021-06-11T01:19:58.824000+00:00,1.0,P
633,3330,2021-06-11T01:20:01.373999+00:00,1.0,S
634,3075,2021-06-11T01:19:58.824000+00:00,1.0,P
634,3330,2021-06-11T01:20:01.373999+00:00,1.0,S
635,3075,2021-06-11T01:19:58.824000+00:00,1.0,P
635,3330,2021-06-11T01:20:01.373999+00:00,1.0,S
636,3075,2021-06-11T01:19:58.824000+00:00,1.0,P
636,3330,2021-06-11T01:20:01.373999+00:00,1.0,S
637,3075,2021-06-11T01:19:58.824000+00:00,1.0,P
637,3330,2021-06-11T01:20:01.373999+00:00,1.0,S
638,3075,2021-06-11T01:19:58.824000+00:00,1.0,P
638,3330,2021-06-11T01:20:01.373999+00:00,1.0,S
639,3075,2021-06-11T01:19:58.824000+00:00,1.0,P
639,3330,2021-06-11T01:20:01.373999+00:00,1.0,S
640,3074,2021-06-11T01:19:58.814000+00:00,1.0,P
640,3330,2021-06-11T01:20:01.373999+00:00,1.0,S
641,3074,2021-06-11T01:19:58.814000+00:00,1.0,P
641,3329,2021-06-11T01:20:01.364000+00:00,1.0,S
642,3074,2021-06-11T01:19:58.814000+00:00,1.0,P
642,3329,2021-06-11T01:20:01.364000+00:00,1.0,S
643,3074,2021-06-11T01:19:58.814000+00:00,1.0,P
643,3329,2021-06-11T01:20:01.364000+00:00,1.0,S
644,3074,2021-06-11T01:19:58.814000+00:00,1.0,P
644,3329,2021-06-11T01:20:01.364000+00:00,1.0,S
645,3074,2021-06-11T01:19:58.814000+00:00,1.0,P
645,3329,2021-06-11T01:20:01.364000+00:00,1.0,S
646,3074,2021-06-11T01:19:58.814000+00:00,1.0,P
646,3329,2021-06-11T01:20:01.364000+00:00,1.0,S
647,3074,2021-06-11T01:19:58.814000+00:00,1.0,P
647,3329,2021-06-11T01:20:01.364000+00:00,1.0,S
648,3074,2021-06-11T01:19:58.814000+00:00,1.0,P
648,3329,2021-06-11T01:20:01.364000+00:00,1.0,S
649,3074,2021-06-11T01:19:58.814000+00:00,1.0,P
649,3328,2021-06-11T01:20:01.354000+00:00,1.0,S
650,3073,2021-06-11T01:19:58.804000+00:00,1.0,P
650,3328,2021-06-11T01:20:01.354000+00:00,1.0,S
651,3073,2021-06-11T01:19:58.804000+00:00,1.0,P
651,3328,2021-06-11T01:20:01.354000+00:00,1.0,S
652,3073,2021-06-11T01:19:58.804000+00:00,1.0,P
652,3328,2021-06-11T01:20:01.354000+00:00,1.0,S
653,3073,2021-06-11T01:19:58.804000+00:00,1.0,P
653,3328,2021-06-11T01:20:01.354000+00:00,1.0,S
654,3073,2021-06-11T01:19:58.804000+00:00,1.0,P
654,3328,2021-06-11T01:20:01.354000+00:00,1.0,S
655,3073,2021-06-11T01:19:58.804000+00:00,1.0,P
655,3328,2021-06-11T01:20:01.354000+00:00,1.0,S
656,3073,2021-06-11T01:19:58.804000+00:00,1.0,P
656,3328,2021-06-11T01:20:01.354000+00:00,1.0,S
657,3073,2021-06-11T01:19:58.804000+00:00,1.0,P
657,3327,2021-06-11T01:20:01.344000+00:00,1.0,S
658,3073,2021-06-11T01:19:58.804000+00:00,1.0,P
658,3327,2021-06-11T01:20:01.344000+00:00,1.0,S
659,3073,2021-06-11T01:19:58.804000+00:00,1.0,P
659,3327,2021-06-11T01:20:01.344000+00:00,1.0,S
660,3072,2021-06-11T01:19:58.794000+00:00,1.0,P
660,3327,2021-06-11T01:20:01.344000+00:00,1.0,S
661,3072,2021-06-11T01:19:58.794000+00:00,1.0,P
661,3327,2021-06-11T01:20:01.344000+00:00,1.0,S
662,3072,2021-06-11T01:19:58.794000+00:00,1.0,P
662,3327,2021-06-11T01:20:01.344000+00:00,1.0,S
663,3072,2021-06-11T01:19:58.794000+00:00,1.0,P
663,3327,2021-06-11T01:20:01.344000+00:00,1.0,S
664,3072,2021-06-11T01:19:58.794000+00:00,1.0,P
664,3327,2021-06-11T01:20:01.344000+00:00,1.0,S
665,3072,2021-06-11T01:19:58.794000+00:00,1.0,P
665,3327,2021-06-11T01:20:01.344000+00:00,1.0,S
666,3072,2021-06-11T01:19:58.794000+00:00,1.0,P
666,3327,2021-06-11T01:20:01.344000+00:00,1.0,S
667,3072,2021-06-11T01:19:58.794000+00:00,1.0,P
667,3327,2021-06-11T01:20:01.344000+00:00,1.0,S
668,3072,2021-06-11T01:19:58.794000+00:00,1.0,P
668,3327,2021-06-11T01:20:01.344000+00:00,1.0,S
669,3072,2021-06-11T01:19:58.794000+00:00,1.0,P
669,3327,2021-06-11T01:20:01.344000+00:00,1.0,S
670,3072,2021-06-11T01:19:58.794000+00:00,1.0,P
670,3326,2021-06-11T01:20:01.333999+00:00,1.0,S
671,3071,2021-06-11T01:19:58.784000+00:00,1.0,P
671,3326,2021-06-11T01:20:01.333999+00:00,1.0,S
672,3071,2021-06-11T01:19:58.784000+00:00,1.0,P
672,3326,2021-06-11T01:20:01.333999+00:00,1.0,S
673,3071,2021-06-11T01:19:58.784000+00:00,1.0,P
673,3326,2021-06-11T01:20:01.333999+00:00,1.0,S
674,3071,2021-06-11T01:19:58.784000+00:00,1.0,P
674,3326,2021-06-11T01:20:01.333999+00:00,1.0,S
675,3071,2021-06-11T01:19:58.784000+00:00,1.0,P
675,3326,2021-06-11T01:20:01.333999+00:00,1.0,S
676,3071,2021-06-11T01:19:58.784000+00:00,1.0,P
676,3326,2021-06-11T01:20:01.333999+00:00,1.0,S
677,3071,2021-06-11T01:19:58.784000+00:00,1.0,P
677,3326,2021-06-11T01:20:01.333999+00:00,1.0,S
678,3071,2021-06-11T01:19:58.784000+00:00,1.0,P
678,3325,2021-06-11T01:20:01.324000+00:00,1.0,S
679,3071,2021-06-11T01:19:58.784000+00:00,1.0,P
679,3325,2021-06-11T01:20:01.324000+00:00,1.0,S
680,3071,2021-06-11T01:19:58.784000+00:00,1.0,P
680,3325,2021-06-11T01:20:01.324000+00:00,1.0,S
681,3071,2021-06-11T01:19:58.784000+00:00,1.0,P
681,3325,2021-06-11T01:20:01.324000+00:00,1.0,S
682,3070,2021-06-11T01:19:58.774000+00:00,1.0,P
682,3325,2021-06-11T01:20:01.324000+00:00,1.0,S
683,3070,2021-06-11T01:19:58.774000+00:00,1.0,P
683,3325,2021-06-11T01:20:01.324000+00:00,1.0,S
684,3070,2021-06-11T01:19:58.774000+00:00,1.0,P
684,3325,2021-06-11T01:20:01.324000+00:00,1.0,S
685,3070,2021-06-11T01:19:58.774000+00:00,1.0,P
685,3325,2021-06-11T01:20:01.324000+00:00,1.0,S
686,3070,2021-06-11T01:19:58.774000+00:00,1.0,P
686,3325,2021-06-11T01:20:01.324000+00:00,1.0,S
687,3070,2021-06-11T01:19:58.774000+00:00,1.0,P
687,3324,2021-06-11T01:20:01.314000+00:00,1.0,S
688,3070,2021-06-11T01:19:58.774000+00:00,1.0,P
688,3324,2021-06-11T01:20:01.314000+00:00,1.0,S
689,3070,2021-06-11T01:19:58.774000+00:00,1.0,P
689,3324,2021-06-11T01:20:01.314000+00:00,1.0,S
690,3070,2021-06-11T01:19:58.774000+00:00,1.0,P
690,3324,2021-06-11T01:20:01.314000+00:00,1.0,S
691,3070,2021-06-11T01:19:58.774000+00:00,1.0,P
691,3324,2021-06-11T01:20:01.314000+00:00,1.0,S
692,3070,2021-06-11T01:19:58.774000+00:00,1.0,P
692,3324,2021-06-11T01:20:01.314000+00:00,1.0,S
693,3070,2021-06-11T01:19:58.774000+00:00,1.0,P
693,3324,2021-06-11T01:20:01.314000+00:00,1.0,S
694,3070,2021-06-11T01:19:58.774000+00:00,1.0,P
694,3324,2021-06-11T01:20:01.314000+00:00,1.0,S
695,3069,2021-06-11T01:19:58.764000+00:00,1.0,P
695,3323,2021-06-11T01:20:01.304000+00:00,1.0,S
696,3069,2021-06-11T01:19:58.764000+00:00,1.0,P
696,3323,2021-06-11T01:20:01.304000+00:00,1.0,S
697,3069,2021-06-11T01:19:58.764000+00:00,1.0,P
697,3323,2021-06-11T01:20:01.304000+00:00,1.0,S
698,3069,2021-06-11T01:19:58.764000+00:00,1.0,P
698,3323,2021-06-11T01:20:01.304000+00:00,1.0,S
699,3069,2021-06-11T01:19:58.764000+00:00,1.0,P
699,3323,2021-06-11T01:20:01.304000+00:00,1.0,S
700,3069,2021-06-11T01:19:58.764000+00:00,1.0,P
700,3323,2021-06-11T01:20:01.304000+00:00,1.0,S
701,3069,2021-06-11T01:19:58.764000+00:00,1.0,P
701,3323,2021-06-11T01:20:01.304000+00:00,1.0,S
702,3069,2021-06-11T01:19:58.764000+00:00,1.0,P
702,3322,2021-06-11T01:20:01.294000+00:00,1.0,S
703,3069,2021-06-11T01:19:58.764000+00:00,1.0,P
703,3322,2021-06-11T01:20:01.294000+00:00,1.0,S
704,3069,2021-06-11T01:19:58.764000+00:00,1.0,P
704,3322,2021-06-11T01:20:01.294000+00:00,1.0,S
705,3069,2021-06-11T01:19:58.764000+00:00,1.0,P
705,3322,2021-06-11T01:20:01.294000+00:00,1.0,S
706,3069,2021-06-11T01:19:58.764000+00:00,1.0,P
706,3322,2021-06-11T01:20:01.294000+00:00,1.0,S
707,3069,2021-06-11T01:19:58.764000+00:00,1.0,P
707,3322,2021-06-11T01:20:01.294000+00:00,1.0,S
708,3069,2021-06-11T01:19:58.764000+00:00,1.0,P
708,3322,2021-06-11T01:20:01.294000+00:00,1.0,S
709,3069,2021-06-11T01:19:58.764000+00:00,1.0,P
709,3322,2021-06-11T01:20:01.294000+00:00,1.0,S
710,3069,2021-06-11T01:19:58.764000+00:00,1.0,P
710,3321,2021-06-11T01:20:01.284000+00:00,1.0,S
711,3069,2021-06-11T01:19:58.764000+00:00,1.0,P
711,3321,2021-06-11T01:20:01.284000+00:00,1.0,S
712,3068,2021-06-11T01:19:58.754000+00:00,1.0,P
712,3321,2021-06-11T01:20:01.284000+00:00,1.0,S
713,3068,2021-06-11T01:19:58.754000+00:00,1.0,P
713,3321,2021-06-11T01:20:01.284000+00:00,1.0,S
714,3068,2021-06-11T01:19:58.754000+00:00,1.0,P
714,3321,2021-06-11T01:20:01.284000+00:00,1.0,S
715,3068,2021-06-11T01:19:58.754000+00:00,1.0,P
715,3321,2021-06-11T01:20:01.284000+00:00,1.0,S
716,3068,2021-06-11T01:19:58.754000+00:00,1.0,P
716,3320,2021-06-11T01:20:01.274000+00:00,1.0,S
717,3068,2021-06-11T01:19:58.754000+00:00,1.0,P
717,3320,2021-06-11T01:20:01.274000+00:00,1.0,S
718,3068,2021-06-11T01:19:58.754000+00:00,1.0,P
718,3320,2021-06-11T01:20:01.274000+00:00,1.0,S
719,3068,2021-06-11T01:19:58.754000+00:00,1.0,P
719,3320,2021-06-11T01:20:01.274000+00:00,1.0,S
720,3068,2021-06-11T01:19:58.754000+00:00,1.0,P
720,3320,2021-06-11T01:20:01.274000+00:00,1.0,S
721,3068,2021-06-11T01:19:58.754000+00:00,1.0,P
721,3320,2021-06-11T01:20:01.274000+00:00,1.0,S
722,3068,2021-06-11T01:19:58.754000+00:00,1.0,P
722,3320,2021-06-11T01:20:01.274000+00:00,1.0,S
723,3068,2021-06-11T01:19:58.754000+00:00,1.0,P
723,3319,2021-06-11T01:20:01.263999+00:00,1.0,S
724,3068,2021-06-11T01:19:58.754000+00:00,1.0,P
724,3319,2021-06-11T01:20:01.263999+00:00,1.0,S
725,3068,2021-06-11T01:19:58.754000+00:00,1.0,P
725,3319,2021-06-11T01:20:01.263999+00:00,1.0,S
726,3068,2021-06-11T01:19:58.754000+00:00,1.0,P
726,3319,2021-06-11T01:20:01.263999+00:00,1.0,S
727,3068,2021-06-11T01:19:58.754000+00:00,1.0,P
727,3319,2021-06-11T01:20:01.263999+00:00,1.0,S
728,3068,2021-06-11T01:19:58.754000+00:00,1.0,P
728,3319,2021-06-11T01:20:01.263999+00:00,1.0,S
729,3068,2021-06-11T01:19:58.754000+00:00,1.0,P
729,3319,2021-06-11T01:20:01.263999+00:00,1.0,S
730,3068,2021-06-11T01:19:58.754000+00:00,1.0,P
730,3319,2021-06-11T01:20:01.263999+00:00,1.0,S
731,3068,2021-06-11T01:19:58.754000+00:00,1.0,P
731,3319,2021-06-11T01:20:01.263999+00:00,1.0,S
732,3068,2021-06-11T01:19:58.754000+00:00,1.0,P
732,3319,2021-06-11T01:20:01.263999+00:00,1.0,S
733,3068,2021-06-11T01:19:58.754000+00:00,1.0,P
733,3318,2021-06-11T01:20:01.254000+00:00,1.0,S
734,3068,2021-06-11T01:19:58.754000+00:00,1.0,P
734,3318,2021-06-11T01:20:01.254000+00:00,1.0,S
735,3068,2021-06-11T01:19:58.754000+00:00,1.0,P
735,3318,2021-06-11T01:20:01.254000+00:00,1.0,S
736,3068,2021-06-11T01:19:58.754000+00:00,1.0,P
736,3318,2021-06-11T01:20:01.254000+00:00,1.0,S
737,3067,2021-06-11T01:19:58.744000+00:00,1.0,P
737,3318,2021-06-11T01:20:01.254000+00:00,1.0,S
738,3067,2021-06-11T01:19:58.744000+00:00,1.0,P
738,3318,2021-06-11T01:20:01.254000+00:00,1.0,S
739,3067,2021-06-11T01:19:58.744000+00:00,1.0,P
739,3318,2021-06-11T01:20:01.254000+00:00,1.0,S
740,3067,2021-06-11T01:19:58.744000+00:00,1.0,P
740,3318,2021-06-11T01:20:01.254000+00:00,1.0,S
741,3067,2021-06-11T01:19:58.744000+00:00,1.0,P
741,3318,2021-06-11T01:20:01.254000+00:00,1.0,S
742,3067,2021-06-11T01:19:58.744000+00:00,1.0,P
742,3318,2021-06-11T01:20:01.254000+00:00,1.0,S
743,3067,2021-06-11T01:19:58.744000+00:00,1.0,P
743,3318,2021-06-11T01:20:01.254000+00:00,1.0,S
744,3067,2021-06-11T01:19:58.744000+00:00,1.0,P
744,3317,2021-06-11T01:20:01.244000+00:00,1.0,S
745,3067,2021-06-11T01:19:58.744000+00:00,1.0,P
745,3317,2021-06-11T01:20:01.244000+00:00,1.0,S
746,3067,2021-06-11T01:19:58.744000+00:00,1.0,P
746,3317,2021-06-11T01:20:01.244000+00:00,1.0,S
747,3067,2021-06-11T01:19:58.744000+00:00,1.0,P
747,3317,2021-06-11T01:20:01.244000+00:00,1.0,S
748,3067,2021-06-11T01:19:58.744000+00:00,1.0,P
748,3317,2021-06-11T01:20:01.244000+00:00,1.0,S
749,3067,2021-06-11T01:19:58.744000+00:00,1.0,P
749,3317,2021-06-11T01:20:01.244000+00:00,1.0,S
750,3067,2021-06-11T01:19:58.744000+00:00,1.0,P
750,3317,2021-06-11T01:20:01.244000+00:00,1.0,S
751,3067,2021-06-11T01:19:58.744000+00:00,1.0,P
751,3317,2021-06-11T01:20:01.244000+00:00,1.0,S
752,3067,2021-06-11T01:19:58.744000+00:00,1.0,P
752,3317,2021-06-11T01:20:01.244000+00:00,1.0,S
753,3067,2021-06-11T01:19:58.744000+00:00,1.0,P
753,3317,2021-06-11T01:20:01.244000+00:00,1.0,S
754,3067,2021-06-11T01:19:58.744000+00:00,1.0,P
754,3317,2021-06-11T01:20:01.244000+00:00,1.0,S
755,3067,2021-06-11T01:19:58.744000+00:00,1.0,P
755,3317,2021-06-11T01:20:01.244000+00:00,1.0,S
756,3067,2021-06-11T01:19:58.744000+00:00,1.0,P
756,3317,2021-06-11T01:20:01.244000+00:00,1.0,S
757,3067,2021-06-11T01:19:58.744000+00:00,1.0,P
757,3317,2021-06-11T01:20:01.244000+00:00,1.0,S
758,3067,2021-06-11T01:19:58.744000+00:00,1.0,P
758,3317,2021-06-11T01:20:01.244000+00:00,1.0,S
759,3067,2021-06-11T01:19:58.744000+00:00,1.0,P
759,3317,2021-06-11T01:20:01.244000+00:00,1.0,S
760,3067,2021-06-11T01:19:58.744000+00:00,1.0,P
760,3317,2021-06-11T01:20:01.244000+00:00,1.0,S
761,3067,2021-06-11T01:19:58.744000+00:00,1.0,P
761,3317,2021-06-11T01:20:01.244000+00:00,1.0,S
762,3067,2021-06-11T01:19:58.744000+00:00,1.0,P
762,3317,2021-06-11T01:20:01.244000+00:00,1.0,S
763,3067,2021-06-11T01:19:58.744000+00:00,1.0,P
763,3317,2021-06-11T01:20:01.244000+00:00,1.0,S
764,3066,2021-06-11T01:19:58.734000+00:00,1.0,P
764,3317,2021-06-11T01:20:01.244000+00:00,1.0,S
765,3066,2021-06-11T01:19:58.734000+00:00,1.0,P
765,3317,2021-06-11T01:20:01.244000+00:00,1.0,S
766,3066,2021-06-11T01:19:58.734000+00:00,1.0,P
766,3317,2021-06-11T01:20:01.244000+00:00,1.0,S
767,3066,2021-06-11T01:19:58.734000+00:00,1.0,P
767,3317,2021-06-11T01:20:01.244000+00:00,1.0,S
768,3066,2021-06-11T01:19:58.734000+00:00,1.0,P
768,3317,2021-06-11T01:20:01.244000+00:00,1.0,S
769,3066,2021-06-11T01:19:58.734000+00:00,1.0,P
769,3317,2021-06-11T01:20:01.244000+00:00,1.0,S
770,3066,2021-06-11T01:19:58.734000+00:00,1.0,P
770,3317,2021-06-11T01:20:01.244000+00:00,1.0,S
771,3066,2021-06-11T01:19:58.734000+00:00,1.0,P
771,3317,2021-06-11T01:20:01.244000+00:00,1.0,S
772,3066,2021-06-11T01:19:58.734000+00:00,1.0,P
772,3317,2021-06-11T01:20:01.244000+00:00,1.0,S
773,3066,2021-06-11T01:19:58.734000+00:00,1.0,P
773,3317,2021-06-11T01:20:01.244000+00:00,1.0,S
774,3066,2021-06-11T01:19:58.734000+00:00,1.0,P
774,3317,2021-06-11T01:20:01.244000+00:00,1.0,S
775,3066,2021-06-11T01:19:58.734000+00:00,1.0,P
775,3317,2021-06-11T01:20:01.244000+00:00,1.0,S
776,3066,2021-06-11T01:19:58.734000+00:00,1.0,P
776,3317,2021-06-11T01:20:01.244000+00:00,1.0,S
777,3066,2021-06-11T01:19:58.734000+00:00,1.0,P
777,3317,2021-06-11T01:20:01.244000+00:00,1.0,S
778,3066,2021-06-11T01:19:58.734000+00:00,1.0,P
778,3317,2021-06-11T01:20:01.244000+00:00,1.0,S
779,3066,2021-06-11T01:19:58.734000+00:00,1.0,P
779,3317,2021-06-11T01:20:01.244000+00:00,1.0,S
780,3066,2021-06-11T01:19:58.734000+00:00,1.0,P
780,3317,2021-06-11T01:20:01.244000+00:00,1.0,S
781,3066,2021-06-11T01:19:58.734000+00:00,1.0,P
781,3317,2021-06-11T01:20:01.244000+00:00,1.0,S
782,3066,2021-06-11T01:19:58.734000+00:00,1.0,P
782,3317,2021-06-11T01:20:01.244000+00:00,1.0,S
783,3066,2021-06-11T01:19:58.734000+00:00,1.0,P
783,3317,2021-06-11T01:20:01.244000+00:00,1.0,S
784,3066,2021-06-11T01:19:58.734000+00:00,1.0,P
784,3317,2021-06-11T01:20:01.244000+00:00,1.0,S
785,3066,2021-06-11T01:19:58.734000+00:00,1.0,P
785,3317,2021-06-11T01:20:01.244000+00:00,1.0,S
786,3066,2021-06-11T01:19:58.734000+00:00,1.0,P
786,3317,2021-06-11T01:20:01.244000+00:00,1.0,S
787,3066,2021-06-11T01:19:58.734000+00:00,1.0,P
787,3317,2021-06-11T01:20:01.244000+00:00,1.0,S
788,3066,2021-06-11T01:19:58.734000+00:00,1.0,P
788,3317,2021-06-11T01:20:01.244000+00:00,1.0,S
789,3066,2021-06-11T01:19:58.734000+00:00,1.0,P
789,3317,2021-06-11T01:20:01.244000+00:00,1.0,S
790,3066,2021-06-11T01:19:58.734000+00:00,1.0,P
790,3317,2021-06-11T01:20:01.244000+00:00,1.0,S
791,3066,2021-06-11T01:19:58.734000+00:00,1.0,P
791,3317,2021-06-11T01:20:01.244000+00:00,1.0,S
792,3066,2021-06-11T01:19:58.734000+00:00,1.0,P
792,3317,2021-06-11T01:20:01.244000+00:00,1.0,S
793,3065,2021-06-11T01:19:58.724000+00:00,1.0,P
793,3317,2021-06-11T01:20:01.244000+00:00,1.0,S
794,3065,2021-06-11T01:19:58.724000+00:00,1.0,P
794,3317,2021-06-11T01:20:01.244000+00:00,1.0,S
795,3065,2021-06-11T01:19:58.724000+00:00,1.0,P
795,3317,2021-06-11T01:20:01.244000+00:00,1.0,S
796,3065,2021-06-11T01:19:58.724000+00:00,1.0,P
796,3317,2021-06-11T01:20:01.244000+00:00,1.0,S
797,3065,2021-06-11T01:19:58.724000+00:00,1.0,P
797,3317,2021-06-11T01:20:01.244000+00:00,1.0,S
798,3065,2021-06-11T01:19:58.724000+00:00,1.0,P
798,3317,2021-06-11T01:20:01.244000+00:00,1.0,S
799,3065,2021-06-11T01:19:58.724000+00:00,1.0,P
799,3317,2021-06-11T01:20:01.244000+00:00,1.0,S
800,3065,2021-06-11T01:19:58.724000+00:00,1.0,P
800,3317,2021-06-11T01:20:01.244000+00:00,1.0,S
801,3065,2021-06-11T01:19:58.724000+00:00,1.0,P
801,3317,2021-06-11T01:20:01.244000+00:00,1.0,S
802,3065,2021-06-11T01:19:58.724000+00:00,1.0,P
802,3317,2021-06-11T01:20:01.244000+00:00,1.0,S
803,3065,2021-06-11T01:19:58.724000+00:00,1.0,P
803,3317,2021-06-11T01:20:01.244000+00:00,1.0,S
804,3065,2021-06-11T01:19:58.724000+00:00,1.0,P
804,3317,2021-06-11T01:20:01.244000+00:00,1.0,S
805,3065,2021-06-11T01:19:58.724000+00:00,1.0,P
805,3317,2021-06-11T01:20:01.244000+00:00,1.0,S
806,3065,2021-06-11T01:19:58.724000+00:00,1.0,P
806,3317,2021-06-11T01:20:01.244000+00:00,1.0,S
807,3065,2021-06-11T01:19:58.724000+00:00,1.0,P
807,3317,2021-06-11T01:20:01.244000+00:00,1.0,S
808,3065,2021-06-11T01:19:58.724000+00:00,1.0,P
808,3317,2021-06-11T01:20:01.244000+00:00,1.0,S
809,3065,2021-06-11T01:19:58.724000+00:00,1.0,P
809,3317,2021-06-11T01:20:01.244000+00:00,1.0,S
810,3065,2021-06-11T01:19:58.724000+00:00,1.0,P
810,3317,2021-06-11T01:20:01.244000+00:00,1.0,S
811,3065,2021-06-11T01:19:58.724000+00:00,1.0,P
811,3317,2021-06-11T01:20:01.244000+00:00,1.0,S
812,3065,2021-06-11T01:19:58.724000+00:00,1.0,P
812,3317,2021-06-11T01:20:01.244000+00:00,1.0,S
813,3065,2021-06-11T01:19:58.724000+00:00,1.0,P
813,3317,2021-06-11T01:20:01.244000+00:00,1.0,S
814,3065,2021-06-11T01:19:58.724000+00:00,1.0,P
814,3317,2021-06-11T01:20:01.244000+00:00,1.0,S
815,3065,2021-06-11T01:19:58.724000+00:00,1.0,P
815,3317,2021-06-11T01:20:01.244000+00:00,1.0,S
816,3065,2021-06-11T01:19:58.724000+00:00,1.0,P
816,3317,2021-06-11T01:20:01.244000+00:00,1.0,S
817,3065,2021-06-11T01:19:58.724000+00:00,1.0,P
817,3317,2021-06-11T01:20:01.244000+00:00,1.0,S
818,3065,2021-06-11T01:19:58.724000+00:00,1.0,P
818,3317,2021-06-11T01:20:01.244000+00:00,1.0,S
819,3065,2021-06-11T01:19:58.724000+00:00,1.0,P
819,3317,2021-06-11T01:20:01.244000+00:00,1.0,S
820,3065,2021-06-11T01:19:58.724000+00:00,1.0,P
820,3317,2021-06-11T01:20:01.244000+00:00,1.0,S
821,3065,2021-06-11T01:19:58.724000+00:00,1.0,P
821,3317,2021-06-11T01:20:01.244000+00:00,1.0,S
822,3065,2021-06-11T01:19:58.724000+00:00,1.0,P
822,3317,2021-06-11T01:20:01.244000+00:00,1.0,S
823,3065,2021-06-11T01:19:58.724000+00:00,1.0,P
823,3317,2021-06-11T01:20:01.244000+00:00,1.0,S
824,3065,2021-06-11T01:19:58.724000+00:00,1.0,P
824,3317,2021-06-11T01:20:01.244000+00:00,1.0,S
825,3065,2021-06-11T01:19:58.724000+00:00,1.0,P
825,3317,2021-06-11T01:20:01.244000+00:00,1.0,S
826,3065,2021-06-11T01:19:58.724000+00:00,1.0,P
826,3317,2021-06-11T01:20:01.244000+00:00,1.0,S
827,3065,2021-06-11T01:19:58.724000+00:00,1.0,P
827,3317,2021-06-11T01:20:01.244000+00:00,1.0,S
828,3065,2021-06-11T01:19:58.724000+00:00,1.0,P
828,3317,2021-06-11T01:20:01.244000+00:00,1.0,S
829,3065,2021-06-11T01:19:58.724000+00:00,1.0,P
829,3317,2021-06-11T01:20:01.244000+00:00,1.0,S
830,3065,2021-06-11T01:19:58.724000+00:00,1.0,P
830,3317,2021-06-11T01:20:01.244000+00:00,1.0,S
831,3065,2021-06-11T01:19:58.724000+00:00,1.0,P
831,3317,2021-06-11T01:20:01.244000+00:00,1.0,S
832,3065,2021-06-11T01:19:58.724000+00:00,1.0,P
832,3317,2021-06-11T01:20:01.244000+00:00,1.0,S
833,3065,2021-06-11T01:19:58.724000+00:00,1.0,P
833,3317,2021-06-11T01:20:01.244000+00:00,1.0,S
834,3065,2021-06-11T01:19:58.724000+00:00,1.0,P
834,3317,2021-06-11T01:20:01.244000+00:00,1.0,S
835,3065,2021-06-11T01:19:58.724000+00:00,1.0,P
835,3317,2021-06-11T01:20:01.244000+00:00,1.0,S
836,3065,2021-06-11T01:19:58.724000+00:00,1.0,P
836,3317,2021-06-11T01:20:01.244000+00:00,1.0,S
837,3065,2021-06-11T01:19:58.724000+00:00,1.0,P
837,3317,2021-06-11T01:20:01.244000+00:00,1.0,S
838,3065,2021-06-11T01:19:58.724000+00:00,1.0,P
838,3317,2021-06-11T01:20:01.244000+00:00,1.0,S
839,3065,2021-06-11T01:19:58.724000+00:00,1.0,P
839,3317,2021-06-11T01:20:01.244000+00:00,1.0,S
840,3065,2021-06-11T01:19:58.724000+00:00,1.0,P
840,3317,2021-06-11T01:20:01.244000+00:00,1.0,S
841,3065,2021-06-11T01:19:58.724000+00:00,1.0,P
841,3317,2021-06-11T01:20:01.244000+00:00,1.0,S
842,3065,2021-06-11T01:19:58.724000+00:00,1.0,P
842,3318,2021-06-11T01:20:01.254000+00:00,1.0,S
843,3065,2021-06-11T01:19:58.724000+00:00,1.0,P
843,3318,2021-06-11T01:20:01.254000+00:00,1.0,S
844,3065,2021-06-11T01:19:58.724000+00:00,1.0,P
844,3318,2021-06-11T01:20:01.254000+00:00,1.0,S
845,3065,2021-06-11T01:19:58.724000+00:00,1.0,P
845,3318,2021-06-11T01:20:01.254000+00:00,1.0,S
846,3065,2021-06-11T01:19:58.724000+00:00,1.0,P
846,3318,2021-06-11T01:20:01.254000+00:00,1.0,S
847,3065,2021-06-11T01:19:58.724000+00:00,1.0,P
847,3318,2021-06-11T01:20:01.254000+00:00,1.0,S
848,3065,2021-06-11T01:19:58.724000+00:00,1.0,P
848,3318,2021-06-11T01:20:01.254000+00:00,1.0,S
849,3065,2021-06-11T01:19:58.724000+00:00,1.0,P
849,3318,2021-06-11T01:20:01.254000+00:00,1.0,S
850,3065,2021-06-11T01:19:58.724000+00:00,1.0,P
850,3318,2021-06-11T01:20:01.254000+00:00,1.0,S
851,3065,2021-06-11T01:19:58.724000+00:00,1.0,P
851,3318,2021-06-11T01:20:01.254000+00:00,1.0,S
852,3065,2021-06-11T01:19:58.724000+00:00,1.0,P
852,3318,2021-06-11T01:20:01.254000+00:00,1.0,S
853,3065,2021-06-11T01:19:58.724000+00:00,1.0,P
853,3318,2021-06-11T01:20:01.254000+00:00,1.0,S
854,3065,2021-06-11T01:19:58.724000+00:00,1.0,P
854,3318,2021-06-11T01:20:01.254000+00:00,1.0,S
855,3065,2021-06-11T01:19:58.724000+00:00,1.0,P
855,3318,2021-06-11T01:20:01.254000+00:00,1.0,S
856,3065,2021-06-11T01:19:58.724000+00:00,1.0,P
856,3318,2021-06-11T01:20:01.254000+00:00,1.0,S
857,3065,2021-06-11T01:19:58.724000+00:00,1.0,P
857,3318,2021-06-11T01:20:01.254000+00:00,1.0,S
858,3065,2021-06-11T01:19:58.724000+00:00,1.0,P
858,3318,2021-06-11T01:20:01.254000+00:00,1.0,S
859,3065,2021-06-11T01:19:58.724000+00:00,1.0,P
859,3318,2021-06-11T01:20:01.254000+00:00,1.0,S
860,3065,2021-06-11T01:19:58.724000+00:00,1.0,P
860,3318,2021-06-11T01:20:01.254000+00:00,1.0,S
861,3065,2021-06-11T01:19:58.724000+00:00,1.0,P
861,3318,2021-06-11T01:20:01.254000+00:00,1.0,S
862,3066,2021-06-11T01:19:58.734000+00:00,1.0,P
862,3319,2021-06-11T01:20:01.263999+00:00,1.0,S
863,3066,2021-06-11T01:19:58.734000+00:00,1.0,P
863,3319,2021-06-11T01:20:01.263999+00:00,1.0,S
864,3066,2021-06-11T01:19:58.734000+00:00,1.0,P
864,3319,2021-06-11T01:20:01.263999+00:00,1.0,S
865,3066,2021-06-11T01:19:58.734000+00:00,1.0,P
865,3319,2021-06-11T01:20:01.263999+00:00,1.0,S
866,3066,2021-06-11T01:19:58.734000+00:00,1.0,P
866,3319,2021-06-11T01:20:01.263999+00:00,1.0,S
867,3066,2021-06-11T01:19:58.734000+00:00,1.0,P
867,3319,2021-06-11T01:20:01.263999+00:00,1.0,S
868,3066,2021-06-11T01:19:58.734000+00:00,1.0,P
868,3320,2021-06-11T01:20:01.274000+00:00,1.0,S
869,3066,2021-06-11T01:19:58.734000+00:00,1.0,P
869,3320,2021-06-11T01:20:01.274000+00:00,1.0,S
870,3066,2021-06-11T01:19:58.734000+00:00,1.0,P
870,3320,2021-06-11T01:20:01.274000+00:00,1.0,S
871,3066,2021-06-11T01:19:58.734000+00:00,1.0,P
871,3320,2021-06-11T01:20:01.274000+00:00,1.0,S
872,3066,2021-06-11T01:19:58.734000+00:00,1.0,P
872,3320,2021-06-11T01:20:01.274000+00:00,1.0,S
873,3066,2021-06-11T01:19:58.734000+00:00,1.0,P
873,3320,2021-06-11T01:20:01.274000+00:00,1.0,S
874,3066,2021-06-11T01:19:58.734000+00:00,1.0,P
874,3321,2021-06-11T01:20:01.284000+00:00,1.0,S
875,3066,2021-06-11T01:19:58.734000+00:00,1.0,P
875,3321,2021-06-11T01:20:01.284000+00:00,1.0,S
876,3066,2021-06-11T01:19:58.734000+00:00,1.0,P
876,3321,2021-06-11T01:20:01.284000+00:00,1.0,S
877,3066,2021-06-11T01:19:58.734000+00:00,1.0,P
877,3321,2021-06-11T01:20:01.284000+00:00,1.0,S
878,3066,2021-06-11T01:19:58.734000+00:00,1.0,P
878,3321,2021-06-11T01:20:01.284000+00:00,1.0,S
879,3066,2021-06-11T01:19:58.734000+00:00,1.0,P
879,3322,2021-06-11T01:20:01.294000+00:00,1.0,S
880,3066,2021-06-11T01:19:58.734000+00:00,1.0,P
880,3322,2021-06-11T01:20:01.294000+00:00,1.0,S
881,3066,2021-06-11T01:19:58.734000+00:00,1.0,P
881,3322,2021-06-11T01:20:01.294000+00:00,1.0,S
882,3066,2021-06-11T01:19:58.734000+00:00,1.0,P
882,3323,2021-06-11T01:20:01.304000+00:00,1.0,S
883,3066,2021-06-11T01:19:58.734000+00:00,1.0,P
883,3323,2021-06-11T01:20:01.304000+00:00,1.0,S
884,3066,2021-06-11T01:19:58.734000+00:00,1.0,P
884,3323,2021-06-11T01:20:01.304000+00:00,1.0,S
885,3066,2021-06-11T01:19:58.734000+00:00,1.0,P
885,3323,2021-06-11T01:20:01.304000+00:00,1.0,S
886,3066,2021-06-11T01:19:58.734000+00:00,1.0,P
886,3324,2021-06-11T01:20:01.314000+00:00,1.0,S
887,3066,2021-06-11T01:19:58.734000+00:00,1.0,P
887,3324,2021-06-11T01:20:01.314000+00:00,1.0,S
888,3066,2021-06-11T01:19:58.734000+00:00,1.0,P
888,3324,2021-06-11T01:20:01.314000+00:00,1.0,S
889,3066,2021-06-11T01:19:58.734000+00:00,1.0,P
889,3325,2021-06-11T01:20:01.324000+00:00,1.0,S
890,3066,2021-06-11T01:19:58.734000+00:00,1.0,P
890,3325,2021-06-11T01:20:01.324000+00:00,1.0,S
891,3066,2021-06-11T01:19:58.734000+00:00,1.0,P
891,3325,2021-06-11T01:20:01.324000+00:00,1.0,S
892,3066,2021-06-11T01:19:58.734000+00:00,1.0,P
892,3325,2021-06-11T01:20:01.324000+00:00,1.0,S
893,3067,2021-06-11T01:19:58.744000+00:00,1.0,P
893,3326,2021-06-11T01:20:01.333999+00:00,1.0,S
894,3067,2021-06-11T01:19:58.744000+00:00,1.0,P
894,3326,2021-06-11T01:20:01.333999+00:00,1.0,S
895,3067,2021-06-11T01:19:58.744000+00:00,1.0,P
895,3326,2021-06-11T01:20:01.333999+00:00,1.0,S
896,3067,2021-06-11T01:19:58.744000+00:00,1.0,P
896,3327,2021-06-11T01:20:01.344000+00:00,1.0,S
897,3067,2021-06-11T01:19:58.744000+00:00,1.0,P
897,3327,2021-06-11T01:20:01.344000+00:00,1.0,S
898,3067,2021-06-11T01:19:58.744000+00:00,1.0,P
898,3327,2021-06-11T01:20:01.344000+00:00,1.0,S
899,3067,2021-06-11T01:19:58.744000+00:00,1.0,P
899,3328,2021-06-11T01:20:01.354000+00:00,1.0,S
900,3067,2021-06-11T01:19:58.744000+00:00,1.0,P
900,3328,2021-06-11T01:20:01.354000+00:00,1.0,S
901,3067,2021-06-11T01:19:58.744000+00:00,1.0,P
901,3328,2021-06-11T01:20:01.354000+00:00,1.0,S
902,3067,2021-06-11T01:19:58.744000+00:00,1.0,P
902,3328,2021-06-11T01:20:01.354000+00:00,1.0,S
903,3067,2021-06-11T01:19:58.744000+00:00,1.0,P
903,3329,2021-06-11T01:20:01.364000+00:00,1.0,S
904,3067,2021-06-11T01:19:58.744000+00:00,1.0,P
904,3329,2021-06-11T01:20:01.364000+00:00,1.0,S
905,3067,2021-06-11T01:19:58.744000+00:00,1.0,P
905,3329,2021-06-11T01:20:01.364000+00:00,1.0,S
906,3067,2021-06-11T01:19:58.744000+00:00,1.0,P
906,3330,2021-06-11T01:20:01.373999+00:00,1.0,S
907,3067,2021-06-11T01:19:58.744000+00:00,1.0,P
907,3330,2021-06-11T01:20:01.373999+00:00,1.0,S
908,3067,2021-06-11T01:19:58.744000+00:00,1.0,P
908,3330,2021-06-11T01:20:01.373999+00:00,1.0,S
909,3067,2021-06-11T01:19:58.744000+00:00,1.0,P
909,3331,2021-06-11T01:20:01.384000+00:00,1.0,S
910,3067,2021-06-11T01:19:58.744000+00:00,1.0,P
910,3331,2021-06-11T01:20:01.384000+00:00,1.0,S
911,3067,2021-06-11T01:19:58.744000+00:00,1.0,P
911,3331,2021-06-11T01:20:01.384000+00:00,1.0,S
912,3067,2021-06-11T01:19:58.744000+00:00,1.0,P
912,3332,2021-06-11T01:20:01.394000+00:00,1.0,S
913,3067,2021-06-11T01:19:58.744000+00:00,1.0,P
913,3332,2021-06-11T01:20:01.394000+00:00,1.0,S
914,3067,2021-06-11T01:19:58.744000+00:00,1.0,P
914,3332,2021-06-11T01:20:01.394000+00:00,1.0,S
915,3067,2021-06-11T01:19:58.744000+00:00,1.0,P
915,3333,2021-06-11T01:20:01.404000+00:00,1.0,S
916,3067,2021-06-11T01:19:58.744000+00:00,1.0,P
916,3333,2021-06-11T01:20:01.404000+00:00,1.0,S
917,3067,2021-06-11T01:19:58.744000+00:00,1.0,P
917,3333,2021-06-11T01:20:01.404000+00:00,1.0,S
918,3067,2021-06-11T01:19:58.744000+00:00,1.0,P
918,3333,2021-06-11T01:20:01.404000+00:00,1.0,S
919,3067,2021-06-11T01:19:58.744000+00:00,1.0,P
919,3334,2021-06-11T01:20:01.414000+00:00,1.0,S
920,3067,2021-06-11T01:19:58.744000+00:00,1.0,P
920,3334,2021-06-11T01:20:01.414000+00:00,1.0,S
921,3067,2021-06-11T01:19:58.744000+00:00,1.0,P
921,3334,2021-06-11T01:20:01.414000+00:00,1.0,S
922,3067,2021-06-11T01:19:58.744000+00:00,1.0,P
922,3334,2021-06-11T01:20:01.414000+00:00,1.0,S
923,3067,2021-06-11T01:19:58.744000+00:00,1.0,P
923,3335,2021-06-11T01:20:01.424000+00:00,1.0,S
924,3067,2021-06-11T01:19:58.744000+00:00,1.0,P
924,3335,2021-06-11T01:20:01.424000+00:00,1.0,S
925,3067,2021-06-11T01:19:58.744000+00:00,1.0,P
925,3335,2021-06-11T01:20:01.424000+00:00,1.0,S
926,3067,2021-06-11T01:19:58.744000+00:00,1.0,P
926,3335,2021-06-11T01:20:01.424000+00:00,1.0,S
927,3068,2021-06-11T01:19:58.754000+00:00,1.0,P
927,3335,2021-06-11T01:20:01.424000+00:00,1.0,S
928,3068,2021-06-11T01:19:58.754000+00:00,1.0,P
928,3336,2021-06-11T01:20:01.434000+00:00,1.0,S
929,3068,2021-06-11T01:19:58.754000+00:00,1.0,P
929,3336,2021-06-11T01:20:01.434000+00:00,1.0,S
930,3068,2021-06-11T01:19:58.754000+00:00,1.0,P
930,3336,2021-06-11T01:20:01.434000+00:00,1.0,S
931,3068,2021-06-11T01:19:58.754000+00:00,1.0,P
931,3337,2021-06-11T01:20:01.443999+00:00,1.0,S
932,3068,2021-06-11T01:19:58.754000+00:00,1.0,P
932,3337,2021-06-11T01:20:01.443999+00:00,1.0,S
933,3068,2021-06-11T01:19:58.754000+00:00,1.0,P
933,3337,2021-06-11T01:20:01.443999+00:00,1.0,S
934,3068,2021-06-11T01:19:58.754000+00:00,1.0,P
934,3338,2021-06-11T01:20:01.454000+00:00,1.0,S
935,3068,2021-06-11T01:19:58.754000+00:00,1.0,P
935,3338,2021-06-11T01:20:01.454000+00:00,1.0,S
936,3068,2021-06-11T01:19:58.754000+00:00,1.0,P
936,3338,2021-06-11T01:20:01.454000+00:00,1.0,S
937,3068,2021-06-11T01:19:58.754000+00:00,1.0,P
937,3338,2021-06-11T01:20:01.454000+00:00,1.0,S
938,3068,2021-06-11T01:19:58.754000+00:00,1.0,P
938,3338,2021-06-11T01:20:01.454000+00:00,1.0,S
939,3068,2021-06-11T01:19:58.754000+00:00,1.0,P
939,3339,2021-06-11T01:20:01.464000+00:00,1.0,S
940,3068,2021-06-11T01:19:58.754000+00:00,1.0,P
940,3339,2021-06-11T01:20:01.464000+00:00,1.0,S
941,3068,2021-06-11T01:19:58.754000+00:00,1.0,P
941,3339,2021-06-11T01:20:01.464000+00:00,1.0,S
942,3068,2021-06-11T01:19:58.754000+00:00,1.0,P
942,3339,2021-06-11T01:20:01.464000+00:00,1.0,S
943,3068,2021-06-11T01:19:58.754000+00:00,1.0,P
943,3340,2021-06-11T01:20:01.474000+00:00,1.0,S
944,3068,2021-06-11T01:19:58.754000+00:00,1.0,P
944,3340,2021-06-11T01:20:01.474000+00:00,1.0,S
945,3068,2021-06-11T01:19:58.754000+00:00,1.0,P
945,3340,2021-06-11T01:20:01.474000+00:00,1.0,S
946,3068,2021-06-11T01:19:58.754000+00:00,1.0,P
946,3340,2021-06-11T01:20:01.474000+00:00,1.0,S
947,3068,2021-06-11T01:19:58.754000+00:00,1.0,P
947,3340,2021-06-11T01:20:01.474000+00:00,1.0,S
948,3068,2021-06-11T01:19:58.754000+00:00,1.0,P
948,3341,2021-06-11T01:20:01.484000+00:00,1.0,S
949,3068,2021-06-11T01:19:58.754000+00:00,1.0,P
949,3341,2021-06-11T01:20:01.484000+00:00,1.0,S
950,3068,2021-06-11T01:19:58.754000+00:00,1.0,P
950,3341,2021-06-11T01:20:01.484000+00:00,1.0,S
951,3068,2021-06-11T01:19:58.754000+00:00,1.0,P
951,3341,2021-06-11T01:20:01.484000+00:00,1.0,S
952,3068,2021-06-11T01:19:58.754000+00:00,1.0,P
952,3341,2021-06-11T01:20:01.484000+00:00,1.0,S
953,3068,2021-06-11T01:19:58.754000+00:00,1.0,P
953,3341,2021-06-11T01:20:01.484000+00:00,1.0,S
954,3068,2021-06-11T01:19:58.754000+00:00,1.0,P
954,3341,2021-06-11T01:20:01.484000+00:00,1.0,S
955,3068,2021-06-11T01:19:58.754000+00:00,1.0,P
955,3342,2021-06-11T01:20:01.494000+00:00,1.0,S
956,3068,2021-06-11T01:19:58.754000+00:00,1.0,P
956,3342,2021-06-11T01:20:01.494000+00:00,1.0,S
957,3068,2021-06-11T01:19:58.754000+00:00,1.0,P
957,3342,2021-06-11T01:20:01.494000+00:00,1.0,S
958,3068,2021-06-11T01:19:58.754000+00:00,1.0,P
958,3342,2021-06-11T01:20:01.494000+00:00,1.0,S
959,3068,2021-06-11T01:19:58.754000+00:00,1.0,P
959,3342,2021-06-11T01:20:01.494000+00:00,1.0,S
960,3068,2021-06-11T01:19:58.754000+00:00,1.0,P
960,3342,2021-06-11T01:20:01.494000+00:00,1.0,S
961,3068,2021-06-11T01:19:58.754000+00:00,1.0,P
961,3342,2021-06-11T01:20:01.494000+00:00,1.0,S
962,3068,2021-06-11T01:19:58.754000+00:00,1.0,P
962,3342,2021-06-11T01:20:01.494000+00:00,1.0,S
963,3068,2021-06-11T01:19:58.754000+00:00,1.0,P
963,3343,2021-06-11T01:20:01.504000+00:00,1.0,S
964,3068,2021-06-11T01:19:58.754000+00:00,1.0,P
964,3343,2021-06-11T01:20:01.504000+00:00,1.0,S
965,3068,2021-06-11T01:19:58.754000+00:00,1.0,P
965,3343,2021-06-11T01:20:01.504000+00:00,1.0,S
966,3068,2021-06-11T01:19:58.754000+00:00,1.0,P
966,3343,2021-06-11T01:20:01.504000+00:00,1.0,S
967,3068,2021-06-11T01:19:58.754000+00:00,1.0,P
967,3343,2021-06-11T01:20:01.504000+00:00,1.0,S
968,3068,2021-06-11T01:19:58.754000+00:00,1.0,P
968,3343,2021-06-11T01:20:01.504000+00:00,1.0,S
969,3068,2021-06-11T01:19:58.754000+00:00,1.0,P
969,3343,2021-06-11T01:20:01.504000+00:00,1.0,S
970,3069,2021-06-11T01:19:58.764000+00:00,1.0,P
970,3343,2021-06-11T01:20:01.504000+00:00,1.0,S
971,3069,2021-06-11T01:19:58.764000+00:00,1.0,P
971,3343,2021-06-11T01:20:01.504000+00:00,1.0,S
972,3069,2021-06-11T01:19:58.764000+00:00,1.0,P
972,3343,2021-06-11T01:20:01.504000+00:00,1.0,S
973,3069,2021-06-11T01:19:58.764000+00:00,1.0,P
973,3344,2021-06-11T01:20:01.513999+00:00,1.0,S
974,3069,2021-06-11T01:19:58.764000+00:00,1.0,P
974,3344,2021-06-11T01:20:01.513999+00:00,1.0,S
975,3069,2021-06-11T01:19:58.764000+00:00,1.0,P
975,3344,2021-06-11T01:20:01.513999+00:00,1.0,S
976,3069,2021-06-11T01:19:58.764000+00:00,1.0,P
976,3344,2021-06-11T01:20:01.513999+00:00,1.0,S
977,3069,2021-06-11T01:19:58.764000+00:00,1.0,P
977,3344,2021-06-11T01:20:01.513999+00:00,1.0,S
978,3069,2021-06-11T01:19:58.764000+00:00,1.0,P
978,3344,2021-06-11T01:20:01.513999+00:00,1.0,S
979,3069,2021-06-11T01:19:58.764000+00:00,1.0,P
979,3344,2021-06-11T01:20:01.513999+00:00,1.0,S
980,3069,2021-06-11T01:19:58.764000+00:00,1.0,P
980,3344,2021-06-11T01:20:01.513999+00:00,1.0,S
981,3069,2021-06-11T01:19:58.764000+00:00,1.0,P
981,3345,2021-06-11T01:20:01.524000+00:00,1.0,S
982,3069,2021-06-11T01:19:58.764000+00:00,1.0,P
982,3345,2021-06-11T01:20:01.524000+00:00,1.0,S
983,3069,2021-06-11T01:19:58.764000+00:00,1.0,P
983,3345,2021-06-11T01:20:01.524000+00:00,1.0,S
984,3069,2021-06-11T01:19:58.764000+00:00,1.0,P
984,3345,2021-06-11T01:20:01.524000+00:00,1.0,S
985,3069,2021-06-11T01:19:58.764000+00:00,1.0,P
985,3345,2021-06-11T01:20:01.524000+00:00,1.0,S
986,3069,2021-06-11T01:19:58.764000+00:00,1.0,P
986,3345,2021-06-11T01:20:01.524000+00:00,1.0,S
987,3069,2021-06-11T01:19:58.764000+00:00,1.0,P
987,3345,2021-06-11T01:20:01.524000+00:00,1.0,S
988,3069,2021-06-11T01:19:58.764000+00:00,1.0,P
988,3345,2021-06-11T01:20:01.524000+00:00,1.0,S
989,3069,2021-06-11T01:19:58.764000+00:00,1.0,P
989,3345,2021-06-11T01:20:01.524000+00:00,1.0,S
990,3069,2021-06-11T01:19:58.764000+00:00,1.0,P
990,3345,2021-06-11T01:20:01.524000+00:00,1.0,S
991,3069,2021-06-11T01:19:58.764000+00:00,1.0,P
991,3345,2021-06-11T01:20:01.524000+00:00,1.0,S
992,3069,2021-06-11T01:19:58.764000+00:00,1.0,P
992,3346,2021-06-11T01:20:01.534000+00:00,1.0,S
993,3069,2021-06-11T01:19:58.764000+00:00,1.0,P
993,3346,2021-06-11T01:20:01.534000+00:00,1.0,S
994,3069,2021-06-11T01:19:58.764000+00:00,1.0,P
994,3346,2021-06-11T01:20:01.534000+00:00,1.0,S
995,3069,2021-06-11T01:19:58.764000+00:00,1.0,P
995,3346,2021-06-11T01:20:01.534000+00:00,1.0,S
996,3069,2021-06-11T01:19:58.764000+00:00,1.0,P
996,3346,2021-06-11T01:20:01.534000+00:00,1.0,S
997,3069,2021-06-11T01:19:58.764000+00:00,1.0,P
997,3346,2021-06-11T01:20:01.534000+00:00,1.0,S
998,3069,2021-06-11T01:19:58.764000+00:00,1.0,P
998,3346,2021-06-11T01:20:01.534000+00:00,1.0,S
999,3069,2021-06-11T01:19:58.764000+00:00,1.0,P
999,3346,2021-06-11T01:20:01.534000+00:00,1.0,S
1000,3069,2021-06-11T01:19:58.764000+00:00,1.0,P
1000,3346,2021-06-11T01:20:01.534000+00:00,1.0,S
1001,3069,2021-06-11T01:19:58.764000+00:00,1.0,P
1001,3346,2021-06-11T01:20:01.534000+00:00,1.0,S
1002,3069,2021-06-11T01:19:58.764000+00:00,1.0,P
1002,3346,2021-06-11T01:20:01.534000+00:00,1.0,S
1003,3069,2021-06-11T01:19:58.764000+00:00,1.0,P
1003,3346,2021-06-11T01:20:01.534000+00:00,1.0,S
1004,3069,2021-06-11T01:19:58.764000+00:00,1.0,P
1004,3346,2021-06-11T01:20:01.534000+00:00,1.0,S
1005,3069,2021-06-11T01:19:58.764000+00:00,1.0,P
1005,3346,2021-06-11T01:20:01.534000+00:00,1.0,S
1006,3069,2021-06-11T01:19:58.764000+00:00,1.0,P
1006,3346,2021-06-11T01:20:01.534000+00:00,1.0,S
1007,3069,2021-06-11T01:19:58.764000+00:00,1.0,P
1007,3346,2021-06-11T01:20:01.534000+00:00,1.0,S
1008,3069,2021-06-11T01:19:58.764000+00:00,1.0,P
1008,3346,2021-06-11T01:20:01.534000+00:00,1.0,S
1009,3069,2021-06-11T01:19:58.764000+00:00,1.0,P
1009,3346,2021-06-11T01:20:01.534000+00:00,1.0,S
1010,3069,2021-06-11T01:19:58.764000+00:00,1.0,P
1010,3346,2021-06-11T01:20:01.534000+00:00,1.0,S
1011,3069,2021-06-11T01:19:58.764000+00:00,1.0,P
1011,3346,2021-06-11T01:20:01.534000+00:00,1.0,S
1012,3069,2021-06-11T01:19:58.764000+00:00,1.0,P
1012,3346,2021-06-11T01:20:01.534000+00:00,1.0,S
1013,3069,2021-06-11T01:19:58.764000+00:00,1.0,P
1013,3346,2021-06-11T01:20:01.534000+00:00,1.0,S
1014,3069,2021-06-11T01:19:58.764000+00:00,1.0,P
1014,3346,2021-06-11T01:20:01.534000+00:00,1.0,S
1015,3069,2021-06-11T01:19:58.764000+00:00,1.0,P
1015,3346,2021-06-11T01:20:01.534000+00:00,1.0,S
1016,3069,2021-06-11T01:19:58.764000+00:00,1.0,P
1016,3346,2021-06-11T01:20:01.534000+00:00,1.0,S
1017,3069,2021-06-11T01:19:58.764000+00:00,1.0,P
1017,3346,2021-06-11T01:20:01.534000+00:00,1.0,S
1018,3069,2021-06-11T01:19:58.764000+00:00,1.0,P
1018,3346,2021-06-11T01:20:01.534000+00:00,1.0,S
1019,3069,2021-06-11T01:19:58.764000+00:00,1.0,P
1019,3346,2021-06-11T01:20:01.534000+00:00,1.0,S
1020,3069,2021-06-11T01:19:58.764000+00:00,1.0,P
1020,3346,2021-06-11T01:20:01.534000+00:00,1.0,S
1021,3069,2021-06-11T01:19:58.764000+00:00,1.0,P
1021,3346,2021-06-11T01:20:01.534000+00:00,1.0,S
1022,3069,2021-06-11T01:19:58.764000+00:00,1.0,P
1022,3346,2021-06-11T01:20:01.534000+00:00,1.0,S
1023,3069,2021-06-11T01:19:58.764000+00:00,1.0,P
1023,3346,2021-06-11T01:20:01.534000+00:00,1.0,S
1024,3069,2021-06-11T01:19:58.764000+00:00,1.0,P
1024,3346,2021-06-11T01:20:01.534000+00:00,1.0,S
1025,3069,2021-06-11T01:19:58.764000+00:00,1.0,P
1025,3346,2021-06-11T01:20:01.534000+00:00,1.0,S
1026,3069,2021-06-11T01:19:58.764000+00:00,1.0,P
1026,3346,2021-06-11T01:20:01.534000+00:00,1.0,S
1027,3069,2021-06-11T01:19:58.764000+00:00,1.0,P
1027,3346,2021-06-11T01:20:01.534000+00:00,1.0,S
1028,3069,2021-06-11T01:19:58.764000+00:00,1.0,P
1028,3346,2021-06-11T01:20:01.534000+00:00,1.0,S
1029,3069,2021-06-11T01:19:58.764000+00:00,1.0,P
1029,3347,2021-06-11T01:20:01.544000+00:00,1.0,S
1030,3069,2021-06-11T01:19:58.764000+00:00,1.0,P
1030,3347,2021-06-11T01:20:01.544000+00:00,1.0,S
1031,3069,2021-06-11T01:19:58.764000+00:00,1.0,P
1031,3347,2021-06-11T01:20:01.544000+00:00,1.0,S
1032,3069,2021-06-11T01:19:58.764000+00:00,1.0,P
1032,3347,2021-06-11T01:20:01.544000+00:00,1.0,S
1033,3069,2021-06-11T01:19:58.764000+00:00,1.0,P
1033,3347,2021-06-11T01:20:01.544000+00:00,1.0,S
1034,3069,2021-06-11T01:19:58.764000+00:00,1.0,P
1034,3347,2021-06-11T01:20:01.544000+00:00,1.0,S
1035,3069,2021-06-11T01:19:58.764000+00:00,1.0,P
1035,3347,2021-06-11T01:20:01.544000+00:00,1.0,S
1036,3069,2021-06-11T01:19:58.764000+00:00,1.0,P
1036,3347,2021-06-11T01:20:01.544000+00:00,1.0,S
1037,3069,2021-06-11T01:19:58.764000+00:00,1.0,P
1037,3347,2021-06-11T01:20:01.544000+00:00,1.0,S
1038,3069,2021-06-11T01:19:58.764000+00:00,1.0,P
1038,3347,2021-06-11T01:20:01.544000+00:00,1.0,S
1039,3069,2021-06-11T01:19:58.764000+00:00,1.0,P
1039,3347,2021-06-11T01:20:01.544000+00:00,1.0,S
1040,3069,2021-06-11T01:19:58.764000+00:00,1.0,P
1040,3347,2021-06-11T01:20:01.544000+00:00,1.0,S
1041,3069,2021-06-11T01:19:58.764000+00:00,1.0,P
1041,3347,2021-06-11T01:20:01.544000+00:00,1.0,S
1042,3069,2021-06-11T01:19:58.764000+00:00,1.0,P
1042,3348,2021-06-11T01:20:01.554000+00:00,1.0,S
1043,3069,2021-06-11T01:19:58.764000+00:00,1.0,P
1043,3348,2021-06-11T01:20:01.554000+00:00,1.0,S
1044,3069,2021-06-11T01:19:58.764000+00:00,1.0,P
1044,3348,2021-06-11T01:20:01.554000+00:00,1.0,S
1045,3069,2021-06-11T01:19:58.764000+00:00,1.0,P
1045,3348,2021-06-11T01:20:01.554000+00:00,1.0,S
1046,3069,2021-06-11T01:19:58.764000+00:00,1.0,P
1046,3348,2021-06-11T01:20:01.554000+00:00,1.0,S
1047,3069,2021-06-11T01:19:58.764000+00:00,1.0,P
1047,3348,2021-06-11T01:20:01.554000+00:00,1.0,S
1048,3069,2021-06-11T01:19:58.764000+00:00,1.0,P
1048,3348,2021-06-11T01:20:01.554000+00:00,1.0,S
1049,3069,2021-06-11T01:19:58.764000+00:00,1.0,P
1049,3348,2021-06-11T01:20:01.554000+00:00,1.0,S
1050,3069,2021-06-11T01:19:58.764000+00:00,1.0,P
1050,3348,2021-06-11T01:20:01.554000+00:00,1.0,S
1051,3069,2021-06-11T01:19:58.764000+00:00,1.0,P
1051,3348,2021-06-11T01:20:01.554000+00:00,1.0,S
1052,3069,2021-06-11T01:19:58.764000+00:00,1.0,P
1052,3348,2021-06-11T01:20:01.554000+00:00,1.0,S
1053,3069,2021-06-11T01:19:58.764000+00:00,1.0,P
1053,3348,2021-06-11T01:20:01.554000+00:00,1.0,S
1054,3069,2021-06-11T01:19:58.764000+00:00,1.0,P
1054,3348,2021-06-11T01:20:01.554000+00:00,1.0,S
1055,3069,2021-06-11T01:19:58.764000+00:00,1.0,P
1055,3349,2021-06-11T01:20:01.564000+00:00,1.0,S
1056,3068,2021-06-11T01:19:58.754000+00:00,1.0,P
1056,3349,2021-06-11T01:20:01.564000+00:00,1.0,S
1057,3068,2021-06-11T01:19:58.754000+00:00,1.0,P
1057,3349,2021-06-11T01:20:01.564000+00:00,1.0,S
1058,3068,2021-06-11T01:19:58.754000+00:00,1.0,P
1058,3349,2021-06-11T01:20:01.564000+00:00,1.0,S
1059,3068,2021-06-11T01:19:58.754000+00:00,1.0,P
1059,3349,2021-06-11T01:20:01.564000+00:00,1.0,S
1060,3068,2021-06-11T01:19:58.754000+00:00,1.0,P
1060,3349,2021-06-11T01:20:01.564000+00:00,1.0,S
1061,3068,2021-06-11T01:19:58.754000+00:00,1.0,P
1061,3349,2021-06-11T01:20:01.564000+00:00,1.0,S
1062,3068,2021-06-11T01:19:58.754000+00:00,1.0,P
1062,3349,2021-06-11T01:20:01.564000+00:00,1.0,S
1063,3068,2021-06-11T01:19:58.754000+00:00,1.0,P
1063,3349,2021-06-11T01:20:01.564000+00:00,1.0,S
1064,3068,2021-06-11T01:19:58.754000+00:00,1.0,P
1064,3349,2021-06-11T01:20:01.564000+00:00,1.0,S
1065,3068,2021-06-11T01:19:58.754000+00:00,1.0,P
1065,3349,2021-06-11T01:20:01.564000+00:00,1.0,S
1066,3068,2021-06-11T01:19:58.754000+00:00,1.0,P
1066,3349,2021-06-11T01:20:01.564000+00:00,1.0,S
1067,3068,2021-06-11T01:19:58.754000+00:00,1.0,P
1067,3349,2021-06-11T01:20:01.564000+00:00,1.0,S
1068,3068,2021-06-11T01:19:58.754000+00:00,1.0,P
1068,3349,2021-06-11T01:20:01.564000+00:00,1.0,S
1069,3068,2021-06-11T01:19:58.754000+00:00,1.0,P
1069,3349,2021-06-11T01:20:01.564000+00:00,1.0,S
1070,3068,2021-06-11T01:19:58.754000+00:00,1.0,P
1070,3349,2021-06-11T01:20:01.564000+00:00,1.0,S
1071,3068,2021-06-11T01:19:58.754000+00:00,1.0,P
1071,3349,2021-06-11T01:20:01.564000+00:00,1.0,S
1072,3068,2021-06-11T01:19:58.754000+00:00,1.0,P
1072,3349,2021-06-11T01:20:01.564000+00:00,1.0,S
1073,3068,2021-06-11T01:19:58.754000+00:00,1.0,P
1073,3349,2021-06-11T01:20:01.564000+00:00,1.0,S
1074,3068,2021-06-11T01:19:58.754000+00:00,1.0,P
1074,3349,2021-06-11T01:20:01.564000+00:00,1.0,S
1075,3068,2021-06-11T01:19:58.754000+00:00,1.0,P
1075,3349,2021-06-11T01:20:01.564000+00:00,1.0,S
1076,3068,2021-06-11T01:19:58.754000+00:00,1.0,P
1076,3349,2021-06-11T01:20:01.564000+00:00,1.0,S
1077,3068,2021-06-11T01:19:58.754000+00:00,1.0,P
1077,3349,2021-06-11T01:20:01.564000+00:00,1.0,S
1078,3068,2021-06-11T01:19:58.754000+00:00,1.0,P
1078,3350,2021-06-11T01:20:01.574000+00:00,1.0,S
1079,3068,2021-06-11T01:19:58.754000+00:00,1.0,P
1079,3350,2021-06-11T01:20:01.574000+00:00,1.0,S
1080,3068,2021-06-11T01:19:58.754000+00:00,1.0,P
1080,3350,2021-06-11T01:20:01.574000+00:00,1.0,S
1081,3068,2021-06-11T01:19:58.754000+00:00,1.0,P
1081,3350,2021-06-11T01:20:01.574000+00:00,1.0,S
1082,3068,2021-06-11T01:19:58.754000+00:00,1.0,P
1082,3350,2021-06-11T01:20:01.574000+00:00,1.0,S
1083,3068,2021-06-11T01:19:58.754000+00:00,1.0,P
1083,3350,2021-06-11T01:20:01.574000+00:00,1.0,S
1084,3068,2021-06-11T01:19:58.754000+00:00,1.0,P
1084,3350,2021-06-11T01:20:01.574000+00:00,1.0,S
1085,3068,2021-06-11T01:19:58.754000+00:00,1.0,P
1085,3350,2021-06-11T01:20:01.574000+00:00,1.0,S
1086,3068,2021-06-11T01:19:58.754000+00:00,1.0,P
1086,3350,2021-06-11T01:20:01.574000+00:00,1.0,S
1087,3068,2021-06-11T01:19:58.754000+00:00,1.0,P
1087,3350,2021-06-11T01:20:01.574000+00:00,1.0,S
1088,3068,2021-06-11T01:19:58.754000+00:00,1.0,P
1088,3349,2021-06-11T01:20:01.564000+00:00,1.0,S
1089,3068,2021-06-11T01:19:58.754000+00:00,1.0,P
1089,3349,2021-06-11T01:20:01.564000+00:00,1.0,S
1090,3068,2021-06-11T01:19:58.754000+00:00,1.0,P
1090,3349,2021-06-11T01:20:01.564000+00:00,1.0,S
1091,3067,2021-06-11T01:19:58.744000+00:00,1.0,P
1091,3349,2021-06-11T01:20:01.564000+00:00,1.0,S
1092,3067,2021-06-11T01:19:58.744000+00:00,1.0,P
1092,3349,2021-06-11T01:20:01.564000+00:00,1.0,S
1093,3067,2021-06-11T01:19:58.744000+00:00,1.0,P
1093,3349,2021-06-11T01:20:01.564000+00:00,1.0,S
1094,3067,2021-06-11T01:19:58.744000+00:00,1.0,P
1094,3349,2021-06-11T01:20:01.564000+00:00,1.0,S
1095,3067,2021-06-11T01:19:58.744000+00:00,1.0,P
1095,3349,2021-06-11T01:20:01.564000+00:00,1.0,S
1096,3067,2021-06-11T01:19:58.744000+00:00,1.0,P
1096,3349,2021-06-11T01:20:01.564000+00:00,1.0,S
1097,3067,2021-06-11T01:19:58.744000+00:00,1.0,P
1097,3349,2021-06-11T01:20:01.564000+00:00,1.0,S
1098,3067,2021-06-11T01:19:58.744000+00:00,1.0,P
1098,3349,2021-06-11T01:20:01.564000+00:00,1.0,S
1099,3067,2021-06-11T01:19:58.744000+00:00,1.0,P
1099,3349,2021-06-11T01:20:01.564000+00:00,1.0,S
1100,3067,2021-06-11T01:19:58.744000+00:00,1.0,P
1100,3349,2021-06-11T01:20:01.564000+00:00,1.0,S
1101,3067,2021-06-11T01:19:58.744000+00:00,1.0,P
1101,3349,2021-06-11T01:20:01.564000+00:00,1.0,S
1102,3067,2021-06-11T01:19:58.744000+00:00,1.0,P
1102,3349,2021-06-11T01:20:01.564000+00:00,1.0,S
1103,3067,2021-06-11T01:19:58.744000+00:00,1.0,P
1103,3349,2021-06-11T01:20:01.564000+00:00,1.0,S
1104,3067,2021-06-11T01:19:58.744000+00:00,1.0,P
1104,3349,2021-06-11T01:20:01.564000+00:00,1.0,S
1105,3067,2021-06-11T01:19:58.744000+00:00,1.0,P
1105,3349,2021-06-11T01:20:01.564000+00:00,1.0,S
1106,3067,2021-06-11T01:19:58.744000+00:00,1.0,P
1106,3349,2021-06-11T01:20:01.564000+00:00,1.0,S
1107,3067,2021-06-11T01:19:58.744000+00:00,1.0,P
1107,3349,2021-06-11T01:20:01.564000+00:00,1.0,S
1108,3067,2021-06-11T01:19:58.744000+00:00,1.0,P
1108,3349,2021-06-11T01:20:01.564000+00:00,1.0,S
1109,3067,2021-06-11T01:19:58.744000+00:00,1.0,P
1109,3348,2021-06-11T01:20:01.554000+00:00,1.0,S
1110,3067,2021-06-11T01:19:58.744000+00:00,1.0,P
1110,3348,2021-06-11T01:20:01.554000+00:00,1.0,S
1111,3067,2021-06-11T01:19:58.744000+00:00,1.0,P
1111,3348,2021-06-11T01:20:01.554000+00:00,1.0,S
1112,3067,2021-06-11T01:19:58.744000+00:00,1.0,P
1112,3348,2021-06-11T01:20:01.554000+00:00,1.0,S
1113,3067,2021-06-11T01:19:58.744000+00:00,1.0,P
1113,3348,2021-06-11T01:20:01.554000+00:00,1.0,S
1114,3067,2021-06-11T01:19:58.744000+00:00,1.0,P
1114,3348,2021-06-11T01:20:01.554000+00:00,1.0,S
1115,3067,2021-06-11T01:19:58.744000+00:00,1.0,P
1115,3348,2021-06-11T01:20:01.554000+00:00,1.0,S
1116,3067,2021-06-11T01:19:58.744000+00:00,1.0,P
1116,3348,2021-06-11T01:20:01.554000+00:00,1.0,S
1117,3067,2021-06-11T01:19:58.744000+00:00,1.0,P
1117,3348,2021-06-11T01:20:01.554000+00:00,1.0,S
1118,3067,2021-06-11T01:19:58.744000+00:00,1.0,P
1118,3348,2021-06-11T01:20:01.554000+00:00,1.0,S
1119,3067,2021-06-11T01:19:58.744000+00:00,1.0,P
1119,3348,2021-06-11T01:20:01.554000+00:00,1.0,S
1120,3067,2021-06-11T01:19:58.744000+00:00,1.0,P
1120,3347,2021-06-11T01:20:01.544000+00:00,1.0,S
1121,3066,2021-06-11T01:19:58.734000+00:00,1.0,P
1121,3347,2021-06-11T01:20:01.544000+00:00,1.0,S
1122,3066,2021-06-11T01:19:58.734000+00:00,1.0,P
1122,3347,2021-06-11T01:20:01.544000+00:00,1.0,S
1123,3066,2021-06-11T01:19:58.734000+00:00,1.0,P
1123,3347,2021-06-11T01:20:01.544000+00:00,1.0,S
1124,3066,2021-06-11T01:19:58.734000+00:00,1.0,P
1124,3347,2021-06-11T01:20:01.544000+00:00,1.0,S
1125,3066,2021-06-11T01:19:58.734000+00:00,1.0,P
1125,3347,2021-06-11T01:20:01.544000+00:00,1.0,S
1126,3066,2021-06-11T01:19:58.734000+00:00,1.0,P
1126,3347,2021-06-11T01:20:01.544000+00:00,1.0,S
1127,3066,2021-06-11T01:19:58.734000+00:00,1.0,P
1127,3347,2021-06-11T01:20:01.544000+00:00,1.0,S
1128,3066,2021-06-11T01:19:58.734000+00:00,1.0,P
1128,3347,2021-06-11T01:20:01.544000+00:00,1.0,S
1129,3066,2021-06-11T01:19:58.734000+00:00,1.0,P
1129,3347,2021-06-11T01:20:01.544000+00:00,1.0,S
1130,3066,2021-06-11T01:19:58.734000+00:00,1.0,P
1130,3347,2021-06-11T01:20:01.544000+00:00,1.0,S
1131,3066,2021-06-11T01:19:58.734000+00:00,1.0,P
1131,3347,2021-06-11T01:20:01.544000+00:00,1.0,S
1132,3066,2021-06-11T01:19:58.734000+00:00,1.0,P
1132,3347,2021-06-11T01:20:01.544000+00:00,1.0,S
1133,3066,2021-06-11T01:19:58.734000+00:00,1.0,P
1133,3347,2021-06-11T01:20:01.544000+00:00,1.0,S
1134,3066,2021-06-11T01:19:58.734000+00:00,1.0,P
1134,3347,2021-06-11T01:20:01.544000+00:00,1.0,S
1135,3066,2021-06-11T01:19:58.734000+00:00,1.0,P
1135,3347,2021-06-11T01:20:01.544000+00:00,1.0,S
1136,3066,2021-06-11T01:19:58.734000+00:00,1.0,P
1136,3346,2021-06-11T01:20:01.534000+00:00,1.0,S
1137,3066,2021-06-11T01:19:58.734000+00:00,1.0,P
1137,3346,2021-06-11T01:20:01.534000+00:00,1.0,S
1138,3066,2021-06-11T01:19:58.734000+00:00,1.0,P
1138,3346,2021-06-11T01:20:01.534000+00:00,1.0,S
1139,3066,2021-06-11T01:19:58.734000+00:00,1.0,P
1139,3346,2021-06-11T01:20:01.534000+00:00,1.0,S
1140,3066,2021-06-11T01:19:58.734000+00:00,1.0,P
1140,3346,2021-06-11T01:20:01.534000+00:00,1.0,S
1141,3066,2021-06-11T01:19:58.734000+00:00,1.0,P
1141,3346,2021-06-11T01:20:01.534000+00:00,1.0,S
1142,3066,2021-06-11T01:19:58.734000+00:00,1.0,P
1142,3346,2021-06-11T01:20:01.534000+00:00,1.0,S
1143,3066,2021-06-11T01:19:58.734000+00:00,1.0,P
1143,3346,2021-06-11T01:20:01.534000+00:00,1.0,S
1144,3066,2021-06-11T01:19:58.734000+00:00,1.0,P
1144,3346,2021-06-11T01:20:01.534000+00:00,1.0,S
1145,3066,2021-06-11T01:19:58.734000+00:00,1.0,P
1145,3346,2021-06-11T01:20:01.534000+00:00,1.0,S
1146,3066,2021-06-11T01:19:58.734000+00:00,1.0,P
1146,3346,2021-06-11T01:20:01.534000+00:00,1.0,S
1147,3066,2021-06-11T01:19:58.734000+00:00,1.0,P
1147,3345,2021-06-11T01:20:01.524000+00:00,1.0,S
1148,3066,2021-06-11T01:19:58.734000+00:00,1.0,P
1148,3345,2021-06-11T01:20:01.524000+00:00,1.0,S
1149,3065,2021-06-11T01:19:58.724000+00:00,1.0,P
1149,3345,2021-06-11T01:20:01.524000+00:00,1.0,S
1150,3065,2021-06-11T01:19:58.724000+00:00,1.0,P
1150,3345,2021-06-11T01:20:01.524000+00:00,1.0,S
1151,3065,2021-06-11T01:19:58.724000+00:00,1.0,P
1151,3345,2021-06-11T01:20:01.524000+00:00,1.0,S
1152,3065,2021-06-11T01:19:58.724000+00:00,1.0,P
1152,3345,2021-06-11T01:20:01.524000+00:00,1.0,S
1153,3065,2021-06-11T01:19:58.724000+00:00,1.0,P
1153,3345,2021-06-11T01:20:01.524000+00:00,1.0,S
1154,3065,2021-06-11T01:19:58.724000+00:00,1.0,P
1154,3345,2021-06-11T01:20:01.524000+00:00,1.0,S
1155,3065,2021-06-11T01:19:58.724000+00:00,1.0,P
1155,3345,2021-06-11T01:20:01.524000+00:00,1.0,S
1156,3065,2021-06-11T01:19:58.724000+00:00,1.0,P
1156,3345,2021-06-11T01:20:01.524000+00:00,1.0,S
1157,3065,2021-06-11T01:19:58.724000+00:00,1.0,P
1157,3345,2021-06-11T01:20:01.524000+00:00,1.0,S
1158,3065,2021-06-11T01:19:58.724000+00:00,1.0,P
1158,3345,2021-06-11T01:20:01.524000+00:00,1.0,S
1159,3065,2021-06-11T01:19:58.724000+00:00,1.0,P
1159,3345,2021-06-11T01:20:01.524000+00:00,1.0,S
1160,3065,2021-06-11T01:19:58.724000+00:00,1.0,P
1160,3345,2021-06-11T01:20:01.524000+00:00,1.0,S
1161,3065,2021-06-11T01:19:58.724000+00:00,1.0,P
1161,3345,2021-06-11T01:20:01.524000+00:00,1.0,S
1162,3065,2021-06-11T01:19:58.724000+00:00,1.0,P
1162,3345,2021-06-11T01:20:01.524000+00:00,1.0,S
1163,3065,2021-06-11T01:19:58.724000+00:00,1.0,P
1163,3345,2021-06-11T01:20:01.524000+00:00,1.0,S
1164,3065,2021-06-11T01:19:58.724000+00:00,1.0,P
1164,3345,2021-06-11T01:20:01.524000+00:00,1.0,S
1165,3065,2021-06-11T01:19:58.724000+00:00,1.0,P
1165,3345,2021-06-11T01:20:01.524000+00:00,1.0,S
1166,3065,2021-06-11T01:19:58.724000+00:00,1.0,P
1166,3345,2021-06-11T01:20:01.524000+00:00,1.0,S
1167,3065,2021-06-11T01:19:58.724000+00:00,1.0,P
1167,3345,2021-06-11T01:20:01.524000+00:00,1.0,S
1168,3065,2021-06-11T01:19:58.724000+00:00,1.0,P
1168,3345,2021-06-11T01:20:01.524000+00:00,1.0,S
1169,3065,2021-06-11T01:19:58.724000+00:00,1.0,P
1169,3345,2021-06-11T01:20:01.524000+00:00,1.0,S
1170,3065,2021-06-11T01:19:58.724000+00:00,1.0,P
1170,3345,2021-06-11T01:20:01.524000+00:00,1.0,S
1171,3065,2021-06-11T01:19:58.724000+00:00,1.0,P
1171,3345,2021-06-11T01:20:01.524000+00:00,1.0,S
1172,3064,2021-06-11T01:19:58.714000+00:00,1.0,P
1172,3345,2021-06-11T01:20:01.524000+00:00,1.0,S
1173,3064,2021-06-11T01:19:58.714000+00:00,1.0,P
1173,3345,2021-06-11T01:20:01.524000+00:00,1.0,S
1174,3064,2021-06-11T01:19:58.714000+00:00,1.0,P
1174,3345,2021-06-11T01:20:01.524000+00:00,1.0,S
1175,3064,2021-06-11T01:19:58.714000+00:00,1.0,P
1175,3345,2021-06-11T01:20:01.524000+00:00,1.0,S
1176,3064,2021-06-11T01:19:58.714000+00:00,1.0,P
1176,3345,2021-06-11T01:20:01.524000+00:00,1.0,S
1177,3064,2021-06-11T01:19:58.714000+00:00,1.0,P
1177,3345,2021-06-11T01:20:01.524000+00:00,1.0,S
1178,3064,2021-06-11T01:19:58.714000+00:00,1.0,P
1178,3345,2021-06-11T01:20:01.524000+00:00,1.0,S
1179,3064,2021-06-11T01:19:58.714000+00:00,1.0,P
1179,3345,2021-06-11T01:20:01.524000+00:00,1.0,S
1180,3064,2021-06-11T01:19:58.714000+00:00,1.0,P
1180,3345,2021-06-11T01:20:01.524000+00:00,1.0,S
1181,3064,2021-06-11T01:19:58.714000+00:00,1.0,P
1181,3345,2021-06-11T01:20:01.524000+00:00,1.0,S
1182,3064,2021-06-11T01:19:58.714000+00:00,1.0,P
1182,3345,2021-06-11T01:20:01.524000+00:00,1.0,S
1183,3064,2021-06-11T01:19:58.714000+00:00,1.0,P
1183,3345,2021-06-11T01:20:01.524000+00:00,1.0,S
1184,3064,2021-06-11T01:19:58.714000+00:00,1.0,P
1184,3344,2021-06-11T01:20:01.513999+00:00,1.0,S
1185,3064,2021-06-11T01:19:58.714000+00:00,1.0,P
1185,3344,2021-06-11T01:20:01.513999+00:00,1.0,S
1186,3064,2021-06-11T01:19:58.714000+00:00,1.0,P
1186,3344,2021-06-11T01:20:01.513999+00:00,1.0,S
1187,3064,2021-06-11T01:19:58.714000+00:00,1.0,P
1187,3344,2021-06-11T01:20:01.513999+00:00,1.0,S
1188,3064,2021-06-11T01:19:58.714000+00:00,1.0,P
1188,3344,2021-06-11T01:20:01.513999+00:00,1.0,S
1189,3064,2021-06-11T01:19:58.714000+00:00,1.0,P
1189,3344,2021-06-11T01:20:01.513999+00:00,1.0,S
1190,3064,2021-06-11T01:19:58.714000+00:00,1.0,P
1190,3344,2021-06-11T01:20:01.513999+00:00,1.0,S
1191,3064,2021-06-11T01:19:58.714000+00:00,1.0,P
1191,3344,2021-06-11T01:20:01.513999+00:00,1.0,S
1192,3064,2021-06-11T01:19:58.714000+00:00,1.0,P
1192,3344,2021-06-11T01:20:01.513999+00:00,1.0,S
1193,3063,2021-06-11T01:19:58.704000+00:00,1.0,P
1193,3344,2021-06-11T01:20:01.513999+00:00,1.0,S
1194,3063,2021-06-11T01:19:58.704000+00:00,1.0,P
1194,3343,2021-06-11T01:20:01.504000+00:00,1.0,S
1195,3063,2021-06-11T01:19:58.704000+00:00,1.0,P
1195,3343,2021-06-11T01:20:01.504000+00:00,1.0,S
1196,3063,2021-06-11T01:19:58.704000+00:00,1.0,P
1196,3343,2021-06-11T01:20:01.504000+00:00,1.0,S
1197,3063,2021-06-11T01:19:58.704000+00:00,1.0,P
1197,3343,2021-06-11T01:20:01.504000+00:00,1.0,S
1198,3063,2021-06-11T01:19:58.704000+00:00,1.0,P
1198,3343,2021-06-11T01:20:01.504000+00:00,1.0,S
1199,3063,2021-06-11T01:19:58.704000+00:00,1.0,P
1199,3343,2021-06-11T01:20:01.504000+00:00,1.0,S
1200,3063,2021-06-11T01:19:58.704000+00:00,1.0,P
1200,3343,2021-06-11T01:20:01.504000+00:00,1.0,S
1201,3063,2021-06-11T01:19:58.704000+00:00,1.0,P
1201,3343,2021-06-11T01:20:01.504000+00:00,1.0,S
1202,3063,2021-06-11T01:19:58.704000+00:00,1.0,P
1202,3343,2021-06-11T01:20:01.504000+00:00,1.0,S
1203,3063,2021-06-11T01:19:58.704000+00:00,1.0,P
1203,3343,2021-06-11T01:20:01.504000+00:00,1.0,S
1204,3063,2021-06-11T01:19:58.704000+00:00,1.0,P
1204,3343,2021-06-11T01:20:01.504000+00:00,1.0,S
1205,3063,2021-06-11T01:19:58.704000+00:00,1.0,P
1205,3343,2021-06-11T01:20:01.504000+00:00,1.0,S
1206,3063,2021-06-11T01:19:58.704000+00:00,1.0,P
1206,3343,2021-06-11T01:20:01.504000+00:00,1.0,S
1207,3063,2021-06-11T01:19:58.704000+00:00,1.0,P
1207,3343,2021-06-11T01:20:01.504000+00:00,1.0,S
1208,3063,2021-06-11T01:19:58.704000+00:00,1.0,P
1208,3343,2021-06-11T01:20:01.504000+00:00,1.0,S
1209,3063,2021-06-11T01:19:58.704000+00:00,1.0,P
1209,3343,2021-06-11T01:20:01.504000+00:00,1.0,S
1210,3063,2021-06-11T01:19:58.704000+00:00,1.0,P
1210,3342,2021-06-11T01:20:01.494000+00:00,1.0,S
1211,3063,2021-06-11T01:19:58.704000+00:00,1.0,P
1211,3342,2021-06-11T01:20:01.494000+00:00,1.0,S
1212,3063,2021-06-11T01:19:58.704000+00:00,1.0,P
1212,3342,2021-06-11T01:20:01.494000+00:00,1.0,S
1213,3063,2021-06-11T01:19:58.704000+00:00,1.0,P
1213,3342,2021-06-11T01:20:01.494000+00:00,1.0,S
1214,3062,2021-06-11T01:19:58.694000+00:00,1.0,P
1214,3342,2021-06-11T01:20:01.494000+00:00,1.0,S
1215,3062,2021-06-11T01:19:58.694000+00:00,1.0,P
1215,3342,2021-06-11T01:20:01.494000+00:00,1.0,S
1216,3062,2021-06-11T01:19:58.694000+00:00,1.0,P
1216,3342,2021-06-11T01:20:01.494000+00:00,1.0,S
1217,3062,2021-06-11T01:19:58.694000+00:00,1.0,P
1217,3342,2021-06-11T01:20:01.494000+00:00,1.0,S
1218,3062,2021-06-11T01:19:58.694000+00:00,1.0,P
1218,3342,2021-06-11T01:20:01.494000+00:00,1.0,S
1219,3062,2021-06-11T01:19:58.694000+00:00,1.0,P
1219,3342,2021-06-11T01:20:01.494000+00:00,1.0,S
1220,3062,2021-06-11T01:19:58.694000+00:00,1.0,P
1220,3342,2021-06-11T01:20:01.494000+00:00,1.0,S
1221,3062,2021-06-11T01:19:58.694000+00:00,1.0,P
1221,3341,2021-06-11T01:20:01.484000+00:00,1.0,S
1222,3062,2021-06-11T01:19:58.694000+00:00,1.0,P
1222,3341,2021-06-11T01:20:01.484000+00:00,1.0,S
1223,3062,2021-06-11T01:19:58.694000+00:00,1.0,P
1223,3341,2021-06-11T01:20:01.484000+00:00,1.0,S
1224,3062,2021-06-11T01:19:58.694000+00:00,1.0,P
1224,3341,2021-06-11T01:20:01.484000+00:00,1.0,S
1225,3062,2021-06-11T01:19:58.694000+00:00,1.0,P
1225,3341,2021-06-11T01:20:01.484000+00:00,1.0,S
1226,3062,2021-06-11T01:19:58.694000+00:00,1.0,P
1226,3341,2021-06-11T01:20:01.484000+00:00,1.0,S
1227,3062,2021-06-11T01:19:58.694000+00:00,1.0,P
1227,3341,2021-06-11T01:20:01.484000+00:00,1.0,S
1228,3062,2021-06-11T01:19:58.694000+00:00,1.0,P
1228,3341,2021-06-11T01:20:01.484000+00:00,1.0,S
1229,3062,2021-06-11T01:19:58.694000+00:00,1.0,P
1229,3341,2021-06-11T01:20:01.484000+00:00,1.0,S
1230,3062,2021-06-11T01:19:58.694000+00:00,1.0,P
1230,3340,2021-06-11T01:20:01.474000+00:00,1.0,S
1231,3062,2021-06-11T01:19:58.694000+00:00,1.0,P
1231,3340,2021-06-11T01:20:01.474000+00:00,1.0,S
1232,3062,2021-06-11T01:19:58.694000+00:00,1.0,P
1232,3340,2021-06-11T01:20:01.474000+00:00,1.0,S
1233,3062,2021-06-11T01:19:58.694000+00:00,1.0,P
1233,3340,2021-06-11T01:20:01.474000+00:00,1.0,S
1234,3062,2021-06-11T01:19:58.694000+00:00,1.0,P
1234,3340,2021-06-11T01:20:01.474000+00:00,1.0,S
1235,3062,2021-06-11T01:19:58.694000+00:00,1.0,P
1235,3340,2021-06-11T01:20:01.474000+00:00,1.0,S
1236,3062,2021-06-11T01:19:58.694000+00:00,1.0,P
1236,3340,2021-06-11T01:20:01.474000+00:00,1.0,S
1237,3061,2021-06-11T01:19:58.684000+00:00,1.0,P
1237,3340,2021-06-11T01:20:01.474000+00:00,1.0,S
1238,3061,2021-06-11T01:19:58.684000+00:00,1.0,P
1238,3339,2021-06-11T01:20:01.464000+00:00,1.0,S
1239,3061,2021-06-11T01:19:58.684000+00:00,1.0,P
1239,3339,2021-06-11T01:20:01.464000+00:00,1.0,S
1240,3061,2021-06-11T01:19:58.684000+00:00,1.0,P
1240,3339,2021-06-11T01:20:01.464000+00:00,1.0,S
1241,3061,2021-06-11T01:19:58.684000+00:00,1.0,P
1241,3339,2021-06-11T01:20:01.464000+00:00,1.0,S
1242,3061,2021-06-11T01:19:58.684000+00:00,1.0,P
1242,3339,2021-06-11T01:20:01.464000+00:00,1.0,S
1243,3061,2021-06-11T01:19:58.684000+00:00,1.0,P
1243,3339,2021-06-11T01:20:01.464000+00:00,1.0,S
1244,3061,2021-06-11T01:19:58.684000+00:00,1.0,P
1244,3339,2021-06-11T01:20:01.464000+00:00,1.0,S
1245,3061,2021-06-11T01:19:58.684000+00:00,1.0,P
1245,3338,2021-06-11T01:20:01.454000+00:00,1.0,S
1246,3061,2021-06-11T01:19:58.684000+00:00,1.0,P
1246,3338,2021-06-11T01:20:01.454000+00:00,1.0,S
1247,3061,2021-06-11T01:19:58.684000+00:00,1.0,P
1247,3338,2021-06-11T01:20:01.454000+00:00,1.0,S
1248,3061,2021-06-11T01:19:58.684000+00:00,1.0,P
1248,3338,2021-06-11T01:20:01.454000+00:00,1.0,S
1249,3061,2021-06-11T01:19:58.684000+00:00,1.0,P
1249,3338,2021-06-11T01:20:01.454000+00:00,1.0,S
1250,3061,2021-06-11T01:19:58.684000+00:00,1.0,P
1250,3338,2021-06-11T01:20:01.454000+00:00,1.0,S
1251,3061,2021-06-11T01:19:58.684000+00:00,1.0,P
1251,3338,2021-06-11T01:20:01.454000+00:00,1.0,S
1252,3061,2021-06-11T01:19:58.684000+00:00,1.0,P
1252,3337,2021-06-11T01:20:01.443999+00:00,1.0,S
1253,3061,2021-06-11T01:19:58.684000+00:00,1.0,P
1253,3337,2021-06-11T01:20:01.443999+00:00,1.0,S
1254,3061,2021-06-11T01:19:58.684000+00:00,1.0,P
1254,3337,2021-06-11T01:20:01.443999+00:00,1.0,S
1255,3060,2021-06-11T01:19:58.674000+00:00,1.0,P
1255,3337,2021-06-11T01:20:01.443999+00:00,1.0,S
1256,3060,2021-06-11T01:19:58.674000+00:00,1.0,P
1256,3337,2021-06-11T01:20:01.443999+00:00,1.0,S
1257,3060,2021-06-11T01:19:58.674000+00:00,1.0,P
1257,3336,2021-06-11T01:20:01.434000+00:00,1.0,S
1258,3060,2021-06-11T01:19:58.674000+00:00,1.0,P
1258,3336,2021-06-11T01:20:01.434000+00:00,1.0,S
1259,3060,2021-06-11T01:19:58.674000+00:00,1.0,P
1259,3336,2021-06-11T01:20:01.434000+00:00,1.0,S
1260,3060,2021-06-11T01:19:58.674000+00:00,1.0,P
1260,3336,2021-06-11T01:20:01.434000+00:00,1.0,S
1261,3060,2021-06-11T01:19:58.674000+00:00,1.0,P
1261,3336,2021-06-11T01:20:01.434000+00:00,1.0,S
1262,3060,2021-06-11T01:19:58.674000+00:00,1.0,P
1262,3335,2021-06-11T01:20:01.424000+00:00,1.0,S
1263,3060,2021-06-11T01:19:58.674000+00:00,1.0,P
1263,3335,2021-06-11T01:20:01.424000+00:00,1.0,S
1264,3060,2021-06-11T01:19:58.674000+00:00,1.0,P
1264,3335,2021-06-11T01:20:01.424000+00:00,1.0,S
1265,3060,2021-06-11T01:19:58.674000+00:00,1.0,P
1265,3335,2021-06-11T01:20:01.424000+00:00,1.0,S
1266,3060,2021-06-11T01:19:58.674000+00:00,1.0,P
1266,3335,2021-06-11T01:20:01.424000+00:00,1.0,S
1267,3060,2021-06-11T01:19:58.674000+00:00,1.0,P
1267,3335,2021-06-11T01:20:01.424000+00:00,1.0,S
1268,3060,2021-06-11T01:19:58.674000+00:00,1.0,P
1268,3334,2021-06-11T01:20:01.414000+00:00,1.0,S
1269,3060,2021-06-11T01:19:58.674000+00:00,1.0,P
1269,3334,2021-06-11T01:20:01.414000+00:00,1.0,S
1270,3059,2021-06-11T01:19:58.664000+00:00,1.0,P
1270,3334,2021-06-11T01:20:01.414000+00:00,1.0,S
1271,3059,2021-06-11T01:19:58.664000+00:00,1.0,P
1271,3334,2021-06-11T01:20:01.414000+00:00,1.0,S
1272,3059,2021-06-11T01:19:58.664000+00:00,1.0,P
1272,3334,2021-06-11T01:20:01.414000+00:00,1.0,S
1273,3059,2021-06-11T01:19:58.664000+00:00,1.0,P
1273,3334,2021-06-11T01:20:01.414000+00:00,1.0,S
1274,3059,2021-06-11T01:19:58.664000+00:00,1.0,P
1274,3333,2021-06-11T01:20:01.404000+00:00,1.0,S
1275,3059,2021-06-11T01:19:58.664000+00:00,1.0,P
1275,3333,2021-06-11T01:20:01.404000+00:00,1.0,S
1276,3059,2021-06-11T01:19:58.664000+00:00,1.0,P
1276,3333,2021-06-11T01:20:01.404000+00:00,1.0,S
1277,3059,2021-06-11T01:19:58.664000+00:00,1.0,P
1277,3333,2021-06-11T01:20:01.404000+00:00,1.0,S
1278,3059,2021-06-11T01:19:58.664000+00:00,1.0,P
1278,3333,2021-06-11T01:20:01.404000+00:00,1.0,S
1279,3059,2021-06-11T01:19:58.664000+00:00,1.0,P
1279,3332,2021-06-11T01:20:01.394000+00:00,1.0,S
1280,3059,2021-06-11T01:19:58.664000+00:00,1.0,P
1280,3332,2021-06-11T01:20:01.394000+00:00,1.0,S
1281,3059,2021-06-11T01:19:58.664000+00:00,1.0,P
1281,3332,2021-06-11T01:20:01.394000+00:00,1.0,S
1282,3059,2021-06-11T01:19:58.664000+00:00,1.0,P
1282,3332,2021-06-11T01:20:01.394000+00:00,1.0,S
1283,3059,2021-06-11T01:19:58.664000+00:00,1.0,P
1283,3332,2021-06-11T01:20:01.394000+00:00,1.0,S
1284,3058,2021-06-11T01:19:58.654000+00:00,1.0,P
1284,3332,2021-06-11T01:20:01.394000+00:00,1.0,S
1285,3058,2021-06-11T01:19:58.654000+00:00,1.0,P
1285,3331,2021-06-11T01:20:01.384000+00:00,1.0,S
1286,3058,2021-06-11T01:19:58.654000+00:00,1.0,P
1286,3331,2021-06-11T01:20:01.384000+00:00,1.0,S
1287,3058,2021-06-11T01:19:58.654000+00:00,1.0,P
1287,3331,2021-06-11T01:20:01.384000+00:00,1.0,S
1288,3058,2021-06-11T01:19:58.654000+00:00,1.0,P
1288,3331,2021-06-11T01:20:01.384000+00:00,1.0,S
1289,3058,2021-06-11T01:19:58.654000+00:00,1.0,P
1289,3331,2021-06-11T01:20:01.384000+00:00,1.0,S
1290,3058,2021-06-11T01:19:58.654000+00:00,1.0,P
1290,3331,2021-06-11T01:20:01.384000+00:00,1.0,S
1291,3058,2021-06-11T01:19:58.654000+00:00,1.0,P
1291,3331,2021-06-11T01:20:01.384000+00:00,1.0,S
1292,3058,2021-06-11T01:19:58.654000+00:00,1.0,P
1292,3331,2021-06-11T01:20:01.384000+00:00,1.0,S
1293,3058,2021-06-11T01:19:58.654000+00:00,1.0,P
1293,3330,2021-06-11T01:20:01.373999+00:00,1.0,S
1294,3058,2021-06-11T01:19:58.654000+00:00,1.0,P
1294,3330,2021-06-11T01:20:01.373999+00:00,1.0,S
1295,3058,2021-06-11T01:19:58.654000+00:00,1.0,P
1295,3330,2021-06-11T01:20:01.373999+00:00,1.0,S
1296,3058,2021-06-11T01:19:58.654000+00:00,1.0,P
1296,3330,2021-06-11T01:20:01.373999+00:00,1.0,S
1297,3057,2021-06-11T01:19:58.644000+00:00,1.0,P
1297,3330,2021-06-11T01:20:01.373999+00:00,1.0,S
1298,3057,2021-06-11T01:19:58.644000+00:00,1.0,P
1298,3330,2021-06-11T01:20:01.373999+00:00,1.0,S
1299,3057,2021-06-11T01:19:58.644000+00:00,1.0,P
1299,3330,2021-06-11T01:20:01.373999+00:00,1.0,S
1300,3057,2021-06-11T01:19:58.644000+00:00,1.0,P
1300,3329,2021-06-11T01:20:01.364000+00:00,1.0,S
1301,3057,2021-06-11T01:19:58.644000+00:00,1.0,P
1301,3329,2021-06-11T01:20:01.364000+00:00,1.0,S
1302,3057,2021-06-11T01:19:58.644000+00:00,1.0,P
1302,3329,2021-06-11T01:20:01.364000+00:00,1.0,S
1303,3057,2021-06-11T01:19:58.644000+00:00,1.0,P
1303,3329,2021-06-11T01:20:01.364000+00:00,1.0,S
1304,3057,2021-06-11T01:19:58.644000+00:00,1.0,P
1304,3329,2021-06-11T01:20:01.364000+00:00,1.0,S
1305,3057,2021-06-11T01:19:58.644000+00:00,1.0,P
1305,3329,2021-06-11T01:20:01.364000+00:00,1.0,S
1306,3057,2021-06-11T01:19:58.644000+00:00,1.0,P
1306,3328,2021-06-11T01:20:01.354000+00:00,1.0,S
1307,3057,2021-06-11T01:19:58.644000+00:00,1.0,P
1307,3328,2021-06-11T01:20:01.354000+00:00,1.0,S
1308,3057,2021-06-11T01:19:58.644000+00:00,1.0,P
1308,3328,2021-06-11T01:20:01.354000+00:00,1.0,S
1309,3056,2021-06-11T01:19:58.634000+00:00,1.0,P
1309,3328,2021-06-11T01:20:01.354000+00:00,1.0,S
1310,3056,2021-06-11T01:19:58.634000+00:00,1.0,P
1310,3328,2021-06-11T01:20:01.354000+00:00,1.0,S
1311,3056,2021-06-11T01:19:58.634000+00:00,1.0,P
1311,3328,2021-06-11T01:20:01.354000+00:00,1.0,S
1312,3056,2021-06-11T01:19:58.634000+00:00,1.0,P
1312,3328,2021-06-11T01:20:01.354000+00:00,1.0,S
1313,3056,2021-06-11T01:19:58.634000+00:00,1.0,P
1313,3327,2021-06-11T01:20:01.344000+00:00,1.0,S
1314,3056,2021-06-11T01:19:58.634000+00:00,1.0,P
1314,3327,2021-06-11T01:20:01.344000+00:00,1.0,S
1315,3056,2021-06-11T01:19:58.634000+00:00,1.0,P
1315,3327,2021-06-11T01:20:01.344000+00:00,1.0,S
1316,3056,2021-06-11T01:19:58.634000+00:00,1.0,P
1316,3327,2021-06-11T01:20:01.344000+00:00,1.0,S
1317,3056,2021-06-11T01:19:58.634000+00:00,1.0,P
1317,3327,2021-06-11T01:20:01.344000+00:00,1.0,S
1318,3056,2021-06-11T01:19:58.634000+00:00,1.0,P
1318,3327,2021-06-11T01:20:01.344000+00:00,1.0,S
1319,3056,2021-06-11T01:19:58.634000+00:00,1.0,P
1319,3326,2021-06-11T01:20:01.333999+00:00,1.0,S
1320,3056,2021-06-11T01:19:58.634000+00:00,1.0,P
1320,3326,2021-06-11T01:20:01.333999+00:00,1.0,S
1321,3055,2021-06-11T01:19:58.624000+00:00,1.0,P
1321,3326,2021-06-11T01:20:01.333999+00:00,1.0,S
1322,3055,2021-06-11T01:19:58.624000+00:00,1.0,P
1322,3326,2021-06-11T01:20:01.333999+00:00,1.0,S
1323,3055,2021-06-11T01:19:58.624000+00:00,1.0,P
1323,3325,2021-06-11T01:20:01.324000+00:00,1.0,S
1324,3055,2021-06-11T01:19:58.624000+00:00,1.0,P
1324,3325,2021-06-11T01:20:01.324000+00:00,1.0,S
1325,3055,2021-06-11T01:19:58.624000+00:00,1.0,P
1325,3325,2021-06-11T01:20:01.324000+00:00,1.0,S
1326,3055,2021-06-11T01:19:58.624000+00:00,1.0,P
1326,3325,2021-06-11T01:20:01.324000+00:00,1.0,S
1327,3055,2021-06-11T01:19:58.624000+00:00,1.0,P
1327,3324,2021-06-11T01:20:01.314000+00:00,1.0,S
1328,3055,2021-06-11T01:19:58.624000+00:00,1.0,P
1328,3324,2021-06-11T01:20:01.314000+00:00,1.0,S
1329,3055,2021-06-11T01:19:58.624000+00:00,1.0,P
1329,3324,2021-06-11T01:20:01.314000+00:00,1.0,S
1330,3055,2021-06-11T01:19:58.624000+00:00,1.0,P
1330,3324,2021-06-11T01:20:01.314000+00:00,1.0,S
1331,3055,2021-06-11T01:19:58.624000+00:00,1.0,P
1331,3323,2021-06-11T01:20:01.304000+00:00,1.0,S
1332,3055,2021-06-11T01:19:58.624000+00:00,1.0,P
1332,3323,2021-06-11T01:20:01.304000+00:00,1.0,S
1333,3054,2021-06-11T01:19:58.614000+00:00,1.0,P
1333,3323,2021-06-11T01:20:01.304000+00:00,1.0,S
1334,3054,2021-06-11T01:19:58.614000+00:00,1.0,P
1334,3323,2021-06-11T01:20:01.304000+00:00,1.0,S
1335,3054,2021-06-11T01:19:58.614000+00:00,1.0,P
1335,3322,2021-06-11T01:20:01.294000+00:00,1.0,S
1336,3054,2021-06-11T01:19:58.614000+00:00,1.0,P
1336,3322,2021-06-11T01:20:01.294000+00:00,1.0,S
1337,3054,2021-06-11T01:19:58.614000+00:00,1.0,P
1337,3322,2021-06-11T01:20:01.294000+00:00,1.0,S
1338,3054,2021-06-11T01:19:58.614000+00:00,1.0,P
1338,3322,2021-06-11T01:20:01.294000+00:00,1.0,S
1339,3054,2021-06-11T01:19:58.614000+00:00,1.0,P
1339,3321,2021-06-11T01:20:01.284000+00:00,1.0,S
1340,3054,2021-06-11T01:19:58.614000+00:00,1.0,P
1340,3321,2021-06-11T01:20:01.284000+00:00,1.0,S
1341,3054,2021-06-11T01:19:58.614000+00:00,1.0,P
1341,3321,2021-06-11T01:20:01.284000+00:00,1.0,S
1342,3054,2021-06-11T01:19:58.614000+00:00,1.0,P
1342,3321,2021-06-11T01:20:01.284000+00:00,1.0,S
1343,3054,2021-06-11T01:19:58.614000+00:00,1.0,P
1343,3321,2021-06-11T01:20:01.284000+00:00,1.0,S
1344,3053,2021-06-11T01:19:58.604000+00:00,1.0,P
1344,3320,2021-06-11T01:20:01.274000+00:00,1.0,S
1345,3053,2021-06-11T01:19:58.604000+00:00,1.0,P
1345,3320,2021-06-11T01:20:01.274000+00:00,1.0,S
1346,3053,2021-06-11T01:19:58.604000+00:00,1.0,P
1346,3320,2021-06-11T01:20:01.274000+00:00,1.0,S
1347,3053,2021-06-11T01:19:58.604000+00:00,1.0,P
1347,3320,2021-06-11T01:20:01.274000+00:00,1.0,S
1348,3053,2021-06-11T01:19:58.604000+00:00,1.0,P
1348,3319,2021-06-11T01:20:01.263999+00:00,1.0,S
1349,3053,2021-06-11T01:19:58.604000+00:00,1.0,P
1349,3319,2021-06-11T01:20:01.263999+00:00,1.0,S
1350,3053,2021-06-11T01:19:58.604000+00:00,1.0,P
1350,3319,2021-06-11T01:20:01.263999+00:00,1.0,S
1351,3053,2021-06-11T01:19:58.604000+00:00,1.0,P
1351,3319,2021-06-11T01:20:01.263999+00:00,1.0,S
1352,3053,2021-06-11T01:19:58.604000+00:00,1.0,P
1352,3318,2021-06-11T01:20:01.254000+00:00,1.0,S
1353,3053,2021-06-11T01:19:58.604000+00:00,1.0,P
1353,3318,2021-06-11T01:20:01.254000+00:00,1.0,S
1354,3052,2021-06-11T01:19:58.594000+00:00,1.0,P
1354,3318,2021-06-11T01:20:01.254000+00:00,1.0,S
1355,3052,2021-06-11T01:19:58.594000+00:00,1.0,P
1355,3318,2021-06-11T01:20:01.254000+00:00,1.0,S
1356,3052,2021-06-11T01:19:58.594000+00:00,1.0,P
1356,3317,2021-06-11T01:20:01.244000+00:00,1.0,S
1357,3052,2021-06-11T01:19:58.594000+00:00,1.0,P
1357,3317,2021-06-11T01:20:01.244000+00:00,1.0,S
1358,3052,2021-06-11T01:19:58.594000+00:00,1.0,P
1358,3317,2021-06-11T01:20:01.244000+00:00,1.0,S
1359,3052,2021-06-11T01:19:58.594000+00:00,1.0,P
1359,3316,2021-06-11T01:20:01.234000+00:00,1.0,S
1360,3052,2021-06-11T01:19:58.594000+00:00,1.0,P
1360,3316,2021-06-11T01:20:01.234000+00:00,1.0,S
1361,3052,2021-06-11T01:19:58.594000+00:00,1.0,P
1361,3316,2021-06-11T01:20:01.234000+00:00,1.0,S
1362,3052,2021-06-11T01:19:58.594000+00:00,1.0,P
1362,3316,2021-06-11T01:20:01.234000+00:00,1.0,S
1363,3051,2021-06-11T01:19:58.584000+00:00,1.0,P
1363,3315,2021-06-11T01:20:01.224000+00:00,1.0,S
1364,3051,2021-06-11T01:19:58.584000+00:00,1.0,P
1364,3315,2021-06-11T01:20:01.224000+00:00,1.0,S
1365,3051,2021-06-11T01:19:58.584000+00:00,1.0,P
1365,3315,2021-06-11T01:20:01.224000+00:00,1.0,S
1366,3051,2021-06-11T01:19:58.584000+00:00,1.0,P
1366,3315,2021-06-11T01:20:01.224000+00:00,1.0,S
1367,3051,2021-06-11T01:19:58.584000+00:00,1.0,P
1367,3314,2021-06-11T01:20:01.214000+00:00,1.0,S
1368,3051,2021-06-11T01:19:58.584000+00:00,1.0,P
1368,3314,2021-06-11T01:20:01.214000+00:00,1.0,S
1369,3051,2021-06-11T01:19:58.584000+00:00,1.0,P
1369,3314,2021-06-11T01:20:01.214000+00:00,1.0,S
1370,3051,2021-06-11T01:19:58.584000+00:00,1.0,P
1370,3313,2021-06-11T01:20:01.204000+00:00,1.0,S
1371,3050,2021-06-11T01:19:58.574000+00:00,1.0,P
1371,3313,2021-06-11T01:20:01.204000+00:00,1.0,S
1372,3050,2021-06-11T01:19:58.574000+00:00,1.0,P
1372,3312,2021-06-11T01:20:01.193999+00:00,1.0,S
1373,3050,2021-06-11T01:19:58.574000+00:00,1.0,P
1373,3312,2021-06-11T01:20:01.193999+00:00,1.0,S
1374,3050,2021-06-11T01:19:58.574000+00:00,1.0,P
1374,3312,2021-06-11T01:20:01.193999+00:00,1.0,S
1375,3050,2021-06-11T01:19:58.574000+00:00,1.0,P
1375,3311,2021-06-11T01:20:01.184000+00:00,1.0,S
1376,3050,2021-06-11T01:19:58.574000+00:00,1.0,P
1376,3311,2021-06-11T01:20:01.184000+00:00,1.0,S
1377,3050,2021-06-11T01:19:58.574000+00:00,1.0,P
1377,3311,2021-06-11T01:20:01.184000+00:00,1.0,S
1378,3050,2021-06-11T01:19:58.574000+00:00,1.0,P
1378,3311,2021-06-11T01:20:01.184000+00:00,1.0,S
1379,3049,2021-06-11T01:19:58.564000+00:00,1.0,P
1379,3310,2021-06-11T01:20:01.174000+00:00,1.0,S
1380,3049,2021-06-11T01:19:58.564000+00:00,1.0,P
1380,3310,2021-06-11T01:20:01.174000+00:00,1.0,S
1381,3049,2021-06-11T01:19:58.564000+00:00,1.0,P
1381,3310,2021-06-11T01:20:01.174000+00:00,1.0,S
1382,3049,2021-06-11T01:19:58.564000+00:00,1.0,P
1382,3309,2021-06-11T01:20:01.164000+00:00,1.0,S
1383,3049,2021-06-11T01:19:58.564000+00:00,1.0,P
1383,3309,2021-06-11T01:20:01.164000+00:00,1.0,S
1384,3049,2021-06-11T01:19:58.564000+00:00,1.0,P
1384,3309,2021-06-11T01:20:01.164000+00:00,1.0,S
1385,3049,2021-06-11T01:19:58.564000+00:00,1.0,P
1385,3309,2021-06-11T01:20:01.164000+00:00,1.0,S
1386,3049,2021-06-11T01:19:58.564000+00:00,1.0,P
1386,3308,2021-06-11T01:20:01.154000+00:00,1.0,S
1387,3048,2021-06-11T01:19:58.554000+00:00,1.0,P
1387,3308,2021-06-11T01:20:01.154000+00:00,1.0,S
1388,3048,2021-06-11T01:19:58.554000+00:00,1.0,P
1388,3308,2021-06-11T01:20:01.154000+00:00,1.0,S
1389,3048,2021-06-11T01:19:58.554000+00:00,1.0,P
1389,3307,2021-06-11T01:20:01.144000+00:00,1.0,S
1390,3048,2021-06-11T01:19:58.554000+00:00,1.0,P
1390,3307,2021-06-11T01:20:01.144000+00:00,1.0,S
1391,3048,2021-06-11T01:19:58.554000+00:00,1.0,P
1391,3307,2021-06-11T01:20:01.144000+00:00,1.0,S
1392,3048,2021-06-11T01:19:58.554000+00:00,1.0,P
1392,3307,2021-06-11T01:20:01.144000+00:00,1.0,S
1393,3048,2021-06-11T01:19:58.554000+00:00,1.0,P
1393,3306,2021-06-11T01:20:01.134000+00:00,1.0,S
1394,3047,2021-06-11T01:19:58.544000+00:00,1.0,P
1394,3306,2021-06-11T01:20:01.134000+00:00,1.0,S
1395,3047,2021-06-11T01:19:58.544000+00:00,1.0,P
1395,3306,2021-06-11T01:20:01.134000+00:00,1.0,S
1396,3047,2021-06-11T01:19:58.544000+00:00,1.0,P
1396,3306,2021-06-11T01:20:01.134000+00:00,1.0,S
1397,3047,2021-06-11T01:19:58.544000+00:00,1.0,P
1397,3305,2021-06-11T01:20:01.123999+00:00,1.0,S
1398,3047,2021-06-11T01:19:58.544000+00:00,1.0,P
1398,3305,2021-06-11T01:20:01.123999+00:00,1.0,S
1399,3047,2021-06-11T01:19:58.544000+00:00,1.0,P
1399,3305,2021-06-11T01:20:01.123999+00:00,1.0,S
1400,3047,2021-06-11T01:19:58.544000+00:00,1.0,P
1400,3304,2021-06-11T01:20:01.114000+00:00,1.0,S
1401,3047,2021-06-11T01:19:58.544000+00:00,1.0,P
1401,3304,2021-06-11T01:20:01.114000+00:00,1.0,S
1402,3046,2021-06-11T01:19:58.534000+00:00,1.0,P
1402,3304,2021-06-11T01:20:01.114000+00:00,1.0,S
1403,3046,2021-06-11T01:19:58.534000+00:00,1.0,P
1403,3303,2021-06-11T01:20:01.104000+00:00,1.0,S
1404,3046,2021-06-11T01:19:58.534000+00:00,1.0,P
1404,3303,2021-06-11T01:20:01.104000+00:00,1.0,S
1405,3046,2021-06-11T01:19:58.534000+00:00,1.0,P
1405,3303,2021-06-11T01:20:01.104000+00:00,1.0,S
1406,3046,2021-06-11T01:19:58.534000+00:00,1.0,P
1406,3302,2021-06-11T01:20:01.094000+00:00,1.0,S
1407,3046,2021-06-11T01:19:58.534000+00:00,1.0,P
1407,3302,2021-06-11T01:20:01.094000+00:00,1.0,S
1408,3046,2021-06-11T01:19:58.534000+00:00,1.0,P
1408,3301,2021-06-11T01:20:01.083999+00:00,1.0,S
1409,3045,2021-06-11T01:19:58.524000+00:00,1.0,P
1409,3301,2021-06-11T01:20:01.083999+00:00,1.0,S
1410,3045,2021-06-11T01:19:58.524000+00:00,1.0,P
1410,3300,2021-06-11T01:20:01.074000+00:00,1.0,S
1411,3045,2021-06-11T01:19:58.524000+00:00,1.0,P
1411,3300,2021-06-11T01:20:01.074000+00:00,1.0,S
1412,3045,2021-06-11T01:19:58.524000+00:00,1.0,P
1412,3300,2021-06-11T01:20:01.074000+00:00,1.0,S
1413,3045,2021-06-11T01:19:58.524000+00:00,1.0,P
1413,3299,2021-06-11T01:20:01.064000+00:00,1.0,S
1414,3045,2021-06-11T01:19:58.524000+00:00,1.0,P
1414,3299,2021-06-11T01:20:01.064000+00:00,1.0,S
1415,3045,2021-06-11T01:19:58.524000+00:00,1.0,P
1415,3298,2021-06-11T01:20:01.054000+00:00,1.0,S
1416,3044,2021-06-11T01:19:58.514000+00:00,1.0,P
1416,3298,2021-06-11T01:20:01.054000+00:00,1.0,S
1417,3044,2021-06-11T01:19:58.514000+00:00,1.0,P
1417,3298,2021-06-11T01:20:01.054000+00:00,1.0,S
1418,3044,2021-06-11T01:19:58.514000+00:00,1.0,P
1418,3297,2021-06-11T01:20:01.044000+00:00,1.0,S
1419,3044,2021-06-11T01:19:58.514000+00:00,1.0,P
1419,3297,2021-06-11T01:20:01.044000+00:00,1.0,S
1420,3044,2021-06-11T01:19:58.514000+00:00,1.0,P
1420,3296,2021-06-11T01:20:01.034000+00:00,1.0,S
1421,3044,2021-06-11T01:19:58.514000+00:00,1.0,P
1421,3296,2021-06-11T01:20:01.034000+00:00,1.0,S
1422,3044,2021-06-11T01:19:58.514000+00:00,1.0,P
1422,3296,2021-06-11T01:20:01.034000+00:00,1.0,S
1423,3043,2021-06-11T01:19:58.504000+00:00,1.0,P
1423,3295,2021-06-11T01:20:01.024000+00:00,1.0,S
1424,3043,2021-06-11T01:19:58.504000+00:00,1.0,P
1424,3295,2021-06-11T01:20:01.024000+00:00,1.0,S
1425,3043,2021-06-11T01:19:58.504000+00:00,1.0,P
1425,3295,2021-06-11T01:20:01.024000+00:00,1.0,S
1426,3043,2021-06-11T01:19:58.504000+00:00,1.0,P
1426,3294,2021-06-11T01:20:01.013999+00:00,1.0,S
1427,3043,2021-06-11T01:19:58.504000+00:00,1.0,P
1427,3294,2021-06-11T01:20:01.013999+00:00,1.0,S
1428,3043,2021-06-11T01:19:58.504000+00:00,1.0,P
1428,3294,2021-06-11T01:20:01.013999+00:00,1.0,S
1429,3043,2021-06-11T01:19:58.504000+00:00,1.0,P
1429,3293,2021-06-11T01:20:01.004000+00:00,1.0,S
1430,3042,2021-06-11T01:19:58.494000+00:00,1.0,P
1430,3293,2021-06-11T01:20:01.004000+00:00,1.0,S
1431,3042,2021-06-11T01:19:58.494000+00:00,1.0,P
1431,3292,2021-06-11T01:20:00.994000+00:00,1.0,S
1432,3042,2021-06-11T01:19:58.494000+00:00,1.0,P
1432,3292,2021-06-11T01:20:00.994000+00:00,1.0,S
1433,3042,2021-06-11T01:19:58.494000+00:00,1.0,P
1433,3292,2021-06-11T01:20:00.994000+00:00,1.0,S
1434,3042,2021-06-11T01:19:58.494000+00:00,1.0,P
1434,3291,2021-06-11T01:20:00.984000+00:00,1.0,S
1435,3042,2021-06-11T01:19:58.494000+00:00,1.0,P
1435,3291,2021-06-11T01:20:00.984000+00:00,1.0,S
1436,3042,2021-06-11T01:19:58.494000+00:00,1.0,P
1436,3290,2021-06-11T01:20:00.974000+00:00,1.0,S
1437,3041,2021-06-11T01:19:58.484000+00:00,1.0,P
1437,3290,2021-06-11T01:20:00.974000+00:00,1.0,S
1438,3041,2021-06-11T01:19:58.484000+00:00,1.0,P
1438,3289,2021-06-11T01:20:00.964000+00:00,1.0,S
1439,3041,2021-06-11T01:19:58.484000+00:00,1.0,P
1439,3289,2021-06-11T01:20:00.964000+00:00,1.0,S
1440,3041,2021-06-11T01:19:58.484000+00:00,1.0,P
1440,3289,2021-06-11T01:20:00.964000+00:00,1.0,S
1441,3041,2021-06-11T01:19:58.484000+00:00,1.0,P
1441,3288,2021-06-11T01:20:00.954000+00:00,1.0,S
1442,3041,2021-06-11T01:19:58.484000+00:00,1.0,P
1442,3288,2021-06-11T01:20:00.954000+00:00,1.0,S
1443,3040,2021-06-11T01:19:58.474000+00:00,1.0,P
1443,3287,2021-06-11T01:20:00.943999+00:00,1.0,S
1444,3040,2021-06-11T01:19:58.474000+00:00,1.0,P
1444,3287,2021-06-11T01:20:00.943999+00:00,1.0,S
1445,3040,2021-06-11T01:19:58.474000+00:00,1.0,P
1445,3286,2021-06-11T01:20:00.934000+00:00,1.0,S
1446,3040,2021-06-11T01:19:58.474000+00:00,1.0,P
1446,3286,2021-06-11T01:20:00.934000+00:00,1.0,S
1447,3040,2021-06-11T01:19:58.474000+00:00,1.0,P
1447,3285,2021-06-11T01:20:00.924000+00:00,1.0,S
1448,3040,2021-06-11T01:19:58.474000+00:00,1.0,P
1448,3285,2021-06-11T01:20:00.924000+00:00,1.0,S
1449,3040,2021-06-11T01:19:58.474000+00:00,1.0,P
1449,3285,2021-06-11T01:20:00.924000+00:00,1.0,S
1450,3039,2021-06-11T01:19:58.464000+00:00,1.0,P
1450,3284,2021-06-11T01:20:00.914000+00:00,1.0,S
1451,3039,2021-06-11T01:19:58.464000+00:00,1.0,P
1451,3284,2021-06-11T01:20:00.914000+00:00,1.0,S
1452,3039,2021-06-11T01:19:58.464000+00:00,1.0,P
1452,3283,2021-06-11T01:20:00.904000+00:00,1.0,S
1453,3039,2021-06-11T01:19:58.464000+00:00,1.0,P
1453,3283,2021-06-11T01:20:00.904000+00:00,1.0,S
1454,3039,2021-06-11T01:19:58.464000+00:00,1.0,P
1454,3283,2021-06-11T01:20:00.904000+00:00,1.0,S
1455,3039,2021-06-11T01:19:58.464000+00:00,1.0,P
1455,3282,2021-06-11T01:20:00.894000+00:00,1.0,S
1456,3039,2021-06-11T01:19:58.464000+00:00,1.0,P
1456,3282,2021-06-11T01:20:00.894000+00:00,1.0,S
1457,3038,2021-06-11T01:19:58.454000+00:00,1.0,P
1457,3281,2021-06-11T01:20:00.884000+00:00,1.0,S
1458,3038,2021-06-11T01:19:58.454000+00:00,1.0,P
1458,3281,2021-06-11T01:20:00.884000+00:00,1.0,S
1459,3038,2021-06-11T01:19:58.454000+00:00,1.0,P
1459,3281,2021-06-11T01:20:00.884000+00:00,1.0,S
1460,3038,2021-06-11T01:19:58.454000+00:00,1.0,P
1460,3280,2021-06-11T01:20:00.873999+00:00,1.0,S
1461,3038,2021-06-11T01:19:58.454000+00:00,1.0,P
1461,3280,2021-06-11T01:20:00.873999+00:00,1.0,S
1462,3038,2021-06-11T01:19:58.454000+00:00,1.0,P
1462,3279,2021-06-11T01:20:00.864000+00:00,1.0,S
1463,3038,2021-06-11T01:19:58.454000+00:00,1.0,P
1463,3279,2021-06-11T01:20:00.864000+00:00,1.0,S
1464,3037,2021-06-11T01:19:58.444000+00:00,1.0,P
1464,3278,2021-06-11T01:20:00.854000+00:00,1.0,S
1465,3037,2021-06-11T01:19:58.444000+00:00,1.0,P
1465,3278,2021-06-11T01:20:00.854000+00:00,1.0,S
1466,3037,2021-06-11T01:19:58.444000+00:00,1.0,P
1466,3278,2021-06-11T01:20:00.854000+00:00,1.0,S
1467,3037,2021-06-11T01:19:58.444000+00:00,1.0,P
1467,3277,2021-06-11T01:20:00.844000+00:00,1.0,S
1468,3037,2021-06-11T01:19:58.444000+00:00,1.0,P
1468,3277,2021-06-11T01:20:00.844000+00:00,1.0,S
1469,3037,2021-06-11T01:19:58.444000+00:00,1.0,P
1469,3277,2021-06-11T01:20:00.844000+00:00,1.0,S
1470,3037,2021-06-11T01:19:58.444000+00:00,1.0,P
1470,3276,2021-06-11T01:20:00.833999+00:00,1.0,S
1471,3037,2021-06-11T01:19:58.444000+00:00,1.0,P
1471,3276,2021-06-11T01:20:00.833999+00:00,1.0,S
1472,3036,2021-06-11T01:19:58.434000+00:00,1.0,P
1472,3275,2021-06-11T01:20:00.824000+00:00,1.0,S
1473,3036,2021-06-11T01:19:58.434000+00:00,1.0,P
1473,3275,2021-06-11T01:20:00.824000+00:00,1.0,S
1474,3036,2021-06-11T01:19:58.434000+00:00,1.0,P
1474,3275,2021-06-11T01:20:00.824000+00:00,1.0,S
1475,3036,2021-06-11T01:19:58.434000+00:00,1.0,P
1475,3274,2021-06-11T01:20:00.814000+00:00,1.0,S
1476,3036,2021-06-11T01:19:58.434000+00:00,1.0,P
1476,3274,2021-06-11T01:20:00.814000+00:00,1.0,S
1477,3036,2021-06-11T01:19:58.434000+00:00,1.0,P
1477,3274,2021-06-11T01:20:00.814000+00:00,1.0,S
1478,3036,2021-06-11T01:19:58.434000+00:00,1.0,P
1478,3273,2021-06-11T01:20:00.804000+00:00,1.0,S
1479,3035,2021-06-11T01:19:58.424000+00:00,1.0,P
1479,3273,2021-06-11T01:20:00.804000+00:00,1.0,S
1480,3035,2021-06-11T01:19:58.424000+00:00,1.0,P
1480,3272,2021-06-11T01:20:00.794000+00:00,1.0,S
1481,3035,2021-06-11T01:19:58.424000+00:00,1.0,P
1481,3272,2021-06-11T01:20:00.794000+00:00,1.0,S
1482,3035,2021-06-11T01:19:58.424000+00:00,1.0,P
1482,3272,2021-06-11T01:20:00.794000+00:00,1.0,S
1483,3035,2021-06-11T01:19:58.424000+00:00,1.0,P
1483,3271,2021-06-11T01:20:00.784000+00:00,1.0,S
1484,3035,2021-06-11T01:19:58.424000+00:00,1.0,P
1484,3271,2021-06-11T01:20:00.784000+00:00,1.0,S
1485,3035,2021-06-11T01:19:58.424000+00:00,1.0,P
1485,3270,2021-06-11T01:20:00.774000+00:00,1.0,S
1486,3034,2021-06-11T01:19:58.414000+00:00,1.0,P
1486,3270,2021-06-11T01:20:00.774000+00:00,1.0,S
1487,3034,2021-06-11T01:19:58.414000+00:00,1.0,P
1487,3269,2021-06-11T01:20:00.763999+00:00,1.0,S
1488,3034,2021-06-11T01:19:58.414000+00:00,1.0,P
1488,3269,2021-06-11T01:20:00.763999+00:00,1.0,S
1489,3034,2021-06-11T01:19:58.414000+00:00,1.0,P
1489,3269,2021-06-11T01:20:00.763999+00:00,1.0,S
1490,3034,2021-06-11T01:19:58.414000+00:00,1.0,P
1490,3268,2021-06-11T01:20:00.754000+00:00,1.0,S
1491,3034,2021-06-11T01:19:58.414000+00:00,1.0,P
1491,3268,2021-06-11T01:20:00.754000+00:00,1.0,S
1492,3034,2021-06-11T01:19:58.414000+00:00,1.0,P
1492,3267,2021-06-11T01:20:00.744000+00:00,1.0,S
1493,3033,2021-06-11T01:19:58.404000+00:00,1.0,P
1493,3267,2021-06-11T01:20:00.744000+00:00,1.0,S
1494,3033,2021-06-11T01:19:58.404000+00:00,1.0,P
1494,3267,2021-06-11T01:20:00.744000+00:00,1.0,S
1495,3033,2021-06-11T01:19:58.404000+00:00,1.0,P
1495,3266,2021-06-11T01:20:00.734000+00:00,1.0,S
1496,3033,2021-06-11T01:19:58.404000+00:00,1.0,P
1496,3266,2021-06-11T01:20:00.734000+00:00,1.0,S
1497,3033,2021-06-11T01:19:58.404000+00:00,1.0,P
1497,3265,2021-06-11T01:20:00.724000+00:00,1.0,S
1498,3033,2021-06-11T01:19:58.404000+00:00,1.0,P
1498,3265,2021-06-11T01:20:00.724000+00:00,1.0,S
1499,3033,2021-06-11T01:19:58.404000+00:00,1.0,P
1499,3265,2021-06-11T01:20:00.724000+00:00,1.0,S
1500,3032,2021-06-11T01:19:58.394000+00:00,1.0,P
1500,3264,2021-06-11T01:20:00.714000+00:00,1.0,S
1501,3032,2021-06-11T01:19:58.394000+00:00,1.0,P
1501,3264,2021-06-11T01:20:00.714000+00:00,1.0,S
1502,3032,2021-06-11T01:19:58.394000+00:00,1.0,P
1502,3263,2021-06-11T01:20:00.704000+00:00,1.0,S
1503,3032,2021-06-11T01:19:58.394000+00:00,1.0,P
1503,3263,2021-06-11T01:20:00.704000+00:00,1.0,S
1504,3032,2021-06-11T01:19:58.394000+00:00,1.0,P
1504,3263,2021-06-11T01:20:00.704000+00:00,1.0,S
1505,3032,2021-06-11T01:19:58.394000+00:00,1.0,P
1505,3262,2021-06-11T01:20:00.693999+00:00,1.0,S
1506,3032,2021-06-11T01:19:58.394000+00:00,1.0,P
1506,3262,2021-06-11T01:20:00.693999+00:00,1.0,S
1507,3031,2021-06-11T01:19:58.384000+00:00,1.0,P
1507,3262,2021-06-11T01:20:00.693999+00:00,1.0,S
1508,3031,2021-06-11T01:19:58.384000+00:00,1.0,P
1508,3261,2021-06-11T01:20:00.684000+00:00,1.0,S
1509,3031,2021-06-11T01:19:58.384000+00:00,1.0,P
1509,3261,2021-06-11T01:20:00.684000+00:00,1.0,S
1510,3031,2021-06-11T01:19:58.384000+00:00,1.0,P
1510,3260,2021-06-11T01:20:00.674000+00:00,1.0,S
1511,3031,2021-06-11T01:19:58.384000+00:00,1.0,P
1511,3260,2021-06-11T01:20:00.674000+00:00,1.0,S
1512,3031,2021-06-11T01:19:58.384000+00:00,1.0,P
1512,3260,2021-06-11T01:20:00.674000+00:00,1.0,S
1513,3031,2021-06-11T01:19:58.384000+00:00,1.0,P
1513,3259,2021-06-11T01:20:00.664000+00:00,1.0,S
1514,3030,2021-06-11T01:19:58.374000+00:00,1.0,P
1514,3259,2021-06-11T01:20:00.664000+00:00,1.0,S
1515,3030,2021-06-11T01:19:58.374000+00:00,1.0,P
1515,3258,2021-06-11T01:20:00.654000+00:00,1.0,S
1516,3030,2021-06-11T01:19:58.374000+00:00,1.0,P
1516,3258,2021-06-11T01:20:00.654000+00:00,1.0,S
1517,3030,2021-06-11T01:19:58.374000+00:00,1.0,P
1517,3258,2021-06-11T01:20:00.654000+00:00,1.0,S
1518,3030,2021-06-11T01:19:58.374000+00:00,1.0,P
1518,3257,2021-06-11T01:20:00.644000+00:00,1.0,S
1519,3030,2021-06-11T01:19:58.374000+00:00,1.0,P
1519,3257,2021-06-11T01:20:00.644000+00:00,1.0,S
1520,3030,2021-06-11T01:19:58.374000+00:00,1.0,P
1520,3257,2021-06-11T01:20:00.644000+00:00,1.0,S
1521,3030,2021-06-11T01:19:58.374000+00:00,1.0,P
1521,3256,2021-06-11T01:20:00.634000+00:00,1.0,S
1522,3029,2021-06-11T01:19:58.364000+00:00,1.0,P
1522,3256,2021-06-11T01:20:00.634000+00:00,1.0,S
1523,3029,2021-06-11T01:19:58.364000+00:00,1.0,P
1523,3256,2021-06-11T01:20:00.634000+00:00,1.0,S
1524,3029,2021-06-11T01:19:58.364000+00:00,1.0,P
1524,3256,2021-06-11T01:20:00.634000+00:00,1.0,S
1525,3029,2021-06-11T01:19:58.364000+00:00,1.0,P
1525,3255,2021-06-11T01:20:00.623999+00:00,1.0,S
1526,3029,2021-06-11T01:19:58.364000+00:00,1.0,P
1526,3255,2021-06-11T01:20:00.623999+00:00,1.0,S
1527,3029,2021-06-11T01:19:58.364000+00:00,1.0,P
1527,3255,2021-06-11T01:20:00.623999+00:00,1.0,S
1528,3029,2021-06-11T01:19:58.364000+00:00,1.0,P
1528,3254,2021-06-11T01:20:00.614000+00:00,1.0,S
1529,3028,2021-06-11T01:19:58.354000+00:00,1.0,P
1529,3254,2021-06-11T01:20:00.614000+00:00,1.0,S
1530,3028,2021-06-11T01:19:58.354000+00:00,1.0,P
1530,3254,2021-06-11T01:20:00.614000+00:00,1.0,S
1531,3028,2021-06-11T01:19:58.354000+00:00,1.0,P
1531,3254,2021-06-11T01:20:00.614000+00:00,1.0,S
1532,3028,2021-06-11T01:19:58.354000+00:00,1.0,P
1532,3253,2021-06-11T01:20:00.604000+00:00,1.0,S
1533,3028,2021-06-11T01:19:58.354000+00:00,1.0,P
1533,3253,2021-06-11T01:20:00.604000+00:00,1.0,S
1534,3028,2021-06-11T01:19:58.354000+00:00,1.0,P
1534,3253,2021-06-11T01:20:00.604000+00:00,1.0,S
1535,3028,2021-06-11T01:19:58.354000+00:00,1.0,P
1535,3253,2021-06-11T01:20:00.604000+00:00,1.0,S
1536,3028,2021-06-11T01:19:58.354000+00:00,1.0,P
1536,3252,2021-06-11T01:20:00.594000+00:00,1.0,S
1537,3027,2021-06-11T01:19:58.344000+00:00,1.0,P
1537,3252,2021-06-11T01:20:00.594000+00:00,1.0,S
1538,3027,2021-06-11T01:19:58.344000+00:00,1.0,P
1538,3252,2021-06-11T01:20:00.594000+00:00,1.0,S
1539,3027,2021-06-11T01:19:58.344000+00:00,1.0,P
1539,3252,2021-06-11T01:20:00.594000+00:00,1.0,S
1540,3027,2021-06-11T01:19:58.344000+00:00,1.0,P
1540,3251,2021-06-11T01:20:00.583999+00:00,1.0,S
1541,3027,2021-06-11T01:19:58.344000+00:00,1.0,P
1541,3251,2021-06-11T01:20:00.583999+00:00,1.0,S
1542,3027,2021-06-11T01:19:58.344000+00:00,1.0,P
1542,3251,2021-06-11T01:20:00.583999+00:00,1.0,S
1543,3027,2021-06-11T01:19:58.344000+00:00,1.0,P
1543,3251,2021-06-11T01:20:00.583999+00:00,1.0,S
1544,3027,2021-06-11T01:19:58.344000+00:00,1.0,P
1544,3250,2021-06-11T01:20:00.574000+00:00,1.0,S
1545,3026,2021-06-11T01:19:58.334000+00:00,1.0,P
1545,3250,2021-06-11T01:20:00.574000+00:00,1.0,S
1546,3026,2021-06-11T01:19:58.334000+00:00,1.0,P
1546,3250,2021-06-11T01:20:00.574000+00:00,1.0,S
1547,3026,2021-06-11T01:19:58.334000+00:00,1.0,P
1547,3250,2021-06-11T01:20:00.574000+00:00,1.0,S
1548,3026,2021-06-11T01:19:58.334000+00:00,1.0,P
1548,3250,2021-06-11T01:20:00.574000+00:00,1.0,S
1549,3026,2021-06-11T01:19:58.334000+00:00,1.0,P
1549,3249,2021-06-11T01:20:00.564000+00:00,1.0,S
1550,3026,2021-06-11T01:19:58.334000+00:00,1.0,P
1550,3249,2021-06-11T01:20:00.564000+00:00,1.0,S
1551,3026,2021-06-11T01:19:58.334000+00:00,1.0,P
1551,3249,2021-06-11T01:20:00.564000+00:00,1.0,S
1552,3026,2021-06-11T01:19:58.334000+00:00,1.0,P
1552,3249,2021-06-11T01:20:00.564000+00:00,1.0,S
1553,3026,2021-06-11T01:19:58.334000+00:00,1.0,P
1553,3249,2021-06-11T01:20:00.564000+00:00,1.0,S
1554,3025,2021-06-11T01:19:58.324000+00:00,1.0,P
1554,3248,2021-06-11T01:20:00.554000+00:00,1.0,S
1555,3025,2021-06-11T01:19:58.324000+00:00,1.0,P
1555,3248,2021-06-11T01:20:00.554000+00:00,1.0,S
1556,3025,2021-06-11T01:19:58.324000+00:00,1.0,P
1556,3248,2021-06-11T01:20:00.554000+00:00,1.0,S
1557,3025,2021-06-11T01:19:58.324000+00:00,1.0,P
1557,3248,2021-06-11T01:20:00.554000+00:00,1.0,S
1558,3025,2021-06-11T01:19:58.324000+00:00,1.0,P
1558,3248,2021-06-11T01:20:00.554000+00:00,1.0,S
1559,3025,2021-06-11T01:19:58.324000+00:00,1.0,P
1559,3248,2021-06-11T01:20:00.554000+00:00,1.0,S
1560,3025,2021-06-11T01:19:58.324000+00:00,1.0,P
1560,3247,2021-06-11T01:20:00.544000+00:00,1.0,S
1561,3025,2021-06-11T01:19:58.324000+00:00,1.0,P
1561,3247,2021-06-11T01:20:00.544000+00:00,1.0,S
1562,3025,2021-06-11T01:19:58.324000+00:00,1.0,P
1562,3247,2021-06-11T01:20:00.544000+00:00,1.0,S
1563,3025,2021-06-11T01:19:58.324000+00:00,1.0,P
1563,3247,2021-06-11T01:20:00.544000+00:00,1.0,S
1564,3025,2021-06-11T01:19:58.324000+00:00,1.0,P
1564,3247,2021-06-11T01:20:00.544000+00:00,1.0,S
1565,3025,2021-06-11T01:19:58.324000+00:00,1.0,P
1565,3247,2021-06-11T01:20:00.544000+00:00,1.0,S
1566,3024,2021-06-11T01:19:58.314000+00:00,1.0,P
1566,3247,2021-06-11T01:20:00.544000+00:00,1.0,S
1567,3024,2021-06-11T01:19:58.314000+00:00,1.0,P
1567,3247,2021-06-11T01:20:00.544000+00:00,1.0,S
1568,3024,2021-06-11T01:19:58.314000+00:00,1.0,P
1568,3246,2021-06-11T01:20:00.534000+00:00,1.0,S
1569,3024,2021-06-11T01:19:58.314000+00:00,1.0,P
1569,3246,2021-06-11T01:20:00.534000+00:00,1.0,S
1570,3024,2021-06-11T01:19:58.314000+00:00,1.0,P
1570,3246,2021-06-11T01:20:00.534000+00:00,1.0,S
1571,3024,2021-06-11T01:19:58.314000+00:00,1.0,P
1571,3246,2021-06-11T01:20:00.534000+00:00,1.0,S
1572,3024,2021-06-11T01:19:58.314000+00:00,1.0,P
1572,3246,2021-06-11T01:20:00.534000+00:00,1.0,S
1573,3024,2021-06-11T01:19:58.314000+00:00,1.0,P
1573,3246,2021-06-11T01:20:00.534000+00:00,1.0,S
1574,3024,2021-06-11T01:19:58.314000+00:00,1.0,P
1574,3246,2021-06-11T01:20:00.534000+00:00,1.0,S
1575,3024,2021-06-11T01:19:58.314000+00:00,1.0,P
1575,3246,2021-06-11T01:20:00.534000+00:00,1.0,S
1576,3024,2021-06-11T01:19:58.314000+00:00,1.0,P
1576,3245,2021-06-11T01:20:00.524000+00:00,1.0,S
1577,3024,2021-06-11T01:19:58.314000+00:00,1.0,P
1577,3245,2021-06-11T01:20:00.524000+00:00,1.0,S
1578,3024,2021-06-11T01:19:58.314000+00:00,1.0,P
1578,3245,2021-06-11T01:20:00.524000+00:00,1.0,S
1579,3024,2021-06-11T01:19:58.314000+00:00,1.0,P
1579,3245,2021-06-11T01:20:00.524000+00:00,1.0,S
1580,3024,2021-06-11T01:19:58.314000+00:00,1.0,P
1580,3245,2021-06-11T01:20:00.524000+00:00,1.0,S
1581,3024,2021-06-11T01:19:58.314000+00:00,1.0,P
1581,3244,2021-06-11T01:20:00.513999+00:00,1.0,S
1582,3024,2021-06-11T01:19:58.314000+00:00,1.0,P
1582,3244,2021-06-11T01:20:00.513999+00:00,1.0,S
1583,3023,2021-06-11T01:19:58.304000+00:00,1.0,P
1583,3244,2021-06-11T01:20:00.513999+00:00,1.0,S
1584,3023,2021-06-11T01:19:58.304000+00:00,1.0,P
1584,3244,2021-06-11T01:20:00.513999+00:00,1.0,S
1585,3023,2021-06-11T01:19:58.304000+00:00,1.0,P
1585,3244,2021-06-11T01:20:00.513999+00:00,1.0,S
1586,3023,2021-06-11T01:19:58.304000+00:00,1.0,P
1586,3243,2021-06-11T01:20:00.504000+00:00,1.0,S
1587,3023,2021-06-11T01:19:58.304000+00:00,1.0,P
1587,3243,2021-06-11T01:20:00.504000+00:00,1.0,S
1588,3023,2021-06-11T01:19:58.304000+00:00,1.0,P
1588,3243,2021-06-11T01:20:00.504000+00:00,1.0,S
1589,3023,2021-06-11T01:19:58.304000+00:00,1.0,P
1589,3243,2021-06-11T01:20:00.504000+00:00,1.0,S
1590,3023,2021-06-11T01:19:58.304000+00:00,1.0,P
1590,3243,2021-06-11T01:20:00.504000+00:00,1.0,S
1591,3023,2021-06-11T01:19:58.304000+00:00,1.0,P
1591,3243,2021-06-11T01:20:00.504000+00:00,1.0,S
1592,3023,2021-06-11T01:19:58.304000+00:00,1.0,P
1592,3243,2021-06-11T01:20:00.504000+00:00,1.0,S
1593,3023,2021-06-11T01:19:58.304000+00:00,1.0,P
1593,3242,2021-06-11T01:20:00.494000+00:00,1.0,S
1594,3023,2021-06-11T01:19:58.304000+00:00,1.0,P
1594,3242,2021-06-11T01:20:00.494000+00:00,1.0,S
1595,3023,2021-06-11T01:19:58.304000+00:00,1.0,P
1595,3242,2021-06-11T01:20:00.494000+00:00,1.0,S
1596,3023,2021-06-11T01:19:58.304000+00:00,1.0,P
1596,3242,2021-06-11T01:20:00.494000+00:00,1.0,S
1597,3023,2021-06-11T01:19:58.304000+00:00,1.0,P
1597,3242,2021-06-11T01:20:00.494000+00:00,1.0,S
1598,3023,2021-06-11T01:19:58.304000+00:00,1.0,P
1598,3242,2021-06-11T01:20:00.494000+00:00,1.0,S
1599,3023,2021-06-11T01:19:58.304000+00:00,1.0,P
1599,3242,2021-06-11T01:20:00.494000+00:00,1.0,S
1600,3023,2021-06-11T01:19:58.304000+00:00,1.0,P
1600,3241,2021-06-11T01:20:00.484000+00:00,1.0,S
1601,3023,2021-06-11T01:19:58.304000+00:00,1.0,P
1601,3241,2021-06-11T01:20:00.484000+00:00,1.0,S
1602,3023,2021-06-11T01:19:58.304000+00:00,1.0,P
1602,3241,2021-06-11T01:20:00.484000+00:00,1.0,S
1603,3022,2021-06-11T01:19:58.294000+00:00,1.0,P
1603,3241,2021-06-11T01:20:00.484000+00:00,1.0,S
1604,3022,2021-06-11T01:19:58.294000+00:00,1.0,P
1604,3241,2021-06-11T01:20:00.484000+00:00,1.0,S
1605,3022,2021-06-11T01:19:58.294000+00:00,1.0,P
1605,3241,2021-06-11T01:20:00.484000+00:00,1.0,S
1606,3022,2021-06-11T01:19:58.294000+00:00,1.0,P
1606,3241,2021-06-11T01:20:00.484000+00:00,1.0,S
1607,3022,2021-06-11T01:19:58.294000+00:00,1.0,P
1607,3241,2021-06-11T01:20:00.484000+00:00,1.0,S
1608,3022,2021-06-11T01:19:58.294000+00:00,1.0,P
1608,3241,2021-06-11T01:20:00.484000+00:00,1.0,S
1609,3022,2021-06-11T01:19:58.294000+00:00,1.0,P
1609,3241,2021-06-11T01:20:00.484000+00:00,1.0,S
1610,3022,2021-06-11T01:19:58.294000+00:00,1.0,P
1610,3241,2021-06-11T01:20:00.484000+00:00,1.0,S
1611,3022,2021-06-11T01:19:58.294000+00:00,1.0,P
1611,3241,2021-06-11T01:20:00.484000+00:00,1.0,S
1612,3022,2021-06-11T01:19:58.294000+00:00,1.0,P
1612,3241,2021-06-11T01:20:00.484000+00:00,1.0,S
1613,3022,2021-06-11T01:19:58.294000+00:00,1.0,P
1613,3241,2021-06-11T01:20:00.484000+00:00,1.0,S
1614,3022,2021-06-11T01:19:58.294000+00:00,1.0,P
1614,3241,2021-06-11T01:20:00.484000+00:00,1.0,S
1615,3022,2021-06-11T01:19:58.294000+00:00,1.0,P
1615,3241,2021-06-11T01:20:00.484000+00:00,1.0,S
1616,3022,2021-06-11T01:19:58.294000+00:00,1.0,P
1616,3241,2021-06-11T01:20:00.484000+00:00,1.0,S
1617,3022,2021-06-11T01:19:58.294000+00:00,1.0,P
1617,3241,2021-06-11T01:20:00.484000+00:00,1.0,S
1618,3022,2021-06-11T01:19:58.294000+00:00,1.0,P
1618,3240,2021-06-11T01:20:00.474000+00:00,1.0,S
1619,3022,2021-06-11T01:19:58.294000+00:00,1.0,P
1619,3240,2021-06-11T01:20:00.474000+00:00,1.0,S
1620,3022,2021-06-11T01:19:58.294000+00:00,1.0,P
1620,3240,2021-06-11T01:20:00.474000+00:00,1.0,S
1621,3022,2021-06-11T01:19:58.294000+00:00,1.0,P
1621,3240,2021-06-11T01:20:00.474000+00:00,1.0,S
1622,3022,2021-06-11T01:19:58.294000+00:00,1.0,P
1622,3240,2021-06-11T01:20:00.474000+00:00,1.0,S
1623,3022,2021-06-11T01:19:58.294000+00:00,1.0,P
1623,3240,2021-06-11T01:20:00.474000+00:00,1.0,S
1624,3022,2021-06-11T01:19:58.294000+00:00,1.0,P
1624,3240,2021-06-11T01:20:00.474000+00:00,1.0,S
1625,3021,2021-06-11T01:19:58.284000+00:00,1.0,P
1625,3240,2021-06-11T01:20:00.474000+00:00,1.0,S
1626,3021,2021-06-11T01:19:58.284000+00:00,1.0,P
1626,3240,2021-06-11T01:20:00.474000+00:00,1.0,S
1627,3021,2021-06-11T01:19:58.284000+00:00,1.0,P
1627,3240,2021-06-11T01:20:00.474000+00:00,1.0,S
1628,3021,2021-06-11T01:19:58.284000+00:00,1.0,P
1628,3240,2021-06-11T01:20:00.474000+00:00,1.0,S
1629,3021,2021-06-11T01:19:58.284000+00:00,1.0,P
1629,3240,2021-06-11T01:20:00.474000+00:00,1.0,S
1630,3021,2021-06-11T01:19:58.284000+00:00,1.0,P
1630,3240,2021-06-11T01:20:00.474000+00:00,1.0,S
1631,3021,2021-06-11T01:19:58.284000+00:00,1.0,P
1631,3240,2021-06-11T01:20:00.474000+00:00,1.0,S
1632,3021,2021-06-11T01:19:58.284000+00:00,1.0,P
1632,3240,2021-06-11T01:20:00.474000+00:00,1.0,S
1633,3021,2021-06-11T01:19:58.284000+00:00,1.0,P
1633,3240,2021-06-11T01:20:00.474000+00:00,1.0,S
1634,3021,2021-06-11T01:19:58.284000+00:00,1.0,P
1634,3240,2021-06-11T01:20:00.474000+00:00,1.0,S
1635,3021,2021-06-11T01:19:58.284000+00:00,1.0,P
1635,3240,2021-06-11T01:20:00.474000+00:00,1.0,S
1636,3021,2021-06-11T01:19:58.284000+00:00,1.0,P
1636,3240,2021-06-11T01:20:00.474000+00:00,1.0,S
1637,3021,2021-06-11T01:19:58.284000+00:00,1.0,P
1637,3240,2021-06-11T01:20:00.474000+00:00,1.0,S
1638,3021,2021-06-11T01:19:58.284000+00:00,1.0,P
1638,3240,2021-06-11T01:20:00.474000+00:00,1.0,S
1639,3021,2021-06-11T01:19:58.284000+00:00,1.0,P
1639,3240,2021-06-11T01:20:00.474000+00:00,1.0,S
1640,3021,2021-06-11T01:19:58.284000+00:00,1.0,P
1640,3240,2021-06-11T01:20:00.474000+00:00,1.0,S
1641,3021,2021-06-11T01:19:58.284000+00:00,1.0,P
1641,3240,2021-06-11T01:20:00.474000+00:00,1.0,S
1642,3021,2021-06-11T01:19:58.284000+00:00,1.0,P
1642,3240,2021-06-11T01:20:00.474000+00:00,1.0,S
1643,3021,2021-06-11T01:19:58.284000+00:00,1.0,P
1643,3241,2021-06-11T01:20:00.484000+00:00,1.0,S
1644,3021,2021-06-11T01:19:58.284000+00:00,1.0,P
1644,3241,2021-06-11T01:20:00.484000+00:00,1.0,S
1645,3021,2021-06-11T01:19:58.284000+00:00,1.0,P
1645,3241,2021-06-11T01:20:00.484000+00:00,1.0,S
1646,3021,2021-06-11T01:19:58.284000+00:00,1.0,P
1646,3241,2021-06-11T01:20:00.484000+00:00,1.0,S
1647,3021,2021-06-11T01:19:58.284000+00:00,1.0,P
1647,3241,2021-06-11T01:20:00.484000+00:00,1.0,S
1648,3021,2021-06-11T01:19:58.284000+00:00,1.0,P
1648,3241,2021-06-11T01:20:00.484000+00:00,1.0,S
1649,3021,2021-06-11T01:19:58.284000+00:00,1.0,P
1649,3241,2021-06-11T01:20:00.484000+00:00,1.0,S
1650,3021,2021-06-11T01:19:58.284000+00:00,1.0,P
1650,3241,2021-06-11T01:20:00.484000+00:00,1.0,S
1651,3021,2021-06-11T01:19:58.284000+00:00,1.0,P
1651,3241,2021-06-11T01:20:00.484000+00:00,1.0,S
1652,3021,2021-06-11T01:19:58.284000+00:00,1.0,P
1652,3241,2021-06-11T01:20:00.484000+00:00,1.0,S
1653,3021,2021-06-11T01:19:58.284000+00:00,1.0,P
1653,3241,2021-06-11T01:20:00.484000+00:00,1.0,S
1654,3021,2021-06-11T01:19:58.284000+00:00,1.0,P
1654,3241,2021-06-11T01:20:00.484000+00:00,1.0,S
1655,3021,2021-06-11T01:19:58.284000+00:00,1.0,P
1655,3241,2021-06-11T01:20:00.484000+00:00,1.0,S
1656,3021,2021-06-11T01:19:58.284000+00:00,1.0,P
1656,3241,2021-06-11T01:20:00.484000+00:00,1.0,S
1657,3021,2021-06-11T01:19:58.284000+00:00,1.0,P
1657,3241,2021-06-11T01:20:00.484000+00:00,1.0,S
1658,3020,2021-06-11T01:19:58.274000+00:00,1.0,P
1658,3241,2021-06-11T01:20:00.484000+00:00,1.0,S
1659,3020,2021-06-11T01:19:58.274000+00:00,1.0,P
1659,3241,2021-06-11T01:20:00.484000+00:00,1.0,S
1660,3020,2021-06-11T01:19:58.274000+00:00,1.0,P
1660,3242,2021-06-11T01:20:00.494000+00:00,1.0,S
1661,3020,2021-06-11T01:19:58.274000+00:00,1.0,P
1661,3242,2021-06-11T01:20:00.494000+00:00,1.0,S
1662,3020,2021-06-11T01:19:58.274000+00:00,1.0,P
1662,3242,2021-06-11T01:20:00.494000+00:00,1.0,S
1663,3020,2021-06-11T01:19:58.274000+00:00,1.0,P
1663,3242,2021-06-11T01:20:00.494000+00:00,1.0,S
1664,3020,2021-06-11T01:19:58.274000+00:00,1.0,P
1664,3242,2021-06-11T01:20:00.494000+00:00,1.0,S
1665,3020,2021-06-11T01:19:58.274000+00:00,1.0,P
1665,3242,2021-06-11T01:20:00.494000+00:00,1.0,S
1666,3020,2021-06-11T01:19:58.274000+00:00,1.0,P
1666,3242,2021-06-11T01:20:00.494000+00:00,1.0,S
1667,3020,2021-06-11T01:19:58.274000+00:00,1.0,P
1667,3242,2021-06-11T01:20:00.494000+00:00,1.0,S
1668,3020,2021-06-11T01:19:58.274000+00:00,1.0,P
1668,3242,2021-06-11T01:20:00.494000+00:00,1.0,S
1669,3020,2021-06-11T01:19:58.274000+00:00,1.0,P
1669,3242,2021-06-11T01:20:00.494000+00:00,1.0,S
1670,3020,2021-06-11T01:19:58.274000+00:00,1.0,P
1670,3243,2021-06-11T01:20:00.504000+00:00,1.0,S
1671,3020,2021-06-11T01:19:58.274000+00:00,1.0,P
1671,3243,2021-06-11T01:20:00.504000+00:00,1.0,S
1672,3020,2021-06-11T01:19:58.274000+00:00,1.0,P
1672,3243,2021-06-11T01:20:00.504000+00:00,1.0,S
1673,3020,2021-06-11T01:19:58.274000+00:00,1.0,P
1673,3243,2021-06-11T01:20:00.504000+00:00,1.0,S
1674,3020,2021-06-11T01:19:58.274000+00:00,1.0,P
1674,3243,2021-06-11T01:20:00.504000+00:00,1.0,S
1675,3020,2021-06-11T01:19:58.274000+00:00,1.0,P
1675,3243,2021-06-11T01:20:00.504000+00:00,1.0,S
1676,3020,2021-06-11T01:19:58.274000+00:00,1.0,P
1676,3243,2021-06-11T01:20:00.504000+00:00,1.0,S
1677,3020,2021-06-11T01:19:58.274000+00:00,1.0,P
1677,3243,2021-06-11T01:20:00.504000+00:00,1.0,S
1678,3020,2021-06-11T01:19:58.274000+00:00,1.0,P
1678,3243,2021-06-11T01:20:00.504000+00:00,1.0,S
1679,3020,2021-06-11T01:19:58.274000+00:00,1.0,P
1679,3243,2021-06-11T01:20:00.504000+00:00,1.0,S
1680,3020,2021-06-11T01:19:58.274000+00:00,1.0,P
1680,3243,2021-06-11T01:20:00.504000+00:00,1.0,S
1681,3020,2021-06-11T01:19:58.274000+00:00,1.0,P
1681,3243,2021-06-11T01:20:00.504000+00:00,1.0,S
1682,3020,2021-06-11T01:19:58.274000+00:00,1.0,P
1682,3243,2021-06-11T01:20:00.504000+00:00,1.0,S
1683,3020,2021-06-11T01:19:58.274000+00:00,1.0,P
1683,3244,2021-06-11T01:20:00.513999+00:00,1.0,S
1684,3020,2021-06-11T01:19:58.274000+00:00,1.0,P
1684,3244,2021-06-11T01:20:00.513999+00:00,1.0,S
1685,3020,2021-06-11T01:19:58.274000+00:00,1.0,P
1685,3244,2021-06-11T01:20:00.513999+00:00,1.0,S
1686,3020,2021-06-11T01:19:58.274000+00:00,1.0,P
1686,3244,2021-06-11T01:20:00.513999+00:00,1.0,S
1687,3020,2021-06-11T01:19:58.274000+00:00,1.0,P
1687,3244,2021-06-11T01:20:00.513999+00:00,1.0,S
1688,3020,2021-06-11T01:19:58.274000+00:00,1.0,P
1688,3244,2021-06-11T01:20:00.513999+00:00,1.0,S
1689,3020,2021-06-11T01:19:58.274000+00:00,1.0,P
1689,3244,2021-06-11T01:20:00.513999+00:00,1.0,S
1690,3020,2021-06-11T01:19:58.274000+00:00,1.0,P
1690,3244,2021-06-11T01:20:00.513999+00:00,1.0,S
1691,3020,2021-06-11T01:19:58.274000+00:00,1.0,P
1691,3244,2021-06-11T01:20:00.513999+00:00,1.0,S
1692,3020,2021-06-11T01:19:58.274000+00:00,1.0,P
1692,3244,2021-06-11T01:20:00.513999+00:00,1.0,S
1693,3020,2021-06-11T01:19:58.274000+00:00,1.0,P
1693,3245,2021-06-11T01:20:00.524000+00:00,1.0,S
1694,3020,2021-06-11T01:19:58.274000+00:00,1.0,P
1694,3245,2021-06-11T01:20:00.524000+00:00,1.0,S
1695,3020,2021-06-11T01:19:58.274000+00:00,1.0,P
1695,3245,2021-06-11T01:20:00.524000+00:00,1.0,S
1696,3020,2021-06-11T01:19:58.274000+00:00,1.0,P
1696,3245,2021-06-11T01:20:00.524000+00:00,1.0,S
1697,3020,2021-06-11T01:19:58.274000+00:00,1.0,P
1697,3245,2021-06-11T01:20:00.524000+00:00,1.0,S
1698,3020,2021-06-11T01:19:58.274000+00:00,1.0,P
1698,3245,2021-06-11T01:20:00.524000+00:00,1.0,S
1699,3021,2021-06-11T01:19:58.284000+00:00,1.0,P
1699,3245,2021-06-11T01:20:00.524000+00:00,1.0,S
1700,3021,2021-06-11T01:19:58.284000+00:00,1.0,P
1700,3245,2021-06-11T01:20:00.524000+00:00,1.0,S
1701,3021,2021-06-11T01:19:58.284000+00:00,1.0,P
1701,3245,2021-06-11T01:20:00.524000+00:00,1.0,S
1702,3021,2021-06-11T01:19:58.284000+00:00,1.0,P
1702,3245,2021-06-11T01:20:00.524000+00:00,1.0,S
1703,3021,2021-06-11T01:19:58.284000+00:00,1.0,P
1703,3245,2021-06-11T01:20:00.524000+00:00,1.0,S
1704,3021,2021-06-11T01:19:58.284000+00:00,1.0,P
1704,3245,2021-06-11T01:20:00.524000+00:00,1.0,S
1705,3021,2021-06-11T01:19:58.284000+00:00,1.0,P
1705,3245,2021-06-11T01:20:00.524000+00:00,1.0,S
1706,3021,2021-06-11T01:19:58.284000+00:00,1.0,P
1706,3245,2021-06-11T01:20:00.524000+00:00,1.0,S
1707,3021,2021-06-11T01:19:58.284000+00:00,1.0,P
1707,3246,2021-06-11T01:20:00.534000+00:00,1.0,S
1708,3021,2021-06-11T01:19:58.284000+00:00,1.0,P
1708,3246,2021-06-11T01:20:00.534000+00:00,1.0,S
1709,3021,2021-06-11T01:19:58.284000+00:00,1.0,P
1709,3246,2021-06-11T01:20:00.534000+00:00,1.0,S
1710,3021,2021-06-11T01:19:58.284000+00:00,1.0,P
1710,3246,2021-06-11T01:20:00.534000+00:00,1.0,S
1711,3021,2021-06-11T01:19:58.284000+00:00,1.0,P
1711,3246,2021-06-11T01:20:00.534000+00:00,1.0,S
1712,3021,2021-06-11T01:19:58.284000+00:00,1.0,P
1712,3246,2021-06-11T01:20:00.534000+00:00,1.0,S
1713,3021,2021-06-11T01:19:58.284000+00:00,1.0,P
1713,3246,2021-06-11T01:20:00.534000+00:00,1.0,S
1714,3021,2021-06-11T01:19:58.284000+00:00,1.0,P
1714,3246,2021-06-11T01:20:00.534000+00:00,1.0,S
1715,3021,2021-06-11T01:19:58.284000+00:00,1.0,P
1715,3246,2021-06-11T01:20:00.534000+00:00,1.0,S
1716,3021,2021-06-11T01:19:58.284000+00:00,1.0,P
1716,3246,2021-06-11T01:20:00.534000+00:00,1.0,S
1717,3021,2021-06-11T01:19:58.284000+00:00,1.0,P
1717,3246,2021-06-11T01:20:00.534000+00:00,1.0,S
1718,3021,2021-06-11T01:19:58.284000+00:00,1.0,P
1718,3246,2021-06-11T01:20:00.534000+00:00,1.0,S
1719,3021,2021-06-11T01:19:58.284000+00:00,1.0,P
1719,3247,2021-06-11T01:20:00.544000+00:00,1.0,S
1720,3021,2021-06-11T01:19:58.284000+00:00,1.0,P
1720,3247,2021-06-11T01:20:00.544000+00:00,1.0,S
1721,3021,2021-06-11T01:19:58.284000+00:00,1.0,P
1721,3247,2021-06-11T01:20:00.544000+00:00,1.0,S
1722,3021,2021-06-11T01:19:58.284000+00:00,1.0,P
1722,3247,2021-06-11T01:20:00.544000+00:00,1.0,S
1723,3021,2021-06-11T01:19:58.284000+00:00,1.0,P
1723,3247,2021-06-11T01:20:00.544000+00:00,1.0,S
1724,3021,2021-06-11T01:19:58.284000+00:00,1.0,P
1724,3247,2021-06-11T01:20:00.544000+00:00,1.0,S
1725,3022,2021-06-11T01:19:58.294000+00:00,1.0,P
1725,3247,2021-06-11T01:20:00.544000+00:00,1.0,S
1726,3022,2021-06-11T01:19:58.294000+00:00,1.0,P
1726,3247,2021-06-11T01:20:00.544000+00:00,1.0,S
1727,3022,2021-06-11T01:19:58.294000+00:00,1.0,P
1727,3247,2021-06-11T01:20:00.544000+00:00,1.0,S
1728,3022,2021-06-11T01:19:58.294000+00:00,1.0,P
1728,3247,2021-06-11T01:20:00.544000+00:00,1.0,S
1729,3022,2021-06-11T01:19:58.294000+00:00,1.0,P
1729,3248,2021-06-11T01:20:00.554000+00:00,1.0,S
1730,3022,2021-06-11T01:19:58.294000+00:00,1.0,P
1730,3248,2021-06-11T01:20:00.554000+00:00,1.0,S
1731,3022,2021-06-11T01:19:58.294000+00:00,1.0,P
1731,3248,2021-06-11T01:20:00.554000+00:00,1.0,S
1732,3022,2021-06-11T01:19:58.294000+00:00,1.0,P
1732,3248,2021-06-11T01:20:00.554000+00:00,1.0,S
1733,3022,2021-06-11T01:19:58.294000+00:00,1.0,P
1733,3248,2021-06-11T01:20:00.554000+00:00,1.0,S
1734,3022,2021-06-11T01:19:58.294000+00:00,1.0,P
1734,3248,2021-06-11T01:20:00.554000+00:00,1.0,S
1735,3022,2021-06-11T01:19:58.294000+00:00,1.0,P
1735,3248,2021-06-11T01:20:00.554000+00:00,1.0,S
1736,3022,2021-06-11T01:19:58.294000+00:00,1.0,P
1736,3248,2021-06-11T01:20:00.554000+00:00,1.0,S
1737,3022,2021-06-11T01:19:58.294000+00:00,1.0,P
1737,3248,2021-06-11T01:20:00.554000+00:00,1.0,S
1738,3022,2021-06-11T01:19:58.294000+00:00,1.0,P
1738,3249,2021-06-11T01:20:00.564000+00:00,1.0,S
1739,3022,2021-06-11T01:19:58.294000+00:00,1.0,P
1739,3249,2021-06-11T01:20:00.564000+00:00,1.0,S
1740,3022,2021-06-11T01:19:58.294000+00:00,1.0,P
1740,3249,2021-06-11T01:20:00.564000+00:00,1.0,S
1741,3022,2021-06-11T01:19:58.294000+00:00,1.0,P
1741,3249,2021-06-11T01:20:00.564000+00:00,1.0,S
1742,3022,2021-06-11T01:19:58.294000+00:00,1.0,P
1742,3249,2021-06-11T01:20:00.564000+00:00,1.0,S
1743,3022,2021-06-11T01:19:58.294000+00:00,1.0,P
1743,3249,2021-06-11T01:20:00.564000+00:00,1.0,S
1744,3022,2021-06-11T01:19:58.294000+00:00,1.0,P
1744,3249,2021-06-11T01:20:00.564000+00:00,1.0,S
1745,3022,2021-06-11T01:19:58.294000+00:00,1.0,P
1745,3249,2021-06-11T01:20:00.564000+00:00,1.0,S
1746,3023,2021-06-11T01:19:58.304000+00:00,1.0,P
1746,3249,2021-06-11T01:20:00.564000+00:00,1.0,S
1747,3023,2021-06-11T01:19:58.304000+00:00,1.0,P
1747,3250,2021-06-11T01:20:00.574000+00:00,1.0,S
1748,3023,2021-06-11T01:19:58.304000+00:00,1.0,P
1748,3250,2021-06-11T01:20:00.574000+00:00,1.0,S
1749,3023,2021-06-11T01:19:58.304000+00:00,1.0,P
1749,3250,2021-06-11T01:20:00.574000+00:00,1.0,S
1750,3023,2021-06-11T01:19:58.304000+00:00,1.0,P
1750,3250,2021-06-11T01:20:00.574000+00:00,1.0,S
1751,3023,2021-06-11T01:19:58.304000+00:00,1.0,P
1751,3250,2021-06-11T01:20:00.574000+00:00,1.0,S
1752,3023,2021-06-11T01:19:58.304000+00:00,1.0,P
1752,3250,2021-06-11T01:20:00.574000+00:00,1.0,S
1753,3023,2021-06-11T01:19:58.304000+00:00,1.0,P
1753,3250,2021-06-11T01:20:00.574000+00:00,1.0,S
1754,3023,2021-06-11T01:19:58.304000+00:00,1.0,P
1754,3250,2021-06-11T01:20:00.574000+00:00,1.0,S
1755,3023,2021-06-11T01:19:58.304000+00:00,1.0,P
1755,3250,2021-06-11T01:20:00.574000+00:00,1.0,S
1756,3023,2021-06-11T01:19:58.304000+00:00,1.0,P
1756,3250,2021-06-11T01:20:00.574000+00:00,1.0,S
1757,3023,2021-06-11T01:19:58.304000+00:00,1.0,P
1757,3251,2021-06-11T01:20:00.583999+00:00,1.0,S
1758,3023,2021-06-11T01:19:58.304000+00:00,1.0,P
1758,3251,2021-06-11T01:20:00.583999+00:00,1.0,S
1759,3023,2021-06-11T01:19:58.304000+00:00,1.0,P
1759,3251,2021-06-11T01:20:00.583999+00:00,1.0,S
1760,3023,2021-06-11T01:19:58.304000+00:00,1.0,P
1760,3251,2021-06-11T01:20:00.583999+00:00,1.0,S
1761,3023,2021-06-11T01:19:58.304000+00:00,1.0,P
1761,3251,2021-06-11T01:20:00.583999+00:00,1.0,S
1762,3023,2021-06-11T01:19:58.304000+00:00,1.0,P
1762,3251,2021-06-11T01:20:00.583999+00:00,1.0,S
1763,3023,2021-06-11T01:19:58.304000+00:00,1.0,P
1763,3251,2021-06-11T01:20:00.583999+00:00,1.0,S
1764,3023,2021-06-11T01:19:58.304000+00:00,1.0,P
1764,3251,2021-06-11T01:20:00.583999+00:00,1.0,S
1765,3023,2021-06-11T01:19:58.304000+00:00,1.0,P
1765,3251,2021-06-11T01:20:00.583999+00:00,1.0,S
1766,3023,2021-06-11T01:19:58.304000+00:00,1.0,P
1766,3251,2021-06-11T01:20:00.583999+00:00,1.0,S
1767,3024,2021-06-11T01:19:58.314000+00:00,1.0,P
1767,3251,2021-06-11T01:20:00.583999+00:00,1.0,S
1768,3024,2021-06-11T01:19:58.314000+00:00,1.0,P
1768,3251,2021-06-11T01:20:00.583999+00:00,1.0,S
1769,3024,2021-06-11T01:19:58.314000+00:00,1.0,P
1769,3251,2021-06-11T01:20:00.583999+00:00,1.0,S
1770,3024,2021-06-11T01:19:58.314000+00:00,1.0,P
1770,3251,2021-06-11T01:20:00.583999+00:00,1.0,S
1771,3024,2021-06-11T01:19:58.314000+00:00,1.0,P
1771,3251,2021-06-11T01:20:00.583999+00:00,1.0,S
1772,3024,2021-06-11T01:19:58.314000+00:00,1.0,P
1772,3251,2021-06-11T01:20:00.583999+00:00,1.0,S
1773,3024,2021-06-11T01:19:58.314000+00:00,1.0,P
1773,3251,2021-06-11T01:20:00.583999+00:00,1.0,S
1774,3024,2021-06-11T01:19:58.314000+00:00,1.0,P
1774,3251,2021-06-11T01:20:00.583999+00:00,1.0,S
1775,3024,2021-06-11T01:19:58.314000+00:00,1.0,P
1775,3251,2021-06-11T01:20:00.583999+00:00,1.0,S
1776,3024,2021-06-11T01:19:58.314000+00:00,1.0,P
1776,3251,2021-06-11T01:20:00.583999+00:00,1.0,S
1777,3024,2021-06-11T01:19:58.314000+00:00,1.0,P
1777,3252,2021-06-11T01:20:00.594000+00:00,1.0,S
1778,3024,2021-06-11T01:19:58.314000+00:00,1.0,P
1778,3252,2021-06-11T01:20:00.594000+00:00,1.0,S
1779,3024,2021-06-11T01:19:58.314000+00:00,1.0,P
1779,3252,2021-06-11T01:20:00.594000+00:00,1.0,S
1780,3024,2021-06-11T01:19:58.314000+00:00,1.0,P
1780,3252,2021-06-11T01:20:00.594000+00:00,1.0,S
1781,3024,2021-06-11T01:19:58.314000+00:00,1.0,P
1781,3252,2021-06-11T01:20:00.594000+00:00,1.0,S
1782,3024,2021-06-11T01:19:58.314000+00:00,1.0,P
1782,3252,2021-06-11T01:20:00.594000+00:00,1.0,S
1783,3024,2021-06-11T01:19:58.314000+00:00,1.0,P
1783,3252,2021-06-11T01:20:00.594000+00:00,1.0,S
1784,3024,2021-06-11T01:19:58.314000+00:00,1.0,P
1784,3252,2021-06-11T01:20:00.594000+00:00,1.0,S
1785,3024,2021-06-11T01:19:58.314000+00:00,1.0,P
1785,3252,2021-06-11T01:20:00.594000+00:00,1.0,S
1786,3024,2021-06-11T01:19:58.314000+00:00,1.0,P
1786,3252,2021-06-11T01:20:00.594000+00:00,1.0,S
1787,3024,2021-06-11T01:19:58.314000+00:00,1.0,P
1787,3253,2021-06-11T01:20:00.604000+00:00,1.0,S
1788,3024,2021-06-11T01:19:58.314000+00:00,1.0,P
1788,3253,2021-06-11T01:20:00.604000+00:00,1.0,S
1789,3024,2021-06-11T01:19:58.314000+00:00,1.0,P
1789,3253,2021-06-11T01:20:00.604000+00:00,1.0,S
1790,3024,2021-06-11T01:19:58.314000+00:00,1.0,P
1790,3253,2021-06-11T01:20:00.604000+00:00,1.0,S
1791,3024,2021-06-11T01:19:58.314000+00:00,1.0,P
1791,3253,2021-06-11T01:20:00.604000+00:00,1.0,S
1792,3025,2021-06-11T01:19:58.324000+00:00,1.0,P
1792,3253,2021-06-11T01:20:00.604000+00:00,1.0,S
1793,3025,2021-06-11T01:19:58.324000+00:00,1.0,P
1793,3253,2021-06-11T01:20:00.604000+00:00,1.0,S
1794,3025,2021-06-11T01:19:58.324000+00:00,1.0,P
1794,3253,2021-06-11T01:20:00.604000+00:00,1.0,S
1795,3025,2021-06-11T01:19:58.324000+00:00,1.0,P
1795,3253,2021-06-11T01:20:00.604000+00:00,1.0,S
1796,3025,2021-06-11T01:19:58.324000+00:00,1.0,P
1796,3253,2021-06-11T01:20:00.604000+00:00,1.0,S
1797,3025,2021-06-11T01:19:58.324000+00:00,1.0,P
1797,3253,2021-06-11T01:20:00.604000+00:00,1.0,S
1798,3025,2021-06-11T01:19:58.324000+00:00,1.0,P
1798,3253,2021-06-11T01:20:00.604000+00:00,1.0,S
1799,3025,2021-06-11T01:19:58.324000+00:00,1.0,P
1799,3253,2021-06-11T01:20:00.604000+00:00,1.0,S
1800,3025,2021-06-11T01:19:58.324000+00:00,1.0,P
1800,3253,2021-06-11T01:20:00.604000+00:00,1.0,S
1801,3025,2021-06-11T01:19:58.324000+00:00,1.0,P
1801,3253,2021-06-11T01:20:00.604000+00:00,1.0,S
1802,3025,2021-06-11T01:19:58.324000+00:00,1.0,P
1802,3253,2021-06-11T01:20:00.604000+00:00,1.0,S
1803,3025,2021-06-11T01:19:58.324000+00:00,1.0,P
1803,3253,2021-06-11T01:20:00.604000+00:00,1.0,S
1804,3025,2021-06-11T01:19:58.324000+00:00,1.0,P
1804,3253,2021-06-11T01:20:00.604000+00:00,1.0,S
1805,3025,2021-06-11T01:19:58.324000+00:00,1.0,P
1805,3253,2021-06-11T01:20:00.604000+00:00,1.0,S
1806,3025,2021-06-11T01:19:58.324000+00:00,1.0,P
1806,3253,2021-06-11T01:20:00.604000+00:00,1.0,S
1807,3025,2021-06-11T01:19:58.324000+00:00,1.0,P
1807,3253,2021-06-11T01:20:00.604000+00:00,1.0,S
1808,3025,2021-06-11T01:19:58.324000+00:00,1.0,P
1808,3253,2021-06-11T01:20:00.604000+00:00,1.0,S
1809,3025,2021-06-11T01:19:58.324000+00:00,1.0,P
1809,3253,2021-06-11T01:20:00.604000+00:00,1.0,S
1810,3025,2021-06-11T01:19:58.324000+00:00,1.0,P
1810,3253,2021-06-11T01:20:00.604000+00:00,1.0,S
1811,3025,2021-06-11T01:19:58.324000+00:00,1.0,P
1811,3253,2021-06-11T01:20:00.604000+00:00,1.0,S
1812,3025,2021-06-11T01:19:58.324000+00:00,1.0,P
1812,3253,2021-06-11T01:20:00.604000+00:00,1.0,S
1813,3025,2021-06-11T01:19:58.324000+00:00,1.0,P
1813,3253,2021-06-11T01:20:00.604000+00:00,1.0,S
1814,3026,2021-06-11T01:19:58.334000+00:00,1.0,P
1814,3253,2021-06-11T01:20:00.604000+00:00,1.0,S
1815,3026,2021-06-11T01:19:58.334000+00:00,1.0,P
1815,3253,2021-06-11T01:20:00.604000+00:00,1.0,S
1816,3026,2021-06-11T01:19:58.334000+00:00,1.0,P
1816,3253,2021-06-11T01:20:00.604000+00:00,1.0,S
1817,3026,2021-06-11T01:19:58.334000+00:00,1.0,P
1817,3254,2021-06-11T01:20:00.614000+00:00,1.0,S
1818,3026,2021-06-11T01:19:58.334000+00:00,1.0,P
1818,3254,2021-06-11T01:20:00.614000+00:00,1.0,S
1819,3026,2021-06-11T01:19:58.334000+00:00,1.0,P
1819,3254,2021-06-11T01:20:00.614000+00:00,1.0,S
1820,3026,2021-06-11T01:19:58.334000+00:00,1.0,P
1820,3254,2021-06-11T01:20:00.614000+00:00,1.0,S
1821,3026,2021-06-11T01:19:58.334000+00:00,1.0,P
1821,3254,2021-06-11T01:20:00.614000+00:00,1.0,S
1822,3026,2021-06-11T01:19:58.334000+00:00,1.0,P
1822,3254,2021-06-11T01:20:00.614000+00:00,1.0,S
1823,3026,2021-06-11T01:19:58.334000+00:00,1.0,P
1823,3254,2021-06-11T01:20:00.614000+00:00,1.0,S
1824,3026,2021-06-11T01:19:58.334000+00:00,1.0,P
1824,3254,2021-06-11T01:20:00.614000+00:00,1.0,S
1825,3026,2021-06-11T01:19:58.334000+00:00,1.0,P
1825,3254,2021-06-11T01:20:00.614000+00:00,1.0,S
1826,3026,2021-06-11T01:19:58.334000+00:00,1.0,P
1826,3254,2021-06-11T01:20:00.614000+00:00,1.0,S
1827,3026,2021-06-11T01:19:58.334000+00:00,1.0,P
1827,3254,2021-06-11T01:20:00.614000+00:00,1.0,S
1828,3026,2021-06-11T01:19:58.334000+00:00,1.0,P
1828,3254,2021-06-11T01:20:00.614000+00:00,1.0,S
1829,3026,2021-06-11T01:19:58.334000+00:00,1.0,P
1829,3254,2021-06-11T01:20:00.614000+00:00,1.0,S
1830,3026,2021-06-11T01:19:58.334000+00:00,1.0,P
1830,3254,2021-06-11T01:20:00.614000+00:00,1.0,S
1831,3026,2021-06-11T01:19:58.334000+00:00,1.0,P
1831,3254,2021-06-11T01:20:00.614000+00:00,1.0,S
1832,3026,2021-06-11T01:19:58.334000+00:00,1.0,P
1832,3254,2021-06-11T01:20:00.614000+00:00,1.0,S
1833,3026,2021-06-11T01:19:58.334000+00:00,1.0,P
1833,3254,2021-06-11T01:20:00.614000+00:00,1.0,S
1834,3026,2021-06-11T01:19:58.334000+00:00,1.0,P
1834,3254,2021-06-11T01:20:00.614000+00:00,1.0,S
1835,3027,2021-06-11T01:19:58.344000+00:00,1.0,P
1835,3254,2021-06-11T01:20:00.614000+00:00,1.0,S
1836,3027,2021-06-11T01:19:58.344000+00:00,1.0,P
1836,3254,2021-06-11T01:20:00.614000+00:00,1.0,S
1837,3027,2021-06-11T01:19:58.344000+00:00,1.0,P
1837,3254,2021-06-11T01:20:00.614000+00:00,1.0,S
1838,3027,2021-06-11T01:19:58.344000+00:00,1.0,P
1838,3254,2021-06-11T01:20:00.614000+00:00,1.0,S
1839,3027,2021-06-11T01:19:58.344000+00:00,1.0,P
1839,3254,2021-06-11T01:20:00.614000+00:00,1.0,S
1840,3027,2021-06-11T01:19:58.344000+00:00,1.0,P
1840,3254,2021-06-11T01:20:00.614000+00:00,1.0,S
1841,3027,2021-06-11T01:19:58.344000+00:00,1.0,P
1841,3254,2021-06-11T01:20:00.614000+00:00,1.0,S
1842,3027,2021-06-11T01:19:58.344000+00:00,1.0,P
1842,3254,2021-06-11T01:20:00.614000+00:00,1.0,S
1843,3027,2021-06-11T01:19:58.344000+00:00,1.0,P
1843,3255,2021-06-11T01:20:00.623999+00:00,1.0,S
1844,3027,2021-06-11T01:19:58.344000+00:00,1.0,P
1844,3255,2021-06-11T01:20:00.623999+00:00,1.0,S
1845,3027,2021-06-11T01:19:58.344000+00:00,1.0,P
1845,3255,2021-06-11T01:20:00.623999+00:00,1.0,S
1846,3027,2021-06-11T01:19:58.344000+00:00,1.0,P
1846,3255,2021-06-11T01:20:00.623999+00:00,1.0,S
1847,3027,2021-06-11T01:19:58.344000+00:00,1.0,P
1847,3255,2021-06-11T01:20:00.623999+00:00,1.0,S
1848,3027,2021-06-11T01:19:58.344000+00:00,1.0,P
1848,3255,2021-06-11T01:20:00.623999+00:00,1.0,S
1849,3027,2021-06-11T01:19:58.344000+00:00,1.0,P
1849,3255,2021-06-11T01:20:00.623999+00:00,1.0,S
1850,3027,2021-06-11T01:19:58.344000+00:00,1.0,P
1850,3255,2021-06-11T01:20:00.623999+00:00,1.0,S
1851,3027,2021-06-11T01:19:58.344000+00:00,1.0,P
1851,3255,2021-06-11T01:20:00.623999+00:00,1.0,S
1852,3027,2021-06-11T01:19:58.344000+00:00,1.0,P
1852,3255,2021-06-11T01:20:00.623999+00:00,1.0,S
1853,3028,2021-06-11T01:19:58.354000+00:00,1.0,P
1853,3255,2021-06-11T01:20:00.623999+00:00,1.0,S
1854,3028,2021-06-11T01:19:58.354000+00:00,1.0,P
1854,3255,2021-06-11T01:20:00.623999+00:00,1.0,S
1855,3028,2021-06-11T01:19:58.354000+00:00,1.0,P
1855,3255,2021-06-11T01:20:00.623999+00:00,1.0,S
1856,3028,2021-06-11T01:19:58.354000+00:00,1.0,P
1856,3255,2021-06-11T01:20:00.623999+00:00,1.0,S
1857,3028,2021-06-11T01:19:58.354000+00:00,1.0,P
1857,3255,2021-06-11T01:20:00.623999+00:00,1.0,S
1858,3028,2021-06-11T01:19:58.354000+00:00,1.0,P
1858,3255,2021-06-11T01:20:00.623999+00:00,1.0,S
1859,3028,2021-06-11T01:19:58.354000+00:00,1.0,P
1859,3255,2021-06-11T01:20:00.623999+00:00,1.0,S
1860,3028,2021-06-11T01:19:58.354000+00:00,1.0,P
1860,3255,2021-06-11T01:20:00.623999+00:00,1.0,S
1861,3028,2021-06-11T01:19:58.354000+00:00,1.0,P
1861,3255,2021-06-11T01:20:00.623999+00:00,1.0,S
1862,3028,2021-06-11T01:19:58.354000+00:00,1.0,P
1862,3255,2021-06-11T01:20:00.623999+00:00,1.0,S
1863,3028,2021-06-11T01:19:58.354000+00:00,1.0,P
1863,3254,2021-06-11T01:20:00.614000+00:00,1.0,S
1864,3028,2021-06-11T01:19:58.354000+00:00,1.0,P
1864,3254,2021-06-11T01:20:00.614000+00:00,1.0,S
1865,3028,2021-06-11T01:19:58.354000+00:00,1.0,P
1865,3254,2021-06-11T01:20:00.614000+00:00,1.0,S
1866,3028,2021-06-11T01:19:58.354000+00:00,1.0,P
1866,3254,2021-06-11T01:20:00.614000+00:00,1.0,S
1867,3028,2021-06-11T01:19:58.354000+00:00,1.0,P
1867,3254,2021-06-11T01:20:00.614000+00:00,1.0,S
1868,3028,2021-06-11T01:19:58.354000+00:00,1.0,P
1868,3254,2021-06-11T01:20:00.614000+00:00,1.0,S
1869,3028,2021-06-11T01:19:58.354000+00:00,1.0,P
1869,3254,2021-06-11T01:20:00.614000+00:00,1.0,S
1870,3029,2021-06-11T01:19:58.364000+00:00,1.0,P
1870,3254,2021-06-11T01:20:00.614000+00:00,1.0,S
1871,3029,2021-06-11T01:19:58.364000+00:00,1.0,P
1871,3254,2021-06-11T01:20:00.614000+00:00,1.0,S
1872,3029,2021-06-11T01:19:58.364000+00:00,1.0,P
1872,3254,2021-06-11T01:20:00.614000+00:00,1.0,S
1873,3029,2021-06-11T01:19:58.364000+00:00,1.0,P
1873,3254,2021-06-11T01:20:00.614000+00:00,1.0,S
1874,3029,2021-06-11T01:19:58.364000+00:00,1.0,P
1874,3254,2021-06-11T01:20:00.614000+00:00,1.0,S
1875,3029,2021-06-11T01:19:58.364000+00:00,1.0,P
1875,3254,2021-06-11T01:20:00.614000+00:00,1.0,S
1876,3029,2021-06-11T01:19:58.364000+00:00,1.0,P
1876,3255,2021-06-11T01:20:00.623999+00:00,1.0,S
1877,3029,2021-06-11T01:19:58.364000+00:00,1.0,P
1877,3255,2021-06-11T01:20:00.623999+00:00,1.0,S
1878,3029,2021-06-11T01:19:58.364000+00:00,1.0,P
1878,3255,2021-06-11T01:20:00.623999+00:00,1.0,S
1879,3029,2021-06-11T01:19:58.364000+00:00,1.0,P
1879,3255,2021-06-11T01:20:00.623999+00:00,1.0,S
1880,3029,2021-06-11T01:19:58.364000+00:00,1.0,P
1880,3255,2021-06-11T01:20:00.623999+00:00,1.0,S
1881,3029,2021-06-11T01:19:58.364000+00:00,1.0,P
1881,3255,2021-06-11T01:20:00.623999+00:00,1.0,S
1882,3029,2021-06-11T01:19:58.364000+00:00,1.0,P
1882,3255,2021-06-11T01:20:00.623999+00:00,1.0,S
1883,3029,2021-06-11T01:19:58.364000+00:00,1.0,P
1883,3255,2021-06-11T01:20:00.623999+00:00,1.0,S
1884,3029,2021-06-11T01:19:58.364000+00:00,1.0,P
1884,3255,2021-06-11T01:20:00.623999+00:00,1.0,S
1885,3029,2021-06-11T01:19:58.364000+00:00,1.0,P
1885,3255,2021-06-11T01:20:00.623999+00:00,1.0,S
1886,3029,2021-06-11T01:19:58.364000+00:00,1.0,P
1886,3255,2021-06-11T01:20:00.623999+00:00,1.0,S
1887,3030,2021-06-11T01:19:58.374000+00:00,1.0,P
1887,3255,2021-06-11T01:20:00.623999+00:00,1.0,S
1888,3030,2021-06-11T01:19:58.374000+00:00,1.0,P
1888,3255,2021-06-11T01:20:00.623999+00:00,1.0,S
1889,3030,2021-06-11T01:19:58.374000+00:00,1.0,P
1889,3255,2021-06-11T01:20:00.623999+00:00,1.0,S
1890,3030,2021-06-11T01:19:58.374000+00:00,1.0,P
1890,3255,2021-06-11T01:20:00.623999+00:00,1.0,S
1891,3030,2021-06-11T01:19:58.374000+00:00,1.0,P
1891,3255,2021-06-11T01:20:00.623999+00:00,1.0,S
1892,3030,2021-06-11T01:19:58.374000+00:00,1.0,P
1892,3255,2021-06-11T01:20:00.623999+00:00,1.0,S
1893,3030,2021-06-11T01:19:58.374000+00:00,1.0,P
1893,3255,2021-06-11T01:20:00.623999+00:00,1.0,S
1894,3030,2021-06-11T01:19:58.374000+00:00,1.0,P
1894,3255,2021-06-11T01:20:00.623999+00:00,1.0,S
1895,3030,2021-06-11T01:19:58.374000+00:00,1.0,P
1895,3255,2021-06-11T01:20:00.623999+00:00,1.0,S
1896,3030,2021-06-11T01:19:58.374000+00:00,1.0,P
1896,3255,2021-06-11T01:20:00.623999+00:00,1.0,S
1897,3030,2021-06-11T01:19:58.374000+00:00,1.0,P
1897,3255,2021-06-11T01:20:00.623999+00:00,1.0,S
1898,3030,2021-06-11T01:19:58.374000+00:00,1.0,P
1898,3255,2021-06-11T01:20:00.623999+00:00,1.0,S
1899,3030,2021-06-11T01:19:58.374000+00:00,1.0,P
1899,3255,2021-06-11T01:20:00.623999+00:00,1.0,S
1900,3030,2021-06-11T01:19:58.374000+00:00,1.0,P
1900,3255,2021-06-11T01:20:00.623999+00:00,1.0,S
1901,3030,2021-06-11T01:19:58.374000+00:00,1.0,P
1901,3255,2021-06-11T01:20:00.623999+00:00,1.0,S
1902,3030,2021-06-11T01:19:58.374000+00:00,1.0,P
1902,3255,2021-06-11T01:20:00.623999+00:00,1.0,S
1903,3030,2021-06-11T01:19:58.374000+00:00,1.0,P
1903,3255,2021-06-11T01:20:00.623999+00:00,1.0,S
1904,3030,2021-06-11T01:19:58.374000+00:00,1.0,P
1904,3255,2021-06-11T01:20:00.623999+00:00,1.0,S
1905,3030,2021-06-11T01:19:58.374000+00:00,1.0,P
1905,3255,2021-06-11T01:20:00.623999+00:00,1.0,S
1906,3030,2021-06-11T01:19:58.374000+00:00,1.0,P
1906,3255,2021-06-11T01:20:00.623999+00:00,1.0,S
1907,3030,2021-06-11T01:19:58.374000+00:00,1.0,P
1907,3256,2021-06-11T01:20:00.634000+00:00,1.0,S
1908,3030,2021-06-11T01:19:58.374000+00:00,1.0,P
1908,3256,2021-06-11T01:20:00.634000+00:00,1.0,S
1909,3030,2021-06-11T01:19:58.374000+00:00,1.0,P
1909,3256,2021-06-11T01:20:00.634000+00:00,1.0,S
1910,3030,2021-06-11T01:19:58.374000+00:00,1.0,P
1910,3256,2021-06-11T01:20:00.634000+00:00,1.0,S
1911,3030,2021-06-11T01:19:58.374000+00:00,1.0,P
1911,3256,2021-06-11T01:20:00.634000+00:00,1.0,S
1912,3030,2021-06-11T01:19:58.374000+00:00,1.0,P
1912,3256,2021-06-11T01:20:00.634000+00:00,1.0,S
1913,3030,2021-06-11T01:19:58.374000+00:00,1.0,P
1913,3256,2021-06-11T01:20:00.634000+00:00,1.0,S
1914,3030,2021-06-11T01:19:58.374000+00:00,1.0,P
1914,3256,2021-06-11T01:20:00.634000+00:00,1.0,S
1915,3030,2021-06-11T01:19:58.374000+00:00,1.0,P
1915,3256,2021-06-11T01:20:00.634000+00:00,1.0,S
1916,3030,2021-06-11T01:19:58.374000+00:00,1.0,P
1916,3256,2021-06-11T01:20:00.634000+00:00,1.0,S
1917,3030,2021-06-11T01:19:58.374000+00:00,1.0,P
1917,3256,2021-06-11T01:20:00.634000+00:00,1.0,S
1918,3030,2021-06-11T01:19:58.374000+00:00,1.0,P
1918,3256,2021-06-11T01:20:00.634000+00:00,1.0,S
1919,3030,2021-06-11T01:19:58.374000+00:00,1.0,P
1919,3256,2021-06-11T01:20:00.634000+00:00,1.0,S
1920,3031,2021-06-11T01:19:58.384000+00:00,1.0,P
1920,3256,2021-06-11T01:20:00.634000+00:00,1.0,S
1921,3031,2021-06-11T01:19:58.384000+00:00,1.0,P
1921,3256,2021-06-11T01:20:00.634000+00:00,1.0,S
1922,3031,2021-06-11T01:19:58.384000+00:00,1.0,P
1922,3256,2021-06-11T01:20:00.634000+00:00,1.0,S
1923,3031,2021-06-11T01:19:58.384000+00:00,1.0,P
1923,3256,2021-06-11T01:20:00.634000+00:00,1.0,S
1924,3031,2021-06-11T01:19:58.384000+00:00,1.0,P
1924,3256,2021-06-11T01:20:00.634000+00:00,1.0,S
1925,3031,2021-06-11T01:19:58.384000+00:00,1.0,P
1925,3256,2021-06-11T01:20:00.634000+00:00,1.0,S
1926,3031,2021-06-11T01:19:58.384000+00:00,1.0,P
1926,3256,2021-06-11T01:20:00.634000+00:00,1.0,S
1927,3031,2021-06-11T01:19:58.384000+00:00,1.0,P
1927,3256,2021-06-11T01:20:00.634000+00:00,1.0,S
1928,3031,2021-06-11T01:19:58.384000+00:00,1.0,P
1928,3256,2021-06-11T01:20:00.634000+00:00,1.0,S
1929,3031,2021-06-11T01:19:58.384000+00:00,1.0,P
1929,3256,2021-06-11T01:20:00.634000+00:00,1.0,S
1930,3031,2021-06-11T01:19:58.384000+00:00,1.0,P
1930,3257,2021-06-11T01:20:00.644000+00:00,1.0,S
1931,3031,2021-06-11T01:19:58.384000+00:00,1.0,P
1931,3257,2021-06-11T01:20:00.644000+00:00,1.0,S
1932,3031,2021-06-11T01:19:58.384000+00:00,1.0,P
1932,3257,2021-06-11T01:20:00.644000+00:00,1.0,S
1933,3031,2021-06-11T01:19:58.384000+00:00,1.0,P
1933,3257,2021-06-11T01:20:00.644000+00:00,1.0,S
1934,3031,2021-06-11T01:19:58.384000+00:00,1.0,P
1934,3257,2021-06-11T01:20:00.644000+00:00,1.0,S
1935,3031,2021-06-11T01:19:58.384000+00:00,1.0,P
1935,3257,2021-06-11T01:20:00.644000+00:00,1.0,S
1936,3031,2021-06-11T01:19:58.384000+00:00,1.0,P
1936,3257,2021-06-11T01:20:00.644000+00:00,1.0,S
1937,3031,2021-06-11T01:19:58.384000+00:00,1.0,P
1937,3256,2021-06-11T01:20:00.634000+00:00,1.0,S
1938,3031,2021-06-11T01:19:58.384000+00:00,1.0,P
1938,3256,2021-06-11T01:20:00.634000+00:00,1.0,S
1939,3031,2021-06-11T01:19:58.384000+00:00,1.0,P
1939,3256,2021-06-11T01:20:00.634000+00:00,1.0,S
1940,3031,2021-06-11T01:19:58.384000+00:00,1.0,P
1940,3256,2021-06-11T01:20:00.634000+00:00,1.0,S
1941,3031,2021-06-11T01:19:58.384000+00:00,1.0,P
1941,3256,2021-06-11T01:20:00.634000+00:00,1.0,S
1942,3031,2021-06-11T01:19:58.384000+00:00,1.0,P
1942,3256,2021-06-11T01:20:00.634000+00:00,1.0,S
1943,3031,2021-06-11T01:19:58.384000+00:00,1.0,P
1943,3256,2021-06-11T01:20:00.634000+00:00,1.0,S
1944,3031,2021-06-11T01:19:58.384000+00:00,1.0,P
1944,3256,2021-06-11T01:20:00.634000+00:00,1.0,S
1945,3031,2021-06-11T01:19:58.384000+00:00,1.0,P
1945,3256,2021-06-11T01:20:00.634000+00:00,1.0,S
1946,3031,2021-06-11T01:19:58.384000+00:00,1.0,P
1946,3256,2021-06-11T01:20:00.634000+00:00,1.0,S
1947,3031,2021-06-11T01:19:58.384000+00:00,1.0,P
1947,3256,2021-06-11T01:20:00.634000+00:00,1.0,S
1948,3031,2021-06-11T01:19:58.384000+00:00,1.0,P
1948,3256,2021-06-11T01:20:00.634000+00:00,1.0,S
1949,3031,2021-06-11T01:19:58.384000+00:00,1.0,P
1949,3256,2021-06-11T01:20:00.634000+00:00,1.0,S
1950,3031,2021-06-11T01:19:58.384000+00:00,1.0,P
1950,3256,2021-06-11T01:20:00.634000+00:00,1.0,S
1951,3031,2021-06-11T01:19:58.384000+00:00,1.0,P
1951,3256,2021-06-11T01:20:00.634000+00:00,1.0,S
1952,3031,2021-06-11T01:19:58.384000+00:00,1.0,P
1952,3256,2021-06-11T01:20:00.634000+00:00,1.0,S
1953,3031,2021-06-11T01:19:58.384000+00:00,1.0,P
1953,3256,2021-06-11T01:20:00.634000+00:00,1.0,S
1954,3031,2021-06-11T01:19:58.384000+00:00,1.0,P
1954,3256,2021-06-11T01:20:00.634000+00:00,1.0,S
1955,3031,2021-06-11T01:19:58.384000+00:00,1.0,P
1955,3255,2021-06-11T01:20:00.623999+00:00,1.0,S
1956,3031,2021-06-11T01:19:58.384000+00:00,1.0,P
1956,3255,2021-06-11T01:20:00.623999+00:00,1.0,S
1957,3031,2021-06-11T01:19:58.384000+00:00,1.0,P
1957,3255,2021-06-11T01:20:00.623999+00:00,1.0,S
1958,3031,2021-06-11T01:19:58.384000+00:00,1.0,P
1958,3255,2021-06-11T01:20:00.623999+00:00,1.0,S
1959,3031,2021-06-11T01:19:58.384000+00:00,1.0,P
1959,3255,2021-06-11T01:20:00.623999+00:00,1.0,S
1960,3031,2021-06-11T01:19:58.384000+00:00,1.0,P
1960,3255,2021-06-11T01:20:00.623999+00:00,1.0,S
1961,3031,2021-06-11T01:19:58.384000+00:00,1.0,P
1961,3255,2021-06-11T01:20:00.623999+00:00,1.0,S
1962,3031,2021-06-11T01:19:58.384000+00:00,1.0,P
1962,3255,2021-06-11T01:20:00.623999+00:00,1.0,S
1963,3031,2021-06-11T01:19:58.384000+00:00,1.0,P
1963,3255,2021-06-11T01:20:00.623999+00:00,1.0,S
1964,3031,2021-06-11T01:19:58.384000+00:00,1.0,P
1964,3255,2021-06-11T01:20:00.623999+00:00,1.0,S
1965,3031,2021-06-11T01:19:58.384000+00:00,1.0,P
1965,3255,2021-06-11T01:20:00.623999+00:00,1.0,S
1966,3031,2021-06-11T01:19:58.384000+00:00,1.0,P
1966,3255,2021-06-11T01:20:00.623999+00:00,1.0,S
1967,3031,2021-06-11T01:19:58.384000+00:00,1.0,P
1967,3255,2021-06-11T01:20:00.623999+00:00,1.0,S
1968,3031,2021-06-11T01:19:58.384000+00:00,1.0,P
1968,3255,2021-06-11T01:20:00.623999+00:00,1.0,S
1969,3031,2021-06-11T01:19:58.384000+00:00,1.0,P
1969,3255,2021-06-11T01:20:00.623999+00:00,1.0,S
1970,3031,2021-06-11T01:19:58.384000+00:00,1.0,P
1970,3255,2021-06-11T01:20:00.623999+00:00,1.0,S
1971,3031,2021-06-11T01:19:58.384000+00:00,1.0,P
1971,3255,2021-06-11T01:20:00.623999+00:00,1.0,S
1972,3031,2021-06-11T01:19:58.384000+00:00,1.0,P
1972,3255,2021-06-11T01:20:00.623999+00:00,1.0,S
1973,3031,2021-06-11T01:19:58.384000+00:00,1.0,P
1973,3255,2021-06-11T01:20:00.623999+00:00,1.0,S
1974,3031,2021-06-11T01:19:58.384000+00:00,1.0,P
1974,3255,2021-06-11T01:20:00.623999+00:00,1.0,S
1975,3031,2021-06-11T01:19:58.384000+00:00,1.0,P
1975,3254,2021-06-11T01:20:00.614000+00:00,1.0,S
1976,3031,2021-06-11T01:19:58.384000+00:00,1.0,P
1976,3254,2021-06-11T01:20:00.614000+00:00,1.0,S
1977,3031,2021-06-11T01:19:58.384000+00:00,1.0,P
1977,3254,2021-06-11T01:20:00.614000+00:00,1.0,S
1978,3031,2021-06-11T01:19:58.384000+00:00,1.0,P
1978,3254,2021-06-11T01:20:00.614000+00:00,1.0,S
1979,3031,2021-06-11T01:19:58.384000+00:00,1.0,P
1979,3254,2021-06-11T01:20:00.614000+00:00,1.0,S
1980,3031,2021-06-11T01:19:58.384000+00:00,1.0,P
1980,3254,2021-06-11T01:20:00.614000+00:00,1.0,S
1981,3031,2021-06-11T01:19:58.384000+00:00,1.0,P
1981,3254,2021-06-11T01:20:00.614000+00:00,1.0,S
1982,3031,2021-06-11T01:19:58.384000+00:00,1.0,P
1982,3254,2021-06-11T01:20:00.614000+00:00,1.0,S
1983,3031,2021-06-11T01:19:58.384000+00:00,1.0,P
1983,3254,2021-06-11T01:20:00.614000+00:00,1.0,S
1984,3031,2021-06-11T01:19:58.384000+00:00,1.0,P
1984,3254,2021-06-11T01:20:00.614000+00:00,1.0,S
1985,3031,2021-06-11T01:19:58.384000+00:00,1.0,P
1985,3254,2021-06-11T01:20:00.614000+00:00,1.0,S
1986,3031,2021-06-11T01:19:58.384000+00:00,1.0,P
1986,3254,2021-06-11T01:20:00.614000+00:00,1.0,S
1987,3031,2021-06-11T01:19:58.384000+00:00,1.0,P
1987,3254,2021-06-11T01:20:00.614000+00:00,1.0,S
1988,3031,2021-06-11T01:19:58.384000+00:00,1.0,P
1988,3254,2021-06-11T01:20:00.614000+00:00,1.0,S
1989,3031,2021-06-11T01:19:58.384000+00:00,1.0,P
1989,3254,2021-06-11T01:20:00.614000+00:00,1.0,S
1990,3031,2021-06-11T01:19:58.384000+00:00,1.0,P
1990,3254,2021-06-11T01:20:00.614000+00:00,1.0,S
1991,3031,2021-06-11T01:19:58.384000+00:00,1.0,P
1991,3254,2021-06-11T01:20:00.614000+00:00,1.0,S
1992,3031,2021-06-11T01:19:58.384000+00:00,1.0,P
1992,3254,2021-06-11T01:20:00.614000+00:00,1.0,S
1993,3031,2021-06-11T01:19:58.384000+00:00,1.0,P
1993,3254,2021-06-11T01:20:00.614000+00:00,1.0,S
1994,3031,2021-06-11T01:19:58.384000+00:00,1.0,P
1994,3254,2021-06-11T01:20:00.614000+00:00,1.0,S
1995,3031,2021-06-11T01:19:58.384000+00:00,1.0,P
1995,3254,2021-06-11T01:20:00.614000+00:00,1.0,S
1996,3031,2021-06-11T01:19:58.384000+00:00,1.0,P
1996,3254,2021-06-11T01:20:00.614000+00:00,1.0,S
1997,3031,2021-06-11T01:19:58.384000+00:00,1.0,P
1997,3254,2021-06-11T01:20:00.614000+00:00,1.0,S
1998,3031,2021-06-11T01:19:58.384000+00:00,1.0,P
1998,3254,2021-06-11T01:20:00.614000+00:00,1.0,S
1999,3031,2021-06-11T01:19:58.384000+00:00,1.0,P
1999,3253,2021-06-11T01:20:00.604000+00:00,1.0,S
2000,3031,2021-06-11T01:19:58.384000+00:00,1.0,P
2000,3253,2021-06-11T01:20:00.604000+00:00,1.0,S
2001,3031,2021-06-11T01:19:58.384000+00:00,1.0,P
2001,3253,2021-06-11T01:20:00.604000+00:00,1.0,S
2002,3031,2021-06-11T01:19:58.384000+00:00,1.0,P
2002,3253,2021-06-11T01:20:00.604000+00:00,1.0,S
2003,3031,2021-06-11T01:19:58.384000+00:00,1.0,P
2003,3253,2021-06-11T01:20:00.604000+00:00,1.0,S
2004,3031,2021-06-11T01:19:58.384000+00:00,1.0,P
2004,3253,2021-06-11T01:20:00.604000+00:00,1.0,S
2005,3031,2021-06-11T01:19:58.384000+00:00,1.0,P
2005,3253,2021-06-11T01:20:00.604000+00:00,1.0,S
2006,3031,2021-06-11T01:19:58.384000+00:00,1.0,P
2006,3253,2021-06-11T01:20:00.604000+00:00,1.0,S
2007,3031,2021-06-11T01:19:58.384000+00:00,1.0,P
2007,3253,2021-06-11T01:20:00.604000+00:00,1.0,S
2008,3031,2021-06-11T01:19:58.384000+00:00,1.0,P
2008,3253,2021-06-11T01:20:00.604000+00:00,1.0,S
2009,3031,2021-06-11T01:19:58.384000+00:00,1.0,P
2009,3253,2021-06-11T01:20:00.604000+00:00,1.0,S
2010,3031,2021-06-11T01:19:58.384000+00:00,1.0,P
2010,3253,2021-06-11T01:20:00.604000+00:00,1.0,S
2011,3031,2021-06-11T01:19:58.384000+00:00,1.0,P
2011,3253,2021-06-11T01:20:00.604000+00:00,1.0,S
2012,3031,2021-06-11T01:19:58.384000+00:00,1.0,P
2012,3253,2021-06-11T01:20:00.604000+00:00,1.0,S
2013,3031,2021-06-11T01:19:58.384000+00:00,1.0,P
2013,3253,2021-06-11T01:20:00.604000+00:00,1.0,S
2014,3031,2021-06-11T01:19:58.384000+00:00,1.0,P
2014,3253,2021-06-11T01:20:00.604000+00:00,1.0,S
2015,3031,2021-06-11T01:19:58.384000+00:00,1.0,P
2015,3253,2021-06-11T01:20:00.604000+00:00,1.0,S
2016,3031,2021-06-11T01:19:58.384000+00:00,1.0,P
2016,3253,2021-06-11T01:20:00.604000+00:00,1.0,S
2017,3031,2021-06-11T01:19:58.384000+00:00,1.0,P
2017,3253,2021-06-11T01:20:00.604000+00:00,1.0,S
2018,3031,2021-06-11T01:19:58.384000+00:00,1.0,P
2018,3253,2021-06-11T01:20:00.604000+00:00,1.0,S
2019,3031,2021-06-11T01:19:58.384000+00:00,1.0,P
2019,3253,2021-06-11T01:20:00.604000+00:00,1.0,S
2020,3031,2021-06-11T01:19:58.384000+00:00,1.0,P
2020,3253,2021-06-11T01:20:00.604000+00:00,1.0,S
2021,3031,2021-06-11T01:19:58.384000+00:00,1.0,P
2021,3253,2021-06-11T01:20:00.604000+00:00,1.0,S
2022,3031,2021-06-11T01:19:58.384000+00:00,1.0,P
2022,3253,2021-06-11T01:20:00.604000+00:00,1.0,S
2023,3031,2021-06-11T01:19:58.384000+00:00,1.0,P
2023,3253,2021-06-11T01:20:00.604000+00:00,1.0,S
2024,3031,2021-06-11T01:19:58.384000+00:00,1.0,P
2024,3253,2021-06-11T01:20:00.604000+00:00,1.0,S
2025,3031,2021-06-11T01:19:58.384000+00:00,1.0,P
2025,3253,2021-06-11T01:20:00.604000+00:00,1.0,S
2026,3031,2021-06-11T01:19:58.384000+00:00,1.0,P
2026,3253,2021-06-11T01:20:00.604000+00:00,1.0,S
2027,3031,2021-06-11T01:19:58.384000+00:00,1.0,P
2027,3253,2021-06-11T01:20:00.604000+00:00,1.0,S
2028,3031,2021-06-11T01:19:58.384000+00:00,1.0,P
2028,3253,2021-06-11T01:20:00.604000+00:00,1.0,S
2029,3031,2021-06-11T01:19:58.384000+00:00,1.0,P
2029,3253,2021-06-11T01:20:00.604000+00:00,1.0,S
2030,3031,2021-06-11T01:19:58.384000+00:00,1.0,P
2030,3253,2021-06-11T01:20:00.604000+00:00,1.0,S
2031,3031,2021-06-11T01:19:58.384000+00:00,1.0,P
2031,3253,2021-06-11T01:20:00.604000+00:00,1.0,S
2032,3031,2021-06-11T01:19:58.384000+00:00,1.0,P
2032,3253,2021-06-11T01:20:00.604000+00:00,1.0,S
2033,3031,2021-06-11T01:19:58.384000+00:00,1.0,P
2033,3252,2021-06-11T01:20:00.594000+00:00,1.0,S
2034,3031,2021-06-11T01:19:58.384000+00:00,1.0,P
2034,3252,2021-06-11T01:20:00.594000+00:00,1.0,S
2035,3031,2021-06-11T01:19:58.384000+00:00,1.0,P
2035,3252,2021-06-11T01:20:00.594000+00:00,1.0,S
2036,3031,2021-06-11T01:19:58.384000+00:00,1.0,P
2036,3252,2021-06-11T01:20:00.594000+00:00,1.0,S
2037,3031,2021-06-11T01:19:58.384000+00:00,1.0,P
2037,3252,2021-06-11T01:20:00.594000+00:00,1.0,S
2038,3031,2021-06-11T01:19:58.384000+00:00,1.0,P
2038,3252,2021-06-11T01:20:00.594000+00:00,1.0,S
2039,3031,2021-06-11T01:19:58.384000+00:00,1.0,P
2039,3252,2021-06-11T01:20:00.594000+00:00,1.0,S
2040,3031,2021-06-11T01:19:58.384000+00:00,1.0,P
2040,3252,2021-06-11T01:20:00.594000+00:00,1.0,S
2041,3031,2021-06-11T01:19:58.384000+00:00,1.0,P
2041,3252,2021-06-11T01:20:00.594000+00:00,1.0,S
2042,3031,2021-06-11T01:19:58.384000+00:00,1.0,P
2042,3252,2021-06-11T01:20:00.594000+00:00,1.0,S
2043,3031,2021-06-11T01:19:58.384000+00:00,1.0,P
2043,3252,2021-06-11T01:20:00.594000+00:00,1.0,S
2044,3031,2021-06-11T01:19:58.384000+00:00,1.0,P
2044,3252,2021-06-11T01:20:00.594000+00:00,1.0,S
2045,3031,2021-06-11T01:19:58.384000+00:00,1.0,P
2045,3252,2021-06-11T01:20:00.594000+00:00,1.0,S
2046,3031,2021-06-11T01:19:58.384000+00:00,1.0,P
2046,3252,2021-06-11T01:20:00.594000+00:00,1.0,S
2047,3031,2021-06-11T01:19:58.384000+00:00,1.0,P
2047,3252,2021-06-11T01:20:00.594000+00:00,1.0,S
2048,3032,2021-06-11T01:19:58.394000+00:00,1.0,P
2048,3252,2021-06-11T01:20:00.594000+00:00,1.0,S
2049,3032,2021-06-11T01:19:58.394000+00:00,1.0,P
2049,3252,2021-06-11T01:20:00.594000+00:00,1.0,S
2050,3032,2021-06-11T01:19:58.394000+00:00,1.0,P
2050,3252,2021-06-11T01:20:00.594000+00:00,1.0,S
2051,3032,2021-06-11T01:19:58.394000+00:00,1.0,P
2051,3252,2021-06-11T01:20:00.594000+00:00,1.0,S
2052,3032,2021-06-11T01:19:58.394000+00:00,1.0,P
2052,3252,2021-06-11T01:20:00.594000+00:00,1.0,S
2053,3032,2021-06-11T01:19:58.394000+00:00,1.0,P
2053,3252,2021-06-11T01:20:00.594000+00:00,1.0,S
2054,3032,2021-06-11T01:19:58.394000+00:00,1.0,P
2054,3252,2021-06-11T01:20:00.594000+00:00,1.0,S
2055,3032,2021-06-11T01:19:58.394000+00:00,1.0,P
2055,3252,2021-06-11T01:20:00.594000+00:00,1.0,S
2056,3032,2021-06-11T01:19:58.394000+00:00,1.0,P
2056,3252,2021-06-11T01:20:00.594000+00:00,1.0,S
2057,3032,2021-06-11T01:19:58.394000+00:00,1.0,P
2057,3253,2021-06-11T01:20:00.604000+00:00,1.0,S
2058,3032,2021-06-11T01:19:58.394000+00:00,1.0,P
2058,3253,2021-06-11T01:20:00.604000+00:00,1.0,S
2059,3032,2021-06-11T01:19:58.394000+00:00,1.0,P
2059,3253,2021-06-11T01:20:00.604000+00:00,1.0,S
2060,3032,2021-06-11T01:19:58.394000+00:00,1.0,P
2060,3252,2021-06-11T01:20:00.594000+00:00,1.0,S
2061,3032,2021-06-11T01:19:58.394000+00:00,1.0,P
2061,3252,2021-06-11T01:20:00.594000+00:00,1.0,S
2062,3032,2021-06-11T01:19:58.394000+00:00,1.0,P
2062,3252,2021-06-11T01:20:00.594000+00:00,1.0,S
2063,3032,2021-06-11T01:19:58.394000+00:00,1.0,P
2063,3252,2021-06-11T01:20:00.594000+00:00,1.0,S
2064,3032,2021-06-11T01:19:58.394000+00:00,1.0,P
2064,3252,2021-06-11T01:20:00.594000+00:00,1.0,S
2065,3032,2021-06-11T01:19:58.394000+00:00,1.0,P
2065,3252,2021-06-11T01:20:00.594000+00:00,1.0,S
2066,3032,2021-06-11T01:19:58.394000+00:00,1.0,P
2066,3252,2021-06-11T01:20:00.594000+00:00,1.0,S
2067,3032,2021-06-11T01:19:58.394000+00:00,1.0,P
2067,3252,2021-06-11T01:20:00.594000+00:00,1.0,S
2068,3032,2021-06-11T01:19:58.394000+00:00,1.0,P
2068,3252,2021-06-11T01:20:00.594000+00:00,1.0,S
2069,3032,2021-06-11T01:19:58.394000+00:00,1.0,P
2069,3252,2021-06-11T01:20:00.594000+00:00,1.0,S
2070,3032,2021-06-11T01:19:58.394000+00:00,1.0,P
2070,3252,2021-06-11T01:20:00.594000+00:00,1.0,S
2071,3032,2021-06-11T01:19:58.394000+00:00,1.0,P
2071,3252,2021-06-11T01:20:00.594000+00:00,1.0,S
2072,3032,2021-06-11T01:19:58.394000+00:00,1.0,P
2072,3252,2021-06-11T01:20:00.594000+00:00,1.0,S
2073,3032,2021-06-11T01:19:58.394000+00:00,1.0,P
2073,3252,2021-06-11T01:20:00.594000+00:00,1.0,S
2074,3032,2021-06-11T01:19:58.394000+00:00,1.0,P
2074,3252,2021-06-11T01:20:00.594000+00:00,1.0,S
2075,3032,2021-06-11T01:19:58.394000+00:00,1.0,P
2075,3252,2021-06-11T01:20:00.594000+00:00,1.0,S
2076,3032,2021-06-11T01:19:58.394000+00:00,1.0,P
2076,3252,2021-06-11T01:20:00.594000+00:00,1.0,S
2077,3032,2021-06-11T01:19:58.394000+00:00,1.0,P
2077,3251,2021-06-11T01:20:00.583999+00:00,1.0,S
2078,3032,2021-06-11T01:19:58.394000+00:00,1.0,P
2078,3251,2021-06-11T01:20:00.583999+00:00,1.0,S
2079,3032,2021-06-11T01:19:58.394000+00:00,1.0,P
2079,3251,2021-06-11T01:20:00.583999+00:00,1.0,S
2080,3032,2021-06-11T01:19:58.394000+00:00,1.0,P
2080,3251,2021-06-11T01:20:00.583999+00:00,1.0,S
2081,3032,2021-06-11T01:19:58.394000+00:00,1.0,P
2081,3251,2021-06-11T01:20:00.583999+00:00,1.0,S
2082,3032,2021-06-11T01:19:58.394000+00:00,1.0,P
2082,3251,2021-06-11T01:20:00.583999+00:00,1.0,S
2083,3032,2021-06-11T01:19:58.394000+00:00,1.0,P
2083,3251,2021-06-11T01:20:00.583999+00:00,1.0,S
2084,3032,2021-06-11T01:19:58.394000+00:00,1.0,P
2084,3251,2021-06-11T01:20:00.583999+00:00,1.0,S
2085,3032,2021-06-11T01:19:58.394000+00:00,1.0,P
2085,3251,2021-06-11T01:20:00.583999+00:00,1.0,S
2086,3032,2021-06-11T01:19:58.394000+00:00,1.0,P
2086,3251,2021-06-11T01:20:00.583999+00:00,1.0,S
2087,3032,2021-06-11T01:19:58.394000+00:00,1.0,P
2087,3251,2021-06-11T01:20:00.583999+00:00,1.0,S
2088,3032,2021-06-11T01:19:58.394000+00:00,1.0,P
2088,3251,2021-06-11T01:20:00.583999+00:00,1.0,S
2089,3032,2021-06-11T01:19:58.394000+00:00,1.0,P
2089,3251,2021-06-11T01:20:00.583999+00:00,1.0,S
2090,3032,2021-06-11T01:19:58.394000+00:00,1.0,P
2090,3251,2021-06-11T01:20:00.583999+00:00,1.0,S
2091,3032,2021-06-11T01:19:58.394000+00:00,1.0,P
2091,3251,2021-06-11T01:20:00.583999+00:00,1.0,S
2092,3032,2021-06-11T01:19:58.394000+00:00,1.0,P
2092,3251,2021-06-11T01:20:00.583999+00:00,1.0,S
2093,3032,2021-06-11T01:19:58.394000+00:00,1.0,P
2093,3251,2021-06-11T01:20:00.583999+00:00,1.0,S
2094,3032,2021-06-11T01:19:58.394000+00:00,1.0,P
2094,3251,2021-06-11T01:20:00.583999+00:00,1.0,S
2095,3032,2021-06-11T01:19:58.394000+00:00,1.0,P
2095,3251,2021-06-11T01:20:00.583999+00:00,1.0,S
2096,3032,2021-06-11T01:19:58.394000+00:00,1.0,P
2096,3251,2021-06-11T01:20:00.583999+00:00,1.0,S
2097,3032,2021-06-11T01:19:58.394000+00:00,1.0,P
2097,3251,2021-06-11T01:20:00.583999+00:00,1.0,S
2098,3032,2021-06-11T01:19:58.394000+00:00,1.0,P
2098,3251,2021-06-11T01:20:00.583999+00:00,1.0,S
2099,3032,2021-06-11T01:19:58.394000+00:00,1.0,P
2099,3251,2021-06-11T01:20:00.583999+00:00,1.0,S
2100,3032,2021-06-11T01:19:58.394000+00:00,1.0,P
2100,3251,2021-06-11T01:20:00.583999+00:00,1.0,S
2101,3032,2021-06-11T01:19:58.394000+00:00,1.0,P
2101,3251,2021-06-11T01:20:00.583999+00:00,1.0,S
2102,3032,2021-06-11T01:19:58.394000+00:00,1.0,P
2102,3251,2021-06-11T01:20:00.583999+00:00,1.0,S
2103,3032,2021-06-11T01:19:58.394000+00:00,1.0,P
2103,3251,2021-06-11T01:20:00.583999+00:00,1.0,S
2104,3032,2021-06-11T01:19:58.394000+00:00,1.0,P
2104,3251,2021-06-11T01:20:00.583999+00:00,1.0,S
2105,3032,2021-06-11T01:19:58.394000+00:00,1.0,P
2105,3251,2021-06-11T01:20:00.583999+00:00,1.0,S
2106,3032,2021-06-11T01:19:58.394000+00:00,1.0,P
2106,3250,2021-06-11T01:20:00.574000+00:00,1.0,S
2107,3032,2021-06-11T01:19:58.394000+00:00,1.0,P
2107,3250,2021-06-11T01:20:00.574000+00:00,1.0,S
2108,3032,2021-06-11T01:19:58.394000+00:00,1.0,P
2108,3250,2021-06-11T01:20:00.574000+00:00,1.0,S
2109,3032,2021-06-11T01:19:58.394000+00:00,1.0,P
2109,3250,2021-06-11T01:20:00.574000+00:00,1.0,S
2110,3032,2021-06-11T01:19:58.394000+00:00,1.0,P
2110,3250,2021-06-11T01:20:00.574000+00:00,1.0,S
2111,3032,2021-06-11T01:19:58.394000+00:00,1.0,P
2111,3250,2021-06-11T01:20:00.574000+00:00,1.0,S
2112,3032,2021-06-11T01:19:58.394000+00:00,1.0,P
2112,3250,2021-06-11T01:20:00.574000+00:00,1.0,S
2113,3032,2021-06-11T01:19:58.394000+00:00,1.0,P
2113,3250,2021-06-11T01:20:00.574000+00:00,1.0,S
2114,3032,2021-06-11T01:19:58.394000+00:00,1.0,P
2114,3250,2021-06-11T01:20:00.574000+00:00,1.0,S
2115,3032,2021-06-11T01:19:58.394000+00:00,1.0,P
2115,3251,2021-06-11T01:20:00.583999+00:00,1.0,S
2116,3032,2021-06-11T01:19:58.394000+00:00,1.0,P
2116,3251,2021-06-11T01:20:00.583999+00:00,1.0,S
2117,3032,2021-06-11T01:19:58.394000+00:00,1.0,P
2117,3251,2021-06-11T01:20:00.583999+00:00,1.0,S
2118,3032,2021-06-11T01:19:58.394000+00:00,1.0,P
2118,3251,2021-06-11T01:20:00.583999+00:00,1.0,S
2119,3032,2021-06-11T01:19:58.394000+00:00,1.0,P
2119,3251,2021-06-11T01:20:00.583999+00:00,1.0,S
2120,3032,2021-06-11T01:19:58.394000+00:00,1.0,P
2120,3251,2021-06-11T01:20:00.583999+00:00,1.0,S
2121,3032,2021-06-11T01:19:58.394000+00:00,1.0,P
2121,3251,2021-06-11T01:20:00.583999+00:00,1.0,S
2122,3032,2021-06-11T01:19:58.394000+00:00,1.0,P
2122,3251,2021-06-11T01:20:00.583999+00:00,1.0,S
2123,3032,2021-06-11T01:19:58.394000+00:00,1.0,P
2123,3251,2021-06-11T01:20:00.583999+00:00,1.0,S
2124,3032,2021-06-11T01:19:58.394000+00:00,1.0,P
2124,3250,2021-06-11T01:20:00.574000+00:00,1.0,S
2125,3032,2021-06-11T01:19:58.394000+00:00,1.0,P
2125,3250,2021-06-11T01:20:00.574000+00:00,1.0,S
2126,3032,2021-06-11T01:19:58.394000+00:00,1.0,P
2126,3250,2021-06-11T01:20:00.574000+00:00,1.0,S
2127,3032,2021-06-11T01:19:58.394000+00:00,1.0,P
2127,3250,2021-06-11T01:20:00.574000+00:00,1.0,S
2128,3032,2021-06-11T01:19:58.394000+00:00,1.0,P
2128,3250,2021-06-11T01:20:00.574000+00:00,1.0,S
2129,3032,2021-06-11T01:19:58.394000+00:00,1.0,P
2129,3250,2021-06-11T01:20:00.574000+00:00,1.0,S
2130,3032,2021-06-11T01:19:58.394000+00:00,1.0,P
2130,3250,2021-06-11T01:20:00.574000+00:00,1.0,S
2131,3032,2021-06-11T01:19:58.394000+00:00,1.0,P
2131,3250,2021-06-11T01:20:00.574000+00:00,1.0,S
2132,3032,2021-06-11T01:19:58.394000+00:00,1.0,P
2132,3250,2021-06-11T01:20:00.574000+00:00,1.0,S
2133,3032,2021-06-11T01:19:58.394000+00:00,1.0,P
2133,3250,2021-06-11T01:20:00.574000+00:00,1.0,S
2134,3032,2021-06-11T01:19:58.394000+00:00,1.0,P
2134,3250,2021-06-11T01:20:00.574000+00:00,1.0,S
2135,3032,2021-06-11T01:19:58.394000+00:00,1.0,P
2135,3250,2021-06-11T01:20:00.574000+00:00,1.0,S
2136,3032,2021-06-11T01:19:58.394000+00:00,1.0,P
2136,3250,2021-06-11T01:20:00.574000+00:00,1.0,S
2137,3032,2021-06-11T01:19:58.394000+00:00,1.0,P
2137,3250,2021-06-11T01:20:00.574000+00:00,1.0,S
2138,3032,2021-06-11T01:19:58.394000+00:00,1.0,P
2138,3250,2021-06-11T01:20:00.574000+00:00,1.0,S
2139,3032,2021-06-11T01:19:58.394000+00:00,1.0,P
2139,3250,2021-06-11T01:20:00.574000+00:00,1.0,S
2140,3032,2021-06-11T01:19:58.394000+00:00,1.0,P
2140,3250,2021-06-11T01:20:00.574000+00:00,1.0,S
2141,3032,2021-06-11T01:19:58.394000+00:00,1.0,P
2141,3250,2021-06-11T01:20:00.574000+00:00,1.0,S
2142,3032,2021-06-11T01:19:58.394000+00:00,1.0,P
2142,3250,2021-06-11T01:20:00.574000+00:00,1.0,S
2143,3032,2021-06-11T01:19:58.394000+00:00,1.0,P
2143,3250,2021-06-11T01:20:00.574000+00:00,1.0,S
2144,3032,2021-06-11T01:19:58.394000+00:00,1.0,P
2144,3250,2021-06-11T01:20:00.574000+00:00,1.0,S
2145,3032,2021-06-11T01:19:58.394000+00:00,1.0,P
2145,3250,2021-06-11T01:20:00.574000+00:00,1.0,S
2146,3032,2021-06-11T01:19:58.394000+00:00,1.0,P
2146,3250,2021-06-11T01:20:00.574000+00:00,1.0,S
2147,3032,2021-06-11T01:19:58.394000+00:00,1.0,P
2147,3250,2021-06-11T01:20:00.574000+00:00,1.0,S
2148,3032,2021-06-11T01:19:58.394000+00:00,1.0,P
2148,3249,2021-06-11T01:20:00.564000+00:00,1.0,S
2149,3032,2021-06-11T01:19:58.394000+00:00,1.0,P
2149,3249,2021-06-11T01:20:00.564000+00:00,1.0,S
2150,3032,2021-06-11T01:19:58.394000+00:00,1.0,P
2150,3249,2021-06-11T01:20:00.564000+00:00,1.0,S
2151,3032,2021-06-11T01:19:58.394000+00:00,1.0,P
2151,3249,2021-06-11T01:20:00.564000+00:00,1.0,S
2152,3032,2021-06-11T01:19:58.394000+00:00,1.0,P
2152,3249,2021-06-11T01:20:00.564000+00:00,1.0,S
2153,3032,2021-06-11T01:19:58.394000+00:00,1.0,P
2153,3249,2021-06-11T01:20:00.564000+00:00,1.0,S
2154,3032,2021-06-11T01:19:58.394000+00:00,1.0,P
2154,3249,2021-06-11T01:20:00.564000+00:00,1.0,S
2155,3032,2021-06-11T01:19:58.394000+00:00,1.0,P
2155,3249,2021-06-11T01:20:00.564000+00:00,1.0,S
2156,3032,2021-06-11T01:19:58.394000+00:00,1.0,P
2156,3249,2021-06-11T01:20:00.564000+00:00,1.0,S
2157,3032,2021-06-11T01:19:58.394000+00:00,1.0,P
2157,3249,2021-06-11T01:20:00.564000+00:00,1.0,S
2158,3032,2021-06-11T01:19:58.394000+00:00,1.0,P
2158,3249,2021-06-11T01:20:00.564000+00:00,1.0,S
2159,3032,2021-06-11T01:19:58.394000+00:00,1.0,P
2159,3249,2021-06-11T01:20:00.564000+00:00,1.0,S
2160,3032,2021-06-11T01:19:58.394000+00:00,1.0,P
2160,3249,2021-06-11T01:20:00.564000+00:00,1.0,S
2161,3032,2021-06-11T01:19:58.394000+00:00,1.0,P
2161,3249,2021-06-11T01:20:00.564000+00:00,1.0,S
2162,3032,2021-06-11T01:19:58.394000+00:00,1.0,P
2162,3249,2021-06-11T01:20:00.564000+00:00,1.0,S
2163,3032,2021-06-11T01:19:58.394000+00:00,1.0,P
2163,3250,2021-06-11T01:20:00.574000+00:00,1.0,S
2164,3032,2021-06-11T01:19:58.394000+00:00,1.0,P
2164,3250,2021-06-11T01:20:00.574000+00:00,1.0,S
2165,3032,2021-06-11T01:19:58.394000+00:00,1.0,P
2165,3250,2021-06-11T01:20:00.574000+00:00,1.0,S
2166,3032,2021-06-11T01:19:58.394000+00:00,1.0,P
2166,3250,2021-06-11T01:20:00.574000+00:00,1.0,S
2167,3032,2021-06-11T01:19:58.394000+00:00,1.0,P
2167,3250,2021-06-11T01:20:00.574000+00:00,1.0,S
2168,3032,2021-06-11T01:19:58.394000+00:00,1.0,P
2168,3250,2021-06-11T01:20:00.574000+00:00,1.0,S
2169,3032,2021-06-11T01:19:58.394000+00:00,1.0,P
2169,3250,2021-06-11T01:20:00.574000+00:00,1.0,S
2170,3032,2021-06-11T01:19:58.394000+00:00,1.0,P
2170,3250,2021-06-11T01:20:00.574000+00:00,1.0,S
2171,3032,2021-06-11T01:19:58.394000+00:00,1.0,P
2171,3250,2021-06-11T01:20:00.574000+00:00,1.0,S
2172,3032,2021-06-11T01:19:58.394000+00:00,1.0,P
2172,3250,2021-06-11T01:20:00.574000+00:00,1.0,S
2173,3032,2021-06-11T01:19:58.394000+00:00,1.0,P
2173,3250,2021-06-11T01:20:00.574000+00:00,1.0,S
2174,3032,2021-06-11T01:19:58.394000+00:00,1.0,P
2174,3250,2021-06-11T01:20:00.574000+00:00,1.0,S
2175,3032,2021-06-11T01:19:58.394000+00:00,1.0,P
2175,3250,2021-06-11T01:20:00.574000+00:00,1.0,S
2176,3032,2021-06-11T01:19:58.394000+00:00,1.0,P
2176,3250,2021-06-11T01:20:00.574000+00:00,1.0,S
2177,3032,2021-06-11T01:19:58.394000+00:00,1.0,P
2177,3250,2021-06-11T01:20:00.574000+00:00,1.0,S
2178,3032,2021-06-11T01:19:58.394000+00:00,1.0,P
2178,3250,2021-06-11T01:20:00.574000+00:00,1.0,S
2179,3032,2021-06-11T01:19:58.394000+00:00,1.0,P
2179,3250,2021-06-11T01:20:00.574000+00:00,1.0,S
2180,3032,2021-06-11T01:19:58.394000+00:00,1.0,P
2180,3250,2021-06-11T01:20:00.574000+00:00,1.0,S
2181,3032,2021-06-11T01:19:58.394000+00:00,1.0,P
2181,3250,2021-06-11T01:20:00.574000+00:00,1.0,S
2182,3032,2021-06-11T01:19:58.394000+00:00,1.0,P
2182,3250,2021-06-11T01:20:00.574000+00:00,1.0,S
2183,3032,2021-06-11T01:19:58.394000+00:00,1.0,P
2183,3250,2021-06-11T01:20:00.574000+00:00,1.0,S
2184,3032,2021-06-11T01:19:58.394000+00:00,1.0,P
2184,3250,2021-06-11T01:20:00.574000+00:00,1.0,S
2185,3032,2021-06-11T01:19:58.394000+00:00,1.0,P
2185,3250,2021-06-11T01:20:00.574000+00:00,1.0,S
2186,3032,2021-06-11T01:19:58.394000+00:00,1.0,P
2186,3250,2021-06-11T01:20:00.574000+00:00,1.0,S
2187,3032,2021-06-11T01:19:58.394000+00:00,1.0,P
2187,3250,2021-06-11T01:20:00.574000+00:00,1.0,S
2188,3032,2021-06-11T01:19:58.394000+00:00,1.0,P
2188,3250,2021-06-11T01:20:00.574000+00:00,1.0,S
2189,3032,2021-06-11T01:19:58.394000+00:00,1.0,P
2189,3250,2021-06-11T01:20:00.574000+00:00,1.0,S
2190,3032,2021-06-11T01:19:58.394000+00:00,1.0,P
2190,3250,2021-06-11T01:20:00.574000+00:00,1.0,S
2191,3032,2021-06-11T01:19:58.394000+00:00,1.0,P
2191,3250,2021-06-11T01:20:00.574000+00:00,1.0,S
2192,3032,2021-06-11T01:19:58.394000+00:00,1.0,P
2192,3250,2021-06-11T01:20:00.574000+00:00,1.0,S
2193,3032,2021-06-11T01:19:58.394000+00:00,1.0,P
2193,3250,2021-06-11T01:20:00.574000+00:00,1.0,S
2194,3032,2021-06-11T01:19:58.394000+00:00,1.0,P
2194,3250,2021-06-11T01:20:00.574000+00:00,1.0,S
2195,3032,2021-06-11T01:19:58.394000+00:00,1.0,P
2195,3250,2021-06-11T01:20:00.574000+00:00,1.0,S
2196,3032,2021-06-11T01:19:58.394000+00:00,1.0,P
2196,3250,2021-06-11T01:20:00.574000+00:00,1.0,S
2197,3032,2021-06-11T01:19:58.394000+00:00,1.0,P
2197,3250,2021-06-11T01:20:00.574000+00:00,1.0,S
2198,3032,2021-06-11T01:19:58.394000+00:00,1.0,P
2198,3250,2021-06-11T01:20:00.574000+00:00,1.0,S
2199,3032,2021-06-11T01:19:58.394000+00:00,1.0,P
2199,3251,2021-06-11T01:20:00.583999+00:00,1.0,S
2200,3032,2021-06-11T01:19:58.394000+00:00,1.0,P
2200,3251,2021-06-11T01:20:00.583999+00:00,1.0,S
2201,3032,2021-06-11T01:19:58.394000+00:00,1.0,P
2201,3251,2021-06-11T01:20:00.583999+00:00,1.0,S
2202,3032,2021-06-11T01:19:58.394000+00:00,1.0,P
2202,3251,2021-06-11T01:20:00.583999+00:00,1.0,S
2203,3032,2021-06-11T01:19:58.394000+00:00,1.0,P
2203,3251,2021-06-11T01:20:00.583999+00:00,1.0,S
2204,3032,2021-06-11T01:19:58.394000+00:00,1.0,P
2204,3251,2021-06-11T01:20:00.583999+00:00,1.0,S
2205,3033,2021-06-11T01:19:58.404000+00:00,1.0,P
2205,3251,2021-06-11T01:20:00.583999+00:00,1.0,S
2206,3033,2021-06-11T01:19:58.404000+00:00,1.0,P
2206,3251,2021-06-11T01:20:00.583999+00:00,1.0,S
2207,3033,2021-06-11T01:19:58.404000+00:00,1.0,P
2207,3251,2021-06-11T01:20:00.583999+00:00,1.0,S
2208,3033,2021-06-11T01:19:58.404000+00:00,1.0,P
2208,3251,2021-06-11T01:20:00.583999+00:00,1.0,S
2209,3033,2021-06-11T01:19:58.404000+00:00,1.0,P
2209,3251,2021-06-11T01:20:00.583999+00:00,1.0,S
2210,3033,2021-06-11T01:19:58.404000+00:00,1.0,P
2210,3251,2021-06-11T01:20:00.583999+00:00,1.0,S
2211,3033,2021-06-11T01:19:58.404000+00:00,1.0,P
2211,3251,2021-06-11T01:20:00.583999+00:00,1.0,S
2212,3033,2021-06-11T01:19:58.404000+00:00,1.0,P
2212,3251,2021-06-11T01:20:00.583999+00:00,1.0,S
2213,3033,2021-06-11T01:19:58.404000+00:00,1.0,P
2213,3251,2021-06-11T01:20:00.583999+00:00,1.0,S
2214,3033,2021-06-11T01:19:58.404000+00:00,1.0,P
2214,3251,2021-06-11T01:20:00.583999+00:00,1.0,S
2215,3033,2021-06-11T01:19:58.404000+00:00,1.0,P
2215,3251,2021-06-11T01:20:00.583999+00:00,1.0,S
2216,3033,2021-06-11T01:19:58.404000+00:00,1.0,P
2216,3251,2021-06-11T01:20:00.583999+00:00,1.0,S
2217,3033,2021-06-11T01:19:58.404000+00:00,1.0,P
2217,3251,2021-06-11T01:20:00.583999+00:00,1.0,S
2218,3033,2021-06-11T01:19:58.404000+00:00,1.0,P
2218,3251,2021-06-11T01:20:00.583999+00:00,1.0,S
2219,3033,2021-06-11T01:19:58.404000+00:00,1.0,P
2219,3251,2021-06-11T01:20:00.583999+00:00,1.0,S
2220,3033,2021-06-11T01:19:58.404000+00:00,1.0,P
2220,3252,2021-06-11T01:20:00.594000+00:00,1.0,S
2221,3033,2021-06-11T01:19:58.404000+00:00,1.0,P
2221,3252,2021-06-11T01:20:00.594000+00:00,1.0,S
2222,3033,2021-06-11T01:19:58.404000+00:00,1.0,P
2222,3252,2021-06-11T01:20:00.594000+00:00,1.0,S
2223,3033,2021-06-11T01:19:58.404000+00:00,1.0,P
2223,3252,2021-06-11T01:20:00.594000+00:00,1.0,S
2224,3033,2021-06-11T01:19:58.404000+00:00,1.0,P
2224,3252,2021-06-11T01:20:00.594000+00:00,1.0,S
2225,3033,2021-06-11T01:19:58.404000+00:00,1.0,P
2225,3252,2021-06-11T01:20:00.594000+00:00,1.0,S
2226,3033,2021-06-11T01:19:58.404000+00:00,1.0,P
2226,3252,2021-06-11T01:20:00.594000+00:00,1.0,S
2227,3033,2021-06-11T01:19:58.404000+00:00,1.0,P
2227,3252,2021-06-11T01:20:00.594000+00:00,1.0,S
2228,3033,2021-06-11T01:19:58.404000+00:00,1.0,P
2228,3252,2021-06-11T01:20:00.594000+00:00,1.0,S
2229,3033,2021-06-11T01:19:58.404000+00:00,1.0,P
2229,3252,2021-06-11T01:20:00.594000+00:00,1.0,S
2230,3033,2021-06-11T01:19:58.404000+00:00,1.0,P
2230,3252,2021-06-11T01:20:00.594000+00:00,1.0,S
2231,3033,2021-06-11T01:19:58.404000+00:00,1.0,P
2231,3252,2021-06-11T01:20:00.594000+00:00,1.0,S
2232,3033,2021-06-11T01:19:58.404000+00:00,1.0,P
2232,3252,2021-06-11T01:20:00.594000+00:00,1.0,S
2233,3033,2021-06-11T01:19:58.404000+00:00,1.0,P
2233,3252,2021-06-11T01:20:00.594000+00:00,1.0,S
2234,3033,2021-06-11T01:19:58.404000+00:00,1.0,P
2234,3252,2021-06-11T01:20:00.594000+00:00,1.0,S
2235,3033,2021-06-11T01:19:58.404000+00:00,1.0,P
2235,3253,2021-06-11T01:20:00.604000+00:00,1.0,S
2236,3033,2021-06-11T01:19:58.404000+00:00,1.0,P
2236,3253,2021-06-11T01:20:00.604000+00:00,1.0,S
2237,3033,2021-06-11T01:19:58.404000+00:00,1.0,P
2237,3253,2021-06-11T01:20:00.604000+00:00,1.0,S
2238,3033,2021-06-11T01:19:58.404000+00:00,1.0,P
2238,3253,2021-06-11T01:20:00.604000+00:00,1.0,S
2239,3033,2021-06-11T01:19:58.404000+00:00,1.0,P
2239,3253,2021-06-11T01:20:00.604000+00:00,1.0,S
2240,3033,2021-06-11T01:19:58.404000+00:00,1.0,P
2240,3253,2021-06-11T01:20:00.604000+00:00,1.0,S
2241,3033,2021-06-11T01:19:58.404000+00:00,1.0,P
2241,3253,2021-06-11T01:20:00.604000+00:00,1.0,S
2242,3033,2021-06-11T01:19:58.404000+00:00,1.0,P
2242,3253,2021-06-11T01:20:00.604000+00:00,1.0,S
2243,3033,2021-06-11T01:19:58.404000+00:00,1.0,P
2243,3253,2021-06-11T01:20:00.604000+00:00,1.0,S
2244,3033,2021-06-11T01:19:58.404000+00:00,1.0,P
2244,3253,2021-06-11T01:20:00.604000+00:00,1.0,S
2245,3033,2021-06-11T01:19:58.404000+00:00,1.0,P
2245,3253,2021-06-11T01:20:00.604000+00:00,1.0,S
2246,3033,2021-06-11T01:19:58.404000+00:00,1.0,P
2246,3253,2021-06-11T01:20:00.604000+00:00,1.0,S
2247,3033,2021-06-11T01:19:58.404000+00:00,1.0,P
2247,3253,2021-06-11T01:20:00.604000+00:00,1.0,S
2248,3033,2021-06-11T01:19:58.404000+00:00,1.0,P
2248,3253,2021-06-11T01:20:00.604000+00:00,1.0,S
2249,3033,2021-06-11T01:19:58.404000+00:00,1.0,P
2249,3253,2021-06-11T01:20:00.604000+00:00,1.0,S
2250,3033,2021-06-11T01:19:58.404000+00:00,1.0,P
2250,3253,2021-06-11T01:20:00.604000+00:00,1.0,S
2251,3033,2021-06-11T01:19:58.404000+00:00,1.0,P
2251,3253,2021-06-11T01:20:00.604000+00:00,1.0,S
2252,3033,2021-06-11T01:19:58.404000+00:00,1.0,P
2252,3254,2021-06-11T01:20:00.614000+00:00,1.0,S
2253,3033,2021-06-11T01:19:58.404000+00:00,1.0,P
2253,3254,2021-06-11T01:20:00.614000+00:00,1.0,S
2254,3033,2021-06-11T01:19:58.404000+00:00,1.0,P
2254,3254,2021-06-11T01:20:00.614000+00:00,1.0,S
2255,3033,2021-06-11T01:19:58.404000+00:00,1.0,P
2255,3254,2021-06-11T01:20:00.614000+00:00,1.0,S
2256,3033,2021-06-11T01:19:58.404000+00:00,1.0,P
2256,3254,2021-06-11T01:20:00.614000+00:00,1.0,S
2257,3033,2021-06-11T01:19:58.404000+00:00,1.0,P
2257,3254,2021-06-11T01:20:00.614000+00:00,1.0,S
2258,3034,2021-06-11T01:19:58.414000+00:00,1.0,P
2258,3254,2021-06-11T01:20:00.614000+00:00,1.0,S
2259,3034,2021-06-11T01:19:58.414000+00:00,1.0,P
2259,3254,2021-06-11T01:20:00.614000+00:00,1.0,S
2260,3034,2021-06-11T01:19:58.414000+00:00,1.0,P
2260,3254,2021-06-11T01:20:00.614000+00:00,1.0,S
2261,3034,2021-06-11T01:19:58.414000+00:00,1.0,P
2261,3254,2021-06-11T01:20:00.614000+00:00,1.0,S
2262,3034,2021-06-11T01:19:58.414000+00:00,1.0,P
2262,3254,2021-06-11T01:20:00.614000+00:00,1.0,S
2263,3034,2021-06-11T01:19:58.414000+00:00,1.0,P
2263,3254,2021-06-11T01:20:00.614000+00:00,1.0,S
2264,3034,2021-06-11T01:19:58.414000+00:00,1.0,P
2264,3254,2021-06-11T01:20:00.614000+00:00,1.0,S
2265,3034,2021-06-11T01:19:58.414000+00:00,1.0,P
2265,3254,2021-06-11T01:20:00.614000+00:00,1.0,S
2266,3034,2021-06-11T01:19:58.414000+00:00,1.0,P
2266,3254,2021-06-11T01:20:00.614000+00:00,1.0,S
2267,3034,2021-06-11T01:19:58.414000+00:00,1.0,P
2267,3255,2021-06-11T01:20:00.623999+00:00,1.0,S
2268,3034,2021-06-11T01:19:58.414000+00:00,1.0,P
2268,3255,2021-06-11T01:20:00.623999+00:00,1.0,S
2269,3034,2021-06-11T01:19:58.414000+00:00,1.0,P
2269,3255,2021-06-11T01:20:00.623999+00:00,1.0,S
2270,3034,2021-06-11T01:19:58.414000+00:00,1.0,P
2270,3255,2021-06-11T01:20:00.623999+00:00,1.0,S
2271,3034,2021-06-11T01:19:58.414000+00:00,1.0,P
2271,3255,2021-06-11T01:20:00.623999+00:00,1.0,S
2272,3034,2021-06-11T01:19:58.414000+00:00,1.0,P
2272,3255,2021-06-11T01:20:00.623999+00:00,1.0,S
2273,3034,2021-06-11T01:19:58.414000+00:00,1.0,P
2273,3255,2021-06-11T01:20:00.623999+00:00,1.0,S
2274,3034,2021-06-11T01:19:58.414000+00:00,1.0,P
2274,3255,2021-06-11T01:20:00.623999+00:00,1.0,S
2275,3034,2021-06-11T01:19:58.414000+00:00,1.0,P
2275,3255,2021-06-11T01:20:00.623999+00:00,1.0,S
2276,3034,2021-06-11T01:19:58.414000+00:00,1.0,P
2276,3255,2021-06-11T01:20:00.623999+00:00,1.0,S
2277,3034,2021-06-11T01:19:58.414000+00:00,1.0,P
2277,3255,2021-06-11T01:20:00.623999+00:00,1.0,S
2278,3034,2021-06-11T01:19:58.414000+00:00,1.0,P
2278,3256,2021-06-11T01:20:00.634000+00:00,1.0,S
2279,3034,2021-06-11T01:19:58.414000+00:00,1.0,P
2279,3256,2021-06-11T01:20:00.634000+00:00,1.0,S
2280,3034,2021-06-11T01:19:58.414000+00:00,1.0,P
2280,3256,2021-06-11T01:20:00.634000+00:00,1.0,S
2281,3034,2021-06-11T01:19:58.414000+00:00,1.0,P
2281,3256,2021-06-11T01:20:00.634000+00:00,1.0,S
2282,3034,2021-06-11T01:19:58.414000+00:00,1.0,P
2282,3256,2021-06-11T01:20:00.634000+00:00,1.0,S
2283,3034,2021-06-11T01:19:58.414000+00:00,1.0,P
2283,3256,2021-06-11T01:20:00.634000+00:00,1.0,S
2284,3034,2021-06-11T01:19:58.414000+00:00,1.0,P
2284,3256,2021-06-11T01:20:00.634000+00:00,1.0,S
2285,3034,2021-06-11T01:19:58.414000+00:00,1.0,P
2285,3256,2021-06-11T01:20:00.634000+00:00,1.0,S
2286,3034,2021-06-11T01:19:58.414000+00:00,1.0,P
2286,3256,2021-06-11T01:20:00.634000+00:00,1.0,S
2287,3034,2021-06-11T01:19:58.414000+00:00,1.0,P
2287,3257,2021-06-11T01:20:00.644000+00:00,1.0,S
2288,3034,2021-06-11T01:19:58.414000+00:00,1.0,P
2288,3257,2021-06-11T01:20:00.644000+00:00,1.0,S
2289,3034,2021-06-11T01:19:58.414000+00:00,1.0,P
2289,3257,2021-06-11T01:20:00.644000+00:00,1.0,S
2290,3034,2021-06-11T01:19:58.414000+00:00,1.0,P
2290,3257,2021-06-11T01:20:00.644000+00:00,1.0,S
2291,3034,2021-06-11T01:19:58.414000+00:00,1.0,P
2291,3257,2021-06-11T01:20:00.644000+00:00,1.0,S
2292,3034,2021-06-11T01:19:58.414000+00:00,1.0,P
2292,3257,2021-06-11T01:20:00.644000+00:00,1.0,S
2293,3034,2021-06-11T01:19:58.414000+00:00,1.0,P
2293,3257,2021-06-11T01:20:00.644000+00:00,1.0,S
2294,3034,2021-06-11T01:19:58.414000+00:00,1.0,P
2294,3257,2021-06-11T01:20:00.644000+00:00,1.0,S
2295,3034,2021-06-11T01:19:58.414000+00:00,1.0,P
2295,3258,2021-06-11T01:20:00.654000+00:00,1.0,S
2296,3035,2021-06-11T01:19:58.424000+00:00,1.0,P
2296,3258,2021-06-11T01:20:00.654000+00:00,1.0,S
2297,3035,2021-06-11T01:19:58.424000+00:00,1.0,P
2297,3258,2021-06-11T01:20:00.654000+00:00,1.0,S
2298,3035,2021-06-11T01:19:58.424000+00:00,1.0,P
2298,3258,2021-06-11T01:20:00.654000+00:00,1.0,S
2299,3035,2021-06-11T01:19:58.424000+00:00,1.0,P
2299,3258,2021-06-11T01:20:00.654000+00:00,1.0,S
2300,3035,2021-06-11T01:19:58.424000+00:00,1.0,P
2300,3258,2021-06-11T01:20:00.654000+00:00,1.0,S
2301,3035,2021-06-11T01:19:58.424000+00:00,1.0,P
2301,3259,2021-06-11T01:20:00.664000+00:00,1.0,S
2302,3035,2021-06-11T01:19:58.424000+00:00,1.0,P
2302,3259,2021-06-11T01:20:00.664000+00:00,1.0,S
2303,3035,2021-06-11T01:19:58.424000+00:00,1.0,P
2303,3259,2021-06-11T01:20:00.664000+00:00,1.0,S
2304,3035,2021-06-11T01:19:58.424000+00:00,1.0,P
2304,3259,2021-06-11T01:20:00.664000+00:00,1.0,S
2305,3035,2021-06-11T01:19:58.424000+00:00,1.0,P
2305,3259,2021-06-11T01:20:00.664000+00:00,1.0,S
2306,3035,2021-06-11T01:19:58.424000+00:00,1.0,P
2306,3259,2021-06-11T01:20:00.664000+00:00,1.0,S
2307,3035,2021-06-11T01:19:58.424000+00:00,1.0,P
2307,3259,2021-06-11T01:20:00.664000+00:00,1.0,S
2308,3035,2021-06-11T01:19:58.424000+00:00,1.0,P
2308,3260,2021-06-11T01:20:00.674000+00:00,1.0,S
2309,3035,2021-06-11T01:19:58.424000+00:00,1.0,P
2309,3260,2021-06-11T01:20:00.674000+00:00,1.0,S
2310,3035,2021-06-11T01:19:58.424000+00:00,1.0,P
2310,3260,2021-06-11T01:20:00.674000+00:00,1.0,S
2311,3035,2021-06-11T01:19:58.424000+00:00,1.0,P
2311,3260,2021-06-11T01:20:00.674000+00:00,1.0,S
2312,3035,2021-06-11T01:19:58.424000+00:00,1.0,P
2312,3260,2021-06-11T01:20:00.674000+00:00,1.0,S
2313,3035,2021-06-11T01:19:58.424000+00:00,1.0,P
2313,3260,2021-06-11T01:20:00.674000+00:00,1.0,S
2314,3035,2021-06-11T01:19:58.424000+00:00,1.0,P
2314,3260,2021-06-11T01:20:00.674000+00:00,1.0,S
2315,3035,2021-06-11T01:19:58.424000+00:00,1.0,P
2315,3260,2021-06-11T01:20:00.674000+00:00,1.0,S
2316,3035,2021-06-11T01:19:58.424000+00:00,1.0,P
2316,3261,2021-06-11T01:20:00.684000+00:00,1.0,S
2317,3035,2021-06-11T01:19:58.424000+00:00,1.0,P
2317,3261,2021-06-11T01:20:00.684000+00:00,1.0,S
2318,3035,2021-06-11T01:19:58.424000+00:00,1.0,P
2318,3261,2021-06-11T01:20:00.684000+00:00,1.0,S
2319,3035,2021-06-11T01:19:58.424000+00:00,1.0,P
2319,3261,2021-06-11T01:20:00.684000+00:00,1.0,S
2320,3035,2021-06-11T01:19:58.424000+00:00,1.0,P
2320,3261,2021-06-11T01:20:00.684000+00:00,1.0,S
2321,3035,2021-06-11T01:19:58.424000+00:00,1.0,P
2321,3262,2021-06-11T01:20:00.693999+00:00,1.0,S
2322,3035,2021-06-11T01:19:58.424000+00:00,1.0,P
2322,3262,2021-06-11T01:20:00.693999+00:00,1.0,S
2323,3036,2021-06-11T01:19:58.434000+00:00,1.0,P
2323,3262,2021-06-11T01:20:00.693999+00:00,1.0,S
2324,3036,2021-06-11T01:19:58.434000+00:00,1.0,P
2324,3262,2021-06-11T01:20:00.693999+00:00,1.0,S
2325,3036,2021-06-11T01:19:58.434000+00:00,1.0,P
2325,3262,2021-06-11T01:20:00.693999+00:00,1.0,S
2326,3036,2021-06-11T01:19:58.434000+00:00,1.0,P
2326,3262,2021-06-11T01:20:00.693999+00:00,1.0,S
2327,3036,2021-06-11T01:19:58.434000+00:00,1.0,P
2327,3263,2021-06-11T01:20:00.704000+00:00,1.0,S
2328,3036,2021-06-11T01:19:58.434000+00:00,1.0,P
2328,3263,2021-06-11T01:20:00.704000+00:00,1.0,S
2329,3036,2021-06-11T01:19:58.434000+00:00,1.0,P
2329,3263,2021-06-11T01:20:00.704000+00:00,1.0,S
2330,3036,2021-06-11T01:19:58.434000+00:00,1.0,P
2330,3263,2021-06-11T01:20:00.704000+00:00,1.0,S
2331,3036,2021-06-11T01:19:58.434000+00:00,1.0,P
2331,3263,2021-06-11T01:20:00.704000+00:00,1.0,S
2332,3036,2021-06-11T01:19:58.434000+00:00,1.0,P
2332,3263,2021-06-11T01:20:00.704000+00:00,1.0,S
2333,3036,2021-06-11T01:19:58.434000+00:00,1.0,P
2333,3264,2021-06-11T01:20:00.714000+00:00,1.0,S
2334,3036,2021-06-11T01:19:58.434000+00:00,1.0,P
2334,3264,2021-06-11T01:20:00.714000+00:00,1.0,S
2335,3036,2021-06-11T01:19:58.434000+00:00,1.0,P
2335,3264,2021-06-11T01:20:00.714000+00:00,1.0,S
2336,3036,2021-06-11T01:19:58.434000+00:00,1.0,P
2336,3264,2021-06-11T01:20:00.714000+00:00,1.0,S
2337,3036,2021-06-11T01:19:58.434000+00:00,1.0,P
2337,3264,2021-06-11T01:20:00.714000+00:00,1.0,S
2338,3037,2021-06-11T01:19:58.444000+00:00,1.0,P
2338,3264,2021-06-11T01:20:00.714000+00:00,1.0,S
2339,3037,2021-06-11T01:19:58.444000+00:00,1.0,P
2339,3265,2021-06-11T01:20:00.724000+00:00,1.0,S
2340,3037,2021-06-11T01:19:58.444000+00:00,1.0,P
2340,3265,2021-06-11T01:20:00.724000+00:00,1.0,S
2341,3037,2021-06-11T01:19:58.444000+00:00,1.0,P
2341,3265,2021-06-11T01:20:00.724000+00:00,1.0,S
2342,3037,2021-06-11T01:19:58.444000+00:00,1.0,P
2342,3265,2021-06-11T01:20:00.724000+00:00,1.0,S
2343,3037,2021-06-11T01:19:58.444000+00:00,1.0,P
2343,3265,2021-06-11T01:20:00.724000+00:00,1.0,S
2344,3037,2021-06-11T01:19:58.444000+00:00,1.0,P
2344,3266,2021-06-11T01:20:00.734000+00:00,1.0,S
2345,3037,2021-06-11T01:19:58.444000+00:00,1.0,P
2345,3266,2021-06-11T01:20:00.734000+00:00,1.0,S
2346,3037,2021-06-11T01:19:58.444000+00:00,1.0,P
2346,3266,2021-06-11T01:20:00.734000+00:00,1.0,S
2347,3037,2021-06-11T01:19:58.444000+00:00,1.0,P
2347,3266,2021-06-11T01:20:00.734000+00:00,1.0,S
2348,3037,2021-06-11T01:19:58.444000+00:00,1.0,P
2348,3266,2021-06-11T01:20:00.734000+00:00,1.0,S
2349,3037,2021-06-11T01:19:58.444000+00:00,1.0,P
2349,3266,2021-06-11T01:20:00.734000+00:00,1.0,S
2350,3037,2021-06-11T01:19:58.444000+00:00,1.0,P
2350,3267,2021-06-11T01:20:00.744000+00:00,1.0,S
2351,3038,2021-06-11T01:19:58.454000+00:00,1.0,P
2351,3267,2021-06-11T01:20:00.744000+00:00,1.0,S
2352,3038,2021-06-11T01:19:58.454000+00:00,1.0,P
2352,3267,2021-06-11T01:20:00.744000+00:00,1.0,S
2353,3038,2021-06-11T01:19:58.454000+00:00,1.0,P
2353,3267,2021-06-11T01:20:00.744000+00:00,1.0,S
2354,3038,2021-06-11T01:19:58.454000+00:00,1.0,P
2354,3267,2021-06-11T01:20:00.744000+00:00,1.0,S
2355,3038,2021-06-11T01:19:58.454000+00:00,1.0,P
2355,3267,2021-06-11T01:20:00.744000+00:00,1.0,S
2356,3038,2021-06-11T01:19:58.454000+00:00,1.0,P
2356,3268,2021-06-11T01:20:00.754000+00:00,1.0,S
2357,3038,2021-06-11T01:19:58.454000+00:00,1.0,P
2357,3268,2021-06-11T01:20:00.754000+00:00,1.0,S
2358,3038,2021-06-11T01:19:58.454000+00:00,1.0,P
2358,3268,2021-06-11T01:20:00.754000+00:00,1.0,S
2359,3038,2021-06-11T01:19:58.454000+00:00,1.0,P
2359,3268,2021-06-11T01:20:00.754000+00:00,1.0,S
2360,3038,2021-06-11T01:19:58.454000+00:00,1.0,P
2360,3268,2021-06-11T01:20:00.754000+00:00,1.0,S
2361,3038,2021-06-11T01:19:58.454000+00:00,1.0,P
2361,3269,2021-06-11T01:20:00.763999+00:00,1.0,S
2362,3038,2021-06-11T01:19:58.454000+00:00,1.0,P
2362,3269,2021-06-11T01:20:00.763999+00:00,1.0,S
2363,3038,2021-06-11T01:19:58.454000+00:00,1.0,P
2363,3269,2021-06-11T01:20:00.763999+00:00,1.0,S
2364,3039,2021-06-11T01:19:58.464000+00:00,1.0,P
2364,3269,2021-06-11T01:20:00.763999+00:00,1.0,S
2365,3039,2021-06-11T01:19:58.464000+00:00,1.0,P
2365,3269,2021-06-11T01:20:00.763999+00:00,1.0,S
2366,3039,2021-06-11T01:19:58.464000+00:00,1.0,P
2366,3270,2021-06-11T01:20:00.774000+00:00,1.0,S
2367,3039,2021-06-11T01:19:58.464000+00:00,1.0,P
2367,3270,2021-06-11T01:20:00.774000+00:00,1.0,S
2368,3039,2021-06-11T01:19:58.464000+00:00,1.0,P
2368,3270,2021-06-11T01:20:00.774000+00:00,1.0,S
2369,3039,2021-06-11T01:19:58.464000+00:00,1.0,P
2369,3270,2021-06-11T01:20:00.774000+00:00,1.0,S
2370,3039,2021-06-11T01:19:58.464000+00:00,1.0,P
2370,3270,2021-06-11T01:20:00.774000+00:00,1.0,S
2371,3039,2021-06-11T01:19:58.464000+00:00,1.0,P
2371,3270,2021-06-11T01:20:00.774000+00:00,1.0,S
2372,3039,2021-06-11T01:19:58.464000+00:00,1.0,P
2372,3271,2021-06-11T01:20:00.784000+00:00,1.0,S
2373,3039,2021-06-11T01:19:58.464000+00:00,1.0,P
2373,3271,2021-06-11T01:20:00.784000+00:00,1.0,S
2374,3039,2021-06-11T01:19:58.464000+00:00,1.0,P
2374,3271,2021-06-11T01:20:00.784000+00:00,1.0,S
2375,3039,2021-06-11T01:19:58.464000+00:00,1.0,P
2375,3271,2021-06-11T01:20:00.784000+00:00,1.0,S
2376,3039,2021-06-11T01:19:58.464000+00:00,1.0,P
2376,3271,2021-06-11T01:20:00.784000+00:00,1.0,S
2377,3040,2021-06-11T01:19:58.474000+00:00,1.0,P
2377,3271,2021-06-11T01:20:00.784000+00:00,1.0,S
2378,3040,2021-06-11T01:19:58.474000+00:00,1.0,P
2378,3272,2021-06-11T01:20:00.794000+00:00,1.0,S
2379,3040,2021-06-11T01:19:58.474000+00:00,1.0,P
2379,3272,2021-06-11T01:20:00.794000+00:00,1.0,S
2380,3040,2021-06-11T01:19:58.474000+00:00,1.0,P
2380,3272,2021-06-11T01:20:00.794000+00:00,1.0,S
2381,3040,2021-06-11T01:19:58.474000+00:00,1.0,P
2381,3272,2021-06-11T01:20:00.794000+00:00,1.0,S
2382,3040,2021-06-11T01:19:58.474000+00:00,1.0,P
2382,3272,2021-06-11T01:20:00.794000+00:00,1.0,S
2383,3040,2021-06-11T01:19:58.474000+00:00,1.0,P
2383,3272,2021-06-11T01:20:00.794000+00:00,1.0,S
2384,3040,2021-06-11T01:19:58.474000+00:00,1.0,P
2384,3273,2021-06-11T01:20:00.804000+00:00,1.0,S
2385,3040,2021-06-11T01:19:58.474000+00:00,1.0,P
2385,3273,2021-06-11T01:20:00.804000+00:00,1.0,S
2386,3040,2021-06-11T01:19:58.474000+00:00,1.0,P
2386,3273,2021-06-11T01:20:00.804000+00:00,1.0,S
2387,3040,2021-06-11T01:19:58.474000+00:00,1.0,P
2387,3273,2021-06-11T01:20:00.804000+00:00,1.0,S
2388,3040,2021-06-11T01:19:58.474000+00:00,1.0,P
2388,3273,2021-06-11T01:20:00.804000+00:00,1.0,S
2389,3040,2021-06-11T01:19:58.474000+00:00,1.0,P
2389,3273,2021-06-11T01:20:00.804000+00:00,1.0,S
2390,3040,2021-06-11T01:19:58.474000+00:00,1.0,P
2390,3273,2021-06-11T01:20:00.804000+00:00,1.0,S
2391,3041,2021-06-11T01:19:58.484000+00:00,1.0,P
2391,3274,2021-06-11T01:20:00.814000+00:00,1.0,S
2392,3041,2021-06-11T01:19:58.484000+00:00,1.0,P
2392,3274,2021-06-11T01:20:00.814000+00:00,1.0,S
2393,3041,2021-06-11T01:19:58.484000+00:00,1.0,P
2393,3274,2021-06-11T01:20:00.814000+00:00,1.0,S
2394,3041,2021-06-11T01:19:58.484000+00:00,1.0,P
2394,3274,2021-06-11T01:20:00.814000+00:00,1.0,S
2395,3041,2021-06-11T01:19:58.484000+00:00,1.0,P
2395,3274,2021-06-11T01:20:00.814000+00:00,1.0,S
2396,3041,2021-06-11T01:19:58.484000+00:00,1.0,P
2396,3274,2021-06-11T01:20:00.814000+00:00,1.0,S
2397,3041,2021-06-11T01:19:58.484000+00:00,1.0,P
2397,3274,2021-06-11T01:20:00.814000+00:00,1.0,S
2398,3041,2021-06-11T01:19:58.484000+00:00,1.0,P
2398,3274,2021-06-11T01:20:00.814000+00:00,1.0,S
2399,3041,2021-06-11T01:19:58.484000+00:00,1.0,P
2399,3275,2021-06-11T01:20:00.824000+00:00,1.0,S
2400,3041,2021-06-11T01:19:58.484000+00:00,1.0,P
2400,3275,2021-06-11T01:20:00.824000+00:00,1.0,S
2401,3041,2021-06-11T01:19:58.484000+00:00,1.0,P
2401,3275,2021-06-11T01:20:00.824000+00:00,1.0,S
2402,3041,2021-06-11T01:19:58.484000+00:00,1.0,P
2402,3275,2021-06-11T01:20:00.824000+00:00,1.0,S
2403,3041,2021-06-11T01:19:58.484000+00:00,1.0,P
2403,3275,2021-06-11T01:20:00.824000+00:00,1.0,S
2404,3041,2021-06-11T01:19:58.484000+00:00,1.0,P
2404,3275,2021-06-11T01:20:00.824000+00:00,1.0,S
2405,3042,2021-06-11T01:19:58.494000+00:00,1.0,P
2405,3275,2021-06-11T01:20:00.824000+00:00,1.0,S
2406,3042,2021-06-11T01:19:58.494000+00:00,1.0,P
2406,3276,2021-06-11T01:20:00.833999+00:00,1.0,S
2407,3042,2021-06-11T01:19:58.494000+00:00,1.0,P
2407,3276,2021-06-11T01:20:00.833999+00:00,1.0,S
2408,3042,2021-06-11T01:19:58.494000+00:00,1.0,P
2408,3276,2021-06-11T01:20:00.833999+00:00,1.0,S
2409,3042,2021-06-11T01:19:58.494000+00:00,1.0,P
2409,3276,2021-06-11T01:20:00.833999+00:00,1.0,S
2410,3042,2021-06-11T01:19:58.494000+00:00,1.0,P
2410,3276,2021-06-11T01:20:00.833999+00:00,1.0,S
2411,3042,2021-06-11T01:19:58.494000+00:00,1.0,P
2411,3277,2021-06-11T01:20:00.844000+00:00,1.0,S
2412,3042,2021-06-11T01:19:58.494000+00:00,1.0,P
2412,3277,2021-06-11T01:20:00.844000+00:00,1.0,S
2413,3042,2021-06-11T01:19:58.494000+00:00,1.0,P
2413,3277,2021-06-11T01:20:00.844000+00:00,1.0,S
2414,3042,2021-06-11T01:19:58.494000+00:00,1.0,P
2414,3277,2021-06-11T01:20:00.844000+00:00,1.0,S
2415,3042,2021-06-11T01:19:58.494000+00:00,1.0,P
2415,3278,2021-06-11T01:20:00.854000+00:00,1.0,S
2416,3042,2021-06-11T01:19:58.494000+00:00,1.0,P
2416,3278,2021-06-11T01:20:00.854000+00:00,1.0,S
2417,3043,2021-06-11T01:19:58.504000+00:00,1.0,P
2417,3278,2021-06-11T01:20:00.854000+00:00,1.0,S
2418,3043,2021-06-11T01:19:58.504000+00:00,1.0,P
2418,3278,2021-06-11T01:20:00.854000+00:00,1.0,S
2419,3043,2021-06-11T01:19:58.504000+00:00,1.0,P
2419,3278,2021-06-11T01:20:00.854000+00:00,1.0,S
2420,3043,2021-06-11T01:19:58.504000+00:00,1.0,P
2420,3279,2021-06-11T01:20:00.864000+00:00,1.0,S
2421,3043,2021-06-11T01:19:58.504000+00:00,1.0,P
2421,3279,2021-06-11T01:20:00.864000+00:00,1.0,S
2422,3043,2021-06-11T01:19:58.504000+00:00,1.0,P
2422,3279,2021-06-11T01:20:00.864000+00:00,1.0,S
2423,3043,2021-06-11T01:19:58.504000+00:00,1.0,P
2423,3279,2021-06-11T01:20:00.864000+00:00,1.0,S
2424,3043,2021-06-11T01:19:58.504000+00:00,1.0,P
2424,3279,2021-06-11T01:20:00.864000+00:00,1.0,S
2425,3043,2021-06-11T01:19:58.504000+00:00,1.0,P
2425,3280,2021-06-11T01:20:00.873999+00:00,1.0,S
2426,3043,2021-06-11T01:19:58.504000+00:00,1.0,P
2426,3280,2021-06-11T01:20:00.873999+00:00,1.0,S
2427,3043,2021-06-11T01:19:58.504000+00:00,1.0,P
2427,3280,2021-06-11T01:20:00.873999+00:00,1.0,S
2428,3044,2021-06-11T01:19:58.514000+00:00,1.0,P
2428,3280,2021-06-11T01:20:00.873999+00:00,1.0,S
2429,3044,2021-06-11T01:19:58.514000+00:00,1.0,P
2429,3280,2021-06-11T01:20:00.873999+00:00,1.0,S
2430,3044,2021-06-11T01:19:58.514000+00:00,1.0,P
2430,3280,2021-06-11T01:20:00.873999+00:00,1.0,S
2431,3044,2021-06-11T01:19:58.514000+00:00,1.0,P
2431,3281,2021-06-11T01:20:00.884000+00:00,1.0,S
2432,3044,2021-06-11T01:19:58.514000+00:00,1.0,P
2432,3281,2021-06-11T01:20:00.884000+00:00,1.0,S
2433,3044,2021-06-11T01:19:58.514000+00:00,1.0,P
2433,3281,2021-06-11T01:20:00.884000+00:00,1.0,S
2434,3044,2021-06-11T01:19:58.514000+00:00,1.0,P
2434,3281,2021-06-11T01:20:00.884000+00:00,1.0,S
2435,3044,2021-06-11T01:19:58.514000+00:00,1.0,P
2435,3281,2021-06-11T01:20:00.884000+00:00,1.0,S
2436,3044,2021-06-11T01:19:58.514000+00:00,1.0,P
2436,3282,2021-06-11T01:20:00.894000+00:00,1.0,S
2437,3044,2021-06-11T01:19:58.514000+00:00,1.0,P
2437,3282,2021-06-11T01:20:00.894000+00:00,1.0,S
2438,3045,2021-06-11T01:19:58.524000+00:00,1.0,P
2438,3282,2021-06-11T01:20:00.894000+00:00,1.0,S
2439,3045,2021-06-11T01:19:58.524000+00:00,1.0,P
2439,3282,2021-06-11T01:20:00.894000+00:00,1.0,S
2440,3045,2021-06-11T01:19:58.524000+00:00,1.0,P
2440,3282,2021-06-11T01:20:00.894000+00:00,1.0,S
2441,3045,2021-06-11T01:19:58.524000+00:00,1.0,P
2441,3283,2021-06-11T01:20:00.904000+00:00,1.0,S
2442,3045,2021-06-11T01:19:58.524000+00:00,1.0,P
2442,3283,2021-06-11T01:20:00.904000+00:00,1.0,S
2443,3045,2021-06-11T01:19:58.524000+00:00,1.0,P
2443,3283,2021-06-11T01:20:00.904000+00:00,1.0,S
2444,3045,2021-06-11T01:19:58.524000+00:00,1.0,P
2444,3283,2021-06-11T01:20:00.904000+00:00,1.0,S
2445,3045,2021-06-11T01:19:58.524000+00:00,1.0,P
2445,3283,2021-06-11T01:20:00.904000+00:00,1.0,S
2446,3045,2021-06-11T01:19:58.524000+00:00,1.0,P
2446,3284,2021-06-11T01:20:00.914000+00:00,1.0,S
2447,3045,2021-06-11T01:19:58.524000+00:00,1.0,P
2447,3284,2021-06-11T01:20:00.914000+00:00,1.0,S
2448,3046,2021-06-11T01:19:58.534000+00:00,1.0,P
2448,3284,2021-06-11T01:20:00.914000+00:00,1.0,S
2449,3046,2021-06-11T01:19:58.534000+00:00,1.0,P
2449,3284,2021-06-11T01:20:00.914000+00:00,1.0,S
2450,3046,2021-06-11T01:19:58.534000+00:00,1.0,P
2450,3284,2021-06-11T01:20:00.914000+00:00,1.0,S
2451,3046,2021-06-11T01:19:58.534000+00:00,1.0,P
2451,3285,2021-06-11T01:20:00.924000+00:00,1.0,S
2452,3046,2021-06-11T01:19:58.534000+00:00,1.0,P
2452,3285,2021-06-11T01:20:00.924000+00:00,1.0,S
2453,3046,2021-06-11T01:19:58.534000+00:00,1.0,P
2453,3285,2021-06-11T01:20:00.924000+00:00,1.0,S
2454,3046,2021-06-11T01:19:58.534000+00:00,1.0,P
2454,3285,2021-06-11T01:20:00.924000+00:00,1.0,S
2455,3046,2021-06-11T01:19:58.534000+00:00,1.0,P
2455,3285,2021-06-11T01:20:00.924000+00:00,1.0,S
2456,3046,2021-06-11T01:19:58.534000+00:00,1.0,P
2456,3286,2021-06-11T01:20:00.934000+00:00,1.0,S
2457,3047,2021-06-11T01:19:58.544000+00:00,1.0,P
2457,3286,2021-06-11T01:20:00.934000+00:00,1.0,S
2458,3047,2021-06-11T01:19:58.544000+00:00,1.0,P
2458,3286,2021-06-11T01:20:00.934000+00:00,1.0,S
2459,3047,2021-06-11T01:19:58.544000+00:00,1.0,P
2459,3286,2021-06-11T01:20:00.934000+00:00,1.0,S
2460,3047,2021-06-11T01:19:58.544000+00:00,1.0,P
2460,3286,2021-06-11T01:20:00.934000+00:00,1.0,S
2461,3047,2021-06-11T01:19:58.544000+00:00,1.0,P
2461,3287,2021-06-11T01:20:00.943999+00:00,1.0,S
2462,3047,2021-06-11T01:19:58.544000+00:00,1.0,P
2462,3287,2021-06-11T01:20:00.943999+00:00,1.0,S
2463,3047,2021-06-11T01:19:58.544000+00:00,1.0,P
2463,3287,2021-06-11T01:20:00.943999+00:00,1.0,S
2464,3047,2021-06-11T01:19:58.544000+00:00,1.0,P
2464,3287,2021-06-11T01:20:00.943999+00:00,1.0,S
2465,3047,2021-06-11T01:19:58.544000+00:00,1.0,P
2465,3287,2021-06-11T01:20:00.943999+00:00,1.0,S
2466,3047,2021-06-11T01:19:58.544000+00:00,1.0,P
2466,3288,2021-06-11T01:20:00.954000+00:00,1.0,S
2467,3048,2021-06-11T01:19:58.554000+00:00,1.0,P
2467,3288,2021-06-11T01:20:00.954000+00:00,1.0,S
2468,3048,2021-06-11T01:19:58.554000+00:00,1.0,P
2468,3288,2021-06-11T01:20:00.954000+00:00,1.0,S
2469,3048,2021-06-11T01:19:58.554000+00:00,1.0,P
2469,3288,2021-06-11T01:20:00.954000+00:00,1.0,S
2470,3048,2021-06-11T01:19:58.554000+00:00,1.0,P
2470,3289,2021-06-11T01:20:00.964000+00:00,1.0,S
2471,3048,2021-06-11T01:19:58.554000+00:00,1.0,P
2471,3289,2021-06-11T01:20:00.964000+00:00,1.0,S
2472,3048,2021-06-11T01:19:58.554000+00:00,1.0,P
2472,3289,2021-06-11T01:20:00.964000+00:00,1.0,S
2473,3048,2021-06-11T01:19:58.554000+00:00,1.0,P
2473,3289,2021-06-11T01:20:00.964000+00:00,1.0,S
2474,3048,2021-06-11T01:19:58.554000+00:00,1.0,P
2474,3289,2021-06-11T01:20:00.964000+00:00,1.0,S
2475,3048,2021-06-11T01:19:58.554000+00:00,1.0,P
2475,3290,2021-06-11T01:20:00.974000+00:00,1.0,S
2476,3048,2021-06-11T01:19:58.554000+00:00,1.0,P
2476,3290,2021-06-11T01:20:00.974000+00:00,1.0,S
2477,3048,2021-06-11T01:19:58.554000+00:00,1.0,P
2477,3290,2021-06-11T01:20:00.974000+00:00,1.0,S
2478,3048,2021-06-11T01:19:58.554000+00:00,1.0,P
2478,3290,2021-06-11T01:20:00.974000+00:00,1.0,S
2479,3048,2021-06-11T01:19:58.554000+00:00,1.0,P
2479,3290,2021-06-11T01:20:00.974000+00:00,1.0,S
2480,3049,2021-06-11T01:19:58.564000+00:00,1.0,P
2480,3291,2021-06-11T01:20:00.984000+00:00,1.0,S
2481,3049,2021-06-11T01:19:58.564000+00:00,1.0,P
2481,3291,2021-06-11T01:20:00.984000+00:00,1.0,S
2482,3049,2021-06-11T01:19:58.564000+00:00,1.0,P
2482,3291,2021-06-11T01:20:00.984000+00:00,1.0,S
2483,3049,2021-06-11T01:19:58.564000+00:00,1.0,P
2483,3291,2021-06-11T01:20:00.984000+00:00,1.0,S
2484,3049,2021-06-11T01:19:58.564000+00:00,1.0,P
2484,3291,2021-06-11T01:20:00.984000+00:00,1.0,S
2485,3049,2021-06-11T01:19:58.564000+00:00,1.0,P
2485,3291,2021-06-11T01:20:00.984000+00:00,1.0,S
2486,3049,2021-06-11T01:19:58.564000+00:00,1.0,P
2486,3291,2021-06-11T01:20:00.984000+00:00,1.0,S
2487,3049,2021-06-11T01:19:58.564000+00:00,1.0,P
2487,3291,2021-06-11T01:20:00.984000+00:00,1.0,S
2488,3049,2021-06-11T01:19:58.564000+00:00,1.0,P
2488,3292,2021-06-11T01:20:00.994000+00:00,1.0,S
2489,3049,2021-06-11T01:19:58.564000+00:00,1.0,P
2489,3292,2021-06-11T01:20:00.994000+00:00,1.0,S
2490,3049,2021-06-11T01:19:58.564000+00:00,1.0,P
2490,3292,2021-06-11T01:20:00.994000+00:00,1.0,S
2491,3049,2021-06-11T01:19:58.564000+00:00,1.0,P
2491,3292,2021-06-11T01:20:00.994000+00:00,1.0,S
2492,3049,2021-06-11T01:19:58.564000+00:00,1.0,P
2492,3292,2021-06-11T01:20:00.994000+00:00,1.0,S
2493,3050,2021-06-11T01:19:58.574000+00:00,1.0,P
2493,3292,2021-06-11T01:20:00.994000+00:00,1.0,S
2494,3050,2021-06-11T01:19:58.574000+00:00,1.0,P
2494,3292,2021-06-11T01:20:00.994000+00:00,1.0,S
2495,3050,2021-06-11T01:19:58.574000+00:00,1.0,P
2495,3292,2021-06-11T01:20:00.994000+00:00,1.0,S
2496,3050,2021-06-11T01:19:58.574000+00:00,1.0,P
2496,3293,2021-06-11T01:20:01.004000+00:00,1.0,S
2497,3050,2021-06-11T01:19:58.574000+00:00,1.0,P
2497,3293,2021-06-11T01:20:01.004000+00:00,1.0,S
2498,3050,2021-06-11T01:19:58.574000+00:00,1.0,P
2498,3293,2021-06-11T01:20:01.004000+00:00,1.0,S
2499,3050,2021-06-11T01:19:58.574000+00:00,1.0,P
2499,3293,2021-06-11T01:20:01.004000+00:00,1.0,S
2500,3050,2021-06-11T01:19:58.574000+00:00,1.0,P
2500,3293,2021-06-11T01:20:01.004000+00:00,1.0,S
2501,3050,2021-06-11T01:19:58.574000+00:00,1.0,P
2501,3293,2021-06-11T01:20:01.004000+00:00,1.0,S
2502,3050,2021-06-11T01:19:58.574000+00:00,1.0,P
2502,3293,2021-06-11T01:20:01.004000+00:00,1.0,S
2503,3050,2021-06-11T01:19:58.574000+00:00,1.0,P
2503,3293,2021-06-11T01:20:01.004000+00:00,1.0,S
2504,3050,2021-06-11T01:19:58.574000+00:00,1.0,P
2504,3293,2021-06-11T01:20:01.004000+00:00,1.0,S
2505,3050,2021-06-11T01:19:58.574000+00:00,1.0,P
2505,3293,2021-06-11T01:20:01.004000+00:00,1.0,S
2506,3050,2021-06-11T01:19:58.574000+00:00,1.0,P
2506,3293,2021-06-11T01:20:01.004000+00:00,1.0,S
2507,3050,2021-06-11T01:19:58.574000+00:00,1.0,P
2507,3294,2021-06-11T01:20:01.013999+00:00,1.0,S
2508,3050,2021-06-11T01:19:58.574000+00:00,1.0,P
2508,3294,2021-06-11T01:20:01.013999+00:00,1.0,S
2509,3050,2021-06-11T01:19:58.574000+00:00,1.0,P
2509,3294,2021-06-11T01:20:01.013999+00:00,1.0,S
2510,3050,2021-06-11T01:19:58.574000+00:00,1.0,P
2510,3294,2021-06-11T01:20:01.013999+00:00,1.0,S
2511,3050,2021-06-11T01:19:58.574000+00:00,1.0,P
2511,3294,2021-06-11T01:20:01.013999+00:00,1.0,S
2512,3050,2021-06-11T01:19:58.574000+00:00,1.0,P
2512,3294,2021-06-11T01:20:01.013999+00:00,1.0,S
2513,3050,2021-06-11T01:19:58.574000+00:00,1.0,P
2513,3294,2021-06-11T01:20:01.013999+00:00,1.0,S
2514,3050,2021-06-11T01:19:58.574000+00:00,1.0,P
2514,3294,2021-06-11T01:20:01.013999+00:00,1.0,S
2515,3050,2021-06-11T01:19:58.574000+00:00,1.0,P
2515,3294,2021-06-11T01:20:01.013999+00:00,1.0,S
2516,3050,2021-06-11T01:19:58.574000+00:00,1.0,P
2516,3294,2021-06-11T01:20:01.013999+00:00,1.0,S
2517,3051,2021-06-11T01:19:58.584000+00:00,1.0,P
2517,3294,2021-06-11T01:20:01.013999+00:00,1.0,S
2518,3051,2021-06-11T01:19:58.584000+00:00,1.0,P
2518,3294,2021-06-11T01:20:01.013999+00:00,1.0,S
2519,3051,2021-06-11T01:19:58.584000+00:00,1.0,P
2519,3294,2021-06-11T01:20:01.013999+00:00,1.0,S
2520,3051,2021-06-11T01:19:58.584000+00:00,1.0,P
2520,3294,2021-06-11T01:20:01.013999+00:00,1.0,S
2521,3051,2021-06-11T01:19:58.584000+00:00,1.0,P
2521,3294,2021-06-11T01:20:01.013999+00:00,1.0,S
2522,3051,2021-06-11T01:19:58.584000+00:00,1.0,P
2522,3294,2021-06-11T01:20:01.013999+00:00,1.0,S
2523,3051,2021-06-11T01:19:58.584000+00:00,1.0,P
2523,3294,2021-06-11T01:20:01.013999+00:00,1.0,S
2524,3051,2021-06-11T01:19:58.584000+00:00,1.0,P
2524,3294,2021-06-11T01:20:01.013999+00:00,1.0,S
2525,3051,2021-06-11T01:19:58.584000+00:00,1.0,P
2525,3294,2021-06-11T01:20:01.013999+00:00,1.0,S
2526,3051,2021-06-11T01:19:58.584000+00:00,1.0,P
2526,3295,2021-06-11T01:20:01.024000+00:00,1.0,S
2527,3051,2021-06-11T01:19:58.584000+00:00,1.0,P
2527,3295,2021-06-11T01:20:01.024000+00:00,1.0,S
2528,3051,2021-06-11T01:19:58.584000+00:00,1.0,P
2528,3295,2021-06-11T01:20:01.024000+00:00,1.0,S
2529,3051,2021-06-11T01:19:58.584000+00:00,1.0,P
2529,3295,2021-06-11T01:20:01.024000+00:00,1.0,S
2530,3051,2021-06-11T01:19:58.584000+00:00,1.0,P
2530,3295,2021-06-11T01:20:01.024000+00:00,1.0,S
2531,3051,2021-06-11T01:19:58.584000+00:00,1.0,P
2531,3295,2021-06-11T01:20:01.024000+00:00,1.0,S
2532,3051,2021-06-11T01:19:58.584000+00:00,1.0,P
2532,3295,2021-06-11T01:20:01.024000+00:00,1.0,S
2533,3051,2021-06-11T01:19:58.584000+00:00,1.0,P
2533,3295,2021-06-11T01:20:01.024000+00:00,1.0,S
2534,3051,2021-06-11T01:19:58.584000+00:00,1.0,P
2534,3295,2021-06-11T01:20:01.024000+00:00,1.0,S
2535,3051,2021-06-11T01:19:58.584000+00:00,1.0,P
2535,3295,2021-06-11T01:20:01.024000+00:00,1.0,S
2536,3051,2021-06-11T01:19:58.584000+00:00,1.0,P
2536,3296,2021-06-11T01:20:01.034000+00:00,1.0,S
2537,3051,2021-06-11T01:19:58.584000+00:00,1.0,P
2537,3296,2021-06-11T01:20:01.034000+00:00,1.0,S
2538,3051,2021-06-11T01:19:58.584000+00:00,1.0,P
2538,3296,2021-06-11T01:20:01.034000+00:00,1.0,S
2539,3051,2021-06-11T01:19:58.584000+00:00,1.0,P
2539,3296,2021-06-11T01:20:01.034000+00:00,1.0,S
2540,3051,2021-06-11T01:19:58.584000+00:00,1.0,P
2540,3296,2021-06-11T01:20:01.034000+00:00,1.0,S
2541,3052,2021-06-11T01:19:58.594000+00:00,1.0,P
2541,3296,2021-06-11T01:20:01.034000+00:00,1.0,S
2542,3052,2021-06-11T01:19:58.594000+00:00,1.0,P
2542,3296,2021-06-11T01:20:01.034000+00:00,1.0,S
2543,3052,2021-06-11T01:19:58.594000+00:00,1.0,P
2543,3297,2021-06-11T01:20:01.044000+00:00,1.0,S
2544,3052,2021-06-11T01:19:58.594000+00:00,1.0,P
2544,3297,2021-06-11T01:20:01.044000+00:00,1.0,S
2545,3052,2021-06-11T01:19:58.594000+00:00,1.0,P
2545,3297,2021-06-11T01:20:01.044000+00:00,1.0,S
2546,3052,2021-06-11T01:19:58.594000+00:00,1.0,P
2546,3297,2021-06-11T01:20:01.044000+00:00,1.0,S
2547,3052,2021-06-11T01:19:58.594000+00:00,1.0,P
2547,3297,2021-06-11T01:20:01.044000+00:00,1.0,S
2548,3052,2021-06-11T01:19:58.594000+00:00,1.0,P
2548,3298,2021-06-11T01:20:01.054000+00:00,1.0,S
2549,3052,2021-06-11T01:19:58.594000+00:00,1.0,P
2549,3298,2021-06-11T01:20:01.054000+00:00,1.0,S
2550,3052,2021-06-11T01:19:58.594000+00:00,1.0,P
2550,3298,2021-06-11T01:20:01.054000+00:00,1.0,S
2551,3052,2021-06-11T01:19:58.594000+00:00,1.0,P
2551,3298,2021-06-11T01:20:01.054000+00:00,1.0,S
2552,3052,2021-06-11T01:19:58.594000+00:00,1.0,P
2552,3298,2021-06-11T01:20:01.054000+00:00,1.0,S
2553,3052,2021-06-11T01:19:58.594000+00:00,1.0,P
2553,3299,2021-06-11T01:20:01.064000+00:00,1.0,S
2554,3052,2021-06-11T01:19:58.594000+00:00,1.0,P
2554,3299,2021-06-11T01:20:01.064000+00:00,1.0,S
2555,3052,2021-06-11T01:19:58.594000+00:00,1.0,P
2555,3299,2021-06-11T01:20:01.064000+00:00,1.0,S
2556,3052,2021-06-11T01:19:58.594000+00:00,1.0,P
2556,3299,2021-06-11T01:20:01.064000+00:00,1.0,S
2557,3052,2021-06-11T01:19:58.594000+00:00,1.0,P
2557,3299,2021-06-11T01:20:01.064000+00:00,1.0,S
2558,3052,2021-06-11T01:19:58.594000+00:00,1.0,P
2558,3300,2021-06-11T01:20:01.074000+00:00,1.0,S
2559,3052,2021-06-11T01:19:58.594000+00:00,1.0,P
2559,3300,2021-06-11T01:20:01.074000+00:00,1.0,S
2560,3052,2021-06-11T01:19:58.594000+00:00,1.0,P
2560,3300,2021-06-11T01:20:01.074000+00:00,1.0,S
2561,3053,2021-06-11T01:19:58.604000+00:00,1.0,P
2561,3300,2021-06-11T01:20:01.074000+00:00,1.0,S
2562,3053,2021-06-11T01:19:58.604000+00:00,1.0,P
2562,3300,2021-06-11T01:20:01.074000+00:00,1.0,S
2563,3053,2021-06-11T01:19:58.604000+00:00,1.0,P
2563,3301,2021-06-11T01:20:01.083999+00:00,1.0,S
2564,3053,2021-06-11T01:19:58.604000+00:00,1.0,P
2564,3301,2021-06-11T01:20:01.083999+00:00,1.0,S
2565,3053,2021-06-11T01:19:58.604000+00:00,1.0,P
2565,3301,2021-06-11T01:20:01.083999+00:00,1.0,S
2566,3053,2021-06-11T01:19:58.604000+00:00,1.0,P
2566,3301,2021-06-11T01:20:01.083999+00:00,1.0,S
2567,3053,2021-06-11T01:19:58.604000+00:00,1.0,P
2567,3301,2021-06-11T01:20:01.083999+00:00,1.0,S
2568,3053,2021-06-11T01:19:58.604000+00:00,1.0,P
2568,3301,2021-06-11T01:20:01.083999+00:00,1.0,S
2569,3053,2021-06-11T01:19:58.604000+00:00,1.0,P
2569,3302,2021-06-11T01:20:01.094000+00:00,1.0,S
2570,3053,2021-06-11T01:19:58.604000+00:00,1.0,P
2570,3302,2021-06-11T01:20:01.094000+00:00,1.0,S
2571,3053,2021-06-11T01:19:58.604000+00:00,1.0,P
2571,3302,2021-06-11T01:20:01.094000+00:00,1.0,S
2572,3053,2021-06-11T01:19:58.604000+00:00,1.0,P
2572,3302,2021-06-11T01:20:01.094000+00:00,1.0,S
2573,3053,2021-06-11T01:19:58.604000+00:00,1.0,P
2573,3302,2021-06-11T01:20:01.094000+00:00,1.0,S
2574,3053,2021-06-11T01:19:58.604000+00:00,1.0,P
2574,3303,2021-06-11T01:20:01.104000+00:00,1.0,S
2575,3053,2021-06-11T01:19:58.604000+00:00,1.0,P
2575,3303,2021-06-11T01:20:01.104000+00:00,1.0,S
2576,3053,2021-06-11T01:19:58.604000+00:00,1.0,P
2576,3303,2021-06-11T01:20:01.104000+00:00,1.0,S
2577,3054,2021-06-11T01:19:58.614000+00:00,1.0,P
2577,3303,2021-06-11T01:20:01.104000+00:00,1.0,S
2578,3054,2021-06-11T01:19:58.614000+00:00,1.0,P
2578,3303,2021-06-11T01:20:01.104000+00:00,1.0,S
2579,3054,2021-06-11T01:19:58.614000+00:00,1.0,P
2579,3304,2021-06-11T01:20:01.114000+00:00,1.0,S
2580,3054,2021-06-11T01:19:58.614000+00:00,1.0,P
2580,3304,2021-06-11T01:20:01.114000+00:00,1.0,S
2581,3054,2021-06-11T01:19:58.614000+00:00,1.0,P
2581,3304,2021-06-11T01:20:01.114000+00:00,1.0,S
2582,3054,2021-06-11T01:19:58.614000+00:00,1.0,P
2582,3304,2021-06-11T01:20:01.114000+00:00,1.0,S
2583,3054,2021-06-11T01:19:58.614000+00:00,1.0,P
2583,3304,2021-06-11T01:20:01.114000+00:00,1.0,S
2584,3054,2021-06-11T01:19:58.614000+00:00,1.0,P
2584,3305,2021-06-11T01:20:01.123999+00:00,1.0,S
2585,3054,2021-06-11T01:19:58.614000+00:00,1.0,P
2585,3305,2021-06-11T01:20:01.123999+00:00,1.0,S
2586,3054,2021-06-11T01:19:58.614000+00:00,1.0,P
2586,3305,2021-06-11T01:20:01.123999+00:00,1.0,S
2587,3054,2021-06-11T01:19:58.614000+00:00,1.0,P
2587,3305,2021-06-11T01:20:01.123999+00:00,1.0,S
2588,3054,2021-06-11T01:19:58.614000+00:00,1.0,P
2588,3306,2021-06-11T01:20:01.134000+00:00,1.0,S
2589,3054,2021-06-11T01:19:58.614000+00:00,1.0,P
2589,3306,2021-06-11T01:20:01.134000+00:00,1.0,S
2590,3054,2021-06-11T01:19:58.614000+00:00,1.0,P
2590,3306,2021-06-11T01:20:01.134000+00:00,1.0,S
2591,3055,2021-06-11T01:19:58.624000+00:00,1.0,P
2591,3306,2021-06-11T01:20:01.134000+00:00,1.0,S
2592,3055,2021-06-11T01:19:58.624000+00:00,1.0,P
2592,3306,2021-06-11T01:20:01.134000+00:00,1.0,S
2593,3055,2021-06-11T01:19:58.624000+00:00,1.0,P
2593,3307,2021-06-11T01:20:01.144000+00:00,1.0,S
2594,3055,2021-06-11T01:19:58.624000+00:00,1.0,P
2594,3307,2021-06-11T01:20:01.144000+00:00,1.0,S
2595,3055,2021-06-11T01:19:58.624000+00:00,1.0,P
2595,3307,2021-06-11T01:20:01.144000+00:00,1.0,S
2596,3055,2021-06-11T01:19:58.624000+00:00,1.0,P
2596,3307,2021-06-11T01:20:01.144000+00:00,1.0,S
2597,3055,2021-06-11T01:19:58.624000+00:00,1.0,P
2597,3307,2021-06-11T01:20:01.144000+00:00,1.0,S
2598,3055,2021-06-11T01:19:58.624000+00:00,1.0,P
2598,3308,2021-06-11T01:20:01.154000+00:00,1.0,S
2599,3055,2021-06-11T01:19:58.624000+00:00,1.0,P
2599,3308,2021-06-11T01:20:01.154000+00:00,1.0,S
2600,3055,2021-06-11T01:19:58.624000+00:00,1.0,P
2600,3308,2021-06-11T01:20:01.154000+00:00,1.0,S
2601,3055,2021-06-11T01:19:58.624000+00:00,1.0,P
2601,3308,2021-06-11T01:20:01.154000+00:00,1.0,S
2602,3055,2021-06-11T01:19:58.624000+00:00,1.0,P
2602,3308,2021-06-11T01:20:01.154000+00:00,1.0,S
2603,3055,2021-06-11T01:19:58.624000+00:00,1.0,P
2603,3308,2021-06-11T01:20:01.154000+00:00,1.0,S
2604,3055,2021-06-11T01:19:58.624000+00:00,1.0,P
2604,3309,2021-06-11T01:20:01.164000+00:00,1.0,S
2605,3055,2021-06-11T01:19:58.624000+00:00,1.0,P
2605,3309,2021-06-11T01:20:01.164000+00:00,1.0,S
2606,3056,2021-06-11T01:19:58.634000+00:00,1.0,P
2606,3309,2021-06-11T01:20:01.164000+00:00,1.0,S
2607,3056,2021-06-11T01:19:58.634000+00:00,1.0,P
2607,3309,2021-06-11T01:20:01.164000+00:00,1.0,S
2608,3056,2021-06-11T01:19:58.634000+00:00,1.0,P
2608,3309,2021-06-11T01:20:01.164000+00:00,1.0,S
2609,3056,2021-06-11T01:19:58.634000+00:00,1.0,P
2609,3309,2021-06-11T01:20:01.164000+00:00,1.0,S
2610,3056,2021-06-11T01:19:58.634000+00:00,1.0,P
2610,3309,2021-06-11T01:20:01.164000+00:00,1.0,S
2611,3056,2021-06-11T01:19:58.634000+00:00,1.0,P
2611,3309,2021-06-11T01:20:01.164000+00:00,1.0,S
2612,3056,2021-06-11T01:19:58.634000+00:00,1.0,P
2612,3310,2021-06-11T01:20:01.174000+00:00,1.0,S
2613,3056,2021-06-11T01:19:58.634000+00:00,1.0,P
2613,3310,2021-06-11T01:20:01.174000+00:00,1.0,S
2614,3056,2021-06-11T01:19:58.634000+00:00,1.0,P
2614,3310,2021-06-11T01:20:01.174000+00:00,1.0,S
2615,3056,2021-06-11T01:19:58.634000+00:00,1.0,P
2615,3310,2021-06-11T01:20:01.174000+00:00,1.0,S
2616,3056,2021-06-11T01:19:58.634000+00:00,1.0,P
2616,3310,2021-06-11T01:20:01.174000+00:00,1.0,S
2617,3056,2021-06-11T01:19:58.634000+00:00,1.0,P
2617,3310,2021-06-11T01:20:01.174000+00:00,1.0,S
2618,3056,2021-06-11T01:19:58.634000+00:00,1.0,P
2618,3310,2021-06-11T01:20:01.174000+00:00,1.0,S
2619,3056,2021-06-11T01:19:58.634000+00:00,1.0,P
2619,3310,2021-06-11T01:20:01.174000+00:00,1.0,S
2620,3056,2021-06-11T01:19:58.634000+00:00,1.0,P
2620,3311,2021-06-11T01:20:01.184000+00:00,1.0,S
2621,3056,2021-06-11T01:19:58.634000+00:00,1.0,P
2621,3311,2021-06-11T01:20:01.184000+00:00,1.0,S
2622,3056,2021-06-11T01:19:58.634000+00:00,1.0,P
2622,3311,2021-06-11T01:20:01.184000+00:00,1.0,S
2623,3056,2021-06-11T01:19:58.634000+00:00,1.0,P
2623,3311,2021-06-11T01:20:01.184000+00:00,1.0,S
2624,3056,2021-06-11T01:19:58.634000+00:00,1.0,P
2624,3311,2021-06-11T01:20:01.184000+00:00,1.0,S
2625,3056,2021-06-11T01:19:58.634000+00:00,1.0,P
2625,3311,2021-06-11T01:20:01.184000+00:00,1.0,S
2626,3056,2021-06-11T01:19:58.634000+00:00,1.0,P
2626,3311,2021-06-11T01:20:01.184000+00:00,1.0,S
2627,3057,2021-06-11T01:19:58.644000+00:00,1.0,P
2627,3311,2021-06-11T01:20:01.184000+00:00,1.0,S
2628,3057,2021-06-11T01:19:58.644000+00:00,1.0,P
2628,3311,2021-06-11T01:20:01.184000+00:00,1.0,S
2629,3057,2021-06-11T01:19:58.644000+00:00,1.0,P
2629,3311,2021-06-11T01:20:01.184000+00:00,1.0,S
2630,3057,2021-06-11T01:19:58.644000+00:00,1.0,P
2630,3311,2021-06-11T01:20:01.184000+00:00,1.0,S
2631,3057,2021-06-11T01:19:58.644000+00:00,1.0,P
2631,3311,2021-06-11T01:20:01.184000+00:00,1.0,S
2632,3057,2021-06-11T01:19:58.644000+00:00,1.0,P
2632,3311,2021-06-11T01:20:01.184000+00:00,1.0,S
2633,3057,2021-06-11T01:19:58.644000+00:00,1.0,P
2633,3311,2021-06-11T01:20:01.184000+00:00,1.0,S
2634,3057,2021-06-11T01:19:58.644000+00:00,1.0,P
2634,3312,2021-06-11T01:20:01.193999+00:00,1.0,S
2635,3057,2021-06-11T01:19:58.644000+00:00,1.0,P
2635,3312,2021-06-11T01:20:01.193999+00:00,1.0,S
2636,3057,2021-06-11T01:19:58.644000+00:00,1.0,P
2636,3312,2021-06-11T01:20:01.193999+00:00,1.0,S
2637,3057,2021-06-11T01:19:58.644000+00:00,1.0,P
2637,3312,2021-06-11T01:20:01.193999+00:00,1.0,S
2638,3057,2021-06-11T01:19:58.644000+00:00,1.0,P
2638,3312,2021-06-11T01:20:01.193999+00:00,1.0,S
2639,3057,2021-06-11T01:19:58.644000+00:00,1.0,P
2639,3312,2021-06-11T01:20:01.193999+00:00,1.0,S
2640,3057,2021-06-11T01:19:58.644000+00:00,1.0,P
2640,3312,2021-06-11T01:20:01.193999+00:00,1.0,S
2641,3057,2021-06-11T01:19:58.644000+00:00,1.0,P
2641,3312,2021-06-11T01:20:01.193999+00:00,1.0,S
2642,3057,2021-06-11T01:19:58.644000+00:00,1.0,P
2642,3312,2021-06-11T01:20:01.193999+00:00,1.0,S
2643,3057,2021-06-11T01:19:58.644000+00:00,1.0,P
2643,3312,2021-06-11T01:20:01.193999+00:00,1.0,S
2644,3057,2021-06-11T01:19:58.644000+00:00,1.0,P
2644,3312,2021-06-11T01:20:01.193999+00:00,1.0,S
2645,3057,2021-06-11T01:19:58.644000+00:00,1.0,P
2645,3312,2021-06-11T01:20:01.193999+00:00,1.0,S
2646,3057,2021-06-11T01:19:58.644000+00:00,1.0,P
2646,3312,2021-06-11T01:20:01.193999+00:00,1.0,S
2647,3057,2021-06-11T01:19:58.644000+00:00,1.0,P
2647,3312,2021-06-11T01:20:01.193999+00:00,1.0,S
2648,3057,2021-06-11T01:19:58.644000+00:00,1.0,P
2648,3312,2021-06-11T01:20:01.193999+00:00,1.0,S
2649,3057,2021-06-11T01:19:58.644000+00:00,1.0,P
2649,3312,2021-06-11T01:20:01.193999+00:00,1.0,S
2650,3057,2021-06-11T01:19:58.644000+00:00,1.0,P
2650,3312,2021-06-11T01:20:01.193999+00:00,1.0,S
2651,3057,2021-06-11T01:19:58.644000+00:00,1.0,P
2651,3312,2021-06-11T01:20:01.193999+00:00,1.0,S
2652,3058,2021-06-11T01:19:58.654000+00:00,1.0,P
2652,3313,2021-06-11T01:20:01.204000+00:00,1.0,S
2653,3058,2021-06-11T01:19:58.654000+00:00,1.0,P
2653,3313,2021-06-11T01:20:01.204000+00:00,1.0,S
2654,3058,2021-06-11T01:19:58.654000+00:00,1.0,P
2654,3313,2021-06-11T01:20:01.204000+00:00,1.0,S
2655,3058,2021-06-11T01:19:58.654000+00:00,1.0,P
2655,3313,2021-06-11T01:20:01.204000+00:00,1.0,S
2656,3058,2021-06-11T01:19:58.654000+00:00,1.0,P
2656,3313,2021-06-11T01:20:01.204000+00:00,1.0,S
2657,3058,2021-06-11T01:19:58.654000+00:00,1.0,P
2657,3313,2021-06-11T01:20:01.204000+00:00,1.0,S
2658,3058,2021-06-11T01:19:58.654000+00:00,1.0,P
2658,3313,2021-06-11T01:20:01.204000+00:00,1.0,S
2659,3058,2021-06-11T01:19:58.654000+00:00,1.0,P
2659,3313,2021-06-11T01:20:01.204000+00:00,1.0,S
2660,3058,2021-06-11T01:19:58.654000+00:00,1.0,P
2660,3313,2021-06-11T01:20:01.204000+00:00,1.0,S
2661,3058,2021-06-11T01:19:58.654000+00:00,1.0,P
2661,3313,2021-06-11T01:20:01.204000+00:00,1.0,S
2662,3058,2021-06-11T01:19:58.654000+00:00,1.0,P
2662,3314,2021-06-11T01:20:01.214000+00:00,1.0,S
2663,3058,2021-06-11T01:19:58.654000+00:00,1.0,P
2663,3314,2021-06-11T01:20:01.214000+00:00,1.0,S
2664,3058,2021-06-11T01:19:58.654000+00:00,1.0,P
2664,3314,2021-06-11T01:20:01.214000+00:00,1.0,S
2665,3058,2021-06-11T01:19:58.654000+00:00,1.0,P
2665,3314,2021-06-11T01:20:01.214000+00:00,1.0,S
2666,3058,2021-06-11T01:19:58.654000+00:00,1.0,P
2666,3314,2021-06-11T01:20:01.214000+00:00,1.0,S
2667,3058,2021-06-11T01:19:58.654000+00:00,1.0,P
2667,3314,2021-06-11T01:20:01.214000+00:00,1.0,S
2668,3058,2021-06-11T01:19:58.654000+00:00,1.0,P
2668,3314,2021-06-11T01:20:01.214000+00:00,1.0,S
2669,3058,2021-06-11T01:19:58.654000+00:00,1.0,P
2669,3314,2021-06-11T01:20:01.214000+00:00,1.0,S
2670,3058,2021-06-11T01:19:58.654000+00:00,1.0,P
2670,3314,2021-06-11T01:20:01.214000+00:00,1.0,S
2671,3058,2021-06-11T01:19:58.654000+00:00,1.0,P
2671,3315,2021-06-11T01:20:01.224000+00:00,1.0,S
2672,3059,2021-06-11T01:19:58.664000+00:00,1.0,P
2672,3315,2021-06-11T01:20:01.224000+00:00,1.0,S
2673,3059,2021-06-11T01:19:58.664000+00:00,1.0,P
2673,3315,2021-06-11T01:20:01.224000+00:00,1.0,S
2674,3059,2021-06-11T01:19:58.664000+00:00,1.0,P
2674,3315,2021-06-11T01:20:01.224000+00:00,1.0,S
2675,3059,2021-06-11T01:19:58.664000+00:00,1.0,P
2675,3315,2021-06-11T01:20:01.224000+00:00,1.0,S
2676,3059,2021-06-11T01:19:58.664000+00:00,1.0,P
2676,3315,2021-06-11T01:20:01.224000+00:00,1.0,S
2677,3059,2021-06-11T01:19:58.664000+00:00,1.0,P
2677,3315,2021-06-11T01:20:01.224000+00:00,1.0,S
2678,3059,2021-06-11T01:19:58.664000+00:00,1.0,P
2678,3315,2021-06-11T01:20:01.224000+00:00,1.0,S
2679,3059,2021-06-11T01:19:58.664000+00:00,1.0,P
2679,3315,2021-06-11T01:20:01.224000+00:00,1.0,S
2680,3059,2021-06-11T01:19:58.664000+00:00,1.0,P
2680,3316,2021-06-11T01:20:01.234000+00:00,1.0,S
2681,3059,2021-06-11T01:19:58.664000+00:00,1.0,P
2681,3316,2021-06-11T01:20:01.234000+00:00,1.0,S
2682,3059,2021-06-11T01:19:58.664000+00:00,1.0,P
2682,3316,2021-06-11T01:20:01.234000+00:00,1.0,S
2683,3059,2021-06-11T01:19:58.664000+00:00,1.0,P
2683,3316,2021-06-11T01:20:01.234000+00:00,1.0,S
2684,3059,2021-06-11T01:19:58.664000+00:00,1.0,P
2684,3316,2021-06-11T01:20:01.234000+00:00,1.0,S
2685,3059,2021-06-11T01:19:58.664000+00:00,1.0,P
2685,3316,2021-06-11T01:20:01.234000+00:00,1.0,S
2686,3059,2021-06-11T01:19:58.664000+00:00,1.0,P
2686,3316,2021-06-11T01:20:01.234000+00:00,1.0,S
2687,3060,2021-06-11T01:19:58.674000+00:00,1.0,P
2687,3316,2021-06-11T01:20:01.234000+00:00,1.0,S
2688,3060,2021-06-11T01:19:58.674000+00:00,1.0,P
2688,3317,2021-06-11T01:20:01.244000+00:00,1.0,S
2689,3060,2021-06-11T01:19:58.674000+00:00,1.0,P
2689,3317,2021-06-11T01:20:01.244000+00:00,1.0,S
2690,3060,2021-06-11T01:19:58.674000+00:00,1.0,P
2690,3317,2021-06-11T01:20:01.244000+00:00,1.0,S
2691,3060,2021-06-11T01:19:58.674000+00:00,1.0,P
2691,3317,2021-06-11T01:20:01.244000+00:00,1.0,S
2692,3060,2021-06-11T01:19:58.674000+00:00,1.0,P
2692,3317,2021-06-11T01:20:01.244000+00:00,1.0,S
2693,3060,2021-06-11T01:19:58.674000+00:00,1.0,P
2693,3317,2021-06-11T01:20:01.244000+00:00,1.0,S
2694,3060,2021-06-11T01:19:58.674000+00:00,1.0,P
2694,3317,2021-06-11T01:20:01.244000+00:00,1.0,S
2695,3060,2021-06-11T01:19:58.674000+00:00,1.0,P
2695,3317,2021-06-11T01:20:01.244000+00:00,1.0,S
2696,3060,2021-06-11T01:19:58.674000+00:00,1.0,P
2696,3317,2021-06-11T01:20:01.244000+00:00,1.0,S
2697,3060,2021-06-11T01:19:58.674000+00:00,1.0,P
2697,3318,2021-06-11T01:20:01.254000+00:00,1.0,S
2698,3060,2021-06-11T01:19:58.674000+00:00,1.0,P
2698,3318,2021-06-11T01:20:01.254000+00:00,1.0,S
2699,3060,2021-06-11T01:19:58.674000+00:00,1.0,P
2699,3318,2021-06-11T01:20:01.254000+00:00,1.0,S
2700,3060,2021-06-11T01:19:58.674000+00:00,1.0,P
2700,3318,2021-06-11T01:20:01.254000+00:00,1.0,S
2701,3061,2021-06-11T01:19:58.684000+00:00,1.0,P
2701,3318,2021-06-11T01:20:01.254000+00:00,1.0,S
2702,3061,2021-06-11T01:19:58.684000+00:00,1.0,P
2702,3318,2021-06-11T01:20:01.254000+00:00,1.0,S
2703,3061,2021-06-11T01:19:58.684000+00:00,1.0,P
2703,3318,2021-06-11T01:20:01.254000+00:00,1.0,S
2704,3061,2021-06-11T01:19:58.684000+00:00,1.0,P
2704,3319,2021-06-11T01:20:01.263999+00:00,1.0,S
2705,3061,2021-06-11T01:19:58.684000+00:00,1.0,P
2705,3319,2021-06-11T01:20:01.263999+00:00,1.0,S
2706,3061,2021-06-11T01:19:58.684000+00:00,1.0,P
2706,3319,2021-06-11T01:20:01.263999+00:00,1.0,S
2707,3061,2021-06-11T01:19:58.684000+00:00,1.0,P
2707,3319,2021-06-11T01:20:01.263999+00:00,1.0,S
2708,3061,2021-06-11T01:19:58.684000+00:00,1.0,P
2708,3319,2021-06-11T01:20:01.263999+00:00,1.0,S
2709,3061,2021-06-11T01:19:58.684000+00:00,1.0,P
2709,3319,2021-06-11T01:20:01.263999+00:00,1.0,S
2710,3061,2021-06-11T01:19:58.684000+00:00,1.0,P
2710,3320,2021-06-11T01:20:01.274000+00:00,1.0,S
2711,3061,2021-06-11T01:19:58.684000+00:00,1.0,P
2711,3320,2021-06-11T01:20:01.274000+00:00,1.0,S
2712,3061,2021-06-11T01:19:58.684000+00:00,1.0,P
2712,3320,2021-06-11T01:20:01.274000+00:00,1.0,S
2713,3062,2021-06-11T01:19:58.694000+00:00,1.0,P
2713,3320,2021-06-11T01:20:01.274000+00:00,1.0,S
2714,3062,2021-06-11T01:19:58.694000+00:00,1.0,P
2714,3320,2021-06-11T01:20:01.274000+00:00,1.0,S
2715,3062,2021-06-11T01:19:58.694000+00:00,1.0,P
2715,3321,2021-06-11T01:20:01.284000+00:00,1.0,S
2716,3062,2021-06-11T01:19:58.694000+00:00,1.0,P
2716,3321,2021-06-11T01:20:01.284000+00:00,1.0,S
2717,3062,2021-06-11T01:19:58.694000+00:00,1.0,P
2717,3321,2021-06-11T01:20:01.284000+00:00,1.0,S
2718,3062,2021-06-11T01:19:58.694000+00:00,1.0,P
2718,3321,2021-06-11T01:20:01.284000+00:00,1.0,S
2719,3062,2021-06-11T01:19:58.694000+00:00,1.0,P
2719,3321,2021-06-11T01:20:01.284000+00:00,1.0,S
2720,3062,2021-06-11T01:19:58.694000+00:00,1.0,P
2720,3321,2021-06-11T01:20:01.284000+00:00,1.0,S
2721,3062,2021-06-11T01:19:58.694000+00:00,1.0,P
2721,3322,2021-06-11T01:20:01.294000+00:00,1.0,S
2722,3062,2021-06-11T01:19:58.694000+00:00,1.0,P
2722,3322,2021-06-11T01:20:01.294000+00:00,1.0,S
2723,3062,2021-06-11T01:19:58.694000+00:00,1.0,P
2723,3322,2021-06-11T01:20:01.294000+00:00,1.0,S
2724,3063,2021-06-11T01:19:58.704000+00:00,1.0,P
2724,3322,2021-06-11T01:20:01.294000+00:00,1.0,S
2725,3063,2021-06-11T01:19:58.704000+00:00,1.0,P
2725,3322,2021-06-11T01:20:01.294000+00:00,1.0,S
2726,3063,2021-06-11T01:19:58.704000+00:00,1.0,P
2726,3322,2021-06-11T01:20:01.294000+00:00,1.0,S
2727,3063,2021-06-11T01:19:58.704000+00:00,1.0,P
2727,3323,2021-06-11T01:20:01.304000+00:00,1.0,S
2728,3063,2021-06-11T01:19:58.704000+00:00,1.0,P
2728,3323,2021-06-11T01:20:01.304000+00:00,1.0,S
2729,3063,2021-06-11T01:19:58.704000+00:00,1.0,P
2729,3323,2021-06-11T01:20:01.304000+00:00,1.0,S
2730,3063,2021-06-11T01:19:58.704000+00:00,1.0,P
2730,3323,2021-06-11T01:20:01.304000+00:00,1.0,S
2731,3063,2021-06-11T01:19:58.704000+00:00,1.0,P
2731,3323,2021-06-11T01:20:01.304000+00:00,1.0,S
2732,3063,2021-06-11T01:19:58.704000+00:00,1.0,P
2732,3323,2021-06-11T01:20:01.304000+00:00,1.0,S
2733,3063,2021-06-11T01:19:58.704000+00:00,1.0,P
2733,3323,2021-06-11T01:20:01.304000+00:00,1.0,S
2734,3063,2021-06-11T01:19:58.704000+00:00,1.0,P
2734,3323,2021-06-11T01:20:01.304000+00:00,1.0,S
2735,3064,2021-06-11T01:19:58.714000+00:00,1.0,P
2735,3323,2021-06-11T01:20:01.304000+00:00,1.0,S
2736,3064,2021-06-11T01:19:58.714000+00:00,1.0,P
2736,3324,2021-06-11T01:20:01.314000+00:00,1.0,S
2737,3064,2021-06-11T01:19:58.714000+00:00,1.0,P
2737,3324,2021-06-11T01:20:01.314000+00:00,1.0,S
2738,3064,2021-06-11T01:19:58.714000+00:00,1.0,P
2738,3324,2021-06-11T01:20:01.314000+00:00,1.0,S
2739,3064,2021-06-11T01:19:58.714000+00:00,1.0,P
2739,3324,2021-06-11T01:20:01.314000+00:00,1.0,S
2740,3064,2021-06-11T01:19:58.714000+00:00,1.0,P
2740,3324,2021-06-11T01:20:01.314000+00:00,1.0,S
2741,3064,2021-06-11T01:19:58.714000+00:00,1.0,P
2741,3324,2021-06-11T01:20:01.314000+00:00,1.0,S
2742,3064,2021-06-11T01:19:58.714000+00:00,1.0,P
2742,3324,2021-06-11T01:20:01.314000+00:00,1.0,S
2743,3064,2021-06-11T01:19:58.714000+00:00,1.0,P
2743,3324,2021-06-11T01:20:01.314000+00:00,1.0,S
2744,3064,2021-06-11T01:19:58.714000+00:00,1.0,P
2744,3324,2021-06-11T01:20:01.314000+00:00,1.0,S
2745,3065,2021-06-11T01:19:58.724000+00:00,1.0,P
2745,3324,2021-06-11T01:20:01.314000+00:00,1.0,S
2746,3065,2021-06-11T01:19:58.724000+00:00,1.0,P
2746,3325,2021-06-11T01:20:01.324000+00:00,1.0,S
2747,3065,2021-06-11T01:19:58.724000+00:00,1.0,P
2747,3325,2021-06-11T01:20:01.324000+00:00,1.0,S
2748,3065,2021-06-11T01:19:58.724000+00:00,1.0,P
2748,3325,2021-06-11T01:20:01.324000+00:00,1.0,S
2749,3065,2021-06-11T01:19:58.724000+00:00,1.0,P
2749,3325,2021-06-11T01:20:01.324000+00:00,1.0,S
2750,3065,2021-06-11T01:19:58.724000+00:00,1.0,P
2750,3325,2021-06-11T01:20:01.324000+00:00,1.0,S
2751,3065,2021-06-11T01:19:58.724000+00:00,1.0,P
2751,3325,2021-06-11T01:20:01.324000+00:00,1.0,S
2752,3065,2021-06-11T01:19:58.724000+00:00,1.0,P
2752,3325,2021-06-11T01:20:01.324000+00:00,1.0,S
2753,3065,2021-06-11T01:19:58.724000+00:00,1.0,P
2753,3325,2021-06-11T01:20:01.324000+00:00,1.0,S
2754,3065,2021-06-11T01:19:58.724000+00:00,1.0,P
2754,3325,2021-06-11T01:20:01.324000+00:00,1.0,S
2755,3065,2021-06-11T01:19:58.724000+00:00,1.0,P
2755,3325,2021-06-11T01:20:01.324000+00:00,1.0,S
2756,3065,2021-06-11T01:19:58.724000+00:00,1.0,P
2756,3325,2021-06-11T01:20:01.324000+00:00,1.0,S
2757,3066,2021-06-11T01:19:58.734000+00:00,1.0,P
2757,3325,2021-06-11T01:20:01.324000+00:00,1.0,S
2758,3066,2021-06-11T01:19:58.734000+00:00,1.0,P
2758,3325,2021-06-11T01:20:01.324000+00:00,1.0,S
2759,3066,2021-06-11T01:19:58.734000+00:00,1.0,P
2759,3325,2021-06-11T01:20:01.324000+00:00,1.0,S
2760,3066,2021-06-11T01:19:58.734000+00:00,1.0,P
2760,3325,2021-06-11T01:20:01.324000+00:00,1.0,S
2761,3066,2021-06-11T01:19:58.734000+00:00,1.0,P
2761,3325,2021-06-11T01:20:01.324000+00:00,1.0,S
2762,3066,2021-06-11T01:19:58.734000+00:00,1.0,P
2762,3325,2021-06-11T01:20:01.324000+00:00,1.0,S
2763,3066,2021-06-11T01:19:58.734000+00:00,1.0,P
2763,3325,2021-06-11T01:20:01.324000+00:00,1.0,S
2764,3066,2021-06-11T01:19:58.734000+00:00,1.0,P
2764,3325,2021-06-11T01:20:01.324000+00:00,1.0,S
2765,3066,2021-06-11T01:19:58.734000+00:00,1.0,P
2765,3325,2021-06-11T01:20:01.324000+00:00,1.0,S
2766,3066,2021-06-11T01:19:58.734000+00:00,1.0,P
2766,3326,2021-06-11T01:20:01.333999+00:00,1.0,S
2767,3066,2021-06-11T01:19:58.734000+00:00,1.0,P
2767,3326,2021-06-11T01:20:01.333999+00:00,1.0,S
2768,3067,2021-06-11T01:19:58.744000+00:00,1.0,P
2768,3326,2021-06-11T01:20:01.333999+00:00,1.0,S
2769,3067,2021-06-11T01:19:58.744000+00:00,1.0,P
2769,3326,2021-06-11T01:20:01.333999+00:00,1.0,S
2770,3067,2021-06-11T01:19:58.744000+00:00,1.0,P
2770,3326,2021-06-11T01:20:01.333999+00:00,1.0,S
2771,3067,2021-06-11T01:19:58.744000+00:00,1.0,P
2771,3326,2021-06-11T01:20:01.333999+00:00,1.0,S
2772,3067,2021-06-11T01:19:58.744000+00:00,1.0,P
2772,3326,2021-06-11T01:20:01.333999+00:00,1.0,S
2773,3067,2021-06-11T01:19:58.744000+00:00,1.0,P
2773,3326,2021-06-11T01:20:01.333999+00:00,1.0,S
2774,3067,2021-06-11T01:19:58.744000+00:00,1.0,P
2774,3327,2021-06-11T01:20:01.344000+00:00,1.0,S
2775,3067,2021-06-11T01:19:58.744000+00:00,1.0,P
2775,3327,2021-06-11T01:20:01.344000+00:00,1.0,S
2776,3067,2021-06-11T01:19:58.744000+00:00,1.0,P
2776,3327,2021-06-11T01:20:01.344000+00:00,1.0,S
2777,3067,2021-06-11T01:19:58.744000+00:00,1.0,P
2777,3327,2021-06-11T01:20:01.344000+00:00,1.0,S
2778,3068,2021-06-11T01:19:58.754000+00:00,1.0,P
2778,3327,2021-06-11T01:20:01.344000+00:00,1.0,S
2779,3068,2021-06-11T01:19:58.754000+00:00,1.0,P
2779,3327,2021-06-11T01:20:01.344000+00:00,1.0,S
2780,3068,2021-06-11T01:19:58.754000+00:00,1.0,P
2780,3327,2021-06-11T01:20:01.344000+00:00,1.0,S
2781,3068,2021-06-11T01:19:58.754000+00:00,1.0,P
2781,3327,2021-06-11T01:20:01.344000+00:00,1.0,S
2782,3068,2021-06-11T01:19:58.754000+00:00,1.0,P
2782,3327,2021-06-11T01:20:01.344000+00:00,1.0,S
2783,3068,2021-06-11T01:19:58.754000+00:00,1.0,P
2783,3328,2021-06-11T01:20:01.354000+00:00,1.0,S
2784,3068,2021-06-11T01:19:58.754000+00:00,1.0,P
2784,3328,2021-06-11T01:20:01.354000+00:00,1.0,S
2785,3068,2021-06-11T01:19:58.754000+00:00,1.0,P
2785,3328,2021-06-11T01:20:01.354000+00:00,1.0,S
2786,3068,2021-06-11T01:19:58.754000+00:00,1.0,P
2786,3328,2021-06-11T01:20:01.354000+00:00,1.0,S
2787,3068,2021-06-11T01:19:58.754000+00:00,1.0,P
2787,3328,2021-06-11T01:20:01.354000+00:00,1.0,S
2788,3068,2021-06-11T01:19:58.754000+00:00,1.0,P
2788,3328,2021-06-11T01:20:01.354000+00:00,1.0,S
2789,3069,2021-06-11T01:19:58.764000+00:00,1.0,P
2789,3328,2021-06-11T01:20:01.354000+00:00,1.0,S
2790,3069,2021-06-11T01:19:58.764000+00:00,1.0,P
2790,3328,2021-06-11T01:20:01.354000+00:00,1.0,S
2791,3069,2021-06-11T01:19:58.764000+00:00,1.0,P
2791,3329,2021-06-11T01:20:01.364000+00:00,1.0,S
2792,3069,2021-06-11T01:19:58.764000+00:00,1.0,P
2792,3329,2021-06-11T01:20:01.364000+00:00,1.0,S
2793,3069,2021-06-11T01:19:58.764000+00:00,1.0,P
2793,3329,2021-06-11T01:20:01.364000+00:00,1.0,S
2794,3069,2021-06-11T01:19:58.764000+00:00,1.0,P
2794,3329,2021-06-11T01:20:01.364000+00:00,1.0,S
2795,3069,2021-06-11T01:19:58.764000+00:00,1.0,P
2795,3329,2021-06-11T01:20:01.364000+00:00,1.0,S
2796,3069,2021-06-11T01:19:58.764000+00:00,1.0,P
2796,3329,2021-06-11T01:20:01.364000+00:00,1.0,S
2797,3069,2021-06-11T01:19:58.764000+00:00,1.0,P
2797,3329,2021-06-11T01:20:01.364000+00:00,1.0,S
2798,3070,2021-06-11T01:19:58.774000+00:00,1.0,P
2798,3330,2021-06-11T01:20:01.373999+00:00,1.0,S
2799,3070,2021-06-11T01:19:58.774000+00:00,1.0,P
2799,3330,2021-06-11T01:20:01.373999+00:00,1.0,S
2800,3070,2021-06-11T01:19:58.774000+00:00,1.0,P
2800,3330,2021-06-11T01:20:01.373999+00:00,1.0,S
2801,3070,2021-06-11T01:19:58.774000+00:00,1.0,P
2801,3330,2021-06-11T01:20:01.373999+00:00,1.0,S
2802,3070,2021-06-11T01:19:58.774000+00:00,1.0,P
2802,3330,2021-06-11T01:20:01.373999+00:00,1.0,S
2803,3070,2021-06-11T01:19:58.774000+00:00,1.0,P
2803,3330,2021-06-11T01:20:01.373999+00:00,1.0,S
2804,3070,2021-06-11T01:19:58.774000+00:00,1.0,P
2804,3331,2021-06-11T01:20:01.384000+00:00,1.0,S
2805,3070,2021-06-11T01:19:58.774000+00:00,1.0,P
2805,3331,2021-06-11T01:20:01.384000+00:00,1.0,S
2806,3070,2021-06-11T01:19:58.774000+00:00,1.0,P
2806,3331,2021-06-11T01:20:01.384000+00:00,1.0,S
2807,3071,2021-06-11T01:19:58.784000+00:00,1.0,P
2807,3331,2021-06-11T01:20:01.384000+00:00,1.0,S
2808,3071,2021-06-11T01:19:58.784000+00:00,1.0,P
2808,3331,2021-06-11T01:20:01.384000+00:00,1.0,S
2809,3071,2021-06-11T01:19:58.784000+00:00,1.0,P
2809,3331,2021-06-11T01:20:01.384000+00:00,1.0,S
2810,3071,2021-06-11T01:19:58.784000+00:00,1.0,P
2810,3332,2021-06-11T01:20:01.394000+00:00,1.0,S
2811,3071,2021-06-11T01:19:58.784000+00:00,1.0,P
2811,3332,2021-06-11T01:20:01.394000+00:00,1.0,S
2812,3071,2021-06-11T01:19:58.784000+00:00,1.0,P
2812,3332,2021-06-11T01:20:01.394000+00:00,1.0,S
2813,3071,2021-06-11T01:19:58.784000+00:00,1.0,P
2813,3332,2021-06-11T01:20:01.394000+00:00,1.0,S
2814,3071,2021-06-11T01:19:58.784000+00:00,1.0,P
2814,3333,2021-06-11T01:20:01.404000+00:00,1.0,S
2815,3071,2021-06-11T01:19:58.784000+00:00,1.0,P
2815,3333,2021-06-11T01:20:01.404000+00:00,1.0,S
2816,3072,2021-06-11T01:19:58.794000+00:00,1.0,P
2816,3333,2021-06-11T01:20:01.404000+00:00,1.0,S
2817,3072,2021-06-11T01:19:58.794000+00:00,1.0,P
2817,3333,2021-06-11T01:20:01.404000+00:00,1.0,S
2818,3072,2021-06-11T01:19:58.794000+00:00,1.0,P
2818,3333,2021-06-11T01:20:01.404000+00:00,1.0,S
2819,3072,2021-06-11T01:19:58.794000+00:00,1.0,P
2819,3334,2021-06-11T01:20:01.414000+00:00,1.0,S
2820,3072,2021-06-11T01:19:58.794000+00:00,1.0,P
2820,3334,2021-06-11T01:20:01.414000+00:00,1.0,S
2821,3072,2021-06-11T01:19:58.794000+00:00,1.0,P
2821,3334,2021-06-11T01:20:01.414000+00:00,1.0,S
2822,3072,2021-06-11T01:19:58.794000+00:00,1.0,P
2822,3334,2021-06-11T01:20:01.414000+00:00,1.0,S
2823,3072,2021-06-11T01:19:58.794000+00:00,1.0,P
2823,3335,2021-06-11T01:20:01.424000+00:00,1.0,S
2824,3073,2021-06-11T01:19:58.804000+00:00,1.0,P
2824,3335,2021-06-11T01:20:01.424000+00:00,1.0,S
2825,3073,2021-06-11T01:19:58.804000+00:00,1.0,P
2825,3335,2021-06-11T01:20:01.424000+00:00,1.0,S
2826,3073,2021-06-11T01:19:58.804000+00:00,1.0,P
2826,3335,2021-06-11T01:20:01.424000+00:00,1.0,S
2827,3073,2021-06-11T01:19:58.804000+00:00,1.0,P
2827,3336,2021-06-11T01:20:01.434000+00:00,1.0,S
2828,3073,2021-06-11T01:19:58.804000+00:00,1.0,P
2828,3336,2021-06-11T01:20:01.434000+00:00,1.0,S
2829,3073,2021-06-11T01:19:58.804000+00:00,1.0,P
2829,3336,2021-06-11T01:20:01.434000+00:00,1.0,S
2830,3073,2021-06-11T01:19:58.804000+00:00,1.0,P
2830,3336,2021-06-11T01:20:01.434000+00:00,1.0,S
2831,3073,2021-06-11T01:19:58.804000+00:00,1.0,P
2831,3337,2021-06-11T01:20:01.443999+00:00,1.0,S
2832,3074,2021-06-11T01:19:58.814000+00:00,1.0,P
2832,3337,2021-06-11T01:20:01.443999+00:00,1.0,S
2833,3074,2021-06-11T01:19:58.814000+00:00,1.0,P
2833,3337,2021-06-11T01:20:01.443999+00:00,1.0,S
2834,3074,2021-06-11T01:19:58.814000+00:00,1.0,P
2834,3337,2021-06-11T01:20:01.443999+00:00,1.0,S
2835,3074,2021-06-11T01:19:58.814000+00:00,1.0,P
2835,3338,2021-06-11T01:20:01.454000+00:00,1.0,S
2836,3074,2021-06-11T01:19:58.814000+00:00,1.0,P
2836,3338,2021-06-11T01:20:01.454000+00:00,1.0,S
2837,3074,2021-06-11T01:19:58.814000+00:00,1.0,P
2837,3338,2021-06-11T01:20:01.454000+00:00,1.0,S
2838,3074,2021-06-11T01:19:58.814000+00:00,1.0,P
2838,3338,2021-06-11T01:20:01.454000+00:00,1.0,S
2839,3075,2021-06-11T01:19:58.824000+00:00,1.0,P
2839,3339,2021-06-11T01:20:01.464000+00:00,1.0,S
2840,3075,2021-06-11T01:19:58.824000+00:00,1.0,P
2840,3339,2021-06-11T01:20:01.464000+00:00,1.0,S
2841,3075,2021-06-11T01:19:58.824000+00:00,1.0,P
2841,3339,2021-06-11T01:20:01.464000+00:00,1.0,S
2842,3075,2021-06-11T01:19:58.824000+00:00,1.0,P
2842,3339,2021-06-11T01:20:01.464000+00:00,1.0,S
2843,3075,2021-06-11T01:19:58.824000+00:00,1.0,P
2843,3340,2021-06-11T01:20:01.474000+00:00,1.0,S
2844,3075,2021-06-11T01:19:58.824000+00:00,1.0,P
2844,3340,2021-06-11T01:20:01.474000+00:00,1.0,S
2845,3075,2021-06-11T01:19:58.824000+00:00,1.0,P
2845,3340,2021-06-11T01:20:01.474000+00:00,1.0,S
2846,3076,2021-06-11T01:19:58.834000+00:00,1.0,P
2846,3340,2021-06-11T01:20:01.474000+00:00,1.0,S
2847,3076,2021-06-11T01:19:58.834000+00:00,1.0,P
2847,3341,2021-06-11T01:20:01.484000+00:00,1.0,S
2848,3076,2021-06-11T01:19:58.834000+00:00,1.0,P
2848,3341,2021-06-11T01:20:01.484000+00:00,1.0,S
2849,3076,2021-06-11T01:19:58.834000+00:00,1.0,P
2849,3341,2021-06-11T01:20:01.484000+00:00,1.0,S
2850,3076,2021-06-11T01:19:58.834000+00:00,1.0,P
2850,3341,2021-06-11T01:20:01.484000+00:00,1.0,S
2851,3076,2021-06-11T01:19:58.834000+00:00,1.0,P
2851,3342,2021-06-11T01:20:01.494000+00:00,1.0,S
2852,3077,2021-06-11T01:19:58.844000+00:00,1.0,P
2852,3342,2021-06-11T01:20:01.494000+00:00,1.0,S
2853,3077,2021-06-11T01:19:58.844000+00:00,1.0,P
2853,3342,2021-06-11T01:20:01.494000+00:00,1.0,S
2854,3077,2021-06-11T01:19:58.844000+00:00,1.0,P
2854,3342,2021-06-11T01:20:01.494000+00:00,1.0,S
2855,3077,2021-06-11T01:19:58.844000+00:00,1.0,P
2855,3343,2021-06-11T01:20:01.504000+00:00,1.0,S
2856,3077,2021-06-11T01:19:58.844000+00:00,1.0,P
2856,3343,2021-06-11T01:20:01.504000+00:00,1.0,S
2857,3077,2021-06-11T01:19:58.844000+00:00,1.0,P
2857,3343,2021-06-11T01:20:01.504000+00:00,1.0,S
2858,3077,2021-06-11T01:19:58.844000+00:00,1.0,P
2858,3343,2021-06-11T01:20:01.504000+00:00,1.0,S
2859,3078,2021-06-11T01:19:58.854000+00:00,1.0,P
2859,3344,2021-06-11T01:20:01.513999+00:00,1.0,S
2860,3078,2021-06-11T01:19:58.854000+00:00,1.0,P
2860,3344,2021-06-11T01:20:01.513999+00:00,1.0,S
2861,3078,2021-06-11T01:19:58.854000+00:00,1.0,P
2861,3344,2021-06-11T01:20:01.513999+00:00,1.0,S
2862,3078,2021-06-11T01:19:58.854000+00:00,1.0,P
2862,3344,2021-06-11T01:20:01.513999+00:00,1.0,S
2863,3078,2021-06-11T01:19:58.854000+00:00,1.0,P
2863,3345,2021-06-11T01:20:01.524000+00:00,1.0,S
2864,3078,2021-06-11T01:19:58.854000+00:00,1.0,P
2864,3345,2021-06-11T01:20:01.524000+00:00,1.0,S
2865,3078,2021-06-11T01:19:58.854000+00:00,1.0,P
2865,3345,2021-06-11T01:20:01.524000+00:00,1.0,S
2866,3079,2021-06-11T01:19:58.864000+00:00,1.0,P
2866,3345,2021-06-11T01:20:01.524000+00:00,1.0,S
2867,3079,2021-06-11T01:19:58.864000+00:00,1.0,P
2867,3346,2021-06-11T01:20:01.534000+00:00,1.0,S
2868,3079,2021-06-11T01:19:58.864000+00:00,1.0,P
2868,3346,2021-06-11T01:20:01.534000+00:00,1.0,S
2869,3079,2021-06-11T01:19:58.864000+00:00,1.0,P
2869,3346,2021-06-11T01:20:01.534000+00:00,1.0,S
2870,3079,2021-06-11T01:19:58.864000+00:00,1.0,P
2870,3347,2021-06-11T01:20:01.544000+00:00,1.0,S
2871,3079,2021-06-11T01:19:58.864000+00:00,1.0,P
2871,3347,2021-06-11T01:20:01.544000+00:00,1.0,S
2872,3079,2021-06-11T01:19:58.864000+00:00,1.0,P
2872,3347,2021-06-11T01:20:01.544000+00:00,1.0,S
2873,3080,2021-06-11T01:19:58.874000+00:00,1.0,P
2873,3348,2021-06-11T01:20:01.554000+00:00,1.0,S
2874,3080,2021-06-11T01:19:58.874000+00:00,1.0,P
2874,3348,2021-06-11T01:20:01.554000+00:00,1.0,S
2875,3080,2021-06-11T01:19:58.874000+00:00,1.0,P
2875,3348,2021-06-11T01:20:01.554000+00:00,1.0,S
2876,3080,2021-06-11T01:19:58.874000+00:00,1.0,P
2876,3348,2021-06-11T01:20:01.554000+00:00,1.0,S
2877,3080,2021-06-11T01:19:58.874000+00:00,1.0,P
2877,3349,2021-06-11T01:20:01.564000+00:00,1.0,S
2878,3080,2021-06-11T01:19:58.874000+00:00,1.0,P
2878,3349,2021-06-11T01:20:01.564000+00:00,1.0,S
2879,3080,2021-06-11T01:19:58.874000+00:00,1.0,P
2879,3349,2021-06-11T01:20:01.564000+00:00,1.0,S
2880,3081,2021-06-11T01:19:58.884000+00:00,1.0,P
2880,3349,2021-06-11T01:20:01.564000+00:00,1.0,S
2881,3081,2021-06-11T01:19:58.884000+00:00,1.0,P
2881,3350,2021-06-11T01:20:01.574000+00:00,1.0,S
2882,3081,2021-06-11T01:19:58.884000+00:00,1.0,P
2882,3350,2021-06-11T01:20:01.574000+00:00,1.0,S
2883,3081,2021-06-11T01:19:58.884000+00:00,1.0,P
2883,3350,2021-06-11T01:20:01.574000+00:00,1.0,S
2884,3081,2021-06-11T01:19:58.884000+00:00,1.0,P
2884,3351,2021-06-11T01:20:01.583999+00:00,1.0,S
2885,3081,2021-06-11T01:19:58.884000+00:00,1.0,P
2885,3351,2021-06-11T01:20:01.583999+00:00,1.0,S
2886,3081,2021-06-11T01:19:58.884000+00:00,1.0,P
2886,3351,2021-06-11T01:20:01.583999+00:00,1.0,S
2887,3082,2021-06-11T01:19:58.894000+00:00,1.0,P
2887,3352,2021-06-11T01:20:01.594000+00:00,1.0,S
2888,3082,2021-06-11T01:19:58.894000+00:00,1.0,P
2888,3352,2021-06-11T01:20:01.594000+00:00,1.0,S
2889,3082,2021-06-11T01:19:58.894000+00:00,1.0,P
2889,3352,2021-06-11T01:20:01.594000+00:00,1.0,S
2890,3082,2021-06-11T01:19:58.894000+00:00,1.0,P
2890,3353,2021-06-11T01:20:01.604000+00:00,1.0,S
2891,3082,2021-06-11T01:19:58.894000+00:00,1.0,P
2891,3353,2021-06-11T01:20:01.604000+00:00,1.0,S
2892,3082,2021-06-11T01:19:58.894000+00:00,1.0,P
2892,3353,2021-06-11T01:20:01.604000+00:00,1.0,S
2893,3082,2021-06-11T01:19:58.894000+00:00,1.0,P
2893,3354,2021-06-11T01:20:01.614000+00:00,1.0,S
2894,3083,2021-06-11T01:19:58.904000+00:00,1.0,P
2894,3354,2021-06-11T01:20:01.614000+00:00,1.0,S
2895,3083,2021-06-11T01:19:58.904000+00:00,1.0,P
2895,3354,2021-06-11T01:20:01.614000+00:00,1.0,S
2896,3083,2021-06-11T01:19:58.904000+00:00,1.0,P
2896,3354,2021-06-11T01:20:01.614000+00:00,1.0,S
2897,3083,2021-06-11T01:19:58.904000+00:00,1.0,P
2897,3355,2021-06-11T01:20:01.623999+00:00,1.0,S
2898,3083,2021-06-11T01:19:58.904000+00:00,1.0,P
2898,3355,2021-06-11T01:20:01.623999+00:00,1.0,S
2899,3083,2021-06-11T01:19:58.904000+00:00,1.0,P
2899,3355,2021-06-11T01:20:01.623999+00:00,1.0,S
2900,3084,2021-06-11T01:19:58.914000+00:00,1.0,P
2900,3356,2021-06-11T01:20:01.634000+00:00,1.0,S
2901,3084,2021-06-11T01:19:58.914000+00:00,1.0,P
2901,3356,2021-06-11T01:20:01.634000+00:00,1.0,S
2902,3084,2021-06-11T01:19:58.914000+00:00,1.0,P
2902,3356,2021-06-11T01:20:01.634000+00:00,1.0,S
2903,3084,2021-06-11T01:19:58.914000+00:00,1.0,P
2903,3356,2021-06-11T01:20:01.634000+00:00,1.0,S
2904,3084,2021-06-11T01:19:58.914000+00:00,1.0,P
2904,3357,2021-06-11T01:20:01.644000+00:00,1.0,S
2905,3084,2021-06-11T01:19:58.914000+00:00,1.0,P
2905,3357,2021-06-11T01:20:01.644000+00:00,1.0,S
2906,3084,2021-06-11T01:19:58.914000+00:00,1.0,P
2906,3357,2021-06-11T01:20:01.644000+00:00,1.0,S
2907,3084,2021-06-11T01:19:58.914000+00:00,1.0,P
2907,3357,2021-06-11T01:20:01.644000+00:00,1.0,S
2908,3085,2021-06-11T01:19:58.924000+00:00,1.0,P
2908,3358,2021-06-11T01:20:01.654000+00:00,1.0,S
2909,3085,2021-06-11T01:19:58.924000+00:00,1.0,P
2909,3358,2021-06-11T01:20:01.654000+00:00,1.0,S
2910,3085,2021-06-11T01:19:58.924000+00:00,1.0,P
2910,3358,2021-06-11T01:20:01.654000+00:00,1.0,S
2911,3085,2021-06-11T01:19:58.924000+00:00,1.0,P
2911,3358,2021-06-11T01:20:01.654000+00:00,1.0,S
2912,3085,2021-06-11T01:19:58.924000+00:00,1.0,P
2912,3359,2021-06-11T01:20:01.664000+00:00,1.0,S
2913,3085,2021-06-11T01:19:58.924000+00:00,1.0,P
2913,3359,2021-06-11T01:20:01.664000+00:00,1.0,S
2914,3086,2021-06-11T01:19:58.934000+00:00,1.0,P
2914,3359,2021-06-11T01:20:01.664000+00:00,1.0,S
2915,3086,2021-06-11T01:19:58.934000+00:00,1.0,P
2915,3359,2021-06-11T01:20:01.664000+00:00,1.0,S
2916,3086,2021-06-11T01:19:58.934000+00:00,1.0,P
2916,3360,2021-06-11T01:20:01.674000+00:00,1.0,S
2917,3086,2021-06-11T01:19:58.934000+00:00,1.0,P
2917,3360,2021-06-11T01:20:01.674000+00:00,1.0,S
2918,3086,2021-06-11T01:19:58.934000+00:00,1.0,P
2918,3360,2021-06-11T01:20:01.674000+00:00,1.0,S
2919,3086,2021-06-11T01:19:58.934000+00:00,1.0,P
2919,3360,2021-06-11T01:20:01.674000+00:00,1.0,S
2920,3086,2021-06-11T01:19:58.934000+00:00,1.0,P
2920,3361,2021-06-11T01:20:01.684000+00:00,1.0,S
2921,3087,2021-06-11T01:19:58.944000+00:00,1.0,P
2921,3361,2021-06-11T01:20:01.684000+00:00,1.0,S
2922,3087,2021-06-11T01:19:58.944000+00:00,1.0,P
2922,3361,2021-06-11T01:20:01.684000+00:00,1.0,S
2923,3087,2021-06-11T01:19:58.944000+00:00,1.0,P
2923,3362,2021-06-11T01:20:01.693999+00:00,1.0,S
2924,3087,2021-06-11T01:19:58.944000+00:00,1.0,P
2924,3362,2021-06-11T01:20:01.693999+00:00,1.0,S
2925,3087,2021-06-11T01:19:58.944000+00:00,1.0,P
2925,3362,2021-06-11T01:20:01.693999+00:00,1.0,S
2926,3087,2021-06-11T01:19:58.944000+00:00,1.0,P
2926,3362,2021-06-11T01:20:01.693999+00:00,1.0,S
2927,3087,2021-06-11T01:19:58.944000+00:00,1.0,P
2927,3363,2021-06-11T01:20:01.704000+00:00,1.0,S
2928,3088,2021-06-11T01:19:58.954000+00:00,1.0,P
2928,3363,2021-06-11T01:20:01.704000+00:00,1.0,S
2929,3088,2021-06-11T01:19:58.954000+00:00,1.0,P
2929,3363,2021-06-11T01:20:01.704000+00:00,1.0,S
2930,3088,2021-06-11T01:19:58.954000+00:00,1.0,P
2930,3364,2021-06-11T01:20:01.714000+00:00,1.0,S
2931,3088,2021-06-11T01:19:58.954000+00:00,1.0,P
2931,3364,2021-06-11T01:20:01.714000+00:00,1.0,S
2932,3088,2021-06-11T01:19:58.954000+00:00,1.0,P
2932,3364,2021-06-11T01:20:01.714000+00:00,1.0,S
2933,3088,2021-06-11T01:19:58.954000+00:00,1.0,P
2933,3365,2021-06-11T01:20:01.724000+00:00,1.0,S
2934,3089,2021-06-11T01:19:58.964000+00:00,1.0,P
2934,3365,2021-06-11T01:20:01.724000+00:00,1.0,S
2935,3089,2021-06-11T01:19:58.964000+00:00,1.0,P
2935,3365,2021-06-11T01:20:01.724000+00:00,1.0,S
2936,3089,2021-06-11T01:19:58.964000+00:00,1.0,P
2936,3366,2021-06-11T01:20:01.734000+00:00,1.0,S
2937,3089,2021-06-11T01:19:58.964000+00:00,1.0,P
2937,3366,2021-06-11T01:20:01.734000+00:00,1.0,S
2938,3089,2021-06-11T01:19:58.964000+00:00,1.0,P
2938,3366,2021-06-11T01:20:01.734000+00:00,1.0,S
2939,3089,2021-06-11T01:19:58.964000+00:00,1.0,P
2939,3367,2021-06-11T01:20:01.744000+00:00,1.0,S
2940,3090,2021-06-11T01:19:58.974000+00:00,1.0,P
2940,3367,2021-06-11T01:20:01.744000+00:00,1.0,S
2941,3090,2021-06-11T01:19:58.974000+00:00,1.0,P
2941,3367,2021-06-11T01:20:01.744000+00:00,1.0,S
2942,3090,2021-06-11T01:19:58.974000+00:00,1.0,P
2942,3368,2021-06-11T01:20:01.754000+00:00,1.0,S
2943,3090,2021-06-11T01:19:58.974000+00:00,1.0,P
2943,3368,2021-06-11T01:20:01.754000+00:00,1.0,S
2944,3090,2021-06-11T01:19:58.974000+00:00,1.0,P
2944,3368,2021-06-11T01:20:01.754000+00:00,1.0,S
2945,3090,2021-06-11T01:19:58.974000+00:00,1.0,P
2945,3369,2021-06-11T01:20:01.763999+00:00,1.0,S
2946,3090,2021-06-11T01:19:58.974000+00:00,1.0,P
2946,3369,2021-06-11T01:20:01.763999+00:00,1.0,S
2947,3091,2021-06-11T01:19:58.984000+00:00,1.0,P
2947,3369,2021-06-11T01:20:01.763999+00:00,1.0,S
2948,3091,2021-06-11T01:19:58.984000+00:00,1.0,P
2948,3370,2021-06-11T01:20:01.774000+00:00,1.0,S
2949,3091,2021-06-11T01:19:58.984000+00:00,1.0,P
2949,3370,2021-06-11T01:20:01.774000+00:00,1.0,S
2950,3091,2021-06-11T01:19:58.984000+00:00,1.0,P
2950,3370,2021-06-11T01:20:01.774000+00:00,1.0,S
2951,3091,2021-06-11T01:19:58.984000+00:00,1.0,P
2951,3371,2021-06-11T01:20:01.784000+00:00,1.0,S
2952,3091,2021-06-11T01:19:58.984000+00:00,1.0,P
2952,3371,2021-06-11T01:20:01.784000+00:00,1.0,S
2953,3092,2021-06-11T01:19:58.994000+00:00,1.0,P
2953,3372,2021-06-11T01:20:01.794000+00:00,1.0,S
2954,3092,2021-06-11T01:19:58.994000+00:00,1.0,P
2954,3372,2021-06-11T01:20:01.794000+00:00,1.0,S
2955,3092,2021-06-11T01:19:58.994000+00:00,1.0,P
2955,3372,2021-06-11T01:20:01.794000+00:00,1.0,S
2956,3092,2021-06-11T01:19:58.994000+00:00,1.0,P
2956,3373,2021-06-11T01:20:01.804000+00:00,1.0,S
2957,3092,2021-06-11T01:19:58.994000+00:00,1.0,P
2957,3373,2021-06-11T01:20:01.804000+00:00,1.0,S
2958,3092,2021-06-11T01:19:58.994000+00:00,1.0,P
2958,3373,2021-06-11T01:20:01.804000+00:00,1.0,S
2959,3093,2021-06-11T01:19:59.004000+00:00,1.0,P
2959,3374,2021-06-11T01:20:01.814000+00:00,1.0,S
2960,3093,2021-06-11T01:19:59.004000+00:00,1.0,P
2960,3374,2021-06-11T01:20:01.814000+00:00,1.0,S
2961,3093,2021-06-11T01:19:59.004000+00:00,1.0,P
2961,3374,2021-06-11T01:20:01.814000+00:00,1.0,S
2962,3093,2021-06-11T01:19:59.004000+00:00,1.0,P
2962,3375,2021-06-11T01:20:01.824000+00:00,1.0,S
2963,3093,2021-06-11T01:19:59.004000+00:00,1.0,P
2963,3375,2021-06-11T01:20:01.824000+00:00,1.0,S
2964,3093,2021-06-11T01:19:59.004000+00:00,1.0,P
2964,3375,2021-06-11T01:20:01.824000+00:00,1.0,S
2965,3093,2021-06-11T01:19:59.004000+00:00,1.0,P
2965,3376,2021-06-11T01:20:01.833999+00:00,1.0,S
2966,3094,2021-06-11T01:19:59.014000+00:00,1.0,P
2966,3376,2021-06-11T01:20:01.833999+00:00,1.0,S
2967,3094,2021-06-11T01:19:59.014000+00:00,1.0,P
2967,3376,2021-06-11T01:20:01.833999+00:00,1.0,S
2968,3094,2021-06-11T01:19:59.014000+00:00,1.0,P
2968,3376,2021-06-11T01:20:01.833999+00:00,1.0,S
2969,3094,2021-06-11T01:19:59.014000+00:00,1.0,P
2969,3377,2021-06-11T01:20:01.844000+00:00,1.0,S
2970,3094,2021-06-11T01:19:59.014000+00:00,1.0,P
2970,3377,2021-06-11T01:20:01.844000+00:00,1.0,S
2971,3094,2021-06-11T01:19:59.014000+00:00,1.0,P
2971,3377,2021-06-11T01:20:01.844000+00:00,1.0,S
2972,3094,2021-06-11T01:19:59.014000+00:00,1.0,P
2972,3378,2021-06-11T01:20:01.854000+00:00,1.0,S
2973,3095,2021-06-11T01:19:59.024000+00:00,1.0,P
2973,3378,2021-06-11T01:20:01.854000+00:00,1.0,S
2974,3095,2021-06-11T01:19:59.024000+00:00,1.0,P
2974,3378,2021-06-11T01:20:01.854000+00:00,1.0,S
2975,3095,2021-06-11T01:19:59.024000+00:00,1.0,P
2975,3378,2021-06-11T01:20:01.854000+00:00,1.0,S
2976,3095,2021-06-11T01:19:59.024000+00:00,1.0,P
2976,3378,2021-06-11T01:20:01.854000+00:00,1.0,S
2977,3095,2021-06-11T01:19:59.024000+00:00,1.0,P
2977,3379,2021-06-11T01:20:01.864000+00:00,1.0,S
2978,3095,2021-06-11T01:19:59.024000+00:00,1.0,P
2978,3379,2021-06-11T01:20:01.864000+00:00,1.0,S
2979,3095,2021-06-11T01:19:59.024000+00:00,1.0,P
2979,3379,2021-06-11T01:20:01.864000+00:00,1.0,S
2980,3095,2021-06-11T01:19:59.024000+00:00,1.0,P
2980,3380,2021-06-11T01:20:01.873999+00:00,1.0,S
2981,3096,2021-06-11T01:19:59.034000+00:00,1.0,P
2981,3380,2021-06-11T01:20:01.873999+00:00,1.0,S
2982,3096,2021-06-11T01:19:59.034000+00:00,1.0,P
2982,3380,2021-06-11T01:20:01.873999+00:00,1.0,S
2983,3096,2021-06-11T01:19:59.034000+00:00,1.0,P
2983,3380,2021-06-11T01:20:01.873999+00:00,1.0,S
2984,3096,2021-06-11T01:19:59.034000+00:00,1.0,P
2984,3381,2021-06-11T01:20:01.884000+00:00,1.0,S
2985,3096,2021-06-11T01:19:59.034000+00:00,1.0,P
2985,3381,2021-06-11T01:20:01.884000+00:00,1.0,S
2986,3096,2021-06-11T01:19:59.034000+00:00,1.0,P
2986,3381,2021-06-11T01:20:01.884000+00:00,1.0,S
2987,3096,2021-06-11T01:19:59.034000+00:00,1.0,P
2987,3381,2021-06-11T01:20:01.884000+00:00,1.0,S
2988,3096,2021-06-11T01:19:59.034000+00:00,1.0,P
2988,3382,2021-06-11T01:20:01.894000+00:00,1.0,S
2989,3096,2021-06-11T01:19:59.034000+00:00,1.0,P
2989,3382,2021-06-11T01:20:01.894000+00:00,1.0,S
2990,3097,2021-06-11T01:19:59.044000+00:00,1.0,P
2990,3382,2021-06-11T01:20:01.894000+00:00,1.0,S
2991,3097,2021-06-11T01:19:59.044000+00:00,1.0,P
2991,3383,2021-06-11T01:20:01.904000+00:00,1.0,S
2992,3097,2021-06-11T01:19:59.044000+00:00,1.0,P
2992,3383,2021-06-11T01:20:01.904000+00:00,1.0,S
2993,3097,2021-06-11T01:19:59.044000+00:00,1.0,P
2993,3383,2021-06-11T01:20:01.904000+00:00,1.0,S
2994,3097,2021-06-11T01:19:59.044000+00:00,1.0,P
2994,3383,2021-06-11T01:20:01.904000+00:00,1.0,S
2995,3097,2021-06-11T01:19:59.044000+00:00,1.0,P
2995,3384,2021-06-11T01:20:01.914000+00:00,1.0,S
2996,3097,2021-06-11T01:19:59.044000+00:00,1.0,P
2996,3384,2021-06-11T01:20:01.914000+00:00,1.0,S
2997,3097,2021-06-11T01:19:59.044000+00:00,1.0,P
2997,3384,2021-06-11T01:20:01.914000+00:00,1.0,S
2998,3097,2021-06-11T01:19:59.044000+00:00,1.0,P
2998,3384,2021-06-11T01:20:01.914000+00:00,1.0,S
2999,3098,2021-06-11T01:19:59.054000+00:00,1.0,P
2999,3384,2021-06-11T01:20:01.914000+00:00,1.0,S
3000,3098,2021-06-11T01:19:59.054000+00:00,1.0,P
3000,3385,2021-06-11T01:20:01.924000+00:00,1.0,S
3001,3098,2021-06-11T01:19:59.054000+00:00,1.0,P
3001,3385,2021-06-11T01:20:01.924000+00:00,1.0,S
3002,3098,2021-06-11T01:19:59.054000+00:00,1.0,P
3002,3385,2021-06-11T01:20:01.924000+00:00,1.0,S
3003,3098,2021-06-11T01:19:59.054000+00:00,1.0,P
3003,3385,2021-06-11T01:20:01.924000+00:00,1.0,S
3004,3098,2021-06-11T01:19:59.054000+00:00,1.0,P
3004,3386,2021-06-11T01:20:01.934000+00:00,1.0,S
3005,3098,2021-06-11T01:19:59.054000+00:00,1.0,P
3005,3386,2021-06-11T01:20:01.934000+00:00,1.0,S
3006,3098,2021-06-11T01:19:59.054000+00:00,1.0,P
3006,3386,2021-06-11T01:20:01.934000+00:00,1.0,S
3007,3098,2021-06-11T01:19:59.054000+00:00,1.0,P
3007,3387,2021-06-11T01:20:01.943999+00:00,1.0,S
3008,3099,2021-06-11T01:19:59.064000+00:00,1.0,P
3008,3387,2021-06-11T01:20:01.943999+00:00,1.0,S
3009,3099,2021-06-11T01:19:59.064000+00:00,1.0,P
3009,3387,2021-06-11T01:20:01.943999+00:00,1.0,S
3010,3099,2021-06-11T01:19:59.064000+00:00,1.0,P
3010,3387,2021-06-11T01:20:01.943999+00:00,1.0,S
3011,3099,2021-06-11T01:19:59.064000+00:00,1.0,P
3011,3387,2021-06-11T01:20:01.943999+00:00,1.0,S
3012,3099,2021-06-11T01:19:59.064000+00:00,1.0,P
3012,3388,2021-06-11T01:20:01.954000+00:00,1.0,S
3013,3099,2021-06-11T01:19:59.064000+00:00,1.0,P
3013,3388,2021-06-11T01:20:01.954000+00:00,1.0,S
3014,3099,2021-06-11T01:19:59.064000+00:00,1.0,P
3014,3388,2021-06-11T01:20:01.954000+00:00,1.0,S
3015,3099,2021-06-11T01:19:59.064000+00:00,1.0,P
3015,3388,2021-06-11T01:20:01.954000+00:00,1.0,S
3016,3100,2021-06-11T01:19:59.074000+00:00,1.0,P
3016,3389,2021-06-11T01:20:01.964000+00:00,1.0,S
3017,3100,2021-06-11T01:19:59.074000+00:00,1.0,P
3017,3389,2021-06-11T01:20:01.964000+00:00,1.0,S
3018,3100,2021-06-11T01:19:59.074000+00:00,1.0,P
3018,3389,2021-06-11T01:20:01.964000+00:00,1.0,S
3019,3100,2021-06-11T01:19:59.074000+00:00,1.0,P
3019,3389,2021-06-11T01:20:01.964000+00:00,1.0,S
3020,3100,2021-06-11T01:19:59.074000+00:00,1.0,P
3020,3389,2021-06-11T01:20:01.964000+00:00,1.0,S
3021,3100,2021-06-11T01:19:59.074000+00:00,1.0,P
3021,3390,2021-06-11T01:20:01.974000+00:00,1.0,S
3022,3100,2021-06-11T01:19:59.074000+00:00,1.0,P
3022,3390,2021-06-11T01:20:01.974000+00:00,1.0,S
3023,3100,2021-06-11T01:19:59.074000+00:00,1.0,P
3023,3390,2021-06-11T01:20:01.974000+00:00,1.0,S
3024,3101,2021-06-11T01:19:59.084000+00:00,1.0,P
3024,3390,2021-06-11T01:20:01.974000+00:00,1.0,S
3025,3101,2021-06-11T01:19:59.084000+00:00,1.0,P
3025,3390,2021-06-11T01:20:01.974000+00:00,1.0,S
3026,3101,2021-06-11T01:19:59.084000+00:00,1.0,P
3026,3390,2021-06-11T01:20:01.974000+00:00,1.0,S
3027,3101,2021-06-11T01:19:59.084000+00:00,1.0,P
3027,3391,2021-06-11T01:20:01.984000+00:00,1.0,S
3028,3101,2021-06-11T01:19:59.084000+00:00,1.0,P
3028,3391,2021-06-11T01:20:01.984000+00:00,1.0,S
3029,3101,2021-06-11T01:19:59.084000+00:00,1.0,P
3029,3391,2021-06-11T01:20:01.984000+00:00,1.0,S
3030,3101,2021-06-11T01:19:59.084000+00:00,1.0,P
3030,3391,2021-06-11T01:20:01.984000+00:00,1.0,S
3031,3101,2021-06-11T01:19:59.084000+00:00,1.0,P
3031,3392,2021-06-11T01:20:01.994000+00:00,1.0,S
3032,3101,2021-06-11T01:19:59.084000+00:00,1.0,P
3032,3392,2021-06-11T01:20:01.994000+00:00,1.0,S
3033,3102,2021-06-11T01:19:59.094000+00:00,1.0,P
3033,3392,2021-06-11T01:20:01.994000+00:00,1.0,S
3034,3102,2021-06-11T01:19:59.094000+00:00,1.0,P
3034,3392,2021-06-11T01:20:01.994000+00:00,1.0,S
3035,3102,2021-06-11T01:19:59.094000+00:00,1.0,P
3035,3392,2021-06-11T01:20:01.994000+00:00,1.0,S
3036,3102,2021-06-11T01:19:59.094000+00:00,1.0,P
3036,3393,2021-06-11T01:20:02.004000+00:00,1.0,S
3037,3102,2021-06-11T01:19:59.094000+00:00,1.0,P
3037,3393,2021-06-11T01:20:02.004000+00:00,1.0,S
3038,3102,2021-06-11T01:19:59.094000+00:00,1.0,P
3038,3393,2021-06-11T01:20:02.004000+00:00,1.0,S
3039,3102,2021-06-11T01:19:59.094000+00:00,1.0,P
3039,3393,2021-06-11T01:20:02.004000+00:00,1.0,S
3040,3102,2021-06-11T01:19:59.094000+00:00,1.0,P
3040,3393,2021-06-11T01:20:02.004000+00:00,1.0,S
3041,3102,2021-06-11T01:19:59.094000+00:00,1.0,P
3041,3394,2021-06-11T01:20:02.013999+00:00,1.0,S
3042,3103,2021-06-11T01:19:59.104000+00:00,1.0,P
3042,3394,2021-06-11T01:20:02.013999+00:00,1.0,S
3043,3103,2021-06-11T01:19:59.104000+00:00,1.0,P
3043,3394,2021-06-11T01:20:02.013999+00:00,1.0,S
3044,3103,2021-06-11T01:19:59.104000+00:00,1.0,P
3044,3394,2021-06-11T01:20:02.013999+00:00,1.0,S
3045,3103,2021-06-11T01:19:59.104000+00:00,1.0,P
3045,3395,2021-06-11T01:20:02.024000+00:00,1.0,S
3046,3103,2021-06-11T01:19:59.104000+00:00,1.0,P
3046,3395,2021-06-11T01:20:02.024000+00:00,1.0,S
3047,3103,2021-06-11T01:19:59.104000+00:00,1.0,P
3047,3395,2021-06-11T01:20:02.024000+00:00,1.0,S
3048,3103,2021-06-11T01:19:59.104000+00:00,1.0,P
3048,3395,2021-06-11T01:20:02.024000+00:00,1.0,S
3049,3103,2021-06-11T01:19:59.104000+00:00,1.0,P
3049,3396,2021-06-11T01:20:02.034000+00:00,1.0,S
3050,3103,2021-06-11T01:19:59.104000+00:00,1.0,P
3050,3396,2021-06-11T01:20:02.034000+00:00,1.0,S
3051,3103,2021-06-11T01:19:59.104000+00:00,1.0,P
3051,3396,2021-06-11T01:20:02.034000+00:00,1.0,S
3052,3103,2021-06-11T01:19:59.104000+00:00,1.0,P
3052,3396,2021-06-11T01:20:02.034000+00:00,1.0,S
3053,3103,2021-06-11T01:19:59.104000+00:00,1.0,P
3053,3397,2021-06-11T01:20:02.044000+00:00,1.0,S
3054,3104,2021-06-11T01:19:59.114000+00:00,1.0,P
3054,3397,2021-06-11T01:20:02.044000+00:00,1.0,S
3055,3104,2021-06-11T01:19:59.114000+00:00,1.0,P
3055,3397,2021-06-11T01:20:02.044000+00:00,1.0,S
3056,3104,2021-06-11T01:19:59.114000+00:00,1.0,P
3056,3397,2021-06-11T01:20:02.044000+00:00,1.0,S
3057,3104,2021-06-11T01:19:59.114000+00:00,1.0,P
3057,3398,2021-06-11T01:20:02.054000+00:00,1.0,S
3058,3104,2021-06-11T01:19:59.114000+00:00,1.0,P
3058,3398,2021-06-11T01:20:02.054000+00:00,1.0,S
3059,3104,2021-06-11T01:19:59.114000+00:00,1.0,P
3059,3398,2021-06-11T01:20:02.054000+00:00,1.0,S
3060,3104,2021-06-11T01:19:59.114000+00:00,1.0,P
3060,3398,2021-06-11T01:20:02.054000+00:00,1.0,S
3061,3104,2021-06-11T01:19:59.114000+00:00,1.0,P
3061,3399,2021-06-11T01:20:02.064000+00:00,1.0,S
3062,3104,2021-06-11T01:19:59.114000+00:00,1.0,P
3062,3399,2021-06-11T01:20:02.064000+00:00,1.0,S
3063,3105,2021-06-11T01:19:59.124000+00:00,1.0,P
3063,3399,2021-06-11T01:20:02.064000+00:00,1.0,S
3064,3105,2021-06-11T01:19:59.124000+00:00,1.0,P
3064,3399,2021-06-11T01:20:02.064000+00:00,1.0,S
3065,3105,2021-06-11T01:19:59.124000+00:00,1.0,P
3065,3400,2021-06-11T01:20:02.074000+00:00,1.0,S
3066,3105,2021-06-11T01:19:59.124000+00:00,1.0,P
3066,3400,2021-06-11T01:20:02.074000+00:00,1.0,S
3067,3105,2021-06-11T01:19:59.124000+00:00,1.0,P
3067,3400,2021-06-11T01:20:02.074000+00:00,1.0,S
3068,3105,2021-06-11T01:19:59.124000+00:00,1.0,P
3068,3401,2021-06-11T01:20:02.083999+00:00,1.0,S
3069,3105,2021-06-11T01:19:59.124000+00:00,1.0,P
3069,3401,2021-06-11T01:20:02.083999+00:00,1.0,S
3070,3105,2021-06-11T01:19:59.124000+00:00,1.0,P
3070,3401,2021-06-11T01:20:02.083999+00:00,1.0,S
3071,3105,2021-06-11T01:19:59.124000+00:00,1.0,P
3071,3401,2021-06-11T01:20:02.083999+00:00,1.0,S
3072,3105,2021-06-11T01:19:59.124000+00:00,1.0,P
3072,3401,2021-06-11T01:20:02.083999+00:00,1.0,S
3073,3106,2021-06-11T01:19:59.134000+00:00,1.0,P
3073,3402,2021-06-11T01:20:02.094000+00:00,1.0,S
3074,3106,2021-06-11T01:19:59.134000+00:00,1.0,P
3074,3402,2021-06-11T01:20:02.094000+00:00,1.0,S
3075,3106,2021-06-11T01:19:59.134000+00:00,1.0,P
3075,3402,2021-06-11T01:20:02.094000+00:00,1.0,S
3076,3106,2021-06-11T01:19:59.134000+00:00,1.0,P
3076,3402,2021-06-11T01:20:02.094000+00:00,1.0,S
3077,3106,2021-06-11T01:19:59.134000+00:00,1.0,P
3077,3402,2021-06-11T01:20:02.094000+00:00,1.0,S
3078,3106,2021-06-11T01:19:59.134000+00:00,1.0,P
3078,3403,2021-06-11T01:20:02.104000+00:00,1.0,S
3079,3106,2021-06-11T01:19:59.134000+00:00,1.0,P
3079,3403,2021-06-11T01:20:02.104000+00:00,1.0,S
3080,3106,2021-06-11T01:19:59.134000+00:00,1.0,P
3080,3403,2021-06-11T01:20:02.104000+00:00,1.0,S
3081,3106,2021-06-11T01:19:59.134000+00:00,1.0,P
3081,3403,2021-06-11T01:20:02.104000+00:00,1.0,S
3082,3106,2021-06-11T01:19:59.134000+00:00,1.0,P
3082,3403,2021-06-11T01:20:02.104000+00:00,1.0,S
3083,3106,2021-06-11T01:19:59.134000+00:00,1.0,P
3083,3403,2021-06-11T01:20:02.104000+00:00,1.0,S
3084,3107,2021-06-11T01:19:59.144000+00:00,1.0,P
3084,3403,2021-06-11T01:20:02.104000+00:00,1.0,S
3085,3107,2021-06-11T01:19:59.144000+00:00,1.0,P
3085,3403,2021-06-11T01:20:02.104000+00:00,1.0,S
3086,3107,2021-06-11T01:19:59.144000+00:00,1.0,P
3086,3403,2021-06-11T01:20:02.104000+00:00,1.0,S
3087,3107,2021-06-11T01:19:59.144000+00:00,1.0,P
3087,3404,2021-06-11T01:20:02.114000+00:00,1.0,S
3088,3107,2021-06-11T01:19:59.144000+00:00,1.0,P
3088,3404,2021-06-11T01:20:02.114000+00:00,1.0,S
3089,3107,2021-06-11T01:19:59.144000+00:00,1.0,P
3089,3404,2021-06-11T01:20:02.114000+00:00,1.0,S
3090,3107,2021-06-11T01:19:59.144000+00:00,1.0,P
3090,3404,2021-06-11T01:20:02.114000+00:00,1.0,S
3091,3107,2021-06-11T01:19:59.144000+00:00,1.0,P
3091,3404,2021-06-11T01:20:02.114000+00:00,1.0,S
3092,3107,2021-06-11T01:19:59.144000+00:00,1.0,P
3092,3404,2021-06-11T01:20:02.114000+00:00,1.0,S
3093,3107,2021-06-11T01:19:59.144000+00:00,1.0,P
3093,3404,2021-06-11T01:20:02.114000+00:00,1.0,S
3094,3108,2021-06-11T01:19:59.154000+00:00,1.0,P
3094,3404,2021-06-11T01:20:02.114000+00:00,1.0,S
3095,3108,2021-06-11T01:19:59.154000+00:00,1.0,P
3095,3404,2021-06-11T01:20:02.114000+00:00,1.0,S
3096,3108,2021-06-11T01:19:59.154000+00:00,1.0,P
3096,3404,2021-06-11T01:20:02.114000+00:00,1.0,S
3097,3108,2021-06-11T01:19:59.154000+00:00,1.0,P
3097,3404,2021-06-11T01:20:02.114000+00:00,1.0,S
3098,3108,2021-06-11T01:19:59.154000+00:00,1.0,P
3098,3405,2021-06-11T01:20:02.123999+00:00,1.0,S
3099,3108,2021-06-11T01:19:59.154000+00:00,1.0,P
3099,3405,2021-06-11T01:20:02.123999+00:00,1.0,S
3100,3108,2021-06-11T01:19:59.154000+00:00,1.0,P
3100,3405,2021-06-11T01:20:02.123999+00:00,1.0,S
3101,3108,2021-06-11T01:19:59.154000+00:00,1.0,P
3101,3405,2021-06-11T01:20:02.123999+00:00,1.0,S
3102,3109,2021-06-11T01:19:59.164000+00:00,1.0,P
3102,3405,2021-06-11T01:20:02.123999+00:00,1.0,S
3103,3109,2021-06-11T01:19:59.164000+00:00,1.0,P
3103,3405,2021-06-11T01:20:02.123999+00:00,1.0,S
3104,3109,2021-06-11T01:19:59.164000+00:00,1.0,P
3104,3405,2021-06-11T01:20:02.123999+00:00,1.0,S
3105,3109,2021-06-11T01:19:59.164000+00:00,1.0,P
3105,3406,2021-06-11T01:20:02.134000+00:00,1.0,S
3106,3109,2021-06-11T01:19:59.164000+00:00,1.0,P
3106,3406,2021-06-11T01:20:02.134000+00:00,1.0,S
3107,3109,2021-06-11T01:19:59.164000+00:00,1.0,P
3107,3406,2021-06-11T01:20:02.134000+00:00,1.0,S
3108,3109,2021-06-11T01:19:59.164000+00:00,1.0,P
3108,3406,2021-06-11T01:20:02.134000+00:00,1.0,S
3109,3109,2021-06-11T01:19:59.164000+00:00,1.0,P
3109,3406,2021-06-11T01:20:02.134000+00:00,1.0,S
3110,3109,2021-06-11T01:19:59.164000+00:00,1.0,P
3110,3407,2021-06-11T01:20:02.144000+00:00,1.0,S
3111,3109,2021-06-11T01:19:59.164000+00:00,1.0,P
3111,3407,2021-06-11T01:20:02.144000+00:00,1.0,S
3112,3110,2021-06-11T01:19:59.174000+00:00,1.0,P
3112,3407,2021-06-11T01:20:02.144000+00:00,1.0,S
3113,3110,2021-06-11T01:19:59.174000+00:00,1.0,P
3113,3408,2021-06-11T01:20:02.154000+00:00,1.0,S
3114,3110,2021-06-11T01:19:59.174000+00:00,1.0,P
3114,3408,2021-06-11T01:20:02.154000+00:00,1.0,S
3115,3110,2021-06-11T01:19:59.174000+00:00,1.0,P
3115,3408,2021-06-11T01:20:02.154000+00:00,1.0,S
3116,3110,2021-06-11T01:19:59.174000+00:00,1.0,P
3116,3409,2021-06-11T01:20:02.164000+00:00,1.0,S
3117,3110,2021-06-11T01:19:59.174000+00:00,1.0,P
3117,3409,2021-06-11T01:20:02.164000+00:00,1.0,S
3118,3110,2021-06-11T01:19:59.174000+00:00,1.0,P
3118,3409,2021-06-11T01:20:02.164000+00:00,1.0,S
3119,3110,2021-06-11T01:19:59.174000+00:00,1.0,P
3119,3409,2021-06-11T01:20:02.164000+00:00,1.0,S
3120,3110,2021-06-11T01:19:59.174000+00:00,1.0,P
3120,3410,2021-06-11T01:20:02.174000+00:00,1.0,S
3121,3111,2021-06-11T01:19:59.184000+00:00,1.0,P
3121,3410,2021-06-11T01:20:02.174000+00:00,1.0,S
3122,3111,2021-06-11T01:19:59.184000+00:00,1.0,P
3122,3410,2021-06-11T01:20:02.174000+00:00,1.0,S
3123,3111,2021-06-11T01:19:59.184000+00:00,1.0,P
3123,3411,2021-06-11T01:20:02.184000+00:00,1.0,S
3124,3111,2021-06-11T01:19:59.184000+00:00,1.0,P
3124,3411,2021-06-11T01:20:02.184000+00:00,1.0,S
3125,3111,2021-06-11T01:19:59.184000+00:00,1.0,P
3125,3411,2021-06-11T01:20:02.184000+00:00,1.0,S
3126,3111,2021-06-11T01:19:59.184000+00:00,1.0,P
3126,3412,2021-06-11T01:20:02.193999+00:00,1.0,S
3127,3111,2021-06-11T01:19:59.184000+00:00,1.0,P
3127,3412,2021-06-11T01:20:02.193999+00:00,1.0,S
3128,3111,2021-06-11T01:19:59.184000+00:00,1.0,P
3128,3412,2021-06-11T01:20:02.193999+00:00,1.0,S
3129,3111,2021-06-11T01:19:59.184000+00:00,1.0,P
3129,3412,2021-06-11T01:20:02.193999+00:00,1.0,S
3130,3111,2021-06-11T01:19:59.184000+00:00,1.0,P
3130,3413,2021-06-11T01:20:02.204000+00:00,1.0,S
3131,3111,2021-06-11T01:19:59.184000+00:00,1.0,P
3131,3413,2021-06-11T01:20:02.204000+00:00,1.0,S
3132,3112,2021-06-11T01:19:59.194000+00:00,1.0,P
3132,3413,2021-06-11T01:20:02.204000+00:00,1.0,S
3133,3112,2021-06-11T01:19:59.194000+00:00,1.0,P
3133,3413,2021-06-11T01:20:02.204000+00:00,1.0,S
3134,3112,2021-06-11T01:19:59.194000+00:00,1.0,P
3134,3414,2021-06-11T01:20:02.214000+00:00,1.0,S
3135,3112,2021-06-11T01:19:59.194000+00:00,1.0,P
3135,3414,2021-06-11T01:20:02.214000+00:00,1.0,S
3136,3112,2021-06-11T01:19:59.194000+00:00,1.0,P
3136,3414,2021-06-11T01:20:02.214000+00:00,1.0,S
3137,3112,2021-06-11T01:19:59.194000+00:00,1.0,P
3137,3415,2021-06-11T01:20:02.224000+00:00,1.0,S
3138,3112,2021-06-11T01:19:59.194000+00:00,1.0,P
3138,3415,2021-06-11T01:20:02.224000+00:00,1.0,S
3139,3112,2021-06-11T01:19:59.194000+00:00,1.0,P
3139,3415,2021-06-11T01:20:02.224000+00:00,1.0,S
3140,3112,2021-06-11T01:19:59.194000+00:00,1.0,P
3140,3415,2021-06-11T01:20:02.224000+00:00,1.0,S
3141,3112,2021-06-11T01:19:59.194000+00:00,1.0,P
3141,3416,2021-06-11T01:20:02.234000+00:00,1.0,S
3142,3113,2021-06-11T01:19:59.204000+00:00,1.0,P
3142,3416,2021-06-11T01:20:02.234000+00:00,1.0,S
3143,3113,2021-06-11T01:19:59.204000+00:00,1.0,P
3143,3416,2021-06-11T01:20:02.234000+00:00,1.0,S
3144,3113,2021-06-11T01:19:59.204000+00:00,1.0,P
3144,3417,2021-06-11T01:20:02.244000+00:00,1.0,S
3145,3113,2021-06-11T01:19:59.204000+00:00,1.0,P
3145,3417,2021-06-11T01:20:02.244000+00:00,1.0,S
3146,3113,2021-06-11T01:19:59.204000+00:00,1.0,P
3146,3417,2021-06-11T01:20:02.244000+00:00,1.0,S
3147,3113,2021-06-11T01:19:59.204000+00:00,1.0,P
3147,3417,2021-06-11T01:20:02.244000+00:00,1.0,S
3148,3113,2021-06-11T01:19:59.204000+00:00,1.0,P
3148,3417,2021-06-11T01:20:02.244000+00:00,1.0,S
3149,3113,2021-06-11T01:19:59.204000+00:00,1.0,P
3149,3418,2021-06-11T01:20:02.254000+00:00,1.0,S
3150,3113,2021-06-11T01:19:59.204000+00:00,1.0,P
3150,3418,2021-06-11T01:20:02.254000+00:00,1.0,S
3151,3113,2021-06-11T01:19:59.204000+00:00,1.0,P
3151,3418,2021-06-11T01:20:02.254000+00:00,1.0,S
3152,3114,2021-06-11T01:19:59.214000+00:00,1.0,P
3152,3418,2021-06-11T01:20:02.254000+00:00,1.0,S
3153,3114,2021-06-11T01:19:59.214000+00:00,1.0,P
3153,3418,2021-06-11T01:20:02.254000+00:00,1.0,S
3154,3114,2021-06-11T01:19:59.214000+00:00,1.0,P
3154,3418,2021-06-11T01:20:02.254000+00:00,1.0,S
3155,3114,2021-06-11T01:19:59.214000+00:00,1.0,P
3155,3419,2021-06-11T01:20:02.263999+00:00,1.0,S
3156,3114,2021-06-11T01:19:59.214000+00:00,1.0,P
3156,3419,2021-06-11T01:20:02.263999+00:00,1.0,S
3157,3114,2021-06-11T01:19:59.214000+00:00,1.0,P
3157,3419,2021-06-11T01:20:02.263999+00:00,1.0,S
3158,3114,2021-06-11T01:19:59.214000+00:00,1.0,P
3158,3419,2021-06-11T01:20:02.263999+00:00,1.0,S
3159,3114,2021-06-11T01:19:59.214000+00:00,1.0,P
3159,3419,2021-06-11T01:20:02.263999+00:00,1.0,S
3160,3114,2021-06-11T01:19:59.214000+00:00,1.0,P
3160,3419,2021-06-11T01:20:02.263999+00:00,1.0,S
3161,3114,2021-06-11T01:19:59.214000+00:00,1.0,P
3161,3420,2021-06-11T01:20:02.274000+00:00,1.0,S
3162,3114,2021-06-11T01:19:59.214000+00:00,1.0,P
3162,3420,2021-06-11T01:20:02.274000+00:00,1.0,S
3163,3114,2021-06-11T01:19:59.214000+00:00,1.0,P
3163,3420,2021-06-11T01:20:02.274000+00:00,1.0,S
3164,3115,2021-06-11T01:19:59.224000+00:00,1.0,P
3164,3420,2021-06-11T01:20:02.274000+00:00,1.0,S
3165,3115,2021-06-11T01:19:59.224000+00:00,1.0,P
3165,3420,2021-06-11T01:20:02.274000+00:00,1.0,S
3166,3115,2021-06-11T01:19:59.224000+00:00,1.0,P
3166,3420,2021-06-11T01:20:02.274000+00:00,1.0,S
3167,3115,2021-06-11T01:19:59.224000+00:00,1.0,P
3167,3420,2021-06-11T01:20:02.274000+00:00,1.0,S
3168,3115,2021-06-11T01:19:59.224000+00:00,1.0,P
3168,3420,2021-06-11T01:20:02.274000+00:00,1.0,S
3169,3115,2021-06-11T01:19:59.224000+00:00,1.0,P
3169,3421,2021-06-11T01:20:02.284000+00:00,1.0,S
3170,3115,2021-06-11T01:19:59.224000+00:00,1.0,P
3170,3421,2021-06-11T01:20:02.284000+00:00,1.0,S
3171,3115,2021-06-11T01:19:59.224000+00:00,1.0,P
3171,3421,2021-06-11T01:20:02.284000+00:00,1.0,S
3172,3115,2021-06-11T01:19:59.224000+00:00,1.0,P
3172,3421,2021-06-11T01:20:02.284000+00:00,1.0,S
3173,3115,2021-06-11T01:19:59.224000+00:00,1.0,P
3173,3421,2021-06-11T01:20:02.284000+00:00,1.0,S
3174,3115,2021-06-11T01:19:59.224000+00:00,1.0,P
3174,3422,2021-06-11T01:20:02.294000+00:00,1.0,S
3175,3115,2021-06-11T01:19:59.224000+00:00,1.0,P
3175,3422,2021-06-11T01:20:02.294000+00:00,1.0,S
3176,3115,2021-06-11T01:19:59.224000+00:00,1.0,P
3176,3422,2021-06-11T01:20:02.294000+00:00,1.0,S
3177,3116,2021-06-11T01:19:59.234000+00:00,1.0,P
3177,3422,2021-06-11T01:20:02.294000+00:00,1.0,S
3178,3116,2021-06-11T01:19:59.234000+00:00,1.0,P
3178,3422,2021-06-11T01:20:02.294000+00:00,1.0,S
3179,3116,2021-06-11T01:19:59.234000+00:00,1.0,P
3179,3422,2021-06-11T01:20:02.294000+00:00,1.0,S
3180,3116,2021-06-11T01:19:59.234000+00:00,1.0,P
3180,3423,2021-06-11T01:20:02.304000+00:00,1.0,S
3181,3116,2021-06-11T01:19:59.234000+00:00,1.0,P
3181,3423,2021-06-11T01:20:02.304000+00:00,1.0,S
3182,3116,2021-06-11T01:19:59.234000+00:00,1.0,P
3182,3423,2021-06-11T01:20:02.304000+00:00,1.0,S
3183,3116,2021-06-11T01:19:59.234000+00:00,1.0,P
3183,3423,2021-06-11T01:20:02.304000+00:00,1.0,S
3184,3116,2021-06-11T01:19:59.234000+00:00,1.0,P
3184,3423,2021-06-11T01:20:02.304000+00:00,1.0,S
3185,3116,2021-06-11T01:19:59.234000+00:00,1.0,P
3185,3423,2021-06-11T01:20:02.304000+00:00,1.0,S
3186,3116,2021-06-11T01:19:59.234000+00:00,1.0,P
3186,3424,2021-06-11T01:20:02.314000+00:00,1.0,S
3187,3116,2021-06-11T01:19:59.234000+00:00,1.0,P
3187,3424,2021-06-11T01:20:02.314000+00:00,1.0,S
3188,3117,2021-06-11T01:19:59.244000+00:00,1.0,P
3188,3424,2021-06-11T01:20:02.314000+00:00,1.0,S
3189,3117,2021-06-11T01:19:59.244000+00:00,1.0,P
3189,3424,2021-06-11T01:20:02.314000+00:00,1.0,S
3190,3117,2021-06-11T01:19:59.244000+00:00,1.0,P
3190,3424,2021-06-11T01:20:02.314000+00:00,1.0,S
3191,3117,2021-06-11T01:19:59.244000+00:00,1.0,P
3191,3424,2021-06-11T01:20:02.314000+00:00,1.0,S
3192,3117,2021-06-11T01:19:59.244000+00:00,1.0,P
3192,3424,2021-06-11T01:20:02.314000+00:00,1.0,S
3193,3117,2021-06-11T01:19:59.244000+00:00,1.0,P
3193,3424,2021-06-11T01:20:02.314000+00:00,1.0,S
3194,3117,2021-06-11T01:19:59.244000+00:00,1.0,P
3194,3425,2021-06-11T01:20:02.324000+00:00,1.0,S
3195,3117,2021-06-11T01:19:59.244000+00:00,1.0,P
3195,3425,2021-06-11T01:20:02.324000+00:00,1.0,S
3196,3117,2021-06-11T01:19:59.244000+00:00,1.0,P
3196,3425,2021-06-11T01:20:02.324000+00:00,1.0,S
3197,3117,2021-06-11T01:19:59.244000+00:00,1.0,P
3197,3425,2021-06-11T01:20:02.324000+00:00,1.0,S
3198,3117,2021-06-11T01:19:59.244000+00:00,1.0,P
3198,3425,2021-06-11T01:20:02.324000+00:00,1.0,S
3199,3118,2021-06-11T01:19:59.254000+00:00,1.0,P
3199,3426,2021-06-11T01:20:02.333999+00:00,1.0,S
3200,3118,2021-06-11T01:19:59.254000+00:00,1.0,P
3200,3426,2021-06-11T01:20:02.333999+00:00,1.0,S
3201,3118,2021-06-11T01:19:59.254000+00:00,1.0,P
3201,3426,2021-06-11T01:20:02.333999+00:00,1.0,S
3202,3118,2021-06-11T01:19:59.254000+00:00,1.0,P
3202,3426,2021-06-11T01:20:02.333999+00:00,1.0,S
3203,3118,2021-06-11T01:19:59.254000+00:00,1.0,P
3203,3426,2021-06-11T01:20:02.333999+00:00,1.0,S
3204,3118,2021-06-11T01:19:59.254000+00:00,1.0,P
3204,3426,2021-06-11T01:20:02.333999+00:00,1.0,S
3205,3118,2021-06-11T01:19:59.254000+00:00,1.0,P
3205,3427,2021-06-11T01:20:02.344000+00:00,1.0,S
3206,3118,2021-06-11T01:19:59.254000+00:00,1.0,P
3206,3427,2021-06-11T01:20:02.344000+00:00,1.0,S
3207,3118,2021-06-11T01:19:59.254000+00:00,1.0,P
3207,3427,2021-06-11T01:20:02.344000+00:00,1.0,S
3208,3118,2021-06-11T01:19:59.254000+00:00,1.0,P
3208,3427,2021-06-11T01:20:02.344000+00:00,1.0,S
3209,3118,2021-06-11T01:19:59.254000+00:00,1.0,P
3209,3427,2021-06-11T01:20:02.344000+00:00,1.0,S
3210,3118,2021-06-11T01:19:59.254000+00:00,1.0,P
3210,3427,2021-06-11T01:20:02.344000+00:00,1.0,S
3211,3119,2021-06-11T01:19:59.264000+00:00,1.0,P
3211,3427,2021-06-11T01:20:02.344000+00:00,1.0,S
3212,3119,2021-06-11T01:19:59.264000+00:00,1.0,P
3212,3427,2021-06-11T01:20:02.344000+00:00,1.0,S
3213,3119,2021-06-11T01:19:59.264000+00:00,1.0,P
3213,3427,2021-06-11T01:20:02.344000+00:00,1.0,S
3214,3119,2021-06-11T01:19:59.264000+00:00,1.0,P
3214,3427,2021-06-11T01:20:02.344000+00:00,1.0,S
3215,3119,2021-06-11T01:19:59.264000+00:00,1.0,P
3215,3428,2021-06-11T01:20:02.354000+00:00,1.0,S
3216,3119,2021-06-11T01:19:59.264000+00:00,1.0,P
3216,3428,2021-06-11T01:20:02.354000+00:00,1.0,S
3217,3119,2021-06-11T01:19:59.264000+00:00,1.0,P
3217,3428,2021-06-11T01:20:02.354000+00:00,1.0,S
3218,3119,2021-06-11T01:19:59.264000+00:00,1.0,P
3218,3428,2021-06-11T01:20:02.354000+00:00,1.0,S
3219,3119,2021-06-11T01:19:59.264000+00:00,1.0,P
3219,3428,2021-06-11T01:20:02.354000+00:00,1.0,S
3220,3119,2021-06-11T01:19:59.264000+00:00,1.0,P
3220,3428,2021-06-11T01:20:02.354000+00:00,1.0,S
3221,3119,2021-06-11T01:19:59.264000+00:00,1.0,P
3221,3428,2021-06-11T01:20:02.354000+00:00,1.0,S
3222,3119,2021-06-11T01:19:59.264000+00:00,1.0,P
3222,3428,2021-06-11T01:20:02.354000+00:00,1.0,S
3223,3119,2021-06-11T01:19:59.264000+00:00,1.0,P
3223,3428,2021-06-11T01:20:02.354000+00:00,1.0,S
3224,3119,2021-06-11T01:19:59.264000+00:00,1.0,P
3224,3429,2021-06-11T01:20:02.364000+00:00,1.0,S
3225,3119,2021-06-11T01:19:59.264000+00:00,1.0,P
3225,3429,2021-06-11T01:20:02.364000+00:00,1.0,S
3226,3119,2021-06-11T01:19:59.264000+00:00,1.0,P
3226,3429,2021-06-11T01:20:02.364000+00:00,1.0,S
3227,3119,2021-06-11T01:19:59.264000+00:00,1.0,P
3227,3429,2021-06-11T01:20:02.364000+00:00,1.0,S
3228,3119,2021-06-11T01:19:59.264000+00:00,1.0,P
3228,3429,2021-06-11T01:20:02.364000+00:00,1.0,S
3229,3119,2021-06-11T01:19:59.264000+00:00,1.0,P
3229,3429,2021-06-11T01:20:02.364000+00:00,1.0,S
3230,3120,2021-06-11T01:19:59.274000+00:00,1.0,P
3230,3429,2021-06-11T01:20:02.364000+00:00,1.0,S
3231,3120,2021-06-11T01:19:59.274000+00:00,1.0,P
3231,3429,2021-06-11T01:20:02.364000+00:00,1.0,S
3232,3120,2021-06-11T01:19:59.274000+00:00,1.0,P
3232,3430,2021-06-11T01:20:02.374000+00:00,1.0,S
3233,3120,2021-06-11T01:19:59.274000+00:00,1.0,P
3233,3430,2021-06-11T01:20:02.374000+00:00,1.0,S
3234,3120,2021-06-11T01:19:59.274000+00:00,1.0,P
3234,3430,2021-06-11T01:20:02.374000+00:00,1.0,S
3235,3120,2021-06-11T01:19:59.274000+00:00,1.0,P
3235,3430,2021-06-11T01:20:02.374000+00:00,1.0,S
3236,3120,2021-06-11T01:19:59.274000+00:00,1.0,P
3236,3430,2021-06-11T01:20:02.374000+00:00,1.0,S
3237,3120,2021-06-11T01:19:59.274000+00:00,1.0,P
3237,3430,2021-06-11T01:20:02.374000+00:00,1.0,S
3238,3120,2021-06-11T01:19:59.274000+00:00,1.0,P
3238,3430,2021-06-11T01:20:02.374000+00:00,1.0,S
3239,3120,2021-06-11T01:19:59.274000+00:00,1.0,P
3239,3430,2021-06-11T01:20:02.374000+00:00,1.0,S
3240,3120,2021-06-11T01:19:59.274000+00:00,1.0,P
3240,3430,2021-06-11T01:20:02.374000+00:00,1.0,S
3241,3120,2021-06-11T01:19:59.274000+00:00,1.0,P
3241,3430,2021-06-11T01:20:02.374000+00:00,1.0,S
3242,3120,2021-06-11T01:19:59.274000+00:00,1.0,P
3242,3430,2021-06-11T01:20:02.374000+00:00,1.0,S
3243,3120,2021-06-11T01:19:59.274000+00:00,1.0,P
3243,3430,2021-06-11T01:20:02.374000+00:00,1.0,S
3244,3120,2021-06-11T01:19:59.274000+00:00,1.0,P
3244,3430,2021-06-11T01:20:02.374000+00:00,1.0,S
3245,3120,2021-06-11T01:19:59.274000+00:00,1.0,P
3245,3430,2021-06-11T01:20:02.374000+00:00,1.0,S
3246,3120,2021-06-11T01:19:59.274000+00:00,1.0,P
3246,3430,2021-06-11T01:20:02.374000+00:00,1.0,S
3247,3120,2021-06-11T01:19:59.274000+00:00,1.0,P
3247,3430,2021-06-11T01:20:02.374000+00:00,1.0,S
3248,3120,2021-06-11T01:19:59.274000+00:00,1.0,P
3248,3430,2021-06-11T01:20:02.374000+00:00,1.0,S
3249,3120,2021-06-11T01:19:59.274000+00:00,1.0,P
3249,3430,2021-06-11T01:20:02.374000+00:00,1.0,S
3250,3120,2021-06-11T01:19:59.274000+00:00,1.0,P
3250,3430,2021-06-11T01:20:02.374000+00:00,1.0,S
3251,3120,2021-06-11T01:19:59.274000+00:00,1.0,P
3251,3431,2021-06-11T01:20:02.384000+00:00,1.0,S
3252,3120,2021-06-11T01:19:59.274000+00:00,1.0,P
3252,3431,2021-06-11T01:20:02.384000+00:00,1.0,S
3253,3121,2021-06-11T01:19:59.284000+00:00,1.0,P
3253,3431,2021-06-11T01:20:02.384000+00:00,1.0,S
3254,3121,2021-06-11T01:19:59.284000+00:00,1.0,P
3254,3431,2021-06-11T01:20:02.384000+00:00,1.0,S
3255,3121,2021-06-11T01:19:59.284000+00:00,1.0,P
3255,3431,2021-06-11T01:20:02.384000+00:00,1.0,S
3256,3121,2021-06-11T01:19:59.284000+00:00,1.0,P
3256,3431,2021-06-11T01:20:02.384000+00:00,1.0,S
3257,3121,2021-06-11T01:19:59.284000+00:00,1.0,P
3257,3431,2021-06-11T01:20:02.384000+00:00,1.0,S
3258,3121,2021-06-11T01:19:59.284000+00:00,1.0,P
3258,3431,2021-06-11T01:20:02.384000+00:00,1.0,S
3259,3121,2021-06-11T01:19:59.284000+00:00,1.0,P
3259,3431,2021-06-11T01:20:02.384000+00:00,1.0,S
3260,3121,2021-06-11T01:19:59.284000+00:00,1.0,P
3260,3431,2021-06-11T01:20:02.384000+00:00,1.0,S
3261,3121,2021-06-11T01:19:59.284000+00:00,1.0,P
3261,3431,2021-06-11T01:20:02.384000+00:00,1.0,S
3262,3121,2021-06-11T01:19:59.284000+00:00,1.0,P
3262,3431,2021-06-11T01:20:02.384000+00:00,1.0,S
3263,3121,2021-06-11T01:19:59.284000+00:00,1.0,P
3263,3431,2021-06-11T01:20:02.384000+00:00,1.0,S
3264,3121,2021-06-11T01:19:59.284000+00:00,1.0,P
3264,3431,2021-06-11T01:20:02.384000+00:00,1.0,S
3265,3121,2021-06-11T01:19:59.284000+00:00,1.0,P
3265,3431,2021-06-11T01:20:02.384000+00:00,1.0,S
3266,3121,2021-06-11T01:19:59.284000+00:00,1.0,P
3266,3431,2021-06-11T01:20:02.384000+00:00,1.0,S
3267,3121,2021-06-11T01:19:59.284000+00:00,1.0,P
3267,3431,2021-06-11T01:20:02.384000+00:00,1.0,S
3268,3121,2021-06-11T01:19:59.284000+00:00,1.0,P
3268,3430,2021-06-11T01:20:02.374000+00:00,1.0,S
3269,3121,2021-06-11T01:19:59.284000+00:00,1.0,P
3269,3430,2021-06-11T01:20:02.374000+00:00,1.0,S
3270,3121,2021-06-11T01:19:59.284000+00:00,1.0,P
3270,3430,2021-06-11T01:20:02.374000+00:00,1.0,S
3271,3121,2021-06-11T01:19:59.284000+00:00,1.0,P
3271,3430,2021-06-11T01:20:02.374000+00:00,1.0,S
3272,3121,2021-06-11T01:19:59.284000+00:00,1.0,P
3272,3430,2021-06-11T01:20:02.374000+00:00,1.0,S
3273,3121,2021-06-11T01:19:59.284000+00:00,1.0,P
3273,3430,2021-06-11T01:20:02.374000+00:00,1.0,S
3274,3121,2021-06-11T01:19:59.284000+00:00,1.0,P
3274,3430,2021-06-11T01:20:02.374000+00:00,1.0,S
3275,3121,2021-06-11T01:19:59.284000+00:00,1.0,P
3275,3430,2021-06-11T01:20:02.374000+00:00,1.0,S
3276,3121,2021-06-11T01:19:59.284000+00:00,1.0,P
3276,3429,2021-06-11T01:20:02.364000+00:00,1.0,S
3277,3121,2021-06-11T01:19:59.284000+00:00,1.0,P
3277,3429,2021-06-11T01:20:02.364000+00:00,1.0,S
3278,3121,2021-06-11T01:19:59.284000+00:00,1.0,P
3278,3429,2021-06-11T01:20:02.364000+00:00,1.0,S
3279,3121,2021-06-11T01:19:59.284000+00:00,1.0,P
3279,3429,2021-06-11T01:20:02.364000+00:00,1.0,S
3280,3121,2021-06-11T01:19:59.284000+00:00,1.0,P
3280,3429,2021-06-11T01:20:02.364000+00:00,1.0,S
3281,3121,2021-06-11T01:19:59.284000+00:00,1.0,P
3281,3429,2021-06-11T01:20:02.364000+00:00,1.0,S
3282,3121,2021-06-11T01:19:59.284000+00:00,1.0,P
3282,3429,2021-06-11T01:20:02.364000+00:00,1.0,S
3283,3121,2021-06-11T01:19:59.284000+00:00,1.0,P
3283,3429,2021-06-11T01:20:02.364000+00:00,1.0,S
3284,3121,2021-06-11T01:19:59.284000+00:00,1.0,P
3284,3428,2021-06-11T01:20:02.354000+00:00,1.0,S
3285,3121,2021-06-11T01:19:59.284000+00:00,1.0,P
3285,3428,2021-06-11T01:20:02.354000+00:00,1.0,S
3286,3121,2021-06-11T01:19:59.284000+00:00,1.0,P
3286,3428,2021-06-11T01:20:02.354000+00:00,1.0,S
3287,3121,2021-06-11T01:19:59.284000+00:00,1.0,P
3287,3428,2021-06-11T01:20:02.354000+00:00,1.0,S
3288,3121,2021-06-11T01:19:59.284000+00:00,1.0,P
3288,3428,2021-06-11T01:20:02.354000+00:00,1.0,S
3289,3121,2021-06-11T01:19:59.284000+00:00,1.0,P
3289,3428,2021-06-11T01:20:02.354000+00:00,1.0,S
3290,3121,2021-06-11T01:19:59.284000+00:00,1.0,P
3290,3428,2021-06-11T01:20:02.354000+00:00,1.0,S
3291,3121,2021-06-11T01:19:59.284000+00:00,1.0,P
3291,3428,2021-06-11T01:20:02.354000+00:00,1.0,S
3292,3121,2021-06-11T01:19:59.284000+00:00,1.0,P
3292,3427,2021-06-11T01:20:02.344000+00:00,1.0,S
3293,3121,2021-06-11T01:19:59.284000+00:00,1.0,P
3293,3427,2021-06-11T01:20:02.344000+00:00,1.0,S
3294,3121,2021-06-11T01:19:59.284000+00:00,1.0,P
3294,3427,2021-06-11T01:20:02.344000+00:00,1.0,S
3295,3121,2021-06-11T01:19:59.284000+00:00,1.0,P
3295,3427,2021-06-11T01:20:02.344000+00:00,1.0,S
3296,3121,2021-06-11T01:19:59.284000+00:00,1.0,P
3296,3427,2021-06-11T01:20:02.344000+00:00,1.0,S
3297,3121,2021-06-11T01:19:59.284000+00:00,1.0,P
3297,3426,2021-06-11T01:20:02.333999+00:00,1.0,S
3298,3121,2021-06-11T01:19:59.284000+00:00,1.0,P
3298,3426,2021-06-11T01:20:02.333999+00:00,1.0,S
3299,3120,2021-06-11T01:19:59.274000+00:00,1.0,P
3299,3426,2021-06-11T01:20:02.333999+00:00,1.0,S
3300,3120,2021-06-11T01:19:59.274000+00:00,1.0,P
3300,3426,2021-06-11T01:20:02.333999+00:00,1.0,S
3301,3120,2021-06-11T01:19:59.274000+00:00,1.0,P
3301,3426,2021-06-11T01:20:02.333999+00:00,1.0,S
3302,3120,2021-06-11T01:19:59.274000+00:00,1.0,P
3302,3425,2021-06-11T01:20:02.324000+00:00,1.0,S
3303,3120,2021-06-11T01:19:59.274000+00:00,1.0,P
3303,3425,2021-06-11T01:20:02.324000+00:00,1.0,S
3304,3120,2021-06-11T01:19:59.274000+00:00,1.0,P
3304,3425,2021-06-11T01:20:02.324000+00:00,1.0,S
3305,3120,2021-06-11T01:19:59.274000+00:00,1.0,P
3305,3425,2021-06-11T01:20:02.324000+00:00,1.0,S
3306,3120,2021-06-11T01:19:59.274000+00:00,1.0,P
3306,3425,2021-06-11T01:20:02.324000+00:00,1.0,S
3307,3120,2021-06-11T01:19:59.274000+00:00,1.0,P
3307,3425,2021-06-11T01:20:02.324000+00:00,1.0,S
3308,3120,2021-06-11T01:19:59.274000+00:00,1.0,P
3308,3425,2021-06-11T01:20:02.324000+00:00,1.0,S
3309,3120,2021-06-11T01:19:59.274000+00:00,1.0,P
3309,3424,2021-06-11T01:20:02.314000+00:00,1.0,S
3310,3120,2021-06-11T01:19:59.274000+00:00,1.0,P
3310,3424,2021-06-11T01:20:02.314000+00:00,1.0,S
3311,3120,2021-06-11T01:19:59.274000+00:00,1.0,P
3311,3424,2021-06-11T01:20:02.314000+00:00,1.0,S
3312,3120,2021-06-11T01:19:59.274000+00:00,1.0,P
3312,3424,2021-06-11T01:20:02.314000+00:00,1.0,S
3313,3120,2021-06-11T01:19:59.274000+00:00,1.0,P
3313,3424,2021-06-11T01:20:02.314000+00:00,1.0,S
3314,3120,2021-06-11T01:19:59.274000+00:00,1.0,P
3314,3423,2021-06-11T01:20:02.304000+00:00,1.0,S
3315,3120,2021-06-11T01:19:59.274000+00:00,1.0,P
3315,3423,2021-06-11T01:20:02.304000+00:00,1.0,S
3316,3120,2021-06-11T01:19:59.274000+00:00,1.0,P
3316,3423,2021-06-11T01:20:02.304000+00:00,1.0,S
3317,3120,2021-06-11T01:19:59.274000+00:00,1.0,P
3317,3423,2021-06-11T01:20:02.304000+00:00,1.0,S
3318,3120,2021-06-11T01:19:59.274000+00:00,1.0,P
3318,3423,2021-06-11T01:20:02.304000+00:00,1.0,S
3319,3120,2021-06-11T01:19:59.274000+00:00,1.0,P
3319,3422,2021-06-11T01:20:02.294000+00:00,1.0,S
3320,3120,2021-06-11T01:19:59.274000+00:00,1.0,P
3320,3422,2021-06-11T01:20:02.294000+00:00,1.0,S
3321,3120,2021-06-11T01:19:59.274000+00:00,1.0,P
3321,3422,2021-06-11T01:20:02.294000+00:00,1.0,S
3322,3120,2021-06-11T01:19:59.274000+00:00,1.0,P
3322,3422,2021-06-11T01:20:02.294000+00:00,1.0,S
3323,3120,2021-06-11T01:19:59.274000+00:00,1.0,P
3323,3421,2021-06-11T01:20:02.284000+00:00,1.0,S
3324,3119,2021-06-11T01:19:59.264000+00:00,1.0,P
3324,3421,2021-06-11T01:20:02.284000+00:00,1.0,S
3325,3119,2021-06-11T01:19:59.264000+00:00,1.0,P
3325,3421,2021-06-11T01:20:02.284000+00:00,1.0,S
3326,3119,2021-06-11T01:19:59.264000+00:00,1.0,P
3326,3421,2021-06-11T01:20:02.284000+00:00,1.0,S
3327,3119,2021-06-11T01:19:59.264000+00:00,1.0,P
3327,3420,2021-06-11T01:20:02.274000+00:00,1.0,S
3328,3119,2021-06-11T01:19:59.264000+00:00,1.0,P
3328,3420,2021-06-11T01:20:02.274000+00:00,1.0,S
3329,3119,2021-06-11T01:19:59.264000+00:00,1.0,P
3329,3420,2021-06-11T01:20:02.274000+00:00,1.0,S
3330,3119,2021-06-11T01:19:59.264000+00:00,1.0,P
3330,3420,2021-06-11T01:20:02.274000+00:00,1.0,S
3331,3119,2021-06-11T01:19:59.264000+00:00,1.0,P
3331,3419,2021-06-11T01:20:02.263999+00:00,1.0,S
3332,3119,2021-06-11T01:19:59.264000+00:00,1.0,P
3332,3419,2021-06-11T01:20:02.263999+00:00,1.0,S
3333,3119,2021-06-11T01:19:59.264000+00:00,1.0,P
3333,3419,2021-06-11T01:20:02.263999+00:00,1.0,S
3334,3119,2021-06-11T01:19:59.264000+00:00,1.0,P
3334,3419,2021-06-11T01:20:02.263999+00:00,1.0,S
3335,3119,2021-06-11T01:19:59.264000+00:00,1.0,P
3335,3418,2021-06-11T01:20:02.254000+00:00,1.0,S
3336,3119,2021-06-11T01:19:59.264000+00:00,1.0,P
3336,3418,2021-06-11T01:20:02.254000+00:00,1.0,S
3337,3119,2021-06-11T01:19:59.264000+00:00,1.0,P
3337,3418,2021-06-11T01:20:02.254000+00:00,1.0,S
3338,3119,2021-06-11T01:19:59.264000+00:00,1.0,P
3338,3418,2021-06-11T01:20:02.254000+00:00,1.0,S
3339,3119,2021-06-11T01:19:59.264000+00:00,1.0,P
3339,3417,2021-06-11T01:20:02.244000+00:00,1.0,S
3340,3119,2021-06-11T01:19:59.264000+00:00,1.0,P
3340,3417,2021-06-11T01:20:02.244000+00:00,1.0,S
3341,3118,2021-06-11T01:19:59.254000+00:00,1.0,P
3341,3417,2021-06-11T01:20:02.244000+00:00,1.0,S
3342,3118,2021-06-11T01:19:59.254000+00:00,1.0,P
3342,3417,2021-06-11T01:20:02.244000+00:00,1.0,S
3343,3118,2021-06-11T01:19:59.254000+00:00,1.0,P
3343,3417,2021-06-11T01:20:02.244000+00:00,1.0,S
3344,3118,2021-06-11T01:19:59.254000+00:00,1.0,P
3344,3416,2021-06-11T01:20:02.234000+00:00,1.0,S
3345,3118,2021-06-11T01:19:59.254000+00:00,1.0,P
3345,3416,2021-06-11T01:20:02.234000+00:00,1.0,S
3346,3118,2021-06-11T01:19:59.254000+00:00,1.0,P
3346,3416,2021-06-11T01:20:02.234000+00:00,1.0,S
3347,3118,2021-06-11T01:19:59.254000+00:00,1.0,P
3347,3415,2021-06-11T01:20:02.224000+00:00,1.0,S
3348,3118,2021-06-11T01:19:59.254000+00:00,1.0,P
3348,3415,2021-06-11T01:20:02.224000+00:00,1.0,S
3349,3118,2021-06-11T01:19:59.254000+00:00,1.0,P
3349,3415,2021-06-11T01:20:02.224000+00:00,1.0,S
3350,3118,2021-06-11T01:19:59.254000+00:00,1.0,P
3350,3415,2021-06-11T01:20:02.224000+00:00,1.0,S
3351,3118,2021-06-11T01:19:59.254000+00:00,1.0,P
3351,3414,2021-06-11T01:20:02.214000+00:00,1.0,S
3352,3118,2021-06-11T01:19:59.254000+00:00,1.0,P
3352,3414,2021-06-11T01:20:02.214000+00:00,1.0,S
3353,3118,2021-06-11T01:19:59.254000+00:00,1.0,P
3353,3414,2021-06-11T01:20:02.214000+00:00,1.0,S
3354,3118,2021-06-11T01:19:59.254000+00:00,1.0,P
3354,3413,2021-06-11T01:20:02.204000+00:00,1.0,S
3355,3117,2021-06-11T01:19:59.244000+00:00,1.0,P
3355,3413,2021-06-11T01:20:02.204000+00:00,1.0,S
3356,3117,2021-06-11T01:19:59.244000+00:00,1.0,P
3356,3413,2021-06-11T01:20:02.204000+00:00,1.0,S
3357,3117,2021-06-11T01:19:59.244000+00:00,1.0,P
3357,3413,2021-06-11T01:20:02.204000+00:00,1.0,S
3358,3117,2021-06-11T01:19:59.244000+00:00,1.0,P
3358,3413,2021-06-11T01:20:02.204000+00:00,1.0,S
3359,3117,2021-06-11T01:19:59.244000+00:00,1.0,P
3359,3412,2021-06-11T01:20:02.193999+00:00,1.0,S
3360,3117,2021-06-11T01:19:59.244000+00:00,1.0,P
3360,3412,2021-06-11T01:20:02.193999+00:00,1.0,S
3361,3117,2021-06-11T01:19:59.244000+00:00,1.0,P
3361,3412,2021-06-11T01:20:02.193999+00:00,1.0,S
3362,3117,2021-06-11T01:19:59.244000+00:00,1.0,P
3362,3411,2021-06-11T01:20:02.184000+00:00,1.0,S
3363,3117,2021-06-11T01:19:59.244000+00:00,1.0,P
3363,3411,2021-06-11T01:20:02.184000+00:00,1.0,S
3364,3117,2021-06-11T01:19:59.244000+00:00,1.0,P
3364,3411,2021-06-11T01:20:02.184000+00:00,1.0,S
3365,3117,2021-06-11T01:19:59.244000+00:00,1.0,P
3365,3411,2021-06-11T01:20:02.184000+00:00,1.0,S
3366,3117,2021-06-11T01:19:59.244000+00:00,1.0,P
3366,3411,2021-06-11T01:20:02.184000+00:00,1.0,S
3367,3117,2021-06-11T01:19:59.244000+00:00,1.0,P
3367,3411,2021-06-11T01:20:02.184000+00:00,1.0,S
3368,3117,2021-06-11T01:19:59.244000+00:00,1.0,P
3368,3410,2021-06-11T01:20:02.174000+00:00,1.0,S
3369,3117,2021-06-11T01:19:59.244000+00:00,1.0,P
3369,3410,2021-06-11T01:20:02.174000+00:00,1.0,S
3370,3116,2021-06-11T01:19:59.234000+00:00,1.0,P
3370,3410,2021-06-11T01:20:02.174000+00:00,1.0,S
3371,3116,2021-06-11T01:19:59.234000+00:00,1.0,P
3371,3410,2021-06-11T01:20:02.174000+00:00,1.0,S
3372,3116,2021-06-11T01:19:59.234000+00:00,1.0,P
3372,3410,2021-06-11T01:20:02.174000+00:00,1.0,S
3373,3116,2021-06-11T01:19:59.234000+00:00,1.0,P
3373,3410,2021-06-11T01:20:02.174000+00:00,1.0,S
3374,3116,2021-06-11T01:19:59.234000+00:00,1.0,P
3374,3409,2021-06-11T01:20:02.164000+00:00,1.0,S
3375,3116,2021-06-11T01:19:59.234000+00:00,1.0,P
3375,3409,2021-06-11T01:20:02.164000+00:00,1.0,S
3376,3116,2021-06-11T01:19:59.234000+00:00,1.0,P
3376,3409,2021-06-11T01:20:02.164000+00:00,1.0,S
3377,3116,2021-06-11T01:19:59.234000+00:00,1.0,P
3377,3409,2021-06-11T01:20:02.164000+00:00,1.0,S
3378,3116,2021-06-11T01:19:59.234000+00:00,1.0,P
3378,3409,2021-06-11T01:20:02.164000+00:00,1.0,S
3379,3116,2021-06-11T01:19:59.234000+00:00,1.0,P
3379,3408,2021-06-11T01:20:02.154000+00:00,1.0,S
3380,3116,2021-06-11T01:19:59.234000+00:00,1.0,P
3380,3408,2021-06-11T01:20:02.154000+00:00,1.0,S
3381,3116,2021-06-11T01:19:59.234000+00:00,1.0,P
3381,3408,2021-06-11T01:20:02.154000+00:00,1.0,S
3382,3116,2021-06-11T01:19:59.234000+00:00,1.0,P
3382,3408,2021-06-11T01:20:02.154000+00:00,1.0,S
3383,3115,2021-06-11T01:19:59.224000+00:00,1.0,P
3383,3408,2021-06-11T01:20:02.154000+00:00,1.0,S
3384,3115,2021-06-11T01:19:59.224000+00:00,1.0,P
3384,3408,2021-06-11T01:20:02.154000+00:00,1.0,S
3385,3115,2021-06-11T01:19:59.224000+00:00,1.0,P
3385,3408,2021-06-11T01:20:02.154000+00:00,1.0,S
3386,3115,2021-06-11T01:19:59.224000+00:00,1.0,P
3386,3407,2021-06-11T01:20:02.144000+00:00,1.0,S
3387,3115,2021-06-11T01:19:59.224000+00:00,1.0,P
3387,3407,2021-06-11T01:20:02.144000+00:00,1.0,S
3388,3115,2021-06-11T01:19:59.224000+00:00,1.0,P
3388,3407,2021-06-11T01:20:02.144000+00:00,1.0,S
3389,3115,2021-06-11T01:19:59.224000+00:00,1.0,P
3389,3407,2021-06-11T01:20:02.144000+00:00,1.0,S
3390,3115,2021-06-11T01:19:59.224000+00:00,1.0,P
3390,3407,2021-06-11T01:20:02.144000+00:00,1.0,S
3391,3115,2021-06-11T01:19:59.224000+00:00,1.0,P
3391,3407,2021-06-11T01:20:02.144000+00:00,1.0,S
3392,3115,2021-06-11T01:19:59.224000+00:00,1.0,P
3392,3407,2021-06-11T01:20:02.144000+00:00,1.0,S
3393,3115,2021-06-11T01:19:59.224000+00:00,1.0,P
3393,3406,2021-06-11T01:20:02.134000+00:00,1.0,S
3394,3115,2021-06-11T01:19:59.224000+00:00,1.0,P
3394,3406,2021-06-11T01:20:02.134000+00:00,1.0,S
3395,3115,2021-06-11T01:19:59.224000+00:00,1.0,P
3395,3406,2021-06-11T01:20:02.134000+00:00,1.0,S
3396,3114,2021-06-11T01:19:59.214000+00:00,1.0,P
3396,3406,2021-06-11T01:20:02.134000+00:00,1.0,S
3397,3114,2021-06-11T01:19:59.214000+00:00,1.0,P
3397,3406,2021-06-11T01:20:02.134000+00:00,1.0,S
3398,3114,2021-06-11T01:19:59.214000+00:00,1.0,P
3398,3405,2021-06-11T01:20:02.123999+00:00,1.0,S
3399,3114,2021-06-11T01:19:59.214000+00:00,1.0,P
3399,3405,2021-06-11T01:20:02.123999+00:00,1.0,S
3400,3114,2021-06-11T01:19:59.214000+00:00,1.0,P
3400,3405,2021-06-11T01:20:02.123999+00:00,1.0,S
3401,3114,2021-06-11T01:19:59.214000+00:00,1.0,P
3401,3405,2021-06-11T01:20:02.123999+00:00,1.0,S
3402,3114,2021-06-11T01:19:59.214000+00:00,1.0,P
3402,3405,2021-06-11T01:20:02.123999+00:00,1.0,S
3403,3114,2021-06-11T01:19:59.214000+00:00,1.0,P
3403,3404,2021-06-11T01:20:02.114000+00:00,1.0,S
3404,3114,2021-06-11T01:19:59.214000+00:00,1.0,P
3404,3404,2021-06-11T01:20:02.114000+00:00,1.0,S
3405,3114,2021-06-11T01:19:59.214000+00:00,1.0,P
3405,3404,2021-06-11T01:20:02.114000+00:00,1.0,S
3406,3114,2021-06-11T01:19:59.214000+00:00,1.0,P
3406,3404,2021-06-11T01:20:02.114000+00:00,1.0,S
3407,3113,2021-06-11T01:19:59.204000+00:00,1.0,P
3407,3403,2021-06-11T01:20:02.104000+00:00,1.0,S
3408,3113,2021-06-11T01:19:59.204000+00:00,1.0,P
3408,3403,2021-06-11T01:20:02.104000+00:00,1.0,S
3409,3113,2021-06-11T01:19:59.204000+00:00,1.0,P
3409,3403,2021-06-11T01:20:02.104000+00:00,1.0,S
3410,3113,2021-06-11T01:19:59.204000+00:00,1.0,P
3410,3403,2021-06-11T01:20:02.104000+00:00,1.0,S
3411,3113,2021-06-11T01:19:59.204000+00:00,1.0,P
3411,3403,2021-06-11T01:20:02.104000+00:00,1.0,S
3412,3113,2021-06-11T01:19:59.204000+00:00,1.0,P
3412,3402,2021-06-11T01:20:02.094000+00:00,1.0,S
3413,3113,2021-06-11T01:19:59.204000+00:00,1.0,P
3413,3402,2021-06-11T01:20:02.094000+00:00,1.0,S
3414,3113,2021-06-11T01:19:59.204000+00:00,1.0,P
3414,3402,2021-06-11T01:20:02.094000+00:00,1.0,S
3415,3113,2021-06-11T01:19:59.204000+00:00,1.0,P
3415,3402,2021-06-11T01:20:02.094000+00:00,1.0,S
3416,3113,2021-06-11T01:19:59.204000+00:00,1.0,P
3416,3402,2021-06-11T01:20:02.094000+00:00,1.0,S
3417,3113,2021-06-11T01:19:59.204000+00:00,1.0,P
3417,3402,2021-06-11T01:20:02.094000+00:00,1.0,S
3418,3112,2021-06-11T01:19:59.194000+00:00,1.0,P
3418,3402,2021-06-11T01:20:02.094000+00:00,1.0,S
3419,3112,2021-06-11T01:19:59.194000+00:00,1.0,P
3419,3402,2021-06-11T01:20:02.094000+00:00,1.0,S
3420,3112,2021-06-11T01:19:59.194000+00:00,1.0,P
3420,3402,2021-06-11T01:20:02.094000+00:00,1.0,S
3421,3112,2021-06-11T01:19:59.194000+00:00,1.0,P
3421,3401,2021-06-11T01:20:02.083999+00:00,1.0,S
3422,3112,2021-06-11T01:19:59.194000+00:00,1.0,P
3422,3401,2021-06-11T01:20:02.083999+00:00,1.0,S
3423,3112,2021-06-11T01:19:59.194000+00:00,1.0,P
3423,3401,2021-06-11T01:20:02.083999+00:00,1.0,S
3424,3112,2021-06-11T01:19:59.194000+00:00,1.0,P
3424,3401,2021-06-11T01:20:02.083999+00:00,1.0,S
3425,3112,2021-06-11T01:19:59.194000+00:00,1.0,P
3425,3400,2021-06-11T01:20:02.074000+00:00,1.0,S
3426,3112,2021-06-11T01:19:59.194000+00:00,1.0,P
3426,3400,2021-06-11T01:20:02.074000+00:00,1.0,S
3427,3112,2021-06-11T01:19:59.194000+00:00,1.0,P
3427,3400,2021-06-11T01:20:02.074000+00:00,1.0,S
3428,3111,2021-06-11T01:19:59.184000+00:00,1.0,P
3428,3400,2021-06-11T01:20:02.074000+00:00,1.0,S
3429,3111,2021-06-11T01:19:59.184000+00:00,1.0,P
3429,3400,2021-06-11T01:20:02.074000+00:00,1.0,S
3430,3111,2021-06-11T01:19:59.184000+00:00,1.0,P
3430,3399,2021-06-11T01:20:02.064000+00:00,1.0,S
3431,3111,2021-06-11T01:19:59.184000+00:00,1.0,P
3431,3399,2021-06-11T01:20:02.064000+00:00,1.0,S
3432,3111,2021-06-11T01:19:59.184000+00:00,1.0,P
3432,3399,2021-06-11T01:20:02.064000+00:00,1.0,S
3433,3111,2021-06-11T01:19:59.184000+00:00,1.0,P
3433,3399,2021-06-11T01:20:02.064000+00:00,1.0,S
3434,3111,2021-06-11T01:19:59.184000+00:00,1.0,P
3434,3399,2021-06-11T01:20:02.064000+00:00,1.0,S
3435,3111,2021-06-11T01:19:59.184000+00:00,1.0,P
3435,3399,2021-06-11T01:20:02.064000+00:00,1.0,S
3436,3111,2021-06-11T01:19:59.184000+00:00,1.0,P
3436,3399,2021-06-11T01:20:02.064000+00:00,1.0,S
3437,3110,2021-06-11T01:19:59.174000+00:00,1.0,P
3437,3398,2021-06-11T01:20:02.054000+00:00,1.0,S
3438,3110,2021-06-11T01:19:59.174000+00:00,1.0,P
3438,3398,2021-06-11T01:20:02.054000+00:00,1.0,S
3439,3110,2021-06-11T01:19:59.174000+00:00,1.0,P
3439,3398,2021-06-11T01:20:02.054000+00:00,1.0,S
3440,3110,2021-06-11T01:19:59.174000+00:00,1.0,P
3440,3398,2021-06-11T01:20:02.054000+00:00,1.0,S
3441,3110,2021-06-11T01:19:59.174000+00:00,1.0,P
3441,3398,2021-06-11T01:20:02.054000+00:00,1.0,S
3442,3110,2021-06-11T01:19:59.174000+00:00,1.0,P
3442,3398,2021-06-11T01:20:02.054000+00:00,1.0,S
3443,3110,2021-06-11T01:19:59.174000+00:00,1.0,P
3443,3397,2021-06-11T01:20:02.044000+00:00,1.0,S
3444,3110,2021-06-11T01:19:59.174000+00:00,1.0,P
3444,3397,2021-06-11T01:20:02.044000+00:00,1.0,S
3445,3109,2021-06-11T01:19:59.164000+00:00,1.0,P
3445,3397,2021-06-11T01:20:02.044000+00:00,1.0,S
3446,3109,2021-06-11T01:19:59.164000+00:00,1.0,P
3446,3397,2021-06-11T01:20:02.044000+00:00,1.0,S
3447,3109,2021-06-11T01:19:59.164000+00:00,1.0,P
3447,3397,2021-06-11T01:20:02.044000+00:00,1.0,S
3448,3109,2021-06-11T01:19:59.164000+00:00,1.0,P
3448,3396,2021-06-11T01:20:02.034000+00:00,1.0,S
3449,3109,2021-06-11T01:19:59.164000+00:00,1.0,P
3449,3396,2021-06-11T01:20:02.034000+00:00,1.0,S
3450,3109,2021-06-11T01:19:59.164000+00:00,1.0,P
3450,3396,2021-06-11T01:20:02.034000+00:00,1.0,S
3451,3109,2021-06-11T01:19:59.164000+00:00,1.0,P
3451,3396,2021-06-11T01:20:02.034000+00:00,1.0,S
3452,3109,2021-06-11T01:19:59.164000+00:00,1.0,P
3452,3396,2021-06-11T01:20:02.034000+00:00,1.0,S
3453,3109,2021-06-11T01:19:59.164000+00:00,1.0,P
3453,3395,2021-06-11T01:20:02.024000+00:00,1.0,S
3454,3108,2021-06-11T01:19:59.154000+00:00,1.0,P
3454,3395,2021-06-11T01:20:02.024000+00:00,1.0,S
3455,3108,2021-06-11T01:19:59.154000+00:00,1.0,P
3455,3395,2021-06-11T01:20:02.024000+00:00,1.0,S
3456,3108,2021-06-11T01:19:59.154000+00:00,1.0,P
3456,3395,2021-06-11T01:20:02.024000+00:00,1.0,S
3457,3108,2021-06-11T01:19:59.154000+00:00,1.0,P
3457,3395,2021-06-11T01:20:02.024000+00:00,1.0,S
3458,3108,2021-06-11T01:19:59.154000+00:00,1.0,P
3458,3394,2021-06-11T01:20:02.013999+00:00,1.0,S
3459,3108,2021-06-11T01:19:59.154000+00:00,1.0,P
3459,3394,2021-06-11T01:20:02.013999+00:00,1.0,S
3460,3108,2021-06-11T01:19:59.154000+00:00,1.0,P
3460,3394,2021-06-11T01:20:02.013999+00:00,1.0,S
3461,3108,2021-06-11T01:19:59.154000+00:00,1.0,P
3461,3394,2021-06-11T01:20:02.013999+00:00,1.0,S
3462,3108,2021-06-11T01:19:59.154000+00:00,1.0,P
3462,3394,2021-06-11T01:20:02.013999+00:00,1.0,S
3463,3108,2021-06-11T01:19:59.154000+00:00,1.0,P
3463,3394,2021-06-11T01:20:02.013999+00:00,1.0,S
3464,3107,2021-06-11T01:19:59.144000+00:00,1.0,P
3464,3394,2021-06-11T01:20:02.013999+00:00,1.0,S
3465,3107,2021-06-11T01:19:59.144000+00:00,1.0,P
3465,3394,2021-06-11T01:20:02.013999+00:00,1.0,S
3466,3107,2021-06-11T01:19:59.144000+00:00,1.0,P
3466,3393,2021-06-11T01:20:02.004000+00:00,1.0,S
3467,3107,2021-06-11T01:19:59.144000+00:00,1.0,P
3467,3393,2021-06-11T01:20:02.004000+00:00,1.0,S
3468,3107,2021-06-11T01:19:59.144000+00:00,1.0,P
3468,3393,2021-06-11T01:20:02.004000+00:00,1.0,S
3469,3107,2021-06-11T01:19:59.144000+00:00,1.0,P
3469,3393,2021-06-11T01:20:02.004000+00:00,1.0,S
3470,3107,2021-06-11T01:19:59.144000+00:00,1.0,P
3470,3393,2021-06-11T01:20:02.004000+00:00,1.0,S
3471,3107,2021-06-11T01:19:59.144000+00:00,1.0,P
3471,3393,2021-06-11T01:20:02.004000+00:00,1.0,S
3472,3107,2021-06-11T01:19:59.144000+00:00,1.0,P
3472,3393,2021-06-11T01:20:02.004000+00:00,1.0,S
3473,3106,2021-06-11T01:19:59.134000+00:00,1.0,P
3473,3393,2021-06-11T01:20:02.004000+00:00,1.0,S
3474,3106,2021-06-11T01:19:59.134000+00:00,1.0,P
3474,3392,2021-06-11T01:20:01.994000+00:00,1.0,S
3475,3106,2021-06-11T01:19:59.134000+00:00,1.0,P
3475,3392,2021-06-11T01:20:01.994000+00:00,1.0,S
3476,3106,2021-06-11T01:19:59.134000+00:00,1.0,P
3476,3392,2021-06-11T01:20:01.994000+00:00,1.0,S
3477,3106,2021-06-11T01:19:59.134000+00:00,1.0,P
3477,3392,2021-06-11T01:20:01.994000+00:00,1.0,S
3478,3106,2021-06-11T01:19:59.134000+00:00,1.0,P
3478,3392,2021-06-11T01:20:01.994000+00:00,1.0,S
3479,3106,2021-06-11T01:19:59.134000+00:00,1.0,P
3479,3392,2021-06-11T01:20:01.994000+00:00,1.0,S
3480,3106,2021-06-11T01:19:59.134000+00:00,1.0,P
3480,3392,2021-06-11T01:20:01.994000+00:00,1.0,S
3481,3106,2021-06-11T01:19:59.134000+00:00,1.0,P
3481,3391,2021-06-11T01:20:01.984000+00:00,1.0,S
3482,3105,2021-06-11T01:19:59.124000+00:00,1.0,P
3482,3391,2021-06-11T01:20:01.984000+00:00,1.0,S
3483,3105,2021-06-11T01:19:59.124000+00:00,1.0,P
3483,3391,2021-06-11T01:20:01.984000+00:00,1.0,S
3484,3105,2021-06-11T01:19:59.124000+00:00,1.0,P
3484,3391,2021-06-11T01:20:01.984000+00:00,1.0,S
3485,3105,2021-06-11T01:19:59.124000+00:00,1.0,P
3485,3391,2021-06-11T01:20:01.984000+00:00,1.0,S
3486,3105,2021-06-11T01:19:59.124000+00:00,1.0,P
3486,3390,2021-06-11T01:20:01.974000+00:00,1.0,S
3487,3105,2021-06-11T01:19:59.124000+00:00,1.0,P
3487,3390,2021-06-11T01:20:01.974000+00:00,1.0,S
3488,3105,2021-06-11T01:19:59.124000+00:00,1.0,P
3488,3390,2021-06-11T01:20:01.974000+00:00,1.0,S
3489,3105,2021-06-11T01:19:59.124000+00:00,1.0,P
3489,3390,2021-06-11T01:20:01.974000+00:00,1.0,S
3490,3105,2021-06-11T01:19:59.124000+00:00,1.0,P
3490,3390,2021-06-11T01:20:01.974000+00:00,1.0,S
3491,3105,2021-06-11T01:19:59.124000+00:00,1.0,P
3491,3389,2021-06-11T01:20:01.964000+00:00,1.0,S
3492,3104,2021-06-11T01:19:59.114000+00:00,1.0,P
3492,3389,2021-06-11T01:20:01.964000+00:00,1.0,S
3493,3104,2021-06-11T01:19:59.114000+00:00,1.0,P
3493,3389,2021-06-11T01:20:01.964000+00:00,1.0,S
3494,3104,2021-06-11T01:19:59.114000+00:00,1.0,P
3494,3389,2021-06-11T01:20:01.964000+00:00,1.0,S
3495,3104,2021-06-11T01:19:59.114000+00:00,1.0,P
3495,3389,2021-06-11T01:20:01.964000+00:00,1.0,S
3496,3104,2021-06-11T01:19:59.114000+00:00,1.0,P
3496,3389,2021-06-11T01:20:01.964000+00:00,1.0,S
3497,3104,2021-06-11T01:19:59.114000+00:00,1.0,P
3497,3389,2021-06-11T01:20:01.964000+00:00,1.0,S
3498,3104,2021-06-11T01:19:59.114000+00:00,1.0,P
3498,3389,2021-06-11T01:20:01.964000+00:00,1.0,S
3499,3104,2021-06-11T01:19:59.114000+00:00,1.0,P
3499,3388,2021-06-11T01:20:01.954000+00:00,1.0,S
3500,3104,2021-06-11T01:19:59.114000+00:00,1.0,P
3500,3388,2021-06-11T01:20:01.954000+00:00,1.0,S
3501,3104,2021-06-11T01:19:59.114000+00:00,1.0,P
3501,3388,2021-06-11T01:20:01.954000+00:00,1.0,S
3502,3104,2021-06-11T01:19:59.114000+00:00,1.0,P
3502,3388,2021-06-11T01:20:01.954000+00:00,1.0,S
3503,3103,2021-06-11T01:19:59.104000+00:00,1.0,P
3503,3388,2021-06-11T01:20:01.954000+00:00,1.0,S
3504,3103,2021-06-11T01:19:59.104000+00:00,1.0,P
3504,3388,2021-06-11T01:20:01.954000+00:00,1.0,S
3505,3103,2021-06-11T01:19:59.104000+00:00,1.0,P
3505,3388,2021-06-11T01:20:01.954000+00:00,1.0,S
3506,3103,2021-06-11T01:19:59.104000+00:00,1.0,P
3506,3388,2021-06-11T01:20:01.954000+00:00,1.0,S
3507,3103,2021-06-11T01:19:59.104000+00:00,1.0,P
3507,3388,2021-06-11T01:20:01.954000+00:00,1.0,S
3508,3103,2021-06-11T01:19:59.104000+00:00,1.0,P
3508,3387,2021-06-11T01:20:01.943999+00:00,1.0,S
3509,3103,2021-06-11T01:19:59.104000+00:00,1.0,P
3509,3387,2021-06-11T01:20:01.943999+00:00,1.0,S
3510,3103,2021-06-11T01:19:59.104000+00:00,1.0,P
3510,3387,2021-06-11T01:20:01.943999+00:00,1.0,S
3511,3103,2021-06-11T01:19:59.104000+00:00,1.0,P
3511,3387,2021-06-11T01:20:01.943999+00:00,1.0,S
3512,3103,2021-06-11T01:19:59.104000+00:00,1.0,P
3512,3387,2021-06-11T01:20:01.943999+00:00,1.0,S
3513,3103,2021-06-11T01:19:59.104000+00:00,1.0,P
3513,3387,2021-06-11T01:20:01.943999+00:00,1.0,S
3514,3102,2021-06-11T01:19:59.094000+00:00,1.0,P
3514,3387,2021-06-11T01:20:01.943999+00:00,1.0,S
3515,3102,2021-06-11T01:19:59.094000+00:00,1.0,P
3515,3386,2021-06-11T01:20:01.934000+00:00,1.0,S
3516,3102,2021-06-11T01:19:59.094000+00:00,1.0,P
3516,3386,2021-06-11T01:20:01.934000+00:00,1.0,S
3517,3102,2021-06-11T01:19:59.094000+00:00,1.0,P
3517,3386,2021-06-11T01:20:01.934000+00:00,1.0,S
3518,3102,2021-06-11T01:19:59.094000+00:00,1.0,P
3518,3386,2021-06-11T01:20:01.934000+00:00,1.0,S
3519,3102,2021-06-11T01:19:59.094000+00:00,1.0,P
3519,3386,2021-06-11T01:20:01.934000+00:00,1.0,S
3520,3102,2021-06-11T01:19:59.094000+00:00,1.0,P
3520,3386,2021-06-11T01:20:01.934000+00:00,1.0,S
3521,3102,2021-06-11T01:19:59.094000+00:00,1.0,P
3521,3385,2021-06-11T01:20:01.924000+00:00,1.0,S
3522,3102,2021-06-11T01:19:59.094000+00:00,1.0,P
3522,3385,2021-06-11T01:20:01.924000+00:00,1.0,S
3523,3102,2021-06-11T01:19:59.094000+00:00,1.0,P
3523,3385,2021-06-11T01:20:01.924000+00:00,1.0,S
3524,3102,2021-06-11T01:19:59.094000+00:00,1.0,P
3524,3385,2021-06-11T01:20:01.924000+00:00,1.0,S
3525,3101,2021-06-11T01:19:59.084000+00:00,1.0,P
3525,3385,2021-06-11T01:20:01.924000+00:00,1.0,S
3526,3101,2021-06-11T01:19:59.084000+00:00,1.0,P
3526,3385,2021-06-11T01:20:01.924000+00:00,1.0,S
3527,3101,2021-06-11T01:19:59.084000+00:00,1.0,P
3527,3384,2021-06-11T01:20:01.914000+00:00,1.0,S
3528,3101,2021-06-11T01:19:59.084000+00:00,1.0,P
3528,3384,2021-06-11T01:20:01.914000+00:00,1.0,S
3529,3101,2021-06-11T01:19:59.084000+00:00,1.0,P
3529,3384,2021-06-11T01:20:01.914000+00:00,1.0,S
3530,3101,2021-06-11T01:19:59.084000+00:00,1.0,P
3530,3384,2021-06-11T01:20:01.914000+00:00,1.0,S
3531,3101,2021-06-11T01:19:59.084000+00:00,1.0,P
3531,3384,2021-06-11T01:20:01.914000+00:00,1.0,S
3532,3101,2021-06-11T01:19:59.084000+00:00,1.0,P
3532,3383,2021-06-11T01:20:01.904000+00:00,1.0,S
3533,3101,2021-06-11T01:19:59.084000+00:00,1.0,P
3533,3383,2021-06-11T01:20:01.904000+00:00,1.0,S
3534,3101,2021-06-11T01:19:59.084000+00:00,1.0,P
3534,3383,2021-06-11T01:20:01.904000+00:00,1.0,S
3535,3100,2021-06-11T01:19:59.074000+00:00,1.0,P
3535,3383,2021-06-11T01:20:01.904000+00:00,1.0,S
3536,3100,2021-06-11T01:19:59.074000+00:00,1.0,P
3536,3383,2021-06-11T01:20:01.904000+00:00,1.0,S
3537,3100,2021-06-11T01:19:59.074000+00:00,1.0,P
3537,3382,2021-06-11T01:20:01.894000+00:00,1.0,S
3538,3100,2021-06-11T01:19:59.074000+00:00,1.0,P
3538,3382,2021-06-11T01:20:01.894000+00:00,1.0,S
3539,3100,2021-06-11T01:19:59.074000+00:00,1.0,P
3539,3382,2021-06-11T01:20:01.894000+00:00,1.0,S
3540,3100,2021-06-11T01:19:59.074000+00:00,1.0,P
3540,3382,2021-06-11T01:20:01.894000+00:00,1.0,S
3541,3100,2021-06-11T01:19:59.074000+00:00,1.0,P
3541,3382,2021-06-11T01:20:01.894000+00:00,1.0,S
3542,3100,2021-06-11T01:19:59.074000+00:00,1.0,P
3542,3381,2021-06-11T01:20:01.884000+00:00,1.0,S
3543,3100,2021-06-11T01:19:59.074000+00:00,1.0,P
3543,3381,2021-06-11T01:20:01.884000+00:00,1.0,S
3544,3100,2021-06-11T01:19:59.074000+00:00,1.0,P
3544,3381,2021-06-11T01:20:01.884000+00:00,1.0,S
3545,3100,2021-06-11T01:19:59.074000+00:00,1.0,P
3545,3381,2021-06-11T01:20:01.884000+00:00,1.0,S
3546,3099,2021-06-11T01:19:59.064000+00:00,1.0,P
3546,3381,2021-06-11T01:20:01.884000+00:00,1.0,S
3547,3099,2021-06-11T01:19:59.064000+00:00,1.0,P
3547,3381,2021-06-11T01:20:01.884000+00:00,1.0,S
3548,3099,2021-06-11T01:19:59.064000+00:00,1.0,P
3548,3381,2021-06-11T01:20:01.884000+00:00,1.0,S
3549,3099,2021-06-11T01:19:59.064000+00:00,1.0,P
3549,3380,2021-06-11T01:20:01.873999+00:00,1.0,S
3550,3099,2021-06-11T01:19:59.064000+00:00,1.0,P
3550,3380,2021-06-11T01:20:01.873999+00:00,1.0,S
3551,3099,2021-06-11T01:19:59.064000+00:00,1.0,P
3551,3380,2021-06-11T01:20:01.873999+00:00,1.0,S
3552,3099,2021-06-11T01:19:59.064000+00:00,1.0,P
3552,3380,2021-06-11T01:20:01.873999+00:00,1.0,S
3553,3099,2021-06-11T01:19:59.064000+00:00,1.0,P
3553,3380,2021-06-11T01:20:01.873999+00:00,1.0,S
3554,3099,2021-06-11T01:19:59.064000+00:00,1.0,P
3554,3380,2021-06-11T01:20:01.873999+00:00,1.0,S
3555,3099,2021-06-11T01:19:59.064000+00:00,1.0,P
3555,3380,2021-06-11T01:20:01.873999+00:00,1.0,S
3556,3098,2021-06-11T01:19:59.054000+00:00,1.0,P
3556,3379,2021-06-11T01:20:01.864000+00:00,1.0,S
3557,3098,2021-06-11T01:19:59.054000+00:00,1.0,P
3557,3379,2021-06-11T01:20:01.864000+00:00,1.0,S
3558,3098,2021-06-11T01:19:59.054000+00:00,1.0,P
3558,3379,2021-06-11T01:20:01.864000+00:00,1.0,S
3559,3098,2021-06-11T01:19:59.054000+00:00,1.0,P
3559,3379,2021-06-11T01:20:01.864000+00:00,1.0,S
3560,3098,2021-06-11T01:19:59.054000+00:00,1.0,P
3560,3379,2021-06-11T01:20:01.864000+00:00,1.0,S
3561,3098,2021-06-11T01:19:59.054000+00:00,1.0,P
3561,3379,2021-06-11T01:20:01.864000+00:00,1.0,S
3562,3098,2021-06-11T01:19:59.054000+00:00,1.0,P
3562,3379,2021-06-11T01:20:01.864000+00:00,1.0,S
3563,3098,2021-06-11T01:19:59.054000+00:00,1.0,P
3563,3379,2021-06-11T01:20:01.864000+00:00,1.0,S
3564,3098,2021-06-11T01:19:59.054000+00:00,1.0,P
3564,3379,2021-06-11T01:20:01.864000+00:00,1.0,S
3565,3098,2021-06-11T01:19:59.054000+00:00,1.0,P
3565,3379,2021-06-11T01:20:01.864000+00:00,1.0,S
3566,3098,2021-06-11T01:19:59.054000+00:00,1.0,P
3566,3379,2021-06-11T01:20:01.864000+00:00,1.0,S
3567,3098,2021-06-11T01:19:59.054000+00:00,1.0,P
3567,3379,2021-06-11T01:20:01.864000+00:00,1.0,S
3568,3098,2021-06-11T01:19:59.054000+00:00,1.0,P
3568,3379,2021-06-11T01:20:01.864000+00:00,1.0,S
3569,3097,2021-06-11T01:19:59.044000+00:00,1.0,P
3569,3379,2021-06-11T01:20:01.864000+00:00,1.0,S
3570,3097,2021-06-11T01:19:59.044000+00:00,1.0,P
3570,3378,2021-06-11T01:20:01.854000+00:00,1.0,S
3571,3097,2021-06-11T01:19:59.044000+00:00,1.0,P
3571,3378,2021-06-11T01:20:01.854000+00:00,1.0,S
3572,3097,2021-06-11T01:19:59.044000+00:00,1.0,P
3572,3378,2021-06-11T01:20:01.854000+00:00,1.0,S
3573,3097,2021-06-11T01:19:59.044000+00:00,1.0,P
3573,3378,2021-06-11T01:20:01.854000+00:00,1.0,S
3574,3097,2021-06-11T01:19:59.044000+00:00,1.0,P
3574,3378,2021-06-11T01:20:01.854000+00:00,1.0,S
3575,3097,2021-06-11T01:19:59.044000+00:00,1.0,P
3575,3378,2021-06-11T01:20:01.854000+00:00,1.0,S
3576,3097,2021-06-11T01:19:59.044000+00:00,1.0,P
3576,3378,2021-06-11T01:20:01.854000+00:00,1.0,S
3577,3097,2021-06-11T01:19:59.044000+00:00,1.0,P
3577,3378,2021-06-11T01:20:01.854000+00:00,1.0,S
3578,3097,2021-06-11T01:19:59.044000+00:00,1.0,P
3578,3377,2021-06-11T01:20:01.844000+00:00,1.0,S
3579,3097,2021-06-11T01:19:59.044000+00:00,1.0,P
3579,3377,2021-06-11T01:20:01.844000+00:00,1.0,S
3580,3097,2021-06-11T01:19:59.044000+00:00,1.0,P
3580,3377,2021-06-11T01:20:01.844000+00:00,1.0,S
3581,3097,2021-06-11T01:19:59.044000+00:00,1.0,P
3581,3377,2021-06-11T01:20:01.844000+00:00,1.0,S
3582,3097,2021-06-11T01:19:59.044000+00:00,1.0,P
3582,3377,2021-06-11T01:20:01.844000+00:00,1.0,S
3583,3096,2021-06-11T01:19:59.034000+00:00,1.0,P
3583,3377,2021-06-11T01:20:01.844000+00:00,1.0,S
3584,3096,2021-06-11T01:19:59.034000+00:00,1.0,P
3584,3377,2021-06-11T01:20:01.844000+00:00,1.0,S
3585,3096,2021-06-11T01:19:59.034000+00:00,1.0,P
3585,3377,2021-06-11T01:20:01.844000+00:00,1.0,S
3586,3096,2021-06-11T01:19:59.034000+00:00,1.0,P
3586,3377,2021-06-11T01:20:01.844000+00:00,1.0,S
3587,3096,2021-06-11T01:19:59.034000+00:00,1.0,P
3587,3376,2021-06-11T01:20:01.833999+00:00,1.0,S
3588,3096,2021-06-11T01:19:59.034000+00:00,1.0,P
3588,3376,2021-06-11T01:20:01.833999+00:00,1.0,S
3589,3096,2021-06-11T01:19:59.034000+00:00,1.0,P
3589,3376,2021-06-11T01:20:01.833999+00:00,1.0,S
3590,3096,2021-06-11T01:19:59.034000+00:00,1.0,P
3590,3376,2021-06-11T01:20:01.833999+00:00,1.0,S
3591,3096,2021-06-11T01:19:59.034000+00:00,1.0,P
3591,3376,2021-06-11T01:20:01.833999+00:00,1.0,S
3592,3096,2021-06-11T01:19:59.034000+00:00,1.0,P
3592,3376,2021-06-11T01:20:01.833999+00:00,1.0,S
3593,3096,2021-06-11T01:19:59.034000+00:00,1.0,P
3593,3376,2021-06-11T01:20:01.833999+00:00,1.0,S
3594,3096,2021-06-11T01:19:59.034000+00:00,1.0,P
3594,3376,2021-06-11T01:20:01.833999+00:00,1.0,S
3595,3096,2021-06-11T01:19:59.034000+00:00,1.0,P
3595,3376,2021-06-11T01:20:01.833999+00:00,1.0,S
3596,3096,2021-06-11T01:19:59.034000+00:00,1.0,P
3596,3376,2021-06-11T01:20:01.833999+00:00,1.0,S
3597,3096,2021-06-11T01:19:59.034000+00:00,1.0,P
3597,3376,2021-06-11T01:20:01.833999+00:00,1.0,S
3598,3096,2021-06-11T01:19:59.034000+00:00,1.0,P
3598,3376,2021-06-11T01:20:01.833999+00:00,1.0,S
3599,3096,2021-06-11T01:19:59.034000+00:00,1.0,P
3599,3376,2021-06-11T01:20:01.833999+00:00,1.0,S
3600,3095,2021-06-11T01:19:59.024000+00:00,1.0,P
3600,3376,2021-06-11T01:20:01.833999+00:00,1.0,S
3601,3095,2021-06-11T01:19:59.024000+00:00,1.0,P
3601,3376,2021-06-11T01:20:01.833999+00:00,1.0,S
3602,3095,2021-06-11T01:19:59.024000+00:00,1.0,P
3602,3376,2021-06-11T01:20:01.833999+00:00,1.0,S
3603,3095,2021-06-11T01:19:59.024000+00:00,1.0,P
3603,3376,2021-06-11T01:20:01.833999+00:00,1.0,S
3604,3095,2021-06-11T01:19:59.024000+00:00,1.0,P
3604,3376,2021-06-11T01:20:01.833999+00:00,1.0,S
3605,3095,2021-06-11T01:19:59.024000+00:00,1.0,P
3605,3376,2021-06-11T01:20:01.833999+00:00,1.0,S
3606,3095,2021-06-11T01:19:59.024000+00:00,1.0,P
3606,3376,2021-06-11T01:20:01.833999+00:00,1.0,S
3607,3095,2021-06-11T01:19:59.024000+00:00,1.0,P
3607,3376,2021-06-11T01:20:01.833999+00:00,1.0,S
3608,3095,2021-06-11T01:19:59.024000+00:00,1.0,P
3608,3376,2021-06-11T01:20:01.833999+00:00,1.0,S
3609,3095,2021-06-11T01:19:59.024000+00:00,1.0,P
3609,3376,2021-06-11T01:20:01.833999+00:00,1.0,S
3610,3095,2021-06-11T01:19:59.024000+00:00,1.0,P
3610,3376,2021-06-11T01:20:01.833999+00:00,1.0,S
3611,3095,2021-06-11T01:19:59.024000+00:00,1.0,P
3611,3376,2021-06-11T01:20:01.833999+00:00,1.0,S
3612,3095,2021-06-11T01:19:59.024000+00:00,1.0,P
3612,3376,2021-06-11T01:20:01.833999+00:00,1.0,S
3613,3095,2021-06-11T01:19:59.024000+00:00,1.0,P
3613,3376,2021-06-11T01:20:01.833999+00:00,1.0,S
3614,3095,2021-06-11T01:19:59.024000+00:00,1.0,P
3614,3376,2021-06-11T01:20:01.833999+00:00,1.0,S
3615,3095,2021-06-11T01:19:59.024000+00:00,1.0,P
3615,3376,2021-06-11T01:20:01.833999+00:00,1.0,S
3616,3095,2021-06-11T01:19:59.024000+00:00,1.0,P
3616,3376,2021-06-11T01:20:01.833999+00:00,1.0,S
3617,3095,2021-06-11T01:19:59.024000+00:00,1.0,P
3617,3376,2021-06-11T01:20:01.833999+00:00,1.0,S
3618,3095,2021-06-11T01:19:59.024000+00:00,1.0,P
3618,3376,2021-06-11T01:20:01.833999+00:00,1.0,S
3619,3095,2021-06-11T01:19:59.024000+00:00,1.0,P
3619,3376,2021-06-11T01:20:01.833999+00:00,1.0,S
3620,3095,2021-06-11T01:19:59.024000+00:00,1.0,P
3620,3377,2021-06-11T01:20:01.844000+00:00,1.0,S
3621,3095,2021-06-11T01:19:59.024000+00:00,1.0,P
3621,3377,2021-06-11T01:20:01.844000+00:00,1.0,S
3622,3095,2021-06-11T01:19:59.024000+00:00,1.0,P
3622,3377,2021-06-11T01:20:01.844000+00:00,1.0,S
3623,3095,2021-06-11T01:19:59.024000+00:00,1.0,P
3623,3377,2021-06-11T01:20:01.844000+00:00,1.0,S
3624,3095,2021-06-11T01:19:59.024000+00:00,1.0,P
3624,3377,2021-06-11T01:20:01.844000+00:00,1.0,S
3625,3095,2021-06-11T01:19:59.024000+00:00,1.0,P
3625,3377,2021-06-11T01:20:01.844000+00:00,1.0,S
3626,3095,2021-06-11T01:19:59.024000+00:00,1.0,P
3626,3377,2021-06-11T01:20:01.844000+00:00,1.0,S
3627,3095,2021-06-11T01:19:59.024000+00:00,1.0,P
3627,3377,2021-06-11T01:20:01.844000+00:00,1.0,S
3628,3095,2021-06-11T01:19:59.024000+00:00,1.0,P
3628,3377,2021-06-11T01:20:01.844000+00:00,1.0,S
3629,3095,2021-06-11T01:19:59.024000+00:00,1.0,P
3629,3377,2021-06-11T01:20:01.844000+00:00,1.0,S
3630,3095,2021-06-11T01:19:59.024000+00:00,1.0,P
3630,3377,2021-06-11T01:20:01.844000+00:00,1.0,S
3631,3095,2021-06-11T01:19:59.024000+00:00,1.0,P
3631,3377,2021-06-11T01:20:01.844000+00:00,1.0,S
3632,3095,2021-06-11T01:19:59.024000+00:00,1.0,P
3632,3377,2021-06-11T01:20:01.844000+00:00,1.0,S
3633,3095,2021-06-11T01:19:59.024000+00:00,1.0,P
3633,3377,2021-06-11T01:20:01.844000+00:00,1.0,S
3634,3095,2021-06-11T01:19:59.024000+00:00,1.0,P
3634,3377,2021-06-11T01:20:01.844000+00:00,1.0,S
3635,3095,2021-06-11T01:19:59.024000+00:00,1.0,P
3635,3377,2021-06-11T01:20:01.844000+00:00,1.0,S
3636,3095,2021-06-11T01:19:59.024000+00:00,1.0,P
3636,3378,2021-06-11T01:20:01.854000+00:00,1.0,S
3637,3095,2021-06-11T01:19:59.024000+00:00,1.0,P
3637,3378,2021-06-11T01:20:01.854000+00:00,1.0,S
3638,3095,2021-06-11T01:19:59.024000+00:00,1.0,P
3638,3378,2021-06-11T01:20:01.854000+00:00,1.0,S
3639,3095,2021-06-11T01:19:59.024000+00:00,1.0,P
3639,3378,2021-06-11T01:20:01.854000+00:00,1.0,S
3640,3095,2021-06-11T01:19:59.024000+00:00,1.0,P
3640,3378,2021-06-11T01:20:01.854000+00:00,1.0,S
3641,3095,2021-06-11T01:19:59.024000+00:00,1.0,P
3641,3378,2021-06-11T01:20:01.854000+00:00,1.0,S
3642,3095,2021-06-11T01:19:59.024000+00:00,1.0,P
3642,3378,2021-06-11T01:20:01.854000+00:00,1.0,S
3643,3095,2021-06-11T01:19:59.024000+00:00,1.0,P
3643,3378,2021-06-11T01:20:01.854000+00:00,1.0,S
3644,3096,2021-06-11T01:19:59.034000+00:00,1.0,P
3644,3378,2021-06-11T01:20:01.854000+00:00,1.0,S
3645,3096,2021-06-11T01:19:59.034000+00:00,1.0,P
3645,3378,2021-06-11T01:20:01.854000+00:00,1.0,S
3646,3096,2021-06-11T01:19:59.034000+00:00,1.0,P
3646,3378,2021-06-11T01:20:01.854000+00:00,1.0,S
3647,3096,2021-06-11T01:19:59.034000+00:00,1.0,P
3647,3378,2021-06-11T01:20:01.854000+00:00,1.0,S
3648,3096,2021-06-11T01:19:59.034000+00:00,1.0,P
3648,3378,2021-06-11T01:20:01.854000+00:00,1.0,S
3649,3096,2021-06-11T01:19:59.034000+00:00,1.0,P
3649,3378,2021-06-11T01:20:01.854000+00:00,1.0,S
3650,3096,2021-06-11T01:19:59.034000+00:00,1.0,P
3650,3378,2021-06-11T01:20:01.854000+00:00,1.0,S
3651,3096,2021-06-11T01:19:59.034000+00:00,1.0,P
3651,3378,2021-06-11T01:20:01.854000+00:00,1.0,S
3652,3096,2021-06-11T01:19:59.034000+00:00,1.0,P
3652,3379,2021-06-11T01:20:01.864000+00:00,1.0,S
3653,3096,2021-06-11T01:19:59.034000+00:00,1.0,P
3653,3379,2021-06-11T01:20:01.864000+00:00,1.0,S
3654,3096,2021-06-11T01:19:59.034000+00:00,1.0,P
3654,3379,2021-06-11T01:20:01.864000+00:00,1.0,S
3655,3096,2021-06-11T01:19:59.034000+00:00,1.0,P
3655,3379,2021-06-11T01:20:01.864000+00:00,1.0,S
3656,3096,2021-06-11T01:19:59.034000+00:00,1.0,P
3656,3379,2021-06-11T01:20:01.864000+00:00,1.0,S
3657,3096,2021-06-11T01:19:59.034000+00:00,1.0,P
3657,3379,2021-06-11T01:20:01.864000+00:00,1.0,S
3658,3096,2021-06-11T01:19:59.034000+00:00,1.0,P
3658,3379,2021-06-11T01:20:01.864000+00:00,1.0,S
3659,3096,2021-06-11T01:19:59.034000+00:00,1.0,P
3659,3379,2021-06-11T01:20:01.864000+00:00,1.0,S
3660,3096,2021-06-11T01:19:59.034000+00:00,1.0,P
3660,3379,2021-06-11T01:20:01.864000+00:00,1.0,S
3661,3096,2021-06-11T01:19:59.034000+00:00,1.0,P
3661,3379,2021-06-11T01:20:01.864000+00:00,1.0,S
3662,3096,2021-06-11T01:19:59.034000+00:00,1.0,P
3662,3379,2021-06-11T01:20:01.864000+00:00,1.0,S
3663,3097,2021-06-11T01:19:59.044000+00:00,1.0,P
3663,3379,2021-06-11T01:20:01.864000+00:00,1.0,S
3664,3097,2021-06-11T01:19:59.044000+00:00,1.0,P
3664,3379,2021-06-11T01:20:01.864000+00:00,1.0,S
3665,3097,2021-06-11T01:19:59.044000+00:00,1.0,P
3665,3379,2021-06-11T01:20:01.864000+00:00,1.0,S
3666,3097,2021-06-11T01:19:59.044000+00:00,1.0,P
3666,3380,2021-06-11T01:20:01.873999+00:00,1.0,S
3667,3097,2021-06-11T01:19:59.044000+00:00,1.0,P
3667,3380,2021-06-11T01:20:01.873999+00:00,1.0,S
3668,3097,2021-06-11T01:19:59.044000+00:00,1.0,P
3668,3380,2021-06-11T01:20:01.873999+00:00,1.0,S
3669,3097,2021-06-11T01:19:59.044000+00:00,1.0,P
3669,3380,2021-06-11T01:20:01.873999+00:00,1.0,S
3670,3097,2021-06-11T01:19:59.044000+00:00,1.0,P
3670,3380,2021-06-11T01:20:01.873999+00:00,1.0,S
3671,3097,2021-06-11T01:19:59.044000+00:00,1.0,P
3671,3380,2021-06-11T01:20:01.873999+00:00,1.0,S
3672,3097,2021-06-11T01:19:59.044000+00:00,1.0,P
3672,3380,2021-06-11T01:20:01.873999+00:00,1.0,S
3673,3097,2021-06-11T01:19:59.044000+00:00,1.0,P
3673,3380,2021-06-11T01:20:01.873999+00:00,1.0,S
3674,3097,2021-06-11T01:19:59.044000+00:00,1.0,P
3674,3380,2021-06-11T01:20:01.873999+00:00,1.0,S
3675,3097,2021-06-11T01:19:59.044000+00:00,1.0,P
3675,3381,2021-06-11T01:20:01.884000+00:00,1.0,S
3676,3098,2021-06-11T01:19:59.054000+00:00,1.0,P
3676,3381,2021-06-11T01:20:01.884000+00:00,1.0,S
3677,3098,2021-06-11T01:19:59.054000+00:00,1.0,P
3677,3381,2021-06-11T01:20:01.884000+00:00,1.0,S
3678,3098,2021-06-11T01:19:59.054000+00:00,1.0,P
3678,3381,2021-06-11T01:20:01.884000+00:00,1.0,S
3679,3098,2021-06-11T01:19:59.054000+00:00,1.0,P
3679,3381,2021-06-11T01:20:01.884000+00:00,1.0,S
3680,3098,2021-06-11T01:19:59.054000+00:00,1.0,P
3680,3382,2021-06-11T01:20:01.894000+00:00,1.0,S
3681,3098,2021-06-11T01:19:59.054000+00:00,1.0,P
3681,3382,2021-06-11T01:20:01.894000+00:00,1.0,S
3682,3098,2021-06-11T01:19:59.054000+00:00,1.0,P
3682,3382,2021-06-11T01:20:01.894000+00:00,1.0,S
3683,3098,2021-06-11T01:19:59.054000+00:00,1.0,P
3683,3382,2021-06-11T01:20:01.894000+00:00,1.0,S
3684,3098,2021-06-11T01:19:59.054000+00:00,1.0,P
3684,3383,2021-06-11T01:20:01.904000+00:00,1.0,S
3685,3098,2021-06-11T01:19:59.054000+00:00,1.0,P
3685,3383,2021-06-11T01:20:01.904000+00:00,1.0,S
3686,3098,2021-06-11T01:19:59.054000+00:00,1.0,P
3686,3383,2021-06-11T01:20:01.904000+00:00,1.0,S
3687,3099,2021-06-11T01:19:59.064000+00:00,1.0,P
3687,3384,2021-06-11T01:20:01.914000+00:00,1.0,S
3688,3099,2021-06-11T01:19:59.064000+00:00,1.0,P
3688,3384,2021-06-11T01:20:01.914000+00:00,1.0,S
3689,3099,2021-06-11T01:19:59.064000+00:00,1.0,P
3689,3384,2021-06-11T01:20:01.914000+00:00,1.0,S
3690,3099,2021-06-11T01:19:59.064000+00:00,1.0,P
3690,3384,2021-06-11T01:20:01.914000+00:00,1.0,S
3691,3099,2021-06-11T01:19:59.064000+00:00,1.0,P
3691,3385,2021-06-11T01:20:01.924000+00:00,1.0,S
3692,3099,2021-06-11T01:19:59.064000+00:00,1.0,P
3692,3385,2021-06-11T01:20:01.924000+00:00,1.0,S
3693,3099,2021-06-11T01:19:59.064000+00:00,1.0,P
3693,3385,2021-06-11T01:20:01.924000+00:00,1.0,S
3694,3099,2021-06-11T01:19:59.064000+00:00,1.0,P
3694,3385,2021-06-11T01:20:01.924000+00:00,1.0,S
3695,3099,2021-06-11T01:19:59.064000+00:00,1.0,P
3695,3386,2021-06-11T01:20:01.934000+00:00,1.0,S
3696,3099,2021-06-11T01:19:59.064000+00:00,1.0,P
3696,3386,2021-06-11T01:20:01.934000+00:00,1.0,S
3697,3100,2021-06-11T01:19:59.074000+00:00,1.0,P
3697,3386,2021-06-11T01:20:01.934000+00:00,1.0,S
3698,3100,2021-06-11T01:19:59.074000+00:00,1.0,P
3698,3386,2021-06-11T01:20:01.934000+00:00,1.0,S
3699,3100,2021-06-11T01:19:59.074000+00:00,1.0,P
3699,3387,2021-06-11T01:20:01.943999+00:00,1.0,S
3700,3100,2021-06-11T01:19:59.074000+00:00,1.0,P
3700,3387,2021-06-11T01:20:01.943999+00:00,1.0,S
3701,3100,2021-06-11T01:19:59.074000+00:00,1.0,P
3701,3387,2021-06-11T01:20:01.943999+00:00,1.0,S
3702,3100,2021-06-11T01:19:59.074000+00:00,1.0,P
3702,3387,2021-06-11T01:20:01.943999+00:00,1.0,S
3703,3100,2021-06-11T01:19:59.074000+00:00,1.0,P
3703,3388,2021-06-11T01:20:01.954000+00:00,1.0,S
3704,3100,2021-06-11T01:19:59.074000+00:00,1.0,P
3704,3388,2021-06-11T01:20:01.954000+00:00,1.0,S
3705,3100,2021-06-11T01:19:59.074000+00:00,1.0,P
3705,3388,2021-06-11T01:20:01.954000+00:00,1.0,S
3706,3100,2021-06-11T01:19:59.074000+00:00,1.0,P
3706,3388,2021-06-11T01:20:01.954000+00:00,1.0,S
3707,3101,2021-06-11T01:19:59.084000+00:00,1.0,P
3707,3389,2021-06-11T01:20:01.964000+00:00,1.0,S
3708,3101,2021-06-11T01:19:59.084000+00:00,1.0,P
3708,3389,2021-06-11T01:20:01.964000+00:00,1.0,S
3709,3101,2021-06-11T01:19:59.084000+00:00,1.0,P
3709,3389,2021-06-11T01:20:01.964000+00:00,1.0,S
3710,3101,2021-06-11T01:19:59.084000+00:00,1.0,P
3710,3389,2021-06-11T01:20:01.964000+00:00,1.0,S
3711,3101,2021-06-11T01:19:59.084000+00:00,1.0,P
3711,3390,2021-06-11T01:20:01.974000+00:00,1.0,S
3712,3101,2021-06-11T01:19:59.084000+00:00,1.0,P
3712,3390,2021-06-11T01:20:01.974000+00:00,1.0,S
3713,3101,2021-06-11T01:19:59.084000+00:00,1.0,P
3713,3390,2021-06-11T01:20:01.974000+00:00,1.0,S
3714,3101,2021-06-11T01:19:59.084000+00:00,1.0,P
3714,3390,2021-06-11T01:20:01.974000+00:00,1.0,S
3715,3101,2021-06-11T01:19:59.084000+00:00,1.0,P
3715,3391,2021-06-11T01:20:01.984000+00:00,1.0,S
3716,3102,2021-06-11T01:19:59.094000+00:00,1.0,P
3716,3391,2021-06-11T01:20:01.984000+00:00,1.0,S
3717,3102,2021-06-11T01:19:59.094000+00:00,1.0,P
3717,3391,2021-06-11T01:20:01.984000+00:00,1.0,S
3718,3102,2021-06-11T01:19:59.094000+00:00,1.0,P
3718,3392,2021-06-11T01:20:01.994000+00:00,1.0,S
3719,3102,2021-06-11T01:19:59.094000+00:00,1.0,P
3719,3392,2021-06-11T01:20:01.994000+00:00,1.0,S
3720,3102,2021-06-11T01:19:59.094000+00:00,1.0,P
3720,3392,2021-06-11T01:20:01.994000+00:00,1.0,S
3721,3102,2021-06-11T01:19:59.094000+00:00,1.0,P
3721,3392,2021-06-11T01:20:01.994000+00:00,1.0,S
3722,3102,2021-06-11T01:19:59.094000+00:00,1.0,P
3722,3393,2021-06-11T01:20:02.004000+00:00,1.0,S
3723,3103,2021-06-11T01:19:59.104000+00:00,1.0,P
3723,3393,2021-06-11T01:20:02.004000+00:00,1.0,S
3724,3103,2021-06-11T01:19:59.104000+00:00,1.0,P
3724,3393,2021-06-11T01:20:02.004000+00:00,1.0,S
3725,3103,2021-06-11T01:19:59.104000+00:00,1.0,P
3725,3394,2021-06-11T01:20:02.013999+00:00,1.0,S
3726,3103,2021-06-11T01:19:59.104000+00:00,1.0,P
3726,3394,2021-06-11T01:20:02.013999+00:00,1.0,S
3727,3103,2021-06-11T01:19:59.104000+00:00,1.0,P
3727,3394,2021-06-11T01:20:02.013999+00:00,1.0,S
3728,3103,2021-06-11T01:19:59.104000+00:00,1.0,P
3728,3395,2021-06-11T01:20:02.024000+00:00,1.0,S
3729,3103,2021-06-11T01:19:59.104000+00:00,1.0,P
3729,3395,2021-06-11T01:20:02.024000+00:00,1.0,S
3730,3104,2021-06-11T01:19:59.114000+00:00,1.0,P
3730,3395,2021-06-11T01:20:02.024000+00:00,1.0,S
3731,3104,2021-06-11T01:19:59.114000+00:00,1.0,P
3731,3396,2021-06-11T01:20:02.034000+00:00,1.0,S
3732,3104,2021-06-11T01:19:59.114000+00:00,1.0,P
3732,3396,2021-06-11T01:20:02.034000+00:00,1.0,S
3733,3104,2021-06-11T01:19:59.114000+00:00,1.0,P
3733,3396,2021-06-11T01:20:02.034000+00:00,1.0,S
3734,3104,2021-06-11T01:19:59.114000+00:00,1.0,P
3734,3397,2021-06-11T01:20:02.044000+00:00,1.0,S
3735,3104,2021-06-11T01:19:59.114000+00:00,1.0,P
3735,3397,2021-06-11T01:20:02.044000+00:00,1.0,S
3736,3105,2021-06-11T01:19:59.124000+00:00,1.0,P
3736,3397,2021-06-11T01:20:02.044000+00:00,1.0,S
3737,3105,2021-06-11T01:19:59.124000+00:00,1.0,P
3737,3398,2021-06-11T01:20:02.054000+00:00,1.0,S
3738,3105,2021-06-11T01:19:59.124000+00:00,1.0,P
3738,3398,2021-06-11T01:20:02.054000+00:00,1.0,S
3739,3105,2021-06-11T01:19:59.124000+00:00,1.0,P
3739,3398,2021-06-11T01:20:02.054000+00:00,1.0,S
3740,3105,2021-06-11T01:19:59.124000+00:00,1.0,P
3740,3399,2021-06-11T01:20:02.064000+00:00,1.0,S
3741,3105,2021-06-11T01:19:59.124000+00:00,1.0,P
3741,3399,2021-06-11T01:20:02.064000+00:00,1.0,S
3742,3105,2021-06-11T01:19:59.124000+00:00,1.0,P
3742,3399,2021-06-11T01:20:02.064000+00:00,1.0,S
3743,3106,2021-06-11T01:19:59.134000+00:00,1.0,P
3743,3400,2021-06-11T01:20:02.074000+00:00,1.0,S
3744,3106,2021-06-11T01:19:59.134000+00:00,1.0,P
3744,3400,2021-06-11T01:20:02.074000+00:00,1.0,S
3745,3106,2021-06-11T01:19:59.134000+00:00,1.0,P
3745,3400,2021-06-11T01:20:02.074000+00:00,1.0,S
3746,3106,2021-06-11T01:19:59.134000+00:00,1.0,P
3746,3401,2021-06-11T01:20:02.083999+00:00,1.0,S
3747,3106,2021-06-11T01:19:59.134000+00:00,1.0,P
3747,3401,2021-06-11T01:20:02.083999+00:00,1.0,S
3748,3106,2021-06-11T01:19:59.134000+00:00,1.0,P
3748,3401,2021-06-11T01:20:02.083999+00:00,1.0,S
3749,3106,2021-06-11T01:19:59.134000+00:00,1.0,P
3749,3402,2021-06-11T01:20:02.094000+00:00,1.0,S
3750,3106,2021-06-11T01:19:59.134000+00:00,1.0,P
3750,3402,2021-06-11T01:20:02.094000+00:00,1.0,S
3751,3107,2021-06-11T01:19:59.144000+00:00,1.0,P
3751,3403,2021-06-11T01:20:02.104000+00:00,1.0,S
3752,3107,2021-06-11T01:19:59.144000+00:00,1.0,P
3752,3403,2021-06-11T01:20:02.104000+00:00,1.0,S
3753,3107,2021-06-11T01:19:59.144000+00:00,1.0,P
3753,3403,2021-06-11T01:20:02.104000+00:00,1.0,S
3754,3107,2021-06-11T01:19:59.144000+00:00,1.0,P
3754,3404,2021-06-11T01:20:02.114000+00:00,1.0,S
3755,3107,2021-06-11T01:19:59.144000+00:00,1.0,P
3755,3404,2021-06-11T01:20:02.114000+00:00,1.0,S
3756,3107,2021-06-11T01:19:59.144000+00:00,1.0,P
3756,3405,2021-06-11T01:20:02.123999+00:00,1.0,S
3757,3107,2021-06-11T01:19:59.144000+00:00,1.0,P
3757,3405,2021-06-11T01:20:02.123999+00:00,1.0,S
3758,3107,2021-06-11T01:19:59.144000+00:00,1.0,P
3758,3405,2021-06-11T01:20:02.123999+00:00,1.0,S
3759,3107,2021-06-11T01:19:59.144000+00:00,1.0,P
3759,3406,2021-06-11T01:20:02.134000+00:00,1.0,S
3760,3107,2021-06-11T01:19:59.144000+00:00,1.0,P
3760,3406,2021-06-11T01:20:02.134000+00:00,1.0,S
3761,3107,2021-06-11T01:19:59.144000+00:00,1.0,P
3761,3406,2021-06-11T01:20:02.134000+00:00,1.0,S
3762,3107,2021-06-11T01:19:59.144000+00:00,1.0,P
3762,3407,2021-06-11T01:20:02.144000+00:00,1.0,S
3763,3107,2021-06-11T01:19:59.144000+00:00,1.0,P
3763,3407,2021-06-11T01:20:02.144000+00:00,1.0,S
3764,3108,2021-06-11T01:19:59.154000+00:00,1.0,P
3764,3408,2021-06-11T01:20:02.154000+00:00,1.0,S
3765,3108,2021-06-11T01:19:59.154000+00:00,1.0,P
3765,3408,2021-06-11T01:20:02.154000+00:00,1.0,S
3766,3108,2021-06-11T01:19:59.154000+00:00,1.0,P
3766,3408,2021-06-11T01:20:02.154000+00:00,1.0,S
3767,3108,2021-06-11T01:19:59.154000+00:00,1.0,P
3767,3409,2021-06-11T01:20:02.164000+00:00,1.0,S
3768,3108,2021-06-11T01:19:59.154000+00:00,1.0,P
3768,3409,2021-06-11T01:20:02.164000+00:00,1.0,S
3769,3108,2021-06-11T01:19:59.154000+00:00,1.0,P
3769,3409,2021-06-11T01:20:02.164000+00:00,1.0,S
3770,3108,2021-06-11T01:19:59.154000+00:00,1.0,P
3770,3410,2021-06-11T01:20:02.174000+00:00,1.0,S
3771,3108,2021-06-11T01:19:59.154000+00:00,1.0,P
3771,3410,2021-06-11T01:20:02.174000+00:00,1.0,S
3772,3108,2021-06-11T01:19:59.154000+00:00,1.0,P
3772,3411,2021-06-11T01:20:02.184000+00:00,1.0,S
3773,3108,2021-06-11T01:19:59.154000+00:00,1.0,P
3773,3411,2021-06-11T01:20:02.184000+00:00,1.0,S
3774,3108,2021-06-11T01:19:59.154000+00:00,1.0,P
3774,3411,2021-06-11T01:20:02.184000+00:00,1.0,S
3775,3108,2021-06-11T01:19:59.154000+00:00,1.0,P
3775,3412,2021-06-11T01:20:02.193999+00:00,1.0,S
3776,3109,2021-06-11T01:19:59.164000+00:00,1.0,P
3776,3412,2021-06-11T01:20:02.193999+00:00,1.0,S
3777,3109,2021-06-11T01:19:59.164000+00:00,1.0,P
3777,3413,2021-06-11T01:20:02.204000+00:00,1.0,S
3778,3109,2021-06-11T01:19:59.164000+00:00,1.0,P
3778,3413,2021-06-11T01:20:02.204000+00:00,1.0,S
3779,3109,2021-06-11T01:19:59.164000+00:00,1.0,P
3779,3414,2021-06-11T01:20:02.214000+00:00,1.0,S
3780,3109,2021-06-11T01:19:59.164000+00:00,1.0,P
3780,3414,2021-06-11T01:20:02.214000+00:00,1.0,S
3781,3109,2021-06-11T01:19:59.164000+00:00,1.0,P
3781,3415,2021-06-11T01:20:02.224000+00:00,1.0,S
3782,3109,2021-06-11T01:19:59.164000+00:00,1.0,P
3782,3415,2021-06-11T01:20:02.224000+00:00,1.0,S
3783,3109,2021-06-11T01:19:59.164000+00:00,1.0,P
3783,3416,2021-06-11T01:20:02.234000+00:00,1.0,S
3784,3109,2021-06-11T01:19:59.164000+00:00,1.0,P
3784,3416,2021-06-11T01:20:02.234000+00:00,1.0,S
3785,3109,2021-06-11T01:19:59.164000+00:00,1.0,P
3785,3416,2021-06-11T01:20:02.234000+00:00,1.0,S
3786,3110,2021-06-11T01:19:59.174000+00:00,1.0,P
3786,3417,2021-06-11T01:20:02.244000+00:00,1.0,S
3787,3110,2021-06-11T01:19:59.174000+00:00,1.0,P
3787,3417,2021-06-11T01:20:02.244000+00:00,1.0,S
3788,3110,2021-06-11T01:19:59.174000+00:00,1.0,P
3788,3417,2021-06-11T01:20:02.244000+00:00,1.0,S
3789,3110,2021-06-11T01:19:59.174000+00:00,1.0,P
3789,3418,2021-06-11T01:20:02.254000+00:00,1.0,S
3790,3111,2021-06-11T01:19:59.184000+00:00,1.0,P
3790,3418,2021-06-11T01:20:02.254000+00:00,1.0,S
3791,3111,2021-06-11T01:19:59.184000+00:00,1.0,P
3791,3419,2021-06-11T01:20:02.263999+00:00,1.0,S
3792,3111,2021-06-11T01:19:59.184000+00:00,1.0,P
3792,3419,2021-06-11T01:20:02.263999+00:00,1.0,S
3793,3111,2021-06-11T01:19:59.184000+00:00,1.0,P
3793,3419,2021-06-11T01:20:02.263999+00:00,1.0,S
3794,3111,2021-06-11T01:19:59.184000+00:00,1.0,P
3794,3420,2021-06-11T01:20:02.274000+00:00,1.0,S
3795,3112,2021-06-11T01:19:59.194000+00:00,1.0,P
3795,3420,2021-06-11T01:20:02.274000+00:00,1.0,S
3796,3112,2021-06-11T01:19:59.194000+00:00,1.0,P
3796,3420,2021-06-11T01:20:02.274000+00:00,1.0,S
3797,3112,2021-06-11T01:19:59.194000+00:00,1.0,P
3797,3420,2021-06-11T01:20:02.274000+00:00,1.0,S
3798,3112,2021-06-11T01:19:59.194000+00:00,1.0,P
3798,3421,2021-06-11T01:20:02.284000+00:00,1.0,S
3799,3113,2021-06-11T01:19:59.204000+00:00,1.0,P
3799,3421,2021-06-11T01:20:02.284000+00:00,1.0,S
3800,3113,2021-06-11T01:19:59.204000+00:00,1.0,P
3800,3421,2021-06-11T01:20:02.284000+00:00,1.0,S
3801,3113,2021-06-11T01:19:59.204000+00:00,1.0,P
3801,3422,2021-06-11T01:20:02.294000+00:00,1.0,S
3802,3113,2021-06-11T01:19:59.204000+00:00,1.0,P
3802,3422,2021-06-11T01:20:02.294000+00:00,1.0,S
3803,3114,2021-06-11T01:19:59.214000+00:00,1.0,P
3803,3422,2021-06-11T01:20:02.294000+00:00,1.0,S
3804,3114,2021-06-11T01:19:59.214000+00:00,1.0,P
3804,3423,2021-06-11T01:20:02.304000+00:00,1.0,S
3805,3114,2021-06-11T01:19:59.214000+00:00,1.0,P
3805,3423,2021-06-11T01:20:02.304000+00:00,1.0,S
3806,3114,2021-06-11T01:19:59.214000+00:00,1.0,P
3806,3423,2021-06-11T01:20:02.304000+00:00,1.0,S
3807,3114,2021-06-11T01:19:59.214000+00:00,1.0,P
3807,3424,2021-06-11T01:20:02.314000+00:00,1.0,S
3808,3115,2021-06-11T01:19:59.224000+00:00,1.0,P
3808,3424,2021-06-11T01:20:02.314000+00:00,1.0,S
3809,3115,2021-06-11T01:19:59.224000+00:00,1.0,P
3809,3424,2021-06-11T01:20:02.314000+00:00,1.0,S
3810,3115,2021-06-11T01:19:59.224000+00:00,1.0,P
3810,3425,2021-06-11T01:20:02.324000+00:00,1.0,S
3811,3115,2021-06-11T01:19:59.224000+00:00,1.0,P
3811,3425,2021-06-11T01:20:02.324000+00:00,1.0,S
3812,3116,2021-06-11T01:19:59.234000+00:00,1.0,P
3812,3426,2021-06-11T01:20:02.333999+00:00,1.0,S
3813,3116,2021-06-11T01:19:59.234000+00:00,1.0,P
3813,3426,2021-06-11T01:20:02.333999+00:00,1.0,S
3814,3116,2021-06-11T01:19:59.234000+00:00,1.0,P
3814,3426,2021-06-11T01:20:02.333999+00:00,1.0,S
3815,3116,2021-06-11T01:19:59.234000+00:00,1.0,P
3815,3427,2021-06-11T01:20:02.344000+00:00,1.0,S
3816,3117,2021-06-11T01:19:59.244000+00:00,1.0,P
3816,3427,2021-06-11T01:20:02.344000+00:00,1.0,S
3817,3117,2021-06-11T01:19:59.244000+00:00,1.0,P
3817,3428,2021-06-11T01:20:02.354000+00:00,1.0,S
3818,3117,2021-06-11T01:19:59.244000+00:00,1.0,P
3818,3428,2021-06-11T01:20:02.354000+00:00,1.0,S
3819,3117,2021-06-11T01:19:59.244000+00:00,1.0,P
3819,3428,2021-06-11T01:20:02.354000+00:00,1.0,S
3820,3117,2021-06-11T01:19:59.244000+00:00,1.0,P
3820,3429,2021-06-11T01:20:02.364000+00:00,1.0,S
3821,3118,2021-06-11T01:19:59.254000+00:00,1.0,P
3821,3429,2021-06-11T01:20:02.364000+00:00,1.0,S
3822,3118,2021-06-11T01:19:59.254000+00:00,1.0,P
3822,3429,2021-06-11T01:20:02.364000+00:00,1.0,S
3823,3118,2021-06-11T01:19:59.254000+00:00,1.0,P
3823,3429,2021-06-11T01:20:02.364000+00:00,1.0,S
3824,3118,2021-06-11T01:19:59.254000+00:00,1.0,P
3824,3430,2021-06-11T01:20:02.374000+00:00,1.0,S
3825,3119,2021-06-11T01:19:59.264000+00:00,1.0,P
3825,3430,2021-06-11T01:20:02.374000+00:00,1.0,S
3826,3119,2021-06-11T01:19:59.264000+00:00,1.0,P
3826,3430,2021-06-11T01:20:02.374000+00:00,1.0,S
3827,3119,2021-06-11T01:19:59.264000+00:00,1.0,P
3827,3430,2021-06-11T01:20:02.374000+00:00,1.0,S
3828,3119,2021-06-11T01:19:59.264000+00:00,1.0,P
3828,3431,2021-06-11T01:20:02.384000+00:00,1.0,S
3829,3119,2021-06-11T01:19:59.264000+00:00,1.0,P
3829,3431,2021-06-11T01:20:02.384000+00:00,1.0,S
3830,3119,2021-06-11T01:19:59.264000+00:00,1.0,P
3830,3431,2021-06-11T01:20:02.384000+00:00,1.0,S
3831,3120,2021-06-11T01:19:59.274000+00:00,1.0,P
3831,3431,2021-06-11T01:20:02.384000+00:00,1.0,S
3832,3120,2021-06-11T01:19:59.274000+00:00,1.0,P
3832,3432,2021-06-11T01:20:02.394000+00:00,1.0,S
3833,3120,2021-06-11T01:19:59.274000+00:00,1.0,P
3833,3432,2021-06-11T01:20:02.394000+00:00,1.0,S
3834,3120,2021-06-11T01:19:59.274000+00:00,1.0,P
3834,3432,2021-06-11T01:20:02.394000+00:00,1.0,S
3835,3120,2021-06-11T01:19:59.274000+00:00,1.0,P
3835,3433,2021-06-11T01:20:02.404000+00:00,1.0,S
3836,3121,2021-06-11T01:19:59.284000+00:00,1.0,P
3836,3433,2021-06-11T01:20:02.404000+00:00,1.0,S
3837,3121,2021-06-11T01:19:59.284000+00:00,1.0,P
3837,3433,2021-06-11T01:20:02.404000+00:00,1.0,S
3838,3121,2021-06-11T01:19:59.284000+00:00,1.0,P
3838,3434,2021-06-11T01:20:02.414000+00:00,1.0,S
3839,3121,2021-06-11T01:19:59.284000+00:00,1.0,P
3839,3434,2021-06-11T01:20:02.414000+00:00,1.0,S
3840,3121,2021-06-11T01:19:59.284000+00:00,1.0,P
3840,3434,2021-06-11T01:20:02.414000+00:00,1.0,S
3841,3121,2021-06-11T01:19:59.284000+00:00,1.0,P
3841,3434,2021-06-11T01:20:02.414000+00:00,1.0,S
3842,3122,2021-06-11T01:19:59.294000+00:00,1.0,P
3842,3435,2021-06-11T01:20:02.424000+00:00,1.0,S
3843,3122,2021-06-11T01:19:59.294000+00:00,1.0,P
3843,3435,2021-06-11T01:20:02.424000+00:00,1.0,S
3844,3122,2021-06-11T01:19:59.294000+00:00,1.0,P
3844,3435,2021-06-11T01:20:02.424000+00:00,1.0,S
3845,3122,2021-06-11T01:19:59.294000+00:00,1.0,P
3845,3436,2021-06-11T01:20:02.434000+00:00,1.0,S
3846,3122,2021-06-11T01:19:59.294000+00:00,1.0,P
3846,3436,2021-06-11T01:20:02.434000+00:00,1.0,S
3847,3122,2021-06-11T01:19:59.294000+00:00,1.0,P
3847,3436,2021-06-11T01:20:02.434000+00:00,1.0,S
3848,3123,2021-06-11T01:19:59.304000+00:00,1.0,P
3848,3436,2021-06-11T01:20:02.434000+00:00,1.0,S
3849,3123,2021-06-11T01:19:59.304000+00:00,1.0,P
3849,3437,2021-06-11T01:20:02.444000+00:00,1.0,S
3850,3123,2021-06-11T01:19:59.304000+00:00,1.0,P
3850,3437,2021-06-11T01:20:02.444000+00:00,1.0,S
3851,3123,2021-06-11T01:19:59.304000+00:00,1.0,P
3851,3437,2021-06-11T01:20:02.444000+00:00,1.0,S
3852,3123,2021-06-11T01:19:59.304000+00:00,1.0,P
3852,3438,2021-06-11T01:20:02.454000+00:00,1.0,S
3853,3123,2021-06-11T01:19:59.304000+00:00,1.0,P
3853,3438,2021-06-11T01:20:02.454000+00:00,1.0,S
3854,3124,2021-06-11T01:19:59.314000+00:00,1.0,P
3854,3438,2021-06-11T01:20:02.454000+00:00,1.0,S
3855,3124,2021-06-11T01:19:59.314000+00:00,1.0,P
3855,3438,2021-06-11T01:20:02.454000+00:00,1.0,S
3856,3124,2021-06-11T01:19:59.314000+00:00,1.0,P
3856,3439,2021-06-11T01:20:02.464000+00:00,1.0,S
3857,3124,2021-06-11T01:19:59.314000+00:00,1.0,P
3857,3439,2021-06-11T01:20:02.464000+00:00,1.0,S
3858,3124,2021-06-11T01:19:59.314000+00:00,1.0,P
3858,3439,2021-06-11T01:20:02.464000+00:00,1.0,S
3859,3124,2021-06-11T01:19:59.314000+00:00,1.0,P
3859,3439,2021-06-11T01:20:02.464000+00:00,1.0,S
3860,3125,2021-06-11T01:19:59.324000+00:00,1.0,P
3860,3440,2021-06-11T01:20:02.474000+00:00,1.0,S
3861,3125,2021-06-11T01:19:59.324000+00:00,1.0,P
3861,3440,2021-06-11T01:20:02.474000+00:00,1.0,S
3862,3125,2021-06-11T01:19:59.324000+00:00,1.0,P
3862,3440,2021-06-11T01:20:02.474000+00:00,1.0,S
3863,3125,2021-06-11T01:19:59.324000+00:00,1.0,P
3863,3440,2021-06-11T01:20:02.474000+00:00,1.0,S
3864,3125,2021-06-11T01:19:59.324000+00:00,1.0,P
3864,3441,2021-06-11T01:20:02.484000+00:00,1.0,S
3865,3125,2021-06-11T01:19:59.324000+00:00,1.0,P
3865,3441,2021-06-11T01:20:02.484000+00:00,1.0,S
3866,3126,2021-06-11T01:19:59.334000+00:00,1.0,P
3866,3441,2021-06-11T01:20:02.484000+00:00,1.0,S
3867,3126,2021-06-11T01:19:59.334000+00:00,1.0,P
3867,3442,2021-06-11T01:20:02.494000+00:00,1.0,S
3868,3126,2021-06-11T01:19:59.334000+00:00,1.0,P
3868,3442,2021-06-11T01:20:02.494000+00:00,1.0,S
3869,3126,2021-06-11T01:19:59.334000+00:00,1.0,P
3869,3442,2021-06-11T01:20:02.494000+00:00,1.0,S
3870,3126,2021-06-11T01:19:59.334000+00:00,1.0,P
3870,3442,2021-06-11T01:20:02.494000+00:00,1.0,S
3871,3126,2021-06-11T01:19:59.334000+00:00,1.0,P
3871,3443,2021-06-11T01:20:02.504000+00:00,1.0,S
3872,3126,2021-06-11T01:19:59.334000+00:00,1.0,P
3872,3443,2021-06-11T01:20:02.504000+00:00,1.0,S
3873,3127,2021-06-11T01:19:59.344000+00:00,1.0,P
3873,3443,2021-06-11T01:20:02.504000+00:00,1.0,S
3874,3127,2021-06-11T01:19:59.344000+00:00,1.0,P
3874,3443,2021-06-11T01:20:02.504000+00:00,1.0,S
3875,3127,2021-06-11T01:19:59.344000+00:00,1.0,P
3875,3443,2021-06-11T01:20:02.504000+00:00,1.0,S
3876,3127,2021-06-11T01:19:59.344000+00:00,1.0,P
3876,3444,2021-06-11T01:20:02.514000+00:00,1.0,S
3877,3127,2021-06-11T01:19:59.344000+00:00,1.0,P
3877,3444,2021-06-11T01:20:02.514000+00:00,1.0,S
3878,3127,2021-06-11T01:19:59.344000+00:00,1.0,P
3878,3444,2021-06-11T01:20:02.514000+00:00,1.0,S
3879,3128,2021-06-11T01:19:59.354000+00:00,1.0,P
3879,3444,2021-06-11T01:20:02.514000+00:00,1.0,S
3880,3128,2021-06-11T01:19:59.354000+00:00,1.0,P
3880,3444,2021-06-11T01:20:02.514000+00:00,1.0,S
3881,3128,2021-06-11T01:19:59.354000+00:00,1.0,P
3881,3444,2021-06-11T01:20:02.514000+00:00,1.0,S
3882,3128,2021-06-11T01:19:59.354000+00:00,1.0,P
3882,3445,2021-06-11T01:20:02.524000+00:00,1.0,S
3883,3128,2021-06-11T01:19:59.354000+00:00,1.0,P
3883,3445,2021-06-11T01:20:02.524000+00:00,1.0,S
3884,3128,2021-06-11T01:19:59.354000+00:00,1.0,P
3884,3445,2021-06-11T01:20:02.524000+00:00,1.0,S
3885,3128,2021-06-11T01:19:59.354000+00:00,1.0,P
3885,3445,2021-06-11T01:20:02.524000+00:00,1.0,S
3886,3129,2021-06-11T01:19:59.364000+00:00,1.0,P
3886,3445,2021-06-11T01:20:02.524000+00:00,1.0,S
3887,3129,2021-06-11T01:19:59.364000+00:00,1.0,P
3887,3445,2021-06-11T01:20:02.524000+00:00,1.0,S
3888,3129,2021-06-11T01:19:59.364000+00:00,1.0,P
3888,3446,2021-06-11T01:20:02.534000+00:00,1.0,S
3889,3129,2021-06-11T01:19:59.364000+00:00,1.0,P
3889,3446,2021-06-11T01:20:02.534000+00:00,1.0,S
3890,3129,2021-06-11T01:19:59.364000+00:00,1.0,P
3890,3446,2021-06-11T01:20:02.534000+00:00,1.0,S
3891,3129,2021-06-11T01:19:59.364000+00:00,1.0,P
3891,3446,2021-06-11T01:20:02.534000+00:00,1.0,S
3892,3130,2021-06-11T01:19:59.374000+00:00,1.0,P
3892,3446,2021-06-11T01:20:02.534000+00:00,1.0,S
3893,3130,2021-06-11T01:19:59.374000+00:00,1.0,P
3893,3446,2021-06-11T01:20:02.534000+00:00,1.0,S
3894,3130,2021-06-11T01:19:59.374000+00:00,1.0,P
3894,3447,2021-06-11T01:20:02.544000+00:00,1.0,S
3895,3130,2021-06-11T01:19:59.374000+00:00,1.0,P
3895,3447,2021-06-11T01:20:02.544000+00:00,1.0,S
3896,3130,2021-06-11T01:19:59.374000+00:00,1.0,P
3896,3447,2021-06-11T01:20:02.544000+00:00,1.0,S
3897,3130,2021-06-11T01:19:59.374000+00:00,1.0,P
3897,3447,2021-06-11T01:20:02.544000+00:00,1.0,S
3898,3130,2021-06-11T01:19:59.374000+00:00,1.0,P
3898,3447,2021-06-11T01:20:02.544000+00:00,1.0,S
3899,3130,2021-06-11T01:19:59.374000+00:00,1.0,P
3899,3448,2021-06-11T01:20:02.554000+00:00,1.0,S
3900,3131,2021-06-11T01:19:59.384000+00:00,1.0,P
3900,3448,2021-06-11T01:20:02.554000+00:00,1.0,S
3901,3131,2021-06-11T01:19:59.384000+00:00,1.0,P
3901,3448,2021-06-11T01:20:02.554000+00:00,1.0,S
3902,3131,2021-06-11T01:19:59.384000+00:00,1.0,P
3902,3448,2021-06-11T01:20:02.554000+00:00,1.0,S
3903,3131,2021-06-11T01:19:59.384000+00:00,1.0,P
3903,3448,2021-06-11T01:20:02.554000+00:00,1.0,S
3904,3131,2021-06-11T01:19:59.384000+00:00,1.0,P
3904,3448,2021-06-11T01:20:02.554000+00:00,1.0,S
3905,3131,2021-06-11T01:19:59.384000+00:00,1.0,P
3905,3448,2021-06-11T01:20:02.554000+00:00,1.0,S
3906,3131,2021-06-11T01:19:59.384000+00:00,1.0,P
3906,3449,2021-06-11T01:20:02.564000+00:00,1.0,S
3907,3131,2021-06-11T01:19:59.384000+00:00,1.0,P
3907,3449,2021-06-11T01:20:02.564000+00:00,1.0,S
3908,3132,2021-06-11T01:19:59.394000+00:00,1.0,P
3908,3449,2021-06-11T01:20:02.564000+00:00,1.0,S
3909,3132,2021-06-11T01:19:59.394000+00:00,1.0,P
3909,3449,2021-06-11T01:20:02.564000+00:00,1.0,S
3910,3132,2021-06-11T01:19:59.394000+00:00,1.0,P
3910,3449,2021-06-11T01:20:02.564000+00:00,1.0,S
3911,3132,2021-06-11T01:19:59.394000+00:00,1.0,P
3911,3450,2021-06-11T01:20:02.574000+00:00,1.0,S
3912,3132,2021-06-11T01:19:59.394000+00:00,1.0,P
3912,3450,2021-06-11T01:20:02.574000+00:00,1.0,S
3913,3132,2021-06-11T01:19:59.394000+00:00,1.0,P
3913,3450,2021-06-11T01:20:02.574000+00:00,1.0,S
3914,3132,2021-06-11T01:19:59.394000+00:00,1.0,P
3914,3450,2021-06-11T01:20:02.574000+00:00,1.0,S
3915,3132,2021-06-11T01:19:59.394000+00:00,1.0,P
3915,3451,2021-06-11T01:20:02.584000+00:00,1.0,S
3916,3133,2021-06-11T01:19:59.404000+00:00,1.0,P
3916,3451,2021-06-11T01:20:02.584000+00:00,1.0,S
3917,3133,2021-06-11T01:19:59.404000+00:00,1.0,P
3917,3451,2021-06-11T01:20:02.584000+00:00,1.0,S
3918,3133,2021-06-11T01:19:59.404000+00:00,1.0,P
3918,3451,2021-06-11T01:20:02.584000+00:00,1.0,S
3919,3133,2021-06-11T01:19:59.404000+00:00,1.0,P
3919,3451,2021-06-11T01:20:02.584000+00:00,1.0,S
3920,3133,2021-06-11T01:19:59.404000+00:00,1.0,P
3920,3452,2021-06-11T01:20:02.594000+00:00,1.0,S
3921,3133,2021-06-11T01:19:59.404000+00:00,1.0,P
3921,3452,2021-06-11T01:20:02.594000+00:00,1.0,S
3922,3133,2021-06-11T01:19:59.404000+00:00,1.0,P
3922,3452,2021-06-11T01:20:02.594000+00:00,1.0,S
3923,3133,2021-06-11T01:19:59.404000+00:00,1.0,P
3923,3452,2021-06-11T01:20:02.594000+00:00,1.0,S
3924,3134,2021-06-11T01:19:59.414000+00:00,1.0,P
3924,3452,2021-06-11T01:20:02.594000+00:00,1.0,S
3925,3134,2021-06-11T01:19:59.414000+00:00,1.0,P
3925,3452,2021-06-11T01:20:02.594000+00:00,1.0,S
3926,3134,2021-06-11T01:19:59.414000+00:00,1.0,P
3926,3452,2021-06-11T01:20:02.594000+00:00,1.0,S
3927,3134,2021-06-11T01:19:59.414000+00:00,1.0,P
3927,3453,2021-06-11T01:20:02.604000+00:00,1.0,S
3928,3134,2021-06-11T01:19:59.414000+00:00,1.0,P
3928,3453,2021-06-11T01:20:02.604000+00:00,1.0,S
3929,3134,2021-06-11T01:19:59.414000+00:00,1.0,P
3929,3453,2021-06-11T01:20:02.604000+00:00,1.0,S
3930,3134,2021-06-11T01:19:59.414000+00:00,1.0,P
3930,3453,2021-06-11T01:20:02.604000+00:00,1.0,S
3931,3134,2021-06-11T01:19:59.414000+00:00,1.0,P
3931,3453,2021-06-11T01:20:02.604000+00:00,1.0,S
3932,3134,2021-06-11T01:19:59.414000+00:00,1.0,P
3932,3453,2021-06-11T01:20:02.604000+00:00,1.0,S
3933,3135,2021-06-11T01:19:59.424000+00:00,1.0,P
3933,3453,2021-06-11T01:20:02.604000+00:00,1.0,S
3934,3135,2021-06-11T01:19:59.424000+00:00,1.0,P
3934,3454,2021-06-11T01:20:02.614000+00:00,1.0,S
3935,3135,2021-06-11T01:19:59.424000+00:00,1.0,P
3935,3454,2021-06-11T01:20:02.614000+00:00,1.0,S
3936,3135,2021-06-11T01:19:59.424000+00:00,1.0,P
3936,3454,2021-06-11T01:20:02.614000+00:00,1.0,S
3937,3135,2021-06-11T01:19:59.424000+00:00,1.0,P
3937,3454,2021-06-11T01:20:02.614000+00:00,1.0,S
3938,3135,2021-06-11T01:19:59.424000+00:00,1.0,P
3938,3454,2021-06-11T01:20:02.614000+00:00,1.0,S
3939,3135,2021-06-11T01:19:59.424000+00:00,1.0,P
3939,3454,2021-06-11T01:20:02.614000+00:00,1.0,S
3940,3135,2021-06-11T01:19:59.424000+00:00,1.0,P
3940,3454,2021-06-11T01:20:02.614000+00:00,1.0,S
3941,3135,2021-06-11T01:19:59.424000+00:00,1.0,P
3941,3454,2021-06-11T01:20:02.614000+00:00,1.0,S
3942,3135,2021-06-11T01:19:59.424000+00:00,1.0,P
3942,3455,2021-06-11T01:20:02.624000+00:00,1.0,S
3943,3135,2021-06-11T01:19:59.424000+00:00,1.0,P
3943,3455,2021-06-11T01:20:02.624000+00:00,1.0,S
3944,3136,2021-06-11T01:19:59.434000+00:00,1.0,P
3944,3455,2021-06-11T01:20:02.624000+00:00,1.0,S
3945,3136,2021-06-11T01:19:59.434000+00:00,1.0,P
3945,3455,2021-06-11T01:20:02.624000+00:00,1.0,S
3946,3136,2021-06-11T01:19:59.434000+00:00,1.0,P
3946,3455,2021-06-11T01:20:02.624000+00:00,1.0,S
3947,3136,2021-06-11T01:19:59.434000+00:00,1.0,P
3947,3455,2021-06-11T01:20:02.624000+00:00,1.0,S
3948,3136,2021-06-11T01:19:59.434000+00:00,1.0,P
3948,3455,2021-06-11T01:20:02.624000+00:00,1.0,S
3949,3136,2021-06-11T01:19:59.434000+00:00,1.0,P
3949,3455,2021-06-11T01:20:02.624000+00:00,1.0,S
3950,3136,2021-06-11T01:19:59.434000+00:00,1.0,P
3950,3455,2021-06-11T01:20:02.624000+00:00,1.0,S
3951,3136,2021-06-11T01:19:59.434000+00:00,1.0,P
3951,3455,2021-06-11T01:20:02.624000+00:00,1.0,S
3952,3136,2021-06-11T01:19:59.434000+00:00,1.0,P
3952,3455,2021-06-11T01:20:02.624000+00:00,1.0,S
3953,3136,2021-06-11T01:19:59.434000+00:00,1.0,P
3953,3456,2021-06-11T01:20:02.634000+00:00,1.0,S
3954,3136,2021-06-11T01:19:59.434000+00:00,1.0,P
3954,3456,2021-06-11T01:20:02.634000+00:00,1.0,S
3955,3136,2021-06-11T01:19:59.434000+00:00,1.0,P
3955,3456,2021-06-11T01:20:02.634000+00:00,1.0,S
3956,3136,2021-06-11T01:19:59.434000+00:00,1.0,P
3956,3456,2021-06-11T01:20:02.634000+00:00,1.0,S
3957,3136,2021-06-11T01:19:59.434000+00:00,1.0,P
3957,3456,2021-06-11T01:20:02.634000+00:00,1.0,S
3958,3136,2021-06-11T01:19:59.434000+00:00,1.0,P
3958,3456,2021-06-11T01:20:02.634000+00:00,1.0,S
3959,3136,2021-06-11T01:19:59.434000+00:00,1.0,P
3959,3456,2021-06-11T01:20:02.634000+00:00,1.0,S
3960,3136,2021-06-11T01:19:59.434000+00:00,1.0,P
3960,3456,2021-06-11T01:20:02.634000+00:00,1.0,S
3961,3136,2021-06-11T01:19:59.434000+00:00,1.0,P
3961,3456,2021-06-11T01:20:02.634000+00:00,1.0,S
3962,3136,2021-06-11T01:19:59.434000+00:00,1.0,P
3962,3456,2021-06-11T01:20:02.634000+00:00,1.0,S
3963,3137,2021-06-11T01:19:59.444000+00:00,1.0,P
3963,3456,2021-06-11T01:20:02.634000+00:00,1.0,S
3964,3137,2021-06-11T01:19:59.444000+00:00,1.0,P
3964,3456,2021-06-11T01:20:02.634000+00:00,1.0,S
3965,3137,2021-06-11T01:19:59.444000+00:00,1.0,P
3965,3456,2021-06-11T01:20:02.634000+00:00,1.0,S
3966,3137,2021-06-11T01:19:59.444000+00:00,1.0,P
3966,3456,2021-06-11T01:20:02.634000+00:00,1.0,S
3967,3137,2021-06-11T01:19:59.444000+00:00,1.0,P
3967,3456,2021-06-11T01:20:02.634000+00:00,1.0,S
3968,3137,2021-06-11T01:19:59.444000+00:00,1.0,P
3968,3456,2021-06-11T01:20:02.634000+00:00,1.0,S
3969,3137,2021-06-11T01:19:59.444000+00:00,1.0,P
3969,3456,2021-06-11T01:20:02.634000+00:00,1.0,S
3970,3137,2021-06-11T01:19:59.444000+00:00,1.0,P
3970,3456,2021-06-11T01:20:02.634000+00:00,1.0,S
3971,3137,2021-06-11T01:19:59.444000+00:00,1.0,P
3971,3457,2021-06-11T01:20:02.644000+00:00,1.0,S
3972,3137,2021-06-11T01:19:59.444000+00:00,1.0,P
3972,3457,2021-06-11T01:20:02.644000+00:00,1.0,S
3973,3137,2021-06-11T01:19:59.444000+00:00,1.0,P
3973,3457,2021-06-11T01:20:02.644000+00:00,1.0,S
3974,3137,2021-06-11T01:19:59.444000+00:00,1.0,P
3974,3457,2021-06-11T01:20:02.644000+00:00,1.0,S
3975,3137,2021-06-11T01:19:59.444000+00:00,1.0,P
3975,3457,2021-06-11T01:20:02.644000+00:00,1.0,S
3976,3137,2021-06-11T01:19:59.444000+00:00,1.0,P
3976,3457,2021-06-11T01:20:02.644000+00:00,1.0,S
3977,3137,2021-06-11T01:19:59.444000+00:00,1.0,P
3977,3457,2021-06-11T01:20:02.644000+00:00,1.0,S
3978,3137,2021-06-11T01:19:59.444000+00:00,1.0,P
3978,3457,2021-06-11T01:20:02.644000+00:00,1.0,S
3979,3137,2021-06-11T01:19:59.444000+00:00,1.0,P
3979,3457,2021-06-11T01:20:02.644000+00:00,1.0,S
3980,3137,2021-06-11T01:19:59.444000+00:00,1.0,P
3980,3457,2021-06-11T01:20:02.644000+00:00,1.0,S
3981,3137,2021-06-11T01:19:59.444000+00:00,1.0,P
3981,3457,2021-06-11T01:20:02.644000+00:00,1.0,S
3982,3137,2021-06-11T01:19:59.444000+00:00,1.0,P
3982,3457,2021-06-11T01:20:02.644000+00:00,1.0,S
3983,3137,2021-06-11T01:19:59.444000+00:00,1.0,P
3983,3457,2021-06-11T01:20:02.644000+00:00,1.0,S
3984,3137,2021-06-11T01:19:59.444000+00:00,1.0,P
3984,3457,2021-06-11T01:20:02.644000+00:00,1.0,S
3985,3137,2021-06-11T01:19:59.444000+00:00,1.0,P
3985,3457,2021-06-11T01:20:02.644000+00:00,1.0,S
3986,3137,2021-06-11T01:19:59.444000+00:00,1.0,P
3986,3457,2021-06-11T01:20:02.644000+00:00,1.0,S
3987,3138,2021-06-11T01:19:59.454000+00:00,1.0,P
3987,3457,2021-06-11T01:20:02.644000+00:00,1.0,S
3988,3138,2021-06-11T01:19:59.454000+00:00,1.0,P
3988,3458,2021-06-11T01:20:02.654000+00:00,1.0,S
3989,3138,2021-06-11T01:19:59.454000+00:00,1.0,P
3989,3458,2021-06-11T01:20:02.654000+00:00,1.0,S
3990,3138,2021-06-11T01:19:59.454000+00:00,1.0,P
3990,3458,2021-06-11T01:20:02.654000+00:00,1.0,S
3991,3138,2021-06-11T01:19:59.454000+00:00,1.0,P
3991,3458,2021-06-11T01:20:02.654000+00:00,1.0,S
3992,3138,2021-06-11T01:19:59.454000+00:00,1.0,P
3992,3458,2021-06-11T01:20:02.654000+00:00,1.0,S
3993,3138,2021-06-11T01:19:59.454000+00:00,1.0,P
3993,3458,2021-06-11T01:20:02.654000+00:00,1.0,S
3994,3138,2021-06-11T01:19:59.454000+00:00,1.0,P
3994,3459,2021-06-11T01:20:02.664000+00:00,1.0,S
3995,3138,2021-06-11T01:19:59.454000+00:00,1.0,P
3995,3459,2021-06-11T01:20:02.664000+00:00,1.0,S
3996,3138,2021-06-11T01:19:59.454000+00:00,1.0,P
3996,3459,2021-06-11T01:20:02.664000+00:00,1.0,S
3997,3138,2021-06-11T01:19:59.454000+00:00,1.0,P
3997,3459,2021-06-11T01:20:02.664000+00:00,1.0,S
3998,3138,2021-06-11T01:19:59.454000+00:00,1.0,P
3998,3459,2021-06-11T01:20:02.664000+00:00,1.0,S
3999,3139,2021-06-11T01:19:59.464000+00:00,1.0,P
3999,3459,2021-06-11T01:20:02.664000+00:00,1.0,S
4000,3139,2021-06-11T01:19:59.464000+00:00,1.0,P
4000,3459,2021-06-11T01:20:02.664000+00:00,1.0,S
4001,3139,2021-06-11T01:19:59.464000+00:00,1.0,P
4001,3459,2021-06-11T01:20:02.664000+00:00,1.0,S
4002,3139,2021-06-11T01:19:59.464000+00:00,1.0,P
4002,3459,2021-06-11T01:20:02.664000+00:00,1.0,S
4003,3139,2021-06-11T01:19:59.464000+00:00,1.0,P
4003,3459,2021-06-11T01:20:02.664000+00:00,1.0,S
4004,3139,2021-06-11T01:19:59.464000+00:00,1.0,P
4004,3460,2021-06-11T01:20:02.674000+00:00,1.0,S
4005,3139,2021-06-11T01:19:59.464000+00:00,1.0,P
4005,3460,2021-06-11T01:20:02.674000+00:00,1.0,S
4006,3139,2021-06-11T01:19:59.464000+00:00,1.0,P
4006,3460,2021-06-11T01:20:02.674000+00:00,1.0,S
4007,3139,2021-06-11T01:19:59.464000+00:00,1.0,P
4007,3460,2021-06-11T01:20:02.674000+00:00,1.0,S
4008,3139,2021-06-11T01:19:59.464000+00:00,1.0,P
4008,3460,2021-06-11T01:20:02.674000+00:00,1.0,S
4009,3139,2021-06-11T01:19:59.464000+00:00,1.0,P
4009,3460,2021-06-11T01:20:02.674000+00:00,1.0,S
4010,3139,2021-06-11T01:19:59.464000+00:00,1.0,P
4010,3460,2021-06-11T01:20:02.674000+00:00,1.0,S
4011,3139,2021-06-11T01:19:59.464000+00:00,1.0,P
4011,3460,2021-06-11T01:20:02.674000+00:00,1.0,S
4012,3139,2021-06-11T01:19:59.464000+00:00,1.0,P
4012,3460,2021-06-11T01:20:02.674000+00:00,1.0,S
4013,3139,2021-06-11T01:19:59.464000+00:00,1.0,P
4013,3460,2021-06-11T01:20:02.674000+00:00,1.0,S
4014,3140,2021-06-11T01:19:59.474000+00:00,1.0,P
4014,3460,2021-06-11T01:20:02.674000+00:00,1.0,S
4015,3140,2021-06-11T01:19:59.474000+00:00,1.0,P
4015,3461,2021-06-11T01:20:02.684000+00:00,1.0,S
4016,3140,2021-06-11T01:19:59.474000+00:00,1.0,P
4016,3461,2021-06-11T01:20:02.684000+00:00,1.0,S
4017,3140,2021-06-11T01:19:59.474000+00:00,1.0,P
4017,3461,2021-06-11T01:20:02.684000+00:00,1.0,S
4018,3140,2021-06-11T01:19:59.474000+00:00,1.0,P
4018,3461,2021-06-11T01:20:02.684000+00:00,1.0,S
4019,3140,2021-06-11T01:19:59.474000+00:00,1.0,P
4019,3461,2021-06-11T01:20:02.684000+00:00,1.0,S
4020,3140,2021-06-11T01:19:59.474000+00:00,1.0,P
4020,3461,2021-06-11T01:20:02.684000+00:00,1.0,S
4021,3140,2021-06-11T01:19:59.474000+00:00,1.0,P
4021,3461,2021-06-11T01:20:02.684000+00:00,1.0,S
4022,3140,2021-06-11T01:19:59.474000+00:00,1.0,P
4022,3461,2021-06-11T01:20:02.684000+00:00,1.0,S
4023,3140,2021-06-11T01:19:59.474000+00:00,1.0,P
4023,3461,2021-06-11T01:20:02.684000+00:00,1.0,S
4024,3140,2021-06-11T01:19:59.474000+00:00,1.0,P
4024,3462,2021-06-11T01:20:02.694000+00:00,1.0,S
4025,3140,2021-06-11T01:19:59.474000+00:00,1.0,P
4025,3462,2021-06-11T01:20:02.694000+00:00,1.0,S
4026,3141,2021-06-11T01:19:59.484000+00:00,1.0,P
4026,3462,2021-06-11T01:20:02.694000+00:00,1.0,S
4027,3141,2021-06-11T01:19:59.484000+00:00,1.0,P
4027,3462,2021-06-11T01:20:02.694000+00:00,1.0,S
4028,3141,2021-06-11T01:19:59.484000+00:00,1.0,P
4028,3462,2021-06-11T01:20:02.694000+00:00,1.0,S
4029,3141,2021-06-11T01:19:59.484000+00:00,1.0,P
4029,3462,2021-06-11T01:20:02.694000+00:00,1.0,S
4030,3141,2021-06-11T01:19:59.484000+00:00,1.0,P
4030,3462,2021-06-11T01:20:02.694000+00:00,1.0,S
4031,3141,2021-06-11T01:19:59.484000+00:00,1.0,P
4031,3462,2021-06-11T01:20:02.694000+00:00,1.0,S
4032,3141,2021-06-11T01:19:59.484000+00:00,1.0,P
4032,3462,2021-06-11T01:20:02.694000+00:00,1.0,S
4033,3141,2021-06-11T01:19:59.484000+00:00,1.0,P
4033,3462,2021-06-11T01:20:02.694000+00:00,1.0,S
4034,3141,2021-06-11T01:19:59.484000+00:00,1.0,P
4034,3462,2021-06-11T01:20:02.694000+00:00,1.0,S
4035,3142,2021-06-11T01:19:59.494000+00:00,1.0,P
4035,3462,2021-06-11T01:20:02.694000+00:00,1.0,S
4036,3142,2021-06-11T01:19:59.494000+00:00,1.0,P
4036,3462,2021-06-11T01:20:02.694000+00:00,1.0,S
4037,3142,2021-06-11T01:19:59.494000+00:00,1.0,P
4037,3463,2021-06-11T01:20:02.704000+00:00,1.0,S
4038,3142,2021-06-11T01:19:59.494000+00:00,1.0,P
4038,3463,2021-06-11T01:20:02.704000+00:00,1.0,S
4039,3142,2021-06-11T01:19:59.494000+00:00,1.0,P
4039,3463,2021-06-11T01:20:02.704000+00:00,1.0,S
4040,3142,2021-06-11T01:19:59.494000+00:00,1.0,P
4040,3463,2021-06-11T01:20:02.704000+00:00,1.0,S
4041,3142,2021-06-11T01:19:59.494000+00:00,1.0,P
4041,3463,2021-06-11T01:20:02.704000+00:00,1.0,S
4042,3142,2021-06-11T01:19:59.494000+00:00,1.0,P
4042,3463,2021-06-11T01:20:02.704000+00:00,1.0,S
4043,3142,2021-06-11T01:19:59.494000+00:00,1.0,P
4043,3463,2021-06-11T01:20:02.704000+00:00,1.0,S
4044,3143,2021-06-11T01:19:59.504000+00:00,1.0,P
4044,3464,2021-06-11T01:20:02.714000+00:00,1.0,S
4045,3143,2021-06-11T01:19:59.504000+00:00,1.0,P
4045,3464,2021-06-11T01:20:02.714000+00:00,1.0,S
4046,3143,2021-06-11T01:19:59.504000+00:00,1.0,P
4046,3464,2021-06-11T01:20:02.714000+00:00,1.0,S
4047,3143,2021-06-11T01:19:59.504000+00:00,1.0,P
4047,3464,2021-06-11T01:20:02.714000+00:00,1.0,S
4048,3143,2021-06-11T01:19:59.504000+00:00,1.0,P
4048,3464,2021-06-11T01:20:02.714000+00:00,1.0,S
4049,3143,2021-06-11T01:19:59.504000+00:00,1.0,P
4049,3464,2021-06-11T01:20:02.714000+00:00,1.0,S
4050,3143,2021-06-11T01:19:59.504000+00:00,1.0,P
4050,3464,2021-06-11T01:20:02.714000+00:00,1.0,S
4051,3143,2021-06-11T01:19:59.504000+00:00,1.0,P
4051,3464,2021-06-11T01:20:02.714000+00:00,1.0,S
4052,3144,2021-06-11T01:19:59.514000+00:00,1.0,P
4052,3464,2021-06-11T01:20:02.714000+00:00,1.0,S
4053,3144,2021-06-11T01:19:59.514000+00:00,1.0,P
4053,3465,2021-06-11T01:20:02.724000+00:00,1.0,S
4054,3144,2021-06-11T01:19:59.514000+00:00,1.0,P
4054,3465,2021-06-11T01:20:02.724000+00:00,1.0,S
4055,3144,2021-06-11T01:19:59.514000+00:00,1.0,P
4055,3465,2021-06-11T01:20:02.724000+00:00,1.0,S
4056,3144,2021-06-11T01:19:59.514000+00:00,1.0,P
4056,3465,2021-06-11T01:20:02.724000+00:00,1.0,S
4057,3144,2021-06-11T01:19:59.514000+00:00,1.0,P
4057,3465,2021-06-11T01:20:02.724000+00:00,1.0,S
4058,3144,2021-06-11T01:19:59.514000+00:00,1.0,P
4058,3465,2021-06-11T01:20:02.724000+00:00,1.0,S
4059,3144,2021-06-11T01:19:59.514000+00:00,1.0,P
4059,3465,2021-06-11T01:20:02.724000+00:00,1.0,S
4060,3145,2021-06-11T01:19:59.524000+00:00,1.0,P
4060,3465,2021-06-11T01:20:02.724000+00:00,1.0,S
4061,3145,2021-06-11T01:19:59.524000+00:00,1.0,P
4061,3465,2021-06-11T01:20:02.724000+00:00,1.0,S
4062,3145,2021-06-11T01:19:59.524000+00:00,1.0,P
4062,3466,2021-06-11T01:20:02.734000+00:00,1.0,S
4063,3145,2021-06-11T01:19:59.524000+00:00,1.0,P
4063,3466,2021-06-11T01:20:02.734000+00:00,1.0,S
4064,3145,2021-06-11T01:19:59.524000+00:00,1.0,P
4064,3466,2021-06-11T01:20:02.734000+00:00,1.0,S
4065,3145,2021-06-11T01:19:59.524000+00:00,1.0,P
4065,3466,2021-06-11T01:20:02.734000+00:00,1.0,S
4066,3145,2021-06-11T01:19:59.524000+00:00,1.0,P
4066,3466,2021-06-11T01:20:02.734000+00:00,1.0,S
4067,3145,2021-06-11T01:19:59.524000+00:00,1.0,P
4067,3466,2021-06-11T01:20:02.734000+00:00,1.0,S
4068,3145,2021-06-11T01:19:59.524000+00:00,1.0,P
4068,3467,2021-06-11T01:20:02.744000+00:00,1.0,S
4069,3146,2021-06-11T01:19:59.534000+00:00,1.0,P
4069,3467,2021-06-11T01:20:02.744000+00:00,1.0,S
4070,3146,2021-06-11T01:19:59.534000+00:00,1.0,P
4070,3467,2021-06-11T01:20:02.744000+00:00,1.0,S
4071,3146,2021-06-11T01:19:59.534000+00:00,1.0,P
4071,3467,2021-06-11T01:20:02.744000+00:00,1.0,S
4072,3146,2021-06-11T01:19:59.534000+00:00,1.0,P
4072,3467,2021-06-11T01:20:02.744000+00:00,1.0,S
4073,3146,2021-06-11T01:19:59.534000+00:00,1.0,P
4073,3468,2021-06-11T01:20:02.754000+00:00,1.0,S
4074,3146,2021-06-11T01:19:59.534000+00:00,1.0,P
4074,3468,2021-06-11T01:20:02.754000+00:00,1.0,S
4075,3146,2021-06-11T01:19:59.534000+00:00,1.0,P
4075,3468,2021-06-11T01:20:02.754000+00:00,1.0,S
4076,3146,2021-06-11T01:19:59.534000+00:00,1.0,P
4076,3468,2021-06-11T01:20:02.754000+00:00,1.0,S
4077,3147,2021-06-11T01:19:59.544000+00:00,1.0,P
4077,3468,2021-06-11T01:20:02.754000+00:00,1.0,S
4078,3147,2021-06-11T01:19:59.544000+00:00,1.0,P
4078,3469,2021-06-11T01:20:02.764000+00:00,1.0,S
4079,3147,2021-06-11T01:19:59.544000+00:00,1.0,P
4079,3469,2021-06-11T01:20:02.764000+00:00,1.0,S
4080,3147,2021-06-11T01:19:59.544000+00:00,1.0,P
4080,3469,2021-06-11T01:20:02.764000+00:00,1.0,S
4081,3147,2021-06-11T01:19:59.544000+00:00,1.0,P
4081,3469,2021-06-11T01:20:02.764000+00:00,1.0,S
4082,3147,2021-06-11T01:19:59.544000+00:00,1.0,P
4082,3469,2021-06-11T01:20:02.764000+00:00,1.0,S
4083,3147,2021-06-11T01:19:59.544000+00:00,1.0,P
4083,3470,2021-06-11T01:20:02.774000+00:00,1.0,S
4084,3147,2021-06-11T01:19:59.544000+00:00,1.0,P
4084,3470,2021-06-11T01:20:02.774000+00:00,1.0,S
4085,3148,2021-06-11T01:19:59.554000+00:00,1.0,P
4085,3470,2021-06-11T01:20:02.774000+00:00,1.0,S
4086,3148,2021-06-11T01:19:59.554000+00:00,1.0,P
4086,3470,2021-06-11T01:20:02.774000+00:00,1.0,S
4087,3148,2021-06-11T01:19:59.554000+00:00,1.0,P
4087,3470,2021-06-11T01:20:02.774000+00:00,1.0,S
4088,3148,2021-06-11T01:19:59.554000+00:00,1.0,P
4088,3470,2021-06-11T01:20:02.774000+00:00,1.0,S
4089,3148,2021-06-11T01:19:59.554000+00:00,1.0,P
4089,3470,2021-06-11T01:20:02.774000+00:00,1.0,S
4090,3148,2021-06-11T01:19:59.554000+00:00,1.0,P
4090,3470,2021-06-11T01:20:02.774000+00:00,1.0,S
4091,3148,2021-06-11T01:19:59.554000+00:00,1.0,P
4091,3470,2021-06-11T01:20:02.774000+00:00,1.0,S
4092,3148,2021-06-11T01:19:59.554000+00:00,1.0,P
4092,3471,2021-06-11T01:20:02.784000+00:00,1.0,S
4093,3149,2021-06-11T01:19:59.564000+00:00,1.0,P
4093,3471,2021-06-11T01:20:02.784000+00:00,1.0,S
4094,3149,2021-06-11T01:19:59.564000+00:00,1.0,P
4094,3471,2021-06-11T01:20:02.784000+00:00,1.0,S
4095,3149,2021-06-11T01:19:59.564000+00:00,1.0,P
4095,3471,2021-06-11T01:20:02.784000+00:00,1.0,S
4096,3149,2021-06-11T01:19:59.564000+00:00,1.0,P
4096,3471,2021-06-11T01:20:02.784000+00:00,1.0,S
4097,3149,2021-06-11T01:19:59.564000+00:00,1.0,P
4097,3471,2021-06-11T01:20:02.784000+00:00,1.0,S
4098,3149,2021-06-11T01:19:59.564000+00:00,1.0,P
4098,3472,2021-06-11T01:20:02.794000+00:00,1.0,S
4099,3149,2021-06-11T01:19:59.564000+00:00,1.0,P
4099,3472,2021-06-11T01:20:02.794000+00:00,1.0,S
4100,3149,2021-06-11T01:19:59.564000+00:00,1.0,P
4100,3472,2021-06-11T01:20:02.794000+00:00,1.0,S
4101,3150,2021-06-11T01:19:59.574000+00:00,1.0,P
4101,3472,2021-06-11T01:20:02.794000+00:00,1.0,S
4102,3150,2021-06-11T01:19:59.574000+00:00,1.0,P
4102,3472,2021-06-11T01:20:02.794000+00:00,1.0,S
4103,3150,2021-06-11T01:19:59.574000+00:00,1.0,P
4103,3472,2021-06-11T01:20:02.794000+00:00,1.0,S
4104,3150,2021-06-11T01:19:59.574000+00:00,1.0,P
4104,3473,2021-06-11T01:20:02.804000+00:00,1.0,S
4105,3150,2021-06-11T01:19:59.574000+00:00,1.0,P
4105,3473,2021-06-11T01:20:02.804000+00:00,1.0,S
4106,3150,2021-06-11T01:19:59.574000+00:00,1.0,P
4106,3473,2021-06-11T01:20:02.804000+00:00,1.0,S
4107,3150,2021-06-11T01:19:59.574000+00:00,1.0,P
4107,3473,2021-06-11T01:20:02.804000+00:00,1.0,S
4108,3150,2021-06-11T01:19:59.574000+00:00,1.0,P
4108,3473,2021-06-11T01:20:02.804000+00:00,1.0,S
4109,3151,2021-06-11T01:19:59.584000+00:00,1.0,P
4109,3473,2021-06-11T01:20:02.804000+00:00,1.0,S
4110,3151,2021-06-11T01:19:59.584000+00:00,1.0,P
4110,3473,2021-06-11T01:20:02.804000+00:00,1.0,S
4111,3151,2021-06-11T01:19:59.584000+00:00,1.0,P
4111,3474,2021-06-11T01:20:02.814000+00:00,1.0,S
4112,3151,2021-06-11T01:19:59.584000+00:00,1.0,P
4112,3474,2021-06-11T01:20:02.814000+00:00,1.0,S
4113,3151,2021-06-11T01:19:59.584000+00:00,1.0,P
4113,3474,2021-06-11T01:20:02.814000+00:00,1.0,S
4114,3151,2021-06-11T01:19:59.584000+00:00,1.0,P
4114,3474,2021-06-11T01:20:02.814000+00:00,1.0,S
4115,3151,2021-06-11T01:19:59.584000+00:00,1.0,P
4115,3474,2021-06-11T01:20:02.814000+00:00,1.0,S
4116,3151,2021-06-11T01:19:59.584000+00:00,1.0,P
4116,3474,2021-06-11T01:20:02.814000+00:00,1.0,S
4117,3152,2021-06-11T01:19:59.594000+00:00,1.0,P
4117,3474,2021-06-11T01:20:02.814000+00:00,1.0,S
4118,3152,2021-06-11T01:19:59.594000+00:00,1.0,P
4118,3474,2021-06-11T01:20:02.814000+00:00,1.0,S
4119,3152,2021-06-11T01:19:59.594000+00:00,1.0,P
4119,3475,2021-06-11T01:20:02.824000+00:00,1.0,S
4120,3152,2021-06-11T01:19:59.594000+00:00,1.0,P
4120,3475,2021-06-11T01:20:02.824000+00:00,1.0,S
4121,3152,2021-06-11T01:19:59.594000+00:00,1.0,P
4121,3475,2021-06-11T01:20:02.824000+00:00,1.0,S
4122,3152,2021-06-11T01:19:59.594000+00:00,1.0,P
4122,3475,2021-06-11T01:20:02.824000+00:00,1.0,S
4123,3152,2021-06-11T01:19:59.594000+00:00,1.0,P
4123,3475,2021-06-11T01:20:02.824000+00:00,1.0,S
4124,3153,2021-06-11T01:19:59.604000+00:00,1.0,P
4124,3476,2021-06-11T01:20:02.834000+00:00,1.0,S
4125,3153,2021-06-11T01:19:59.604000+00:00,1.0,P
4125,3476,2021-06-11T01:20:02.834000+00:00,1.0,S
4126,3153,2021-06-11T01:19:59.604000+00:00,1.0,P
4126,3476,2021-06-11T01:20:02.834000+00:00,1.0,S
4127,3153,2021-06-11T01:19:59.604000+00:00,1.0,P
4127,3476,2021-06-11T01:20:02.834000+00:00,1.0,S
4128,3153,2021-06-11T01:19:59.604000+00:00,1.0,P
4128,3476,2021-06-11T01:20:02.834000+00:00,1.0,S
4129,3153,2021-06-11T01:19:59.604000+00:00,1.0,P
4129,3477,2021-06-11T01:20:02.844000+00:00,1.0,S
4130,3153,2021-06-11T01:19:59.604000+00:00,1.0,P
4130,3477,2021-06-11T01:20:02.844000+00:00,1.0,S
4131,3153,2021-06-11T01:19:59.604000+00:00,1.0,P
4131,3477,2021-06-11T01:20:02.844000+00:00,1.0,S
4132,3154,2021-06-11T01:19:59.614000+00:00,1.0,P
4132,3477,2021-06-11T01:20:02.844000+00:00,1.0,S
4133,3154,2021-06-11T01:19:59.614000+00:00,1.0,P
4133,3477,2021-06-11T01:20:02.844000+00:00,1.0,S
4134,3154,2021-06-11T01:19:59.614000+00:00,1.0,P
4134,3478,2021-06-11T01:20:02.854000+00:00,1.0,S
4135,3154,2021-06-11T01:19:59.614000+00:00,1.0,P
4135,3478,2021-06-11T01:20:02.854000+00:00,1.0,S
4136,3154,2021-06-11T01:19:59.614000+00:00,1.0,P
4136,3478,2021-06-11T01:20:02.854000+00:00,1.0,S
4137,3154,2021-06-11T01:19:59.614000+00:00,1.0,P
4137,3478,2021-06-11T01:20:02.854000+00:00,1.0,S
4138,3154,2021-06-11T01:19:59.614000+00:00,1.0,P
4138,3478,2021-06-11T01:20:02.854000+00:00,1.0,S
4139,3154,2021-06-11T01:19:59.614000+00:00,1.0,P
4139,3479,2021-06-11T01:20:02.864000+00:00,1.0,S
4140,3154,2021-06-11T01:19:59.614000+00:00,1.0,P
4140,3479,2021-06-11T01:20:02.864000+00:00,1.0,S
4141,3155,2021-06-11T01:19:59.624000+00:00,1.0,P
4141,3479,2021-06-11T01:20:02.864000+00:00,1.0,S
4142,3155,2021-06-11T01:19:59.624000+00:00,1.0,P
4142,3479,2021-06-11T01:20:02.864000+00:00,1.0,S
4143,3155,2021-06-11T01:19:59.624000+00:00,1.0,P
4143,3479,2021-06-11T01:20:02.864000+00:00,1.0,S
4144,3155,2021-06-11T01:19:59.624000+00:00,1.0,P
4144,3479,2021-06-11T01:20:02.864000+00:00,1.0,S
4145,3155,2021-06-11T01:19:59.624000+00:00,1.0,P
4145,3480,2021-06-11T01:20:02.874000+00:00,1.0,S
4146,3155,2021-06-11T01:19:59.624000+00:00,1.0,P
4146,3480,2021-06-11T01:20:02.874000+00:00,1.0,S
4147,3155,2021-06-11T01:19:59.624000+00:00,1.0,P
4147,3480,2021-06-11T01:20:02.874000+00:00,1.0,S
4148,3155,2021-06-11T01:19:59.624000+00:00,1.0,P
4148,3480,2021-06-11T01:20:02.874000+00:00,1.0,S
4149,3155,2021-06-11T01:19:59.624000+00:00,1.0,P
4149,3481,2021-06-11T01:20:02.884000+00:00,1.0,S
4150,3155,2021-06-11T01:19:59.624000+00:00,1.0,P
4150,3481,2021-06-11T01:20:02.884000+00:00,1.0,S
4151,3156,2021-06-11T01:19:59.634000+00:00,1.0,P
4151,3481,2021-06-11T01:20:02.884000+00:00,1.0,S
4152,3156,2021-06-11T01:19:59.634000+00:00,1.0,P
4152,3481,2021-06-11T01:20:02.884000+00:00,1.0,S
4153,3156,2021-06-11T01:19:59.634000+00:00,1.0,P
4153,3481,2021-06-11T01:20:02.884000+00:00,1.0,S
4154,3156,2021-06-11T01:19:59.634000+00:00,1.0,P
4154,3482,2021-06-11T01:20:02.894000+00:00,1.0,S
4155,3156,2021-06-11T01:19:59.634000+00:00,1.0,P
4155,3482,2021-06-11T01:20:02.894000+00:00,1.0,S
4156,3156,2021-06-11T01:19:59.634000+00:00,1.0,P
4156,3482,2021-06-11T01:20:02.894000+00:00,1.0,S
4157,3156,2021-06-11T01:19:59.634000+00:00,1.0,P
4157,3482,2021-06-11T01:20:02.894000+00:00,1.0,S
4158,3156,2021-06-11T01:19:59.634000+00:00,1.0,P
4158,3483,2021-06-11T01:20:02.904000+00:00,1.0,S
4159,3156,2021-06-11T01:19:59.634000+00:00,1.0,P
4159,3483,2021-06-11T01:20:02.904000+00:00,1.0,S
4160,3157,2021-06-11T01:19:59.644000+00:00,1.0,P
4160,3483,2021-06-11T01:20:02.904000+00:00,1.0,S
4161,3157,2021-06-11T01:19:59.644000+00:00,1.0,P
4161,3483,2021-06-11T01:20:02.904000+00:00,1.0,S
4162,3157,2021-06-11T01:19:59.644000+00:00,1.0,P
4162,3483,2021-06-11T01:20:02.904000+00:00,1.0,S
4163,3157,2021-06-11T01:19:59.644000+00:00,1.0,P
4163,3484,2021-06-11T01:20:02.914000+00:00,1.0,S
4164,3157,2021-06-11T01:19:59.644000+00:00,1.0,P
4164,3484,2021-06-11T01:20:02.914000+00:00,1.0,S
4165,3157,2021-06-11T01:19:59.644000+00:00,1.0,P
4165,3484,2021-06-11T01:20:02.914000+00:00,1.0,S
4166,3157,2021-06-11T01:19:59.644000+00:00,1.0,P
4166,3484,2021-06-11T01:20:02.914000+00:00,1.0,S
4167,3157,2021-06-11T01:19:59.644000+00:00,1.0,P
4167,3485,2021-06-11T01:20:02.924000+00:00,1.0,S
4168,3157,2021-06-11T01:19:59.644000+00:00,1.0,P
4168,3485,2021-06-11T01:20:02.924000+00:00,1.0,S
4169,3158,2021-06-11T01:19:59.654000+00:00,1.0,P
4169,3485,2021-06-11T01:20:02.924000+00:00,1.0,S
4170,3158,2021-06-11T01:19:59.654000+00:00,1.0,P
4170,3485,2021-06-11T01:20:02.924000+00:00,1.0,S
4171,3158,2021-06-11T01:19:59.654000+00:00,1.0,P
4171,3486,2021-06-11T01:20:02.934000+00:00,1.0,S
4172,3158,2021-06-11T01:19:59.654000+00:00,1.0,P
4172,3486,2021-06-11T01:20:02.934000+00:00,1.0,S
4173,3158,2021-06-11T01:19:59.654000+00:00,1.0,P
4173,3486,2021-06-11T01:20:02.934000+00:00,1.0,S
4174,3158,2021-06-11T01:19:59.654000+00:00,1.0,P
4174,3486,2021-06-11T01:20:02.934000+00:00,1.0,S
4175,3158,2021-06-11T01:19:59.654000+00:00,1.0,P
4175,3486,2021-06-11T01:20:02.934000+00:00,1.0,S
4176,3158,2021-06-11T01:19:59.654000+00:00,1.0,P
4176,3487,2021-06-11T01:20:02.944000+00:00,1.0,S
4177,3158,2021-06-11T01:19:59.654000+00:00,1.0,P
4177,3487,2021-06-11T01:20:02.944000+00:00,1.0,S
4178,3158,2021-06-11T01:19:59.654000+00:00,1.0,P
4178,3487,2021-06-11T01:20:02.944000+00:00,1.0,S
4179,3159,2021-06-11T01:19:59.664000+00:00,1.0,P
4179,3487,2021-06-11T01:20:02.944000+00:00,1.0,S
4180,3159,2021-06-11T01:19:59.664000+00:00,1.0,P
4180,3487,2021-06-11T01:20:02.944000+00:00,1.0,S
4181,3159,2021-06-11T01:19:59.664000+00:00,1.0,P
4181,3488,2021-06-11T01:20:02.954000+00:00,1.0,S
4182,3159,2021-06-11T01:19:59.664000+00:00,1.0,P
4182,3488,2021-06-11T01:20:02.954000+00:00,1.0,S
4183,3159,2021-06-11T01:19:59.664000+00:00,1.0,P
4183,3488,2021-06-11T01:20:02.954000+00:00,1.0,S
4184,3159,2021-06-11T01:19:59.664000+00:00,1.0,P
4184,3488,2021-06-11T01:20:02.954000+00:00,1.0,S
4185,3159,2021-06-11T01:19:59.664000+00:00,1.0,P
4185,3488,2021-06-11T01:20:02.954000+00:00,1.0,S
4186,3159,2021-06-11T01:19:59.664000+00:00,1.0,P
4186,3489,2021-06-11T01:20:02.964000+00:00,1.0,S
4187,3159,2021-06-11T01:19:59.664000+00:00,1.0,P
4187,3489,2021-06-11T01:20:02.964000+00:00,1.0,S
4188,3159,2021-06-11T01:19:59.664000+00:00,1.0,P
4188,3489,2021-06-11T01:20:02.964000+00:00,1.0,S
4189,3160,2021-06-11T01:19:59.674000+00:00,1.0,P
4189,3489,2021-06-11T01:20:02.964000+00:00,1.0,S
4190,3160,2021-06-11T01:19:59.674000+00:00,1.0,P
4190,3489,2021-06-11T01:20:02.964000+00:00,1.0,S
4191,3160,2021-06-11T01:19:59.674000+00:00,1.0,P
4191,3489,2021-06-11T01:20:02.964000+00:00,1.0,S
4192,3160,2021-06-11T01:19:59.674000+00:00,1.0,P
4192,3489,2021-06-11T01:20:02.964000+00:00,1.0,S
4193,3160,2021-06-11T01:19:59.674000+00:00,1.0,P
4193,3489,2021-06-11T01:20:02.964000+00:00,1.0,S
4194,3160,2021-06-11T01:19:59.674000+00:00,1.0,P
4194,3489,2021-06-11T01:20:02.964000+00:00,1.0,S
4195,3160,2021-06-11T01:19:59.674000+00:00,1.0,P
4195,3489,2021-06-11T01:20:02.964000+00:00,1.0,S
4196,3160,2021-06-11T01:19:59.674000+00:00,1.0,P
4196,3490,2021-06-11T01:20:02.974000+00:00,1.0,S
4197,3160,2021-06-11T01:19:59.674000+00:00,1.0,P
4197,3490,2021-06-11T01:20:02.974000+00:00,1.0,S
4198,3160,2021-06-11T01:19:59.674000+00:00,1.0,P
4198,3490,2021-06-11T01:20:02.974000+00:00,1.0,S
4199,3160,2021-06-11T01:19:59.674000+00:00,1.0,P
4199,3490,2021-06-11T01:20:02.974000+00:00,1.0,S
4200,3161,2021-06-11T01:19:59.684000+00:00,1.0,P
4200,3490,2021-06-11T01:20:02.974000+00:00,1.0,S
4201,3161,2021-06-11T01:19:59.684000+00:00,1.0,P
4201,3490,2021-06-11T01:20:02.974000+00:00,1.0,S
4202,3161,2021-06-11T01:19:59.684000+00:00,1.0,P
4202,3491,2021-06-11T01:20:02.984000+00:00,1.0,S
4203,3161,2021-06-11T01:19:59.684000+00:00,1.0,P
4203,3491,2021-06-11T01:20:02.984000+00:00,1.0,S
4204,3161,2021-06-11T01:19:59.684000+00:00,1.0,P
4204,3491,2021-06-11T01:20:02.984000+00:00,1.0,S
4205,3161,2021-06-11T01:19:59.684000+00:00,1.0,P
4205,3491,2021-06-11T01:20:02.984000+00:00,1.0,S
4206,3161,2021-06-11T01:19:59.684000+00:00,1.0,P
4206,3491,2021-06-11T01:20:02.984000+00:00,1.0,S
4207,3161,2021-06-11T01:19:59.684000+00:00,1.0,P
4207,3491,2021-06-11T01:20:02.984000+00:00,1.0,S
4208,3161,2021-06-11T01:19:59.684000+00:00,1.0,P
4208,3491,2021-06-11T01:20:02.984000+00:00,1.0,S
4209,3161,2021-06-11T01:19:59.684000+00:00,1.0,P
4209,3491,2021-06-11T01:20:02.984000+00:00,1.0,S
4210,3162,2021-06-11T01:19:59.694000+00:00,1.0,P
4210,3491,2021-06-11T01:20:02.984000+00:00,1.0,S
4211,3162,2021-06-11T01:19:59.694000+00:00,1.0,P
4211,3491,2021-06-11T01:20:02.984000+00:00,1.0,S
4212,3162,2021-06-11T01:19:59.694000+00:00,1.0,P
4212,3492,2021-06-11T01:20:02.994000+00:00,1.0,S
4213,3162,2021-06-11T01:19:59.694000+00:00,1.0,P
4213,3492,2021-06-11T01:20:02.994000+00:00,1.0,S
4214,3162,2021-06-11T01:19:59.694000+00:00,1.0,P
4214,3492,2021-06-11T01:20:02.994000+00:00,1.0,S
4215,3162,2021-06-11T01:19:59.694000+00:00,1.0,P
4215,3492,2021-06-11T01:20:02.994000+00:00,1.0,S
4216,3162,2021-06-11T01:19:59.694000+00:00,1.0,P
4216,3492,2021-06-11T01:20:02.994000+00:00,1.0,S
4217,3162,2021-06-11T01:19:59.694000+00:00,1.0,P
4217,3492,2021-06-11T01:20:02.994000+00:00,1.0,S
4218,3162,2021-06-11T01:19:59.694000+00:00,1.0,P
4218,3492,2021-06-11T01:20:02.994000+00:00,1.0,S
4219,3162,2021-06-11T01:19:59.694000+00:00,1.0,P
4219,3492,2021-06-11T01:20:02.994000+00:00,1.0,S
4220,3162,2021-06-11T01:19:59.694000+00:00,1.0,P
4220,3492,2021-06-11T01:20:02.994000+00:00,1.0,S
4221,3162,2021-06-11T01:19:59.694000+00:00,1.0,P
4221,3492,2021-06-11T01:20:02.994000+00:00,1.0,S
4222,3162,2021-06-11T01:19:59.694000+00:00,1.0,P
4222,3493,2021-06-11T01:20:03.004000+00:00,1.0,S
4223,3163,2021-06-11T01:19:59.704000+00:00,1.0,P
4223,3493,2021-06-11T01:20:03.004000+00:00,1.0,S
4224,3163,2021-06-11T01:19:59.704000+00:00,1.0,P
4224,3493,2021-06-11T01:20:03.004000+00:00,1.0,S
4225,3163,2021-06-11T01:19:59.704000+00:00,1.0,P
4225,3493,2021-06-11T01:20:03.004000+00:00,1.0,S
4226,3163,2021-06-11T01:19:59.704000+00:00,1.0,P
4226,3493,2021-06-11T01:20:03.004000+00:00,1.0,S
4227,3163,2021-06-11T01:19:59.704000+00:00,1.0,P
4227,3493,2021-06-11T01:20:03.004000+00:00,1.0,S
4228,3163,2021-06-11T01:19:59.704000+00:00,1.0,P
4228,3493,2021-06-11T01:20:03.004000+00:00,1.0,S
4229,3163,2021-06-11T01:19:59.704000+00:00,1.0,P
4229,3494,2021-06-11T01:20:03.014000+00:00,1.0,S
4230,3163,2021-06-11T01:19:59.704000+00:00,1.0,P
4230,3494,2021-06-11T01:20:03.014000+00:00,1.0,S
4231,3163,2021-06-11T01:19:59.704000+00:00,1.0,P
4231,3494,2021-06-11T01:20:03.014000+00:00,1.0,S
4232,3163,2021-06-11T01:19:59.704000+00:00,1.0,P
4232,3494,2021-06-11T01:20:03.014000+00:00,1.0,S
4233,3163,2021-06-11T01:19:59.704000+00:00,1.0,P
4233,3494,2021-06-11T01:20:03.014000+00:00,1.0,S
4234,3163,2021-06-11T01:19:59.704000+00:00,1.0,P
4234,3494,2021-06-11T01:20:03.014000+00:00,1.0,S
4235,3163,2021-06-11T01:19:59.704000+00:00,1.0,P
4235,3494,2021-06-11T01:20:03.014000+00:00,1.0,S
4236,3164,2021-06-11T01:19:59.714000+00:00,1.0,P
4236,3495,2021-06-11T01:20:03.024000+00:00,1.0,S
4237,3164,2021-06-11T01:19:59.714000+00:00,1.0,P
4237,3495,2021-06-11T01:20:03.024000+00:00,1.0,S
4238,3164,2021-06-11T01:19:59.714000+00:00,1.0,P
4238,3495,2021-06-11T01:20:03.024000+00:00,1.0,S
4239,3164,2021-06-11T01:19:59.714000+00:00,1.0,P
4239,3495,2021-06-11T01:20:03.024000+00:00,1.0,S
4240,3164,2021-06-11T01:19:59.714000+00:00,1.0,P
4240,3495,2021-06-11T01:20:03.024000+00:00,1.0,S
4241,3164,2021-06-11T01:19:59.714000+00:00,1.0,P
4241,3495,2021-06-11T01:20:03.024000+00:00,1.0,S
4242,3164,2021-06-11T01:19:59.714000+00:00,1.0,P
4242,3495,2021-06-11T01:20:03.024000+00:00,1.0,S
4243,3164,2021-06-11T01:19:59.714000+00:00,1.0,P
4243,3495,2021-06-11T01:20:03.024000+00:00,1.0,S
4244,3164,2021-06-11T01:19:59.714000+00:00,1.0,P
4244,3495,2021-06-11T01:20:03.024000+00:00,1.0,S
4245,3164,2021-06-11T01:19:59.714000+00:00,1.0,P
4245,3495,2021-06-11T01:20:03.024000+00:00,1.0,S
4246,3164,2021-06-11T01:19:59.714000+00:00,1.0,P
4246,3496,2021-06-11T01:20:03.034000+00:00,1.0,S
4247,3164,2021-06-11T01:19:59.714000+00:00,1.0,P
4247,3496,2021-06-11T01:20:03.034000+00:00,1.0,S
4248,3165,2021-06-11T01:19:59.724000+00:00,1.0,P
4248,3496,2021-06-11T01:20:03.034000+00:00,1.0,S
4249,3165,2021-06-11T01:19:59.724000+00:00,1.0,P
4249,3496,2021-06-11T01:20:03.034000+00:00,1.0,S
4250,3165,2021-06-11T01:19:59.724000+00:00,1.0,P
4250,3496,2021-06-11T01:20:03.034000+00:00,1.0,S
4251,3165,2021-06-11T01:19:59.724000+00:00,1.0,P
4251,3496,2021-06-11T01:20:03.034000+00:00,1.0,S
4252,3165,2021-06-11T01:19:59.724000+00:00,1.0,P
4252,3496,2021-06-11T01:20:03.034000+00:00,1.0,S
4253,3165,2021-06-11T01:19:59.724000+00:00,1.0,P
4253,3497,2021-06-11T01:20:03.044000+00:00,1.0,S
4254,3165,2021-06-11T01:19:59.724000+00:00,1.0,P
4254,3497,2021-06-11T01:20:03.044000+00:00,1.0,S
4255,3165,2021-06-11T01:19:59.724000+00:00,1.0,P
4255,3497,2021-06-11T01:20:03.044000+00:00,1.0,S
4256,3165,2021-06-11T01:19:59.724000+00:00,1.0,P
4256,3497,2021-06-11T01:20:03.044000+00:00,1.0,S
4257,3165,2021-06-11T01:19:59.724000+00:00,1.0,P
4257,3497,2021-06-11T01:20:03.044000+00:00,1.0,S
4258,3165,2021-06-11T01:19:59.724000+00:00,1.0,P
4258,3497,2021-06-11T01:20:03.044000+00:00,1.0,S
4259,3165,2021-06-11T01:19:59.724000+00:00,1.0,P
4259,3497,2021-06-11T01:20:03.044000+00:00,1.0,S
4260,3166,2021-06-11T01:19:59.734000+00:00,1.0,P
4260,3497,2021-06-11T01:20:03.044000+00:00,1.0,S
4261,3166,2021-06-11T01:19:59.734000+00:00,1.0,P
4261,3498,2021-06-11T01:20:03.054000+00:00,1.0,S
4262,3166,2021-06-11T01:19:59.734000+00:00,1.0,P
4262,3498,2021-06-11T01:20:03.054000+00:00,1.0,S
4263,3166,2021-06-11T01:19:59.734000+00:00,1.0,P
4263,3498,2021-06-11T01:20:03.054000+00:00,1.0,S
4264,3166,2021-06-11T01:19:59.734000+00:00,1.0,P
4264,3498,2021-06-11T01:20:03.054000+00:00,1.0,S
4265,3166,2021-06-11T01:19:59.734000+00:00,1.0,P
4265,3498,2021-06-11T01:20:03.054000+00:00,1.0,S
4266,3166,2021-06-11T01:19:59.734000+00:00,1.0,P
4266,3498,2021-06-11T01:20:03.054000+00:00,1.0,S
4267,3166,2021-06-11T01:19:59.734000+00:00,1.0,P
4267,3498,2021-06-11T01:20:03.054000+00:00,1.0,S
4268,3166,2021-06-11T01:19:59.734000+00:00,1.0,P
4268,3498,2021-06-11T01:20:03.054000+00:00,1.0,S
4269,3166,2021-06-11T01:19:59.734000+00:00,1.0,P
4269,3498,2021-06-11T01:20:03.054000+00:00,1.0,S
4270,3166,2021-06-11T01:19:59.734000+00:00,1.0,P
4270,3498,2021-06-11T01:20:03.054000+00:00,1.0,S
4271,3166,2021-06-11T01:19:59.734000+00:00,1.0,P
4271,3498,2021-06-11T01:20:03.054000+00:00,1.0,S
4272,3167,2021-06-11T01:19:59.744000+00:00,1.0,P
4272,3498,2021-06-11T01:20:03.054000+00:00,1.0,S
4273,3167,2021-06-11T01:19:59.744000+00:00,1.0,P
4273,3498,2021-06-11T01:20:03.054000+00:00,1.0,S
4274,3167,2021-06-11T01:19:59.744000+00:00,1.0,P
4274,3498,2021-06-11T01:20:03.054000+00:00,1.0,S
4275,3167,2021-06-11T01:19:59.744000+00:00,1.0,P
4275,3499,2021-06-11T01:20:03.064000+00:00,1.0,S
4276,3167,2021-06-11T01:19:59.744000+00:00,1.0,P
4276,3499,2021-06-11T01:20:03.064000+00:00,1.0,S
4277,3167,2021-06-11T01:19:59.744000+00:00,1.0,P
4277,3499,2021-06-11T01:20:03.064000+00:00,1.0,S
4278,3167,2021-06-11T01:19:59.744000+00:00,1.0,P
4278,3499,2021-06-11T01:20:03.064000+00:00,1.0,S
4279,3167,2021-06-11T01:19:59.744000+00:00,1.0,P
4279,3499,2021-06-11T01:20:03.064000+00:00,1.0,S
4280,3167,2021-06-11T01:19:59.744000+00:00,1.0,P
4280,3499,2021-06-11T01:20:03.064000+00:00,1.0,S
4281,3167,2021-06-11T01:19:59.744000+00:00,1.0,P
4281,3499,2021-06-11T01:20:03.064000+00:00,1.0,S
4282,3167,2021-06-11T01:19:59.744000+00:00,1.0,P
4282,3499,2021-06-11T01:20:03.064000+00:00,1.0,S
4283,3167,2021-06-11T01:19:59.744000+00:00,1.0,P
4283,3499,2021-06-11T01:20:03.064000+00:00,1.0,S
4284,3167,2021-06-11T01:19:59.744000+00:00,1.0,P
4284,3499,2021-06-11T01:20:03.064000+00:00,1.0,S
4285,3168,2021-06-11T01:19:59.754000+00:00,1.0,P
4285,3500,2021-06-11T01:20:03.074000+00:00,1.0,S
4286,3168,2021-06-11T01:19:59.754000+00:00,1.0,P
4286,3500,2021-06-11T01:20:03.074000+00:00,1.0,S
4287,3168,2021-06-11T01:19:59.754000+00:00,1.0,P
4287,3500,2021-06-11T01:20:03.074000+00:00,1.0,S
4288,3168,2021-06-11T01:19:59.754000+00:00,1.0,P
4288,3500,2021-06-11T01:20:03.074000+00:00,1.0,S
4289,3168,2021-06-11T01:19:59.754000+00:00,1.0,P
4289,3500,2021-06-11T01:20:03.074000+00:00,1.0,S
4290,3168,2021-06-11T01:19:59.754000+00:00,1.0,P
4290,3500,2021-06-11T01:20:03.074000+00:00,1.0,S
4291,3168,2021-06-11T01:19:59.754000+00:00,1.0,P
4291,3500,2021-06-11T01:20:03.074000+00:00,1.0,S
4292,3168,2021-06-11T01:19:59.754000+00:00,1.0,P
4292,3500,2021-06-11T01:20:03.074000+00:00,1.0,S
4293,3168,2021-06-11T01:19:59.754000+00:00,1.0,P
4293,3501,2021-06-11T01:20:03.084000+00:00,1.0,S
4294,3168,2021-06-11T01:19:59.754000+00:00,1.0,P
4294,3501,2021-06-11T01:20:03.084000+00:00,1.0,S
4295,3168,2021-06-11T01:19:59.754000+00:00,1.0,P
4295,3501,2021-06-11T01:20:03.084000+00:00,1.0,S
4296,3168,2021-06-11T01:19:59.754000+00:00,1.0,P
4296,3501,2021-06-11T01:20:03.084000+00:00,1.0,S
4297,3169,2021-06-11T01:19:59.764000+00:00,1.0,P
4297,3501,2021-06-11T01:20:03.084000+00:00,1.0,S
4298,3169,2021-06-11T01:19:59.764000+00:00,1.0,P
4298,3501,2021-06-11T01:20:03.084000+00:00,1.0,S
4299,3169,2021-06-11T01:19:59.764000+00:00,1.0,P
4299,3502,2021-06-11T01:20:03.094000+00:00,1.0,S
4300,3169,2021-06-11T01:19:59.764000+00:00,1.0,P
4300,3502,2021-06-11T01:20:03.094000+00:00,1.0,S
4301,3169,2021-06-11T01:19:59.764000+00:00,1.0,P
4301,3502,2021-06-11T01:20:03.094000+00:00,1.0,S
4302,3169,2021-06-11T01:19:59.764000+00:00,1.0,P
4302,3502,2021-06-11T01:20:03.094000+00:00,1.0,S
4303,3169,2021-06-11T01:19:59.764000+00:00,1.0,P
4303,3502,2021-06-11T01:20:03.094000+00:00,1.0,S
4304,3169,2021-06-11T01:19:59.764000+00:00,1.0,P
4304,3502,2021-06-11T01:20:03.094000+00:00,1.0,S
4305,3169,2021-06-11T01:19:59.764000+00:00,1.0,P
4305,3502,2021-06-11T01:20:03.094000+00:00,1.0,S
4306,3169,2021-06-11T01:19:59.764000+00:00,1.0,P
4306,3503,2021-06-11T01:20:03.104000+00:00,1.0,S
4307,3169,2021-06-11T01:19:59.764000+00:00,1.0,P
4307,3503,2021-06-11T01:20:03.104000+00:00,1.0,S
4308,3169,2021-06-11T01:19:59.764000+00:00,1.0,P
4308,3503,2021-06-11T01:20:03.104000+00:00,1.0,S
4309,3170,2021-06-11T01:19:59.774000+00:00,1.0,P
4309,3503,2021-06-11T01:20:03.104000+00:00,1.0,S
4310,3170,2021-06-11T01:19:59.774000+00:00,1.0,P
4310,3503,2021-06-11T01:20:03.104000+00:00,1.0,S
4311,3170,2021-06-11T01:19:59.774000+00:00,1.0,P
4311,3503,2021-06-11T01:20:03.104000+00:00,1.0,S
4312,3170,2021-06-11T01:19:59.774000+00:00,1.0,P
4312,3503,2021-06-11T01:20:03.104000+00:00,1.0,S
4313,3170,2021-06-11T01:19:59.774000+00:00,1.0,P
4313,3504,2021-06-11T01:20:03.114000+00:00,1.0,S
4314,3170,2021-06-11T01:19:59.774000+00:00,1.0,P
4314,3504,2021-06-11T01:20:03.114000+00:00,1.0,S
4315,3170,2021-06-11T01:19:59.774000+00:00,1.0,P
4315,3504,2021-06-11T01:20:03.114000+00:00,1.0,S
4316,3170,2021-06-11T01:19:59.774000+00:00,1.0,P
4316,3504,2021-06-11T01:20:03.114000+00:00,1.0,S
4317,3170,2021-06-11T01:19:59.774000+00:00,1.0,P
4317,3504,2021-06-11T01:20:03.114000+00:00,1.0,S
4318,3170,2021-06-11T01:19:59.774000+00:00,1.0,P
4318,3504,2021-06-11T01:20:03.114000+00:00,1.0,S
4319,3170,2021-06-11T01:19:59.774000+00:00,1.0,P
4319,3504,2021-06-11T01:20:03.114000+00:00,1.0,S
4320,3170,2021-06-11T01:19:59.774000+00:00,1.0,P
4320,3504,2021-06-11T01:20:03.114000+00:00,1.0,S
4321,3171,2021-06-11T01:19:59.784000+00:00,1.0,P
4321,3505,2021-06-11T01:20:03.124000+00:00,1.0,S
4322,3171,2021-06-11T01:19:59.784000+00:00,1.0,P
4322,3505,2021-06-11T01:20:03.124000+00:00,1.0,S
4323,3171,2021-06-11T01:19:59.784000+00:00,1.0,P
4323,3505,2021-06-11T01:20:03.124000+00:00,1.0,S
4324,3171,2021-06-11T01:19:59.784000+00:00,1.0,P
4324,3505,2021-06-11T01:20:03.124000+00:00,1.0,S
4325,3171,2021-06-11T01:19:59.784000+00:00,1.0,P
4325,3505,2021-06-11T01:20:03.124000+00:00,1.0,S
4326,3171,2021-06-11T01:19:59.784000+00:00,1.0,P
4326,3505,2021-06-11T01:20:03.124000+00:00,1.0,S
4327,3171,2021-06-11T01:19:59.784000+00:00,1.0,P
4327,3505,2021-06-11T01:20:03.124000+00:00,1.0,S
4328,3171,2021-06-11T01:19:59.784000+00:00,1.0,P
4328,3505,2021-06-11T01:20:03.124000+00:00,1.0,S
4329,3171,2021-06-11T01:19:59.784000+00:00,1.0,P
4329,3505,2021-06-11T01:20:03.124000+00:00,1.0,S
4330,3171,2021-06-11T01:19:59.784000+00:00,1.0,P
4330,3505,2021-06-11T01:20:03.124000+00:00,1.0,S
4331,3171,2021-06-11T01:19:59.784000+00:00,1.0,P
4331,3506,2021-06-11T01:20:03.134000+00:00,1.0,S
4332,3171,2021-06-11T01:19:59.784000+00:00,1.0,P
4332,3506,2021-06-11T01:20:03.134000+00:00,1.0,S
4333,3172,2021-06-11T01:19:59.794000+00:00,1.0,P
4333,3506,2021-06-11T01:20:03.134000+00:00,1.0,S
4334,3172,2021-06-11T01:19:59.794000+00:00,1.0,P
4334,3506,2021-06-11T01:20:03.134000+00:00,1.0,S
4335,3172,2021-06-11T01:19:59.794000+00:00,1.0,P
4335,3506,2021-06-11T01:20:03.134000+00:00,1.0,S
4336,3172,2021-06-11T01:19:59.794000+00:00,1.0,P
4336,3506,2021-06-11T01:20:03.134000+00:00,1.0,S
4337,3172,2021-06-11T01:19:59.794000+00:00,1.0,P
4337,3506,2021-06-11T01:20:03.134000+00:00,1.0,S
4338,3172,2021-06-11T01:19:59.794000+00:00,1.0,P
4338,3506,2021-06-11T01:20:03.134000+00:00,1.0,S
4339,3172,2021-06-11T01:19:59.794000+00:00,1.0,P
4339,3506,2021-06-11T01:20:03.134000+00:00,1.0,S
4340,3172,2021-06-11T01:19:59.794000+00:00,1.0,P
4340,3506,2021-06-11T01:20:03.134000+00:00,1.0,S
4341,3172,2021-06-11T01:19:59.794000+00:00,1.0,P
4341,3506,2021-06-11T01:20:03.134000+00:00,1.0,S
4342,3172,2021-06-11T01:19:59.794000+00:00,1.0,P
4342,3506,2021-06-11T01:20:03.134000+00:00,1.0,S
4343,3172,2021-06-11T01:19:59.794000+00:00,1.0,P
4343,3507,2021-06-11T01:20:03.144000+00:00,1.0,S
4344,3172,2021-06-11T01:19:59.794000+00:00,1.0,P
4344,3507,2021-06-11T01:20:03.144000+00:00,1.0,S
4345,3172,2021-06-11T01:19:59.794000+00:00,1.0,P
4345,3507,2021-06-11T01:20:03.144000+00:00,1.0,S
4346,3173,2021-06-11T01:19:59.804000+00:00,1.0,P
4346,3507,2021-06-11T01:20:03.144000+00:00,1.0,S
4347,3173,2021-06-11T01:19:59.804000+00:00,1.0,P
4347,3507,2021-06-11T01:20:03.144000+00:00,1.0,S
4348,3173,2021-06-11T01:19:59.804000+00:00,1.0,P
4348,3507,2021-06-11T01:20:03.144000+00:00,1.0,S
4349,3173,2021-06-11T01:19:59.804000+00:00,1.0,P
4349,3507,2021-06-11T01:20:03.144000+00:00,1.0,S
4350,3173,2021-06-11T01:19:59.804000+00:00,1.0,P
4350,3507,2021-06-11T01:20:03.144000+00:00,1.0,S
4351,3173,2021-06-11T01:19:59.804000+00:00,1.0,P
4351,3508,2021-06-11T01:20:03.154000+00:00,1.0,S
4352,3173,2021-06-11T01:19:59.804000+00:00,1.0,P
4352,3508,2021-06-11T01:20:03.154000+00:00,1.0,S
4353,3173,2021-06-11T01:19:59.804000+00:00,1.0,P
4353,3508,2021-06-11T01:20:03.154000+00:00,1.0,S
4354,3173,2021-06-11T01:19:59.804000+00:00,1.0,P
4354,3508,2021-06-11T01:20:03.154000+00:00,1.0,S
4355,3173,2021-06-11T01:19:59.804000+00:00,1.0,P
4355,3508,2021-06-11T01:20:03.154000+00:00,1.0,S
4356,3173,2021-06-11T01:19:59.804000+00:00,1.0,P
4356,3508,2021-06-11T01:20:03.154000+00:00,1.0,S
4357,3173,2021-06-11T01:19:59.804000+00:00,1.0,P
4357,3508,2021-06-11T01:20:03.154000+00:00,1.0,S
4358,3174,2021-06-11T01:19:59.814000+00:00,1.0,P
4358,3508,2021-06-11T01:20:03.154000+00:00,1.0,S
4359,3174,2021-06-11T01:19:59.814000+00:00,1.0,P
4359,3509,2021-06-11T01:20:03.164000+00:00,1.0,S
4360,3174,2021-06-11T01:19:59.814000+00:00,1.0,P
4360,3509,2021-06-11T01:20:03.164000+00:00,1.0,S
4361,3174,2021-06-11T01:19:59.814000+00:00,1.0,P
4361,3509,2021-06-11T01:20:03.164000+00:00,1.0,S
4362,3174,2021-06-11T01:19:59.814000+00:00,1.0,P
4362,3509,2021-06-11T01:20:03.164000+00:00,1.0,S
4363,3174,2021-06-11T01:19:59.814000+00:00,1.0,P
4363,3509,2021-06-11T01:20:03.164000+00:00,1.0,S
4364,3174,2021-06-11T01:19:59.814000+00:00,1.0,P
4364,3509,2021-06-11T01:20:03.164000+00:00,1.0,S
4365,3174,2021-06-11T01:19:59.814000+00:00,1.0,P
4365,3509,2021-06-11T01:20:03.164000+00:00,1.0,S
4366,3174,2021-06-11T01:19:59.814000+00:00,1.0,P
4366,3509,2021-06-11T01:20:03.164000+00:00,1.0,S
4367,3174,2021-06-11T01:19:59.814000+00:00,1.0,P
4367,3509,2021-06-11T01:20:03.164000+00:00,1.0,S
4368,3174,2021-06-11T01:19:59.814000+00:00,1.0,P
4368,3510,2021-06-11T01:20:03.174000+00:00,1.0,S
4369,3174,2021-06-11T01:19:59.814000+00:00,1.0,P
4369,3510,2021-06-11T01:20:03.174000+00:00,1.0,S
4370,3175,2021-06-11T01:19:59.824000+00:00,1.0,P
4370,3510,2021-06-11T01:20:03.174000+00:00,1.0,S
4371,3175,2021-06-11T01:19:59.824000+00:00,1.0,P
4371,3510,2021-06-11T01:20:03.174000+00:00,1.0,S
4372,3175,2021-06-11T01:19:59.824000+00:00,1.0,P
4372,3510,2021-06-11T01:20:03.174000+00:00,1.0,S
4373,3175,2021-06-11T01:19:59.824000+00:00,1.0,P
4373,3510,2021-06-11T01:20:03.174000+00:00,1.0,S
4374,3175,2021-06-11T01:19:59.824000+00:00,1.0,P
4374,3511,2021-06-11T01:20:03.184000+00:00,1.0,S
4375,3175,2021-06-11T01:19:59.824000+00:00,1.0,P
4375,3511,2021-06-11T01:20:03.184000+00:00,1.0,S
4376,3175,2021-06-11T01:19:59.824000+00:00,1.0,P
4376,3511,2021-06-11T01:20:03.184000+00:00,1.0,S
4377,3175,2021-06-11T01:19:59.824000+00:00,1.0,P
4377,3511,2021-06-11T01:20:03.184000+00:00,1.0,S
4378,3175,2021-06-11T01:19:59.824000+00:00,1.0,P
4378,3511,2021-06-11T01:20:03.184000+00:00,1.0,S
4379,3175,2021-06-11T01:19:59.824000+00:00,1.0,P
4379,3511,2021-06-11T01:20:03.184000+00:00,1.0,S
4380,3175,2021-06-11T01:19:59.824000+00:00,1.0,P
4380,3512,2021-06-11T01:20:03.194000+00:00,1.0,S
4381,3176,2021-06-11T01:19:59.834000+00:00,1.0,P
4381,3512,2021-06-11T01:20:03.194000+00:00,1.0,S
4382,3176,2021-06-11T01:19:59.834000+00:00,1.0,P
4382,3512,2021-06-11T01:20:03.194000+00:00,1.0,S
4383,3176,2021-06-11T01:19:59.834000+00:00,1.0,P
4383,3512,2021-06-11T01:20:03.194000+00:00,1.0,S
4384,3176,2021-06-11T01:19:59.834000+00:00,1.0,P
4384,3512,2021-06-11T01:20:03.194000+00:00,1.0,S
4385,3176,2021-06-11T01:19:59.834000+00:00,1.0,P
4385,3512,2021-06-11T01:20:03.194000+00:00,1.0,S
4386,3176,2021-06-11T01:19:59.834000+00:00,1.0,P
4386,3512,2021-06-11T01:20:03.194000+00:00,1.0,S
4387,3176,2021-06-11T01:19:59.834000+00:00,1.0,P
4387,3513,2021-06-11T01:20:03.204000+00:00,1.0,S
4388,3176,2021-06-11T01:19:59.834000+00:00,1.0,P
4388,3513,2021-06-11T01:20:03.204000+00:00,1.0,S
4389,3176,2021-06-11T01:19:59.834000+00:00,1.0,P
4389,3513,2021-06-11T01:20:03.204000+00:00,1.0,S
4390,3176,2021-06-11T01:19:59.834000+00:00,1.0,P
4390,3513,2021-06-11T01:20:03.204000+00:00,1.0,S
4391,3177,2021-06-11T01:19:59.844000+00:00,1.0,P
4391,3513,2021-06-11T01:20:03.204000+00:00,1.0,S
4392,3177,2021-06-11T01:19:59.844000+00:00,1.0,P
4392,3513,2021-06-11T01:20:03.204000+00:00,1.0,S
4393,3177,2021-06-11T01:19:59.844000+00:00,1.0,P
4393,3514,2021-06-11T01:20:03.214000+00:00,1.0,S
4394,3177,2021-06-11T01:19:59.844000+00:00,1.0,P
4394,3514,2021-06-11T01:20:03.214000+00:00,1.0,S
4395,3177,2021-06-11T01:19:59.844000+00:00,1.0,P
4395,3514,2021-06-11T01:20:03.214000+00:00,1.0,S
4396,3177,2021-06-11T01:19:59.844000+00:00,1.0,P
4396,3514,2021-06-11T01:20:03.214000+00:00,1.0,S
4397,3177,2021-06-11T01:19:59.844000+00:00,1.0,P
4397,3514,2021-06-11T01:20:03.214000+00:00,1.0,S
4398,3177,2021-06-11T01:19:59.844000+00:00,1.0,P
4398,3514,2021-06-11T01:20:03.214000+00:00,1.0,S
4399,3177,2021-06-11T01:19:59.844000+00:00,1.0,P
4399,3515,2021-06-11T01:20:03.224000+00:00,1.0,S
4400,3177,2021-06-11T01:19:59.844000+00:00,1.0,P
4400,3515,2021-06-11T01:20:03.224000+00:00,1.0,S
4401,3178,2021-06-11T01:19:59.854000+00:00,1.0,P
4401,3515,2021-06-11T01:20:03.224000+00:00,1.0,S
4402,3178,2021-06-11T01:19:59.854000+00:00,1.0,P
4402,3515,2021-06-11T01:20:03.224000+00:00,1.0,S
4403,3178,2021-06-11T01:19:59.854000+00:00,1.0,P
4403,3515,2021-06-11T01:20:03.224000+00:00,1.0,S
4404,3178,2021-06-11T01:19:59.854000+00:00,1.0,P
4404,3515,2021-06-11T01:20:03.224000+00:00,1.0,S
4405,3178,2021-06-11T01:19:59.854000+00:00,1.0,P
4405,3516,2021-06-11T01:20:03.234000+00:00,1.0,S
4406,3178,2021-06-11T01:19:59.854000+00:00,1.0,P
4406,3516,2021-06-11T01:20:03.234000+00:00,1.0,S
4407,3178,2021-06-11T01:19:59.854000+00:00,1.0,P
4407,3516,2021-06-11T01:20:03.234000+00:00,1.0,S
4408,3178,2021-06-11T01:19:59.854000+00:00,1.0,P
4408,3516,2021-06-11T01:20:03.234000+00:00,1.0,S
4409,3179,2021-06-11T01:19:59.864000+00:00,1.0,P
4409,3516,2021-06-11T01:20:03.234000+00:00,1.0,S
4410,3179,2021-06-11T01:19:59.864000+00:00,1.0,P
4410,3517,2021-06-11T01:20:03.244000+00:00,1.0,S
4411,3179,2021-06-11T01:19:59.864000+00:00,1.0,P
4411,3517,2021-06-11T01:20:03.244000+00:00,1.0,S
4412,3179,2021-06-11T01:19:59.864000+00:00,1.0,P
4412,3517,2021-06-11T01:20:03.244000+00:00,1.0,S
4413,3179,2021-06-11T01:19:59.864000+00:00,1.0,P
4413,3517,2021-06-11T01:20:03.244000+00:00,1.0,S
4414,3179,2021-06-11T01:19:59.864000+00:00,1.0,P
4414,3517,2021-06-11T01:20:03.244000+00:00,1.0,S
4415,3179,2021-06-11T01:19:59.864000+00:00,1.0,P
4415,3518,2021-06-11T01:20:03.254000+00:00,1.0,S
4416,3179,2021-06-11T01:19:59.864000+00:00,1.0,P
4416,3518,2021-06-11T01:20:03.254000+00:00,1.0,S
4417,3179,2021-06-11T01:19:59.864000+00:00,1.0,P
4417,3518,2021-06-11T01:20:03.254000+00:00,1.0,S
4418,3180,2021-06-11T01:19:59.874000+00:00,1.0,P
4418,3518,2021-06-11T01:20:03.254000+00:00,1.0,S
4419,3180,2021-06-11T01:19:59.874000+00:00,1.0,P
4419,3518,2021-06-11T01:20:03.254000+00:00,1.0,S
4420,3180,2021-06-11T01:19:59.874000+00:00,1.0,P
4420,3518,2021-06-11T01:20:03.254000+00:00,1.0,S
4421,3180,2021-06-11T01:19:59.874000+00:00,1.0,P
4421,3519,2021-06-11T01:20:03.264000+00:00,1.0,S
4422,3180,2021-06-11T01:19:59.874000+00:00,1.0,P
4422,3519,2021-06-11T01:20:03.264000+00:00,1.0,S
4423,3180,2021-06-11T01:19:59.874000+00:00,1.0,P
4423,3519,2021-06-11T01:20:03.264000+00:00,1.0,S
4424,3180,2021-06-11T01:19:59.874000+00:00,1.0,P
4424,3519,2021-06-11T01:20:03.264000+00:00,1.0,S
4425,3180,2021-06-11T01:19:59.874000+00:00,1.0,P
4425,3519,2021-06-11T01:20:03.264000+00:00,1.0,S
4426,3180,2021-06-11T01:19:59.874000+00:00,1.0,P
4426,3519,2021-06-11T01:20:03.264000+00:00,1.0,S
4427,3181,2021-06-11T01:19:59.884000+00:00,1.0,P
4427,3520,2021-06-11T01:20:03.274000+00:00,1.0,S
4428,3181,2021-06-11T01:19:59.884000+00:00,1.0,P
4428,3520,2021-06-11T01:20:03.274000+00:00,1.0,S
4429,3181,2021-06-11T01:19:59.884000+00:00,1.0,P
4429,3520,2021-06-11T01:20:03.274000+00:00,1.0,S
4430,3181,2021-06-11T01:19:59.884000+00:00,1.0,P
4430,3520,2021-06-11T01:20:03.274000+00:00,1.0,S
4431,3181,2021-06-11T01:19:59.884000+00:00,1.0,P
4431,3520,2021-06-11T01:20:03.274000+00:00,1.0,S
4432,3181,2021-06-11T01:19:59.884000+00:00,1.0,P
4432,3520,2021-06-11T01:20:03.274000+00:00,1.0,S
4433,3181,2021-06-11T01:19:59.884000+00:00,1.0,P
4433,3521,2021-06-11T01:20:03.284000+00:00,1.0,S
4434,3181,2021-06-11T01:19:59.884000+00:00,1.0,P
4434,3521,2021-06-11T01:20:03.284000+00:00,1.0,S
4435,3181,2021-06-11T01:19:59.884000+00:00,1.0,P
4435,3521,2021-06-11T01:20:03.284000+00:00,1.0,S
4436,3182,2021-06-11T01:19:59.894000+00:00,1.0,P
4436,3521,2021-06-11T01:20:03.284000+00:00,1.0,S
4437,3182,2021-06-11T01:19:59.894000+00:00,1.0,P
4437,3521,2021-06-11T01:20:03.284000+00:00,1.0,S
4438,3182,2021-06-11T01:19:59.894000+00:00,1.0,P
4438,3521,2021-06-11T01:20:03.284000+00:00,1.0,S
4439,3182,2021-06-11T01:19:59.894000+00:00,1.0,P
4439,3522,2021-06-11T01:20:03.294000+00:00,1.0,S
4440,3182,2021-06-11T01:19:59.894000+00:00,1.0,P
4440,3522,2021-06-11T01:20:03.294000+00:00,1.0,S
4441,3182,2021-06-11T01:19:59.894000+00:00,1.0,P
4441,3522,2021-06-11T01:20:03.294000+00:00,1.0,S
4442,3182,2021-06-11T01:19:59.894000+00:00,1.0,P
4442,3522,2021-06-11T01:20:03.294000+00:00,1.0,S
4443,3182,2021-06-11T01:19:59.894000+00:00,1.0,P
4443,3523,2021-06-11T01:20:03.304000+00:00,1.0,S
4444,3182,2021-06-11T01:19:59.894000+00:00,1.0,P
4444,3523,2021-06-11T01:20:03.304000+00:00,1.0,S
4445,3183,2021-06-11T01:19:59.904000+00:00,1.0,P
4445,3523,2021-06-11T01:20:03.304000+00:00,1.0,S
4446,3183,2021-06-11T01:19:59.904000+00:00,1.0,P
4446,3523,2021-06-11T01:20:03.304000+00:00,1.0,S
4447,3183,2021-06-11T01:19:59.904000+00:00,1.0,P
4447,3523,2021-06-11T01:20:03.304000+00:00,1.0,S
4448,3183,2021-06-11T01:19:59.904000+00:00,1.0,P
4448,3524,2021-06-11T01:20:03.314000+00:00,1.0,S
4449,3183,2021-06-11T01:19:59.904000+00:00,1.0,P
4449,3524,2021-06-11T01:20:03.314000+00:00,1.0,S
4450,3183,2021-06-11T01:19:59.904000+00:00,1.0,P
4450,3524,2021-06-11T01:20:03.314000+00:00,1.0,S
4451,3183,2021-06-11T01:19:59.904000+00:00,1.0,P
4451,3524,2021-06-11T01:20:03.314000+00:00,1.0,S
4452,3183,2021-06-11T01:19:59.904000+00:00,1.0,P
4452,3525,2021-06-11T01:20:03.324000+00:00,1.0,S
4453,3183,2021-06-11T01:19:59.904000+00:00,1.0,P
4453,3525,2021-06-11T01:20:03.324000+00:00,1.0,S
4454,3184,2021-06-11T01:19:59.914000+00:00,1.0,P
4454,3525,2021-06-11T01:20:03.324000+00:00,1.0,S
4455,3184,2021-06-11T01:19:59.914000+00:00,1.0,P
4455,3525,2021-06-11T01:20:03.324000+00:00,1.0,S
4456,3184,2021-06-11T01:19:59.914000+00:00,1.0,P
4456,3525,2021-06-11T01:20:03.324000+00:00,1.0,S
4457,3184,2021-06-11T01:19:59.914000+00:00,1.0,P
4457,3525,2021-06-11T01:20:03.324000+00:00,1.0,S
4458,3184,2021-06-11T01:19:59.914000+00:00,1.0,P
4458,3526,2021-06-11T01:20:03.334000+00:00,1.0,S
4459,3184,2021-06-11T01:19:59.914000+00:00,1.0,P
4459,3526,2021-06-11T01:20:03.334000+00:00,1.0,S
4460,3184,2021-06-11T01:19:59.914000+00:00,1.0,P
4460,3526,2021-06-11T01:20:03.334000+00:00,1.0,S
4461,3184,2021-06-11T01:19:59.914000+00:00,1.0,P
4461,3526,2021-06-11T01:20:03.334000+00:00,1.0,S
4462,3184,2021-06-11T01:19:59.914000+00:00,1.0,P
4462,3526,2021-06-11T01:20:03.334000+00:00,1.0,S
4463,3185,2021-06-11T01:19:59.924000+00:00,1.0,P
4463,3527,2021-06-11T01:20:03.344000+00:00,1.0,S
4464,3185,2021-06-11T01:19:59.924000+00:00,1.0,P
4464,3527,2021-06-11T01:20:03.344000+00:00,1.0,S
4465,3185,2021-06-11T01:19:59.924000+00:00,1.0,P
4465,3527,2021-06-11T01:20:03.344000+00:00,1.0,S
4466,3185,2021-06-11T01:19:59.924000+00:00,1.0,P
4466,3527,2021-06-11T01:20:03.344000+00:00,1.0,S
4467,3185,2021-06-11T01:19:59.924000+00:00,1.0,P
4467,3528,2021-06-11T01:20:03.354000+00:00,1.0,S
4468,3185,2021-06-11T01:19:59.924000+00:00,1.0,P
4468,3528,2021-06-11T01:20:03.354000+00:00,1.0,S
4469,3185,2021-06-11T01:19:59.924000+00:00,1.0,P
4469,3528,2021-06-11T01:20:03.354000+00:00,1.0,S
4470,3185,2021-06-11T01:19:59.924000+00:00,1.0,P
4470,3528,2021-06-11T01:20:03.354000+00:00,1.0,S
4471,3185,2021-06-11T01:19:59.924000+00:00,1.0,P
4471,3528,2021-06-11T01:20:03.354000+00:00,1.0,S
4472,3186,2021-06-11T01:19:59.934000+00:00,1.0,P
4472,3529,2021-06-11T01:20:03.364000+00:00,1.0,S
4473,3186,2021-06-11T01:19:59.934000+00:00,1.0,P
4473,3529,2021-06-11T01:20:03.364000+00:00,1.0,S
4474,3186,2021-06-11T01:19:59.934000+00:00,1.0,P
4474,3529,2021-06-11T01:20:03.364000+00:00,1.0,S
4475,3186,2021-06-11T01:19:59.934000+00:00,1.0,P
4475,3529,2021-06-11T01:20:03.364000+00:00,1.0,S
4476,3186,2021-06-11T01:19:59.934000+00:00,1.0,P
4476,3529,2021-06-11T01:20:03.364000+00:00,1.0,S
4477,3186,2021-06-11T01:19:59.934000+00:00,1.0,P
4477,3529,2021-06-11T01:20:03.364000+00:00,1.0,S
4478,3186,2021-06-11T01:19:59.934000+00:00,1.0,P
4478,3530,2021-06-11T01:20:03.374000+00:00,1.0,S
4479,3186,2021-06-11T01:19:59.934000+00:00,1.0,P
4479,3530,2021-06-11T01:20:03.374000+00:00,1.0,S
4480,3186,2021-06-11T01:19:59.934000+00:00,1.0,P
4480,3530,2021-06-11T01:20:03.374000+00:00,1.0,S
4481,3186,2021-06-11T01:19:59.934000+00:00,1.0,P
4481,3530,2021-06-11T01:20:03.374000+00:00,1.0,S
4482,3187,2021-06-11T01:19:59.944000+00:00,1.0,P
4482,3530,2021-06-11T01:20:03.374000+00:00,1.0,S
4483,3187,2021-06-11T01:19:59.944000+00:00,1.0,P
4483,3531,2021-06-11T01:20:03.384000+00:00,1.0,S
4484,3187,2021-06-11T01:19:59.944000+00:00,1.0,P
4484,3531,2021-06-11T01:20:03.384000+00:00,1.0,S
4485,3187,2021-06-11T01:19:59.944000+00:00,1.0,P
4485,3531,2021-06-11T01:20:03.384000+00:00,1.0,S
4486,3187,2021-06-11T01:19:59.944000+00:00,1.0,P
4486,3531,2021-06-11T01:20:03.384000+00:00,1.0,S
4487,3187,2021-06-11T01:19:59.944000+00:00,1.0,P
4487,3532,2021-06-11T01:20:03.394000+00:00,1.0,S
4488,3187,2021-06-11T01:19:59.944000+00:00,1.0,P
4488,3532,2021-06-11T01:20:03.394000+00:00,1.0,S
4489,3187,2021-06-11T01:19:59.944000+00:00,1.0,P
4489,3532,2021-06-11T01:20:03.394000+00:00,1.0,S
4490,3187,2021-06-11T01:19:59.944000+00:00,1.0,P
4490,3532,2021-06-11T01:20:03.394000+00:00,1.0,S
4491,3187,2021-06-11T01:19:59.944000+00:00,1.0,P
4491,3532,2021-06-11T01:20:03.394000+00:00,1.0,S
4492,3188,2021-06-11T01:19:59.954000+00:00,1.0,P
4492,3532,2021-06-11T01:20:03.394000+00:00,1.0,S
4493,3188,2021-06-11T01:19:59.954000+00:00,1.0,P
4493,3532,2021-06-11T01:20:03.394000+00:00,1.0,S
4494,3188,2021-06-11T01:19:59.954000+00:00,1.0,P
4494,3533,2021-06-11T01:20:03.404000+00:00,1.0,S
4495,3188,2021-06-11T01:19:59.954000+00:00,1.0,P
4495,3533,2021-06-11T01:20:03.404000+00:00,1.0,S
4496,3188,2021-06-11T01:19:59.954000+00:00,1.0,P
4496,3533,2021-06-11T01:20:03.404000+00:00,1.0,S
4497,3188,2021-06-11T01:19:59.954000+00:00,1.0,P
4497,3533,2021-06-11T01:20:03.404000+00:00,1.0,S
4498,3188,2021-06-11T01:19:59.954000+00:00,1.0,P
4498,3533,2021-06-11T01:20:03.404000+00:00,1.0,S
4499,3188,2021-06-11T01:19:59.954000+00:00,1.0,P
4499,3533,2021-06-11T01:20:03.404000+00:00,1.0,S
4500,3188,2021-06-11T01:19:59.954000+00:00,1.0,P
4500,3534,2021-06-11T01:20:03.414000+00:00,1.0,S
4501,3188,2021-06-11T01:19:59.954000+00:00,1.0,P
4501,3534,2021-06-11T01:20:03.414000+00:00,1.0,S
4502,3189,2021-06-11T01:19:59.964000+00:00,1.0,P
4502,3534,2021-06-11T01:20:03.414000+00:00,1.0,S
4503,3189,2021-06-11T01:19:59.964000+00:00,1.0,P
4503,3534,2021-06-11T01:20:03.414000+00:00,1.0,S
4504,3189,2021-06-11T01:19:59.964000+00:00,1.0,P
4504,3534,2021-06-11T01:20:03.414000+00:00,1.0,S
4505,3189,2021-06-11T01:19:59.964000+00:00,1.0,P
4505,3534,2021-06-11T01:20:03.414000+00:00,1.0,S
4506,3189,2021-06-11T01:19:59.964000+00:00,1.0,P
4506,3534,2021-06-11T01:20:03.414000+00:00,1.0,S
4507,3189,2021-06-11T01:19:59.964000+00:00,1.0,P
4507,3535,2021-06-11T01:20:03.424000+00:00,1.0,S
4508,3189,2021-06-11T01:19:59.964000+00:00,1.0,P
4508,3535,2021-06-11T01:20:03.424000+00:00,1.0,S
4509,3189,2021-06-11T01:19:59.964000+00:00,1.0,P
4509,3535,2021-06-11T01:20:03.424000+00:00,1.0,S
4510,3189,2021-06-11T01:19:59.964000+00:00,1.0,P
4510,3535,2021-06-11T01:20:03.424000+00:00,1.0,S
4511,3189,2021-06-11T01:19:59.964000+00:00,1.0,P
4511,3535,2021-06-11T01:20:03.424000+00:00,1.0,S
4512,3190,2021-06-11T01:19:59.974000+00:00,1.0,P
4512,3535,2021-06-11T01:20:03.424000+00:00,1.0,S
4513,3190,2021-06-11T01:19:59.974000+00:00,1.0,P
4513,3535,2021-06-11T01:20:03.424000+00:00,1.0,S
4514,3190,2021-06-11T01:19:59.974000+00:00,1.0,P
4514,3535,2021-06-11T01:20:03.424000+00:00,1.0,S
4515,3190,2021-06-11T01:19:59.974000+00:00,1.0,P
4515,3536,2021-06-11T01:20:03.434000+00:00,1.0,S
4516,3190,2021-06-11T01:19:59.974000+00:00,1.0,P
4516,3536,2021-06-11T01:20:03.434000+00:00,1.0,S
4517,3190,2021-06-11T01:19:59.974000+00:00,1.0,P
4517,3536,2021-06-11T01:20:03.434000+00:00,1.0,S
4518,3190,2021-06-11T01:19:59.974000+00:00,1.0,P
4518,3536,2021-06-11T01:20:03.434000+00:00,1.0,S
4519,3190,2021-06-11T01:19:59.974000+00:00,1.0,P
4519,3536,2021-06-11T01:20:03.434000+00:00,1.0,S
4520,3190,2021-06-11T01:19:59.974000+00:00,1.0,P
4520,3536,2021-06-11T01:20:03.434000+00:00,1.0,S
4521,3190,2021-06-11T01:19:59.974000+00:00,1.0,P
4521,3536,2021-06-11T01:20:03.434000+00:00,1.0,S
4522,3190,2021-06-11T01:19:59.974000+00:00,1.0,P
4522,3536,2021-06-11T01:20:03.434000+00:00,1.0,S
4523,3191,2021-06-11T01:19:59.984000+00:00,1.0,P
4523,3537,2021-06-11T01:20:03.444000+00:00,1.0,S
4524,3191,2021-06-11T01:19:59.984000+00:00,1.0,P
4524,3537,2021-06-11T01:20:03.444000+00:00,1.0,S
4525,3191,2021-06-11T01:19:59.984000+00:00,1.0,P
4525,3537,2021-06-11T01:20:03.444000+00:00,1.0,S
4526,3191,2021-06-11T01:19:59.984000+00:00,1.0,P
4526,3537,2021-06-11T01:20:03.444000+00:00,1.0,S
4527,3191,2021-06-11T01:19:59.984000+00:00,1.0,P
4527,3537,2021-06-11T01:20:03.444000+00:00,1.0,S
4528,3191,2021-06-11T01:19:59.984000+00:00,1.0,P
4528,3537,2021-06-11T01:20:03.444000+00:00,1.0,S
4529,3191,2021-06-11T01:19:59.984000+00:00,1.0,P
4529,3538,2021-06-11T01:20:03.454000+00:00,1.0,S
4530,3191,2021-06-11T01:19:59.984000+00:00,1.0,P
4530,3538,2021-06-11T01:20:03.454000+00:00,1.0,S
4531,3191,2021-06-11T01:19:59.984000+00:00,1.0,P
4531,3538,2021-06-11T01:20:03.454000+00:00,1.0,S
4532,3191,2021-06-11T01:19:59.984000+00:00,1.0,P
4532,3538,2021-06-11T01:20:03.454000+00:00,1.0,S
4533,3192,2021-06-11T01:19:59.994000+00:00,1.0,P
4533,3538,2021-06-11T01:20:03.454000+00:00,1.0,S
4534,3192,2021-06-11T01:19:59.994000+00:00,1.0,P
4534,3538,2021-06-11T01:20:03.454000+00:00,1.0,S
4535,3192,2021-06-11T01:19:59.994000+00:00,1.0,P
4535,3539,2021-06-11T01:20:03.464000+00:00,1.0,S
4536,3192,2021-06-11T01:19:59.994000+00:00,1.0,P
4536,3539,2021-06-11T01:20:03.464000+00:00,1.0,S
4537,3192,2021-06-11T01:19:59.994000+00:00,1.0,P
4537,3539,2021-06-11T01:20:03.464000+00:00,1.0,S
4538,3192,2021-06-11T01:19:59.994000+00:00,1.0,P
4538,3539,2021-06-11T01:20:03.464000+00:00,1.0,S
4539,3192,2021-06-11T01:19:59.994000+00:00,1.0,P
4539,3539,2021-06-11T01:20:03.464000+00:00,1.0,S
4540,3192,2021-06-11T01:19:59.994000+00:00,1.0,P
4540,3540,2021-06-11T01:20:03.474000+00:00,1.0,S
4541,3192,2021-06-11T01:19:59.994000+00:00,1.0,P
4541,3540,2021-06-11T01:20:03.474000+00:00,1.0,S
4542,3192,2021-06-11T01:19:59.994000+00:00,1.0,P
4542,3540,2021-06-11T01:20:03.474000+00:00,1.0,S
4543,3193,2021-06-11T01:20:00.004000+00:00,1.0,P
4543,3540,2021-06-11T01:20:03.474000+00:00,1.0,S
4544,3193,2021-06-11T01:20:00.004000+00:00,1.0,P
4544,3540,2021-06-11T01:20:03.474000+00:00,1.0,S
4545,3193,2021-06-11T01:20:00.004000+00:00,1.0,P
4545,3540,2021-06-11T01:20:03.474000+00:00,1.0,S
4546,3193,2021-06-11T01:20:00.004000+00:00,1.0,P
4546,3541,2021-06-11T01:20:03.484000+00:00,1.0,S
4547,3193,2021-06-11T01:20:00.004000+00:00,1.0,P
4547,3541,2021-06-11T01:20:03.484000+00:00,1.0,S
4548,3193,2021-06-11T01:20:00.004000+00:00,1.0,P
4548,3541,2021-06-11T01:20:03.484000+00:00,1.0,S
4549,3193,2021-06-11T01:20:00.004000+00:00,1.0,P
4549,3541,2021-06-11T01:20:03.484000+00:00,1.0,S
4550,3193,2021-06-11T01:20:00.004000+00:00,1.0,P
4550,3541,2021-06-11T01:20:03.484000+00:00,1.0,S
4551,3193,2021-06-11T01:20:00.004000+00:00,1.0,P
4551,3541,2021-06-11T01:20:03.484000+00:00,1.0,S
4552,3194,2021-06-11T01:20:00.014000+00:00,1.0,P
4552,3541,2021-06-11T01:20:03.484000+00:00,1.0,S
4553,3194,2021-06-11T01:20:00.014000+00:00,1.0,P
4553,3541,2021-06-11T01:20:03.484000+00:00,1.0,S
4554,3194,2021-06-11T01:20:00.014000+00:00,1.0,P
4554,3541,2021-06-11T01:20:03.484000+00:00,1.0,S
4555,3194,2021-06-11T01:20:00.014000+00:00,1.0,P
4555,3541,2021-06-11T01:20:03.484000+00:00,1.0,S
4556,3194,2021-06-11T01:20:00.014000+00:00,1.0,P
4556,3541,2021-06-11T01:20:03.484000+00:00,1.0,S
4557,3194,2021-06-11T01:20:00.014000+00:00,1.0,P
4557,3541,2021-06-11T01:20:03.484000+00:00,1.0,S
4558,3194,2021-06-11T01:20:00.014000+00:00,1.0,P
4558,3541,2021-06-11T01:20:03.484000+00:00,1.0,S
4559,3194,2021-06-11T01:20:00.014000+00:00,1.0,P
4559,3542,2021-06-11T01:20:03.494000+00:00,1.0,S
4560,3194,2021-06-11T01:20:00.014000+00:00,1.0,P
4560,3542,2021-06-11T01:20:03.494000+00:00,1.0,S
4561,3195,2021-06-11T01:20:00.024000+00:00,1.0,P
4561,3542,2021-06-11T01:20:03.494000+00:00,1.0,S
4562,3195,2021-06-11T01:20:00.024000+00:00,1.0,P
4562,3542,2021-06-11T01:20:03.494000+00:00,1.0,S
4563,3195,2021-06-11T01:20:00.024000+00:00,1.0,P
4563,3542,2021-06-11T01:20:03.494000+00:00,1.0,S
4564,3195,2021-06-11T01:20:00.024000+00:00,1.0,P
4564,3542,2021-06-11T01:20:03.494000+00:00,1.0,S
4565,3195,2021-06-11T01:20:00.024000+00:00,1.0,P
4565,3542,2021-06-11T01:20:03.494000+00:00,1.0,S
4566,3195,2021-06-11T01:20:00.024000+00:00,1.0,P
4566,3542,2021-06-11T01:20:03.494000+00:00,1.0,S
4567,3195,2021-06-11T01:20:00.024000+00:00,1.0,P
4567,3542,2021-06-11T01:20:03.494000+00:00,1.0,S
4568,3195,2021-06-11T01:20:00.024000+00:00,1.0,P
4568,3543,2021-06-11T01:20:03.504000+00:00,1.0,S
4569,3195,2021-06-11T01:20:00.024000+00:00,1.0,P
4569,3543,2021-06-11T01:20:03.504000+00:00,1.0,S
4570,3196,2021-06-11T01:20:00.034000+00:00,1.0,P
4570,3543,2021-06-11T01:20:03.504000+00:00,1.0,S
4571,3196,2021-06-11T01:20:00.034000+00:00,1.0,P
4571,3543,2021-06-11T01:20:03.504000+00:00,1.0,S
4572,3196,2021-06-11T01:20:00.034000+00:00,1.0,P
4572,3543,2021-06-11T01:20:03.504000+00:00,1.0,S
4573,3196,2021-06-11T01:20:00.034000+00:00,1.0,P
4573,3543,2021-06-11T01:20:03.504000+00:00,1.0,S
4574,3196,2021-06-11T01:20:00.034000+00:00,1.0,P
4574,3543,2021-06-11T01:20:03.504000+00:00,1.0,S
4575,3196,2021-06-11T01:20:00.034000+00:00,1.0,P
4575,3543,2021-06-11T01:20:03.504000+00:00,1.0,S
4576,3196,2021-06-11T01:20:00.034000+00:00,1.0,P
4576,3543,2021-06-11T01:20:03.504000+00:00,1.0,S
4577,3196,2021-06-11T01:20:00.034000+00:00,1.0,P
4577,3543,2021-06-11T01:20:03.504000+00:00,1.0,S
4578,3196,2021-06-11T01:20:00.034000+00:00,1.0,P
4578,3543,2021-06-11T01:20:03.504000+00:00,1.0,S
4579,3196,2021-06-11T01:20:00.034000+00:00,1.0,P
4579,3543,2021-06-11T01:20:03.504000+00:00,1.0,S
4580,3196,2021-06-11T01:20:00.034000+00:00,1.0,P
4580,3543,2021-06-11T01:20:03.504000+00:00,1.0,S
4581,3196,2021-06-11T01:20:00.034000+00:00,1.0,P
4581,3543,2021-06-11T01:20:03.504000+00:00,1.0,S
4582,3196,2021-06-11T01:20:00.034000+00:00,1.0,P
4582,3543,2021-06-11T01:20:03.504000+00:00,1.0,S
4583,3196,2021-06-11T01:20:00.034000+00:00,1.0,P
4583,3544,2021-06-11T01:20:03.514000+00:00,1.0,S
4584,3196,2021-06-11T01:20:00.034000+00:00,1.0,P
4584,3544,2021-06-11T01:20:03.514000+00:00,1.0,S
4585,3196,2021-06-11T01:20:00.034000+00:00,1.0,P
4585,3544,2021-06-11T01:20:03.514000+00:00,1.0,S
4586,3197,2021-06-11T01:20:00.044000+00:00,1.0,P
4586,3544,2021-06-11T01:20:03.514000+00:00,1.0,S
4587,3197,2021-06-11T01:20:00.044000+00:00,1.0,P
4587,3544,2021-06-11T01:20:03.514000+00:00,1.0,S
4588,3197,2021-06-11T01:20:00.044000+00:00,1.0,P
4588,3544,2021-06-11T01:20:03.514000+00:00,1.0,S
4589,3197,2021-06-11T01:20:00.044000+00:00,1.0,P
4589,3544,2021-06-11T01:20:03.514000+00:00,1.0,S
4590,3197,2021-06-11T01:20:00.044000+00:00,1.0,P
4590,3544,2021-06-11T01:20:03.514000+00:00,1.0,S
4591,3197,2021-06-11T01:20:00.044000+00:00,1.0,P
4591,3545,2021-06-11T01:20:03.524000+00:00,1.0,S
4592,3197,2021-06-11T01:20:00.044000+00:00,1.0,P
4592,3545,2021-06-11T01:20:03.524000+00:00,1.0,S
4593,3197,2021-06-11T01:20:00.044000+00:00,1.0,P
4593,3545,2021-06-11T01:20:03.524000+00:00,1.0,S
4594,3197,2021-06-11T01:20:00.044000+00:00,1.0,P
4594,3545,2021-06-11T01:20:03.524000+00:00,1.0,S
4595,3197,2021-06-11T01:20:00.044000+00:00,1.0,P
4595,3545,2021-06-11T01:20:03.524000+00:00,1.0,S
4596,3197,2021-06-11T01:20:00.044000+00:00,1.0,P
4596,3545,2021-06-11T01:20:03.524000+00:00,1.0,S
4597,3197,2021-06-11T01:20:00.044000+00:00,1.0,P
4597,3545,2021-06-11T01:20:03.524000+00:00,1.0,S
4598,3197,2021-06-11T01:20:00.044000+00:00,1.0,P
4598,3545,2021-06-11T01:20:03.524000+00:00,1.0,S
4599,3197,2021-06-11T01:20:00.044000+00:00,1.0,P
4599,3545,2021-06-11T01:20:03.524000+00:00,1.0,S
4600,3197,2021-06-11T01:20:00.044000+00:00,1.0,P
4600,3545,2021-06-11T01:20:03.524000+00:00,1.0,S
4601,3197,2021-06-11T01:20:00.044000+00:00,1.0,P
4601,3545,2021-06-11T01:20:03.524000+00:00,1.0,S
4602,3197,2021-06-11T01:20:00.044000+00:00,1.0,P
4602,3546,2021-06-11T01:20:03.534000+00:00,1.0,S
4603,3198,2021-06-11T01:20:00.054000+00:00,1.0,P
4603,3546,2021-06-11T01:20:03.534000+00:00,1.0,S
4604,3198,2021-06-11T01:20:00.054000+00:00,1.0,P
4604,3546,2021-06-11T01:20:03.534000+00:00,1.0,S
4605,3198,2021-06-11T01:20:00.054000+00:00,1.0,P
4605,3546,2021-06-11T01:20:03.534000+00:00,1.0,S
4606,3198,2021-06-11T01:20:00.054000+00:00,1.0,P
4606,3546,2021-06-11T01:20:03.534000+00:00,1.0,S
4607,3198,2021-06-11T01:20:00.054000+00:00,1.0,P
4607,3546,2021-06-11T01:20:03.534000+00:00,1.0,S
4608,3198,2021-06-11T01:20:00.054000+00:00,1.0,P
4608,3546,2021-06-11T01:20:03.534000+00:00,1.0,S
4609,3198,2021-06-11T01:20:00.054000+00:00,1.0,P
4609,3546,2021-06-11T01:20:03.534000+00:00,1.0,S
4610,3198,2021-06-11T01:20:00.054000+00:00,1.0,P
4610,3546,2021-06-11T01:20:03.534000+00:00,1.0,S
4611,3198,2021-06-11T01:20:00.054000+00:00,1.0,P
4611,3546,2021-06-11T01:20:03.534000+00:00,1.0,S
4612,3198,2021-06-11T01:20:00.054000+00:00,1.0,P
4612,3546,2021-06-11T01:20:03.534000+00:00,1.0,S
4613,3198,2021-06-11T01:20:00.054000+00:00,1.0,P
4613,3546,2021-06-11T01:20:03.534000+00:00,1.0,S
4614,3198,2021-06-11T01:20:00.054000+00:00,1.0,P
4614,3547,2021-06-11T01:20:03.544000+00:00,1.0,S
4615,3198,2021-06-11T01:20:00.054000+00:00,1.0,P
4615,3547,2021-06-11T01:20:03.544000+00:00,1.0,S
4616,3198,2021-06-11T01:20:00.054000+00:00,1.0,P
4616,3547,2021-06-11T01:20:03.544000+00:00,1.0,S
4617,3198,2021-06-11T01:20:00.054000+00:00,1.0,P
4617,3547,2021-06-11T01:20:03.544000+00:00,1.0,S
4618,3198,2021-06-11T01:20:00.054000+00:00,1.0,P
4618,3547,2021-06-11T01:20:03.544000+00:00,1.0,S
4619,3198,2021-06-11T01:20:00.054000+00:00,1.0,P
4619,3547,2021-06-11T01:20:03.544000+00:00,1.0,S
4620,3198,2021-06-11T01:20:00.054000+00:00,1.0,P
4620,3547,2021-06-11T01:20:03.544000+00:00,1.0,S
4621,3198,2021-06-11T01:20:00.054000+00:00,1.0,P
4621,3547,2021-06-11T01:20:03.544000+00:00,1.0,S
4622,3198,2021-06-11T01:20:00.054000+00:00,1.0,P
4622,3547,2021-06-11T01:20:03.544000+00:00,1.0,S
4623,3199,2021-06-11T01:20:00.064000+00:00,1.0,P
4623,3547,2021-06-11T01:20:03.544000+00:00,1.0,S
4624,3199,2021-06-11T01:20:00.064000+00:00,1.0,P
4624,3547,2021-06-11T01:20:03.544000+00:00,1.0,S
4625,3199,2021-06-11T01:20:00.064000+00:00,1.0,P
4625,3547,2021-06-11T01:20:03.544000+00:00,1.0,S
4626,3199,2021-06-11T01:20:00.064000+00:00,1.0,P
4626,3547,2021-06-11T01:20:03.544000+00:00,1.0,S
4627,3199,2021-06-11T01:20:00.064000+00:00,1.0,P
4627,3547,2021-06-11T01:20:03.544000+00:00,1.0,S
4628,3199,2021-06-11T01:20:00.064000+00:00,1.0,P
4628,3547,2021-06-11T01:20:03.544000+00:00,1.0,S
4629,3199,2021-06-11T01:20:00.064000+00:00,1.0,P
4629,3548,2021-06-11T01:20:03.554000+00:00,1.0,S
4630,3199,2021-06-11T01:20:00.064000+00:00,1.0,P
4630,3548,2021-06-11T01:20:03.554000+00:00,1.0,S
4631,3199,2021-06-11T01:20:00.064000+00:00,1.0,P
4631,3548,2021-06-11T01:20:03.554000+00:00,1.0,S
4632,3199,2021-06-11T01:20:00.064000+00:00,1.0,P
4632,3548,2021-06-11T01:20:03.554000+00:00,1.0,S
4633,3199,2021-06-11T01:20:00.064000+00:00,1.0,P
4633,3548,2021-06-11T01:20:03.554000+00:00,1.0,S
4634,3199,2021-06-11T01:20:00.064000+00:00,1.0,P
4634,3548,2021-06-11T01:20:03.554000+00:00,1.0,S
4635,3199,2021-06-11T01:20:00.064000+00:00,1.0,P
4635,3548,2021-06-11T01:20:03.554000+00:00,1.0,S
4636,3199,2021-06-11T01:20:00.064000+00:00,1.0,P
4636,3548,2021-06-11T01:20:03.554000+00:00,1.0,S
4637,3199,2021-06-11T01:20:00.064000+00:00,1.0,P
4637,3548,2021-06-11T01:20:03.554000+00:00,1.0,S
4638,3199,2021-06-11T01:20:00.064000+00:00,1.0,P
4638,3548,2021-06-11T01:20:03.554000+00:00,1.0,S
4639,3199,2021-06-11T01:20:00.064000+00:00,1.0,P
4639,3548,2021-06-11T01:20:03.554000+00:00,1.0,S
4640,3199,2021-06-11T01:20:00.064000+00:00,1.0,P
4640,3548,2021-06-11T01:20:03.554000+00:00,1.0,S
4641,3199,2021-06-11T01:20:00.064000+00:00,1.0,P
4641,3548,2021-06-11T01:20:03.554000+00:00,1.0,S
4642,3199,2021-06-11T01:20:00.064000+00:00,1.0,P
4642,3548,2021-06-11T01:20:03.554000+00:00,1.0,S
4643,3200,2021-06-11T01:20:00.074000+00:00,1.0,P
4643,3548,2021-06-11T01:20:03.554000+00:00,1.0,S
4644,3200,2021-06-11T01:20:00.074000+00:00,1.0,P
4644,3548,2021-06-11T01:20:03.554000+00:00,1.0,S
4645,3200,2021-06-11T01:20:00.074000+00:00,1.0,P
4645,3548,2021-06-11T01:20:03.554000+00:00,1.0,S
4646,3200,2021-06-11T01:20:00.074000+00:00,1.0,P
4646,3548,2021-06-11T01:20:03.554000+00:00,1.0,S
4647,3200,2021-06-11T01:20:00.074000+00:00,1.0,P
4647,3548,2021-06-11T01:20:03.554000+00:00,1.0,S
4648,3200,2021-06-11T01:20:00.074000+00:00,1.0,P
4648,3548,2021-06-11T01:20:03.554000+00:00,1.0,S
4649,3200,2021-06-11T01:20:00.074000+00:00,1.0,P
4649,3548,2021-06-11T01:20:03.554000+00:00,1.0,S
4650,3200,2021-06-11T01:20:00.074000+00:00,1.0,P
4650,3548,2021-06-11T01:20:03.554000+00:00,1.0,S
4651,3200,2021-06-11T01:20:00.074000+00:00,1.0,P
4651,3548,2021-06-11T01:20:03.554000+00:00,1.0,S
4652,3200,2021-06-11T01:20:00.074000+00:00,1.0,P
4652,3548,2021-06-11T01:20:03.554000+00:00,1.0,S
4653,3200,2021-06-11T01:20:00.074000+00:00,1.0,P
4653,3548,2021-06-11T01:20:03.554000+00:00,1.0,S
4654,3200,2021-06-11T01:20:00.074000+00:00,1.0,P
4654,3548,2021-06-11T01:20:03.554000+00:00,1.0,S
4655,3200,2021-06-11T01:20:00.074000+00:00,1.0,P
4655,3548,2021-06-11T01:20:03.554000+00:00,1.0,S
4656,3200,2021-06-11T01:20:00.074000+00:00,1.0,P
4656,3548,2021-06-11T01:20:03.554000+00:00,1.0,S
4657,3200,2021-06-11T01:20:00.074000+00:00,1.0,P
4657,3548,2021-06-11T01:20:03.554000+00:00,1.0,S
4658,3200,2021-06-11T01:20:00.074000+00:00,1.0,P
4658,3548,2021-06-11T01:20:03.554000+00:00,1.0,S
4659,3200,2021-06-11T01:20:00.074000+00:00,1.0,P
4659,3548,2021-06-11T01:20:03.554000+00:00,1.0,S
4660,3200,2021-06-11T01:20:00.074000+00:00,1.0,P
4660,3548,2021-06-11T01:20:03.554000+00:00,1.0,S
4661,3200,2021-06-11T01:20:00.074000+00:00,1.0,P
4661,3548,2021-06-11T01:20:03.554000+00:00,1.0,S
4662,3200,2021-06-11T01:20:00.074000+00:00,1.0,P
4662,3548,2021-06-11T01:20:03.554000+00:00,1.0,S
4663,3200,2021-06-11T01:20:00.074000+00:00,1.0,P
4663,3548,2021-06-11T01:20:03.554000+00:00,1.0,S
4664,3200,2021-06-11T01:20:00.074000+00:00,1.0,P
4664,3548,2021-06-11T01:20:03.554000+00:00,1.0,S
4665,3200,2021-06-11T01:20:00.074000+00:00,1.0,P
4665,3548,2021-06-11T01:20:03.554000+00:00,1.0,S
4666,3200,2021-06-11T01:20:00.074000+00:00,1.0,P
4666,3548,2021-06-11T01:20:03.554000+00:00,1.0,S
4667,3200,2021-06-11T01:20:00.074000+00:00,1.0,P
4667,3548,2021-06-11T01:20:03.554000+00:00,1.0,S
4668,3200,2021-06-11T01:20:00.074000+00:00,1.0,P
4668,3549,2021-06-11T01:20:03.564000+00:00,1.0,S
4669,3200,2021-06-11T01:20:00.074000+00:00,1.0,P
4669,3549,2021-06-11T01:20:03.564000+00:00,1.0,S
