channel_index,phase_index,phase_time,phase_score,phase_type
0,3198,2020-11-21T20:20:18.535000+00:00,1.0,P
0,3531,2020-11-21T20:20:21.865000+00:00,1.0,S
1,3198,2020-11-21T20:20:18.535000+00:00,1.0,P
1,3531,2020-11-21T20:20:21.865000+00:00,1.0,S
2,3198,2020-11-21T20:20:18.535000+00:00,1.0,P
2,3531,2020-11-21T20:20:21.865000+00:00,1.0,S
3,3198,2020-11-21T20:20:18.535000+00:00,1.0,P
3,3531,2020-11-21T20:20:21.865000+00:00,1.0,S
4,3198,2020-11-21T20:20:18.535000+00:00,1.0,P
4,3531,2020-11-21T20:20:21.865000+00:00,1.0,S
5,3198,2020-11-21T20:20:18.535000+00:00,1.0,P
5,3530,2020-11-21T20:20:21.855000+00:00,1.0,S
6,3198,2020-11-21T20:20:18.535000+00:00,1.0,P
6,3530,2020-11-21T20:20:21.855000+00:00,1.0,S
7,3198,2020-11-21T20:20:18.535000+00:00,1.0,P
7,3530,2020-11-21T20:20:21.855000+00:00,1.0,S
8,3198,2020-11-21T20:20:18.535000+00:00,1.0,P
8,3530,2020-11-21T20:20:21.855000+00:00,1.0,S
9,3198,2020-11-21T20:20:18.535000+00:00,1.0,P
9,3530,2020-11-21T20:20:21.855000+00:00,1.0,S
10,3197,2020-11-21T20:20:18.525000+00:00,1.0,P
10,3530,2020-11-21T20:20:21.855000+00:00,1.0,S
11,3197,2020-11-21T20:20:18.525000+00:00,1.0,P
11,3530,2020-11-21T20:20:21.855000+00:00,1.0,S
12,3197,2020-11-21T20:20:18.525000+00:00,1.0,P
12,3530,2020-11-21T20:20:21.855000+00:00,1.0,S
13,3197,2020-11-21T20:20:18.525000+00:00,1.0,P
13,3530,2020-11-21T20:20:21.855000+00:00,1.0,S
14,3197,2020-11-21T20:20:18.525000+00:00,1.0,P
14,3530,2020-11-21T20:20:21.855000+00:00,1.0,S
15,3197,2020-11-21T20:20:18.525000+00:00,1.0,P
15,3530,2020-11-21T20:20:21.855000+00:00,1.0,S
16,3197,2020-11-21T20:20:18.525000+00:00,1.0,P
16,3530,2020-11-21T20:20:21.855000+00:00,1.0,S
17,3197,2020-11-21T20:20:18.525000+00:00,1.0,P
17,3530,2020-11-21T20:20:21.855000+00:00,1.0,S
18,3197,2020-11-21T20:20:18.525000+00:00,1.0,P
18,3530,2020-11-21T20:20:21.855000+00:00,1.0,S
19,3197,2020-11-21T20:20:18.525000+00:00,1.0,P
19,3529,2020-11-21T20:20:21.845000+00:00,1.0,S
20,3197,2020-11-21T20:20:18.525000+00:00,1.0,P
20,3529,2020-11-21T20:20:21.845000+00:00,1.0,S
21,3197,2020-11-21T20:20:18.525000+00:00,1.0,P
21,3529,2020-11-21T20:20:21.845000+00:00,1.0,S
22,3197,2020-11-21T20:20:18.525000+00:00,1.0,P
22,3529,2020-11-21T20:20:21.845000+00:00,1.0,S
23,3197,2020-11-21T20:20:18.525000+00:00,1.0,P
23,3529,2020-11-21T20:20:21.845000+00:00,1.0,S
24,3197,2020-11-21T20:20:18.525000+00:00,1.0,P
24,3529,2020-11-21T20:20:21.845000+00:00,1.0,S
25,3197,2020-11-21T20:20:18.525000+00:00,1.0,P
25,3529,2020-11-21T20:20:21.845000+00:00,1.0,S
26,3197,2020-11-21T20:20:18.525000+00:00,1.0,P
26,3528,2020-11-21T20:20:21.835000+00:00,1.0,S
27,3197,2020-11-21T20:20:18.525000+00:00,1.0,P
27,3528,2020-11-21T20:20:21.835000+00:00,1.0,S
28,3197,2020-11-21T20:20:18.525000+00:00,1.0,P
28,3528,2020-11-21T20:20:21.835000+00:00,1.0,S
29,3197,2020-11-21T20:20:18.525000+00:00,1.0,P
29,3528,2020-11-21T20:20:21.835000+00:00,1.0,S
30,3197,2020-11-21T20:20:18.525000+00:00,1.0,P
30,3528,2020-11-21T20:20:21.835000+00:00,1.0,S
31,3197,2020-11-21T20:20:18.525000+00:00,1.0,P
31,3528,2020-11-21T20:20:21.835000+00:00,1.0,S
32,3197,2020-11-21T20:20:18.525000+00:00,1.0,P
32,3528,2020-11-21T20:20:21.835000+00:00,1.0,S
33,3197,2020-11-21T20:20:18.525000+00:00,1.0,P
33,3528,2020-11-21T20:20:21.835000+00:00,1.0,S
34,3196,2020-11-21T20:20:18.515000+00:00,1.0,P
34,3528,2020-11-21T20:20:21.835000+00:00,1.0,S
35,3196,2020-11-21T20:20:18.515000+00:00,1.0,P
35,3528,2020-11-21T20:20:21.835000+00:00,1.0,S
36,3196,2020-11-21T20:20:18.515000+00:00,1.0,P
36,3528,2020-11-21T20:20:21.835000+00:00,1.0,S
37,3196,2020-11-21T20:20:18.515000+00:00,1.0,P
37,3528,2020-11-21T20:20:21.835000+00:00,1.0,S
38,3196,2020-11-21T20:20:18.515000+00:00,1.0,P
38,3527,2020-11-21T20:20:21.825000+00:00,1.0,S
39,3196,2020-11-21T20:20:18.515000+00:00,1.0,P
39,3527,2020-11-21T20:20:21.825000+00:00,1.0,S
40,3196,2020-11-21T20:20:18.515000+00:00,1.0,P
40,3527,2020-11-21T20:20:21.825000+00:00,1.0,S
41,3196,2020-11-21T20:20:18.515000+00:00,1.0,P
41,3527,2020-11-21T20:20:21.825000+00:00,1.0,S
42,3196,2020-11-21T20:20:18.515000+00:00,1.0,P
42,3527,2020-11-21T20:20:21.825000+00:00,1.0,S
43,3196,2020-11-21T20:20:18.515000+00:00,1.0,P
43,3527,2020-11-21T20:20:21.825000+00:00,1.0,S
44,3196,2020-11-21T20:20:18.515000+00:00,1.0,P
44,3527,2020-11-21T20:20:21.825000+00:00,1.0,S
45,3196,2020-11-21T20:20:18.515000+00:00,1.0,P
45,3527,2020-11-21T20:20:21.825000+00:00,1.0,S
46,3196,2020-11-21T20:20:18.515000+00:00,1.0,P
46,3527,2020-11-21T20:20:21.825000+00:00,1.0,S
47,3196,2020-11-21T20:20:18.515000+00:00,1.0,P
47,3526,2020-11-21T20:20:21.815000+00:00,1.0,S
48,3196,2020-11-21T20:20:18.515000+00:00,1.0,P
48,3526,2020-11-21T20:20:21.815000+00:00,1.0,S
49,3196,2020-11-21T20:20:18.515000+00:00,1.0,P
49,3526,2020-11-21T20:20:21.815000+00:00,1.0,S
50,3196,2020-11-21T20:20:18.515000+00:00,1.0,P
50,3526,2020-11-21T20:20:21.815000+00:00,1.0,S
51,3196,2020-11-21T20:20:18.515000+00:00,1.0,P
51,3526,2020-11-21T20:20:21.815000+00:00,1.0,S
52,3196,2020-11-21T20:20:18.515000+00:00,1.0,P
52,3525,2020-11-21T20:20:21.805000+00:00,1.0,S
53,3196,2020-11-21T20:20:18.515000+00:00,1.0,P
53,3525,2020-11-21T20:20:21.805000+00:00,1.0,S
54,3196,2020-11-21T20:20:18.515000+00:00,1.0,P
54,3525,2020-11-21T20:20:21.805000+00:00,1.0,S
55,3196,2020-11-21T20:20:18.515000+00:00,1.0,P
55,3525,2020-11-21T20:20:21.805000+00:00,1.0,S
56,3196,2020-11-21T20:20:18.515000+00:00,1.0,P
56,3524,2020-11-21T20:20:21.795000+00:00,1.0,S
57,3195,2020-11-21T20:20:18.505000+00:00,1.0,P
57,3524,2020-11-21T20:20:21.795000+00:00,1.0,S
58,3195,2020-11-21T20:20:18.505000+00:00,1.0,P
58,3524,2020-11-21T20:20:21.795000+00:00,1.0,S
59,3195,2020-11-21T20:20:18.505000+00:00,1.0,P
59,3524,2020-11-21T20:20:21.795000+00:00,1.0,S
60,3195,2020-11-21T20:20:18.505000+00:00,1.0,P
60,3524,2020-11-21T20:20:21.795000+00:00,1.0,S
61,3195,2020-11-21T20:20:18.505000+00:00,1.0,P
61,3524,2020-11-21T20:20:21.795000+00:00,1.0,S
62,3195,2020-11-21T20:20:18.505000+00:00,1.0,P
62,3523,2020-11-21T20:20:21.785000+00:00,1.0,S
63,3195,2020-11-21T20:20:18.505000+00:00,1.0,P
63,3523,2020-11-21T20:20:21.785000+00:00,1.0,S
64,3195,2020-11-21T20:20:18.505000+00:00,1.0,P
64,3523,2020-11-21T20:20:21.785000+00:00,1.0,S
65,3195,2020-11-21T20:20:18.505000+00:00,1.0,P
65,3523,2020-11-21T20:20:21.785000+00:00,1.0,S
66,3195,2020-11-21T20:20:18.505000+00:00,1.0,P
66,3523,2020-11-21T20:20:21.785000+00:00,1.0,S
67,3195,2020-11-21T20:20:18.505000+00:00,1.0,P
67,3523,2020-11-21T20:20:21.785000+00:00,1.0,S
68,3195,2020-11-21T20:20:18.505000+00:00,1.0,P
68,3523,2020-11-21T20:20:21.785000+00:00,1.0,S
69,3195,2020-11-21T20:20:18.505000+00:00,1.0,P
69,3522,2020-11-21T20:20:21.775000+00:00,1.0,S
70,3195,2020-11-21T20:20:18.505000+00:00,1.0,P
70,3522,2020-11-21T20:20:21.775000+00:00,1.0,S
71,3195,2020-11-21T20:20:18.505000+00:00,1.0,P
71,3522,2020-11-21T20:20:21.775000+00:00,1.0,S
72,3195,2020-11-21T20:20:18.505000+00:00,1.0,P
72,3522,2020-11-21T20:20:21.775000+00:00,1.0,S
73,3194,2020-11-21T20:20:18.495000+00:00,1.0,P
73,3522,2020-11-21T20:20:21.775000+00:00,1.0,S
74,3194,2020-11-21T20:20:18.495000+00:00,1.0,P
74,3522,2020-11-21T20:20:21.775000+00:00,1.0,S
75,3194,2020-11-21T20:20:18.495000+00:00,1.0,P
75,3522,2020-11-21T20:20:21.775000+00:00,1.0,S
76,3194,2020-11-21T20:20:18.495000+00:00,1.0,P
76,3522,2020-11-21T20:20:21.775000+00:00,1.0,S
77,3194,2020-11-21T20:20:18.495000+00:00,1.0,P
77,3521,2020-11-21T20:20:21.765000+00:00,1.0,S
78,3194,2020-11-21T20:20:18.495000+00:00,1.0,P
78,3521,2020-11-21T20:20:21.765000+00:00,1.0,S
79,3194,2020-11-21T20:20:18.495000+00:00,1.0,P
79,3521,2020-11-21T20:20:21.765000+00:00,1.0,S
80,3194,2020-11-21T20:20:18.495000+00:00,1.0,P
80,3521,2020-11-21T20:20:21.765000+00:00,1.0,S
81,3194,2020-11-21T20:20:18.495000+00:00,1.0,P
81,3521,2020-11-21T20:20:21.765000+00:00,1.0,S
82,3194,2020-11-21T20:20:18.495000+00:00,1.0,P
82,3521,2020-11-21T20:20:21.765000+00:00,1.0,S
83,3194,2020-11-21T20:20:18.495000+00:00,1.0,P
83,3520,2020-11-21T20:20:21.755000+00:00,1.0,S
84,3194,2020-11-21T20:20:18.495000+00:00,1.0,P
84,3520,2020-11-21T20:20:21.755000+00:00,1.0,S
85,3194,2020-11-21T20:20:18.495000+00:00,1.0,P
85,3520,2020-11-21T20:20:21.755000+00:00,1.0,S
86,3194,2020-11-21T20:20:18.495000+00:00,1.0,P
86,3520,2020-11-21T20:20:21.755000+00:00,1.0,S
87,3194,2020-11-21T20:20:18.495000+00:00,1.0,P
87,3520,2020-11-21T20:20:21.755000+00:00,1.0,S
88,3194,2020-11-21T20:20:18.495000+00:00,1.0,P
88,3520,2020-11-21T20:20:21.755000+00:00,1.0,S
89,3194,2020-11-21T20:20:18.495000+00:00,1.0,P
89,3520,2020-11-21T20:20:21.755000+00:00,1.0,S
90,3194,2020-11-21T20:20:18.495000+00:00,1.0,P
90,3520,2020-11-21T20:20:21.755000+00:00,1.0,S
91,3193,2020-11-21T20:20:18.485000+00:00,1.0,P
91,3520,2020-11-21T20:20:21.755000+00:00,1.0,S
92,3193,2020-11-21T20:20:18.485000+00:00,1.0,P
92,3520,2020-11-21T20:20:21.755000+00:00,1.0,S
93,3193,2020-11-21T20:20:18.485000+00:00,1.0,P
93,3520,2020-11-21T20:20:21.755000+00:00,1.0,S
94,3193,2020-11-21T20:20:18.485000+00:00,1.0,P
94,3520,2020-11-21T20:20:21.755000+00:00,1.0,S
95,3193,2020-11-21T20:20:18.485000+00:00,1.0,P
95,3520,2020-11-21T20:20:21.755000+00:00,1.0,S
96,3193,2020-11-21T20:20:18.485000+00:00,1.0,P
96,3520,2020-11-21T20:20:21.755000+00:00,1.0,S
97,3193,2020-11-21T20:20:18.485000+00:00,1.0,P
97,3519,2020-11-21T20:20:21.745000+00:00,1.0,S
98,3193,2020-11-21T20:20:18.485000+00:00,1.0,P
98,3519,2020-11-21T20:20:21.745000+00:00,1.0,S
99,3193,2020-11-21T20:20:18.485000+00:00,1.0,P
99,3519,2020-11-21T20:20:21.745000+00:00,1.0,S
100,3193,2020-11-21T20:20:18.485000+00:00,1.0,P
100,3519,2020-11-21T20:20:21.745000+00:00,1.0,S
101,3193,2020-11-21T20:20:18.485000+00:00,1.0,P
101,3519,2020-11-21T20:20:21.745000+00:00,1.0,S
102,3193,2020-11-21T20:20:18.485000+00:00,1.0,P
102,3519,2020-11-21T20:20:21.745000+00:00,1.0,S
103,3193,2020-11-21T20:20:18.485000+00:00,1.0,P
103,3519,2020-11-21T20:20:21.745000+00:00,1.0,S
104,3193,2020-11-21T20:20:18.485000+00:00,1.0,P
104,3519,2020-11-21T20:20:21.745000+00:00,1.0,S
105,3192,2020-11-21T20:20:18.475000+00:00,1.0,P
105,3518,2020-11-21T20:20:21.735000+00:00,1.0,S
106,3192,2020-11-21T20:20:18.475000+00:00,1.0,P
106,3518,2020-11-21T20:20:21.735000+00:00,1.0,S
107,3192,2020-11-21T20:20:18.475000+00:00,1.0,P
107,3518,2020-11-21T20:20:21.735000+00:00,1.0,S
108,3192,2020-11-21T20:20:18.475000+00:00,1.0,P
108,3518,2020-11-21T20:20:21.735000+00:00,1.0,S
109,3192,2020-11-21T20:20:18.475000+00:00,1.0,P
109,3518,2020-11-21T20:20:21.735000+00:00,1.0,S
110,3192,2020-11-21T20:20:18.475000+00:00,1.0,P
110,3518,2020-11-21T20:20:21.735000+00:00,1.0,S
111,3192,2020-11-21T20:20:18.475000+00:00,1.0,P
111,3518,2020-11-21T20:20:21.735000+00:00,1.0,S
112,3192,2020-11-21T20:20:18.475000+00:00,1.0,P
112,3517,2020-11-21T20:20:21.725000+00:00,1.0,S
113,3192,2020-11-21T20:20:18.475000+00:00,1.0,P
113,3517,2020-11-21T20:20:21.725000+00:00,1.0,S
114,3191,2020-11-21T20:20:18.465000+00:00,1.0,P
114,3517,2020-11-21T20:20:21.725000+00:00,1.0,S
115,3191,2020-11-21T20:20:18.465000+00:00,1.0,P
115,3517,2020-11-21T20:20:21.725000+00:00,1.0,S
116,3191,2020-11-21T20:20:18.465000+00:00,1.0,P
116,3517,2020-11-21T20:20:21.725000+00:00,1.0,S
117,3191,2020-11-21T20:20:18.465000+00:00,1.0,P
117,3517,2020-11-21T20:20:21.725000+00:00,1.0,S
118,3191,2020-11-21T20:20:18.465000+00:00,1.0,P
118,3517,2020-11-21T20:20:21.725000+00:00,1.0,S
119,3191,2020-11-21T20:20:18.465000+00:00,1.0,P
119,3517,2020-11-21T20:20:21.725000+00:00,1.0,S
120,3191,2020-11-21T20:20:18.465000+00:00,1.0,P
120,3517,2020-11-21T20:20:21.725000+00:00,1.0,S
121,3191,2020-11-21T20:20:18.465000+00:00,1.0,P
121,3517,2020-11-21T20:20:21.725000+00:00,1.0,S
122,3190,2020-11-21T20:20:18.455000+00:00,1.0,P
122,3517,2020-11-21T20:20:21.725000+00:00,1.0,S
123,3190,2020-11-21T20:20:18.455000+00:00,1.0,P
123,3517,2020-11-21T20:20:21.725000+00:00,1.0,S
124,3190,2020-11-21T20:20:18.455000+00:00,1.0,P
124,3517,2020-11-21T20:20:21.725000+00:00,1.0,S
125,3190,2020-11-21T20:20:18.455000+00:00,1.0,P
125,3517,2020-11-21T20:20:21.725000+00:00,1.0,S
126,3190,2020-11-21T20:20:18.455000+00:00,1.0,P
126,3516,2020-11-21T20:20:21.715000+00:00,1.0,S
127,3190,2020-11-21T20:20:18.455000+00:00,1.0,P
127,3516,2020-11-21T20:20:21.715000+00:00,1.0,S
128,3190,2020-11-21T20:20:18.455000+00:00,1.0,P
128,3516,2020-11-21T20:20:21.715000+00:00,1.0,S
129,3190,2020-11-21T20:20:18.455000+00:00,1.0,P
129,3516,2020-11-21T20:20:21.715000+00:00,1.0,S
130,3189,2020-11-21T20:20:18.445000+00:00,1.0,P
130,3516,2020-11-21T20:20:21.715000+00:00,1.0,S
131,3189,2020-11-21T20:20:18.445000+00:00,1.0,P
131,3516,2020-11-21T20:20:21.715000+00:00,1.0,S
132,3189,2020-11-21T20:20:18.445000+00:00,1.0,P
132,3516,2020-11-21T20:20:21.715000+00:00,1.0,S
133,3189,2020-11-21T20:20:18.445000+00:00,1.0,P
133,3516,2020-11-21T20:20:21.715000+00:00,1.0,S
134,3189,2020-11-21T20:20:18.445000+00:00,1.0,P
134,3516,2020-11-21T20:20:21.715000+00:00,1.0,S
135,3189,2020-11-21T20:20:18.445000+00:00,1.0,P
135,3516,2020-11-21T20:20:21.715000+00:00,1.0,S
136,3189,2020-11-21T20:20:18.445000+00:00,1.0,P
136,3516,2020-11-21T20:20:21.715000+00:00,1.0,S
137,3188,2020-11-21T20:20:18.435000+00:00,1.0,P
137,3515,2020-11-21T20:20:21.705000+00:00,1.0,S
138,3188,2020-11-21T20:20:18.435000+00:00,1.0,P
138,3515,2020-11-21T20:20:21.705000+00:00,1.0,S
139,3188,2020-11-21T20:20:18.435000+00:00,1.0,P
139,3515,2020-11-21T20:20:21.705000+00:00,1.0,S
140,3188,2020-11-21T20:20:18.435000+00:00,1.0,P
140,3515,2020-11-21T20:20:21.705000+00:00,1.0,S
141,3188,2020-11-21T20:20:18.435000+00:00,1.0,P
141,3515,2020-11-21T20:20:21.705000+00:00,1.0,S
142,3188,2020-11-21T20:20:18.435000+00:00,1.0,P
142,3515,2020-11-21T20:20:21.705000+00:00,1.0,S
143,3188,2020-11-21T20:20:18.435000+00:00,1.0,P
143,3515,2020-11-21T20:20:21.705000+00:00,1.0,S
144,3187,2020-11-21T20:20:18.425000+00:00,1.0,P
144,3515,2020-11-21T20:20:21.705000+00:00,1.0,S
145,3187,2020-11-21T20:20:18.425000+00:00,1.0,P
145,3514,2020-11-21T20:20:21.695000+00:00,1.0,S
146,3187,2020-11-21T20:20:18.425000+00:00,1.0,P
146,3514,2020-11-21T20:20:21.695000+00:00,1.0,S
147,3187,2020-11-21T20:20:18.425000+00:00,1.0,P
147,3514,2020-11-21T20:20:21.695000+00:00,1.0,S
148,3187,2020-11-21T20:20:18.425000+00:00,1.0,P
148,3514,2020-11-21T20:20:21.695000+00:00,1.0,S
149,3187,2020-11-21T20:20:18.425000+00:00,1.0,P
149,3513,2020-11-21T20:20:21.685000+00:00,1.0,S
150,3187,2020-11-21T20:20:18.425000+00:00,1.0,P
150,3513,2020-11-21T20:20:21.685000+00:00,1.0,S
151,3187,2020-11-21T20:20:18.425000+00:00,1.0,P
151,3513,2020-11-21T20:20:21.685000+00:00,1.0,S
152,3186,2020-11-21T20:20:18.415000+00:00,1.0,P
152,3512,2020-11-21T20:20:21.675000+00:00,1.0,S
153,3186,2020-11-21T20:20:18.415000+00:00,1.0,P
153,3512,2020-11-21T20:20:21.675000+00:00,1.0,S
154,3186,2020-11-21T20:20:18.415000+00:00,1.0,P
154,3511,2020-11-21T20:20:21.665000+00:00,1.0,S
155,3186,2020-11-21T20:20:18.415000+00:00,1.0,P
155,3511,2020-11-21T20:20:21.665000+00:00,1.0,S
156,3186,2020-11-21T20:20:18.415000+00:00,1.0,P
156,3511,2020-11-21T20:20:21.665000+00:00,1.0,S
157,3186,2020-11-21T20:20:18.415000+00:00,1.0,P
157,3510,2020-11-21T20:20:21.655000+00:00,1.0,S
158,3186,2020-11-21T20:20:18.415000+00:00,1.0,P
158,3510,2020-11-21T20:20:21.655000+00:00,1.0,S
159,3186,2020-11-21T20:20:18.415000+00:00,1.0,P
159,3509,2020-11-21T20:20:21.645000+00:00,1.0,S
160,3185,2020-11-21T20:20:18.405000+00:00,1.0,P
160,3509,2020-11-21T20:20:21.645000+00:00,1.0,S
161,3185,2020-11-21T20:20:18.405000+00:00,1.0,P
161,3509,2020-11-21T20:20:21.645000+00:00,1.0,S
162,3185,2020-11-21T20:20:18.405000+00:00,1.0,P
162,3508,2020-11-21T20:20:21.635000+00:00,1.0,S
163,3185,2020-11-21T20:20:18.405000+00:00,1.0,P
163,3508,2020-11-21T20:20:21.635000+00:00,1.0,S
164,3185,2020-11-21T20:20:18.405000+00:00,1.0,P
164,3507,2020-11-21T20:20:21.625000+00:00,1.0,S
165,3185,2020-11-21T20:20:18.405000+00:00,1.0,P
165,3507,2020-11-21T20:20:21.625000+00:00,1.0,S
166,3185,2020-11-21T20:20:18.405000+00:00,1.0,P
166,3506,2020-11-21T20:20:21.615000+00:00,1.0,S
167,3184,2020-11-21T20:20:18.395000+00:00,1.0,P
167,3505,2020-11-21T20:20:21.605000+00:00,1.0,S
168,3184,2020-11-21T20:20:18.395000+00:00,1.0,P
168,3505,2020-11-21T20:20:21.605000+00:00,1.0,S
169,3184,2020-11-21T20:20:18.395000+00:00,1.0,P
169,3504,2020-11-21T20:20:21.595000+00:00,1.0,S
170,3184,2020-11-21T20:20:18.395000+00:00,1.0,P
170,3504,2020-11-21T20:20:21.595000+00:00,1.0,S
171,3184,2020-11-21T20:20:18.395000+00:00,1.0,P
171,3503,2020-11-21T20:20:21.585000+00:00,1.0,S
172,3184,2020-11-21T20:20:18.395000+00:00,1.0,P
172,3503,2020-11-21T20:20:21.585000+00:00,1.0,S
173,3184,2020-11-21T20:20:18.395000+00:00,1.0,P
173,3502,2020-11-21T20:20:21.575000+00:00,1.0,S
174,3184,2020-11-21T20:20:18.395000+00:00,1.0,P
174,3501,2020-11-21T20:20:21.565000+00:00,1.0,S
175,3183,2020-11-21T20:20:18.385000+00:00,1.0,P
175,3501,2020-11-21T20:20:21.565000+00:00,1.0,S
176,3183,2020-11-21T20:20:18.385000+00:00,1.0,P
176,3500,2020-11-21T20:20:21.555000+00:00,1.0,S
177,3183,2020-11-21T20:20:18.385000+00:00,1.0,P
177,3500,2020-11-21T20:20:21.555000+00:00,1.0,S
178,3183,2020-11-21T20:20:18.385000+00:00,1.0,P
178,3500,2020-11-21T20:20:21.555000+00:00,1.0,S
179,3183,2020-11-21T20:20:18.385000+00:00,1.0,P
179,3499,2020-11-21T20:20:21.545000+00:00,1.0,S
180,3183,2020-11-21T20:20:18.385000+00:00,1.0,P
180,3499,2020-11-21T20:20:21.545000+00:00,1.0,S
181,3183,2020-11-21T20:20:18.385000+00:00,1.0,P
181,3498,2020-11-21T20:20:21.535000+00:00,1.0,S
182,3183,2020-11-21T20:20:18.385000+00:00,1.0,P
182,3498,2020-11-21T20:20:21.535000+00:00,1.0,S
183,3182,2020-11-21T20:20:18.375000+00:00,1.0,P
183,3498,2020-11-21T20:20:21.535000+00:00,1.0,S
184,3182,2020-11-21T20:20:18.375000+00:00,1.0,P
184,3498,2020-11-21T20:20:21.535000+00:00,1.0,S
185,3182,2020-11-21T20:20:18.375000+00:00,1.0,P
185,3497,2020-11-21T20:20:21.525000+00:00,1.0,S
186,3182,2020-11-21T20:20:18.375000+00:00,1.0,P
186,3497,2020-11-21T20:20:21.525000+00:00,1.0,S
187,3182,2020-11-21T20:20:18.375000+00:00,1.0,P
187,3497,2020-11-21T20:20:21.525000+00:00,1.0,S
188,3182,2020-11-21T20:20:18.375000+00:00,1.0,P
188,3497,2020-11-21T20:20:21.525000+00:00,1.0,S
189,3182,2020-11-21T20:20:18.375000+00:00,1.0,P
189,3496,2020-11-21T20:20:21.515000+00:00,1.0,S
190,3182,2020-11-21T20:20:18.375000+00:00,1.0,P
190,3496,2020-11-21T20:20:21.515000+00:00,1.0,S
191,3182,2020-11-21T20:20:18.375000+00:00,1.0,P
191,3496,2020-11-21T20:20:21.515000+00:00,1.0,S
192,3181,2020-11-21T20:20:18.365000+00:00,1.0,P
192,3496,2020-11-21T20:20:21.515000+00:00,1.0,S
193,3181,2020-11-21T20:20:18.365000+00:00,1.0,P
193,3495,2020-11-21T20:20:21.505000+00:00,1.0,S
194,3181,2020-11-21T20:20:18.365000+00:00,1.0,P
194,3495,2020-11-21T20:20:21.505000+00:00,1.0,S
195,3181,2020-11-21T20:20:18.365000+00:00,1.0,P
195,3495,2020-11-21T20:20:21.505000+00:00,1.0,S
196,3181,2020-11-21T20:20:18.365000+00:00,1.0,P
196,3495,2020-11-21T20:20:21.505000+00:00,1.0,S
197,3181,2020-11-21T20:20:18.365000+00:00,1.0,P
197,3495,2020-11-21T20:20:21.505000+00:00,1.0,S
198,3181,2020-11-21T20:20:18.365000+00:00,1.0,P
198,3494,2020-11-21T20:20:21.495000+00:00,1.0,S
199,3181,2020-11-21T20:20:18.365000+00:00,1.0,P
199,3494,2020-11-21T20:20:21.495000+00:00,1.0,S
200,3181,2020-11-21T20:20:18.365000+00:00,1.0,P
200,3494,2020-11-21T20:20:21.495000+00:00,1.0,S
201,3180,2020-11-21T20:20:18.355000+00:00,1.0,P
201,3494,2020-11-21T20:20:21.495000+00:00,1.0,S
202,3180,2020-11-21T20:20:18.355000+00:00,1.0,P
202,3494,2020-11-21T20:20:21.495000+00:00,1.0,S
203,3180,2020-11-21T20:20:18.355000+00:00,1.0,P
203,3494,2020-11-21T20:20:21.495000+00:00,1.0,S
204,3180,2020-11-21T20:20:18.355000+00:00,1.0,P
204,3493,2020-11-21T20:20:21.485000+00:00,1.0,S
205,3180,2020-11-21T20:20:18.355000+00:00,1.0,P
205,3493,2020-11-21T20:20:21.485000+00:00,1.0,S
206,3180,2020-11-21T20:20:18.355000+00:00,1.0,P
206,3493,2020-11-21T20:20:21.485000+00:00,1.0,S
207,3180,2020-11-21T20:20:18.355000+00:00,1.0,P
207,3493,2020-11-21T20:20:21.485000+00:00,1.0,S
208,3179,2020-11-21T20:20:18.345000+00:00,1.0,P
208,3492,2020-11-21T20:20:21.475000+00:00,1.0,S
209,3179,2020-11-21T20:20:18.345000+00:00,1.0,P
209,3492,2020-11-21T20:20:21.475000+00:00,1.0,S
210,3179,2020-11-21T20:20:18.345000+00:00,1.0,P
210,3492,2020-11-21T20:20:21.475000+00:00,1.0,S
211,3179,2020-11-21T20:20:18.345000+00:00,1.0,P
211,3491,2020-11-21T20:20:21.465000+00:00,1.0,S
212,3179,2020-11-21T20:20:18.345000+00:00,1.0,P
212,3491,2020-11-21T20:20:21.465000+00:00,1.0,S
213,3179,2020-11-21T20:20:18.345000+00:00,1.0,P
213,3491,2020-11-21T20:20:21.465000+00:00,1.0,S
214,3179,2020-11-21T20:20:18.345000+00:00,1.0,P
214,3490,2020-11-21T20:20:21.455000+00:00,1.0,S
215,3178,2020-11-21T20:20:18.335000+00:00,1.0,P
215,3490,2020-11-21T20:20:21.455000+00:00,1.0,S
216,3178,2020-11-21T20:20:18.335000+00:00,1.0,P
216,3489,2020-11-21T20:20:21.445000+00:00,1.0,S
217,3178,2020-11-21T20:20:18.335000+00:00,1.0,P
217,3489,2020-11-21T20:20:21.445000+00:00,1.0,S
218,3178,2020-11-21T20:20:18.335000+00:00,1.0,P
218,3489,2020-11-21T20:20:21.445000+00:00,1.0,S
219,3178,2020-11-21T20:20:18.335000+00:00,1.0,P
219,3488,2020-11-21T20:20:21.435000+00:00,1.0,S
220,3178,2020-11-21T20:20:18.335000+00:00,1.0,P
220,3488,2020-11-21T20:20:21.435000+00:00,1.0,S
221,3178,2020-11-21T20:20:18.335000+00:00,1.0,P
221,3487,2020-11-21T20:20:21.425000+00:00,1.0,S
222,3178,2020-11-21T20:20:18.335000+00:00,1.0,P
222,3487,2020-11-21T20:20:21.425000+00:00,1.0,S
223,3177,2020-11-21T20:20:18.325000+00:00,1.0,P
223,3486,2020-11-21T20:20:21.415000+00:00,1.0,S
224,3177,2020-11-21T20:20:18.325000+00:00,1.0,P
224,3486,2020-11-21T20:20:21.415000+00:00,1.0,S
225,3177,2020-11-21T20:20:18.325000+00:00,1.0,P
225,3486,2020-11-21T20:20:21.415000+00:00,1.0,S
226,3177,2020-11-21T20:20:18.325000+00:00,1.0,P
226,3485,2020-11-21T20:20:21.405000+00:00,1.0,S
227,3177,2020-11-21T20:20:18.325000+00:00,1.0,P
227,3485,2020-11-21T20:20:21.405000+00:00,1.0,S
228,3177,2020-11-21T20:20:18.325000+00:00,1.0,P
228,3485,2020-11-21T20:20:21.405000+00:00,1.0,S
229,3177,2020-11-21T20:20:18.325000+00:00,1.0,P
229,3484,2020-11-21T20:20:21.395000+00:00,1.0,S
230,3177,2020-11-21T20:20:18.325000+00:00,1.0,P
230,3484,2020-11-21T20:20:21.395000+00:00,1.0,S
231,3176,2020-11-21T20:20:18.315000+00:00,1.0,P
231,3483,2020-11-21T20:20:21.385000+00:00,1.0,S
232,3176,2020-11-21T20:20:18.315000+00:00,1.0,P
232,3483,2020-11-21T20:20:21.385000+00:00,1.0,S
233,3176,2020-11-21T20:20:18.315000+00:00,1.0,P
233,3483,2020-11-21T20:20:21.385000+00:00,1.0,S
234,3176,2020-11-21T20:20:18.315000+00:00,1.0,P
234,3482,2020-11-21T20:20:21.375000+00:00,1.0,S
235,3176,2020-11-21T20:20:18.315000+00:00,1.0,P
235,3482,2020-11-21T20:20:21.375000+00:00,1.0,S
236,3176,2020-11-21T20:20:18.315000+00:00,1.0,P
236,3481,2020-11-21T20:20:21.365000+00:00,1.0,S
237,3176,2020-11-21T20:20:18.315000+00:00,1.0,P
237,3481,2020-11-21T20:20:21.365000+00:00,1.0,S
238,3176,2020-11-21T20:20:18.315000+00:00,1.0,P
238,3480,2020-11-21T20:20:21.355000+00:00,1.0,S
239,3175,2020-11-21T20:20:18.305000+00:00,1.0,P
239,3480,2020-11-21T20:20:21.355000+00:00,1.0,S
240,3175,2020-11-21T20:20:18.305000+00:00,1.0,P
240,3479,2020-11-21T20:20:21.345000+00:00,1.0,S
241,3175,2020-11-21T20:20:18.305000+00:00,1.0,P
241,3479,2020-11-21T20:20:21.345000+00:00,1.0,S
242,3175,2020-11-21T20:20:18.305000+00:00,1.0,P
242,3479,2020-11-21T20:20:21.345000+00:00,1.0,S
243,3175,2020-11-21T20:20:18.305000+00:00,1.0,P
243,3478,2020-11-21T20:20:21.335000+00:00,1.0,S
244,3175,2020-11-21T20:20:18.305000+00:00,1.0,P
244,3478,2020-11-21T20:20:21.335000+00:00,1.0,S
245,3175,2020-11-21T20:20:18.305000+00:00,1.0,P
245,3477,2020-11-21T20:20:21.325000+00:00,1.0,S
246,3175,2020-11-21T20:20:18.305000+00:00,1.0,P
246,3477,2020-11-21T20:20:21.325000+00:00,1.0,S
247,3174,2020-11-21T20:20:18.295000+00:00,1.0,P
247,3477,2020-11-21T20:20:21.325000+00:00,1.0,S
248,3174,2020-11-21T20:20:18.295000+00:00,1.0,P
248,3476,2020-11-21T20:20:21.315000+00:00,1.0,S
249,3174,2020-11-21T20:20:18.295000+00:00,1.0,P
249,3476,2020-11-21T20:20:21.315000+00:00,1.0,S
250,3174,2020-11-21T20:20:18.295000+00:00,1.0,P
250,3476,2020-11-21T20:20:21.315000+00:00,1.0,S
251,3174,2020-11-21T20:20:18.295000+00:00,1.0,P
251,3476,2020-11-21T20:20:21.315000+00:00,1.0,S
252,3174,2020-11-21T20:20:18.295000+00:00,1.0,P
252,3475,2020-11-21T20:20:21.305000+00:00,1.0,S
253,3174,2020-11-21T20:20:18.295000+00:00,1.0,P
253,3475,2020-11-21T20:20:21.305000+00:00,1.0,S
254,3173,2020-11-21T20:20:18.285000+00:00,1.0,P
254,3474,2020-11-21T20:20:21.295000+00:00,1.0,S
255,3173,2020-11-21T20:20:18.285000+00:00,1.0,P
255,3474,2020-11-21T20:20:21.295000+00:00,1.0,S
256,3173,2020-11-21T20:20:18.285000+00:00,1.0,P
256,3474,2020-11-21T20:20:21.295000+00:00,1.0,S
257,3173,2020-11-21T20:20:18.285000+00:00,1.0,P
257,3473,2020-11-21T20:20:21.285000+00:00,1.0,S
258,3173,2020-11-21T20:20:18.285000+00:00,1.0,P
258,3473,2020-11-21T20:20:21.285000+00:00,1.0,S
259,3173,2020-11-21T20:20:18.285000+00:00,1.0,P
259,3473,2020-11-21T20:20:21.285000+00:00,1.0,S
260,3173,2020-11-21T20:20:18.285000+00:00,1.0,P
260,3472,2020-11-21T20:20:21.275000+00:00,1.0,S
261,3173,2020-11-21T20:20:18.285000+00:00,1.0,P
261,3472,2020-11-21T20:20:21.275000+00:00,1.0,S
262,3173,2020-11-21T20:20:18.285000+00:00,1.0,P
262,3471,2020-11-21T20:20:21.265000+00:00,1.0,S
263,3172,2020-11-21T20:20:18.275000+00:00,1.0,P
263,3471,2020-11-21T20:20:21.265000+00:00,1.0,S
264,3172,2020-11-21T20:20:18.275000+00:00,1.0,P
264,3471,2020-11-21T20:20:21.265000+00:00,1.0,S
265,3172,2020-11-21T20:20:18.275000+00:00,1.0,P
265,3470,2020-11-21T20:20:21.255000+00:00,1.0,S
266,3172,2020-11-21T20:20:18.275000+00:00,1.0,P
266,3470,2020-11-21T20:20:21.255000+00:00,1.0,S
267,3172,2020-11-21T20:20:18.275000+00:00,1.0,P
267,3470,2020-11-21T20:20:21.255000+00:00,1.0,S
268,3172,2020-11-21T20:20:18.275000+00:00,1.0,P
268,3469,2020-11-21T20:20:21.245000+00:00,1.0,S
269,3172,2020-11-21T20:20:18.275000+00:00,1.0,P
269,3469,2020-11-21T20:20:21.245000+00:00,1.0,S
270,3172,2020-11-21T20:20:18.275000+00:00,1.0,P
270,3469,2020-11-21T20:20:21.245000+00:00,1.0,S
271,3172,2020-11-21T20:20:18.275000+00:00,1.0,P
271,3468,2020-11-21T20:20:21.235000+00:00,1.0,S
272,3172,2020-11-21T20:20:18.275000+00:00,1.0,P
272,3468,2020-11-21T20:20:21.235000+00:00,1.0,S
273,3171,2020-11-21T20:20:18.265000+00:00,1.0,P
273,3468,2020-11-21T20:20:21.235000+00:00,1.0,S
274,3171,2020-11-21T20:20:18.265000+00:00,1.0,P
274,3467,2020-11-21T20:20:21.225000+00:00,1.0,S
275,3171,2020-11-21T20:20:18.265000+00:00,1.0,P
275,3467,2020-11-21T20:20:21.225000+00:00,1.0,S
276,3171,2020-11-21T20:20:18.265000+00:00,1.0,P
276,3467,2020-11-21T20:20:21.225000+00:00,1.0,S
277,3171,2020-11-21T20:20:18.265000+00:00,1.0,P
277,3466,2020-11-21T20:20:21.215000+00:00,1.0,S
278,3171,2020-11-21T20:20:18.265000+00:00,1.0,P
278,3466,2020-11-21T20:20:21.215000+00:00,1.0,S
279,3171,2020-11-21T20:20:18.265000+00:00,1.0,P
279,3466,2020-11-21T20:20:21.215000+00:00,1.0,S
280,3171,2020-11-21T20:20:18.265000+00:00,1.0,P
280,3466,2020-11-21T20:20:21.215000+00:00,1.0,S
281,3171,2020-11-21T20:20:18.265000+00:00,1.0,P
281,3465,2020-11-21T20:20:21.205000+00:00,1.0,S
282,3171,2020-11-21T20:20:18.265000+00:00,1.0,P
282,3465,2020-11-21T20:20:21.205000+00:00,1.0,S
283,3171,2020-11-21T20:20:18.265000+00:00,1.0,P
283,3465,2020-11-21T20:20:21.205000+00:00,1.0,S
284,3170,2020-11-21T20:20:18.255000+00:00,1.0,P
284,3465,2020-11-21T20:20:21.205000+00:00,1.0,S
285,3170,2020-11-21T20:20:18.255000+00:00,1.0,P
285,3464,2020-11-21T20:20:21.195000+00:00,1.0,S
286,3170,2020-11-21T20:20:18.255000+00:00,1.0,P
286,3464,2020-11-21T20:20:21.195000+00:00,1.0,S
287,3170,2020-11-21T20:20:18.255000+00:00,1.0,P
287,3464,2020-11-21T20:20:21.195000+00:00,1.0,S
288,3170,2020-11-21T20:20:18.255000+00:00,1.0,P
288,3463,2020-11-21T20:20:21.185000+00:00,1.0,S
289,3170,2020-11-21T20:20:18.255000+00:00,1.0,P
289,3463,2020-11-21T20:20:21.185000+00:00,1.0,S
290,3170,2020-11-21T20:20:18.255000+00:00,1.0,P
290,3463,2020-11-21T20:20:21.185000+00:00,1.0,S
291,3170,2020-11-21T20:20:18.255000+00:00,1.0,P
291,3462,2020-11-21T20:20:21.175000+00:00,1.0,S
292,3170,2020-11-21T20:20:18.255000+00:00,1.0,P
292,3462,2020-11-21T20:20:21.175000+00:00,1.0,S
293,3170,2020-11-21T20:20:18.255000+00:00,1.0,P
293,3462,2020-11-21T20:20:21.175000+00:00,1.0,S
294,3170,2020-11-21T20:20:18.255000+00:00,1.0,P
294,3461,2020-11-21T20:20:21.165000+00:00,1.0,S
295,3170,2020-11-21T20:20:18.255000+00:00,1.0,P
295,3461,2020-11-21T20:20:21.165000+00:00,1.0,S
296,3169,2020-11-21T20:20:18.245000+00:00,1.0,P
296,3461,2020-11-21T20:20:21.165000+00:00,1.0,S
297,3169,2020-11-21T20:20:18.245000+00:00,1.0,P
297,3460,2020-11-21T20:20:21.155000+00:00,1.0,S
298,3169,2020-11-21T20:20:18.245000+00:00,1.0,P
298,3460,2020-11-21T20:20:21.155000+00:00,1.0,S
299,3169,2020-11-21T20:20:18.245000+00:00,1.0,P
299,3460,2020-11-21T20:20:21.155000+00:00,1.0,S
300,3169,2020-11-21T20:20:18.245000+00:00,1.0,P
300,3459,2020-11-21T20:20:21.145000+00:00,1.0,S
301,3169,2020-11-21T20:20:18.245000+00:00,1.0,P
301,3459,2020-11-21T20:20:21.145000+00:00,1.0,S
302,3169,2020-11-21T20:20:18.245000+00:00,1.0,P
302,3459,2020-11-21T20:20:21.145000+00:00,1.0,S
303,3169,2020-11-21T20:20:18.245000+00:00,1.0,P
303,3459,2020-11-21T20:20:21.145000+00:00,1.0,S
304,3169,2020-11-21T20:20:18.245000+00:00,1.0,P
304,3458,2020-11-21T20:20:21.135000+00:00,1.0,S
305,3169,2020-11-21T20:20:18.245000+00:00,1.0,P
305,3458,2020-11-21T20:20:21.135000+00:00,1.0,S
306,3169,2020-11-21T20:20:18.245000+00:00,1.0,P
306,3458,2020-11-21T20:20:21.135000+00:00,1.0,S
307,3169,2020-11-21T20:20:18.245000+00:00,1.0,P
307,3457,2020-11-21T20:20:21.125000+00:00,1.0,S
308,3169,2020-11-21T20:20:18.245000+00:00,1.0,P
308,3457,2020-11-21T20:20:21.125000+00:00,1.0,S
309,3168,2020-11-21T20:20:18.235000+00:00,1.0,P
309,3457,2020-11-21T20:20:21.125000+00:00,1.0,S
310,3168,2020-11-21T20:20:18.235000+00:00,1.0,P
310,3457,2020-11-21T20:20:21.125000+00:00,1.0,S
311,3168,2020-11-21T20:20:18.235000+00:00,1.0,P
311,3456,2020-11-21T20:20:21.115000+00:00,1.0,S
312,3168,2020-11-21T20:20:18.235000+00:00,1.0,P
312,3456,2020-11-21T20:20:21.115000+00:00,1.0,S
313,3168,2020-11-21T20:20:18.235000+00:00,1.0,P
313,3456,2020-11-21T20:20:21.115000+00:00,1.0,S
314,3168,2020-11-21T20:20:18.235000+00:00,1.0,P
314,3456,2020-11-21T20:20:21.115000+00:00,1.0,S
315,3168,2020-11-21T20:20:18.235000+00:00,1.0,P
315,3456,2020-11-21T20:20:21.115000+00:00,1.0,S
316,3168,2020-11-21T20:20:18.235000+00:00,1.0,P
316,3455,2020-11-21T20:20:21.105000+00:00,1.0,S
317,3168,2020-11-21T20:20:18.235000+00:00,1.0,P
317,3455,2020-11-21T20:20:21.105000+00:00,1.0,S
318,3168,2020-11-21T20:20:18.235000+00:00,1.0,P
318,3455,2020-11-21T20:20:21.105000+00:00,1.0,S
319,3168,2020-11-21T20:20:18.235000+00:00,1.0,P
319,3455,2020-11-21T20:20:21.105000+00:00,1.0,S
320,3168,2020-11-21T20:20:18.235000+00:00,1.0,P
320,3455,2020-11-21T20:20:21.105000+00:00,1.0,S
321,3168,2020-11-21T20:20:18.235000+00:00,1.0,P
321,3455,2020-11-21T20:20:21.105000+00:00,1.0,S
322,3168,2020-11-21T20:20:18.235000+00:00,1.0,P
322,3455,2020-11-21T20:20:21.105000+00:00,1.0,S
323,3167,2020-11-21T20:20:18.225000+00:00,1.0,P
323,3455,2020-11-21T20:20:21.105000+00:00,1.0,S
324,3167,2020-11-21T20:20:18.225000+00:00,1.0,P
324,3455,2020-11-21T20:20:21.105000+00:00,1.0,S
325,3167,2020-11-21T20:20:18.225000+00:00,1.0,P
325,3455,2020-11-21T20:20:21.105000+00:00,1.0,S
326,3167,2020-11-21T20:20:18.225000+00:00,1.0,P
326,3455,2020-11-21T20:20:21.105000+00:00,1.0,S
327,3167,2020-11-21T20:20:18.225000+00:00,1.0,P
327,3455,2020-11-21T20:20:21.105000+00:00,1.0,S
328,3167,2020-11-21T20:20:18.225000+00:00,1.0,P
328,3455,2020-11-21T20:20:21.105000+00:00,1.0,S
329,3167,2020-11-21T20:20:18.225000+00:00,1.0,P
329,3455,2020-11-21T20:20:21.105000+00:00,1.0,S
330,3167,2020-11-21T20:20:18.225000+00:00,1.0,P
330,3455,2020-11-21T20:20:21.105000+00:00,1.0,S
331,3167,2020-11-21T20:20:18.225000+00:00,1.0,P
331,3455,2020-11-21T20:20:21.105000+00:00,1.0,S
332,3167,2020-11-21T20:20:18.225000+00:00,1.0,P
332,3455,2020-11-21T20:20:21.105000+00:00,1.0,S
333,3167,2020-11-21T20:20:18.225000+00:00,1.0,P
333,3455,2020-11-21T20:20:21.105000+00:00,1.0,S
334,3167,2020-11-21T20:20:18.225000+00:00,1.0,P
334,3455,2020-11-21T20:20:21.105000+00:00,1.0,S
335,3167,2020-11-21T20:20:18.225000+00:00,1.0,P
335,3455,2020-11-21T20:20:21.105000+00:00,1.0,S
336,3167,2020-11-21T20:20:18.225000+00:00,1.0,P
336,3455,2020-11-21T20:20:21.105000+00:00,1.0,S
337,3167,2020-11-21T20:20:18.225000+00:00,1.0,P
337,3455,2020-11-21T20:20:21.105000+00:00,1.0,S
338,3167,2020-11-21T20:20:18.225000+00:00,1.0,P
338,3455,2020-11-21T20:20:21.105000+00:00,1.0,S
339,3167,2020-11-21T20:20:18.225000+00:00,1.0,P
339,3455,2020-11-21T20:20:21.105000+00:00,1.0,S
340,3167,2020-11-21T20:20:18.225000+00:00,1.0,P
340,3455,2020-11-21T20:20:21.105000+00:00,1.0,S
341,3167,2020-11-21T20:20:18.225000+00:00,1.0,P
341,3455,2020-11-21T20:20:21.105000+00:00,1.0,S
342,3167,2020-11-21T20:20:18.225000+00:00,1.0,P
342,3455,2020-11-21T20:20:21.105000+00:00,1.0,S
343,3167,2020-11-21T20:20:18.225000+00:00,1.0,P
343,3455,2020-11-21T20:20:21.105000+00:00,1.0,S
344,3167,2020-11-21T20:20:18.225000+00:00,1.0,P
344,3455,2020-11-21T20:20:21.105000+00:00,1.0,S
345,3167,2020-11-21T20:20:18.225000+00:00,1.0,P
345,3455,2020-11-21T20:20:21.105000+00:00,1.0,S
346,3167,2020-11-21T20:20:18.225000+00:00,1.0,P
346,3455,2020-11-21T20:20:21.105000+00:00,1.0,S
347,3167,2020-11-21T20:20:18.225000+00:00,1.0,P
347,3455,2020-11-21T20:20:21.105000+00:00,1.0,S
348,3167,2020-11-21T20:20:18.225000+00:00,1.0,P
348,3455,2020-11-21T20:20:21.105000+00:00,1.0,S
349,3166,2020-11-21T20:20:18.215000+00:00,1.0,P
349,3455,2020-11-21T20:20:21.105000+00:00,1.0,S
350,3166,2020-11-21T20:20:18.215000+00:00,1.0,P
350,3455,2020-11-21T20:20:21.105000+00:00,1.0,S
351,3166,2020-11-21T20:20:18.215000+00:00,1.0,P
351,3455,2020-11-21T20:20:21.105000+00:00,1.0,S
352,3166,2020-11-21T20:20:18.215000+00:00,1.0,P
352,3455,2020-11-21T20:20:21.105000+00:00,1.0,S
353,3166,2020-11-21T20:20:18.215000+00:00,1.0,P
353,3455,2020-11-21T20:20:21.105000+00:00,1.0,S
354,3166,2020-11-21T20:20:18.215000+00:00,1.0,P
354,3455,2020-11-21T20:20:21.105000+00:00,1.0,S
355,3166,2020-11-21T20:20:18.215000+00:00,1.0,P
355,3455,2020-11-21T20:20:21.105000+00:00,1.0,S
356,3166,2020-11-21T20:20:18.215000+00:00,1.0,P
356,3455,2020-11-21T20:20:21.105000+00:00,1.0,S
357,3166,2020-11-21T20:20:18.215000+00:00,1.0,P
357,3455,2020-11-21T20:20:21.105000+00:00,1.0,S
358,3166,2020-11-21T20:20:18.215000+00:00,1.0,P
358,3455,2020-11-21T20:20:21.105000+00:00,1.0,S
359,3166,2020-11-21T20:20:18.215000+00:00,1.0,P
359,3455,2020-11-21T20:20:21.105000+00:00,1.0,S
360,3166,2020-11-21T20:20:18.215000+00:00,1.0,P
360,3455,2020-11-21T20:20:21.105000+00:00,1.0,S
361,3166,2020-11-21T20:20:18.215000+00:00,1.0,P
361,3455,2020-11-21T20:20:21.105000+00:00,1.0,S
362,3166,2020-11-21T20:20:18.215000+00:00,1.0,P
362,3455,2020-11-21T20:20:21.105000+00:00,1.0,S
363,3166,2020-11-21T20:20:18.215000+00:00,1.0,P
363,3455,2020-11-21T20:20:21.105000+00:00,1.0,S
364,3166,2020-11-21T20:20:18.215000+00:00,1.0,P
364,3455,2020-11-21T20:20:21.105000+00:00,1.0,S
365,3166,2020-11-21T20:20:18.215000+00:00,1.0,P
365,3455,2020-11-21T20:20:21.105000+00:00,1.0,S
366,3166,2020-11-21T20:20:18.215000+00:00,1.0,P
366,3455,2020-11-21T20:20:21.105000+00:00,1.0,S
367,3166,2020-11-21T20:20:18.215000+00:00,1.0,P
367,3455,2020-11-21T20:20:21.105000+00:00,1.0,S
368,3166,2020-11-21T20:20:18.215000+00:00,1.0,P
368,3455,2020-11-21T20:20:21.105000+00:00,1.0,S
369,3165,2020-11-21T20:20:18.205000+00:00,1.0,P
369,3455,2020-11-21T20:20:21.105000+00:00,1.0,S
370,3165,2020-11-21T20:20:18.205000+00:00,1.0,P
370,3455,2020-11-21T20:20:21.105000+00:00,1.0,S
371,3165,2020-11-21T20:20:18.205000+00:00,1.0,P
371,3455,2020-11-21T20:20:21.105000+00:00,1.0,S
372,3165,2020-11-21T20:20:18.205000+00:00,1.0,P
372,3455,2020-11-21T20:20:21.105000+00:00,1.0,S
373,3165,2020-11-21T20:20:18.205000+00:00,1.0,P
373,3455,2020-11-21T20:20:21.105000+00:00,1.0,S
374,3165,2020-11-21T20:20:18.205000+00:00,1.0,P
374,3455,2020-11-21T20:20:21.105000+00:00,1.0,S
375,3165,2020-11-21T20:20:18.205000+00:00,1.0,P
375,3455,2020-11-21T20:20:21.105000+00:00,1.0,S
376,3165,2020-11-21T20:20:18.205000+00:00,1.0,P
376,3455,2020-11-21T20:20:21.105000+00:00,1.0,S
377,3165,2020-11-21T20:20:18.205000+00:00,1.0,P
377,3455,2020-11-21T20:20:21.105000+00:00,1.0,S
378,3165,2020-11-21T20:20:18.205000+00:00,1.0,P
378,3455,2020-11-21T20:20:21.105000+00:00,1.0,S
379,3165,2020-11-21T20:20:18.205000+00:00,1.0,P
379,3454,2020-11-21T20:20:21.095000+00:00,1.0,S
380,3165,2020-11-21T20:20:18.205000+00:00,1.0,P
380,3454,2020-11-21T20:20:21.095000+00:00,1.0,S
381,3165,2020-11-21T20:20:18.205000+00:00,1.0,P
381,3454,2020-11-21T20:20:21.095000+00:00,1.0,S
382,3165,2020-11-21T20:20:18.205000+00:00,1.0,P
382,3454,2020-11-21T20:20:21.095000+00:00,1.0,S
383,3165,2020-11-21T20:20:18.205000+00:00,1.0,P
383,3454,2020-11-21T20:20:21.095000+00:00,1.0,S
384,3165,2020-11-21T20:20:18.205000+00:00,1.0,P
384,3454,2020-11-21T20:20:21.095000+00:00,1.0,S
385,3165,2020-11-21T20:20:18.205000+00:00,1.0,P
385,3454,2020-11-21T20:20:21.095000+00:00,1.0,S
386,3164,2020-11-21T20:20:18.195000+00:00,1.0,P
386,3454,2020-11-21T20:20:21.095000+00:00,1.0,S
387,3164,2020-11-21T20:20:18.195000+00:00,1.0,P
387,3454,2020-11-21T20:20:21.095000+00:00,1.0,S
388,3164,2020-11-21T20:20:18.195000+00:00,1.0,P
388,3454,2020-11-21T20:20:21.095000+00:00,1.0,S
389,3164,2020-11-21T20:20:18.195000+00:00,1.0,P
389,3454,2020-11-21T20:20:21.095000+00:00,1.0,S
390,3164,2020-11-21T20:20:18.195000+00:00,1.0,P
390,3453,2020-11-21T20:20:21.085000+00:00,1.0,S
391,3164,2020-11-21T20:20:18.195000+00:00,1.0,P
391,3453,2020-11-21T20:20:21.085000+00:00,1.0,S
392,3164,2020-11-21T20:20:18.195000+00:00,1.0,P
392,3453,2020-11-21T20:20:21.085000+00:00,1.0,S
393,3164,2020-11-21T20:20:18.195000+00:00,1.0,P
393,3453,2020-11-21T20:20:21.085000+00:00,1.0,S
394,3164,2020-11-21T20:20:18.195000+00:00,1.0,P
394,3453,2020-11-21T20:20:21.085000+00:00,1.0,S
395,3164,2020-11-21T20:20:18.195000+00:00,1.0,P
395,3453,2020-11-21T20:20:21.085000+00:00,1.0,S
396,3164,2020-11-21T20:20:18.195000+00:00,1.0,P
396,3453,2020-11-21T20:20:21.085000+00:00,1.0,S
397,3164,2020-11-21T20:20:18.195000+00:00,1.0,P
397,3453,2020-11-21T20:20:21.085000+00:00,1.0,S
398,3163,2020-11-21T20:20:18.185000+00:00,1.0,P
398,3453,2020-11-21T20:20:21.085000+00:00,1.0,S
399,3163,2020-11-21T20:20:18.185000+00:00,1.0,P
399,3452,2020-11-21T20:20:21.075000+00:00,1.0,S
400,3163,2020-11-21T20:20:18.185000+00:00,1.0,P
400,3452,2020-11-21T20:20:21.075000+00:00,1.0,S
401,3163,2020-11-21T20:20:18.185000+00:00,1.0,P
401,3452,2020-11-21T20:20:21.075000+00:00,1.0,S
402,3163,2020-11-21T20:20:18.185000+00:00,1.0,P
402,3452,2020-11-21T20:20:21.075000+00:00,1.0,S
403,3163,2020-11-21T20:20:18.185000+00:00,1.0,P
403,3452,2020-11-21T20:20:21.075000+00:00,1.0,S
404,3163,2020-11-21T20:20:18.185000+00:00,1.0,P
404,3452,2020-11-21T20:20:21.075000+00:00,1.0,S
405,3163,2020-11-21T20:20:18.185000+00:00,1.0,P
405,3452,2020-11-21T20:20:21.075000+00:00,1.0,S
406,3163,2020-11-21T20:20:18.185000+00:00,1.0,P
406,3451,2020-11-21T20:20:21.065000+00:00,1.0,S
407,3163,2020-11-21T20:20:18.185000+00:00,1.0,P
407,3451,2020-11-21T20:20:21.065000+00:00,1.0,S
408,3163,2020-11-21T20:20:18.185000+00:00,1.0,P
408,3451,2020-11-21T20:20:21.065000+00:00,1.0,S
409,3163,2020-11-21T20:20:18.185000+00:00,1.0,P
409,3451,2020-11-21T20:20:21.065000+00:00,1.0,S
410,3163,2020-11-21T20:20:18.185000+00:00,1.0,P
410,3451,2020-11-21T20:20:21.065000+00:00,1.0,S
411,3163,2020-11-21T20:20:18.185000+00:00,1.0,P
411,3451,2020-11-21T20:20:21.065000+00:00,1.0,S
412,3163,2020-11-21T20:20:18.185000+00:00,1.0,P
412,3451,2020-11-21T20:20:21.065000+00:00,1.0,S
413,3163,2020-11-21T20:20:18.185000+00:00,1.0,P
413,3450,2020-11-21T20:20:21.055000+00:00,1.0,S
414,3163,2020-11-21T20:20:18.185000+00:00,1.0,P
414,3450,2020-11-21T20:20:21.055000+00:00,1.0,S
415,3163,2020-11-21T20:20:18.185000+00:00,1.0,P
415,3450,2020-11-21T20:20:21.055000+00:00,1.0,S
416,3162,2020-11-21T20:20:18.175000+00:00,1.0,P
416,3450,2020-11-21T20:20:21.055000+00:00,1.0,S
417,3162,2020-11-21T20:20:18.175000+00:00,1.0,P
417,3450,2020-11-21T20:20:21.055000+00:00,1.0,S
418,3162,2020-11-21T20:20:18.175000+00:00,1.0,P
418,3450,2020-11-21T20:20:21.055000+00:00,1.0,S
419,3162,2020-11-21T20:20:18.175000+00:00,1.0,P
419,3450,2020-11-21T20:20:21.055000+00:00,1.0,S
420,3162,2020-11-21T20:20:18.175000+00:00,1.0,P
420,3450,2020-11-21T20:20:21.055000+00:00,1.0,S
421,3162,2020-11-21T20:20:18.175000+00:00,1.0,P
421,3450,2020-11-21T20:20:21.055000+00:00,1.0,S
422,3162,2020-11-21T20:20:18.175000+00:00,1.0,P
422,3450,2020-11-21T20:20:21.055000+00:00,1.0,S
423,3162,2020-11-21T20:20:18.175000+00:00,1.0,P
423,3450,2020-11-21T20:20:21.055000+00:00,1.0,S
424,3162,2020-11-21T20:20:18.175000+00:00,1.0,P
424,3450,2020-11-21T20:20:21.055000+00:00,1.0,S
425,3162,2020-11-21T20:20:18.175000+00:00,1.0,P
425,3450,2020-11-21T20:20:21.055000+00:00,1.0,S
426,3162,2020-11-21T20:20:18.175000+00:00,1.0,P
426,3450,2020-11-21T20:20:21.055000+00:00,1.0,S
427,3162,2020-11-21T20:20:18.175000+00:00,1.0,P
427,3450,2020-11-21T20:20:21.055000+00:00,1.0,S
428,3162,2020-11-21T20:20:18.175000+00:00,1.0,P
428,3450,2020-11-21T20:20:21.055000+00:00,1.0,S
429,3162,2020-11-21T20:20:18.175000+00:00,1.0,P
429,3450,2020-11-21T20:20:21.055000+00:00,1.0,S
430,3162,2020-11-21T20:20:18.175000+00:00,1.0,P
430,3450,2020-11-21T20:20:21.055000+00:00,1.0,S
431,3162,2020-11-21T20:20:18.175000+00:00,1.0,P
431,3450,2020-11-21T20:20:21.055000+00:00,1.0,S
432,3162,2020-11-21T20:20:18.175000+00:00,1.0,P
432,3450,2020-11-21T20:20:21.055000+00:00,1.0,S
433,3162,2020-11-21T20:20:18.175000+00:00,1.0,P
433,3450,2020-11-21T20:20:21.055000+00:00,1.0,S
434,3162,2020-11-21T20:20:18.175000+00:00,1.0,P
434,3450,2020-11-21T20:20:21.055000+00:00,1.0,S
435,3162,2020-11-21T20:20:18.175000+00:00,1.0,P
435,3450,2020-11-21T20:20:21.055000+00:00,1.0,S
436,3162,2020-11-21T20:20:18.175000+00:00,1.0,P
436,3450,2020-11-21T20:20:21.055000+00:00,1.0,S
437,3162,2020-11-21T20:20:18.175000+00:00,1.0,P
437,3450,2020-11-21T20:20:21.055000+00:00,1.0,S
438,3162,2020-11-21T20:20:18.175000+00:00,1.0,P
438,3450,2020-11-21T20:20:21.055000+00:00,1.0,S
439,3162,2020-11-21T20:20:18.175000+00:00,1.0,P
439,3450,2020-11-21T20:20:21.055000+00:00,1.0,S
440,3162,2020-11-21T20:20:18.175000+00:00,1.0,P
440,3450,2020-11-21T20:20:21.055000+00:00,1.0,S
441,3161,2020-11-21T20:20:18.165000+00:00,1.0,P
441,3449,2020-11-21T20:20:21.045000+00:00,1.0,S
442,3161,2020-11-21T20:20:18.165000+00:00,1.0,P
442,3449,2020-11-21T20:20:21.045000+00:00,1.0,S
443,3161,2020-11-21T20:20:18.165000+00:00,1.0,P
443,3449,2020-11-21T20:20:21.045000+00:00,1.0,S
444,3161,2020-11-21T20:20:18.165000+00:00,1.0,P
444,3449,2020-11-21T20:20:21.045000+00:00,1.0,S
445,3161,2020-11-21T20:20:18.165000+00:00,1.0,P
445,3449,2020-11-21T20:20:21.045000+00:00,1.0,S
446,3161,2020-11-21T20:20:18.165000+00:00,1.0,P
446,3449,2020-11-21T20:20:21.045000+00:00,1.0,S
447,3161,2020-11-21T20:20:18.165000+00:00,1.0,P
447,3449,2020-11-21T20:20:21.045000+00:00,1.0,S
448,3161,2020-11-21T20:20:18.165000+00:00,1.0,P
448,3449,2020-11-21T20:20:21.045000+00:00,1.0,S
449,3161,2020-11-21T20:20:18.165000+00:00,1.0,P
449,3449,2020-11-21T20:20:21.045000+00:00,1.0,S
450,3161,2020-11-21T20:20:18.165000+00:00,1.0,P
450,3448,2020-11-21T20:20:21.035000+00:00,1.0,S
451,3161,2020-11-21T20:20:18.165000+00:00,1.0,P
451,3448,2020-11-21T20:20:21.035000+00:00,1.0,S
452,3161,2020-11-21T20:20:18.165000+00:00,1.0,P
452,3448,2020-11-21T20:20:21.035000+00:00,1.0,S
453,3161,2020-11-21T20:20:18.165000+00:00,1.0,P
453,3448,2020-11-21T20:20:21.035000+00:00,1.0,S
454,3161,2020-11-21T20:20:18.165000+00:00,1.0,P
454,3448,2020-11-21T20:20:21.035000+00:00,1.0,S
455,3161,2020-11-21T20:20:18.165000+00:00,1.0,P
455,3448,2020-11-21T20:20:21.035000+00:00,1.0,S
456,3161,2020-11-21T20:20:18.165000+00:00,1.0,P
456,3448,2020-11-21T20:20:21.035000+00:00,1.0,S
457,3161,2020-11-21T20:20:18.165000+00:00,1.0,P
457,3448,2020-11-21T20:20:21.035000+00:00,1.0,S
458,3161,2020-11-21T20:20:18.165000+00:00,1.0,P
458,3448,2020-11-21T20:20:21.035000+00:00,1.0,S
459,3160,2020-11-21T20:20:18.155000+00:00,1.0,P
459,3448,2020-11-21T20:20:21.035000+00:00,1.0,S
460,3160,2020-11-21T20:20:18.155000+00:00,1.0,P
460,3448,2020-11-21T20:20:21.035000+00:00,1.0,S
461,3160,2020-11-21T20:20:18.155000+00:00,1.0,P
461,3448,2020-11-21T20:20:21.035000+00:00,1.0,S
462,3160,2020-11-21T20:20:18.155000+00:00,1.0,P
462,3448,2020-11-21T20:20:21.035000+00:00,1.0,S
463,3160,2020-11-21T20:20:18.155000+00:00,1.0,P
463,3448,2020-11-21T20:20:21.035000+00:00,1.0,S
464,3160,2020-11-21T20:20:18.155000+00:00,1.0,P
464,3447,2020-11-21T20:20:21.025000+00:00,1.0,S
465,3160,2020-11-21T20:20:18.155000+00:00,1.0,P
465,3447,2020-11-21T20:20:21.025000+00:00,1.0,S
466,3160,2020-11-21T20:20:18.155000+00:00,1.0,P
466,3447,2020-11-21T20:20:21.025000+00:00,1.0,S
467,3160,2020-11-21T20:20:18.155000+00:00,1.0,P
467,3447,2020-11-21T20:20:21.025000+00:00,1.0,S
468,3160,2020-11-21T20:20:18.155000+00:00,1.0,P
468,3447,2020-11-21T20:20:21.025000+00:00,1.0,S
469,3160,2020-11-21T20:20:18.155000+00:00,1.0,P
469,3447,2020-11-21T20:20:21.025000+00:00,1.0,S
470,3160,2020-11-21T20:20:18.155000+00:00,1.0,P
470,3447,2020-11-21T20:20:21.025000+00:00,1.0,S
471,3160,2020-11-21T20:20:18.155000+00:00,1.0,P
471,3446,2020-11-21T20:20:21.015000+00:00,1.0,S
472,3160,2020-11-21T20:20:18.155000+00:00,1.0,P
472,3446,2020-11-21T20:20:21.015000+00:00,1.0,S
473,3160,2020-11-21T20:20:18.155000+00:00,1.0,P
473,3446,2020-11-21T20:20:21.015000+00:00,1.0,S
474,3160,2020-11-21T20:20:18.155000+00:00,1.0,P
474,3446,2020-11-21T20:20:21.015000+00:00,1.0,S
475,3160,2020-11-21T20:20:18.155000+00:00,1.0,P
475,3446,2020-11-21T20:20:21.015000+00:00,1.0,S
476,3160,2020-11-21T20:20:18.155000+00:00,1.0,P
476,3446,2020-11-21T20:20:21.015000+00:00,1.0,S
477,3160,2020-11-21T20:20:18.155000+00:00,1.0,P
477,3446,2020-11-21T20:20:21.015000+00:00,1.0,S
478,3160,2020-11-21T20:20:18.155000+00:00,1.0,P
478,3446,2020-11-21T20:20:21.015000+00:00,1.0,S
479,3159,2020-11-21T20:20:18.145000+00:00,1.0,P
479,3446,2020-11-21T20:20:21.015000+00:00,1.0,S
480,3159,2020-11-21T20:20:18.145000+00:00,1.0,P
480,3445,2020-11-21T20:20:21.005000+00:00,1.0,S
481,3159,2020-11-21T20:20:18.145000+00:00,1.0,P
481,3445,2020-11-21T20:20:21.005000+00:00,1.0,S
482,3159,2020-11-21T20:20:18.145000+00:00,1.0,P
482,3445,2020-11-21T20:20:21.005000+00:00,1.0,S
483,3159,2020-11-21T20:20:18.145000+00:00,1.0,P
483,3445,2020-11-21T20:20:21.005000+00:00,1.0,S
484,3159,2020-11-21T20:20:18.145000+00:00,1.0,P
484,3445,2020-11-21T20:20:21.005000+00:00,1.0,S
485,3159,2020-11-21T20:20:18.145000+00:00,1.0,P
485,3445,2020-11-21T20:20:21.005000+00:00,1.0,S
486,3159,2020-11-21T20:20:18.145000+00:00,1.0,P
486,3444,2020-11-21T20:20:20.995000+00:00,1.0,S
487,3159,2020-11-21T20:20:18.145000+00:00,1.0,P
487,3444,2020-11-21T20:20:20.995000+00:00,1.0,S
488,3159,2020-11-21T20:20:18.145000+00:00,1.0,P
488,3444,2020-11-21T20:20:20.995000+00:00,1.0,S
489,3159,2020-11-21T20:20:18.145000+00:00,1.0,P
489,3444,2020-11-21T20:20:20.995000+00:00,1.0,S
490,3159,2020-11-21T20:20:18.145000+00:00,1.0,P
490,3444,2020-11-21T20:20:20.995000+00:00,1.0,S
491,3159,2020-11-21T20:20:18.145000+00:00,1.0,P
491,3444,2020-11-21T20:20:20.995000+00:00,1.0,S
492,3159,2020-11-21T20:20:18.145000+00:00,1.0,P
492,3444,2020-11-21T20:20:20.995000+00:00,1.0,S
493,3158,2020-11-21T20:20:18.135000+00:00,1.0,P
493,3444,2020-11-21T20:20:20.995000+00:00,1.0,S
494,3158,2020-11-21T20:20:18.135000+00:00,1.0,P
494,3443,2020-11-21T20:20:20.985000+00:00,1.0,S
495,3158,2020-11-21T20:20:18.135000+00:00,1.0,P
495,3443,2020-11-21T20:20:20.985000+00:00,1.0,S
496,3158,2020-11-21T20:20:18.135000+00:00,1.0,P
496,3443,2020-11-21T20:20:20.985000+00:00,1.0,S
497,3158,2020-11-21T20:20:18.135000+00:00,1.0,P
497,3443,2020-11-21T20:20:20.985000+00:00,1.0,S
498,3158,2020-11-21T20:20:18.135000+00:00,1.0,P
498,3442,2020-11-21T20:20:20.975000+00:00,1.0,S
499,3158,2020-11-21T20:20:18.135000+00:00,1.0,P
499,3442,2020-11-21T20:20:20.975000+00:00,1.0,S
500,3158,2020-11-21T20:20:18.135000+00:00,1.0,P
500,3442,2020-11-21T20:20:20.975000+00:00,1.0,S
501,3158,2020-11-21T20:20:18.135000+00:00,1.0,P
501,3442,2020-11-21T20:20:20.975000+00:00,1.0,S
502,3158,2020-11-21T20:20:18.135000+00:00,1.0,P
502,3442,2020-11-21T20:20:20.975000+00:00,1.0,S
503,3158,2020-11-21T20:20:18.135000+00:00,1.0,P
503,3441,2020-11-21T20:20:20.965000+00:00,1.0,S
504,3157,2020-11-21T20:20:18.125000+00:00,1.0,P
504,3441,2020-11-21T20:20:20.965000+00:00,1.0,S
505,3157,2020-11-21T20:20:18.125000+00:00,1.0,P
505,3441,2020-11-21T20:20:20.965000+00:00,1.0,S
506,3157,2020-11-21T20:20:18.125000+00:00,1.0,P
506,3441,2020-11-21T20:20:20.965000+00:00,1.0,S
507,3157,2020-11-21T20:20:18.125000+00:00,1.0,P
507,3440,2020-11-21T20:20:20.955000+00:00,1.0,S
508,3157,2020-11-21T20:20:18.125000+00:00,1.0,P
508,3440,2020-11-21T20:20:20.955000+00:00,1.0,S
509,3157,2020-11-21T20:20:18.125000+00:00,1.0,P
509,3440,2020-11-21T20:20:20.955000+00:00,1.0,S
510,3157,2020-11-21T20:20:18.125000+00:00,1.0,P
510,3440,2020-11-21T20:20:20.955000+00:00,1.0,S
511,3157,2020-11-21T20:20:18.125000+00:00,1.0,P
511,3439,2020-11-21T20:20:20.945000+00:00,1.0,S
512,3157,2020-11-21T20:20:18.125000+00:00,1.0,P
512,3439,2020-11-21T20:20:20.945000+00:00,1.0,S
513,3156,2020-11-21T20:20:18.115000+00:00,1.0,P
513,3439,2020-11-21T20:20:20.945000+00:00,1.0,S
514,3156,2020-11-21T20:20:18.115000+00:00,1.0,P
514,3438,2020-11-21T20:20:20.935000+00:00,1.0,S
515,3156,2020-11-21T20:20:18.115000+00:00,1.0,P
515,3438,2020-11-21T20:20:20.935000+00:00,1.0,S
516,3156,2020-11-21T20:20:18.115000+00:00,1.0,P
516,3438,2020-11-21T20:20:20.935000+00:00,1.0,S
517,3156,2020-11-21T20:20:18.115000+00:00,1.0,P
517,3437,2020-11-21T20:20:20.925000+00:00,1.0,S
518,3156,2020-11-21T20:20:18.115000+00:00,1.0,P
518,3437,2020-11-21T20:20:20.925000+00:00,1.0,S
519,3156,2020-11-21T20:20:18.115000+00:00,1.0,P
519,3437,2020-11-21T20:20:20.925000+00:00,1.0,S
520,3156,2020-11-21T20:20:18.115000+00:00,1.0,P
520,3436,2020-11-21T20:20:20.915000+00:00,1.0,S
521,3155,2020-11-21T20:20:18.105000+00:00,1.0,P
521,3436,2020-11-21T20:20:20.915000+00:00,1.0,S
522,3155,2020-11-21T20:20:18.105000+00:00,1.0,P
522,3436,2020-11-21T20:20:20.915000+00:00,1.0,S
523,3155,2020-11-21T20:20:18.105000+00:00,1.0,P
523,3436,2020-11-21T20:20:20.915000+00:00,1.0,S
524,3155,2020-11-21T20:20:18.105000+00:00,1.0,P
524,3435,2020-11-21T20:20:20.905000+00:00,1.0,S
525,3155,2020-11-21T20:20:18.105000+00:00,1.0,P
525,3435,2020-11-21T20:20:20.905000+00:00,1.0,S
526,3155,2020-11-21T20:20:18.105000+00:00,1.0,P
526,3435,2020-11-21T20:20:20.905000+00:00,1.0,S
527,3155,2020-11-21T20:20:18.105000+00:00,1.0,P
527,3435,2020-11-21T20:20:20.905000+00:00,1.0,S
528,3155,2020-11-21T20:20:18.105000+00:00,1.0,P
528,3434,2020-11-21T20:20:20.895000+00:00,1.0,S
529,3154,2020-11-21T20:20:18.095000+00:00,1.0,P
529,3434,2020-11-21T20:20:20.895000+00:00,1.0,S
530,3154,2020-11-21T20:20:18.095000+00:00,1.0,P
530,3434,2020-11-21T20:20:20.895000+00:00,1.0,S
531,3154,2020-11-21T20:20:18.095000+00:00,1.0,P
531,3434,2020-11-21T20:20:20.895000+00:00,1.0,S
532,3154,2020-11-21T20:20:18.095000+00:00,1.0,P
532,3433,2020-11-21T20:20:20.885000+00:00,1.0,S
533,3154,2020-11-21T20:20:18.095000+00:00,1.0,P
533,3433,2020-11-21T20:20:20.885000+00:00,1.0,S
534,3154,2020-11-21T20:20:18.095000+00:00,1.0,P
534,3433,2020-11-21T20:20:20.885000+00:00,1.0,S
535,3154,2020-11-21T20:20:18.095000+00:00,1.0,P
535,3433,2020-11-21T20:20:20.885000+00:00,1.0,S
536,3153,2020-11-21T20:20:18.085000+00:00,1.0,P
536,3432,2020-11-21T20:20:20.875000+00:00,1.0,S
537,3153,2020-11-21T20:20:18.085000+00:00,1.0,P
537,3432,2020-11-21T20:20:20.875000+00:00,1.0,S
538,3153,2020-11-21T20:20:18.085000+00:00,1.0,P
538,3432,2020-11-21T20:20:20.875000+00:00,1.0,S
539,3153,2020-11-21T20:20:18.085000+00:00,1.0,P
539,3431,2020-11-21T20:20:20.865000+00:00,1.0,S
540,3153,2020-11-21T20:20:18.085000+00:00,1.0,P
540,3431,2020-11-21T20:20:20.865000+00:00,1.0,S
541,3153,2020-11-21T20:20:18.085000+00:00,1.0,P
541,3431,2020-11-21T20:20:20.865000+00:00,1.0,S
542,3153,2020-11-21T20:20:18.085000+00:00,1.0,P
542,3430,2020-11-21T20:20:20.855000+00:00,1.0,S
543,3153,2020-11-21T20:20:18.085000+00:00,1.0,P
543,3430,2020-11-21T20:20:20.855000+00:00,1.0,S
544,3152,2020-11-21T20:20:18.075000+00:00,1.0,P
544,3430,2020-11-21T20:20:20.855000+00:00,1.0,S
545,3152,2020-11-21T20:20:18.075000+00:00,1.0,P
545,3429,2020-11-21T20:20:20.845000+00:00,1.0,S
546,3152,2020-11-21T20:20:18.075000+00:00,1.0,P
546,3429,2020-11-21T20:20:20.845000+00:00,1.0,S
547,3152,2020-11-21T20:20:18.075000+00:00,1.0,P
547,3429,2020-11-21T20:20:20.845000+00:00,1.0,S
548,3152,2020-11-21T20:20:18.075000+00:00,1.0,P
548,3428,2020-11-21T20:20:20.835000+00:00,1.0,S
549,3152,2020-11-21T20:20:18.075000+00:00,1.0,P
549,3428,2020-11-21T20:20:20.835000+00:00,1.0,S
550,3152,2020-11-21T20:20:18.075000+00:00,1.0,P
550,3427,2020-11-21T20:20:20.825000+00:00,1.0,S
551,3151,2020-11-21T20:20:18.065000+00:00,1.0,P
551,3427,2020-11-21T20:20:20.825000+00:00,1.0,S
552,3151,2020-11-21T20:20:18.065000+00:00,1.0,P
552,3427,2020-11-21T20:20:20.825000+00:00,1.0,S
553,3151,2020-11-21T20:20:18.065000+00:00,1.0,P
553,3426,2020-11-21T20:20:20.814999+00:00,1.0,S
554,3151,2020-11-21T20:20:18.065000+00:00,1.0,P
554,3426,2020-11-21T20:20:20.814999+00:00,1.0,S
555,3151,2020-11-21T20:20:18.065000+00:00,1.0,P
555,3426,2020-11-21T20:20:20.814999+00:00,1.0,S
556,3151,2020-11-21T20:20:18.065000+00:00,1.0,P
556,3425,2020-11-21T20:20:20.805000+00:00,1.0,S
557,3151,2020-11-21T20:20:18.065000+00:00,1.0,P
557,3425,2020-11-21T20:20:20.805000+00:00,1.0,S
558,3150,2020-11-21T20:20:18.055000+00:00,1.0,P
558,3425,2020-11-21T20:20:20.805000+00:00,1.0,S
559,3150,2020-11-21T20:20:18.055000+00:00,1.0,P
559,3424,2020-11-21T20:20:20.795000+00:00,1.0,S
560,3150,2020-11-21T20:20:18.055000+00:00,1.0,P
560,3424,2020-11-21T20:20:20.795000+00:00,1.0,S
561,3150,2020-11-21T20:20:18.055000+00:00,1.0,P
561,3423,2020-11-21T20:20:20.785000+00:00,1.0,S
562,3150,2020-11-21T20:20:18.055000+00:00,1.0,P
562,3423,2020-11-21T20:20:20.785000+00:00,1.0,S
563,3150,2020-11-21T20:20:18.055000+00:00,1.0,P
563,3422,2020-11-21T20:20:20.775000+00:00,1.0,S
564,3150,2020-11-21T20:20:18.055000+00:00,1.0,P
564,3422,2020-11-21T20:20:20.775000+00:00,1.0,S
565,3149,2020-11-21T20:20:18.045000+00:00,1.0,P
565,3422,2020-11-21T20:20:20.775000+00:00,1.0,S
566,3149,2020-11-21T20:20:18.045000+00:00,1.0,P
566,3421,2020-11-21T20:20:20.765000+00:00,1.0,S
567,3149,2020-11-21T20:20:18.045000+00:00,1.0,P
567,3421,2020-11-21T20:20:20.765000+00:00,1.0,S
568,3149,2020-11-21T20:20:18.045000+00:00,1.0,P
568,3420,2020-11-21T20:20:20.755000+00:00,1.0,S
569,3149,2020-11-21T20:20:18.045000+00:00,1.0,P
569,3420,2020-11-21T20:20:20.755000+00:00,1.0,S
570,3149,2020-11-21T20:20:18.045000+00:00,1.0,P
570,3420,2020-11-21T20:20:20.755000+00:00,1.0,S
571,3149,2020-11-21T20:20:18.045000+00:00,1.0,P
571,3419,2020-11-21T20:20:20.744999+00:00,1.0,S
572,3148,2020-11-21T20:20:18.035000+00:00,1.0,P
572,3419,2020-11-21T20:20:20.744999+00:00,1.0,S
573,3148,2020-11-21T20:20:18.035000+00:00,1.0,P
573,3418,2020-11-21T20:20:20.735000+00:00,1.0,S
574,3148,2020-11-21T20:20:18.035000+00:00,1.0,P
574,3418,2020-11-21T20:20:20.735000+00:00,1.0,S
575,3148,2020-11-21T20:20:18.035000+00:00,1.0,P
575,3418,2020-11-21T20:20:20.735000+00:00,1.0,S
576,3148,2020-11-21T20:20:18.035000+00:00,1.0,P
576,3417,2020-11-21T20:20:20.725000+00:00,1.0,S
577,3148,2020-11-21T20:20:18.035000+00:00,1.0,P
577,3417,2020-11-21T20:20:20.725000+00:00,1.0,S
578,3147,2020-11-21T20:20:18.025000+00:00,1.0,P
578,3417,2020-11-21T20:20:20.725000+00:00,1.0,S
579,3147,2020-11-21T20:20:18.025000+00:00,1.0,P
579,3416,2020-11-21T20:20:20.715000+00:00,1.0,S
580,3147,2020-11-21T20:20:18.025000+00:00,1.0,P
580,3416,2020-11-21T20:20:20.715000+00:00,1.0,S
581,3147,2020-11-21T20:20:18.025000+00:00,1.0,P
581,3416,2020-11-21T20:20:20.715000+00:00,1.0,S
582,3147,2020-11-21T20:20:18.025000+00:00,1.0,P
582,3415,2020-11-21T20:20:20.705000+00:00,1.0,S
583,3147,2020-11-21T20:20:18.025000+00:00,1.0,P
583,3415,2020-11-21T20:20:20.705000+00:00,1.0,S
584,3147,2020-11-21T20:20:18.025000+00:00,1.0,P
584,3415,2020-11-21T20:20:20.705000+00:00,1.0,S
585,3146,2020-11-21T20:20:18.015000+00:00,1.0,P
585,3414,2020-11-21T20:20:20.695000+00:00,1.0,S
586,3146,2020-11-21T20:20:18.015000+00:00,1.0,P
586,3414,2020-11-21T20:20:20.695000+00:00,1.0,S
587,3146,2020-11-21T20:20:18.015000+00:00,1.0,P
587,3414,2020-11-21T20:20:20.695000+00:00,1.0,S
588,3146,2020-11-21T20:20:18.015000+00:00,1.0,P
588,3413,2020-11-21T20:20:20.685000+00:00,1.0,S
589,3146,2020-11-21T20:20:18.015000+00:00,1.0,P
589,3413,2020-11-21T20:20:20.685000+00:00,1.0,S
590,3146,2020-11-21T20:20:18.015000+00:00,1.0,P
590,3413,2020-11-21T20:20:20.685000+00:00,1.0,S
591,3146,2020-11-21T20:20:18.015000+00:00,1.0,P
591,3413,2020-11-21T20:20:20.685000+00:00,1.0,S
592,3146,2020-11-21T20:20:18.015000+00:00,1.0,P
592,3412,2020-11-21T20:20:20.674999+00:00,1.0,S
593,3145,2020-11-21T20:20:18.005000+00:00,1.0,P
593,3412,2020-11-21T20:20:20.674999+00:00,1.0,S
594,3145,2020-11-21T20:20:18.005000+00:00,1.0,P
594,3412,2020-11-21T20:20:20.674999+00:00,1.0,S
595,3145,2020-11-21T20:20:18.005000+00:00,1.0,P
595,3412,2020-11-21T20:20:20.674999+00:00,1.0,S
596,3145,2020-11-21T20:20:18.005000+00:00,1.0,P
596,3411,2020-11-21T20:20:20.665000+00:00,1.0,S
597,3145,2020-11-21T20:20:18.005000+00:00,1.0,P
597,3411,2020-11-21T20:20:20.665000+00:00,1.0,S
598,3145,2020-11-21T20:20:18.005000+00:00,1.0,P
598,3411,2020-11-21T20:20:20.665000+00:00,1.0,S
599,3145,2020-11-21T20:20:18.005000+00:00,1.0,P
599,3411,2020-11-21T20:20:20.665000+00:00,1.0,S
600,3145,2020-11-21T20:20:18.005000+00:00,1.0,P
600,3411,2020-11-21T20:20:20.665000+00:00,1.0,S
601,3145,2020-11-21T20:20:18.005000+00:00,1.0,P
601,3410,2020-11-21T20:20:20.655000+00:00,1.0,S
602,3144,2020-11-21T20:20:17.995000+00:00,1.0,P
602,3410,2020-11-21T20:20:20.655000+00:00,1.0,S
603,3144,2020-11-21T20:20:17.995000+00:00,1.0,P
603,3410,2020-11-21T20:20:20.655000+00:00,1.0,S
604,3144,2020-11-21T20:20:17.995000+00:00,1.0,P
604,3410,2020-11-21T20:20:20.655000+00:00,1.0,S
605,3144,2020-11-21T20:20:17.995000+00:00,1.0,P
605,3410,2020-11-21T20:20:20.655000+00:00,1.0,S
606,3144,2020-11-21T20:20:17.995000+00:00,1.0,P
606,3410,2020-11-21T20:20:20.655000+00:00,1.0,S
607,3144,2020-11-21T20:20:17.995000+00:00,1.0,P
607,3410,2020-11-21T20:20:20.655000+00:00,1.0,S
608,3144,2020-11-21T20:20:17.995000+00:00,1.0,P
608,3410,2020-11-21T20:20:20.655000+00:00,1.0,S
609,3144,2020-11-21T20:20:17.995000+00:00,1.0,P
609,3410,2020-11-21T20:20:20.655000+00:00,1.0,S
610,3143,2020-11-21T20:20:17.985000+00:00,1.0,P
610,3410,2020-11-21T20:20:20.655000+00:00,1.0,S
611,3143,2020-11-21T20:20:17.985000+00:00,1.0,P
611,3410,2020-11-21T20:20:20.655000+00:00,1.0,S
612,3143,2020-11-21T20:20:17.985000+00:00,1.0,P
612,3409,2020-11-21T20:20:20.645000+00:00,1.0,S
613,3143,2020-11-21T20:20:17.985000+00:00,1.0,P
613,3409,2020-11-21T20:20:20.645000+00:00,1.0,S
614,3143,2020-11-21T20:20:17.985000+00:00,1.0,P
614,3409,2020-11-21T20:20:20.645000+00:00,1.0,S
615,3143,2020-11-21T20:20:17.985000+00:00,1.0,P
615,3409,2020-11-21T20:20:20.645000+00:00,1.0,S
616,3143,2020-11-21T20:20:17.985000+00:00,1.0,P
616,3409,2020-11-21T20:20:20.645000+00:00,1.0,S
617,3142,2020-11-21T20:20:17.975000+00:00,1.0,P
617,3409,2020-11-21T20:20:20.645000+00:00,1.0,S
618,3142,2020-11-21T20:20:17.975000+00:00,1.0,P
618,3409,2020-11-21T20:20:20.645000+00:00,1.0,S
619,3142,2020-11-21T20:20:17.975000+00:00,1.0,P
619,3409,2020-11-21T20:20:20.645000+00:00,1.0,S
620,3142,2020-11-21T20:20:17.975000+00:00,1.0,P
620,3409,2020-11-21T20:20:20.645000+00:00,1.0,S
621,3142,2020-11-21T20:20:17.975000+00:00,1.0,P
621,3409,2020-11-21T20:20:20.645000+00:00,1.0,S
622,3141,2020-11-21T20:20:17.965000+00:00,1.0,P
622,3409,2020-11-21T20:20:20.645000+00:00,1.0,S
623,3141,2020-11-21T20:20:17.965000+00:00,1.0,P
623,3408,2020-11-21T20:20:20.635000+00:00,1.0,S
624,3141,2020-11-21T20:20:17.965000+00:00,1.0,P
624,3408,2020-11-21T20:20:20.635000+00:00,1.0,S
625,3141,2020-11-21T20:20:17.965000+00:00,1.0,P
625,3408,2020-11-21T20:20:20.635000+00:00,1.0,S
626,3141,2020-11-21T20:20:17.965000+00:00,1.0,P
626,3408,2020-11-21T20:20:20.635000+00:00,1.0,S
627,3141,2020-11-21T20:20:17.965000+00:00,1.0,P
627,3408,2020-11-21T20:20:20.635000+00:00,1.0,S
628,3141,2020-11-21T20:20:17.965000+00:00,1.0,P
628,3408,2020-11-21T20:20:20.635000+00:00,1.0,S
629,3140,2020-11-21T20:20:17.955000+00:00,1.0,P
629,3408,2020-11-21T20:20:20.635000+00:00,1.0,S
630,3140,2020-11-21T20:20:17.955000+00:00,1.0,P
630,3408,2020-11-21T20:20:20.635000+00:00,1.0,S
631,3140,2020-11-21T20:20:17.955000+00:00,1.0,P
631,3408,2020-11-21T20:20:20.635000+00:00,1.0,S
632,3140,2020-11-21T20:20:17.955000+00:00,1.0,P
632,3408,2020-11-21T20:20:20.635000+00:00,1.0,S
633,3140,2020-11-21T20:20:17.955000+00:00,1.0,P
633,3408,2020-11-21T20:20:20.635000+00:00,1.0,S
634,3140,2020-11-21T20:20:17.955000+00:00,1.0,P
634,3408,2020-11-21T20:20:20.635000+00:00,1.0,S
635,3139,2020-11-21T20:20:17.945000+00:00,1.0,P
635,3408,2020-11-21T20:20:20.635000+00:00,1.0,S
636,3139,2020-11-21T20:20:17.945000+00:00,1.0,P
636,3408,2020-11-21T20:20:20.635000+00:00,1.0,S
637,3139,2020-11-21T20:20:17.945000+00:00,1.0,P
637,3408,2020-11-21T20:20:20.635000+00:00,1.0,S
638,3139,2020-11-21T20:20:17.945000+00:00,1.0,P
638,3408,2020-11-21T20:20:20.635000+00:00,1.0,S
639,3139,2020-11-21T20:20:17.945000+00:00,1.0,P
639,3408,2020-11-21T20:20:20.635000+00:00,1.0,S
640,3139,2020-11-21T20:20:17.945000+00:00,1.0,P
640,3408,2020-11-21T20:20:20.635000+00:00,1.0,S
641,3138,2020-11-21T20:20:17.935000+00:00,1.0,P
641,3408,2020-11-21T20:20:20.635000+00:00,1.0,S
642,3138,2020-11-21T20:20:17.935000+00:00,1.0,P
642,3408,2020-11-21T20:20:20.635000+00:00,1.0,S
643,3138,2020-11-21T20:20:17.935000+00:00,1.0,P
643,3408,2020-11-21T20:20:20.635000+00:00,1.0,S
644,3138,2020-11-21T20:20:17.935000+00:00,1.0,P
644,3408,2020-11-21T20:20:20.635000+00:00,1.0,S
645,3138,2020-11-21T20:20:17.935000+00:00,1.0,P
645,3408,2020-11-21T20:20:20.635000+00:00,1.0,S
646,3137,2020-11-21T20:20:17.925000+00:00,1.0,P
646,3408,2020-11-21T20:20:20.635000+00:00,1.0,S
647,3137,2020-11-21T20:20:17.925000+00:00,1.0,P
647,3408,2020-11-21T20:20:20.635000+00:00,1.0,S
648,3137,2020-11-21T20:20:17.925000+00:00,1.0,P
648,3408,2020-11-21T20:20:20.635000+00:00,1.0,S
649,3137,2020-11-21T20:20:17.925000+00:00,1.0,P
649,3408,2020-11-21T20:20:20.635000+00:00,1.0,S
650,3137,2020-11-21T20:20:17.925000+00:00,1.0,P
650,3408,2020-11-21T20:20:20.635000+00:00,1.0,S
651,3137,2020-11-21T20:20:17.925000+00:00,1.0,P
651,3407,2020-11-21T20:20:20.625000+00:00,1.0,S
652,3137,2020-11-21T20:20:17.925000+00:00,1.0,P
652,3407,2020-11-21T20:20:20.625000+00:00,1.0,S
653,3136,2020-11-21T20:20:17.915000+00:00,1.0,P
653,3407,2020-11-21T20:20:20.625000+00:00,1.0,S
654,3136,2020-11-21T20:20:17.915000+00:00,1.0,P
654,3407,2020-11-21T20:20:20.625000+00:00,1.0,S
655,3136,2020-11-21T20:20:17.915000+00:00,1.0,P
655,3407,2020-11-21T20:20:20.625000+00:00,1.0,S
656,3136,2020-11-21T20:20:17.915000+00:00,1.0,P
656,3407,2020-11-21T20:20:20.625000+00:00,1.0,S
657,3136,2020-11-21T20:20:17.915000+00:00,1.0,P
657,3407,2020-11-21T20:20:20.625000+00:00,1.0,S
658,3136,2020-11-21T20:20:17.915000+00:00,1.0,P
658,3407,2020-11-21T20:20:20.625000+00:00,1.0,S
659,3135,2020-11-21T20:20:17.905000+00:00,1.0,P
659,3407,2020-11-21T20:20:20.625000+00:00,1.0,S
660,3135,2020-11-21T20:20:17.905000+00:00,1.0,P
660,3407,2020-11-21T20:20:20.625000+00:00,1.0,S
661,3135,2020-11-21T20:20:17.905000+00:00,1.0,P
661,3407,2020-11-21T20:20:20.625000+00:00,1.0,S
662,3135,2020-11-21T20:20:17.905000+00:00,1.0,P
662,3407,2020-11-21T20:20:20.625000+00:00,1.0,S
663,3135,2020-11-21T20:20:17.905000+00:00,1.0,P
663,3407,2020-11-21T20:20:20.625000+00:00,1.0,S
664,3135,2020-11-21T20:20:17.905000+00:00,1.0,P
664,3406,2020-11-21T20:20:20.615000+00:00,1.0,S
665,3134,2020-11-21T20:20:17.895000+00:00,1.0,P
665,3406,2020-11-21T20:20:20.615000+00:00,1.0,S
666,3134,2020-11-21T20:20:17.895000+00:00,1.0,P
666,3406,2020-11-21T20:20:20.615000+00:00,1.0,S
667,3134,2020-11-21T20:20:17.895000+00:00,1.0,P
667,3406,2020-11-21T20:20:20.615000+00:00,1.0,S
668,3134,2020-11-21T20:20:17.895000+00:00,1.0,P
668,3406,2020-11-21T20:20:20.615000+00:00,1.0,S
669,3134,2020-11-21T20:20:17.895000+00:00,1.0,P
669,3406,2020-11-21T20:20:20.615000+00:00,1.0,S
670,3133,2020-11-21T20:20:17.885000+00:00,1.0,P
670,3406,2020-11-21T20:20:20.615000+00:00,1.0,S
671,3133,2020-11-21T20:20:17.885000+00:00,1.0,P
671,3406,2020-11-21T20:20:20.615000+00:00,1.0,S
672,3133,2020-11-21T20:20:17.885000+00:00,1.0,P
672,3406,2020-11-21T20:20:20.615000+00:00,1.0,S
673,3133,2020-11-21T20:20:17.885000+00:00,1.0,P
673,3405,2020-11-21T20:20:20.604999+00:00,1.0,S
674,3133,2020-11-21T20:20:17.885000+00:00,1.0,P
674,3405,2020-11-21T20:20:20.604999+00:00,1.0,S
675,3132,2020-11-21T20:20:17.875000+00:00,1.0,P
675,3405,2020-11-21T20:20:20.604999+00:00,1.0,S
676,3132,2020-11-21T20:20:17.875000+00:00,1.0,P
676,3405,2020-11-21T20:20:20.604999+00:00,1.0,S
677,3132,2020-11-21T20:20:17.875000+00:00,1.0,P
677,3405,2020-11-21T20:20:20.604999+00:00,1.0,S
678,3132,2020-11-21T20:20:17.875000+00:00,1.0,P
678,3405,2020-11-21T20:20:20.604999+00:00,1.0,S
679,3132,2020-11-21T20:20:17.875000+00:00,1.0,P
679,3405,2020-11-21T20:20:20.604999+00:00,1.0,S
680,3132,2020-11-21T20:20:17.875000+00:00,1.0,P
680,3404,2020-11-21T20:20:20.595000+00:00,1.0,S
681,3131,2020-11-21T20:20:17.865000+00:00,1.0,P
681,3404,2020-11-21T20:20:20.595000+00:00,1.0,S
682,3131,2020-11-21T20:20:17.865000+00:00,1.0,P
682,3404,2020-11-21T20:20:20.595000+00:00,1.0,S
683,3131,2020-11-21T20:20:17.865000+00:00,1.0,P
683,3404,2020-11-21T20:20:20.595000+00:00,1.0,S
684,3131,2020-11-21T20:20:17.865000+00:00,1.0,P
684,3404,2020-11-21T20:20:20.595000+00:00,1.0,S
685,3131,2020-11-21T20:20:17.865000+00:00,1.0,P
685,3404,2020-11-21T20:20:20.595000+00:00,1.0,S
686,3130,2020-11-21T20:20:17.855000+00:00,1.0,P
686,3404,2020-11-21T20:20:20.595000+00:00,1.0,S
687,3130,2020-11-21T20:20:17.855000+00:00,1.0,P
687,3404,2020-11-21T20:20:20.595000+00:00,1.0,S
688,3130,2020-11-21T20:20:17.855000+00:00,1.0,P
688,3404,2020-11-21T20:20:20.595000+00:00,1.0,S
689,3130,2020-11-21T20:20:17.855000+00:00,1.0,P
689,3403,2020-11-21T20:20:20.585000+00:00,1.0,S
690,3130,2020-11-21T20:20:17.855000+00:00,1.0,P
690,3403,2020-11-21T20:20:20.585000+00:00,1.0,S
691,3130,2020-11-21T20:20:17.855000+00:00,1.0,P
691,3403,2020-11-21T20:20:20.585000+00:00,1.0,S
692,3129,2020-11-21T20:20:17.845000+00:00,1.0,P
692,3403,2020-11-21T20:20:20.585000+00:00,1.0,S
693,3129,2020-11-21T20:20:17.845000+00:00,1.0,P
693,3403,2020-11-21T20:20:20.585000+00:00,1.0,S
694,3129,2020-11-21T20:20:17.845000+00:00,1.0,P
694,3403,2020-11-21T20:20:20.585000+00:00,1.0,S
695,3129,2020-11-21T20:20:17.845000+00:00,1.0,P
695,3403,2020-11-21T20:20:20.585000+00:00,1.0,S
696,3129,2020-11-21T20:20:17.845000+00:00,1.0,P
696,3403,2020-11-21T20:20:20.585000+00:00,1.0,S
697,3129,2020-11-21T20:20:17.845000+00:00,1.0,P
697,3403,2020-11-21T20:20:20.585000+00:00,1.0,S
698,3129,2020-11-21T20:20:17.845000+00:00,1.0,P
698,3403,2020-11-21T20:20:20.585000+00:00,1.0,S
699,3128,2020-11-21T20:20:17.835000+00:00,1.0,P
699,3402,2020-11-21T20:20:20.575000+00:00,1.0,S
700,3128,2020-11-21T20:20:17.835000+00:00,1.0,P
700,3402,2020-11-21T20:20:20.575000+00:00,1.0,S
701,3128,2020-11-21T20:20:17.835000+00:00,1.0,P
701,3402,2020-11-21T20:20:20.575000+00:00,1.0,S
702,3128,2020-11-21T20:20:17.835000+00:00,1.0,P
702,3402,2020-11-21T20:20:20.575000+00:00,1.0,S
703,3128,2020-11-21T20:20:17.835000+00:00,1.0,P
703,3402,2020-11-21T20:20:20.575000+00:00,1.0,S
704,3128,2020-11-21T20:20:17.835000+00:00,1.0,P
704,3402,2020-11-21T20:20:20.575000+00:00,1.0,S
705,3128,2020-11-21T20:20:17.835000+00:00,1.0,P
705,3402,2020-11-21T20:20:20.575000+00:00,1.0,S
706,3128,2020-11-21T20:20:17.835000+00:00,1.0,P
706,3401,2020-11-21T20:20:20.564999+00:00,1.0,S
707,3127,2020-11-21T20:20:17.825000+00:00,1.0,P
707,3401,2020-11-21T20:20:20.564999+00:00,1.0,S
708,3127,2020-11-21T20:20:17.825000+00:00,1.0,P
708,3401,2020-11-21T20:20:20.564999+00:00,1.0,S
709,3127,2020-11-21T20:20:17.825000+00:00,1.0,P
709,3401,2020-11-21T20:20:20.564999+00:00,1.0,S
710,3127,2020-11-21T20:20:17.825000+00:00,1.0,P
710,3401,2020-11-21T20:20:20.564999+00:00,1.0,S
711,3127,2020-11-21T20:20:17.825000+00:00,1.0,P
711,3401,2020-11-21T20:20:20.564999+00:00,1.0,S
712,3127,2020-11-21T20:20:17.825000+00:00,1.0,P
712,3401,2020-11-21T20:20:20.564999+00:00,1.0,S
713,3127,2020-11-21T20:20:17.825000+00:00,1.0,P
713,3401,2020-11-21T20:20:20.564999+00:00,1.0,S
714,3127,2020-11-21T20:20:17.825000+00:00,1.0,P
714,3400,2020-11-21T20:20:20.555000+00:00,1.0,S
715,3127,2020-11-21T20:20:17.825000+00:00,1.0,P
715,3400,2020-11-21T20:20:20.555000+00:00,1.0,S
716,3126,2020-11-21T20:20:17.815000+00:00,1.0,P
716,3400,2020-11-21T20:20:20.555000+00:00,1.0,S
717,3126,2020-11-21T20:20:17.815000+00:00,1.0,P
717,3400,2020-11-21T20:20:20.555000+00:00,1.0,S
718,3126,2020-11-21T20:20:17.815000+00:00,1.0,P
718,3400,2020-11-21T20:20:20.555000+00:00,1.0,S
719,3126,2020-11-21T20:20:17.815000+00:00,1.0,P
719,3400,2020-11-21T20:20:20.555000+00:00,1.0,S
720,3126,2020-11-21T20:20:17.815000+00:00,1.0,P
720,3399,2020-11-21T20:20:20.545000+00:00,1.0,S
721,3126,2020-11-21T20:20:17.815000+00:00,1.0,P
721,3399,2020-11-21T20:20:20.545000+00:00,1.0,S
722,3126,2020-11-21T20:20:17.815000+00:00,1.0,P
722,3399,2020-11-21T20:20:20.545000+00:00,1.0,S
723,3126,2020-11-21T20:20:17.815000+00:00,1.0,P
723,3399,2020-11-21T20:20:20.545000+00:00,1.0,S
724,3126,2020-11-21T20:20:17.815000+00:00,1.0,P
724,3399,2020-11-21T20:20:20.545000+00:00,1.0,S
725,3126,2020-11-21T20:20:17.815000+00:00,1.0,P
725,3399,2020-11-21T20:20:20.545000+00:00,1.0,S
726,3125,2020-11-21T20:20:17.805000+00:00,1.0,P
726,3398,2020-11-21T20:20:20.535000+00:00,1.0,S
727,3125,2020-11-21T20:20:17.805000+00:00,1.0,P
727,3398,2020-11-21T20:20:20.535000+00:00,1.0,S
728,3125,2020-11-21T20:20:17.805000+00:00,1.0,P
728,3398,2020-11-21T20:20:20.535000+00:00,1.0,S
729,3125,2020-11-21T20:20:17.805000+00:00,1.0,P
729,3398,2020-11-21T20:20:20.535000+00:00,1.0,S
730,3125,2020-11-21T20:20:17.805000+00:00,1.0,P
730,3398,2020-11-21T20:20:20.535000+00:00,1.0,S
731,3125,2020-11-21T20:20:17.805000+00:00,1.0,P
731,3398,2020-11-21T20:20:20.535000+00:00,1.0,S
732,3125,2020-11-21T20:20:17.805000+00:00,1.0,P
732,3397,2020-11-21T20:20:20.525000+00:00,1.0,S
733,3125,2020-11-21T20:20:17.805000+00:00,1.0,P
733,3397,2020-11-21T20:20:20.525000+00:00,1.0,S
734,3125,2020-11-21T20:20:17.805000+00:00,1.0,P
734,3397,2020-11-21T20:20:20.525000+00:00,1.0,S
735,3125,2020-11-21T20:20:17.805000+00:00,1.0,P
735,3397,2020-11-21T20:20:20.525000+00:00,1.0,S
736,3124,2020-11-21T20:20:17.795000+00:00,1.0,P
736,3397,2020-11-21T20:20:20.525000+00:00,1.0,S
737,3124,2020-11-21T20:20:17.795000+00:00,1.0,P
737,3397,2020-11-21T20:20:20.525000+00:00,1.0,S
738,3124,2020-11-21T20:20:17.795000+00:00,1.0,P
738,3397,2020-11-21T20:20:20.525000+00:00,1.0,S
739,3124,2020-11-21T20:20:17.795000+00:00,1.0,P
739,3396,2020-11-21T20:20:20.515000+00:00,1.0,S
740,3124,2020-11-21T20:20:17.795000+00:00,1.0,P
740,3396,2020-11-21T20:20:20.515000+00:00,1.0,S
741,3124,2020-11-21T20:20:17.795000+00:00,1.0,P
741,3396,2020-11-21T20:20:20.515000+00:00,1.0,S
742,3124,2020-11-21T20:20:17.795000+00:00,1.0,P
742,3396,2020-11-21T20:20:20.515000+00:00,1.0,S
743,3124,2020-11-21T20:20:17.795000+00:00,1.0,P
743,3396,2020-11-21T20:20:20.515000+00:00,1.0,S
744,3124,2020-11-21T20:20:17.795000+00:00,1.0,P
744,3396,2020-11-21T20:20:20.515000+00:00,1.0,S
745,3123,2020-11-21T20:20:17.785000+00:00,1.0,P
745,3396,2020-11-21T20:20:20.515000+00:00,1.0,S
746,3123,2020-11-21T20:20:17.785000+00:00,1.0,P
746,3396,2020-11-21T20:20:20.515000+00:00,1.0,S
747,3123,2020-11-21T20:20:17.785000+00:00,1.0,P
747,3396,2020-11-21T20:20:20.515000+00:00,1.0,S
748,3123,2020-11-21T20:20:17.785000+00:00,1.0,P
748,3396,2020-11-21T20:20:20.515000+00:00,1.0,S
749,3123,2020-11-21T20:20:17.785000+00:00,1.0,P
749,3395,2020-11-21T20:20:20.505000+00:00,1.0,S
750,3123,2020-11-21T20:20:17.785000+00:00,1.0,P
750,3395,2020-11-21T20:20:20.505000+00:00,1.0,S
751,3123,2020-11-21T20:20:17.785000+00:00,1.0,P
751,3395,2020-11-21T20:20:20.505000+00:00,1.0,S
752,3123,2020-11-21T20:20:17.785000+00:00,1.0,P
752,3395,2020-11-21T20:20:20.505000+00:00,1.0,S
753,3123,2020-11-21T20:20:17.785000+00:00,1.0,P
753,3395,2020-11-21T20:20:20.505000+00:00,1.0,S
754,3123,2020-11-21T20:20:17.785000+00:00,1.0,P
754,3395,2020-11-21T20:20:20.505000+00:00,1.0,S
755,3122,2020-11-21T20:20:17.775000+00:00,1.0,P
755,3395,2020-11-21T20:20:20.505000+00:00,1.0,S
756,3122,2020-11-21T20:20:17.775000+00:00,1.0,P
756,3395,2020-11-21T20:20:20.505000+00:00,1.0,S
757,3122,2020-11-21T20:20:17.775000+00:00,1.0,P
757,3395,2020-11-21T20:20:20.505000+00:00,1.0,S
758,3122,2020-11-21T20:20:17.775000+00:00,1.0,P
758,3395,2020-11-21T20:20:20.505000+00:00,1.0,S
759,3122,2020-11-21T20:20:17.775000+00:00,1.0,P
759,3394,2020-11-21T20:20:20.494999+00:00,1.0,S
760,3122,2020-11-21T20:20:17.775000+00:00,1.0,P
760,3394,2020-11-21T20:20:20.494999+00:00,1.0,S
761,3122,2020-11-21T20:20:17.775000+00:00,1.0,P
761,3394,2020-11-21T20:20:20.494999+00:00,1.0,S
762,3122,2020-11-21T20:20:17.775000+00:00,1.0,P
762,3394,2020-11-21T20:20:20.494999+00:00,1.0,S
763,3122,2020-11-21T20:20:17.775000+00:00,1.0,P
763,3394,2020-11-21T20:20:20.494999+00:00,1.0,S
764,3122,2020-11-21T20:20:17.775000+00:00,1.0,P
764,3394,2020-11-21T20:20:20.494999+00:00,1.0,S
765,3122,2020-11-21T20:20:17.775000+00:00,1.0,P
765,3394,2020-11-21T20:20:20.494999+00:00,1.0,S
766,3122,2020-11-21T20:20:17.775000+00:00,1.0,P
766,3394,2020-11-21T20:20:20.494999+00:00,1.0,S
767,3122,2020-11-21T20:20:17.775000+00:00,1.0,P
767,3394,2020-11-21T20:20:20.494999+00:00,1.0,S
768,3121,2020-11-21T20:20:17.765000+00:00,1.0,P
768,3394,2020-11-21T20:20:20.494999+00:00,1.0,S
769,3121,2020-11-21T20:20:17.765000+00:00,1.0,P
769,3394,2020-11-21T20:20:20.494999+00:00,1.0,S
770,3121,2020-11-21T20:20:17.765000+00:00,1.0,P
770,3394,2020-11-21T20:20:20.494999+00:00,1.0,S
771,3121,2020-11-21T20:20:17.765000+00:00,1.0,P
771,3394,2020-11-21T20:20:20.494999+00:00,1.0,S
772,3121,2020-11-21T20:20:17.765000+00:00,1.0,P
772,3394,2020-11-21T20:20:20.494999+00:00,1.0,S
773,3121,2020-11-21T20:20:17.765000+00:00,1.0,P
773,3394,2020-11-21T20:20:20.494999+00:00,1.0,S
774,3121,2020-11-21T20:20:17.765000+00:00,1.0,P
774,3394,2020-11-21T20:20:20.494999+00:00,1.0,S
775,3121,2020-11-21T20:20:17.765000+00:00,1.0,P
775,3394,2020-11-21T20:20:20.494999+00:00,1.0,S
776,3121,2020-11-21T20:20:17.765000+00:00,1.0,P
776,3394,2020-11-21T20:20:20.494999+00:00,1.0,S
777,3121,2020-11-21T20:20:17.765000+00:00,1.0,P
777,3394,2020-11-21T20:20:20.494999+00:00,1.0,S
778,3121,2020-11-21T20:20:17.765000+00:00,1.0,P
778,3394,2020-11-21T20:20:20.494999+00:00,1.0,S
779,3120,2020-11-21T20:20:17.755000+00:00,1.0,P
779,3394,2020-11-21T20:20:20.494999+00:00,1.0,S
780,3120,2020-11-21T20:20:17.755000+00:00,1.0,P
780,3394,2020-11-21T20:20:20.494999+00:00,1.0,S
781,3120,2020-11-21T20:20:17.755000+00:00,1.0,P
781,3394,2020-11-21T20:20:20.494999+00:00,1.0,S
782,3120,2020-11-21T20:20:17.755000+00:00,1.0,P
782,3394,2020-11-21T20:20:20.494999+00:00,1.0,S
783,3120,2020-11-21T20:20:17.755000+00:00,1.0,P
783,3394,2020-11-21T20:20:20.494999+00:00,1.0,S
784,3120,2020-11-21T20:20:17.755000+00:00,1.0,P
784,3394,2020-11-21T20:20:20.494999+00:00,1.0,S
785,3120,2020-11-21T20:20:17.755000+00:00,1.0,P
785,3394,2020-11-21T20:20:20.494999+00:00,1.0,S
786,3120,2020-11-21T20:20:17.755000+00:00,1.0,P
786,3394,2020-11-21T20:20:20.494999+00:00,1.0,S
787,3120,2020-11-21T20:20:17.755000+00:00,1.0,P
787,3394,2020-11-21T20:20:20.494999+00:00,1.0,S
788,3120,2020-11-21T20:20:17.755000+00:00,1.0,P
788,3394,2020-11-21T20:20:20.494999+00:00,1.0,S
789,3120,2020-11-21T20:20:17.755000+00:00,1.0,P
789,3394,2020-11-21T20:20:20.494999+00:00,1.0,S
790,3119,2020-11-21T20:20:17.745000+00:00,1.0,P
790,3394,2020-11-21T20:20:20.494999+00:00,1.0,S
791,3119,2020-11-21T20:20:17.745000+00:00,1.0,P
791,3394,2020-11-21T20:20:20.494999+00:00,1.0,S
792,3119,2020-11-21T20:20:17.745000+00:00,1.0,P
792,3394,2020-11-21T20:20:20.494999+00:00,1.0,S
793,3119,2020-11-21T20:20:17.745000+00:00,1.0,P
793,3394,2020-11-21T20:20:20.494999+00:00,1.0,S
794,3119,2020-11-21T20:20:17.745000+00:00,1.0,P
794,3394,2020-11-21T20:20:20.494999+00:00,1.0,S
795,3119,2020-11-21T20:20:17.745000+00:00,1.0,P
795,3394,2020-11-21T20:20:20.494999+00:00,1.0,S
796,3119,2020-11-21T20:20:17.745000+00:00,1.0,P
796,3394,2020-11-21T20:20:20.494999+00:00,1.0,S
797,3119,2020-11-21T20:20:17.745000+00:00,1.0,P
797,3394,2020-11-21T20:20:20.494999+00:00,1.0,S
798,3119,2020-11-21T20:20:17.745000+00:00,1.0,P
798,3394,2020-11-21T20:20:20.494999+00:00,1.0,S
799,3119,2020-11-21T20:20:17.745000+00:00,1.0,P
799,3394,2020-11-21T20:20:20.494999+00:00,1.0,S
800,3118,2020-11-21T20:20:17.735000+00:00,1.0,P
800,3394,2020-11-21T20:20:20.494999+00:00,1.0,S
801,3118,2020-11-21T20:20:17.735000+00:00,1.0,P
801,3394,2020-11-21T20:20:20.494999+00:00,1.0,S
802,3118,2020-11-21T20:20:17.735000+00:00,1.0,P
802,3394,2020-11-21T20:20:20.494999+00:00,1.0,S
803,3118,2020-11-21T20:20:17.735000+00:00,1.0,P
803,3394,2020-11-21T20:20:20.494999+00:00,1.0,S
804,3118,2020-11-21T20:20:17.735000+00:00,1.0,P
804,3393,2020-11-21T20:20:20.485000+00:00,1.0,S
805,3118,2020-11-21T20:20:17.735000+00:00,1.0,P
805,3393,2020-11-21T20:20:20.485000+00:00,1.0,S
806,3118,2020-11-21T20:20:17.735000+00:00,1.0,P
806,3393,2020-11-21T20:20:20.485000+00:00,1.0,S
807,3118,2020-11-21T20:20:17.735000+00:00,1.0,P
807,3393,2020-11-21T20:20:20.485000+00:00,1.0,S
808,3118,2020-11-21T20:20:17.735000+00:00,1.0,P
808,3393,2020-11-21T20:20:20.485000+00:00,1.0,S
809,3118,2020-11-21T20:20:17.735000+00:00,1.0,P
809,3393,2020-11-21T20:20:20.485000+00:00,1.0,S
810,3118,2020-11-21T20:20:17.735000+00:00,1.0,P
810,3393,2020-11-21T20:20:20.485000+00:00,1.0,S
811,3117,2020-11-21T20:20:17.725000+00:00,1.0,P
811,3393,2020-11-21T20:20:20.485000+00:00,1.0,S
812,3117,2020-11-21T20:20:17.725000+00:00,1.0,P
812,3393,2020-11-21T20:20:20.485000+00:00,1.0,S
813,3117,2020-11-21T20:20:17.725000+00:00,1.0,P
813,3393,2020-11-21T20:20:20.485000+00:00,1.0,S
814,3117,2020-11-21T20:20:17.725000+00:00,1.0,P
814,3393,2020-11-21T20:20:20.485000+00:00,1.0,S
815,3117,2020-11-21T20:20:17.725000+00:00,1.0,P
815,3393,2020-11-21T20:20:20.485000+00:00,1.0,S
816,3117,2020-11-21T20:20:17.725000+00:00,1.0,P
816,3393,2020-11-21T20:20:20.485000+00:00,1.0,S
817,3117,2020-11-21T20:20:17.725000+00:00,1.0,P
817,3393,2020-11-21T20:20:20.485000+00:00,1.0,S
818,3117,2020-11-21T20:20:17.725000+00:00,1.0,P
818,3393,2020-11-21T20:20:20.485000+00:00,1.0,S
819,3117,2020-11-21T20:20:17.725000+00:00,1.0,P
819,3393,2020-11-21T20:20:20.485000+00:00,1.0,S
820,3117,2020-11-21T20:20:17.725000+00:00,1.0,P
820,3393,2020-11-21T20:20:20.485000+00:00,1.0,S
821,3117,2020-11-21T20:20:17.725000+00:00,1.0,P
821,3393,2020-11-21T20:20:20.485000+00:00,1.0,S
822,3117,2020-11-21T20:20:17.725000+00:00,1.0,P
822,3393,2020-11-21T20:20:20.485000+00:00,1.0,S
823,3117,2020-11-21T20:20:17.725000+00:00,1.0,P
823,3393,2020-11-21T20:20:20.485000+00:00,1.0,S
824,3117,2020-11-21T20:20:17.725000+00:00,1.0,P
824,3392,2020-11-21T20:20:20.475000+00:00,1.0,S
825,3117,2020-11-21T20:20:17.725000+00:00,1.0,P
825,3392,2020-11-21T20:20:20.475000+00:00,1.0,S
826,3116,2020-11-21T20:20:17.715000+00:00,1.0,P
826,3392,2020-11-21T20:20:20.475000+00:00,1.0,S
827,3116,2020-11-21T20:20:17.715000+00:00,1.0,P
827,3392,2020-11-21T20:20:20.475000+00:00,1.0,S
828,3116,2020-11-21T20:20:17.715000+00:00,1.0,P
828,3392,2020-11-21T20:20:20.475000+00:00,1.0,S
829,3116,2020-11-21T20:20:17.715000+00:00,1.0,P
829,3392,2020-11-21T20:20:20.475000+00:00,1.0,S
830,3116,2020-11-21T20:20:17.715000+00:00,1.0,P
830,3392,2020-11-21T20:20:20.475000+00:00,1.0,S
831,3116,2020-11-21T20:20:17.715000+00:00,1.0,P
831,3392,2020-11-21T20:20:20.475000+00:00,1.0,S
832,3116,2020-11-21T20:20:17.715000+00:00,1.0,P
832,3392,2020-11-21T20:20:20.475000+00:00,1.0,S
833,3116,2020-11-21T20:20:17.715000+00:00,1.0,P
833,3392,2020-11-21T20:20:20.475000+00:00,1.0,S
834,3116,2020-11-21T20:20:17.715000+00:00,1.0,P
834,3392,2020-11-21T20:20:20.475000+00:00,1.0,S
835,3116,2020-11-21T20:20:17.715000+00:00,1.0,P
835,3392,2020-11-21T20:20:20.475000+00:00,1.0,S
836,3116,2020-11-21T20:20:17.715000+00:00,1.0,P
836,3392,2020-11-21T20:20:20.475000+00:00,1.0,S
837,3116,2020-11-21T20:20:17.715000+00:00,1.0,P
837,3392,2020-11-21T20:20:20.475000+00:00,1.0,S
838,3116,2020-11-21T20:20:17.715000+00:00,1.0,P
838,3392,2020-11-21T20:20:20.475000+00:00,1.0,S
839,3116,2020-11-21T20:20:17.715000+00:00,1.0,P
839,3392,2020-11-21T20:20:20.475000+00:00,1.0,S
840,3116,2020-11-21T20:20:17.715000+00:00,1.0,P
840,3392,2020-11-21T20:20:20.475000+00:00,1.0,S
841,3116,2020-11-21T20:20:17.715000+00:00,1.0,P
841,3392,2020-11-21T20:20:20.475000+00:00,1.0,S
842,3116,2020-11-21T20:20:17.715000+00:00,1.0,P
842,3392,2020-11-21T20:20:20.475000+00:00,1.0,S
843,3116,2020-11-21T20:20:17.715000+00:00,1.0,P
843,3392,2020-11-21T20:20:20.475000+00:00,1.0,S
844,3116,2020-11-21T20:20:17.715000+00:00,1.0,P
844,3392,2020-11-21T20:20:20.475000+00:00,1.0,S
845,3116,2020-11-21T20:20:17.715000+00:00,1.0,P
845,3392,2020-11-21T20:20:20.475000+00:00,1.0,S
846,3116,2020-11-21T20:20:17.715000+00:00,1.0,P
846,3392,2020-11-21T20:20:20.475000+00:00,1.0,S
847,3116,2020-11-21T20:20:17.715000+00:00,1.0,P
847,3392,2020-11-21T20:20:20.475000+00:00,1.0,S
848,3116,2020-11-21T20:20:17.715000+00:00,1.0,P
848,3392,2020-11-21T20:20:20.475000+00:00,1.0,S
849,3116,2020-11-21T20:20:17.715000+00:00,1.0,P
849,3392,2020-11-21T20:20:20.475000+00:00,1.0,S
850,3116,2020-11-21T20:20:17.715000+00:00,1.0,P
850,3392,2020-11-21T20:20:20.475000+00:00,1.0,S
851,3116,2020-11-21T20:20:17.715000+00:00,1.0,P
851,3392,2020-11-21T20:20:20.475000+00:00,1.0,S
852,3116,2020-11-21T20:20:17.715000+00:00,1.0,P
852,3392,2020-11-21T20:20:20.475000+00:00,1.0,S
853,3116,2020-11-21T20:20:17.715000+00:00,1.0,P
853,3392,2020-11-21T20:20:20.475000+00:00,1.0,S
854,3116,2020-11-21T20:20:17.715000+00:00,1.0,P
854,3392,2020-11-21T20:20:20.475000+00:00,1.0,S
855,3116,2020-11-21T20:20:17.715000+00:00,1.0,P
855,3392,2020-11-21T20:20:20.475000+00:00,1.0,S
856,3116,2020-11-21T20:20:17.715000+00:00,1.0,P
856,3392,2020-11-21T20:20:20.475000+00:00,1.0,S
857,3116,2020-11-21T20:20:17.715000+00:00,1.0,P
857,3392,2020-11-21T20:20:20.475000+00:00,1.0,S
858,3116,2020-11-21T20:20:17.715000+00:00,1.0,P
858,3392,2020-11-21T20:20:20.475000+00:00,1.0,S
859,3116,2020-11-21T20:20:17.715000+00:00,1.0,P
859,3392,2020-11-21T20:20:20.475000+00:00,1.0,S
860,3115,2020-11-21T20:20:17.705000+00:00,1.0,P
860,3392,2020-11-21T20:20:20.475000+00:00,1.0,S
861,3115,2020-11-21T20:20:17.705000+00:00,1.0,P
861,3392,2020-11-21T20:20:20.475000+00:00,1.0,S
862,3115,2020-11-21T20:20:17.705000+00:00,1.0,P
862,3393,2020-11-21T20:20:20.485000+00:00,1.0,S
863,3115,2020-11-21T20:20:17.705000+00:00,1.0,P
863,3393,2020-11-21T20:20:20.485000+00:00,1.0,S
864,3115,2020-11-21T20:20:17.705000+00:00,1.0,P
864,3393,2020-11-21T20:20:20.485000+00:00,1.0,S
865,3115,2020-11-21T20:20:17.705000+00:00,1.0,P
865,3393,2020-11-21T20:20:20.485000+00:00,1.0,S
866,3115,2020-11-21T20:20:17.705000+00:00,1.0,P
866,3393,2020-11-21T20:20:20.485000+00:00,1.0,S
867,3115,2020-11-21T20:20:17.705000+00:00,1.0,P
867,3393,2020-11-21T20:20:20.485000+00:00,1.0,S
868,3115,2020-11-21T20:20:17.705000+00:00,1.0,P
868,3393,2020-11-21T20:20:20.485000+00:00,1.0,S
869,3115,2020-11-21T20:20:17.705000+00:00,1.0,P
869,3393,2020-11-21T20:20:20.485000+00:00,1.0,S
870,3115,2020-11-21T20:20:17.705000+00:00,1.0,P
870,3393,2020-11-21T20:20:20.485000+00:00,1.0,S
871,3115,2020-11-21T20:20:17.705000+00:00,1.0,P
871,3394,2020-11-21T20:20:20.494999+00:00,1.0,S
872,3115,2020-11-21T20:20:17.705000+00:00,1.0,P
872,3394,2020-11-21T20:20:20.494999+00:00,1.0,S
873,3115,2020-11-21T20:20:17.705000+00:00,1.0,P
873,3394,2020-11-21T20:20:20.494999+00:00,1.0,S
874,3115,2020-11-21T20:20:17.705000+00:00,1.0,P
874,3394,2020-11-21T20:20:20.494999+00:00,1.0,S
875,3115,2020-11-21T20:20:17.705000+00:00,1.0,P
875,3394,2020-11-21T20:20:20.494999+00:00,1.0,S
876,3115,2020-11-21T20:20:17.705000+00:00,1.0,P
876,3394,2020-11-21T20:20:20.494999+00:00,1.0,S
877,3115,2020-11-21T20:20:17.705000+00:00,1.0,P
877,3394,2020-11-21T20:20:20.494999+00:00,1.0,S
878,3115,2020-11-21T20:20:17.705000+00:00,1.0,P
878,3394,2020-11-21T20:20:20.494999+00:00,1.0,S
879,3115,2020-11-21T20:20:17.705000+00:00,1.0,P
879,3395,2020-11-21T20:20:20.505000+00:00,1.0,S
880,3115,2020-11-21T20:20:17.705000+00:00,1.0,P
880,3395,2020-11-21T20:20:20.505000+00:00,1.0,S
881,3115,2020-11-21T20:20:17.705000+00:00,1.0,P
881,3395,2020-11-21T20:20:20.505000+00:00,1.0,S
882,3115,2020-11-21T20:20:17.705000+00:00,1.0,P
882,3395,2020-11-21T20:20:20.505000+00:00,1.0,S
883,3115,2020-11-21T20:20:17.705000+00:00,1.0,P
883,3395,2020-11-21T20:20:20.505000+00:00,1.0,S
884,3116,2020-11-21T20:20:17.715000+00:00,1.0,P
884,3395,2020-11-21T20:20:20.505000+00:00,1.0,S
885,3116,2020-11-21T20:20:17.715000+00:00,1.0,P
885,3395,2020-11-21T20:20:20.505000+00:00,1.0,S
886,3116,2020-11-21T20:20:17.715000+00:00,1.0,P
886,3395,2020-11-21T20:20:20.505000+00:00,1.0,S
887,3115,2020-11-21T20:20:17.705000+00:00,1.0,P
887,3395,2020-11-21T20:20:20.505000+00:00,1.0,S
888,3115,2020-11-21T20:20:17.705000+00:00,1.0,P
888,3395,2020-11-21T20:20:20.505000+00:00,1.0,S
889,3115,2020-11-21T20:20:17.705000+00:00,1.0,P
889,3395,2020-11-21T20:20:20.505000+00:00,1.0,S
890,3115,2020-11-21T20:20:17.705000+00:00,1.0,P
890,3395,2020-11-21T20:20:20.505000+00:00,1.0,S
891,3115,2020-11-21T20:20:17.705000+00:00,1.0,P
891,3395,2020-11-21T20:20:20.505000+00:00,1.0,S
892,3115,2020-11-21T20:20:17.705000+00:00,1.0,P
892,3396,2020-11-21T20:20:20.515000+00:00,1.0,S
893,3115,2020-11-21T20:20:17.705000+00:00,1.0,P
893,3396,2020-11-21T20:20:20.515000+00:00,1.0,S
894,3115,2020-11-21T20:20:17.705000+00:00,1.0,P
894,3396,2020-11-21T20:20:20.515000+00:00,1.0,S
895,3115,2020-11-21T20:20:17.705000+00:00,1.0,P
895,3396,2020-11-21T20:20:20.515000+00:00,1.0,S
896,3115,2020-11-21T20:20:17.705000+00:00,1.0,P
896,3396,2020-11-21T20:20:20.515000+00:00,1.0,S
897,3115,2020-11-21T20:20:17.705000+00:00,1.0,P
897,3396,2020-11-21T20:20:20.515000+00:00,1.0,S
898,3115,2020-11-21T20:20:17.705000+00:00,1.0,P
898,3396,2020-11-21T20:20:20.515000+00:00,1.0,S
899,3115,2020-11-21T20:20:17.705000+00:00,1.0,P
899,3397,2020-11-21T20:20:20.525000+00:00,1.0,S
900,3115,2020-11-21T20:20:17.705000+00:00,1.0,P
900,3397,2020-11-21T20:20:20.525000+00:00,1.0,S
901,3115,2020-11-21T20:20:17.705000+00:00,1.0,P
901,3397,2020-11-21T20:20:20.525000+00:00,1.0,S
902,3115,2020-11-21T20:20:17.705000+00:00,1.0,P
902,3397,2020-11-21T20:20:20.525000+00:00,1.0,S
903,3115,2020-11-21T20:20:17.705000+00:00,1.0,P
903,3397,2020-11-21T20:20:20.525000+00:00,1.0,S
904,3115,2020-11-21T20:20:17.705000+00:00,1.0,P
904,3397,2020-11-21T20:20:20.525000+00:00,1.0,S
905,3115,2020-11-21T20:20:17.705000+00:00,1.0,P
905,3398,2020-11-21T20:20:20.535000+00:00,1.0,S
906,3115,2020-11-21T20:20:17.705000+00:00,1.0,P
906,3398,2020-11-21T20:20:20.535000+00:00,1.0,S
907,3115,2020-11-21T20:20:17.705000+00:00,1.0,P
907,3398,2020-11-21T20:20:20.535000+00:00,1.0,S
908,3115,2020-11-21T20:20:17.705000+00:00,1.0,P
908,3398,2020-11-21T20:20:20.535000+00:00,1.0,S
909,3115,2020-11-21T20:20:17.705000+00:00,1.0,P
909,3399,2020-11-21T20:20:20.545000+00:00,1.0,S
910,3115,2020-11-21T20:20:17.705000+00:00,1.0,P
910,3399,2020-11-21T20:20:20.545000+00:00,1.0,S
911,3115,2020-11-21T20:20:17.705000+00:00,1.0,P
911,3399,2020-11-21T20:20:20.545000+00:00,1.0,S
912,3115,2020-11-21T20:20:17.705000+00:00,1.0,P
912,3399,2020-11-21T20:20:20.545000+00:00,1.0,S
913,3115,2020-11-21T20:20:17.705000+00:00,1.0,P
913,3399,2020-11-21T20:20:20.545000+00:00,1.0,S
914,3115,2020-11-21T20:20:17.705000+00:00,1.0,P
914,3399,2020-11-21T20:20:20.545000+00:00,1.0,S
915,3115,2020-11-21T20:20:17.705000+00:00,1.0,P
915,3400,2020-11-21T20:20:20.555000+00:00,1.0,S
916,3115,2020-11-21T20:20:17.705000+00:00,1.0,P
916,3400,2020-11-21T20:20:20.555000+00:00,1.0,S
917,3115,2020-11-21T20:20:17.705000+00:00,1.0,P
917,3400,2020-11-21T20:20:20.555000+00:00,1.0,S
918,3115,2020-11-21T20:20:17.705000+00:00,1.0,P
918,3400,2020-11-21T20:20:20.555000+00:00,1.0,S
919,3115,2020-11-21T20:20:17.705000+00:00,1.0,P
919,3400,2020-11-21T20:20:20.555000+00:00,1.0,S
920,3115,2020-11-21T20:20:17.705000+00:00,1.0,P
920,3401,2020-11-21T20:20:20.564999+00:00,1.0,S
921,3114,2020-11-21T20:20:17.695000+00:00,1.0,P
921,3401,2020-11-21T20:20:20.564999+00:00,1.0,S
922,3114,2020-11-21T20:20:17.695000+00:00,1.0,P
922,3401,2020-11-21T20:20:20.564999+00:00,1.0,S
923,3114,2020-11-21T20:20:17.695000+00:00,1.0,P
923,3401,2020-11-21T20:20:20.564999+00:00,1.0,S
924,3114,2020-11-21T20:20:17.695000+00:00,1.0,P
924,3401,2020-11-21T20:20:20.564999+00:00,1.0,S
925,3114,2020-11-21T20:20:17.695000+00:00,1.0,P
925,3401,2020-11-21T20:20:20.564999+00:00,1.0,S
926,3114,2020-11-21T20:20:17.695000+00:00,1.0,P
926,3402,2020-11-21T20:20:20.575000+00:00,1.0,S
927,3114,2020-11-21T20:20:17.695000+00:00,1.0,P
927,3402,2020-11-21T20:20:20.575000+00:00,1.0,S
928,3114,2020-11-21T20:20:17.695000+00:00,1.0,P
928,3402,2020-11-21T20:20:20.575000+00:00,1.0,S
929,3114,2020-11-21T20:20:17.695000+00:00,1.0,P
929,3402,2020-11-21T20:20:20.575000+00:00,1.0,S
930,3114,2020-11-21T20:20:17.695000+00:00,1.0,P
930,3402,2020-11-21T20:20:20.575000+00:00,1.0,S
931,3114,2020-11-21T20:20:17.695000+00:00,1.0,P
931,3402,2020-11-21T20:20:20.575000+00:00,1.0,S
932,3114,2020-11-21T20:20:17.695000+00:00,1.0,P
932,3402,2020-11-21T20:20:20.575000+00:00,1.0,S
933,3114,2020-11-21T20:20:17.695000+00:00,1.0,P
933,3402,2020-11-21T20:20:20.575000+00:00,1.0,S
934,3114,2020-11-21T20:20:17.695000+00:00,1.0,P
934,3403,2020-11-21T20:20:20.585000+00:00,1.0,S
935,3114,2020-11-21T20:20:17.695000+00:00,1.0,P
935,3403,2020-11-21T20:20:20.585000+00:00,1.0,S
936,3114,2020-11-21T20:20:17.695000+00:00,1.0,P
936,3403,2020-11-21T20:20:20.585000+00:00,1.0,S
937,3114,2020-11-21T20:20:17.695000+00:00,1.0,P
937,3403,2020-11-21T20:20:20.585000+00:00,1.0,S
938,3114,2020-11-21T20:20:17.695000+00:00,1.0,P
938,3403,2020-11-21T20:20:20.585000+00:00,1.0,S
939,3114,2020-11-21T20:20:17.695000+00:00,1.0,P
939,3403,2020-11-21T20:20:20.585000+00:00,1.0,S
940,3114,2020-11-21T20:20:17.695000+00:00,1.0,P
940,3403,2020-11-21T20:20:20.585000+00:00,1.0,S
941,3114,2020-11-21T20:20:17.695000+00:00,1.0,P
941,3403,2020-11-21T20:20:20.585000+00:00,1.0,S
942,3114,2020-11-21T20:20:17.695000+00:00,1.0,P
942,3403,2020-11-21T20:20:20.585000+00:00,1.0,S
943,3114,2020-11-21T20:20:17.695000+00:00,1.0,P
943,3403,2020-11-21T20:20:20.585000+00:00,1.0,S
944,3114,2020-11-21T20:20:17.695000+00:00,1.0,P
944,3403,2020-11-21T20:20:20.585000+00:00,1.0,S
945,3114,2020-11-21T20:20:17.695000+00:00,1.0,P
945,3403,2020-11-21T20:20:20.585000+00:00,1.0,S
946,3114,2020-11-21T20:20:17.695000+00:00,1.0,P
946,3403,2020-11-21T20:20:20.585000+00:00,1.0,S
947,3114,2020-11-21T20:20:17.695000+00:00,1.0,P
947,3403,2020-11-21T20:20:20.585000+00:00,1.0,S
948,3114,2020-11-21T20:20:17.695000+00:00,1.0,P
948,3403,2020-11-21T20:20:20.585000+00:00,1.0,S
949,3114,2020-11-21T20:20:17.695000+00:00,1.0,P
949,3403,2020-11-21T20:20:20.585000+00:00,1.0,S
950,3114,2020-11-21T20:20:17.695000+00:00,1.0,P
950,3403,2020-11-21T20:20:20.585000+00:00,1.0,S
951,3114,2020-11-21T20:20:17.695000+00:00,1.0,P
951,3403,2020-11-21T20:20:20.585000+00:00,1.0,S
952,3114,2020-11-21T20:20:17.695000+00:00,1.0,P
952,3403,2020-11-21T20:20:20.585000+00:00,1.0,S
953,3114,2020-11-21T20:20:17.695000+00:00,1.0,P
953,3404,2020-11-21T20:20:20.595000+00:00,1.0,S
954,3114,2020-11-21T20:20:17.695000+00:00,1.0,P
954,3404,2020-11-21T20:20:20.595000+00:00,1.0,S
955,3114,2020-11-21T20:20:17.695000+00:00,1.0,P
955,3404,2020-11-21T20:20:20.595000+00:00,1.0,S
956,3114,2020-11-21T20:20:17.695000+00:00,1.0,P
956,3404,2020-11-21T20:20:20.595000+00:00,1.0,S
957,3114,2020-11-21T20:20:17.695000+00:00,1.0,P
957,3404,2020-11-21T20:20:20.595000+00:00,1.0,S
958,3114,2020-11-21T20:20:17.695000+00:00,1.0,P
958,3404,2020-11-21T20:20:20.595000+00:00,1.0,S
959,3114,2020-11-21T20:20:17.695000+00:00,1.0,P
959,3405,2020-11-21T20:20:20.604999+00:00,1.0,S
960,3114,2020-11-21T20:20:17.695000+00:00,1.0,P
960,3405,2020-11-21T20:20:20.604999+00:00,1.0,S
961,3114,2020-11-21T20:20:17.695000+00:00,1.0,P
961,3405,2020-11-21T20:20:20.604999+00:00,1.0,S
962,3114,2020-11-21T20:20:17.695000+00:00,1.0,P
962,3405,2020-11-21T20:20:20.604999+00:00,1.0,S
963,3114,2020-11-21T20:20:17.695000+00:00,1.0,P
963,3405,2020-11-21T20:20:20.604999+00:00,1.0,S
964,3114,2020-11-21T20:20:17.695000+00:00,1.0,P
964,3405,2020-11-21T20:20:20.604999+00:00,1.0,S
965,3114,2020-11-21T20:20:17.695000+00:00,1.0,P
965,3405,2020-11-21T20:20:20.604999+00:00,1.0,S
966,3114,2020-11-21T20:20:17.695000+00:00,1.0,P
966,3405,2020-11-21T20:20:20.604999+00:00,1.0,S
967,3114,2020-11-21T20:20:17.695000+00:00,1.0,P
967,3405,2020-11-21T20:20:20.604999+00:00,1.0,S
968,3114,2020-11-21T20:20:17.695000+00:00,1.0,P
968,3405,2020-11-21T20:20:20.604999+00:00,1.0,S
969,3114,2020-11-21T20:20:17.695000+00:00,1.0,P
969,3405,2020-11-21T20:20:20.604999+00:00,1.0,S
970,3114,2020-11-21T20:20:17.695000+00:00,1.0,P
970,3405,2020-11-21T20:20:20.604999+00:00,1.0,S
971,3114,2020-11-21T20:20:17.695000+00:00,1.0,P
971,3405,2020-11-21T20:20:20.604999+00:00,1.0,S
972,3114,2020-11-21T20:20:17.695000+00:00,1.0,P
972,3405,2020-11-21T20:20:20.604999+00:00,1.0,S
973,3114,2020-11-21T20:20:17.695000+00:00,1.0,P
973,3405,2020-11-21T20:20:20.604999+00:00,1.0,S
974,3114,2020-11-21T20:20:17.695000+00:00,1.0,P
974,3405,2020-11-21T20:20:20.604999+00:00,1.0,S
975,3114,2020-11-21T20:20:17.695000+00:00,1.0,P
975,3405,2020-11-21T20:20:20.604999+00:00,1.0,S
976,3114,2020-11-21T20:20:17.695000+00:00,1.0,P
976,3406,2020-11-21T20:20:20.615000+00:00,1.0,S
977,3114,2020-11-21T20:20:17.695000+00:00,1.0,P
977,3406,2020-11-21T20:20:20.615000+00:00,1.0,S
978,3114,2020-11-21T20:20:17.695000+00:00,1.0,P
978,3406,2020-11-21T20:20:20.615000+00:00,1.0,S
979,3114,2020-11-21T20:20:17.695000+00:00,1.0,P
979,3406,2020-11-21T20:20:20.615000+00:00,1.0,S
980,3114,2020-11-21T20:20:17.695000+00:00,1.0,P
980,3406,2020-11-21T20:20:20.615000+00:00,1.0,S
981,3114,2020-11-21T20:20:17.695000+00:00,1.0,P
981,3406,2020-11-21T20:20:20.615000+00:00,1.0,S
982,3114,2020-11-21T20:20:17.695000+00:00,1.0,P
982,3406,2020-11-21T20:20:20.615000+00:00,1.0,S
983,3114,2020-11-21T20:20:17.695000+00:00,1.0,P
983,3406,2020-11-21T20:20:20.615000+00:00,1.0,S
984,3114,2020-11-21T20:20:17.695000+00:00,1.0,P
984,3406,2020-11-21T20:20:20.615000+00:00,1.0,S
985,3114,2020-11-21T20:20:17.695000+00:00,1.0,P
985,3407,2020-11-21T20:20:20.625000+00:00,1.0,S
986,3114,2020-11-21T20:20:17.695000+00:00,1.0,P
986,3407,2020-11-21T20:20:20.625000+00:00,1.0,S
987,3114,2020-11-21T20:20:17.695000+00:00,1.0,P
987,3407,2020-11-21T20:20:20.625000+00:00,1.0,S
988,3114,2020-11-21T20:20:17.695000+00:00,1.0,P
988,3407,2020-11-21T20:20:20.625000+00:00,1.0,S
989,3114,2020-11-21T20:20:17.695000+00:00,1.0,P
989,3407,2020-11-21T20:20:20.625000+00:00,1.0,S
990,3114,2020-11-21T20:20:17.695000+00:00,1.0,P
990,3407,2020-11-21T20:20:20.625000+00:00,1.0,S
991,3114,2020-11-21T20:20:17.695000+00:00,1.0,P
991,3407,2020-11-21T20:20:20.625000+00:00,1.0,S
992,3114,2020-11-21T20:20:17.695000+00:00,1.0,P
992,3407,2020-11-21T20:20:20.625000+00:00,1.0,S
993,3114,2020-11-21T20:20:17.695000+00:00,1.0,P
993,3407,2020-11-21T20:20:20.625000+00:00,1.0,S
994,3114,2020-11-21T20:20:17.695000+00:00,1.0,P
994,3407,2020-11-21T20:20:20.625000+00:00,1.0,S
995,3114,2020-11-21T20:20:17.695000+00:00,1.0,P
995,3407,2020-11-21T20:20:20.625000+00:00,1.0,S
996,3114,2020-11-21T20:20:17.695000+00:00,1.0,P
996,3407,2020-11-21T20:20:20.625000+00:00,1.0,S
997,3114,2020-11-21T20:20:17.695000+00:00,1.0,P
997,3407,2020-11-21T20:20:20.625000+00:00,1.0,S
998,3114,2020-11-21T20:20:17.695000+00:00,1.0,P
998,3407,2020-11-21T20:20:20.625000+00:00,1.0,S
999,3114,2020-11-21T20:20:17.695000+00:00,1.0,P
999,3407,2020-11-21T20:20:20.625000+00:00,1.0,S
1000,3114,2020-11-21T20:20:17.695000+00:00,1.0,P
1000,3407,2020-11-21T20:20:20.625000+00:00,1.0,S
1001,3114,2020-11-21T20:20:17.695000+00:00,1.0,P
1001,3407,2020-11-21T20:20:20.625000+00:00,1.0,S
1002,3114,2020-11-21T20:20:17.695000+00:00,1.0,P
1002,3407,2020-11-21T20:20:20.625000+00:00,1.0,S
1003,3114,2020-11-21T20:20:17.695000+00:00,1.0,P
1003,3407,2020-11-21T20:20:20.625000+00:00,1.0,S
1004,3114,2020-11-21T20:20:17.695000+00:00,1.0,P
1004,3407,2020-11-21T20:20:20.625000+00:00,1.0,S
1005,3114,2020-11-21T20:20:17.695000+00:00,1.0,P
1005,3407,2020-11-21T20:20:20.625000+00:00,1.0,S
1006,3114,2020-11-21T20:20:17.695000+00:00,1.0,P
1006,3407,2020-11-21T20:20:20.625000+00:00,1.0,S
1007,3114,2020-11-21T20:20:17.695000+00:00,1.0,P
1007,3407,2020-11-21T20:20:20.625000+00:00,1.0,S
1008,3114,2020-11-21T20:20:17.695000+00:00,1.0,P
1008,3407,2020-11-21T20:20:20.625000+00:00,1.0,S
1009,3114,2020-11-21T20:20:17.695000+00:00,1.0,P
1009,3407,2020-11-21T20:20:20.625000+00:00,1.0,S
1010,3114,2020-11-21T20:20:17.695000+00:00,1.0,P
1010,3407,2020-11-21T20:20:20.625000+00:00,1.0,S
1011,3114,2020-11-21T20:20:17.695000+00:00,1.0,P
1011,3407,2020-11-21T20:20:20.625000+00:00,1.0,S
1012,3114,2020-11-21T20:20:17.695000+00:00,1.0,P
1012,3407,2020-11-21T20:20:20.625000+00:00,1.0,S
1013,3114,2020-11-21T20:20:17.695000+00:00,1.0,P
1013,3407,2020-11-21T20:20:20.625000+00:00,1.0,S
1014,3114,2020-11-21T20:20:17.695000+00:00,1.0,P
1014,3407,2020-11-21T20:20:20.625000+00:00,1.0,S
1015,3114,2020-11-21T20:20:17.695000+00:00,1.0,P
1015,3407,2020-11-21T20:20:20.625000+00:00,1.0,S
1016,3114,2020-11-21T20:20:17.695000+00:00,1.0,P
1016,3407,2020-11-21T20:20:20.625000+00:00,1.0,S
1017,3114,2020-11-21T20:20:17.695000+00:00,1.0,P
1017,3407,2020-11-21T20:20:20.625000+00:00,1.0,S
1018,3114,2020-11-21T20:20:17.695000+00:00,1.0,P
1018,3407,2020-11-21T20:20:20.625000+00:00,1.0,S
1019,3114,2020-11-21T20:20:17.695000+00:00,1.0,P
1019,3407,2020-11-21T20:20:20.625000+00:00,1.0,S
1020,3114,2020-11-21T20:20:17.695000+00:00,1.0,P
1020,3407,2020-11-21T20:20:20.625000+00:00,1.0,S
1021,3114,2020-11-21T20:20:17.695000+00:00,1.0,P
1021,3407,2020-11-21T20:20:20.625000+00:00,1.0,S
1022,3114,2020-11-21T20:20:17.695000+00:00,1.0,P
1022,3407,2020-11-21T20:20:20.625000+00:00,1.0,S
1023,3114,2020-11-21T20:20:17.695000+00:00,1.0,P
1023,3407,2020-11-21T20:20:20.625000+00:00,1.0,S
1024,3114,2020-11-21T20:20:17.695000+00:00,1.0,P
1024,3407,2020-11-21T20:20:20.625000+00:00,1.0,S
1025,3114,2020-11-21T20:20:17.695000+00:00,1.0,P
1025,3407,2020-11-21T20:20:20.625000+00:00,1.0,S
1026,3114,2020-11-21T20:20:17.695000+00:00,1.0,P
1026,3407,2020-11-21T20:20:20.625000+00:00,1.0,S
1027,3114,2020-11-21T20:20:17.695000+00:00,1.0,P
1027,3407,2020-11-21T20:20:20.625000+00:00,1.0,S
1028,3114,2020-11-21T20:20:17.695000+00:00,1.0,P
1028,3408,2020-11-21T20:20:20.635000+00:00,1.0,S
1029,3114,2020-11-21T20:20:17.695000+00:00,1.0,P
1029,3408,2020-11-21T20:20:20.635000+00:00,1.0,S
1030,3114,2020-11-21T20:20:17.695000+00:00,1.0,P
1030,3408,2020-11-21T20:20:20.635000+00:00,1.0,S
1031,3113,2020-11-21T20:20:17.685000+00:00,1.0,P
1031,3408,2020-11-21T20:20:20.635000+00:00,1.0,S
1032,3113,2020-11-21T20:20:17.685000+00:00,1.0,P
1032,3408,2020-11-21T20:20:20.635000+00:00,1.0,S
1033,3113,2020-11-21T20:20:17.685000+00:00,1.0,P
1033,3408,2020-11-21T20:20:20.635000+00:00,1.0,S
1034,3113,2020-11-21T20:20:17.685000+00:00,1.0,P
1034,3408,2020-11-21T20:20:20.635000+00:00,1.0,S
1035,3113,2020-11-21T20:20:17.685000+00:00,1.0,P
1035,3408,2020-11-21T20:20:20.635000+00:00,1.0,S
1036,3113,2020-11-21T20:20:17.685000+00:00,1.0,P
1036,3408,2020-11-21T20:20:20.635000+00:00,1.0,S
1037,3113,2020-11-21T20:20:17.685000+00:00,1.0,P
1037,3408,2020-11-21T20:20:20.635000+00:00,1.0,S
1038,3113,2020-11-21T20:20:17.685000+00:00,1.0,P
1038,3408,2020-11-21T20:20:20.635000+00:00,1.0,S
1039,3113,2020-11-21T20:20:17.685000+00:00,1.0,P
1039,3408,2020-11-21T20:20:20.635000+00:00,1.0,S
1040,3113,2020-11-21T20:20:17.685000+00:00,1.0,P
1040,3408,2020-11-21T20:20:20.635000+00:00,1.0,S
1041,3113,2020-11-21T20:20:17.685000+00:00,1.0,P
1041,3408,2020-11-21T20:20:20.635000+00:00,1.0,S
1042,3113,2020-11-21T20:20:17.685000+00:00,1.0,P
1042,3408,2020-11-21T20:20:20.635000+00:00,1.0,S
1043,3113,2020-11-21T20:20:17.685000+00:00,1.0,P
1043,3408,2020-11-21T20:20:20.635000+00:00,1.0,S
1044,3113,2020-11-21T20:20:17.685000+00:00,1.0,P
1044,3408,2020-11-21T20:20:20.635000+00:00,1.0,S
1045,3113,2020-11-21T20:20:17.685000+00:00,1.0,P
1045,3407,2020-11-21T20:20:20.625000+00:00,1.0,S
1046,3113,2020-11-21T20:20:17.685000+00:00,1.0,P
1046,3407,2020-11-21T20:20:20.625000+00:00,1.0,S
1047,3113,2020-11-21T20:20:17.685000+00:00,1.0,P
1047,3407,2020-11-21T20:20:20.625000+00:00,1.0,S
1048,3113,2020-11-21T20:20:17.685000+00:00,1.0,P
1048,3407,2020-11-21T20:20:20.625000+00:00,1.0,S
1049,3113,2020-11-21T20:20:17.685000+00:00,1.0,P
1049,3407,2020-11-21T20:20:20.625000+00:00,1.0,S
1050,3112,2020-11-21T20:20:17.675000+00:00,1.0,P
1050,3407,2020-11-21T20:20:20.625000+00:00,1.0,S
1051,3112,2020-11-21T20:20:17.675000+00:00,1.0,P
1051,3407,2020-11-21T20:20:20.625000+00:00,1.0,S
1052,3112,2020-11-21T20:20:17.675000+00:00,1.0,P
1052,3407,2020-11-21T20:20:20.625000+00:00,1.0,S
1053,3112,2020-11-21T20:20:17.675000+00:00,1.0,P
1053,3407,2020-11-21T20:20:20.625000+00:00,1.0,S
1054,3112,2020-11-21T20:20:17.675000+00:00,1.0,P
1054,3407,2020-11-21T20:20:20.625000+00:00,1.0,S
1055,3112,2020-11-21T20:20:17.675000+00:00,1.0,P
1055,3407,2020-11-21T20:20:20.625000+00:00,1.0,S
1056,3112,2020-11-21T20:20:17.675000+00:00,1.0,P
1056,3407,2020-11-21T20:20:20.625000+00:00,1.0,S
1057,3112,2020-11-21T20:20:17.675000+00:00,1.0,P
1057,3407,2020-11-21T20:20:20.625000+00:00,1.0,S
1058,3112,2020-11-21T20:20:17.675000+00:00,1.0,P
1058,3407,2020-11-21T20:20:20.625000+00:00,1.0,S
1059,3112,2020-11-21T20:20:17.675000+00:00,1.0,P
1059,3407,2020-11-21T20:20:20.625000+00:00,1.0,S
1060,3112,2020-11-21T20:20:17.675000+00:00,1.0,P
1060,3407,2020-11-21T20:20:20.625000+00:00,1.0,S
1061,3112,2020-11-21T20:20:17.675000+00:00,1.0,P
1061,3407,2020-11-21T20:20:20.625000+00:00,1.0,S
1062,3112,2020-11-21T20:20:17.675000+00:00,1.0,P
1062,3407,2020-11-21T20:20:20.625000+00:00,1.0,S
1063,3112,2020-11-21T20:20:17.675000+00:00,1.0,P
1063,3406,2020-11-21T20:20:20.615000+00:00,1.0,S
1064,3112,2020-11-21T20:20:17.675000+00:00,1.0,P
1064,3406,2020-11-21T20:20:20.615000+00:00,1.0,S
1065,3112,2020-11-21T20:20:17.675000+00:00,1.0,P
1065,3406,2020-11-21T20:20:20.615000+00:00,1.0,S
1066,3111,2020-11-21T20:20:17.665000+00:00,1.0,P
1066,3406,2020-11-21T20:20:20.615000+00:00,1.0,S
1067,3111,2020-11-21T20:20:17.665000+00:00,1.0,P
1067,3406,2020-11-21T20:20:20.615000+00:00,1.0,S
1068,3111,2020-11-21T20:20:17.665000+00:00,1.0,P
1068,3406,2020-11-21T20:20:20.615000+00:00,1.0,S
1069,3111,2020-11-21T20:20:17.665000+00:00,1.0,P
1069,3406,2020-11-21T20:20:20.615000+00:00,1.0,S
1070,3111,2020-11-21T20:20:17.665000+00:00,1.0,P
1070,3406,2020-11-21T20:20:20.615000+00:00,1.0,S
1071,3111,2020-11-21T20:20:17.665000+00:00,1.0,P
1071,3406,2020-11-21T20:20:20.615000+00:00,1.0,S
1072,3111,2020-11-21T20:20:17.665000+00:00,1.0,P
1072,3406,2020-11-21T20:20:20.615000+00:00,1.0,S
1073,3111,2020-11-21T20:20:17.665000+00:00,1.0,P
1073,3405,2020-11-21T20:20:20.604999+00:00,1.0,S
1074,3111,2020-11-21T20:20:17.665000+00:00,1.0,P
1074,3405,2020-11-21T20:20:20.604999+00:00,1.0,S
1075,3111,2020-11-21T20:20:17.665000+00:00,1.0,P
1075,3405,2020-11-21T20:20:20.604999+00:00,1.0,S
1076,3111,2020-11-21T20:20:17.665000+00:00,1.0,P
1076,3405,2020-11-21T20:20:20.604999+00:00,1.0,S
1077,3111,2020-11-21T20:20:17.665000+00:00,1.0,P
1077,3405,2020-11-21T20:20:20.604999+00:00,1.0,S
1078,3111,2020-11-21T20:20:17.665000+00:00,1.0,P
1078,3405,2020-11-21T20:20:20.604999+00:00,1.0,S
1079,3111,2020-11-21T20:20:17.665000+00:00,1.0,P
1079,3405,2020-11-21T20:20:20.604999+00:00,1.0,S
1080,3111,2020-11-21T20:20:17.665000+00:00,1.0,P
1080,3405,2020-11-21T20:20:20.604999+00:00,1.0,S
1081,3111,2020-11-21T20:20:17.665000+00:00,1.0,P
1081,3404,2020-11-21T20:20:20.595000+00:00,1.0,S
1082,3110,2020-11-21T20:20:17.655000+00:00,1.0,P
1082,3404,2020-11-21T20:20:20.595000+00:00,1.0,S
1083,3110,2020-11-21T20:20:17.655000+00:00,1.0,P
1083,3404,2020-11-21T20:20:20.595000+00:00,1.0,S
1084,3110,2020-11-21T20:20:17.655000+00:00,1.0,P
1084,3404,2020-11-21T20:20:20.595000+00:00,1.0,S
1085,3110,2020-11-21T20:20:17.655000+00:00,1.0,P
1085,3404,2020-11-21T20:20:20.595000+00:00,1.0,S
1086,3110,2020-11-21T20:20:17.655000+00:00,1.0,P
1086,3404,2020-11-21T20:20:20.595000+00:00,1.0,S
1087,3110,2020-11-21T20:20:17.655000+00:00,1.0,P
1087,3404,2020-11-21T20:20:20.595000+00:00,1.0,S
1088,3110,2020-11-21T20:20:17.655000+00:00,1.0,P
1088,3404,2020-11-21T20:20:20.595000+00:00,1.0,S
1089,3110,2020-11-21T20:20:17.655000+00:00,1.0,P
1089,3404,2020-11-21T20:20:20.595000+00:00,1.0,S
1090,3110,2020-11-21T20:20:17.655000+00:00,1.0,P
1090,3404,2020-11-21T20:20:20.595000+00:00,1.0,S
1091,3110,2020-11-21T20:20:17.655000+00:00,1.0,P
1091,3404,2020-11-21T20:20:20.595000+00:00,1.0,S
1092,3110,2020-11-21T20:20:17.655000+00:00,1.0,P
1092,3404,2020-11-21T20:20:20.595000+00:00,1.0,S
1093,3110,2020-11-21T20:20:17.655000+00:00,1.0,P
1093,3404,2020-11-21T20:20:20.595000+00:00,1.0,S
1094,3110,2020-11-21T20:20:17.655000+00:00,1.0,P
1094,3403,2020-11-21T20:20:20.585000+00:00,1.0,S
1095,3110,2020-11-21T20:20:17.655000+00:00,1.0,P
1095,3403,2020-11-21T20:20:20.585000+00:00,1.0,S
1096,3110,2020-11-21T20:20:17.655000+00:00,1.0,P
1096,3403,2020-11-21T20:20:20.585000+00:00,1.0,S
1097,3110,2020-11-21T20:20:17.655000+00:00,1.0,P
1097,3403,2020-11-21T20:20:20.585000+00:00,1.0,S
1098,3110,2020-11-21T20:20:17.655000+00:00,1.0,P
1098,3403,2020-11-21T20:20:20.585000+00:00,1.0,S
1099,3110,2020-11-21T20:20:17.655000+00:00,1.0,P
1099,3403,2020-11-21T20:20:20.585000+00:00,1.0,S
1100,3109,2020-11-21T20:20:17.645000+00:00,1.0,P
1100,3403,2020-11-21T20:20:20.585000+00:00,1.0,S
1101,3109,2020-11-21T20:20:17.645000+00:00,1.0,P
1101,3402,2020-11-21T20:20:20.575000+00:00,1.0,S
1102,3109,2020-11-21T20:20:17.645000+00:00,1.0,P
1102,3402,2020-11-21T20:20:20.575000+00:00,1.0,S
1103,3109,2020-11-21T20:20:17.645000+00:00,1.0,P
1103,3402,2020-11-21T20:20:20.575000+00:00,1.0,S
1104,3109,2020-11-21T20:20:17.645000+00:00,1.0,P
1104,3402,2020-11-21T20:20:20.575000+00:00,1.0,S
1105,3109,2020-11-21T20:20:17.645000+00:00,1.0,P
1105,3402,2020-11-21T20:20:20.575000+00:00,1.0,S
1106,3109,2020-11-21T20:20:17.645000+00:00,1.0,P
1106,3402,2020-11-21T20:20:20.575000+00:00,1.0,S
1107,3109,2020-11-21T20:20:17.645000+00:00,1.0,P
1107,3402,2020-11-21T20:20:20.575000+00:00,1.0,S
1108,3109,2020-11-21T20:20:17.645000+00:00,1.0,P
1108,3401,2020-11-21T20:20:20.564999+00:00,1.0,S
1109,3109,2020-11-21T20:20:17.645000+00:00,1.0,P
1109,3401,2020-11-21T20:20:20.564999+00:00,1.0,S
1110,3109,2020-11-21T20:20:17.645000+00:00,1.0,P
1110,3401,2020-11-21T20:20:20.564999+00:00,1.0,S
1111,3109,2020-11-21T20:20:17.645000+00:00,1.0,P
1111,3401,2020-11-21T20:20:20.564999+00:00,1.0,S
1112,3109,2020-11-21T20:20:17.645000+00:00,1.0,P
1112,3401,2020-11-21T20:20:20.564999+00:00,1.0,S
1113,3109,2020-11-21T20:20:17.645000+00:00,1.0,P
1113,3401,2020-11-21T20:20:20.564999+00:00,1.0,S
1114,3109,2020-11-21T20:20:17.645000+00:00,1.0,P
1114,3401,2020-11-21T20:20:20.564999+00:00,1.0,S
1115,3108,2020-11-21T20:20:17.635000+00:00,1.0,P
1115,3400,2020-11-21T20:20:20.555000+00:00,1.0,S
1116,3108,2020-11-21T20:20:17.635000+00:00,1.0,P
1116,3400,2020-11-21T20:20:20.555000+00:00,1.0,S
1117,3108,2020-11-21T20:20:17.635000+00:00,1.0,P
1117,3400,2020-11-21T20:20:20.555000+00:00,1.0,S
1118,3108,2020-11-21T20:20:17.635000+00:00,1.0,P
1118,3400,2020-11-21T20:20:20.555000+00:00,1.0,S
1119,3108,2020-11-21T20:20:17.635000+00:00,1.0,P
1119,3400,2020-11-21T20:20:20.555000+00:00,1.0,S
1120,3108,2020-11-21T20:20:17.635000+00:00,1.0,P
1120,3400,2020-11-21T20:20:20.555000+00:00,1.0,S
1121,3108,2020-11-21T20:20:17.635000+00:00,1.0,P
1121,3399,2020-11-21T20:20:20.545000+00:00,1.0,S
1122,3108,2020-11-21T20:20:17.635000+00:00,1.0,P
1122,3399,2020-11-21T20:20:20.545000+00:00,1.0,S
1123,3108,2020-11-21T20:20:17.635000+00:00,1.0,P
1123,3399,2020-11-21T20:20:20.545000+00:00,1.0,S
1124,3108,2020-11-21T20:20:17.635000+00:00,1.0,P
1124,3399,2020-11-21T20:20:20.545000+00:00,1.0,S
1125,3108,2020-11-21T20:20:17.635000+00:00,1.0,P
1125,3399,2020-11-21T20:20:20.545000+00:00,1.0,S
1126,3108,2020-11-21T20:20:17.635000+00:00,1.0,P
1126,3399,2020-11-21T20:20:20.545000+00:00,1.0,S
1127,3107,2020-11-21T20:20:17.625000+00:00,1.0,P
1127,3399,2020-11-21T20:20:20.545000+00:00,1.0,S
1128,3107,2020-11-21T20:20:17.625000+00:00,1.0,P
1128,3398,2020-11-21T20:20:20.535000+00:00,1.0,S
1129,3107,2020-11-21T20:20:17.625000+00:00,1.0,P
1129,3398,2020-11-21T20:20:20.535000+00:00,1.0,S
1130,3107,2020-11-21T20:20:17.625000+00:00,1.0,P
1130,3398,2020-11-21T20:20:20.535000+00:00,1.0,S
1131,3107,2020-11-21T20:20:17.625000+00:00,1.0,P
1131,3398,2020-11-21T20:20:20.535000+00:00,1.0,S
1132,3107,2020-11-21T20:20:17.625000+00:00,1.0,P
1132,3398,2020-11-21T20:20:20.535000+00:00,1.0,S
1133,3107,2020-11-21T20:20:17.625000+00:00,1.0,P
1133,3398,2020-11-21T20:20:20.535000+00:00,1.0,S
1134,3107,2020-11-21T20:20:17.625000+00:00,1.0,P
1134,3398,2020-11-21T20:20:20.535000+00:00,1.0,S
1135,3107,2020-11-21T20:20:17.625000+00:00,1.0,P
1135,3398,2020-11-21T20:20:20.535000+00:00,1.0,S
1136,3107,2020-11-21T20:20:17.625000+00:00,1.0,P
1136,3398,2020-11-21T20:20:20.535000+00:00,1.0,S
1137,3106,2020-11-21T20:20:17.615000+00:00,1.0,P
1137,3398,2020-11-21T20:20:20.535000+00:00,1.0,S
1138,3106,2020-11-21T20:20:17.615000+00:00,1.0,P
1138,3398,2020-11-21T20:20:20.535000+00:00,1.0,S
1139,3106,2020-11-21T20:20:17.615000+00:00,1.0,P
1139,3398,2020-11-21T20:20:20.535000+00:00,1.0,S
1140,3106,2020-11-21T20:20:17.615000+00:00,1.0,P
1140,3398,2020-11-21T20:20:20.535000+00:00,1.0,S
1141,3106,2020-11-21T20:20:17.615000+00:00,1.0,P
1141,3398,2020-11-21T20:20:20.535000+00:00,1.0,S
1142,3106,2020-11-21T20:20:17.615000+00:00,1.0,P
1142,3398,2020-11-21T20:20:20.535000+00:00,1.0,S
1143,3106,2020-11-21T20:20:17.615000+00:00,1.0,P
1143,3398,2020-11-21T20:20:20.535000+00:00,1.0,S
1144,3106,2020-11-21T20:20:17.615000+00:00,1.0,P
1144,3398,2020-11-21T20:20:20.535000+00:00,1.0,S
1145,3106,2020-11-21T20:20:17.615000+00:00,1.0,P
1145,3398,2020-11-21T20:20:20.535000+00:00,1.0,S
1146,3106,2020-11-21T20:20:17.615000+00:00,1.0,P
1146,3398,2020-11-21T20:20:20.535000+00:00,1.0,S
1147,3106,2020-11-21T20:20:17.615000+00:00,1.0,P
1147,3398,2020-11-21T20:20:20.535000+00:00,1.0,S
1148,3106,2020-11-21T20:20:17.615000+00:00,1.0,P
1148,3398,2020-11-21T20:20:20.535000+00:00,1.0,S
1149,3105,2020-11-21T20:20:17.605000+00:00,1.0,P
1149,3398,2020-11-21T20:20:20.535000+00:00,1.0,S
1150,3105,2020-11-21T20:20:17.605000+00:00,1.0,P
1150,3398,2020-11-21T20:20:20.535000+00:00,1.0,S
1151,3105,2020-11-21T20:20:17.605000+00:00,1.0,P
1151,3398,2020-11-21T20:20:20.535000+00:00,1.0,S
1152,3105,2020-11-21T20:20:17.605000+00:00,1.0,P
1152,3398,2020-11-21T20:20:20.535000+00:00,1.0,S
1153,3105,2020-11-21T20:20:17.605000+00:00,1.0,P
1153,3397,2020-11-21T20:20:20.525000+00:00,1.0,S
1154,3105,2020-11-21T20:20:17.605000+00:00,1.0,P
1154,3397,2020-11-21T20:20:20.525000+00:00,1.0,S
1155,3105,2020-11-21T20:20:17.605000+00:00,1.0,P
1155,3397,2020-11-21T20:20:20.525000+00:00,1.0,S
1156,3105,2020-11-21T20:20:17.605000+00:00,1.0,P
1156,3397,2020-11-21T20:20:20.525000+00:00,1.0,S
1157,3105,2020-11-21T20:20:17.605000+00:00,1.0,P
1157,3397,2020-11-21T20:20:20.525000+00:00,1.0,S
1158,3105,2020-11-21T20:20:17.605000+00:00,1.0,P
1158,3397,2020-11-21T20:20:20.525000+00:00,1.0,S
1159,3105,2020-11-21T20:20:17.605000+00:00,1.0,P
1159,3397,2020-11-21T20:20:20.525000+00:00,1.0,S
1160,3105,2020-11-21T20:20:17.605000+00:00,1.0,P
1160,3397,2020-11-21T20:20:20.525000+00:00,1.0,S
1161,3105,2020-11-21T20:20:17.605000+00:00,1.0,P
1161,3397,2020-11-21T20:20:20.525000+00:00,1.0,S
1162,3104,2020-11-21T20:20:17.595000+00:00,1.0,P
1162,3397,2020-11-21T20:20:20.525000+00:00,1.0,S
1163,3104,2020-11-21T20:20:17.595000+00:00,1.0,P
1163,3397,2020-11-21T20:20:20.525000+00:00,1.0,S
1164,3104,2020-11-21T20:20:17.595000+00:00,1.0,P
1164,3397,2020-11-21T20:20:20.525000+00:00,1.0,S
1165,3104,2020-11-21T20:20:17.595000+00:00,1.0,P
1165,3397,2020-11-21T20:20:20.525000+00:00,1.0,S
1166,3104,2020-11-21T20:20:17.595000+00:00,1.0,P
1166,3397,2020-11-21T20:20:20.525000+00:00,1.0,S
1167,3104,2020-11-21T20:20:17.595000+00:00,1.0,P
1167,3397,2020-11-21T20:20:20.525000+00:00,1.0,S
1168,3104,2020-11-21T20:20:17.595000+00:00,1.0,P
1168,3397,2020-11-21T20:20:20.525000+00:00,1.0,S
1169,3104,2020-11-21T20:20:17.595000+00:00,1.0,P
1169,3397,2020-11-21T20:20:20.525000+00:00,1.0,S
1170,3104,2020-11-21T20:20:17.595000+00:00,1.0,P
1170,3396,2020-11-21T20:20:20.515000+00:00,1.0,S
1171,3104,2020-11-21T20:20:17.595000+00:00,1.0,P
1171,3396,2020-11-21T20:20:20.515000+00:00,1.0,S
1172,3104,2020-11-21T20:20:17.595000+00:00,1.0,P
1172,3396,2020-11-21T20:20:20.515000+00:00,1.0,S
1173,3104,2020-11-21T20:20:17.595000+00:00,1.0,P
1173,3396,2020-11-21T20:20:20.515000+00:00,1.0,S
1174,3104,2020-11-21T20:20:17.595000+00:00,1.0,P
1174,3396,2020-11-21T20:20:20.515000+00:00,1.0,S
1175,3104,2020-11-21T20:20:17.595000+00:00,1.0,P
1175,3396,2020-11-21T20:20:20.515000+00:00,1.0,S
1176,3103,2020-11-21T20:20:17.585000+00:00,1.0,P
1176,3396,2020-11-21T20:20:20.515000+00:00,1.0,S
1177,3103,2020-11-21T20:20:17.585000+00:00,1.0,P
1177,3396,2020-11-21T20:20:20.515000+00:00,1.0,S
1178,3103,2020-11-21T20:20:17.585000+00:00,1.0,P
1178,3396,2020-11-21T20:20:20.515000+00:00,1.0,S
1179,3103,2020-11-21T20:20:17.585000+00:00,1.0,P
1179,3396,2020-11-21T20:20:20.515000+00:00,1.0,S
1180,3103,2020-11-21T20:20:17.585000+00:00,1.0,P
1180,3396,2020-11-21T20:20:20.515000+00:00,1.0,S
1181,3103,2020-11-21T20:20:17.585000+00:00,1.0,P
1181,3396,2020-11-21T20:20:20.515000+00:00,1.0,S
1182,3103,2020-11-21T20:20:17.585000+00:00,1.0,P
1182,3396,2020-11-21T20:20:20.515000+00:00,1.0,S
1183,3103,2020-11-21T20:20:17.585000+00:00,1.0,P
1183,3396,2020-11-21T20:20:20.515000+00:00,1.0,S
1184,3103,2020-11-21T20:20:17.585000+00:00,1.0,P
1184,3396,2020-11-21T20:20:20.515000+00:00,1.0,S
1185,3103,2020-11-21T20:20:17.585000+00:00,1.0,P
1185,3396,2020-11-21T20:20:20.515000+00:00,1.0,S
1186,3103,2020-11-21T20:20:17.585000+00:00,1.0,P
1186,3396,2020-11-21T20:20:20.515000+00:00,1.0,S
1187,3103,2020-11-21T20:20:17.585000+00:00,1.0,P
1187,3396,2020-11-21T20:20:20.515000+00:00,1.0,S
1188,3102,2020-11-21T20:20:17.575000+00:00,1.0,P
1188,3396,2020-11-21T20:20:20.515000+00:00,1.0,S
1189,3102,2020-11-21T20:20:17.575000+00:00,1.0,P
1189,3396,2020-11-21T20:20:20.515000+00:00,1.0,S
1190,3102,2020-11-21T20:20:17.575000+00:00,1.0,P
1190,3396,2020-11-21T20:20:20.515000+00:00,1.0,S
1191,3102,2020-11-21T20:20:17.575000+00:00,1.0,P
1191,3396,2020-11-21T20:20:20.515000+00:00,1.0,S
1192,3102,2020-11-21T20:20:17.575000+00:00,1.0,P
1192,3396,2020-11-21T20:20:20.515000+00:00,1.0,S
1193,3102,2020-11-21T20:20:17.575000+00:00,1.0,P
1193,3395,2020-11-21T20:20:20.505000+00:00,1.0,S
1194,3102,2020-11-21T20:20:17.575000+00:00,1.0,P
1194,3395,2020-11-21T20:20:20.505000+00:00,1.0,S
1195,3102,2020-11-21T20:20:17.575000+00:00,1.0,P
1195,3395,2020-11-21T20:20:20.505000+00:00,1.0,S
1196,3102,2020-11-21T20:20:17.575000+00:00,1.0,P
1196,3395,2020-11-21T20:20:20.505000+00:00,1.0,S
1197,3101,2020-11-21T20:20:17.565000+00:00,1.0,P
1197,3395,2020-11-21T20:20:20.505000+00:00,1.0,S
1198,3101,2020-11-21T20:20:17.565000+00:00,1.0,P
1198,3395,2020-11-21T20:20:20.505000+00:00,1.0,S
1199,3101,2020-11-21T20:20:17.565000+00:00,1.0,P
1199,3395,2020-11-21T20:20:20.505000+00:00,1.0,S
1200,3101,2020-11-21T20:20:17.565000+00:00,1.0,P
1200,3395,2020-11-21T20:20:20.505000+00:00,1.0,S
1201,3101,2020-11-21T20:20:17.565000+00:00,1.0,P
1201,3395,2020-11-21T20:20:20.505000+00:00,1.0,S
1202,3101,2020-11-21T20:20:17.565000+00:00,1.0,P
1202,3395,2020-11-21T20:20:20.505000+00:00,1.0,S
1203,3101,2020-11-21T20:20:17.565000+00:00,1.0,P
1203,3395,2020-11-21T20:20:20.505000+00:00,1.0,S
1204,3101,2020-11-21T20:20:17.565000+00:00,1.0,P
1204,3395,2020-11-21T20:20:20.505000+00:00,1.0,S
1205,3101,2020-11-21T20:20:17.565000+00:00,1.0,P
1205,3395,2020-11-21T20:20:20.505000+00:00,1.0,S
1206,3100,2020-11-21T20:20:17.555000+00:00,1.0,P
1206,3395,2020-11-21T20:20:20.505000+00:00,1.0,S
1207,3100,2020-11-21T20:20:17.555000+00:00,1.0,P
1207,3395,2020-11-21T20:20:20.505000+00:00,1.0,S
1208,3100,2020-11-21T20:20:17.555000+00:00,1.0,P
1208,3395,2020-11-21T20:20:20.505000+00:00,1.0,S
1209,3100,2020-11-21T20:20:17.555000+00:00,1.0,P
1209,3394,2020-11-21T20:20:20.494999+00:00,1.0,S
1210,3100,2020-11-21T20:20:17.555000+00:00,1.0,P
1210,3394,2020-11-21T20:20:20.494999+00:00,1.0,S
1211,3100,2020-11-21T20:20:17.555000+00:00,1.0,P
1211,3394,2020-11-21T20:20:20.494999+00:00,1.0,S
1212,3100,2020-11-21T20:20:17.555000+00:00,1.0,P
1212,3394,2020-11-21T20:20:20.494999+00:00,1.0,S
1213,3100,2020-11-21T20:20:17.555000+00:00,1.0,P
1213,3394,2020-11-21T20:20:20.494999+00:00,1.0,S
1214,3100,2020-11-21T20:20:17.555000+00:00,1.0,P
1214,3394,2020-11-21T20:20:20.494999+00:00,1.0,S
1215,3099,2020-11-21T20:20:17.545000+00:00,1.0,P
1215,3394,2020-11-21T20:20:20.494999+00:00,1.0,S
1216,3099,2020-11-21T20:20:17.545000+00:00,1.0,P
1216,3393,2020-11-21T20:20:20.485000+00:00,1.0,S
1217,3099,2020-11-21T20:20:17.545000+00:00,1.0,P
1217,3393,2020-11-21T20:20:20.485000+00:00,1.0,S
1218,3099,2020-11-21T20:20:17.545000+00:00,1.0,P
1218,3393,2020-11-21T20:20:20.485000+00:00,1.0,S
1219,3099,2020-11-21T20:20:17.545000+00:00,1.0,P
1219,3393,2020-11-21T20:20:20.485000+00:00,1.0,S
1220,3099,2020-11-21T20:20:17.545000+00:00,1.0,P
1220,3393,2020-11-21T20:20:20.485000+00:00,1.0,S
1221,3099,2020-11-21T20:20:17.545000+00:00,1.0,P
1221,3393,2020-11-21T20:20:20.485000+00:00,1.0,S
1222,3099,2020-11-21T20:20:17.545000+00:00,1.0,P
1222,3392,2020-11-21T20:20:20.475000+00:00,1.0,S
1223,3098,2020-11-21T20:20:17.535000+00:00,1.0,P
1223,3392,2020-11-21T20:20:20.475000+00:00,1.0,S
1224,3098,2020-11-21T20:20:17.535000+00:00,1.0,P
1224,3392,2020-11-21T20:20:20.475000+00:00,1.0,S
1225,3098,2020-11-21T20:20:17.535000+00:00,1.0,P
1225,3391,2020-11-21T20:20:20.465000+00:00,1.0,S
1226,3098,2020-11-21T20:20:17.535000+00:00,1.0,P
1226,3391,2020-11-21T20:20:20.465000+00:00,1.0,S
1227,3098,2020-11-21T20:20:17.535000+00:00,1.0,P
1227,3391,2020-11-21T20:20:20.465000+00:00,1.0,S
1228,3098,2020-11-21T20:20:17.535000+00:00,1.0,P
1228,3390,2020-11-21T20:20:20.455000+00:00,1.0,S
1229,3098,2020-11-21T20:20:17.535000+00:00,1.0,P
1229,3390,2020-11-21T20:20:20.455000+00:00,1.0,S
1230,3098,2020-11-21T20:20:17.535000+00:00,1.0,P
1230,3390,2020-11-21T20:20:20.455000+00:00,1.0,S
1231,3098,2020-11-21T20:20:17.535000+00:00,1.0,P
1231,3390,2020-11-21T20:20:20.455000+00:00,1.0,S
1232,3098,2020-11-21T20:20:17.535000+00:00,1.0,P
1232,3389,2020-11-21T20:20:20.445000+00:00,1.0,S
1233,3098,2020-11-21T20:20:17.535000+00:00,1.0,P
1233,3389,2020-11-21T20:20:20.445000+00:00,1.0,S
1234,3097,2020-11-21T20:20:17.525000+00:00,1.0,P
1234,3389,2020-11-21T20:20:20.445000+00:00,1.0,S
1235,3097,2020-11-21T20:20:17.525000+00:00,1.0,P
1235,3388,2020-11-21T20:20:20.435000+00:00,1.0,S
1236,3097,2020-11-21T20:20:17.525000+00:00,1.0,P
1236,3388,2020-11-21T20:20:20.435000+00:00,1.0,S
1237,3097,2020-11-21T20:20:17.525000+00:00,1.0,P
1237,3388,2020-11-21T20:20:20.435000+00:00,1.0,S
1238,3097,2020-11-21T20:20:17.525000+00:00,1.0,P
1238,3388,2020-11-21T20:20:20.435000+00:00,1.0,S
1239,3097,2020-11-21T20:20:17.525000+00:00,1.0,P
1239,3387,2020-11-21T20:20:20.424999+00:00,1.0,S
1240,3097,2020-11-21T20:20:17.525000+00:00,1.0,P
1240,3387,2020-11-21T20:20:20.424999+00:00,1.0,S
1241,3097,2020-11-21T20:20:17.525000+00:00,1.0,P
1241,3387,2020-11-21T20:20:20.424999+00:00,1.0,S
1242,3097,2020-11-21T20:20:17.525000+00:00,1.0,P
1242,3386,2020-11-21T20:20:20.415000+00:00,1.0,S
1243,3096,2020-11-21T20:20:17.515000+00:00,1.0,P
1243,3386,2020-11-21T20:20:20.415000+00:00,1.0,S
1244,3096,2020-11-21T20:20:17.515000+00:00,1.0,P
1244,3386,2020-11-21T20:20:20.415000+00:00,1.0,S
1245,3096,2020-11-21T20:20:17.515000+00:00,1.0,P
1245,3386,2020-11-21T20:20:20.415000+00:00,1.0,S
1246,3096,2020-11-21T20:20:17.515000+00:00,1.0,P
1246,3385,2020-11-21T20:20:20.405000+00:00,1.0,S
1247,3096,2020-11-21T20:20:17.515000+00:00,1.0,P
1247,3385,2020-11-21T20:20:20.405000+00:00,1.0,S
1248,3096,2020-11-21T20:20:17.515000+00:00,1.0,P
1248,3385,2020-11-21T20:20:20.405000+00:00,1.0,S
1249,3096,2020-11-21T20:20:17.515000+00:00,1.0,P
1249,3384,2020-11-21T20:20:20.395000+00:00,1.0,S
1250,3096,2020-11-21T20:20:17.515000+00:00,1.0,P
1250,3384,2020-11-21T20:20:20.395000+00:00,1.0,S
1251,3095,2020-11-21T20:20:17.505000+00:00,1.0,P
1251,3384,2020-11-21T20:20:20.395000+00:00,1.0,S
1252,3095,2020-11-21T20:20:17.505000+00:00,1.0,P
1252,3383,2020-11-21T20:20:20.385000+00:00,1.0,S
1253,3095,2020-11-21T20:20:17.505000+00:00,1.0,P
1253,3383,2020-11-21T20:20:20.385000+00:00,1.0,S
1254,3095,2020-11-21T20:20:17.505000+00:00,1.0,P
1254,3383,2020-11-21T20:20:20.385000+00:00,1.0,S
1255,3095,2020-11-21T20:20:17.505000+00:00,1.0,P
1255,3383,2020-11-21T20:20:20.385000+00:00,1.0,S
1256,3095,2020-11-21T20:20:17.505000+00:00,1.0,P
1256,3383,2020-11-21T20:20:20.385000+00:00,1.0,S
1257,3095,2020-11-21T20:20:17.505000+00:00,1.0,P
1257,3383,2020-11-21T20:20:20.385000+00:00,1.0,S
1258,3094,2020-11-21T20:20:17.495000+00:00,1.0,P
1258,3383,2020-11-21T20:20:20.385000+00:00,1.0,S
1259,3094,2020-11-21T20:20:17.495000+00:00,1.0,P
1259,3383,2020-11-21T20:20:20.385000+00:00,1.0,S
1260,3094,2020-11-21T20:20:17.495000+00:00,1.0,P
1260,3382,2020-11-21T20:20:20.375000+00:00,1.0,S
1261,3094,2020-11-21T20:20:17.495000+00:00,1.0,P
1261,3382,2020-11-21T20:20:20.375000+00:00,1.0,S
1262,3094,2020-11-21T20:20:17.495000+00:00,1.0,P
1262,3382,2020-11-21T20:20:20.375000+00:00,1.0,S
1263,3094,2020-11-21T20:20:17.495000+00:00,1.0,P
1263,3382,2020-11-21T20:20:20.375000+00:00,1.0,S
1264,3094,2020-11-21T20:20:17.495000+00:00,1.0,P
1264,3382,2020-11-21T20:20:20.375000+00:00,1.0,S
1265,3094,2020-11-21T20:20:17.495000+00:00,1.0,P
1265,3382,2020-11-21T20:20:20.375000+00:00,1.0,S
1266,3093,2020-11-21T20:20:17.485000+00:00,1.0,P
1266,3381,2020-11-21T20:20:20.365000+00:00,1.0,S
1267,3093,2020-11-21T20:20:17.485000+00:00,1.0,P
1267,3381,2020-11-21T20:20:20.365000+00:00,1.0,S
1268,3093,2020-11-21T20:20:17.485000+00:00,1.0,P
1268,3381,2020-11-21T20:20:20.365000+00:00,1.0,S
1269,3093,2020-11-21T20:20:17.485000+00:00,1.0,P
1269,3380,2020-11-21T20:20:20.354999+00:00,1.0,S
1270,3093,2020-11-21T20:20:17.485000+00:00,1.0,P
1270,3380,2020-11-21T20:20:20.354999+00:00,1.0,S
1271,3093,2020-11-21T20:20:17.485000+00:00,1.0,P
1271,3380,2020-11-21T20:20:20.354999+00:00,1.0,S
1272,3093,2020-11-21T20:20:17.485000+00:00,1.0,P
1272,3379,2020-11-21T20:20:20.345000+00:00,1.0,S
1273,3092,2020-11-21T20:20:17.475000+00:00,1.0,P
1273,3379,2020-11-21T20:20:20.345000+00:00,1.0,S
1274,3092,2020-11-21T20:20:17.475000+00:00,1.0,P
1274,3379,2020-11-21T20:20:20.345000+00:00,1.0,S
1275,3092,2020-11-21T20:20:17.475000+00:00,1.0,P
1275,3379,2020-11-21T20:20:20.345000+00:00,1.0,S
1276,3092,2020-11-21T20:20:17.475000+00:00,1.0,P
1276,3378,2020-11-21T20:20:20.335000+00:00,1.0,S
1277,3092,2020-11-21T20:20:17.475000+00:00,1.0,P
1277,3378,2020-11-21T20:20:20.335000+00:00,1.0,S
1278,3092,2020-11-21T20:20:17.475000+00:00,1.0,P
1278,3378,2020-11-21T20:20:20.335000+00:00,1.0,S
1279,3092,2020-11-21T20:20:17.475000+00:00,1.0,P
1279,3377,2020-11-21T20:20:20.325000+00:00,1.0,S
1280,3092,2020-11-21T20:20:17.475000+00:00,1.0,P
1280,3377,2020-11-21T20:20:20.325000+00:00,1.0,S
1281,3091,2020-11-21T20:20:17.465000+00:00,1.0,P
1281,3377,2020-11-21T20:20:20.325000+00:00,1.0,S
1282,3091,2020-11-21T20:20:17.465000+00:00,1.0,P
1282,3377,2020-11-21T20:20:20.325000+00:00,1.0,S
1283,3091,2020-11-21T20:20:17.465000+00:00,1.0,P
1283,3376,2020-11-21T20:20:20.314999+00:00,1.0,S
1284,3091,2020-11-21T20:20:17.465000+00:00,1.0,P
1284,3376,2020-11-21T20:20:20.314999+00:00,1.0,S
1285,3091,2020-11-21T20:20:17.465000+00:00,1.0,P
1285,3376,2020-11-21T20:20:20.314999+00:00,1.0,S
1286,3091,2020-11-21T20:20:17.465000+00:00,1.0,P
1286,3376,2020-11-21T20:20:20.314999+00:00,1.0,S
1287,3091,2020-11-21T20:20:17.465000+00:00,1.0,P
1287,3376,2020-11-21T20:20:20.314999+00:00,1.0,S
1288,3091,2020-11-21T20:20:17.465000+00:00,1.0,P
1288,3375,2020-11-21T20:20:20.305000+00:00,1.0,S
1289,3090,2020-11-21T20:20:17.455000+00:00,1.0,P
1289,3375,2020-11-21T20:20:20.305000+00:00,1.0,S
1290,3090,2020-11-21T20:20:17.455000+00:00,1.0,P
1290,3374,2020-11-21T20:20:20.295000+00:00,1.0,S
1291,3090,2020-11-21T20:20:17.455000+00:00,1.0,P
1291,3374,2020-11-21T20:20:20.295000+00:00,1.0,S
1292,3090,2020-11-21T20:20:17.455000+00:00,1.0,P
1292,3374,2020-11-21T20:20:20.295000+00:00,1.0,S
1293,3090,2020-11-21T20:20:17.455000+00:00,1.0,P
1293,3373,2020-11-21T20:20:20.285000+00:00,1.0,S
1294,3090,2020-11-21T20:20:17.455000+00:00,1.0,P
1294,3373,2020-11-21T20:20:20.285000+00:00,1.0,S
1295,3090,2020-11-21T20:20:17.455000+00:00,1.0,P
1295,3373,2020-11-21T20:20:20.285000+00:00,1.0,S
1296,3090,2020-11-21T20:20:17.455000+00:00,1.0,P
1296,3372,2020-11-21T20:20:20.275000+00:00,1.0,S
1297,3090,2020-11-21T20:20:17.455000+00:00,1.0,P
1297,3372,2020-11-21T20:20:20.275000+00:00,1.0,S
1298,3090,2020-11-21T20:20:17.455000+00:00,1.0,P
1298,3372,2020-11-21T20:20:20.275000+00:00,1.0,S
1299,3090,2020-11-21T20:20:17.455000+00:00,1.0,P
1299,3371,2020-11-21T20:20:20.265000+00:00,1.0,S
1300,3090,2020-11-21T20:20:17.455000+00:00,1.0,P
1300,3371,2020-11-21T20:20:20.265000+00:00,1.0,S
1301,3090,2020-11-21T20:20:17.455000+00:00,1.0,P
1301,3371,2020-11-21T20:20:20.265000+00:00,1.0,S
1302,3089,2020-11-21T20:20:17.445000+00:00,1.0,P
1302,3370,2020-11-21T20:20:20.255000+00:00,1.0,S
1303,3089,2020-11-21T20:20:17.445000+00:00,1.0,P
1303,3370,2020-11-21T20:20:20.255000+00:00,1.0,S
1304,3089,2020-11-21T20:20:17.445000+00:00,1.0,P
1304,3370,2020-11-21T20:20:20.255000+00:00,1.0,S
1305,3089,2020-11-21T20:20:17.445000+00:00,1.0,P
1305,3369,2020-11-21T20:20:20.244999+00:00,1.0,S
1306,3089,2020-11-21T20:20:17.445000+00:00,1.0,P
1306,3369,2020-11-21T20:20:20.244999+00:00,1.0,S
1307,3089,2020-11-21T20:20:17.445000+00:00,1.0,P
1307,3369,2020-11-21T20:20:20.244999+00:00,1.0,S
1308,3089,2020-11-21T20:20:17.445000+00:00,1.0,P
1308,3368,2020-11-21T20:20:20.235000+00:00,1.0,S
1309,3089,2020-11-21T20:20:17.445000+00:00,1.0,P
1309,3368,2020-11-21T20:20:20.235000+00:00,1.0,S
1310,3089,2020-11-21T20:20:17.445000+00:00,1.0,P
1310,3368,2020-11-21T20:20:20.235000+00:00,1.0,S
1311,3089,2020-11-21T20:20:17.445000+00:00,1.0,P
1311,3367,2020-11-21T20:20:20.225000+00:00,1.0,S
1312,3089,2020-11-21T20:20:17.445000+00:00,1.0,P
1312,3367,2020-11-21T20:20:20.225000+00:00,1.0,S
1313,3089,2020-11-21T20:20:17.445000+00:00,1.0,P
1313,3367,2020-11-21T20:20:20.225000+00:00,1.0,S
1314,3089,2020-11-21T20:20:17.445000+00:00,1.0,P
1314,3366,2020-11-21T20:20:20.215000+00:00,1.0,S
1315,3089,2020-11-21T20:20:17.445000+00:00,1.0,P
1315,3366,2020-11-21T20:20:20.215000+00:00,1.0,S
1316,3089,2020-11-21T20:20:17.445000+00:00,1.0,P
1316,3366,2020-11-21T20:20:20.215000+00:00,1.0,S
1317,3089,2020-11-21T20:20:17.445000+00:00,1.0,P
1317,3366,2020-11-21T20:20:20.215000+00:00,1.0,S
1318,3088,2020-11-21T20:20:17.435000+00:00,1.0,P
1318,3365,2020-11-21T20:20:20.205000+00:00,1.0,S
1319,3088,2020-11-21T20:20:17.435000+00:00,1.0,P
1319,3365,2020-11-21T20:20:20.205000+00:00,1.0,S
1320,3088,2020-11-21T20:20:17.435000+00:00,1.0,P
1320,3365,2020-11-21T20:20:20.205000+00:00,1.0,S
1321,3088,2020-11-21T20:20:17.435000+00:00,1.0,P
1321,3364,2020-11-21T20:20:20.195000+00:00,1.0,S
1322,3088,2020-11-21T20:20:17.435000+00:00,1.0,P
1322,3364,2020-11-21T20:20:20.195000+00:00,1.0,S
1323,3088,2020-11-21T20:20:17.435000+00:00,1.0,P
1323,3364,2020-11-21T20:20:20.195000+00:00,1.0,S
1324,3088,2020-11-21T20:20:17.435000+00:00,1.0,P
1324,3363,2020-11-21T20:20:20.185000+00:00,1.0,S
1325,3088,2020-11-21T20:20:17.435000+00:00,1.0,P
1325,3363,2020-11-21T20:20:20.185000+00:00,1.0,S
1326,3088,2020-11-21T20:20:17.435000+00:00,1.0,P
1326,3363,2020-11-21T20:20:20.185000+00:00,1.0,S
1327,3088,2020-11-21T20:20:17.435000+00:00,1.0,P
1327,3362,2020-11-21T20:20:20.174999+00:00,1.0,S
1328,3088,2020-11-21T20:20:17.435000+00:00,1.0,P
1328,3362,2020-11-21T20:20:20.174999+00:00,1.0,S
1329,3088,2020-11-21T20:20:17.435000+00:00,1.0,P
1329,3362,2020-11-21T20:20:20.174999+00:00,1.0,S
1330,3088,2020-11-21T20:20:17.435000+00:00,1.0,P
1330,3361,2020-11-21T20:20:20.165000+00:00,1.0,S
1331,3088,2020-11-21T20:20:17.435000+00:00,1.0,P
1331,3361,2020-11-21T20:20:20.165000+00:00,1.0,S
1332,3088,2020-11-21T20:20:17.435000+00:00,1.0,P
1332,3360,2020-11-21T20:20:20.155000+00:00,1.0,S
1333,3088,2020-11-21T20:20:17.435000+00:00,1.0,P
1333,3360,2020-11-21T20:20:20.155000+00:00,1.0,S
1334,3088,2020-11-21T20:20:17.435000+00:00,1.0,P
1334,3360,2020-11-21T20:20:20.155000+00:00,1.0,S
1335,3088,2020-11-21T20:20:17.435000+00:00,1.0,P
1335,3359,2020-11-21T20:20:20.145000+00:00,1.0,S
1336,3088,2020-11-21T20:20:17.435000+00:00,1.0,P
1336,3359,2020-11-21T20:20:20.145000+00:00,1.0,S
1337,3087,2020-11-21T20:20:17.425000+00:00,1.0,P
1337,3358,2020-11-21T20:20:20.135000+00:00,1.0,S
1338,3087,2020-11-21T20:20:17.425000+00:00,1.0,P
1338,3358,2020-11-21T20:20:20.135000+00:00,1.0,S
1339,3087,2020-11-21T20:20:17.425000+00:00,1.0,P
1339,3358,2020-11-21T20:20:20.135000+00:00,1.0,S
1340,3087,2020-11-21T20:20:17.425000+00:00,1.0,P
1340,3357,2020-11-21T20:20:20.125000+00:00,1.0,S
1341,3087,2020-11-21T20:20:17.425000+00:00,1.0,P
1341,3357,2020-11-21T20:20:20.125000+00:00,1.0,S
1342,3087,2020-11-21T20:20:17.425000+00:00,1.0,P
1342,3356,2020-11-21T20:20:20.115000+00:00,1.0,S
1343,3087,2020-11-21T20:20:17.425000+00:00,1.0,P
1343,3356,2020-11-21T20:20:20.115000+00:00,1.0,S
1344,3087,2020-11-21T20:20:17.425000+00:00,1.0,P
1344,3355,2020-11-21T20:20:20.104999+00:00,1.0,S
1345,3087,2020-11-21T20:20:17.425000+00:00,1.0,P
1345,3355,2020-11-21T20:20:20.104999+00:00,1.0,S
1346,3087,2020-11-21T20:20:17.425000+00:00,1.0,P
1346,3354,2020-11-21T20:20:20.095000+00:00,1.0,S
1347,3087,2020-11-21T20:20:17.425000+00:00,1.0,P
1347,3354,2020-11-21T20:20:20.095000+00:00,1.0,S
1348,3087,2020-11-21T20:20:17.425000+00:00,1.0,P
1348,3353,2020-11-21T20:20:20.085000+00:00,1.0,S
1349,3087,2020-11-21T20:20:17.425000+00:00,1.0,P
1349,3353,2020-11-21T20:20:20.085000+00:00,1.0,S
1350,3087,2020-11-21T20:20:17.425000+00:00,1.0,P
1350,3352,2020-11-21T20:20:20.075000+00:00,1.0,S
1351,3086,2020-11-21T20:20:17.415000+00:00,1.0,P
1351,3352,2020-11-21T20:20:20.075000+00:00,1.0,S
1352,3086,2020-11-21T20:20:17.415000+00:00,1.0,P
1352,3351,2020-11-21T20:20:20.064999+00:00,1.0,S
1353,3086,2020-11-21T20:20:17.415000+00:00,1.0,P
1353,3351,2020-11-21T20:20:20.064999+00:00,1.0,S
1354,3086,2020-11-21T20:20:17.415000+00:00,1.0,P
1354,3350,2020-11-21T20:20:20.055000+00:00,1.0,S
1355,3086,2020-11-21T20:20:17.415000+00:00,1.0,P
1355,3350,2020-11-21T20:20:20.055000+00:00,1.0,S
1356,3085,2020-11-21T20:20:17.405000+00:00,1.0,P
1356,3349,2020-11-21T20:20:20.045000+00:00,1.0,S
1357,3085,2020-11-21T20:20:17.405000+00:00,1.0,P
1357,3349,2020-11-21T20:20:20.045000+00:00,1.0,S
1358,3085,2020-11-21T20:20:17.405000+00:00,1.0,P
1358,3348,2020-11-21T20:20:20.035000+00:00,1.0,S
1359,3085,2020-11-21T20:20:17.405000+00:00,1.0,P
1359,3348,2020-11-21T20:20:20.035000+00:00,1.0,S
1360,3084,2020-11-21T20:20:17.395000+00:00,1.0,P
1360,3347,2020-11-21T20:20:20.025000+00:00,1.0,S
1361,3084,2020-11-21T20:20:17.395000+00:00,1.0,P
1361,3346,2020-11-21T20:20:20.015000+00:00,1.0,S
1362,3084,2020-11-21T20:20:17.395000+00:00,1.0,P
1362,3346,2020-11-21T20:20:20.015000+00:00,1.0,S
1363,3084,2020-11-21T20:20:17.395000+00:00,1.0,P
1363,3345,2020-11-21T20:20:20.005000+00:00,1.0,S
1364,3084,2020-11-21T20:20:17.395000+00:00,1.0,P
1364,3345,2020-11-21T20:20:20.005000+00:00,1.0,S
1365,3083,2020-11-21T20:20:17.385000+00:00,1.0,P
1365,3344,2020-11-21T20:20:19.994999+00:00,1.0,S
1366,3083,2020-11-21T20:20:17.385000+00:00,1.0,P
1366,3344,2020-11-21T20:20:19.994999+00:00,1.0,S
1367,3083,2020-11-21T20:20:17.385000+00:00,1.0,P
1367,3343,2020-11-21T20:20:19.985000+00:00,1.0,S
1368,3083,2020-11-21T20:20:17.385000+00:00,1.0,P
1368,3343,2020-11-21T20:20:19.985000+00:00,1.0,S
1369,3082,2020-11-21T20:20:17.375000+00:00,1.0,P
1369,3342,2020-11-21T20:20:19.975000+00:00,1.0,S
1370,3082,2020-11-21T20:20:17.375000+00:00,1.0,P
1370,3342,2020-11-21T20:20:19.975000+00:00,1.0,S
1371,3082,2020-11-21T20:20:17.375000+00:00,1.0,P
1371,3341,2020-11-21T20:20:19.965000+00:00,1.0,S
1372,3081,2020-11-21T20:20:17.365000+00:00,1.0,P
1372,3341,2020-11-21T20:20:19.965000+00:00,1.0,S
1373,3081,2020-11-21T20:20:17.365000+00:00,1.0,P
1373,3340,2020-11-21T20:20:19.955000+00:00,1.0,S
1374,3081,2020-11-21T20:20:17.365000+00:00,1.0,P
1374,3340,2020-11-21T20:20:19.955000+00:00,1.0,S
1375,3081,2020-11-21T20:20:17.365000+00:00,1.0,P
1375,3339,2020-11-21T20:20:19.945000+00:00,1.0,S
1376,3080,2020-11-21T20:20:17.355000+00:00,1.0,P
1376,3338,2020-11-21T20:20:19.935000+00:00,1.0,S
1377,3080,2020-11-21T20:20:17.355000+00:00,1.0,P
1377,3338,2020-11-21T20:20:19.935000+00:00,1.0,S
1378,3080,2020-11-21T20:20:17.355000+00:00,1.0,P
1378,3337,2020-11-21T20:20:19.924999+00:00,1.0,S
1379,3079,2020-11-21T20:20:17.345000+00:00,1.0,P
1379,3337,2020-11-21T20:20:19.924999+00:00,1.0,S
1380,3079,2020-11-21T20:20:17.345000+00:00,1.0,P
1380,3336,2020-11-21T20:20:19.915000+00:00,1.0,S
1381,3079,2020-11-21T20:20:17.345000+00:00,1.0,P
1381,3336,2020-11-21T20:20:19.915000+00:00,1.0,S
1382,3079,2020-11-21T20:20:17.345000+00:00,1.0,P
1382,3335,2020-11-21T20:20:19.905000+00:00,1.0,S
1383,3078,2020-11-21T20:20:17.335000+00:00,1.0,P
1383,3335,2020-11-21T20:20:19.905000+00:00,1.0,S
1384,3078,2020-11-21T20:20:17.335000+00:00,1.0,P
1384,3334,2020-11-21T20:20:19.895000+00:00,1.0,S
1385,3078,2020-11-21T20:20:17.335000+00:00,1.0,P
1385,3333,2020-11-21T20:20:19.885000+00:00,1.0,S
1386,3077,2020-11-21T20:20:17.325000+00:00,1.0,P
1386,3333,2020-11-21T20:20:19.885000+00:00,1.0,S
1387,3077,2020-11-21T20:20:17.325000+00:00,1.0,P
1387,3332,2020-11-21T20:20:19.875000+00:00,1.0,S
1388,3077,2020-11-21T20:20:17.325000+00:00,1.0,P
1388,3332,2020-11-21T20:20:19.875000+00:00,1.0,S
1389,3077,2020-11-21T20:20:17.325000+00:00,1.0,P
1389,3331,2020-11-21T20:20:19.865000+00:00,1.0,S
1390,3076,2020-11-21T20:20:17.315000+00:00,1.0,P
1390,3331,2020-11-21T20:20:19.865000+00:00,1.0,S
1391,3076,2020-11-21T20:20:17.315000+00:00,1.0,P
1391,3330,2020-11-21T20:20:19.854999+00:00,1.0,S
1392,3076,2020-11-21T20:20:17.315000+00:00,1.0,P
1392,3330,2020-11-21T20:20:19.854999+00:00,1.0,S
1393,3075,2020-11-21T20:20:17.305000+00:00,1.0,P
1393,3329,2020-11-21T20:20:19.845000+00:00,1.0,S
1394,3075,2020-11-21T20:20:17.305000+00:00,1.0,P
1394,3329,2020-11-21T20:20:19.845000+00:00,1.0,S
1395,3075,2020-11-21T20:20:17.305000+00:00,1.0,P
1395,3328,2020-11-21T20:20:19.835000+00:00,1.0,S
1396,3075,2020-11-21T20:20:17.305000+00:00,1.0,P
1396,3328,2020-11-21T20:20:19.835000+00:00,1.0,S
1397,3074,2020-11-21T20:20:17.295000+00:00,1.0,P
1397,3327,2020-11-21T20:20:19.825000+00:00,1.0,S
1398,3074,2020-11-21T20:20:17.295000+00:00,1.0,P
1398,3327,2020-11-21T20:20:19.825000+00:00,1.0,S
1399,3074,2020-11-21T20:20:17.295000+00:00,1.0,P
1399,3326,2020-11-21T20:20:19.814999+00:00,1.0,S
1400,3074,2020-11-21T20:20:17.295000+00:00,1.0,P
1400,3325,2020-11-21T20:20:19.805000+00:00,1.0,S
1401,3073,2020-11-21T20:20:17.285000+00:00,1.0,P
1401,3325,2020-11-21T20:20:19.805000+00:00,1.0,S
1402,3073,2020-11-21T20:20:17.285000+00:00,1.0,P
1402,3324,2020-11-21T20:20:19.795000+00:00,1.0,S
1403,3073,2020-11-21T20:20:17.285000+00:00,1.0,P
1403,3324,2020-11-21T20:20:19.795000+00:00,1.0,S
1404,3072,2020-11-21T20:20:17.275000+00:00,1.0,P
1404,3323,2020-11-21T20:20:19.785000+00:00,1.0,S
1405,3072,2020-11-21T20:20:17.275000+00:00,1.0,P
1405,3323,2020-11-21T20:20:19.785000+00:00,1.0,S
1406,3072,2020-11-21T20:20:17.275000+00:00,1.0,P
1406,3322,2020-11-21T20:20:19.775000+00:00,1.0,S
1407,3072,2020-11-21T20:20:17.275000+00:00,1.0,P
1407,3322,2020-11-21T20:20:19.775000+00:00,1.0,S
1408,3071,2020-11-21T20:20:17.265000+00:00,1.0,P
1408,3321,2020-11-21T20:20:19.765000+00:00,1.0,S
1409,3071,2020-11-21T20:20:17.265000+00:00,1.0,P
1409,3321,2020-11-21T20:20:19.765000+00:00,1.0,S
1410,3071,2020-11-21T20:20:17.265000+00:00,1.0,P
1410,3320,2020-11-21T20:20:19.755000+00:00,1.0,S
1411,3070,2020-11-21T20:20:17.255000+00:00,1.0,P
1411,3319,2020-11-21T20:20:19.744999+00:00,1.0,S
1412,3070,2020-11-21T20:20:17.255000+00:00,1.0,P
1412,3319,2020-11-21T20:20:19.744999+00:00,1.0,S
1413,3070,2020-11-21T20:20:17.255000+00:00,1.0,P
1413,3318,2020-11-21T20:20:19.735000+00:00,1.0,S
1414,3069,2020-11-21T20:20:17.245000+00:00,1.0,P
1414,3318,2020-11-21T20:20:19.735000+00:00,1.0,S
1415,3069,2020-11-21T20:20:17.245000+00:00,1.0,P
1415,3317,2020-11-21T20:20:19.725000+00:00,1.0,S
1416,3069,2020-11-21T20:20:17.245000+00:00,1.0,P
1416,3317,2020-11-21T20:20:19.725000+00:00,1.0,S
1417,3068,2020-11-21T20:20:17.235000+00:00,1.0,P
1417,3316,2020-11-21T20:20:19.715000+00:00,1.0,S
1418,3068,2020-11-21T20:20:17.235000+00:00,1.0,P
1418,3315,2020-11-21T20:20:19.705000+00:00,1.0,S
1419,3068,2020-11-21T20:20:17.235000+00:00,1.0,P
1419,3315,2020-11-21T20:20:19.705000+00:00,1.0,S
1420,3068,2020-11-21T20:20:17.235000+00:00,1.0,P
1420,3314,2020-11-21T20:20:19.695000+00:00,1.0,S
1421,3067,2020-11-21T20:20:17.225000+00:00,1.0,P
1421,3314,2020-11-21T20:20:19.695000+00:00,1.0,S
1422,3067,2020-11-21T20:20:17.225000+00:00,1.0,P
1422,3313,2020-11-21T20:20:19.685000+00:00,1.0,S
1423,3067,2020-11-21T20:20:17.225000+00:00,1.0,P
1423,3313,2020-11-21T20:20:19.685000+00:00,1.0,S
1424,3066,2020-11-21T20:20:17.215000+00:00,1.0,P
1424,3312,2020-11-21T20:20:19.674999+00:00,1.0,S
1425,3066,2020-11-21T20:20:17.215000+00:00,1.0,P
1425,3312,2020-11-21T20:20:19.674999+00:00,1.0,S
1426,3066,2020-11-21T20:20:17.215000+00:00,1.0,P
1426,3311,2020-11-21T20:20:19.665000+00:00,1.0,S
1427,3065,2020-11-21T20:20:17.205000+00:00,1.0,P
1427,3311,2020-11-21T20:20:19.665000+00:00,1.0,S
1428,3065,2020-11-21T20:20:17.205000+00:00,1.0,P
1428,3310,2020-11-21T20:20:19.655000+00:00,1.0,S
1429,3065,2020-11-21T20:20:17.205000+00:00,1.0,P
1429,3310,2020-11-21T20:20:19.655000+00:00,1.0,S
1430,3064,2020-11-21T20:20:17.195000+00:00,1.0,P
1430,3309,2020-11-21T20:20:19.645000+00:00,1.0,S
1431,3064,2020-11-21T20:20:17.195000+00:00,1.0,P
1431,3308,2020-11-21T20:20:19.635000+00:00,1.0,S
1432,3064,2020-11-21T20:20:17.195000+00:00,1.0,P
1432,3308,2020-11-21T20:20:19.635000+00:00,1.0,S
1433,3063,2020-11-21T20:20:17.185000+00:00,1.0,P
1433,3307,2020-11-21T20:20:19.625000+00:00,1.0,S
1434,3063,2020-11-21T20:20:17.185000+00:00,1.0,P
1434,3307,2020-11-21T20:20:19.625000+00:00,1.0,S
1435,3063,2020-11-21T20:20:17.185000+00:00,1.0,P
1435,3306,2020-11-21T20:20:19.615000+00:00,1.0,S
1436,3063,2020-11-21T20:20:17.185000+00:00,1.0,P
1436,3306,2020-11-21T20:20:19.615000+00:00,1.0,S
1437,3062,2020-11-21T20:20:17.175000+00:00,1.0,P
1437,3305,2020-11-21T20:20:19.604999+00:00,1.0,S
1438,3062,2020-11-21T20:20:17.175000+00:00,1.0,P
1438,3305,2020-11-21T20:20:19.604999+00:00,1.0,S
1439,3062,2020-11-21T20:20:17.175000+00:00,1.0,P
1439,3304,2020-11-21T20:20:19.595000+00:00,1.0,S
1440,3061,2020-11-21T20:20:17.165000+00:00,1.0,P
1440,3304,2020-11-21T20:20:19.595000+00:00,1.0,S
1441,3061,2020-11-21T20:20:17.165000+00:00,1.0,P
1441,3303,2020-11-21T20:20:19.585000+00:00,1.0,S
1442,3061,2020-11-21T20:20:17.165000+00:00,1.0,P
1442,3303,2020-11-21T20:20:19.585000+00:00,1.0,S
1443,3060,2020-11-21T20:20:17.155000+00:00,1.0,P
1443,3302,2020-11-21T20:20:19.575000+00:00,1.0,S
1444,3060,2020-11-21T20:20:17.155000+00:00,1.0,P
1444,3302,2020-11-21T20:20:19.575000+00:00,1.0,S
1445,3060,2020-11-21T20:20:17.155000+00:00,1.0,P
1445,3301,2020-11-21T20:20:19.564999+00:00,1.0,S
1446,3060,2020-11-21T20:20:17.155000+00:00,1.0,P
1446,3301,2020-11-21T20:20:19.564999+00:00,1.0,S
1447,3059,2020-11-21T20:20:17.145000+00:00,1.0,P
1447,3300,2020-11-21T20:20:19.555000+00:00,1.0,S
1448,3059,2020-11-21T20:20:17.145000+00:00,1.0,P
1448,3300,2020-11-21T20:20:19.555000+00:00,1.0,S
1449,3059,2020-11-21T20:20:17.145000+00:00,1.0,P
1449,3299,2020-11-21T20:20:19.545000+00:00,1.0,S
1450,3058,2020-11-21T20:20:17.135000+00:00,1.0,P
1450,3299,2020-11-21T20:20:19.545000+00:00,1.0,S
1451,3058,2020-11-21T20:20:17.135000+00:00,1.0,P
1451,3298,2020-11-21T20:20:19.535000+00:00,1.0,S
1452,3058,2020-11-21T20:20:17.135000+00:00,1.0,P
1452,3298,2020-11-21T20:20:19.535000+00:00,1.0,S
1453,3058,2020-11-21T20:20:17.135000+00:00,1.0,P
1453,3297,2020-11-21T20:20:19.525000+00:00,1.0,S
1454,3057,2020-11-21T20:20:17.125000+00:00,1.0,P
1454,3297,2020-11-21T20:20:19.525000+00:00,1.0,S
1455,3057,2020-11-21T20:20:17.125000+00:00,1.0,P
1455,3297,2020-11-21T20:20:19.525000+00:00,1.0,S
1456,3057,2020-11-21T20:20:17.125000+00:00,1.0,P
1456,3297,2020-11-21T20:20:19.525000+00:00,1.0,S
1457,3056,2020-11-21T20:20:17.115000+00:00,1.0,P
1457,3296,2020-11-21T20:20:19.515000+00:00,1.0,S
1458,3056,2020-11-21T20:20:17.115000+00:00,1.0,P
1458,3296,2020-11-21T20:20:19.515000+00:00,1.0,S
1459,3056,2020-11-21T20:20:17.115000+00:00,1.0,P
1459,3296,2020-11-21T20:20:19.515000+00:00,1.0,S
1460,3056,2020-11-21T20:20:17.115000+00:00,1.0,P
1460,3296,2020-11-21T20:20:19.515000+00:00,1.0,S
1461,3055,2020-11-21T20:20:17.105000+00:00,1.0,P
1461,3295,2020-11-21T20:20:19.505000+00:00,1.0,S
1462,3055,2020-11-21T20:20:17.105000+00:00,1.0,P
1462,3295,2020-11-21T20:20:19.505000+00:00,1.0,S
1463,3055,2020-11-21T20:20:17.105000+00:00,1.0,P
1463,3295,2020-11-21T20:20:19.505000+00:00,1.0,S
1464,3054,2020-11-21T20:20:17.095000+00:00,1.0,P
1464,3295,2020-11-21T20:20:19.505000+00:00,1.0,S
1465,3054,2020-11-21T20:20:17.095000+00:00,1.0,P
1465,3294,2020-11-21T20:20:19.494999+00:00,1.0,S
1466,3054,2020-11-21T20:20:17.095000+00:00,1.0,P
1466,3294,2020-11-21T20:20:19.494999+00:00,1.0,S
1467,3054,2020-11-21T20:20:17.095000+00:00,1.0,P
1467,3294,2020-11-21T20:20:19.494999+00:00,1.0,S
1468,3053,2020-11-21T20:20:17.085000+00:00,1.0,P
1468,3293,2020-11-21T20:20:19.485000+00:00,1.0,S
1469,3053,2020-11-21T20:20:17.085000+00:00,1.0,P
1469,3293,2020-11-21T20:20:19.485000+00:00,1.0,S
1470,3053,2020-11-21T20:20:17.085000+00:00,1.0,P
1470,3292,2020-11-21T20:20:19.475000+00:00,1.0,S
1471,3052,2020-11-21T20:20:17.075000+00:00,1.0,P
1471,3292,2020-11-21T20:20:19.475000+00:00,1.0,S
1472,3052,2020-11-21T20:20:17.075000+00:00,1.0,P
1472,3292,2020-11-21T20:20:19.475000+00:00,1.0,S
1473,3052,2020-11-21T20:20:17.075000+00:00,1.0,P
1473,3291,2020-11-21T20:20:19.465000+00:00,1.0,S
1474,3051,2020-11-21T20:20:17.065000+00:00,1.0,P
1474,3291,2020-11-21T20:20:19.465000+00:00,1.0,S
1475,3051,2020-11-21T20:20:17.065000+00:00,1.0,P
1475,3290,2020-11-21T20:20:19.455000+00:00,1.0,S
1476,3051,2020-11-21T20:20:17.065000+00:00,1.0,P
1476,3290,2020-11-21T20:20:19.455000+00:00,1.0,S
1477,3051,2020-11-21T20:20:17.065000+00:00,1.0,P
1477,3289,2020-11-21T20:20:19.445000+00:00,1.0,S
1478,3050,2020-11-21T20:20:17.055000+00:00,1.0,P
1478,3289,2020-11-21T20:20:19.445000+00:00,1.0,S
1479,3050,2020-11-21T20:20:17.055000+00:00,1.0,P
1479,3288,2020-11-21T20:20:19.435000+00:00,1.0,S
1480,3050,2020-11-21T20:20:17.055000+00:00,1.0,P
1480,3288,2020-11-21T20:20:19.435000+00:00,1.0,S
1481,3049,2020-11-21T20:20:17.045000+00:00,1.0,P
1481,3287,2020-11-21T20:20:19.424999+00:00,1.0,S
1482,3049,2020-11-21T20:20:17.045000+00:00,1.0,P
1482,3287,2020-11-21T20:20:19.424999+00:00,1.0,S
1483,3049,2020-11-21T20:20:17.045000+00:00,1.0,P
1483,3286,2020-11-21T20:20:19.415000+00:00,1.0,S
1484,3048,2020-11-21T20:20:17.035000+00:00,1.0,P
1484,3286,2020-11-21T20:20:19.415000+00:00,1.0,S
1485,3048,2020-11-21T20:20:17.035000+00:00,1.0,P
1485,3286,2020-11-21T20:20:19.415000+00:00,1.0,S
1486,3048,2020-11-21T20:20:17.035000+00:00,1.0,P
1486,3285,2020-11-21T20:20:19.405000+00:00,1.0,S
1487,3048,2020-11-21T20:20:17.035000+00:00,1.0,P
1487,3285,2020-11-21T20:20:19.405000+00:00,1.0,S
1488,3047,2020-11-21T20:20:17.025000+00:00,1.0,P
1488,3285,2020-11-21T20:20:19.405000+00:00,1.0,S
1489,3047,2020-11-21T20:20:17.025000+00:00,1.0,P
1489,3284,2020-11-21T20:20:19.395000+00:00,1.0,S
1490,3047,2020-11-21T20:20:17.025000+00:00,1.0,P
1490,3284,2020-11-21T20:20:19.395000+00:00,1.0,S
1491,3047,2020-11-21T20:20:17.025000+00:00,1.0,P
1491,3284,2020-11-21T20:20:19.395000+00:00,1.0,S
1492,3046,2020-11-21T20:20:17.015000+00:00,1.0,P
1492,3283,2020-11-21T20:20:19.385000+00:00,1.0,S
1493,3046,2020-11-21T20:20:17.015000+00:00,1.0,P
1493,3283,2020-11-21T20:20:19.385000+00:00,1.0,S
1494,3046,2020-11-21T20:20:17.015000+00:00,1.0,P
1494,3282,2020-11-21T20:20:19.375000+00:00,1.0,S
1495,3046,2020-11-21T20:20:17.015000+00:00,1.0,P
1495,3282,2020-11-21T20:20:19.375000+00:00,1.0,S
1496,3046,2020-11-21T20:20:17.015000+00:00,1.0,P
1496,3282,2020-11-21T20:20:19.375000+00:00,1.0,S
1497,3046,2020-11-21T20:20:17.015000+00:00,1.0,P
1497,3281,2020-11-21T20:20:19.365000+00:00,1.0,S
1498,3046,2020-11-21T20:20:17.015000+00:00,1.0,P
1498,3281,2020-11-21T20:20:19.365000+00:00,1.0,S
1499,3046,2020-11-21T20:20:17.015000+00:00,1.0,P
1499,3280,2020-11-21T20:20:19.354999+00:00,1.0,S
1500,3046,2020-11-21T20:20:17.015000+00:00,1.0,P
1500,3280,2020-11-21T20:20:19.354999+00:00,1.0,S
1501,3046,2020-11-21T20:20:17.015000+00:00,1.0,P
1501,3280,2020-11-21T20:20:19.354999+00:00,1.0,S
1502,3046,2020-11-21T20:20:17.015000+00:00,1.0,P
1502,3279,2020-11-21T20:20:19.345000+00:00,1.0,S
1503,3046,2020-11-21T20:20:17.015000+00:00,1.0,P
1503,3279,2020-11-21T20:20:19.345000+00:00,1.0,S
1504,3046,2020-11-21T20:20:17.015000+00:00,1.0,P
1504,3279,2020-11-21T20:20:19.345000+00:00,1.0,S
1505,3045,2020-11-21T20:20:17.005000+00:00,1.0,P
1505,3278,2020-11-21T20:20:19.335000+00:00,1.0,S
1506,3045,2020-11-21T20:20:17.005000+00:00,1.0,P
1506,3278,2020-11-21T20:20:19.335000+00:00,1.0,S
1507,3045,2020-11-21T20:20:17.005000+00:00,1.0,P
1507,3278,2020-11-21T20:20:19.335000+00:00,1.0,S
1508,3045,2020-11-21T20:20:17.005000+00:00,1.0,P
1508,3277,2020-11-21T20:20:19.325000+00:00,1.0,S
1509,3045,2020-11-21T20:20:17.005000+00:00,1.0,P
1509,3277,2020-11-21T20:20:19.325000+00:00,1.0,S
1510,3045,2020-11-21T20:20:17.005000+00:00,1.0,P
1510,3276,2020-11-21T20:20:19.314999+00:00,1.0,S
1511,3045,2020-11-21T20:20:17.005000+00:00,1.0,P
1511,3276,2020-11-21T20:20:19.314999+00:00,1.0,S
1512,3045,2020-11-21T20:20:17.005000+00:00,1.0,P
1512,3276,2020-11-21T20:20:19.314999+00:00,1.0,S
1513,3045,2020-11-21T20:20:17.005000+00:00,1.0,P
1513,3275,2020-11-21T20:20:19.305000+00:00,1.0,S
1514,3045,2020-11-21T20:20:17.005000+00:00,1.0,P
1514,3275,2020-11-21T20:20:19.305000+00:00,1.0,S
1515,3045,2020-11-21T20:20:17.005000+00:00,1.0,P
1515,3274,2020-11-21T20:20:19.295000+00:00,1.0,S
1516,3045,2020-11-21T20:20:17.005000+00:00,1.0,P
1516,3274,2020-11-21T20:20:19.295000+00:00,1.0,S
1517,3044,2020-11-21T20:20:16.995000+00:00,1.0,P
1517,3274,2020-11-21T20:20:19.295000+00:00,1.0,S
1518,3044,2020-11-21T20:20:16.995000+00:00,1.0,P
1518,3273,2020-11-21T20:20:19.285000+00:00,1.0,S
1519,3044,2020-11-21T20:20:16.995000+00:00,1.0,P
1519,3273,2020-11-21T20:20:19.285000+00:00,1.0,S
1520,3044,2020-11-21T20:20:16.995000+00:00,1.0,P
1520,3272,2020-11-21T20:20:19.275000+00:00,1.0,S
1521,3044,2020-11-21T20:20:16.995000+00:00,1.0,P
1521,3272,2020-11-21T20:20:19.275000+00:00,1.0,S
1522,3044,2020-11-21T20:20:16.995000+00:00,1.0,P
1522,3271,2020-11-21T20:20:19.265000+00:00,1.0,S
1523,3044,2020-11-21T20:20:16.995000+00:00,1.0,P
1523,3271,2020-11-21T20:20:19.265000+00:00,1.0,S
1524,3044,2020-11-21T20:20:16.995000+00:00,1.0,P
1524,3270,2020-11-21T20:20:19.255000+00:00,1.0,S
1525,3044,2020-11-21T20:20:16.995000+00:00,1.0,P
1525,3270,2020-11-21T20:20:19.255000+00:00,1.0,S
1526,3044,2020-11-21T20:20:16.995000+00:00,1.0,P
1526,3270,2020-11-21T20:20:19.255000+00:00,1.0,S
1527,3044,2020-11-21T20:20:16.995000+00:00,1.0,P
1527,3269,2020-11-21T20:20:19.244999+00:00,1.0,S
1528,3044,2020-11-21T20:20:16.995000+00:00,1.0,P
1528,3269,2020-11-21T20:20:19.244999+00:00,1.0,S
1529,3044,2020-11-21T20:20:16.995000+00:00,1.0,P
1529,3268,2020-11-21T20:20:19.235000+00:00,1.0,S
1530,3044,2020-11-21T20:20:16.995000+00:00,1.0,P
1530,3268,2020-11-21T20:20:19.235000+00:00,1.0,S
1531,3043,2020-11-21T20:20:16.985000+00:00,1.0,P
1531,3268,2020-11-21T20:20:19.235000+00:00,1.0,S
1532,3043,2020-11-21T20:20:16.985000+00:00,1.0,P
1532,3267,2020-11-21T20:20:19.225000+00:00,1.0,S
1533,3043,2020-11-21T20:20:16.985000+00:00,1.0,P
1533,3267,2020-11-21T20:20:19.225000+00:00,1.0,S
1534,3043,2020-11-21T20:20:16.985000+00:00,1.0,P
1534,3266,2020-11-21T20:20:19.215000+00:00,1.0,S
1535,3043,2020-11-21T20:20:16.985000+00:00,1.0,P
1535,3266,2020-11-21T20:20:19.215000+00:00,1.0,S
1536,3043,2020-11-21T20:20:16.985000+00:00,1.0,P
1536,3265,2020-11-21T20:20:19.205000+00:00,1.0,S
1537,3043,2020-11-21T20:20:16.985000+00:00,1.0,P
1537,3265,2020-11-21T20:20:19.205000+00:00,1.0,S
1538,3043,2020-11-21T20:20:16.985000+00:00,1.0,P
1538,3265,2020-11-21T20:20:19.205000+00:00,1.0,S
1539,3043,2020-11-21T20:20:16.985000+00:00,1.0,P
1539,3264,2020-11-21T20:20:19.195000+00:00,1.0,S
1540,3043,2020-11-21T20:20:16.985000+00:00,1.0,P
1540,3264,2020-11-21T20:20:19.195000+00:00,1.0,S
1541,3043,2020-11-21T20:20:16.985000+00:00,1.0,P
1541,3264,2020-11-21T20:20:19.195000+00:00,1.0,S
1542,3043,2020-11-21T20:20:16.985000+00:00,1.0,P
1542,3263,2020-11-21T20:20:19.185000+00:00,1.0,S
1543,3043,2020-11-21T20:20:16.985000+00:00,1.0,P
1543,3263,2020-11-21T20:20:19.185000+00:00,1.0,S
1544,3043,2020-11-21T20:20:16.985000+00:00,1.0,P
1544,3263,2020-11-21T20:20:19.185000+00:00,1.0,S
1545,3043,2020-11-21T20:20:16.985000+00:00,1.0,P
1545,3262,2020-11-21T20:20:19.174999+00:00,1.0,S
1546,3043,2020-11-21T20:20:16.985000+00:00,1.0,P
1546,3262,2020-11-21T20:20:19.174999+00:00,1.0,S
1547,3043,2020-11-21T20:20:16.985000+00:00,1.0,P
1547,3262,2020-11-21T20:20:19.174999+00:00,1.0,S
1548,3042,2020-11-21T20:20:16.975000+00:00,1.0,P
1548,3261,2020-11-21T20:20:19.165000+00:00,1.0,S
1549,3042,2020-11-21T20:20:16.975000+00:00,1.0,P
1549,3261,2020-11-21T20:20:19.165000+00:00,1.0,S
1550,3042,2020-11-21T20:20:16.975000+00:00,1.0,P
1550,3261,2020-11-21T20:20:19.165000+00:00,1.0,S
1551,3042,2020-11-21T20:20:16.975000+00:00,1.0,P
1551,3261,2020-11-21T20:20:19.165000+00:00,1.0,S
1552,3042,2020-11-21T20:20:16.975000+00:00,1.0,P
1552,3260,2020-11-21T20:20:19.155000+00:00,1.0,S
1553,3042,2020-11-21T20:20:16.975000+00:00,1.0,P
1553,3260,2020-11-21T20:20:19.155000+00:00,1.0,S
1554,3042,2020-11-21T20:20:16.975000+00:00,1.0,P
1554,3260,2020-11-21T20:20:19.155000+00:00,1.0,S
1555,3042,2020-11-21T20:20:16.975000+00:00,1.0,P
1555,3259,2020-11-21T20:20:19.145000+00:00,1.0,S
1556,3042,2020-11-21T20:20:16.975000+00:00,1.0,P
1556,3259,2020-11-21T20:20:19.145000+00:00,1.0,S
1557,3041,2020-11-21T20:20:16.965000+00:00,1.0,P
1557,3259,2020-11-21T20:20:19.145000+00:00,1.0,S
1558,3041,2020-11-21T20:20:16.965000+00:00,1.0,P
1558,3259,2020-11-21T20:20:19.145000+00:00,1.0,S
1559,3041,2020-11-21T20:20:16.965000+00:00,1.0,P
1559,3258,2020-11-21T20:20:19.135000+00:00,1.0,S
1560,3041,2020-11-21T20:20:16.965000+00:00,1.0,P
1560,3258,2020-11-21T20:20:19.135000+00:00,1.0,S
1561,3041,2020-11-21T20:20:16.965000+00:00,1.0,P
1561,3258,2020-11-21T20:20:19.135000+00:00,1.0,S
1562,3041,2020-11-21T20:20:16.965000+00:00,1.0,P
1562,3258,2020-11-21T20:20:19.135000+00:00,1.0,S
1563,3040,2020-11-21T20:20:16.955000+00:00,1.0,P
1563,3257,2020-11-21T20:20:19.125000+00:00,1.0,S
1564,3040,2020-11-21T20:20:16.955000+00:00,1.0,P
1564,3257,2020-11-21T20:20:19.125000+00:00,1.0,S
1565,3040,2020-11-21T20:20:16.955000+00:00,1.0,P
1565,3257,2020-11-21T20:20:19.125000+00:00,1.0,S
1566,3040,2020-11-21T20:20:16.955000+00:00,1.0,P
1566,3257,2020-11-21T20:20:19.125000+00:00,1.0,S
1567,3040,2020-11-21T20:20:16.955000+00:00,1.0,P
1567,3256,2020-11-21T20:20:19.115000+00:00,1.0,S
1568,3040,2020-11-21T20:20:16.955000+00:00,1.0,P
1568,3256,2020-11-21T20:20:19.115000+00:00,1.0,S
1569,3040,2020-11-21T20:20:16.955000+00:00,1.0,P
1569,3256,2020-11-21T20:20:19.115000+00:00,1.0,S
1570,3039,2020-11-21T20:20:16.945000+00:00,1.0,P
1570,3256,2020-11-21T20:20:19.115000+00:00,1.0,S
1571,3039,2020-11-21T20:20:16.945000+00:00,1.0,P
1571,3255,2020-11-21T20:20:19.104999+00:00,1.0,S
1572,3039,2020-11-21T20:20:16.945000+00:00,1.0,P
1572,3255,2020-11-21T20:20:19.104999+00:00,1.0,S
1573,3039,2020-11-21T20:20:16.945000+00:00,1.0,P
1573,3255,2020-11-21T20:20:19.104999+00:00,1.0,S
1574,3039,2020-11-21T20:20:16.945000+00:00,1.0,P
1574,3255,2020-11-21T20:20:19.104999+00:00,1.0,S
1575,3039,2020-11-21T20:20:16.945000+00:00,1.0,P
1575,3254,2020-11-21T20:20:19.095000+00:00,1.0,S
1576,3039,2020-11-21T20:20:16.945000+00:00,1.0,P
1576,3254,2020-11-21T20:20:19.095000+00:00,1.0,S
1577,3039,2020-11-21T20:20:16.945000+00:00,1.0,P
1577,3254,2020-11-21T20:20:19.095000+00:00,1.0,S
1578,3038,2020-11-21T20:20:16.935000+00:00,1.0,P
1578,3254,2020-11-21T20:20:19.095000+00:00,1.0,S
1579,3038,2020-11-21T20:20:16.935000+00:00,1.0,P
1579,3253,2020-11-21T20:20:19.085000+00:00,1.0,S
1580,3038,2020-11-21T20:20:16.935000+00:00,1.0,P
1580,3253,2020-11-21T20:20:19.085000+00:00,1.0,S
1581,3038,2020-11-21T20:20:16.935000+00:00,1.0,P
1581,3253,2020-11-21T20:20:19.085000+00:00,1.0,S
1582,3038,2020-11-21T20:20:16.935000+00:00,1.0,P
1582,3253,2020-11-21T20:20:19.085000+00:00,1.0,S
1583,3038,2020-11-21T20:20:16.935000+00:00,1.0,P
1583,3252,2020-11-21T20:20:19.075000+00:00,1.0,S
1584,3038,2020-11-21T20:20:16.935000+00:00,1.0,P
1584,3252,2020-11-21T20:20:19.075000+00:00,1.0,S
1585,3038,2020-11-21T20:20:16.935000+00:00,1.0,P
1585,3252,2020-11-21T20:20:19.075000+00:00,1.0,S
1586,3038,2020-11-21T20:20:16.935000+00:00,1.0,P
1586,3251,2020-11-21T20:20:19.064999+00:00,1.0,S
1587,3038,2020-11-21T20:20:16.935000+00:00,1.0,P
1587,3251,2020-11-21T20:20:19.064999+00:00,1.0,S
1588,3037,2020-11-21T20:20:16.925000+00:00,1.0,P
1588,3251,2020-11-21T20:20:19.064999+00:00,1.0,S
1589,3037,2020-11-21T20:20:16.925000+00:00,1.0,P
1589,3251,2020-11-21T20:20:19.064999+00:00,1.0,S
1590,3037,2020-11-21T20:20:16.925000+00:00,1.0,P
1590,3250,2020-11-21T20:20:19.055000+00:00,1.0,S
1591,3037,2020-11-21T20:20:16.925000+00:00,1.0,P
1591,3250,2020-11-21T20:20:19.055000+00:00,1.0,S
1592,3037,2020-11-21T20:20:16.925000+00:00,1.0,P
1592,3250,2020-11-21T20:20:19.055000+00:00,1.0,S
1593,3037,2020-11-21T20:20:16.925000+00:00,1.0,P
1593,3249,2020-11-21T20:20:19.045000+00:00,1.0,S
1594,3037,2020-11-21T20:20:16.925000+00:00,1.0,P
1594,3249,2020-11-21T20:20:19.045000+00:00,1.0,S
1595,3037,2020-11-21T20:20:16.925000+00:00,1.0,P
1595,3249,2020-11-21T20:20:19.045000+00:00,1.0,S
1596,3037,2020-11-21T20:20:16.925000+00:00,1.0,P
1596,3249,2020-11-21T20:20:19.045000+00:00,1.0,S
1597,3037,2020-11-21T20:20:16.925000+00:00,1.0,P
1597,3248,2020-11-21T20:20:19.035000+00:00,1.0,S
1598,3036,2020-11-21T20:20:16.915000+00:00,1.0,P
1598,3248,2020-11-21T20:20:19.035000+00:00,1.0,S
1599,3036,2020-11-21T20:20:16.915000+00:00,1.0,P
1599,3248,2020-11-21T20:20:19.035000+00:00,1.0,S
1600,3036,2020-11-21T20:20:16.915000+00:00,1.0,P
1600,3248,2020-11-21T20:20:19.035000+00:00,1.0,S
1601,3036,2020-11-21T20:20:16.915000+00:00,1.0,P
1601,3248,2020-11-21T20:20:19.035000+00:00,1.0,S
1602,3036,2020-11-21T20:20:16.915000+00:00,1.0,P
1602,3247,2020-11-21T20:20:19.025000+00:00,1.0,S
1603,3036,2020-11-21T20:20:16.915000+00:00,1.0,P
1603,3247,2020-11-21T20:20:19.025000+00:00,1.0,S
1604,3036,2020-11-21T20:20:16.915000+00:00,1.0,P
1604,3247,2020-11-21T20:20:19.025000+00:00,1.0,S
1605,3036,2020-11-21T20:20:16.915000+00:00,1.0,P
1605,3247,2020-11-21T20:20:19.025000+00:00,1.0,S
1606,3036,2020-11-21T20:20:16.915000+00:00,1.0,P
1606,3247,2020-11-21T20:20:19.025000+00:00,1.0,S
1607,3036,2020-11-21T20:20:16.915000+00:00,1.0,P
1607,3246,2020-11-21T20:20:19.015000+00:00,1.0,S
1608,3036,2020-11-21T20:20:16.915000+00:00,1.0,P
1608,3246,2020-11-21T20:20:19.015000+00:00,1.0,S
1609,3035,2020-11-21T20:20:16.905000+00:00,1.0,P
1609,3246,2020-11-21T20:20:19.015000+00:00,1.0,S
1610,3035,2020-11-21T20:20:16.905000+00:00,1.0,P
1610,3246,2020-11-21T20:20:19.015000+00:00,1.0,S
1611,3035,2020-11-21T20:20:16.905000+00:00,1.0,P
1611,3246,2020-11-21T20:20:19.015000+00:00,1.0,S
1612,3035,2020-11-21T20:20:16.905000+00:00,1.0,P
1612,3246,2020-11-21T20:20:19.015000+00:00,1.0,S
1613,3035,2020-11-21T20:20:16.905000+00:00,1.0,P
1613,3245,2020-11-21T20:20:19.005000+00:00,1.0,S
1614,3035,2020-11-21T20:20:16.905000+00:00,1.0,P
1614,3245,2020-11-21T20:20:19.005000+00:00,1.0,S
1615,3035,2020-11-21T20:20:16.905000+00:00,1.0,P
1615,3245,2020-11-21T20:20:19.005000+00:00,1.0,S
1616,3035,2020-11-21T20:20:16.905000+00:00,1.0,P
1616,3245,2020-11-21T20:20:19.005000+00:00,1.0,S
1617,3035,2020-11-21T20:20:16.905000+00:00,1.0,P
1617,3245,2020-11-21T20:20:19.005000+00:00,1.0,S
1618,3035,2020-11-21T20:20:16.905000+00:00,1.0,P
1618,3245,2020-11-21T20:20:19.005000+00:00,1.0,S
1619,3035,2020-11-21T20:20:16.905000+00:00,1.0,P
1619,3244,2020-11-21T20:20:18.994999+00:00,1.0,S
1620,3035,2020-11-21T20:20:16.905000+00:00,1.0,P
1620,3244,2020-11-21T20:20:18.994999+00:00,1.0,S
1621,3035,2020-11-21T20:20:16.905000+00:00,1.0,P
1621,3244,2020-11-21T20:20:18.994999+00:00,1.0,S
1622,3034,2020-11-21T20:20:16.895000+00:00,1.0,P
1622,3244,2020-11-21T20:20:18.994999+00:00,1.0,S
1623,3034,2020-11-21T20:20:16.895000+00:00,1.0,P
1623,3244,2020-11-21T20:20:18.994999+00:00,1.0,S
1624,3034,2020-11-21T20:20:16.895000+00:00,1.0,P
1624,3244,2020-11-21T20:20:18.994999+00:00,1.0,S
1625,3034,2020-11-21T20:20:16.895000+00:00,1.0,P
1625,3244,2020-11-21T20:20:18.994999+00:00,1.0,S
1626,3034,2020-11-21T20:20:16.895000+00:00,1.0,P
1626,3244,2020-11-21T20:20:18.994999+00:00,1.0,S
1627,3034,2020-11-21T20:20:16.895000+00:00,1.0,P
1627,3243,2020-11-21T20:20:18.985000+00:00,1.0,S
1628,3034,2020-11-21T20:20:16.895000+00:00,1.0,P
1628,3243,2020-11-21T20:20:18.985000+00:00,1.0,S
1629,3034,2020-11-21T20:20:16.895000+00:00,1.0,P
1629,3243,2020-11-21T20:20:18.985000+00:00,1.0,S
1630,3034,2020-11-21T20:20:16.895000+00:00,1.0,P
1630,3243,2020-11-21T20:20:18.985000+00:00,1.0,S
1631,3034,2020-11-21T20:20:16.895000+00:00,1.0,P
1631,3243,2020-11-21T20:20:18.985000+00:00,1.0,S
1632,3034,2020-11-21T20:20:16.895000+00:00,1.0,P
1632,3243,2020-11-21T20:20:18.985000+00:00,1.0,S
1633,3034,2020-11-21T20:20:16.895000+00:00,1.0,P
1633,3243,2020-11-21T20:20:18.985000+00:00,1.0,S
1634,3034,2020-11-21T20:20:16.895000+00:00,1.0,P
1634,3243,2020-11-21T20:20:18.985000+00:00,1.0,S
1635,3034,2020-11-21T20:20:16.895000+00:00,1.0,P
1635,3243,2020-11-21T20:20:18.985000+00:00,1.0,S
1636,3033,2020-11-21T20:20:16.885000+00:00,1.0,P
1636,3243,2020-11-21T20:20:18.985000+00:00,1.0,S
1637,3033,2020-11-21T20:20:16.885000+00:00,1.0,P
1637,3243,2020-11-21T20:20:18.985000+00:00,1.0,S
1638,3033,2020-11-21T20:20:16.885000+00:00,1.0,P
1638,3243,2020-11-21T20:20:18.985000+00:00,1.0,S
1639,3033,2020-11-21T20:20:16.885000+00:00,1.0,P
1639,3243,2020-11-21T20:20:18.985000+00:00,1.0,S
1640,3033,2020-11-21T20:20:16.885000+00:00,1.0,P
1640,3242,2020-11-21T20:20:18.975000+00:00,1.0,S
1641,3033,2020-11-21T20:20:16.885000+00:00,1.0,P
1641,3242,2020-11-21T20:20:18.975000+00:00,1.0,S
1642,3033,2020-11-21T20:20:16.885000+00:00,1.0,P
1642,3242,2020-11-21T20:20:18.975000+00:00,1.0,S
1643,3033,2020-11-21T20:20:16.885000+00:00,1.0,P
1643,3242,2020-11-21T20:20:18.975000+00:00,1.0,S
1644,3033,2020-11-21T20:20:16.885000+00:00,1.0,P
1644,3242,2020-11-21T20:20:18.975000+00:00,1.0,S
1645,3033,2020-11-21T20:20:16.885000+00:00,1.0,P
1645,3242,2020-11-21T20:20:18.975000+00:00,1.0,S
1646,3033,2020-11-21T20:20:16.885000+00:00,1.0,P
1646,3242,2020-11-21T20:20:18.975000+00:00,1.0,S
1647,3033,2020-11-21T20:20:16.885000+00:00,1.0,P
1647,3242,2020-11-21T20:20:18.975000+00:00,1.0,S
1648,3033,2020-11-21T20:20:16.885000+00:00,1.0,P
1648,3242,2020-11-21T20:20:18.975000+00:00,1.0,S
1649,3033,2020-11-21T20:20:16.885000+00:00,1.0,P
1649,3242,2020-11-21T20:20:18.975000+00:00,1.0,S
1650,3033,2020-11-21T20:20:16.885000+00:00,1.0,P
1650,3242,2020-11-21T20:20:18.975000+00:00,1.0,S
1651,3033,2020-11-21T20:20:16.885000+00:00,1.0,P
1651,3242,2020-11-21T20:20:18.975000+00:00,1.0,S
1652,3033,2020-11-21T20:20:16.885000+00:00,1.0,P
1652,3242,2020-11-21T20:20:18.975000+00:00,1.0,S
1653,3032,2020-11-21T20:20:16.875000+00:00,1.0,P
1653,3242,2020-11-21T20:20:18.975000+00:00,1.0,S
1654,3032,2020-11-21T20:20:16.875000+00:00,1.0,P
1654,3242,2020-11-21T20:20:18.975000+00:00,1.0,S
1655,3032,2020-11-21T20:20:16.875000+00:00,1.0,P
1655,3242,2020-11-21T20:20:18.975000+00:00,1.0,S
1656,3032,2020-11-21T20:20:16.875000+00:00,1.0,P
1656,3242,2020-11-21T20:20:18.975000+00:00,1.0,S
1657,3032,2020-11-21T20:20:16.875000+00:00,1.0,P
1657,3242,2020-11-21T20:20:18.975000+00:00,1.0,S
1658,3032,2020-11-21T20:20:16.875000+00:00,1.0,P
1658,3242,2020-11-21T20:20:18.975000+00:00,1.0,S
1659,3032,2020-11-21T20:20:16.875000+00:00,1.0,P
1659,3241,2020-11-21T20:20:18.965000+00:00,1.0,S
1660,3032,2020-11-21T20:20:16.875000+00:00,1.0,P
1660,3241,2020-11-21T20:20:18.965000+00:00,1.0,S
1661,3032,2020-11-21T20:20:16.875000+00:00,1.0,P
1661,3241,2020-11-21T20:20:18.965000+00:00,1.0,S
1662,3032,2020-11-21T20:20:16.875000+00:00,1.0,P
1662,3241,2020-11-21T20:20:18.965000+00:00,1.0,S
1663,3032,2020-11-21T20:20:16.875000+00:00,1.0,P
1663,3242,2020-11-21T20:20:18.975000+00:00,1.0,S
1664,3032,2020-11-21T20:20:16.875000+00:00,1.0,P
1664,3242,2020-11-21T20:20:18.975000+00:00,1.0,S
1665,3032,2020-11-21T20:20:16.875000+00:00,1.0,P
1665,3242,2020-11-21T20:20:18.975000+00:00,1.0,S
1666,3032,2020-11-21T20:20:16.875000+00:00,1.0,P
1666,3242,2020-11-21T20:20:18.975000+00:00,1.0,S
1667,3032,2020-11-21T20:20:16.875000+00:00,1.0,P
1667,3242,2020-11-21T20:20:18.975000+00:00,1.0,S
1668,3032,2020-11-21T20:20:16.875000+00:00,1.0,P
1668,3242,2020-11-21T20:20:18.975000+00:00,1.0,S
1669,3031,2020-11-21T20:20:16.865000+00:00,1.0,P
1669,3242,2020-11-21T20:20:18.975000+00:00,1.0,S
1670,3031,2020-11-21T20:20:16.865000+00:00,1.0,P
1670,3242,2020-11-21T20:20:18.975000+00:00,1.0,S
1671,3031,2020-11-21T20:20:16.865000+00:00,1.0,P
1671,3242,2020-11-21T20:20:18.975000+00:00,1.0,S
1672,3031,2020-11-21T20:20:16.865000+00:00,1.0,P
1672,3242,2020-11-21T20:20:18.975000+00:00,1.0,S
1673,3031,2020-11-21T20:20:16.865000+00:00,1.0,P
1673,3242,2020-11-21T20:20:18.975000+00:00,1.0,S
1674,3031,2020-11-21T20:20:16.865000+00:00,1.0,P
1674,3242,2020-11-21T20:20:18.975000+00:00,1.0,S
1675,3031,2020-11-21T20:20:16.865000+00:00,1.0,P
1675,3242,2020-11-21T20:20:18.975000+00:00,1.0,S
1676,3031,2020-11-21T20:20:16.865000+00:00,1.0,P
1676,3242,2020-11-21T20:20:18.975000+00:00,1.0,S
1677,3031,2020-11-21T20:20:16.865000+00:00,1.0,P
1677,3242,2020-11-21T20:20:18.975000+00:00,1.0,S
1678,3031,2020-11-21T20:20:16.865000+00:00,1.0,P
1678,3242,2020-11-21T20:20:18.975000+00:00,1.0,S
1679,3031,2020-11-21T20:20:16.865000+00:00,1.0,P
1679,3242,2020-11-21T20:20:18.975000+00:00,1.0,S
1680,3031,2020-11-21T20:20:16.865000+00:00,1.0,P
1680,3242,2020-11-21T20:20:18.975000+00:00,1.0,S
1681,3031,2020-11-21T20:20:16.865000+00:00,1.0,P
1681,3242,2020-11-21T20:20:18.975000+00:00,1.0,S
1682,3031,2020-11-21T20:20:16.865000+00:00,1.0,P
1682,3242,2020-11-21T20:20:18.975000+00:00,1.0,S
1683,3031,2020-11-21T20:20:16.865000+00:00,1.0,P
1683,3242,2020-11-21T20:20:18.975000+00:00,1.0,S
1684,3031,2020-11-21T20:20:16.865000+00:00,1.0,P
1684,3242,2020-11-21T20:20:18.975000+00:00,1.0,S
1685,3031,2020-11-21T20:20:16.865000+00:00,1.0,P
1685,3242,2020-11-21T20:20:18.975000+00:00,1.0,S
1686,3031,2020-11-21T20:20:16.865000+00:00,1.0,P
1686,3242,2020-11-21T20:20:18.975000+00:00,1.0,S
1687,3031,2020-11-21T20:20:16.865000+00:00,1.0,P
1687,3242,2020-11-21T20:20:18.975000+00:00,1.0,S
1688,3031,2020-11-21T20:20:16.865000+00:00,1.0,P
1688,3242,2020-11-21T20:20:18.975000+00:00,1.0,S
1689,3031,2020-11-21T20:20:16.865000+00:00,1.0,P
1689,3242,2020-11-21T20:20:18.975000+00:00,1.0,S
1690,3031,2020-11-21T20:20:16.865000+00:00,1.0,P
1690,3242,2020-11-21T20:20:18.975000+00:00,1.0,S
1691,3031,2020-11-21T20:20:16.865000+00:00,1.0,P
1691,3242,2020-11-21T20:20:18.975000+00:00,1.0,S
1692,3031,2020-11-21T20:20:16.865000+00:00,1.0,P
1692,3242,2020-11-21T20:20:18.975000+00:00,1.0,S
1693,3031,2020-11-21T20:20:16.865000+00:00,1.0,P
1693,3242,2020-11-21T20:20:18.975000+00:00,1.0,S
1694,3031,2020-11-21T20:20:16.865000+00:00,1.0,P
1694,3242,2020-11-21T20:20:18.975000+00:00,1.0,S
1695,3031,2020-11-21T20:20:16.865000+00:00,1.0,P
1695,3242,2020-11-21T20:20:18.975000+00:00,1.0,S
1696,3031,2020-11-21T20:20:16.865000+00:00,1.0,P
1696,3242,2020-11-21T20:20:18.975000+00:00,1.0,S
1697,3031,2020-11-21T20:20:16.865000+00:00,1.0,P
1697,3242,2020-11-21T20:20:18.975000+00:00,1.0,S
1698,3031,2020-11-21T20:20:16.865000+00:00,1.0,P
1698,3242,2020-11-21T20:20:18.975000+00:00,1.0,S
1699,3031,2020-11-21T20:20:16.865000+00:00,1.0,P
1699,3242,2020-11-21T20:20:18.975000+00:00,1.0,S
1700,3031,2020-11-21T20:20:16.865000+00:00,1.0,P
1700,3242,2020-11-21T20:20:18.975000+00:00,1.0,S
1701,3031,2020-11-21T20:20:16.865000+00:00,1.0,P
1701,3242,2020-11-21T20:20:18.975000+00:00,1.0,S
1702,3031,2020-11-21T20:20:16.865000+00:00,1.0,P
1702,3242,2020-11-21T20:20:18.975000+00:00,1.0,S
1703,3030,2020-11-21T20:20:16.855000+00:00,1.0,P
1703,3242,2020-11-21T20:20:18.975000+00:00,1.0,S
1704,3030,2020-11-21T20:20:16.855000+00:00,1.0,P
1704,3241,2020-11-21T20:20:18.965000+00:00,1.0,S
1705,3030,2020-11-21T20:20:16.855000+00:00,1.0,P
1705,3241,2020-11-21T20:20:18.965000+00:00,1.0,S
1706,3030,2020-11-21T20:20:16.855000+00:00,1.0,P
1706,3241,2020-11-21T20:20:18.965000+00:00,1.0,S
1707,3030,2020-11-21T20:20:16.855000+00:00,1.0,P
1707,3241,2020-11-21T20:20:18.965000+00:00,1.0,S
1708,3030,2020-11-21T20:20:16.855000+00:00,1.0,P
1708,3241,2020-11-21T20:20:18.965000+00:00,1.0,S
1709,3030,2020-11-21T20:20:16.855000+00:00,1.0,P
1709,3242,2020-11-21T20:20:18.975000+00:00,1.0,S
1710,3030,2020-11-21T20:20:16.855000+00:00,1.0,P
1710,3242,2020-11-21T20:20:18.975000+00:00,1.0,S
1711,3030,2020-11-21T20:20:16.855000+00:00,1.0,P
1711,3242,2020-11-21T20:20:18.975000+00:00,1.0,S
1712,3030,2020-11-21T20:20:16.855000+00:00,1.0,P
1712,3242,2020-11-21T20:20:18.975000+00:00,1.0,S
1713,3030,2020-11-21T20:20:16.855000+00:00,1.0,P
1713,3242,2020-11-21T20:20:18.975000+00:00,1.0,S
1714,3030,2020-11-21T20:20:16.855000+00:00,1.0,P
1714,3242,2020-11-21T20:20:18.975000+00:00,1.0,S
1715,3030,2020-11-21T20:20:16.855000+00:00,1.0,P
1715,3242,2020-11-21T20:20:18.975000+00:00,1.0,S
1716,3030,2020-11-21T20:20:16.855000+00:00,1.0,P
1716,3242,2020-11-21T20:20:18.975000+00:00,1.0,S
1717,3030,2020-11-21T20:20:16.855000+00:00,1.0,P
1717,3242,2020-11-21T20:20:18.975000+00:00,1.0,S
1718,3030,2020-11-21T20:20:16.855000+00:00,1.0,P
1718,3242,2020-11-21T20:20:18.975000+00:00,1.0,S
1719,3030,2020-11-21T20:20:16.855000+00:00,1.0,P
1719,3242,2020-11-21T20:20:18.975000+00:00,1.0,S
1720,3030,2020-11-21T20:20:16.855000+00:00,1.0,P
1720,3242,2020-11-21T20:20:18.975000+00:00,1.0,S
1721,3030,2020-11-21T20:20:16.855000+00:00,1.0,P
1721,3242,2020-11-21T20:20:18.975000+00:00,1.0,S
1722,3030,2020-11-21T20:20:16.855000+00:00,1.0,P
1722,3242,2020-11-21T20:20:18.975000+00:00,1.0,S
1723,3030,2020-11-21T20:20:16.855000+00:00,1.0,P
1723,3242,2020-11-21T20:20:18.975000+00:00,1.0,S
1724,3030,2020-11-21T20:20:16.855000+00:00,1.0,P
1724,3242,2020-11-21T20:20:18.975000+00:00,1.0,S
1725,3030,2020-11-21T20:20:16.855000+00:00,1.0,P
1725,3242,2020-11-21T20:20:18.975000+00:00,1.0,S
1726,3030,2020-11-21T20:20:16.855000+00:00,1.0,P
1726,3242,2020-11-21T20:20:18.975000+00:00,1.0,S
1727,3030,2020-11-21T20:20:16.855000+00:00,1.0,P
1727,3242,2020-11-21T20:20:18.975000+00:00,1.0,S
1728,3030,2020-11-21T20:20:16.855000+00:00,1.0,P
1728,3242,2020-11-21T20:20:18.975000+00:00,1.0,S
1729,3030,2020-11-21T20:20:16.855000+00:00,1.0,P
1729,3242,2020-11-21T20:20:18.975000+00:00,1.0,S
1730,3030,2020-11-21T20:20:16.855000+00:00,1.0,P
1730,3243,2020-11-21T20:20:18.985000+00:00,1.0,S
1731,3030,2020-11-21T20:20:16.855000+00:00,1.0,P
1731,3243,2020-11-21T20:20:18.985000+00:00,1.0,S
1732,3030,2020-11-21T20:20:16.855000+00:00,1.0,P
1732,3243,2020-11-21T20:20:18.985000+00:00,1.0,S
1733,3030,2020-11-21T20:20:16.855000+00:00,1.0,P
1733,3243,2020-11-21T20:20:18.985000+00:00,1.0,S
1734,3030,2020-11-21T20:20:16.855000+00:00,1.0,P
1734,3243,2020-11-21T20:20:18.985000+00:00,1.0,S
1735,3031,2020-11-21T20:20:16.865000+00:00,1.0,P
1735,3243,2020-11-21T20:20:18.985000+00:00,1.0,S
1736,3031,2020-11-21T20:20:16.865000+00:00,1.0,P
1736,3243,2020-11-21T20:20:18.985000+00:00,1.0,S
1737,3031,2020-11-21T20:20:16.865000+00:00,1.0,P
1737,3243,2020-11-21T20:20:18.985000+00:00,1.0,S
1738,3031,2020-11-21T20:20:16.865000+00:00,1.0,P
1738,3243,2020-11-21T20:20:18.985000+00:00,1.0,S
1739,3031,2020-11-21T20:20:16.865000+00:00,1.0,P
1739,3243,2020-11-21T20:20:18.985000+00:00,1.0,S
1740,3031,2020-11-21T20:20:16.865000+00:00,1.0,P
1740,3243,2020-11-21T20:20:18.985000+00:00,1.0,S
1741,3031,2020-11-21T20:20:16.865000+00:00,1.0,P
1741,3243,2020-11-21T20:20:18.985000+00:00,1.0,S
1742,3031,2020-11-21T20:20:16.865000+00:00,1.0,P
1742,3243,2020-11-21T20:20:18.985000+00:00,1.0,S
1743,3031,2020-11-21T20:20:16.865000+00:00,1.0,P
1743,3243,2020-11-21T20:20:18.985000+00:00,1.0,S
1744,3031,2020-11-21T20:20:16.865000+00:00,1.0,P
1744,3243,2020-11-21T20:20:18.985000+00:00,1.0,S
1745,3031,2020-11-21T20:20:16.865000+00:00,1.0,P
1745,3243,2020-11-21T20:20:18.985000+00:00,1.0,S
1746,3031,2020-11-21T20:20:16.865000+00:00,1.0,P
1746,3243,2020-11-21T20:20:18.985000+00:00,1.0,S
1747,3031,2020-11-21T20:20:16.865000+00:00,1.0,P
1747,3244,2020-11-21T20:20:18.994999+00:00,1.0,S
1748,3031,2020-11-21T20:20:16.865000+00:00,1.0,P
1748,3244,2020-11-21T20:20:18.994999+00:00,1.0,S
1749,3031,2020-11-21T20:20:16.865000+00:00,1.0,P
1749,3244,2020-11-21T20:20:18.994999+00:00,1.0,S
1750,3031,2020-11-21T20:20:16.865000+00:00,1.0,P
1750,3244,2020-11-21T20:20:18.994999+00:00,1.0,S
1751,3031,2020-11-21T20:20:16.865000+00:00,1.0,P
1751,3244,2020-11-21T20:20:18.994999+00:00,1.0,S
1752,3030,2020-11-21T20:20:16.855000+00:00,1.0,P
1752,3244,2020-11-21T20:20:18.994999+00:00,1.0,S
1753,3030,2020-11-21T20:20:16.855000+00:00,1.0,P
1753,3244,2020-11-21T20:20:18.994999+00:00,1.0,S
1754,3030,2020-11-21T20:20:16.855000+00:00,1.0,P
1754,3244,2020-11-21T20:20:18.994999+00:00,1.0,S
1755,3030,2020-11-21T20:20:16.855000+00:00,1.0,P
1755,3244,2020-11-21T20:20:18.994999+00:00,1.0,S
1756,3030,2020-11-21T20:20:16.855000+00:00,1.0,P
1756,3244,2020-11-21T20:20:18.994999+00:00,1.0,S
1757,3030,2020-11-21T20:20:16.855000+00:00,1.0,P
1757,3244,2020-11-21T20:20:18.994999+00:00,1.0,S
1758,3030,2020-11-21T20:20:16.855000+00:00,1.0,P
1758,3244,2020-11-21T20:20:18.994999+00:00,1.0,S
1759,3030,2020-11-21T20:20:16.855000+00:00,1.0,P
1759,3244,2020-11-21T20:20:18.994999+00:00,1.0,S
1760,3030,2020-11-21T20:20:16.855000+00:00,1.0,P
1760,3244,2020-11-21T20:20:18.994999+00:00,1.0,S
1761,3030,2020-11-21T20:20:16.855000+00:00,1.0,P
1761,3244,2020-11-21T20:20:18.994999+00:00,1.0,S
1762,3030,2020-11-21T20:20:16.855000+00:00,1.0,P
1762,3244,2020-11-21T20:20:18.994999+00:00,1.0,S
1763,3030,2020-11-21T20:20:16.855000+00:00,1.0,P
1763,3244,2020-11-21T20:20:18.994999+00:00,1.0,S
1764,3030,2020-11-21T20:20:16.855000+00:00,1.0,P
1764,3243,2020-11-21T20:20:18.985000+00:00,1.0,S
1765,3030,2020-11-21T20:20:16.855000+00:00,1.0,P
1765,3243,2020-11-21T20:20:18.985000+00:00,1.0,S
1766,3030,2020-11-21T20:20:16.855000+00:00,1.0,P
1766,3243,2020-11-21T20:20:18.985000+00:00,1.0,S
1767,3030,2020-11-21T20:20:16.855000+00:00,1.0,P
1767,3243,2020-11-21T20:20:18.985000+00:00,1.0,S
1768,3030,2020-11-21T20:20:16.855000+00:00,1.0,P
1768,3243,2020-11-21T20:20:18.985000+00:00,1.0,S
1769,3030,2020-11-21T20:20:16.855000+00:00,1.0,P
1769,3243,2020-11-21T20:20:18.985000+00:00,1.0,S
1770,3030,2020-11-21T20:20:16.855000+00:00,1.0,P
1770,3243,2020-11-21T20:20:18.985000+00:00,1.0,S
1771,3030,2020-11-21T20:20:16.855000+00:00,1.0,P
1771,3243,2020-11-21T20:20:18.985000+00:00,1.0,S
1772,3030,2020-11-21T20:20:16.855000+00:00,1.0,P
1772,3243,2020-11-21T20:20:18.985000+00:00,1.0,S
1773,3030,2020-11-21T20:20:16.855000+00:00,1.0,P
1773,3243,2020-11-21T20:20:18.985000+00:00,1.0,S
1774,3030,2020-11-21T20:20:16.855000+00:00,1.0,P
1774,3243,2020-11-21T20:20:18.985000+00:00,1.0,S
1775,3030,2020-11-21T20:20:16.855000+00:00,1.0,P
1775,3243,2020-11-21T20:20:18.985000+00:00,1.0,S
1776,3030,2020-11-21T20:20:16.855000+00:00,1.0,P
1776,3243,2020-11-21T20:20:18.985000+00:00,1.0,S
1777,3030,2020-11-21T20:20:16.855000+00:00,1.0,P
1777,3243,2020-11-21T20:20:18.985000+00:00,1.0,S
1778,3030,2020-11-21T20:20:16.855000+00:00,1.0,P
1778,3243,2020-11-21T20:20:18.985000+00:00,1.0,S
1779,3030,2020-11-21T20:20:16.855000+00:00,1.0,P
1779,3243,2020-11-21T20:20:18.985000+00:00,1.0,S
1780,3030,2020-11-21T20:20:16.855000+00:00,1.0,P
1780,3243,2020-11-21T20:20:18.985000+00:00,1.0,S
1781,3030,2020-11-21T20:20:16.855000+00:00,1.0,P
1781,3243,2020-11-21T20:20:18.985000+00:00,1.0,S
1782,3030,2020-11-21T20:20:16.855000+00:00,1.0,P
1782,3243,2020-11-21T20:20:18.985000+00:00,1.0,S
1783,3030,2020-11-21T20:20:16.855000+00:00,1.0,P
1783,3243,2020-11-21T20:20:18.985000+00:00,1.0,S
1784,3030,2020-11-21T20:20:16.855000+00:00,1.0,P
1784,3243,2020-11-21T20:20:18.985000+00:00,1.0,S
1785,3030,2020-11-21T20:20:16.855000+00:00,1.0,P
1785,3243,2020-11-21T20:20:18.985000+00:00,1.0,S
1786,3030,2020-11-21T20:20:16.855000+00:00,1.0,P
1786,3243,2020-11-21T20:20:18.985000+00:00,1.0,S
1787,3030,2020-11-21T20:20:16.855000+00:00,1.0,P
1787,3243,2020-11-21T20:20:18.985000+00:00,1.0,S
1788,3030,2020-11-21T20:20:16.855000+00:00,1.0,P
1788,3243,2020-11-21T20:20:18.985000+00:00,1.0,S
1789,3030,2020-11-21T20:20:16.855000+00:00,1.0,P
1789,3243,2020-11-21T20:20:18.985000+00:00,1.0,S
1790,3030,2020-11-21T20:20:16.855000+00:00,1.0,P
1790,3243,2020-11-21T20:20:18.985000+00:00,1.0,S
1791,3030,2020-11-21T20:20:16.855000+00:00,1.0,P
1791,3243,2020-11-21T20:20:18.985000+00:00,1.0,S
1792,3030,2020-11-21T20:20:16.855000+00:00,1.0,P
1792,3243,2020-11-21T20:20:18.985000+00:00,1.0,S
1793,3030,2020-11-21T20:20:16.855000+00:00,1.0,P
1793,3243,2020-11-21T20:20:18.985000+00:00,1.0,S
1794,3030,2020-11-21T20:20:16.855000+00:00,1.0,P
1794,3243,2020-11-21T20:20:18.985000+00:00,1.0,S
1795,3030,2020-11-21T20:20:16.855000+00:00,1.0,P
1795,3243,2020-11-21T20:20:18.985000+00:00,1.0,S
1796,3030,2020-11-21T20:20:16.855000+00:00,1.0,P
1796,3243,2020-11-21T20:20:18.985000+00:00,1.0,S
1797,3030,2020-11-21T20:20:16.855000+00:00,1.0,P
1797,3243,2020-11-21T20:20:18.985000+00:00,1.0,S
1798,3030,2020-11-21T20:20:16.855000+00:00,1.0,P
1798,3243,2020-11-21T20:20:18.985000+00:00,1.0,S
1799,3030,2020-11-21T20:20:16.855000+00:00,1.0,P
1799,3243,2020-11-21T20:20:18.985000+00:00,1.0,S
1800,3030,2020-11-21T20:20:16.855000+00:00,1.0,P
1800,3243,2020-11-21T20:20:18.985000+00:00,1.0,S
1801,3030,2020-11-21T20:20:16.855000+00:00,1.0,P
1801,3243,2020-11-21T20:20:18.985000+00:00,1.0,S
1802,3030,2020-11-21T20:20:16.855000+00:00,1.0,P
1802,3243,2020-11-21T20:20:18.985000+00:00,1.0,S
1803,3030,2020-11-21T20:20:16.855000+00:00,1.0,P
1803,3243,2020-11-21T20:20:18.985000+00:00,1.0,S
1804,3030,2020-11-21T20:20:16.855000+00:00,1.0,P
1804,3243,2020-11-21T20:20:18.985000+00:00,1.0,S
1805,3030,2020-11-21T20:20:16.855000+00:00,1.0,P
1805,3243,2020-11-21T20:20:18.985000+00:00,1.0,S
1806,3030,2020-11-21T20:20:16.855000+00:00,1.0,P
1806,3243,2020-11-21T20:20:18.985000+00:00,1.0,S
1807,3030,2020-11-21T20:20:16.855000+00:00,1.0,P
1807,3243,2020-11-21T20:20:18.985000+00:00,1.0,S
1808,3030,2020-11-21T20:20:16.855000+00:00,1.0,P
1808,3243,2020-11-21T20:20:18.985000+00:00,1.0,S
1809,3030,2020-11-21T20:20:16.855000+00:00,1.0,P
1809,3243,2020-11-21T20:20:18.985000+00:00,1.0,S
1810,3030,2020-11-21T20:20:16.855000+00:00,1.0,P
1810,3243,2020-11-21T20:20:18.985000+00:00,1.0,S
1811,3030,2020-11-21T20:20:16.855000+00:00,1.0,P
1811,3243,2020-11-21T20:20:18.985000+00:00,1.0,S
1812,3030,2020-11-21T20:20:16.855000+00:00,1.0,P
1812,3243,2020-11-21T20:20:18.985000+00:00,1.0,S
1813,3031,2020-11-21T20:20:16.865000+00:00,1.0,P
1813,3243,2020-11-21T20:20:18.985000+00:00,1.0,S
1814,3031,2020-11-21T20:20:16.865000+00:00,1.0,P
1814,3243,2020-11-21T20:20:18.985000+00:00,1.0,S
1815,3031,2020-11-21T20:20:16.865000+00:00,1.0,P
1815,3243,2020-11-21T20:20:18.985000+00:00,1.0,S
1816,3031,2020-11-21T20:20:16.865000+00:00,1.0,P
1816,3243,2020-11-21T20:20:18.985000+00:00,1.0,S
1817,3031,2020-11-21T20:20:16.865000+00:00,1.0,P
1817,3243,2020-11-21T20:20:18.985000+00:00,1.0,S
1818,3031,2020-11-21T20:20:16.865000+00:00,1.0,P
1818,3243,2020-11-21T20:20:18.985000+00:00,1.0,S
1819,3031,2020-11-21T20:20:16.865000+00:00,1.0,P
1819,3243,2020-11-21T20:20:18.985000+00:00,1.0,S
1820,3031,2020-11-21T20:20:16.865000+00:00,1.0,P
1820,3243,2020-11-21T20:20:18.985000+00:00,1.0,S
1821,3031,2020-11-21T20:20:16.865000+00:00,1.0,P
1821,3243,2020-11-21T20:20:18.985000+00:00,1.0,S
1822,3031,2020-11-21T20:20:16.865000+00:00,1.0,P
1822,3243,2020-11-21T20:20:18.985000+00:00,1.0,S
1823,3031,2020-11-21T20:20:16.865000+00:00,1.0,P
1823,3243,2020-11-21T20:20:18.985000+00:00,1.0,S
1824,3031,2020-11-21T20:20:16.865000+00:00,1.0,P
1824,3243,2020-11-21T20:20:18.985000+00:00,1.0,S
1825,3031,2020-11-21T20:20:16.865000+00:00,1.0,P
1825,3243,2020-11-21T20:20:18.985000+00:00,1.0,S
1826,3031,2020-11-21T20:20:16.865000+00:00,1.0,P
1826,3244,2020-11-21T20:20:18.994999+00:00,1.0,S
1827,3031,2020-11-21T20:20:16.865000+00:00,1.0,P
1827,3244,2020-11-21T20:20:18.994999+00:00,1.0,S
1828,3031,2020-11-21T20:20:16.865000+00:00,1.0,P
1828,3244,2020-11-21T20:20:18.994999+00:00,1.0,S
1829,3031,2020-11-21T20:20:16.865000+00:00,1.0,P
1829,3244,2020-11-21T20:20:18.994999+00:00,1.0,S
1830,3031,2020-11-21T20:20:16.865000+00:00,1.0,P
1830,3244,2020-11-21T20:20:18.994999+00:00,1.0,S
1831,3031,2020-11-21T20:20:16.865000+00:00,1.0,P
1831,3244,2020-11-21T20:20:18.994999+00:00,1.0,S
1832,3031,2020-11-21T20:20:16.865000+00:00,1.0,P
1832,3244,2020-11-21T20:20:18.994999+00:00,1.0,S
1833,3031,2020-11-21T20:20:16.865000+00:00,1.0,P
1833,3244,2020-11-21T20:20:18.994999+00:00,1.0,S
1834,3031,2020-11-21T20:20:16.865000+00:00,1.0,P
1834,3244,2020-11-21T20:20:18.994999+00:00,1.0,S
1835,3031,2020-11-21T20:20:16.865000+00:00,1.0,P
1835,3244,2020-11-21T20:20:18.994999+00:00,1.0,S
1836,3031,2020-11-21T20:20:16.865000+00:00,1.0,P
1836,3244,2020-11-21T20:20:18.994999+00:00,1.0,S
1837,3031,2020-11-21T20:20:16.865000+00:00,1.0,P
1837,3244,2020-11-21T20:20:18.994999+00:00,1.0,S
1838,3031,2020-11-21T20:20:16.865000+00:00,1.0,P
1838,3244,2020-11-21T20:20:18.994999+00:00,1.0,S
1839,3031,2020-11-21T20:20:16.865000+00:00,1.0,P
1839,3244,2020-11-21T20:20:18.994999+00:00,1.0,S
1840,3031,2020-11-21T20:20:16.865000+00:00,1.0,P
1840,3244,2020-11-21T20:20:18.994999+00:00,1.0,S
1841,3031,2020-11-21T20:20:16.865000+00:00,1.0,P
1841,3244,2020-11-21T20:20:18.994999+00:00,1.0,S
1842,3031,2020-11-21T20:20:16.865000+00:00,1.0,P
1842,3244,2020-11-21T20:20:18.994999+00:00,1.0,S
1843,3031,2020-11-21T20:20:16.865000+00:00,1.0,P
1843,3244,2020-11-21T20:20:18.994999+00:00,1.0,S
1844,3031,2020-11-21T20:20:16.865000+00:00,1.0,P
1844,3244,2020-11-21T20:20:18.994999+00:00,1.0,S
1845,3031,2020-11-21T20:20:16.865000+00:00,1.0,P
1845,3244,2020-11-21T20:20:18.994999+00:00,1.0,S
1846,3031,2020-11-21T20:20:16.865000+00:00,1.0,P
1846,3244,2020-11-21T20:20:18.994999+00:00,1.0,S
1847,3031,2020-11-21T20:20:16.865000+00:00,1.0,P
1847,3244,2020-11-21T20:20:18.994999+00:00,1.0,S
1848,3031,2020-11-21T20:20:16.865000+00:00,1.0,P
1848,3244,2020-11-21T20:20:18.994999+00:00,1.0,S
1849,3031,2020-11-21T20:20:16.865000+00:00,1.0,P
1849,3244,2020-11-21T20:20:18.994999+00:00,1.0,S
1850,3031,2020-11-21T20:20:16.865000+00:00,1.0,P
1850,3244,2020-11-21T20:20:18.994999+00:00,1.0,S
1851,3032,2020-11-21T20:20:16.875000+00:00,1.0,P
1851,3244,2020-11-21T20:20:18.994999+00:00,1.0,S
1852,3032,2020-11-21T20:20:16.875000+00:00,1.0,P
1852,3244,2020-11-21T20:20:18.994999+00:00,1.0,S
1853,3032,2020-11-21T20:20:16.875000+00:00,1.0,P
1853,3244,2020-11-21T20:20:18.994999+00:00,1.0,S
1854,3032,2020-11-21T20:20:16.875000+00:00,1.0,P
1854,3243,2020-11-21T20:20:18.985000+00:00,1.0,S
1855,3032,2020-11-21T20:20:16.875000+00:00,1.0,P
1855,3243,2020-11-21T20:20:18.985000+00:00,1.0,S
1856,3032,2020-11-21T20:20:16.875000+00:00,1.0,P
1856,3243,2020-11-21T20:20:18.985000+00:00,1.0,S
1857,3032,2020-11-21T20:20:16.875000+00:00,1.0,P
1857,3243,2020-11-21T20:20:18.985000+00:00,1.0,S
1858,3032,2020-11-21T20:20:16.875000+00:00,1.0,P
1858,3243,2020-11-21T20:20:18.985000+00:00,1.0,S
1859,3032,2020-11-21T20:20:16.875000+00:00,1.0,P
1859,3243,2020-11-21T20:20:18.985000+00:00,1.0,S
1860,3032,2020-11-21T20:20:16.875000+00:00,1.0,P
1860,3243,2020-11-21T20:20:18.985000+00:00,1.0,S
1861,3032,2020-11-21T20:20:16.875000+00:00,1.0,P
1861,3243,2020-11-21T20:20:18.985000+00:00,1.0,S
1862,3032,2020-11-21T20:20:16.875000+00:00,1.0,P
1862,3242,2020-11-21T20:20:18.975000+00:00,1.0,S
1863,3032,2020-11-21T20:20:16.875000+00:00,1.0,P
1863,3242,2020-11-21T20:20:18.975000+00:00,1.0,S
1864,3032,2020-11-21T20:20:16.875000+00:00,1.0,P
1864,3242,2020-11-21T20:20:18.975000+00:00,1.0,S
1865,3032,2020-11-21T20:20:16.875000+00:00,1.0,P
1865,3242,2020-11-21T20:20:18.975000+00:00,1.0,S
1866,3032,2020-11-21T20:20:16.875000+00:00,1.0,P
1866,3242,2020-11-21T20:20:18.975000+00:00,1.0,S
1867,3032,2020-11-21T20:20:16.875000+00:00,1.0,P
1867,3242,2020-11-21T20:20:18.975000+00:00,1.0,S
1868,3032,2020-11-21T20:20:16.875000+00:00,1.0,P
1868,3242,2020-11-21T20:20:18.975000+00:00,1.0,S
1869,3032,2020-11-21T20:20:16.875000+00:00,1.0,P
1869,3242,2020-11-21T20:20:18.975000+00:00,1.0,S
1870,3032,2020-11-21T20:20:16.875000+00:00,1.0,P
1870,3241,2020-11-21T20:20:18.965000+00:00,1.0,S
1871,3032,2020-11-21T20:20:16.875000+00:00,1.0,P
1871,3241,2020-11-21T20:20:18.965000+00:00,1.0,S
1872,3032,2020-11-21T20:20:16.875000+00:00,1.0,P
1872,3241,2020-11-21T20:20:18.965000+00:00,1.0,S
1873,3032,2020-11-21T20:20:16.875000+00:00,1.0,P
1873,3241,2020-11-21T20:20:18.965000+00:00,1.0,S
1874,3032,2020-11-21T20:20:16.875000+00:00,1.0,P
1874,3241,2020-11-21T20:20:18.965000+00:00,1.0,S
1875,3032,2020-11-21T20:20:16.875000+00:00,1.0,P
1875,3241,2020-11-21T20:20:18.965000+00:00,1.0,S
1876,3032,2020-11-21T20:20:16.875000+00:00,1.0,P
1876,3241,2020-11-21T20:20:18.965000+00:00,1.0,S
1877,3032,2020-11-21T20:20:16.875000+00:00,1.0,P
1877,3240,2020-11-21T20:20:18.955000+00:00,1.0,S
1878,3032,2020-11-21T20:20:16.875000+00:00,1.0,P
1878,3240,2020-11-21T20:20:18.955000+00:00,1.0,S
1879,3032,2020-11-21T20:20:16.875000+00:00,1.0,P
1879,3240,2020-11-21T20:20:18.955000+00:00,1.0,S
1880,3032,2020-11-21T20:20:16.875000+00:00,1.0,P
1880,3240,2020-11-21T20:20:18.955000+00:00,1.0,S
1881,3032,2020-11-21T20:20:16.875000+00:00,1.0,P
1881,3240,2020-11-21T20:20:18.955000+00:00,1.0,S
1882,3032,2020-11-21T20:20:16.875000+00:00,1.0,P
1882,3240,2020-11-21T20:20:18.955000+00:00,1.0,S
1883,3032,2020-11-21T20:20:16.875000+00:00,1.0,P
1883,3240,2020-11-21T20:20:18.955000+00:00,1.0,S
1884,3032,2020-11-21T20:20:16.875000+00:00,1.0,P
1884,3239,2020-11-21T20:20:18.945000+00:00,1.0,S
1885,3032,2020-11-21T20:20:16.875000+00:00,1.0,P
1885,3239,2020-11-21T20:20:18.945000+00:00,1.0,S
1886,3032,2020-11-21T20:20:16.875000+00:00,1.0,P
1886,3239,2020-11-21T20:20:18.945000+00:00,1.0,S
1887,3032,2020-11-21T20:20:16.875000+00:00,1.0,P
1887,3239,2020-11-21T20:20:18.945000+00:00,1.0,S
1888,3032,2020-11-21T20:20:16.875000+00:00,1.0,P
1888,3239,2020-11-21T20:20:18.945000+00:00,1.0,S
1889,3031,2020-11-21T20:20:16.865000+00:00,1.0,P
1889,3239,2020-11-21T20:20:18.945000+00:00,1.0,S
1890,3031,2020-11-21T20:20:16.865000+00:00,1.0,P
1890,3239,2020-11-21T20:20:18.945000+00:00,1.0,S
1891,3031,2020-11-21T20:20:16.865000+00:00,1.0,P
1891,3239,2020-11-21T20:20:18.945000+00:00,1.0,S
1892,3031,2020-11-21T20:20:16.865000+00:00,1.0,P
1892,3239,2020-11-21T20:20:18.945000+00:00,1.0,S
1893,3031,2020-11-21T20:20:16.865000+00:00,1.0,P
1893,3239,2020-11-21T20:20:18.945000+00:00,1.0,S
1894,3031,2020-11-21T20:20:16.865000+00:00,1.0,P
1894,3239,2020-11-21T20:20:18.945000+00:00,1.0,S
1895,3031,2020-11-21T20:20:16.865000+00:00,1.0,P
1895,3239,2020-11-21T20:20:18.945000+00:00,1.0,S
1896,3031,2020-11-21T20:20:16.865000+00:00,1.0,P
1896,3239,2020-11-21T20:20:18.945000+00:00,1.0,S
1897,3031,2020-11-21T20:20:16.865000+00:00,1.0,P
1897,3239,2020-11-21T20:20:18.945000+00:00,1.0,S
1898,3031,2020-11-21T20:20:16.865000+00:00,1.0,P
1898,3239,2020-11-21T20:20:18.945000+00:00,1.0,S
1899,3031,2020-11-21T20:20:16.865000+00:00,1.0,P
1899,3239,2020-11-21T20:20:18.945000+00:00,1.0,S
1900,3031,2020-11-21T20:20:16.865000+00:00,1.0,P
1900,3239,2020-11-21T20:20:18.945000+00:00,1.0,S
1901,3031,2020-11-21T20:20:16.865000+00:00,1.0,P
1901,3239,2020-11-21T20:20:18.945000+00:00,1.0,S
1902,3031,2020-11-21T20:20:16.865000+00:00,1.0,P
1902,3239,2020-11-21T20:20:18.945000+00:00,1.0,S
1903,3031,2020-11-21T20:20:16.865000+00:00,1.0,P
1903,3239,2020-11-21T20:20:18.945000+00:00,1.0,S
1904,3031,2020-11-21T20:20:16.865000+00:00,1.0,P
1904,3238,2020-11-21T20:20:18.935000+00:00,1.0,S
1905,3031,2020-11-21T20:20:16.865000+00:00,1.0,P
1905,3238,2020-11-21T20:20:18.935000+00:00,1.0,S
1906,3031,2020-11-21T20:20:16.865000+00:00,1.0,P
1906,3238,2020-11-21T20:20:18.935000+00:00,1.0,S
1907,3031,2020-11-21T20:20:16.865000+00:00,1.0,P
1907,3238,2020-11-21T20:20:18.935000+00:00,1.0,S
1908,3031,2020-11-21T20:20:16.865000+00:00,1.0,P
1908,3238,2020-11-21T20:20:18.935000+00:00,1.0,S
1909,3031,2020-11-21T20:20:16.865000+00:00,1.0,P
1909,3238,2020-11-21T20:20:18.935000+00:00,1.0,S
1910,3031,2020-11-21T20:20:16.865000+00:00,1.0,P
1910,3238,2020-11-21T20:20:18.935000+00:00,1.0,S
1911,3031,2020-11-21T20:20:16.865000+00:00,1.0,P
1911,3238,2020-11-21T20:20:18.935000+00:00,1.0,S
1912,3031,2020-11-21T20:20:16.865000+00:00,1.0,P
1912,3237,2020-11-21T20:20:18.924999+00:00,1.0,S
1913,3031,2020-11-21T20:20:16.865000+00:00,1.0,P
1913,3237,2020-11-21T20:20:18.924999+00:00,1.0,S
1914,3031,2020-11-21T20:20:16.865000+00:00,1.0,P
1914,3237,2020-11-21T20:20:18.924999+00:00,1.0,S
1915,3031,2020-11-21T20:20:16.865000+00:00,1.0,P
1915,3237,2020-11-21T20:20:18.924999+00:00,1.0,S
1916,3031,2020-11-21T20:20:16.865000+00:00,1.0,P
1916,3237,2020-11-21T20:20:18.924999+00:00,1.0,S
1917,3031,2020-11-21T20:20:16.865000+00:00,1.0,P
1917,3237,2020-11-21T20:20:18.924999+00:00,1.0,S
1918,3031,2020-11-21T20:20:16.865000+00:00,1.0,P
1918,3237,2020-11-21T20:20:18.924999+00:00,1.0,S
1919,3031,2020-11-21T20:20:16.865000+00:00,1.0,P
1919,3237,2020-11-21T20:20:18.924999+00:00,1.0,S
1920,3031,2020-11-21T20:20:16.865000+00:00,1.0,P
1920,3237,2020-11-21T20:20:18.924999+00:00,1.0,S
1921,3031,2020-11-21T20:20:16.865000+00:00,1.0,P
1921,3237,2020-11-21T20:20:18.924999+00:00,1.0,S
1922,3031,2020-11-21T20:20:16.865000+00:00,1.0,P
1922,3237,2020-11-21T20:20:18.924999+00:00,1.0,S
1923,3031,2020-11-21T20:20:16.865000+00:00,1.0,P
1923,3236,2020-11-21T20:20:18.915000+00:00,1.0,S
1924,3031,2020-11-21T20:20:16.865000+00:00,1.0,P
1924,3236,2020-11-21T20:20:18.915000+00:00,1.0,S
1925,3031,2020-11-21T20:20:16.865000+00:00,1.0,P
1925,3236,2020-11-21T20:20:18.915000+00:00,1.0,S
1926,3031,2020-11-21T20:20:16.865000+00:00,1.0,P
1926,3236,2020-11-21T20:20:18.915000+00:00,1.0,S
1927,3030,2020-11-21T20:20:16.855000+00:00,1.0,P
1927,3236,2020-11-21T20:20:18.915000+00:00,1.0,S
1928,3030,2020-11-21T20:20:16.855000+00:00,1.0,P
1928,3236,2020-11-21T20:20:18.915000+00:00,1.0,S
1929,3030,2020-11-21T20:20:16.855000+00:00,1.0,P
1929,3236,2020-11-21T20:20:18.915000+00:00,1.0,S
1930,3030,2020-11-21T20:20:16.855000+00:00,1.0,P
1930,3236,2020-11-21T20:20:18.915000+00:00,1.0,S
1931,3030,2020-11-21T20:20:16.855000+00:00,1.0,P
1931,3235,2020-11-21T20:20:18.905000+00:00,1.0,S
1932,3030,2020-11-21T20:20:16.855000+00:00,1.0,P
1932,3235,2020-11-21T20:20:18.905000+00:00,1.0,S
1933,3030,2020-11-21T20:20:16.855000+00:00,1.0,P
1933,3235,2020-11-21T20:20:18.905000+00:00,1.0,S
1934,3030,2020-11-21T20:20:16.855000+00:00,1.0,P
1934,3235,2020-11-21T20:20:18.905000+00:00,1.0,S
1935,3030,2020-11-21T20:20:16.855000+00:00,1.0,P
1935,3235,2020-11-21T20:20:18.905000+00:00,1.0,S
1936,3030,2020-11-21T20:20:16.855000+00:00,1.0,P
1936,3235,2020-11-21T20:20:18.905000+00:00,1.0,S
1937,3030,2020-11-21T20:20:16.855000+00:00,1.0,P
1937,3234,2020-11-21T20:20:18.895000+00:00,1.0,S
1938,3030,2020-11-21T20:20:16.855000+00:00,1.0,P
1938,3234,2020-11-21T20:20:18.895000+00:00,1.0,S
1939,3030,2020-11-21T20:20:16.855000+00:00,1.0,P
1939,3234,2020-11-21T20:20:18.895000+00:00,1.0,S
1940,3030,2020-11-21T20:20:16.855000+00:00,1.0,P
1940,3234,2020-11-21T20:20:18.895000+00:00,1.0,S
1941,3030,2020-11-21T20:20:16.855000+00:00,1.0,P
1941,3234,2020-11-21T20:20:18.895000+00:00,1.0,S
1942,3030,2020-11-21T20:20:16.855000+00:00,1.0,P
1942,3234,2020-11-21T20:20:18.895000+00:00,1.0,S
1943,3029,2020-11-21T20:20:16.845000+00:00,1.0,P
1943,3234,2020-11-21T20:20:18.895000+00:00,1.0,S
1944,3029,2020-11-21T20:20:16.845000+00:00,1.0,P
1944,3234,2020-11-21T20:20:18.895000+00:00,1.0,S
1945,3029,2020-11-21T20:20:16.845000+00:00,1.0,P
1945,3234,2020-11-21T20:20:18.895000+00:00,1.0,S
1946,3029,2020-11-21T20:20:16.845000+00:00,1.0,P
1946,3234,2020-11-21T20:20:18.895000+00:00,1.0,S
1947,3029,2020-11-21T20:20:16.845000+00:00,1.0,P
1947,3233,2020-11-21T20:20:18.885000+00:00,1.0,S
1948,3029,2020-11-21T20:20:16.845000+00:00,1.0,P
1948,3233,2020-11-21T20:20:18.885000+00:00,1.0,S
1949,3029,2020-11-21T20:20:16.845000+00:00,1.0,P
1949,3233,2020-11-21T20:20:18.885000+00:00,1.0,S
1950,3029,2020-11-21T20:20:16.845000+00:00,1.0,P
1950,3233,2020-11-21T20:20:18.885000+00:00,1.0,S
1951,3029,2020-11-21T20:20:16.845000+00:00,1.0,P
1951,3232,2020-11-21T20:20:18.875000+00:00,1.0,S
1952,3029,2020-11-21T20:20:16.845000+00:00,1.0,P
1952,3232,2020-11-21T20:20:18.875000+00:00,1.0,S
1953,3029,2020-11-21T20:20:16.845000+00:00,1.0,P
1953,3232,2020-11-21T20:20:18.875000+00:00,1.0,S
1954,3029,2020-11-21T20:20:16.845000+00:00,1.0,P
1954,3232,2020-11-21T20:20:18.875000+00:00,1.0,S
1955,3029,2020-11-21T20:20:16.845000+00:00,1.0,P
1955,3231,2020-11-21T20:20:18.865000+00:00,1.0,S
1956,3029,2020-11-21T20:20:16.845000+00:00,1.0,P
1956,3231,2020-11-21T20:20:18.865000+00:00,1.0,S
1957,3028,2020-11-21T20:20:16.835000+00:00,1.0,P
1957,3231,2020-11-21T20:20:18.865000+00:00,1.0,S
1958,3028,2020-11-21T20:20:16.835000+00:00,1.0,P
1958,3231,2020-11-21T20:20:18.865000+00:00,1.0,S
1959,3028,2020-11-21T20:20:16.835000+00:00,1.0,P
1959,3230,2020-11-21T20:20:18.854999+00:00,1.0,S
1960,3028,2020-11-21T20:20:16.835000+00:00,1.0,P
1960,3230,2020-11-21T20:20:18.854999+00:00,1.0,S
1961,3028,2020-11-21T20:20:16.835000+00:00,1.0,P
1961,3230,2020-11-21T20:20:18.854999+00:00,1.0,S
1962,3028,2020-11-21T20:20:16.835000+00:00,1.0,P
1962,3230,2020-11-21T20:20:18.854999+00:00,1.0,S
1963,3028,2020-11-21T20:20:16.835000+00:00,1.0,P
1963,3230,2020-11-21T20:20:18.854999+00:00,1.0,S
1964,3028,2020-11-21T20:20:16.835000+00:00,1.0,P
1964,3230,2020-11-21T20:20:18.854999+00:00,1.0,S
1965,3028,2020-11-21T20:20:16.835000+00:00,1.0,P
1965,3229,2020-11-21T20:20:18.845000+00:00,1.0,S
1966,3028,2020-11-21T20:20:16.835000+00:00,1.0,P
1966,3229,2020-11-21T20:20:18.845000+00:00,1.0,S
1967,3028,2020-11-21T20:20:16.835000+00:00,1.0,P
1967,3229,2020-11-21T20:20:18.845000+00:00,1.0,S
1968,3028,2020-11-21T20:20:16.835000+00:00,1.0,P
1968,3229,2020-11-21T20:20:18.845000+00:00,1.0,S
1969,3028,2020-11-21T20:20:16.835000+00:00,1.0,P
1969,3229,2020-11-21T20:20:18.845000+00:00,1.0,S
1970,3027,2020-11-21T20:20:16.825000+00:00,1.0,P
1970,3229,2020-11-21T20:20:18.845000+00:00,1.0,S
1971,3027,2020-11-21T20:20:16.825000+00:00,1.0,P
1971,3229,2020-11-21T20:20:18.845000+00:00,1.0,S
1972,3027,2020-11-21T20:20:16.825000+00:00,1.0,P
1972,3229,2020-11-21T20:20:18.845000+00:00,1.0,S
1973,3027,2020-11-21T20:20:16.825000+00:00,1.0,P
1973,3229,2020-11-21T20:20:18.845000+00:00,1.0,S
1974,3027,2020-11-21T20:20:16.825000+00:00,1.0,P
1974,3229,2020-11-21T20:20:18.845000+00:00,1.0,S
1975,3027,2020-11-21T20:20:16.825000+00:00,1.0,P
1975,3229,2020-11-21T20:20:18.845000+00:00,1.0,S
1976,3027,2020-11-21T20:20:16.825000+00:00,1.0,P
1976,3229,2020-11-21T20:20:18.845000+00:00,1.0,S
1977,3027,2020-11-21T20:20:16.825000+00:00,1.0,P
1977,3229,2020-11-21T20:20:18.845000+00:00,1.0,S
1978,3027,2020-11-21T20:20:16.825000+00:00,1.0,P
1978,3228,2020-11-21T20:20:18.835000+00:00,1.0,S
1979,3027,2020-11-21T20:20:16.825000+00:00,1.0,P
1979,3228,2020-11-21T20:20:18.835000+00:00,1.0,S
1980,3027,2020-11-21T20:20:16.825000+00:00,1.0,P
1980,3228,2020-11-21T20:20:18.835000+00:00,1.0,S
1981,3027,2020-11-21T20:20:16.825000+00:00,1.0,P
1981,3228,2020-11-21T20:20:18.835000+00:00,1.0,S
1982,3027,2020-11-21T20:20:16.825000+00:00,1.0,P
1982,3228,2020-11-21T20:20:18.835000+00:00,1.0,S
1983,3027,2020-11-21T20:20:16.825000+00:00,1.0,P
1983,3228,2020-11-21T20:20:18.835000+00:00,1.0,S
1984,3027,2020-11-21T20:20:16.825000+00:00,1.0,P
1984,3228,2020-11-21T20:20:18.835000+00:00,1.0,S
1985,3026,2020-11-21T20:20:16.815000+00:00,1.0,P
1985,3228,2020-11-21T20:20:18.835000+00:00,1.0,S
1986,3026,2020-11-21T20:20:16.815000+00:00,1.0,P
1986,3228,2020-11-21T20:20:18.835000+00:00,1.0,S
1987,3026,2020-11-21T20:20:16.815000+00:00,1.0,P
1987,3228,2020-11-21T20:20:18.835000+00:00,1.0,S
1988,3026,2020-11-21T20:20:16.815000+00:00,1.0,P
1988,3228,2020-11-21T20:20:18.835000+00:00,1.0,S
1989,3026,2020-11-21T20:20:16.815000+00:00,1.0,P
1989,3227,2020-11-21T20:20:18.825000+00:00,1.0,S
1990,3026,2020-11-21T20:20:16.815000+00:00,1.0,P
1990,3227,2020-11-21T20:20:18.825000+00:00,1.0,S
1991,3026,2020-11-21T20:20:16.815000+00:00,1.0,P
1991,3227,2020-11-21T20:20:18.825000+00:00,1.0,S
1992,3026,2020-11-21T20:20:16.815000+00:00,1.0,P
1992,3227,2020-11-21T20:20:18.825000+00:00,1.0,S
1993,3026,2020-11-21T20:20:16.815000+00:00,1.0,P
1993,3227,2020-11-21T20:20:18.825000+00:00,1.0,S
1994,3026,2020-11-21T20:20:16.815000+00:00,1.0,P
1994,3227,2020-11-21T20:20:18.825000+00:00,1.0,S
1995,3026,2020-11-21T20:20:16.815000+00:00,1.0,P
1995,3226,2020-11-21T20:20:18.814999+00:00,1.0,S
1996,3026,2020-11-21T20:20:16.815000+00:00,1.0,P
1996,3226,2020-11-21T20:20:18.814999+00:00,1.0,S
1997,3026,2020-11-21T20:20:16.815000+00:00,1.0,P
1997,3226,2020-11-21T20:20:18.814999+00:00,1.0,S
1998,3026,2020-11-21T20:20:16.815000+00:00,1.0,P
1998,3226,2020-11-21T20:20:18.814999+00:00,1.0,S
1999,3025,2020-11-21T20:20:16.805000+00:00,1.0,P
1999,3226,2020-11-21T20:20:18.814999+00:00,1.0,S
2000,3025,2020-11-21T20:20:16.805000+00:00,1.0,P
2000,3225,2020-11-21T20:20:18.805000+00:00,1.0,S
2001,3025,2020-11-21T20:20:16.805000+00:00,1.0,P
2001,3225,2020-11-21T20:20:18.805000+00:00,1.0,S
2002,3025,2020-11-21T20:20:16.805000+00:00,1.0,P
2002,3225,2020-11-21T20:20:18.805000+00:00,1.0,S
2003,3025,2020-11-21T20:20:16.805000+00:00,1.0,P
2003,3225,2020-11-21T20:20:18.805000+00:00,1.0,S
2004,3025,2020-11-21T20:20:16.805000+00:00,1.0,P
2004,3225,2020-11-21T20:20:18.805000+00:00,1.0,S
2005,3025,2020-11-21T20:20:16.805000+00:00,1.0,P
2005,3224,2020-11-21T20:20:18.795000+00:00,1.0,S
2006,3025,2020-11-21T20:20:16.805000+00:00,1.0,P
2006,3224,2020-11-21T20:20:18.795000+00:00,1.0,S
2007,3025,2020-11-21T20:20:16.805000+00:00,1.0,P
2007,3224,2020-11-21T20:20:18.795000+00:00,1.0,S
2008,3025,2020-11-21T20:20:16.805000+00:00,1.0,P
2008,3224,2020-11-21T20:20:18.795000+00:00,1.0,S
2009,3025,2020-11-21T20:20:16.805000+00:00,1.0,P
2009,3223,2020-11-21T20:20:18.785000+00:00,1.0,S
2010,3024,2020-11-21T20:20:16.795000+00:00,1.0,P
2010,3223,2020-11-21T20:20:18.785000+00:00,1.0,S
2011,3024,2020-11-21T20:20:16.795000+00:00,1.0,P
2011,3223,2020-11-21T20:20:18.785000+00:00,1.0,S
2012,3024,2020-11-21T20:20:16.795000+00:00,1.0,P
2012,3223,2020-11-21T20:20:18.785000+00:00,1.0,S
2013,3024,2020-11-21T20:20:16.795000+00:00,1.0,P
2013,3222,2020-11-21T20:20:18.775000+00:00,1.0,S
2014,3024,2020-11-21T20:20:16.795000+00:00,1.0,P
2014,3222,2020-11-21T20:20:18.775000+00:00,1.0,S
2015,3024,2020-11-21T20:20:16.795000+00:00,1.0,P
2015,3222,2020-11-21T20:20:18.775000+00:00,1.0,S
2016,3024,2020-11-21T20:20:16.795000+00:00,1.0,P
2016,3222,2020-11-21T20:20:18.775000+00:00,1.0,S
2017,3024,2020-11-21T20:20:16.795000+00:00,1.0,P
2017,3221,2020-11-21T20:20:18.765000+00:00,1.0,S
2018,3024,2020-11-21T20:20:16.795000+00:00,1.0,P
2018,3221,2020-11-21T20:20:18.765000+00:00,1.0,S
2019,3024,2020-11-21T20:20:16.795000+00:00,1.0,P
2019,3221,2020-11-21T20:20:18.765000+00:00,1.0,S
2020,3023,2020-11-21T20:20:16.785000+00:00,1.0,P
2020,3220,2020-11-21T20:20:18.755000+00:00,1.0,S
2021,3023,2020-11-21T20:20:16.785000+00:00,1.0,P
2021,3220,2020-11-21T20:20:18.755000+00:00,1.0,S
2022,3023,2020-11-21T20:20:16.785000+00:00,1.0,P
2022,3220,2020-11-21T20:20:18.755000+00:00,1.0,S
2023,3023,2020-11-21T20:20:16.785000+00:00,1.0,P
2023,3219,2020-11-21T20:20:18.744999+00:00,1.0,S
2024,3023,2020-11-21T20:20:16.785000+00:00,1.0,P
2024,3219,2020-11-21T20:20:18.744999+00:00,1.0,S
2025,3023,2020-11-21T20:20:16.785000+00:00,1.0,P
2025,3219,2020-11-21T20:20:18.744999+00:00,1.0,S
2026,3023,2020-11-21T20:20:16.785000+00:00,1.0,P
2026,3218,2020-11-21T20:20:18.735000+00:00,1.0,S
2027,3023,2020-11-21T20:20:16.785000+00:00,1.0,P
2027,3218,2020-11-21T20:20:18.735000+00:00,1.0,S
2028,3023,2020-11-21T20:20:16.785000+00:00,1.0,P
2028,3218,2020-11-21T20:20:18.735000+00:00,1.0,S
2029,3022,2020-11-21T20:20:16.775000+00:00,1.0,P
2029,3217,2020-11-21T20:20:18.725000+00:00,1.0,S
2030,3022,2020-11-21T20:20:16.775000+00:00,1.0,P
2030,3217,2020-11-21T20:20:18.725000+00:00,1.0,S
2031,3022,2020-11-21T20:20:16.775000+00:00,1.0,P
2031,3216,2020-11-21T20:20:18.715000+00:00,1.0,S
2032,3022,2020-11-21T20:20:16.775000+00:00,1.0,P
2032,3216,2020-11-21T20:20:18.715000+00:00,1.0,S
2033,3022,2020-11-21T20:20:16.775000+00:00,1.0,P
2033,3216,2020-11-21T20:20:18.715000+00:00,1.0,S
2034,3022,2020-11-21T20:20:16.775000+00:00,1.0,P
2034,3215,2020-11-21T20:20:18.705000+00:00,1.0,S
2035,3022,2020-11-21T20:20:16.775000+00:00,1.0,P
2035,3215,2020-11-21T20:20:18.705000+00:00,1.0,S
2036,3022,2020-11-21T20:20:16.775000+00:00,1.0,P
2036,3215,2020-11-21T20:20:18.705000+00:00,1.0,S
2037,3022,2020-11-21T20:20:16.775000+00:00,1.0,P
2037,3214,2020-11-21T20:20:18.695000+00:00,1.0,S
2038,3021,2020-11-21T20:20:16.765000+00:00,1.0,P
2038,3214,2020-11-21T20:20:18.695000+00:00,1.0,S
2039,3021,2020-11-21T20:20:16.765000+00:00,1.0,P
2039,3214,2020-11-21T20:20:18.695000+00:00,1.0,S
2040,3021,2020-11-21T20:20:16.765000+00:00,1.0,P
2040,3213,2020-11-21T20:20:18.685000+00:00,1.0,S
2041,3021,2020-11-21T20:20:16.765000+00:00,1.0,P
2041,3213,2020-11-21T20:20:18.685000+00:00,1.0,S
2042,3021,2020-11-21T20:20:16.765000+00:00,1.0,P
2042,3213,2020-11-21T20:20:18.685000+00:00,1.0,S
2043,3021,2020-11-21T20:20:16.765000+00:00,1.0,P
2043,3212,2020-11-21T20:20:18.674999+00:00,1.0,S
2044,3021,2020-11-21T20:20:16.765000+00:00,1.0,P
2044,3212,2020-11-21T20:20:18.674999+00:00,1.0,S
2045,3021,2020-11-21T20:20:16.765000+00:00,1.0,P
2045,3212,2020-11-21T20:20:18.674999+00:00,1.0,S
2046,3020,2020-11-21T20:20:16.755000+00:00,1.0,P
2046,3211,2020-11-21T20:20:18.665000+00:00,1.0,S
2047,3020,2020-11-21T20:20:16.755000+00:00,1.0,P
2047,3211,2020-11-21T20:20:18.665000+00:00,1.0,S
2048,3020,2020-11-21T20:20:16.755000+00:00,1.0,P
2048,3211,2020-11-21T20:20:18.665000+00:00,1.0,S
2049,3020,2020-11-21T20:20:16.755000+00:00,1.0,P
2049,3211,2020-11-21T20:20:18.665000+00:00,1.0,S
2050,3020,2020-11-21T20:20:16.755000+00:00,1.0,P
2050,3210,2020-11-21T20:20:18.655000+00:00,1.0,S
2051,3020,2020-11-21T20:20:16.755000+00:00,1.0,P
2051,3210,2020-11-21T20:20:18.655000+00:00,1.0,S
2052,3020,2020-11-21T20:20:16.755000+00:00,1.0,P
2052,3210,2020-11-21T20:20:18.655000+00:00,1.0,S
2053,3020,2020-11-21T20:20:16.755000+00:00,1.0,P
2053,3209,2020-11-21T20:20:18.645000+00:00,1.0,S
2054,3020,2020-11-21T20:20:16.755000+00:00,1.0,P
2054,3209,2020-11-21T20:20:18.645000+00:00,1.0,S
2055,3019,2020-11-21T20:20:16.745000+00:00,1.0,P
2055,3209,2020-11-21T20:20:18.645000+00:00,1.0,S
2056,3019,2020-11-21T20:20:16.745000+00:00,1.0,P
2056,3209,2020-11-21T20:20:18.645000+00:00,1.0,S
2057,3019,2020-11-21T20:20:16.745000+00:00,1.0,P
2057,3208,2020-11-21T20:20:18.635000+00:00,1.0,S
2058,3019,2020-11-21T20:20:16.745000+00:00,1.0,P
2058,3208,2020-11-21T20:20:18.635000+00:00,1.0,S
2059,3019,2020-11-21T20:20:16.745000+00:00,1.0,P
2059,3208,2020-11-21T20:20:18.635000+00:00,1.0,S
2060,3019,2020-11-21T20:20:16.745000+00:00,1.0,P
2060,3208,2020-11-21T20:20:18.635000+00:00,1.0,S
2061,3019,2020-11-21T20:20:16.745000+00:00,1.0,P
2061,3207,2020-11-21T20:20:18.625000+00:00,1.0,S
2062,3019,2020-11-21T20:20:16.745000+00:00,1.0,P
2062,3207,2020-11-21T20:20:18.625000+00:00,1.0,S
2063,3019,2020-11-21T20:20:16.745000+00:00,1.0,P
2063,3207,2020-11-21T20:20:18.625000+00:00,1.0,S
2064,3018,2020-11-21T20:20:16.735000+00:00,1.0,P
2064,3207,2020-11-21T20:20:18.625000+00:00,1.0,S
2065,3018,2020-11-21T20:20:16.735000+00:00,1.0,P
2065,3206,2020-11-21T20:20:18.615000+00:00,1.0,S
2066,3018,2020-11-21T20:20:16.735000+00:00,1.0,P
2066,3206,2020-11-21T20:20:18.615000+00:00,1.0,S
2067,3018,2020-11-21T20:20:16.735000+00:00,1.0,P
2067,3206,2020-11-21T20:20:18.615000+00:00,1.0,S
2068,3018,2020-11-21T20:20:16.735000+00:00,1.0,P
2068,3206,2020-11-21T20:20:18.615000+00:00,1.0,S
2069,3018,2020-11-21T20:20:16.735000+00:00,1.0,P
2069,3205,2020-11-21T20:20:18.604999+00:00,1.0,S
2070,3018,2020-11-21T20:20:16.735000+00:00,1.0,P
2070,3205,2020-11-21T20:20:18.604999+00:00,1.0,S
2071,3018,2020-11-21T20:20:16.735000+00:00,1.0,P
2071,3205,2020-11-21T20:20:18.604999+00:00,1.0,S
2072,3018,2020-11-21T20:20:16.735000+00:00,1.0,P
2072,3205,2020-11-21T20:20:18.604999+00:00,1.0,S
2073,3017,2020-11-21T20:20:16.725000+00:00,1.0,P
2073,3204,2020-11-21T20:20:18.595000+00:00,1.0,S
2074,3017,2020-11-21T20:20:16.725000+00:00,1.0,P
2074,3204,2020-11-21T20:20:18.595000+00:00,1.0,S
2075,3017,2020-11-21T20:20:16.725000+00:00,1.0,P
2075,3204,2020-11-21T20:20:18.595000+00:00,1.0,S
2076,3017,2020-11-21T20:20:16.725000+00:00,1.0,P
2076,3204,2020-11-21T20:20:18.595000+00:00,1.0,S
2077,3017,2020-11-21T20:20:16.725000+00:00,1.0,P
2077,3203,2020-11-21T20:20:18.585000+00:00,1.0,S
2078,3017,2020-11-21T20:20:16.725000+00:00,1.0,P
2078,3203,2020-11-21T20:20:18.585000+00:00,1.0,S
2079,3017,2020-11-21T20:20:16.725000+00:00,1.0,P
2079,3203,2020-11-21T20:20:18.585000+00:00,1.0,S
2080,3017,2020-11-21T20:20:16.725000+00:00,1.0,P
2080,3203,2020-11-21T20:20:18.585000+00:00,1.0,S
2081,3017,2020-11-21T20:20:16.725000+00:00,1.0,P
2081,3202,2020-11-21T20:20:18.575000+00:00,1.0,S
2082,3017,2020-11-21T20:20:16.725000+00:00,1.0,P
2082,3202,2020-11-21T20:20:18.575000+00:00,1.0,S
2083,3016,2020-11-21T20:20:16.715000+00:00,1.0,P
2083,3202,2020-11-21T20:20:18.575000+00:00,1.0,S
2084,3016,2020-11-21T20:20:16.715000+00:00,1.0,P
2084,3201,2020-11-21T20:20:18.564999+00:00,1.0,S
2085,3016,2020-11-21T20:20:16.715000+00:00,1.0,P
2085,3201,2020-11-21T20:20:18.564999+00:00,1.0,S
2086,3016,2020-11-21T20:20:16.715000+00:00,1.0,P
2086,3201,2020-11-21T20:20:18.564999+00:00,1.0,S
2087,3016,2020-11-21T20:20:16.715000+00:00,1.0,P
2087,3201,2020-11-21T20:20:18.564999+00:00,1.0,S
2088,3016,2020-11-21T20:20:16.715000+00:00,1.0,P
2088,3201,2020-11-21T20:20:18.564999+00:00,1.0,S
2089,3016,2020-11-21T20:20:16.715000+00:00,1.0,P
2089,3201,2020-11-21T20:20:18.564999+00:00,1.0,S
2090,3016,2020-11-21T20:20:16.715000+00:00,1.0,P
2090,3201,2020-11-21T20:20:18.564999+00:00,1.0,S
2091,3016,2020-11-21T20:20:16.715000+00:00,1.0,P
2091,3201,2020-11-21T20:20:18.564999+00:00,1.0,S
2092,3015,2020-11-21T20:20:16.705000+00:00,1.0,P
2092,3201,2020-11-21T20:20:18.564999+00:00,1.0,S
2093,3015,2020-11-21T20:20:16.705000+00:00,1.0,P
2093,3201,2020-11-21T20:20:18.564999+00:00,1.0,S
2094,3015,2020-11-21T20:20:16.705000+00:00,1.0,P
2094,3201,2020-11-21T20:20:18.564999+00:00,1.0,S
2095,3015,2020-11-21T20:20:16.705000+00:00,1.0,P
2095,3200,2020-11-21T20:20:18.555000+00:00,1.0,S
2096,3015,2020-11-21T20:20:16.705000+00:00,1.0,P
2096,3200,2020-11-21T20:20:18.555000+00:00,1.0,S
2097,3015,2020-11-21T20:20:16.705000+00:00,1.0,P
2097,3200,2020-11-21T20:20:18.555000+00:00,1.0,S
2098,3015,2020-11-21T20:20:16.705000+00:00,1.0,P
2098,3200,2020-11-21T20:20:18.555000+00:00,1.0,S
2099,3015,2020-11-21T20:20:16.705000+00:00,1.0,P
2099,3200,2020-11-21T20:20:18.555000+00:00,1.0,S
2100,3015,2020-11-21T20:20:16.705000+00:00,1.0,P
2100,3200,2020-11-21T20:20:18.555000+00:00,1.0,S
2101,3015,2020-11-21T20:20:16.705000+00:00,1.0,P
2101,3200,2020-11-21T20:20:18.555000+00:00,1.0,S
2102,3014,2020-11-21T20:20:16.695000+00:00,1.0,P
2102,3200,2020-11-21T20:20:18.555000+00:00,1.0,S
2103,3014,2020-11-21T20:20:16.695000+00:00,1.0,P
2103,3200,2020-11-21T20:20:18.555000+00:00,1.0,S
2104,3014,2020-11-21T20:20:16.695000+00:00,1.0,P
2104,3200,2020-11-21T20:20:18.555000+00:00,1.0,S
2105,3014,2020-11-21T20:20:16.695000+00:00,1.0,P
2105,3200,2020-11-21T20:20:18.555000+00:00,1.0,S
2106,3014,2020-11-21T20:20:16.695000+00:00,1.0,P
2106,3200,2020-11-21T20:20:18.555000+00:00,1.0,S
2107,3014,2020-11-21T20:20:16.695000+00:00,1.0,P
2107,3200,2020-11-21T20:20:18.555000+00:00,1.0,S
2108,3014,2020-11-21T20:20:16.695000+00:00,1.0,P
2108,3200,2020-11-21T20:20:18.555000+00:00,1.0,S
2109,3014,2020-11-21T20:20:16.695000+00:00,1.0,P
2109,3200,2020-11-21T20:20:18.555000+00:00,1.0,S
2110,3014,2020-11-21T20:20:16.695000+00:00,1.0,P
2110,3200,2020-11-21T20:20:18.555000+00:00,1.0,S
2111,3013,2020-11-21T20:20:16.685000+00:00,1.0,P
2111,3200,2020-11-21T20:20:18.555000+00:00,1.0,S
2112,3013,2020-11-21T20:20:16.685000+00:00,1.0,P
2112,3200,2020-11-21T20:20:18.555000+00:00,1.0,S
2113,3013,2020-11-21T20:20:16.685000+00:00,1.0,P
2113,3200,2020-11-21T20:20:18.555000+00:00,1.0,S
2114,3013,2020-11-21T20:20:16.685000+00:00,1.0,P
2114,3200,2020-11-21T20:20:18.555000+00:00,1.0,S
2115,3013,2020-11-21T20:20:16.685000+00:00,1.0,P
2115,3199,2020-11-21T20:20:18.545000+00:00,1.0,S
2116,3013,2020-11-21T20:20:16.685000+00:00,1.0,P
2116,3199,2020-11-21T20:20:18.545000+00:00,1.0,S
2117,3013,2020-11-21T20:20:16.685000+00:00,1.0,P
2117,3199,2020-11-21T20:20:18.545000+00:00,1.0,S
2118,3013,2020-11-21T20:20:16.685000+00:00,1.0,P
2118,3199,2020-11-21T20:20:18.545000+00:00,1.0,S
2119,3013,2020-11-21T20:20:16.685000+00:00,1.0,P
2119,3199,2020-11-21T20:20:18.545000+00:00,1.0,S
2120,3012,2020-11-21T20:20:16.675000+00:00,1.0,P
2120,3199,2020-11-21T20:20:18.545000+00:00,1.0,S
2121,3012,2020-11-21T20:20:16.675000+00:00,1.0,P
2121,3199,2020-11-21T20:20:18.545000+00:00,1.0,S
2122,3012,2020-11-21T20:20:16.675000+00:00,1.0,P
2122,3199,2020-11-21T20:20:18.545000+00:00,1.0,S
2123,3012,2020-11-21T20:20:16.675000+00:00,1.0,P
2123,3199,2020-11-21T20:20:18.545000+00:00,1.0,S
2124,3012,2020-11-21T20:20:16.675000+00:00,1.0,P
2124,3199,2020-11-21T20:20:18.545000+00:00,1.0,S
2125,3012,2020-11-21T20:20:16.675000+00:00,1.0,P
2125,3199,2020-11-21T20:20:18.545000+00:00,1.0,S
2126,3012,2020-11-21T20:20:16.675000+00:00,1.0,P
2126,3199,2020-11-21T20:20:18.545000+00:00,1.0,S
2127,3012,2020-11-21T20:20:16.675000+00:00,1.0,P
2127,3199,2020-11-21T20:20:18.545000+00:00,1.0,S
2128,3012,2020-11-21T20:20:16.675000+00:00,1.0,P
2128,3199,2020-11-21T20:20:18.545000+00:00,1.0,S
2129,3012,2020-11-21T20:20:16.675000+00:00,1.0,P
2129,3199,2020-11-21T20:20:18.545000+00:00,1.0,S
2130,3011,2020-11-21T20:20:16.665000+00:00,1.0,P
2130,3199,2020-11-21T20:20:18.545000+00:00,1.0,S
2131,3011,2020-11-21T20:20:16.665000+00:00,1.0,P
2131,3199,2020-11-21T20:20:18.545000+00:00,1.0,S
2132,3011,2020-11-21T20:20:16.665000+00:00,1.0,P
2132,3199,2020-11-21T20:20:18.545000+00:00,1.0,S
2133,3011,2020-11-21T20:20:16.665000+00:00,1.0,P
2133,3199,2020-11-21T20:20:18.545000+00:00,1.0,S
2134,3011,2020-11-21T20:20:16.665000+00:00,1.0,P
2134,3198,2020-11-21T20:20:18.535000+00:00,1.0,S
2135,3011,2020-11-21T20:20:16.665000+00:00,1.0,P
2135,3198,2020-11-21T20:20:18.535000+00:00,1.0,S
2136,3011,2020-11-21T20:20:16.665000+00:00,1.0,P
2136,3198,2020-11-21T20:20:18.535000+00:00,1.0,S
2137,3011,2020-11-21T20:20:16.665000+00:00,1.0,P
2137,3198,2020-11-21T20:20:18.535000+00:00,1.0,S
2138,3011,2020-11-21T20:20:16.665000+00:00,1.0,P
2138,3198,2020-11-21T20:20:18.535000+00:00,1.0,S
2139,3011,2020-11-21T20:20:16.665000+00:00,1.0,P
2139,3198,2020-11-21T20:20:18.535000+00:00,1.0,S
2140,3011,2020-11-21T20:20:16.665000+00:00,1.0,P
2140,3198,2020-11-21T20:20:18.535000+00:00,1.0,S
2141,3011,2020-11-21T20:20:16.665000+00:00,1.0,P
2141,3198,2020-11-21T20:20:18.535000+00:00,1.0,S
2142,3010,2020-11-21T20:20:16.655000+00:00,1.0,P
2142,3198,2020-11-21T20:20:18.535000+00:00,1.0,S
2143,3010,2020-11-21T20:20:16.655000+00:00,1.0,P
2143,3198,2020-11-21T20:20:18.535000+00:00,1.0,S
2144,3010,2020-11-21T20:20:16.655000+00:00,1.0,P
2144,3198,2020-11-21T20:20:18.535000+00:00,1.0,S
2145,3010,2020-11-21T20:20:16.655000+00:00,1.0,P
2145,3198,2020-11-21T20:20:18.535000+00:00,1.0,S
2146,3010,2020-11-21T20:20:16.655000+00:00,1.0,P
2146,3198,2020-11-21T20:20:18.535000+00:00,1.0,S
2147,3010,2020-11-21T20:20:16.655000+00:00,1.0,P
2147,3198,2020-11-21T20:20:18.535000+00:00,1.0,S
2148,3010,2020-11-21T20:20:16.655000+00:00,1.0,P
2148,3198,2020-11-21T20:20:18.535000+00:00,1.0,S
2149,3010,2020-11-21T20:20:16.655000+00:00,1.0,P
2149,3198,2020-11-21T20:20:18.535000+00:00,1.0,S
2150,3010,2020-11-21T20:20:16.655000+00:00,1.0,P
2150,3198,2020-11-21T20:20:18.535000+00:00,1.0,S
2151,3010,2020-11-21T20:20:16.655000+00:00,1.0,P
2151,3198,2020-11-21T20:20:18.535000+00:00,1.0,S
2152,3010,2020-11-21T20:20:16.655000+00:00,1.0,P
2152,3198,2020-11-21T20:20:18.535000+00:00,1.0,S
2153,3010,2020-11-21T20:20:16.655000+00:00,1.0,P
2153,3198,2020-11-21T20:20:18.535000+00:00,1.0,S
2154,3010,2020-11-21T20:20:16.655000+00:00,1.0,P
2154,3198,2020-11-21T20:20:18.535000+00:00,1.0,S
2155,3010,2020-11-21T20:20:16.655000+00:00,1.0,P
2155,3198,2020-11-21T20:20:18.535000+00:00,1.0,S
2156,3010,2020-11-21T20:20:16.655000+00:00,1.0,P
2156,3198,2020-11-21T20:20:18.535000+00:00,1.0,S
2157,3010,2020-11-21T20:20:16.655000+00:00,1.0,P
2157,3198,2020-11-21T20:20:18.535000+00:00,1.0,S
2158,3009,2020-11-21T20:20:16.645000+00:00,1.0,P
2158,3198,2020-11-21T20:20:18.535000+00:00,1.0,S
2159,3009,2020-11-21T20:20:16.645000+00:00,1.0,P
2159,3198,2020-11-21T20:20:18.535000+00:00,1.0,S
2160,3009,2020-11-21T20:20:16.645000+00:00,1.0,P
2160,3198,2020-11-21T20:20:18.535000+00:00,1.0,S
2161,3009,2020-11-21T20:20:16.645000+00:00,1.0,P
2161,3198,2020-11-21T20:20:18.535000+00:00,1.0,S
2162,3009,2020-11-21T20:20:16.645000+00:00,1.0,P
2162,3198,2020-11-21T20:20:18.535000+00:00,1.0,S
2163,3009,2020-11-21T20:20:16.645000+00:00,1.0,P
2163,3198,2020-11-21T20:20:18.535000+00:00,1.0,S
2164,3009,2020-11-21T20:20:16.645000+00:00,1.0,P
2164,3198,2020-11-21T20:20:18.535000+00:00,1.0,S
2165,3009,2020-11-21T20:20:16.645000+00:00,1.0,P
2165,3198,2020-11-21T20:20:18.535000+00:00,1.0,S
2166,3009,2020-11-21T20:20:16.645000+00:00,1.0,P
2166,3198,2020-11-21T20:20:18.535000+00:00,1.0,S
2167,3009,2020-11-21T20:20:16.645000+00:00,1.0,P
2167,3198,2020-11-21T20:20:18.535000+00:00,1.0,S
2168,3009,2020-11-21T20:20:16.645000+00:00,1.0,P
2168,3198,2020-11-21T20:20:18.535000+00:00,1.0,S
2169,3009,2020-11-21T20:20:16.645000+00:00,1.0,P
2169,3198,2020-11-21T20:20:18.535000+00:00,1.0,S
2170,3009,2020-11-21T20:20:16.645000+00:00,1.0,P
2170,3198,2020-11-21T20:20:18.535000+00:00,1.0,S
2171,3009,2020-11-21T20:20:16.645000+00:00,1.0,P
2171,3198,2020-11-21T20:20:18.535000+00:00,1.0,S
2172,3009,2020-11-21T20:20:16.645000+00:00,1.0,P
2172,3198,2020-11-21T20:20:18.535000+00:00,1.0,S
2173,3009,2020-11-21T20:20:16.645000+00:00,1.0,P
2173,3198,2020-11-21T20:20:18.535000+00:00,1.0,S
2174,3009,2020-11-21T20:20:16.645000+00:00,1.0,P
2174,3198,2020-11-21T20:20:18.535000+00:00,1.0,S
2175,3009,2020-11-21T20:20:16.645000+00:00,1.0,P
2175,3198,2020-11-21T20:20:18.535000+00:00,1.0,S
2176,3009,2020-11-21T20:20:16.645000+00:00,1.0,P
2176,3198,2020-11-21T20:20:18.535000+00:00,1.0,S
2177,3008,2020-11-21T20:20:16.635000+00:00,1.0,P
2177,3198,2020-11-21T20:20:18.535000+00:00,1.0,S
2178,3008,2020-11-21T20:20:16.635000+00:00,1.0,P
2178,3198,2020-11-21T20:20:18.535000+00:00,1.0,S
2179,3008,2020-11-21T20:20:16.635000+00:00,1.0,P
2179,3198,2020-11-21T20:20:18.535000+00:00,1.0,S
2180,3008,2020-11-21T20:20:16.635000+00:00,1.0,P
2180,3198,2020-11-21T20:20:18.535000+00:00,1.0,S
2181,3008,2020-11-21T20:20:16.635000+00:00,1.0,P
2181,3198,2020-11-21T20:20:18.535000+00:00,1.0,S
2182,3008,2020-11-21T20:20:16.635000+00:00,1.0,P
2182,3198,2020-11-21T20:20:18.535000+00:00,1.0,S
2183,3008,2020-11-21T20:20:16.635000+00:00,1.0,P
2183,3198,2020-11-21T20:20:18.535000+00:00,1.0,S
2184,3008,2020-11-21T20:20:16.635000+00:00,1.0,P
2184,3198,2020-11-21T20:20:18.535000+00:00,1.0,S
2185,3008,2020-11-21T20:20:16.635000+00:00,1.0,P
2185,3198,2020-11-21T20:20:18.535000+00:00,1.0,S
2186,3008,2020-11-21T20:20:16.635000+00:00,1.0,P
2186,3198,2020-11-21T20:20:18.535000+00:00,1.0,S
2187,3008,2020-11-21T20:20:16.635000+00:00,1.0,P
2187,3198,2020-11-21T20:20:18.535000+00:00,1.0,S
2188,3008,2020-11-21T20:20:16.635000+00:00,1.0,P
2188,3198,2020-11-21T20:20:18.535000+00:00,1.0,S
2189,3008,2020-11-21T20:20:16.635000+00:00,1.0,P
2189,3198,2020-11-21T20:20:18.535000+00:00,1.0,S
2190,3008,2020-11-21T20:20:16.635000+00:00,1.0,P
2190,3199,2020-11-21T20:20:18.545000+00:00,1.0,S
2191,3008,2020-11-21T20:20:16.635000+00:00,1.0,P
2191,3199,2020-11-21T20:20:18.545000+00:00,1.0,S
2192,3008,2020-11-21T20:20:16.635000+00:00,1.0,P
2192,3199,2020-11-21T20:20:18.545000+00:00,1.0,S
2193,3008,2020-11-21T20:20:16.635000+00:00,1.0,P
2193,3199,2020-11-21T20:20:18.545000+00:00,1.0,S
2194,3008,2020-11-21T20:20:16.635000+00:00,1.0,P
2194,3199,2020-11-21T20:20:18.545000+00:00,1.0,S
2195,3008,2020-11-21T20:20:16.635000+00:00,1.0,P
2195,3199,2020-11-21T20:20:18.545000+00:00,1.0,S
2196,3008,2020-11-21T20:20:16.635000+00:00,1.0,P
2196,3199,2020-11-21T20:20:18.545000+00:00,1.0,S
2197,3008,2020-11-21T20:20:16.635000+00:00,1.0,P
2197,3199,2020-11-21T20:20:18.545000+00:00,1.0,S
2198,3008,2020-11-21T20:20:16.635000+00:00,1.0,P
2198,3199,2020-11-21T20:20:18.545000+00:00,1.0,S
2199,3007,2020-11-21T20:20:16.625000+00:00,1.0,P
2199,3199,2020-11-21T20:20:18.545000+00:00,1.0,S
2200,3007,2020-11-21T20:20:16.625000+00:00,1.0,P
2200,3199,2020-11-21T20:20:18.545000+00:00,1.0,S
2201,3007,2020-11-21T20:20:16.625000+00:00,1.0,P
2201,3199,2020-11-21T20:20:18.545000+00:00,1.0,S
2202,3007,2020-11-21T20:20:16.625000+00:00,1.0,P
2202,3199,2020-11-21T20:20:18.545000+00:00,1.0,S
2203,3007,2020-11-21T20:20:16.625000+00:00,1.0,P
2203,3199,2020-11-21T20:20:18.545000+00:00,1.0,S
2204,3007,2020-11-21T20:20:16.625000+00:00,1.0,P
2204,3199,2020-11-21T20:20:18.545000+00:00,1.0,S
2205,3007,2020-11-21T20:20:16.625000+00:00,1.0,P
2205,3199,2020-11-21T20:20:18.545000+00:00,1.0,S
2206,3007,2020-11-21T20:20:16.625000+00:00,1.0,P
2206,3199,2020-11-21T20:20:18.545000+00:00,1.0,S
2207,3007,2020-11-21T20:20:16.625000+00:00,1.0,P
2207,3199,2020-11-21T20:20:18.545000+00:00,1.0,S
2208,3007,2020-11-21T20:20:16.625000+00:00,1.0,P
2208,3199,2020-11-21T20:20:18.545000+00:00,1.0,S
2209,3007,2020-11-21T20:20:16.625000+00:00,1.0,P
2209,3199,2020-11-21T20:20:18.545000+00:00,1.0,S
2210,3007,2020-11-21T20:20:16.625000+00:00,1.0,P
2210,3199,2020-11-21T20:20:18.545000+00:00,1.0,S
2211,3007,2020-11-21T20:20:16.625000+00:00,1.0,P
2211,3199,2020-11-21T20:20:18.545000+00:00,1.0,S
2212,3007,2020-11-21T20:20:16.625000+00:00,1.0,P
2212,3199,2020-11-21T20:20:18.545000+00:00,1.0,S
2213,3007,2020-11-21T20:20:16.625000+00:00,1.0,P
2213,3199,2020-11-21T20:20:18.545000+00:00,1.0,S
2214,3007,2020-11-21T20:20:16.625000+00:00,1.0,P
2214,3199,2020-11-21T20:20:18.545000+00:00,1.0,S
2215,3007,2020-11-21T20:20:16.625000+00:00,1.0,P
2215,3199,2020-11-21T20:20:18.545000+00:00,1.0,S
2216,3007,2020-11-21T20:20:16.625000+00:00,1.0,P
2216,3199,2020-11-21T20:20:18.545000+00:00,1.0,S
2217,3007,2020-11-21T20:20:16.625000+00:00,1.0,P
2217,3198,2020-11-21T20:20:18.535000+00:00,1.0,S
2218,3007,2020-11-21T20:20:16.625000+00:00,1.0,P
2218,3198,2020-11-21T20:20:18.535000+00:00,1.0,S
2219,3007,2020-11-21T20:20:16.625000+00:00,1.0,P
2219,3198,2020-11-21T20:20:18.535000+00:00,1.0,S
2220,3007,2020-11-21T20:20:16.625000+00:00,1.0,P
2220,3198,2020-11-21T20:20:18.535000+00:00,1.0,S
2221,3007,2020-11-21T20:20:16.625000+00:00,1.0,P
2221,3198,2020-11-21T20:20:18.535000+00:00,1.0,S
2222,3007,2020-11-21T20:20:16.625000+00:00,1.0,P
2222,3198,2020-11-21T20:20:18.535000+00:00,1.0,S
2223,3007,2020-11-21T20:20:16.625000+00:00,1.0,P
2223,3198,2020-11-21T20:20:18.535000+00:00,1.0,S
2224,3007,2020-11-21T20:20:16.625000+00:00,1.0,P
2224,3199,2020-11-21T20:20:18.545000+00:00,1.0,S
2225,3007,2020-11-21T20:20:16.625000+00:00,1.0,P
2225,3199,2020-11-21T20:20:18.545000+00:00,1.0,S
2226,3007,2020-11-21T20:20:16.625000+00:00,1.0,P
2226,3199,2020-11-21T20:20:18.545000+00:00,1.0,S
2227,3007,2020-11-21T20:20:16.625000+00:00,1.0,P
2227,3199,2020-11-21T20:20:18.545000+00:00,1.0,S
2228,3007,2020-11-21T20:20:16.625000+00:00,1.0,P
2228,3199,2020-11-21T20:20:18.545000+00:00,1.0,S
2229,3006,2020-11-21T20:20:16.615000+00:00,1.0,P
2229,3199,2020-11-21T20:20:18.545000+00:00,1.0,S
2230,3006,2020-11-21T20:20:16.615000+00:00,1.0,P
2230,3199,2020-11-21T20:20:18.545000+00:00,1.0,S
2231,3006,2020-11-21T20:20:16.615000+00:00,1.0,P
2231,3199,2020-11-21T20:20:18.545000+00:00,1.0,S
2232,3006,2020-11-21T20:20:16.615000+00:00,1.0,P
2232,3199,2020-11-21T20:20:18.545000+00:00,1.0,S
2233,3006,2020-11-21T20:20:16.615000+00:00,1.0,P
2233,3199,2020-11-21T20:20:18.545000+00:00,1.0,S
2234,3006,2020-11-21T20:20:16.615000+00:00,1.0,P
2234,3199,2020-11-21T20:20:18.545000+00:00,1.0,S
2235,3006,2020-11-21T20:20:16.615000+00:00,1.0,P
2235,3199,2020-11-21T20:20:18.545000+00:00,1.0,S
2236,3006,2020-11-21T20:20:16.615000+00:00,1.0,P
2236,3199,2020-11-21T20:20:18.545000+00:00,1.0,S
2237,3006,2020-11-21T20:20:16.615000+00:00,1.0,P
2237,3199,2020-11-21T20:20:18.545000+00:00,1.0,S
2238,3006,2020-11-21T20:20:16.615000+00:00,1.0,P
2238,3199,2020-11-21T20:20:18.545000+00:00,1.0,S
2239,3006,2020-11-21T20:20:16.615000+00:00,1.0,P
2239,3199,2020-11-21T20:20:18.545000+00:00,1.0,S
2240,3006,2020-11-21T20:20:16.615000+00:00,1.0,P
2240,3199,2020-11-21T20:20:18.545000+00:00,1.0,S
2241,3006,2020-11-21T20:20:16.615000+00:00,1.0,P
2241,3199,2020-11-21T20:20:18.545000+00:00,1.0,S
2242,3006,2020-11-21T20:20:16.615000+00:00,1.0,P
2242,3199,2020-11-21T20:20:18.545000+00:00,1.0,S
2243,3006,2020-11-21T20:20:16.615000+00:00,1.0,P
2243,3199,2020-11-21T20:20:18.545000+00:00,1.0,S
2244,3006,2020-11-21T20:20:16.615000+00:00,1.0,P
2244,3199,2020-11-21T20:20:18.545000+00:00,1.0,S
2245,3006,2020-11-21T20:20:16.615000+00:00,1.0,P
2245,3199,2020-11-21T20:20:18.545000+00:00,1.0,S
2246,3006,2020-11-21T20:20:16.615000+00:00,1.0,P
2246,3199,2020-11-21T20:20:18.545000+00:00,1.0,S
2247,3006,2020-11-21T20:20:16.615000+00:00,1.0,P
2247,3199,2020-11-21T20:20:18.545000+00:00,1.0,S
2248,3006,2020-11-21T20:20:16.615000+00:00,1.0,P
2248,3200,2020-11-21T20:20:18.555000+00:00,1.0,S
2249,3006,2020-11-21T20:20:16.615000+00:00,1.0,P
2249,3200,2020-11-21T20:20:18.555000+00:00,1.0,S
2250,3006,2020-11-21T20:20:16.615000+00:00,1.0,P
2250,3200,2020-11-21T20:20:18.555000+00:00,1.0,S
2251,3006,2020-11-21T20:20:16.615000+00:00,1.0,P
2251,3200,2020-11-21T20:20:18.555000+00:00,1.0,S
2252,3006,2020-11-21T20:20:16.615000+00:00,1.0,P
2252,3200,2020-11-21T20:20:18.555000+00:00,1.0,S
2253,3006,2020-11-21T20:20:16.615000+00:00,1.0,P
2253,3200,2020-11-21T20:20:18.555000+00:00,1.0,S
2254,3006,2020-11-21T20:20:16.615000+00:00,1.0,P
2254,3200,2020-11-21T20:20:18.555000+00:00,1.0,S
2255,3006,2020-11-21T20:20:16.615000+00:00,1.0,P
2255,3200,2020-11-21T20:20:18.555000+00:00,1.0,S
2256,3006,2020-11-21T20:20:16.615000+00:00,1.0,P
2256,3200,2020-11-21T20:20:18.555000+00:00,1.0,S
2257,3006,2020-11-21T20:20:16.615000+00:00,1.0,P
2257,3200,2020-11-21T20:20:18.555000+00:00,1.0,S
2258,3006,2020-11-21T20:20:16.615000+00:00,1.0,P
2258,3200,2020-11-21T20:20:18.555000+00:00,1.0,S
2259,3006,2020-11-21T20:20:16.615000+00:00,1.0,P
2259,3200,2020-11-21T20:20:18.555000+00:00,1.0,S
2260,3006,2020-11-21T20:20:16.615000+00:00,1.0,P
2260,3200,2020-11-21T20:20:18.555000+00:00,1.0,S
2261,3006,2020-11-21T20:20:16.615000+00:00,1.0,P
2261,3200,2020-11-21T20:20:18.555000+00:00,1.0,S
2262,3006,2020-11-21T20:20:16.615000+00:00,1.0,P
2262,3200,2020-11-21T20:20:18.555000+00:00,1.0,S
2263,3006,2020-11-21T20:20:16.615000+00:00,1.0,P
2263,3200,2020-11-21T20:20:18.555000+00:00,1.0,S
2264,3006,2020-11-21T20:20:16.615000+00:00,1.0,P
2264,3200,2020-11-21T20:20:18.555000+00:00,1.0,S
2265,3006,2020-11-21T20:20:16.615000+00:00,1.0,P
2265,3200,2020-11-21T20:20:18.555000+00:00,1.0,S
2266,3006,2020-11-21T20:20:16.615000+00:00,1.0,P
2266,3200,2020-11-21T20:20:18.555000+00:00,1.0,S
2267,3006,2020-11-21T20:20:16.615000+00:00,1.0,P
2267,3201,2020-11-21T20:20:18.564999+00:00,1.0,S
2268,3006,2020-11-21T20:20:16.615000+00:00,1.0,P
2268,3201,2020-11-21T20:20:18.564999+00:00,1.0,S
2269,3006,2020-11-21T20:20:16.615000+00:00,1.0,P
2269,3201,2020-11-21T20:20:18.564999+00:00,1.0,S
2270,3006,2020-11-21T20:20:16.615000+00:00,1.0,P
2270,3201,2020-11-21T20:20:18.564999+00:00,1.0,S
2271,3006,2020-11-21T20:20:16.615000+00:00,1.0,P
2271,3201,2020-11-21T20:20:18.564999+00:00,1.0,S
2272,3006,2020-11-21T20:20:16.615000+00:00,1.0,P
2272,3201,2020-11-21T20:20:18.564999+00:00,1.0,S
2273,3006,2020-11-21T20:20:16.615000+00:00,1.0,P
2273,3201,2020-11-21T20:20:18.564999+00:00,1.0,S
2274,3006,2020-11-21T20:20:16.615000+00:00,1.0,P
2274,3201,2020-11-21T20:20:18.564999+00:00,1.0,S
2275,3006,2020-11-21T20:20:16.615000+00:00,1.0,P
2275,3201,2020-11-21T20:20:18.564999+00:00,1.0,S
2276,3006,2020-11-21T20:20:16.615000+00:00,1.0,P
2276,3201,2020-11-21T20:20:18.564999+00:00,1.0,S
2277,3006,2020-11-21T20:20:16.615000+00:00,1.0,P
2277,3201,2020-11-21T20:20:18.564999+00:00,1.0,S
2278,3007,2020-11-21T20:20:16.625000+00:00,1.0,P
2278,3201,2020-11-21T20:20:18.564999+00:00,1.0,S
2279,3007,2020-11-21T20:20:16.625000+00:00,1.0,P
2279,3202,2020-11-21T20:20:18.575000+00:00,1.0,S
2280,3007,2020-11-21T20:20:16.625000+00:00,1.0,P
2280,3202,2020-11-21T20:20:18.575000+00:00,1.0,S
2281,3007,2020-11-21T20:20:16.625000+00:00,1.0,P
2281,3202,2020-11-21T20:20:18.575000+00:00,1.0,S
2282,3007,2020-11-21T20:20:16.625000+00:00,1.0,P
2282,3202,2020-11-21T20:20:18.575000+00:00,1.0,S
2283,3007,2020-11-21T20:20:16.625000+00:00,1.0,P
2283,3202,2020-11-21T20:20:18.575000+00:00,1.0,S
2284,3007,2020-11-21T20:20:16.625000+00:00,1.0,P
2284,3202,2020-11-21T20:20:18.575000+00:00,1.0,S
2285,3007,2020-11-21T20:20:16.625000+00:00,1.0,P
2285,3202,2020-11-21T20:20:18.575000+00:00,1.0,S
2286,3007,2020-11-21T20:20:16.625000+00:00,1.0,P
2286,3202,2020-11-21T20:20:18.575000+00:00,1.0,S
2287,3007,2020-11-21T20:20:16.625000+00:00,1.0,P
2287,3203,2020-11-21T20:20:18.585000+00:00,1.0,S
2288,3007,2020-11-21T20:20:16.625000+00:00,1.0,P
2288,3203,2020-11-21T20:20:18.585000+00:00,1.0,S
2289,3007,2020-11-21T20:20:16.625000+00:00,1.0,P
2289,3203,2020-11-21T20:20:18.585000+00:00,1.0,S
2290,3007,2020-11-21T20:20:16.625000+00:00,1.0,P
2290,3203,2020-11-21T20:20:18.585000+00:00,1.0,S
2291,3007,2020-11-21T20:20:16.625000+00:00,1.0,P
2291,3203,2020-11-21T20:20:18.585000+00:00,1.0,S
2292,3007,2020-11-21T20:20:16.625000+00:00,1.0,P
2292,3203,2020-11-21T20:20:18.585000+00:00,1.0,S
2293,3007,2020-11-21T20:20:16.625000+00:00,1.0,P
2293,3204,2020-11-21T20:20:18.595000+00:00,1.0,S
2294,3007,2020-11-21T20:20:16.625000+00:00,1.0,P
2294,3204,2020-11-21T20:20:18.595000+00:00,1.0,S
2295,3007,2020-11-21T20:20:16.625000+00:00,1.0,P
2295,3204,2020-11-21T20:20:18.595000+00:00,1.0,S
2296,3007,2020-11-21T20:20:16.625000+00:00,1.0,P
2296,3204,2020-11-21T20:20:18.595000+00:00,1.0,S
2297,3007,2020-11-21T20:20:16.625000+00:00,1.0,P
2297,3204,2020-11-21T20:20:18.595000+00:00,1.0,S
2298,3007,2020-11-21T20:20:16.625000+00:00,1.0,P
2298,3204,2020-11-21T20:20:18.595000+00:00,1.0,S
2299,3007,2020-11-21T20:20:16.625000+00:00,1.0,P
2299,3204,2020-11-21T20:20:18.595000+00:00,1.0,S
2300,3007,2020-11-21T20:20:16.625000+00:00,1.0,P
2300,3204,2020-11-21T20:20:18.595000+00:00,1.0,S
2301,3007,2020-11-21T20:20:16.625000+00:00,1.0,P
2301,3205,2020-11-21T20:20:18.604999+00:00,1.0,S
2302,3007,2020-11-21T20:20:16.625000+00:00,1.0,P
2302,3205,2020-11-21T20:20:18.604999+00:00,1.0,S
2303,3007,2020-11-21T20:20:16.625000+00:00,1.0,P
2303,3205,2020-11-21T20:20:18.604999+00:00,1.0,S
2304,3007,2020-11-21T20:20:16.625000+00:00,1.0,P
2304,3205,2020-11-21T20:20:18.604999+00:00,1.0,S
2305,3008,2020-11-21T20:20:16.635000+00:00,1.0,P
2305,3205,2020-11-21T20:20:18.604999+00:00,1.0,S
2306,3008,2020-11-21T20:20:16.635000+00:00,1.0,P
2306,3205,2020-11-21T20:20:18.604999+00:00,1.0,S
2307,3008,2020-11-21T20:20:16.635000+00:00,1.0,P
2307,3205,2020-11-21T20:20:18.604999+00:00,1.0,S
2308,3008,2020-11-21T20:20:16.635000+00:00,1.0,P
2308,3205,2020-11-21T20:20:18.604999+00:00,1.0,S
2309,3008,2020-11-21T20:20:16.635000+00:00,1.0,P
2309,3206,2020-11-21T20:20:18.615000+00:00,1.0,S
2310,3008,2020-11-21T20:20:16.635000+00:00,1.0,P
2310,3206,2020-11-21T20:20:18.615000+00:00,1.0,S
2311,3008,2020-11-21T20:20:16.635000+00:00,1.0,P
2311,3206,2020-11-21T20:20:18.615000+00:00,1.0,S
2312,3008,2020-11-21T20:20:16.635000+00:00,1.0,P
2312,3206,2020-11-21T20:20:18.615000+00:00,1.0,S
2313,3008,2020-11-21T20:20:16.635000+00:00,1.0,P
2313,3206,2020-11-21T20:20:18.615000+00:00,1.0,S
2314,3008,2020-11-21T20:20:16.635000+00:00,1.0,P
2314,3206,2020-11-21T20:20:18.615000+00:00,1.0,S
2315,3008,2020-11-21T20:20:16.635000+00:00,1.0,P
2315,3206,2020-11-21T20:20:18.615000+00:00,1.0,S
2316,3008,2020-11-21T20:20:16.635000+00:00,1.0,P
2316,3207,2020-11-21T20:20:18.625000+00:00,1.0,S
2317,3008,2020-11-21T20:20:16.635000+00:00,1.0,P
2317,3207,2020-11-21T20:20:18.625000+00:00,1.0,S
2318,3008,2020-11-21T20:20:16.635000+00:00,1.0,P
2318,3207,2020-11-21T20:20:18.625000+00:00,1.0,S
2319,3008,2020-11-21T20:20:16.635000+00:00,1.0,P
2319,3207,2020-11-21T20:20:18.625000+00:00,1.0,S
2320,3008,2020-11-21T20:20:16.635000+00:00,1.0,P
2320,3207,2020-11-21T20:20:18.625000+00:00,1.0,S
2321,3009,2020-11-21T20:20:16.645000+00:00,1.0,P
2321,3207,2020-11-21T20:20:18.625000+00:00,1.0,S
2322,3009,2020-11-21T20:20:16.645000+00:00,1.0,P
2322,3207,2020-11-21T20:20:18.625000+00:00,1.0,S
2323,3009,2020-11-21T20:20:16.645000+00:00,1.0,P
2323,3208,2020-11-21T20:20:18.635000+00:00,1.0,S
2324,3009,2020-11-21T20:20:16.645000+00:00,1.0,P
2324,3208,2020-11-21T20:20:18.635000+00:00,1.0,S
2325,3009,2020-11-21T20:20:16.645000+00:00,1.0,P
2325,3208,2020-11-21T20:20:18.635000+00:00,1.0,S
2326,3009,2020-11-21T20:20:16.645000+00:00,1.0,P
2326,3208,2020-11-21T20:20:18.635000+00:00,1.0,S
2327,3009,2020-11-21T20:20:16.645000+00:00,1.0,P
2327,3208,2020-11-21T20:20:18.635000+00:00,1.0,S
2328,3009,2020-11-21T20:20:16.645000+00:00,1.0,P
2328,3209,2020-11-21T20:20:18.645000+00:00,1.0,S
2329,3009,2020-11-21T20:20:16.645000+00:00,1.0,P
2329,3209,2020-11-21T20:20:18.645000+00:00,1.0,S
2330,3009,2020-11-21T20:20:16.645000+00:00,1.0,P
2330,3209,2020-11-21T20:20:18.645000+00:00,1.0,S
2331,3009,2020-11-21T20:20:16.645000+00:00,1.0,P
2331,3209,2020-11-21T20:20:18.645000+00:00,1.0,S
2332,3009,2020-11-21T20:20:16.645000+00:00,1.0,P
2332,3210,2020-11-21T20:20:18.655000+00:00,1.0,S
2333,3009,2020-11-21T20:20:16.645000+00:00,1.0,P
2333,3210,2020-11-21T20:20:18.655000+00:00,1.0,S
2334,3009,2020-11-21T20:20:16.645000+00:00,1.0,P
2334,3210,2020-11-21T20:20:18.655000+00:00,1.0,S
2335,3010,2020-11-21T20:20:16.655000+00:00,1.0,P
2335,3210,2020-11-21T20:20:18.655000+00:00,1.0,S
2336,3010,2020-11-21T20:20:16.655000+00:00,1.0,P
2336,3211,2020-11-21T20:20:18.665000+00:00,1.0,S
2337,3010,2020-11-21T20:20:16.655000+00:00,1.0,P
2337,3211,2020-11-21T20:20:18.665000+00:00,1.0,S
2338,3010,2020-11-21T20:20:16.655000+00:00,1.0,P
2338,3211,2020-11-21T20:20:18.665000+00:00,1.0,S
2339,3010,2020-11-21T20:20:16.655000+00:00,1.0,P
2339,3211,2020-11-21T20:20:18.665000+00:00,1.0,S
2340,3010,2020-11-21T20:20:16.655000+00:00,1.0,P
2340,3211,2020-11-21T20:20:18.665000+00:00,1.0,S
2341,3010,2020-11-21T20:20:16.655000+00:00,1.0,P
2341,3211,2020-11-21T20:20:18.665000+00:00,1.0,S
2342,3010,2020-11-21T20:20:16.655000+00:00,1.0,P
2342,3212,2020-11-21T20:20:18.674999+00:00,1.0,S
2343,3010,2020-11-21T20:20:16.655000+00:00,1.0,P
2343,3212,2020-11-21T20:20:18.674999+00:00,1.0,S
2344,3010,2020-11-21T20:20:16.655000+00:00,1.0,P
2344,3212,2020-11-21T20:20:18.674999+00:00,1.0,S
2345,3010,2020-11-21T20:20:16.655000+00:00,1.0,P
2345,3212,2020-11-21T20:20:18.674999+00:00,1.0,S
2346,3010,2020-11-21T20:20:16.655000+00:00,1.0,P
2346,3212,2020-11-21T20:20:18.674999+00:00,1.0,S
2347,3010,2020-11-21T20:20:16.655000+00:00,1.0,P
2347,3212,2020-11-21T20:20:18.674999+00:00,1.0,S
2348,3010,2020-11-21T20:20:16.655000+00:00,1.0,P
2348,3213,2020-11-21T20:20:18.685000+00:00,1.0,S
2349,3011,2020-11-21T20:20:16.665000+00:00,1.0,P
2349,3213,2020-11-21T20:20:18.685000+00:00,1.0,S
2350,3011,2020-11-21T20:20:16.665000+00:00,1.0,P
2350,3213,2020-11-21T20:20:18.685000+00:00,1.0,S
2351,3011,2020-11-21T20:20:16.665000+00:00,1.0,P
2351,3213,2020-11-21T20:20:18.685000+00:00,1.0,S
2352,3011,2020-11-21T20:20:16.665000+00:00,1.0,P
2352,3213,2020-11-21T20:20:18.685000+00:00,1.0,S
2353,3011,2020-11-21T20:20:16.665000+00:00,1.0,P
2353,3213,2020-11-21T20:20:18.685000+00:00,1.0,S
2354,3011,2020-11-21T20:20:16.665000+00:00,1.0,P
2354,3213,2020-11-21T20:20:18.685000+00:00,1.0,S
2355,3011,2020-11-21T20:20:16.665000+00:00,1.0,P
2355,3213,2020-11-21T20:20:18.685000+00:00,1.0,S
2356,3011,2020-11-21T20:20:16.665000+00:00,1.0,P
2356,3213,2020-11-21T20:20:18.685000+00:00,1.0,S
2357,3011,2020-11-21T20:20:16.665000+00:00,1.0,P
2357,3213,2020-11-21T20:20:18.685000+00:00,1.0,S
2358,3011,2020-11-21T20:20:16.665000+00:00,1.0,P
2358,3213,2020-11-21T20:20:18.685000+00:00,1.0,S
2359,3011,2020-11-21T20:20:16.665000+00:00,1.0,P
2359,3213,2020-11-21T20:20:18.685000+00:00,1.0,S
2360,3011,2020-11-21T20:20:16.665000+00:00,1.0,P
2360,3214,2020-11-21T20:20:18.695000+00:00,1.0,S
2361,3011,2020-11-21T20:20:16.665000+00:00,1.0,P
2361,3214,2020-11-21T20:20:18.695000+00:00,1.0,S
2362,3011,2020-11-21T20:20:16.665000+00:00,1.0,P
2362,3214,2020-11-21T20:20:18.695000+00:00,1.0,S
2363,3011,2020-11-21T20:20:16.665000+00:00,1.0,P
2363,3214,2020-11-21T20:20:18.695000+00:00,1.0,S
2364,3011,2020-11-21T20:20:16.665000+00:00,1.0,P
2364,3214,2020-11-21T20:20:18.695000+00:00,1.0,S
2365,3011,2020-11-21T20:20:16.665000+00:00,1.0,P
2365,3214,2020-11-21T20:20:18.695000+00:00,1.0,S
2366,3012,2020-11-21T20:20:16.675000+00:00,1.0,P
2366,3214,2020-11-21T20:20:18.695000+00:00,1.0,S
2367,3012,2020-11-21T20:20:16.675000+00:00,1.0,P
2367,3214,2020-11-21T20:20:18.695000+00:00,1.0,S
2368,3012,2020-11-21T20:20:16.675000+00:00,1.0,P
2368,3214,2020-11-21T20:20:18.695000+00:00,1.0,S
2369,3012,2020-11-21T20:20:16.675000+00:00,1.0,P
2369,3214,2020-11-21T20:20:18.695000+00:00,1.0,S
2370,3012,2020-11-21T20:20:16.675000+00:00,1.0,P
2370,3214,2020-11-21T20:20:18.695000+00:00,1.0,S
2371,3012,2020-11-21T20:20:16.675000+00:00,1.0,P
2371,3215,2020-11-21T20:20:18.705000+00:00,1.0,S
2372,3012,2020-11-21T20:20:16.675000+00:00,1.0,P
2372,3215,2020-11-21T20:20:18.705000+00:00,1.0,S
2373,3012,2020-11-21T20:20:16.675000+00:00,1.0,P
2373,3215,2020-11-21T20:20:18.705000+00:00,1.0,S
2374,3012,2020-11-21T20:20:16.675000+00:00,1.0,P
2374,3215,2020-11-21T20:20:18.705000+00:00,1.0,S
2375,3012,2020-11-21T20:20:16.675000+00:00,1.0,P
2375,3215,2020-11-21T20:20:18.705000+00:00,1.0,S
2376,3012,2020-11-21T20:20:16.675000+00:00,1.0,P
2376,3215,2020-11-21T20:20:18.705000+00:00,1.0,S
2377,3012,2020-11-21T20:20:16.675000+00:00,1.0,P
2377,3215,2020-11-21T20:20:18.705000+00:00,1.0,S
2378,3012,2020-11-21T20:20:16.675000+00:00,1.0,P
2378,3216,2020-11-21T20:20:18.715000+00:00,1.0,S
2379,3012,2020-11-21T20:20:16.675000+00:00,1.0,P
2379,3216,2020-11-21T20:20:18.715000+00:00,1.0,S
2380,3012,2020-11-21T20:20:16.675000+00:00,1.0,P
2380,3216,2020-11-21T20:20:18.715000+00:00,1.0,S
2381,3012,2020-11-21T20:20:16.675000+00:00,1.0,P
2381,3216,2020-11-21T20:20:18.715000+00:00,1.0,S
2382,3012,2020-11-21T20:20:16.675000+00:00,1.0,P
2382,3216,2020-11-21T20:20:18.715000+00:00,1.0,S
2383,3012,2020-11-21T20:20:16.675000+00:00,1.0,P
2383,3216,2020-11-21T20:20:18.715000+00:00,1.0,S
2384,3012,2020-11-21T20:20:16.675000+00:00,1.0,P
2384,3217,2020-11-21T20:20:18.725000+00:00,1.0,S
2385,3012,2020-11-21T20:20:16.675000+00:00,1.0,P
2385,3217,2020-11-21T20:20:18.725000+00:00,1.0,S
2386,3012,2020-11-21T20:20:16.675000+00:00,1.0,P
2386,3217,2020-11-21T20:20:18.725000+00:00,1.0,S
2387,3013,2020-11-21T20:20:16.685000+00:00,1.0,P
2387,3217,2020-11-21T20:20:18.725000+00:00,1.0,S
2388,3013,2020-11-21T20:20:16.685000+00:00,1.0,P
2388,3217,2020-11-21T20:20:18.725000+00:00,1.0,S
2389,3013,2020-11-21T20:20:16.685000+00:00,1.0,P
2389,3217,2020-11-21T20:20:18.725000+00:00,1.0,S
2390,3013,2020-11-21T20:20:16.685000+00:00,1.0,P
2390,3217,2020-11-21T20:20:18.725000+00:00,1.0,S
2391,3013,2020-11-21T20:20:16.685000+00:00,1.0,P
2391,3217,2020-11-21T20:20:18.725000+00:00,1.0,S
2392,3013,2020-11-21T20:20:16.685000+00:00,1.0,P
2392,3217,2020-11-21T20:20:18.725000+00:00,1.0,S
2393,3013,2020-11-21T20:20:16.685000+00:00,1.0,P
2393,3218,2020-11-21T20:20:18.735000+00:00,1.0,S
2394,3013,2020-11-21T20:20:16.685000+00:00,1.0,P
2394,3218,2020-11-21T20:20:18.735000+00:00,1.0,S
2395,3013,2020-11-21T20:20:16.685000+00:00,1.0,P
2395,3218,2020-11-21T20:20:18.735000+00:00,1.0,S
2396,3013,2020-11-21T20:20:16.685000+00:00,1.0,P
2396,3218,2020-11-21T20:20:18.735000+00:00,1.0,S
2397,3013,2020-11-21T20:20:16.685000+00:00,1.0,P
2397,3218,2020-11-21T20:20:18.735000+00:00,1.0,S
2398,3013,2020-11-21T20:20:16.685000+00:00,1.0,P
2398,3218,2020-11-21T20:20:18.735000+00:00,1.0,S
2399,3013,2020-11-21T20:20:16.685000+00:00,1.0,P
2399,3219,2020-11-21T20:20:18.744999+00:00,1.0,S
2400,3013,2020-11-21T20:20:16.685000+00:00,1.0,P
2400,3219,2020-11-21T20:20:18.744999+00:00,1.0,S
2401,3013,2020-11-21T20:20:16.685000+00:00,1.0,P
2401,3219,2020-11-21T20:20:18.744999+00:00,1.0,S
2402,3013,2020-11-21T20:20:16.685000+00:00,1.0,P
2402,3219,2020-11-21T20:20:18.744999+00:00,1.0,S
2403,3013,2020-11-21T20:20:16.685000+00:00,1.0,P
2403,3219,2020-11-21T20:20:18.744999+00:00,1.0,S
2404,3013,2020-11-21T20:20:16.685000+00:00,1.0,P
2404,3219,2020-11-21T20:20:18.744999+00:00,1.0,S
2405,3013,2020-11-21T20:20:16.685000+00:00,1.0,P
2405,3219,2020-11-21T20:20:18.744999+00:00,1.0,S
2406,3013,2020-11-21T20:20:16.685000+00:00,1.0,P
2406,3219,2020-11-21T20:20:18.744999+00:00,1.0,S
2407,3013,2020-11-21T20:20:16.685000+00:00,1.0,P
2407,3220,2020-11-21T20:20:18.755000+00:00,1.0,S
2408,3014,2020-11-21T20:20:16.695000+00:00,1.0,P
2408,3220,2020-11-21T20:20:18.755000+00:00,1.0,S
2409,3014,2020-11-21T20:20:16.695000+00:00,1.0,P
2409,3220,2020-11-21T20:20:18.755000+00:00,1.0,S
2410,3014,2020-11-21T20:20:16.695000+00:00,1.0,P
2410,3220,2020-11-21T20:20:18.755000+00:00,1.0,S
2411,3014,2020-11-21T20:20:16.695000+00:00,1.0,P
2411,3220,2020-11-21T20:20:18.755000+00:00,1.0,S
2412,3014,2020-11-21T20:20:16.695000+00:00,1.0,P
2412,3221,2020-11-21T20:20:18.765000+00:00,1.0,S
2413,3014,2020-11-21T20:20:16.695000+00:00,1.0,P
2413,3221,2020-11-21T20:20:18.765000+00:00,1.0,S
2414,3014,2020-11-21T20:20:16.695000+00:00,1.0,P
2414,3221,2020-11-21T20:20:18.765000+00:00,1.0,S
2415,3014,2020-11-21T20:20:16.695000+00:00,1.0,P
2415,3221,2020-11-21T20:20:18.765000+00:00,1.0,S
2416,3014,2020-11-21T20:20:16.695000+00:00,1.0,P
2416,3221,2020-11-21T20:20:18.765000+00:00,1.0,S
2417,3014,2020-11-21T20:20:16.695000+00:00,1.0,P
2417,3221,2020-11-21T20:20:18.765000+00:00,1.0,S
2418,3014,2020-11-21T20:20:16.695000+00:00,1.0,P
2418,3221,2020-11-21T20:20:18.765000+00:00,1.0,S
2419,3014,2020-11-21T20:20:16.695000+00:00,1.0,P
2419,3222,2020-11-21T20:20:18.775000+00:00,1.0,S
2420,3014,2020-11-21T20:20:16.695000+00:00,1.0,P
2420,3222,2020-11-21T20:20:18.775000+00:00,1.0,S
2421,3015,2020-11-21T20:20:16.705000+00:00,1.0,P
2421,3222,2020-11-21T20:20:18.775000+00:00,1.0,S
2422,3015,2020-11-21T20:20:16.705000+00:00,1.0,P
2422,3222,2020-11-21T20:20:18.775000+00:00,1.0,S
2423,3015,2020-11-21T20:20:16.705000+00:00,1.0,P
2423,3222,2020-11-21T20:20:18.775000+00:00,1.0,S
2424,3015,2020-11-21T20:20:16.705000+00:00,1.0,P
2424,3222,2020-11-21T20:20:18.775000+00:00,1.0,S
2425,3015,2020-11-21T20:20:16.705000+00:00,1.0,P
2425,3222,2020-11-21T20:20:18.775000+00:00,1.0,S
2426,3015,2020-11-21T20:20:16.705000+00:00,1.0,P
2426,3222,2020-11-21T20:20:18.775000+00:00,1.0,S
2427,3015,2020-11-21T20:20:16.705000+00:00,1.0,P
2427,3222,2020-11-21T20:20:18.775000+00:00,1.0,S
2428,3015,2020-11-21T20:20:16.705000+00:00,1.0,P
2428,3222,2020-11-21T20:20:18.775000+00:00,1.0,S
2429,3015,2020-11-21T20:20:16.705000+00:00,1.0,P
2429,3223,2020-11-21T20:20:18.785000+00:00,1.0,S
2430,3015,2020-11-21T20:20:16.705000+00:00,1.0,P
2430,3223,2020-11-21T20:20:18.785000+00:00,1.0,S
2431,3015,2020-11-21T20:20:16.705000+00:00,1.0,P
2431,3223,2020-11-21T20:20:18.785000+00:00,1.0,S
2432,3015,2020-11-21T20:20:16.705000+00:00,1.0,P
2432,3223,2020-11-21T20:20:18.785000+00:00,1.0,S
2433,3015,2020-11-21T20:20:16.705000+00:00,1.0,P
2433,3223,2020-11-21T20:20:18.785000+00:00,1.0,S
2434,3015,2020-11-21T20:20:16.705000+00:00,1.0,P
2434,3223,2020-11-21T20:20:18.785000+00:00,1.0,S
2435,3016,2020-11-21T20:20:16.715000+00:00,1.0,P
2435,3224,2020-11-21T20:20:18.795000+00:00,1.0,S
2436,3016,2020-11-21T20:20:16.715000+00:00,1.0,P
2436,3224,2020-11-21T20:20:18.795000+00:00,1.0,S
2437,3016,2020-11-21T20:20:16.715000+00:00,1.0,P
2437,3224,2020-11-21T20:20:18.795000+00:00,1.0,S
2438,3016,2020-11-21T20:20:16.715000+00:00,1.0,P
2438,3224,2020-11-21T20:20:18.795000+00:00,1.0,S
2439,3016,2020-11-21T20:20:16.715000+00:00,1.0,P
2439,3224,2020-11-21T20:20:18.795000+00:00,1.0,S
2440,3016,2020-11-21T20:20:16.715000+00:00,1.0,P
2440,3224,2020-11-21T20:20:18.795000+00:00,1.0,S
2441,3016,2020-11-21T20:20:16.715000+00:00,1.0,P
2441,3224,2020-11-21T20:20:18.795000+00:00,1.0,S
2442,3016,2020-11-21T20:20:16.715000+00:00,1.0,P
2442,3224,2020-11-21T20:20:18.795000+00:00,1.0,S
2443,3016,2020-11-21T20:20:16.715000+00:00,1.0,P
2443,3224,2020-11-21T20:20:18.795000+00:00,1.0,S
2444,3016,2020-11-21T20:20:16.715000+00:00,1.0,P
2444,3224,2020-11-21T20:20:18.795000+00:00,1.0,S
2445,3016,2020-11-21T20:20:16.715000+00:00,1.0,P
2445,3225,2020-11-21T20:20:18.805000+00:00,1.0,S
2446,3016,2020-11-21T20:20:16.715000+00:00,1.0,P
2446,3225,2020-11-21T20:20:18.805000+00:00,1.0,S
2447,3017,2020-11-21T20:20:16.725000+00:00,1.0,P
2447,3225,2020-11-21T20:20:18.805000+00:00,1.0,S
2448,3017,2020-11-21T20:20:16.725000+00:00,1.0,P
2448,3225,2020-11-21T20:20:18.805000+00:00,1.0,S
2449,3017,2020-11-21T20:20:16.725000+00:00,1.0,P
2449,3225,2020-11-21T20:20:18.805000+00:00,1.0,S
2450,3017,2020-11-21T20:20:16.725000+00:00,1.0,P
2450,3225,2020-11-21T20:20:18.805000+00:00,1.0,S
2451,3017,2020-11-21T20:20:16.725000+00:00,1.0,P
2451,3225,2020-11-21T20:20:18.805000+00:00,1.0,S
2452,3017,2020-11-21T20:20:16.725000+00:00,1.0,P
2452,3225,2020-11-21T20:20:18.805000+00:00,1.0,S
2453,3017,2020-11-21T20:20:16.725000+00:00,1.0,P
2453,3225,2020-11-21T20:20:18.805000+00:00,1.0,S
2454,3017,2020-11-21T20:20:16.725000+00:00,1.0,P
2454,3226,2020-11-21T20:20:18.814999+00:00,1.0,S
2455,3017,2020-11-21T20:20:16.725000+00:00,1.0,P
2455,3226,2020-11-21T20:20:18.814999+00:00,1.0,S
2456,3017,2020-11-21T20:20:16.725000+00:00,1.0,P
2456,3226,2020-11-21T20:20:18.814999+00:00,1.0,S
2457,3017,2020-11-21T20:20:16.725000+00:00,1.0,P
2457,3226,2020-11-21T20:20:18.814999+00:00,1.0,S
2458,3017,2020-11-21T20:20:16.725000+00:00,1.0,P
2458,3226,2020-11-21T20:20:18.814999+00:00,1.0,S
2459,3017,2020-11-21T20:20:16.725000+00:00,1.0,P
2459,3226,2020-11-21T20:20:18.814999+00:00,1.0,S
2460,3018,2020-11-21T20:20:16.735000+00:00,1.0,P
2460,3227,2020-11-21T20:20:18.825000+00:00,1.0,S
2461,3018,2020-11-21T20:20:16.735000+00:00,1.0,P
2461,3227,2020-11-21T20:20:18.825000+00:00,1.0,S
2462,3018,2020-11-21T20:20:16.735000+00:00,1.0,P
2462,3227,2020-11-21T20:20:18.825000+00:00,1.0,S
2463,3018,2020-11-21T20:20:16.735000+00:00,1.0,P
2463,3227,2020-11-21T20:20:18.825000+00:00,1.0,S
2464,3018,2020-11-21T20:20:16.735000+00:00,1.0,P
2464,3227,2020-11-21T20:20:18.825000+00:00,1.0,S
2465,3018,2020-11-21T20:20:16.735000+00:00,1.0,P
2465,3227,2020-11-21T20:20:18.825000+00:00,1.0,S
2466,3018,2020-11-21T20:20:16.735000+00:00,1.0,P
2466,3228,2020-11-21T20:20:18.835000+00:00,1.0,S
2467,3018,2020-11-21T20:20:16.735000+00:00,1.0,P
2467,3228,2020-11-21T20:20:18.835000+00:00,1.0,S
2468,3018,2020-11-21T20:20:16.735000+00:00,1.0,P
2468,3228,2020-11-21T20:20:18.835000+00:00,1.0,S
2469,3018,2020-11-21T20:20:16.735000+00:00,1.0,P
2469,3228,2020-11-21T20:20:18.835000+00:00,1.0,S
2470,3018,2020-11-21T20:20:16.735000+00:00,1.0,P
2470,3228,2020-11-21T20:20:18.835000+00:00,1.0,S
2471,3018,2020-11-21T20:20:16.735000+00:00,1.0,P
2471,3228,2020-11-21T20:20:18.835000+00:00,1.0,S
2472,3018,2020-11-21T20:20:16.735000+00:00,1.0,P
2472,3229,2020-11-21T20:20:18.845000+00:00,1.0,S
2473,3018,2020-11-21T20:20:16.735000+00:00,1.0,P
2473,3229,2020-11-21T20:20:18.845000+00:00,1.0,S
2474,3018,2020-11-21T20:20:16.735000+00:00,1.0,P
2474,3229,2020-11-21T20:20:18.845000+00:00,1.0,S
2475,3019,2020-11-21T20:20:16.745000+00:00,1.0,P
2475,3229,2020-11-21T20:20:18.845000+00:00,1.0,S
2476,3019,2020-11-21T20:20:16.745000+00:00,1.0,P
2476,3229,2020-11-21T20:20:18.845000+00:00,1.0,S
2477,3019,2020-11-21T20:20:16.745000+00:00,1.0,P
2477,3230,2020-11-21T20:20:18.854999+00:00,1.0,S
2478,3019,2020-11-21T20:20:16.745000+00:00,1.0,P
2478,3230,2020-11-21T20:20:18.854999+00:00,1.0,S
2479,3019,2020-11-21T20:20:16.745000+00:00,1.0,P
2479,3230,2020-11-21T20:20:18.854999+00:00,1.0,S
2480,3019,2020-11-21T20:20:16.745000+00:00,1.0,P
2480,3230,2020-11-21T20:20:18.854999+00:00,1.0,S
2481,3019,2020-11-21T20:20:16.745000+00:00,1.0,P
2481,3230,2020-11-21T20:20:18.854999+00:00,1.0,S
2482,3019,2020-11-21T20:20:16.745000+00:00,1.0,P
2482,3230,2020-11-21T20:20:18.854999+00:00,1.0,S
2483,3019,2020-11-21T20:20:16.745000+00:00,1.0,P
2483,3230,2020-11-21T20:20:18.854999+00:00,1.0,S
2484,3019,2020-11-21T20:20:16.745000+00:00,1.0,P
2484,3230,2020-11-21T20:20:18.854999+00:00,1.0,S
2485,3019,2020-11-21T20:20:16.745000+00:00,1.0,P
2485,3231,2020-11-21T20:20:18.865000+00:00,1.0,S
2486,3019,2020-11-21T20:20:16.745000+00:00,1.0,P
2486,3231,2020-11-21T20:20:18.865000+00:00,1.0,S
2487,3019,2020-11-21T20:20:16.745000+00:00,1.0,P
2487,3231,2020-11-21T20:20:18.865000+00:00,1.0,S
2488,3019,2020-11-21T20:20:16.745000+00:00,1.0,P
2488,3231,2020-11-21T20:20:18.865000+00:00,1.0,S
2489,3019,2020-11-21T20:20:16.745000+00:00,1.0,P
2489,3231,2020-11-21T20:20:18.865000+00:00,1.0,S
2490,3019,2020-11-21T20:20:16.745000+00:00,1.0,P
2490,3231,2020-11-21T20:20:18.865000+00:00,1.0,S
2491,3019,2020-11-21T20:20:16.745000+00:00,1.0,P
2491,3231,2020-11-21T20:20:18.865000+00:00,1.0,S
2492,3019,2020-11-21T20:20:16.745000+00:00,1.0,P
2492,3231,2020-11-21T20:20:18.865000+00:00,1.0,S
2493,3019,2020-11-21T20:20:16.745000+00:00,1.0,P
2493,3231,2020-11-21T20:20:18.865000+00:00,1.0,S
2494,3019,2020-11-21T20:20:16.745000+00:00,1.0,P
2494,3231,2020-11-21T20:20:18.865000+00:00,1.0,S
2495,3019,2020-11-21T20:20:16.745000+00:00,1.0,P
2495,3231,2020-11-21T20:20:18.865000+00:00,1.0,S
2496,3019,2020-11-21T20:20:16.745000+00:00,1.0,P
2496,3231,2020-11-21T20:20:18.865000+00:00,1.0,S
2497,3019,2020-11-21T20:20:16.745000+00:00,1.0,P
2497,3232,2020-11-21T20:20:18.875000+00:00,1.0,S
2498,3019,2020-11-21T20:20:16.745000+00:00,1.0,P
2498,3232,2020-11-21T20:20:18.875000+00:00,1.0,S
2499,3019,2020-11-21T20:20:16.745000+00:00,1.0,P
2499,3232,2020-11-21T20:20:18.875000+00:00,1.0,S
2500,3019,2020-11-21T20:20:16.745000+00:00,1.0,P
2500,3232,2020-11-21T20:20:18.875000+00:00,1.0,S
2501,3019,2020-11-21T20:20:16.745000+00:00,1.0,P
2501,3232,2020-11-21T20:20:18.875000+00:00,1.0,S
2502,3019,2020-11-21T20:20:16.745000+00:00,1.0,P
2502,3232,2020-11-21T20:20:18.875000+00:00,1.0,S
2503,3019,2020-11-21T20:20:16.745000+00:00,1.0,P
2503,3232,2020-11-21T20:20:18.875000+00:00,1.0,S
2504,3019,2020-11-21T20:20:16.745000+00:00,1.0,P
2504,3232,2020-11-21T20:20:18.875000+00:00,1.0,S
2505,3019,2020-11-21T20:20:16.745000+00:00,1.0,P
2505,3232,2020-11-21T20:20:18.875000+00:00,1.0,S
2506,3019,2020-11-21T20:20:16.745000+00:00,1.0,P
2506,3232,2020-11-21T20:20:18.875000+00:00,1.0,S
2507,3019,2020-11-21T20:20:16.745000+00:00,1.0,P
2507,3232,2020-11-21T20:20:18.875000+00:00,1.0,S
2508,3019,2020-11-21T20:20:16.745000+00:00,1.0,P
2508,3232,2020-11-21T20:20:18.875000+00:00,1.0,S
2509,3019,2020-11-21T20:20:16.745000+00:00,1.0,P
2509,3232,2020-11-21T20:20:18.875000+00:00,1.0,S
2510,3019,2020-11-21T20:20:16.745000+00:00,1.0,P
2510,3232,2020-11-21T20:20:18.875000+00:00,1.0,S
2511,3019,2020-11-21T20:20:16.745000+00:00,1.0,P
2511,3232,2020-11-21T20:20:18.875000+00:00,1.0,S
2512,3019,2020-11-21T20:20:16.745000+00:00,1.0,P
2512,3232,2020-11-21T20:20:18.875000+00:00,1.0,S
2513,3019,2020-11-21T20:20:16.745000+00:00,1.0,P
2513,3232,2020-11-21T20:20:18.875000+00:00,1.0,S
2514,3019,2020-11-21T20:20:16.745000+00:00,1.0,P
2514,3233,2020-11-21T20:20:18.885000+00:00,1.0,S
2515,3019,2020-11-21T20:20:16.745000+00:00,1.0,P
2515,3233,2020-11-21T20:20:18.885000+00:00,1.0,S
2516,3019,2020-11-21T20:20:16.745000+00:00,1.0,P
2516,3233,2020-11-21T20:20:18.885000+00:00,1.0,S
2517,3019,2020-11-21T20:20:16.745000+00:00,1.0,P
2517,3233,2020-11-21T20:20:18.885000+00:00,1.0,S
2518,3019,2020-11-21T20:20:16.745000+00:00,1.0,P
2518,3233,2020-11-21T20:20:18.885000+00:00,1.0,S
2519,3019,2020-11-21T20:20:16.745000+00:00,1.0,P
2519,3233,2020-11-21T20:20:18.885000+00:00,1.0,S
2520,3019,2020-11-21T20:20:16.745000+00:00,1.0,P
2520,3233,2020-11-21T20:20:18.885000+00:00,1.0,S
2521,3019,2020-11-21T20:20:16.745000+00:00,1.0,P
2521,3233,2020-11-21T20:20:18.885000+00:00,1.0,S
2522,3019,2020-11-21T20:20:16.745000+00:00,1.0,P
2522,3233,2020-11-21T20:20:18.885000+00:00,1.0,S
2523,3019,2020-11-21T20:20:16.745000+00:00,1.0,P
2523,3233,2020-11-21T20:20:18.885000+00:00,1.0,S
2524,3019,2020-11-21T20:20:16.745000+00:00,1.0,P
2524,3234,2020-11-21T20:20:18.895000+00:00,1.0,S
2525,3019,2020-11-21T20:20:16.745000+00:00,1.0,P
2525,3234,2020-11-21T20:20:18.895000+00:00,1.0,S
2526,3019,2020-11-21T20:20:16.745000+00:00,1.0,P
2526,3234,2020-11-21T20:20:18.895000+00:00,1.0,S
2527,3019,2020-11-21T20:20:16.745000+00:00,1.0,P
2527,3234,2020-11-21T20:20:18.895000+00:00,1.0,S
2528,3019,2020-11-21T20:20:16.745000+00:00,1.0,P
2528,3234,2020-11-21T20:20:18.895000+00:00,1.0,S
2529,3020,2020-11-21T20:20:16.755000+00:00,1.0,P
2529,3234,2020-11-21T20:20:18.895000+00:00,1.0,S
2530,3020,2020-11-21T20:20:16.755000+00:00,1.0,P
2530,3234,2020-11-21T20:20:18.895000+00:00,1.0,S
2531,3020,2020-11-21T20:20:16.755000+00:00,1.0,P
2531,3234,2020-11-21T20:20:18.895000+00:00,1.0,S
2532,3020,2020-11-21T20:20:16.755000+00:00,1.0,P
2532,3234,2020-11-21T20:20:18.895000+00:00,1.0,S
2533,3020,2020-11-21T20:20:16.755000+00:00,1.0,P
2533,3234,2020-11-21T20:20:18.895000+00:00,1.0,S
2534,3020,2020-11-21T20:20:16.755000+00:00,1.0,P
2534,3234,2020-11-21T20:20:18.895000+00:00,1.0,S
2535,3020,2020-11-21T20:20:16.755000+00:00,1.0,P
2535,3234,2020-11-21T20:20:18.895000+00:00,1.0,S
2536,3020,2020-11-21T20:20:16.755000+00:00,1.0,P
2536,3234,2020-11-21T20:20:18.895000+00:00,1.0,S
2537,3020,2020-11-21T20:20:16.755000+00:00,1.0,P
2537,3234,2020-11-21T20:20:18.895000+00:00,1.0,S
2538,3020,2020-11-21T20:20:16.755000+00:00,1.0,P
2538,3234,2020-11-21T20:20:18.895000+00:00,1.0,S
2539,3020,2020-11-21T20:20:16.755000+00:00,1.0,P
2539,3234,2020-11-21T20:20:18.895000+00:00,1.0,S
2540,3020,2020-11-21T20:20:16.755000+00:00,1.0,P
2540,3235,2020-11-21T20:20:18.905000+00:00,1.0,S
2541,3020,2020-11-21T20:20:16.755000+00:00,1.0,P
2541,3235,2020-11-21T20:20:18.905000+00:00,1.0,S
2542,3020,2020-11-21T20:20:16.755000+00:00,1.0,P
2542,3235,2020-11-21T20:20:18.905000+00:00,1.0,S
2543,3020,2020-11-21T20:20:16.755000+00:00,1.0,P
2543,3235,2020-11-21T20:20:18.905000+00:00,1.0,S
2544,3020,2020-11-21T20:20:16.755000+00:00,1.0,P
2544,3235,2020-11-21T20:20:18.905000+00:00,1.0,S
2545,3020,2020-11-21T20:20:16.755000+00:00,1.0,P
2545,3235,2020-11-21T20:20:18.905000+00:00,1.0,S
2546,3020,2020-11-21T20:20:16.755000+00:00,1.0,P
2546,3235,2020-11-21T20:20:18.905000+00:00,1.0,S
2547,3020,2020-11-21T20:20:16.755000+00:00,1.0,P
2547,3235,2020-11-21T20:20:18.905000+00:00,1.0,S
2548,3020,2020-11-21T20:20:16.755000+00:00,1.0,P
2548,3235,2020-11-21T20:20:18.905000+00:00,1.0,S
2549,3020,2020-11-21T20:20:16.755000+00:00,1.0,P
2549,3235,2020-11-21T20:20:18.905000+00:00,1.0,S
2550,3020,2020-11-21T20:20:16.755000+00:00,1.0,P
2550,3236,2020-11-21T20:20:18.915000+00:00,1.0,S
2551,3020,2020-11-21T20:20:16.755000+00:00,1.0,P
2551,3236,2020-11-21T20:20:18.915000+00:00,1.0,S
2552,3020,2020-11-21T20:20:16.755000+00:00,1.0,P
2552,3236,2020-11-21T20:20:18.915000+00:00,1.0,S
2553,3020,2020-11-21T20:20:16.755000+00:00,1.0,P
2553,3236,2020-11-21T20:20:18.915000+00:00,1.0,S
2554,3020,2020-11-21T20:20:16.755000+00:00,1.0,P
2554,3236,2020-11-21T20:20:18.915000+00:00,1.0,S
2555,3020,2020-11-21T20:20:16.755000+00:00,1.0,P
2555,3236,2020-11-21T20:20:18.915000+00:00,1.0,S
2556,3020,2020-11-21T20:20:16.755000+00:00,1.0,P
2556,3236,2020-11-21T20:20:18.915000+00:00,1.0,S
2557,3020,2020-11-21T20:20:16.755000+00:00,1.0,P
2557,3237,2020-11-21T20:20:18.924999+00:00,1.0,S
2558,3020,2020-11-21T20:20:16.755000+00:00,1.0,P
2558,3237,2020-11-21T20:20:18.924999+00:00,1.0,S
2559,3020,2020-11-21T20:20:16.755000+00:00,1.0,P
2559,3237,2020-11-21T20:20:18.924999+00:00,1.0,S
2560,3020,2020-11-21T20:20:16.755000+00:00,1.0,P
2560,3237,2020-11-21T20:20:18.924999+00:00,1.0,S
2561,3020,2020-11-21T20:20:16.755000+00:00,1.0,P
2561,3237,2020-11-21T20:20:18.924999+00:00,1.0,S
2562,3020,2020-11-21T20:20:16.755000+00:00,1.0,P
2562,3237,2020-11-21T20:20:18.924999+00:00,1.0,S
2563,3020,2020-11-21T20:20:16.755000+00:00,1.0,P
2563,3238,2020-11-21T20:20:18.935000+00:00,1.0,S
2564,3020,2020-11-21T20:20:16.755000+00:00,1.0,P
2564,3238,2020-11-21T20:20:18.935000+00:00,1.0,S
2565,3020,2020-11-21T20:20:16.755000+00:00,1.0,P
2565,3238,2020-11-21T20:20:18.935000+00:00,1.0,S
2566,3020,2020-11-21T20:20:16.755000+00:00,1.0,P
2566,3238,2020-11-21T20:20:18.935000+00:00,1.0,S
2567,3020,2020-11-21T20:20:16.755000+00:00,1.0,P
2567,3238,2020-11-21T20:20:18.935000+00:00,1.0,S
2568,3020,2020-11-21T20:20:16.755000+00:00,1.0,P
2568,3238,2020-11-21T20:20:18.935000+00:00,1.0,S
2569,3020,2020-11-21T20:20:16.755000+00:00,1.0,P
2569,3239,2020-11-21T20:20:18.945000+00:00,1.0,S
2570,3020,2020-11-21T20:20:16.755000+00:00,1.0,P
2570,3239,2020-11-21T20:20:18.945000+00:00,1.0,S
2571,3020,2020-11-21T20:20:16.755000+00:00,1.0,P
2571,3239,2020-11-21T20:20:18.945000+00:00,1.0,S
2572,3020,2020-11-21T20:20:16.755000+00:00,1.0,P
2572,3239,2020-11-21T20:20:18.945000+00:00,1.0,S
2573,3020,2020-11-21T20:20:16.755000+00:00,1.0,P
2573,3239,2020-11-21T20:20:18.945000+00:00,1.0,S
2574,3020,2020-11-21T20:20:16.755000+00:00,1.0,P
2574,3239,2020-11-21T20:20:18.945000+00:00,1.0,S
2575,3020,2020-11-21T20:20:16.755000+00:00,1.0,P
2575,3239,2020-11-21T20:20:18.945000+00:00,1.0,S
2576,3020,2020-11-21T20:20:16.755000+00:00,1.0,P
2576,3239,2020-11-21T20:20:18.945000+00:00,1.0,S
2577,3020,2020-11-21T20:20:16.755000+00:00,1.0,P
2577,3239,2020-11-21T20:20:18.945000+00:00,1.0,S
2578,3020,2020-11-21T20:20:16.755000+00:00,1.0,P
2578,3240,2020-11-21T20:20:18.955000+00:00,1.0,S
2579,3020,2020-11-21T20:20:16.755000+00:00,1.0,P
2579,3240,2020-11-21T20:20:18.955000+00:00,1.0,S
2580,3020,2020-11-21T20:20:16.755000+00:00,1.0,P
2580,3240,2020-11-21T20:20:18.955000+00:00,1.0,S
2581,3021,2020-11-21T20:20:16.765000+00:00,1.0,P
2581,3240,2020-11-21T20:20:18.955000+00:00,1.0,S
2582,3021,2020-11-21T20:20:16.765000+00:00,1.0,P
2582,3240,2020-11-21T20:20:18.955000+00:00,1.0,S
2583,3021,2020-11-21T20:20:16.765000+00:00,1.0,P
2583,3240,2020-11-21T20:20:18.955000+00:00,1.0,S
2584,3021,2020-11-21T20:20:16.765000+00:00,1.0,P
2584,3240,2020-11-21T20:20:18.955000+00:00,1.0,S
2585,3021,2020-11-21T20:20:16.765000+00:00,1.0,P
2585,3240,2020-11-21T20:20:18.955000+00:00,1.0,S
2586,3021,2020-11-21T20:20:16.765000+00:00,1.0,P
2586,3240,2020-11-21T20:20:18.955000+00:00,1.0,S
2587,3021,2020-11-21T20:20:16.765000+00:00,1.0,P
2587,3241,2020-11-21T20:20:18.965000+00:00,1.0,S
2588,3021,2020-11-21T20:20:16.765000+00:00,1.0,P
2588,3241,2020-11-21T20:20:18.965000+00:00,1.0,S
2589,3021,2020-11-21T20:20:16.765000+00:00,1.0,P
2589,3241,2020-11-21T20:20:18.965000+00:00,1.0,S
2590,3021,2020-11-21T20:20:16.765000+00:00,1.0,P
2590,3241,2020-11-21T20:20:18.965000+00:00,1.0,S
2591,3021,2020-11-21T20:20:16.765000+00:00,1.0,P
2591,3241,2020-11-21T20:20:18.965000+00:00,1.0,S
2592,3021,2020-11-21T20:20:16.765000+00:00,1.0,P
2592,3241,2020-11-21T20:20:18.965000+00:00,1.0,S
2593,3021,2020-11-21T20:20:16.765000+00:00,1.0,P
2593,3241,2020-11-21T20:20:18.965000+00:00,1.0,S
2594,3021,2020-11-21T20:20:16.765000+00:00,1.0,P
2594,3241,2020-11-21T20:20:18.965000+00:00,1.0,S
2595,3021,2020-11-21T20:20:16.765000+00:00,1.0,P
2595,3241,2020-11-21T20:20:18.965000+00:00,1.0,S
2596,3021,2020-11-21T20:20:16.765000+00:00,1.0,P
2596,3241,2020-11-21T20:20:18.965000+00:00,1.0,S
2597,3021,2020-11-21T20:20:16.765000+00:00,1.0,P
2597,3241,2020-11-21T20:20:18.965000+00:00,1.0,S
2598,3021,2020-11-21T20:20:16.765000+00:00,1.0,P
2598,3241,2020-11-21T20:20:18.965000+00:00,1.0,S
2599,3021,2020-11-21T20:20:16.765000+00:00,1.0,P
2599,3241,2020-11-21T20:20:18.965000+00:00,1.0,S
2600,3021,2020-11-21T20:20:16.765000+00:00,1.0,P
2600,3241,2020-11-21T20:20:18.965000+00:00,1.0,S
2601,3021,2020-11-21T20:20:16.765000+00:00,1.0,P
2601,3241,2020-11-21T20:20:18.965000+00:00,1.0,S
2602,3021,2020-11-21T20:20:16.765000+00:00,1.0,P
2602,3241,2020-11-21T20:20:18.965000+00:00,1.0,S
2603,3021,2020-11-21T20:20:16.765000+00:00,1.0,P
2603,3242,2020-11-21T20:20:18.975000+00:00,1.0,S
2604,3021,2020-11-21T20:20:16.765000+00:00,1.0,P
2604,3242,2020-11-21T20:20:18.975000+00:00,1.0,S
2605,3021,2020-11-21T20:20:16.765000+00:00,1.0,P
2605,3242,2020-11-21T20:20:18.975000+00:00,1.0,S
2606,3021,2020-11-21T20:20:16.765000+00:00,1.0,P
2606,3242,2020-11-21T20:20:18.975000+00:00,1.0,S
2607,3021,2020-11-21T20:20:16.765000+00:00,1.0,P
2607,3242,2020-11-21T20:20:18.975000+00:00,1.0,S
2608,3021,2020-11-21T20:20:16.765000+00:00,1.0,P
2608,3242,2020-11-21T20:20:18.975000+00:00,1.0,S
2609,3021,2020-11-21T20:20:16.765000+00:00,1.0,P
2609,3242,2020-11-21T20:20:18.975000+00:00,1.0,S
2610,3021,2020-11-21T20:20:16.765000+00:00,1.0,P
2610,3242,2020-11-21T20:20:18.975000+00:00,1.0,S
2611,3021,2020-11-21T20:20:16.765000+00:00,1.0,P
2611,3242,2020-11-21T20:20:18.975000+00:00,1.0,S
2612,3021,2020-11-21T20:20:16.765000+00:00,1.0,P
2612,3242,2020-11-21T20:20:18.975000+00:00,1.0,S
2613,3021,2020-11-21T20:20:16.765000+00:00,1.0,P
2613,3242,2020-11-21T20:20:18.975000+00:00,1.0,S
2614,3021,2020-11-21T20:20:16.765000+00:00,1.0,P
2614,3242,2020-11-21T20:20:18.975000+00:00,1.0,S
2615,3021,2020-11-21T20:20:16.765000+00:00,1.0,P
2615,3242,2020-11-21T20:20:18.975000+00:00,1.0,S
2616,3021,2020-11-21T20:20:16.765000+00:00,1.0,P
2616,3242,2020-11-21T20:20:18.975000+00:00,1.0,S
2617,3021,2020-11-21T20:20:16.765000+00:00,1.0,P
2617,3242,2020-11-21T20:20:18.975000+00:00,1.0,S
2618,3021,2020-11-21T20:20:16.765000+00:00,1.0,P
2618,3243,2020-11-21T20:20:18.985000+00:00,1.0,S
2619,3021,2020-11-21T20:20:16.765000+00:00,1.0,P
2619,3243,2020-11-21T20:20:18.985000+00:00,1.0,S
2620,3021,2020-11-21T20:20:16.765000+00:00,1.0,P
2620,3243,2020-11-21T20:20:18.985000+00:00,1.0,S
2621,3022,2020-11-21T20:20:16.775000+00:00,1.0,P
2621,3243,2020-11-21T20:20:18.985000+00:00,1.0,S
2622,3022,2020-11-21T20:20:16.775000+00:00,1.0,P
2622,3243,2020-11-21T20:20:18.985000+00:00,1.0,S
2623,3022,2020-11-21T20:20:16.775000+00:00,1.0,P
2623,3243,2020-11-21T20:20:18.985000+00:00,1.0,S
2624,3022,2020-11-21T20:20:16.775000+00:00,1.0,P
2624,3243,2020-11-21T20:20:18.985000+00:00,1.0,S
2625,3022,2020-11-21T20:20:16.775000+00:00,1.0,P
2625,3243,2020-11-21T20:20:18.985000+00:00,1.0,S
2626,3022,2020-11-21T20:20:16.775000+00:00,1.0,P
2626,3243,2020-11-21T20:20:18.985000+00:00,1.0,S
2627,3022,2020-11-21T20:20:16.775000+00:00,1.0,P
2627,3243,2020-11-21T20:20:18.985000+00:00,1.0,S
2628,3022,2020-11-21T20:20:16.775000+00:00,1.0,P
2628,3243,2020-11-21T20:20:18.985000+00:00,1.0,S
2629,3022,2020-11-21T20:20:16.775000+00:00,1.0,P
2629,3243,2020-11-21T20:20:18.985000+00:00,1.0,S
2630,3022,2020-11-21T20:20:16.775000+00:00,1.0,P
2630,3243,2020-11-21T20:20:18.985000+00:00,1.0,S
2631,3022,2020-11-21T20:20:16.775000+00:00,1.0,P
2631,3243,2020-11-21T20:20:18.985000+00:00,1.0,S
2632,3022,2020-11-21T20:20:16.775000+00:00,1.0,P
2632,3243,2020-11-21T20:20:18.985000+00:00,1.0,S
2633,3022,2020-11-21T20:20:16.775000+00:00,1.0,P
2633,3243,2020-11-21T20:20:18.985000+00:00,1.0,S
2634,3022,2020-11-21T20:20:16.775000+00:00,1.0,P
2634,3243,2020-11-21T20:20:18.985000+00:00,1.0,S
2635,3022,2020-11-21T20:20:16.775000+00:00,1.0,P
2635,3243,2020-11-21T20:20:18.985000+00:00,1.0,S
2636,3022,2020-11-21T20:20:16.775000+00:00,1.0,P
2636,3243,2020-11-21T20:20:18.985000+00:00,1.0,S
2637,3022,2020-11-21T20:20:16.775000+00:00,1.0,P
2637,3243,2020-11-21T20:20:18.985000+00:00,1.0,S
2638,3022,2020-11-21T20:20:16.775000+00:00,1.0,P
2638,3243,2020-11-21T20:20:18.985000+00:00,1.0,S
2639,3022,2020-11-21T20:20:16.775000+00:00,1.0,P
2639,3243,2020-11-21T20:20:18.985000+00:00,1.0,S
2640,3022,2020-11-21T20:20:16.775000+00:00,1.0,P
2640,3243,2020-11-21T20:20:18.985000+00:00,1.0,S
2641,3022,2020-11-21T20:20:16.775000+00:00,1.0,P
2641,3243,2020-11-21T20:20:18.985000+00:00,1.0,S
2642,3022,2020-11-21T20:20:16.775000+00:00,1.0,P
2642,3243,2020-11-21T20:20:18.985000+00:00,1.0,S
2643,3022,2020-11-21T20:20:16.775000+00:00,1.0,P
2643,3244,2020-11-21T20:20:18.994999+00:00,1.0,S
2644,3022,2020-11-21T20:20:16.775000+00:00,1.0,P
2644,3244,2020-11-21T20:20:18.994999+00:00,1.0,S
2645,3022,2020-11-21T20:20:16.775000+00:00,1.0,P
2645,3244,2020-11-21T20:20:18.994999+00:00,1.0,S
2646,3022,2020-11-21T20:20:16.775000+00:00,1.0,P
2646,3244,2020-11-21T20:20:18.994999+00:00,1.0,S
2647,3022,2020-11-21T20:20:16.775000+00:00,1.0,P
2647,3244,2020-11-21T20:20:18.994999+00:00,1.0,S
2648,3022,2020-11-21T20:20:16.775000+00:00,1.0,P
2648,3244,2020-11-21T20:20:18.994999+00:00,1.0,S
2649,3022,2020-11-21T20:20:16.775000+00:00,1.0,P
2649,3244,2020-11-21T20:20:18.994999+00:00,1.0,S
2650,3022,2020-11-21T20:20:16.775000+00:00,1.0,P
2650,3244,2020-11-21T20:20:18.994999+00:00,1.0,S
2651,3022,2020-11-21T20:20:16.775000+00:00,1.0,P
2651,3244,2020-11-21T20:20:18.994999+00:00,1.0,S
2652,3022,2020-11-21T20:20:16.775000+00:00,1.0,P
2652,3244,2020-11-21T20:20:18.994999+00:00,1.0,S
2653,3022,2020-11-21T20:20:16.775000+00:00,1.0,P
2653,3244,2020-11-21T20:20:18.994999+00:00,1.0,S
2654,3022,2020-11-21T20:20:16.775000+00:00,1.0,P
2654,3244,2020-11-21T20:20:18.994999+00:00,1.0,S
2655,3022,2020-11-21T20:20:16.775000+00:00,1.0,P
2655,3244,2020-11-21T20:20:18.994999+00:00,1.0,S
2656,3022,2020-11-21T20:20:16.775000+00:00,1.0,P
2656,3245,2020-11-21T20:20:19.005000+00:00,1.0,S
2657,3022,2020-11-21T20:20:16.775000+00:00,1.0,P
2657,3245,2020-11-21T20:20:19.005000+00:00,1.0,S
2658,3022,2020-11-21T20:20:16.775000+00:00,1.0,P
2658,3245,2020-11-21T20:20:19.005000+00:00,1.0,S
2659,3022,2020-11-21T20:20:16.775000+00:00,1.0,P
2659,3245,2020-11-21T20:20:19.005000+00:00,1.0,S
2660,3022,2020-11-21T20:20:16.775000+00:00,1.0,P
2660,3245,2020-11-21T20:20:19.005000+00:00,1.0,S
2661,3022,2020-11-21T20:20:16.775000+00:00,1.0,P
2661,3245,2020-11-21T20:20:19.005000+00:00,1.0,S
2662,3022,2020-11-21T20:20:16.775000+00:00,1.0,P
2662,3245,2020-11-21T20:20:19.005000+00:00,1.0,S
2663,3022,2020-11-21T20:20:16.775000+00:00,1.0,P
2663,3245,2020-11-21T20:20:19.005000+00:00,1.0,S
2664,3022,2020-11-21T20:20:16.775000+00:00,1.0,P
2664,3245,2020-11-21T20:20:19.005000+00:00,1.0,S
2665,3022,2020-11-21T20:20:16.775000+00:00,1.0,P
2665,3245,2020-11-21T20:20:19.005000+00:00,1.0,S
2666,3022,2020-11-21T20:20:16.775000+00:00,1.0,P
2666,3245,2020-11-21T20:20:19.005000+00:00,1.0,S
2667,3022,2020-11-21T20:20:16.775000+00:00,1.0,P
2667,3245,2020-11-21T20:20:19.005000+00:00,1.0,S
2668,3022,2020-11-21T20:20:16.775000+00:00,1.0,P
2668,3245,2020-11-21T20:20:19.005000+00:00,1.0,S
2669,3022,2020-11-21T20:20:16.775000+00:00,1.0,P
2669,3245,2020-11-21T20:20:19.005000+00:00,1.0,S
2670,3023,2020-11-21T20:20:16.785000+00:00,1.0,P
2670,3245,2020-11-21T20:20:19.005000+00:00,1.0,S
2671,3023,2020-11-21T20:20:16.785000+00:00,1.0,P
2671,3245,2020-11-21T20:20:19.005000+00:00,1.0,S
2672,3023,2020-11-21T20:20:16.785000+00:00,1.0,P
2672,3245,2020-11-21T20:20:19.005000+00:00,1.0,S
2673,3023,2020-11-21T20:20:16.785000+00:00,1.0,P
2673,3245,2020-11-21T20:20:19.005000+00:00,1.0,S
2674,3023,2020-11-21T20:20:16.785000+00:00,1.0,P
2674,3246,2020-11-21T20:20:19.015000+00:00,1.0,S
2675,3023,2020-11-21T20:20:16.785000+00:00,1.0,P
2675,3246,2020-11-21T20:20:19.015000+00:00,1.0,S
2676,3023,2020-11-21T20:20:16.785000+00:00,1.0,P
2676,3246,2020-11-21T20:20:19.015000+00:00,1.0,S
2677,3023,2020-11-21T20:20:16.785000+00:00,1.0,P
2677,3246,2020-11-21T20:20:19.015000+00:00,1.0,S
2678,3023,2020-11-21T20:20:16.785000+00:00,1.0,P
2678,3246,2020-11-21T20:20:19.015000+00:00,1.0,S
2679,3023,2020-11-21T20:20:16.785000+00:00,1.0,P
2679,3246,2020-11-21T20:20:19.015000+00:00,1.0,S
2680,3023,2020-11-21T20:20:16.785000+00:00,1.0,P
2680,3246,2020-11-21T20:20:19.015000+00:00,1.0,S
2681,3023,2020-11-21T20:20:16.785000+00:00,1.0,P
2681,3246,2020-11-21T20:20:19.015000+00:00,1.0,S
2682,3023,2020-11-21T20:20:16.785000+00:00,1.0,P
2682,3246,2020-11-21T20:20:19.015000+00:00,1.0,S
2683,3023,2020-11-21T20:20:16.785000+00:00,1.0,P
2683,3246,2020-11-21T20:20:19.015000+00:00,1.0,S
2684,3023,2020-11-21T20:20:16.785000+00:00,1.0,P
2684,3246,2020-11-21T20:20:19.015000+00:00,1.0,S
2685,3023,2020-11-21T20:20:16.785000+00:00,1.0,P
2685,3246,2020-11-21T20:20:19.015000+00:00,1.0,S
2686,3023,2020-11-21T20:20:16.785000+00:00,1.0,P
2686,3246,2020-11-21T20:20:19.015000+00:00,1.0,S
2687,3023,2020-11-21T20:20:16.785000+00:00,1.0,P
2687,3246,2020-11-21T20:20:19.015000+00:00,1.0,S
2688,3023,2020-11-21T20:20:16.785000+00:00,1.0,P
2688,3246,2020-11-21T20:20:19.015000+00:00,1.0,S
2689,3023,2020-11-21T20:20:16.785000+00:00,1.0,P
2689,3246,2020-11-21T20:20:19.015000+00:00,1.0,S
2690,3023,2020-11-21T20:20:16.785000+00:00,1.0,P
2690,3246,2020-11-21T20:20:19.015000+00:00,1.0,S
2691,3024,2020-11-21T20:20:16.795000+00:00,1.0,P
2691,3246,2020-11-21T20:20:19.015000+00:00,1.0,S
2692,3024,2020-11-21T20:20:16.795000+00:00,1.0,P
2692,3246,2020-11-21T20:20:19.015000+00:00,1.0,S
2693,3024,2020-11-21T20:20:16.795000+00:00,1.0,P
2693,3246,2020-11-21T20:20:19.015000+00:00,1.0,S
2694,3024,2020-11-21T20:20:16.795000+00:00,1.0,P
2694,3246,2020-11-21T20:20:19.015000+00:00,1.0,S
2695,3024,2020-11-21T20:20:16.795000+00:00,1.0,P
2695,3246,2020-11-21T20:20:19.015000+00:00,1.0,S
2696,3024,2020-11-21T20:20:16.795000+00:00,1.0,P
2696,3246,2020-11-21T20:20:19.015000+00:00,1.0,S
2697,3024,2020-11-21T20:20:16.795000+00:00,1.0,P
2697,3246,2020-11-21T20:20:19.015000+00:00,1.0,S
2698,3024,2020-11-21T20:20:16.795000+00:00,1.0,P
2698,3246,2020-11-21T20:20:19.015000+00:00,1.0,S
2699,3024,2020-11-21T20:20:16.795000+00:00,1.0,P
2699,3246,2020-11-21T20:20:19.015000+00:00,1.0,S
2700,3024,2020-11-21T20:20:16.795000+00:00,1.0,P
2700,3247,2020-11-21T20:20:19.025000+00:00,1.0,S
2701,3024,2020-11-21T20:20:16.795000+00:00,1.0,P
2701,3247,2020-11-21T20:20:19.025000+00:00,1.0,S
2702,3024,2020-11-21T20:20:16.795000+00:00,1.0,P
2702,3247,2020-11-21T20:20:19.025000+00:00,1.0,S
2703,3024,2020-11-21T20:20:16.795000+00:00,1.0,P
2703,3247,2020-11-21T20:20:19.025000+00:00,1.0,S
2704,3024,2020-11-21T20:20:16.795000+00:00,1.0,P
2704,3247,2020-11-21T20:20:19.025000+00:00,1.0,S
2705,3024,2020-11-21T20:20:16.795000+00:00,1.0,P
2705,3247,2020-11-21T20:20:19.025000+00:00,1.0,S
2706,3024,2020-11-21T20:20:16.795000+00:00,1.0,P
2706,3247,2020-11-21T20:20:19.025000+00:00,1.0,S
2707,3025,2020-11-21T20:20:16.805000+00:00,1.0,P
2707,3247,2020-11-21T20:20:19.025000+00:00,1.0,S
2708,3025,2020-11-21T20:20:16.805000+00:00,1.0,P
2708,3248,2020-11-21T20:20:19.035000+00:00,1.0,S
2709,3025,2020-11-21T20:20:16.805000+00:00,1.0,P
2709,3248,2020-11-21T20:20:19.035000+00:00,1.0,S
2710,3025,2020-11-21T20:20:16.805000+00:00,1.0,P
2710,3248,2020-11-21T20:20:19.035000+00:00,1.0,S
2711,3025,2020-11-21T20:20:16.805000+00:00,1.0,P
2711,3248,2020-11-21T20:20:19.035000+00:00,1.0,S
2712,3025,2020-11-21T20:20:16.805000+00:00,1.0,P
2712,3248,2020-11-21T20:20:19.035000+00:00,1.0,S
2713,3025,2020-11-21T20:20:16.805000+00:00,1.0,P
2713,3248,2020-11-21T20:20:19.035000+00:00,1.0,S
2714,3025,2020-11-21T20:20:16.805000+00:00,1.0,P
2714,3248,2020-11-21T20:20:19.035000+00:00,1.0,S
2715,3025,2020-11-21T20:20:16.805000+00:00,1.0,P
2715,3248,2020-11-21T20:20:19.035000+00:00,1.0,S
2716,3025,2020-11-21T20:20:16.805000+00:00,1.0,P
2716,3248,2020-11-21T20:20:19.035000+00:00,1.0,S
2717,3025,2020-11-21T20:20:16.805000+00:00,1.0,P
2717,3248,2020-11-21T20:20:19.035000+00:00,1.0,S
2718,3025,2020-11-21T20:20:16.805000+00:00,1.0,P
2718,3248,2020-11-21T20:20:19.035000+00:00,1.0,S
2719,3025,2020-11-21T20:20:16.805000+00:00,1.0,P
2719,3248,2020-11-21T20:20:19.035000+00:00,1.0,S
2720,3026,2020-11-21T20:20:16.815000+00:00,1.0,P
2720,3248,2020-11-21T20:20:19.035000+00:00,1.0,S
2721,3026,2020-11-21T20:20:16.815000+00:00,1.0,P
2721,3248,2020-11-21T20:20:19.035000+00:00,1.0,S
2722,3026,2020-11-21T20:20:16.815000+00:00,1.0,P
2722,3248,2020-11-21T20:20:19.035000+00:00,1.0,S
2723,3026,2020-11-21T20:20:16.815000+00:00,1.0,P
2723,3248,2020-11-21T20:20:19.035000+00:00,1.0,S
2724,3026,2020-11-21T20:20:16.815000+00:00,1.0,P
2724,3248,2020-11-21T20:20:19.035000+00:00,1.0,S
2725,3026,2020-11-21T20:20:16.815000+00:00,1.0,P
2725,3248,2020-11-21T20:20:19.035000+00:00,1.0,S
2726,3026,2020-11-21T20:20:16.815000+00:00,1.0,P
2726,3248,2020-11-21T20:20:19.035000+00:00,1.0,S
2727,3026,2020-11-21T20:20:16.815000+00:00,1.0,P
2727,3248,2020-11-21T20:20:19.035000+00:00,1.0,S
2728,3026,2020-11-21T20:20:16.815000+00:00,1.0,P
2728,3248,2020-11-21T20:20:19.035000+00:00,1.0,S
2729,3026,2020-11-21T20:20:16.815000+00:00,1.0,P
2729,3248,2020-11-21T20:20:19.035000+00:00,1.0,S
2730,3026,2020-11-21T20:20:16.815000+00:00,1.0,P
2730,3248,2020-11-21T20:20:19.035000+00:00,1.0,S
2731,3026,2020-11-21T20:20:16.815000+00:00,1.0,P
2731,3248,2020-11-21T20:20:19.035000+00:00,1.0,S
2732,3027,2020-11-21T20:20:16.825000+00:00,1.0,P
2732,3249,2020-11-21T20:20:19.045000+00:00,1.0,S
2733,3027,2020-11-21T20:20:16.825000+00:00,1.0,P
2733,3249,2020-11-21T20:20:19.045000+00:00,1.0,S
2734,3027,2020-11-21T20:20:16.825000+00:00,1.0,P
2734,3249,2020-11-21T20:20:19.045000+00:00,1.0,S
2735,3027,2020-11-21T20:20:16.825000+00:00,1.0,P
2735,3249,2020-11-21T20:20:19.045000+00:00,1.0,S
2736,3027,2020-11-21T20:20:16.825000+00:00,1.0,P
2736,3249,2020-11-21T20:20:19.045000+00:00,1.0,S
2737,3027,2020-11-21T20:20:16.825000+00:00,1.0,P
2737,3249,2020-11-21T20:20:19.045000+00:00,1.0,S
2738,3027,2020-11-21T20:20:16.825000+00:00,1.0,P
2738,3249,2020-11-21T20:20:19.045000+00:00,1.0,S
2739,3027,2020-11-21T20:20:16.825000+00:00,1.0,P
2739,3249,2020-11-21T20:20:19.045000+00:00,1.0,S
2740,3027,2020-11-21T20:20:16.825000+00:00,1.0,P
2740,3249,2020-11-21T20:20:19.045000+00:00,1.0,S
2741,3027,2020-11-21T20:20:16.825000+00:00,1.0,P
2741,3249,2020-11-21T20:20:19.045000+00:00,1.0,S
2742,3027,2020-11-21T20:20:16.825000+00:00,1.0,P
2742,3249,2020-11-21T20:20:19.045000+00:00,1.0,S
2743,3028,2020-11-21T20:20:16.835000+00:00,1.0,P
2743,3249,2020-11-21T20:20:19.045000+00:00,1.0,S
2744,3028,2020-11-21T20:20:16.835000+00:00,1.0,P
2744,3249,2020-11-21T20:20:19.045000+00:00,1.0,S
2745,3028,2020-11-21T20:20:16.835000+00:00,1.0,P
2745,3249,2020-11-21T20:20:19.045000+00:00,1.0,S
2746,3028,2020-11-21T20:20:16.835000+00:00,1.0,P
2746,3249,2020-11-21T20:20:19.045000+00:00,1.0,S
2747,3028,2020-11-21T20:20:16.835000+00:00,1.0,P
2747,3249,2020-11-21T20:20:19.045000+00:00,1.0,S
2748,3028,2020-11-21T20:20:16.835000+00:00,1.0,P
2748,3249,2020-11-21T20:20:19.045000+00:00,1.0,S
2749,3028,2020-11-21T20:20:16.835000+00:00,1.0,P
2749,3249,2020-11-21T20:20:19.045000+00:00,1.0,S
2750,3028,2020-11-21T20:20:16.835000+00:00,1.0,P
2750,3250,2020-11-21T20:20:19.055000+00:00,1.0,S
2751,3028,2020-11-21T20:20:16.835000+00:00,1.0,P
2751,3250,2020-11-21T20:20:19.055000+00:00,1.0,S
2752,3028,2020-11-21T20:20:16.835000+00:00,1.0,P
2752,3250,2020-11-21T20:20:19.055000+00:00,1.0,S
2753,3028,2020-11-21T20:20:16.835000+00:00,1.0,P
2753,3250,2020-11-21T20:20:19.055000+00:00,1.0,S
2754,3028,2020-11-21T20:20:16.835000+00:00,1.0,P
2754,3250,2020-11-21T20:20:19.055000+00:00,1.0,S
2755,3029,2020-11-21T20:20:16.845000+00:00,1.0,P
2755,3250,2020-11-21T20:20:19.055000+00:00,1.0,S
2756,3029,2020-11-21T20:20:16.845000+00:00,1.0,P
2756,3250,2020-11-21T20:20:19.055000+00:00,1.0,S
2757,3029,2020-11-21T20:20:16.845000+00:00,1.0,P
2757,3250,2020-11-21T20:20:19.055000+00:00,1.0,S
2758,3029,2020-11-21T20:20:16.845000+00:00,1.0,P
2758,3250,2020-11-21T20:20:19.055000+00:00,1.0,S
2759,3029,2020-11-21T20:20:16.845000+00:00,1.0,P
2759,3250,2020-11-21T20:20:19.055000+00:00,1.0,S
2760,3029,2020-11-21T20:20:16.845000+00:00,1.0,P
2760,3250,2020-11-21T20:20:19.055000+00:00,1.0,S
2761,3029,2020-11-21T20:20:16.845000+00:00,1.0,P
2761,3250,2020-11-21T20:20:19.055000+00:00,1.0,S
2762,3029,2020-11-21T20:20:16.845000+00:00,1.0,P
2762,3250,2020-11-21T20:20:19.055000+00:00,1.0,S
2763,3029,2020-11-21T20:20:16.845000+00:00,1.0,P
2763,3250,2020-11-21T20:20:19.055000+00:00,1.0,S
2764,3029,2020-11-21T20:20:16.845000+00:00,1.0,P
2764,3250,2020-11-21T20:20:19.055000+00:00,1.0,S
2765,3030,2020-11-21T20:20:16.855000+00:00,1.0,P
2765,3250,2020-11-21T20:20:19.055000+00:00,1.0,S
2766,3030,2020-11-21T20:20:16.855000+00:00,1.0,P
2766,3250,2020-11-21T20:20:19.055000+00:00,1.0,S
2767,3030,2020-11-21T20:20:16.855000+00:00,1.0,P
2767,3250,2020-11-21T20:20:19.055000+00:00,1.0,S
2768,3030,2020-11-21T20:20:16.855000+00:00,1.0,P
2768,3250,2020-11-21T20:20:19.055000+00:00,1.0,S
2769,3030,2020-11-21T20:20:16.855000+00:00,1.0,P
2769,3250,2020-11-21T20:20:19.055000+00:00,1.0,S
2770,3030,2020-11-21T20:20:16.855000+00:00,1.0,P
2770,3250,2020-11-21T20:20:19.055000+00:00,1.0,S
2771,3030,2020-11-21T20:20:16.855000+00:00,1.0,P
2771,3250,2020-11-21T20:20:19.055000+00:00,1.0,S
2772,3030,2020-11-21T20:20:16.855000+00:00,1.0,P
2772,3250,2020-11-21T20:20:19.055000+00:00,1.0,S
2773,3030,2020-11-21T20:20:16.855000+00:00,1.0,P
2773,3250,2020-11-21T20:20:19.055000+00:00,1.0,S
2774,3030,2020-11-21T20:20:16.855000+00:00,1.0,P
2774,3251,2020-11-21T20:20:19.064999+00:00,1.0,S
2775,3031,2020-11-21T20:20:16.865000+00:00,1.0,P
2775,3251,2020-11-21T20:20:19.064999+00:00,1.0,S
2776,3031,2020-11-21T20:20:16.865000+00:00,1.0,P
2776,3251,2020-11-21T20:20:19.064999+00:00,1.0,S
2777,3031,2020-11-21T20:20:16.865000+00:00,1.0,P
2777,3251,2020-11-21T20:20:19.064999+00:00,1.0,S
2778,3031,2020-11-21T20:20:16.865000+00:00,1.0,P
2778,3251,2020-11-21T20:20:19.064999+00:00,1.0,S
2779,3031,2020-11-21T20:20:16.865000+00:00,1.0,P
2779,3251,2020-11-21T20:20:19.064999+00:00,1.0,S
2780,3031,2020-11-21T20:20:16.865000+00:00,1.0,P
2780,3251,2020-11-21T20:20:19.064999+00:00,1.0,S
2781,3031,2020-11-21T20:20:16.865000+00:00,1.0,P
2781,3251,2020-11-21T20:20:19.064999+00:00,1.0,S
2782,3031,2020-11-21T20:20:16.865000+00:00,1.0,P
2782,3251,2020-11-21T20:20:19.064999+00:00,1.0,S
2783,3031,2020-11-21T20:20:16.865000+00:00,1.0,P
2783,3252,2020-11-21T20:20:19.075000+00:00,1.0,S
2784,3031,2020-11-21T20:20:16.865000+00:00,1.0,P
2784,3252,2020-11-21T20:20:19.075000+00:00,1.0,S
2785,3032,2020-11-21T20:20:16.875000+00:00,1.0,P
2785,3252,2020-11-21T20:20:19.075000+00:00,1.0,S
2786,3032,2020-11-21T20:20:16.875000+00:00,1.0,P
2786,3252,2020-11-21T20:20:19.075000+00:00,1.0,S
2787,3032,2020-11-21T20:20:16.875000+00:00,1.0,P
2787,3252,2020-11-21T20:20:19.075000+00:00,1.0,S
2788,3032,2020-11-21T20:20:16.875000+00:00,1.0,P
2788,3252,2020-11-21T20:20:19.075000+00:00,1.0,S
2789,3032,2020-11-21T20:20:16.875000+00:00,1.0,P
2789,3252,2020-11-21T20:20:19.075000+00:00,1.0,S
2790,3032,2020-11-21T20:20:16.875000+00:00,1.0,P
2790,3253,2020-11-21T20:20:19.085000+00:00,1.0,S
2791,3032,2020-11-21T20:20:16.875000+00:00,1.0,P
2791,3253,2020-11-21T20:20:19.085000+00:00,1.0,S
2792,3032,2020-11-21T20:20:16.875000+00:00,1.0,P
2792,3253,2020-11-21T20:20:19.085000+00:00,1.0,S
2793,3033,2020-11-21T20:20:16.885000+00:00,1.0,P
2793,3253,2020-11-21T20:20:19.085000+00:00,1.0,S
2794,3033,2020-11-21T20:20:16.885000+00:00,1.0,P
2794,3253,2020-11-21T20:20:19.085000+00:00,1.0,S
2795,3033,2020-11-21T20:20:16.885000+00:00,1.0,P
2795,3253,2020-11-21T20:20:19.085000+00:00,1.0,S
2796,3033,2020-11-21T20:20:16.885000+00:00,1.0,P
2796,3253,2020-11-21T20:20:19.085000+00:00,1.0,S
2797,3033,2020-11-21T20:20:16.885000+00:00,1.0,P
2797,3254,2020-11-21T20:20:19.095000+00:00,1.0,S
2798,3033,2020-11-21T20:20:16.885000+00:00,1.0,P
2798,3254,2020-11-21T20:20:19.095000+00:00,1.0,S
2799,3033,2020-11-21T20:20:16.885000+00:00,1.0,P
2799,3254,2020-11-21T20:20:19.095000+00:00,1.0,S
2800,3033,2020-11-21T20:20:16.885000+00:00,1.0,P
2800,3254,2020-11-21T20:20:19.095000+00:00,1.0,S
2801,3033,2020-11-21T20:20:16.885000+00:00,1.0,P
2801,3254,2020-11-21T20:20:19.095000+00:00,1.0,S
2802,3034,2020-11-21T20:20:16.895000+00:00,1.0,P
2802,3254,2020-11-21T20:20:19.095000+00:00,1.0,S
2803,3034,2020-11-21T20:20:16.895000+00:00,1.0,P
2803,3254,2020-11-21T20:20:19.095000+00:00,1.0,S
2804,3034,2020-11-21T20:20:16.895000+00:00,1.0,P
2804,3255,2020-11-21T20:20:19.104999+00:00,1.0,S
2805,3034,2020-11-21T20:20:16.895000+00:00,1.0,P
2805,3255,2020-11-21T20:20:19.104999+00:00,1.0,S
2806,3034,2020-11-21T20:20:16.895000+00:00,1.0,P
2806,3255,2020-11-21T20:20:19.104999+00:00,1.0,S
2807,3034,2020-11-21T20:20:16.895000+00:00,1.0,P
2807,3255,2020-11-21T20:20:19.104999+00:00,1.0,S
2808,3034,2020-11-21T20:20:16.895000+00:00,1.0,P
2808,3255,2020-11-21T20:20:19.104999+00:00,1.0,S
2809,3034,2020-11-21T20:20:16.895000+00:00,1.0,P
2809,3255,2020-11-21T20:20:19.104999+00:00,1.0,S
2810,3035,2020-11-21T20:20:16.905000+00:00,1.0,P
2810,3256,2020-11-21T20:20:19.115000+00:00,1.0,S
2811,3035,2020-11-21T20:20:16.905000+00:00,1.0,P
2811,3256,2020-11-21T20:20:19.115000+00:00,1.0,S
2812,3035,2020-11-21T20:20:16.905000+00:00,1.0,P
2812,3256,2020-11-21T20:20:19.115000+00:00,1.0,S
2813,3035,2020-11-21T20:20:16.905000+00:00,1.0,P
2813,3256,2020-11-21T20:20:19.115000+00:00,1.0,S
2814,3035,2020-11-21T20:20:16.905000+00:00,1.0,P
2814,3256,2020-11-21T20:20:19.115000+00:00,1.0,S
2815,3035,2020-11-21T20:20:16.905000+00:00,1.0,P
2815,3257,2020-11-21T20:20:19.125000+00:00,1.0,S
2816,3035,2020-11-21T20:20:16.905000+00:00,1.0,P
2816,3257,2020-11-21T20:20:19.125000+00:00,1.0,S
2817,3036,2020-11-21T20:20:16.915000+00:00,1.0,P
2817,3257,2020-11-21T20:20:19.125000+00:00,1.0,S
2818,3036,2020-11-21T20:20:16.915000+00:00,1.0,P
2818,3257,2020-11-21T20:20:19.125000+00:00,1.0,S
2819,3036,2020-11-21T20:20:16.915000+00:00,1.0,P
2819,3257,2020-11-21T20:20:19.125000+00:00,1.0,S
2820,3036,2020-11-21T20:20:16.915000+00:00,1.0,P
2820,3257,2020-11-21T20:20:19.125000+00:00,1.0,S
2821,3036,2020-11-21T20:20:16.915000+00:00,1.0,P
2821,3258,2020-11-21T20:20:19.135000+00:00,1.0,S
2822,3036,2020-11-21T20:20:16.915000+00:00,1.0,P
2822,3258,2020-11-21T20:20:19.135000+00:00,1.0,S
2823,3036,2020-11-21T20:20:16.915000+00:00,1.0,P
2823,3258,2020-11-21T20:20:19.135000+00:00,1.0,S
2824,3037,2020-11-21T20:20:16.925000+00:00,1.0,P
2824,3258,2020-11-21T20:20:19.135000+00:00,1.0,S
2825,3037,2020-11-21T20:20:16.925000+00:00,1.0,P
2825,3259,2020-11-21T20:20:19.145000+00:00,1.0,S
2826,3037,2020-11-21T20:20:16.925000+00:00,1.0,P
2826,3259,2020-11-21T20:20:19.145000+00:00,1.0,S
2827,3037,2020-11-21T20:20:16.925000+00:00,1.0,P
2827,3259,2020-11-21T20:20:19.145000+00:00,1.0,S
2828,3037,2020-11-21T20:20:16.925000+00:00,1.0,P
2828,3259,2020-11-21T20:20:19.145000+00:00,1.0,S
2829,3037,2020-11-21T20:20:16.925000+00:00,1.0,P
2829,3260,2020-11-21T20:20:19.155000+00:00,1.0,S
2830,3037,2020-11-21T20:20:16.925000+00:00,1.0,P
2830,3260,2020-11-21T20:20:19.155000+00:00,1.0,S
2831,3038,2020-11-21T20:20:16.935000+00:00,1.0,P
2831,3260,2020-11-21T20:20:19.155000+00:00,1.0,S
2832,3038,2020-11-21T20:20:16.935000+00:00,1.0,P
2832,3260,2020-11-21T20:20:19.155000+00:00,1.0,S
2833,3038,2020-11-21T20:20:16.935000+00:00,1.0,P
2833,3260,2020-11-21T20:20:19.155000+00:00,1.0,S
2834,3038,2020-11-21T20:20:16.935000+00:00,1.0,P
2834,3261,2020-11-21T20:20:19.165000+00:00,1.0,S
2835,3038,2020-11-21T20:20:16.935000+00:00,1.0,P
2835,3261,2020-11-21T20:20:19.165000+00:00,1.0,S
2836,3038,2020-11-21T20:20:16.935000+00:00,1.0,P
2836,3261,2020-11-21T20:20:19.165000+00:00,1.0,S
2837,3039,2020-11-21T20:20:16.945000+00:00,1.0,P
2837,3261,2020-11-21T20:20:19.165000+00:00,1.0,S
2838,3039,2020-11-21T20:20:16.945000+00:00,1.0,P
2838,3262,2020-11-21T20:20:19.174999+00:00,1.0,S
2839,3039,2020-11-21T20:20:16.945000+00:00,1.0,P
2839,3262,2020-11-21T20:20:19.174999+00:00,1.0,S
2840,3039,2020-11-21T20:20:16.945000+00:00,1.0,P
2840,3262,2020-11-21T20:20:19.174999+00:00,1.0,S
2841,3039,2020-11-21T20:20:16.945000+00:00,1.0,P
2841,3262,2020-11-21T20:20:19.174999+00:00,1.0,S
2842,3039,2020-11-21T20:20:16.945000+00:00,1.0,P
2842,3263,2020-11-21T20:20:19.185000+00:00,1.0,S
2843,3039,2020-11-21T20:20:16.945000+00:00,1.0,P
2843,3263,2020-11-21T20:20:19.185000+00:00,1.0,S
2844,3040,2020-11-21T20:20:16.955000+00:00,1.0,P
2844,3263,2020-11-21T20:20:19.185000+00:00,1.0,S
2845,3040,2020-11-21T20:20:16.955000+00:00,1.0,P
2845,3263,2020-11-21T20:20:19.185000+00:00,1.0,S
2846,3040,2020-11-21T20:20:16.955000+00:00,1.0,P
2846,3263,2020-11-21T20:20:19.185000+00:00,1.0,S
2847,3040,2020-11-21T20:20:16.955000+00:00,1.0,P
2847,3263,2020-11-21T20:20:19.185000+00:00,1.0,S
2848,3040,2020-11-21T20:20:16.955000+00:00,1.0,P
2848,3264,2020-11-21T20:20:19.195000+00:00,1.0,S
2849,3040,2020-11-21T20:20:16.955000+00:00,1.0,P
2849,3264,2020-11-21T20:20:19.195000+00:00,1.0,S
2850,3041,2020-11-21T20:20:16.965000+00:00,1.0,P
2850,3264,2020-11-21T20:20:19.195000+00:00,1.0,S
2851,3041,2020-11-21T20:20:16.965000+00:00,1.0,P
2851,3264,2020-11-21T20:20:19.195000+00:00,1.0,S
2852,3041,2020-11-21T20:20:16.965000+00:00,1.0,P
2852,3265,2020-11-21T20:20:19.205000+00:00,1.0,S
2853,3041,2020-11-21T20:20:16.965000+00:00,1.0,P
2853,3265,2020-11-21T20:20:19.205000+00:00,1.0,S
2854,3041,2020-11-21T20:20:16.965000+00:00,1.0,P
2854,3265,2020-11-21T20:20:19.205000+00:00,1.0,S
2855,3041,2020-11-21T20:20:16.965000+00:00,1.0,P
2855,3265,2020-11-21T20:20:19.205000+00:00,1.0,S
2856,3042,2020-11-21T20:20:16.975000+00:00,1.0,P
2856,3265,2020-11-21T20:20:19.205000+00:00,1.0,S
2857,3042,2020-11-21T20:20:16.975000+00:00,1.0,P
2857,3266,2020-11-21T20:20:19.215000+00:00,1.0,S
2858,3042,2020-11-21T20:20:16.975000+00:00,1.0,P
2858,3266,2020-11-21T20:20:19.215000+00:00,1.0,S
2859,3042,2020-11-21T20:20:16.975000+00:00,1.0,P
2859,3266,2020-11-21T20:20:19.215000+00:00,1.0,S
2860,3042,2020-11-21T20:20:16.975000+00:00,1.0,P
2860,3266,2020-11-21T20:20:19.215000+00:00,1.0,S
2861,3042,2020-11-21T20:20:16.975000+00:00,1.0,P
2861,3267,2020-11-21T20:20:19.225000+00:00,1.0,S
2862,3042,2020-11-21T20:20:16.975000+00:00,1.0,P
2862,3267,2020-11-21T20:20:19.225000+00:00,1.0,S
2863,3043,2020-11-21T20:20:16.985000+00:00,1.0,P
2863,3267,2020-11-21T20:20:19.225000+00:00,1.0,S
2864,3043,2020-11-21T20:20:16.985000+00:00,1.0,P
2864,3267,2020-11-21T20:20:19.225000+00:00,1.0,S
2865,3043,2020-11-21T20:20:16.985000+00:00,1.0,P
2865,3268,2020-11-21T20:20:19.235000+00:00,1.0,S
2866,3043,2020-11-21T20:20:16.985000+00:00,1.0,P
2866,3268,2020-11-21T20:20:19.235000+00:00,1.0,S
2867,3043,2020-11-21T20:20:16.985000+00:00,1.0,P
2867,3268,2020-11-21T20:20:19.235000+00:00,1.0,S
2868,3043,2020-11-21T20:20:16.985000+00:00,1.0,P
2868,3268,2020-11-21T20:20:19.235000+00:00,1.0,S
2869,3043,2020-11-21T20:20:16.985000+00:00,1.0,P
2869,3269,2020-11-21T20:20:19.244999+00:00,1.0,S
2870,3044,2020-11-21T20:20:16.995000+00:00,1.0,P
2870,3269,2020-11-21T20:20:19.244999+00:00,1.0,S
2871,3044,2020-11-21T20:20:16.995000+00:00,1.0,P
2871,3269,2020-11-21T20:20:19.244999+00:00,1.0,S
2872,3044,2020-11-21T20:20:16.995000+00:00,1.0,P
2872,3269,2020-11-21T20:20:19.244999+00:00,1.0,S
2873,3044,2020-11-21T20:20:16.995000+00:00,1.0,P
2873,3270,2020-11-21T20:20:19.255000+00:00,1.0,S
2874,3044,2020-11-21T20:20:16.995000+00:00,1.0,P
2874,3270,2020-11-21T20:20:19.255000+00:00,1.0,S
2875,3044,2020-11-21T20:20:16.995000+00:00,1.0,P
2875,3270,2020-11-21T20:20:19.255000+00:00,1.0,S
2876,3045,2020-11-21T20:20:17.005000+00:00,1.0,P
2876,3270,2020-11-21T20:20:19.255000+00:00,1.0,S
2877,3045,2020-11-21T20:20:17.005000+00:00,1.0,P
2877,3271,2020-11-21T20:20:19.265000+00:00,1.0,S
2878,3045,2020-11-21T20:20:17.005000+00:00,1.0,P
2878,3271,2020-11-21T20:20:19.265000+00:00,1.0,S
2879,3045,2020-11-21T20:20:17.005000+00:00,1.0,P
2879,3271,2020-11-21T20:20:19.265000+00:00,1.0,S
2880,3045,2020-11-21T20:20:17.005000+00:00,1.0,P
2880,3272,2020-11-21T20:20:19.275000+00:00,1.0,S
2881,3045,2020-11-21T20:20:17.005000+00:00,1.0,P
2881,3272,2020-11-21T20:20:19.275000+00:00,1.0,S
2882,3046,2020-11-21T20:20:17.015000+00:00,1.0,P
2882,3272,2020-11-21T20:20:19.275000+00:00,1.0,S
2883,3046,2020-11-21T20:20:17.015000+00:00,1.0,P
2883,3272,2020-11-21T20:20:19.275000+00:00,1.0,S
2884,3046,2020-11-21T20:20:17.015000+00:00,1.0,P
2884,3273,2020-11-21T20:20:19.285000+00:00,1.0,S
2885,3046,2020-11-21T20:20:17.015000+00:00,1.0,P
2885,3273,2020-11-21T20:20:19.285000+00:00,1.0,S
2886,3046,2020-11-21T20:20:17.015000+00:00,1.0,P
2886,3273,2020-11-21T20:20:19.285000+00:00,1.0,S
2887,3046,2020-11-21T20:20:17.015000+00:00,1.0,P
2887,3274,2020-11-21T20:20:19.295000+00:00,1.0,S
2888,3046,2020-11-21T20:20:17.015000+00:00,1.0,P
2888,3274,2020-11-21T20:20:19.295000+00:00,1.0,S
2889,3047,2020-11-21T20:20:17.025000+00:00,1.0,P
2889,3274,2020-11-21T20:20:19.295000+00:00,1.0,S
2890,3047,2020-11-21T20:20:17.025000+00:00,1.0,P
2890,3275,2020-11-21T20:20:19.305000+00:00,1.0,S
2891,3047,2020-11-21T20:20:17.025000+00:00,1.0,P
2891,3275,2020-11-21T20:20:19.305000+00:00,1.0,S
2892,3047,2020-11-21T20:20:17.025000+00:00,1.0,P
2892,3275,2020-11-21T20:20:19.305000+00:00,1.0,S
2893,3047,2020-11-21T20:20:17.025000+00:00,1.0,P
2893,3276,2020-11-21T20:20:19.314999+00:00,1.0,S
2894,3047,2020-11-21T20:20:17.025000+00:00,1.0,P
2894,3276,2020-11-21T20:20:19.314999+00:00,1.0,S
2895,3048,2020-11-21T20:20:17.035000+00:00,1.0,P
2895,3276,2020-11-21T20:20:19.314999+00:00,1.0,S
2896,3048,2020-11-21T20:20:17.035000+00:00,1.0,P
2896,3277,2020-11-21T20:20:19.325000+00:00,1.0,S
2897,3048,2020-11-21T20:20:17.035000+00:00,1.0,P
2897,3277,2020-11-21T20:20:19.325000+00:00,1.0,S
2898,3048,2020-11-21T20:20:17.035000+00:00,1.0,P
2898,3277,2020-11-21T20:20:19.325000+00:00,1.0,S
2899,3048,2020-11-21T20:20:17.035000+00:00,1.0,P
2899,3277,2020-11-21T20:20:19.325000+00:00,1.0,S
2900,3048,2020-11-21T20:20:17.035000+00:00,1.0,P
2900,3278,2020-11-21T20:20:19.335000+00:00,1.0,S
2901,3049,2020-11-21T20:20:17.045000+00:00,1.0,P
2901,3278,2020-11-21T20:20:19.335000+00:00,1.0,S
2902,3049,2020-11-21T20:20:17.045000+00:00,1.0,P
2902,3278,2020-11-21T20:20:19.335000+00:00,1.0,S
2903,3049,2020-11-21T20:20:17.045000+00:00,1.0,P
2903,3278,2020-11-21T20:20:19.335000+00:00,1.0,S
2904,3049,2020-11-21T20:20:17.045000+00:00,1.0,P
2904,3279,2020-11-21T20:20:19.345000+00:00,1.0,S
2905,3049,2020-11-21T20:20:17.045000+00:00,1.0,P
2905,3279,2020-11-21T20:20:19.345000+00:00,1.0,S
2906,3049,2020-11-21T20:20:17.045000+00:00,1.0,P
2906,3279,2020-11-21T20:20:19.345000+00:00,1.0,S
2907,3050,2020-11-21T20:20:17.055000+00:00,1.0,P
2907,3279,2020-11-21T20:20:19.345000+00:00,1.0,S
2908,3050,2020-11-21T20:20:17.055000+00:00,1.0,P
2908,3280,2020-11-21T20:20:19.354999+00:00,1.0,S
2909,3050,2020-11-21T20:20:17.055000+00:00,1.0,P
2909,3280,2020-11-21T20:20:19.354999+00:00,1.0,S
2910,3050,2020-11-21T20:20:17.055000+00:00,1.0,P
2910,3280,2020-11-21T20:20:19.354999+00:00,1.0,S
2911,3050,2020-11-21T20:20:17.055000+00:00,1.0,P
2911,3280,2020-11-21T20:20:19.354999+00:00,1.0,S
2912,3050,2020-11-21T20:20:17.055000+00:00,1.0,P
2912,3281,2020-11-21T20:20:19.365000+00:00,1.0,S
2913,3051,2020-11-21T20:20:17.065000+00:00,1.0,P
2913,3281,2020-11-21T20:20:19.365000+00:00,1.0,S
2914,3051,2020-11-21T20:20:17.065000+00:00,1.0,P
2914,3281,2020-11-21T20:20:19.365000+00:00,1.0,S
2915,3051,2020-11-21T20:20:17.065000+00:00,1.0,P
2915,3282,2020-11-21T20:20:19.375000+00:00,1.0,S
2916,3051,2020-11-21T20:20:17.065000+00:00,1.0,P
2916,3282,2020-11-21T20:20:19.375000+00:00,1.0,S
2917,3051,2020-11-21T20:20:17.065000+00:00,1.0,P
2917,3282,2020-11-21T20:20:19.375000+00:00,1.0,S
2918,3051,2020-11-21T20:20:17.065000+00:00,1.0,P
2918,3283,2020-11-21T20:20:19.385000+00:00,1.0,S
2919,3052,2020-11-21T20:20:17.075000+00:00,1.0,P
2919,3283,2020-11-21T20:20:19.385000+00:00,1.0,S
2920,3052,2020-11-21T20:20:17.075000+00:00,1.0,P
2920,3283,2020-11-21T20:20:19.385000+00:00,1.0,S
2921,3052,2020-11-21T20:20:17.075000+00:00,1.0,P
2921,3284,2020-11-21T20:20:19.395000+00:00,1.0,S
2922,3052,2020-11-21T20:20:17.075000+00:00,1.0,P
2922,3284,2020-11-21T20:20:19.395000+00:00,1.0,S
2923,3052,2020-11-21T20:20:17.075000+00:00,1.0,P
2923,3284,2020-11-21T20:20:19.395000+00:00,1.0,S
2924,3052,2020-11-21T20:20:17.075000+00:00,1.0,P
2924,3284,2020-11-21T20:20:19.395000+00:00,1.0,S
2925,3053,2020-11-21T20:20:17.085000+00:00,1.0,P
2925,3285,2020-11-21T20:20:19.405000+00:00,1.0,S
2926,3053,2020-11-21T20:20:17.085000+00:00,1.0,P
2926,3285,2020-11-21T20:20:19.405000+00:00,1.0,S
2927,3053,2020-11-21T20:20:17.085000+00:00,1.0,P
2927,3285,2020-11-21T20:20:19.405000+00:00,1.0,S
2928,3053,2020-11-21T20:20:17.085000+00:00,1.0,P
2928,3286,2020-11-21T20:20:19.415000+00:00,1.0,S
2929,3053,2020-11-21T20:20:17.085000+00:00,1.0,P
2929,3286,2020-11-21T20:20:19.415000+00:00,1.0,S
2930,3053,2020-11-21T20:20:17.085000+00:00,1.0,P
2930,3286,2020-11-21T20:20:19.415000+00:00,1.0,S
2931,3054,2020-11-21T20:20:17.095000+00:00,1.0,P
2931,3287,2020-11-21T20:20:19.424999+00:00,1.0,S
2932,3054,2020-11-21T20:20:17.095000+00:00,1.0,P
2932,3287,2020-11-21T20:20:19.424999+00:00,1.0,S
2933,3054,2020-11-21T20:20:17.095000+00:00,1.0,P
2933,3287,2020-11-21T20:20:19.424999+00:00,1.0,S
2934,3054,2020-11-21T20:20:17.095000+00:00,1.0,P
2934,3287,2020-11-21T20:20:19.424999+00:00,1.0,S
2935,3054,2020-11-21T20:20:17.095000+00:00,1.0,P
2935,3288,2020-11-21T20:20:19.435000+00:00,1.0,S
2936,3055,2020-11-21T20:20:17.105000+00:00,1.0,P
2936,3288,2020-11-21T20:20:19.435000+00:00,1.0,S
2937,3055,2020-11-21T20:20:17.105000+00:00,1.0,P
2937,3288,2020-11-21T20:20:19.435000+00:00,1.0,S
2938,3055,2020-11-21T20:20:17.105000+00:00,1.0,P
2938,3289,2020-11-21T20:20:19.445000+00:00,1.0,S
2939,3055,2020-11-21T20:20:17.105000+00:00,1.0,P
2939,3289,2020-11-21T20:20:19.445000+00:00,1.0,S
2940,3055,2020-11-21T20:20:17.105000+00:00,1.0,P
2940,3289,2020-11-21T20:20:19.445000+00:00,1.0,S
2941,3055,2020-11-21T20:20:17.105000+00:00,1.0,P
2941,3290,2020-11-21T20:20:19.455000+00:00,1.0,S
2942,3056,2020-11-21T20:20:17.115000+00:00,1.0,P
2942,3290,2020-11-21T20:20:19.455000+00:00,1.0,S
2943,3056,2020-11-21T20:20:17.115000+00:00,1.0,P
2943,3290,2020-11-21T20:20:19.455000+00:00,1.0,S
2944,3056,2020-11-21T20:20:17.115000+00:00,1.0,P
2944,3290,2020-11-21T20:20:19.455000+00:00,1.0,S
2945,3056,2020-11-21T20:20:17.115000+00:00,1.0,P
2945,3291,2020-11-21T20:20:19.465000+00:00,1.0,S
2946,3056,2020-11-21T20:20:17.115000+00:00,1.0,P
2946,3291,2020-11-21T20:20:19.465000+00:00,1.0,S
2947,3056,2020-11-21T20:20:17.115000+00:00,1.0,P
2947,3291,2020-11-21T20:20:19.465000+00:00,1.0,S
2948,3057,2020-11-21T20:20:17.125000+00:00,1.0,P
2948,3292,2020-11-21T20:20:19.475000+00:00,1.0,S
2949,3057,2020-11-21T20:20:17.125000+00:00,1.0,P
2949,3292,2020-11-21T20:20:19.475000+00:00,1.0,S
2950,3057,2020-11-21T20:20:17.125000+00:00,1.0,P
2950,3292,2020-11-21T20:20:19.475000+00:00,1.0,S
2951,3057,2020-11-21T20:20:17.125000+00:00,1.0,P
2951,3293,2020-11-21T20:20:19.485000+00:00,1.0,S
2952,3057,2020-11-21T20:20:17.125000+00:00,1.0,P
2952,3293,2020-11-21T20:20:19.485000+00:00,1.0,S
2953,3058,2020-11-21T20:20:17.135000+00:00,1.0,P
2953,3293,2020-11-21T20:20:19.485000+00:00,1.0,S
2954,3058,2020-11-21T20:20:17.135000+00:00,1.0,P
2954,3293,2020-11-21T20:20:19.485000+00:00,1.0,S
2955,3058,2020-11-21T20:20:17.135000+00:00,1.0,P
2955,3294,2020-11-21T20:20:19.494999+00:00,1.0,S
2956,3058,2020-11-21T20:20:17.135000+00:00,1.0,P
2956,3294,2020-11-21T20:20:19.494999+00:00,1.0,S
2957,3058,2020-11-21T20:20:17.135000+00:00,1.0,P
2957,3295,2020-11-21T20:20:19.505000+00:00,1.0,S
2958,3058,2020-11-21T20:20:17.135000+00:00,1.0,P
2958,3295,2020-11-21T20:20:19.505000+00:00,1.0,S
2959,3059,2020-11-21T20:20:17.145000+00:00,1.0,P
2959,3295,2020-11-21T20:20:19.505000+00:00,1.0,S
2960,3059,2020-11-21T20:20:17.145000+00:00,1.0,P
2960,3296,2020-11-21T20:20:19.515000+00:00,1.0,S
2961,3059,2020-11-21T20:20:17.145000+00:00,1.0,P
2961,3296,2020-11-21T20:20:19.515000+00:00,1.0,S
2962,3059,2020-11-21T20:20:17.145000+00:00,1.0,P
2962,3296,2020-11-21T20:20:19.515000+00:00,1.0,S
2963,3059,2020-11-21T20:20:17.145000+00:00,1.0,P
2963,3297,2020-11-21T20:20:19.525000+00:00,1.0,S
2964,3059,2020-11-21T20:20:17.145000+00:00,1.0,P
2964,3297,2020-11-21T20:20:19.525000+00:00,1.0,S
2965,3060,2020-11-21T20:20:17.155000+00:00,1.0,P
2965,3297,2020-11-21T20:20:19.525000+00:00,1.0,S
2966,3060,2020-11-21T20:20:17.155000+00:00,1.0,P
2966,3298,2020-11-21T20:20:19.535000+00:00,1.0,S
2967,3060,2020-11-21T20:20:17.155000+00:00,1.0,P
2967,3298,2020-11-21T20:20:19.535000+00:00,1.0,S
2968,3060,2020-11-21T20:20:17.155000+00:00,1.0,P
2968,3298,2020-11-21T20:20:19.535000+00:00,1.0,S
2969,3060,2020-11-21T20:20:17.155000+00:00,1.0,P
2969,3299,2020-11-21T20:20:19.545000+00:00,1.0,S
2970,3060,2020-11-21T20:20:17.155000+00:00,1.0,P
2970,3299,2020-11-21T20:20:19.545000+00:00,1.0,S
2971,3061,2020-11-21T20:20:17.165000+00:00,1.0,P
2971,3299,2020-11-21T20:20:19.545000+00:00,1.0,S
2972,3061,2020-11-21T20:20:17.165000+00:00,1.0,P
2972,3299,2020-11-21T20:20:19.545000+00:00,1.0,S
2973,3061,2020-11-21T20:20:17.165000+00:00,1.0,P
2973,3300,2020-11-21T20:20:19.555000+00:00,1.0,S
2974,3061,2020-11-21T20:20:17.165000+00:00,1.0,P
2974,3300,2020-11-21T20:20:19.555000+00:00,1.0,S
2975,3061,2020-11-21T20:20:17.165000+00:00,1.0,P
2975,3300,2020-11-21T20:20:19.555000+00:00,1.0,S
2976,3061,2020-11-21T20:20:17.165000+00:00,1.0,P
2976,3301,2020-11-21T20:20:19.564999+00:00,1.0,S
2977,3061,2020-11-21T20:20:17.165000+00:00,1.0,P
2977,3301,2020-11-21T20:20:19.564999+00:00,1.0,S
2978,3062,2020-11-21T20:20:17.175000+00:00,1.0,P
2978,3301,2020-11-21T20:20:19.564999+00:00,1.0,S
2979,3062,2020-11-21T20:20:17.175000+00:00,1.0,P
2979,3301,2020-11-21T20:20:19.564999+00:00,1.0,S
2980,3062,2020-11-21T20:20:17.175000+00:00,1.0,P
2980,3302,2020-11-21T20:20:19.575000+00:00,1.0,S
2981,3062,2020-11-21T20:20:17.175000+00:00,1.0,P
2981,3302,2020-11-21T20:20:19.575000+00:00,1.0,S
2982,3062,2020-11-21T20:20:17.175000+00:00,1.0,P
2982,3302,2020-11-21T20:20:19.575000+00:00,1.0,S
2983,3062,2020-11-21T20:20:17.175000+00:00,1.0,P
2983,3302,2020-11-21T20:20:19.575000+00:00,1.0,S
2984,3062,2020-11-21T20:20:17.175000+00:00,1.0,P
2984,3302,2020-11-21T20:20:19.575000+00:00,1.0,S
2985,3062,2020-11-21T20:20:17.175000+00:00,1.0,P
2985,3303,2020-11-21T20:20:19.585000+00:00,1.0,S
2986,3063,2020-11-21T20:20:17.185000+00:00,1.0,P
2986,3303,2020-11-21T20:20:19.585000+00:00,1.0,S
2987,3063,2020-11-21T20:20:17.185000+00:00,1.0,P
2987,3303,2020-11-21T20:20:19.585000+00:00,1.0,S
2988,3063,2020-11-21T20:20:17.185000+00:00,1.0,P
2988,3303,2020-11-21T20:20:19.585000+00:00,1.0,S
2989,3063,2020-11-21T20:20:17.185000+00:00,1.0,P
2989,3304,2020-11-21T20:20:19.595000+00:00,1.0,S
2990,3063,2020-11-21T20:20:17.185000+00:00,1.0,P
2990,3304,2020-11-21T20:20:19.595000+00:00,1.0,S
2991,3063,2020-11-21T20:20:17.185000+00:00,1.0,P
2991,3304,2020-11-21T20:20:19.595000+00:00,1.0,S
2992,3063,2020-11-21T20:20:17.185000+00:00,1.0,P
2992,3304,2020-11-21T20:20:19.595000+00:00,1.0,S
2993,3063,2020-11-21T20:20:17.185000+00:00,1.0,P
2993,3305,2020-11-21T20:20:19.604999+00:00,1.0,S
2994,3064,2020-11-21T20:20:17.195000+00:00,1.0,P
2994,3305,2020-11-21T20:20:19.604999+00:00,1.0,S
2995,3064,2020-11-21T20:20:17.195000+00:00,1.0,P
2995,3305,2020-11-21T20:20:19.604999+00:00,1.0,S
2996,3064,2020-11-21T20:20:17.195000+00:00,1.0,P
2996,3305,2020-11-21T20:20:19.604999+00:00,1.0,S
2997,3064,2020-11-21T20:20:17.195000+00:00,1.0,P
2997,3306,2020-11-21T20:20:19.615000+00:00,1.0,S
2998,3064,2020-11-21T20:20:17.195000+00:00,1.0,P
2998,3306,2020-11-21T20:20:19.615000+00:00,1.0,S
2999,3064,2020-11-21T20:20:17.195000+00:00,1.0,P
2999,3306,2020-11-21T20:20:19.615000+00:00,1.0,S
3000,3064,2020-11-21T20:20:17.195000+00:00,1.0,P
3000,3306,2020-11-21T20:20:19.615000+00:00,1.0,S
3001,3064,2020-11-21T20:20:17.195000+00:00,1.0,P
3001,3306,2020-11-21T20:20:19.615000+00:00,1.0,S
3002,3064,2020-11-21T20:20:17.195000+00:00,1.0,P
3002,3307,2020-11-21T20:20:19.625000+00:00,1.0,S
3003,3065,2020-11-21T20:20:17.205000+00:00,1.0,P
3003,3307,2020-11-21T20:20:19.625000+00:00,1.0,S
3004,3065,2020-11-21T20:20:17.205000+00:00,1.0,P
3004,3307,2020-11-21T20:20:19.625000+00:00,1.0,S
3005,3065,2020-11-21T20:20:17.205000+00:00,1.0,P
3005,3307,2020-11-21T20:20:19.625000+00:00,1.0,S
3006,3065,2020-11-21T20:20:17.205000+00:00,1.0,P
3006,3308,2020-11-21T20:20:19.635000+00:00,1.0,S
3007,3065,2020-11-21T20:20:17.205000+00:00,1.0,P
3007,3308,2020-11-21T20:20:19.635000+00:00,1.0,S
3008,3065,2020-11-21T20:20:17.205000+00:00,1.0,P
3008,3308,2020-11-21T20:20:19.635000+00:00,1.0,S
3009,3065,2020-11-21T20:20:17.205000+00:00,1.0,P
3009,3308,2020-11-21T20:20:19.635000+00:00,1.0,S
3010,3065,2020-11-21T20:20:17.205000+00:00,1.0,P
3010,3308,2020-11-21T20:20:19.635000+00:00,1.0,S
3011,3065,2020-11-21T20:20:17.205000+00:00,1.0,P
3011,3308,2020-11-21T20:20:19.635000+00:00,1.0,S
3012,3065,2020-11-21T20:20:17.205000+00:00,1.0,P
3012,3309,2020-11-21T20:20:19.645000+00:00,1.0,S
3013,3065,2020-11-21T20:20:17.205000+00:00,1.0,P
3013,3309,2020-11-21T20:20:19.645000+00:00,1.0,S
3014,3066,2020-11-21T20:20:17.215000+00:00,1.0,P
3014,3309,2020-11-21T20:20:19.645000+00:00,1.0,S
3015,3066,2020-11-21T20:20:17.215000+00:00,1.0,P
3015,3309,2020-11-21T20:20:19.645000+00:00,1.0,S
3016,3066,2020-11-21T20:20:17.215000+00:00,1.0,P
3016,3310,2020-11-21T20:20:19.655000+00:00,1.0,S
3017,3066,2020-11-21T20:20:17.215000+00:00,1.0,P
3017,3310,2020-11-21T20:20:19.655000+00:00,1.0,S
3018,3066,2020-11-21T20:20:17.215000+00:00,1.0,P
3018,3310,2020-11-21T20:20:19.655000+00:00,1.0,S
3019,3066,2020-11-21T20:20:17.215000+00:00,1.0,P
3019,3310,2020-11-21T20:20:19.655000+00:00,1.0,S
3020,3066,2020-11-21T20:20:17.215000+00:00,1.0,P
3020,3310,2020-11-21T20:20:19.655000+00:00,1.0,S
3021,3066,2020-11-21T20:20:17.215000+00:00,1.0,P
3021,3311,2020-11-21T20:20:19.665000+00:00,1.0,S
3022,3066,2020-11-21T20:20:17.215000+00:00,1.0,P
3022,3311,2020-11-21T20:20:19.665000+00:00,1.0,S
3023,3066,2020-11-21T20:20:17.215000+00:00,1.0,P
3023,3311,2020-11-21T20:20:19.665000+00:00,1.0,S
3024,3066,2020-11-21T20:20:17.215000+00:00,1.0,P
3024,3311,2020-11-21T20:20:19.665000+00:00,1.0,S
3025,3066,2020-11-21T20:20:17.215000+00:00,1.0,P
3025,3311,2020-11-21T20:20:19.665000+00:00,1.0,S
3026,3066,2020-11-21T20:20:17.215000+00:00,1.0,P
3026,3312,2020-11-21T20:20:19.674999+00:00,1.0,S
3027,3066,2020-11-21T20:20:17.215000+00:00,1.0,P
3027,3312,2020-11-21T20:20:19.674999+00:00,1.0,S
3028,3067,2020-11-21T20:20:17.225000+00:00,1.0,P
3028,3312,2020-11-21T20:20:19.674999+00:00,1.0,S
3029,3067,2020-11-21T20:20:17.225000+00:00,1.0,P
3029,3312,2020-11-21T20:20:19.674999+00:00,1.0,S
3030,3067,2020-11-21T20:20:17.225000+00:00,1.0,P
3030,3312,2020-11-21T20:20:19.674999+00:00,1.0,S
3031,3067,2020-11-21T20:20:17.225000+00:00,1.0,P
3031,3313,2020-11-21T20:20:19.685000+00:00,1.0,S
3032,3067,2020-11-21T20:20:17.225000+00:00,1.0,P
3032,3313,2020-11-21T20:20:19.685000+00:00,1.0,S
3033,3067,2020-11-21T20:20:17.225000+00:00,1.0,P
3033,3313,2020-11-21T20:20:19.685000+00:00,1.0,S
3034,3067,2020-11-21T20:20:17.225000+00:00,1.0,P
3034,3313,2020-11-21T20:20:19.685000+00:00,1.0,S
3035,3067,2020-11-21T20:20:17.225000+00:00,1.0,P
3035,3313,2020-11-21T20:20:19.685000+00:00,1.0,S
3036,3067,2020-11-21T20:20:17.225000+00:00,1.0,P
3036,3314,2020-11-21T20:20:19.695000+00:00,1.0,S
3037,3067,2020-11-21T20:20:17.225000+00:00,1.0,P
3037,3314,2020-11-21T20:20:19.695000+00:00,1.0,S
3038,3067,2020-11-21T20:20:17.225000+00:00,1.0,P
3038,3314,2020-11-21T20:20:19.695000+00:00,1.0,S
3039,3067,2020-11-21T20:20:17.225000+00:00,1.0,P
3039,3314,2020-11-21T20:20:19.695000+00:00,1.0,S
3040,3067,2020-11-21T20:20:17.225000+00:00,1.0,P
3040,3314,2020-11-21T20:20:19.695000+00:00,1.0,S
3041,3068,2020-11-21T20:20:17.235000+00:00,1.0,P
3041,3314,2020-11-21T20:20:19.695000+00:00,1.0,S
3042,3068,2020-11-21T20:20:17.235000+00:00,1.0,P
3042,3315,2020-11-21T20:20:19.705000+00:00,1.0,S
3043,3068,2020-11-21T20:20:17.235000+00:00,1.0,P
3043,3315,2020-11-21T20:20:19.705000+00:00,1.0,S
3044,3068,2020-11-21T20:20:17.235000+00:00,1.0,P
3044,3315,2020-11-21T20:20:19.705000+00:00,1.0,S
3045,3068,2020-11-21T20:20:17.235000+00:00,1.0,P
3045,3315,2020-11-21T20:20:19.705000+00:00,1.0,S
3046,3068,2020-11-21T20:20:17.235000+00:00,1.0,P
3046,3316,2020-11-21T20:20:19.715000+00:00,1.0,S
3047,3068,2020-11-21T20:20:17.235000+00:00,1.0,P
3047,3316,2020-11-21T20:20:19.715000+00:00,1.0,S
3048,3068,2020-11-21T20:20:17.235000+00:00,1.0,P
3048,3316,2020-11-21T20:20:19.715000+00:00,1.0,S
3049,3068,2020-11-21T20:20:17.235000+00:00,1.0,P
3049,3316,2020-11-21T20:20:19.715000+00:00,1.0,S
3050,3068,2020-11-21T20:20:17.235000+00:00,1.0,P
3050,3317,2020-11-21T20:20:19.725000+00:00,1.0,S
3051,3068,2020-11-21T20:20:17.235000+00:00,1.0,P
3051,3317,2020-11-21T20:20:19.725000+00:00,1.0,S
3052,3068,2020-11-21T20:20:17.235000+00:00,1.0,P
3052,3317,2020-11-21T20:20:19.725000+00:00,1.0,S
3053,3068,2020-11-21T20:20:17.235000+00:00,1.0,P
3053,3317,2020-11-21T20:20:19.725000+00:00,1.0,S
3054,3069,2020-11-21T20:20:17.245000+00:00,1.0,P
3054,3317,2020-11-21T20:20:19.725000+00:00,1.0,S
3055,3069,2020-11-21T20:20:17.245000+00:00,1.0,P
3055,3318,2020-11-21T20:20:19.735000+00:00,1.0,S
3056,3069,2020-11-21T20:20:17.245000+00:00,1.0,P
3056,3318,2020-11-21T20:20:19.735000+00:00,1.0,S
3057,3069,2020-11-21T20:20:17.245000+00:00,1.0,P
3057,3318,2020-11-21T20:20:19.735000+00:00,1.0,S
3058,3069,2020-11-21T20:20:17.245000+00:00,1.0,P
3058,3318,2020-11-21T20:20:19.735000+00:00,1.0,S
3059,3069,2020-11-21T20:20:17.245000+00:00,1.0,P
3059,3318,2020-11-21T20:20:19.735000+00:00,1.0,S
3060,3069,2020-11-21T20:20:17.245000+00:00,1.0,P
3060,3318,2020-11-21T20:20:19.735000+00:00,1.0,S
3061,3069,2020-11-21T20:20:17.245000+00:00,1.0,P
3061,3319,2020-11-21T20:20:19.744999+00:00,1.0,S
3062,3069,2020-11-21T20:20:17.245000+00:00,1.0,P
3062,3319,2020-11-21T20:20:19.744999+00:00,1.0,S
3063,3069,2020-11-21T20:20:17.245000+00:00,1.0,P
3063,3319,2020-11-21T20:20:19.744999+00:00,1.0,S
3064,3069,2020-11-21T20:20:17.245000+00:00,1.0,P
3064,3319,2020-11-21T20:20:19.744999+00:00,1.0,S
3065,3070,2020-11-21T20:20:17.255000+00:00,1.0,P
3065,3319,2020-11-21T20:20:19.744999+00:00,1.0,S
3066,3070,2020-11-21T20:20:17.255000+00:00,1.0,P
3066,3320,2020-11-21T20:20:19.755000+00:00,1.0,S
3067,3070,2020-11-21T20:20:17.255000+00:00,1.0,P
3067,3320,2020-11-21T20:20:19.755000+00:00,1.0,S
3068,3070,2020-11-21T20:20:17.255000+00:00,1.0,P
3068,3320,2020-11-21T20:20:19.755000+00:00,1.0,S
3069,3070,2020-11-21T20:20:17.255000+00:00,1.0,P
3069,3320,2020-11-21T20:20:19.755000+00:00,1.0,S
3070,3070,2020-11-21T20:20:17.255000+00:00,1.0,P
3070,3321,2020-11-21T20:20:19.765000+00:00,1.0,S
3071,3070,2020-11-21T20:20:17.255000+00:00,1.0,P
3071,3321,2020-11-21T20:20:19.765000+00:00,1.0,S
3072,3070,2020-11-21T20:20:17.255000+00:00,1.0,P
3072,3321,2020-11-21T20:20:19.765000+00:00,1.0,S
3073,3070,2020-11-21T20:20:17.255000+00:00,1.0,P
3073,3321,2020-11-21T20:20:19.765000+00:00,1.0,S
3074,3070,2020-11-21T20:20:17.255000+00:00,1.0,P
3074,3322,2020-11-21T20:20:19.775000+00:00,1.0,S
3075,3070,2020-11-21T20:20:17.255000+00:00,1.0,P
3075,3322,2020-11-21T20:20:19.775000+00:00,1.0,S
3076,3071,2020-11-21T20:20:17.265000+00:00,1.0,P
3076,3322,2020-11-21T20:20:19.775000+00:00,1.0,S
3077,3071,2020-11-21T20:20:17.265000+00:00,1.0,P
3077,3322,2020-11-21T20:20:19.775000+00:00,1.0,S
3078,3071,2020-11-21T20:20:17.265000+00:00,1.0,P
3078,3323,2020-11-21T20:20:19.785000+00:00,1.0,S
3079,3071,2020-11-21T20:20:17.265000+00:00,1.0,P
3079,3323,2020-11-21T20:20:19.785000+00:00,1.0,S
3080,3071,2020-11-21T20:20:17.265000+00:00,1.0,P
3080,3323,2020-11-21T20:20:19.785000+00:00,1.0,S
3081,3071,2020-11-21T20:20:17.265000+00:00,1.0,P
3081,3323,2020-11-21T20:20:19.785000+00:00,1.0,S
3082,3071,2020-11-21T20:20:17.265000+00:00,1.0,P
3082,3323,2020-11-21T20:20:19.785000+00:00,1.0,S
3083,3071,2020-11-21T20:20:17.265000+00:00,1.0,P
3083,3323,2020-11-21T20:20:19.785000+00:00,1.0,S
3084,3071,2020-11-21T20:20:17.265000+00:00,1.0,P
3084,3323,2020-11-21T20:20:19.785000+00:00,1.0,S
3085,3071,2020-11-21T20:20:17.265000+00:00,1.0,P
3085,3324,2020-11-21T20:20:19.795000+00:00,1.0,S
3086,3071,2020-11-21T20:20:17.265000+00:00,1.0,P
3086,3324,2020-11-21T20:20:19.795000+00:00,1.0,S
3087,3072,2020-11-21T20:20:17.275000+00:00,1.0,P
3087,3324,2020-11-21T20:20:19.795000+00:00,1.0,S
3088,3072,2020-11-21T20:20:17.275000+00:00,1.0,P
3088,3324,2020-11-21T20:20:19.795000+00:00,1.0,S
3089,3072,2020-11-21T20:20:17.275000+00:00,1.0,P
3089,3324,2020-11-21T20:20:19.795000+00:00,1.0,S
3090,3072,2020-11-21T20:20:17.275000+00:00,1.0,P
3090,3324,2020-11-21T20:20:19.795000+00:00,1.0,S
3091,3072,2020-11-21T20:20:17.275000+00:00,1.0,P
3091,3324,2020-11-21T20:20:19.795000+00:00,1.0,S
3092,3072,2020-11-21T20:20:17.275000+00:00,1.0,P
3092,3325,2020-11-21T20:20:19.805000+00:00,1.0,S
3093,3072,2020-11-21T20:20:17.275000+00:00,1.0,P
3093,3325,2020-11-21T20:20:19.805000+00:00,1.0,S
3094,3072,2020-11-21T20:20:17.275000+00:00,1.0,P
3094,3325,2020-11-21T20:20:19.805000+00:00,1.0,S
3095,3072,2020-11-21T20:20:17.275000+00:00,1.0,P
3095,3325,2020-11-21T20:20:19.805000+00:00,1.0,S
3096,3073,2020-11-21T20:20:17.285000+00:00,1.0,P
3096,3325,2020-11-21T20:20:19.805000+00:00,1.0,S
3097,3073,2020-11-21T20:20:17.285000+00:00,1.0,P
3097,3325,2020-11-21T20:20:19.805000+00:00,1.0,S
3098,3073,2020-11-21T20:20:17.285000+00:00,1.0,P
3098,3326,2020-11-21T20:20:19.814999+00:00,1.0,S
3099,3073,2020-11-21T20:20:17.285000+00:00,1.0,P
3099,3326,2020-11-21T20:20:19.814999+00:00,1.0,S
3100,3073,2020-11-21T20:20:17.285000+00:00,1.0,P
3100,3326,2020-11-21T20:20:19.814999+00:00,1.0,S
3101,3073,2020-11-21T20:20:17.285000+00:00,1.0,P
3101,3326,2020-11-21T20:20:19.814999+00:00,1.0,S
3102,3073,2020-11-21T20:20:17.285000+00:00,1.0,P
3102,3326,2020-11-21T20:20:19.814999+00:00,1.0,S
3103,3073,2020-11-21T20:20:17.285000+00:00,1.0,P
3103,3326,2020-11-21T20:20:19.814999+00:00,1.0,S
3104,3073,2020-11-21T20:20:17.285000+00:00,1.0,P
3104,3326,2020-11-21T20:20:19.814999+00:00,1.0,S
3105,3073,2020-11-21T20:20:17.285000+00:00,1.0,P
3105,3327,2020-11-21T20:20:19.825000+00:00,1.0,S
3106,3074,2020-11-21T20:20:17.295000+00:00,1.0,P
3106,3327,2020-11-21T20:20:19.825000+00:00,1.0,S
3107,3074,2020-11-21T20:20:17.295000+00:00,1.0,P
3107,3327,2020-11-21T20:20:19.825000+00:00,1.0,S
3108,3074,2020-11-21T20:20:17.295000+00:00,1.0,P
3108,3327,2020-11-21T20:20:19.825000+00:00,1.0,S
3109,3074,2020-11-21T20:20:17.295000+00:00,1.0,P
3109,3327,2020-11-21T20:20:19.825000+00:00,1.0,S
3110,3074,2020-11-21T20:20:17.295000+00:00,1.0,P
3110,3327,2020-11-21T20:20:19.825000+00:00,1.0,S
3111,3074,2020-11-21T20:20:17.295000+00:00,1.0,P
3111,3327,2020-11-21T20:20:19.825000+00:00,1.0,S
3112,3074,2020-11-21T20:20:17.295000+00:00,1.0,P
3112,3328,2020-11-21T20:20:19.835000+00:00,1.0,S
3113,3074,2020-11-21T20:20:17.295000+00:00,1.0,P
3113,3328,2020-11-21T20:20:19.835000+00:00,1.0,S
3114,3074,2020-11-21T20:20:17.295000+00:00,1.0,P
3114,3328,2020-11-21T20:20:19.835000+00:00,1.0,S
3115,3074,2020-11-21T20:20:17.295000+00:00,1.0,P
3115,3328,2020-11-21T20:20:19.835000+00:00,1.0,S
3116,3075,2020-11-21T20:20:17.305000+00:00,1.0,P
3116,3328,2020-11-21T20:20:19.835000+00:00,1.0,S
3117,3075,2020-11-21T20:20:17.305000+00:00,1.0,P
3117,3328,2020-11-21T20:20:19.835000+00:00,1.0,S
3118,3075,2020-11-21T20:20:17.305000+00:00,1.0,P
3118,3328,2020-11-21T20:20:19.835000+00:00,1.0,S
3119,3075,2020-11-21T20:20:17.305000+00:00,1.0,P
3119,3329,2020-11-21T20:20:19.845000+00:00,1.0,S
3120,3075,2020-11-21T20:20:17.305000+00:00,1.0,P
3120,3329,2020-11-21T20:20:19.845000+00:00,1.0,S
3121,3075,2020-11-21T20:20:17.305000+00:00,1.0,P
3121,3329,2020-11-21T20:20:19.845000+00:00,1.0,S
3122,3075,2020-11-21T20:20:17.305000+00:00,1.0,P
3122,3329,2020-11-21T20:20:19.845000+00:00,1.0,S
3123,3075,2020-11-21T20:20:17.305000+00:00,1.0,P
3123,3329,2020-11-21T20:20:19.845000+00:00,1.0,S
3124,3075,2020-11-21T20:20:17.305000+00:00,1.0,P
3124,3329,2020-11-21T20:20:19.845000+00:00,1.0,S
3125,3075,2020-11-21T20:20:17.305000+00:00,1.0,P
3125,3330,2020-11-21T20:20:19.854999+00:00,1.0,S
3126,3076,2020-11-21T20:20:17.315000+00:00,1.0,P
3126,3330,2020-11-21T20:20:19.854999+00:00,1.0,S
3127,3076,2020-11-21T20:20:17.315000+00:00,1.0,P
3127,3330,2020-11-21T20:20:19.854999+00:00,1.0,S
3128,3076,2020-11-21T20:20:17.315000+00:00,1.0,P
3128,3330,2020-11-21T20:20:19.854999+00:00,1.0,S
3129,3076,2020-11-21T20:20:17.315000+00:00,1.0,P
3129,3330,2020-11-21T20:20:19.854999+00:00,1.0,S
3130,3076,2020-11-21T20:20:17.315000+00:00,1.0,P
3130,3330,2020-11-21T20:20:19.854999+00:00,1.0,S
3131,3076,2020-11-21T20:20:17.315000+00:00,1.0,P
3131,3331,2020-11-21T20:20:19.865000+00:00,1.0,S
3132,3076,2020-11-21T20:20:17.315000+00:00,1.0,P
3132,3331,2020-11-21T20:20:19.865000+00:00,1.0,S
3133,3076,2020-11-21T20:20:17.315000+00:00,1.0,P
3133,3331,2020-11-21T20:20:19.865000+00:00,1.0,S
3134,3076,2020-11-21T20:20:17.315000+00:00,1.0,P
3134,3331,2020-11-21T20:20:19.865000+00:00,1.0,S
3135,3076,2020-11-21T20:20:17.315000+00:00,1.0,P
3135,3331,2020-11-21T20:20:19.865000+00:00,1.0,S
3136,3077,2020-11-21T20:20:17.325000+00:00,1.0,P
3136,3331,2020-11-21T20:20:19.865000+00:00,1.0,S
3137,3077,2020-11-21T20:20:17.325000+00:00,1.0,P
3137,3332,2020-11-21T20:20:19.875000+00:00,1.0,S
3138,3077,2020-11-21T20:20:17.325000+00:00,1.0,P
3138,3332,2020-11-21T20:20:19.875000+00:00,1.0,S
3139,3077,2020-11-21T20:20:17.325000+00:00,1.0,P
3139,3332,2020-11-21T20:20:19.875000+00:00,1.0,S
3140,3077,2020-11-21T20:20:17.325000+00:00,1.0,P
3140,3332,2020-11-21T20:20:19.875000+00:00,1.0,S
3141,3077,2020-11-21T20:20:17.325000+00:00,1.0,P
3141,3333,2020-11-21T20:20:19.885000+00:00,1.0,S
3142,3077,2020-11-21T20:20:17.325000+00:00,1.0,P
3142,3333,2020-11-21T20:20:19.885000+00:00,1.0,S
3143,3077,2020-11-21T20:20:17.325000+00:00,1.0,P
3143,3333,2020-11-21T20:20:19.885000+00:00,1.0,S
3144,3077,2020-11-21T20:20:17.325000+00:00,1.0,P
3144,3333,2020-11-21T20:20:19.885000+00:00,1.0,S
3145,3078,2020-11-21T20:20:17.335000+00:00,1.0,P
3145,3333,2020-11-21T20:20:19.885000+00:00,1.0,S
3146,3078,2020-11-21T20:20:17.335000+00:00,1.0,P
3146,3334,2020-11-21T20:20:19.895000+00:00,1.0,S
3147,3078,2020-11-21T20:20:17.335000+00:00,1.0,P
3147,3334,2020-11-21T20:20:19.895000+00:00,1.0,S
3148,3078,2020-11-21T20:20:17.335000+00:00,1.0,P
3148,3334,2020-11-21T20:20:19.895000+00:00,1.0,S
3149,3078,2020-11-21T20:20:17.335000+00:00,1.0,P
3149,3334,2020-11-21T20:20:19.895000+00:00,1.0,S
3150,3078,2020-11-21T20:20:17.335000+00:00,1.0,P
3150,3334,2020-11-21T20:20:19.895000+00:00,1.0,S
3151,3078,2020-11-21T20:20:17.335000+00:00,1.0,P
3151,3335,2020-11-21T20:20:19.905000+00:00,1.0,S
3152,3078,2020-11-21T20:20:17.335000+00:00,1.0,P
3152,3335,2020-11-21T20:20:19.905000+00:00,1.0,S
3153,3079,2020-11-21T20:20:17.345000+00:00,1.0,P
3153,3335,2020-11-21T20:20:19.905000+00:00,1.0,S
3154,3079,2020-11-21T20:20:17.345000+00:00,1.0,P
3154,3335,2020-11-21T20:20:19.905000+00:00,1.0,S
3155,3079,2020-11-21T20:20:17.345000+00:00,1.0,P
3155,3335,2020-11-21T20:20:19.905000+00:00,1.0,S
3156,3079,2020-11-21T20:20:17.345000+00:00,1.0,P
3156,3335,2020-11-21T20:20:19.905000+00:00,1.0,S
3157,3079,2020-11-21T20:20:17.345000+00:00,1.0,P
3157,3335,2020-11-21T20:20:19.905000+00:00,1.0,S
3158,3079,2020-11-21T20:20:17.345000+00:00,1.0,P
3158,3335,2020-11-21T20:20:19.905000+00:00,1.0,S
3159,3079,2020-11-21T20:20:17.345000+00:00,1.0,P
3159,3336,2020-11-21T20:20:19.915000+00:00,1.0,S
3160,3079,2020-11-21T20:20:17.345000+00:00,1.0,P
3160,3336,2020-11-21T20:20:19.915000+00:00,1.0,S
3161,3079,2020-11-21T20:20:17.345000+00:00,1.0,P
3161,3336,2020-11-21T20:20:19.915000+00:00,1.0,S
3162,3080,2020-11-21T20:20:17.355000+00:00,1.0,P
3162,3336,2020-11-21T20:20:19.915000+00:00,1.0,S
3163,3080,2020-11-21T20:20:17.355000+00:00,1.0,P
3163,3336,2020-11-21T20:20:19.915000+00:00,1.0,S
3164,3080,2020-11-21T20:20:17.355000+00:00,1.0,P
3164,3336,2020-11-21T20:20:19.915000+00:00,1.0,S
3165,3080,2020-11-21T20:20:17.355000+00:00,1.0,P
3165,3336,2020-11-21T20:20:19.915000+00:00,1.0,S
3166,3080,2020-11-21T20:20:17.355000+00:00,1.0,P
3166,3336,2020-11-21T20:20:19.915000+00:00,1.0,S
3167,3080,2020-11-21T20:20:17.355000+00:00,1.0,P
3167,3336,2020-11-21T20:20:19.915000+00:00,1.0,S
3168,3080,2020-11-21T20:20:17.355000+00:00,1.0,P
3168,3336,2020-11-21T20:20:19.915000+00:00,1.0,S
3169,3080,2020-11-21T20:20:17.355000+00:00,1.0,P
3169,3336,2020-11-21T20:20:19.915000+00:00,1.0,S
3170,3080,2020-11-21T20:20:17.355000+00:00,1.0,P
3170,3336,2020-11-21T20:20:19.915000+00:00,1.0,S
3171,3081,2020-11-21T20:20:17.365000+00:00,1.0,P
3171,3336,2020-11-21T20:20:19.915000+00:00,1.0,S
3172,3081,2020-11-21T20:20:17.365000+00:00,1.0,P
3172,3337,2020-11-21T20:20:19.924999+00:00,1.0,S
3173,3081,2020-11-21T20:20:17.365000+00:00,1.0,P
3173,3337,2020-11-21T20:20:19.924999+00:00,1.0,S
3174,3081,2020-11-21T20:20:17.365000+00:00,1.0,P
3174,3337,2020-11-21T20:20:19.924999+00:00,1.0,S
3175,3081,2020-11-21T20:20:17.365000+00:00,1.0,P
3175,3337,2020-11-21T20:20:19.924999+00:00,1.0,S
3176,3081,2020-11-21T20:20:17.365000+00:00,1.0,P
3176,3337,2020-11-21T20:20:19.924999+00:00,1.0,S
3177,3081,2020-11-21T20:20:17.365000+00:00,1.0,P
3177,3337,2020-11-21T20:20:19.924999+00:00,1.0,S
3178,3081,2020-11-21T20:20:17.365000+00:00,1.0,P
3178,3337,2020-11-21T20:20:19.924999+00:00,1.0,S
3179,3081,2020-11-21T20:20:17.365000+00:00,1.0,P
3179,3338,2020-11-21T20:20:19.935000+00:00,1.0,S
3180,3082,2020-11-21T20:20:17.375000+00:00,1.0,P
3180,3338,2020-11-21T20:20:19.935000+00:00,1.0,S
3181,3082,2020-11-21T20:20:17.375000+00:00,1.0,P
3181,3338,2020-11-21T20:20:19.935000+00:00,1.0,S
3182,3082,2020-11-21T20:20:17.375000+00:00,1.0,P
3182,3338,2020-11-21T20:20:19.935000+00:00,1.0,S
3183,3082,2020-11-21T20:20:17.375000+00:00,1.0,P
3183,3338,2020-11-21T20:20:19.935000+00:00,1.0,S
3184,3082,2020-11-21T20:20:17.375000+00:00,1.0,P
3184,3339,2020-11-21T20:20:19.945000+00:00,1.0,S
3185,3082,2020-11-21T20:20:17.375000+00:00,1.0,P
3185,3339,2020-11-21T20:20:19.945000+00:00,1.0,S
3186,3082,2020-11-21T20:20:17.375000+00:00,1.0,P
3186,3339,2020-11-21T20:20:19.945000+00:00,1.0,S
3187,3082,2020-11-21T20:20:17.375000+00:00,1.0,P
3187,3339,2020-11-21T20:20:19.945000+00:00,1.0,S
3188,3083,2020-11-21T20:20:17.385000+00:00,1.0,P
3188,3339,2020-11-21T20:20:19.945000+00:00,1.0,S
3189,3083,2020-11-21T20:20:17.385000+00:00,1.0,P
3189,3339,2020-11-21T20:20:19.945000+00:00,1.0,S
3190,3083,2020-11-21T20:20:17.385000+00:00,1.0,P
3190,3340,2020-11-21T20:20:19.955000+00:00,1.0,S
3191,3083,2020-11-21T20:20:17.385000+00:00,1.0,P
3191,3340,2020-11-21T20:20:19.955000+00:00,1.0,S
3192,3083,2020-11-21T20:20:17.385000+00:00,1.0,P
3192,3340,2020-11-21T20:20:19.955000+00:00,1.0,S
3193,3083,2020-11-21T20:20:17.385000+00:00,1.0,P
3193,3340,2020-11-21T20:20:19.955000+00:00,1.0,S
3194,3083,2020-11-21T20:20:17.385000+00:00,1.0,P
3194,3340,2020-11-21T20:20:19.955000+00:00,1.0,S
3195,3083,2020-11-21T20:20:17.385000+00:00,1.0,P
3195,3340,2020-11-21T20:20:19.955000+00:00,1.0,S
3196,3084,2020-11-21T20:20:17.395000+00:00,1.0,P
3196,3340,2020-11-21T20:20:19.955000+00:00,1.0,S
3197,3084,2020-11-21T20:20:17.395000+00:00,1.0,P
3197,3341,2020-11-21T20:20:19.965000+00:00,1.0,S
3198,3084,2020-11-21T20:20:17.395000+00:00,1.0,P
3198,3341,2020-11-21T20:20:19.965000+00:00,1.0,S
3199,3084,2020-11-21T20:20:17.395000+00:00,1.0,P
3199,3341,2020-11-21T20:20:19.965000+00:00,1.0,S
3200,3084,2020-11-21T20:20:17.395000+00:00,1.0,P
3200,3341,2020-11-21T20:20:19.965000+00:00,1.0,S
3201,3084,2020-11-21T20:20:17.395000+00:00,1.0,P
3201,3341,2020-11-21T20:20:19.965000+00:00,1.0,S
3202,3084,2020-11-21T20:20:17.395000+00:00,1.0,P
3202,3342,2020-11-21T20:20:19.975000+00:00,1.0,S
3203,3084,2020-11-21T20:20:17.395000+00:00,1.0,P
3203,3342,2020-11-21T20:20:19.975000+00:00,1.0,S
3204,3085,2020-11-21T20:20:17.405000+00:00,1.0,P
3204,3342,2020-11-21T20:20:19.975000+00:00,1.0,S
3205,3085,2020-11-21T20:20:17.405000+00:00,1.0,P
3205,3342,2020-11-21T20:20:19.975000+00:00,1.0,S
3206,3085,2020-11-21T20:20:17.405000+00:00,1.0,P
3206,3342,2020-11-21T20:20:19.975000+00:00,1.0,S
3207,3085,2020-11-21T20:20:17.405000+00:00,1.0,P
3207,3343,2020-11-21T20:20:19.985000+00:00,1.0,S
3208,3085,2020-11-21T20:20:17.405000+00:00,1.0,P
3208,3343,2020-11-21T20:20:19.985000+00:00,1.0,S
3209,3085,2020-11-21T20:20:17.405000+00:00,1.0,P
3209,3343,2020-11-21T20:20:19.985000+00:00,1.0,S
3210,3085,2020-11-21T20:20:17.405000+00:00,1.0,P
3210,3343,2020-11-21T20:20:19.985000+00:00,1.0,S
3211,3085,2020-11-21T20:20:17.405000+00:00,1.0,P
3211,3343,2020-11-21T20:20:19.985000+00:00,1.0,S
3212,3086,2020-11-21T20:20:17.415000+00:00,1.0,P
3212,3343,2020-11-21T20:20:19.985000+00:00,1.0,S
3213,3086,2020-11-21T20:20:17.415000+00:00,1.0,P
3213,3343,2020-11-21T20:20:19.985000+00:00,1.0,S
3214,3086,2020-11-21T20:20:17.415000+00:00,1.0,P
3214,3343,2020-11-21T20:20:19.985000+00:00,1.0,S
3215,3086,2020-11-21T20:20:17.415000+00:00,1.0,P
3215,3344,2020-11-21T20:20:19.994999+00:00,1.0,S
3216,3086,2020-11-21T20:20:17.415000+00:00,1.0,P
3216,3344,2020-11-21T20:20:19.994999+00:00,1.0,S
3217,3086,2020-11-21T20:20:17.415000+00:00,1.0,P
3217,3344,2020-11-21T20:20:19.994999+00:00,1.0,S
3218,3087,2020-11-21T20:20:17.425000+00:00,1.0,P
3218,3344,2020-11-21T20:20:19.994999+00:00,1.0,S
3219,3087,2020-11-21T20:20:17.425000+00:00,1.0,P
3219,3344,2020-11-21T20:20:19.994999+00:00,1.0,S
3220,3087,2020-11-21T20:20:17.425000+00:00,1.0,P
3220,3344,2020-11-21T20:20:19.994999+00:00,1.0,S
3221,3087,2020-11-21T20:20:17.425000+00:00,1.0,P
3221,3344,2020-11-21T20:20:19.994999+00:00,1.0,S
3222,3087,2020-11-21T20:20:17.425000+00:00,1.0,P
3222,3344,2020-11-21T20:20:19.994999+00:00,1.0,S
3223,3087,2020-11-21T20:20:17.425000+00:00,1.0,P
3223,3344,2020-11-21T20:20:19.994999+00:00,1.0,S
3224,3087,2020-11-21T20:20:17.425000+00:00,1.0,P
3224,3344,2020-11-21T20:20:19.994999+00:00,1.0,S
3225,3088,2020-11-21T20:20:17.435000+00:00,1.0,P
3225,3344,2020-11-21T20:20:19.994999+00:00,1.0,S
3226,3088,2020-11-21T20:20:17.435000+00:00,1.0,P
3226,3345,2020-11-21T20:20:20.005000+00:00,1.0,S
3227,3088,2020-11-21T20:20:17.435000+00:00,1.0,P
3227,3345,2020-11-21T20:20:20.005000+00:00,1.0,S
3228,3088,2020-11-21T20:20:17.435000+00:00,1.0,P
3228,3345,2020-11-21T20:20:20.005000+00:00,1.0,S
3229,3088,2020-11-21T20:20:17.435000+00:00,1.0,P
3229,3345,2020-11-21T20:20:20.005000+00:00,1.0,S
3230,3088,2020-11-21T20:20:17.435000+00:00,1.0,P
3230,3345,2020-11-21T20:20:20.005000+00:00,1.0,S
3231,3088,2020-11-21T20:20:17.435000+00:00,1.0,P
3231,3345,2020-11-21T20:20:20.005000+00:00,1.0,S
3232,3088,2020-11-21T20:20:17.435000+00:00,1.0,P
3232,3345,2020-11-21T20:20:20.005000+00:00,1.0,S
3233,3089,2020-11-21T20:20:17.445000+00:00,1.0,P
3233,3345,2020-11-21T20:20:20.005000+00:00,1.0,S
3234,3089,2020-11-21T20:20:17.445000+00:00,1.0,P
3234,3345,2020-11-21T20:20:20.005000+00:00,1.0,S
3235,3089,2020-11-21T20:20:17.445000+00:00,1.0,P
3235,3345,2020-11-21T20:20:20.005000+00:00,1.0,S
3236,3089,2020-11-21T20:20:17.445000+00:00,1.0,P
3236,3346,2020-11-21T20:20:20.015000+00:00,1.0,S
3237,3089,2020-11-21T20:20:17.445000+00:00,1.0,P
3237,3346,2020-11-21T20:20:20.015000+00:00,1.0,S
3238,3089,2020-11-21T20:20:17.445000+00:00,1.0,P
3238,3346,2020-11-21T20:20:20.015000+00:00,1.0,S
3239,3089,2020-11-21T20:20:17.445000+00:00,1.0,P
3239,3346,2020-11-21T20:20:20.015000+00:00,1.0,S
3240,3089,2020-11-21T20:20:17.445000+00:00,1.0,P
3240,3346,2020-11-21T20:20:20.015000+00:00,1.0,S
3241,3089,2020-11-21T20:20:17.445000+00:00,1.0,P
3241,3346,2020-11-21T20:20:20.015000+00:00,1.0,S
3242,3090,2020-11-21T20:20:17.455000+00:00,1.0,P
3242,3346,2020-11-21T20:20:20.015000+00:00,1.0,S
3243,3090,2020-11-21T20:20:17.455000+00:00,1.0,P
3243,3346,2020-11-21T20:20:20.015000+00:00,1.0,S
3244,3090,2020-11-21T20:20:17.455000+00:00,1.0,P
3244,3347,2020-11-21T20:20:20.025000+00:00,1.0,S
3245,3090,2020-11-21T20:20:17.455000+00:00,1.0,P
3245,3347,2020-11-21T20:20:20.025000+00:00,1.0,S
3246,3090,2020-11-21T20:20:17.455000+00:00,1.0,P
3246,3347,2020-11-21T20:20:20.025000+00:00,1.0,S
3247,3090,2020-11-21T20:20:17.455000+00:00,1.0,P
3247,3347,2020-11-21T20:20:20.025000+00:00,1.0,S
3248,3090,2020-11-21T20:20:17.455000+00:00,1.0,P
3248,3347,2020-11-21T20:20:20.025000+00:00,1.0,S
3249,3090,2020-11-21T20:20:17.455000+00:00,1.0,P
3249,3347,2020-11-21T20:20:20.025000+00:00,1.0,S
3250,3090,2020-11-21T20:20:17.455000+00:00,1.0,P
3250,3347,2020-11-21T20:20:20.025000+00:00,1.0,S
3251,3090,2020-11-21T20:20:17.455000+00:00,1.0,P
3251,3347,2020-11-21T20:20:20.025000+00:00,1.0,S
3252,3091,2020-11-21T20:20:17.465000+00:00,1.0,P
3252,3347,2020-11-21T20:20:20.025000+00:00,1.0,S
3253,3091,2020-11-21T20:20:17.465000+00:00,1.0,P
3253,3347,2020-11-21T20:20:20.025000+00:00,1.0,S
3254,3091,2020-11-21T20:20:17.465000+00:00,1.0,P
3254,3347,2020-11-21T20:20:20.025000+00:00,1.0,S
3255,3091,2020-11-21T20:20:17.465000+00:00,1.0,P
3255,3347,2020-11-21T20:20:20.025000+00:00,1.0,S
3256,3091,2020-11-21T20:20:17.465000+00:00,1.0,P
3256,3348,2020-11-21T20:20:20.035000+00:00,1.0,S
3257,3091,2020-11-21T20:20:17.465000+00:00,1.0,P
3257,3348,2020-11-21T20:20:20.035000+00:00,1.0,S
3258,3091,2020-11-21T20:20:17.465000+00:00,1.0,P
3258,3348,2020-11-21T20:20:20.035000+00:00,1.0,S
3259,3091,2020-11-21T20:20:17.465000+00:00,1.0,P
3259,3348,2020-11-21T20:20:20.035000+00:00,1.0,S
3260,3091,2020-11-21T20:20:17.465000+00:00,1.0,P
3260,3348,2020-11-21T20:20:20.035000+00:00,1.0,S
3261,3091,2020-11-21T20:20:17.465000+00:00,1.0,P
3261,3348,2020-11-21T20:20:20.035000+00:00,1.0,S
3262,3091,2020-11-21T20:20:17.465000+00:00,1.0,P
3262,3348,2020-11-21T20:20:20.035000+00:00,1.0,S
3263,3091,2020-11-21T20:20:17.465000+00:00,1.0,P
3263,3348,2020-11-21T20:20:20.035000+00:00,1.0,S
3264,3091,2020-11-21T20:20:17.465000+00:00,1.0,P
3264,3348,2020-11-21T20:20:20.035000+00:00,1.0,S
3265,3092,2020-11-21T20:20:17.475000+00:00,1.0,P
3265,3348,2020-11-21T20:20:20.035000+00:00,1.0,S
3266,3092,2020-11-21T20:20:17.475000+00:00,1.0,P
3266,3348,2020-11-21T20:20:20.035000+00:00,1.0,S
3267,3092,2020-11-21T20:20:17.475000+00:00,1.0,P
3267,3348,2020-11-21T20:20:20.035000+00:00,1.0,S
3268,3092,2020-11-21T20:20:17.475000+00:00,1.0,P
3268,3348,2020-11-21T20:20:20.035000+00:00,1.0,S
3269,3092,2020-11-21T20:20:17.475000+00:00,1.0,P
3269,3349,2020-11-21T20:20:20.045000+00:00,1.0,S
3270,3092,2020-11-21T20:20:17.475000+00:00,1.0,P
3270,3349,2020-11-21T20:20:20.045000+00:00,1.0,S
3271,3092,2020-11-21T20:20:17.475000+00:00,1.0,P
3271,3349,2020-11-21T20:20:20.045000+00:00,1.0,S
3272,3092,2020-11-21T20:20:17.475000+00:00,1.0,P
3272,3349,2020-11-21T20:20:20.045000+00:00,1.0,S
3273,3092,2020-11-21T20:20:17.475000+00:00,1.0,P
3273,3349,2020-11-21T20:20:20.045000+00:00,1.0,S
3274,3092,2020-11-21T20:20:17.475000+00:00,1.0,P
3274,3349,2020-11-21T20:20:20.045000+00:00,1.0,S
3275,3092,2020-11-21T20:20:17.475000+00:00,1.0,P
3275,3349,2020-11-21T20:20:20.045000+00:00,1.0,S
3276,3092,2020-11-21T20:20:17.475000+00:00,1.0,P
3276,3349,2020-11-21T20:20:20.045000+00:00,1.0,S
3277,3092,2020-11-21T20:20:17.475000+00:00,1.0,P
3277,3349,2020-11-21T20:20:20.045000+00:00,1.0,S
3278,3092,2020-11-21T20:20:17.475000+00:00,1.0,P
3278,3350,2020-11-21T20:20:20.055000+00:00,1.0,S
3279,3092,2020-11-21T20:20:17.475000+00:00,1.0,P
3279,3350,2020-11-21T20:20:20.055000+00:00,1.0,S
3280,3093,2020-11-21T20:20:17.485000+00:00,1.0,P
3280,3350,2020-11-21T20:20:20.055000+00:00,1.0,S
3281,3093,2020-11-21T20:20:17.485000+00:00,1.0,P
3281,3350,2020-11-21T20:20:20.055000+00:00,1.0,S
3282,3093,2020-11-21T20:20:17.485000+00:00,1.0,P
3282,3350,2020-11-21T20:20:20.055000+00:00,1.0,S
3283,3093,2020-11-21T20:20:17.485000+00:00,1.0,P
3283,3350,2020-11-21T20:20:20.055000+00:00,1.0,S
3284,3093,2020-11-21T20:20:17.485000+00:00,1.0,P
3284,3350,2020-11-21T20:20:20.055000+00:00,1.0,S
3285,3093,2020-11-21T20:20:17.485000+00:00,1.0,P
3285,3351,2020-11-21T20:20:20.064999+00:00,1.0,S
3286,3093,2020-11-21T20:20:17.485000+00:00,1.0,P
3286,3351,2020-11-21T20:20:20.064999+00:00,1.0,S
3287,3093,2020-11-21T20:20:17.485000+00:00,1.0,P
3287,3351,2020-11-21T20:20:20.064999+00:00,1.0,S
3288,3093,2020-11-21T20:20:17.485000+00:00,1.0,P
3288,3351,2020-11-21T20:20:20.064999+00:00,1.0,S
3289,3093,2020-11-21T20:20:17.485000+00:00,1.0,P
3289,3351,2020-11-21T20:20:20.064999+00:00,1.0,S
3290,3093,2020-11-21T20:20:17.485000+00:00,1.0,P
3290,3351,2020-11-21T20:20:20.064999+00:00,1.0,S
3291,3093,2020-11-21T20:20:17.485000+00:00,1.0,P
3291,3351,2020-11-21T20:20:20.064999+00:00,1.0,S
3292,3093,2020-11-21T20:20:17.485000+00:00,1.0,P
3292,3351,2020-11-21T20:20:20.064999+00:00,1.0,S
3293,3093,2020-11-21T20:20:17.485000+00:00,1.0,P
3293,3351,2020-11-21T20:20:20.064999+00:00,1.0,S
3294,3093,2020-11-21T20:20:17.485000+00:00,1.0,P
3294,3351,2020-11-21T20:20:20.064999+00:00,1.0,S
3295,3093,2020-11-21T20:20:17.485000+00:00,1.0,P
3295,3351,2020-11-21T20:20:20.064999+00:00,1.0,S
3296,3093,2020-11-21T20:20:17.485000+00:00,1.0,P
3296,3352,2020-11-21T20:20:20.075000+00:00,1.0,S
3297,3093,2020-11-21T20:20:17.485000+00:00,1.0,P
3297,3352,2020-11-21T20:20:20.075000+00:00,1.0,S
3298,3093,2020-11-21T20:20:17.485000+00:00,1.0,P
3298,3352,2020-11-21T20:20:20.075000+00:00,1.0,S
3299,3093,2020-11-21T20:20:17.485000+00:00,1.0,P
3299,3352,2020-11-21T20:20:20.075000+00:00,1.0,S
3300,3093,2020-11-21T20:20:17.485000+00:00,1.0,P
3300,3352,2020-11-21T20:20:20.075000+00:00,1.0,S
3301,3093,2020-11-21T20:20:17.485000+00:00,1.0,P
3301,3352,2020-11-21T20:20:20.075000+00:00,1.0,S
3302,3093,2020-11-21T20:20:17.485000+00:00,1.0,P
3302,3352,2020-11-21T20:20:20.075000+00:00,1.0,S
3303,3093,2020-11-21T20:20:17.485000+00:00,1.0,P
3303,3352,2020-11-21T20:20:20.075000+00:00,1.0,S
3304,3093,2020-11-21T20:20:17.485000+00:00,1.0,P
3304,3352,2020-11-21T20:20:20.075000+00:00,1.0,S
3305,3093,2020-11-21T20:20:17.485000+00:00,1.0,P
3305,3352,2020-11-21T20:20:20.075000+00:00,1.0,S
3306,3093,2020-11-21T20:20:17.485000+00:00,1.0,P
3306,3353,2020-11-21T20:20:20.085000+00:00,1.0,S
3307,3093,2020-11-21T20:20:17.485000+00:00,1.0,P
3307,3353,2020-11-21T20:20:20.085000+00:00,1.0,S
3308,3093,2020-11-21T20:20:17.485000+00:00,1.0,P
3308,3353,2020-11-21T20:20:20.085000+00:00,1.0,S
3309,3093,2020-11-21T20:20:17.485000+00:00,1.0,P
3309,3353,2020-11-21T20:20:20.085000+00:00,1.0,S
3310,3093,2020-11-21T20:20:17.485000+00:00,1.0,P
3310,3353,2020-11-21T20:20:20.085000+00:00,1.0,S
3311,3093,2020-11-21T20:20:17.485000+00:00,1.0,P
3311,3353,2020-11-21T20:20:20.085000+00:00,1.0,S
3312,3094,2020-11-21T20:20:17.495000+00:00,1.0,P
3312,3353,2020-11-21T20:20:20.085000+00:00,1.0,S
3313,3094,2020-11-21T20:20:17.495000+00:00,1.0,P
3313,3353,2020-11-21T20:20:20.085000+00:00,1.0,S
3314,3094,2020-11-21T20:20:17.495000+00:00,1.0,P
3314,3353,2020-11-21T20:20:20.085000+00:00,1.0,S
3315,3094,2020-11-21T20:20:17.495000+00:00,1.0,P
3315,3353,2020-11-21T20:20:20.085000+00:00,1.0,S
3316,3094,2020-11-21T20:20:17.495000+00:00,1.0,P
3316,3353,2020-11-21T20:20:20.085000+00:00,1.0,S
3317,3094,2020-11-21T20:20:17.495000+00:00,1.0,P
3317,3353,2020-11-21T20:20:20.085000+00:00,1.0,S
3318,3094,2020-11-21T20:20:17.495000+00:00,1.0,P
3318,3353,2020-11-21T20:20:20.085000+00:00,1.0,S
3319,3094,2020-11-21T20:20:17.495000+00:00,1.0,P
3319,3353,2020-11-21T20:20:20.085000+00:00,1.0,S
3320,3094,2020-11-21T20:20:17.495000+00:00,1.0,P
3320,3354,2020-11-21T20:20:20.095000+00:00,1.0,S
3321,3094,2020-11-21T20:20:17.495000+00:00,1.0,P
3321,3354,2020-11-21T20:20:20.095000+00:00,1.0,S
3322,3094,2020-11-21T20:20:17.495000+00:00,1.0,P
3322,3354,2020-11-21T20:20:20.095000+00:00,1.0,S
3323,3094,2020-11-21T20:20:17.495000+00:00,1.0,P
3323,3354,2020-11-21T20:20:20.095000+00:00,1.0,S
3324,3094,2020-11-21T20:20:17.495000+00:00,1.0,P
3324,3354,2020-11-21T20:20:20.095000+00:00,1.0,S
3325,3094,2020-11-21T20:20:17.495000+00:00,1.0,P
3325,3354,2020-11-21T20:20:20.095000+00:00,1.0,S
3326,3094,2020-11-21T20:20:17.495000+00:00,1.0,P
3326,3354,2020-11-21T20:20:20.095000+00:00,1.0,S
3327,3094,2020-11-21T20:20:17.495000+00:00,1.0,P
3327,3354,2020-11-21T20:20:20.095000+00:00,1.0,S
3328,3094,2020-11-21T20:20:17.495000+00:00,1.0,P
3328,3354,2020-11-21T20:20:20.095000+00:00,1.0,S
3329,3094,2020-11-21T20:20:17.495000+00:00,1.0,P
3329,3354,2020-11-21T20:20:20.095000+00:00,1.0,S
3330,3094,2020-11-21T20:20:17.495000+00:00,1.0,P
3330,3355,2020-11-21T20:20:20.104999+00:00,1.0,S
3331,3094,2020-11-21T20:20:17.495000+00:00,1.0,P
3331,3355,2020-11-21T20:20:20.104999+00:00,1.0,S
3332,3094,2020-11-21T20:20:17.495000+00:00,1.0,P
3332,3355,2020-11-21T20:20:20.104999+00:00,1.0,S
3333,3094,2020-11-21T20:20:17.495000+00:00,1.0,P
3333,3355,2020-11-21T20:20:20.104999+00:00,1.0,S
3334,3094,2020-11-21T20:20:17.495000+00:00,1.0,P
3334,3355,2020-11-21T20:20:20.104999+00:00,1.0,S
3335,3094,2020-11-21T20:20:17.495000+00:00,1.0,P
3335,3355,2020-11-21T20:20:20.104999+00:00,1.0,S
3336,3094,2020-11-21T20:20:17.495000+00:00,1.0,P
3336,3355,2020-11-21T20:20:20.104999+00:00,1.0,S
3337,3094,2020-11-21T20:20:17.495000+00:00,1.0,P
3337,3355,2020-11-21T20:20:20.104999+00:00,1.0,S
3338,3094,2020-11-21T20:20:17.495000+00:00,1.0,P
3338,3355,2020-11-21T20:20:20.104999+00:00,1.0,S
3339,3094,2020-11-21T20:20:17.495000+00:00,1.0,P
3339,3355,2020-11-21T20:20:20.104999+00:00,1.0,S
3340,3094,2020-11-21T20:20:17.495000+00:00,1.0,P
3340,3355,2020-11-21T20:20:20.104999+00:00,1.0,S
3341,3094,2020-11-21T20:20:17.495000+00:00,1.0,P
3341,3354,2020-11-21T20:20:20.095000+00:00,1.0,S
3342,3093,2020-11-21T20:20:17.485000+00:00,1.0,P
3342,3354,2020-11-21T20:20:20.095000+00:00,1.0,S
3343,3093,2020-11-21T20:20:17.485000+00:00,1.0,P
3343,3354,2020-11-21T20:20:20.095000+00:00,1.0,S
3344,3093,2020-11-21T20:20:17.485000+00:00,1.0,P
3344,3354,2020-11-21T20:20:20.095000+00:00,1.0,S
3345,3093,2020-11-21T20:20:17.485000+00:00,1.0,P
3345,3354,2020-11-21T20:20:20.095000+00:00,1.0,S
3346,3093,2020-11-21T20:20:17.485000+00:00,1.0,P
3346,3354,2020-11-21T20:20:20.095000+00:00,1.0,S
3347,3093,2020-11-21T20:20:17.485000+00:00,1.0,P
3347,3354,2020-11-21T20:20:20.095000+00:00,1.0,S
3348,3093,2020-11-21T20:20:17.485000+00:00,1.0,P
3348,3354,2020-11-21T20:20:20.095000+00:00,1.0,S
3349,3093,2020-11-21T20:20:17.485000+00:00,1.0,P
3349,3354,2020-11-21T20:20:20.095000+00:00,1.0,S
3350,3093,2020-11-21T20:20:17.485000+00:00,1.0,P
3350,3354,2020-11-21T20:20:20.095000+00:00,1.0,S
3351,3093,2020-11-21T20:20:17.485000+00:00,1.0,P
3351,3355,2020-11-21T20:20:20.104999+00:00,1.0,S
3352,3093,2020-11-21T20:20:17.485000+00:00,1.0,P
3352,3355,2020-11-21T20:20:20.104999+00:00,1.0,S
3353,3093,2020-11-21T20:20:17.485000+00:00,1.0,P
3353,3355,2020-11-21T20:20:20.104999+00:00,1.0,S
3354,3093,2020-11-21T20:20:17.485000+00:00,1.0,P
3354,3355,2020-11-21T20:20:20.104999+00:00,1.0,S
3355,3093,2020-11-21T20:20:17.485000+00:00,1.0,P
3355,3355,2020-11-21T20:20:20.104999+00:00,1.0,S
3356,3093,2020-11-21T20:20:17.485000+00:00,1.0,P
3356,3355,2020-11-21T20:20:20.104999+00:00,1.0,S
3357,3093,2020-11-21T20:20:17.485000+00:00,1.0,P
3357,3355,2020-11-21T20:20:20.104999+00:00,1.0,S
3358,3093,2020-11-21T20:20:17.485000+00:00,1.0,P
3358,3355,2020-11-21T20:20:20.104999+00:00,1.0,S
3359,3093,2020-11-21T20:20:17.485000+00:00,1.0,P
3359,3355,2020-11-21T20:20:20.104999+00:00,1.0,S
3360,3093,2020-11-21T20:20:17.485000+00:00,1.0,P
3360,3355,2020-11-21T20:20:20.104999+00:00,1.0,S
3361,3093,2020-11-21T20:20:17.485000+00:00,1.0,P
3361,3356,2020-11-21T20:20:20.115000+00:00,1.0,S
3362,3093,2020-11-21T20:20:17.485000+00:00,1.0,P
3362,3356,2020-11-21T20:20:20.115000+00:00,1.0,S
3363,3093,2020-11-21T20:20:17.485000+00:00,1.0,P
3363,3356,2020-11-21T20:20:20.115000+00:00,1.0,S
3364,3092,2020-11-21T20:20:17.475000+00:00,1.0,P
3364,3356,2020-11-21T20:20:20.115000+00:00,1.0,S
3365,3092,2020-11-21T20:20:17.475000+00:00,1.0,P
3365,3356,2020-11-21T20:20:20.115000+00:00,1.0,S
3366,3092,2020-11-21T20:20:17.475000+00:00,1.0,P
3366,3356,2020-11-21T20:20:20.115000+00:00,1.0,S
3367,3092,2020-11-21T20:20:17.475000+00:00,1.0,P
3367,3356,2020-11-21T20:20:20.115000+00:00,1.0,S
3368,3092,2020-11-21T20:20:17.475000+00:00,1.0,P
3368,3356,2020-11-21T20:20:20.115000+00:00,1.0,S
3369,3092,2020-11-21T20:20:17.475000+00:00,1.0,P
3369,3356,2020-11-21T20:20:20.115000+00:00,1.0,S
3370,3092,2020-11-21T20:20:17.475000+00:00,1.0,P
3370,3356,2020-11-21T20:20:20.115000+00:00,1.0,S
3371,3092,2020-11-21T20:20:17.475000+00:00,1.0,P
3371,3356,2020-11-21T20:20:20.115000+00:00,1.0,S
3372,3092,2020-11-21T20:20:17.475000+00:00,1.0,P
3372,3356,2020-11-21T20:20:20.115000+00:00,1.0,S
3373,3092,2020-11-21T20:20:17.475000+00:00,1.0,P
3373,3356,2020-11-21T20:20:20.115000+00:00,1.0,S
3374,3092,2020-11-21T20:20:17.475000+00:00,1.0,P
3374,3355,2020-11-21T20:20:20.104999+00:00,1.0,S
3375,3092,2020-11-21T20:20:17.475000+00:00,1.0,P
3375,3355,2020-11-21T20:20:20.104999+00:00,1.0,S
3376,3092,2020-11-21T20:20:17.475000+00:00,1.0,P
3376,3355,2020-11-21T20:20:20.104999+00:00,1.0,S
3377,3092,2020-11-21T20:20:17.475000+00:00,1.0,P
3377,3355,2020-11-21T20:20:20.104999+00:00,1.0,S
3378,3092,2020-11-21T20:20:17.475000+00:00,1.0,P
3378,3355,2020-11-21T20:20:20.104999+00:00,1.0,S
3379,3092,2020-11-21T20:20:17.475000+00:00,1.0,P
3379,3355,2020-11-21T20:20:20.104999+00:00,1.0,S
3380,3092,2020-11-21T20:20:17.475000+00:00,1.0,P
3380,3355,2020-11-21T20:20:20.104999+00:00,1.0,S
3381,3092,2020-11-21T20:20:17.475000+00:00,1.0,P
3381,3354,2020-11-21T20:20:20.095000+00:00,1.0,S
3382,3092,2020-11-21T20:20:17.475000+00:00,1.0,P
3382,3354,2020-11-21T20:20:20.095000+00:00,1.0,S
3383,3092,2020-11-21T20:20:17.475000+00:00,1.0,P
3383,3354,2020-11-21T20:20:20.095000+00:00,1.0,S
3384,3092,2020-11-21T20:20:17.475000+00:00,1.0,P
3384,3354,2020-11-21T20:20:20.095000+00:00,1.0,S
3385,3092,2020-11-21T20:20:17.475000+00:00,1.0,P
3385,3354,2020-11-21T20:20:20.095000+00:00,1.0,S
3386,3092,2020-11-21T20:20:17.475000+00:00,1.0,P
3386,3354,2020-11-21T20:20:20.095000+00:00,1.0,S
3387,3092,2020-11-21T20:20:17.475000+00:00,1.0,P
3387,3354,2020-11-21T20:20:20.095000+00:00,1.0,S
3388,3092,2020-11-21T20:20:17.475000+00:00,1.0,P
3388,3354,2020-11-21T20:20:20.095000+00:00,1.0,S
3389,3092,2020-11-21T20:20:17.475000+00:00,1.0,P
3389,3354,2020-11-21T20:20:20.095000+00:00,1.0,S
3390,3092,2020-11-21T20:20:17.475000+00:00,1.0,P
3390,3355,2020-11-21T20:20:20.104999+00:00,1.0,S
3391,3091,2020-11-21T20:20:17.465000+00:00,1.0,P
3391,3355,2020-11-21T20:20:20.104999+00:00,1.0,S
3392,3091,2020-11-21T20:20:17.465000+00:00,1.0,P
3392,3355,2020-11-21T20:20:20.104999+00:00,1.0,S
3393,3091,2020-11-21T20:20:17.465000+00:00,1.0,P
3393,3355,2020-11-21T20:20:20.104999+00:00,1.0,S
3394,3091,2020-11-21T20:20:17.465000+00:00,1.0,P
3394,3355,2020-11-21T20:20:20.104999+00:00,1.0,S
3395,3091,2020-11-21T20:20:17.465000+00:00,1.0,P
3395,3354,2020-11-21T20:20:20.095000+00:00,1.0,S
3396,3091,2020-11-21T20:20:17.465000+00:00,1.0,P
3396,3354,2020-11-21T20:20:20.095000+00:00,1.0,S
3397,3091,2020-11-21T20:20:17.465000+00:00,1.0,P
3397,3354,2020-11-21T20:20:20.095000+00:00,1.0,S
3398,3091,2020-11-21T20:20:17.465000+00:00,1.0,P
3398,3354,2020-11-21T20:20:20.095000+00:00,1.0,S
3399,3091,2020-11-21T20:20:17.465000+00:00,1.0,P
3399,3354,2020-11-21T20:20:20.095000+00:00,1.0,S
3400,3091,2020-11-21T20:20:17.465000+00:00,1.0,P
3400,3354,2020-11-21T20:20:20.095000+00:00,1.0,S
3401,3091,2020-11-21T20:20:17.465000+00:00,1.0,P
3401,3354,2020-11-21T20:20:20.095000+00:00,1.0,S
3402,3091,2020-11-21T20:20:17.465000+00:00,1.0,P
3402,3353,2020-11-21T20:20:20.085000+00:00,1.0,S
3403,3091,2020-11-21T20:20:17.465000+00:00,1.0,P
3403,3353,2020-11-21T20:20:20.085000+00:00,1.0,S
3404,3091,2020-11-21T20:20:17.465000+00:00,1.0,P
3404,3353,2020-11-21T20:20:20.085000+00:00,1.0,S
3405,3091,2020-11-21T20:20:17.465000+00:00,1.0,P
3405,3353,2020-11-21T20:20:20.085000+00:00,1.0,S
3406,3091,2020-11-21T20:20:17.465000+00:00,1.0,P
3406,3353,2020-11-21T20:20:20.085000+00:00,1.0,S
3407,3090,2020-11-21T20:20:17.455000+00:00,1.0,P
3407,3353,2020-11-21T20:20:20.085000+00:00,1.0,S
3408,3090,2020-11-21T20:20:17.455000+00:00,1.0,P
3408,3352,2020-11-21T20:20:20.075000+00:00,1.0,S
3409,3090,2020-11-21T20:20:17.455000+00:00,1.0,P
3409,3352,2020-11-21T20:20:20.075000+00:00,1.0,S
3410,3090,2020-11-21T20:20:17.455000+00:00,1.0,P
3410,3352,2020-11-21T20:20:20.075000+00:00,1.0,S
3411,3090,2020-11-21T20:20:17.455000+00:00,1.0,P
3411,3352,2020-11-21T20:20:20.075000+00:00,1.0,S
3412,3090,2020-11-21T20:20:17.455000+00:00,1.0,P
3412,3352,2020-11-21T20:20:20.075000+00:00,1.0,S
3413,3090,2020-11-21T20:20:17.455000+00:00,1.0,P
3413,3352,2020-11-21T20:20:20.075000+00:00,1.0,S
3414,3090,2020-11-21T20:20:17.455000+00:00,1.0,P
3414,3352,2020-11-21T20:20:20.075000+00:00,1.0,S
3415,3090,2020-11-21T20:20:17.455000+00:00,1.0,P
3415,3352,2020-11-21T20:20:20.075000+00:00,1.0,S
3416,3090,2020-11-21T20:20:17.455000+00:00,1.0,P
3416,3352,2020-11-21T20:20:20.075000+00:00,1.0,S
3417,3090,2020-11-21T20:20:17.455000+00:00,1.0,P
3417,3352,2020-11-21T20:20:20.075000+00:00,1.0,S
3418,3090,2020-11-21T20:20:17.455000+00:00,1.0,P
3418,3352,2020-11-21T20:20:20.075000+00:00,1.0,S
3419,3090,2020-11-21T20:20:17.455000+00:00,1.0,P
3419,3352,2020-11-21T20:20:20.075000+00:00,1.0,S
3420,3089,2020-11-21T20:20:17.445000+00:00,1.0,P
3420,3351,2020-11-21T20:20:20.064999+00:00,1.0,S
3421,3089,2020-11-21T20:20:17.445000+00:00,1.0,P
3421,3351,2020-11-21T20:20:20.064999+00:00,1.0,S
3422,3089,2020-11-21T20:20:17.445000+00:00,1.0,P
3422,3351,2020-11-21T20:20:20.064999+00:00,1.0,S
3423,3089,2020-11-21T20:20:17.445000+00:00,1.0,P
3423,3351,2020-11-21T20:20:20.064999+00:00,1.0,S
3424,3089,2020-11-21T20:20:17.445000+00:00,1.0,P
3424,3351,2020-11-21T20:20:20.064999+00:00,1.0,S
3425,3089,2020-11-21T20:20:17.445000+00:00,1.0,P
3425,3351,2020-11-21T20:20:20.064999+00:00,1.0,S
3426,3089,2020-11-21T20:20:17.445000+00:00,1.0,P
3426,3351,2020-11-21T20:20:20.064999+00:00,1.0,S
3427,3089,2020-11-21T20:20:17.445000+00:00,1.0,P
3427,3351,2020-11-21T20:20:20.064999+00:00,1.0,S
3428,3089,2020-11-21T20:20:17.445000+00:00,1.0,P
3428,3351,2020-11-21T20:20:20.064999+00:00,1.0,S
3429,3089,2020-11-21T20:20:17.445000+00:00,1.0,P
3429,3350,2020-11-21T20:20:20.055000+00:00,1.0,S
3430,3089,2020-11-21T20:20:17.445000+00:00,1.0,P
3430,3350,2020-11-21T20:20:20.055000+00:00,1.0,S
3431,3089,2020-11-21T20:20:17.445000+00:00,1.0,P
3431,3350,2020-11-21T20:20:20.055000+00:00,1.0,S
3432,3089,2020-11-21T20:20:17.445000+00:00,1.0,P
3432,3350,2020-11-21T20:20:20.055000+00:00,1.0,S
3433,3088,2020-11-21T20:20:17.435000+00:00,1.0,P
3433,3350,2020-11-21T20:20:20.055000+00:00,1.0,S
3434,3088,2020-11-21T20:20:17.435000+00:00,1.0,P
3434,3350,2020-11-21T20:20:20.055000+00:00,1.0,S
3435,3088,2020-11-21T20:20:17.435000+00:00,1.0,P
3435,3349,2020-11-21T20:20:20.045000+00:00,1.0,S
3436,3088,2020-11-21T20:20:17.435000+00:00,1.0,P
3436,3349,2020-11-21T20:20:20.045000+00:00,1.0,S
3437,3088,2020-11-21T20:20:17.435000+00:00,1.0,P
3437,3349,2020-11-21T20:20:20.045000+00:00,1.0,S
3438,3088,2020-11-21T20:20:17.435000+00:00,1.0,P
3438,3349,2020-11-21T20:20:20.045000+00:00,1.0,S
3439,3088,2020-11-21T20:20:17.435000+00:00,1.0,P
3439,3349,2020-11-21T20:20:20.045000+00:00,1.0,S
3440,3088,2020-11-21T20:20:17.435000+00:00,1.0,P
3440,3349,2020-11-21T20:20:20.045000+00:00,1.0,S
3441,3088,2020-11-21T20:20:17.435000+00:00,1.0,P
3441,3348,2020-11-21T20:20:20.035000+00:00,1.0,S
3442,3088,2020-11-21T20:20:17.435000+00:00,1.0,P
3442,3348,2020-11-21T20:20:20.035000+00:00,1.0,S
3443,3087,2020-11-21T20:20:17.425000+00:00,1.0,P
3443,3348,2020-11-21T20:20:20.035000+00:00,1.0,S
3444,3087,2020-11-21T20:20:17.425000+00:00,1.0,P
3444,3348,2020-11-21T20:20:20.035000+00:00,1.0,S
3445,3087,2020-11-21T20:20:17.425000+00:00,1.0,P
3445,3348,2020-11-21T20:20:20.035000+00:00,1.0,S
3446,3087,2020-11-21T20:20:17.425000+00:00,1.0,P
3446,3347,2020-11-21T20:20:20.025000+00:00,1.0,S
3447,3087,2020-11-21T20:20:17.425000+00:00,1.0,P
3447,3347,2020-11-21T20:20:20.025000+00:00,1.0,S
3448,3087,2020-11-21T20:20:17.425000+00:00,1.0,P
3448,3347,2020-11-21T20:20:20.025000+00:00,1.0,S
3449,3087,2020-11-21T20:20:17.425000+00:00,1.0,P
3449,3347,2020-11-21T20:20:20.025000+00:00,1.0,S
3450,3087,2020-11-21T20:20:17.425000+00:00,1.0,P
3450,3347,2020-11-21T20:20:20.025000+00:00,1.0,S
3451,3087,2020-11-21T20:20:17.425000+00:00,1.0,P
3451,3347,2020-11-21T20:20:20.025000+00:00,1.0,S
3452,3087,2020-11-21T20:20:17.425000+00:00,1.0,P
3452,3347,2020-11-21T20:20:20.025000+00:00,1.0,S
3453,3086,2020-11-21T20:20:17.415000+00:00,1.0,P
3453,3346,2020-11-21T20:20:20.015000+00:00,1.0,S
3454,3086,2020-11-21T20:20:17.415000+00:00,1.0,P
3454,3346,2020-11-21T20:20:20.015000+00:00,1.0,S
3455,3086,2020-11-21T20:20:17.415000+00:00,1.0,P
3455,3346,2020-11-21T20:20:20.015000+00:00,1.0,S
3456,3086,2020-11-21T20:20:17.415000+00:00,1.0,P
3456,3346,2020-11-21T20:20:20.015000+00:00,1.0,S
3457,3086,2020-11-21T20:20:17.415000+00:00,1.0,P
3457,3346,2020-11-21T20:20:20.015000+00:00,1.0,S
3458,3086,2020-11-21T20:20:17.415000+00:00,1.0,P
3458,3346,2020-11-21T20:20:20.015000+00:00,1.0,S
3459,3086,2020-11-21T20:20:17.415000+00:00,1.0,P
3459,3346,2020-11-21T20:20:20.015000+00:00,1.0,S
3460,3086,2020-11-21T20:20:17.415000+00:00,1.0,P
3460,3346,2020-11-21T20:20:20.015000+00:00,1.0,S
3461,3086,2020-11-21T20:20:17.415000+00:00,1.0,P
3461,3346,2020-11-21T20:20:20.015000+00:00,1.0,S
3462,3086,2020-11-21T20:20:17.415000+00:00,1.0,P
3462,3346,2020-11-21T20:20:20.015000+00:00,1.0,S
3463,3086,2020-11-21T20:20:17.415000+00:00,1.0,P
3463,3346,2020-11-21T20:20:20.015000+00:00,1.0,S
3464,3086,2020-11-21T20:20:17.415000+00:00,1.0,P
3464,3346,2020-11-21T20:20:20.015000+00:00,1.0,S
3465,3085,2020-11-21T20:20:17.405000+00:00,1.0,P
3465,3346,2020-11-21T20:20:20.015000+00:00,1.0,S
3466,3085,2020-11-21T20:20:17.405000+00:00,1.0,P
3466,3345,2020-11-21T20:20:20.005000+00:00,1.0,S
3467,3085,2020-11-21T20:20:17.405000+00:00,1.0,P
3467,3345,2020-11-21T20:20:20.005000+00:00,1.0,S
3468,3085,2020-11-21T20:20:17.405000+00:00,1.0,P
3468,3345,2020-11-21T20:20:20.005000+00:00,1.0,S
3469,3085,2020-11-21T20:20:17.405000+00:00,1.0,P
3469,3345,2020-11-21T20:20:20.005000+00:00,1.0,S
3470,3085,2020-11-21T20:20:17.405000+00:00,1.0,P
3470,3345,2020-11-21T20:20:20.005000+00:00,1.0,S
3471,3085,2020-11-21T20:20:17.405000+00:00,1.0,P
3471,3345,2020-11-21T20:20:20.005000+00:00,1.0,S
3472,3085,2020-11-21T20:20:17.405000+00:00,1.0,P
3472,3345,2020-11-21T20:20:20.005000+00:00,1.0,S
3473,3085,2020-11-21T20:20:17.405000+00:00,1.0,P
3473,3345,2020-11-21T20:20:20.005000+00:00,1.0,S
3474,3085,2020-11-21T20:20:17.405000+00:00,1.0,P
3474,3345,2020-11-21T20:20:20.005000+00:00,1.0,S
3475,3085,2020-11-21T20:20:17.405000+00:00,1.0,P
3475,3345,2020-11-21T20:20:20.005000+00:00,1.0,S
3476,3085,2020-11-21T20:20:17.405000+00:00,1.0,P
3476,3344,2020-11-21T20:20:19.994999+00:00,1.0,S
3477,3085,2020-11-21T20:20:17.405000+00:00,1.0,P
3477,3344,2020-11-21T20:20:19.994999+00:00,1.0,S
3478,3084,2020-11-21T20:20:17.395000+00:00,1.0,P
3478,3344,2020-11-21T20:20:19.994999+00:00,1.0,S
3479,3084,2020-11-21T20:20:17.395000+00:00,1.0,P
3479,3344,2020-11-21T20:20:19.994999+00:00,1.0,S
3480,3084,2020-11-21T20:20:17.395000+00:00,1.0,P
3480,3344,2020-11-21T20:20:19.994999+00:00,1.0,S
3481,3084,2020-11-21T20:20:17.395000+00:00,1.0,P
3481,3344,2020-11-21T20:20:19.994999+00:00,1.0,S
3482,3084,2020-11-21T20:20:17.395000+00:00,1.0,P
3482,3344,2020-11-21T20:20:19.994999+00:00,1.0,S
3483,3084,2020-11-21T20:20:17.395000+00:00,1.0,P
3483,3344,2020-11-21T20:20:19.994999+00:00,1.0,S
3484,3084,2020-11-21T20:20:17.395000+00:00,1.0,P
3484,3344,2020-11-21T20:20:19.994999+00:00,1.0,S
3485,3084,2020-11-21T20:20:17.395000+00:00,1.0,P
3485,3343,2020-11-21T20:20:19.985000+00:00,1.0,S
3486,3084,2020-11-21T20:20:17.395000+00:00,1.0,P
3486,3343,2020-11-21T20:20:19.985000+00:00,1.0,S
3487,3084,2020-11-21T20:20:17.395000+00:00,1.0,P
3487,3343,2020-11-21T20:20:19.985000+00:00,1.0,S
3488,3084,2020-11-21T20:20:17.395000+00:00,1.0,P
3488,3343,2020-11-21T20:20:19.985000+00:00,1.0,S
3489,3084,2020-11-21T20:20:17.395000+00:00,1.0,P
3489,3343,2020-11-21T20:20:19.985000+00:00,1.0,S
3490,3084,2020-11-21T20:20:17.395000+00:00,1.0,P
3490,3343,2020-11-21T20:20:19.985000+00:00,1.0,S
3491,3084,2020-11-21T20:20:17.395000+00:00,1.0,P
3491,3343,2020-11-21T20:20:19.985000+00:00,1.0,S
3492,3083,2020-11-21T20:20:17.385000+00:00,1.0,P
3492,3343,2020-11-21T20:20:19.985000+00:00,1.0,S
3493,3083,2020-11-21T20:20:17.385000+00:00,1.0,P
3493,3343,2020-11-21T20:20:19.985000+00:00,1.0,S
3494,3083,2020-11-21T20:20:17.385000+00:00,1.0,P
3494,3343,2020-11-21T20:20:19.985000+00:00,1.0,S
3495,3083,2020-11-21T20:20:17.385000+00:00,1.0,P
3495,3343,2020-11-21T20:20:19.985000+00:00,1.0,S
3496,3083,2020-11-21T20:20:17.385000+00:00,1.0,P
3496,3343,2020-11-21T20:20:19.985000+00:00,1.0,S
3497,3083,2020-11-21T20:20:17.385000+00:00,1.0,P
3497,3342,2020-11-21T20:20:19.975000+00:00,1.0,S
3498,3083,2020-11-21T20:20:17.385000+00:00,1.0,P
3498,3342,2020-11-21T20:20:19.975000+00:00,1.0,S
3499,3083,2020-11-21T20:20:17.385000+00:00,1.0,P
3499,3342,2020-11-21T20:20:19.975000+00:00,1.0,S
3500,3083,2020-11-21T20:20:17.385000+00:00,1.0,P
3500,3342,2020-11-21T20:20:19.975000+00:00,1.0,S
3501,3083,2020-11-21T20:20:17.385000+00:00,1.0,P
3501,3342,2020-11-21T20:20:19.975000+00:00,1.0,S
3502,3083,2020-11-21T20:20:17.385000+00:00,1.0,P
3502,3342,2020-11-21T20:20:19.975000+00:00,1.0,S
3503,3083,2020-11-21T20:20:17.385000+00:00,1.0,P
3503,3342,2020-11-21T20:20:19.975000+00:00,1.0,S
3504,3083,2020-11-21T20:20:17.385000+00:00,1.0,P
3504,3342,2020-11-21T20:20:19.975000+00:00,1.0,S
3505,3083,2020-11-21T20:20:17.385000+00:00,1.0,P
3505,3342,2020-11-21T20:20:19.975000+00:00,1.0,S
3506,3083,2020-11-21T20:20:17.385000+00:00,1.0,P
3506,3342,2020-11-21T20:20:19.975000+00:00,1.0,S
3507,3083,2020-11-21T20:20:17.385000+00:00,1.0,P
3507,3342,2020-11-21T20:20:19.975000+00:00,1.0,S
3508,3083,2020-11-21T20:20:17.385000+00:00,1.0,P
3508,3342,2020-11-21T20:20:19.975000+00:00,1.0,S
3509,3083,2020-11-21T20:20:17.385000+00:00,1.0,P
3509,3342,2020-11-21T20:20:19.975000+00:00,1.0,S
3510,3083,2020-11-21T20:20:17.385000+00:00,1.0,P
3510,3342,2020-11-21T20:20:19.975000+00:00,1.0,S
3511,3083,2020-11-21T20:20:17.385000+00:00,1.0,P
3511,3342,2020-11-21T20:20:19.975000+00:00,1.0,S
3512,3083,2020-11-21T20:20:17.385000+00:00,1.0,P
3512,3342,2020-11-21T20:20:19.975000+00:00,1.0,S
3513,3082,2020-11-21T20:20:17.375000+00:00,1.0,P
3513,3342,2020-11-21T20:20:19.975000+00:00,1.0,S
3514,3082,2020-11-21T20:20:17.375000+00:00,1.0,P
3514,3342,2020-11-21T20:20:19.975000+00:00,1.0,S
3515,3082,2020-11-21T20:20:17.375000+00:00,1.0,P
3515,3342,2020-11-21T20:20:19.975000+00:00,1.0,S
3516,3082,2020-11-21T20:20:17.375000+00:00,1.0,P
3516,3342,2020-11-21T20:20:19.975000+00:00,1.0,S
3517,3082,2020-11-21T20:20:17.375000+00:00,1.0,P
3517,3342,2020-11-21T20:20:19.975000+00:00,1.0,S
3518,3082,2020-11-21T20:20:17.375000+00:00,1.0,P
3518,3342,2020-11-21T20:20:19.975000+00:00,1.0,S
3519,3082,2020-11-21T20:20:17.375000+00:00,1.0,P
3519,3342,2020-11-21T20:20:19.975000+00:00,1.0,S
3520,3082,2020-11-21T20:20:17.375000+00:00,1.0,P
3520,3342,2020-11-21T20:20:19.975000+00:00,1.0,S
3521,3082,2020-11-21T20:20:17.375000+00:00,1.0,P
3521,3342,2020-11-21T20:20:19.975000+00:00,1.0,S
3522,3082,2020-11-21T20:20:17.375000+00:00,1.0,P
3522,3341,2020-11-21T20:20:19.965000+00:00,1.0,S
3523,3082,2020-11-21T20:20:17.375000+00:00,1.0,P
3523,3341,2020-11-21T20:20:19.965000+00:00,1.0,S
3524,3082,2020-11-21T20:20:17.375000+00:00,1.0,P
3524,3341,2020-11-21T20:20:19.965000+00:00,1.0,S
3525,3082,2020-11-21T20:20:17.375000+00:00,1.0,P
3525,3341,2020-11-21T20:20:19.965000+00:00,1.0,S
3526,3082,2020-11-21T20:20:17.375000+00:00,1.0,P
3526,3341,2020-11-21T20:20:19.965000+00:00,1.0,S
3527,3081,2020-11-21T20:20:17.365000+00:00,1.0,P
3527,3341,2020-11-21T20:20:19.965000+00:00,1.0,S
3528,3081,2020-11-21T20:20:17.365000+00:00,1.0,P
3528,3341,2020-11-21T20:20:19.965000+00:00,1.0,S
3529,3081,2020-11-21T20:20:17.365000+00:00,1.0,P
3529,3341,2020-11-21T20:20:19.965000+00:00,1.0,S
3530,3081,2020-11-21T20:20:17.365000+00:00,1.0,P
3530,3341,2020-11-21T20:20:19.965000+00:00,1.0,S
3531,3081,2020-11-21T20:20:17.365000+00:00,1.0,P
3531,3341,2020-11-21T20:20:19.965000+00:00,1.0,S
3532,3081,2020-11-21T20:20:17.365000+00:00,1.0,P
3532,3340,2020-11-21T20:20:19.955000+00:00,1.0,S
3533,3081,2020-11-21T20:20:17.365000+00:00,1.0,P
3533,3340,2020-11-21T20:20:19.955000+00:00,1.0,S
3534,3081,2020-11-21T20:20:17.365000+00:00,1.0,P
3534,3340,2020-11-21T20:20:19.955000+00:00,1.0,S
3535,3081,2020-11-21T20:20:17.365000+00:00,1.0,P
3535,3340,2020-11-21T20:20:19.955000+00:00,1.0,S
3536,3081,2020-11-21T20:20:17.365000+00:00,1.0,P
3536,3340,2020-11-21T20:20:19.955000+00:00,1.0,S
3537,3081,2020-11-21T20:20:17.365000+00:00,1.0,P
3537,3340,2020-11-21T20:20:19.955000+00:00,1.0,S
3538,3081,2020-11-21T20:20:17.365000+00:00,1.0,P
3538,3339,2020-11-21T20:20:19.945000+00:00,1.0,S
3539,3081,2020-11-21T20:20:17.365000+00:00,1.0,P
3539,3339,2020-11-21T20:20:19.945000+00:00,1.0,S
3540,3080,2020-11-21T20:20:17.355000+00:00,1.0,P
3540,3339,2020-11-21T20:20:19.945000+00:00,1.0,S
3541,3080,2020-11-21T20:20:17.355000+00:00,1.0,P
3541,3339,2020-11-21T20:20:19.945000+00:00,1.0,S
3542,3080,2020-11-21T20:20:17.355000+00:00,1.0,P
3542,3339,2020-11-21T20:20:19.945000+00:00,1.0,S
3543,3080,2020-11-21T20:20:17.355000+00:00,1.0,P
3543,3339,2020-11-21T20:20:19.945000+00:00,1.0,S
3544,3080,2020-11-21T20:20:17.355000+00:00,1.0,P
3544,3338,2020-11-21T20:20:19.935000+00:00,1.0,S
3545,3080,2020-11-21T20:20:17.355000+00:00,1.0,P
3545,3338,2020-11-21T20:20:19.935000+00:00,1.0,S
3546,3080,2020-11-21T20:20:17.355000+00:00,1.0,P
3546,3338,2020-11-21T20:20:19.935000+00:00,1.0,S
3547,3080,2020-11-21T20:20:17.355000+00:00,1.0,P
3547,3338,2020-11-21T20:20:19.935000+00:00,1.0,S
3548,3080,2020-11-21T20:20:17.355000+00:00,1.0,P
3548,3338,2020-11-21T20:20:19.935000+00:00,1.0,S
3549,3080,2020-11-21T20:20:17.355000+00:00,1.0,P
3549,3338,2020-11-21T20:20:19.935000+00:00,1.0,S
3550,3080,2020-11-21T20:20:17.355000+00:00,1.0,P
3550,3338,2020-11-21T20:20:19.935000+00:00,1.0,S
3551,3080,2020-11-21T20:20:17.355000+00:00,1.0,P
3551,3337,2020-11-21T20:20:19.924999+00:00,1.0,S
3552,3080,2020-11-21T20:20:17.355000+00:00,1.0,P
3552,3337,2020-11-21T20:20:19.924999+00:00,1.0,S
3553,3080,2020-11-21T20:20:17.355000+00:00,1.0,P
3553,3337,2020-11-21T20:20:19.924999+00:00,1.0,S
3554,3080,2020-11-21T20:20:17.355000+00:00,1.0,P
3554,3337,2020-11-21T20:20:19.924999+00:00,1.0,S
3555,3080,2020-11-21T20:20:17.355000+00:00,1.0,P
3555,3337,2020-11-21T20:20:19.924999+00:00,1.0,S
3556,3080,2020-11-21T20:20:17.355000+00:00,1.0,P
3556,3336,2020-11-21T20:20:19.915000+00:00,1.0,S
3557,3079,2020-11-21T20:20:17.345000+00:00,1.0,P
3557,3336,2020-11-21T20:20:19.915000+00:00,1.0,S
3558,3079,2020-11-21T20:20:17.345000+00:00,1.0,P
3558,3336,2020-11-21T20:20:19.915000+00:00,1.0,S
3559,3079,2020-11-21T20:20:17.345000+00:00,1.0,P
3559,3336,2020-11-21T20:20:19.915000+00:00,1.0,S
3560,3079,2020-11-21T20:20:17.345000+00:00,1.0,P
3560,3335,2020-11-21T20:20:19.905000+00:00,1.0,S
3561,3079,2020-11-21T20:20:17.345000+00:00,1.0,P
3561,3335,2020-11-21T20:20:19.905000+00:00,1.0,S
3562,3079,2020-11-21T20:20:17.345000+00:00,1.0,P
3562,3335,2020-11-21T20:20:19.905000+00:00,1.0,S
3563,3079,2020-11-21T20:20:17.345000+00:00,1.0,P
3563,3335,2020-11-21T20:20:19.905000+00:00,1.0,S
3564,3079,2020-11-21T20:20:17.345000+00:00,1.0,P
3564,3335,2020-11-21T20:20:19.905000+00:00,1.0,S
3565,3079,2020-11-21T20:20:17.345000+00:00,1.0,P
3565,3335,2020-11-21T20:20:19.905000+00:00,1.0,S
3566,3079,2020-11-21T20:20:17.345000+00:00,1.0,P
3566,3335,2020-11-21T20:20:19.905000+00:00,1.0,S
3567,3079,2020-11-21T20:20:17.345000+00:00,1.0,P
3567,3334,2020-11-21T20:20:19.895000+00:00,1.0,S
3568,3079,2020-11-21T20:20:17.345000+00:00,1.0,P
3568,3334,2020-11-21T20:20:19.895000+00:00,1.0,S
3569,3079,2020-11-21T20:20:17.345000+00:00,1.0,P
3569,3334,2020-11-21T20:20:19.895000+00:00,1.0,S
3570,3079,2020-11-21T20:20:17.345000+00:00,1.0,P
3570,3334,2020-11-21T20:20:19.895000+00:00,1.0,S
3571,3079,2020-11-21T20:20:17.345000+00:00,1.0,P
3571,3334,2020-11-21T20:20:19.895000+00:00,1.0,S
3572,3079,2020-11-21T20:20:17.345000+00:00,1.0,P
3572,3334,2020-11-21T20:20:19.895000+00:00,1.0,S
3573,3079,2020-11-21T20:20:17.345000+00:00,1.0,P
3573,3334,2020-11-21T20:20:19.895000+00:00,1.0,S
3574,3079,2020-11-21T20:20:17.345000+00:00,1.0,P
3574,3334,2020-11-21T20:20:19.895000+00:00,1.0,S
3575,3079,2020-11-21T20:20:17.345000+00:00,1.0,P
3575,3334,2020-11-21T20:20:19.895000+00:00,1.0,S
3576,3078,2020-11-21T20:20:17.335000+00:00,1.0,P
3576,3334,2020-11-21T20:20:19.895000+00:00,1.0,S
3577,3078,2020-11-21T20:20:17.335000+00:00,1.0,P
3577,3334,2020-11-21T20:20:19.895000+00:00,1.0,S
3578,3078,2020-11-21T20:20:17.335000+00:00,1.0,P
3578,3334,2020-11-21T20:20:19.895000+00:00,1.0,S
3579,3078,2020-11-21T20:20:17.335000+00:00,1.0,P
3579,3334,2020-11-21T20:20:19.895000+00:00,1.0,S
3580,3078,2020-11-21T20:20:17.335000+00:00,1.0,P
3580,3334,2020-11-21T20:20:19.895000+00:00,1.0,S
3581,3078,2020-11-21T20:20:17.335000+00:00,1.0,P
3581,3334,2020-11-21T20:20:19.895000+00:00,1.0,S
3582,3078,2020-11-21T20:20:17.335000+00:00,1.0,P
3582,3334,2020-11-21T20:20:19.895000+00:00,1.0,S
3583,3078,2020-11-21T20:20:17.335000+00:00,1.0,P
3583,3334,2020-11-21T20:20:19.895000+00:00,1.0,S
3584,3078,2020-11-21T20:20:17.335000+00:00,1.0,P
3584,3334,2020-11-21T20:20:19.895000+00:00,1.0,S
3585,3078,2020-11-21T20:20:17.335000+00:00,1.0,P
3585,3334,2020-11-21T20:20:19.895000+00:00,1.0,S
3586,3078,2020-11-21T20:20:17.335000+00:00,1.0,P
3586,3334,2020-11-21T20:20:19.895000+00:00,1.0,S
3587,3078,2020-11-21T20:20:17.335000+00:00,1.0,P
3587,3334,2020-11-21T20:20:19.895000+00:00,1.0,S
3588,3078,2020-11-21T20:20:17.335000+00:00,1.0,P
3588,3334,2020-11-21T20:20:19.895000+00:00,1.0,S
3589,3078,2020-11-21T20:20:17.335000+00:00,1.0,P
3589,3334,2020-11-21T20:20:19.895000+00:00,1.0,S
3590,3078,2020-11-21T20:20:17.335000+00:00,1.0,P
3590,3334,2020-11-21T20:20:19.895000+00:00,1.0,S
3591,3078,2020-11-21T20:20:17.335000+00:00,1.0,P
3591,3334,2020-11-21T20:20:19.895000+00:00,1.0,S
3592,3078,2020-11-21T20:20:17.335000+00:00,1.0,P
3592,3334,2020-11-21T20:20:19.895000+00:00,1.0,S
3593,3078,2020-11-21T20:20:17.335000+00:00,1.0,P
3593,3334,2020-11-21T20:20:19.895000+00:00,1.0,S
3594,3078,2020-11-21T20:20:17.335000+00:00,1.0,P
3594,3334,2020-11-21T20:20:19.895000+00:00,1.0,S
3595,3078,2020-11-21T20:20:17.335000+00:00,1.0,P
3595,3334,2020-11-21T20:20:19.895000+00:00,1.0,S
3596,3078,2020-11-21T20:20:17.335000+00:00,1.0,P
3596,3334,2020-11-21T20:20:19.895000+00:00,1.0,S
3597,3078,2020-11-21T20:20:17.335000+00:00,1.0,P
3597,3334,2020-11-21T20:20:19.895000+00:00,1.0,S
3598,3077,2020-11-21T20:20:17.325000+00:00,1.0,P
3598,3334,2020-11-21T20:20:19.895000+00:00,1.0,S
3599,3077,2020-11-21T20:20:17.325000+00:00,1.0,P
3599,3334,2020-11-21T20:20:19.895000+00:00,1.0,S
3600,3077,2020-11-21T20:20:17.325000+00:00,1.0,P
3600,3334,2020-11-21T20:20:19.895000+00:00,1.0,S
3601,3077,2020-11-21T20:20:17.325000+00:00,1.0,P
3601,3334,2020-11-21T20:20:19.895000+00:00,1.0,S
3602,3077,2020-11-21T20:20:17.325000+00:00,1.0,P
3602,3334,2020-11-21T20:20:19.895000+00:00,1.0,S
3603,3077,2020-11-21T20:20:17.325000+00:00,1.0,P
3603,3334,2020-11-21T20:20:19.895000+00:00,1.0,S
3604,3077,2020-11-21T20:20:17.325000+00:00,1.0,P
3604,3334,2020-11-21T20:20:19.895000+00:00,1.0,S
3605,3077,2020-11-21T20:20:17.325000+00:00,1.0,P
3605,3334,2020-11-21T20:20:19.895000+00:00,1.0,S
3606,3077,2020-11-21T20:20:17.325000+00:00,1.0,P
3606,3334,2020-11-21T20:20:19.895000+00:00,1.0,S
3607,3077,2020-11-21T20:20:17.325000+00:00,1.0,P
3607,3334,2020-11-21T20:20:19.895000+00:00,1.0,S
3608,3077,2020-11-21T20:20:17.325000+00:00,1.0,P
3608,3334,2020-11-21T20:20:19.895000+00:00,1.0,S
3609,3077,2020-11-21T20:20:17.325000+00:00,1.0,P
3609,3334,2020-11-21T20:20:19.895000+00:00,1.0,S
3610,3077,2020-11-21T20:20:17.325000+00:00,1.0,P
3610,3334,2020-11-21T20:20:19.895000+00:00,1.0,S
3611,3077,2020-11-21T20:20:17.325000+00:00,1.0,P
3611,3334,2020-11-21T20:20:19.895000+00:00,1.0,S
3612,3077,2020-11-21T20:20:17.325000+00:00,1.0,P
3612,3334,2020-11-21T20:20:19.895000+00:00,1.0,S
3613,3077,2020-11-21T20:20:17.325000+00:00,1.0,P
3613,3334,2020-11-21T20:20:19.895000+00:00,1.0,S
3614,3077,2020-11-21T20:20:17.325000+00:00,1.0,P
3614,3334,2020-11-21T20:20:19.895000+00:00,1.0,S
3615,3077,2020-11-21T20:20:17.325000+00:00,1.0,P
3615,3334,2020-11-21T20:20:19.895000+00:00,1.0,S
3616,3077,2020-11-21T20:20:17.325000+00:00,1.0,P
3616,3334,2020-11-21T20:20:19.895000+00:00,1.0,S
3617,3077,2020-11-21T20:20:17.325000+00:00,1.0,P
3617,3334,2020-11-21T20:20:19.895000+00:00,1.0,S
3618,3077,2020-11-21T20:20:17.325000+00:00,1.0,P
3618,3334,2020-11-21T20:20:19.895000+00:00,1.0,S
3619,3077,2020-11-21T20:20:17.325000+00:00,1.0,P
3619,3334,2020-11-21T20:20:19.895000+00:00,1.0,S
3620,3077,2020-11-21T20:20:17.325000+00:00,1.0,P
3620,3334,2020-11-21T20:20:19.895000+00:00,1.0,S
3621,3077,2020-11-21T20:20:17.325000+00:00,1.0,P
3621,3334,2020-11-21T20:20:19.895000+00:00,1.0,S
3622,3078,2020-11-21T20:20:17.335000+00:00,1.0,P
3622,3334,2020-11-21T20:20:19.895000+00:00,1.0,S
3623,3078,2020-11-21T20:20:17.335000+00:00,1.0,P
3623,3334,2020-11-21T20:20:19.895000+00:00,1.0,S
3624,3078,2020-11-21T20:20:17.335000+00:00,1.0,P
3624,3334,2020-11-21T20:20:19.895000+00:00,1.0,S
3625,3078,2020-11-21T20:20:17.335000+00:00,1.0,P
3625,3334,2020-11-21T20:20:19.895000+00:00,1.0,S
3626,3078,2020-11-21T20:20:17.335000+00:00,1.0,P
3626,3334,2020-11-21T20:20:19.895000+00:00,1.0,S
3627,3078,2020-11-21T20:20:17.335000+00:00,1.0,P
3627,3334,2020-11-21T20:20:19.895000+00:00,1.0,S
3628,3078,2020-11-21T20:20:17.335000+00:00,1.0,P
3628,3335,2020-11-21T20:20:19.905000+00:00,1.0,S
3629,3078,2020-11-21T20:20:17.335000+00:00,1.0,P
3629,3335,2020-11-21T20:20:19.905000+00:00,1.0,S
3630,3078,2020-11-21T20:20:17.335000+00:00,1.0,P
3630,3335,2020-11-21T20:20:19.905000+00:00,1.0,S
3631,3078,2020-11-21T20:20:17.335000+00:00,1.0,P
3631,3335,2020-11-21T20:20:19.905000+00:00,1.0,S
3632,3078,2020-11-21T20:20:17.335000+00:00,1.0,P
3632,3335,2020-11-21T20:20:19.905000+00:00,1.0,S
3633,3078,2020-11-21T20:20:17.335000+00:00,1.0,P
3633,3335,2020-11-21T20:20:19.905000+00:00,1.0,S
3634,3078,2020-11-21T20:20:17.335000+00:00,1.0,P
3634,3335,2020-11-21T20:20:19.905000+00:00,1.0,S
3635,3078,2020-11-21T20:20:17.335000+00:00,1.0,P
3635,3335,2020-11-21T20:20:19.905000+00:00,1.0,S
3636,3078,2020-11-21T20:20:17.335000+00:00,1.0,P
3636,3335,2020-11-21T20:20:19.905000+00:00,1.0,S
3637,3078,2020-11-21T20:20:17.335000+00:00,1.0,P
3637,3335,2020-11-21T20:20:19.905000+00:00,1.0,S
3638,3078,2020-11-21T20:20:17.335000+00:00,1.0,P
3638,3335,2020-11-21T20:20:19.905000+00:00,1.0,S
3639,3079,2020-11-21T20:20:17.345000+00:00,1.0,P
3639,3335,2020-11-21T20:20:19.905000+00:00,1.0,S
3640,3079,2020-11-21T20:20:17.345000+00:00,1.0,P
3640,3335,2020-11-21T20:20:19.905000+00:00,1.0,S
3641,3079,2020-11-21T20:20:17.345000+00:00,1.0,P
3641,3335,2020-11-21T20:20:19.905000+00:00,1.0,S
3642,3079,2020-11-21T20:20:17.345000+00:00,1.0,P
3642,3336,2020-11-21T20:20:19.915000+00:00,1.0,S
3643,3079,2020-11-21T20:20:17.345000+00:00,1.0,P
3643,3336,2020-11-21T20:20:19.915000+00:00,1.0,S
3644,3079,2020-11-21T20:20:17.345000+00:00,1.0,P
3644,3336,2020-11-21T20:20:19.915000+00:00,1.0,S
3645,3079,2020-11-21T20:20:17.345000+00:00,1.0,P
3645,3336,2020-11-21T20:20:19.915000+00:00,1.0,S
3646,3079,2020-11-21T20:20:17.345000+00:00,1.0,P
3646,3336,2020-11-21T20:20:19.915000+00:00,1.0,S
3647,3079,2020-11-21T20:20:17.345000+00:00,1.0,P
3647,3337,2020-11-21T20:20:19.924999+00:00,1.0,S
3648,3079,2020-11-21T20:20:17.345000+00:00,1.0,P
3648,3337,2020-11-21T20:20:19.924999+00:00,1.0,S
3649,3079,2020-11-21T20:20:17.345000+00:00,1.0,P
3649,3337,2020-11-21T20:20:19.924999+00:00,1.0,S
3650,3079,2020-11-21T20:20:17.345000+00:00,1.0,P
3650,3337,2020-11-21T20:20:19.924999+00:00,1.0,S
3651,3080,2020-11-21T20:20:17.355000+00:00,1.0,P
3651,3337,2020-11-21T20:20:19.924999+00:00,1.0,S
3652,3080,2020-11-21T20:20:17.355000+00:00,1.0,P
3652,3337,2020-11-21T20:20:19.924999+00:00,1.0,S
3653,3080,2020-11-21T20:20:17.355000+00:00,1.0,P
3653,3337,2020-11-21T20:20:19.924999+00:00,1.0,S
3654,3080,2020-11-21T20:20:17.355000+00:00,1.0,P
3654,3337,2020-11-21T20:20:19.924999+00:00,1.0,S
3655,3080,2020-11-21T20:20:17.355000+00:00,1.0,P
3655,3337,2020-11-21T20:20:19.924999+00:00,1.0,S
3656,3080,2020-11-21T20:20:17.355000+00:00,1.0,P
3656,3337,2020-11-21T20:20:19.924999+00:00,1.0,S
3657,3080,2020-11-21T20:20:17.355000+00:00,1.0,P
3657,3337,2020-11-21T20:20:19.924999+00:00,1.0,S
3658,3080,2020-11-21T20:20:17.355000+00:00,1.0,P
3658,3337,2020-11-21T20:20:19.924999+00:00,1.0,S
3659,3080,2020-11-21T20:20:17.355000+00:00,1.0,P
3659,3338,2020-11-21T20:20:19.935000+00:00,1.0,S
3660,3080,2020-11-21T20:20:17.355000+00:00,1.0,P
3660,3338,2020-11-21T20:20:19.935000+00:00,1.0,S
3661,3080,2020-11-21T20:20:17.355000+00:00,1.0,P
3661,3338,2020-11-21T20:20:19.935000+00:00,1.0,S
3662,3081,2020-11-21T20:20:17.365000+00:00,1.0,P
3662,3338,2020-11-21T20:20:19.935000+00:00,1.0,S
3663,3081,2020-11-21T20:20:17.365000+00:00,1.0,P
3663,3338,2020-11-21T20:20:19.935000+00:00,1.0,S
3664,3081,2020-11-21T20:20:17.365000+00:00,1.0,P
3664,3338,2020-11-21T20:20:19.935000+00:00,1.0,S
3665,3081,2020-11-21T20:20:17.365000+00:00,1.0,P
3665,3338,2020-11-21T20:20:19.935000+00:00,1.0,S
3666,3081,2020-11-21T20:20:17.365000+00:00,1.0,P
3666,3338,2020-11-21T20:20:19.935000+00:00,1.0,S
3667,3081,2020-11-21T20:20:17.365000+00:00,1.0,P
3667,3338,2020-11-21T20:20:19.935000+00:00,1.0,S
3668,3081,2020-11-21T20:20:17.365000+00:00,1.0,P
3668,3338,2020-11-21T20:20:19.935000+00:00,1.0,S
3669,3081,2020-11-21T20:20:17.365000+00:00,1.0,P
3669,3338,2020-11-21T20:20:19.935000+00:00,1.0,S
3670,3081,2020-11-21T20:20:17.365000+00:00,1.0,P
3670,3338,2020-11-21T20:20:19.935000+00:00,1.0,S
3671,3081,2020-11-21T20:20:17.365000+00:00,1.0,P
3671,3338,2020-11-21T20:20:19.935000+00:00,1.0,S
3672,3081,2020-11-21T20:20:17.365000+00:00,1.0,P
3672,3339,2020-11-21T20:20:19.945000+00:00,1.0,S
3673,3081,2020-11-21T20:20:17.365000+00:00,1.0,P
3673,3339,2020-11-21T20:20:19.945000+00:00,1.0,S
3674,3082,2020-11-21T20:20:17.375000+00:00,1.0,P
3674,3339,2020-11-21T20:20:19.945000+00:00,1.0,S
3675,3082,2020-11-21T20:20:17.375000+00:00,1.0,P
3675,3339,2020-11-21T20:20:19.945000+00:00,1.0,S
3676,3082,2020-11-21T20:20:17.375000+00:00,1.0,P
3676,3339,2020-11-21T20:20:19.945000+00:00,1.0,S
3677,3082,2020-11-21T20:20:17.375000+00:00,1.0,P
3677,3339,2020-11-21T20:20:19.945000+00:00,1.0,S
3678,3082,2020-11-21T20:20:17.375000+00:00,1.0,P
3678,3339,2020-11-21T20:20:19.945000+00:00,1.0,S
3679,3082,2020-11-21T20:20:17.375000+00:00,1.0,P
3679,3339,2020-11-21T20:20:19.945000+00:00,1.0,S
3680,3082,2020-11-21T20:20:17.375000+00:00,1.0,P
3680,3339,2020-11-21T20:20:19.945000+00:00,1.0,S
3681,3082,2020-11-21T20:20:17.375000+00:00,1.0,P
3681,3339,2020-11-21T20:20:19.945000+00:00,1.0,S
3682,3082,2020-11-21T20:20:17.375000+00:00,1.0,P
3682,3339,2020-11-21T20:20:19.945000+00:00,1.0,S
3683,3083,2020-11-21T20:20:17.385000+00:00,1.0,P
3683,3339,2020-11-21T20:20:19.945000+00:00,1.0,S
3684,3083,2020-11-21T20:20:17.385000+00:00,1.0,P
3684,3339,2020-11-21T20:20:19.945000+00:00,1.0,S
3685,3083,2020-11-21T20:20:17.385000+00:00,1.0,P
3685,3339,2020-11-21T20:20:19.945000+00:00,1.0,S
3686,3083,2020-11-21T20:20:17.385000+00:00,1.0,P
3686,3340,2020-11-21T20:20:19.955000+00:00,1.0,S
3687,3083,2020-11-21T20:20:17.385000+00:00,1.0,P
3687,3340,2020-11-21T20:20:19.955000+00:00,1.0,S
3688,3083,2020-11-21T20:20:17.385000+00:00,1.0,P
3688,3340,2020-11-21T20:20:19.955000+00:00,1.0,S
3689,3083,2020-11-21T20:20:17.385000+00:00,1.0,P
3689,3340,2020-11-21T20:20:19.955000+00:00,1.0,S
3690,3083,2020-11-21T20:20:17.385000+00:00,1.0,P
3690,3340,2020-11-21T20:20:19.955000+00:00,1.0,S
3691,3083,2020-11-21T20:20:17.385000+00:00,1.0,P
3691,3340,2020-11-21T20:20:19.955000+00:00,1.0,S
3692,3083,2020-11-21T20:20:17.385000+00:00,1.0,P
3692,3340,2020-11-21T20:20:19.955000+00:00,1.0,S
3693,3083,2020-11-21T20:20:17.385000+00:00,1.0,P
3693,3340,2020-11-21T20:20:19.955000+00:00,1.0,S
3694,3083,2020-11-21T20:20:17.385000+00:00,1.0,P
3694,3341,2020-11-21T20:20:19.965000+00:00,1.0,S
3695,3083,2020-11-21T20:20:17.385000+00:00,1.0,P
3695,3341,2020-11-21T20:20:19.965000+00:00,1.0,S
3696,3083,2020-11-21T20:20:17.385000+00:00,1.0,P
3696,3341,2020-11-21T20:20:19.965000+00:00,1.0,S
3697,3083,2020-11-21T20:20:17.385000+00:00,1.0,P
3697,3341,2020-11-21T20:20:19.965000+00:00,1.0,S
3698,3083,2020-11-21T20:20:17.385000+00:00,1.0,P
3698,3341,2020-11-21T20:20:19.965000+00:00,1.0,S
3699,3083,2020-11-21T20:20:17.385000+00:00,1.0,P
3699,3341,2020-11-21T20:20:19.965000+00:00,1.0,S
3700,3084,2020-11-21T20:20:17.395000+00:00,1.0,P
3700,3341,2020-11-21T20:20:19.965000+00:00,1.0,S
3701,3084,2020-11-21T20:20:17.395000+00:00,1.0,P
3701,3342,2020-11-21T20:20:19.975000+00:00,1.0,S
3702,3084,2020-11-21T20:20:17.395000+00:00,1.0,P
3702,3342,2020-11-21T20:20:19.975000+00:00,1.0,S
3703,3084,2020-11-21T20:20:17.395000+00:00,1.0,P
3703,3342,2020-11-21T20:20:19.975000+00:00,1.0,S
3704,3084,2020-11-21T20:20:17.395000+00:00,1.0,P
3704,3342,2020-11-21T20:20:19.975000+00:00,1.0,S
3705,3084,2020-11-21T20:20:17.395000+00:00,1.0,P
3705,3342,2020-11-21T20:20:19.975000+00:00,1.0,S
3706,3084,2020-11-21T20:20:17.395000+00:00,1.0,P
3706,3342,2020-11-21T20:20:19.975000+00:00,1.0,S
3707,3084,2020-11-21T20:20:17.395000+00:00,1.0,P
3707,3342,2020-11-21T20:20:19.975000+00:00,1.0,S
3708,3084,2020-11-21T20:20:17.395000+00:00,1.0,P
3708,3342,2020-11-21T20:20:19.975000+00:00,1.0,S
3709,3085,2020-11-21T20:20:17.405000+00:00,1.0,P
3709,3342,2020-11-21T20:20:19.975000+00:00,1.0,S
3710,3085,2020-11-21T20:20:17.405000+00:00,1.0,P
3710,3342,2020-11-21T20:20:19.975000+00:00,1.0,S
3711,3085,2020-11-21T20:20:17.405000+00:00,1.0,P
3711,3343,2020-11-21T20:20:19.985000+00:00,1.0,S
3712,3085,2020-11-21T20:20:17.405000+00:00,1.0,P
3712,3343,2020-11-21T20:20:19.985000+00:00,1.0,S
3713,3085,2020-11-21T20:20:17.405000+00:00,1.0,P
3713,3343,2020-11-21T20:20:19.985000+00:00,1.0,S
3714,3085,2020-11-21T20:20:17.405000+00:00,1.0,P
3714,3343,2020-11-21T20:20:19.985000+00:00,1.0,S
3715,3085,2020-11-21T20:20:17.405000+00:00,1.0,P
3715,3343,2020-11-21T20:20:19.985000+00:00,1.0,S
3716,3086,2020-11-21T20:20:17.415000+00:00,1.0,P
3716,3343,2020-11-21T20:20:19.985000+00:00,1.0,S
3717,3086,2020-11-21T20:20:17.415000+00:00,1.0,P
3717,3343,2020-11-21T20:20:19.985000+00:00,1.0,S
3718,3086,2020-11-21T20:20:17.415000+00:00,1.0,P
3718,3344,2020-11-21T20:20:19.994999+00:00,1.0,S
3719,3086,2020-11-21T20:20:17.415000+00:00,1.0,P
3719,3344,2020-11-21T20:20:19.994999+00:00,1.0,S
3720,3086,2020-11-21T20:20:17.415000+00:00,1.0,P
3720,3344,2020-11-21T20:20:19.994999+00:00,1.0,S
3721,3086,2020-11-21T20:20:17.415000+00:00,1.0,P
3721,3344,2020-11-21T20:20:19.994999+00:00,1.0,S
3722,3086,2020-11-21T20:20:17.415000+00:00,1.0,P
3722,3344,2020-11-21T20:20:19.994999+00:00,1.0,S
3723,3087,2020-11-21T20:20:17.425000+00:00,1.0,P
3723,3344,2020-11-21T20:20:19.994999+00:00,1.0,S
3724,3087,2020-11-21T20:20:17.425000+00:00,1.0,P
3724,3345,2020-11-21T20:20:20.005000+00:00,1.0,S
3725,3087,2020-11-21T20:20:17.425000+00:00,1.0,P
3725,3345,2020-11-21T20:20:20.005000+00:00,1.0,S
3726,3087,2020-11-21T20:20:17.425000+00:00,1.0,P
3726,3345,2020-11-21T20:20:20.005000+00:00,1.0,S
3727,3087,2020-11-21T20:20:17.425000+00:00,1.0,P
3727,3345,2020-11-21T20:20:20.005000+00:00,1.0,S
3728,3087,2020-11-21T20:20:17.425000+00:00,1.0,P
3728,3345,2020-11-21T20:20:20.005000+00:00,1.0,S
3729,3087,2020-11-21T20:20:17.425000+00:00,1.0,P
3729,3345,2020-11-21T20:20:20.005000+00:00,1.0,S
3730,3088,2020-11-21T20:20:17.435000+00:00,1.0,P
3730,3345,2020-11-21T20:20:20.005000+00:00,1.0,S
3731,3088,2020-11-21T20:20:17.435000+00:00,1.0,P
3731,3346,2020-11-21T20:20:20.015000+00:00,1.0,S
3732,3088,2020-11-21T20:20:17.435000+00:00,1.0,P
3732,3346,2020-11-21T20:20:20.015000+00:00,1.0,S
3733,3088,2020-11-21T20:20:17.435000+00:00,1.0,P
3733,3346,2020-11-21T20:20:20.015000+00:00,1.0,S
3734,3088,2020-11-21T20:20:17.435000+00:00,1.0,P
3734,3346,2020-11-21T20:20:20.015000+00:00,1.0,S
3735,3088,2020-11-21T20:20:17.435000+00:00,1.0,P
3735,3347,2020-11-21T20:20:20.025000+00:00,1.0,S
3736,3088,2020-11-21T20:20:17.435000+00:00,1.0,P
3736,3347,2020-11-21T20:20:20.025000+00:00,1.0,S
3737,3089,2020-11-21T20:20:17.445000+00:00,1.0,P
3737,3347,2020-11-21T20:20:20.025000+00:00,1.0,S
3738,3089,2020-11-21T20:20:17.445000+00:00,1.0,P
3738,3347,2020-11-21T20:20:20.025000+00:00,1.0,S
3739,3089,2020-11-21T20:20:17.445000+00:00,1.0,P
3739,3348,2020-11-21T20:20:20.035000+00:00,1.0,S
3740,3089,2020-11-21T20:20:17.445000+00:00,1.0,P
3740,3348,2020-11-21T20:20:20.035000+00:00,1.0,S
3741,3089,2020-11-21T20:20:17.445000+00:00,1.0,P
3741,3348,2020-11-21T20:20:20.035000+00:00,1.0,S
3742,3089,2020-11-21T20:20:17.445000+00:00,1.0,P
3742,3349,2020-11-21T20:20:20.045000+00:00,1.0,S
3743,3090,2020-11-21T20:20:17.455000+00:00,1.0,P
3743,3349,2020-11-21T20:20:20.045000+00:00,1.0,S
3744,3090,2020-11-21T20:20:17.455000+00:00,1.0,P
3744,3349,2020-11-21T20:20:20.045000+00:00,1.0,S
3745,3090,2020-11-21T20:20:17.455000+00:00,1.0,P
3745,3350,2020-11-21T20:20:20.055000+00:00,1.0,S
3746,3090,2020-11-21T20:20:17.455000+00:00,1.0,P
3746,3350,2020-11-21T20:20:20.055000+00:00,1.0,S
3747,3090,2020-11-21T20:20:17.455000+00:00,1.0,P
3747,3350,2020-11-21T20:20:20.055000+00:00,1.0,S
3748,3091,2020-11-21T20:20:17.465000+00:00,1.0,P
3748,3351,2020-11-21T20:20:20.064999+00:00,1.0,S
3749,3091,2020-11-21T20:20:17.465000+00:00,1.0,P
3749,3351,2020-11-21T20:20:20.064999+00:00,1.0,S
3750,3091,2020-11-21T20:20:17.465000+00:00,1.0,P
3750,3352,2020-11-21T20:20:20.075000+00:00,1.0,S
3751,3091,2020-11-21T20:20:17.465000+00:00,1.0,P
3751,3352,2020-11-21T20:20:20.075000+00:00,1.0,S
3752,3091,2020-11-21T20:20:17.465000+00:00,1.0,P
3752,3352,2020-11-21T20:20:20.075000+00:00,1.0,S
3753,3091,2020-11-21T20:20:17.465000+00:00,1.0,P
3753,3353,2020-11-21T20:20:20.085000+00:00,1.0,S
3754,3092,2020-11-21T20:20:17.475000+00:00,1.0,P
3754,3353,2020-11-21T20:20:20.085000+00:00,1.0,S
3755,3092,2020-11-21T20:20:17.475000+00:00,1.0,P
3755,3353,2020-11-21T20:20:20.085000+00:00,1.0,S
3756,3092,2020-11-21T20:20:17.475000+00:00,1.0,P
3756,3354,2020-11-21T20:20:20.095000+00:00,1.0,S
3757,3092,2020-11-21T20:20:17.475000+00:00,1.0,P
3757,3354,2020-11-21T20:20:20.095000+00:00,1.0,S
3758,3092,2020-11-21T20:20:17.475000+00:00,1.0,P
3758,3354,2020-11-21T20:20:20.095000+00:00,1.0,S
3759,3092,2020-11-21T20:20:17.475000+00:00,1.0,P
3759,3355,2020-11-21T20:20:20.104999+00:00,1.0,S
3760,3093,2020-11-21T20:20:17.485000+00:00,1.0,P
3760,3355,2020-11-21T20:20:20.104999+00:00,1.0,S
3761,3093,2020-11-21T20:20:17.485000+00:00,1.0,P
3761,3355,2020-11-21T20:20:20.104999+00:00,1.0,S
3762,3093,2020-11-21T20:20:17.485000+00:00,1.0,P
3762,3355,2020-11-21T20:20:20.104999+00:00,1.0,S
3763,3093,2020-11-21T20:20:17.485000+00:00,1.0,P
3763,3355,2020-11-21T20:20:20.104999+00:00,1.0,S
3764,3093,2020-11-21T20:20:17.485000+00:00,1.0,P
3764,3356,2020-11-21T20:20:20.115000+00:00,1.0,S
3765,3094,2020-11-21T20:20:17.495000+00:00,1.0,P
3765,3356,2020-11-21T20:20:20.115000+00:00,1.0,S
3766,3094,2020-11-21T20:20:17.495000+00:00,1.0,P
3766,3356,2020-11-21T20:20:20.115000+00:00,1.0,S
3767,3094,2020-11-21T20:20:17.495000+00:00,1.0,P
3767,3357,2020-11-21T20:20:20.125000+00:00,1.0,S
3768,3094,2020-11-21T20:20:17.495000+00:00,1.0,P
3768,3357,2020-11-21T20:20:20.125000+00:00,1.0,S
3769,3094,2020-11-21T20:20:17.495000+00:00,1.0,P
3769,3357,2020-11-21T20:20:20.125000+00:00,1.0,S
3770,3094,2020-11-21T20:20:17.495000+00:00,1.0,P
3770,3358,2020-11-21T20:20:20.135000+00:00,1.0,S
3771,3095,2020-11-21T20:20:17.505000+00:00,1.0,P
3771,3358,2020-11-21T20:20:20.135000+00:00,1.0,S
3772,3095,2020-11-21T20:20:17.505000+00:00,1.0,P
3772,3359,2020-11-21T20:20:20.145000+00:00,1.0,S
3773,3095,2020-11-21T20:20:17.505000+00:00,1.0,P
3773,3359,2020-11-21T20:20:20.145000+00:00,1.0,S
3774,3095,2020-11-21T20:20:17.505000+00:00,1.0,P
3774,3359,2020-11-21T20:20:20.145000+00:00,1.0,S
3775,3095,2020-11-21T20:20:17.505000+00:00,1.0,P
3775,3360,2020-11-21T20:20:20.155000+00:00,1.0,S
3776,3095,2020-11-21T20:20:17.505000+00:00,1.0,P
3776,3360,2020-11-21T20:20:20.155000+00:00,1.0,S
3777,3096,2020-11-21T20:20:17.515000+00:00,1.0,P
3777,3360,2020-11-21T20:20:20.155000+00:00,1.0,S
3778,3096,2020-11-21T20:20:17.515000+00:00,1.0,P
3778,3361,2020-11-21T20:20:20.165000+00:00,1.0,S
3779,3096,2020-11-21T20:20:17.515000+00:00,1.0,P
3779,3361,2020-11-21T20:20:20.165000+00:00,1.0,S
3780,3096,2020-11-21T20:20:17.515000+00:00,1.0,P
3780,3362,2020-11-21T20:20:20.174999+00:00,1.0,S
3781,3096,2020-11-21T20:20:17.515000+00:00,1.0,P
3781,3362,2020-11-21T20:20:20.174999+00:00,1.0,S
3782,3097,2020-11-21T20:20:17.525000+00:00,1.0,P
3782,3362,2020-11-21T20:20:20.174999+00:00,1.0,S
3783,3097,2020-11-21T20:20:17.525000+00:00,1.0,P
3783,3362,2020-11-21T20:20:20.174999+00:00,1.0,S
3784,3097,2020-11-21T20:20:17.525000+00:00,1.0,P
3784,3363,2020-11-21T20:20:20.185000+00:00,1.0,S
3785,3097,2020-11-21T20:20:17.525000+00:00,1.0,P
3785,3363,2020-11-21T20:20:20.185000+00:00,1.0,S
3786,3097,2020-11-21T20:20:17.525000+00:00,1.0,P
3786,3363,2020-11-21T20:20:20.185000+00:00,1.0,S
3787,3097,2020-11-21T20:20:17.525000+00:00,1.0,P
3787,3364,2020-11-21T20:20:20.195000+00:00,1.0,S
3788,3098,2020-11-21T20:20:17.535000+00:00,1.0,P
3788,3364,2020-11-21T20:20:20.195000+00:00,1.0,S
3789,3098,2020-11-21T20:20:17.535000+00:00,1.0,P
3789,3365,2020-11-21T20:20:20.205000+00:00,1.0,S
3790,3098,2020-11-21T20:20:17.535000+00:00,1.0,P
3790,3365,2020-11-21T20:20:20.205000+00:00,1.0,S
3791,3098,2020-11-21T20:20:17.535000+00:00,1.0,P
3791,3365,2020-11-21T20:20:20.205000+00:00,1.0,S
3792,3098,2020-11-21T20:20:17.535000+00:00,1.0,P
3792,3366,2020-11-21T20:20:20.215000+00:00,1.0,S
3793,3099,2020-11-21T20:20:17.545000+00:00,1.0,P
3793,3366,2020-11-21T20:20:20.215000+00:00,1.0,S
3794,3099,2020-11-21T20:20:17.545000+00:00,1.0,P
3794,3366,2020-11-21T20:20:20.215000+00:00,1.0,S
3795,3099,2020-11-21T20:20:17.545000+00:00,1.0,P
3795,3367,2020-11-21T20:20:20.225000+00:00,1.0,S
3796,3099,2020-11-21T20:20:17.545000+00:00,1.0,P
3796,3367,2020-11-21T20:20:20.225000+00:00,1.0,S
3797,3099,2020-11-21T20:20:17.545000+00:00,1.0,P
3797,3367,2020-11-21T20:20:20.225000+00:00,1.0,S
3798,3100,2020-11-21T20:20:17.555000+00:00,1.0,P
3798,3367,2020-11-21T20:20:20.225000+00:00,1.0,S
3799,3100,2020-11-21T20:20:17.555000+00:00,1.0,P
3799,3368,2020-11-21T20:20:20.235000+00:00,1.0,S
3800,3100,2020-11-21T20:20:17.555000+00:00,1.0,P
3800,3368,2020-11-21T20:20:20.235000+00:00,1.0,S
3801,3100,2020-11-21T20:20:17.555000+00:00,1.0,P
3801,3368,2020-11-21T20:20:20.235000+00:00,1.0,S
3802,3100,2020-11-21T20:20:17.555000+00:00,1.0,P
3802,3369,2020-11-21T20:20:20.244999+00:00,1.0,S
3803,3101,2020-11-21T20:20:17.565000+00:00,1.0,P
3803,3369,2020-11-21T20:20:20.244999+00:00,1.0,S
3804,3101,2020-11-21T20:20:17.565000+00:00,1.0,P
3804,3369,2020-11-21T20:20:20.244999+00:00,1.0,S
3805,3101,2020-11-21T20:20:17.565000+00:00,1.0,P
3805,3370,2020-11-21T20:20:20.255000+00:00,1.0,S
3806,3101,2020-11-21T20:20:17.565000+00:00,1.0,P
3806,3370,2020-11-21T20:20:20.255000+00:00,1.0,S
3807,3101,2020-11-21T20:20:17.565000+00:00,1.0,P
3807,3371,2020-11-21T20:20:20.265000+00:00,1.0,S
3808,3102,2020-11-21T20:20:17.575000+00:00,1.0,P
3808,3371,2020-11-21T20:20:20.265000+00:00,1.0,S
3809,3102,2020-11-21T20:20:17.575000+00:00,1.0,P
3809,3371,2020-11-21T20:20:20.265000+00:00,1.0,S
3810,3102,2020-11-21T20:20:17.575000+00:00,1.0,P
3810,3372,2020-11-21T20:20:20.275000+00:00,1.0,S
3811,3102,2020-11-21T20:20:17.575000+00:00,1.0,P
3811,3372,2020-11-21T20:20:20.275000+00:00,1.0,S
3812,3102,2020-11-21T20:20:17.575000+00:00,1.0,P
3812,3373,2020-11-21T20:20:20.285000+00:00,1.0,S
3813,3103,2020-11-21T20:20:17.585000+00:00,1.0,P
3813,3373,2020-11-21T20:20:20.285000+00:00,1.0,S
3814,3103,2020-11-21T20:20:17.585000+00:00,1.0,P
3814,3373,2020-11-21T20:20:20.285000+00:00,1.0,S
3815,3103,2020-11-21T20:20:17.585000+00:00,1.0,P
3815,3374,2020-11-21T20:20:20.295000+00:00,1.0,S
3816,3103,2020-11-21T20:20:17.585000+00:00,1.0,P
3816,3374,2020-11-21T20:20:20.295000+00:00,1.0,S
3817,3103,2020-11-21T20:20:17.585000+00:00,1.0,P
3817,3375,2020-11-21T20:20:20.305000+00:00,1.0,S
3818,3103,2020-11-21T20:20:17.585000+00:00,1.0,P
3818,3375,2020-11-21T20:20:20.305000+00:00,1.0,S
3819,3104,2020-11-21T20:20:17.595000+00:00,1.0,P
3819,3376,2020-11-21T20:20:20.314999+00:00,1.0,S
3820,3104,2020-11-21T20:20:17.595000+00:00,1.0,P
3820,3376,2020-11-21T20:20:20.314999+00:00,1.0,S
3821,3104,2020-11-21T20:20:17.595000+00:00,1.0,P
3821,3376,2020-11-21T20:20:20.314999+00:00,1.0,S
3822,3104,2020-11-21T20:20:17.595000+00:00,1.0,P
3822,3377,2020-11-21T20:20:20.325000+00:00,1.0,S
3823,3104,2020-11-21T20:20:17.595000+00:00,1.0,P
3823,3377,2020-11-21T20:20:20.325000+00:00,1.0,S
3824,3104,2020-11-21T20:20:17.595000+00:00,1.0,P
3824,3378,2020-11-21T20:20:20.335000+00:00,1.0,S
3825,3105,2020-11-21T20:20:17.605000+00:00,1.0,P
3825,3378,2020-11-21T20:20:20.335000+00:00,1.0,S
3826,3105,2020-11-21T20:20:17.605000+00:00,1.0,P
3826,3378,2020-11-21T20:20:20.335000+00:00,1.0,S
3827,3105,2020-11-21T20:20:17.605000+00:00,1.0,P
3827,3379,2020-11-21T20:20:20.345000+00:00,1.0,S
3828,3105,2020-11-21T20:20:17.605000+00:00,1.0,P
3828,3379,2020-11-21T20:20:20.345000+00:00,1.0,S
3829,3105,2020-11-21T20:20:17.605000+00:00,1.0,P
3829,3380,2020-11-21T20:20:20.354999+00:00,1.0,S
3830,3105,2020-11-21T20:20:17.605000+00:00,1.0,P
3830,3380,2020-11-21T20:20:20.354999+00:00,1.0,S
3831,3105,2020-11-21T20:20:17.605000+00:00,1.0,P
3831,3380,2020-11-21T20:20:20.354999+00:00,1.0,S
3832,3105,2020-11-21T20:20:17.605000+00:00,1.0,P
3832,3381,2020-11-21T20:20:20.365000+00:00,1.0,S
3833,3106,2020-11-21T20:20:17.615000+00:00,1.0,P
3833,3381,2020-11-21T20:20:20.365000+00:00,1.0,S
3834,3106,2020-11-21T20:20:17.615000+00:00,1.0,P
3834,3381,2020-11-21T20:20:20.365000+00:00,1.0,S
3835,3106,2020-11-21T20:20:17.615000+00:00,1.0,P
3835,3382,2020-11-21T20:20:20.375000+00:00,1.0,S
3836,3106,2020-11-21T20:20:17.615000+00:00,1.0,P
3836,3382,2020-11-21T20:20:20.375000+00:00,1.0,S
3837,3106,2020-11-21T20:20:17.615000+00:00,1.0,P
3837,3383,2020-11-21T20:20:20.385000+00:00,1.0,S
3838,3106,2020-11-21T20:20:17.615000+00:00,1.0,P
3838,3383,2020-11-21T20:20:20.385000+00:00,1.0,S
3839,3106,2020-11-21T20:20:17.615000+00:00,1.0,P
3839,3383,2020-11-21T20:20:20.385000+00:00,1.0,S
3840,3106,2020-11-21T20:20:17.615000+00:00,1.0,P
3840,3384,2020-11-21T20:20:20.395000+00:00,1.0,S
3841,3107,2020-11-21T20:20:17.625000+00:00,1.0,P
3841,3384,2020-11-21T20:20:20.395000+00:00,1.0,S
3842,3107,2020-11-21T20:20:17.625000+00:00,1.0,P
3842,3384,2020-11-21T20:20:20.395000+00:00,1.0,S
3843,3107,2020-11-21T20:20:17.625000+00:00,1.0,P
3843,3384,2020-11-21T20:20:20.395000+00:00,1.0,S
3844,3107,2020-11-21T20:20:17.625000+00:00,1.0,P
3844,3385,2020-11-21T20:20:20.405000+00:00,1.0,S
3845,3107,2020-11-21T20:20:17.625000+00:00,1.0,P
3845,3385,2020-11-21T20:20:20.405000+00:00,1.0,S
3846,3107,2020-11-21T20:20:17.625000+00:00,1.0,P
3846,3385,2020-11-21T20:20:20.405000+00:00,1.0,S
3847,3107,2020-11-21T20:20:17.625000+00:00,1.0,P
3847,3386,2020-11-21T20:20:20.415000+00:00,1.0,S
3848,3108,2020-11-21T20:20:17.635000+00:00,1.0,P
3848,3386,2020-11-21T20:20:20.415000+00:00,1.0,S
3849,3108,2020-11-21T20:20:17.635000+00:00,1.0,P
3849,3386,2020-11-21T20:20:20.415000+00:00,1.0,S
3850,3108,2020-11-21T20:20:17.635000+00:00,1.0,P
3850,3386,2020-11-21T20:20:20.415000+00:00,1.0,S
3851,3108,2020-11-21T20:20:17.635000+00:00,1.0,P
3851,3387,2020-11-21T20:20:20.424999+00:00,1.0,S
3852,3108,2020-11-21T20:20:17.635000+00:00,1.0,P
3852,3387,2020-11-21T20:20:20.424999+00:00,1.0,S
3853,3108,2020-11-21T20:20:17.635000+00:00,1.0,P
3853,3387,2020-11-21T20:20:20.424999+00:00,1.0,S
3854,3108,2020-11-21T20:20:17.635000+00:00,1.0,P
3854,3388,2020-11-21T20:20:20.435000+00:00,1.0,S
3855,3109,2020-11-21T20:20:17.645000+00:00,1.0,P
3855,3388,2020-11-21T20:20:20.435000+00:00,1.0,S
3856,3109,2020-11-21T20:20:17.645000+00:00,1.0,P
3856,3388,2020-11-21T20:20:20.435000+00:00,1.0,S
3857,3109,2020-11-21T20:20:17.645000+00:00,1.0,P
3857,3389,2020-11-21T20:20:20.445000+00:00,1.0,S
3858,3109,2020-11-21T20:20:17.645000+00:00,1.0,P
3858,3389,2020-11-21T20:20:20.445000+00:00,1.0,S
3859,3109,2020-11-21T20:20:17.645000+00:00,1.0,P
3859,3389,2020-11-21T20:20:20.445000+00:00,1.0,S
3860,3109,2020-11-21T20:20:17.645000+00:00,1.0,P
3860,3389,2020-11-21T20:20:20.445000+00:00,1.0,S
3861,3109,2020-11-21T20:20:17.645000+00:00,1.0,P
3861,3390,2020-11-21T20:20:20.455000+00:00,1.0,S
3862,3110,2020-11-21T20:20:17.655000+00:00,1.0,P
3862,3390,2020-11-21T20:20:20.455000+00:00,1.0,S
3863,3110,2020-11-21T20:20:17.655000+00:00,1.0,P
3863,3391,2020-11-21T20:20:20.465000+00:00,1.0,S
3864,3110,2020-11-21T20:20:17.655000+00:00,1.0,P
3864,3391,2020-11-21T20:20:20.465000+00:00,1.0,S
3865,3110,2020-11-21T20:20:17.655000+00:00,1.0,P
3865,3391,2020-11-21T20:20:20.465000+00:00,1.0,S
3866,3110,2020-11-21T20:20:17.655000+00:00,1.0,P
3866,3391,2020-11-21T20:20:20.465000+00:00,1.0,S
3867,3110,2020-11-21T20:20:17.655000+00:00,1.0,P
3867,3392,2020-11-21T20:20:20.475000+00:00,1.0,S
3868,3111,2020-11-21T20:20:17.665000+00:00,1.0,P
3868,3392,2020-11-21T20:20:20.475000+00:00,1.0,S
3869,3111,2020-11-21T20:20:17.665000+00:00,1.0,P
3869,3392,2020-11-21T20:20:20.475000+00:00,1.0,S
3870,3111,2020-11-21T20:20:17.665000+00:00,1.0,P
3870,3393,2020-11-21T20:20:20.485000+00:00,1.0,S
3871,3111,2020-11-21T20:20:17.665000+00:00,1.0,P
3871,3393,2020-11-21T20:20:20.485000+00:00,1.0,S
3872,3111,2020-11-21T20:20:17.665000+00:00,1.0,P
3872,3393,2020-11-21T20:20:20.485000+00:00,1.0,S
3873,3111,2020-11-21T20:20:17.665000+00:00,1.0,P
3873,3394,2020-11-21T20:20:20.494999+00:00,1.0,S
3874,3111,2020-11-21T20:20:17.665000+00:00,1.0,P
3874,3394,2020-11-21T20:20:20.494999+00:00,1.0,S
3875,3112,2020-11-21T20:20:17.675000+00:00,1.0,P
3875,3394,2020-11-21T20:20:20.494999+00:00,1.0,S
3876,3112,2020-11-21T20:20:17.675000+00:00,1.0,P
3876,3395,2020-11-21T20:20:20.505000+00:00,1.0,S
3877,3112,2020-11-21T20:20:17.675000+00:00,1.0,P
3877,3395,2020-11-21T20:20:20.505000+00:00,1.0,S
3878,3112,2020-11-21T20:20:17.675000+00:00,1.0,P
3878,3395,2020-11-21T20:20:20.505000+00:00,1.0,S
3879,3112,2020-11-21T20:20:17.675000+00:00,1.0,P
3879,3396,2020-11-21T20:20:20.515000+00:00,1.0,S
3880,3112,2020-11-21T20:20:17.675000+00:00,1.0,P
3880,3396,2020-11-21T20:20:20.515000+00:00,1.0,S
3881,3112,2020-11-21T20:20:17.675000+00:00,1.0,P
3881,3396,2020-11-21T20:20:20.515000+00:00,1.0,S
3882,3112,2020-11-21T20:20:17.675000+00:00,1.0,P
3882,3397,2020-11-21T20:20:20.525000+00:00,1.0,S
3883,3113,2020-11-21T20:20:17.685000+00:00,1.0,P
3883,3397,2020-11-21T20:20:20.525000+00:00,1.0,S
3884,3113,2020-11-21T20:20:17.685000+00:00,1.0,P
3884,3397,2020-11-21T20:20:20.525000+00:00,1.0,S
3885,3113,2020-11-21T20:20:17.685000+00:00,1.0,P
3885,3398,2020-11-21T20:20:20.535000+00:00,1.0,S
3886,3113,2020-11-21T20:20:17.685000+00:00,1.0,P
3886,3398,2020-11-21T20:20:20.535000+00:00,1.0,S
3887,3113,2020-11-21T20:20:17.685000+00:00,1.0,P
3887,3398,2020-11-21T20:20:20.535000+00:00,1.0,S
3888,3113,2020-11-21T20:20:17.685000+00:00,1.0,P
3888,3399,2020-11-21T20:20:20.545000+00:00,1.0,S
3889,3113,2020-11-21T20:20:17.685000+00:00,1.0,P
3889,3399,2020-11-21T20:20:20.545000+00:00,1.0,S
3890,3113,2020-11-21T20:20:17.685000+00:00,1.0,P
3890,3400,2020-11-21T20:20:20.555000+00:00,1.0,S
3891,3113,2020-11-21T20:20:17.685000+00:00,1.0,P
3891,3400,2020-11-21T20:20:20.555000+00:00,1.0,S
3892,3113,2020-11-21T20:20:17.685000+00:00,1.0,P
3892,3400,2020-11-21T20:20:20.555000+00:00,1.0,S
3893,3113,2020-11-21T20:20:17.685000+00:00,1.0,P
3893,3401,2020-11-21T20:20:20.564999+00:00,1.0,S
3894,3113,2020-11-21T20:20:17.685000+00:00,1.0,P
3894,3401,2020-11-21T20:20:20.564999+00:00,1.0,S
3895,3114,2020-11-21T20:20:17.695000+00:00,1.0,P
3895,3401,2020-11-21T20:20:20.564999+00:00,1.0,S
3896,3114,2020-11-21T20:20:17.695000+00:00,1.0,P
3896,3402,2020-11-21T20:20:20.575000+00:00,1.0,S
3897,3114,2020-11-21T20:20:17.695000+00:00,1.0,P
3897,3402,2020-11-21T20:20:20.575000+00:00,1.0,S
3898,3114,2020-11-21T20:20:17.695000+00:00,1.0,P
3898,3402,2020-11-21T20:20:20.575000+00:00,1.0,S
3899,3114,2020-11-21T20:20:17.695000+00:00,1.0,P
3899,3403,2020-11-21T20:20:20.585000+00:00,1.0,S
3900,3114,2020-11-21T20:20:17.695000+00:00,1.0,P
3900,3403,2020-11-21T20:20:20.585000+00:00,1.0,S
3901,3114,2020-11-21T20:20:17.695000+00:00,1.0,P
3901,3403,2020-11-21T20:20:20.585000+00:00,1.0,S
3902,3114,2020-11-21T20:20:17.695000+00:00,1.0,P
3902,3404,2020-11-21T20:20:20.595000+00:00,1.0,S
3903,3114,2020-11-21T20:20:17.695000+00:00,1.0,P
3903,3404,2020-11-21T20:20:20.595000+00:00,1.0,S
3904,3115,2020-11-21T20:20:17.705000+00:00,1.0,P
3904,3404,2020-11-21T20:20:20.595000+00:00,1.0,S
3905,3115,2020-11-21T20:20:17.705000+00:00,1.0,P
3905,3405,2020-11-21T20:20:20.604999+00:00,1.0,S
3906,3115,2020-11-21T20:20:17.705000+00:00,1.0,P
3906,3405,2020-11-21T20:20:20.604999+00:00,1.0,S
3907,3115,2020-11-21T20:20:17.705000+00:00,1.0,P
3907,3405,2020-11-21T20:20:20.604999+00:00,1.0,S
3908,3115,2020-11-21T20:20:17.705000+00:00,1.0,P
3908,3406,2020-11-21T20:20:20.615000+00:00,1.0,S
3909,3115,2020-11-21T20:20:17.705000+00:00,1.0,P
3909,3406,2020-11-21T20:20:20.615000+00:00,1.0,S
3910,3115,2020-11-21T20:20:17.705000+00:00,1.0,P
3910,3406,2020-11-21T20:20:20.615000+00:00,1.0,S
3911,3115,2020-11-21T20:20:17.705000+00:00,1.0,P
3911,3407,2020-11-21T20:20:20.625000+00:00,1.0,S
3912,3115,2020-11-21T20:20:17.705000+00:00,1.0,P
3912,3407,2020-11-21T20:20:20.625000+00:00,1.0,S
3913,3116,2020-11-21T20:20:17.715000+00:00,1.0,P
3913,3407,2020-11-21T20:20:20.625000+00:00,1.0,S
3914,3116,2020-11-21T20:20:17.715000+00:00,1.0,P
3914,3408,2020-11-21T20:20:20.635000+00:00,1.0,S
3915,3116,2020-11-21T20:20:17.715000+00:00,1.0,P
3915,3408,2020-11-21T20:20:20.635000+00:00,1.0,S
3916,3116,2020-11-21T20:20:17.715000+00:00,1.0,P
3916,3408,2020-11-21T20:20:20.635000+00:00,1.0,S
3917,3116,2020-11-21T20:20:17.715000+00:00,1.0,P
3917,3409,2020-11-21T20:20:20.645000+00:00,1.0,S
3918,3116,2020-11-21T20:20:17.715000+00:00,1.0,P
3918,3409,2020-11-21T20:20:20.645000+00:00,1.0,S
3919,3116,2020-11-21T20:20:17.715000+00:00,1.0,P
3919,3409,2020-11-21T20:20:20.645000+00:00,1.0,S
3920,3116,2020-11-21T20:20:17.715000+00:00,1.0,P
3920,3409,2020-11-21T20:20:20.645000+00:00,1.0,S
3921,3116,2020-11-21T20:20:17.715000+00:00,1.0,P
3921,3410,2020-11-21T20:20:20.655000+00:00,1.0,S
3922,3116,2020-11-21T20:20:17.715000+00:00,1.0,P
3922,3410,2020-11-21T20:20:20.655000+00:00,1.0,S
3923,3116,2020-11-21T20:20:17.715000+00:00,1.0,P
3923,3410,2020-11-21T20:20:20.655000+00:00,1.0,S
3924,3117,2020-11-21T20:20:17.725000+00:00,1.0,P
3924,3411,2020-11-21T20:20:20.665000+00:00,1.0,S
3925,3117,2020-11-21T20:20:17.725000+00:00,1.0,P
3925,3411,2020-11-21T20:20:20.665000+00:00,1.0,S
3926,3117,2020-11-21T20:20:17.725000+00:00,1.0,P
3926,3411,2020-11-21T20:20:20.665000+00:00,1.0,S
3927,3117,2020-11-21T20:20:17.725000+00:00,1.0,P
3927,3411,2020-11-21T20:20:20.665000+00:00,1.0,S
3928,3117,2020-11-21T20:20:17.725000+00:00,1.0,P
3928,3412,2020-11-21T20:20:20.674999+00:00,1.0,S
3929,3117,2020-11-21T20:20:17.725000+00:00,1.0,P
3929,3412,2020-11-21T20:20:20.674999+00:00,1.0,S
3930,3117,2020-11-21T20:20:17.725000+00:00,1.0,P
3930,3412,2020-11-21T20:20:20.674999+00:00,1.0,S
3931,3117,2020-11-21T20:20:17.725000+00:00,1.0,P
3931,3413,2020-11-21T20:20:20.685000+00:00,1.0,S
3932,3117,2020-11-21T20:20:17.725000+00:00,1.0,P
3932,3413,2020-11-21T20:20:20.685000+00:00,1.0,S
3933,3117,2020-11-21T20:20:17.725000+00:00,1.0,P
3933,3413,2020-11-21T20:20:20.685000+00:00,1.0,S
3934,3117,2020-11-21T20:20:17.725000+00:00,1.0,P
3934,3413,2020-11-21T20:20:20.685000+00:00,1.0,S
3935,3118,2020-11-21T20:20:17.735000+00:00,1.0,P
3935,3414,2020-11-21T20:20:20.695000+00:00,1.0,S
3936,3118,2020-11-21T20:20:17.735000+00:00,1.0,P
3936,3414,2020-11-21T20:20:20.695000+00:00,1.0,S
3937,3118,2020-11-21T20:20:17.735000+00:00,1.0,P
3937,3414,2020-11-21T20:20:20.695000+00:00,1.0,S
3938,3118,2020-11-21T20:20:17.735000+00:00,1.0,P
3938,3414,2020-11-21T20:20:20.695000+00:00,1.0,S
3939,3118,2020-11-21T20:20:17.735000+00:00,1.0,P
3939,3414,2020-11-21T20:20:20.695000+00:00,1.0,S
3940,3118,2020-11-21T20:20:17.735000+00:00,1.0,P
3940,3414,2020-11-21T20:20:20.695000+00:00,1.0,S
3941,3118,2020-11-21T20:20:17.735000+00:00,1.0,P
3941,3415,2020-11-21T20:20:20.705000+00:00,1.0,S
3942,3118,2020-11-21T20:20:17.735000+00:00,1.0,P
3942,3415,2020-11-21T20:20:20.705000+00:00,1.0,S
3943,3118,2020-11-21T20:20:17.735000+00:00,1.0,P
3943,3415,2020-11-21T20:20:20.705000+00:00,1.0,S
3944,3118,2020-11-21T20:20:17.735000+00:00,1.0,P
3944,3415,2020-11-21T20:20:20.705000+00:00,1.0,S
3945,3118,2020-11-21T20:20:17.735000+00:00,1.0,P
3945,3415,2020-11-21T20:20:20.705000+00:00,1.0,S
3946,3118,2020-11-21T20:20:17.735000+00:00,1.0,P
3946,3416,2020-11-21T20:20:20.715000+00:00,1.0,S
3947,3118,2020-11-21T20:20:17.735000+00:00,1.0,P
3947,3416,2020-11-21T20:20:20.715000+00:00,1.0,S
3948,3118,2020-11-21T20:20:17.735000+00:00,1.0,P
3948,3416,2020-11-21T20:20:20.715000+00:00,1.0,S
3949,3118,2020-11-21T20:20:17.735000+00:00,1.0,P
3949,3416,2020-11-21T20:20:20.715000+00:00,1.0,S
3950,3119,2020-11-21T20:20:17.745000+00:00,1.0,P
3950,3416,2020-11-21T20:20:20.715000+00:00,1.0,S
3951,3119,2020-11-21T20:20:17.745000+00:00,1.0,P
3951,3416,2020-11-21T20:20:20.715000+00:00,1.0,S
3952,3119,2020-11-21T20:20:17.745000+00:00,1.0,P
3952,3417,2020-11-21T20:20:20.725000+00:00,1.0,S
3953,3119,2020-11-21T20:20:17.745000+00:00,1.0,P
3953,3417,2020-11-21T20:20:20.725000+00:00,1.0,S
3954,3119,2020-11-21T20:20:17.745000+00:00,1.0,P
3954,3417,2020-11-21T20:20:20.725000+00:00,1.0,S
3955,3119,2020-11-21T20:20:17.745000+00:00,1.0,P
3955,3417,2020-11-21T20:20:20.725000+00:00,1.0,S
3956,3119,2020-11-21T20:20:17.745000+00:00,1.0,P
3956,3417,2020-11-21T20:20:20.725000+00:00,1.0,S
3957,3119,2020-11-21T20:20:17.745000+00:00,1.0,P
3957,3417,2020-11-21T20:20:20.725000+00:00,1.0,S
3958,3119,2020-11-21T20:20:17.745000+00:00,1.0,P
3958,3417,2020-11-21T20:20:20.725000+00:00,1.0,S
3959,3119,2020-11-21T20:20:17.745000+00:00,1.0,P
3959,3417,2020-11-21T20:20:20.725000+00:00,1.0,S
3960,3119,2020-11-21T20:20:17.745000+00:00,1.0,P
3960,3417,2020-11-21T20:20:20.725000+00:00,1.0,S
3961,3119,2020-11-21T20:20:17.745000+00:00,1.0,P
3961,3417,2020-11-21T20:20:20.725000+00:00,1.0,S
3962,3119,2020-11-21T20:20:17.745000+00:00,1.0,P
3962,3418,2020-11-21T20:20:20.735000+00:00,1.0,S
3963,3119,2020-11-21T20:20:17.745000+00:00,1.0,P
3963,3418,2020-11-21T20:20:20.735000+00:00,1.0,S
3964,3119,2020-11-21T20:20:17.745000+00:00,1.0,P
3964,3418,2020-11-21T20:20:20.735000+00:00,1.0,S
3965,3119,2020-11-21T20:20:17.745000+00:00,1.0,P
3965,3418,2020-11-21T20:20:20.735000+00:00,1.0,S
3966,3119,2020-11-21T20:20:17.745000+00:00,1.0,P
3966,3418,2020-11-21T20:20:20.735000+00:00,1.0,S
3967,3119,2020-11-21T20:20:17.745000+00:00,1.0,P
3967,3418,2020-11-21T20:20:20.735000+00:00,1.0,S
3968,3120,2020-11-21T20:20:17.755000+00:00,1.0,P
3968,3418,2020-11-21T20:20:20.735000+00:00,1.0,S
3969,3120,2020-11-21T20:20:17.755000+00:00,1.0,P
3969,3418,2020-11-21T20:20:20.735000+00:00,1.0,S
3970,3120,2020-11-21T20:20:17.755000+00:00,1.0,P
3970,3418,2020-11-21T20:20:20.735000+00:00,1.0,S
3971,3120,2020-11-21T20:20:17.755000+00:00,1.0,P
3971,3419,2020-11-21T20:20:20.744999+00:00,1.0,S
3972,3120,2020-11-21T20:20:17.755000+00:00,1.0,P
3972,3419,2020-11-21T20:20:20.744999+00:00,1.0,S
3973,3120,2020-11-21T20:20:17.755000+00:00,1.0,P
3973,3419,2020-11-21T20:20:20.744999+00:00,1.0,S
3974,3120,2020-11-21T20:20:17.755000+00:00,1.0,P
3974,3419,2020-11-21T20:20:20.744999+00:00,1.0,S
3975,3120,2020-11-21T20:20:17.755000+00:00,1.0,P
3975,3419,2020-11-21T20:20:20.744999+00:00,1.0,S
3976,3120,2020-11-21T20:20:17.755000+00:00,1.0,P
3976,3419,2020-11-21T20:20:20.744999+00:00,1.0,S
3977,3120,2020-11-21T20:20:17.755000+00:00,1.0,P
3977,3419,2020-11-21T20:20:20.744999+00:00,1.0,S
3978,3120,2020-11-21T20:20:17.755000+00:00,1.0,P
3978,3419,2020-11-21T20:20:20.744999+00:00,1.0,S
3979,3120,2020-11-21T20:20:17.755000+00:00,1.0,P
3979,3419,2020-11-21T20:20:20.744999+00:00,1.0,S
3980,3120,2020-11-21T20:20:17.755000+00:00,1.0,P
3980,3419,2020-11-21T20:20:20.744999+00:00,1.0,S
3981,3120,2020-11-21T20:20:17.755000+00:00,1.0,P
3981,3419,2020-11-21T20:20:20.744999+00:00,1.0,S
3982,3120,2020-11-21T20:20:17.755000+00:00,1.0,P
3982,3420,2020-11-21T20:20:20.755000+00:00,1.0,S
3983,3121,2020-11-21T20:20:17.765000+00:00,1.0,P
3983,3420,2020-11-21T20:20:20.755000+00:00,1.0,S
3984,3121,2020-11-21T20:20:17.765000+00:00,1.0,P
3984,3420,2020-11-21T20:20:20.755000+00:00,1.0,S
3985,3121,2020-11-21T20:20:17.765000+00:00,1.0,P
3985,3420,2020-11-21T20:20:20.755000+00:00,1.0,S
3986,3121,2020-11-21T20:20:17.765000+00:00,1.0,P
3986,3420,2020-11-21T20:20:20.755000+00:00,1.0,S
3987,3121,2020-11-21T20:20:17.765000+00:00,1.0,P
3987,3420,2020-11-21T20:20:20.755000+00:00,1.0,S
3988,3121,2020-11-21T20:20:17.765000+00:00,1.0,P
3988,3420,2020-11-21T20:20:20.755000+00:00,1.0,S
3989,3121,2020-11-21T20:20:17.765000+00:00,1.0,P
3989,3420,2020-11-21T20:20:20.755000+00:00,1.0,S
3990,3121,2020-11-21T20:20:17.765000+00:00,1.0,P
3990,3421,2020-11-21T20:20:20.765000+00:00,1.0,S
3991,3121,2020-11-21T20:20:17.765000+00:00,1.0,P
3991,3421,2020-11-21T20:20:20.765000+00:00,1.0,S
3992,3121,2020-11-21T20:20:17.765000+00:00,1.0,P
3992,3421,2020-11-21T20:20:20.765000+00:00,1.0,S
3993,3121,2020-11-21T20:20:17.765000+00:00,1.0,P
3993,3421,2020-11-21T20:20:20.765000+00:00,1.0,S
3994,3121,2020-11-21T20:20:17.765000+00:00,1.0,P
3994,3421,2020-11-21T20:20:20.765000+00:00,1.0,S
3995,3121,2020-11-21T20:20:17.765000+00:00,1.0,P
3995,3422,2020-11-21T20:20:20.775000+00:00,1.0,S
3996,3121,2020-11-21T20:20:17.765000+00:00,1.0,P
3996,3422,2020-11-21T20:20:20.775000+00:00,1.0,S
3997,3122,2020-11-21T20:20:17.775000+00:00,1.0,P
3997,3422,2020-11-21T20:20:20.775000+00:00,1.0,S
3998,3122,2020-11-21T20:20:17.775000+00:00,1.0,P
3998,3422,2020-11-21T20:20:20.775000+00:00,1.0,S
3999,3122,2020-11-21T20:20:17.775000+00:00,1.0,P
3999,3422,2020-11-21T20:20:20.775000+00:00,1.0,S
4000,3122,2020-11-21T20:20:17.775000+00:00,1.0,P
4000,3422,2020-11-21T20:20:20.775000+00:00,1.0,S
4001,3122,2020-11-21T20:20:17.775000+00:00,1.0,P
4001,3422,2020-11-21T20:20:20.775000+00:00,1.0,S
4002,3122,2020-11-21T20:20:17.775000+00:00,1.0,P
4002,3423,2020-11-21T20:20:20.785000+00:00,1.0,S
4003,3122,2020-11-21T20:20:17.775000+00:00,1.0,P
4003,3423,2020-11-21T20:20:20.785000+00:00,1.0,S
4004,3122,2020-11-21T20:20:17.775000+00:00,1.0,P
4004,3423,2020-11-21T20:20:20.785000+00:00,1.0,S
4005,3122,2020-11-21T20:20:17.775000+00:00,1.0,P
4005,3423,2020-11-21T20:20:20.785000+00:00,1.0,S
4006,3122,2020-11-21T20:20:17.775000+00:00,1.0,P
4006,3423,2020-11-21T20:20:20.785000+00:00,1.0,S
4007,3122,2020-11-21T20:20:17.775000+00:00,1.0,P
4007,3423,2020-11-21T20:20:20.785000+00:00,1.0,S
4008,3122,2020-11-21T20:20:17.775000+00:00,1.0,P
4008,3423,2020-11-21T20:20:20.785000+00:00,1.0,S
4009,3122,2020-11-21T20:20:17.775000+00:00,1.0,P
4009,3423,2020-11-21T20:20:20.785000+00:00,1.0,S
4010,3122,2020-11-21T20:20:17.775000+00:00,1.0,P
4010,3424,2020-11-21T20:20:20.795000+00:00,1.0,S
4011,3122,2020-11-21T20:20:17.775000+00:00,1.0,P
4011,3424,2020-11-21T20:20:20.795000+00:00,1.0,S
4012,3122,2020-11-21T20:20:17.775000+00:00,1.0,P
4012,3424,2020-11-21T20:20:20.795000+00:00,1.0,S
4013,3122,2020-11-21T20:20:17.775000+00:00,1.0,P
4013,3424,2020-11-21T20:20:20.795000+00:00,1.0,S
4014,3122,2020-11-21T20:20:17.775000+00:00,1.0,P
4014,3424,2020-11-21T20:20:20.795000+00:00,1.0,S
4015,3123,2020-11-21T20:20:17.785000+00:00,1.0,P
4015,3424,2020-11-21T20:20:20.795000+00:00,1.0,S
4016,3123,2020-11-21T20:20:17.785000+00:00,1.0,P
4016,3424,2020-11-21T20:20:20.795000+00:00,1.0,S
4017,3123,2020-11-21T20:20:17.785000+00:00,1.0,P
4017,3424,2020-11-21T20:20:20.795000+00:00,1.0,S
4018,3123,2020-11-21T20:20:17.785000+00:00,1.0,P
4018,3424,2020-11-21T20:20:20.795000+00:00,1.0,S
4019,3123,2020-11-21T20:20:17.785000+00:00,1.0,P
4019,3424,2020-11-21T20:20:20.795000+00:00,1.0,S
4020,3123,2020-11-21T20:20:17.785000+00:00,1.0,P
4020,3425,2020-11-21T20:20:20.805000+00:00,1.0,S
4021,3123,2020-11-21T20:20:17.785000+00:00,1.0,P
4021,3425,2020-11-21T20:20:20.805000+00:00,1.0,S
4022,3123,2020-11-21T20:20:17.785000+00:00,1.0,P
4022,3425,2020-11-21T20:20:20.805000+00:00,1.0,S
4023,3123,2020-11-21T20:20:17.785000+00:00,1.0,P
4023,3425,2020-11-21T20:20:20.805000+00:00,1.0,S
4024,3123,2020-11-21T20:20:17.785000+00:00,1.0,P
4024,3425,2020-11-21T20:20:20.805000+00:00,1.0,S
4025,3123,2020-11-21T20:20:17.785000+00:00,1.0,P
4025,3425,2020-11-21T20:20:20.805000+00:00,1.0,S
4026,3123,2020-11-21T20:20:17.785000+00:00,1.0,P
4026,3425,2020-11-21T20:20:20.805000+00:00,1.0,S
4027,3124,2020-11-21T20:20:17.795000+00:00,1.0,P
4027,3425,2020-11-21T20:20:20.805000+00:00,1.0,S
4028,3124,2020-11-21T20:20:17.795000+00:00,1.0,P
4028,3426,2020-11-21T20:20:20.814999+00:00,1.0,S
4029,3124,2020-11-21T20:20:17.795000+00:00,1.0,P
4029,3426,2020-11-21T20:20:20.814999+00:00,1.0,S
4030,3124,2020-11-21T20:20:17.795000+00:00,1.0,P
4030,3426,2020-11-21T20:20:20.814999+00:00,1.0,S
4031,3124,2020-11-21T20:20:17.795000+00:00,1.0,P
4031,3426,2020-11-21T20:20:20.814999+00:00,1.0,S
4032,3124,2020-11-21T20:20:17.795000+00:00,1.0,P
4032,3426,2020-11-21T20:20:20.814999+00:00,1.0,S
4033,3124,2020-11-21T20:20:17.795000+00:00,1.0,P
4033,3426,2020-11-21T20:20:20.814999+00:00,1.0,S
4034,3124,2020-11-21T20:20:17.795000+00:00,1.0,P
4034,3426,2020-11-21T20:20:20.814999+00:00,1.0,S
4035,3125,2020-11-21T20:20:17.805000+00:00,1.0,P
4035,3427,2020-11-21T20:20:20.825000+00:00,1.0,S
4036,3125,2020-11-21T20:20:17.805000+00:00,1.0,P
4036,3427,2020-11-21T20:20:20.825000+00:00,1.0,S
4037,3125,2020-11-21T20:20:17.805000+00:00,1.0,P
4037,3427,2020-11-21T20:20:20.825000+00:00,1.0,S
4038,3125,2020-11-21T20:20:17.805000+00:00,1.0,P
4038,3427,2020-11-21T20:20:20.825000+00:00,1.0,S
4039,3125,2020-11-21T20:20:17.805000+00:00,1.0,P
4039,3427,2020-11-21T20:20:20.825000+00:00,1.0,S
4040,3125,2020-11-21T20:20:17.805000+00:00,1.0,P
4040,3427,2020-11-21T20:20:20.825000+00:00,1.0,S
4041,3125,2020-11-21T20:20:17.805000+00:00,1.0,P
4041,3428,2020-11-21T20:20:20.835000+00:00,1.0,S
4042,3125,2020-11-21T20:20:17.805000+00:00,1.0,P
4042,3428,2020-11-21T20:20:20.835000+00:00,1.0,S
4043,3125,2020-11-21T20:20:17.805000+00:00,1.0,P
4043,3428,2020-11-21T20:20:20.835000+00:00,1.0,S
4044,3126,2020-11-21T20:20:17.815000+00:00,1.0,P
4044,3428,2020-11-21T20:20:20.835000+00:00,1.0,S
4045,3126,2020-11-21T20:20:17.815000+00:00,1.0,P
4045,3428,2020-11-21T20:20:20.835000+00:00,1.0,S
4046,3126,2020-11-21T20:20:17.815000+00:00,1.0,P
4046,3429,2020-11-21T20:20:20.845000+00:00,1.0,S
4047,3126,2020-11-21T20:20:17.815000+00:00,1.0,P
4047,3429,2020-11-21T20:20:20.845000+00:00,1.0,S
4048,3126,2020-11-21T20:20:17.815000+00:00,1.0,P
4048,3429,2020-11-21T20:20:20.845000+00:00,1.0,S
4049,3126,2020-11-21T20:20:17.815000+00:00,1.0,P
4049,3429,2020-11-21T20:20:20.845000+00:00,1.0,S
4050,3126,2020-11-21T20:20:17.815000+00:00,1.0,P
4050,3429,2020-11-21T20:20:20.845000+00:00,1.0,S
4051,3126,2020-11-21T20:20:17.815000+00:00,1.0,P
4051,3429,2020-11-21T20:20:20.845000+00:00,1.0,S
4052,3127,2020-11-21T20:20:17.825000+00:00,1.0,P
4052,3430,2020-11-21T20:20:20.855000+00:00,1.0,S
4053,3127,2020-11-21T20:20:17.825000+00:00,1.0,P
4053,3430,2020-11-21T20:20:20.855000+00:00,1.0,S
4054,3127,2020-11-21T20:20:17.825000+00:00,1.0,P
4054,3430,2020-11-21T20:20:20.855000+00:00,1.0,S
4055,3127,2020-11-21T20:20:17.825000+00:00,1.0,P
4055,3430,2020-11-21T20:20:20.855000+00:00,1.0,S
4056,3127,2020-11-21T20:20:17.825000+00:00,1.0,P
4056,3430,2020-11-21T20:20:20.855000+00:00,1.0,S
4057,3127,2020-11-21T20:20:17.825000+00:00,1.0,P
4057,3430,2020-11-21T20:20:20.855000+00:00,1.0,S
4058,3127,2020-11-21T20:20:17.825000+00:00,1.0,P
4058,3431,2020-11-21T20:20:20.865000+00:00,1.0,S
4059,3127,2020-11-21T20:20:17.825000+00:00,1.0,P
4059,3431,2020-11-21T20:20:20.865000+00:00,1.0,S
4060,3127,2020-11-21T20:20:17.825000+00:00,1.0,P
4060,3431,2020-11-21T20:20:20.865000+00:00,1.0,S
4061,3128,2020-11-21T20:20:17.835000+00:00,1.0,P
4061,3431,2020-11-21T20:20:20.865000+00:00,1.0,S
4062,3128,2020-11-21T20:20:17.835000+00:00,1.0,P
4062,3431,2020-11-21T20:20:20.865000+00:00,1.0,S
4063,3128,2020-11-21T20:20:17.835000+00:00,1.0,P
4063,3431,2020-11-21T20:20:20.865000+00:00,1.0,S
4064,3128,2020-11-21T20:20:17.835000+00:00,1.0,P
4064,3431,2020-11-21T20:20:20.865000+00:00,1.0,S
4065,3128,2020-11-21T20:20:17.835000+00:00,1.0,P
4065,3431,2020-11-21T20:20:20.865000+00:00,1.0,S
4066,3128,2020-11-21T20:20:17.835000+00:00,1.0,P
4066,3431,2020-11-21T20:20:20.865000+00:00,1.0,S
4067,3128,2020-11-21T20:20:17.835000+00:00,1.0,P
4067,3432,2020-11-21T20:20:20.875000+00:00,1.0,S
4068,3128,2020-11-21T20:20:17.835000+00:00,1.0,P
4068,3432,2020-11-21T20:20:20.875000+00:00,1.0,S
4069,3128,2020-11-21T20:20:17.835000+00:00,1.0,P
4069,3432,2020-11-21T20:20:20.875000+00:00,1.0,S
4070,3128,2020-11-21T20:20:17.835000+00:00,1.0,P
4070,3432,2020-11-21T20:20:20.875000+00:00,1.0,S
4071,3129,2020-11-21T20:20:17.845000+00:00,1.0,P
4071,3432,2020-11-21T20:20:20.875000+00:00,1.0,S
4072,3129,2020-11-21T20:20:17.845000+00:00,1.0,P
4072,3432,2020-11-21T20:20:20.875000+00:00,1.0,S
4073,3129,2020-11-21T20:20:17.845000+00:00,1.0,P
4073,3432,2020-11-21T20:20:20.875000+00:00,1.0,S
4074,3129,2020-11-21T20:20:17.845000+00:00,1.0,P
4074,3433,2020-11-21T20:20:20.885000+00:00,1.0,S
4075,3129,2020-11-21T20:20:17.845000+00:00,1.0,P
4075,3433,2020-11-21T20:20:20.885000+00:00,1.0,S
4076,3129,2020-11-21T20:20:17.845000+00:00,1.0,P
4076,3433,2020-11-21T20:20:20.885000+00:00,1.0,S
4077,3129,2020-11-21T20:20:17.845000+00:00,1.0,P
4077,3433,2020-11-21T20:20:20.885000+00:00,1.0,S
4078,3129,2020-11-21T20:20:17.845000+00:00,1.0,P
4078,3433,2020-11-21T20:20:20.885000+00:00,1.0,S
4079,3129,2020-11-21T20:20:17.845000+00:00,1.0,P
4079,3433,2020-11-21T20:20:20.885000+00:00,1.0,S
4080,3130,2020-11-21T20:20:17.855000+00:00,1.0,P
4080,3433,2020-11-21T20:20:20.885000+00:00,1.0,S
4081,3130,2020-11-21T20:20:17.855000+00:00,1.0,P
4081,3433,2020-11-21T20:20:20.885000+00:00,1.0,S
4082,3130,2020-11-21T20:20:17.855000+00:00,1.0,P
4082,3433,2020-11-21T20:20:20.885000+00:00,1.0,S
4083,3130,2020-11-21T20:20:17.855000+00:00,1.0,P
4083,3434,2020-11-21T20:20:20.895000+00:00,1.0,S
4084,3130,2020-11-21T20:20:17.855000+00:00,1.0,P
4084,3434,2020-11-21T20:20:20.895000+00:00,1.0,S
4085,3130,2020-11-21T20:20:17.855000+00:00,1.0,P
4085,3434,2020-11-21T20:20:20.895000+00:00,1.0,S
4086,3130,2020-11-21T20:20:17.855000+00:00,1.0,P
4086,3434,2020-11-21T20:20:20.895000+00:00,1.0,S
4087,3130,2020-11-21T20:20:17.855000+00:00,1.0,P
4087,3434,2020-11-21T20:20:20.895000+00:00,1.0,S
4088,3131,2020-11-21T20:20:17.865000+00:00,1.0,P
4088,3434,2020-11-21T20:20:20.895000+00:00,1.0,S
4089,3131,2020-11-21T20:20:17.865000+00:00,1.0,P
4089,3434,2020-11-21T20:20:20.895000+00:00,1.0,S
4090,3131,2020-11-21T20:20:17.865000+00:00,1.0,P
4090,3434,2020-11-21T20:20:20.895000+00:00,1.0,S
4091,3131,2020-11-21T20:20:17.865000+00:00,1.0,P
4091,3434,2020-11-21T20:20:20.895000+00:00,1.0,S
4092,3131,2020-11-21T20:20:17.865000+00:00,1.0,P
4092,3434,2020-11-21T20:20:20.895000+00:00,1.0,S
4093,3131,2020-11-21T20:20:17.865000+00:00,1.0,P
4093,3434,2020-11-21T20:20:20.895000+00:00,1.0,S
4094,3131,2020-11-21T20:20:17.865000+00:00,1.0,P
4094,3435,2020-11-21T20:20:20.905000+00:00,1.0,S
4095,3131,2020-11-21T20:20:17.865000+00:00,1.0,P
4095,3435,2020-11-21T20:20:20.905000+00:00,1.0,S
4096,3131,2020-11-21T20:20:17.865000+00:00,1.0,P
4096,3435,2020-11-21T20:20:20.905000+00:00,1.0,S
4097,3132,2020-11-21T20:20:17.875000+00:00,1.0,P
4097,3435,2020-11-21T20:20:20.905000+00:00,1.0,S
4098,3132,2020-11-21T20:20:17.875000+00:00,1.0,P
4098,3435,2020-11-21T20:20:20.905000+00:00,1.0,S
4099,3132,2020-11-21T20:20:17.875000+00:00,1.0,P
4099,3435,2020-11-21T20:20:20.905000+00:00,1.0,S
4100,3132,2020-11-21T20:20:17.875000+00:00,1.0,P
4100,3435,2020-11-21T20:20:20.905000+00:00,1.0,S
4101,3132,2020-11-21T20:20:17.875000+00:00,1.0,P
4101,3435,2020-11-21T20:20:20.905000+00:00,1.0,S
4102,3132,2020-11-21T20:20:17.875000+00:00,1.0,P
4102,3435,2020-11-21T20:20:20.905000+00:00,1.0,S
4103,3132,2020-11-21T20:20:17.875000+00:00,1.0,P
4103,3435,2020-11-21T20:20:20.905000+00:00,1.0,S
4104,3132,2020-11-21T20:20:17.875000+00:00,1.0,P
4104,3435,2020-11-21T20:20:20.905000+00:00,1.0,S
4105,3132,2020-11-21T20:20:17.875000+00:00,1.0,P
4105,3435,2020-11-21T20:20:20.905000+00:00,1.0,S
4106,3133,2020-11-21T20:20:17.885000+00:00,1.0,P
4106,3436,2020-11-21T20:20:20.915000+00:00,1.0,S
4107,3133,2020-11-21T20:20:17.885000+00:00,1.0,P
4107,3436,2020-11-21T20:20:20.915000+00:00,1.0,S
4108,3133,2020-11-21T20:20:17.885000+00:00,1.0,P
4108,3436,2020-11-21T20:20:20.915000+00:00,1.0,S
4109,3133,2020-11-21T20:20:17.885000+00:00,1.0,P
4109,3436,2020-11-21T20:20:20.915000+00:00,1.0,S
4110,3133,2020-11-21T20:20:17.885000+00:00,1.0,P
4110,3436,2020-11-21T20:20:20.915000+00:00,1.0,S
4111,3133,2020-11-21T20:20:17.885000+00:00,1.0,P
4111,3436,2020-11-21T20:20:20.915000+00:00,1.0,S
4112,3133,2020-11-21T20:20:17.885000+00:00,1.0,P
4112,3436,2020-11-21T20:20:20.915000+00:00,1.0,S
4113,3133,2020-11-21T20:20:17.885000+00:00,1.0,P
4113,3437,2020-11-21T20:20:20.925000+00:00,1.0,S
4114,3134,2020-11-21T20:20:17.895000+00:00,1.0,P
4114,3437,2020-11-21T20:20:20.925000+00:00,1.0,S
4115,3134,2020-11-21T20:20:17.895000+00:00,1.0,P
4115,3437,2020-11-21T20:20:20.925000+00:00,1.0,S
4116,3134,2020-11-21T20:20:17.895000+00:00,1.0,P
4116,3437,2020-11-21T20:20:20.925000+00:00,1.0,S
4117,3134,2020-11-21T20:20:17.895000+00:00,1.0,P
4117,3437,2020-11-21T20:20:20.925000+00:00,1.0,S
4118,3134,2020-11-21T20:20:17.895000+00:00,1.0,P
4118,3437,2020-11-21T20:20:20.925000+00:00,1.0,S
4119,3134,2020-11-21T20:20:17.895000+00:00,1.0,P
4119,3437,2020-11-21T20:20:20.925000+00:00,1.0,S
4120,3134,2020-11-21T20:20:17.895000+00:00,1.0,P
4120,3437,2020-11-21T20:20:20.925000+00:00,1.0,S
4121,3134,2020-11-21T20:20:17.895000+00:00,1.0,P
4121,3438,2020-11-21T20:20:20.935000+00:00,1.0,S
4122,3135,2020-11-21T20:20:17.905000+00:00,1.0,P
4122,3438,2020-11-21T20:20:20.935000+00:00,1.0,S
4123,3135,2020-11-21T20:20:17.905000+00:00,1.0,P
4123,3438,2020-11-21T20:20:20.935000+00:00,1.0,S
4124,3135,2020-11-21T20:20:17.905000+00:00,1.0,P
4124,3438,2020-11-21T20:20:20.935000+00:00,1.0,S
4125,3135,2020-11-21T20:20:17.905000+00:00,1.0,P
4125,3438,2020-11-21T20:20:20.935000+00:00,1.0,S
4126,3135,2020-11-21T20:20:17.905000+00:00,1.0,P
4126,3438,2020-11-21T20:20:20.935000+00:00,1.0,S
4127,3135,2020-11-21T20:20:17.905000+00:00,1.0,P
4127,3438,2020-11-21T20:20:20.935000+00:00,1.0,S
4128,3135,2020-11-21T20:20:17.905000+00:00,1.0,P
4128,3439,2020-11-21T20:20:20.945000+00:00,1.0,S
4129,3135,2020-11-21T20:20:17.905000+00:00,1.0,P
4129,3439,2020-11-21T20:20:20.945000+00:00,1.0,S
4130,3135,2020-11-21T20:20:17.905000+00:00,1.0,P
4130,3439,2020-11-21T20:20:20.945000+00:00,1.0,S
4131,3135,2020-11-21T20:20:17.905000+00:00,1.0,P
4131,3439,2020-11-21T20:20:20.945000+00:00,1.0,S
4132,3136,2020-11-21T20:20:17.915000+00:00,1.0,P
4132,3439,2020-11-21T20:20:20.945000+00:00,1.0,S
4133,3136,2020-11-21T20:20:17.915000+00:00,1.0,P
4133,3439,2020-11-21T20:20:20.945000+00:00,1.0,S
4134,3136,2020-11-21T20:20:17.915000+00:00,1.0,P
4134,3439,2020-11-21T20:20:20.945000+00:00,1.0,S
4135,3136,2020-11-21T20:20:17.915000+00:00,1.0,P
4135,3440,2020-11-21T20:20:20.955000+00:00,1.0,S
4136,3136,2020-11-21T20:20:17.915000+00:00,1.0,P
4136,3440,2020-11-21T20:20:20.955000+00:00,1.0,S
4137,3136,2020-11-21T20:20:17.915000+00:00,1.0,P
4137,3440,2020-11-21T20:20:20.955000+00:00,1.0,S
4138,3136,2020-11-21T20:20:17.915000+00:00,1.0,P
4138,3440,2020-11-21T20:20:20.955000+00:00,1.0,S
4139,3136,2020-11-21T20:20:17.915000+00:00,1.0,P
4139,3440,2020-11-21T20:20:20.955000+00:00,1.0,S
4140,3137,2020-11-21T20:20:17.925000+00:00,1.0,P
4140,3440,2020-11-21T20:20:20.955000+00:00,1.0,S
4141,3137,2020-11-21T20:20:17.925000+00:00,1.0,P
4141,3441,2020-11-21T20:20:20.965000+00:00,1.0,S
4142,3137,2020-11-21T20:20:17.925000+00:00,1.0,P
4142,3441,2020-11-21T20:20:20.965000+00:00,1.0,S
4143,3137,2020-11-21T20:20:17.925000+00:00,1.0,P
4143,3441,2020-11-21T20:20:20.965000+00:00,1.0,S
4144,3137,2020-11-21T20:20:17.925000+00:00,1.0,P
4144,3441,2020-11-21T20:20:20.965000+00:00,1.0,S
4145,3137,2020-11-21T20:20:17.925000+00:00,1.0,P
4145,3441,2020-11-21T20:20:20.965000+00:00,1.0,S
4146,3137,2020-11-21T20:20:17.925000+00:00,1.0,P
4146,3441,2020-11-21T20:20:20.965000+00:00,1.0,S
4147,3137,2020-11-21T20:20:17.925000+00:00,1.0,P
4147,3441,2020-11-21T20:20:20.965000+00:00,1.0,S
4148,3137,2020-11-21T20:20:17.925000+00:00,1.0,P
4148,3441,2020-11-21T20:20:20.965000+00:00,1.0,S
4149,3138,2020-11-21T20:20:17.935000+00:00,1.0,P
4149,3441,2020-11-21T20:20:20.965000+00:00,1.0,S
4150,3138,2020-11-21T20:20:17.935000+00:00,1.0,P
4150,3441,2020-11-21T20:20:20.965000+00:00,1.0,S
4151,3138,2020-11-21T20:20:17.935000+00:00,1.0,P
4151,3442,2020-11-21T20:20:20.975000+00:00,1.0,S
4152,3138,2020-11-21T20:20:17.935000+00:00,1.0,P
4152,3442,2020-11-21T20:20:20.975000+00:00,1.0,S
4153,3138,2020-11-21T20:20:17.935000+00:00,1.0,P
4153,3442,2020-11-21T20:20:20.975000+00:00,1.0,S
4154,3138,2020-11-21T20:20:17.935000+00:00,1.0,P
4154,3442,2020-11-21T20:20:20.975000+00:00,1.0,S
4155,3138,2020-11-21T20:20:17.935000+00:00,1.0,P
4155,3442,2020-11-21T20:20:20.975000+00:00,1.0,S
4156,3138,2020-11-21T20:20:17.935000+00:00,1.0,P
4156,3442,2020-11-21T20:20:20.975000+00:00,1.0,S
4157,3139,2020-11-21T20:20:17.945000+00:00,1.0,P
4157,3442,2020-11-21T20:20:20.975000+00:00,1.0,S
4158,3139,2020-11-21T20:20:17.945000+00:00,1.0,P
4158,3442,2020-11-21T20:20:20.975000+00:00,1.0,S
4159,3139,2020-11-21T20:20:17.945000+00:00,1.0,P
4159,3442,2020-11-21T20:20:20.975000+00:00,1.0,S
4160,3139,2020-11-21T20:20:17.945000+00:00,1.0,P
4160,3442,2020-11-21T20:20:20.975000+00:00,1.0,S
4161,3139,2020-11-21T20:20:17.945000+00:00,1.0,P
4161,3442,2020-11-21T20:20:20.975000+00:00,1.0,S
4162,3139,2020-11-21T20:20:17.945000+00:00,1.0,P
4162,3443,2020-11-21T20:20:20.985000+00:00,1.0,S
4163,3139,2020-11-21T20:20:17.945000+00:00,1.0,P
4163,3443,2020-11-21T20:20:20.985000+00:00,1.0,S
4164,3139,2020-11-21T20:20:17.945000+00:00,1.0,P
4164,3443,2020-11-21T20:20:20.985000+00:00,1.0,S
4165,3140,2020-11-21T20:20:17.955000+00:00,1.0,P
4165,3443,2020-11-21T20:20:20.985000+00:00,1.0,S
4166,3140,2020-11-21T20:20:17.955000+00:00,1.0,P
4166,3443,2020-11-21T20:20:20.985000+00:00,1.0,S
4167,3140,2020-11-21T20:20:17.955000+00:00,1.0,P
4167,3443,2020-11-21T20:20:20.985000+00:00,1.0,S
4168,3140,2020-11-21T20:20:17.955000+00:00,1.0,P
4168,3443,2020-11-21T20:20:20.985000+00:00,1.0,S
4169,3140,2020-11-21T20:20:17.955000+00:00,1.0,P
4169,3443,2020-11-21T20:20:20.985000+00:00,1.0,S
4170,3140,2020-11-21T20:20:17.955000+00:00,1.0,P
4170,3444,2020-11-21T20:20:20.995000+00:00,1.0,S
4171,3140,2020-11-21T20:20:17.955000+00:00,1.0,P
4171,3444,2020-11-21T20:20:20.995000+00:00,1.0,S
4172,3141,2020-11-21T20:20:17.965000+00:00,1.0,P
4172,3444,2020-11-21T20:20:20.995000+00:00,1.0,S
4173,3141,2020-11-21T20:20:17.965000+00:00,1.0,P
4173,3444,2020-11-21T20:20:20.995000+00:00,1.0,S
4174,3141,2020-11-21T20:20:17.965000+00:00,1.0,P
4174,3444,2020-11-21T20:20:20.995000+00:00,1.0,S
4175,3141,2020-11-21T20:20:17.965000+00:00,1.0,P
4175,3444,2020-11-21T20:20:20.995000+00:00,1.0,S
4176,3141,2020-11-21T20:20:17.965000+00:00,1.0,P
4176,3445,2020-11-21T20:20:21.005000+00:00,1.0,S
4177,3141,2020-11-21T20:20:17.965000+00:00,1.0,P
4177,3445,2020-11-21T20:20:21.005000+00:00,1.0,S
4178,3141,2020-11-21T20:20:17.965000+00:00,1.0,P
4178,3445,2020-11-21T20:20:21.005000+00:00,1.0,S
4179,3141,2020-11-21T20:20:17.965000+00:00,1.0,P
4179,3445,2020-11-21T20:20:21.005000+00:00,1.0,S
4180,3141,2020-11-21T20:20:17.965000+00:00,1.0,P
4180,3445,2020-11-21T20:20:21.005000+00:00,1.0,S
4181,3142,2020-11-21T20:20:17.975000+00:00,1.0,P
4181,3445,2020-11-21T20:20:21.005000+00:00,1.0,S
4182,3142,2020-11-21T20:20:17.975000+00:00,1.0,P
4182,3445,2020-11-21T20:20:21.005000+00:00,1.0,S
4183,3142,2020-11-21T20:20:17.975000+00:00,1.0,P
4183,3445,2020-11-21T20:20:21.005000+00:00,1.0,S
4184,3142,2020-11-21T20:20:17.975000+00:00,1.0,P
4184,3445,2020-11-21T20:20:21.005000+00:00,1.0,S
4185,3142,2020-11-21T20:20:17.975000+00:00,1.0,P
4185,3445,2020-11-21T20:20:21.005000+00:00,1.0,S
4186,3142,2020-11-21T20:20:17.975000+00:00,1.0,P
4186,3446,2020-11-21T20:20:21.015000+00:00,1.0,S
4187,3142,2020-11-21T20:20:17.975000+00:00,1.0,P
4187,3446,2020-11-21T20:20:21.015000+00:00,1.0,S
4188,3142,2020-11-21T20:20:17.975000+00:00,1.0,P
4188,3446,2020-11-21T20:20:21.015000+00:00,1.0,S
4189,3142,2020-11-21T20:20:17.975000+00:00,1.0,P
4189,3446,2020-11-21T20:20:21.015000+00:00,1.0,S
4190,3142,2020-11-21T20:20:17.975000+00:00,1.0,P
4190,3446,2020-11-21T20:20:21.015000+00:00,1.0,S
4191,3142,2020-11-21T20:20:17.975000+00:00,1.0,P
4191,3446,2020-11-21T20:20:21.015000+00:00,1.0,S
4192,3143,2020-11-21T20:20:17.985000+00:00,1.0,P
4192,3446,2020-11-21T20:20:21.015000+00:00,1.0,S
4193,3143,2020-11-21T20:20:17.985000+00:00,1.0,P
4193,3446,2020-11-21T20:20:21.015000+00:00,1.0,S
4194,3143,2020-11-21T20:20:17.985000+00:00,1.0,P
4194,3446,2020-11-21T20:20:21.015000+00:00,1.0,S
4195,3143,2020-11-21T20:20:17.985000+00:00,1.0,P
4195,3446,2020-11-21T20:20:21.015000+00:00,1.0,S
4196,3143,2020-11-21T20:20:17.985000+00:00,1.0,P
4196,3446,2020-11-21T20:20:21.015000+00:00,1.0,S
4197,3143,2020-11-21T20:20:17.985000+00:00,1.0,P
4197,3447,2020-11-21T20:20:21.025000+00:00,1.0,S
4198,3143,2020-11-21T20:20:17.985000+00:00,1.0,P
4198,3447,2020-11-21T20:20:21.025000+00:00,1.0,S
4199,3143,2020-11-21T20:20:17.985000+00:00,1.0,P
4199,3447,2020-11-21T20:20:21.025000+00:00,1.0,S
4200,3143,2020-11-21T20:20:17.985000+00:00,1.0,P
4200,3447,2020-11-21T20:20:21.025000+00:00,1.0,S
4201,3143,2020-11-21T20:20:17.985000+00:00,1.0,P
4201,3447,2020-11-21T20:20:21.025000+00:00,1.0,S
4202,3143,2020-11-21T20:20:17.985000+00:00,1.0,P
4202,3447,2020-11-21T20:20:21.025000+00:00,1.0,S
4203,3143,2020-11-21T20:20:17.985000+00:00,1.0,P
4203,3447,2020-11-21T20:20:21.025000+00:00,1.0,S
4204,3144,2020-11-21T20:20:17.995000+00:00,1.0,P
4204,3448,2020-11-21T20:20:21.035000+00:00,1.0,S
4205,3144,2020-11-21T20:20:17.995000+00:00,1.0,P
4205,3448,2020-11-21T20:20:21.035000+00:00,1.0,S
4206,3144,2020-11-21T20:20:17.995000+00:00,1.0,P
4206,3448,2020-11-21T20:20:21.035000+00:00,1.0,S
4207,3144,2020-11-21T20:20:17.995000+00:00,1.0,P
4207,3448,2020-11-21T20:20:21.035000+00:00,1.0,S
4208,3144,2020-11-21T20:20:17.995000+00:00,1.0,P
4208,3448,2020-11-21T20:20:21.035000+00:00,1.0,S
4209,3144,2020-11-21T20:20:17.995000+00:00,1.0,P
4209,3448,2020-11-21T20:20:21.035000+00:00,1.0,S
4210,3144,2020-11-21T20:20:17.995000+00:00,1.0,P
4210,3448,2020-11-21T20:20:21.035000+00:00,1.0,S
4211,3144,2020-11-21T20:20:17.995000+00:00,1.0,P
4211,3448,2020-11-21T20:20:21.035000+00:00,1.0,S
4212,3144,2020-11-21T20:20:17.995000+00:00,1.0,P
4212,3448,2020-11-21T20:20:21.035000+00:00,1.0,S
4213,3144,2020-11-21T20:20:17.995000+00:00,1.0,P
4213,3448,2020-11-21T20:20:21.035000+00:00,1.0,S
4214,3144,2020-11-21T20:20:17.995000+00:00,1.0,P
4214,3448,2020-11-21T20:20:21.035000+00:00,1.0,S
4215,3144,2020-11-21T20:20:17.995000+00:00,1.0,P
4215,3449,2020-11-21T20:20:21.045000+00:00,1.0,S
4216,3145,2020-11-21T20:20:18.005000+00:00,1.0,P
4216,3449,2020-11-21T20:20:21.045000+00:00,1.0,S
4217,3145,2020-11-21T20:20:18.005000+00:00,1.0,P
4217,3449,2020-11-21T20:20:21.045000+00:00,1.0,S
4218,3145,2020-11-21T20:20:18.005000+00:00,1.0,P
4218,3449,2020-11-21T20:20:21.045000+00:00,1.0,S
4219,3145,2020-11-21T20:20:18.005000+00:00,1.0,P
4219,3449,2020-11-21T20:20:21.045000+00:00,1.0,S
4220,3145,2020-11-21T20:20:18.005000+00:00,1.0,P
4220,3449,2020-11-21T20:20:21.045000+00:00,1.0,S
4221,3145,2020-11-21T20:20:18.005000+00:00,1.0,P
4221,3449,2020-11-21T20:20:21.045000+00:00,1.0,S
4222,3145,2020-11-21T20:20:18.005000+00:00,1.0,P
4222,3449,2020-11-21T20:20:21.045000+00:00,1.0,S
4223,3145,2020-11-21T20:20:18.005000+00:00,1.0,P
4223,3449,2020-11-21T20:20:21.045000+00:00,1.0,S
4224,3145,2020-11-21T20:20:18.005000+00:00,1.0,P
4224,3450,2020-11-21T20:20:21.055000+00:00,1.0,S
4225,3145,2020-11-21T20:20:18.005000+00:00,1.0,P
4225,3450,2020-11-21T20:20:21.055000+00:00,1.0,S
4226,3145,2020-11-21T20:20:18.005000+00:00,1.0,P
4226,3450,2020-11-21T20:20:21.055000+00:00,1.0,S
4227,3145,2020-11-21T20:20:18.005000+00:00,1.0,P
4227,3450,2020-11-21T20:20:21.055000+00:00,1.0,S
4228,3145,2020-11-21T20:20:18.005000+00:00,1.0,P
4228,3450,2020-11-21T20:20:21.055000+00:00,1.0,S
4229,3145,2020-11-21T20:20:18.005000+00:00,1.0,P
4229,3450,2020-11-21T20:20:21.055000+00:00,1.0,S
4230,3145,2020-11-21T20:20:18.005000+00:00,1.0,P
4230,3450,2020-11-21T20:20:21.055000+00:00,1.0,S
4231,3146,2020-11-21T20:20:18.015000+00:00,1.0,P
4231,3450,2020-11-21T20:20:21.055000+00:00,1.0,S
4232,3146,2020-11-21T20:20:18.015000+00:00,1.0,P
4232,3450,2020-11-21T20:20:21.055000+00:00,1.0,S
4233,3146,2020-11-21T20:20:18.015000+00:00,1.0,P
4233,3450,2020-11-21T20:20:21.055000+00:00,1.0,S
4234,3146,2020-11-21T20:20:18.015000+00:00,1.0,P
4234,3451,2020-11-21T20:20:21.065000+00:00,1.0,S
4235,3146,2020-11-21T20:20:18.015000+00:00,1.0,P
4235,3451,2020-11-21T20:20:21.065000+00:00,1.0,S
4236,3146,2020-11-21T20:20:18.015000+00:00,1.0,P
4236,3451,2020-11-21T20:20:21.065000+00:00,1.0,S
4237,3146,2020-11-21T20:20:18.015000+00:00,1.0,P
4237,3451,2020-11-21T20:20:21.065000+00:00,1.0,S
4238,3146,2020-11-21T20:20:18.015000+00:00,1.0,P
4238,3451,2020-11-21T20:20:21.065000+00:00,1.0,S
4239,3146,2020-11-21T20:20:18.015000+00:00,1.0,P
4239,3451,2020-11-21T20:20:21.065000+00:00,1.0,S
4240,3146,2020-11-21T20:20:18.015000+00:00,1.0,P
4240,3451,2020-11-21T20:20:21.065000+00:00,1.0,S
4241,3146,2020-11-21T20:20:18.015000+00:00,1.0,P
4241,3451,2020-11-21T20:20:21.065000+00:00,1.0,S
4242,3146,2020-11-21T20:20:18.015000+00:00,1.0,P
4242,3451,2020-11-21T20:20:21.065000+00:00,1.0,S
4243,3146,2020-11-21T20:20:18.015000+00:00,1.0,P
4243,3451,2020-11-21T20:20:21.065000+00:00,1.0,S
4244,3146,2020-11-21T20:20:18.015000+00:00,1.0,P
4244,3452,2020-11-21T20:20:21.075000+00:00,1.0,S
4245,3146,2020-11-21T20:20:18.015000+00:00,1.0,P
4245,3452,2020-11-21T20:20:21.075000+00:00,1.0,S
4246,3146,2020-11-21T20:20:18.015000+00:00,1.0,P
4246,3452,2020-11-21T20:20:21.075000+00:00,1.0,S
4247,3147,2020-11-21T20:20:18.025000+00:00,1.0,P
4247,3452,2020-11-21T20:20:21.075000+00:00,1.0,S
4248,3147,2020-11-21T20:20:18.025000+00:00,1.0,P
4248,3452,2020-11-21T20:20:21.075000+00:00,1.0,S
4249,3147,2020-11-21T20:20:18.025000+00:00,1.0,P
4249,3452,2020-11-21T20:20:21.075000+00:00,1.0,S
4250,3147,2020-11-21T20:20:18.025000+00:00,1.0,P
4250,3452,2020-11-21T20:20:21.075000+00:00,1.0,S
4251,3147,2020-11-21T20:20:18.025000+00:00,1.0,P
4251,3452,2020-11-21T20:20:21.075000+00:00,1.0,S
4252,3147,2020-11-21T20:20:18.025000+00:00,1.0,P
4252,3452,2020-11-21T20:20:21.075000+00:00,1.0,S
4253,3147,2020-11-21T20:20:18.025000+00:00,1.0,P
4253,3452,2020-11-21T20:20:21.075000+00:00,1.0,S
4254,3147,2020-11-21T20:20:18.025000+00:00,1.0,P
4254,3452,2020-11-21T20:20:21.075000+00:00,1.0,S
4255,3147,2020-11-21T20:20:18.025000+00:00,1.0,P
4255,3452,2020-11-21T20:20:21.075000+00:00,1.0,S
4256,3147,2020-11-21T20:20:18.025000+00:00,1.0,P
4256,3453,2020-11-21T20:20:21.085000+00:00,1.0,S
4257,3147,2020-11-21T20:20:18.025000+00:00,1.0,P
4257,3453,2020-11-21T20:20:21.085000+00:00,1.0,S
4258,3147,2020-11-21T20:20:18.025000+00:00,1.0,P
4258,3453,2020-11-21T20:20:21.085000+00:00,1.0,S
4259,3147,2020-11-21T20:20:18.025000+00:00,1.0,P
4259,3453,2020-11-21T20:20:21.085000+00:00,1.0,S
4260,3147,2020-11-21T20:20:18.025000+00:00,1.0,P
4260,3453,2020-11-21T20:20:21.085000+00:00,1.0,S
4261,3147,2020-11-21T20:20:18.025000+00:00,1.0,P
4261,3453,2020-11-21T20:20:21.085000+00:00,1.0,S
4262,3148,2020-11-21T20:20:18.035000+00:00,1.0,P
4262,3453,2020-11-21T20:20:21.085000+00:00,1.0,S
4263,3148,2020-11-21T20:20:18.035000+00:00,1.0,P
4263,3453,2020-11-21T20:20:21.085000+00:00,1.0,S
4264,3148,2020-11-21T20:20:18.035000+00:00,1.0,P
4264,3453,2020-11-21T20:20:21.085000+00:00,1.0,S
4265,3148,2020-11-21T20:20:18.035000+00:00,1.0,P
4265,3454,2020-11-21T20:20:21.095000+00:00,1.0,S
4266,3148,2020-11-21T20:20:18.035000+00:00,1.0,P
4266,3454,2020-11-21T20:20:21.095000+00:00,1.0,S
4267,3148,2020-11-21T20:20:18.035000+00:00,1.0,P
4267,3454,2020-11-21T20:20:21.095000+00:00,1.0,S
4268,3148,2020-11-21T20:20:18.035000+00:00,1.0,P
4268,3454,2020-11-21T20:20:21.095000+00:00,1.0,S
4269,3148,2020-11-21T20:20:18.035000+00:00,1.0,P
4269,3454,2020-11-21T20:20:21.095000+00:00,1.0,S
4270,3148,2020-11-21T20:20:18.035000+00:00,1.0,P
4270,3454,2020-11-21T20:20:21.095000+00:00,1.0,S
4271,3148,2020-11-21T20:20:18.035000+00:00,1.0,P
4271,3454,2020-11-21T20:20:21.095000+00:00,1.0,S
4272,3148,2020-11-21T20:20:18.035000+00:00,1.0,P
4272,3454,2020-11-21T20:20:21.095000+00:00,1.0,S
4273,3148,2020-11-21T20:20:18.035000+00:00,1.0,P
4273,3454,2020-11-21T20:20:21.095000+00:00,1.0,S
4274,3148,2020-11-21T20:20:18.035000+00:00,1.0,P
4274,3454,2020-11-21T20:20:21.095000+00:00,1.0,S
4275,3149,2020-11-21T20:20:18.045000+00:00,1.0,P
4275,3455,2020-11-21T20:20:21.105000+00:00,1.0,S
4276,3149,2020-11-21T20:20:18.045000+00:00,1.0,P
4276,3455,2020-11-21T20:20:21.105000+00:00,1.0,S
4277,3149,2020-11-21T20:20:18.045000+00:00,1.0,P
4277,3455,2020-11-21T20:20:21.105000+00:00,1.0,S
4278,3149,2020-11-21T20:20:18.045000+00:00,1.0,P
4278,3455,2020-11-21T20:20:21.105000+00:00,1.0,S
4279,3149,2020-11-21T20:20:18.045000+00:00,1.0,P
4279,3455,2020-11-21T20:20:21.105000+00:00,1.0,S
4280,3149,2020-11-21T20:20:18.045000+00:00,1.0,P
4280,3455,2020-11-21T20:20:21.105000+00:00,1.0,S
4281,3149,2020-11-21T20:20:18.045000+00:00,1.0,P
4281,3455,2020-11-21T20:20:21.105000+00:00,1.0,S
4282,3149,2020-11-21T20:20:18.045000+00:00,1.0,P
4282,3455,2020-11-21T20:20:21.105000+00:00,1.0,S
4283,3149,2020-11-21T20:20:18.045000+00:00,1.0,P
4283,3456,2020-11-21T20:20:21.115000+00:00,1.0,S
4284,3149,2020-11-21T20:20:18.045000+00:00,1.0,P
4284,3456,2020-11-21T20:20:21.115000+00:00,1.0,S
4285,3149,2020-11-21T20:20:18.045000+00:00,1.0,P
4285,3456,2020-11-21T20:20:21.115000+00:00,1.0,S
4286,3149,2020-11-21T20:20:18.045000+00:00,1.0,P
4286,3456,2020-11-21T20:20:21.115000+00:00,1.0,S
4287,3150,2020-11-21T20:20:18.055000+00:00,1.0,P
4287,3456,2020-11-21T20:20:21.115000+00:00,1.0,S
4288,3150,2020-11-21T20:20:18.055000+00:00,1.0,P
4288,3456,2020-11-21T20:20:21.115000+00:00,1.0,S
4289,3150,2020-11-21T20:20:18.055000+00:00,1.0,P
4289,3456,2020-11-21T20:20:21.115000+00:00,1.0,S
4290,3150,2020-11-21T20:20:18.055000+00:00,1.0,P
4290,3456,2020-11-21T20:20:21.115000+00:00,1.0,S
4291,3150,2020-11-21T20:20:18.055000+00:00,1.0,P
4291,3456,2020-11-21T20:20:21.115000+00:00,1.0,S
4292,3150,2020-11-21T20:20:18.055000+00:00,1.0,P
4292,3457,2020-11-21T20:20:21.125000+00:00,1.0,S
4293,3150,2020-11-21T20:20:18.055000+00:00,1.0,P
4293,3457,2020-11-21T20:20:21.125000+00:00,1.0,S
4294,3150,2020-11-21T20:20:18.055000+00:00,1.0,P
4294,3457,2020-11-21T20:20:21.125000+00:00,1.0,S
4295,3150,2020-11-21T20:20:18.055000+00:00,1.0,P
4295,3457,2020-11-21T20:20:21.125000+00:00,1.0,S
4296,3150,2020-11-21T20:20:18.055000+00:00,1.0,P
4296,3457,2020-11-21T20:20:21.125000+00:00,1.0,S
4297,3150,2020-11-21T20:20:18.055000+00:00,1.0,P
4297,3457,2020-11-21T20:20:21.125000+00:00,1.0,S
4298,3150,2020-11-21T20:20:18.055000+00:00,1.0,P
4298,3457,2020-11-21T20:20:21.125000+00:00,1.0,S
4299,3150,2020-11-21T20:20:18.055000+00:00,1.0,P
4299,3458,2020-11-21T20:20:21.135000+00:00,1.0,S
4300,3151,2020-11-21T20:20:18.065000+00:00,1.0,P
4300,3458,2020-11-21T20:20:21.135000+00:00,1.0,S
4301,3151,2020-11-21T20:20:18.065000+00:00,1.0,P
4301,3458,2020-11-21T20:20:21.135000+00:00,1.0,S
4302,3151,2020-11-21T20:20:18.065000+00:00,1.0,P
4302,3458,2020-11-21T20:20:21.135000+00:00,1.0,S
4303,3151,2020-11-21T20:20:18.065000+00:00,1.0,P
4303,3458,2020-11-21T20:20:21.135000+00:00,1.0,S
4304,3151,2020-11-21T20:20:18.065000+00:00,1.0,P
4304,3458,2020-11-21T20:20:21.135000+00:00,1.0,S
4305,3151,2020-11-21T20:20:18.065000+00:00,1.0,P
4305,3458,2020-11-21T20:20:21.135000+00:00,1.0,S
4306,3151,2020-11-21T20:20:18.065000+00:00,1.0,P
4306,3458,2020-11-21T20:20:21.135000+00:00,1.0,S
4307,3151,2020-11-21T20:20:18.065000+00:00,1.0,P
4307,3458,2020-11-21T20:20:21.135000+00:00,1.0,S
4308,3151,2020-11-21T20:20:18.065000+00:00,1.0,P
4308,3458,2020-11-21T20:20:21.135000+00:00,1.0,S
4309,3151,2020-11-21T20:20:18.065000+00:00,1.0,P
4309,3458,2020-11-21T20:20:21.135000+00:00,1.0,S
4310,3151,2020-11-21T20:20:18.065000+00:00,1.0,P
4310,3458,2020-11-21T20:20:21.135000+00:00,1.0,S
4311,3151,2020-11-21T20:20:18.065000+00:00,1.0,P
4311,3459,2020-11-21T20:20:21.145000+00:00,1.0,S
4312,3152,2020-11-21T20:20:18.075000+00:00,1.0,P
4312,3459,2020-11-21T20:20:21.145000+00:00,1.0,S
4313,3152,2020-11-21T20:20:18.075000+00:00,1.0,P
4313,3459,2020-11-21T20:20:21.145000+00:00,1.0,S
4314,3152,2020-11-21T20:20:18.075000+00:00,1.0,P
4314,3459,2020-11-21T20:20:21.145000+00:00,1.0,S
4315,3152,2020-11-21T20:20:18.075000+00:00,1.0,P
4315,3459,2020-11-21T20:20:21.145000+00:00,1.0,S
4316,3152,2020-11-21T20:20:18.075000+00:00,1.0,P
4316,3459,2020-11-21T20:20:21.145000+00:00,1.0,S
4317,3152,2020-11-21T20:20:18.075000+00:00,1.0,P
4317,3459,2020-11-21T20:20:21.145000+00:00,1.0,S
4318,3152,2020-11-21T20:20:18.075000+00:00,1.0,P
4318,3459,2020-11-21T20:20:21.145000+00:00,1.0,S
4319,3152,2020-11-21T20:20:18.075000+00:00,1.0,P
4319,3459,2020-11-21T20:20:21.145000+00:00,1.0,S
4320,3152,2020-11-21T20:20:18.075000+00:00,1.0,P
4320,3459,2020-11-21T20:20:21.145000+00:00,1.0,S
4321,3152,2020-11-21T20:20:18.075000+00:00,1.0,P
4321,3459,2020-11-21T20:20:21.145000+00:00,1.0,S
4322,3152,2020-11-21T20:20:18.075000+00:00,1.0,P
4322,3459,2020-11-21T20:20:21.145000+00:00,1.0,S
4323,3152,2020-11-21T20:20:18.075000+00:00,1.0,P
4323,3459,2020-11-21T20:20:21.145000+00:00,1.0,S
4324,3152,2020-11-21T20:20:18.075000+00:00,1.0,P
4324,3459,2020-11-21T20:20:21.145000+00:00,1.0,S
4325,3153,2020-11-21T20:20:18.085000+00:00,1.0,P
4325,3459,2020-11-21T20:20:21.145000+00:00,1.0,S
4326,3153,2020-11-21T20:20:18.085000+00:00,1.0,P
4326,3459,2020-11-21T20:20:21.145000+00:00,1.0,S
4327,3153,2020-11-21T20:20:18.085000+00:00,1.0,P
4327,3459,2020-11-21T20:20:21.145000+00:00,1.0,S
4328,3153,2020-11-21T20:20:18.085000+00:00,1.0,P
4328,3459,2020-11-21T20:20:21.145000+00:00,1.0,S
4329,3153,2020-11-21T20:20:18.085000+00:00,1.0,P
4329,3459,2020-11-21T20:20:21.145000+00:00,1.0,S
4330,3153,2020-11-21T20:20:18.085000+00:00,1.0,P
4330,3459,2020-11-21T20:20:21.145000+00:00,1.0,S
4331,3153,2020-11-21T20:20:18.085000+00:00,1.0,P
4331,3459,2020-11-21T20:20:21.145000+00:00,1.0,S
4332,3153,2020-11-21T20:20:18.085000+00:00,1.0,P
4332,3459,2020-11-21T20:20:21.145000+00:00,1.0,S
4333,3153,2020-11-21T20:20:18.085000+00:00,1.0,P
4333,3460,2020-11-21T20:20:21.155000+00:00,1.0,S
4334,3153,2020-11-21T20:20:18.085000+00:00,1.0,P
4334,3460,2020-11-21T20:20:21.155000+00:00,1.0,S
4335,3153,2020-11-21T20:20:18.085000+00:00,1.0,P
4335,3460,2020-11-21T20:20:21.155000+00:00,1.0,S
4336,3153,2020-11-21T20:20:18.085000+00:00,1.0,P
4336,3460,2020-11-21T20:20:21.155000+00:00,1.0,S
4337,3153,2020-11-21T20:20:18.085000+00:00,1.0,P
4337,3460,2020-11-21T20:20:21.155000+00:00,1.0,S
4338,3154,2020-11-21T20:20:18.095000+00:00,1.0,P
4338,3460,2020-11-21T20:20:21.155000+00:00,1.0,S
4339,3154,2020-11-21T20:20:18.095000+00:00,1.0,P
4339,3460,2020-11-21T20:20:21.155000+00:00,1.0,S
4340,3154,2020-11-21T20:20:18.095000+00:00,1.0,P
4340,3460,2020-11-21T20:20:21.155000+00:00,1.0,S
4341,3154,2020-11-21T20:20:18.095000+00:00,1.0,P
4341,3460,2020-11-21T20:20:21.155000+00:00,1.0,S
4342,3154,2020-11-21T20:20:18.095000+00:00,1.0,P
4342,3460,2020-11-21T20:20:21.155000+00:00,1.0,S
4343,3154,2020-11-21T20:20:18.095000+00:00,1.0,P
4343,3460,2020-11-21T20:20:21.155000+00:00,1.0,S
4344,3154,2020-11-21T20:20:18.095000+00:00,1.0,P
4344,3460,2020-11-21T20:20:21.155000+00:00,1.0,S
4345,3154,2020-11-21T20:20:18.095000+00:00,1.0,P
4345,3460,2020-11-21T20:20:21.155000+00:00,1.0,S
4346,3154,2020-11-21T20:20:18.095000+00:00,1.0,P
4346,3461,2020-11-21T20:20:21.165000+00:00,1.0,S
4347,3154,2020-11-21T20:20:18.095000+00:00,1.0,P
4347,3461,2020-11-21T20:20:21.165000+00:00,1.0,S
4348,3154,2020-11-21T20:20:18.095000+00:00,1.0,P
4348,3461,2020-11-21T20:20:21.165000+00:00,1.0,S
4349,3154,2020-11-21T20:20:18.095000+00:00,1.0,P
4349,3461,2020-11-21T20:20:21.165000+00:00,1.0,S
4350,3154,2020-11-21T20:20:18.095000+00:00,1.0,P
4350,3461,2020-11-21T20:20:21.165000+00:00,1.0,S
4351,3155,2020-11-21T20:20:18.105000+00:00,1.0,P
4351,3461,2020-11-21T20:20:21.165000+00:00,1.0,S
4352,3155,2020-11-21T20:20:18.105000+00:00,1.0,P
4352,3461,2020-11-21T20:20:21.165000+00:00,1.0,S
4353,3155,2020-11-21T20:20:18.105000+00:00,1.0,P
4353,3461,2020-11-21T20:20:21.165000+00:00,1.0,S
4354,3155,2020-11-21T20:20:18.105000+00:00,1.0,P
4354,3461,2020-11-21T20:20:21.165000+00:00,1.0,S
4355,3155,2020-11-21T20:20:18.105000+00:00,1.0,P
4355,3462,2020-11-21T20:20:21.175000+00:00,1.0,S
4356,3155,2020-11-21T20:20:18.105000+00:00,1.0,P
4356,3462,2020-11-21T20:20:21.175000+00:00,1.0,S
4357,3155,2020-11-21T20:20:18.105000+00:00,1.0,P
4357,3462,2020-11-21T20:20:21.175000+00:00,1.0,S
4358,3155,2020-11-21T20:20:18.105000+00:00,1.0,P
4358,3462,2020-11-21T20:20:21.175000+00:00,1.0,S
4359,3155,2020-11-21T20:20:18.105000+00:00,1.0,P
4359,3462,2020-11-21T20:20:21.175000+00:00,1.0,S
4360,3155,2020-11-21T20:20:18.105000+00:00,1.0,P
4360,3462,2020-11-21T20:20:21.175000+00:00,1.0,S
4361,3155,2020-11-21T20:20:18.105000+00:00,1.0,P
4361,3463,2020-11-21T20:20:21.185000+00:00,1.0,S
4362,3155,2020-11-21T20:20:18.105000+00:00,1.0,P
4362,3463,2020-11-21T20:20:21.185000+00:00,1.0,S
4363,3155,2020-11-21T20:20:18.105000+00:00,1.0,P
4363,3463,2020-11-21T20:20:21.185000+00:00,1.0,S
4364,3155,2020-11-21T20:20:18.105000+00:00,1.0,P
4364,3463,2020-11-21T20:20:21.185000+00:00,1.0,S
4365,3155,2020-11-21T20:20:18.105000+00:00,1.0,P
4365,3463,2020-11-21T20:20:21.185000+00:00,1.0,S
4366,3156,2020-11-21T20:20:18.115000+00:00,1.0,P
4366,3463,2020-11-21T20:20:21.185000+00:00,1.0,S
4367,3156,2020-11-21T20:20:18.115000+00:00,1.0,P
4367,3464,2020-11-21T20:20:21.195000+00:00,1.0,S
4368,3156,2020-11-21T20:20:18.115000+00:00,1.0,P
4368,3464,2020-11-21T20:20:21.195000+00:00,1.0,S
4369,3156,2020-11-21T20:20:18.115000+00:00,1.0,P
4369,3464,2020-11-21T20:20:21.195000+00:00,1.0,S
4370,3156,2020-11-21T20:20:18.115000+00:00,1.0,P
4370,3464,2020-11-21T20:20:21.195000+00:00,1.0,S
4371,3156,2020-11-21T20:20:18.115000+00:00,1.0,P
4371,3464,2020-11-21T20:20:21.195000+00:00,1.0,S
4372,3156,2020-11-21T20:20:18.115000+00:00,1.0,P
4372,3464,2020-11-21T20:20:21.195000+00:00,1.0,S
4373,3156,2020-11-21T20:20:18.115000+00:00,1.0,P
4373,3464,2020-11-21T20:20:21.195000+00:00,1.0,S
4374,3156,2020-11-21T20:20:18.115000+00:00,1.0,P
4374,3464,2020-11-21T20:20:21.195000+00:00,1.0,S
4375,3156,2020-11-21T20:20:18.115000+00:00,1.0,P
4375,3465,2020-11-21T20:20:21.205000+00:00,1.0,S
4376,3156,2020-11-21T20:20:18.115000+00:00,1.0,P
4376,3465,2020-11-21T20:20:21.205000+00:00,1.0,S
4377,3156,2020-11-21T20:20:18.115000+00:00,1.0,P
4377,3465,2020-11-21T20:20:21.205000+00:00,1.0,S
4378,3157,2020-11-21T20:20:18.125000+00:00,1.0,P
4378,3465,2020-11-21T20:20:21.205000+00:00,1.0,S
4379,3157,2020-11-21T20:20:18.125000+00:00,1.0,P
4379,3465,2020-11-21T20:20:21.205000+00:00,1.0,S
4380,3157,2020-11-21T20:20:18.125000+00:00,1.0,P
4380,3466,2020-11-21T20:20:21.215000+00:00,1.0,S
4381,3157,2020-11-21T20:20:18.125000+00:00,1.0,P
4381,3466,2020-11-21T20:20:21.215000+00:00,1.0,S
4382,3157,2020-11-21T20:20:18.125000+00:00,1.0,P
4382,3466,2020-11-21T20:20:21.215000+00:00,1.0,S
4383,3157,2020-11-21T20:20:18.125000+00:00,1.0,P
4383,3466,2020-11-21T20:20:21.215000+00:00,1.0,S
4384,3157,2020-11-21T20:20:18.125000+00:00,1.0,P
4384,3466,2020-11-21T20:20:21.215000+00:00,1.0,S
4385,3157,2020-11-21T20:20:18.125000+00:00,1.0,P
4385,3467,2020-11-21T20:20:21.225000+00:00,1.0,S
4386,3157,2020-11-21T20:20:18.125000+00:00,1.0,P
4386,3467,2020-11-21T20:20:21.225000+00:00,1.0,S
4387,3157,2020-11-21T20:20:18.125000+00:00,1.0,P
4387,3467,2020-11-21T20:20:21.225000+00:00,1.0,S
4388,3158,2020-11-21T20:20:18.135000+00:00,1.0,P
4388,3467,2020-11-21T20:20:21.225000+00:00,1.0,S
4389,3158,2020-11-21T20:20:18.135000+00:00,1.0,P
4389,3467,2020-11-21T20:20:21.225000+00:00,1.0,S
4390,3158,2020-11-21T20:20:18.135000+00:00,1.0,P
4390,3468,2020-11-21T20:20:21.235000+00:00,1.0,S
4391,3158,2020-11-21T20:20:18.135000+00:00,1.0,P
4391,3468,2020-11-21T20:20:21.235000+00:00,1.0,S
4392,3158,2020-11-21T20:20:18.135000+00:00,1.0,P
4392,3468,2020-11-21T20:20:21.235000+00:00,1.0,S
4393,3158,2020-11-21T20:20:18.135000+00:00,1.0,P
4393,3468,2020-11-21T20:20:21.235000+00:00,1.0,S
4394,3158,2020-11-21T20:20:18.135000+00:00,1.0,P
4394,3468,2020-11-21T20:20:21.235000+00:00,1.0,S
4395,3158,2020-11-21T20:20:18.135000+00:00,1.0,P
4395,3468,2020-11-21T20:20:21.235000+00:00,1.0,S
4396,3158,2020-11-21T20:20:18.135000+00:00,1.0,P
4396,3469,2020-11-21T20:20:21.245000+00:00,1.0,S
4397,3159,2020-11-21T20:20:18.145000+00:00,1.0,P
4397,3469,2020-11-21T20:20:21.245000+00:00,1.0,S
4398,3159,2020-11-21T20:20:18.145000+00:00,1.0,P
4398,3469,2020-11-21T20:20:21.245000+00:00,1.0,S
4399,3159,2020-11-21T20:20:18.145000+00:00,1.0,P
4399,3469,2020-11-21T20:20:21.245000+00:00,1.0,S
4400,3159,2020-11-21T20:20:18.145000+00:00,1.0,P
4400,3469,2020-11-21T20:20:21.245000+00:00,1.0,S
4401,3159,2020-11-21T20:20:18.145000+00:00,1.0,P
4401,3469,2020-11-21T20:20:21.245000+00:00,1.0,S
4402,3159,2020-11-21T20:20:18.145000+00:00,1.0,P
4402,3469,2020-11-21T20:20:21.245000+00:00,1.0,S
4403,3159,2020-11-21T20:20:18.145000+00:00,1.0,P
4403,3469,2020-11-21T20:20:21.245000+00:00,1.0,S
4404,3159,2020-11-21T20:20:18.145000+00:00,1.0,P
4404,3470,2020-11-21T20:20:21.255000+00:00,1.0,S
4405,3160,2020-11-21T20:20:18.155000+00:00,1.0,P
4405,3470,2020-11-21T20:20:21.255000+00:00,1.0,S
4406,3160,2020-11-21T20:20:18.155000+00:00,1.0,P
4406,3470,2020-11-21T20:20:21.255000+00:00,1.0,S
4407,3160,2020-11-21T20:20:18.155000+00:00,1.0,P
4407,3470,2020-11-21T20:20:21.255000+00:00,1.0,S
4408,3160,2020-11-21T20:20:18.155000+00:00,1.0,P
4408,3470,2020-11-21T20:20:21.255000+00:00,1.0,S
4409,3160,2020-11-21T20:20:18.155000+00:00,1.0,P
4409,3470,2020-11-21T20:20:21.255000+00:00,1.0,S
4410,3160,2020-11-21T20:20:18.155000+00:00,1.0,P
4410,3470,2020-11-21T20:20:21.255000+00:00,1.0,S
4411,3160,2020-11-21T20:20:18.155000+00:00,1.0,P
4411,3470,2020-11-21T20:20:21.255000+00:00,1.0,S
4412,3160,2020-11-21T20:20:18.155000+00:00,1.0,P
4412,3471,2020-11-21T20:20:21.265000+00:00,1.0,S
4413,3160,2020-11-21T20:20:18.155000+00:00,1.0,P
4413,3471,2020-11-21T20:20:21.265000+00:00,1.0,S
4414,3161,2020-11-21T20:20:18.165000+00:00,1.0,P
4414,3471,2020-11-21T20:20:21.265000+00:00,1.0,S
4415,3161,2020-11-21T20:20:18.165000+00:00,1.0,P
4415,3471,2020-11-21T20:20:21.265000+00:00,1.0,S
4416,3161,2020-11-21T20:20:18.165000+00:00,1.0,P
4416,3471,2020-11-21T20:20:21.265000+00:00,1.0,S
4417,3161,2020-11-21T20:20:18.165000+00:00,1.0,P
4417,3471,2020-11-21T20:20:21.265000+00:00,1.0,S
4418,3161,2020-11-21T20:20:18.165000+00:00,1.0,P
4418,3471,2020-11-21T20:20:21.265000+00:00,1.0,S
4419,3161,2020-11-21T20:20:18.165000+00:00,1.0,P
4419,3471,2020-11-21T20:20:21.265000+00:00,1.0,S
4420,3161,2020-11-21T20:20:18.165000+00:00,1.0,P
4420,3471,2020-11-21T20:20:21.265000+00:00,1.0,S
4421,3161,2020-11-21T20:20:18.165000+00:00,1.0,P
4421,3472,2020-11-21T20:20:21.275000+00:00,1.0,S
4422,3161,2020-11-21T20:20:18.165000+00:00,1.0,P
4422,3472,2020-11-21T20:20:21.275000+00:00,1.0,S
4423,3162,2020-11-21T20:20:18.175000+00:00,1.0,P
4423,3472,2020-11-21T20:20:21.275000+00:00,1.0,S
4424,3162,2020-11-21T20:20:18.175000+00:00,1.0,P
4424,3472,2020-11-21T20:20:21.275000+00:00,1.0,S
4425,3162,2020-11-21T20:20:18.175000+00:00,1.0,P
4425,3472,2020-11-21T20:20:21.275000+00:00,1.0,S
4426,3162,2020-11-21T20:20:18.175000+00:00,1.0,P
4426,3472,2020-11-21T20:20:21.275000+00:00,1.0,S
4427,3162,2020-11-21T20:20:18.175000+00:00,1.0,P
4427,3472,2020-11-21T20:20:21.275000+00:00,1.0,S
4428,3162,2020-11-21T20:20:18.175000+00:00,1.0,P
4428,3472,2020-11-21T20:20:21.275000+00:00,1.0,S
4429,3162,2020-11-21T20:20:18.175000+00:00,1.0,P
4429,3472,2020-11-21T20:20:21.275000+00:00,1.0,S
4430,3162,2020-11-21T20:20:18.175000+00:00,1.0,P
4430,3472,2020-11-21T20:20:21.275000+00:00,1.0,S
4431,3162,2020-11-21T20:20:18.175000+00:00,1.0,P
4431,3472,2020-11-21T20:20:21.275000+00:00,1.0,S
4432,3163,2020-11-21T20:20:18.185000+00:00,1.0,P
4432,3472,2020-11-21T20:20:21.275000+00:00,1.0,S
4433,3163,2020-11-21T20:20:18.185000+00:00,1.0,P
4433,3473,2020-11-21T20:20:21.285000+00:00,1.0,S
4434,3163,2020-11-21T20:20:18.185000+00:00,1.0,P
4434,3473,2020-11-21T20:20:21.285000+00:00,1.0,S
4435,3163,2020-11-21T20:20:18.185000+00:00,1.0,P
4435,3473,2020-11-21T20:20:21.285000+00:00,1.0,S
4436,3163,2020-11-21T20:20:18.185000+00:00,1.0,P
4436,3473,2020-11-21T20:20:21.285000+00:00,1.0,S
4437,3163,2020-11-21T20:20:18.185000+00:00,1.0,P
4437,3473,2020-11-21T20:20:21.285000+00:00,1.0,S
4438,3163,2020-11-21T20:20:18.185000+00:00,1.0,P
4438,3473,2020-11-21T20:20:21.285000+00:00,1.0,S
4439,3163,2020-11-21T20:20:18.185000+00:00,1.0,P
4439,3473,2020-11-21T20:20:21.285000+00:00,1.0,S
4440,3163,2020-11-21T20:20:18.185000+00:00,1.0,P
4440,3473,2020-11-21T20:20:21.285000+00:00,1.0,S
4441,3163,2020-11-21T20:20:18.185000+00:00,1.0,P
4441,3473,2020-11-21T20:20:21.285000+00:00,1.0,S
4442,3164,2020-11-21T20:20:18.195000+00:00,1.0,P
4442,3474,2020-11-21T20:20:21.295000+00:00,1.0,S
4443,3164,2020-11-21T20:20:18.195000+00:00,1.0,P
4443,3474,2020-11-21T20:20:21.295000+00:00,1.0,S
4444,3164,2020-11-21T20:20:18.195000+00:00,1.0,P
4444,3474,2020-11-21T20:20:21.295000+00:00,1.0,S
4445,3164,2020-11-21T20:20:18.195000+00:00,1.0,P
4445,3474,2020-11-21T20:20:21.295000+00:00,1.0,S
4446,3164,2020-11-21T20:20:18.195000+00:00,1.0,P
4446,3474,2020-11-21T20:20:21.295000+00:00,1.0,S
4447,3164,2020-11-21T20:20:18.195000+00:00,1.0,P
4447,3474,2020-11-21T20:20:21.295000+00:00,1.0,S
4448,3164,2020-11-21T20:20:18.195000+00:00,1.0,P
4448,3475,2020-11-21T20:20:21.305000+00:00,1.0,S
4449,3164,2020-11-21T20:20:18.195000+00:00,1.0,P
4449,3475,2020-11-21T20:20:21.305000+00:00,1.0,S
4450,3164,2020-11-21T20:20:18.195000+00:00,1.0,P
4450,3475,2020-11-21T20:20:21.305000+00:00,1.0,S
4451,3164,2020-11-21T20:20:18.195000+00:00,1.0,P
4451,3475,2020-11-21T20:20:21.305000+00:00,1.0,S
4452,3165,2020-11-21T20:20:18.205000+00:00,1.0,P
4452,3475,2020-11-21T20:20:21.305000+00:00,1.0,S
4453,3165,2020-11-21T20:20:18.205000+00:00,1.0,P
4453,3475,2020-11-21T20:20:21.305000+00:00,1.0,S
4454,3165,2020-11-21T20:20:18.205000+00:00,1.0,P
4454,3476,2020-11-21T20:20:21.315000+00:00,1.0,S
4455,3165,2020-11-21T20:20:18.205000+00:00,1.0,P
4455,3476,2020-11-21T20:20:21.315000+00:00,1.0,S
4456,3165,2020-11-21T20:20:18.205000+00:00,1.0,P
4456,3476,2020-11-21T20:20:21.315000+00:00,1.0,S
4457,3165,2020-11-21T20:20:18.205000+00:00,1.0,P
4457,3476,2020-11-21T20:20:21.315000+00:00,1.0,S
4458,3165,2020-11-21T20:20:18.205000+00:00,1.0,P
4458,3476,2020-11-21T20:20:21.315000+00:00,1.0,S
4459,3165,2020-11-21T20:20:18.205000+00:00,1.0,P
4459,3476,2020-11-21T20:20:21.315000+00:00,1.0,S
4460,3165,2020-11-21T20:20:18.205000+00:00,1.0,P
4460,3476,2020-11-21T20:20:21.315000+00:00,1.0,S
4461,3165,2020-11-21T20:20:18.205000+00:00,1.0,P
4461,3476,2020-11-21T20:20:21.315000+00:00,1.0,S
4462,3166,2020-11-21T20:20:18.215000+00:00,1.0,P
4462,3476,2020-11-21T20:20:21.315000+00:00,1.0,S
4463,3166,2020-11-21T20:20:18.215000+00:00,1.0,P
4463,3476,2020-11-21T20:20:21.315000+00:00,1.0,S
4464,3166,2020-11-21T20:20:18.215000+00:00,1.0,P
4464,3477,2020-11-21T20:20:21.325000+00:00,1.0,S
4465,3166,2020-11-21T20:20:18.215000+00:00,1.0,P
4465,3477,2020-11-21T20:20:21.325000+00:00,1.0,S
4466,3166,2020-11-21T20:20:18.215000+00:00,1.0,P
4466,3477,2020-11-21T20:20:21.325000+00:00,1.0,S
4467,3166,2020-11-21T20:20:18.215000+00:00,1.0,P
4467,3477,2020-11-21T20:20:21.325000+00:00,1.0,S
4468,3166,2020-11-21T20:20:18.215000+00:00,1.0,P
4468,3477,2020-11-21T20:20:21.325000+00:00,1.0,S
4469,3166,2020-11-21T20:20:18.215000+00:00,1.0,P
4469,3477,2020-11-21T20:20:21.325000+00:00,1.0,S
4470,3166,2020-11-21T20:20:18.215000+00:00,1.0,P
4470,3477,2020-11-21T20:20:21.325000+00:00,1.0,S
4471,3166,2020-11-21T20:20:18.215000+00:00,1.0,P
4471,3478,2020-11-21T20:20:21.335000+00:00,1.0,S
4472,3166,2020-11-21T20:20:18.215000+00:00,1.0,P
4472,3478,2020-11-21T20:20:21.335000+00:00,1.0,S
4473,3167,2020-11-21T20:20:18.225000+00:00,1.0,P
4473,3478,2020-11-21T20:20:21.335000+00:00,1.0,S
4474,3167,2020-11-21T20:20:18.225000+00:00,1.0,P
4474,3478,2020-11-21T20:20:21.335000+00:00,1.0,S
4475,3167,2020-11-21T20:20:18.225000+00:00,1.0,P
4475,3478,2020-11-21T20:20:21.335000+00:00,1.0,S
4476,3167,2020-11-21T20:20:18.225000+00:00,1.0,P
4476,3478,2020-11-21T20:20:21.335000+00:00,1.0,S
4477,3167,2020-11-21T20:20:18.225000+00:00,1.0,P
4477,3478,2020-11-21T20:20:21.335000+00:00,1.0,S
4478,3167,2020-11-21T20:20:18.225000+00:00,1.0,P
4478,3478,2020-11-21T20:20:21.335000+00:00,1.0,S
4479,3167,2020-11-21T20:20:18.225000+00:00,1.0,P
4479,3479,2020-11-21T20:20:21.345000+00:00,1.0,S
4480,3167,2020-11-21T20:20:18.225000+00:00,1.0,P
4480,3479,2020-11-21T20:20:21.345000+00:00,1.0,S
4481,3167,2020-11-21T20:20:18.225000+00:00,1.0,P
4481,3479,2020-11-21T20:20:21.345000+00:00,1.0,S
4482,3167,2020-11-21T20:20:18.225000+00:00,1.0,P
4482,3479,2020-11-21T20:20:21.345000+00:00,1.0,S
4483,3167,2020-11-21T20:20:18.225000+00:00,1.0,P
4483,3479,2020-11-21T20:20:21.345000+00:00,1.0,S
4484,3168,2020-11-21T20:20:18.235000+00:00,1.0,P
4484,3479,2020-11-21T20:20:21.345000+00:00,1.0,S
4485,3168,2020-11-21T20:20:18.235000+00:00,1.0,P
4485,3479,2020-11-21T20:20:21.345000+00:00,1.0,S
4486,3168,2020-11-21T20:20:18.235000+00:00,1.0,P
4486,3480,2020-11-21T20:20:21.355000+00:00,1.0,S
4487,3168,2020-11-21T20:20:18.235000+00:00,1.0,P
4487,3480,2020-11-21T20:20:21.355000+00:00,1.0,S
4488,3168,2020-11-21T20:20:18.235000+00:00,1.0,P
4488,3480,2020-11-21T20:20:21.355000+00:00,1.0,S
4489,3168,2020-11-21T20:20:18.235000+00:00,1.0,P
4489,3480,2020-11-21T20:20:21.355000+00:00,1.0,S
4490,3168,2020-11-21T20:20:18.235000+00:00,1.0,P
4490,3480,2020-11-21T20:20:21.355000+00:00,1.0,S
4491,3168,2020-11-21T20:20:18.235000+00:00,1.0,P
4491,3480,2020-11-21T20:20:21.355000+00:00,1.0,S
4492,3168,2020-11-21T20:20:18.235000+00:00,1.0,P
4492,3480,2020-11-21T20:20:21.355000+00:00,1.0,S
4493,3169,2020-11-21T20:20:18.245000+00:00,1.0,P
4493,3480,2020-11-21T20:20:21.355000+00:00,1.0,S
4494,3169,2020-11-21T20:20:18.245000+00:00,1.0,P
4494,3480,2020-11-21T20:20:21.355000+00:00,1.0,S
4495,3169,2020-11-21T20:20:18.245000+00:00,1.0,P
4495,3481,2020-11-21T20:20:21.365000+00:00,1.0,S
4496,3169,2020-11-21T20:20:18.245000+00:00,1.0,P
4496,3481,2020-11-21T20:20:21.365000+00:00,1.0,S
4497,3169,2020-11-21T20:20:18.245000+00:00,1.0,P
4497,3481,2020-11-21T20:20:21.365000+00:00,1.0,S
4498,3169,2020-11-21T20:20:18.245000+00:00,1.0,P
4498,3481,2020-11-21T20:20:21.365000+00:00,1.0,S
4499,3169,2020-11-21T20:20:18.245000+00:00,1.0,P
4499,3481,2020-11-21T20:20:21.365000+00:00,1.0,S
4500,3169,2020-11-21T20:20:18.245000+00:00,1.0,P
4500,3481,2020-11-21T20:20:21.365000+00:00,1.0,S
4501,3169,2020-11-21T20:20:18.245000+00:00,1.0,P
4501,3482,2020-11-21T20:20:21.375000+00:00,1.0,S
4502,3169,2020-11-21T20:20:18.245000+00:00,1.0,P
4502,3482,2020-11-21T20:20:21.375000+00:00,1.0,S
4503,3170,2020-11-21T20:20:18.255000+00:00,1.0,P
4503,3482,2020-11-21T20:20:21.375000+00:00,1.0,S
4504,3170,2020-11-21T20:20:18.255000+00:00,1.0,P
4504,3482,2020-11-21T20:20:21.375000+00:00,1.0,S
4505,3170,2020-11-21T20:20:18.255000+00:00,1.0,P
4505,3482,2020-11-21T20:20:21.375000+00:00,1.0,S
4506,3170,2020-11-21T20:20:18.255000+00:00,1.0,P
4506,3483,2020-11-21T20:20:21.385000+00:00,1.0,S
4507,3170,2020-11-21T20:20:18.255000+00:00,1.0,P
4507,3483,2020-11-21T20:20:21.385000+00:00,1.0,S
4508,3170,2020-11-21T20:20:18.255000+00:00,1.0,P
4508,3483,2020-11-21T20:20:21.385000+00:00,1.0,S
4509,3170,2020-11-21T20:20:18.255000+00:00,1.0,P
4509,3483,2020-11-21T20:20:21.385000+00:00,1.0,S
4510,3170,2020-11-21T20:20:18.255000+00:00,1.0,P
4510,3483,2020-11-21T20:20:21.385000+00:00,1.0,S
4511,3171,2020-11-21T20:20:18.265000+00:00,1.0,P
4511,3484,2020-11-21T20:20:21.395000+00:00,1.0,S
4512,3171,2020-11-21T20:20:18.265000+00:00,1.0,P
4512,3484,2020-11-21T20:20:21.395000+00:00,1.0,S
4513,3171,2020-11-21T20:20:18.265000+00:00,1.0,P
4513,3484,2020-11-21T20:20:21.395000+00:00,1.0,S
4514,3171,2020-11-21T20:20:18.265000+00:00,1.0,P
4514,3484,2020-11-21T20:20:21.395000+00:00,1.0,S
4515,3171,2020-11-21T20:20:18.265000+00:00,1.0,P
4515,3484,2020-11-21T20:20:21.395000+00:00,1.0,S
4516,3171,2020-11-21T20:20:18.265000+00:00,1.0,P
4516,3484,2020-11-21T20:20:21.395000+00:00,1.0,S
4517,3171,2020-11-21T20:20:18.265000+00:00,1.0,P
4517,3485,2020-11-21T20:20:21.405000+00:00,1.0,S
4518,3171,2020-11-21T20:20:18.265000+00:00,1.0,P
4518,3485,2020-11-21T20:20:21.405000+00:00,1.0,S
4519,3171,2020-11-21T20:20:18.265000+00:00,1.0,P
4519,3485,2020-11-21T20:20:21.405000+00:00,1.0,S
4520,3172,2020-11-21T20:20:18.275000+00:00,1.0,P
4520,3485,2020-11-21T20:20:21.405000+00:00,1.0,S
4521,3172,2020-11-21T20:20:18.275000+00:00,1.0,P
4521,3486,2020-11-21T20:20:21.415000+00:00,1.0,S
4522,3172,2020-11-21T20:20:18.275000+00:00,1.0,P
4522,3486,2020-11-21T20:20:21.415000+00:00,1.0,S
4523,3172,2020-11-21T20:20:18.275000+00:00,1.0,P
4523,3486,2020-11-21T20:20:21.415000+00:00,1.0,S
4524,3172,2020-11-21T20:20:18.275000+00:00,1.0,P
4524,3486,2020-11-21T20:20:21.415000+00:00,1.0,S
4525,3172,2020-11-21T20:20:18.275000+00:00,1.0,P
4525,3486,2020-11-21T20:20:21.415000+00:00,1.0,S
4526,3172,2020-11-21T20:20:18.275000+00:00,1.0,P
4526,3487,2020-11-21T20:20:21.425000+00:00,1.0,S
4527,3172,2020-11-21T20:20:18.275000+00:00,1.0,P
4527,3487,2020-11-21T20:20:21.425000+00:00,1.0,S
4528,3173,2020-11-21T20:20:18.285000+00:00,1.0,P
4528,3487,2020-11-21T20:20:21.425000+00:00,1.0,S
4529,3173,2020-11-21T20:20:18.285000+00:00,1.0,P
4529,3487,2020-11-21T20:20:21.425000+00:00,1.0,S
4530,3173,2020-11-21T20:20:18.285000+00:00,1.0,P
4530,3488,2020-11-21T20:20:21.435000+00:00,1.0,S
4531,3173,2020-11-21T20:20:18.285000+00:00,1.0,P
4531,3488,2020-11-21T20:20:21.435000+00:00,1.0,S
4532,3173,2020-11-21T20:20:18.285000+00:00,1.0,P
4532,3488,2020-11-21T20:20:21.435000+00:00,1.0,S
4533,3173,2020-11-21T20:20:18.285000+00:00,1.0,P
4533,3488,2020-11-21T20:20:21.435000+00:00,1.0,S
4534,3173,2020-11-21T20:20:18.285000+00:00,1.0,P
4534,3488,2020-11-21T20:20:21.435000+00:00,1.0,S
4535,3173,2020-11-21T20:20:18.285000+00:00,1.0,P
4535,3489,2020-11-21T20:20:21.445000+00:00,1.0,S
4536,3174,2020-11-21T20:20:18.295000+00:00,1.0,P
4536,3489,2020-11-21T20:20:21.445000+00:00,1.0,S
4537,3174,2020-11-21T20:20:18.295000+00:00,1.0,P
4537,3489,2020-11-21T20:20:21.445000+00:00,1.0,S
4538,3174,2020-11-21T20:20:18.295000+00:00,1.0,P
4538,3489,2020-11-21T20:20:21.445000+00:00,1.0,S
4539,3174,2020-11-21T20:20:18.295000+00:00,1.0,P
4539,3489,2020-11-21T20:20:21.445000+00:00,1.0,S
4540,3174,2020-11-21T20:20:18.295000+00:00,1.0,P
4540,3490,2020-11-21T20:20:21.455000+00:00,1.0,S
4541,3174,2020-11-21T20:20:18.295000+00:00,1.0,P
4541,3490,2020-11-21T20:20:21.455000+00:00,1.0,S
4542,3174,2020-11-21T20:20:18.295000+00:00,1.0,P
4542,3490,2020-11-21T20:20:21.455000+00:00,1.0,S
4543,3174,2020-11-21T20:20:18.295000+00:00,1.0,P
4543,3490,2020-11-21T20:20:21.455000+00:00,1.0,S
4544,3174,2020-11-21T20:20:18.295000+00:00,1.0,P
4544,3490,2020-11-21T20:20:21.455000+00:00,1.0,S
4545,3175,2020-11-21T20:20:18.305000+00:00,1.0,P
4545,3491,2020-11-21T20:20:21.465000+00:00,1.0,S
4546,3175,2020-11-21T20:20:18.305000+00:00,1.0,P
4546,3491,2020-11-21T20:20:21.465000+00:00,1.0,S
4547,3175,2020-11-21T20:20:18.305000+00:00,1.0,P
4547,3491,2020-11-21T20:20:21.465000+00:00,1.0,S
4548,3175,2020-11-21T20:20:18.305000+00:00,1.0,P
4548,3491,2020-11-21T20:20:21.465000+00:00,1.0,S
4549,3175,2020-11-21T20:20:18.305000+00:00,1.0,P
4549,3492,2020-11-21T20:20:21.475000+00:00,1.0,S
4550,3175,2020-11-21T20:20:18.305000+00:00,1.0,P
4550,3492,2020-11-21T20:20:21.475000+00:00,1.0,S
4551,3175,2020-11-21T20:20:18.305000+00:00,1.0,P
4551,3492,2020-11-21T20:20:21.475000+00:00,1.0,S
4552,3175,2020-11-21T20:20:18.305000+00:00,1.0,P
4552,3492,2020-11-21T20:20:21.475000+00:00,1.0,S
4553,3176,2020-11-21T20:20:18.315000+00:00,1.0,P
4553,3492,2020-11-21T20:20:21.475000+00:00,1.0,S
4554,3176,2020-11-21T20:20:18.315000+00:00,1.0,P
4554,3493,2020-11-21T20:20:21.485000+00:00,1.0,S
4555,3176,2020-11-21T20:20:18.315000+00:00,1.0,P
4555,3493,2020-11-21T20:20:21.485000+00:00,1.0,S
4556,3176,2020-11-21T20:20:18.315000+00:00,1.0,P
4556,3493,2020-11-21T20:20:21.485000+00:00,1.0,S
4557,3176,2020-11-21T20:20:18.315000+00:00,1.0,P
4557,3493,2020-11-21T20:20:21.485000+00:00,1.0,S
4558,3176,2020-11-21T20:20:18.315000+00:00,1.0,P
4558,3493,2020-11-21T20:20:21.485000+00:00,1.0,S
4559,3176,2020-11-21T20:20:18.315000+00:00,1.0,P
4559,3494,2020-11-21T20:20:21.495000+00:00,1.0,S
4560,3177,2020-11-21T20:20:18.325000+00:00,1.0,P
4560,3494,2020-11-21T20:20:21.495000+00:00,1.0,S
4561,3177,2020-11-21T20:20:18.325000+00:00,1.0,P
4561,3494,2020-11-21T20:20:21.495000+00:00,1.0,S
4562,3177,2020-11-21T20:20:18.325000+00:00,1.0,P
4562,3494,2020-11-21T20:20:21.495000+00:00,1.0,S
4563,3177,2020-11-21T20:20:18.325000+00:00,1.0,P
4563,3494,2020-11-21T20:20:21.495000+00:00,1.0,S
4564,3177,2020-11-21T20:20:18.325000+00:00,1.0,P
4564,3494,2020-11-21T20:20:21.495000+00:00,1.0,S
4565,3177,2020-11-21T20:20:18.325000+00:00,1.0,P
4565,3494,2020-11-21T20:20:21.495000+00:00,1.0,S
4566,3177,2020-11-21T20:20:18.325000+00:00,1.0,P
4566,3495,2020-11-21T20:20:21.505000+00:00,1.0,S
4567,3177,2020-11-21T20:20:18.325000+00:00,1.0,P
4567,3495,2020-11-21T20:20:21.505000+00:00,1.0,S
4568,3178,2020-11-21T20:20:18.335000+00:00,1.0,P
4568,3495,2020-11-21T20:20:21.505000+00:00,1.0,S
4569,3178,2020-11-21T20:20:18.335000+00:00,1.0,P
4569,3495,2020-11-21T20:20:21.505000+00:00,1.0,S
4570,3178,2020-11-21T20:20:18.335000+00:00,1.0,P
4570,3495,2020-11-21T20:20:21.505000+00:00,1.0,S
4571,3178,2020-11-21T20:20:18.335000+00:00,1.0,P
4571,3495,2020-11-21T20:20:21.505000+00:00,1.0,S
4572,3178,2020-11-21T20:20:18.335000+00:00,1.0,P
4572,3496,2020-11-21T20:20:21.515000+00:00,1.0,S
4573,3178,2020-11-21T20:20:18.335000+00:00,1.0,P
4573,3496,2020-11-21T20:20:21.515000+00:00,1.0,S
4574,3178,2020-11-21T20:20:18.335000+00:00,1.0,P
4574,3496,2020-11-21T20:20:21.515000+00:00,1.0,S
4575,3178,2020-11-21T20:20:18.335000+00:00,1.0,P
4575,3496,2020-11-21T20:20:21.515000+00:00,1.0,S
4576,3178,2020-11-21T20:20:18.335000+00:00,1.0,P
4576,3496,2020-11-21T20:20:21.515000+00:00,1.0,S
4577,3178,2020-11-21T20:20:18.335000+00:00,1.0,P
4577,3496,2020-11-21T20:20:21.515000+00:00,1.0,S
4578,3178,2020-11-21T20:20:18.335000+00:00,1.0,P
4578,3496,2020-11-21T20:20:21.515000+00:00,1.0,S
4579,3178,2020-11-21T20:20:18.335000+00:00,1.0,P
4579,3496,2020-11-21T20:20:21.515000+00:00,1.0,S
4580,3178,2020-11-21T20:20:18.335000+00:00,1.0,P
4580,3496,2020-11-21T20:20:21.515000+00:00,1.0,S
4581,3178,2020-11-21T20:20:18.335000+00:00,1.0,P
4581,3496,2020-11-21T20:20:21.515000+00:00,1.0,S
4582,3178,2020-11-21T20:20:18.335000+00:00,1.0,P
4582,3496,2020-11-21T20:20:21.515000+00:00,1.0,S
4583,3179,2020-11-21T20:20:18.345000+00:00,1.0,P
4583,3496,2020-11-21T20:20:21.515000+00:00,1.0,S
4584,3179,2020-11-21T20:20:18.345000+00:00,1.0,P
4584,3496,2020-11-21T20:20:21.515000+00:00,1.0,S
4585,3179,2020-11-21T20:20:18.345000+00:00,1.0,P
4585,3496,2020-11-21T20:20:21.515000+00:00,1.0,S
4586,3179,2020-11-21T20:20:18.345000+00:00,1.0,P
4586,3496,2020-11-21T20:20:21.515000+00:00,1.0,S
4587,3179,2020-11-21T20:20:18.345000+00:00,1.0,P
4587,3496,2020-11-21T20:20:21.515000+00:00,1.0,S
4588,3179,2020-11-21T20:20:18.345000+00:00,1.0,P
4588,3496,2020-11-21T20:20:21.515000+00:00,1.0,S
4589,3179,2020-11-21T20:20:18.345000+00:00,1.0,P
4589,3496,2020-11-21T20:20:21.515000+00:00,1.0,S
4590,3179,2020-11-21T20:20:18.345000+00:00,1.0,P
4590,3497,2020-11-21T20:20:21.525000+00:00,1.0,S
4591,3179,2020-11-21T20:20:18.345000+00:00,1.0,P
4591,3497,2020-11-21T20:20:21.525000+00:00,1.0,S
4592,3179,2020-11-21T20:20:18.345000+00:00,1.0,P
4592,3497,2020-11-21T20:20:21.525000+00:00,1.0,S
4593,3179,2020-11-21T20:20:18.345000+00:00,1.0,P
4593,3497,2020-11-21T20:20:21.525000+00:00,1.0,S
4594,3179,2020-11-21T20:20:18.345000+00:00,1.0,P
4594,3497,2020-11-21T20:20:21.525000+00:00,1.0,S
4595,3179,2020-11-21T20:20:18.345000+00:00,1.0,P
4595,3497,2020-11-21T20:20:21.525000+00:00,1.0,S
4596,3179,2020-11-21T20:20:18.345000+00:00,1.0,P
4596,3497,2020-11-21T20:20:21.525000+00:00,1.0,S
4597,3179,2020-11-21T20:20:18.345000+00:00,1.0,P
4597,3497,2020-11-21T20:20:21.525000+00:00,1.0,S
4598,3179,2020-11-21T20:20:18.345000+00:00,1.0,P
4598,3497,2020-11-21T20:20:21.525000+00:00,1.0,S
4599,3179,2020-11-21T20:20:18.345000+00:00,1.0,P
4599,3497,2020-11-21T20:20:21.525000+00:00,1.0,S
4600,3179,2020-11-21T20:20:18.345000+00:00,1.0,P
4600,3497,2020-11-21T20:20:21.525000+00:00,1.0,S
4601,3179,2020-11-21T20:20:18.345000+00:00,1.0,P
4601,3497,2020-11-21T20:20:21.525000+00:00,1.0,S
4602,3180,2020-11-21T20:20:18.355000+00:00,1.0,P
4602,3497,2020-11-21T20:20:21.525000+00:00,1.0,S
4603,3180,2020-11-21T20:20:18.355000+00:00,1.0,P
4603,3497,2020-11-21T20:20:21.525000+00:00,1.0,S
4604,3180,2020-11-21T20:20:18.355000+00:00,1.0,P
4604,3497,2020-11-21T20:20:21.525000+00:00,1.0,S
4605,3180,2020-11-21T20:20:18.355000+00:00,1.0,P
4605,3497,2020-11-21T20:20:21.525000+00:00,1.0,S
4606,3180,2020-11-21T20:20:18.355000+00:00,1.0,P
4606,3498,2020-11-21T20:20:21.535000+00:00,1.0,S
4607,3180,2020-11-21T20:20:18.355000+00:00,1.0,P
4607,3498,2020-11-21T20:20:21.535000+00:00,1.0,S
4608,3180,2020-11-21T20:20:18.355000+00:00,1.0,P
4608,3498,2020-11-21T20:20:21.535000+00:00,1.0,S
4609,3180,2020-11-21T20:20:18.355000+00:00,1.0,P
4609,3498,2020-11-21T20:20:21.535000+00:00,1.0,S
4610,3180,2020-11-21T20:20:18.355000+00:00,1.0,P
4610,3498,2020-11-21T20:20:21.535000+00:00,1.0,S
4611,3180,2020-11-21T20:20:18.355000+00:00,1.0,P
4611,3498,2020-11-21T20:20:21.535000+00:00,1.0,S
4612,3180,2020-11-21T20:20:18.355000+00:00,1.0,P
4612,3498,2020-11-21T20:20:21.535000+00:00,1.0,S
4613,3180,2020-11-21T20:20:18.355000+00:00,1.0,P
4613,3498,2020-11-21T20:20:21.535000+00:00,1.0,S
4614,3180,2020-11-21T20:20:18.355000+00:00,1.0,P
4614,3498,2020-11-21T20:20:21.535000+00:00,1.0,S
4615,3180,2020-11-21T20:20:18.355000+00:00,1.0,P
4615,3498,2020-11-21T20:20:21.535000+00:00,1.0,S
4616,3180,2020-11-21T20:20:18.355000+00:00,1.0,P
4616,3499,2020-11-21T20:20:21.545000+00:00,1.0,S
4617,3180,2020-11-21T20:20:18.355000+00:00,1.0,P
4617,3499,2020-11-21T20:20:21.545000+00:00,1.0,S
4618,3180,2020-11-21T20:20:18.355000+00:00,1.0,P
4618,3499,2020-11-21T20:20:21.545000+00:00,1.0,S
4619,3181,2020-11-21T20:20:18.365000+00:00,1.0,P
4619,3499,2020-11-21T20:20:21.545000+00:00,1.0,S
4620,3181,2020-11-21T20:20:18.365000+00:00,1.0,P
4620,3499,2020-11-21T20:20:21.545000+00:00,1.0,S
4621,3181,2020-11-21T20:20:18.365000+00:00,1.0,P
4621,3499,2020-11-21T20:20:21.545000+00:00,1.0,S
4622,3181,2020-11-21T20:20:18.365000+00:00,1.0,P
4622,3499,2020-11-21T20:20:21.545000+00:00,1.0,S
4623,3181,2020-11-21T20:20:18.365000+00:00,1.0,P
4623,3499,2020-11-21T20:20:21.545000+00:00,1.0,S
4624,3181,2020-11-21T20:20:18.365000+00:00,1.0,P
4624,3499,2020-11-21T20:20:21.545000+00:00,1.0,S
4625,3181,2020-11-21T20:20:18.365000+00:00,1.0,P
4625,3500,2020-11-21T20:20:21.555000+00:00,1.0,S
4626,3181,2020-11-21T20:20:18.365000+00:00,1.0,P
4626,3500,2020-11-21T20:20:21.555000+00:00,1.0,S
4627,3181,2020-11-21T20:20:18.365000+00:00,1.0,P
4627,3500,2020-11-21T20:20:21.555000+00:00,1.0,S
4628,3181,2020-11-21T20:20:18.365000+00:00,1.0,P
4628,3500,2020-11-21T20:20:21.555000+00:00,1.0,S
4629,3181,2020-11-21T20:20:18.365000+00:00,1.0,P
4629,3500,2020-11-21T20:20:21.555000+00:00,1.0,S
4630,3181,2020-11-21T20:20:18.365000+00:00,1.0,P
4630,3500,2020-11-21T20:20:21.555000+00:00,1.0,S
4631,3181,2020-11-21T20:20:18.365000+00:00,1.0,P
4631,3500,2020-11-21T20:20:21.555000+00:00,1.0,S
4632,3181,2020-11-21T20:20:18.365000+00:00,1.0,P
4632,3500,2020-11-21T20:20:21.555000+00:00,1.0,S
4633,3181,2020-11-21T20:20:18.365000+00:00,1.0,P
4633,3501,2020-11-21T20:20:21.565000+00:00,1.0,S
4634,3181,2020-11-21T20:20:18.365000+00:00,1.0,P
4634,3501,2020-11-21T20:20:21.565000+00:00,1.0,S
4635,3181,2020-11-21T20:20:18.365000+00:00,1.0,P
4635,3501,2020-11-21T20:20:21.565000+00:00,1.0,S
4636,3182,2020-11-21T20:20:18.375000+00:00,1.0,P
4636,3501,2020-11-21T20:20:21.565000+00:00,1.0,S
4637,3182,2020-11-21T20:20:18.375000+00:00,1.0,P
4637,3501,2020-11-21T20:20:21.565000+00:00,1.0,S
4638,3182,2020-11-21T20:20:18.375000+00:00,1.0,P
4638,3501,2020-11-21T20:20:21.565000+00:00,1.0,S
4639,3182,2020-11-21T20:20:18.375000+00:00,1.0,P
4639,3501,2020-11-21T20:20:21.565000+00:00,1.0,S
4640,3182,2020-11-21T20:20:18.375000+00:00,1.0,P
4640,3501,2020-11-21T20:20:21.565000+00:00,1.0,S
4641,3182,2020-11-21T20:20:18.375000+00:00,1.0,P
4641,3501,2020-11-21T20:20:21.565000+00:00,1.0,S
4642,3182,2020-11-21T20:20:18.375000+00:00,1.0,P
4642,3501,2020-11-21T20:20:21.565000+00:00,1.0,S
4643,3182,2020-11-21T20:20:18.375000+00:00,1.0,P
4643,3501,2020-11-21T20:20:21.565000+00:00,1.0,S
4644,3182,2020-11-21T20:20:18.375000+00:00,1.0,P
4644,3501,2020-11-21T20:20:21.565000+00:00,1.0,S
4645,3182,2020-11-21T20:20:18.375000+00:00,1.0,P
4645,3501,2020-11-21T20:20:21.565000+00:00,1.0,S
4646,3182,2020-11-21T20:20:18.375000+00:00,1.0,P
4646,3501,2020-11-21T20:20:21.565000+00:00,1.0,S
4647,3182,2020-11-21T20:20:18.375000+00:00,1.0,P
4647,3501,2020-11-21T20:20:21.565000+00:00,1.0,S
4648,3182,2020-11-21T20:20:18.375000+00:00,1.0,P
4648,3502,2020-11-21T20:20:21.575000+00:00,1.0,S
4649,3182,2020-11-21T20:20:18.375000+00:00,1.0,P
4649,3502,2020-11-21T20:20:21.575000+00:00,1.0,S
4650,3182,2020-11-21T20:20:18.375000+00:00,1.0,P
4650,3502,2020-11-21T20:20:21.575000+00:00,1.0,S
4651,3182,2020-11-21T20:20:18.375000+00:00,1.0,P
4651,3502,2020-11-21T20:20:21.575000+00:00,1.0,S
4652,3183,2020-11-21T20:20:18.385000+00:00,1.0,P
4652,3502,2020-11-21T20:20:21.575000+00:00,1.0,S
4653,3183,2020-11-21T20:20:18.385000+00:00,1.0,P
4653,3502,2020-11-21T20:20:21.575000+00:00,1.0,S
4654,3183,2020-11-21T20:20:18.385000+00:00,1.0,P
4654,3502,2020-11-21T20:20:21.575000+00:00,1.0,S
4655,3183,2020-11-21T20:20:18.385000+00:00,1.0,P
4655,3502,2020-11-21T20:20:21.575000+00:00,1.0,S
4656,3183,2020-11-21T20:20:18.385000+00:00,1.0,P
4656,3502,2020-11-21T20:20:21.575000+00:00,1.0,S
4657,3183,2020-11-21T20:20:18.385000+00:00,1.0,P
4657,3503,2020-11-21T20:20:21.585000+00:00,1.0,S
4658,3183,2020-11-21T20:20:18.385000+00:00,1.0,P
4658,3503,2020-11-21T20:20:21.585000+00:00,1.0,S
4659,3183,2020-11-21T20:20:18.385000+00:00,1.0,P
4659,3503,2020-11-21T20:20:21.585000+00:00,1.0,S
4660,3183,2020-11-21T20:20:18.385000+00:00,1.0,P
4660,3503,2020-11-21T20:20:21.585000+00:00,1.0,S
4661,3183,2020-11-21T20:20:18.385000+00:00,1.0,P
4661,3504,2020-11-21T20:20:21.595000+00:00,1.0,S
4662,3183,2020-11-21T20:20:18.385000+00:00,1.0,P
4662,3504,2020-11-21T20:20:21.595000+00:00,1.0,S
4663,3183,2020-11-21T20:20:18.385000+00:00,1.0,P
4663,3504,2020-11-21T20:20:21.595000+00:00,1.0,S
4664,3183,2020-11-21T20:20:18.385000+00:00,1.0,P
4664,3504,2020-11-21T20:20:21.595000+00:00,1.0,S
4665,3183,2020-11-21T20:20:18.385000+00:00,1.0,P
4665,3504,2020-11-21T20:20:21.595000+00:00,1.0,S
4666,3183,2020-11-21T20:20:18.385000+00:00,1.0,P
4666,3504,2020-11-21T20:20:21.595000+00:00,1.0,S
4667,3183,2020-11-21T20:20:18.385000+00:00,1.0,P
4667,3505,2020-11-21T20:20:21.605000+00:00,1.0,S
4668,3183,2020-11-21T20:20:18.385000+00:00,1.0,P
4668,3505,2020-11-21T20:20:21.605000+00:00,1.0,S
4669,3183,2020-11-21T20:20:18.385000+00:00,1.0,P
4669,3505,2020-11-21T20:20:21.605000+00:00,1.0,S
