channel_index,phase_index,phase_time,phase_score,phase_type
0,3188,2021-06-05T17:52:36.114000+00:00,1.0,P
0,3443,2021-06-05T17:52:38.664000+00:00,1.0,S
1,3187,2021-06-05T17:52:36.104000+00:00,1.0,P
1,3443,2021-06-05T17:52:38.664000+00:00,1.0,S
2,3187,2021-06-05T17:52:36.104000+00:00,1.0,P
2,3443,2021-06-05T17:52:38.664000+00:00,1.0,S
3,3187,2021-06-05T17:52:36.104000+00:00,1.0,P
3,3442,2021-06-05T17:52:38.654000+00:00,1.0,S
4,3187,2021-06-05T17:52:36.104000+00:00,1.0,P
4,3442,2021-06-05T17:52:38.654000+00:00,1.0,S
5,3187,2021-06-05T17:52:36.104000+00:00,1.0,P
5,3442,2021-06-05T17:52:38.654000+00:00,1.0,S
6,3187,2021-06-05T17:52:36.104000+00:00,1.0,P
6,3442,2021-06-05T17:52:38.654000+00:00,1.0,S
7,3187,2021-06-05T17:52:36.104000+00:00,1.0,P
7,3442,2021-06-05T17:52:38.654000+00:00,1.0,S
8,3187,2021-06-05T17:52:36.104000+00:00,1.0,P
8,3442,2021-06-05T17:52:38.654000+00:00,1.0,S
9,3187,2021-06-05T17:52:36.104000+00:00,1.0,P
9,3442,2021-06-05T17:52:38.654000+00:00,1.0,S
10,3187,2021-06-05T17:52:36.104000+00:00,1.0,P
10,3442,2021-06-05T17:52:38.654000+00:00,1.0,S
11,3187,2021-06-05T17:52:36.104000+00:00,1.0,P
11,3442,2021-06-05T17:52:38.654000+00:00,1.0,S
12,3187,2021-06-05T17:52:36.104000+00:00,1.0,P
12,3442,2021-06-05T17:52:38.654000+00:00,1.0,S
13,3187,2021-06-05T17:52:36.104000+00:00,1.0,P
13,3442,2021-06-05T17:52:38.654000+00:00,1.0,S
14,3187,2021-06-05T17:52:36.104000+00:00,1.0,P
14,3442,2021-06-05T17:52:38.654000+00:00,1.0,S
15,3187,2021-06-05T17:52:36.104000+00:00,1.0,P
15,3442,2021-06-05T17:52:38.654000+00:00,1.0,S
16,3187,2021-06-05T17:52:36.104000+00:00,1.0,P
16,3442,2021-06-05T17:52:38.654000+00:00,1.0,S
17,3187,2021-06-05T17:52:36.104000+00:00,1.0,P
17,3442,2021-06-05T17:52:38.654000+00:00,1.0,S
18,3186,2021-06-05T17:52:36.094000+00:00,1.0,P
18,3442,2021-06-05T17:52:38.654000+00:00,1.0,S
19,3186,2021-06-05T17:52:36.094000+00:00,1.0,P
19,3442,2021-06-05T17:52:38.654000+00:00,1.0,S
20,3186,2021-06-05T17:52:36.094000+00:00,1.0,P
20,3442,2021-06-05T17:52:38.654000+00:00,1.0,S
21,3186,2021-06-05T17:52:36.094000+00:00,1.0,P
21,3442,2021-06-05T17:52:38.654000+00:00,1.0,S
22,3186,2021-06-05T17:52:36.094000+00:00,1.0,P
22,3442,2021-06-05T17:52:38.654000+00:00,1.0,S
23,3186,2021-06-05T17:52:36.094000+00:00,1.0,P
23,3442,2021-06-05T17:52:38.654000+00:00,1.0,S
24,3186,2021-06-05T17:52:36.094000+00:00,1.0,P
24,3442,2021-06-05T17:52:38.654000+00:00,1.0,S
25,3186,2021-06-05T17:52:36.094000+00:00,1.0,P
25,3442,2021-06-05T17:52:38.654000+00:00,1.0,S
26,3186,2021-06-05T17:52:36.094000+00:00,1.0,P
26,3442,2021-06-05T17:52:38.654000+00:00,1.0,S
27,3186,2021-06-05T17:52:36.094000+00:00,1.0,P
27,3442,2021-06-05T17:52:38.654000+00:00,1.0,S
28,3186,2021-06-05T17:52:36.094000+00:00,1.0,P
28,3442,2021-06-05T17:52:38.654000+00:00,1.0,S
29,3186,2021-06-05T17:52:36.094000+00:00,1.0,P
29,3441,2021-06-05T17:52:38.644000+00:00,1.0,S
30,3186,2021-06-05T17:52:36.094000+00:00,1.0,P
30,3441,2021-06-05T17:52:38.644000+00:00,1.0,S
31,3186,2021-06-05T17:52:36.094000+00:00,1.0,P
31,3441,2021-06-05T17:52:38.644000+00:00,1.0,S
32,3186,2021-06-05T17:52:36.094000+00:00,1.0,P
32,3441,2021-06-05T17:52:38.644000+00:00,1.0,S
33,3186,2021-06-05T17:52:36.094000+00:00,1.0,P
33,3441,2021-06-05T17:52:38.644000+00:00,1.0,S
34,3186,2021-06-05T17:52:36.094000+00:00,1.0,P
34,3441,2021-06-05T17:52:38.644000+00:00,1.0,S
35,3186,2021-06-05T17:52:36.094000+00:00,1.0,P
35,3441,2021-06-05T17:52:38.644000+00:00,1.0,S
36,3186,2021-06-05T17:52:36.094000+00:00,1.0,P
36,3440,2021-06-05T17:52:38.634000+00:00,1.0,S
37,3185,2021-06-05T17:52:36.084000+00:00,1.0,P
37,3440,2021-06-05T17:52:38.634000+00:00,1.0,S
38,3185,2021-06-05T17:52:36.084000+00:00,1.0,P
38,3440,2021-06-05T17:52:38.634000+00:00,1.0,S
39,3185,2021-06-05T17:52:36.084000+00:00,1.0,P
39,3440,2021-06-05T17:52:38.634000+00:00,1.0,S
40,3185,2021-06-05T17:52:36.084000+00:00,1.0,P
40,3440,2021-06-05T17:52:38.634000+00:00,1.0,S
41,3185,2021-06-05T17:52:36.084000+00:00,1.0,P
41,3440,2021-06-05T17:52:38.634000+00:00,1.0,S
42,3185,2021-06-05T17:52:36.084000+00:00,1.0,P
42,3440,2021-06-05T17:52:38.634000+00:00,1.0,S
43,3185,2021-06-05T17:52:36.084000+00:00,1.0,P
43,3440,2021-06-05T17:52:38.634000+00:00,1.0,S
44,3185,2021-06-05T17:52:36.084000+00:00,1.0,P
44,3439,2021-06-05T17:52:38.624000+00:00,1.0,S
45,3185,2021-06-05T17:52:36.084000+00:00,1.0,P
45,3439,2021-06-05T17:52:38.624000+00:00,1.0,S
46,3185,2021-06-05T17:52:36.084000+00:00,1.0,P
46,3439,2021-06-05T17:52:38.624000+00:00,1.0,S
47,3185,2021-06-05T17:52:36.084000+00:00,1.0,P
47,3439,2021-06-05T17:52:38.624000+00:00,1.0,S
48,3185,2021-06-05T17:52:36.084000+00:00,1.0,P
48,3439,2021-06-05T17:52:38.624000+00:00,1.0,S
49,3185,2021-06-05T17:52:36.084000+00:00,1.0,P
49,3439,2021-06-05T17:52:38.624000+00:00,1.0,S
50,3185,2021-06-05T17:52:36.084000+00:00,1.0,P
50,3439,2021-06-05T17:52:38.624000+00:00,1.0,S
51,3185,2021-06-05T17:52:36.084000+00:00,1.0,P
51,3439,2021-06-05T17:52:38.624000+00:00,1.0,S
52,3185,2021-06-05T17:52:36.084000+00:00,1.0,P
52,3439,2021-06-05T17:52:38.624000+00:00,1.0,S
53,3184,2021-06-05T17:52:36.074000+00:00,1.0,P
53,3438,2021-06-05T17:52:38.614000+00:00,1.0,S
54,3184,2021-06-05T17:52:36.074000+00:00,1.0,P
54,3438,2021-06-05T17:52:38.614000+00:00,1.0,S
55,3184,2021-06-05T17:52:36.074000+00:00,1.0,P
55,3438,2021-06-05T17:52:38.614000+00:00,1.0,S
56,3184,2021-06-05T17:52:36.074000+00:00,1.0,P
56,3438,2021-06-05T17:52:38.614000+00:00,1.0,S
57,3184,2021-06-05T17:52:36.074000+00:00,1.0,P
57,3438,2021-06-05T17:52:38.614000+00:00,1.0,S
58,3184,2021-06-05T17:52:36.074000+00:00,1.0,P
58,3438,2021-06-05T17:52:38.614000+00:00,1.0,S
59,3184,2021-06-05T17:52:36.074000+00:00,1.0,P
59,3438,2021-06-05T17:52:38.614000+00:00,1.0,S
60,3184,2021-06-05T17:52:36.074000+00:00,1.0,P
60,3437,2021-06-05T17:52:38.604000+00:00,1.0,S
61,3184,2021-06-05T17:52:36.074000+00:00,1.0,P
61,3437,2021-06-05T17:52:38.604000+00:00,1.0,S
62,3184,2021-06-05T17:52:36.074000+00:00,1.0,P
62,3437,2021-06-05T17:52:38.604000+00:00,1.0,S
63,3184,2021-06-05T17:52:36.074000+00:00,1.0,P
63,3437,2021-06-05T17:52:38.604000+00:00,1.0,S
64,3184,2021-06-05T17:52:36.074000+00:00,1.0,P
64,3437,2021-06-05T17:52:38.604000+00:00,1.0,S
65,3184,2021-06-05T17:52:36.074000+00:00,1.0,P
65,3437,2021-06-05T17:52:38.604000+00:00,1.0,S
66,3184,2021-06-05T17:52:36.074000+00:00,1.0,P
66,3437,2021-06-05T17:52:38.604000+00:00,1.0,S
67,3184,2021-06-05T17:52:36.074000+00:00,1.0,P
67,3437,2021-06-05T17:52:38.604000+00:00,1.0,S
68,3184,2021-06-05T17:52:36.074000+00:00,1.0,P
68,3437,2021-06-05T17:52:38.604000+00:00,1.0,S
69,3183,2021-06-05T17:52:36.064000+00:00,1.0,P
69,3436,2021-06-05T17:52:38.594000+00:00,1.0,S
70,3183,2021-06-05T17:52:36.064000+00:00,1.0,P
70,3436,2021-06-05T17:52:38.594000+00:00,1.0,S
71,3183,2021-06-05T17:52:36.064000+00:00,1.0,P
71,3436,2021-06-05T17:52:38.594000+00:00,1.0,S
72,3183,2021-06-05T17:52:36.064000+00:00,1.0,P
72,3436,2021-06-05T17:52:38.594000+00:00,1.0,S
73,3183,2021-06-05T17:52:36.064000+00:00,1.0,P
73,3436,2021-06-05T17:52:38.594000+00:00,1.0,S
74,3183,2021-06-05T17:52:36.064000+00:00,1.0,P
74,3436,2021-06-05T17:52:38.594000+00:00,1.0,S
75,3183,2021-06-05T17:52:36.064000+00:00,1.0,P
75,3436,2021-06-05T17:52:38.594000+00:00,1.0,S
76,3183,2021-06-05T17:52:36.064000+00:00,1.0,P
76,3436,2021-06-05T17:52:38.594000+00:00,1.0,S
77,3183,2021-06-05T17:52:36.064000+00:00,1.0,P
77,3436,2021-06-05T17:52:38.594000+00:00,1.0,S
78,3183,2021-06-05T17:52:36.064000+00:00,1.0,P
78,3436,2021-06-05T17:52:38.594000+00:00,1.0,S
79,3183,2021-06-05T17:52:36.064000+00:00,1.0,P
79,3435,2021-06-05T17:52:38.584000+00:00,1.0,S
80,3183,2021-06-05T17:52:36.064000+00:00,1.0,P
80,3435,2021-06-05T17:52:38.584000+00:00,1.0,S
81,3183,2021-06-05T17:52:36.064000+00:00,1.0,P
81,3435,2021-06-05T17:52:38.584000+00:00,1.0,S
82,3183,2021-06-05T17:52:36.064000+00:00,1.0,P
82,3435,2021-06-05T17:52:38.584000+00:00,1.0,S
83,3183,2021-06-05T17:52:36.064000+00:00,1.0,P
83,3435,2021-06-05T17:52:38.584000+00:00,1.0,S
84,3183,2021-06-05T17:52:36.064000+00:00,1.0,P
84,3435,2021-06-05T17:52:38.584000+00:00,1.0,S
85,3182,2021-06-05T17:52:36.054000+00:00,1.0,P
85,3435,2021-06-05T17:52:38.584000+00:00,1.0,S
86,3182,2021-06-05T17:52:36.054000+00:00,1.0,P
86,3435,2021-06-05T17:52:38.584000+00:00,1.0,S
87,3182,2021-06-05T17:52:36.054000+00:00,1.0,P
87,3435,2021-06-05T17:52:38.584000+00:00,1.0,S
88,3182,2021-06-05T17:52:36.054000+00:00,1.0,P
88,3435,2021-06-05T17:52:38.584000+00:00,1.0,S
89,3182,2021-06-05T17:52:36.054000+00:00,1.0,P
89,3435,2021-06-05T17:52:38.584000+00:00,1.0,S
90,3182,2021-06-05T17:52:36.054000+00:00,1.0,P
90,3434,2021-06-05T17:52:38.574000+00:00,1.0,S
91,3182,2021-06-05T17:52:36.054000+00:00,1.0,P
91,3434,2021-06-05T17:52:38.574000+00:00,1.0,S
92,3182,2021-06-05T17:52:36.054000+00:00,1.0,P
92,3434,2021-06-05T17:52:38.574000+00:00,1.0,S
93,3182,2021-06-05T17:52:36.054000+00:00,1.0,P
93,3434,2021-06-05T17:52:38.574000+00:00,1.0,S
94,3182,2021-06-05T17:52:36.054000+00:00,1.0,P
94,3434,2021-06-05T17:52:38.574000+00:00,1.0,S
95,3182,2021-06-05T17:52:36.054000+00:00,1.0,P
95,3434,2021-06-05T17:52:38.574000+00:00,1.0,S
96,3182,2021-06-05T17:52:36.054000+00:00,1.0,P
96,3434,2021-06-05T17:52:38.574000+00:00,1.0,S
97,3182,2021-06-05T17:52:36.054000+00:00,1.0,P
97,3434,2021-06-05T17:52:38.574000+00:00,1.0,S
98,3182,2021-06-05T17:52:36.054000+00:00,1.0,P
98,3434,2021-06-05T17:52:38.574000+00:00,1.0,S
99,3182,2021-06-05T17:52:36.054000+00:00,1.0,P
99,3434,2021-06-05T17:52:38.574000+00:00,1.0,S
100,3182,2021-06-05T17:52:36.054000+00:00,1.0,P
100,3434,2021-06-05T17:52:38.574000+00:00,1.0,S
101,3182,2021-06-05T17:52:36.054000+00:00,1.0,P
101,3434,2021-06-05T17:52:38.574000+00:00,1.0,S
102,3181,2021-06-05T17:52:36.044000+00:00,1.0,P
102,3433,2021-06-05T17:52:38.564000+00:00,1.0,S
103,3181,2021-06-05T17:52:36.044000+00:00,1.0,P
103,3433,2021-06-05T17:52:38.564000+00:00,1.0,S
104,3181,2021-06-05T17:52:36.044000+00:00,1.0,P
104,3433,2021-06-05T17:52:38.564000+00:00,1.0,S
105,3181,2021-06-05T17:52:36.044000+00:00,1.0,P
105,3433,2021-06-05T17:52:38.564000+00:00,1.0,S
106,3181,2021-06-05T17:52:36.044000+00:00,1.0,P
106,3433,2021-06-05T17:52:38.564000+00:00,1.0,S
107,3181,2021-06-05T17:52:36.044000+00:00,1.0,P
107,3433,2021-06-05T17:52:38.564000+00:00,1.0,S
108,3181,2021-06-05T17:52:36.044000+00:00,1.0,P
108,3433,2021-06-05T17:52:38.564000+00:00,1.0,S
109,3181,2021-06-05T17:52:36.044000+00:00,1.0,P
109,3432,2021-06-05T17:52:38.554000+00:00,1.0,S
110,3181,2021-06-05T17:52:36.044000+00:00,1.0,P
110,3432,2021-06-05T17:52:38.554000+00:00,1.0,S
111,3181,2021-06-05T17:52:36.044000+00:00,1.0,P
111,3432,2021-06-05T17:52:38.554000+00:00,1.0,S
112,3180,2021-06-05T17:52:36.034000+00:00,1.0,P
112,3432,2021-06-05T17:52:38.554000+00:00,1.0,S
113,3180,2021-06-05T17:52:36.034000+00:00,1.0,P
113,3432,2021-06-05T17:52:38.554000+00:00,1.0,S
114,3180,2021-06-05T17:52:36.034000+00:00,1.0,P
114,3432,2021-06-05T17:52:38.554000+00:00,1.0,S
115,3180,2021-06-05T17:52:36.034000+00:00,1.0,P
115,3431,2021-06-05T17:52:38.544000+00:00,1.0,S
116,3180,2021-06-05T17:52:36.034000+00:00,1.0,P
116,3431,2021-06-05T17:52:38.544000+00:00,1.0,S
117,3180,2021-06-05T17:52:36.034000+00:00,1.0,P
117,3431,2021-06-05T17:52:38.544000+00:00,1.0,S
118,3180,2021-06-05T17:52:36.034000+00:00,1.0,P
118,3431,2021-06-05T17:52:38.544000+00:00,1.0,S
119,3180,2021-06-05T17:52:36.034000+00:00,1.0,P
119,3431,2021-06-05T17:52:38.544000+00:00,1.0,S
120,3180,2021-06-05T17:52:36.034000+00:00,1.0,P
120,3431,2021-06-05T17:52:38.544000+00:00,1.0,S
121,3179,2021-06-05T17:52:36.024000+00:00,1.0,P
121,3431,2021-06-05T17:52:38.544000+00:00,1.0,S
122,3179,2021-06-05T17:52:36.024000+00:00,1.0,P
122,3430,2021-06-05T17:52:38.534000+00:00,1.0,S
123,3179,2021-06-05T17:52:36.024000+00:00,1.0,P
123,3430,2021-06-05T17:52:38.534000+00:00,1.0,S
124,3179,2021-06-05T17:52:36.024000+00:00,1.0,P
124,3430,2021-06-05T17:52:38.534000+00:00,1.0,S
125,3179,2021-06-05T17:52:36.024000+00:00,1.0,P
125,3430,2021-06-05T17:52:38.534000+00:00,1.0,S
126,3179,2021-06-05T17:52:36.024000+00:00,1.0,P
126,3430,2021-06-05T17:52:38.534000+00:00,1.0,S
127,3179,2021-06-05T17:52:36.024000+00:00,1.0,P
127,3430,2021-06-05T17:52:38.534000+00:00,1.0,S
128,3179,2021-06-05T17:52:36.024000+00:00,1.0,P
128,3430,2021-06-05T17:52:38.534000+00:00,1.0,S
129,3178,2021-06-05T17:52:36.014000+00:00,1.0,P
129,3429,2021-06-05T17:52:38.524000+00:00,1.0,S
130,3178,2021-06-05T17:52:36.014000+00:00,1.0,P
130,3429,2021-06-05T17:52:38.524000+00:00,1.0,S
131,3178,2021-06-05T17:52:36.014000+00:00,1.0,P
131,3429,2021-06-05T17:52:38.524000+00:00,1.0,S
132,3178,2021-06-05T17:52:36.014000+00:00,1.0,P
132,3429,2021-06-05T17:52:38.524000+00:00,1.0,S
133,3178,2021-06-05T17:52:36.014000+00:00,1.0,P
133,3429,2021-06-05T17:52:38.524000+00:00,1.0,S
134,3178,2021-06-05T17:52:36.014000+00:00,1.0,P
134,3428,2021-06-05T17:52:38.514000+00:00,1.0,S
135,3178,2021-06-05T17:52:36.014000+00:00,1.0,P
135,3428,2021-06-05T17:52:38.514000+00:00,1.0,S
136,3177,2021-06-05T17:52:36.004000+00:00,1.0,P
136,3428,2021-06-05T17:52:38.514000+00:00,1.0,S
137,3177,2021-06-05T17:52:36.004000+00:00,1.0,P
137,3428,2021-06-05T17:52:38.514000+00:00,1.0,S
138,3177,2021-06-05T17:52:36.004000+00:00,1.0,P
138,3428,2021-06-05T17:52:38.514000+00:00,1.0,S
139,3177,2021-06-05T17:52:36.004000+00:00,1.0,P
139,3427,2021-06-05T17:52:38.504000+00:00,1.0,S
140,3177,2021-06-05T17:52:36.004000+00:00,1.0,P
140,3427,2021-06-05T17:52:38.504000+00:00,1.0,S
141,3177,2021-06-05T17:52:36.004000+00:00,1.0,P
141,3427,2021-06-05T17:52:38.504000+00:00,1.0,S
142,3177,2021-06-05T17:52:36.004000+00:00,1.0,P
142,3427,2021-06-05T17:52:38.504000+00:00,1.0,S
143,3176,2021-06-05T17:52:35.994000+00:00,1.0,P
143,3427,2021-06-05T17:52:38.504000+00:00,1.0,S
144,3176,2021-06-05T17:52:35.994000+00:00,1.0,P
144,3427,2021-06-05T17:52:38.504000+00:00,1.0,S
145,3176,2021-06-05T17:52:35.994000+00:00,1.0,P
145,3427,2021-06-05T17:52:38.504000+00:00,1.0,S
146,3176,2021-06-05T17:52:35.994000+00:00,1.0,P
146,3426,2021-06-05T17:52:38.493999+00:00,1.0,S
147,3176,2021-06-05T17:52:35.994000+00:00,1.0,P
147,3426,2021-06-05T17:52:38.493999+00:00,1.0,S
148,3176,2021-06-05T17:52:35.994000+00:00,1.0,P
148,3426,2021-06-05T17:52:38.493999+00:00,1.0,S
149,3175,2021-06-05T17:52:35.984000+00:00,1.0,P
149,3426,2021-06-05T17:52:38.493999+00:00,1.0,S
150,3175,2021-06-05T17:52:35.984000+00:00,1.0,P
150,3426,2021-06-05T17:52:38.493999+00:00,1.0,S
151,3175,2021-06-05T17:52:35.984000+00:00,1.0,P
151,3425,2021-06-05T17:52:38.484000+00:00,1.0,S
152,3175,2021-06-05T17:52:35.984000+00:00,1.0,P
152,3425,2021-06-05T17:52:38.484000+00:00,1.0,S
153,3175,2021-06-05T17:52:35.984000+00:00,1.0,P
153,3425,2021-06-05T17:52:38.484000+00:00,1.0,S
154,3175,2021-06-05T17:52:35.984000+00:00,1.0,P
154,3425,2021-06-05T17:52:38.484000+00:00,1.0,S
155,3175,2021-06-05T17:52:35.984000+00:00,1.0,P
155,3425,2021-06-05T17:52:38.484000+00:00,1.0,S
156,3174,2021-06-05T17:52:35.974000+00:00,1.0,P
156,3424,2021-06-05T17:52:38.474000+00:00,1.0,S
157,3174,2021-06-05T17:52:35.974000+00:00,1.0,P
157,3424,2021-06-05T17:52:38.474000+00:00,1.0,S
158,3174,2021-06-05T17:52:35.974000+00:00,1.0,P
158,3424,2021-06-05T17:52:38.474000+00:00,1.0,S
159,3174,2021-06-05T17:52:35.974000+00:00,1.0,P
159,3424,2021-06-05T17:52:38.474000+00:00,1.0,S
160,3174,2021-06-05T17:52:35.974000+00:00,1.0,P
160,3423,2021-06-05T17:52:38.464000+00:00,1.0,S
161,3174,2021-06-05T17:52:35.974000+00:00,1.0,P
161,3423,2021-06-05T17:52:38.464000+00:00,1.0,S
162,3174,2021-06-05T17:52:35.974000+00:00,1.0,P
162,3423,2021-06-05T17:52:38.464000+00:00,1.0,S
163,3174,2021-06-05T17:52:35.974000+00:00,1.0,P
163,3423,2021-06-05T17:52:38.464000+00:00,1.0,S
164,3173,2021-06-05T17:52:35.964000+00:00,1.0,P
164,3422,2021-06-05T17:52:38.454000+00:00,1.0,S
165,3173,2021-06-05T17:52:35.964000+00:00,1.0,P
165,3422,2021-06-05T17:52:38.454000+00:00,1.0,S
166,3173,2021-06-05T17:52:35.964000+00:00,1.0,P
166,3422,2021-06-05T17:52:38.454000+00:00,1.0,S
167,3173,2021-06-05T17:52:35.964000+00:00,1.0,P
167,3421,2021-06-05T17:52:38.444000+00:00,1.0,S
168,3173,2021-06-05T17:52:35.964000+00:00,1.0,P
168,3421,2021-06-05T17:52:38.444000+00:00,1.0,S
169,3173,2021-06-05T17:52:35.964000+00:00,1.0,P
169,3421,2021-06-05T17:52:38.444000+00:00,1.0,S
170,3173,2021-06-05T17:52:35.964000+00:00,1.0,P
170,3421,2021-06-05T17:52:38.444000+00:00,1.0,S
171,3172,2021-06-05T17:52:35.954000+00:00,1.0,P
171,3420,2021-06-05T17:52:38.434000+00:00,1.0,S
172,3172,2021-06-05T17:52:35.954000+00:00,1.0,P
172,3420,2021-06-05T17:52:38.434000+00:00,1.0,S
173,3172,2021-06-05T17:52:35.954000+00:00,1.0,P
173,3420,2021-06-05T17:52:38.434000+00:00,1.0,S
174,3172,2021-06-05T17:52:35.954000+00:00,1.0,P
174,3419,2021-06-05T17:52:38.423999+00:00,1.0,S
175,3172,2021-06-05T17:52:35.954000+00:00,1.0,P
175,3419,2021-06-05T17:52:38.423999+00:00,1.0,S
176,3172,2021-06-05T17:52:35.954000+00:00,1.0,P
176,3419,2021-06-05T17:52:38.423999+00:00,1.0,S
177,3172,2021-06-05T17:52:35.954000+00:00,1.0,P
177,3418,2021-06-05T17:52:38.414000+00:00,1.0,S
178,3171,2021-06-05T17:52:35.944000+00:00,1.0,P
178,3418,2021-06-05T17:52:38.414000+00:00,1.0,S
179,3171,2021-06-05T17:52:35.944000+00:00,1.0,P
179,3418,2021-06-05T17:52:38.414000+00:00,1.0,S
180,3171,2021-06-05T17:52:35.944000+00:00,1.0,P
180,3418,2021-06-05T17:52:38.414000+00:00,1.0,S
181,3171,2021-06-05T17:52:35.944000+00:00,1.0,P
181,3417,2021-06-05T17:52:38.404000+00:00,1.0,S
182,3171,2021-06-05T17:52:35.944000+00:00,1.0,P
182,3417,2021-06-05T17:52:38.404000+00:00,1.0,S
183,3171,2021-06-05T17:52:35.944000+00:00,1.0,P
183,3417,2021-06-05T17:52:38.404000+00:00,1.0,S
184,3171,2021-06-05T17:52:35.944000+00:00,1.0,P
184,3416,2021-06-05T17:52:38.394000+00:00,1.0,S
185,3170,2021-06-05T17:52:35.934000+00:00,1.0,P
185,3416,2021-06-05T17:52:38.394000+00:00,1.0,S
186,3170,2021-06-05T17:52:35.934000+00:00,1.0,P
186,3416,2021-06-05T17:52:38.394000+00:00,1.0,S
187,3170,2021-06-05T17:52:35.934000+00:00,1.0,P
187,3416,2021-06-05T17:52:38.394000+00:00,1.0,S
188,3170,2021-06-05T17:52:35.934000+00:00,1.0,P
188,3415,2021-06-05T17:52:38.384000+00:00,1.0,S
189,3170,2021-06-05T17:52:35.934000+00:00,1.0,P
189,3415,2021-06-05T17:52:38.384000+00:00,1.0,S
190,3170,2021-06-05T17:52:35.934000+00:00,1.0,P
190,3415,2021-06-05T17:52:38.384000+00:00,1.0,S
191,3170,2021-06-05T17:52:35.934000+00:00,1.0,P
191,3414,2021-06-05T17:52:38.374000+00:00,1.0,S
192,3169,2021-06-05T17:52:35.924000+00:00,1.0,P
192,3414,2021-06-05T17:52:38.374000+00:00,1.0,S
193,3169,2021-06-05T17:52:35.924000+00:00,1.0,P
193,3414,2021-06-05T17:52:38.374000+00:00,1.0,S
194,3169,2021-06-05T17:52:35.924000+00:00,1.0,P
194,3413,2021-06-05T17:52:38.364000+00:00,1.0,S
195,3169,2021-06-05T17:52:35.924000+00:00,1.0,P
195,3413,2021-06-05T17:52:38.364000+00:00,1.0,S
196,3169,2021-06-05T17:52:35.924000+00:00,1.0,P
196,3413,2021-06-05T17:52:38.364000+00:00,1.0,S
197,3169,2021-06-05T17:52:35.924000+00:00,1.0,P
197,3412,2021-06-05T17:52:38.353999+00:00,1.0,S
198,3169,2021-06-05T17:52:35.924000+00:00,1.0,P
198,3412,2021-06-05T17:52:38.353999+00:00,1.0,S
199,3168,2021-06-05T17:52:35.914000+00:00,1.0,P
199,3412,2021-06-05T17:52:38.353999+00:00,1.0,S
200,3168,2021-06-05T17:52:35.914000+00:00,1.0,P
200,3412,2021-06-05T17:52:38.353999+00:00,1.0,S
201,3168,2021-06-05T17:52:35.914000+00:00,1.0,P
201,3411,2021-06-05T17:52:38.344000+00:00,1.0,S
202,3168,2021-06-05T17:52:35.914000+00:00,1.0,P
202,3411,2021-06-05T17:52:38.344000+00:00,1.0,S
203,3168,2021-06-05T17:52:35.914000+00:00,1.0,P
203,3411,2021-06-05T17:52:38.344000+00:00,1.0,S
204,3168,2021-06-05T17:52:35.914000+00:00,1.0,P
204,3410,2021-06-05T17:52:38.334000+00:00,1.0,S
205,3168,2021-06-05T17:52:35.914000+00:00,1.0,P
205,3410,2021-06-05T17:52:38.334000+00:00,1.0,S
206,3167,2021-06-05T17:52:35.904000+00:00,1.0,P
206,3410,2021-06-05T17:52:38.334000+00:00,1.0,S
207,3167,2021-06-05T17:52:35.904000+00:00,1.0,P
207,3410,2021-06-05T17:52:38.334000+00:00,1.0,S
208,3167,2021-06-05T17:52:35.904000+00:00,1.0,P
208,3409,2021-06-05T17:52:38.324000+00:00,1.0,S
209,3167,2021-06-05T17:52:35.904000+00:00,1.0,P
209,3409,2021-06-05T17:52:38.324000+00:00,1.0,S
210,3167,2021-06-05T17:52:35.904000+00:00,1.0,P
210,3409,2021-06-05T17:52:38.324000+00:00,1.0,S
211,3167,2021-06-05T17:52:35.904000+00:00,1.0,P
211,3408,2021-06-05T17:52:38.314000+00:00,1.0,S
212,3167,2021-06-05T17:52:35.904000+00:00,1.0,P
212,3408,2021-06-05T17:52:38.314000+00:00,1.0,S
213,3166,2021-06-05T17:52:35.894000+00:00,1.0,P
213,3408,2021-06-05T17:52:38.314000+00:00,1.0,S
214,3166,2021-06-05T17:52:35.894000+00:00,1.0,P
214,3408,2021-06-05T17:52:38.314000+00:00,1.0,S
215,3166,2021-06-05T17:52:35.894000+00:00,1.0,P
215,3407,2021-06-05T17:52:38.304000+00:00,1.0,S
216,3166,2021-06-05T17:52:35.894000+00:00,1.0,P
216,3407,2021-06-05T17:52:38.304000+00:00,1.0,S
217,3166,2021-06-05T17:52:35.894000+00:00,1.0,P
217,3407,2021-06-05T17:52:38.304000+00:00,1.0,S
218,3166,2021-06-05T17:52:35.894000+00:00,1.0,P
218,3406,2021-06-05T17:52:38.294000+00:00,1.0,S
219,3166,2021-06-05T17:52:35.894000+00:00,1.0,P
219,3406,2021-06-05T17:52:38.294000+00:00,1.0,S
220,3165,2021-06-05T17:52:35.884000+00:00,1.0,P
220,3406,2021-06-05T17:52:38.294000+00:00,1.0,S
221,3165,2021-06-05T17:52:35.884000+00:00,1.0,P
221,3405,2021-06-05T17:52:38.283999+00:00,1.0,S
222,3165,2021-06-05T17:52:35.884000+00:00,1.0,P
222,3405,2021-06-05T17:52:38.283999+00:00,1.0,S
223,3165,2021-06-05T17:52:35.884000+00:00,1.0,P
223,3405,2021-06-05T17:52:38.283999+00:00,1.0,S
224,3165,2021-06-05T17:52:35.884000+00:00,1.0,P
224,3405,2021-06-05T17:52:38.283999+00:00,1.0,S
225,3165,2021-06-05T17:52:35.884000+00:00,1.0,P
225,3404,2021-06-05T17:52:38.274000+00:00,1.0,S
226,3165,2021-06-05T17:52:35.884000+00:00,1.0,P
226,3404,2021-06-05T17:52:38.274000+00:00,1.0,S
227,3164,2021-06-05T17:52:35.874000+00:00,1.0,P
227,3404,2021-06-05T17:52:38.274000+00:00,1.0,S
228,3164,2021-06-05T17:52:35.874000+00:00,1.0,P
228,3404,2021-06-05T17:52:38.274000+00:00,1.0,S
229,3164,2021-06-05T17:52:35.874000+00:00,1.0,P
229,3403,2021-06-05T17:52:38.264000+00:00,1.0,S
230,3164,2021-06-05T17:52:35.874000+00:00,1.0,P
230,3403,2021-06-05T17:52:38.264000+00:00,1.0,S
231,3164,2021-06-05T17:52:35.874000+00:00,1.0,P
231,3403,2021-06-05T17:52:38.264000+00:00,1.0,S
232,3164,2021-06-05T17:52:35.874000+00:00,1.0,P
232,3403,2021-06-05T17:52:38.264000+00:00,1.0,S
233,3164,2021-06-05T17:52:35.874000+00:00,1.0,P
233,3403,2021-06-05T17:52:38.264000+00:00,1.0,S
234,3163,2021-06-05T17:52:35.864000+00:00,1.0,P
234,3402,2021-06-05T17:52:38.254000+00:00,1.0,S
235,3163,2021-06-05T17:52:35.864000+00:00,1.0,P
235,3402,2021-06-05T17:52:38.254000+00:00,1.0,S
236,3163,2021-06-05T17:52:35.864000+00:00,1.0,P
236,3402,2021-06-05T17:52:38.254000+00:00,1.0,S
237,3163,2021-06-05T17:52:35.864000+00:00,1.0,P
237,3402,2021-06-05T17:52:38.254000+00:00,1.0,S
238,3163,2021-06-05T17:52:35.864000+00:00,1.0,P
238,3402,2021-06-05T17:52:38.254000+00:00,1.0,S
239,3163,2021-06-05T17:52:35.864000+00:00,1.0,P
239,3401,2021-06-05T17:52:38.243999+00:00,1.0,S
240,3163,2021-06-05T17:52:35.864000+00:00,1.0,P
240,3401,2021-06-05T17:52:38.243999+00:00,1.0,S
241,3163,2021-06-05T17:52:35.864000+00:00,1.0,P
241,3401,2021-06-05T17:52:38.243999+00:00,1.0,S
242,3162,2021-06-05T17:52:35.854000+00:00,1.0,P
242,3401,2021-06-05T17:52:38.243999+00:00,1.0,S
243,3162,2021-06-05T17:52:35.854000+00:00,1.0,P
243,3400,2021-06-05T17:52:38.234000+00:00,1.0,S
244,3162,2021-06-05T17:52:35.854000+00:00,1.0,P
244,3400,2021-06-05T17:52:38.234000+00:00,1.0,S
245,3162,2021-06-05T17:52:35.854000+00:00,1.0,P
245,3400,2021-06-05T17:52:38.234000+00:00,1.0,S
246,3162,2021-06-05T17:52:35.854000+00:00,1.0,P
246,3400,2021-06-05T17:52:38.234000+00:00,1.0,S
247,3162,2021-06-05T17:52:35.854000+00:00,1.0,P
247,3399,2021-06-05T17:52:38.224000+00:00,1.0,S
248,3162,2021-06-05T17:52:35.854000+00:00,1.0,P
248,3399,2021-06-05T17:52:38.224000+00:00,1.0,S
249,3162,2021-06-05T17:52:35.854000+00:00,1.0,P
249,3399,2021-06-05T17:52:38.224000+00:00,1.0,S
250,3161,2021-06-05T17:52:35.844000+00:00,1.0,P
250,3399,2021-06-05T17:52:38.224000+00:00,1.0,S
251,3161,2021-06-05T17:52:35.844000+00:00,1.0,P
251,3398,2021-06-05T17:52:38.214000+00:00,1.0,S
252,3161,2021-06-05T17:52:35.844000+00:00,1.0,P
252,3398,2021-06-05T17:52:38.214000+00:00,1.0,S
253,3161,2021-06-05T17:52:35.844000+00:00,1.0,P
253,3398,2021-06-05T17:52:38.214000+00:00,1.0,S
254,3161,2021-06-05T17:52:35.844000+00:00,1.0,P
254,3398,2021-06-05T17:52:38.214000+00:00,1.0,S
255,3161,2021-06-05T17:52:35.844000+00:00,1.0,P
255,3397,2021-06-05T17:52:38.204000+00:00,1.0,S
256,3161,2021-06-05T17:52:35.844000+00:00,1.0,P
256,3397,2021-06-05T17:52:38.204000+00:00,1.0,S
257,3161,2021-06-05T17:52:35.844000+00:00,1.0,P
257,3397,2021-06-05T17:52:38.204000+00:00,1.0,S
258,3160,2021-06-05T17:52:35.834000+00:00,1.0,P
258,3397,2021-06-05T17:52:38.204000+00:00,1.0,S
259,3160,2021-06-05T17:52:35.834000+00:00,1.0,P
259,3396,2021-06-05T17:52:38.194000+00:00,1.0,S
260,3160,2021-06-05T17:52:35.834000+00:00,1.0,P
260,3396,2021-06-05T17:52:38.194000+00:00,1.0,S
261,3160,2021-06-05T17:52:35.834000+00:00,1.0,P
261,3396,2021-06-05T17:52:38.194000+00:00,1.0,S
262,3160,2021-06-05T17:52:35.834000+00:00,1.0,P
262,3395,2021-06-05T17:52:38.184000+00:00,1.0,S
263,3160,2021-06-05T17:52:35.834000+00:00,1.0,P
263,3395,2021-06-05T17:52:38.184000+00:00,1.0,S
264,3160,2021-06-05T17:52:35.834000+00:00,1.0,P
264,3395,2021-06-05T17:52:38.184000+00:00,1.0,S
265,3160,2021-06-05T17:52:35.834000+00:00,1.0,P
265,3395,2021-06-05T17:52:38.184000+00:00,1.0,S
266,3159,2021-06-05T17:52:35.824000+00:00,1.0,P
266,3394,2021-06-05T17:52:38.173999+00:00,1.0,S
267,3159,2021-06-05T17:52:35.824000+00:00,1.0,P
267,3394,2021-06-05T17:52:38.173999+00:00,1.0,S
268,3159,2021-06-05T17:52:35.824000+00:00,1.0,P
268,3394,2021-06-05T17:52:38.173999+00:00,1.0,S
269,3159,2021-06-05T17:52:35.824000+00:00,1.0,P
269,3394,2021-06-05T17:52:38.173999+00:00,1.0,S
270,3159,2021-06-05T17:52:35.824000+00:00,1.0,P
270,3393,2021-06-05T17:52:38.164000+00:00,1.0,S
271,3159,2021-06-05T17:52:35.824000+00:00,1.0,P
271,3393,2021-06-05T17:52:38.164000+00:00,1.0,S
272,3159,2021-06-05T17:52:35.824000+00:00,1.0,P
272,3393,2021-06-05T17:52:38.164000+00:00,1.0,S
273,3159,2021-06-05T17:52:35.824000+00:00,1.0,P
273,3393,2021-06-05T17:52:38.164000+00:00,1.0,S
274,3158,2021-06-05T17:52:35.814000+00:00,1.0,P
274,3392,2021-06-05T17:52:38.154000+00:00,1.0,S
275,3158,2021-06-05T17:52:35.814000+00:00,1.0,P
275,3392,2021-06-05T17:52:38.154000+00:00,1.0,S
276,3158,2021-06-05T17:52:35.814000+00:00,1.0,P
276,3392,2021-06-05T17:52:38.154000+00:00,1.0,S
277,3158,2021-06-05T17:52:35.814000+00:00,1.0,P
277,3392,2021-06-05T17:52:38.154000+00:00,1.0,S
278,3158,2021-06-05T17:52:35.814000+00:00,1.0,P
278,3391,2021-06-05T17:52:38.144000+00:00,1.0,S
279,3158,2021-06-05T17:52:35.814000+00:00,1.0,P
279,3391,2021-06-05T17:52:38.144000+00:00,1.0,S
280,3158,2021-06-05T17:52:35.814000+00:00,1.0,P
280,3391,2021-06-05T17:52:38.144000+00:00,1.0,S
281,3158,2021-06-05T17:52:35.814000+00:00,1.0,P
281,3391,2021-06-05T17:52:38.144000+00:00,1.0,S
282,3158,2021-06-05T17:52:35.814000+00:00,1.0,P
282,3390,2021-06-05T17:52:38.134000+00:00,1.0,S
283,3158,2021-06-05T17:52:35.814000+00:00,1.0,P
283,3390,2021-06-05T17:52:38.134000+00:00,1.0,S
284,3157,2021-06-05T17:52:35.804000+00:00,1.0,P
284,3390,2021-06-05T17:52:38.134000+00:00,1.0,S
285,3157,2021-06-05T17:52:35.804000+00:00,1.0,P
285,3390,2021-06-05T17:52:38.134000+00:00,1.0,S
286,3157,2021-06-05T17:52:35.804000+00:00,1.0,P
286,3389,2021-06-05T17:52:38.124000+00:00,1.0,S
287,3157,2021-06-05T17:52:35.804000+00:00,1.0,P
287,3389,2021-06-05T17:52:38.124000+00:00,1.0,S
288,3157,2021-06-05T17:52:35.804000+00:00,1.0,P
288,3389,2021-06-05T17:52:38.124000+00:00,1.0,S
289,3157,2021-06-05T17:52:35.804000+00:00,1.0,P
289,3389,2021-06-05T17:52:38.124000+00:00,1.0,S
290,3157,2021-06-05T17:52:35.804000+00:00,1.0,P
290,3388,2021-06-05T17:52:38.114000+00:00,1.0,S
291,3157,2021-06-05T17:52:35.804000+00:00,1.0,P
291,3388,2021-06-05T17:52:38.114000+00:00,1.0,S
292,3157,2021-06-05T17:52:35.804000+00:00,1.0,P
292,3388,2021-06-05T17:52:38.114000+00:00,1.0,S
293,3157,2021-06-05T17:52:35.804000+00:00,1.0,P
293,3388,2021-06-05T17:52:38.114000+00:00,1.0,S
294,3156,2021-06-05T17:52:35.794000+00:00,1.0,P
294,3388,2021-06-05T17:52:38.114000+00:00,1.0,S
295,3156,2021-06-05T17:52:35.794000+00:00,1.0,P
295,3387,2021-06-05T17:52:38.103999+00:00,1.0,S
296,3156,2021-06-05T17:52:35.794000+00:00,1.0,P
296,3387,2021-06-05T17:52:38.103999+00:00,1.0,S
297,3156,2021-06-05T17:52:35.794000+00:00,1.0,P
297,3387,2021-06-05T17:52:38.103999+00:00,1.0,S
298,3156,2021-06-05T17:52:35.794000+00:00,1.0,P
298,3387,2021-06-05T17:52:38.103999+00:00,1.0,S
299,3156,2021-06-05T17:52:35.794000+00:00,1.0,P
299,3386,2021-06-05T17:52:38.094000+00:00,1.0,S
300,3156,2021-06-05T17:52:35.794000+00:00,1.0,P
300,3386,2021-06-05T17:52:38.094000+00:00,1.0,S
301,3156,2021-06-05T17:52:35.794000+00:00,1.0,P
301,3386,2021-06-05T17:52:38.094000+00:00,1.0,S
302,3156,2021-06-05T17:52:35.794000+00:00,1.0,P
302,3386,2021-06-05T17:52:38.094000+00:00,1.0,S
303,3156,2021-06-05T17:52:35.794000+00:00,1.0,P
303,3386,2021-06-05T17:52:38.094000+00:00,1.0,S
304,3155,2021-06-05T17:52:35.784000+00:00,1.0,P
304,3385,2021-06-05T17:52:38.084000+00:00,1.0,S
305,3155,2021-06-05T17:52:35.784000+00:00,1.0,P
305,3385,2021-06-05T17:52:38.084000+00:00,1.0,S
306,3155,2021-06-05T17:52:35.784000+00:00,1.0,P
306,3385,2021-06-05T17:52:38.084000+00:00,1.0,S
307,3155,2021-06-05T17:52:35.784000+00:00,1.0,P
307,3385,2021-06-05T17:52:38.084000+00:00,1.0,S
308,3155,2021-06-05T17:52:35.784000+00:00,1.0,P
308,3384,2021-06-05T17:52:38.074000+00:00,1.0,S
309,3155,2021-06-05T17:52:35.784000+00:00,1.0,P
309,3384,2021-06-05T17:52:38.074000+00:00,1.0,S
310,3155,2021-06-05T17:52:35.784000+00:00,1.0,P
310,3384,2021-06-05T17:52:38.074000+00:00,1.0,S
311,3155,2021-06-05T17:52:35.784000+00:00,1.0,P
311,3384,2021-06-05T17:52:38.074000+00:00,1.0,S
312,3155,2021-06-05T17:52:35.784000+00:00,1.0,P
312,3383,2021-06-05T17:52:38.064000+00:00,1.0,S
313,3154,2021-06-05T17:52:35.774000+00:00,1.0,P
313,3383,2021-06-05T17:52:38.064000+00:00,1.0,S
314,3154,2021-06-05T17:52:35.774000+00:00,1.0,P
314,3383,2021-06-05T17:52:38.064000+00:00,1.0,S
315,3154,2021-06-05T17:52:35.774000+00:00,1.0,P
315,3383,2021-06-05T17:52:38.064000+00:00,1.0,S
316,3154,2021-06-05T17:52:35.774000+00:00,1.0,P
316,3383,2021-06-05T17:52:38.064000+00:00,1.0,S
317,3154,2021-06-05T17:52:35.774000+00:00,1.0,P
317,3382,2021-06-05T17:52:38.054000+00:00,1.0,S
318,3154,2021-06-05T17:52:35.774000+00:00,1.0,P
318,3382,2021-06-05T17:52:38.054000+00:00,1.0,S
319,3154,2021-06-05T17:52:35.774000+00:00,1.0,P
319,3382,2021-06-05T17:52:38.054000+00:00,1.0,S
320,3154,2021-06-05T17:52:35.774000+00:00,1.0,P
320,3382,2021-06-05T17:52:38.054000+00:00,1.0,S
321,3154,2021-06-05T17:52:35.774000+00:00,1.0,P
321,3382,2021-06-05T17:52:38.054000+00:00,1.0,S
322,3154,2021-06-05T17:52:35.774000+00:00,1.0,P
322,3381,2021-06-05T17:52:38.044000+00:00,1.0,S
323,3153,2021-06-05T17:52:35.764000+00:00,1.0,P
323,3381,2021-06-05T17:52:38.044000+00:00,1.0,S
324,3153,2021-06-05T17:52:35.764000+00:00,1.0,P
324,3381,2021-06-05T17:52:38.044000+00:00,1.0,S
325,3153,2021-06-05T17:52:35.764000+00:00,1.0,P
325,3381,2021-06-05T17:52:38.044000+00:00,1.0,S
326,3153,2021-06-05T17:52:35.764000+00:00,1.0,P
326,3380,2021-06-05T17:52:38.033999+00:00,1.0,S
327,3153,2021-06-05T17:52:35.764000+00:00,1.0,P
327,3380,2021-06-05T17:52:38.033999+00:00,1.0,S
328,3153,2021-06-05T17:52:35.764000+00:00,1.0,P
328,3380,2021-06-05T17:52:38.033999+00:00,1.0,S
329,3153,2021-06-05T17:52:35.764000+00:00,1.0,P
329,3380,2021-06-05T17:52:38.033999+00:00,1.0,S
330,3153,2021-06-05T17:52:35.764000+00:00,1.0,P
330,3380,2021-06-05T17:52:38.033999+00:00,1.0,S
331,3153,2021-06-05T17:52:35.764000+00:00,1.0,P
331,3380,2021-06-05T17:52:38.033999+00:00,1.0,S
332,3153,2021-06-05T17:52:35.764000+00:00,1.0,P
332,3379,2021-06-05T17:52:38.024000+00:00,1.0,S
333,3153,2021-06-05T17:52:35.764000+00:00,1.0,P
333,3379,2021-06-05T17:52:38.024000+00:00,1.0,S
334,3153,2021-06-05T17:52:35.764000+00:00,1.0,P
334,3379,2021-06-05T17:52:38.024000+00:00,1.0,S
335,3153,2021-06-05T17:52:35.764000+00:00,1.0,P
335,3379,2021-06-05T17:52:38.024000+00:00,1.0,S
336,3152,2021-06-05T17:52:35.754000+00:00,1.0,P
336,3379,2021-06-05T17:52:38.024000+00:00,1.0,S
337,3152,2021-06-05T17:52:35.754000+00:00,1.0,P
337,3379,2021-06-05T17:52:38.024000+00:00,1.0,S
338,3152,2021-06-05T17:52:35.754000+00:00,1.0,P
338,3379,2021-06-05T17:52:38.024000+00:00,1.0,S
339,3152,2021-06-05T17:52:35.754000+00:00,1.0,P
339,3378,2021-06-05T17:52:38.014000+00:00,1.0,S
340,3152,2021-06-05T17:52:35.754000+00:00,1.0,P
340,3378,2021-06-05T17:52:38.014000+00:00,1.0,S
341,3152,2021-06-05T17:52:35.754000+00:00,1.0,P
341,3378,2021-06-05T17:52:38.014000+00:00,1.0,S
342,3152,2021-06-05T17:52:35.754000+00:00,1.0,P
342,3378,2021-06-05T17:52:38.014000+00:00,1.0,S
343,3152,2021-06-05T17:52:35.754000+00:00,1.0,P
343,3378,2021-06-05T17:52:38.014000+00:00,1.0,S
344,3152,2021-06-05T17:52:35.754000+00:00,1.0,P
344,3378,2021-06-05T17:52:38.014000+00:00,1.0,S
345,3152,2021-06-05T17:52:35.754000+00:00,1.0,P
345,3378,2021-06-05T17:52:38.014000+00:00,1.0,S
346,3152,2021-06-05T17:52:35.754000+00:00,1.0,P
346,3377,2021-06-05T17:52:38.004000+00:00,1.0,S
347,3152,2021-06-05T17:52:35.754000+00:00,1.0,P
347,3377,2021-06-05T17:52:38.004000+00:00,1.0,S
348,3152,2021-06-05T17:52:35.754000+00:00,1.0,P
348,3377,2021-06-05T17:52:38.004000+00:00,1.0,S
349,3152,2021-06-05T17:52:35.754000+00:00,1.0,P
349,3377,2021-06-05T17:52:38.004000+00:00,1.0,S
350,3152,2021-06-05T17:52:35.754000+00:00,1.0,P
350,3377,2021-06-05T17:52:38.004000+00:00,1.0,S
351,3151,2021-06-05T17:52:35.744000+00:00,1.0,P
351,3377,2021-06-05T17:52:38.004000+00:00,1.0,S
352,3151,2021-06-05T17:52:35.744000+00:00,1.0,P
352,3376,2021-06-05T17:52:37.993999+00:00,1.0,S
353,3151,2021-06-05T17:52:35.744000+00:00,1.0,P
353,3376,2021-06-05T17:52:37.993999+00:00,1.0,S
354,3151,2021-06-05T17:52:35.744000+00:00,1.0,P
354,3376,2021-06-05T17:52:37.993999+00:00,1.0,S
355,3151,2021-06-05T17:52:35.744000+00:00,1.0,P
355,3376,2021-06-05T17:52:37.993999+00:00,1.0,S
356,3151,2021-06-05T17:52:35.744000+00:00,1.0,P
356,3376,2021-06-05T17:52:37.993999+00:00,1.0,S
357,3151,2021-06-05T17:52:35.744000+00:00,1.0,P
357,3376,2021-06-05T17:52:37.993999+00:00,1.0,S
358,3151,2021-06-05T17:52:35.744000+00:00,1.0,P
358,3376,2021-06-05T17:52:37.993999+00:00,1.0,S
359,3151,2021-06-05T17:52:35.744000+00:00,1.0,P
359,3375,2021-06-05T17:52:37.984000+00:00,1.0,S
360,3151,2021-06-05T17:52:35.744000+00:00,1.0,P
360,3375,2021-06-05T17:52:37.984000+00:00,1.0,S
361,3151,2021-06-05T17:52:35.744000+00:00,1.0,P
361,3375,2021-06-05T17:52:37.984000+00:00,1.0,S
362,3151,2021-06-05T17:52:35.744000+00:00,1.0,P
362,3375,2021-06-05T17:52:37.984000+00:00,1.0,S
363,3150,2021-06-05T17:52:35.734000+00:00,1.0,P
363,3375,2021-06-05T17:52:37.984000+00:00,1.0,S
364,3150,2021-06-05T17:52:35.734000+00:00,1.0,P
364,3375,2021-06-05T17:52:37.984000+00:00,1.0,S
365,3150,2021-06-05T17:52:35.734000+00:00,1.0,P
365,3375,2021-06-05T17:52:37.984000+00:00,1.0,S
366,3150,2021-06-05T17:52:35.734000+00:00,1.0,P
366,3375,2021-06-05T17:52:37.984000+00:00,1.0,S
367,3150,2021-06-05T17:52:35.734000+00:00,1.0,P
367,3375,2021-06-05T17:52:37.984000+00:00,1.0,S
368,3150,2021-06-05T17:52:35.734000+00:00,1.0,P
368,3375,2021-06-05T17:52:37.984000+00:00,1.0,S
369,3150,2021-06-05T17:52:35.734000+00:00,1.0,P
369,3375,2021-06-05T17:52:37.984000+00:00,1.0,S
370,3150,2021-06-05T17:52:35.734000+00:00,1.0,P
370,3375,2021-06-05T17:52:37.984000+00:00,1.0,S
371,3150,2021-06-05T17:52:35.734000+00:00,1.0,P
371,3374,2021-06-05T17:52:37.974000+00:00,1.0,S
372,3150,2021-06-05T17:52:35.734000+00:00,1.0,P
372,3374,2021-06-05T17:52:37.974000+00:00,1.0,S
373,3150,2021-06-05T17:52:35.734000+00:00,1.0,P
373,3374,2021-06-05T17:52:37.974000+00:00,1.0,S
374,3150,2021-06-05T17:52:35.734000+00:00,1.0,P
374,3374,2021-06-05T17:52:37.974000+00:00,1.0,S
375,3149,2021-06-05T17:52:35.724000+00:00,1.0,P
375,3374,2021-06-05T17:52:37.974000+00:00,1.0,S
376,3149,2021-06-05T17:52:35.724000+00:00,1.0,P
376,3374,2021-06-05T17:52:37.974000+00:00,1.0,S
377,3149,2021-06-05T17:52:35.724000+00:00,1.0,P
377,3374,2021-06-05T17:52:37.974000+00:00,1.0,S
378,3149,2021-06-05T17:52:35.724000+00:00,1.0,P
378,3374,2021-06-05T17:52:37.974000+00:00,1.0,S
379,3149,2021-06-05T17:52:35.724000+00:00,1.0,P
379,3374,2021-06-05T17:52:37.974000+00:00,1.0,S
380,3149,2021-06-05T17:52:35.724000+00:00,1.0,P
380,3374,2021-06-05T17:52:37.974000+00:00,1.0,S
381,3149,2021-06-05T17:52:35.724000+00:00,1.0,P
381,3374,2021-06-05T17:52:37.974000+00:00,1.0,S
382,3149,2021-06-05T17:52:35.724000+00:00,1.0,P
382,3373,2021-06-05T17:52:37.964000+00:00,1.0,S
383,3149,2021-06-05T17:52:35.724000+00:00,1.0,P
383,3373,2021-06-05T17:52:37.964000+00:00,1.0,S
384,3149,2021-06-05T17:52:35.724000+00:00,1.0,P
384,3373,2021-06-05T17:52:37.964000+00:00,1.0,S
385,3149,2021-06-05T17:52:35.724000+00:00,1.0,P
385,3373,2021-06-05T17:52:37.964000+00:00,1.0,S
386,3148,2021-06-05T17:52:35.714000+00:00,1.0,P
386,3373,2021-06-05T17:52:37.964000+00:00,1.0,S
387,3148,2021-06-05T17:52:35.714000+00:00,1.0,P
387,3373,2021-06-05T17:52:37.964000+00:00,1.0,S
388,3148,2021-06-05T17:52:35.714000+00:00,1.0,P
388,3373,2021-06-05T17:52:37.964000+00:00,1.0,S
389,3148,2021-06-05T17:52:35.714000+00:00,1.0,P
389,3373,2021-06-05T17:52:37.964000+00:00,1.0,S
390,3148,2021-06-05T17:52:35.714000+00:00,1.0,P
390,3373,2021-06-05T17:52:37.964000+00:00,1.0,S
391,3148,2021-06-05T17:52:35.714000+00:00,1.0,P
391,3373,2021-06-05T17:52:37.964000+00:00,1.0,S
392,3148,2021-06-05T17:52:35.714000+00:00,1.0,P
392,3373,2021-06-05T17:52:37.964000+00:00,1.0,S
393,3148,2021-06-05T17:52:35.714000+00:00,1.0,P
393,3373,2021-06-05T17:52:37.964000+00:00,1.0,S
394,3148,2021-06-05T17:52:35.714000+00:00,1.0,P
394,3372,2021-06-05T17:52:37.954000+00:00,1.0,S
395,3148,2021-06-05T17:52:35.714000+00:00,1.0,P
395,3372,2021-06-05T17:52:37.954000+00:00,1.0,S
396,3148,2021-06-05T17:52:35.714000+00:00,1.0,P
396,3372,2021-06-05T17:52:37.954000+00:00,1.0,S
397,3148,2021-06-05T17:52:35.714000+00:00,1.0,P
397,3372,2021-06-05T17:52:37.954000+00:00,1.0,S
398,3147,2021-06-05T17:52:35.704000+00:00,1.0,P
398,3372,2021-06-05T17:52:37.954000+00:00,1.0,S
399,3147,2021-06-05T17:52:35.704000+00:00,1.0,P
399,3372,2021-06-05T17:52:37.954000+00:00,1.0,S
400,3147,2021-06-05T17:52:35.704000+00:00,1.0,P
400,3372,2021-06-05T17:52:37.954000+00:00,1.0,S
401,3147,2021-06-05T17:52:35.704000+00:00,1.0,P
401,3372,2021-06-05T17:52:37.954000+00:00,1.0,S
402,3147,2021-06-05T17:52:35.704000+00:00,1.0,P
402,3372,2021-06-05T17:52:37.954000+00:00,1.0,S
403,3147,2021-06-05T17:52:35.704000+00:00,1.0,P
403,3372,2021-06-05T17:52:37.954000+00:00,1.0,S
404,3147,2021-06-05T17:52:35.704000+00:00,1.0,P
404,3372,2021-06-05T17:52:37.954000+00:00,1.0,S
405,3147,2021-06-05T17:52:35.704000+00:00,1.0,P
405,3372,2021-06-05T17:52:37.954000+00:00,1.0,S
406,3147,2021-06-05T17:52:35.704000+00:00,1.0,P
406,3372,2021-06-05T17:52:37.954000+00:00,1.0,S
407,3147,2021-06-05T17:52:35.704000+00:00,1.0,P
407,3372,2021-06-05T17:52:37.954000+00:00,1.0,S
408,3147,2021-06-05T17:52:35.704000+00:00,1.0,P
408,3372,2021-06-05T17:52:37.954000+00:00,1.0,S
409,3147,2021-06-05T17:52:35.704000+00:00,1.0,P
409,3372,2021-06-05T17:52:37.954000+00:00,1.0,S
410,3147,2021-06-05T17:52:35.704000+00:00,1.0,P
410,3372,2021-06-05T17:52:37.954000+00:00,1.0,S
411,3147,2021-06-05T17:52:35.704000+00:00,1.0,P
411,3372,2021-06-05T17:52:37.954000+00:00,1.0,S
412,3146,2021-06-05T17:52:35.694000+00:00,1.0,P
412,3372,2021-06-05T17:52:37.954000+00:00,1.0,S
413,3146,2021-06-05T17:52:35.694000+00:00,1.0,P
413,3371,2021-06-05T17:52:37.944000+00:00,1.0,S
414,3146,2021-06-05T17:52:35.694000+00:00,1.0,P
414,3371,2021-06-05T17:52:37.944000+00:00,1.0,S
415,3146,2021-06-05T17:52:35.694000+00:00,1.0,P
415,3371,2021-06-05T17:52:37.944000+00:00,1.0,S
416,3146,2021-06-05T17:52:35.694000+00:00,1.0,P
416,3371,2021-06-05T17:52:37.944000+00:00,1.0,S
417,3146,2021-06-05T17:52:35.694000+00:00,1.0,P
417,3371,2021-06-05T17:52:37.944000+00:00,1.0,S
418,3146,2021-06-05T17:52:35.694000+00:00,1.0,P
418,3371,2021-06-05T17:52:37.944000+00:00,1.0,S
419,3146,2021-06-05T17:52:35.694000+00:00,1.0,P
419,3371,2021-06-05T17:52:37.944000+00:00,1.0,S
420,3146,2021-06-05T17:52:35.694000+00:00,1.0,P
420,3371,2021-06-05T17:52:37.944000+00:00,1.0,S
421,3146,2021-06-05T17:52:35.694000+00:00,1.0,P
421,3371,2021-06-05T17:52:37.944000+00:00,1.0,S
422,3146,2021-06-05T17:52:35.694000+00:00,1.0,P
422,3371,2021-06-05T17:52:37.944000+00:00,1.0,S
423,3146,2021-06-05T17:52:35.694000+00:00,1.0,P
423,3371,2021-06-05T17:52:37.944000+00:00,1.0,S
424,3146,2021-06-05T17:52:35.694000+00:00,1.0,P
424,3371,2021-06-05T17:52:37.944000+00:00,1.0,S
425,3145,2021-06-05T17:52:35.684000+00:00,1.0,P
425,3371,2021-06-05T17:52:37.944000+00:00,1.0,S
426,3145,2021-06-05T17:52:35.684000+00:00,1.0,P
426,3371,2021-06-05T17:52:37.944000+00:00,1.0,S
427,3145,2021-06-05T17:52:35.684000+00:00,1.0,P
427,3371,2021-06-05T17:52:37.944000+00:00,1.0,S
428,3145,2021-06-05T17:52:35.684000+00:00,1.0,P
428,3371,2021-06-05T17:52:37.944000+00:00,1.0,S
429,3145,2021-06-05T17:52:35.684000+00:00,1.0,P
429,3371,2021-06-05T17:52:37.944000+00:00,1.0,S
430,3145,2021-06-05T17:52:35.684000+00:00,1.0,P
430,3370,2021-06-05T17:52:37.934000+00:00,1.0,S
431,3145,2021-06-05T17:52:35.684000+00:00,1.0,P
431,3370,2021-06-05T17:52:37.934000+00:00,1.0,S
432,3145,2021-06-05T17:52:35.684000+00:00,1.0,P
432,3370,2021-06-05T17:52:37.934000+00:00,1.0,S
433,3145,2021-06-05T17:52:35.684000+00:00,1.0,P
433,3370,2021-06-05T17:52:37.934000+00:00,1.0,S
434,3145,2021-06-05T17:52:35.684000+00:00,1.0,P
434,3370,2021-06-05T17:52:37.934000+00:00,1.0,S
435,3145,2021-06-05T17:52:35.684000+00:00,1.0,P
435,3370,2021-06-05T17:52:37.934000+00:00,1.0,S
436,3145,2021-06-05T17:52:35.684000+00:00,1.0,P
436,3370,2021-06-05T17:52:37.934000+00:00,1.0,S
437,3144,2021-06-05T17:52:35.674000+00:00,1.0,P
437,3370,2021-06-05T17:52:37.934000+00:00,1.0,S
438,3144,2021-06-05T17:52:35.674000+00:00,1.0,P
438,3370,2021-06-05T17:52:37.934000+00:00,1.0,S
439,3144,2021-06-05T17:52:35.674000+00:00,1.0,P
439,3370,2021-06-05T17:52:37.934000+00:00,1.0,S
440,3144,2021-06-05T17:52:35.674000+00:00,1.0,P
440,3370,2021-06-05T17:52:37.934000+00:00,1.0,S
441,3144,2021-06-05T17:52:35.674000+00:00,1.0,P
441,3370,2021-06-05T17:52:37.934000+00:00,1.0,S
442,3144,2021-06-05T17:52:35.674000+00:00,1.0,P
442,3370,2021-06-05T17:52:37.934000+00:00,1.0,S
443,3144,2021-06-05T17:52:35.674000+00:00,1.0,P
443,3370,2021-06-05T17:52:37.934000+00:00,1.0,S
444,3144,2021-06-05T17:52:35.674000+00:00,1.0,P
444,3370,2021-06-05T17:52:37.934000+00:00,1.0,S
445,3144,2021-06-05T17:52:35.674000+00:00,1.0,P
445,3369,2021-06-05T17:52:37.923999+00:00,1.0,S
446,3144,2021-06-05T17:52:35.674000+00:00,1.0,P
446,3369,2021-06-05T17:52:37.923999+00:00,1.0,S
447,3144,2021-06-05T17:52:35.674000+00:00,1.0,P
447,3369,2021-06-05T17:52:37.923999+00:00,1.0,S
448,3143,2021-06-05T17:52:35.664000+00:00,1.0,P
448,3369,2021-06-05T17:52:37.923999+00:00,1.0,S
449,3143,2021-06-05T17:52:35.664000+00:00,1.0,P
449,3369,2021-06-05T17:52:37.923999+00:00,1.0,S
450,3143,2021-06-05T17:52:35.664000+00:00,1.0,P
450,3369,2021-06-05T17:52:37.923999+00:00,1.0,S
451,3143,2021-06-05T17:52:35.664000+00:00,1.0,P
451,3369,2021-06-05T17:52:37.923999+00:00,1.0,S
452,3143,2021-06-05T17:52:35.664000+00:00,1.0,P
452,3369,2021-06-05T17:52:37.923999+00:00,1.0,S
453,3143,2021-06-05T17:52:35.664000+00:00,1.0,P
453,3369,2021-06-05T17:52:37.923999+00:00,1.0,S
454,3143,2021-06-05T17:52:35.664000+00:00,1.0,P
454,3369,2021-06-05T17:52:37.923999+00:00,1.0,S
455,3143,2021-06-05T17:52:35.664000+00:00,1.0,P
455,3369,2021-06-05T17:52:37.923999+00:00,1.0,S
456,3143,2021-06-05T17:52:35.664000+00:00,1.0,P
456,3369,2021-06-05T17:52:37.923999+00:00,1.0,S
457,3143,2021-06-05T17:52:35.664000+00:00,1.0,P
457,3369,2021-06-05T17:52:37.923999+00:00,1.0,S
458,3142,2021-06-05T17:52:35.654000+00:00,1.0,P
458,3369,2021-06-05T17:52:37.923999+00:00,1.0,S
459,3142,2021-06-05T17:52:35.654000+00:00,1.0,P
459,3369,2021-06-05T17:52:37.923999+00:00,1.0,S
460,3142,2021-06-05T17:52:35.654000+00:00,1.0,P
460,3369,2021-06-05T17:52:37.923999+00:00,1.0,S
461,3142,2021-06-05T17:52:35.654000+00:00,1.0,P
461,3369,2021-06-05T17:52:37.923999+00:00,1.0,S
462,3142,2021-06-05T17:52:35.654000+00:00,1.0,P
462,3369,2021-06-05T17:52:37.923999+00:00,1.0,S
463,3142,2021-06-05T17:52:35.654000+00:00,1.0,P
463,3369,2021-06-05T17:52:37.923999+00:00,1.0,S
464,3142,2021-06-05T17:52:35.654000+00:00,1.0,P
464,3369,2021-06-05T17:52:37.923999+00:00,1.0,S
465,3142,2021-06-05T17:52:35.654000+00:00,1.0,P
465,3369,2021-06-05T17:52:37.923999+00:00,1.0,S
466,3142,2021-06-05T17:52:35.654000+00:00,1.0,P
466,3369,2021-06-05T17:52:37.923999+00:00,1.0,S
467,3141,2021-06-05T17:52:35.644000+00:00,1.0,P
467,3369,2021-06-05T17:52:37.923999+00:00,1.0,S
468,3141,2021-06-05T17:52:35.644000+00:00,1.0,P
468,3369,2021-06-05T17:52:37.923999+00:00,1.0,S
469,3141,2021-06-05T17:52:35.644000+00:00,1.0,P
469,3369,2021-06-05T17:52:37.923999+00:00,1.0,S
470,3141,2021-06-05T17:52:35.644000+00:00,1.0,P
470,3368,2021-06-05T17:52:37.914000+00:00,1.0,S
471,3141,2021-06-05T17:52:35.644000+00:00,1.0,P
471,3368,2021-06-05T17:52:37.914000+00:00,1.0,S
472,3141,2021-06-05T17:52:35.644000+00:00,1.0,P
472,3368,2021-06-05T17:52:37.914000+00:00,1.0,S
473,3141,2021-06-05T17:52:35.644000+00:00,1.0,P
473,3368,2021-06-05T17:52:37.914000+00:00,1.0,S
474,3141,2021-06-05T17:52:35.644000+00:00,1.0,P
474,3368,2021-06-05T17:52:37.914000+00:00,1.0,S
475,3141,2021-06-05T17:52:35.644000+00:00,1.0,P
475,3368,2021-06-05T17:52:37.914000+00:00,1.0,S
476,3141,2021-06-05T17:52:35.644000+00:00,1.0,P
476,3369,2021-06-05T17:52:37.923999+00:00,1.0,S
477,3140,2021-06-05T17:52:35.634000+00:00,1.0,P
477,3369,2021-06-05T17:52:37.923999+00:00,1.0,S
478,3140,2021-06-05T17:52:35.634000+00:00,1.0,P
478,3368,2021-06-05T17:52:37.914000+00:00,1.0,S
479,3140,2021-06-05T17:52:35.634000+00:00,1.0,P
479,3368,2021-06-05T17:52:37.914000+00:00,1.0,S
480,3140,2021-06-05T17:52:35.634000+00:00,1.0,P
480,3368,2021-06-05T17:52:37.914000+00:00,1.0,S
481,3140,2021-06-05T17:52:35.634000+00:00,1.0,P
481,3368,2021-06-05T17:52:37.914000+00:00,1.0,S
482,3140,2021-06-05T17:52:35.634000+00:00,1.0,P
482,3368,2021-06-05T17:52:37.914000+00:00,1.0,S
483,3140,2021-06-05T17:52:35.634000+00:00,1.0,P
483,3368,2021-06-05T17:52:37.914000+00:00,1.0,S
484,3140,2021-06-05T17:52:35.634000+00:00,1.0,P
484,3368,2021-06-05T17:52:37.914000+00:00,1.0,S
485,3139,2021-06-05T17:52:35.624000+00:00,1.0,P
485,3368,2021-06-05T17:52:37.914000+00:00,1.0,S
486,3139,2021-06-05T17:52:35.624000+00:00,1.0,P
486,3368,2021-06-05T17:52:37.914000+00:00,1.0,S
487,3139,2021-06-05T17:52:35.624000+00:00,1.0,P
487,3368,2021-06-05T17:52:37.914000+00:00,1.0,S
488,3139,2021-06-05T17:52:35.624000+00:00,1.0,P
488,3368,2021-06-05T17:52:37.914000+00:00,1.0,S
489,3139,2021-06-05T17:52:35.624000+00:00,1.0,P
489,3368,2021-06-05T17:52:37.914000+00:00,1.0,S
490,3139,2021-06-05T17:52:35.624000+00:00,1.0,P
490,3368,2021-06-05T17:52:37.914000+00:00,1.0,S
491,3139,2021-06-05T17:52:35.624000+00:00,1.0,P
491,3368,2021-06-05T17:52:37.914000+00:00,1.0,S
492,3139,2021-06-05T17:52:35.624000+00:00,1.0,P
492,3368,2021-06-05T17:52:37.914000+00:00,1.0,S
493,3138,2021-06-05T17:52:35.614000+00:00,1.0,P
493,3368,2021-06-05T17:52:37.914000+00:00,1.0,S
494,3138,2021-06-05T17:52:35.614000+00:00,1.0,P
494,3368,2021-06-05T17:52:37.914000+00:00,1.0,S
495,3138,2021-06-05T17:52:35.614000+00:00,1.0,P
495,3368,2021-06-05T17:52:37.914000+00:00,1.0,S
496,3138,2021-06-05T17:52:35.614000+00:00,1.0,P
496,3368,2021-06-05T17:52:37.914000+00:00,1.0,S
497,3138,2021-06-05T17:52:35.614000+00:00,1.0,P
497,3367,2021-06-05T17:52:37.904000+00:00,1.0,S
498,3138,2021-06-05T17:52:35.614000+00:00,1.0,P
498,3367,2021-06-05T17:52:37.904000+00:00,1.0,S
499,3138,2021-06-05T17:52:35.614000+00:00,1.0,P
499,3367,2021-06-05T17:52:37.904000+00:00,1.0,S
500,3137,2021-06-05T17:52:35.604000+00:00,1.0,P
500,3367,2021-06-05T17:52:37.904000+00:00,1.0,S
501,3137,2021-06-05T17:52:35.604000+00:00,1.0,P
501,3367,2021-06-05T17:52:37.904000+00:00,1.0,S
502,3137,2021-06-05T17:52:35.604000+00:00,1.0,P
502,3367,2021-06-05T17:52:37.904000+00:00,1.0,S
503,3137,2021-06-05T17:52:35.604000+00:00,1.0,P
503,3367,2021-06-05T17:52:37.904000+00:00,1.0,S
504,3137,2021-06-05T17:52:35.604000+00:00,1.0,P
504,3367,2021-06-05T17:52:37.904000+00:00,1.0,S
505,3137,2021-06-05T17:52:35.604000+00:00,1.0,P
505,3367,2021-06-05T17:52:37.904000+00:00,1.0,S
506,3136,2021-06-05T17:52:35.594000+00:00,1.0,P
506,3367,2021-06-05T17:52:37.904000+00:00,1.0,S
507,3136,2021-06-05T17:52:35.594000+00:00,1.0,P
507,3367,2021-06-05T17:52:37.904000+00:00,1.0,S
508,3136,2021-06-05T17:52:35.594000+00:00,1.0,P
508,3367,2021-06-05T17:52:37.904000+00:00,1.0,S
509,3136,2021-06-05T17:52:35.594000+00:00,1.0,P
509,3367,2021-06-05T17:52:37.904000+00:00,1.0,S
510,3136,2021-06-05T17:52:35.594000+00:00,1.0,P
510,3367,2021-06-05T17:52:37.904000+00:00,1.0,S
511,3136,2021-06-05T17:52:35.594000+00:00,1.0,P
511,3367,2021-06-05T17:52:37.904000+00:00,1.0,S
512,3136,2021-06-05T17:52:35.594000+00:00,1.0,P
512,3367,2021-06-05T17:52:37.904000+00:00,1.0,S
513,3135,2021-06-05T17:52:35.584000+00:00,1.0,P
513,3367,2021-06-05T17:52:37.904000+00:00,1.0,S
514,3135,2021-06-05T17:52:35.584000+00:00,1.0,P
514,3366,2021-06-05T17:52:37.894000+00:00,1.0,S
515,3135,2021-06-05T17:52:35.584000+00:00,1.0,P
515,3366,2021-06-05T17:52:37.894000+00:00,1.0,S
516,3135,2021-06-05T17:52:35.584000+00:00,1.0,P
516,3366,2021-06-05T17:52:37.894000+00:00,1.0,S
517,3135,2021-06-05T17:52:35.584000+00:00,1.0,P
517,3366,2021-06-05T17:52:37.894000+00:00,1.0,S
518,3135,2021-06-05T17:52:35.584000+00:00,1.0,P
518,3366,2021-06-05T17:52:37.894000+00:00,1.0,S
519,3134,2021-06-05T17:52:35.574000+00:00,1.0,P
519,3366,2021-06-05T17:52:37.894000+00:00,1.0,S
520,3134,2021-06-05T17:52:35.574000+00:00,1.0,P
520,3366,2021-06-05T17:52:37.894000+00:00,1.0,S
521,3134,2021-06-05T17:52:35.574000+00:00,1.0,P
521,3366,2021-06-05T17:52:37.894000+00:00,1.0,S
522,3134,2021-06-05T17:52:35.574000+00:00,1.0,P
522,3366,2021-06-05T17:52:37.894000+00:00,1.0,S
523,3134,2021-06-05T17:52:35.574000+00:00,1.0,P
523,3366,2021-06-05T17:52:37.894000+00:00,1.0,S
524,3133,2021-06-05T17:52:35.564000+00:00,1.0,P
524,3366,2021-06-05T17:52:37.894000+00:00,1.0,S
525,3133,2021-06-05T17:52:35.564000+00:00,1.0,P
525,3366,2021-06-05T17:52:37.894000+00:00,1.0,S
526,3133,2021-06-05T17:52:35.564000+00:00,1.0,P
526,3365,2021-06-05T17:52:37.884000+00:00,1.0,S
527,3133,2021-06-05T17:52:35.564000+00:00,1.0,P
527,3365,2021-06-05T17:52:37.884000+00:00,1.0,S
528,3133,2021-06-05T17:52:35.564000+00:00,1.0,P
528,3365,2021-06-05T17:52:37.884000+00:00,1.0,S
529,3133,2021-06-05T17:52:35.564000+00:00,1.0,P
529,3365,2021-06-05T17:52:37.884000+00:00,1.0,S
530,3132,2021-06-05T17:52:35.554000+00:00,1.0,P
530,3365,2021-06-05T17:52:37.884000+00:00,1.0,S
531,3132,2021-06-05T17:52:35.554000+00:00,1.0,P
531,3365,2021-06-05T17:52:37.884000+00:00,1.0,S
532,3132,2021-06-05T17:52:35.554000+00:00,1.0,P
532,3365,2021-06-05T17:52:37.884000+00:00,1.0,S
533,3132,2021-06-05T17:52:35.554000+00:00,1.0,P
533,3364,2021-06-05T17:52:37.874000+00:00,1.0,S
534,3132,2021-06-05T17:52:35.554000+00:00,1.0,P
534,3364,2021-06-05T17:52:37.874000+00:00,1.0,S
535,3132,2021-06-05T17:52:35.554000+00:00,1.0,P
535,3364,2021-06-05T17:52:37.874000+00:00,1.0,S
536,3131,2021-06-05T17:52:35.544000+00:00,1.0,P
536,3364,2021-06-05T17:52:37.874000+00:00,1.0,S
537,3131,2021-06-05T17:52:35.544000+00:00,1.0,P
537,3364,2021-06-05T17:52:37.874000+00:00,1.0,S
538,3131,2021-06-05T17:52:35.544000+00:00,1.0,P
538,3364,2021-06-05T17:52:37.874000+00:00,1.0,S
539,3131,2021-06-05T17:52:35.544000+00:00,1.0,P
539,3363,2021-06-05T17:52:37.864000+00:00,1.0,S
540,3131,2021-06-05T17:52:35.544000+00:00,1.0,P
540,3363,2021-06-05T17:52:37.864000+00:00,1.0,S
541,3131,2021-06-05T17:52:35.544000+00:00,1.0,P
541,3363,2021-06-05T17:52:37.864000+00:00,1.0,S
542,3130,2021-06-05T17:52:35.534000+00:00,1.0,P
542,3363,2021-06-05T17:52:37.864000+00:00,1.0,S
543,3130,2021-06-05T17:52:35.534000+00:00,1.0,P
543,3363,2021-06-05T17:52:37.864000+00:00,1.0,S
544,3130,2021-06-05T17:52:35.534000+00:00,1.0,P
544,3362,2021-06-05T17:52:37.853999+00:00,1.0,S
545,3130,2021-06-05T17:52:35.534000+00:00,1.0,P
545,3362,2021-06-05T17:52:37.853999+00:00,1.0,S
546,3130,2021-06-05T17:52:35.534000+00:00,1.0,P
546,3362,2021-06-05T17:52:37.853999+00:00,1.0,S
547,3130,2021-06-05T17:52:35.534000+00:00,1.0,P
547,3362,2021-06-05T17:52:37.853999+00:00,1.0,S
548,3129,2021-06-05T17:52:35.524000+00:00,1.0,P
548,3362,2021-06-05T17:52:37.853999+00:00,1.0,S
549,3129,2021-06-05T17:52:35.524000+00:00,1.0,P
549,3361,2021-06-05T17:52:37.844000+00:00,1.0,S
550,3129,2021-06-05T17:52:35.524000+00:00,1.0,P
550,3361,2021-06-05T17:52:37.844000+00:00,1.0,S
551,3129,2021-06-05T17:52:35.524000+00:00,1.0,P
551,3361,2021-06-05T17:52:37.844000+00:00,1.0,S
552,3129,2021-06-05T17:52:35.524000+00:00,1.0,P
552,3361,2021-06-05T17:52:37.844000+00:00,1.0,S
553,3129,2021-06-05T17:52:35.524000+00:00,1.0,P
553,3360,2021-06-05T17:52:37.834000+00:00,1.0,S
554,3128,2021-06-05T17:52:35.514000+00:00,1.0,P
554,3360,2021-06-05T17:52:37.834000+00:00,1.0,S
555,3128,2021-06-05T17:52:35.514000+00:00,1.0,P
555,3360,2021-06-05T17:52:37.834000+00:00,1.0,S
556,3128,2021-06-05T17:52:35.514000+00:00,1.0,P
556,3360,2021-06-05T17:52:37.834000+00:00,1.0,S
557,3128,2021-06-05T17:52:35.514000+00:00,1.0,P
557,3359,2021-06-05T17:52:37.824000+00:00,1.0,S
558,3128,2021-06-05T17:52:35.514000+00:00,1.0,P
558,3359,2021-06-05T17:52:37.824000+00:00,1.0,S
559,3128,2021-06-05T17:52:35.514000+00:00,1.0,P
559,3359,2021-06-05T17:52:37.824000+00:00,1.0,S
560,3128,2021-06-05T17:52:35.514000+00:00,1.0,P
560,3359,2021-06-05T17:52:37.824000+00:00,1.0,S
561,3127,2021-06-05T17:52:35.504000+00:00,1.0,P
561,3359,2021-06-05T17:52:37.824000+00:00,1.0,S
562,3127,2021-06-05T17:52:35.504000+00:00,1.0,P
562,3358,2021-06-05T17:52:37.814000+00:00,1.0,S
563,3127,2021-06-05T17:52:35.504000+00:00,1.0,P
563,3358,2021-06-05T17:52:37.814000+00:00,1.0,S
564,3127,2021-06-05T17:52:35.504000+00:00,1.0,P
564,3358,2021-06-05T17:52:37.814000+00:00,1.0,S
565,3127,2021-06-05T17:52:35.504000+00:00,1.0,P
565,3357,2021-06-05T17:52:37.804000+00:00,1.0,S
566,3127,2021-06-05T17:52:35.504000+00:00,1.0,P
566,3357,2021-06-05T17:52:37.804000+00:00,1.0,S
567,3126,2021-06-05T17:52:35.494000+00:00,1.0,P
567,3357,2021-06-05T17:52:37.804000+00:00,1.0,S
568,3126,2021-06-05T17:52:35.494000+00:00,1.0,P
568,3357,2021-06-05T17:52:37.804000+00:00,1.0,S
569,3126,2021-06-05T17:52:35.494000+00:00,1.0,P
569,3356,2021-06-05T17:52:37.794000+00:00,1.0,S
570,3126,2021-06-05T17:52:35.494000+00:00,1.0,P
570,3356,2021-06-05T17:52:37.794000+00:00,1.0,S
571,3126,2021-06-05T17:52:35.494000+00:00,1.0,P
571,3356,2021-06-05T17:52:37.794000+00:00,1.0,S
572,3126,2021-06-05T17:52:35.494000+00:00,1.0,P
572,3355,2021-06-05T17:52:37.783999+00:00,1.0,S
573,3126,2021-06-05T17:52:35.494000+00:00,1.0,P
573,3355,2021-06-05T17:52:37.783999+00:00,1.0,S
574,3125,2021-06-05T17:52:35.484000+00:00,1.0,P
574,3355,2021-06-05T17:52:37.783999+00:00,1.0,S
575,3125,2021-06-05T17:52:35.484000+00:00,1.0,P
575,3355,2021-06-05T17:52:37.783999+00:00,1.0,S
576,3125,2021-06-05T17:52:35.484000+00:00,1.0,P
576,3355,2021-06-05T17:52:37.783999+00:00,1.0,S
577,3125,2021-06-05T17:52:35.484000+00:00,1.0,P
577,3355,2021-06-05T17:52:37.783999+00:00,1.0,S
578,3125,2021-06-05T17:52:35.484000+00:00,1.0,P
578,3354,2021-06-05T17:52:37.774000+00:00,1.0,S
579,3125,2021-06-05T17:52:35.484000+00:00,1.0,P
579,3354,2021-06-05T17:52:37.774000+00:00,1.0,S
580,3125,2021-06-05T17:52:35.484000+00:00,1.0,P
580,3354,2021-06-05T17:52:37.774000+00:00,1.0,S
581,3124,2021-06-05T17:52:35.474000+00:00,1.0,P
581,3354,2021-06-05T17:52:37.774000+00:00,1.0,S
582,3124,2021-06-05T17:52:35.474000+00:00,1.0,P
582,3354,2021-06-05T17:52:37.774000+00:00,1.0,S
583,3124,2021-06-05T17:52:35.474000+00:00,1.0,P
583,3354,2021-06-05T17:52:37.774000+00:00,1.0,S
584,3124,2021-06-05T17:52:35.474000+00:00,1.0,P
584,3354,2021-06-05T17:52:37.774000+00:00,1.0,S
585,3124,2021-06-05T17:52:35.474000+00:00,1.0,P
585,3354,2021-06-05T17:52:37.774000+00:00,1.0,S
586,3124,2021-06-05T17:52:35.474000+00:00,1.0,P
586,3353,2021-06-05T17:52:37.764000+00:00,1.0,S
587,3124,2021-06-05T17:52:35.474000+00:00,1.0,P
587,3353,2021-06-05T17:52:37.764000+00:00,1.0,S
588,3123,2021-06-05T17:52:35.464000+00:00,1.0,P
588,3353,2021-06-05T17:52:37.764000+00:00,1.0,S
589,3123,2021-06-05T17:52:35.464000+00:00,1.0,P
589,3353,2021-06-05T17:52:37.764000+00:00,1.0,S
590,3123,2021-06-05T17:52:35.464000+00:00,1.0,P
590,3353,2021-06-05T17:52:37.764000+00:00,1.0,S
591,3123,2021-06-05T17:52:35.464000+00:00,1.0,P
591,3353,2021-06-05T17:52:37.764000+00:00,1.0,S
592,3123,2021-06-05T17:52:35.464000+00:00,1.0,P
592,3352,2021-06-05T17:52:37.754000+00:00,1.0,S
593,3123,2021-06-05T17:52:35.464000+00:00,1.0,P
593,3352,2021-06-05T17:52:37.754000+00:00,1.0,S
594,3123,2021-06-05T17:52:35.464000+00:00,1.0,P
594,3352,2021-06-05T17:52:37.754000+00:00,1.0,S
595,3123,2021-06-05T17:52:35.464000+00:00,1.0,P
595,3352,2021-06-05T17:52:37.754000+00:00,1.0,S
596,3122,2021-06-05T17:52:35.454000+00:00,1.0,P
596,3352,2021-06-05T17:52:37.754000+00:00,1.0,S
597,3122,2021-06-05T17:52:35.454000+00:00,1.0,P
597,3352,2021-06-05T17:52:37.754000+00:00,1.0,S
598,3122,2021-06-05T17:52:35.454000+00:00,1.0,P
598,3352,2021-06-05T17:52:37.754000+00:00,1.0,S
599,3122,2021-06-05T17:52:35.454000+00:00,1.0,P
599,3351,2021-06-05T17:52:37.743999+00:00,1.0,S
600,3122,2021-06-05T17:52:35.454000+00:00,1.0,P
600,3351,2021-06-05T17:52:37.743999+00:00,1.0,S
601,3122,2021-06-05T17:52:35.454000+00:00,1.0,P
601,3351,2021-06-05T17:52:37.743999+00:00,1.0,S
602,3122,2021-06-05T17:52:35.454000+00:00,1.0,P
602,3351,2021-06-05T17:52:37.743999+00:00,1.0,S
603,3121,2021-06-05T17:52:35.444000+00:00,1.0,P
603,3351,2021-06-05T17:52:37.743999+00:00,1.0,S
604,3121,2021-06-05T17:52:35.444000+00:00,1.0,P
604,3351,2021-06-05T17:52:37.743999+00:00,1.0,S
605,3121,2021-06-05T17:52:35.444000+00:00,1.0,P
605,3350,2021-06-05T17:52:37.734000+00:00,1.0,S
606,3121,2021-06-05T17:52:35.444000+00:00,1.0,P
606,3350,2021-06-05T17:52:37.734000+00:00,1.0,S
607,3121,2021-06-05T17:52:35.444000+00:00,1.0,P
607,3350,2021-06-05T17:52:37.734000+00:00,1.0,S
608,3121,2021-06-05T17:52:35.444000+00:00,1.0,P
608,3350,2021-06-05T17:52:37.734000+00:00,1.0,S
609,3121,2021-06-05T17:52:35.444000+00:00,1.0,P
609,3350,2021-06-05T17:52:37.734000+00:00,1.0,S
610,3120,2021-06-05T17:52:35.434000+00:00,1.0,P
610,3350,2021-06-05T17:52:37.734000+00:00,1.0,S
611,3120,2021-06-05T17:52:35.434000+00:00,1.0,P
611,3350,2021-06-05T17:52:37.734000+00:00,1.0,S
612,3120,2021-06-05T17:52:35.434000+00:00,1.0,P
612,3350,2021-06-05T17:52:37.734000+00:00,1.0,S
613,3120,2021-06-05T17:52:35.434000+00:00,1.0,P
613,3350,2021-06-05T17:52:37.734000+00:00,1.0,S
614,3120,2021-06-05T17:52:35.434000+00:00,1.0,P
614,3349,2021-06-05T17:52:37.724000+00:00,1.0,S
615,3120,2021-06-05T17:52:35.434000+00:00,1.0,P
615,3349,2021-06-05T17:52:37.724000+00:00,1.0,S
616,3120,2021-06-05T17:52:35.434000+00:00,1.0,P
616,3349,2021-06-05T17:52:37.724000+00:00,1.0,S
617,3119,2021-06-05T17:52:35.424000+00:00,1.0,P
617,3349,2021-06-05T17:52:37.724000+00:00,1.0,S
618,3119,2021-06-05T17:52:35.424000+00:00,1.0,P
618,3349,2021-06-05T17:52:37.724000+00:00,1.0,S
619,3119,2021-06-05T17:52:35.424000+00:00,1.0,P
619,3349,2021-06-05T17:52:37.724000+00:00,1.0,S
620,3119,2021-06-05T17:52:35.424000+00:00,1.0,P
620,3349,2021-06-05T17:52:37.724000+00:00,1.0,S
621,3119,2021-06-05T17:52:35.424000+00:00,1.0,P
621,3349,2021-06-05T17:52:37.724000+00:00,1.0,S
622,3119,2021-06-05T17:52:35.424000+00:00,1.0,P
622,3349,2021-06-05T17:52:37.724000+00:00,1.0,S
623,3118,2021-06-05T17:52:35.414000+00:00,1.0,P
623,3349,2021-06-05T17:52:37.724000+00:00,1.0,S
624,3118,2021-06-05T17:52:35.414000+00:00,1.0,P
624,3349,2021-06-05T17:52:37.724000+00:00,1.0,S
625,3118,2021-06-05T17:52:35.414000+00:00,1.0,P
625,3349,2021-06-05T17:52:37.724000+00:00,1.0,S
626,3118,2021-06-05T17:52:35.414000+00:00,1.0,P
626,3349,2021-06-05T17:52:37.724000+00:00,1.0,S
627,3118,2021-06-05T17:52:35.414000+00:00,1.0,P
627,3349,2021-06-05T17:52:37.724000+00:00,1.0,S
628,3118,2021-06-05T17:52:35.414000+00:00,1.0,P
628,3349,2021-06-05T17:52:37.724000+00:00,1.0,S
629,3117,2021-06-05T17:52:35.404000+00:00,1.0,P
629,3349,2021-06-05T17:52:37.724000+00:00,1.0,S
630,3117,2021-06-05T17:52:35.404000+00:00,1.0,P
630,3349,2021-06-05T17:52:37.724000+00:00,1.0,S
631,3117,2021-06-05T17:52:35.404000+00:00,1.0,P
631,3349,2021-06-05T17:52:37.724000+00:00,1.0,S
632,3117,2021-06-05T17:52:35.404000+00:00,1.0,P
632,3349,2021-06-05T17:52:37.724000+00:00,1.0,S
633,3117,2021-06-05T17:52:35.404000+00:00,1.0,P
633,3349,2021-06-05T17:52:37.724000+00:00,1.0,S
634,3117,2021-06-05T17:52:35.404000+00:00,1.0,P
634,3349,2021-06-05T17:52:37.724000+00:00,1.0,S
635,3116,2021-06-05T17:52:35.394000+00:00,1.0,P
635,3349,2021-06-05T17:52:37.724000+00:00,1.0,S
636,3116,2021-06-05T17:52:35.394000+00:00,1.0,P
636,3349,2021-06-05T17:52:37.724000+00:00,1.0,S
637,3116,2021-06-05T17:52:35.394000+00:00,1.0,P
637,3348,2021-06-05T17:52:37.714000+00:00,1.0,S
638,3116,2021-06-05T17:52:35.394000+00:00,1.0,P
638,3348,2021-06-05T17:52:37.714000+00:00,1.0,S
639,3116,2021-06-05T17:52:35.394000+00:00,1.0,P
639,3348,2021-06-05T17:52:37.714000+00:00,1.0,S
640,3116,2021-06-05T17:52:35.394000+00:00,1.0,P
640,3348,2021-06-05T17:52:37.714000+00:00,1.0,S
641,3116,2021-06-05T17:52:35.394000+00:00,1.0,P
641,3348,2021-06-05T17:52:37.714000+00:00,1.0,S
642,3115,2021-06-05T17:52:35.384000+00:00,1.0,P
642,3348,2021-06-05T17:52:37.714000+00:00,1.0,S
643,3115,2021-06-05T17:52:35.384000+00:00,1.0,P
643,3347,2021-06-05T17:52:37.704000+00:00,1.0,S
644,3115,2021-06-05T17:52:35.384000+00:00,1.0,P
644,3347,2021-06-05T17:52:37.704000+00:00,1.0,S
645,3115,2021-06-05T17:52:35.384000+00:00,1.0,P
645,3347,2021-06-05T17:52:37.704000+00:00,1.0,S
646,3115,2021-06-05T17:52:35.384000+00:00,1.0,P
646,3347,2021-06-05T17:52:37.704000+00:00,1.0,S
647,3115,2021-06-05T17:52:35.384000+00:00,1.0,P
647,3347,2021-06-05T17:52:37.704000+00:00,1.0,S
648,3114,2021-06-05T17:52:35.374000+00:00,1.0,P
648,3347,2021-06-05T17:52:37.704000+00:00,1.0,S
649,3114,2021-06-05T17:52:35.374000+00:00,1.0,P
649,3347,2021-06-05T17:52:37.704000+00:00,1.0,S
650,3114,2021-06-05T17:52:35.374000+00:00,1.0,P
650,3346,2021-06-05T17:52:37.694000+00:00,1.0,S
651,3114,2021-06-05T17:52:35.374000+00:00,1.0,P
651,3346,2021-06-05T17:52:37.694000+00:00,1.0,S
652,3114,2021-06-05T17:52:35.374000+00:00,1.0,P
652,3346,2021-06-05T17:52:37.694000+00:00,1.0,S
653,3114,2021-06-05T17:52:35.374000+00:00,1.0,P
653,3346,2021-06-05T17:52:37.694000+00:00,1.0,S
654,3114,2021-06-05T17:52:35.374000+00:00,1.0,P
654,3346,2021-06-05T17:52:37.694000+00:00,1.0,S
655,3113,2021-06-05T17:52:35.364000+00:00,1.0,P
655,3346,2021-06-05T17:52:37.694000+00:00,1.0,S
656,3113,2021-06-05T17:52:35.364000+00:00,1.0,P
656,3345,2021-06-05T17:52:37.684000+00:00,1.0,S
657,3113,2021-06-05T17:52:35.364000+00:00,1.0,P
657,3345,2021-06-05T17:52:37.684000+00:00,1.0,S
658,3113,2021-06-05T17:52:35.364000+00:00,1.0,P
658,3345,2021-06-05T17:52:37.684000+00:00,1.0,S
659,3113,2021-06-05T17:52:35.364000+00:00,1.0,P
659,3345,2021-06-05T17:52:37.684000+00:00,1.0,S
660,3113,2021-06-05T17:52:35.364000+00:00,1.0,P
660,3345,2021-06-05T17:52:37.684000+00:00,1.0,S
661,3112,2021-06-05T17:52:35.354000+00:00,1.0,P
661,3345,2021-06-05T17:52:37.684000+00:00,1.0,S
662,3112,2021-06-05T17:52:35.354000+00:00,1.0,P
662,3345,2021-06-05T17:52:37.684000+00:00,1.0,S
663,3112,2021-06-05T17:52:35.354000+00:00,1.0,P
663,3345,2021-06-05T17:52:37.684000+00:00,1.0,S
664,3112,2021-06-05T17:52:35.354000+00:00,1.0,P
664,3345,2021-06-05T17:52:37.684000+00:00,1.0,S
665,3112,2021-06-05T17:52:35.354000+00:00,1.0,P
665,3344,2021-06-05T17:52:37.673999+00:00,1.0,S
666,3112,2021-06-05T17:52:35.354000+00:00,1.0,P
666,3344,2021-06-05T17:52:37.673999+00:00,1.0,S
667,3112,2021-06-05T17:52:35.354000+00:00,1.0,P
667,3344,2021-06-05T17:52:37.673999+00:00,1.0,S
668,3111,2021-06-05T17:52:35.344000+00:00,1.0,P
668,3344,2021-06-05T17:52:37.673999+00:00,1.0,S
669,3111,2021-06-05T17:52:35.344000+00:00,1.0,P
669,3344,2021-06-05T17:52:37.673999+00:00,1.0,S
670,3111,2021-06-05T17:52:35.344000+00:00,1.0,P
670,3343,2021-06-05T17:52:37.664000+00:00,1.0,S
671,3111,2021-06-05T17:52:35.344000+00:00,1.0,P
671,3343,2021-06-05T17:52:37.664000+00:00,1.0,S
672,3111,2021-06-05T17:52:35.344000+00:00,1.0,P
672,3343,2021-06-05T17:52:37.664000+00:00,1.0,S
673,3111,2021-06-05T17:52:35.344000+00:00,1.0,P
673,3343,2021-06-05T17:52:37.664000+00:00,1.0,S
674,3111,2021-06-05T17:52:35.344000+00:00,1.0,P
674,3342,2021-06-05T17:52:37.654000+00:00,1.0,S
675,3110,2021-06-05T17:52:35.334000+00:00,1.0,P
675,3342,2021-06-05T17:52:37.654000+00:00,1.0,S
676,3110,2021-06-05T17:52:35.334000+00:00,1.0,P
676,3342,2021-06-05T17:52:37.654000+00:00,1.0,S
677,3110,2021-06-05T17:52:35.334000+00:00,1.0,P
677,3342,2021-06-05T17:52:37.654000+00:00,1.0,S
678,3110,2021-06-05T17:52:35.334000+00:00,1.0,P
678,3342,2021-06-05T17:52:37.654000+00:00,1.0,S
679,3110,2021-06-05T17:52:35.334000+00:00,1.0,P
679,3341,2021-06-05T17:52:37.644000+00:00,1.0,S
680,3110,2021-06-05T17:52:35.334000+00:00,1.0,P
680,3341,2021-06-05T17:52:37.644000+00:00,1.0,S
681,3109,2021-06-05T17:52:35.324000+00:00,1.0,P
681,3341,2021-06-05T17:52:37.644000+00:00,1.0,S
682,3109,2021-06-05T17:52:35.324000+00:00,1.0,P
682,3341,2021-06-05T17:52:37.644000+00:00,1.0,S
683,3109,2021-06-05T17:52:35.324000+00:00,1.0,P
683,3341,2021-06-05T17:52:37.644000+00:00,1.0,S
684,3109,2021-06-05T17:52:35.324000+00:00,1.0,P
684,3341,2021-06-05T17:52:37.644000+00:00,1.0,S
685,3109,2021-06-05T17:52:35.324000+00:00,1.0,P
685,3340,2021-06-05T17:52:37.634000+00:00,1.0,S
686,3109,2021-06-05T17:52:35.324000+00:00,1.0,P
686,3340,2021-06-05T17:52:37.634000+00:00,1.0,S
687,3109,2021-06-05T17:52:35.324000+00:00,1.0,P
687,3340,2021-06-05T17:52:37.634000+00:00,1.0,S
688,3109,2021-06-05T17:52:35.324000+00:00,1.0,P
688,3340,2021-06-05T17:52:37.634000+00:00,1.0,S
689,3108,2021-06-05T17:52:35.314000+00:00,1.0,P
689,3339,2021-06-05T17:52:37.624000+00:00,1.0,S
690,3108,2021-06-05T17:52:35.314000+00:00,1.0,P
690,3339,2021-06-05T17:52:37.624000+00:00,1.0,S
691,3108,2021-06-05T17:52:35.314000+00:00,1.0,P
691,3339,2021-06-05T17:52:37.624000+00:00,1.0,S
692,3108,2021-06-05T17:52:35.314000+00:00,1.0,P
692,3338,2021-06-05T17:52:37.614000+00:00,1.0,S
693,3108,2021-06-05T17:52:35.314000+00:00,1.0,P
693,3338,2021-06-05T17:52:37.614000+00:00,1.0,S
694,3108,2021-06-05T17:52:35.314000+00:00,1.0,P
694,3338,2021-06-05T17:52:37.614000+00:00,1.0,S
695,3108,2021-06-05T17:52:35.314000+00:00,1.0,P
695,3337,2021-06-05T17:52:37.603999+00:00,1.0,S
696,3108,2021-06-05T17:52:35.314000+00:00,1.0,P
696,3337,2021-06-05T17:52:37.603999+00:00,1.0,S
697,3107,2021-06-05T17:52:35.304000+00:00,1.0,P
697,3337,2021-06-05T17:52:37.603999+00:00,1.0,S
698,3107,2021-06-05T17:52:35.304000+00:00,1.0,P
698,3337,2021-06-05T17:52:37.603999+00:00,1.0,S
699,3107,2021-06-05T17:52:35.304000+00:00,1.0,P
699,3336,2021-06-05T17:52:37.594000+00:00,1.0,S
700,3107,2021-06-05T17:52:35.304000+00:00,1.0,P
700,3336,2021-06-05T17:52:37.594000+00:00,1.0,S
701,3107,2021-06-05T17:52:35.304000+00:00,1.0,P
701,3336,2021-06-05T17:52:37.594000+00:00,1.0,S
702,3107,2021-06-05T17:52:35.304000+00:00,1.0,P
702,3336,2021-06-05T17:52:37.594000+00:00,1.0,S
703,3107,2021-06-05T17:52:35.304000+00:00,1.0,P
703,3335,2021-06-05T17:52:37.584000+00:00,1.0,S
704,3107,2021-06-05T17:52:35.304000+00:00,1.0,P
704,3335,2021-06-05T17:52:37.584000+00:00,1.0,S
705,3107,2021-06-05T17:52:35.304000+00:00,1.0,P
705,3335,2021-06-05T17:52:37.584000+00:00,1.0,S
706,3106,2021-06-05T17:52:35.294000+00:00,1.0,P
706,3335,2021-06-05T17:52:37.584000+00:00,1.0,S
707,3106,2021-06-05T17:52:35.294000+00:00,1.0,P
707,3335,2021-06-05T17:52:37.584000+00:00,1.0,S
708,3106,2021-06-05T17:52:35.294000+00:00,1.0,P
708,3335,2021-06-05T17:52:37.584000+00:00,1.0,S
709,3106,2021-06-05T17:52:35.294000+00:00,1.0,P
709,3335,2021-06-05T17:52:37.584000+00:00,1.0,S
710,3106,2021-06-05T17:52:35.294000+00:00,1.0,P
710,3335,2021-06-05T17:52:37.584000+00:00,1.0,S
711,3106,2021-06-05T17:52:35.294000+00:00,1.0,P
711,3335,2021-06-05T17:52:37.584000+00:00,1.0,S
712,3106,2021-06-05T17:52:35.294000+00:00,1.0,P
712,3335,2021-06-05T17:52:37.584000+00:00,1.0,S
713,3106,2021-06-05T17:52:35.294000+00:00,1.0,P
713,3335,2021-06-05T17:52:37.584000+00:00,1.0,S
714,3106,2021-06-05T17:52:35.294000+00:00,1.0,P
714,3334,2021-06-05T17:52:37.574000+00:00,1.0,S
715,3105,2021-06-05T17:52:35.284000+00:00,1.0,P
715,3334,2021-06-05T17:52:37.574000+00:00,1.0,S
716,3105,2021-06-05T17:52:35.284000+00:00,1.0,P
716,3334,2021-06-05T17:52:37.574000+00:00,1.0,S
717,3105,2021-06-05T17:52:35.284000+00:00,1.0,P
717,3333,2021-06-05T17:52:37.564000+00:00,1.0,S
718,3105,2021-06-05T17:52:35.284000+00:00,1.0,P
718,3333,2021-06-05T17:52:37.564000+00:00,1.0,S
719,3105,2021-06-05T17:52:35.284000+00:00,1.0,P
719,3333,2021-06-05T17:52:37.564000+00:00,1.0,S
720,3105,2021-06-05T17:52:35.284000+00:00,1.0,P
720,3332,2021-06-05T17:52:37.554000+00:00,1.0,S
721,3105,2021-06-05T17:52:35.284000+00:00,1.0,P
721,3332,2021-06-05T17:52:37.554000+00:00,1.0,S
722,3105,2021-06-05T17:52:35.284000+00:00,1.0,P
722,3331,2021-06-05T17:52:37.544000+00:00,1.0,S
723,3105,2021-06-05T17:52:35.284000+00:00,1.0,P
723,3331,2021-06-05T17:52:37.544000+00:00,1.0,S
724,3105,2021-06-05T17:52:35.284000+00:00,1.0,P
724,3331,2021-06-05T17:52:37.544000+00:00,1.0,S
725,3105,2021-06-05T17:52:35.284000+00:00,1.0,P
725,3331,2021-06-05T17:52:37.544000+00:00,1.0,S
726,3105,2021-06-05T17:52:35.284000+00:00,1.0,P
726,3330,2021-06-05T17:52:37.533999+00:00,1.0,S
727,3104,2021-06-05T17:52:35.274000+00:00,1.0,P
727,3330,2021-06-05T17:52:37.533999+00:00,1.0,S
728,3104,2021-06-05T17:52:35.274000+00:00,1.0,P
728,3330,2021-06-05T17:52:37.533999+00:00,1.0,S
729,3104,2021-06-05T17:52:35.274000+00:00,1.0,P
729,3330,2021-06-05T17:52:37.533999+00:00,1.0,S
730,3104,2021-06-05T17:52:35.274000+00:00,1.0,P
730,3329,2021-06-05T17:52:37.524000+00:00,1.0,S
731,3104,2021-06-05T17:52:35.274000+00:00,1.0,P
731,3329,2021-06-05T17:52:37.524000+00:00,1.0,S
732,3104,2021-06-05T17:52:35.274000+00:00,1.0,P
732,3329,2021-06-05T17:52:37.524000+00:00,1.0,S
733,3104,2021-06-05T17:52:35.274000+00:00,1.0,P
733,3329,2021-06-05T17:52:37.524000+00:00,1.0,S
734,3104,2021-06-05T17:52:35.274000+00:00,1.0,P
734,3328,2021-06-05T17:52:37.514000+00:00,1.0,S
735,3104,2021-06-05T17:52:35.274000+00:00,1.0,P
735,3328,2021-06-05T17:52:37.514000+00:00,1.0,S
736,3104,2021-06-05T17:52:35.274000+00:00,1.0,P
736,3328,2021-06-05T17:52:37.514000+00:00,1.0,S
737,3104,2021-06-05T17:52:35.274000+00:00,1.0,P
737,3328,2021-06-05T17:52:37.514000+00:00,1.0,S
738,3104,2021-06-05T17:52:35.274000+00:00,1.0,P
738,3327,2021-06-05T17:52:37.504000+00:00,1.0,S
739,3103,2021-06-05T17:52:35.264000+00:00,1.0,P
739,3327,2021-06-05T17:52:37.504000+00:00,1.0,S
740,3103,2021-06-05T17:52:35.264000+00:00,1.0,P
740,3327,2021-06-05T17:52:37.504000+00:00,1.0,S
741,3103,2021-06-05T17:52:35.264000+00:00,1.0,P
741,3327,2021-06-05T17:52:37.504000+00:00,1.0,S
742,3103,2021-06-05T17:52:35.264000+00:00,1.0,P
742,3327,2021-06-05T17:52:37.504000+00:00,1.0,S
743,3103,2021-06-05T17:52:35.264000+00:00,1.0,P
743,3326,2021-06-05T17:52:37.493999+00:00,1.0,S
744,3103,2021-06-05T17:52:35.264000+00:00,1.0,P
744,3326,2021-06-05T17:52:37.493999+00:00,1.0,S
745,3103,2021-06-05T17:52:35.264000+00:00,1.0,P
745,3326,2021-06-05T17:52:37.493999+00:00,1.0,S
746,3103,2021-06-05T17:52:35.264000+00:00,1.0,P
746,3326,2021-06-05T17:52:37.493999+00:00,1.0,S
747,3103,2021-06-05T17:52:35.264000+00:00,1.0,P
747,3326,2021-06-05T17:52:37.493999+00:00,1.0,S
748,3103,2021-06-05T17:52:35.264000+00:00,1.0,P
748,3325,2021-06-05T17:52:37.484000+00:00,1.0,S
749,3103,2021-06-05T17:52:35.264000+00:00,1.0,P
749,3325,2021-06-05T17:52:37.484000+00:00,1.0,S
750,3102,2021-06-05T17:52:35.254000+00:00,1.0,P
750,3325,2021-06-05T17:52:37.484000+00:00,1.0,S
751,3102,2021-06-05T17:52:35.254000+00:00,1.0,P
751,3325,2021-06-05T17:52:37.484000+00:00,1.0,S
752,3102,2021-06-05T17:52:35.254000+00:00,1.0,P
752,3325,2021-06-05T17:52:37.484000+00:00,1.0,S
753,3102,2021-06-05T17:52:35.254000+00:00,1.0,P
753,3325,2021-06-05T17:52:37.484000+00:00,1.0,S
754,3102,2021-06-05T17:52:35.254000+00:00,1.0,P
754,3325,2021-06-05T17:52:37.484000+00:00,1.0,S
755,3102,2021-06-05T17:52:35.254000+00:00,1.0,P
755,3325,2021-06-05T17:52:37.484000+00:00,1.0,S
756,3102,2021-06-05T17:52:35.254000+00:00,1.0,P
756,3325,2021-06-05T17:52:37.484000+00:00,1.0,S
757,3102,2021-06-05T17:52:35.254000+00:00,1.0,P
757,3325,2021-06-05T17:52:37.484000+00:00,1.0,S
758,3102,2021-06-05T17:52:35.254000+00:00,1.0,P
758,3325,2021-06-05T17:52:37.484000+00:00,1.0,S
759,3102,2021-06-05T17:52:35.254000+00:00,1.0,P
759,3325,2021-06-05T17:52:37.484000+00:00,1.0,S
760,3102,2021-06-05T17:52:35.254000+00:00,1.0,P
760,3325,2021-06-05T17:52:37.484000+00:00,1.0,S
761,3102,2021-06-05T17:52:35.254000+00:00,1.0,P
761,3324,2021-06-05T17:52:37.474000+00:00,1.0,S
762,3102,2021-06-05T17:52:35.254000+00:00,1.0,P
762,3324,2021-06-05T17:52:37.474000+00:00,1.0,S
763,3101,2021-06-05T17:52:35.244000+00:00,1.0,P
763,3325,2021-06-05T17:52:37.484000+00:00,1.0,S
764,3101,2021-06-05T17:52:35.244000+00:00,1.0,P
764,3325,2021-06-05T17:52:37.484000+00:00,1.0,S
765,3101,2021-06-05T17:52:35.244000+00:00,1.0,P
765,3325,2021-06-05T17:52:37.484000+00:00,1.0,S
766,3101,2021-06-05T17:52:35.244000+00:00,1.0,P
766,3325,2021-06-05T17:52:37.484000+00:00,1.0,S
767,3101,2021-06-05T17:52:35.244000+00:00,1.0,P
767,3325,2021-06-05T17:52:37.484000+00:00,1.0,S
768,3101,2021-06-05T17:52:35.244000+00:00,1.0,P
768,3326,2021-06-05T17:52:37.493999+00:00,1.0,S
769,3101,2021-06-05T17:52:35.244000+00:00,1.0,P
769,3326,2021-06-05T17:52:37.493999+00:00,1.0,S
770,3101,2021-06-05T17:52:35.244000+00:00,1.0,P
770,3326,2021-06-05T17:52:37.493999+00:00,1.0,S
771,3101,2021-06-05T17:52:35.244000+00:00,1.0,P
771,3326,2021-06-05T17:52:37.493999+00:00,1.0,S
772,3101,2021-06-05T17:52:35.244000+00:00,1.0,P
772,3327,2021-06-05T17:52:37.504000+00:00,1.0,S
773,3101,2021-06-05T17:52:35.244000+00:00,1.0,P
773,3327,2021-06-05T17:52:37.504000+00:00,1.0,S
774,3101,2021-06-05T17:52:35.244000+00:00,1.0,P
774,3327,2021-06-05T17:52:37.504000+00:00,1.0,S
775,3100,2021-06-05T17:52:35.234000+00:00,1.0,P
775,3327,2021-06-05T17:52:37.504000+00:00,1.0,S
776,3100,2021-06-05T17:52:35.234000+00:00,1.0,P
776,3327,2021-06-05T17:52:37.504000+00:00,1.0,S
777,3100,2021-06-05T17:52:35.234000+00:00,1.0,P
777,3327,2021-06-05T17:52:37.504000+00:00,1.0,S
778,3100,2021-06-05T17:52:35.234000+00:00,1.0,P
778,3327,2021-06-05T17:52:37.504000+00:00,1.0,S
779,3100,2021-06-05T17:52:35.234000+00:00,1.0,P
779,3327,2021-06-05T17:52:37.504000+00:00,1.0,S
780,3100,2021-06-05T17:52:35.234000+00:00,1.0,P
780,3327,2021-06-05T17:52:37.504000+00:00,1.0,S
781,3100,2021-06-05T17:52:35.234000+00:00,1.0,P
781,3327,2021-06-05T17:52:37.504000+00:00,1.0,S
782,3100,2021-06-05T17:52:35.234000+00:00,1.0,P
782,3327,2021-06-05T17:52:37.504000+00:00,1.0,S
783,3100,2021-06-05T17:52:35.234000+00:00,1.0,P
783,3327,2021-06-05T17:52:37.504000+00:00,1.0,S
784,3100,2021-06-05T17:52:35.234000+00:00,1.0,P
784,3327,2021-06-05T17:52:37.504000+00:00,1.0,S
785,3100,2021-06-05T17:52:35.234000+00:00,1.0,P
785,3327,2021-06-05T17:52:37.504000+00:00,1.0,S
786,3100,2021-06-05T17:52:35.234000+00:00,1.0,P
786,3326,2021-06-05T17:52:37.493999+00:00,1.0,S
787,3099,2021-06-05T17:52:35.224000+00:00,1.0,P
787,3326,2021-06-05T17:52:37.493999+00:00,1.0,S
788,3099,2021-06-05T17:52:35.224000+00:00,1.0,P
788,3326,2021-06-05T17:52:37.493999+00:00,1.0,S
789,3099,2021-06-05T17:52:35.224000+00:00,1.0,P
789,3326,2021-06-05T17:52:37.493999+00:00,1.0,S
790,3099,2021-06-05T17:52:35.224000+00:00,1.0,P
790,3326,2021-06-05T17:52:37.493999+00:00,1.0,S
791,3099,2021-06-05T17:52:35.224000+00:00,1.0,P
791,3326,2021-06-05T17:52:37.493999+00:00,1.0,S
792,3099,2021-06-05T17:52:35.224000+00:00,1.0,P
792,3326,2021-06-05T17:52:37.493999+00:00,1.0,S
793,3099,2021-06-05T17:52:35.224000+00:00,1.0,P
793,3325,2021-06-05T17:52:37.484000+00:00,1.0,S
794,3099,2021-06-05T17:52:35.224000+00:00,1.0,P
794,3325,2021-06-05T17:52:37.484000+00:00,1.0,S
795,3099,2021-06-05T17:52:35.224000+00:00,1.0,P
795,3325,2021-06-05T17:52:37.484000+00:00,1.0,S
796,3099,2021-06-05T17:52:35.224000+00:00,1.0,P
796,3325,2021-06-05T17:52:37.484000+00:00,1.0,S
797,3098,2021-06-05T17:52:35.214000+00:00,1.0,P
797,3325,2021-06-05T17:52:37.484000+00:00,1.0,S
798,3098,2021-06-05T17:52:35.214000+00:00,1.0,P
798,3325,2021-06-05T17:52:37.484000+00:00,1.0,S
799,3098,2021-06-05T17:52:35.214000+00:00,1.0,P
799,3324,2021-06-05T17:52:37.474000+00:00,1.0,S
800,3098,2021-06-05T17:52:35.214000+00:00,1.0,P
800,3324,2021-06-05T17:52:37.474000+00:00,1.0,S
801,3098,2021-06-05T17:52:35.214000+00:00,1.0,P
801,3324,2021-06-05T17:52:37.474000+00:00,1.0,S
802,3098,2021-06-05T17:52:35.214000+00:00,1.0,P
802,3324,2021-06-05T17:52:37.474000+00:00,1.0,S
803,3098,2021-06-05T17:52:35.214000+00:00,1.0,P
803,3324,2021-06-05T17:52:37.474000+00:00,1.0,S
804,3098,2021-06-05T17:52:35.214000+00:00,1.0,P
804,3324,2021-06-05T17:52:37.474000+00:00,1.0,S
805,3098,2021-06-05T17:52:35.214000+00:00,1.0,P
805,3323,2021-06-05T17:52:37.464000+00:00,1.0,S
806,3098,2021-06-05T17:52:35.214000+00:00,1.0,P
806,3323,2021-06-05T17:52:37.464000+00:00,1.0,S
807,3098,2021-06-05T17:52:35.214000+00:00,1.0,P
807,3323,2021-06-05T17:52:37.464000+00:00,1.0,S
808,3097,2021-06-05T17:52:35.204000+00:00,1.0,P
808,3323,2021-06-05T17:52:37.464000+00:00,1.0,S
809,3097,2021-06-05T17:52:35.204000+00:00,1.0,P
809,3323,2021-06-05T17:52:37.464000+00:00,1.0,S
810,3097,2021-06-05T17:52:35.204000+00:00,1.0,P
810,3322,2021-06-05T17:52:37.454000+00:00,1.0,S
811,3097,2021-06-05T17:52:35.204000+00:00,1.0,P
811,3322,2021-06-05T17:52:37.454000+00:00,1.0,S
812,3097,2021-06-05T17:52:35.204000+00:00,1.0,P
812,3322,2021-06-05T17:52:37.454000+00:00,1.0,S
813,3097,2021-06-05T17:52:35.204000+00:00,1.0,P
813,3322,2021-06-05T17:52:37.454000+00:00,1.0,S
814,3097,2021-06-05T17:52:35.204000+00:00,1.0,P
814,3322,2021-06-05T17:52:37.454000+00:00,1.0,S
815,3097,2021-06-05T17:52:35.204000+00:00,1.0,P
815,3322,2021-06-05T17:52:37.454000+00:00,1.0,S
816,3097,2021-06-05T17:52:35.204000+00:00,1.0,P
816,3321,2021-06-05T17:52:37.444000+00:00,1.0,S
817,3097,2021-06-05T17:52:35.204000+00:00,1.0,P
817,3321,2021-06-05T17:52:37.444000+00:00,1.0,S
818,3097,2021-06-05T17:52:35.204000+00:00,1.0,P
818,3321,2021-06-05T17:52:37.444000+00:00,1.0,S
819,3097,2021-06-05T17:52:35.204000+00:00,1.0,P
819,3321,2021-06-05T17:52:37.444000+00:00,1.0,S
820,3097,2021-06-05T17:52:35.204000+00:00,1.0,P
820,3321,2021-06-05T17:52:37.444000+00:00,1.0,S
821,3097,2021-06-05T17:52:35.204000+00:00,1.0,P
821,3321,2021-06-05T17:52:37.444000+00:00,1.0,S
822,3097,2021-06-05T17:52:35.204000+00:00,1.0,P
822,3320,2021-06-05T17:52:37.434000+00:00,1.0,S
823,3096,2021-06-05T17:52:35.194000+00:00,1.0,P
823,3320,2021-06-05T17:52:37.434000+00:00,1.0,S
824,3096,2021-06-05T17:52:35.194000+00:00,1.0,P
824,3320,2021-06-05T17:52:37.434000+00:00,1.0,S
825,3096,2021-06-05T17:52:35.194000+00:00,1.0,P
825,3320,2021-06-05T17:52:37.434000+00:00,1.0,S
826,3096,2021-06-05T17:52:35.194000+00:00,1.0,P
826,3320,2021-06-05T17:52:37.434000+00:00,1.0,S
827,3096,2021-06-05T17:52:35.194000+00:00,1.0,P
827,3319,2021-06-05T17:52:37.423999+00:00,1.0,S
828,3096,2021-06-05T17:52:35.194000+00:00,1.0,P
828,3319,2021-06-05T17:52:37.423999+00:00,1.0,S
829,3096,2021-06-05T17:52:35.194000+00:00,1.0,P
829,3319,2021-06-05T17:52:37.423999+00:00,1.0,S
830,3096,2021-06-05T17:52:35.194000+00:00,1.0,P
830,3319,2021-06-05T17:52:37.423999+00:00,1.0,S
831,3096,2021-06-05T17:52:35.194000+00:00,1.0,P
831,3319,2021-06-05T17:52:37.423999+00:00,1.0,S
832,3096,2021-06-05T17:52:35.194000+00:00,1.0,P
832,3319,2021-06-05T17:52:37.423999+00:00,1.0,S
833,3096,2021-06-05T17:52:35.194000+00:00,1.0,P
833,3318,2021-06-05T17:52:37.414000+00:00,1.0,S
834,3096,2021-06-05T17:52:35.194000+00:00,1.0,P
834,3318,2021-06-05T17:52:37.414000+00:00,1.0,S
835,3096,2021-06-05T17:52:35.194000+00:00,1.0,P
835,3318,2021-06-05T17:52:37.414000+00:00,1.0,S
836,3096,2021-06-05T17:52:35.194000+00:00,1.0,P
836,3318,2021-06-05T17:52:37.414000+00:00,1.0,S
837,3096,2021-06-05T17:52:35.194000+00:00,1.0,P
837,3318,2021-06-05T17:52:37.414000+00:00,1.0,S
838,3096,2021-06-05T17:52:35.194000+00:00,1.0,P
838,3317,2021-06-05T17:52:37.404000+00:00,1.0,S
839,3096,2021-06-05T17:52:35.194000+00:00,1.0,P
839,3317,2021-06-05T17:52:37.404000+00:00,1.0,S
840,3096,2021-06-05T17:52:35.194000+00:00,1.0,P
840,3317,2021-06-05T17:52:37.404000+00:00,1.0,S
841,3096,2021-06-05T17:52:35.194000+00:00,1.0,P
841,3317,2021-06-05T17:52:37.404000+00:00,1.0,S
842,3096,2021-06-05T17:52:35.194000+00:00,1.0,P
842,3317,2021-06-05T17:52:37.404000+00:00,1.0,S
843,3096,2021-06-05T17:52:35.194000+00:00,1.0,P
843,3317,2021-06-05T17:52:37.404000+00:00,1.0,S
844,3096,2021-06-05T17:52:35.194000+00:00,1.0,P
844,3316,2021-06-05T17:52:37.394000+00:00,1.0,S
845,3096,2021-06-05T17:52:35.194000+00:00,1.0,P
845,3316,2021-06-05T17:52:37.394000+00:00,1.0,S
846,3096,2021-06-05T17:52:35.194000+00:00,1.0,P
846,3316,2021-06-05T17:52:37.394000+00:00,1.0,S
847,3096,2021-06-05T17:52:35.194000+00:00,1.0,P
847,3316,2021-06-05T17:52:37.394000+00:00,1.0,S
848,3096,2021-06-05T17:52:35.194000+00:00,1.0,P
848,3316,2021-06-05T17:52:37.394000+00:00,1.0,S
849,3096,2021-06-05T17:52:35.194000+00:00,1.0,P
849,3316,2021-06-05T17:52:37.394000+00:00,1.0,S
850,3096,2021-06-05T17:52:35.194000+00:00,1.0,P
850,3315,2021-06-05T17:52:37.384000+00:00,1.0,S
851,3096,2021-06-05T17:52:35.194000+00:00,1.0,P
851,3315,2021-06-05T17:52:37.384000+00:00,1.0,S
852,3096,2021-06-05T17:52:35.194000+00:00,1.0,P
852,3315,2021-06-05T17:52:37.384000+00:00,1.0,S
853,3096,2021-06-05T17:52:35.194000+00:00,1.0,P
853,3315,2021-06-05T17:52:37.384000+00:00,1.0,S
854,3096,2021-06-05T17:52:35.194000+00:00,1.0,P
854,3315,2021-06-05T17:52:37.384000+00:00,1.0,S
855,3096,2021-06-05T17:52:35.194000+00:00,1.0,P
855,3314,2021-06-05T17:52:37.374000+00:00,1.0,S
856,3096,2021-06-05T17:52:35.194000+00:00,1.0,P
856,3314,2021-06-05T17:52:37.374000+00:00,1.0,S
857,3096,2021-06-05T17:52:35.194000+00:00,1.0,P
857,3314,2021-06-05T17:52:37.374000+00:00,1.0,S
858,3096,2021-06-05T17:52:35.194000+00:00,1.0,P
858,3314,2021-06-05T17:52:37.374000+00:00,1.0,S
859,3096,2021-06-05T17:52:35.194000+00:00,1.0,P
859,3314,2021-06-05T17:52:37.374000+00:00,1.0,S
860,3096,2021-06-05T17:52:35.194000+00:00,1.0,P
860,3314,2021-06-05T17:52:37.374000+00:00,1.0,S
861,3096,2021-06-05T17:52:35.194000+00:00,1.0,P
861,3314,2021-06-05T17:52:37.374000+00:00,1.0,S
862,3096,2021-06-05T17:52:35.194000+00:00,1.0,P
862,3314,2021-06-05T17:52:37.374000+00:00,1.0,S
863,3096,2021-06-05T17:52:35.194000+00:00,1.0,P
863,3314,2021-06-05T17:52:37.374000+00:00,1.0,S
864,3095,2021-06-05T17:52:35.184000+00:00,1.0,P
864,3314,2021-06-05T17:52:37.374000+00:00,1.0,S
865,3095,2021-06-05T17:52:35.184000+00:00,1.0,P
865,3314,2021-06-05T17:52:37.374000+00:00,1.0,S
866,3095,2021-06-05T17:52:35.184000+00:00,1.0,P
866,3314,2021-06-05T17:52:37.374000+00:00,1.0,S
867,3095,2021-06-05T17:52:35.184000+00:00,1.0,P
867,3314,2021-06-05T17:52:37.374000+00:00,1.0,S
868,3095,2021-06-05T17:52:35.184000+00:00,1.0,P
868,3314,2021-06-05T17:52:37.374000+00:00,1.0,S
869,3095,2021-06-05T17:52:35.184000+00:00,1.0,P
869,3314,2021-06-05T17:52:37.374000+00:00,1.0,S
870,3095,2021-06-05T17:52:35.184000+00:00,1.0,P
870,3314,2021-06-05T17:52:37.374000+00:00,1.0,S
871,3095,2021-06-05T17:52:35.184000+00:00,1.0,P
871,3314,2021-06-05T17:52:37.374000+00:00,1.0,S
872,3095,2021-06-05T17:52:35.184000+00:00,1.0,P
872,3314,2021-06-05T17:52:37.374000+00:00,1.0,S
873,3095,2021-06-05T17:52:35.184000+00:00,1.0,P
873,3314,2021-06-05T17:52:37.374000+00:00,1.0,S
874,3095,2021-06-05T17:52:35.184000+00:00,1.0,P
874,3315,2021-06-05T17:52:37.384000+00:00,1.0,S
875,3095,2021-06-05T17:52:35.184000+00:00,1.0,P
875,3315,2021-06-05T17:52:37.384000+00:00,1.0,S
876,3095,2021-06-05T17:52:35.184000+00:00,1.0,P
876,3315,2021-06-05T17:52:37.384000+00:00,1.0,S
877,3095,2021-06-05T17:52:35.184000+00:00,1.0,P
877,3315,2021-06-05T17:52:37.384000+00:00,1.0,S
878,3095,2021-06-05T17:52:35.184000+00:00,1.0,P
878,3315,2021-06-05T17:52:37.384000+00:00,1.0,S
879,3095,2021-06-05T17:52:35.184000+00:00,1.0,P
879,3315,2021-06-05T17:52:37.384000+00:00,1.0,S
880,3095,2021-06-05T17:52:35.184000+00:00,1.0,P
880,3315,2021-06-05T17:52:37.384000+00:00,1.0,S
881,3095,2021-06-05T17:52:35.184000+00:00,1.0,P
881,3315,2021-06-05T17:52:37.384000+00:00,1.0,S
882,3095,2021-06-05T17:52:35.184000+00:00,1.0,P
882,3315,2021-06-05T17:52:37.384000+00:00,1.0,S
883,3095,2021-06-05T17:52:35.184000+00:00,1.0,P
883,3315,2021-06-05T17:52:37.384000+00:00,1.0,S
884,3095,2021-06-05T17:52:35.184000+00:00,1.0,P
884,3315,2021-06-05T17:52:37.384000+00:00,1.0,S
885,3095,2021-06-05T17:52:35.184000+00:00,1.0,P
885,3314,2021-06-05T17:52:37.374000+00:00,1.0,S
886,3095,2021-06-05T17:52:35.184000+00:00,1.0,P
886,3314,2021-06-05T17:52:37.374000+00:00,1.0,S
887,3095,2021-06-05T17:52:35.184000+00:00,1.0,P
887,3315,2021-06-05T17:52:37.384000+00:00,1.0,S
888,3095,2021-06-05T17:52:35.184000+00:00,1.0,P
888,3315,2021-06-05T17:52:37.384000+00:00,1.0,S
889,3095,2021-06-05T17:52:35.184000+00:00,1.0,P
889,3315,2021-06-05T17:52:37.384000+00:00,1.0,S
890,3095,2021-06-05T17:52:35.184000+00:00,1.0,P
890,3315,2021-06-05T17:52:37.384000+00:00,1.0,S
891,3095,2021-06-05T17:52:35.184000+00:00,1.0,P
891,3315,2021-06-05T17:52:37.384000+00:00,1.0,S
892,3095,2021-06-05T17:52:35.184000+00:00,1.0,P
892,3315,2021-06-05T17:52:37.384000+00:00,1.0,S
893,3095,2021-06-05T17:52:35.184000+00:00,1.0,P
893,3315,2021-06-05T17:52:37.384000+00:00,1.0,S
894,3095,2021-06-05T17:52:35.184000+00:00,1.0,P
894,3316,2021-06-05T17:52:37.394000+00:00,1.0,S
895,3095,2021-06-05T17:52:35.184000+00:00,1.0,P
895,3316,2021-06-05T17:52:37.394000+00:00,1.0,S
896,3095,2021-06-05T17:52:35.184000+00:00,1.0,P
896,3316,2021-06-05T17:52:37.394000+00:00,1.0,S
897,3095,2021-06-05T17:52:35.184000+00:00,1.0,P
897,3316,2021-06-05T17:52:37.394000+00:00,1.0,S
898,3095,2021-06-05T17:52:35.184000+00:00,1.0,P
898,3316,2021-06-05T17:52:37.394000+00:00,1.0,S
899,3095,2021-06-05T17:52:35.184000+00:00,1.0,P
899,3316,2021-06-05T17:52:37.394000+00:00,1.0,S
900,3095,2021-06-05T17:52:35.184000+00:00,1.0,P
900,3316,2021-06-05T17:52:37.394000+00:00,1.0,S
901,3095,2021-06-05T17:52:35.184000+00:00,1.0,P
901,3316,2021-06-05T17:52:37.394000+00:00,1.0,S
902,3095,2021-06-05T17:52:35.184000+00:00,1.0,P
902,3317,2021-06-05T17:52:37.404000+00:00,1.0,S
903,3095,2021-06-05T17:52:35.184000+00:00,1.0,P
903,3317,2021-06-05T17:52:37.404000+00:00,1.0,S
904,3095,2021-06-05T17:52:35.184000+00:00,1.0,P
904,3317,2021-06-05T17:52:37.404000+00:00,1.0,S
905,3095,2021-06-05T17:52:35.184000+00:00,1.0,P
905,3317,2021-06-05T17:52:37.404000+00:00,1.0,S
906,3095,2021-06-05T17:52:35.184000+00:00,1.0,P
906,3317,2021-06-05T17:52:37.404000+00:00,1.0,S
907,3095,2021-06-05T17:52:35.184000+00:00,1.0,P
907,3318,2021-06-05T17:52:37.414000+00:00,1.0,S
908,3095,2021-06-05T17:52:35.184000+00:00,1.0,P
908,3318,2021-06-05T17:52:37.414000+00:00,1.0,S
909,3095,2021-06-05T17:52:35.184000+00:00,1.0,P
909,3318,2021-06-05T17:52:37.414000+00:00,1.0,S
910,3095,2021-06-05T17:52:35.184000+00:00,1.0,P
910,3318,2021-06-05T17:52:37.414000+00:00,1.0,S
911,3095,2021-06-05T17:52:35.184000+00:00,1.0,P
911,3318,2021-06-05T17:52:37.414000+00:00,1.0,S
912,3095,2021-06-05T17:52:35.184000+00:00,1.0,P
912,3318,2021-06-05T17:52:37.414000+00:00,1.0,S
913,3095,2021-06-05T17:52:35.184000+00:00,1.0,P
913,3318,2021-06-05T17:52:37.414000+00:00,1.0,S
914,3095,2021-06-05T17:52:35.184000+00:00,1.0,P
914,3318,2021-06-05T17:52:37.414000+00:00,1.0,S
915,3094,2021-06-05T17:52:35.174000+00:00,1.0,P
915,3318,2021-06-05T17:52:37.414000+00:00,1.0,S
916,3094,2021-06-05T17:52:35.174000+00:00,1.0,P
916,3318,2021-06-05T17:52:37.414000+00:00,1.0,S
917,3094,2021-06-05T17:52:35.174000+00:00,1.0,P
917,3318,2021-06-05T17:52:37.414000+00:00,1.0,S
918,3094,2021-06-05T17:52:35.174000+00:00,1.0,P
918,3318,2021-06-05T17:52:37.414000+00:00,1.0,S
919,3094,2021-06-05T17:52:35.174000+00:00,1.0,P
919,3318,2021-06-05T17:52:37.414000+00:00,1.0,S
920,3094,2021-06-05T17:52:35.174000+00:00,1.0,P
920,3318,2021-06-05T17:52:37.414000+00:00,1.0,S
921,3094,2021-06-05T17:52:35.174000+00:00,1.0,P
921,3318,2021-06-05T17:52:37.414000+00:00,1.0,S
922,3094,2021-06-05T17:52:35.174000+00:00,1.0,P
922,3318,2021-06-05T17:52:37.414000+00:00,1.0,S
923,3094,2021-06-05T17:52:35.174000+00:00,1.0,P
923,3318,2021-06-05T17:52:37.414000+00:00,1.0,S
924,3094,2021-06-05T17:52:35.174000+00:00,1.0,P
924,3319,2021-06-05T17:52:37.423999+00:00,1.0,S
925,3094,2021-06-05T17:52:35.174000+00:00,1.0,P
925,3319,2021-06-05T17:52:37.423999+00:00,1.0,S
926,3094,2021-06-05T17:52:35.174000+00:00,1.0,P
926,3319,2021-06-05T17:52:37.423999+00:00,1.0,S
927,3094,2021-06-05T17:52:35.174000+00:00,1.0,P
927,3318,2021-06-05T17:52:37.414000+00:00,1.0,S
928,3094,2021-06-05T17:52:35.174000+00:00,1.0,P
928,3318,2021-06-05T17:52:37.414000+00:00,1.0,S
929,3094,2021-06-05T17:52:35.174000+00:00,1.0,P
929,3318,2021-06-05T17:52:37.414000+00:00,1.0,S
930,3094,2021-06-05T17:52:35.174000+00:00,1.0,P
930,3318,2021-06-05T17:52:37.414000+00:00,1.0,S
931,3094,2021-06-05T17:52:35.174000+00:00,1.0,P
931,3318,2021-06-05T17:52:37.414000+00:00,1.0,S
932,3094,2021-06-05T17:52:35.174000+00:00,1.0,P
932,3318,2021-06-05T17:52:37.414000+00:00,1.0,S
933,3094,2021-06-05T17:52:35.174000+00:00,1.0,P
933,3318,2021-06-05T17:52:37.414000+00:00,1.0,S
934,3094,2021-06-05T17:52:35.174000+00:00,1.0,P
934,3318,2021-06-05T17:52:37.414000+00:00,1.0,S
935,3094,2021-06-05T17:52:35.174000+00:00,1.0,P
935,3318,2021-06-05T17:52:37.414000+00:00,1.0,S
936,3094,2021-06-05T17:52:35.174000+00:00,1.0,P
936,3318,2021-06-05T17:52:37.414000+00:00,1.0,S
937,3094,2021-06-05T17:52:35.174000+00:00,1.0,P
937,3317,2021-06-05T17:52:37.404000+00:00,1.0,S
938,3094,2021-06-05T17:52:35.174000+00:00,1.0,P
938,3317,2021-06-05T17:52:37.404000+00:00,1.0,S
939,3094,2021-06-05T17:52:35.174000+00:00,1.0,P
939,3317,2021-06-05T17:52:37.404000+00:00,1.0,S
940,3094,2021-06-05T17:52:35.174000+00:00,1.0,P
940,3317,2021-06-05T17:52:37.404000+00:00,1.0,S
941,3094,2021-06-05T17:52:35.174000+00:00,1.0,P
941,3317,2021-06-05T17:52:37.404000+00:00,1.0,S
942,3094,2021-06-05T17:52:35.174000+00:00,1.0,P
942,3317,2021-06-05T17:52:37.404000+00:00,1.0,S
943,3094,2021-06-05T17:52:35.174000+00:00,1.0,P
943,3317,2021-06-05T17:52:37.404000+00:00,1.0,S
944,3094,2021-06-05T17:52:35.174000+00:00,1.0,P
944,3317,2021-06-05T17:52:37.404000+00:00,1.0,S
945,3094,2021-06-05T17:52:35.174000+00:00,1.0,P
945,3317,2021-06-05T17:52:37.404000+00:00,1.0,S
946,3094,2021-06-05T17:52:35.174000+00:00,1.0,P
946,3317,2021-06-05T17:52:37.404000+00:00,1.0,S
947,3094,2021-06-05T17:52:35.174000+00:00,1.0,P
947,3317,2021-06-05T17:52:37.404000+00:00,1.0,S
948,3094,2021-06-05T17:52:35.174000+00:00,1.0,P
948,3317,2021-06-05T17:52:37.404000+00:00,1.0,S
949,3094,2021-06-05T17:52:35.174000+00:00,1.0,P
949,3317,2021-06-05T17:52:37.404000+00:00,1.0,S
950,3094,2021-06-05T17:52:35.174000+00:00,1.0,P
950,3317,2021-06-05T17:52:37.404000+00:00,1.0,S
951,3094,2021-06-05T17:52:35.174000+00:00,1.0,P
951,3317,2021-06-05T17:52:37.404000+00:00,1.0,S
952,3094,2021-06-05T17:52:35.174000+00:00,1.0,P
952,3317,2021-06-05T17:52:37.404000+00:00,1.0,S
953,3094,2021-06-05T17:52:35.174000+00:00,1.0,P
953,3317,2021-06-05T17:52:37.404000+00:00,1.0,S
954,3094,2021-06-05T17:52:35.174000+00:00,1.0,P
954,3317,2021-06-05T17:52:37.404000+00:00,1.0,S
955,3094,2021-06-05T17:52:35.174000+00:00,1.0,P
955,3317,2021-06-05T17:52:37.404000+00:00,1.0,S
956,3094,2021-06-05T17:52:35.174000+00:00,1.0,P
956,3317,2021-06-05T17:52:37.404000+00:00,1.0,S
957,3094,2021-06-05T17:52:35.174000+00:00,1.0,P
957,3317,2021-06-05T17:52:37.404000+00:00,1.0,S
958,3094,2021-06-05T17:52:35.174000+00:00,1.0,P
958,3318,2021-06-05T17:52:37.414000+00:00,1.0,S
959,3094,2021-06-05T17:52:35.174000+00:00,1.0,P
959,3318,2021-06-05T17:52:37.414000+00:00,1.0,S
960,3094,2021-06-05T17:52:35.174000+00:00,1.0,P
960,3318,2021-06-05T17:52:37.414000+00:00,1.0,S
961,3094,2021-06-05T17:52:35.174000+00:00,1.0,P
961,3318,2021-06-05T17:52:37.414000+00:00,1.0,S
962,3094,2021-06-05T17:52:35.174000+00:00,1.0,P
962,3318,2021-06-05T17:52:37.414000+00:00,1.0,S
963,3094,2021-06-05T17:52:35.174000+00:00,1.0,P
963,3318,2021-06-05T17:52:37.414000+00:00,1.0,S
964,3094,2021-06-05T17:52:35.174000+00:00,1.0,P
964,3318,2021-06-05T17:52:37.414000+00:00,1.0,S
965,3094,2021-06-05T17:52:35.174000+00:00,1.0,P
965,3318,2021-06-05T17:52:37.414000+00:00,1.0,S
966,3094,2021-06-05T17:52:35.174000+00:00,1.0,P
966,3318,2021-06-05T17:52:37.414000+00:00,1.0,S
967,3094,2021-06-05T17:52:35.174000+00:00,1.0,P
967,3318,2021-06-05T17:52:37.414000+00:00,1.0,S
968,3094,2021-06-05T17:52:35.174000+00:00,1.0,P
968,3318,2021-06-05T17:52:37.414000+00:00,1.0,S
969,3094,2021-06-05T17:52:35.174000+00:00,1.0,P
969,3319,2021-06-05T17:52:37.423999+00:00,1.0,S
970,3094,2021-06-05T17:52:35.174000+00:00,1.0,P
970,3319,2021-06-05T17:52:37.423999+00:00,1.0,S
971,3093,2021-06-05T17:52:35.164000+00:00,1.0,P
971,3319,2021-06-05T17:52:37.423999+00:00,1.0,S
972,3093,2021-06-05T17:52:35.164000+00:00,1.0,P
972,3319,2021-06-05T17:52:37.423999+00:00,1.0,S
973,3093,2021-06-05T17:52:35.164000+00:00,1.0,P
973,3319,2021-06-05T17:52:37.423999+00:00,1.0,S
974,3093,2021-06-05T17:52:35.164000+00:00,1.0,P
974,3319,2021-06-05T17:52:37.423999+00:00,1.0,S
975,3093,2021-06-05T17:52:35.164000+00:00,1.0,P
975,3319,2021-06-05T17:52:37.423999+00:00,1.0,S
976,3093,2021-06-05T17:52:35.164000+00:00,1.0,P
976,3319,2021-06-05T17:52:37.423999+00:00,1.0,S
977,3093,2021-06-05T17:52:35.164000+00:00,1.0,P
977,3319,2021-06-05T17:52:37.423999+00:00,1.0,S
978,3093,2021-06-05T17:52:35.164000+00:00,1.0,P
978,3319,2021-06-05T17:52:37.423999+00:00,1.0,S
979,3093,2021-06-05T17:52:35.164000+00:00,1.0,P
979,3319,2021-06-05T17:52:37.423999+00:00,1.0,S
980,3093,2021-06-05T17:52:35.164000+00:00,1.0,P
980,3319,2021-06-05T17:52:37.423999+00:00,1.0,S
981,3093,2021-06-05T17:52:35.164000+00:00,1.0,P
981,3319,2021-06-05T17:52:37.423999+00:00,1.0,S
982,3093,2021-06-05T17:52:35.164000+00:00,1.0,P
982,3319,2021-06-05T17:52:37.423999+00:00,1.0,S
983,3093,2021-06-05T17:52:35.164000+00:00,1.0,P
983,3319,2021-06-05T17:52:37.423999+00:00,1.0,S
984,3093,2021-06-05T17:52:35.164000+00:00,1.0,P
984,3319,2021-06-05T17:52:37.423999+00:00,1.0,S
985,3093,2021-06-05T17:52:35.164000+00:00,1.0,P
985,3319,2021-06-05T17:52:37.423999+00:00,1.0,S
986,3093,2021-06-05T17:52:35.164000+00:00,1.0,P
986,3319,2021-06-05T17:52:37.423999+00:00,1.0,S
987,3093,2021-06-05T17:52:35.164000+00:00,1.0,P
987,3319,2021-06-05T17:52:37.423999+00:00,1.0,S
988,3093,2021-06-05T17:52:35.164000+00:00,1.0,P
988,3319,2021-06-05T17:52:37.423999+00:00,1.0,S
989,3093,2021-06-05T17:52:35.164000+00:00,1.0,P
989,3319,2021-06-05T17:52:37.423999+00:00,1.0,S
990,3093,2021-06-05T17:52:35.164000+00:00,1.0,P
990,3319,2021-06-05T17:52:37.423999+00:00,1.0,S
991,3093,2021-06-05T17:52:35.164000+00:00,1.0,P
991,3319,2021-06-05T17:52:37.423999+00:00,1.0,S
992,3093,2021-06-05T17:52:35.164000+00:00,1.0,P
992,3319,2021-06-05T17:52:37.423999+00:00,1.0,S
993,3093,2021-06-05T17:52:35.164000+00:00,1.0,P
993,3319,2021-06-05T17:52:37.423999+00:00,1.0,S
994,3093,2021-06-05T17:52:35.164000+00:00,1.0,P
994,3319,2021-06-05T17:52:37.423999+00:00,1.0,S
995,3093,2021-06-05T17:52:35.164000+00:00,1.0,P
995,3319,2021-06-05T17:52:37.423999+00:00,1.0,S
996,3093,2021-06-05T17:52:35.164000+00:00,1.0,P
996,3319,2021-06-05T17:52:37.423999+00:00,1.0,S
997,3093,2021-06-05T17:52:35.164000+00:00,1.0,P
997,3319,2021-06-05T17:52:37.423999+00:00,1.0,S
998,3093,2021-06-05T17:52:35.164000+00:00,1.0,P
998,3319,2021-06-05T17:52:37.423999+00:00,1.0,S
999,3093,2021-06-05T17:52:35.164000+00:00,1.0,P
999,3319,2021-06-05T17:52:37.423999+00:00,1.0,S
1000,3093,2021-06-05T17:52:35.164000+00:00,1.0,P
1000,3319,2021-06-05T17:52:37.423999+00:00,1.0,S
1001,3093,2021-06-05T17:52:35.164000+00:00,1.0,P
1001,3319,2021-06-05T17:52:37.423999+00:00,1.0,S
1002,3093,2021-06-05T17:52:35.164000+00:00,1.0,P
1002,3319,2021-06-05T17:52:37.423999+00:00,1.0,S
1003,3093,2021-06-05T17:52:35.164000+00:00,1.0,P
1003,3319,2021-06-05T17:52:37.423999+00:00,1.0,S
1004,3093,2021-06-05T17:52:35.164000+00:00,1.0,P
1004,3319,2021-06-05T17:52:37.423999+00:00,1.0,S
1005,3093,2021-06-05T17:52:35.164000+00:00,1.0,P
1005,3319,2021-06-05T17:52:37.423999+00:00,1.0,S
1006,3093,2021-06-05T17:52:35.164000+00:00,1.0,P
1006,3319,2021-06-05T17:52:37.423999+00:00,1.0,S
1007,3093,2021-06-05T17:52:35.164000+00:00,1.0,P
1007,3319,2021-06-05T17:52:37.423999+00:00,1.0,S
1008,3093,2021-06-05T17:52:35.164000+00:00,1.0,P
1008,3319,2021-06-05T17:52:37.423999+00:00,1.0,S
1009,3093,2021-06-05T17:52:35.164000+00:00,1.0,P
1009,3319,2021-06-05T17:52:37.423999+00:00,1.0,S
1010,3093,2021-06-05T17:52:35.164000+00:00,1.0,P
1010,3319,2021-06-05T17:52:37.423999+00:00,1.0,S
1011,3093,2021-06-05T17:52:35.164000+00:00,1.0,P
1011,3319,2021-06-05T17:52:37.423999+00:00,1.0,S
1012,3093,2021-06-05T17:52:35.164000+00:00,1.0,P
1012,3319,2021-06-05T17:52:37.423999+00:00,1.0,S
1013,3092,2021-06-05T17:52:35.154000+00:00,1.0,P
1013,3319,2021-06-05T17:52:37.423999+00:00,1.0,S
1014,3092,2021-06-05T17:52:35.154000+00:00,1.0,P
1014,3319,2021-06-05T17:52:37.423999+00:00,1.0,S
1015,3092,2021-06-05T17:52:35.154000+00:00,1.0,P
1015,3319,2021-06-05T17:52:37.423999+00:00,1.0,S
1016,3092,2021-06-05T17:52:35.154000+00:00,1.0,P
1016,3319,2021-06-05T17:52:37.423999+00:00,1.0,S
1017,3092,2021-06-05T17:52:35.154000+00:00,1.0,P
1017,3319,2021-06-05T17:52:37.423999+00:00,1.0,S
1018,3092,2021-06-05T17:52:35.154000+00:00,1.0,P
1018,3319,2021-06-05T17:52:37.423999+00:00,1.0,S
1019,3092,2021-06-05T17:52:35.154000+00:00,1.0,P
1019,3319,2021-06-05T17:52:37.423999+00:00,1.0,S
1020,3092,2021-06-05T17:52:35.154000+00:00,1.0,P
1020,3319,2021-06-05T17:52:37.423999+00:00,1.0,S
1021,3092,2021-06-05T17:52:35.154000+00:00,1.0,P
1021,3319,2021-06-05T17:52:37.423999+00:00,1.0,S
1022,3092,2021-06-05T17:52:35.154000+00:00,1.0,P
1022,3319,2021-06-05T17:52:37.423999+00:00,1.0,S
1023,3092,2021-06-05T17:52:35.154000+00:00,1.0,P
1023,3319,2021-06-05T17:52:37.423999+00:00,1.0,S
1024,3092,2021-06-05T17:52:35.154000+00:00,1.0,P
1024,3319,2021-06-05T17:52:37.423999+00:00,1.0,S
1025,3092,2021-06-05T17:52:35.154000+00:00,1.0,P
1025,3319,2021-06-05T17:52:37.423999+00:00,1.0,S
1026,3092,2021-06-05T17:52:35.154000+00:00,1.0,P
1026,3319,2021-06-05T17:52:37.423999+00:00,1.0,S
1027,3092,2021-06-05T17:52:35.154000+00:00,1.0,P
1027,3319,2021-06-05T17:52:37.423999+00:00,1.0,S
1028,3092,2021-06-05T17:52:35.154000+00:00,1.0,P
1028,3319,2021-06-05T17:52:37.423999+00:00,1.0,S
1029,3092,2021-06-05T17:52:35.154000+00:00,1.0,P
1029,3319,2021-06-05T17:52:37.423999+00:00,1.0,S
1030,3092,2021-06-05T17:52:35.154000+00:00,1.0,P
1030,3319,2021-06-05T17:52:37.423999+00:00,1.0,S
1031,3092,2021-06-05T17:52:35.154000+00:00,1.0,P
1031,3319,2021-06-05T17:52:37.423999+00:00,1.0,S
1032,3092,2021-06-05T17:52:35.154000+00:00,1.0,P
1032,3319,2021-06-05T17:52:37.423999+00:00,1.0,S
1033,3092,2021-06-05T17:52:35.154000+00:00,1.0,P
1033,3319,2021-06-05T17:52:37.423999+00:00,1.0,S
1034,3092,2021-06-05T17:52:35.154000+00:00,1.0,P
1034,3319,2021-06-05T17:52:37.423999+00:00,1.0,S
1035,3092,2021-06-05T17:52:35.154000+00:00,1.0,P
1035,3319,2021-06-05T17:52:37.423999+00:00,1.0,S
1036,3092,2021-06-05T17:52:35.154000+00:00,1.0,P
1036,3319,2021-06-05T17:52:37.423999+00:00,1.0,S
1037,3092,2021-06-05T17:52:35.154000+00:00,1.0,P
1037,3319,2021-06-05T17:52:37.423999+00:00,1.0,S
1038,3092,2021-06-05T17:52:35.154000+00:00,1.0,P
1038,3319,2021-06-05T17:52:37.423999+00:00,1.0,S
1039,3091,2021-06-05T17:52:35.144000+00:00,1.0,P
1039,3319,2021-06-05T17:52:37.423999+00:00,1.0,S
1040,3091,2021-06-05T17:52:35.144000+00:00,1.0,P
1040,3319,2021-06-05T17:52:37.423999+00:00,1.0,S
1041,3091,2021-06-05T17:52:35.144000+00:00,1.0,P
1041,3319,2021-06-05T17:52:37.423999+00:00,1.0,S
1042,3091,2021-06-05T17:52:35.144000+00:00,1.0,P
1042,3319,2021-06-05T17:52:37.423999+00:00,1.0,S
1043,3091,2021-06-05T17:52:35.144000+00:00,1.0,P
1043,3319,2021-06-05T17:52:37.423999+00:00,1.0,S
1044,3091,2021-06-05T17:52:35.144000+00:00,1.0,P
1044,3319,2021-06-05T17:52:37.423999+00:00,1.0,S
1045,3091,2021-06-05T17:52:35.144000+00:00,1.0,P
1045,3319,2021-06-05T17:52:37.423999+00:00,1.0,S
1046,3091,2021-06-05T17:52:35.144000+00:00,1.0,P
1046,3319,2021-06-05T17:52:37.423999+00:00,1.0,S
1047,3091,2021-06-05T17:52:35.144000+00:00,1.0,P
1047,3319,2021-06-05T17:52:37.423999+00:00,1.0,S
1048,3091,2021-06-05T17:52:35.144000+00:00,1.0,P
1048,3319,2021-06-05T17:52:37.423999+00:00,1.0,S
1049,3091,2021-06-05T17:52:35.144000+00:00,1.0,P
1049,3319,2021-06-05T17:52:37.423999+00:00,1.0,S
1050,3091,2021-06-05T17:52:35.144000+00:00,1.0,P
1050,3319,2021-06-05T17:52:37.423999+00:00,1.0,S
1051,3091,2021-06-05T17:52:35.144000+00:00,1.0,P
1051,3319,2021-06-05T17:52:37.423999+00:00,1.0,S
1052,3091,2021-06-05T17:52:35.144000+00:00,1.0,P
1052,3319,2021-06-05T17:52:37.423999+00:00,1.0,S
1053,3091,2021-06-05T17:52:35.144000+00:00,1.0,P
1053,3319,2021-06-05T17:52:37.423999+00:00,1.0,S
1054,3091,2021-06-05T17:52:35.144000+00:00,1.0,P
1054,3319,2021-06-05T17:52:37.423999+00:00,1.0,S
1055,3091,2021-06-05T17:52:35.144000+00:00,1.0,P
1055,3319,2021-06-05T17:52:37.423999+00:00,1.0,S
1056,3090,2021-06-05T17:52:35.134000+00:00,1.0,P
1056,3319,2021-06-05T17:52:37.423999+00:00,1.0,S
1057,3090,2021-06-05T17:52:35.134000+00:00,1.0,P
1057,3319,2021-06-05T17:52:37.423999+00:00,1.0,S
1058,3090,2021-06-05T17:52:35.134000+00:00,1.0,P
1058,3319,2021-06-05T17:52:37.423999+00:00,1.0,S
1059,3090,2021-06-05T17:52:35.134000+00:00,1.0,P
1059,3319,2021-06-05T17:52:37.423999+00:00,1.0,S
1060,3090,2021-06-05T17:52:35.134000+00:00,1.0,P
1060,3319,2021-06-05T17:52:37.423999+00:00,1.0,S
1061,3090,2021-06-05T17:52:35.134000+00:00,1.0,P
1061,3319,2021-06-05T17:52:37.423999+00:00,1.0,S
1062,3090,2021-06-05T17:52:35.134000+00:00,1.0,P
1062,3319,2021-06-05T17:52:37.423999+00:00,1.0,S
1063,3090,2021-06-05T17:52:35.134000+00:00,1.0,P
1063,3319,2021-06-05T17:52:37.423999+00:00,1.0,S
1064,3090,2021-06-05T17:52:35.134000+00:00,1.0,P
1064,3319,2021-06-05T17:52:37.423999+00:00,1.0,S
1065,3090,2021-06-05T17:52:35.134000+00:00,1.0,P
1065,3319,2021-06-05T17:52:37.423999+00:00,1.0,S
1066,3090,2021-06-05T17:52:35.134000+00:00,1.0,P
1066,3319,2021-06-05T17:52:37.423999+00:00,1.0,S
1067,3090,2021-06-05T17:52:35.134000+00:00,1.0,P
1067,3319,2021-06-05T17:52:37.423999+00:00,1.0,S
1068,3090,2021-06-05T17:52:35.134000+00:00,1.0,P
1068,3319,2021-06-05T17:52:37.423999+00:00,1.0,S
1069,3090,2021-06-05T17:52:35.134000+00:00,1.0,P
1069,3319,2021-06-05T17:52:37.423999+00:00,1.0,S
1070,3089,2021-06-05T17:52:35.124000+00:00,1.0,P
1070,3319,2021-06-05T17:52:37.423999+00:00,1.0,S
1071,3089,2021-06-05T17:52:35.124000+00:00,1.0,P
1071,3318,2021-06-05T17:52:37.414000+00:00,1.0,S
1072,3089,2021-06-05T17:52:35.124000+00:00,1.0,P
1072,3318,2021-06-05T17:52:37.414000+00:00,1.0,S
1073,3089,2021-06-05T17:52:35.124000+00:00,1.0,P
1073,3318,2021-06-05T17:52:37.414000+00:00,1.0,S
1074,3089,2021-06-05T17:52:35.124000+00:00,1.0,P
1074,3318,2021-06-05T17:52:37.414000+00:00,1.0,S
1075,3089,2021-06-05T17:52:35.124000+00:00,1.0,P
1075,3318,2021-06-05T17:52:37.414000+00:00,1.0,S
1076,3089,2021-06-05T17:52:35.124000+00:00,1.0,P
1076,3318,2021-06-05T17:52:37.414000+00:00,1.0,S
1077,3089,2021-06-05T17:52:35.124000+00:00,1.0,P
1077,3318,2021-06-05T17:52:37.414000+00:00,1.0,S
1078,3089,2021-06-05T17:52:35.124000+00:00,1.0,P
1078,3318,2021-06-05T17:52:37.414000+00:00,1.0,S
1079,3089,2021-06-05T17:52:35.124000+00:00,1.0,P
1079,3318,2021-06-05T17:52:37.414000+00:00,1.0,S
1080,3089,2021-06-05T17:52:35.124000+00:00,1.0,P
1080,3318,2021-06-05T17:52:37.414000+00:00,1.0,S
1081,3089,2021-06-05T17:52:35.124000+00:00,1.0,P
1081,3318,2021-06-05T17:52:37.414000+00:00,1.0,S
1082,3089,2021-06-05T17:52:35.124000+00:00,1.0,P
1082,3318,2021-06-05T17:52:37.414000+00:00,1.0,S
1083,3089,2021-06-05T17:52:35.124000+00:00,1.0,P
1083,3318,2021-06-05T17:52:37.414000+00:00,1.0,S
1084,3089,2021-06-05T17:52:35.124000+00:00,1.0,P
1084,3318,2021-06-05T17:52:37.414000+00:00,1.0,S
1085,3089,2021-06-05T17:52:35.124000+00:00,1.0,P
1085,3317,2021-06-05T17:52:37.404000+00:00,1.0,S
1086,3089,2021-06-05T17:52:35.124000+00:00,1.0,P
1086,3317,2021-06-05T17:52:37.404000+00:00,1.0,S
1087,3088,2021-06-05T17:52:35.114000+00:00,1.0,P
1087,3317,2021-06-05T17:52:37.404000+00:00,1.0,S
1088,3088,2021-06-05T17:52:35.114000+00:00,1.0,P
1088,3317,2021-06-05T17:52:37.404000+00:00,1.0,S
1089,3088,2021-06-05T17:52:35.114000+00:00,1.0,P
1089,3317,2021-06-05T17:52:37.404000+00:00,1.0,S
1090,3088,2021-06-05T17:52:35.114000+00:00,1.0,P
1090,3317,2021-06-05T17:52:37.404000+00:00,1.0,S
1091,3088,2021-06-05T17:52:35.114000+00:00,1.0,P
1091,3317,2021-06-05T17:52:37.404000+00:00,1.0,S
1092,3088,2021-06-05T17:52:35.114000+00:00,1.0,P
1092,3316,2021-06-05T17:52:37.394000+00:00,1.0,S
1093,3088,2021-06-05T17:52:35.114000+00:00,1.0,P
1093,3316,2021-06-05T17:52:37.394000+00:00,1.0,S
1094,3088,2021-06-05T17:52:35.114000+00:00,1.0,P
1094,3316,2021-06-05T17:52:37.394000+00:00,1.0,S
1095,3088,2021-06-05T17:52:35.114000+00:00,1.0,P
1095,3316,2021-06-05T17:52:37.394000+00:00,1.0,S
1096,3088,2021-06-05T17:52:35.114000+00:00,1.0,P
1096,3316,2021-06-05T17:52:37.394000+00:00,1.0,S
1097,3088,2021-06-05T17:52:35.114000+00:00,1.0,P
1097,3316,2021-06-05T17:52:37.394000+00:00,1.0,S
1098,3088,2021-06-05T17:52:35.114000+00:00,1.0,P
1098,3315,2021-06-05T17:52:37.384000+00:00,1.0,S
1099,3088,2021-06-05T17:52:35.114000+00:00,1.0,P
1099,3315,2021-06-05T17:52:37.384000+00:00,1.0,S
1100,3088,2021-06-05T17:52:35.114000+00:00,1.0,P
1100,3315,2021-06-05T17:52:37.384000+00:00,1.0,S
1101,3088,2021-06-05T17:52:35.114000+00:00,1.0,P
1101,3315,2021-06-05T17:52:37.384000+00:00,1.0,S
1102,3088,2021-06-05T17:52:35.114000+00:00,1.0,P
1102,3314,2021-06-05T17:52:37.374000+00:00,1.0,S
1103,3088,2021-06-05T17:52:35.114000+00:00,1.0,P
1103,3314,2021-06-05T17:52:37.374000+00:00,1.0,S
1104,3088,2021-06-05T17:52:35.114000+00:00,1.0,P
1104,3314,2021-06-05T17:52:37.374000+00:00,1.0,S
1105,3087,2021-06-05T17:52:35.104000+00:00,1.0,P
1105,3314,2021-06-05T17:52:37.374000+00:00,1.0,S
1106,3087,2021-06-05T17:52:35.104000+00:00,1.0,P
1106,3314,2021-06-05T17:52:37.374000+00:00,1.0,S
1107,3087,2021-06-05T17:52:35.104000+00:00,1.0,P
1107,3313,2021-06-05T17:52:37.364000+00:00,1.0,S
1108,3087,2021-06-05T17:52:35.104000+00:00,1.0,P
1108,3313,2021-06-05T17:52:37.364000+00:00,1.0,S
1109,3087,2021-06-05T17:52:35.104000+00:00,1.0,P
1109,3313,2021-06-05T17:52:37.364000+00:00,1.0,S
1110,3087,2021-06-05T17:52:35.104000+00:00,1.0,P
1110,3313,2021-06-05T17:52:37.364000+00:00,1.0,S
1111,3087,2021-06-05T17:52:35.104000+00:00,1.0,P
1111,3312,2021-06-05T17:52:37.353999+00:00,1.0,S
1112,3087,2021-06-05T17:52:35.104000+00:00,1.0,P
1112,3312,2021-06-05T17:52:37.353999+00:00,1.0,S
1113,3087,2021-06-05T17:52:35.104000+00:00,1.0,P
1113,3312,2021-06-05T17:52:37.353999+00:00,1.0,S
1114,3087,2021-06-05T17:52:35.104000+00:00,1.0,P
1114,3312,2021-06-05T17:52:37.353999+00:00,1.0,S
1115,3087,2021-06-05T17:52:35.104000+00:00,1.0,P
1115,3311,2021-06-05T17:52:37.344000+00:00,1.0,S
1116,3087,2021-06-05T17:52:35.104000+00:00,1.0,P
1116,3311,2021-06-05T17:52:37.344000+00:00,1.0,S
1117,3087,2021-06-05T17:52:35.104000+00:00,1.0,P
1117,3311,2021-06-05T17:52:37.344000+00:00,1.0,S
1118,3087,2021-06-05T17:52:35.104000+00:00,1.0,P
1118,3311,2021-06-05T17:52:37.344000+00:00,1.0,S
1119,3087,2021-06-05T17:52:35.104000+00:00,1.0,P
1119,3311,2021-06-05T17:52:37.344000+00:00,1.0,S
1120,3087,2021-06-05T17:52:35.104000+00:00,1.0,P
1120,3310,2021-06-05T17:52:37.334000+00:00,1.0,S
1121,3086,2021-06-05T17:52:35.094000+00:00,1.0,P
1121,3310,2021-06-05T17:52:37.334000+00:00,1.0,S
1122,3086,2021-06-05T17:52:35.094000+00:00,1.0,P
1122,3310,2021-06-05T17:52:37.334000+00:00,1.0,S
1123,3086,2021-06-05T17:52:35.094000+00:00,1.0,P
1123,3310,2021-06-05T17:52:37.334000+00:00,1.0,S
1124,3086,2021-06-05T17:52:35.094000+00:00,1.0,P
1124,3309,2021-06-05T17:52:37.324000+00:00,1.0,S
1125,3086,2021-06-05T17:52:35.094000+00:00,1.0,P
1125,3309,2021-06-05T17:52:37.324000+00:00,1.0,S
1126,3086,2021-06-05T17:52:35.094000+00:00,1.0,P
1126,3309,2021-06-05T17:52:37.324000+00:00,1.0,S
1127,3086,2021-06-05T17:52:35.094000+00:00,1.0,P
1127,3309,2021-06-05T17:52:37.324000+00:00,1.0,S
1128,3086,2021-06-05T17:52:35.094000+00:00,1.0,P
1128,3308,2021-06-05T17:52:37.314000+00:00,1.0,S
1129,3086,2021-06-05T17:52:35.094000+00:00,1.0,P
1129,3308,2021-06-05T17:52:37.314000+00:00,1.0,S
1130,3086,2021-06-05T17:52:35.094000+00:00,1.0,P
1130,3308,2021-06-05T17:52:37.314000+00:00,1.0,S
1131,3086,2021-06-05T17:52:35.094000+00:00,1.0,P
1131,3308,2021-06-05T17:52:37.314000+00:00,1.0,S
1132,3086,2021-06-05T17:52:35.094000+00:00,1.0,P
1132,3308,2021-06-05T17:52:37.314000+00:00,1.0,S
1133,3086,2021-06-05T17:52:35.094000+00:00,1.0,P
1133,3308,2021-06-05T17:52:37.314000+00:00,1.0,S
1134,3086,2021-06-05T17:52:35.094000+00:00,1.0,P
1134,3308,2021-06-05T17:52:37.314000+00:00,1.0,S
1135,3085,2021-06-05T17:52:35.084000+00:00,1.0,P
1135,3307,2021-06-05T17:52:37.304000+00:00,1.0,S
1136,3085,2021-06-05T17:52:35.084000+00:00,1.0,P
1136,3307,2021-06-05T17:52:37.304000+00:00,1.0,S
1137,3085,2021-06-05T17:52:35.084000+00:00,1.0,P
1137,3307,2021-06-05T17:52:37.304000+00:00,1.0,S
1138,3085,2021-06-05T17:52:35.084000+00:00,1.0,P
1138,3307,2021-06-05T17:52:37.304000+00:00,1.0,S
1139,3085,2021-06-05T17:52:35.084000+00:00,1.0,P
1139,3307,2021-06-05T17:52:37.304000+00:00,1.0,S
1140,3085,2021-06-05T17:52:35.084000+00:00,1.0,P
1140,3307,2021-06-05T17:52:37.304000+00:00,1.0,S
1141,3085,2021-06-05T17:52:35.084000+00:00,1.0,P
1141,3306,2021-06-05T17:52:37.294000+00:00,1.0,S
1142,3085,2021-06-05T17:52:35.084000+00:00,1.0,P
1142,3306,2021-06-05T17:52:37.294000+00:00,1.0,S
1143,3085,2021-06-05T17:52:35.084000+00:00,1.0,P
1143,3306,2021-06-05T17:52:37.294000+00:00,1.0,S
1144,3085,2021-06-05T17:52:35.084000+00:00,1.0,P
1144,3306,2021-06-05T17:52:37.294000+00:00,1.0,S
1145,3085,2021-06-05T17:52:35.084000+00:00,1.0,P
1145,3306,2021-06-05T17:52:37.294000+00:00,1.0,S
1146,3085,2021-06-05T17:52:35.084000+00:00,1.0,P
1146,3306,2021-06-05T17:52:37.294000+00:00,1.0,S
1147,3085,2021-06-05T17:52:35.084000+00:00,1.0,P
1147,3306,2021-06-05T17:52:37.294000+00:00,1.0,S
1148,3085,2021-06-05T17:52:35.084000+00:00,1.0,P
1148,3306,2021-06-05T17:52:37.294000+00:00,1.0,S
1149,3084,2021-06-05T17:52:35.074000+00:00,1.0,P
1149,3306,2021-06-05T17:52:37.294000+00:00,1.0,S
1150,3084,2021-06-05T17:52:35.074000+00:00,1.0,P
1150,3306,2021-06-05T17:52:37.294000+00:00,1.0,S
1151,3084,2021-06-05T17:52:35.074000+00:00,1.0,P
1151,3305,2021-06-05T17:52:37.283999+00:00,1.0,S
1152,3084,2021-06-05T17:52:35.074000+00:00,1.0,P
1152,3305,2021-06-05T17:52:37.283999+00:00,1.0,S
1153,3084,2021-06-05T17:52:35.074000+00:00,1.0,P
1153,3305,2021-06-05T17:52:37.283999+00:00,1.0,S
1154,3084,2021-06-05T17:52:35.074000+00:00,1.0,P
1154,3305,2021-06-05T17:52:37.283999+00:00,1.0,S
1155,3084,2021-06-05T17:52:35.074000+00:00,1.0,P
1155,3305,2021-06-05T17:52:37.283999+00:00,1.0,S
1156,3084,2021-06-05T17:52:35.074000+00:00,1.0,P
1156,3305,2021-06-05T17:52:37.283999+00:00,1.0,S
1157,3084,2021-06-05T17:52:35.074000+00:00,1.0,P
1157,3305,2021-06-05T17:52:37.283999+00:00,1.0,S
1158,3084,2021-06-05T17:52:35.074000+00:00,1.0,P
1158,3304,2021-06-05T17:52:37.274000+00:00,1.0,S
1159,3084,2021-06-05T17:52:35.074000+00:00,1.0,P
1159,3304,2021-06-05T17:52:37.274000+00:00,1.0,S
1160,3084,2021-06-05T17:52:35.074000+00:00,1.0,P
1160,3304,2021-06-05T17:52:37.274000+00:00,1.0,S
1161,3084,2021-06-05T17:52:35.074000+00:00,1.0,P
1161,3304,2021-06-05T17:52:37.274000+00:00,1.0,S
1162,3084,2021-06-05T17:52:35.074000+00:00,1.0,P
1162,3303,2021-06-05T17:52:37.264000+00:00,1.0,S
1163,3084,2021-06-05T17:52:35.074000+00:00,1.0,P
1163,3303,2021-06-05T17:52:37.264000+00:00,1.0,S
1164,3084,2021-06-05T17:52:35.074000+00:00,1.0,P
1164,3303,2021-06-05T17:52:37.264000+00:00,1.0,S
1165,3084,2021-06-05T17:52:35.074000+00:00,1.0,P
1165,3303,2021-06-05T17:52:37.264000+00:00,1.0,S
1166,3083,2021-06-05T17:52:35.064000+00:00,1.0,P
1166,3303,2021-06-05T17:52:37.264000+00:00,1.0,S
1167,3083,2021-06-05T17:52:35.064000+00:00,1.0,P
1167,3302,2021-06-05T17:52:37.254000+00:00,1.0,S
1168,3083,2021-06-05T17:52:35.064000+00:00,1.0,P
1168,3302,2021-06-05T17:52:37.254000+00:00,1.0,S
1169,3083,2021-06-05T17:52:35.064000+00:00,1.0,P
1169,3302,2021-06-05T17:52:37.254000+00:00,1.0,S
1170,3083,2021-06-05T17:52:35.064000+00:00,1.0,P
1170,3302,2021-06-05T17:52:37.254000+00:00,1.0,S
1171,3083,2021-06-05T17:52:35.064000+00:00,1.0,P
1171,3302,2021-06-05T17:52:37.254000+00:00,1.0,S
1172,3083,2021-06-05T17:52:35.064000+00:00,1.0,P
1172,3301,2021-06-05T17:52:37.243999+00:00,1.0,S
1173,3083,2021-06-05T17:52:35.064000+00:00,1.0,P
1173,3301,2021-06-05T17:52:37.243999+00:00,1.0,S
1174,3083,2021-06-05T17:52:35.064000+00:00,1.0,P
1174,3301,2021-06-05T17:52:37.243999+00:00,1.0,S
1175,3083,2021-06-05T17:52:35.064000+00:00,1.0,P
1175,3301,2021-06-05T17:52:37.243999+00:00,1.0,S
1176,3083,2021-06-05T17:52:35.064000+00:00,1.0,P
1176,3301,2021-06-05T17:52:37.243999+00:00,1.0,S
1177,3083,2021-06-05T17:52:35.064000+00:00,1.0,P
1177,3300,2021-06-05T17:52:37.234000+00:00,1.0,S
1178,3083,2021-06-05T17:52:35.064000+00:00,1.0,P
1178,3300,2021-06-05T17:52:37.234000+00:00,1.0,S
1179,3083,2021-06-05T17:52:35.064000+00:00,1.0,P
1179,3300,2021-06-05T17:52:37.234000+00:00,1.0,S
1180,3082,2021-06-05T17:52:35.054000+00:00,1.0,P
1180,3300,2021-06-05T17:52:37.234000+00:00,1.0,S
1181,3082,2021-06-05T17:52:35.054000+00:00,1.0,P
1181,3300,2021-06-05T17:52:37.234000+00:00,1.0,S
1182,3082,2021-06-05T17:52:35.054000+00:00,1.0,P
1182,3299,2021-06-05T17:52:37.224000+00:00,1.0,S
1183,3082,2021-06-05T17:52:35.054000+00:00,1.0,P
1183,3299,2021-06-05T17:52:37.224000+00:00,1.0,S
1184,3082,2021-06-05T17:52:35.054000+00:00,1.0,P
1184,3299,2021-06-05T17:52:37.224000+00:00,1.0,S
1185,3082,2021-06-05T17:52:35.054000+00:00,1.0,P
1185,3299,2021-06-05T17:52:37.224000+00:00,1.0,S
1186,3082,2021-06-05T17:52:35.054000+00:00,1.0,P
1186,3299,2021-06-05T17:52:37.224000+00:00,1.0,S
1187,3082,2021-06-05T17:52:35.054000+00:00,1.0,P
1187,3298,2021-06-05T17:52:37.214000+00:00,1.0,S
1188,3082,2021-06-05T17:52:35.054000+00:00,1.0,P
1188,3298,2021-06-05T17:52:37.214000+00:00,1.0,S
1189,3082,2021-06-05T17:52:35.054000+00:00,1.0,P
1189,3298,2021-06-05T17:52:37.214000+00:00,1.0,S
1190,3082,2021-06-05T17:52:35.054000+00:00,1.0,P
1190,3298,2021-06-05T17:52:37.214000+00:00,1.0,S
1191,3082,2021-06-05T17:52:35.054000+00:00,1.0,P
1191,3297,2021-06-05T17:52:37.204000+00:00,1.0,S
1192,3082,2021-06-05T17:52:35.054000+00:00,1.0,P
1192,3297,2021-06-05T17:52:37.204000+00:00,1.0,S
1193,3082,2021-06-05T17:52:35.054000+00:00,1.0,P
1193,3297,2021-06-05T17:52:37.204000+00:00,1.0,S
1194,3081,2021-06-05T17:52:35.044000+00:00,1.0,P
1194,3297,2021-06-05T17:52:37.204000+00:00,1.0,S
1195,3081,2021-06-05T17:52:35.044000+00:00,1.0,P
1195,3296,2021-06-05T17:52:37.194000+00:00,1.0,S
1196,3081,2021-06-05T17:52:35.044000+00:00,1.0,P
1196,3296,2021-06-05T17:52:37.194000+00:00,1.0,S
1197,3081,2021-06-05T17:52:35.044000+00:00,1.0,P
1197,3296,2021-06-05T17:52:37.194000+00:00,1.0,S
1198,3081,2021-06-05T17:52:35.044000+00:00,1.0,P
1198,3296,2021-06-05T17:52:37.194000+00:00,1.0,S
1199,3081,2021-06-05T17:52:35.044000+00:00,1.0,P
1199,3296,2021-06-05T17:52:37.194000+00:00,1.0,S
1200,3081,2021-06-05T17:52:35.044000+00:00,1.0,P
1200,3296,2021-06-05T17:52:37.194000+00:00,1.0,S
1201,3081,2021-06-05T17:52:35.044000+00:00,1.0,P
1201,3295,2021-06-05T17:52:37.184000+00:00,1.0,S
1202,3081,2021-06-05T17:52:35.044000+00:00,1.0,P
1202,3295,2021-06-05T17:52:37.184000+00:00,1.0,S
1203,3081,2021-06-05T17:52:35.044000+00:00,1.0,P
1203,3295,2021-06-05T17:52:37.184000+00:00,1.0,S
1204,3081,2021-06-05T17:52:35.044000+00:00,1.0,P
1204,3295,2021-06-05T17:52:37.184000+00:00,1.0,S
1205,3080,2021-06-05T17:52:35.034000+00:00,1.0,P
1205,3294,2021-06-05T17:52:37.173999+00:00,1.0,S
1206,3080,2021-06-05T17:52:35.034000+00:00,1.0,P
1206,3294,2021-06-05T17:52:37.173999+00:00,1.0,S
1207,3080,2021-06-05T17:52:35.034000+00:00,1.0,P
1207,3294,2021-06-05T17:52:37.173999+00:00,1.0,S
1208,3080,2021-06-05T17:52:35.034000+00:00,1.0,P
1208,3294,2021-06-05T17:52:37.173999+00:00,1.0,S
1209,3080,2021-06-05T17:52:35.034000+00:00,1.0,P
1209,3294,2021-06-05T17:52:37.173999+00:00,1.0,S
1210,3080,2021-06-05T17:52:35.034000+00:00,1.0,P
1210,3293,2021-06-05T17:52:37.164000+00:00,1.0,S
1211,3080,2021-06-05T17:52:35.034000+00:00,1.0,P
1211,3293,2021-06-05T17:52:37.164000+00:00,1.0,S
1212,3080,2021-06-05T17:52:35.034000+00:00,1.0,P
1212,3293,2021-06-05T17:52:37.164000+00:00,1.0,S
1213,3080,2021-06-05T17:52:35.034000+00:00,1.0,P
1213,3293,2021-06-05T17:52:37.164000+00:00,1.0,S
1214,3080,2021-06-05T17:52:35.034000+00:00,1.0,P
1214,3292,2021-06-05T17:52:37.154000+00:00,1.0,S
1215,3080,2021-06-05T17:52:35.034000+00:00,1.0,P
1215,3292,2021-06-05T17:52:37.154000+00:00,1.0,S
1216,3080,2021-06-05T17:52:35.034000+00:00,1.0,P
1216,3292,2021-06-05T17:52:37.154000+00:00,1.0,S
1217,3079,2021-06-05T17:52:35.024000+00:00,1.0,P
1217,3292,2021-06-05T17:52:37.154000+00:00,1.0,S
1218,3079,2021-06-05T17:52:35.024000+00:00,1.0,P
1218,3292,2021-06-05T17:52:37.154000+00:00,1.0,S
1219,3079,2021-06-05T17:52:35.024000+00:00,1.0,P
1219,3291,2021-06-05T17:52:37.144000+00:00,1.0,S
1220,3079,2021-06-05T17:52:35.024000+00:00,1.0,P
1220,3291,2021-06-05T17:52:37.144000+00:00,1.0,S
1221,3079,2021-06-05T17:52:35.024000+00:00,1.0,P
1221,3291,2021-06-05T17:52:37.144000+00:00,1.0,S
1222,3079,2021-06-05T17:52:35.024000+00:00,1.0,P
1222,3291,2021-06-05T17:52:37.144000+00:00,1.0,S
1223,3079,2021-06-05T17:52:35.024000+00:00,1.0,P
1223,3291,2021-06-05T17:52:37.144000+00:00,1.0,S
1224,3079,2021-06-05T17:52:35.024000+00:00,1.0,P
1224,3291,2021-06-05T17:52:37.144000+00:00,1.0,S
1225,3079,2021-06-05T17:52:35.024000+00:00,1.0,P
1225,3290,2021-06-05T17:52:37.134000+00:00,1.0,S
1226,3079,2021-06-05T17:52:35.024000+00:00,1.0,P
1226,3290,2021-06-05T17:52:37.134000+00:00,1.0,S
1227,3079,2021-06-05T17:52:35.024000+00:00,1.0,P
1227,3290,2021-06-05T17:52:37.134000+00:00,1.0,S
1228,3078,2021-06-05T17:52:35.014000+00:00,1.0,P
1228,3290,2021-06-05T17:52:37.134000+00:00,1.0,S
1229,3078,2021-06-05T17:52:35.014000+00:00,1.0,P
1229,3290,2021-06-05T17:52:37.134000+00:00,1.0,S
1230,3078,2021-06-05T17:52:35.014000+00:00,1.0,P
1230,3290,2021-06-05T17:52:37.134000+00:00,1.0,S
1231,3078,2021-06-05T17:52:35.014000+00:00,1.0,P
1231,3289,2021-06-05T17:52:37.124000+00:00,1.0,S
1232,3078,2021-06-05T17:52:35.014000+00:00,1.0,P
1232,3289,2021-06-05T17:52:37.124000+00:00,1.0,S
1233,3078,2021-06-05T17:52:35.014000+00:00,1.0,P
1233,3289,2021-06-05T17:52:37.124000+00:00,1.0,S
1234,3078,2021-06-05T17:52:35.014000+00:00,1.0,P
1234,3289,2021-06-05T17:52:37.124000+00:00,1.0,S
1235,3078,2021-06-05T17:52:35.014000+00:00,1.0,P
1235,3289,2021-06-05T17:52:37.124000+00:00,1.0,S
1236,3078,2021-06-05T17:52:35.014000+00:00,1.0,P
1236,3289,2021-06-05T17:52:37.124000+00:00,1.0,S
1237,3078,2021-06-05T17:52:35.014000+00:00,1.0,P
1237,3288,2021-06-05T17:52:37.114000+00:00,1.0,S
1238,3078,2021-06-05T17:52:35.014000+00:00,1.0,P
1238,3288,2021-06-05T17:52:37.114000+00:00,1.0,S
1239,3077,2021-06-05T17:52:35.004000+00:00,1.0,P
1239,3288,2021-06-05T17:52:37.114000+00:00,1.0,S
1240,3077,2021-06-05T17:52:35.004000+00:00,1.0,P
1240,3288,2021-06-05T17:52:37.114000+00:00,1.0,S
1241,3077,2021-06-05T17:52:35.004000+00:00,1.0,P
1241,3288,2021-06-05T17:52:37.114000+00:00,1.0,S
1242,3077,2021-06-05T17:52:35.004000+00:00,1.0,P
1242,3287,2021-06-05T17:52:37.103999+00:00,1.0,S
1243,3077,2021-06-05T17:52:35.004000+00:00,1.0,P
1243,3287,2021-06-05T17:52:37.103999+00:00,1.0,S
1244,3077,2021-06-05T17:52:35.004000+00:00,1.0,P
1244,3287,2021-06-05T17:52:37.103999+00:00,1.0,S
1245,3077,2021-06-05T17:52:35.004000+00:00,1.0,P
1245,3286,2021-06-05T17:52:37.094000+00:00,1.0,S
1246,3077,2021-06-05T17:52:35.004000+00:00,1.0,P
1246,3286,2021-06-05T17:52:37.094000+00:00,1.0,S
1247,3077,2021-06-05T17:52:35.004000+00:00,1.0,P
1247,3286,2021-06-05T17:52:37.094000+00:00,1.0,S
1248,3077,2021-06-05T17:52:35.004000+00:00,1.0,P
1248,3285,2021-06-05T17:52:37.084000+00:00,1.0,S
1249,3076,2021-06-05T17:52:34.994000+00:00,1.0,P
1249,3285,2021-06-05T17:52:37.084000+00:00,1.0,S
1250,3076,2021-06-05T17:52:34.994000+00:00,1.0,P
1250,3285,2021-06-05T17:52:37.084000+00:00,1.0,S
1251,3076,2021-06-05T17:52:34.994000+00:00,1.0,P
1251,3284,2021-06-05T17:52:37.074000+00:00,1.0,S
1252,3076,2021-06-05T17:52:34.994000+00:00,1.0,P
1252,3284,2021-06-05T17:52:37.074000+00:00,1.0,S
1253,3076,2021-06-05T17:52:34.994000+00:00,1.0,P
1253,3284,2021-06-05T17:52:37.074000+00:00,1.0,S
1254,3076,2021-06-05T17:52:34.994000+00:00,1.0,P
1254,3283,2021-06-05T17:52:37.064000+00:00,1.0,S
1255,3076,2021-06-05T17:52:34.994000+00:00,1.0,P
1255,3283,2021-06-05T17:52:37.064000+00:00,1.0,S
1256,3076,2021-06-05T17:52:34.994000+00:00,1.0,P
1256,3283,2021-06-05T17:52:37.064000+00:00,1.0,S
1257,3076,2021-06-05T17:52:34.994000+00:00,1.0,P
1257,3282,2021-06-05T17:52:37.054000+00:00,1.0,S
1258,3076,2021-06-05T17:52:34.994000+00:00,1.0,P
1258,3282,2021-06-05T17:52:37.054000+00:00,1.0,S
1259,3075,2021-06-05T17:52:34.984000+00:00,1.0,P
1259,3282,2021-06-05T17:52:37.054000+00:00,1.0,S
1260,3075,2021-06-05T17:52:34.984000+00:00,1.0,P
1260,3281,2021-06-05T17:52:37.044000+00:00,1.0,S
1261,3075,2021-06-05T17:52:34.984000+00:00,1.0,P
1261,3281,2021-06-05T17:52:37.044000+00:00,1.0,S
1262,3075,2021-06-05T17:52:34.984000+00:00,1.0,P
1262,3281,2021-06-05T17:52:37.044000+00:00,1.0,S
1263,3075,2021-06-05T17:52:34.984000+00:00,1.0,P
1263,3280,2021-06-05T17:52:37.033999+00:00,1.0,S
1264,3075,2021-06-05T17:52:34.984000+00:00,1.0,P
1264,3280,2021-06-05T17:52:37.033999+00:00,1.0,S
1265,3075,2021-06-05T17:52:34.984000+00:00,1.0,P
1265,3280,2021-06-05T17:52:37.033999+00:00,1.0,S
1266,3075,2021-06-05T17:52:34.984000+00:00,1.0,P
1266,3279,2021-06-05T17:52:37.024000+00:00,1.0,S
1267,3075,2021-06-05T17:52:34.984000+00:00,1.0,P
1267,3279,2021-06-05T17:52:37.024000+00:00,1.0,S
1268,3075,2021-06-05T17:52:34.984000+00:00,1.0,P
1268,3279,2021-06-05T17:52:37.024000+00:00,1.0,S
1269,3074,2021-06-05T17:52:34.974000+00:00,1.0,P
1269,3278,2021-06-05T17:52:37.014000+00:00,1.0,S
1270,3074,2021-06-05T17:52:34.974000+00:00,1.0,P
1270,3278,2021-06-05T17:52:37.014000+00:00,1.0,S
1271,3074,2021-06-05T17:52:34.974000+00:00,1.0,P
1271,3278,2021-06-05T17:52:37.014000+00:00,1.0,S
1272,3074,2021-06-05T17:52:34.974000+00:00,1.0,P
1272,3278,2021-06-05T17:52:37.014000+00:00,1.0,S
1273,3074,2021-06-05T17:52:34.974000+00:00,1.0,P
1273,3277,2021-06-05T17:52:37.004000+00:00,1.0,S
1274,3074,2021-06-05T17:52:34.974000+00:00,1.0,P
1274,3277,2021-06-05T17:52:37.004000+00:00,1.0,S
1275,3074,2021-06-05T17:52:34.974000+00:00,1.0,P
1275,3277,2021-06-05T17:52:37.004000+00:00,1.0,S
1276,3074,2021-06-05T17:52:34.974000+00:00,1.0,P
1276,3277,2021-06-05T17:52:37.004000+00:00,1.0,S
1277,3074,2021-06-05T17:52:34.974000+00:00,1.0,P
1277,3276,2021-06-05T17:52:36.993999+00:00,1.0,S
1278,3074,2021-06-05T17:52:34.974000+00:00,1.0,P
1278,3276,2021-06-05T17:52:36.993999+00:00,1.0,S
1279,3073,2021-06-05T17:52:34.964000+00:00,1.0,P
1279,3276,2021-06-05T17:52:36.993999+00:00,1.0,S
1280,3073,2021-06-05T17:52:34.964000+00:00,1.0,P
1280,3276,2021-06-05T17:52:36.993999+00:00,1.0,S
1281,3073,2021-06-05T17:52:34.964000+00:00,1.0,P
1281,3275,2021-06-05T17:52:36.984000+00:00,1.0,S
1282,3073,2021-06-05T17:52:34.964000+00:00,1.0,P
1282,3275,2021-06-05T17:52:36.984000+00:00,1.0,S
1283,3073,2021-06-05T17:52:34.964000+00:00,1.0,P
1283,3275,2021-06-05T17:52:36.984000+00:00,1.0,S
1284,3073,2021-06-05T17:52:34.964000+00:00,1.0,P
1284,3275,2021-06-05T17:52:36.984000+00:00,1.0,S
1285,3073,2021-06-05T17:52:34.964000+00:00,1.0,P
1285,3274,2021-06-05T17:52:36.974000+00:00,1.0,S
1286,3073,2021-06-05T17:52:34.964000+00:00,1.0,P
1286,3274,2021-06-05T17:52:36.974000+00:00,1.0,S
1287,3073,2021-06-05T17:52:34.964000+00:00,1.0,P
1287,3274,2021-06-05T17:52:36.974000+00:00,1.0,S
1288,3072,2021-06-05T17:52:34.954000+00:00,1.0,P
1288,3274,2021-06-05T17:52:36.974000+00:00,1.0,S
1289,3072,2021-06-05T17:52:34.954000+00:00,1.0,P
1289,3273,2021-06-05T17:52:36.964000+00:00,1.0,S
1290,3072,2021-06-05T17:52:34.954000+00:00,1.0,P
1290,3273,2021-06-05T17:52:36.964000+00:00,1.0,S
1291,3072,2021-06-05T17:52:34.954000+00:00,1.0,P
1291,3273,2021-06-05T17:52:36.964000+00:00,1.0,S
1292,3072,2021-06-05T17:52:34.954000+00:00,1.0,P
1292,3273,2021-06-05T17:52:36.964000+00:00,1.0,S
1293,3072,2021-06-05T17:52:34.954000+00:00,1.0,P
1293,3272,2021-06-05T17:52:36.954000+00:00,1.0,S
1294,3072,2021-06-05T17:52:34.954000+00:00,1.0,P
1294,3272,2021-06-05T17:52:36.954000+00:00,1.0,S
1295,3072,2021-06-05T17:52:34.954000+00:00,1.0,P
1295,3272,2021-06-05T17:52:36.954000+00:00,1.0,S
1296,3072,2021-06-05T17:52:34.954000+00:00,1.0,P
1296,3272,2021-06-05T17:52:36.954000+00:00,1.0,S
1297,3071,2021-06-05T17:52:34.944000+00:00,1.0,P
1297,3271,2021-06-05T17:52:36.944000+00:00,1.0,S
1298,3071,2021-06-05T17:52:34.944000+00:00,1.0,P
1298,3271,2021-06-05T17:52:36.944000+00:00,1.0,S
1299,3071,2021-06-05T17:52:34.944000+00:00,1.0,P
1299,3271,2021-06-05T17:52:36.944000+00:00,1.0,S
1300,3071,2021-06-05T17:52:34.944000+00:00,1.0,P
1300,3271,2021-06-05T17:52:36.944000+00:00,1.0,S
1301,3071,2021-06-05T17:52:34.944000+00:00,1.0,P
1301,3270,2021-06-05T17:52:36.934000+00:00,1.0,S
1302,3071,2021-06-05T17:52:34.944000+00:00,1.0,P
1302,3270,2021-06-05T17:52:36.934000+00:00,1.0,S
1303,3071,2021-06-05T17:52:34.944000+00:00,1.0,P
1303,3270,2021-06-05T17:52:36.934000+00:00,1.0,S
1304,3071,2021-06-05T17:52:34.944000+00:00,1.0,P
1304,3270,2021-06-05T17:52:36.934000+00:00,1.0,S
1305,3071,2021-06-05T17:52:34.944000+00:00,1.0,P
1305,3269,2021-06-05T17:52:36.923999+00:00,1.0,S
1306,3070,2021-06-05T17:52:34.934000+00:00,1.0,P
1306,3269,2021-06-05T17:52:36.923999+00:00,1.0,S
1307,3070,2021-06-05T17:52:34.934000+00:00,1.0,P
1307,3269,2021-06-05T17:52:36.923999+00:00,1.0,S
1308,3070,2021-06-05T17:52:34.934000+00:00,1.0,P
1308,3268,2021-06-05T17:52:36.914000+00:00,1.0,S
1309,3070,2021-06-05T17:52:34.934000+00:00,1.0,P
1309,3268,2021-06-05T17:52:36.914000+00:00,1.0,S
1310,3070,2021-06-05T17:52:34.934000+00:00,1.0,P
1310,3268,2021-06-05T17:52:36.914000+00:00,1.0,S
1311,3070,2021-06-05T17:52:34.934000+00:00,1.0,P
1311,3268,2021-06-05T17:52:36.914000+00:00,1.0,S
1312,3070,2021-06-05T17:52:34.934000+00:00,1.0,P
1312,3267,2021-06-05T17:52:36.904000+00:00,1.0,S
1313,3070,2021-06-05T17:52:34.934000+00:00,1.0,P
1313,3267,2021-06-05T17:52:36.904000+00:00,1.0,S
1314,3070,2021-06-05T17:52:34.934000+00:00,1.0,P
1314,3267,2021-06-05T17:52:36.904000+00:00,1.0,S
1315,3070,2021-06-05T17:52:34.934000+00:00,1.0,P
1315,3266,2021-06-05T17:52:36.894000+00:00,1.0,S
1316,3069,2021-06-05T17:52:34.924000+00:00,1.0,P
1316,3266,2021-06-05T17:52:36.894000+00:00,1.0,S
1317,3069,2021-06-05T17:52:34.924000+00:00,1.0,P
1317,3266,2021-06-05T17:52:36.894000+00:00,1.0,S
1318,3069,2021-06-05T17:52:34.924000+00:00,1.0,P
1318,3265,2021-06-05T17:52:36.884000+00:00,1.0,S
1319,3069,2021-06-05T17:52:34.924000+00:00,1.0,P
1319,3265,2021-06-05T17:52:36.884000+00:00,1.0,S
1320,3069,2021-06-05T17:52:34.924000+00:00,1.0,P
1320,3265,2021-06-05T17:52:36.884000+00:00,1.0,S
1321,3069,2021-06-05T17:52:34.924000+00:00,1.0,P
1321,3264,2021-06-05T17:52:36.874000+00:00,1.0,S
1322,3069,2021-06-05T17:52:34.924000+00:00,1.0,P
1322,3264,2021-06-05T17:52:36.874000+00:00,1.0,S
1323,3069,2021-06-05T17:52:34.924000+00:00,1.0,P
1323,3264,2021-06-05T17:52:36.874000+00:00,1.0,S
1324,3069,2021-06-05T17:52:34.924000+00:00,1.0,P
1324,3264,2021-06-05T17:52:36.874000+00:00,1.0,S
1325,3068,2021-06-05T17:52:34.914000+00:00,1.0,P
1325,3263,2021-06-05T17:52:36.864000+00:00,1.0,S
1326,3068,2021-06-05T17:52:34.914000+00:00,1.0,P
1326,3263,2021-06-05T17:52:36.864000+00:00,1.0,S
1327,3068,2021-06-05T17:52:34.914000+00:00,1.0,P
1327,3263,2021-06-05T17:52:36.864000+00:00,1.0,S
1328,3068,2021-06-05T17:52:34.914000+00:00,1.0,P
1328,3262,2021-06-05T17:52:36.853999+00:00,1.0,S
1329,3068,2021-06-05T17:52:34.914000+00:00,1.0,P
1329,3262,2021-06-05T17:52:36.853999+00:00,1.0,S
1330,3068,2021-06-05T17:52:34.914000+00:00,1.0,P
1330,3262,2021-06-05T17:52:36.853999+00:00,1.0,S
1331,3068,2021-06-05T17:52:34.914000+00:00,1.0,P
1331,3261,2021-06-05T17:52:36.844000+00:00,1.0,S
1332,3068,2021-06-05T17:52:34.914000+00:00,1.0,P
1332,3261,2021-06-05T17:52:36.844000+00:00,1.0,S
1333,3068,2021-06-05T17:52:34.914000+00:00,1.0,P
1333,3261,2021-06-05T17:52:36.844000+00:00,1.0,S
1334,3067,2021-06-05T17:52:34.904000+00:00,1.0,P
1334,3261,2021-06-05T17:52:36.844000+00:00,1.0,S
1335,3067,2021-06-05T17:52:34.904000+00:00,1.0,P
1335,3260,2021-06-05T17:52:36.834000+00:00,1.0,S
1336,3067,2021-06-05T17:52:34.904000+00:00,1.0,P
1336,3260,2021-06-05T17:52:36.834000+00:00,1.0,S
1337,3067,2021-06-05T17:52:34.904000+00:00,1.0,P
1337,3260,2021-06-05T17:52:36.834000+00:00,1.0,S
1338,3067,2021-06-05T17:52:34.904000+00:00,1.0,P
1338,3260,2021-06-05T17:52:36.834000+00:00,1.0,S
1339,3067,2021-06-05T17:52:34.904000+00:00,1.0,P
1339,3260,2021-06-05T17:52:36.834000+00:00,1.0,S
1340,3067,2021-06-05T17:52:34.904000+00:00,1.0,P
1340,3259,2021-06-05T17:52:36.824000+00:00,1.0,S
1341,3067,2021-06-05T17:52:34.904000+00:00,1.0,P
1341,3259,2021-06-05T17:52:36.824000+00:00,1.0,S
1342,3066,2021-06-05T17:52:34.894000+00:00,1.0,P
1342,3259,2021-06-05T17:52:36.824000+00:00,1.0,S
1343,3066,2021-06-05T17:52:34.894000+00:00,1.0,P
1343,3258,2021-06-05T17:52:36.814000+00:00,1.0,S
1344,3066,2021-06-05T17:52:34.894000+00:00,1.0,P
1344,3258,2021-06-05T17:52:36.814000+00:00,1.0,S
1345,3066,2021-06-05T17:52:34.894000+00:00,1.0,P
1345,3258,2021-06-05T17:52:36.814000+00:00,1.0,S
1346,3066,2021-06-05T17:52:34.894000+00:00,1.0,P
1346,3257,2021-06-05T17:52:36.804000+00:00,1.0,S
1347,3066,2021-06-05T17:52:34.894000+00:00,1.0,P
1347,3257,2021-06-05T17:52:36.804000+00:00,1.0,S
1348,3066,2021-06-05T17:52:34.894000+00:00,1.0,P
1348,3257,2021-06-05T17:52:36.804000+00:00,1.0,S
1349,3066,2021-06-05T17:52:34.894000+00:00,1.0,P
1349,3256,2021-06-05T17:52:36.794000+00:00,1.0,S
1350,3065,2021-06-05T17:52:34.884000+00:00,1.0,P
1350,3256,2021-06-05T17:52:36.794000+00:00,1.0,S
1351,3065,2021-06-05T17:52:34.884000+00:00,1.0,P
1351,3256,2021-06-05T17:52:36.794000+00:00,1.0,S
1352,3065,2021-06-05T17:52:34.884000+00:00,1.0,P
1352,3255,2021-06-05T17:52:36.783999+00:00,1.0,S
1353,3065,2021-06-05T17:52:34.884000+00:00,1.0,P
1353,3255,2021-06-05T17:52:36.783999+00:00,1.0,S
1354,3065,2021-06-05T17:52:34.884000+00:00,1.0,P
1354,3255,2021-06-05T17:52:36.783999+00:00,1.0,S
1355,3065,2021-06-05T17:52:34.884000+00:00,1.0,P
1355,3254,2021-06-05T17:52:36.774000+00:00,1.0,S
1356,3065,2021-06-05T17:52:34.884000+00:00,1.0,P
1356,3254,2021-06-05T17:52:36.774000+00:00,1.0,S
1357,3064,2021-06-05T17:52:34.874000+00:00,1.0,P
1357,3254,2021-06-05T17:52:36.774000+00:00,1.0,S
1358,3064,2021-06-05T17:52:34.874000+00:00,1.0,P
1358,3253,2021-06-05T17:52:36.764000+00:00,1.0,S
1359,3064,2021-06-05T17:52:34.874000+00:00,1.0,P
1359,3253,2021-06-05T17:52:36.764000+00:00,1.0,S
1360,3064,2021-06-05T17:52:34.874000+00:00,1.0,P
1360,3253,2021-06-05T17:52:36.764000+00:00,1.0,S
1361,3064,2021-06-05T17:52:34.874000+00:00,1.0,P
1361,3252,2021-06-05T17:52:36.754000+00:00,1.0,S
1362,3064,2021-06-05T17:52:34.874000+00:00,1.0,P
1362,3252,2021-06-05T17:52:36.754000+00:00,1.0,S
1363,3064,2021-06-05T17:52:34.874000+00:00,1.0,P
1363,3251,2021-06-05T17:52:36.743999+00:00,1.0,S
1364,3063,2021-06-05T17:52:34.864000+00:00,1.0,P
1364,3251,2021-06-05T17:52:36.743999+00:00,1.0,S
1365,3063,2021-06-05T17:52:34.864000+00:00,1.0,P
1365,3251,2021-06-05T17:52:36.743999+00:00,1.0,S
1366,3063,2021-06-05T17:52:34.864000+00:00,1.0,P
1366,3250,2021-06-05T17:52:36.734000+00:00,1.0,S
1367,3063,2021-06-05T17:52:34.864000+00:00,1.0,P
1367,3250,2021-06-05T17:52:36.734000+00:00,1.0,S
1368,3063,2021-06-05T17:52:34.864000+00:00,1.0,P
1368,3249,2021-06-05T17:52:36.724000+00:00,1.0,S
1369,3062,2021-06-05T17:52:34.854000+00:00,1.0,P
1369,3249,2021-06-05T17:52:36.724000+00:00,1.0,S
1370,3062,2021-06-05T17:52:34.854000+00:00,1.0,P
1370,3248,2021-06-05T17:52:36.714000+00:00,1.0,S
1371,3062,2021-06-05T17:52:34.854000+00:00,1.0,P
1371,3248,2021-06-05T17:52:36.714000+00:00,1.0,S
1372,3062,2021-06-05T17:52:34.854000+00:00,1.0,P
1372,3248,2021-06-05T17:52:36.714000+00:00,1.0,S
1373,3062,2021-06-05T17:52:34.854000+00:00,1.0,P
1373,3247,2021-06-05T17:52:36.704000+00:00,1.0,S
1374,3062,2021-06-05T17:52:34.854000+00:00,1.0,P
1374,3247,2021-06-05T17:52:36.704000+00:00,1.0,S
1375,3061,2021-06-05T17:52:34.844000+00:00,1.0,P
1375,3247,2021-06-05T17:52:36.704000+00:00,1.0,S
1376,3061,2021-06-05T17:52:34.844000+00:00,1.0,P
1376,3246,2021-06-05T17:52:36.694000+00:00,1.0,S
1377,3061,2021-06-05T17:52:34.844000+00:00,1.0,P
1377,3246,2021-06-05T17:52:36.694000+00:00,1.0,S
1378,3061,2021-06-05T17:52:34.844000+00:00,1.0,P
1378,3245,2021-06-05T17:52:36.684000+00:00,1.0,S
1379,3061,2021-06-05T17:52:34.844000+00:00,1.0,P
1379,3245,2021-06-05T17:52:36.684000+00:00,1.0,S
1380,3061,2021-06-05T17:52:34.844000+00:00,1.0,P
1380,3245,2021-06-05T17:52:36.684000+00:00,1.0,S
1381,3060,2021-06-05T17:52:34.834000+00:00,1.0,P
1381,3244,2021-06-05T17:52:36.673999+00:00,1.0,S
1382,3060,2021-06-05T17:52:34.834000+00:00,1.0,P
1382,3244,2021-06-05T17:52:36.673999+00:00,1.0,S
1383,3060,2021-06-05T17:52:34.834000+00:00,1.0,P
1383,3244,2021-06-05T17:52:36.673999+00:00,1.0,S
1384,3060,2021-06-05T17:52:34.834000+00:00,1.0,P
1384,3243,2021-06-05T17:52:36.664000+00:00,1.0,S
1385,3060,2021-06-05T17:52:34.834000+00:00,1.0,P
1385,3243,2021-06-05T17:52:36.664000+00:00,1.0,S
1386,3060,2021-06-05T17:52:34.834000+00:00,1.0,P
1386,3243,2021-06-05T17:52:36.664000+00:00,1.0,S
1387,3059,2021-06-05T17:52:34.824000+00:00,1.0,P
1387,3242,2021-06-05T17:52:36.654000+00:00,1.0,S
1388,3059,2021-06-05T17:52:34.824000+00:00,1.0,P
1388,3242,2021-06-05T17:52:36.654000+00:00,1.0,S
1389,3059,2021-06-05T17:52:34.824000+00:00,1.0,P
1389,3242,2021-06-05T17:52:36.654000+00:00,1.0,S
1390,3059,2021-06-05T17:52:34.824000+00:00,1.0,P
1390,3241,2021-06-05T17:52:36.644000+00:00,1.0,S
1391,3059,2021-06-05T17:52:34.824000+00:00,1.0,P
1391,3241,2021-06-05T17:52:36.644000+00:00,1.0,S
1392,3059,2021-06-05T17:52:34.824000+00:00,1.0,P
1392,3241,2021-06-05T17:52:36.644000+00:00,1.0,S
1393,3058,2021-06-05T17:52:34.814000+00:00,1.0,P
1393,3240,2021-06-05T17:52:36.634000+00:00,1.0,S
1394,3058,2021-06-05T17:52:34.814000+00:00,1.0,P
1394,3240,2021-06-05T17:52:36.634000+00:00,1.0,S
1395,3058,2021-06-05T17:52:34.814000+00:00,1.0,P
1395,3240,2021-06-05T17:52:36.634000+00:00,1.0,S
1396,3058,2021-06-05T17:52:34.814000+00:00,1.0,P
1396,3239,2021-06-05T17:52:36.624000+00:00,1.0,S
1397,3058,2021-06-05T17:52:34.814000+00:00,1.0,P
1397,3239,2021-06-05T17:52:36.624000+00:00,1.0,S
1398,3058,2021-06-05T17:52:34.814000+00:00,1.0,P
1398,3238,2021-06-05T17:52:36.614000+00:00,1.0,S
1399,3058,2021-06-05T17:52:34.814000+00:00,1.0,P
1399,3238,2021-06-05T17:52:36.614000+00:00,1.0,S
1400,3057,2021-06-05T17:52:34.804000+00:00,1.0,P
1400,3238,2021-06-05T17:52:36.614000+00:00,1.0,S
1401,3057,2021-06-05T17:52:34.804000+00:00,1.0,P
1401,3237,2021-06-05T17:52:36.603999+00:00,1.0,S
1402,3057,2021-06-05T17:52:34.804000+00:00,1.0,P
1402,3237,2021-06-05T17:52:36.603999+00:00,1.0,S
1403,3057,2021-06-05T17:52:34.804000+00:00,1.0,P
1403,3236,2021-06-05T17:52:36.594000+00:00,1.0,S
1404,3057,2021-06-05T17:52:34.804000+00:00,1.0,P
1404,3236,2021-06-05T17:52:36.594000+00:00,1.0,S
1405,3057,2021-06-05T17:52:34.804000+00:00,1.0,P
1405,3236,2021-06-05T17:52:36.594000+00:00,1.0,S
1406,3056,2021-06-05T17:52:34.794000+00:00,1.0,P
1406,3235,2021-06-05T17:52:36.584000+00:00,1.0,S
1407,3056,2021-06-05T17:52:34.794000+00:00,1.0,P
1407,3235,2021-06-05T17:52:36.584000+00:00,1.0,S
1408,3056,2021-06-05T17:52:34.794000+00:00,1.0,P
1408,3234,2021-06-05T17:52:36.574000+00:00,1.0,S
1409,3056,2021-06-05T17:52:34.794000+00:00,1.0,P
1409,3234,2021-06-05T17:52:36.574000+00:00,1.0,S
1410,3056,2021-06-05T17:52:34.794000+00:00,1.0,P
1410,3234,2021-06-05T17:52:36.574000+00:00,1.0,S
1411,3056,2021-06-05T17:52:34.794000+00:00,1.0,P
1411,3233,2021-06-05T17:52:36.564000+00:00,1.0,S
1412,3055,2021-06-05T17:52:34.784000+00:00,1.0,P
1412,3233,2021-06-05T17:52:36.564000+00:00,1.0,S
1413,3055,2021-06-05T17:52:34.784000+00:00,1.0,P
1413,3232,2021-06-05T17:52:36.554000+00:00,1.0,S
1414,3055,2021-06-05T17:52:34.784000+00:00,1.0,P
1414,3232,2021-06-05T17:52:36.554000+00:00,1.0,S
1415,3055,2021-06-05T17:52:34.784000+00:00,1.0,P
1415,3231,2021-06-05T17:52:36.544000+00:00,1.0,S
1416,3055,2021-06-05T17:52:34.784000+00:00,1.0,P
1416,3231,2021-06-05T17:52:36.544000+00:00,1.0,S
1417,3055,2021-06-05T17:52:34.784000+00:00,1.0,P
1417,3230,2021-06-05T17:52:36.533999+00:00,1.0,S
1418,3054,2021-06-05T17:52:34.774000+00:00,1.0,P
1418,3230,2021-06-05T17:52:36.533999+00:00,1.0,S
1419,3054,2021-06-05T17:52:34.774000+00:00,1.0,P
1419,3230,2021-06-05T17:52:36.533999+00:00,1.0,S
1420,3054,2021-06-05T17:52:34.774000+00:00,1.0,P
1420,3229,2021-06-05T17:52:36.524000+00:00,1.0,S
1421,3054,2021-06-05T17:52:34.774000+00:00,1.0,P
1421,3229,2021-06-05T17:52:36.524000+00:00,1.0,S
1422,3054,2021-06-05T17:52:34.774000+00:00,1.0,P
1422,3228,2021-06-05T17:52:36.514000+00:00,1.0,S
1423,3054,2021-06-05T17:52:34.774000+00:00,1.0,P
1423,3228,2021-06-05T17:52:36.514000+00:00,1.0,S
1424,3054,2021-06-05T17:52:34.774000+00:00,1.0,P
1424,3227,2021-06-05T17:52:36.504000+00:00,1.0,S
1425,3053,2021-06-05T17:52:34.764000+00:00,1.0,P
1425,3227,2021-06-05T17:52:36.504000+00:00,1.0,S
1426,3053,2021-06-05T17:52:34.764000+00:00,1.0,P
1426,3227,2021-06-05T17:52:36.504000+00:00,1.0,S
1427,3053,2021-06-05T17:52:34.764000+00:00,1.0,P
1427,3226,2021-06-05T17:52:36.493999+00:00,1.0,S
1428,3053,2021-06-05T17:52:34.764000+00:00,1.0,P
1428,3226,2021-06-05T17:52:36.493999+00:00,1.0,S
1429,3053,2021-06-05T17:52:34.764000+00:00,1.0,P
1429,3225,2021-06-05T17:52:36.484000+00:00,1.0,S
1430,3053,2021-06-05T17:52:34.764000+00:00,1.0,P
1430,3225,2021-06-05T17:52:36.484000+00:00,1.0,S
1431,3052,2021-06-05T17:52:34.754000+00:00,1.0,P
1431,3224,2021-06-05T17:52:36.474000+00:00,1.0,S
1432,3052,2021-06-05T17:52:34.754000+00:00,1.0,P
1432,3224,2021-06-05T17:52:36.474000+00:00,1.0,S
1433,3052,2021-06-05T17:52:34.754000+00:00,1.0,P
1433,3224,2021-06-05T17:52:36.474000+00:00,1.0,S
1434,3052,2021-06-05T17:52:34.754000+00:00,1.0,P
1434,3223,2021-06-05T17:52:36.464000+00:00,1.0,S
1435,3052,2021-06-05T17:52:34.754000+00:00,1.0,P
1435,3223,2021-06-05T17:52:36.464000+00:00,1.0,S
1436,3052,2021-06-05T17:52:34.754000+00:00,1.0,P
1436,3222,2021-06-05T17:52:36.454000+00:00,1.0,S
1437,3051,2021-06-05T17:52:34.744000+00:00,1.0,P
1437,3222,2021-06-05T17:52:36.454000+00:00,1.0,S
1438,3051,2021-06-05T17:52:34.744000+00:00,1.0,P
1438,3221,2021-06-05T17:52:36.444000+00:00,1.0,S
1439,3051,2021-06-05T17:52:34.744000+00:00,1.0,P
1439,3221,2021-06-05T17:52:36.444000+00:00,1.0,S
1440,3051,2021-06-05T17:52:34.744000+00:00,1.0,P
1440,3220,2021-06-05T17:52:36.434000+00:00,1.0,S
1441,3051,2021-06-05T17:52:34.744000+00:00,1.0,P
1441,3220,2021-06-05T17:52:36.434000+00:00,1.0,S
1442,3050,2021-06-05T17:52:34.734000+00:00,1.0,P
1442,3220,2021-06-05T17:52:36.434000+00:00,1.0,S
1443,3050,2021-06-05T17:52:34.734000+00:00,1.0,P
1443,3219,2021-06-05T17:52:36.423999+00:00,1.0,S
1444,3050,2021-06-05T17:52:34.734000+00:00,1.0,P
1444,3219,2021-06-05T17:52:36.423999+00:00,1.0,S
1445,3050,2021-06-05T17:52:34.734000+00:00,1.0,P
1445,3218,2021-06-05T17:52:36.414000+00:00,1.0,S
1446,3050,2021-06-05T17:52:34.734000+00:00,1.0,P
1446,3218,2021-06-05T17:52:36.414000+00:00,1.0,S
1447,3050,2021-06-05T17:52:34.734000+00:00,1.0,P
1447,3218,2021-06-05T17:52:36.414000+00:00,1.0,S
1448,3050,2021-06-05T17:52:34.734000+00:00,1.0,P
1448,3217,2021-06-05T17:52:36.404000+00:00,1.0,S
1449,3049,2021-06-05T17:52:34.724000+00:00,1.0,P
1449,3217,2021-06-05T17:52:36.404000+00:00,1.0,S
1450,3049,2021-06-05T17:52:34.724000+00:00,1.0,P
1450,3216,2021-06-05T17:52:36.394000+00:00,1.0,S
1451,3049,2021-06-05T17:52:34.724000+00:00,1.0,P
1451,3216,2021-06-05T17:52:36.394000+00:00,1.0,S
1452,3049,2021-06-05T17:52:34.724000+00:00,1.0,P
1452,3215,2021-06-05T17:52:36.384000+00:00,1.0,S
1453,3049,2021-06-05T17:52:34.724000+00:00,1.0,P
1453,3215,2021-06-05T17:52:36.384000+00:00,1.0,S
1454,3049,2021-06-05T17:52:34.724000+00:00,1.0,P
1454,3215,2021-06-05T17:52:36.384000+00:00,1.0,S
1455,3048,2021-06-05T17:52:34.714000+00:00,1.0,P
1455,3214,2021-06-05T17:52:36.374000+00:00,1.0,S
1456,3048,2021-06-05T17:52:34.714000+00:00,1.0,P
1456,3214,2021-06-05T17:52:36.374000+00:00,1.0,S
1457,3048,2021-06-05T17:52:34.714000+00:00,1.0,P
1457,3213,2021-06-05T17:52:36.364000+00:00,1.0,S
1458,3048,2021-06-05T17:52:34.714000+00:00,1.0,P
1458,3213,2021-06-05T17:52:36.364000+00:00,1.0,S
1459,3048,2021-06-05T17:52:34.714000+00:00,1.0,P
1459,3213,2021-06-05T17:52:36.364000+00:00,1.0,S
1460,3048,2021-06-05T17:52:34.714000+00:00,1.0,P
1460,3212,2021-06-05T17:52:36.353999+00:00,1.0,S
1461,3047,2021-06-05T17:52:34.704000+00:00,1.0,P
1461,3212,2021-06-05T17:52:36.353999+00:00,1.0,S
1462,3047,2021-06-05T17:52:34.704000+00:00,1.0,P
1462,3211,2021-06-05T17:52:36.344000+00:00,1.0,S
1463,3047,2021-06-05T17:52:34.704000+00:00,1.0,P
1463,3211,2021-06-05T17:52:36.344000+00:00,1.0,S
1464,3047,2021-06-05T17:52:34.704000+00:00,1.0,P
1464,3211,2021-06-05T17:52:36.344000+00:00,1.0,S
1465,3047,2021-06-05T17:52:34.704000+00:00,1.0,P
1465,3210,2021-06-05T17:52:36.334000+00:00,1.0,S
1466,3046,2021-06-05T17:52:34.694000+00:00,1.0,P
1466,3210,2021-06-05T17:52:36.334000+00:00,1.0,S
1467,3046,2021-06-05T17:52:34.694000+00:00,1.0,P
1467,3209,2021-06-05T17:52:36.324000+00:00,1.0,S
1468,3046,2021-06-05T17:52:34.694000+00:00,1.0,P
1468,3209,2021-06-05T17:52:36.324000+00:00,1.0,S
1469,3046,2021-06-05T17:52:34.694000+00:00,1.0,P
1469,3209,2021-06-05T17:52:36.324000+00:00,1.0,S
1470,3046,2021-06-05T17:52:34.694000+00:00,1.0,P
1470,3208,2021-06-05T17:52:36.314000+00:00,1.0,S
1471,3046,2021-06-05T17:52:34.694000+00:00,1.0,P
1471,3208,2021-06-05T17:52:36.314000+00:00,1.0,S
1472,3045,2021-06-05T17:52:34.684000+00:00,1.0,P
1472,3207,2021-06-05T17:52:36.304000+00:00,1.0,S
1473,3045,2021-06-05T17:52:34.684000+00:00,1.0,P
1473,3207,2021-06-05T17:52:36.304000+00:00,1.0,S
1474,3045,2021-06-05T17:52:34.684000+00:00,1.0,P
1474,3206,2021-06-05T17:52:36.294000+00:00,1.0,S
1475,3045,2021-06-05T17:52:34.684000+00:00,1.0,P
1475,3206,2021-06-05T17:52:36.294000+00:00,1.0,S
1476,3045,2021-06-05T17:52:34.684000+00:00,1.0,P
1476,3206,2021-06-05T17:52:36.294000+00:00,1.0,S
1477,3045,2021-06-05T17:52:34.684000+00:00,1.0,P
1477,3205,2021-06-05T17:52:36.283999+00:00,1.0,S
1478,3044,2021-06-05T17:52:34.674000+00:00,1.0,P
1478,3205,2021-06-05T17:52:36.283999+00:00,1.0,S
1479,3044,2021-06-05T17:52:34.674000+00:00,1.0,P
1479,3204,2021-06-05T17:52:36.274000+00:00,1.0,S
1480,3044,2021-06-05T17:52:34.674000+00:00,1.0,P
1480,3204,2021-06-05T17:52:36.274000+00:00,1.0,S
1481,3044,2021-06-05T17:52:34.674000+00:00,1.0,P
1481,3203,2021-06-05T17:52:36.264000+00:00,1.0,S
1482,3044,2021-06-05T17:52:34.674000+00:00,1.0,P
1482,3203,2021-06-05T17:52:36.264000+00:00,1.0,S
1483,3044,2021-06-05T17:52:34.674000+00:00,1.0,P
1483,3202,2021-06-05T17:52:36.254000+00:00,1.0,S
1484,3043,2021-06-05T17:52:34.664000+00:00,1.0,P
1484,3202,2021-06-05T17:52:36.254000+00:00,1.0,S
1485,3043,2021-06-05T17:52:34.664000+00:00,1.0,P
1485,3202,2021-06-05T17:52:36.254000+00:00,1.0,S
1486,3043,2021-06-05T17:52:34.664000+00:00,1.0,P
1486,3201,2021-06-05T17:52:36.243999+00:00,1.0,S
1487,3043,2021-06-05T17:52:34.664000+00:00,1.0,P
1487,3201,2021-06-05T17:52:36.243999+00:00,1.0,S
1488,3043,2021-06-05T17:52:34.664000+00:00,1.0,P
1488,3200,2021-06-05T17:52:36.234000+00:00,1.0,S
1489,3043,2021-06-05T17:52:34.664000+00:00,1.0,P
1489,3200,2021-06-05T17:52:36.234000+00:00,1.0,S
1490,3042,2021-06-05T17:52:34.654000+00:00,1.0,P
1490,3200,2021-06-05T17:52:36.234000+00:00,1.0,S
1491,3042,2021-06-05T17:52:34.654000+00:00,1.0,P
1491,3199,2021-06-05T17:52:36.224000+00:00,1.0,S
1492,3042,2021-06-05T17:52:34.654000+00:00,1.0,P
1492,3199,2021-06-05T17:52:36.224000+00:00,1.0,S
1493,3042,2021-06-05T17:52:34.654000+00:00,1.0,P
1493,3198,2021-06-05T17:52:36.214000+00:00,1.0,S
1494,3042,2021-06-05T17:52:34.654000+00:00,1.0,P
1494,3198,2021-06-05T17:52:36.214000+00:00,1.0,S
1495,3042,2021-06-05T17:52:34.654000+00:00,1.0,P
1495,3197,2021-06-05T17:52:36.204000+00:00,1.0,S
1496,3041,2021-06-05T17:52:34.644000+00:00,1.0,P
1496,3197,2021-06-05T17:52:36.204000+00:00,1.0,S
1497,3041,2021-06-05T17:52:34.644000+00:00,1.0,P
1497,3197,2021-06-05T17:52:36.204000+00:00,1.0,S
1498,3041,2021-06-05T17:52:34.644000+00:00,1.0,P
1498,3196,2021-06-05T17:52:36.194000+00:00,1.0,S
1499,3041,2021-06-05T17:52:34.644000+00:00,1.0,P
1499,3196,2021-06-05T17:52:36.194000+00:00,1.0,S
1500,3041,2021-06-05T17:52:34.644000+00:00,1.0,P
1500,3196,2021-06-05T17:52:36.194000+00:00,1.0,S
1501,3040,2021-06-05T17:52:34.634000+00:00,1.0,P
1501,3195,2021-06-05T17:52:36.184000+00:00,1.0,S
1502,3040,2021-06-05T17:52:34.634000+00:00,1.0,P
1502,3195,2021-06-05T17:52:36.184000+00:00,1.0,S
1503,3040,2021-06-05T17:52:34.634000+00:00,1.0,P
1503,3194,2021-06-05T17:52:36.174000+00:00,1.0,S
1504,3040,2021-06-05T17:52:34.634000+00:00,1.0,P
1504,3194,2021-06-05T17:52:36.174000+00:00,1.0,S
1505,3040,2021-06-05T17:52:34.634000+00:00,1.0,P
1505,3193,2021-06-05T17:52:36.164000+00:00,1.0,S
1506,3040,2021-06-05T17:52:34.634000+00:00,1.0,P
1506,3193,2021-06-05T17:52:36.164000+00:00,1.0,S
1507,3039,2021-06-05T17:52:34.624000+00:00,1.0,P
1507,3193,2021-06-05T17:52:36.164000+00:00,1.0,S
1508,3039,2021-06-05T17:52:34.624000+00:00,1.0,P
1508,3192,2021-06-05T17:52:36.154000+00:00,1.0,S
1509,3039,2021-06-05T17:52:34.624000+00:00,1.0,P
1509,3192,2021-06-05T17:52:36.154000+00:00,1.0,S
1510,3039,2021-06-05T17:52:34.624000+00:00,1.0,P
1510,3191,2021-06-05T17:52:36.144000+00:00,1.0,S
1511,3039,2021-06-05T17:52:34.624000+00:00,1.0,P
1511,3191,2021-06-05T17:52:36.144000+00:00,1.0,S
1512,3039,2021-06-05T17:52:34.624000+00:00,1.0,P
1512,3190,2021-06-05T17:52:36.134000+00:00,1.0,S
1513,3038,2021-06-05T17:52:34.614000+00:00,1.0,P
1513,3190,2021-06-05T17:52:36.134000+00:00,1.0,S
1514,3038,2021-06-05T17:52:34.614000+00:00,1.0,P
1514,3190,2021-06-05T17:52:36.134000+00:00,1.0,S
1515,3038,2021-06-05T17:52:34.614000+00:00,1.0,P
1515,3189,2021-06-05T17:52:36.124000+00:00,1.0,S
1516,3038,2021-06-05T17:52:34.614000+00:00,1.0,P
1516,3189,2021-06-05T17:52:36.124000+00:00,1.0,S
1517,3038,2021-06-05T17:52:34.614000+00:00,1.0,P
1517,3188,2021-06-05T17:52:36.114000+00:00,1.0,S
1518,3037,2021-06-05T17:52:34.604000+00:00,1.0,P
1518,3188,2021-06-05T17:52:36.114000+00:00,1.0,S
1519,3037,2021-06-05T17:52:34.604000+00:00,1.0,P
1519,3188,2021-06-05T17:52:36.114000+00:00,1.0,S
1520,3037,2021-06-05T17:52:34.604000+00:00,1.0,P
1520,3187,2021-06-05T17:52:36.104000+00:00,1.0,S
1521,3037,2021-06-05T17:52:34.604000+00:00,1.0,P
1521,3187,2021-06-05T17:52:36.104000+00:00,1.0,S
1522,3037,2021-06-05T17:52:34.604000+00:00,1.0,P
1522,3187,2021-06-05T17:52:36.104000+00:00,1.0,S
1523,3037,2021-06-05T17:52:34.604000+00:00,1.0,P
1523,3186,2021-06-05T17:52:36.094000+00:00,1.0,S
1524,3037,2021-06-05T17:52:34.604000+00:00,1.0,P
1524,3186,2021-06-05T17:52:36.094000+00:00,1.0,S
1525,3036,2021-06-05T17:52:34.594000+00:00,1.0,P
1525,3186,2021-06-05T17:52:36.094000+00:00,1.0,S
1526,3036,2021-06-05T17:52:34.594000+00:00,1.0,P
1526,3185,2021-06-05T17:52:36.084000+00:00,1.0,S
1527,3036,2021-06-05T17:52:34.594000+00:00,1.0,P
1527,3185,2021-06-05T17:52:36.084000+00:00,1.0,S
1528,3036,2021-06-05T17:52:34.594000+00:00,1.0,P
1528,3185,2021-06-05T17:52:36.084000+00:00,1.0,S
1529,3036,2021-06-05T17:52:34.594000+00:00,1.0,P
1529,3184,2021-06-05T17:52:36.074000+00:00,1.0,S
1530,3036,2021-06-05T17:52:34.594000+00:00,1.0,P
1530,3184,2021-06-05T17:52:36.074000+00:00,1.0,S
1531,3036,2021-06-05T17:52:34.594000+00:00,1.0,P
1531,3184,2021-06-05T17:52:36.074000+00:00,1.0,S
1532,3036,2021-06-05T17:52:34.594000+00:00,1.0,P
1532,3183,2021-06-05T17:52:36.064000+00:00,1.0,S
1533,3035,2021-06-05T17:52:34.584000+00:00,1.0,P
1533,3183,2021-06-05T17:52:36.064000+00:00,1.0,S
1534,3035,2021-06-05T17:52:34.584000+00:00,1.0,P
1534,3183,2021-06-05T17:52:36.064000+00:00,1.0,S
1535,3035,2021-06-05T17:52:34.584000+00:00,1.0,P
1535,3182,2021-06-05T17:52:36.054000+00:00,1.0,S
1536,3035,2021-06-05T17:52:34.584000+00:00,1.0,P
1536,3182,2021-06-05T17:52:36.054000+00:00,1.0,S
1537,3035,2021-06-05T17:52:34.584000+00:00,1.0,P
1537,3182,2021-06-05T17:52:36.054000+00:00,1.0,S
1538,3035,2021-06-05T17:52:34.584000+00:00,1.0,P
1538,3181,2021-06-05T17:52:36.044000+00:00,1.0,S
1539,3035,2021-06-05T17:52:34.584000+00:00,1.0,P
1539,3181,2021-06-05T17:52:36.044000+00:00,1.0,S
1540,3035,2021-06-05T17:52:34.584000+00:00,1.0,P
1540,3181,2021-06-05T17:52:36.044000+00:00,1.0,S
1541,3034,2021-06-05T17:52:34.574000+00:00,1.0,P
1541,3180,2021-06-05T17:52:36.034000+00:00,1.0,S
1542,3034,2021-06-05T17:52:34.574000+00:00,1.0,P
1542,3180,2021-06-05T17:52:36.034000+00:00,1.0,S
1543,3034,2021-06-05T17:52:34.574000+00:00,1.0,P
1543,3180,2021-06-05T17:52:36.034000+00:00,1.0,S
1544,3034,2021-06-05T17:52:34.574000+00:00,1.0,P
1544,3179,2021-06-05T17:52:36.024000+00:00,1.0,S
1545,3034,2021-06-05T17:52:34.574000+00:00,1.0,P
1545,3179,2021-06-05T17:52:36.024000+00:00,1.0,S
1546,3034,2021-06-05T17:52:34.574000+00:00,1.0,P
1546,3179,2021-06-05T17:52:36.024000+00:00,1.0,S
1547,3034,2021-06-05T17:52:34.574000+00:00,1.0,P
1547,3178,2021-06-05T17:52:36.014000+00:00,1.0,S
1548,3034,2021-06-05T17:52:34.574000+00:00,1.0,P
1548,3178,2021-06-05T17:52:36.014000+00:00,1.0,S
1549,3034,2021-06-05T17:52:34.574000+00:00,1.0,P
1549,3178,2021-06-05T17:52:36.014000+00:00,1.0,S
1550,3033,2021-06-05T17:52:34.564000+00:00,1.0,P
1550,3177,2021-06-05T17:52:36.004000+00:00,1.0,S
1551,3033,2021-06-05T17:52:34.564000+00:00,1.0,P
1551,3177,2021-06-05T17:52:36.004000+00:00,1.0,S
1552,3033,2021-06-05T17:52:34.564000+00:00,1.0,P
1552,3177,2021-06-05T17:52:36.004000+00:00,1.0,S
1553,3033,2021-06-05T17:52:34.564000+00:00,1.0,P
1553,3176,2021-06-05T17:52:35.994000+00:00,1.0,S
1554,3033,2021-06-05T17:52:34.564000+00:00,1.0,P
1554,3176,2021-06-05T17:52:35.994000+00:00,1.0,S
1555,3033,2021-06-05T17:52:34.564000+00:00,1.0,P
1555,3176,2021-06-05T17:52:35.994000+00:00,1.0,S
1556,3033,2021-06-05T17:52:34.564000+00:00,1.0,P
1556,3176,2021-06-05T17:52:35.994000+00:00,1.0,S
1557,3033,2021-06-05T17:52:34.564000+00:00,1.0,P
1557,3175,2021-06-05T17:52:35.984000+00:00,1.0,S
1558,3033,2021-06-05T17:52:34.564000+00:00,1.0,P
1558,3175,2021-06-05T17:52:35.984000+00:00,1.0,S
1559,3032,2021-06-05T17:52:34.554000+00:00,1.0,P
1559,3175,2021-06-05T17:52:35.984000+00:00,1.0,S
1560,3032,2021-06-05T17:52:34.554000+00:00,1.0,P
1560,3175,2021-06-05T17:52:35.984000+00:00,1.0,S
1561,3032,2021-06-05T17:52:34.554000+00:00,1.0,P
1561,3174,2021-06-05T17:52:35.974000+00:00,1.0,S
1562,3032,2021-06-05T17:52:34.554000+00:00,1.0,P
1562,3174,2021-06-05T17:52:35.974000+00:00,1.0,S
1563,3032,2021-06-05T17:52:34.554000+00:00,1.0,P
1563,3174,2021-06-05T17:52:35.974000+00:00,1.0,S
1564,3032,2021-06-05T17:52:34.554000+00:00,1.0,P
1564,3174,2021-06-05T17:52:35.974000+00:00,1.0,S
1565,3032,2021-06-05T17:52:34.554000+00:00,1.0,P
1565,3173,2021-06-05T17:52:35.964000+00:00,1.0,S
1566,3032,2021-06-05T17:52:34.554000+00:00,1.0,P
1566,3173,2021-06-05T17:52:35.964000+00:00,1.0,S
1567,3032,2021-06-05T17:52:34.554000+00:00,1.0,P
1567,3173,2021-06-05T17:52:35.964000+00:00,1.0,S
1568,3032,2021-06-05T17:52:34.554000+00:00,1.0,P
1568,3173,2021-06-05T17:52:35.964000+00:00,1.0,S
1569,3032,2021-06-05T17:52:34.554000+00:00,1.0,P
1569,3173,2021-06-05T17:52:35.964000+00:00,1.0,S
1570,3031,2021-06-05T17:52:34.544000+00:00,1.0,P
1570,3172,2021-06-05T17:52:35.954000+00:00,1.0,S
1571,3031,2021-06-05T17:52:34.544000+00:00,1.0,P
1571,3172,2021-06-05T17:52:35.954000+00:00,1.0,S
1572,3031,2021-06-05T17:52:34.544000+00:00,1.0,P
1572,3172,2021-06-05T17:52:35.954000+00:00,1.0,S
1573,3031,2021-06-05T17:52:34.544000+00:00,1.0,P
1573,3172,2021-06-05T17:52:35.954000+00:00,1.0,S
1574,3031,2021-06-05T17:52:34.544000+00:00,1.0,P
1574,3172,2021-06-05T17:52:35.954000+00:00,1.0,S
1575,3031,2021-06-05T17:52:34.544000+00:00,1.0,P
1575,3171,2021-06-05T17:52:35.944000+00:00,1.0,S
1576,3031,2021-06-05T17:52:34.544000+00:00,1.0,P
1576,3171,2021-06-05T17:52:35.944000+00:00,1.0,S
1577,3031,2021-06-05T17:52:34.544000+00:00,1.0,P
1577,3171,2021-06-05T17:52:35.944000+00:00,1.0,S
1578,3031,2021-06-05T17:52:34.544000+00:00,1.0,P
1578,3171,2021-06-05T17:52:35.944000+00:00,1.0,S
1579,3031,2021-06-05T17:52:34.544000+00:00,1.0,P
1579,3170,2021-06-05T17:52:35.934000+00:00,1.0,S
1580,3031,2021-06-05T17:52:34.544000+00:00,1.0,P
1580,3170,2021-06-05T17:52:35.934000+00:00,1.0,S
1581,3031,2021-06-05T17:52:34.544000+00:00,1.0,P
1581,3170,2021-06-05T17:52:35.934000+00:00,1.0,S
1582,3031,2021-06-05T17:52:34.544000+00:00,1.0,P
1582,3170,2021-06-05T17:52:35.934000+00:00,1.0,S
1583,3031,2021-06-05T17:52:34.544000+00:00,1.0,P
1583,3169,2021-06-05T17:52:35.924000+00:00,1.0,S
1584,3031,2021-06-05T17:52:34.544000+00:00,1.0,P
1584,3169,2021-06-05T17:52:35.924000+00:00,1.0,S
1585,3030,2021-06-05T17:52:34.534000+00:00,1.0,P
1585,3169,2021-06-05T17:52:35.924000+00:00,1.0,S
1586,3030,2021-06-05T17:52:34.534000+00:00,1.0,P
1586,3169,2021-06-05T17:52:35.924000+00:00,1.0,S
1587,3030,2021-06-05T17:52:34.534000+00:00,1.0,P
1587,3168,2021-06-05T17:52:35.914000+00:00,1.0,S
1588,3030,2021-06-05T17:52:34.534000+00:00,1.0,P
1588,3168,2021-06-05T17:52:35.914000+00:00,1.0,S
1589,3030,2021-06-05T17:52:34.534000+00:00,1.0,P
1589,3168,2021-06-05T17:52:35.914000+00:00,1.0,S
1590,3030,2021-06-05T17:52:34.534000+00:00,1.0,P
1590,3168,2021-06-05T17:52:35.914000+00:00,1.0,S
1591,3030,2021-06-05T17:52:34.534000+00:00,1.0,P
1591,3167,2021-06-05T17:52:35.904000+00:00,1.0,S
1592,3030,2021-06-05T17:52:34.534000+00:00,1.0,P
1592,3167,2021-06-05T17:52:35.904000+00:00,1.0,S
1593,3030,2021-06-05T17:52:34.534000+00:00,1.0,P
1593,3167,2021-06-05T17:52:35.904000+00:00,1.0,S
1594,3030,2021-06-05T17:52:34.534000+00:00,1.0,P
1594,3167,2021-06-05T17:52:35.904000+00:00,1.0,S
1595,3030,2021-06-05T17:52:34.534000+00:00,1.0,P
1595,3167,2021-06-05T17:52:35.904000+00:00,1.0,S
1596,3030,2021-06-05T17:52:34.534000+00:00,1.0,P
1596,3166,2021-06-05T17:52:35.894000+00:00,1.0,S
1597,3030,2021-06-05T17:52:34.534000+00:00,1.0,P
1597,3166,2021-06-05T17:52:35.894000+00:00,1.0,S
1598,3030,2021-06-05T17:52:34.534000+00:00,1.0,P
1598,3166,2021-06-05T17:52:35.894000+00:00,1.0,S
1599,3030,2021-06-05T17:52:34.534000+00:00,1.0,P
1599,3166,2021-06-05T17:52:35.894000+00:00,1.0,S
1600,3030,2021-06-05T17:52:34.534000+00:00,1.0,P
1600,3166,2021-06-05T17:52:35.894000+00:00,1.0,S
1601,3030,2021-06-05T17:52:34.534000+00:00,1.0,P
1601,3166,2021-06-05T17:52:35.894000+00:00,1.0,S
1602,3030,2021-06-05T17:52:34.534000+00:00,1.0,P
1602,3166,2021-06-05T17:52:35.894000+00:00,1.0,S
1603,3029,2021-06-05T17:52:34.524000+00:00,1.0,P
1603,3165,2021-06-05T17:52:35.884000+00:00,1.0,S
1604,3029,2021-06-05T17:52:34.524000+00:00,1.0,P
1604,3165,2021-06-05T17:52:35.884000+00:00,1.0,S
1605,3029,2021-06-05T17:52:34.524000+00:00,1.0,P
1605,3165,2021-06-05T17:52:35.884000+00:00,1.0,S
1606,3029,2021-06-05T17:52:34.524000+00:00,1.0,P
1606,3165,2021-06-05T17:52:35.884000+00:00,1.0,S
1607,3029,2021-06-05T17:52:34.524000+00:00,1.0,P
1607,3165,2021-06-05T17:52:35.884000+00:00,1.0,S
1608,3029,2021-06-05T17:52:34.524000+00:00,1.0,P
1608,3165,2021-06-05T17:52:35.884000+00:00,1.0,S
1609,3029,2021-06-05T17:52:34.524000+00:00,1.0,P
1609,3165,2021-06-05T17:52:35.884000+00:00,1.0,S
1610,3029,2021-06-05T17:52:34.524000+00:00,1.0,P
1610,3165,2021-06-05T17:52:35.884000+00:00,1.0,S
1611,3029,2021-06-05T17:52:34.524000+00:00,1.0,P
1611,3165,2021-06-05T17:52:35.884000+00:00,1.0,S
1612,3029,2021-06-05T17:52:34.524000+00:00,1.0,P
1612,3164,2021-06-05T17:52:35.874000+00:00,1.0,S
1613,3029,2021-06-05T17:52:34.524000+00:00,1.0,P
1613,3164,2021-06-05T17:52:35.874000+00:00,1.0,S
1614,3029,2021-06-05T17:52:34.524000+00:00,1.0,P
1614,3164,2021-06-05T17:52:35.874000+00:00,1.0,S
1615,3029,2021-06-05T17:52:34.524000+00:00,1.0,P
1615,3164,2021-06-05T17:52:35.874000+00:00,1.0,S
1616,3029,2021-06-05T17:52:34.524000+00:00,1.0,P
1616,3164,2021-06-05T17:52:35.874000+00:00,1.0,S
1617,3029,2021-06-05T17:52:34.524000+00:00,1.0,P
1617,3164,2021-06-05T17:52:35.874000+00:00,1.0,S
1618,3029,2021-06-05T17:52:34.524000+00:00,1.0,P
1618,3164,2021-06-05T17:52:35.874000+00:00,1.0,S
1619,3029,2021-06-05T17:52:34.524000+00:00,1.0,P
1619,3164,2021-06-05T17:52:35.874000+00:00,1.0,S
1620,3029,2021-06-05T17:52:34.524000+00:00,1.0,P
1620,3164,2021-06-05T17:52:35.874000+00:00,1.0,S
1621,3029,2021-06-05T17:52:34.524000+00:00,1.0,P
1621,3163,2021-06-05T17:52:35.864000+00:00,1.0,S
1622,3029,2021-06-05T17:52:34.524000+00:00,1.0,P
1622,3163,2021-06-05T17:52:35.864000+00:00,1.0,S
1623,3028,2021-06-05T17:52:34.514000+00:00,1.0,P
1623,3163,2021-06-05T17:52:35.864000+00:00,1.0,S
1624,3028,2021-06-05T17:52:34.514000+00:00,1.0,P
1624,3163,2021-06-05T17:52:35.864000+00:00,1.0,S
1625,3028,2021-06-05T17:52:34.514000+00:00,1.0,P
1625,3163,2021-06-05T17:52:35.864000+00:00,1.0,S
1626,3028,2021-06-05T17:52:34.514000+00:00,1.0,P
1626,3163,2021-06-05T17:52:35.864000+00:00,1.0,S
1627,3028,2021-06-05T17:52:34.514000+00:00,1.0,P
1627,3163,2021-06-05T17:52:35.864000+00:00,1.0,S
1628,3028,2021-06-05T17:52:34.514000+00:00,1.0,P
1628,3163,2021-06-05T17:52:35.864000+00:00,1.0,S
1629,3028,2021-06-05T17:52:34.514000+00:00,1.0,P
1629,3163,2021-06-05T17:52:35.864000+00:00,1.0,S
1630,3028,2021-06-05T17:52:34.514000+00:00,1.0,P
1630,3163,2021-06-05T17:52:35.864000+00:00,1.0,S
1631,3028,2021-06-05T17:52:34.514000+00:00,1.0,P
1631,3163,2021-06-05T17:52:35.864000+00:00,1.0,S
1632,3028,2021-06-05T17:52:34.514000+00:00,1.0,P
1632,3163,2021-06-05T17:52:35.864000+00:00,1.0,S
1633,3028,2021-06-05T17:52:34.514000+00:00,1.0,P
1633,3163,2021-06-05T17:52:35.864000+00:00,1.0,S
1634,3028,2021-06-05T17:52:34.514000+00:00,1.0,P
1634,3163,2021-06-05T17:52:35.864000+00:00,1.0,S
1635,3028,2021-06-05T17:52:34.514000+00:00,1.0,P
1635,3163,2021-06-05T17:52:35.864000+00:00,1.0,S
1636,3028,2021-06-05T17:52:34.514000+00:00,1.0,P
1636,3163,2021-06-05T17:52:35.864000+00:00,1.0,S
1637,3028,2021-06-05T17:52:34.514000+00:00,1.0,P
1637,3163,2021-06-05T17:52:35.864000+00:00,1.0,S
1638,3028,2021-06-05T17:52:34.514000+00:00,1.0,P
1638,3163,2021-06-05T17:52:35.864000+00:00,1.0,S
1639,3028,2021-06-05T17:52:34.514000+00:00,1.0,P
1639,3163,2021-06-05T17:52:35.864000+00:00,1.0,S
1640,3027,2021-06-05T17:52:34.504000+00:00,1.0,P
1640,3163,2021-06-05T17:52:35.864000+00:00,1.0,S
1641,3027,2021-06-05T17:52:34.504000+00:00,1.0,P
1641,3163,2021-06-05T17:52:35.864000+00:00,1.0,S
1642,3027,2021-06-05T17:52:34.504000+00:00,1.0,P
1642,3163,2021-06-05T17:52:35.864000+00:00,1.0,S
1643,3027,2021-06-05T17:52:34.504000+00:00,1.0,P
1643,3163,2021-06-05T17:52:35.864000+00:00,1.0,S
1644,3027,2021-06-05T17:52:34.504000+00:00,1.0,P
1644,3163,2021-06-05T17:52:35.864000+00:00,1.0,S
1645,3027,2021-06-05T17:52:34.504000+00:00,1.0,P
1645,3162,2021-06-05T17:52:35.854000+00:00,1.0,S
1646,3027,2021-06-05T17:52:34.504000+00:00,1.0,P
1646,3162,2021-06-05T17:52:35.854000+00:00,1.0,S
1647,3027,2021-06-05T17:52:34.504000+00:00,1.0,P
1647,3162,2021-06-05T17:52:35.854000+00:00,1.0,S
1648,3027,2021-06-05T17:52:34.504000+00:00,1.0,P
1648,3162,2021-06-05T17:52:35.854000+00:00,1.0,S
1649,3027,2021-06-05T17:52:34.504000+00:00,1.0,P
1649,3162,2021-06-05T17:52:35.854000+00:00,1.0,S
1650,3027,2021-06-05T17:52:34.504000+00:00,1.0,P
1650,3162,2021-06-05T17:52:35.854000+00:00,1.0,S
1651,3027,2021-06-05T17:52:34.504000+00:00,1.0,P
1651,3162,2021-06-05T17:52:35.854000+00:00,1.0,S
1652,3027,2021-06-05T17:52:34.504000+00:00,1.0,P
1652,3162,2021-06-05T17:52:35.854000+00:00,1.0,S
1653,3027,2021-06-05T17:52:34.504000+00:00,1.0,P
1653,3162,2021-06-05T17:52:35.854000+00:00,1.0,S
1654,3027,2021-06-05T17:52:34.504000+00:00,1.0,P
1654,3162,2021-06-05T17:52:35.854000+00:00,1.0,S
1655,3026,2021-06-05T17:52:34.494000+00:00,1.0,P
1655,3162,2021-06-05T17:52:35.854000+00:00,1.0,S
1656,3026,2021-06-05T17:52:34.494000+00:00,1.0,P
1656,3162,2021-06-05T17:52:35.854000+00:00,1.0,S
1657,3026,2021-06-05T17:52:34.494000+00:00,1.0,P
1657,3162,2021-06-05T17:52:35.854000+00:00,1.0,S
1658,3026,2021-06-05T17:52:34.494000+00:00,1.0,P
1658,3162,2021-06-05T17:52:35.854000+00:00,1.0,S
1659,3026,2021-06-05T17:52:34.494000+00:00,1.0,P
1659,3162,2021-06-05T17:52:35.854000+00:00,1.0,S
1660,3026,2021-06-05T17:52:34.494000+00:00,1.0,P
1660,3162,2021-06-05T17:52:35.854000+00:00,1.0,S
1661,3026,2021-06-05T17:52:34.494000+00:00,1.0,P
1661,3162,2021-06-05T17:52:35.854000+00:00,1.0,S
1662,3026,2021-06-05T17:52:34.494000+00:00,1.0,P
1662,3162,2021-06-05T17:52:35.854000+00:00,1.0,S
1663,3026,2021-06-05T17:52:34.494000+00:00,1.0,P
1663,3162,2021-06-05T17:52:35.854000+00:00,1.0,S
1664,3026,2021-06-05T17:52:34.494000+00:00,1.0,P
1664,3162,2021-06-05T17:52:35.854000+00:00,1.0,S
1665,3026,2021-06-05T17:52:34.494000+00:00,1.0,P
1665,3162,2021-06-05T17:52:35.854000+00:00,1.0,S
1666,3026,2021-06-05T17:52:34.494000+00:00,1.0,P
1666,3162,2021-06-05T17:52:35.854000+00:00,1.0,S
1667,3026,2021-06-05T17:52:34.494000+00:00,1.0,P
1667,3162,2021-06-05T17:52:35.854000+00:00,1.0,S
1668,3026,2021-06-05T17:52:34.494000+00:00,1.0,P
1668,3162,2021-06-05T17:52:35.854000+00:00,1.0,S
1669,3026,2021-06-05T17:52:34.494000+00:00,1.0,P
1669,3162,2021-06-05T17:52:35.854000+00:00,1.0,S
1670,3026,2021-06-05T17:52:34.494000+00:00,1.0,P
1670,3162,2021-06-05T17:52:35.854000+00:00,1.0,S
1671,3026,2021-06-05T17:52:34.494000+00:00,1.0,P
1671,3162,2021-06-05T17:52:35.854000+00:00,1.0,S
1672,3026,2021-06-05T17:52:34.494000+00:00,1.0,P
1672,3162,2021-06-05T17:52:35.854000+00:00,1.0,S
1673,3026,2021-06-05T17:52:34.494000+00:00,1.0,P
1673,3162,2021-06-05T17:52:35.854000+00:00,1.0,S
1674,3026,2021-06-05T17:52:34.494000+00:00,1.0,P
1674,3162,2021-06-05T17:52:35.854000+00:00,1.0,S
1675,3025,2021-06-05T17:52:34.484000+00:00,1.0,P
1675,3162,2021-06-05T17:52:35.854000+00:00,1.0,S
1676,3025,2021-06-05T17:52:34.484000+00:00,1.0,P
1676,3162,2021-06-05T17:52:35.854000+00:00,1.0,S
1677,3025,2021-06-05T17:52:34.484000+00:00,1.0,P
1677,3162,2021-06-05T17:52:35.854000+00:00,1.0,S
1678,3025,2021-06-05T17:52:34.484000+00:00,1.0,P
1678,3162,2021-06-05T17:52:35.854000+00:00,1.0,S
1679,3025,2021-06-05T17:52:34.484000+00:00,1.0,P
1679,3162,2021-06-05T17:52:35.854000+00:00,1.0,S
1680,3025,2021-06-05T17:52:34.484000+00:00,1.0,P
1680,3162,2021-06-05T17:52:35.854000+00:00,1.0,S
1681,3025,2021-06-05T17:52:34.484000+00:00,1.0,P
1681,3162,2021-06-05T17:52:35.854000+00:00,1.0,S
1682,3025,2021-06-05T17:52:34.484000+00:00,1.0,P
1682,3162,2021-06-05T17:52:35.854000+00:00,1.0,S
1683,3025,2021-06-05T17:52:34.484000+00:00,1.0,P
1683,3163,2021-06-05T17:52:35.864000+00:00,1.0,S
1684,3025,2021-06-05T17:52:34.484000+00:00,1.0,P
1684,3163,2021-06-05T17:52:35.864000+00:00,1.0,S
1685,3025,2021-06-05T17:52:34.484000+00:00,1.0,P
1685,3163,2021-06-05T17:52:35.864000+00:00,1.0,S
1686,3025,2021-06-05T17:52:34.484000+00:00,1.0,P
1686,3163,2021-06-05T17:52:35.864000+00:00,1.0,S
1687,3025,2021-06-05T17:52:34.484000+00:00,1.0,P
1687,3163,2021-06-05T17:52:35.864000+00:00,1.0,S
1688,3025,2021-06-05T17:52:34.484000+00:00,1.0,P
1688,3163,2021-06-05T17:52:35.864000+00:00,1.0,S
1689,3025,2021-06-05T17:52:34.484000+00:00,1.0,P
1689,3163,2021-06-05T17:52:35.864000+00:00,1.0,S
1690,3025,2021-06-05T17:52:34.484000+00:00,1.0,P
1690,3163,2021-06-05T17:52:35.864000+00:00,1.0,S
1691,3025,2021-06-05T17:52:34.484000+00:00,1.0,P
1691,3163,2021-06-05T17:52:35.864000+00:00,1.0,S
1692,3025,2021-06-05T17:52:34.484000+00:00,1.0,P
1692,3163,2021-06-05T17:52:35.864000+00:00,1.0,S
1693,3025,2021-06-05T17:52:34.484000+00:00,1.0,P
1693,3163,2021-06-05T17:52:35.864000+00:00,1.0,S
1694,3025,2021-06-05T17:52:34.484000+00:00,1.0,P
1694,3163,2021-06-05T17:52:35.864000+00:00,1.0,S
1695,3025,2021-06-05T17:52:34.484000+00:00,1.0,P
1695,3163,2021-06-05T17:52:35.864000+00:00,1.0,S
1696,3025,2021-06-05T17:52:34.484000+00:00,1.0,P
1696,3163,2021-06-05T17:52:35.864000+00:00,1.0,S
1697,3025,2021-06-05T17:52:34.484000+00:00,1.0,P
1697,3163,2021-06-05T17:52:35.864000+00:00,1.0,S
1698,3025,2021-06-05T17:52:34.484000+00:00,1.0,P
1698,3163,2021-06-05T17:52:35.864000+00:00,1.0,S
1699,3025,2021-06-05T17:52:34.484000+00:00,1.0,P
1699,3163,2021-06-05T17:52:35.864000+00:00,1.0,S
1700,3025,2021-06-05T17:52:34.484000+00:00,1.0,P
1700,3163,2021-06-05T17:52:35.864000+00:00,1.0,S
1701,3025,2021-06-05T17:52:34.484000+00:00,1.0,P
1701,3163,2021-06-05T17:52:35.864000+00:00,1.0,S
1702,3025,2021-06-05T17:52:34.484000+00:00,1.0,P
1702,3163,2021-06-05T17:52:35.864000+00:00,1.0,S
1703,3025,2021-06-05T17:52:34.484000+00:00,1.0,P
1703,3163,2021-06-05T17:52:35.864000+00:00,1.0,S
1704,3025,2021-06-05T17:52:34.484000+00:00,1.0,P
1704,3163,2021-06-05T17:52:35.864000+00:00,1.0,S
1705,3025,2021-06-05T17:52:34.484000+00:00,1.0,P
1705,3164,2021-06-05T17:52:35.874000+00:00,1.0,S
1706,3025,2021-06-05T17:52:34.484000+00:00,1.0,P
1706,3164,2021-06-05T17:52:35.874000+00:00,1.0,S
1707,3025,2021-06-05T17:52:34.484000+00:00,1.0,P
1707,3164,2021-06-05T17:52:35.874000+00:00,1.0,S
1708,3025,2021-06-05T17:52:34.484000+00:00,1.0,P
1708,3164,2021-06-05T17:52:35.874000+00:00,1.0,S
1709,3025,2021-06-05T17:52:34.484000+00:00,1.0,P
1709,3164,2021-06-05T17:52:35.874000+00:00,1.0,S
1710,3025,2021-06-05T17:52:34.484000+00:00,1.0,P
1710,3164,2021-06-05T17:52:35.874000+00:00,1.0,S
1711,3025,2021-06-05T17:52:34.484000+00:00,1.0,P
1711,3164,2021-06-05T17:52:35.874000+00:00,1.0,S
1712,3025,2021-06-05T17:52:34.484000+00:00,1.0,P
1712,3164,2021-06-05T17:52:35.874000+00:00,1.0,S
1713,3025,2021-06-05T17:52:34.484000+00:00,1.0,P
1713,3165,2021-06-05T17:52:35.884000+00:00,1.0,S
1714,3025,2021-06-05T17:52:34.484000+00:00,1.0,P
1714,3165,2021-06-05T17:52:35.884000+00:00,1.0,S
1715,3025,2021-06-05T17:52:34.484000+00:00,1.0,P
1715,3165,2021-06-05T17:52:35.884000+00:00,1.0,S
1716,3025,2021-06-05T17:52:34.484000+00:00,1.0,P
1716,3165,2021-06-05T17:52:35.884000+00:00,1.0,S
1717,3025,2021-06-05T17:52:34.484000+00:00,1.0,P
1717,3165,2021-06-05T17:52:35.884000+00:00,1.0,S
1718,3025,2021-06-05T17:52:34.484000+00:00,1.0,P
1718,3165,2021-06-05T17:52:35.884000+00:00,1.0,S
1719,3025,2021-06-05T17:52:34.484000+00:00,1.0,P
1719,3165,2021-06-05T17:52:35.884000+00:00,1.0,S
1720,3025,2021-06-05T17:52:34.484000+00:00,1.0,P
1720,3165,2021-06-05T17:52:35.884000+00:00,1.0,S
1721,3025,2021-06-05T17:52:34.484000+00:00,1.0,P
1721,3165,2021-06-05T17:52:35.884000+00:00,1.0,S
1722,3025,2021-06-05T17:52:34.484000+00:00,1.0,P
1722,3166,2021-06-05T17:52:35.894000+00:00,1.0,S
1723,3024,2021-06-05T17:52:34.474000+00:00,1.0,P
1723,3166,2021-06-05T17:52:35.894000+00:00,1.0,S
1724,3024,2021-06-05T17:52:34.474000+00:00,1.0,P
1724,3166,2021-06-05T17:52:35.894000+00:00,1.0,S
1725,3024,2021-06-05T17:52:34.474000+00:00,1.0,P
1725,3166,2021-06-05T17:52:35.894000+00:00,1.0,S
1726,3024,2021-06-05T17:52:34.474000+00:00,1.0,P
1726,3166,2021-06-05T17:52:35.894000+00:00,1.0,S
1727,3024,2021-06-05T17:52:34.474000+00:00,1.0,P
1727,3166,2021-06-05T17:52:35.894000+00:00,1.0,S
1728,3024,2021-06-05T17:52:34.474000+00:00,1.0,P
1728,3166,2021-06-05T17:52:35.894000+00:00,1.0,S
1729,3024,2021-06-05T17:52:34.474000+00:00,1.0,P
1729,3166,2021-06-05T17:52:35.894000+00:00,1.0,S
1730,3024,2021-06-05T17:52:34.474000+00:00,1.0,P
1730,3167,2021-06-05T17:52:35.904000+00:00,1.0,S
1731,3024,2021-06-05T17:52:34.474000+00:00,1.0,P
1731,3167,2021-06-05T17:52:35.904000+00:00,1.0,S
1732,3024,2021-06-05T17:52:34.474000+00:00,1.0,P
1732,3167,2021-06-05T17:52:35.904000+00:00,1.0,S
1733,3024,2021-06-05T17:52:34.474000+00:00,1.0,P
1733,3167,2021-06-05T17:52:35.904000+00:00,1.0,S
1734,3024,2021-06-05T17:52:34.474000+00:00,1.0,P
1734,3167,2021-06-05T17:52:35.904000+00:00,1.0,S
1735,3024,2021-06-05T17:52:34.474000+00:00,1.0,P
1735,3167,2021-06-05T17:52:35.904000+00:00,1.0,S
1736,3024,2021-06-05T17:52:34.474000+00:00,1.0,P
1736,3167,2021-06-05T17:52:35.904000+00:00,1.0,S
1737,3024,2021-06-05T17:52:34.474000+00:00,1.0,P
1737,3168,2021-06-05T17:52:35.914000+00:00,1.0,S
1738,3024,2021-06-05T17:52:34.474000+00:00,1.0,P
1738,3168,2021-06-05T17:52:35.914000+00:00,1.0,S
1739,3024,2021-06-05T17:52:34.474000+00:00,1.0,P
1739,3168,2021-06-05T17:52:35.914000+00:00,1.0,S
1740,3024,2021-06-05T17:52:34.474000+00:00,1.0,P
1740,3168,2021-06-05T17:52:35.914000+00:00,1.0,S
1741,3024,2021-06-05T17:52:34.474000+00:00,1.0,P
1741,3168,2021-06-05T17:52:35.914000+00:00,1.0,S
1742,3024,2021-06-05T17:52:34.474000+00:00,1.0,P
1742,3168,2021-06-05T17:52:35.914000+00:00,1.0,S
1743,3024,2021-06-05T17:52:34.474000+00:00,1.0,P
1743,3168,2021-06-05T17:52:35.914000+00:00,1.0,S
1744,3024,2021-06-05T17:52:34.474000+00:00,1.0,P
1744,3168,2021-06-05T17:52:35.914000+00:00,1.0,S
1745,3024,2021-06-05T17:52:34.474000+00:00,1.0,P
1745,3168,2021-06-05T17:52:35.914000+00:00,1.0,S
1746,3024,2021-06-05T17:52:34.474000+00:00,1.0,P
1746,3168,2021-06-05T17:52:35.914000+00:00,1.0,S
1747,3024,2021-06-05T17:52:34.474000+00:00,1.0,P
1747,3169,2021-06-05T17:52:35.924000+00:00,1.0,S
1748,3024,2021-06-05T17:52:34.474000+00:00,1.0,P
1748,3169,2021-06-05T17:52:35.924000+00:00,1.0,S
1749,3024,2021-06-05T17:52:34.474000+00:00,1.0,P
1749,3169,2021-06-05T17:52:35.924000+00:00,1.0,S
1750,3024,2021-06-05T17:52:34.474000+00:00,1.0,P
1750,3169,2021-06-05T17:52:35.924000+00:00,1.0,S
1751,3024,2021-06-05T17:52:34.474000+00:00,1.0,P
1751,3169,2021-06-05T17:52:35.924000+00:00,1.0,S
1752,3024,2021-06-05T17:52:34.474000+00:00,1.0,P
1752,3169,2021-06-05T17:52:35.924000+00:00,1.0,S
1753,3024,2021-06-05T17:52:34.474000+00:00,1.0,P
1753,3169,2021-06-05T17:52:35.924000+00:00,1.0,S
1754,3024,2021-06-05T17:52:34.474000+00:00,1.0,P
1754,3169,2021-06-05T17:52:35.924000+00:00,1.0,S
1755,3024,2021-06-05T17:52:34.474000+00:00,1.0,P
1755,3170,2021-06-05T17:52:35.934000+00:00,1.0,S
1756,3024,2021-06-05T17:52:34.474000+00:00,1.0,P
1756,3170,2021-06-05T17:52:35.934000+00:00,1.0,S
1757,3024,2021-06-05T17:52:34.474000+00:00,1.0,P
1757,3170,2021-06-05T17:52:35.934000+00:00,1.0,S
1758,3024,2021-06-05T17:52:34.474000+00:00,1.0,P
1758,3170,2021-06-05T17:52:35.934000+00:00,1.0,S
1759,3024,2021-06-05T17:52:34.474000+00:00,1.0,P
1759,3170,2021-06-05T17:52:35.934000+00:00,1.0,S
1760,3024,2021-06-05T17:52:34.474000+00:00,1.0,P
1760,3170,2021-06-05T17:52:35.934000+00:00,1.0,S
1761,3024,2021-06-05T17:52:34.474000+00:00,1.0,P
1761,3170,2021-06-05T17:52:35.934000+00:00,1.0,S
1762,3024,2021-06-05T17:52:34.474000+00:00,1.0,P
1762,3170,2021-06-05T17:52:35.934000+00:00,1.0,S
1763,3024,2021-06-05T17:52:34.474000+00:00,1.0,P
1763,3170,2021-06-05T17:52:35.934000+00:00,1.0,S
1764,3024,2021-06-05T17:52:34.474000+00:00,1.0,P
1764,3170,2021-06-05T17:52:35.934000+00:00,1.0,S
1765,3024,2021-06-05T17:52:34.474000+00:00,1.0,P
1765,3171,2021-06-05T17:52:35.944000+00:00,1.0,S
1766,3024,2021-06-05T17:52:34.474000+00:00,1.0,P
1766,3171,2021-06-05T17:52:35.944000+00:00,1.0,S
1767,3024,2021-06-05T17:52:34.474000+00:00,1.0,P
1767,3171,2021-06-05T17:52:35.944000+00:00,1.0,S
1768,3024,2021-06-05T17:52:34.474000+00:00,1.0,P
1768,3171,2021-06-05T17:52:35.944000+00:00,1.0,S
1769,3024,2021-06-05T17:52:34.474000+00:00,1.0,P
1769,3171,2021-06-05T17:52:35.944000+00:00,1.0,S
1770,3024,2021-06-05T17:52:34.474000+00:00,1.0,P
1770,3171,2021-06-05T17:52:35.944000+00:00,1.0,S
1771,3024,2021-06-05T17:52:34.474000+00:00,1.0,P
1771,3171,2021-06-05T17:52:35.944000+00:00,1.0,S
1772,3024,2021-06-05T17:52:34.474000+00:00,1.0,P
1772,3171,2021-06-05T17:52:35.944000+00:00,1.0,S
1773,3024,2021-06-05T17:52:34.474000+00:00,1.0,P
1773,3171,2021-06-05T17:52:35.944000+00:00,1.0,S
1774,3024,2021-06-05T17:52:34.474000+00:00,1.0,P
1774,3171,2021-06-05T17:52:35.944000+00:00,1.0,S
1775,3024,2021-06-05T17:52:34.474000+00:00,1.0,P
1775,3171,2021-06-05T17:52:35.944000+00:00,1.0,S
1776,3024,2021-06-05T17:52:34.474000+00:00,1.0,P
1776,3171,2021-06-05T17:52:35.944000+00:00,1.0,S
1777,3024,2021-06-05T17:52:34.474000+00:00,1.0,P
1777,3171,2021-06-05T17:52:35.944000+00:00,1.0,S
1778,3024,2021-06-05T17:52:34.474000+00:00,1.0,P
1778,3171,2021-06-05T17:52:35.944000+00:00,1.0,S
1779,3024,2021-06-05T17:52:34.474000+00:00,1.0,P
1779,3172,2021-06-05T17:52:35.954000+00:00,1.0,S
1780,3024,2021-06-05T17:52:34.474000+00:00,1.0,P
1780,3172,2021-06-05T17:52:35.954000+00:00,1.0,S
1781,3024,2021-06-05T17:52:34.474000+00:00,1.0,P
1781,3172,2021-06-05T17:52:35.954000+00:00,1.0,S
1782,3024,2021-06-05T17:52:34.474000+00:00,1.0,P
1782,3172,2021-06-05T17:52:35.954000+00:00,1.0,S
1783,3024,2021-06-05T17:52:34.474000+00:00,1.0,P
1783,3172,2021-06-05T17:52:35.954000+00:00,1.0,S
1784,3024,2021-06-05T17:52:34.474000+00:00,1.0,P
1784,3172,2021-06-05T17:52:35.954000+00:00,1.0,S
1785,3024,2021-06-05T17:52:34.474000+00:00,1.0,P
1785,3172,2021-06-05T17:52:35.954000+00:00,1.0,S
1786,3024,2021-06-05T17:52:34.474000+00:00,1.0,P
1786,3172,2021-06-05T17:52:35.954000+00:00,1.0,S
1787,3024,2021-06-05T17:52:34.474000+00:00,1.0,P
1787,3172,2021-06-05T17:52:35.954000+00:00,1.0,S
1788,3024,2021-06-05T17:52:34.474000+00:00,1.0,P
1788,3172,2021-06-05T17:52:35.954000+00:00,1.0,S
1789,3024,2021-06-05T17:52:34.474000+00:00,1.0,P
1789,3172,2021-06-05T17:52:35.954000+00:00,1.0,S
1790,3024,2021-06-05T17:52:34.474000+00:00,1.0,P
1790,3173,2021-06-05T17:52:35.964000+00:00,1.0,S
1791,3024,2021-06-05T17:52:34.474000+00:00,1.0,P
1791,3173,2021-06-05T17:52:35.964000+00:00,1.0,S
1792,3024,2021-06-05T17:52:34.474000+00:00,1.0,P
1792,3173,2021-06-05T17:52:35.964000+00:00,1.0,S
1793,3024,2021-06-05T17:52:34.474000+00:00,1.0,P
1793,3173,2021-06-05T17:52:35.964000+00:00,1.0,S
1794,3024,2021-06-05T17:52:34.474000+00:00,1.0,P
1794,3173,2021-06-05T17:52:35.964000+00:00,1.0,S
1795,3024,2021-06-05T17:52:34.474000+00:00,1.0,P
1795,3173,2021-06-05T17:52:35.964000+00:00,1.0,S
1796,3024,2021-06-05T17:52:34.474000+00:00,1.0,P
1796,3173,2021-06-05T17:52:35.964000+00:00,1.0,S
1797,3024,2021-06-05T17:52:34.474000+00:00,1.0,P
1797,3173,2021-06-05T17:52:35.964000+00:00,1.0,S
1798,3024,2021-06-05T17:52:34.474000+00:00,1.0,P
1798,3173,2021-06-05T17:52:35.964000+00:00,1.0,S
1799,3024,2021-06-05T17:52:34.474000+00:00,1.0,P
1799,3173,2021-06-05T17:52:35.964000+00:00,1.0,S
1800,3024,2021-06-05T17:52:34.474000+00:00,1.0,P
1800,3173,2021-06-05T17:52:35.964000+00:00,1.0,S
1801,3024,2021-06-05T17:52:34.474000+00:00,1.0,P
1801,3173,2021-06-05T17:52:35.964000+00:00,1.0,S
1802,3024,2021-06-05T17:52:34.474000+00:00,1.0,P
1802,3173,2021-06-05T17:52:35.964000+00:00,1.0,S
1803,3024,2021-06-05T17:52:34.474000+00:00,1.0,P
1803,3173,2021-06-05T17:52:35.964000+00:00,1.0,S
1804,3024,2021-06-05T17:52:34.474000+00:00,1.0,P
1804,3173,2021-06-05T17:52:35.964000+00:00,1.0,S
1805,3024,2021-06-05T17:52:34.474000+00:00,1.0,P
1805,3173,2021-06-05T17:52:35.964000+00:00,1.0,S
1806,3024,2021-06-05T17:52:34.474000+00:00,1.0,P
1806,3173,2021-06-05T17:52:35.964000+00:00,1.0,S
1807,3024,2021-06-05T17:52:34.474000+00:00,1.0,P
1807,3173,2021-06-05T17:52:35.964000+00:00,1.0,S
1808,3024,2021-06-05T17:52:34.474000+00:00,1.0,P
1808,3173,2021-06-05T17:52:35.964000+00:00,1.0,S
1809,3024,2021-06-05T17:52:34.474000+00:00,1.0,P
1809,3173,2021-06-05T17:52:35.964000+00:00,1.0,S
1810,3024,2021-06-05T17:52:34.474000+00:00,1.0,P
1810,3173,2021-06-05T17:52:35.964000+00:00,1.0,S
1811,3024,2021-06-05T17:52:34.474000+00:00,1.0,P
1811,3173,2021-06-05T17:52:35.964000+00:00,1.0,S
1812,3024,2021-06-05T17:52:34.474000+00:00,1.0,P
1812,3173,2021-06-05T17:52:35.964000+00:00,1.0,S
1813,3024,2021-06-05T17:52:34.474000+00:00,1.0,P
1813,3173,2021-06-05T17:52:35.964000+00:00,1.0,S
1814,3024,2021-06-05T17:52:34.474000+00:00,1.0,P
1814,3173,2021-06-05T17:52:35.964000+00:00,1.0,S
1815,3024,2021-06-05T17:52:34.474000+00:00,1.0,P
1815,3173,2021-06-05T17:52:35.964000+00:00,1.0,S
1816,3024,2021-06-05T17:52:34.474000+00:00,1.0,P
1816,3173,2021-06-05T17:52:35.964000+00:00,1.0,S
1817,3024,2021-06-05T17:52:34.474000+00:00,1.0,P
1817,3173,2021-06-05T17:52:35.964000+00:00,1.0,S
1818,3024,2021-06-05T17:52:34.474000+00:00,1.0,P
1818,3173,2021-06-05T17:52:35.964000+00:00,1.0,S
1819,3024,2021-06-05T17:52:34.474000+00:00,1.0,P
1819,3173,2021-06-05T17:52:35.964000+00:00,1.0,S
1820,3024,2021-06-05T17:52:34.474000+00:00,1.0,P
1820,3173,2021-06-05T17:52:35.964000+00:00,1.0,S
1821,3024,2021-06-05T17:52:34.474000+00:00,1.0,P
1821,3174,2021-06-05T17:52:35.974000+00:00,1.0,S
1822,3024,2021-06-05T17:52:34.474000+00:00,1.0,P
1822,3174,2021-06-05T17:52:35.974000+00:00,1.0,S
1823,3024,2021-06-05T17:52:34.474000+00:00,1.0,P
1823,3174,2021-06-05T17:52:35.974000+00:00,1.0,S
1824,3024,2021-06-05T17:52:34.474000+00:00,1.0,P
1824,3174,2021-06-05T17:52:35.974000+00:00,1.0,S
1825,3024,2021-06-05T17:52:34.474000+00:00,1.0,P
1825,3174,2021-06-05T17:52:35.974000+00:00,1.0,S
1826,3024,2021-06-05T17:52:34.474000+00:00,1.0,P
1826,3174,2021-06-05T17:52:35.974000+00:00,1.0,S
1827,3024,2021-06-05T17:52:34.474000+00:00,1.0,P
1827,3174,2021-06-05T17:52:35.974000+00:00,1.0,S
1828,3024,2021-06-05T17:52:34.474000+00:00,1.0,P
1828,3174,2021-06-05T17:52:35.974000+00:00,1.0,S
1829,3024,2021-06-05T17:52:34.474000+00:00,1.0,P
1829,3174,2021-06-05T17:52:35.974000+00:00,1.0,S
1830,3024,2021-06-05T17:52:34.474000+00:00,1.0,P
1830,3174,2021-06-05T17:52:35.974000+00:00,1.0,S
1831,3024,2021-06-05T17:52:34.474000+00:00,1.0,P
1831,3174,2021-06-05T17:52:35.974000+00:00,1.0,S
1832,3024,2021-06-05T17:52:34.474000+00:00,1.0,P
1832,3174,2021-06-05T17:52:35.974000+00:00,1.0,S
1833,3024,2021-06-05T17:52:34.474000+00:00,1.0,P
1833,3174,2021-06-05T17:52:35.974000+00:00,1.0,S
1834,3024,2021-06-05T17:52:34.474000+00:00,1.0,P
1834,3174,2021-06-05T17:52:35.974000+00:00,1.0,S
1835,3024,2021-06-05T17:52:34.474000+00:00,1.0,P
1835,3174,2021-06-05T17:52:35.974000+00:00,1.0,S
1836,3024,2021-06-05T17:52:34.474000+00:00,1.0,P
1836,3174,2021-06-05T17:52:35.974000+00:00,1.0,S
1837,3024,2021-06-05T17:52:34.474000+00:00,1.0,P
1837,3174,2021-06-05T17:52:35.974000+00:00,1.0,S
1838,3024,2021-06-05T17:52:34.474000+00:00,1.0,P
1838,3174,2021-06-05T17:52:35.974000+00:00,1.0,S
1839,3024,2021-06-05T17:52:34.474000+00:00,1.0,P
1839,3174,2021-06-05T17:52:35.974000+00:00,1.0,S
1840,3024,2021-06-05T17:52:34.474000+00:00,1.0,P
1840,3174,2021-06-05T17:52:35.974000+00:00,1.0,S
1841,3024,2021-06-05T17:52:34.474000+00:00,1.0,P
1841,3174,2021-06-05T17:52:35.974000+00:00,1.0,S
1842,3024,2021-06-05T17:52:34.474000+00:00,1.0,P
1842,3174,2021-06-05T17:52:35.974000+00:00,1.0,S
1843,3024,2021-06-05T17:52:34.474000+00:00,1.0,P
1843,3174,2021-06-05T17:52:35.974000+00:00,1.0,S
1844,3024,2021-06-05T17:52:34.474000+00:00,1.0,P
1844,3174,2021-06-05T17:52:35.974000+00:00,1.0,S
1845,3024,2021-06-05T17:52:34.474000+00:00,1.0,P
1845,3174,2021-06-05T17:52:35.974000+00:00,1.0,S
1846,3024,2021-06-05T17:52:34.474000+00:00,1.0,P
1846,3174,2021-06-05T17:52:35.974000+00:00,1.0,S
1847,3024,2021-06-05T17:52:34.474000+00:00,1.0,P
1847,3175,2021-06-05T17:52:35.984000+00:00,1.0,S
1848,3024,2021-06-05T17:52:34.474000+00:00,1.0,P
1848,3175,2021-06-05T17:52:35.984000+00:00,1.0,S
1849,3024,2021-06-05T17:52:34.474000+00:00,1.0,P
1849,3175,2021-06-05T17:52:35.984000+00:00,1.0,S
1850,3024,2021-06-05T17:52:34.474000+00:00,1.0,P
1850,3175,2021-06-05T17:52:35.984000+00:00,1.0,S
1851,3024,2021-06-05T17:52:34.474000+00:00,1.0,P
1851,3175,2021-06-05T17:52:35.984000+00:00,1.0,S
1852,3024,2021-06-05T17:52:34.474000+00:00,1.0,P
1852,3175,2021-06-05T17:52:35.984000+00:00,1.0,S
1853,3024,2021-06-05T17:52:34.474000+00:00,1.0,P
1853,3175,2021-06-05T17:52:35.984000+00:00,1.0,S
1854,3024,2021-06-05T17:52:34.474000+00:00,1.0,P
1854,3175,2021-06-05T17:52:35.984000+00:00,1.0,S
1855,3024,2021-06-05T17:52:34.474000+00:00,1.0,P
1855,3175,2021-06-05T17:52:35.984000+00:00,1.0,S
1856,3024,2021-06-05T17:52:34.474000+00:00,1.0,P
1856,3175,2021-06-05T17:52:35.984000+00:00,1.0,S
1857,3024,2021-06-05T17:52:34.474000+00:00,1.0,P
1857,3175,2021-06-05T17:52:35.984000+00:00,1.0,S
1858,3024,2021-06-05T17:52:34.474000+00:00,1.0,P
1858,3175,2021-06-05T17:52:35.984000+00:00,1.0,S
1859,3024,2021-06-05T17:52:34.474000+00:00,1.0,P
1859,3175,2021-06-05T17:52:35.984000+00:00,1.0,S
1860,3024,2021-06-05T17:52:34.474000+00:00,1.0,P
1860,3175,2021-06-05T17:52:35.984000+00:00,1.0,S
1861,3024,2021-06-05T17:52:34.474000+00:00,1.0,P
1861,3175,2021-06-05T17:52:35.984000+00:00,1.0,S
1862,3024,2021-06-05T17:52:34.474000+00:00,1.0,P
1862,3175,2021-06-05T17:52:35.984000+00:00,1.0,S
1863,3024,2021-06-05T17:52:34.474000+00:00,1.0,P
1863,3175,2021-06-05T17:52:35.984000+00:00,1.0,S
1864,3024,2021-06-05T17:52:34.474000+00:00,1.0,P
1864,3175,2021-06-05T17:52:35.984000+00:00,1.0,S
1865,3024,2021-06-05T17:52:34.474000+00:00,1.0,P
1865,3175,2021-06-05T17:52:35.984000+00:00,1.0,S
1866,3025,2021-06-05T17:52:34.484000+00:00,1.0,P
1866,3175,2021-06-05T17:52:35.984000+00:00,1.0,S
1867,3025,2021-06-05T17:52:34.484000+00:00,1.0,P
1867,3175,2021-06-05T17:52:35.984000+00:00,1.0,S
1868,3025,2021-06-05T17:52:34.484000+00:00,1.0,P
1868,3175,2021-06-05T17:52:35.984000+00:00,1.0,S
1869,3025,2021-06-05T17:52:34.484000+00:00,1.0,P
1869,3175,2021-06-05T17:52:35.984000+00:00,1.0,S
1870,3025,2021-06-05T17:52:34.484000+00:00,1.0,P
1870,3175,2021-06-05T17:52:35.984000+00:00,1.0,S
1871,3025,2021-06-05T17:52:34.484000+00:00,1.0,P
1871,3175,2021-06-05T17:52:35.984000+00:00,1.0,S
1872,3025,2021-06-05T17:52:34.484000+00:00,1.0,P
1872,3175,2021-06-05T17:52:35.984000+00:00,1.0,S
1873,3025,2021-06-05T17:52:34.484000+00:00,1.0,P
1873,3175,2021-06-05T17:52:35.984000+00:00,1.0,S
1874,3025,2021-06-05T17:52:34.484000+00:00,1.0,P
1874,3175,2021-06-05T17:52:35.984000+00:00,1.0,S
1875,3025,2021-06-05T17:52:34.484000+00:00,1.0,P
1875,3176,2021-06-05T17:52:35.994000+00:00,1.0,S
1876,3025,2021-06-05T17:52:34.484000+00:00,1.0,P
1876,3176,2021-06-05T17:52:35.994000+00:00,1.0,S
1877,3025,2021-06-05T17:52:34.484000+00:00,1.0,P
1877,3176,2021-06-05T17:52:35.994000+00:00,1.0,S
1878,3025,2021-06-05T17:52:34.484000+00:00,1.0,P
1878,3176,2021-06-05T17:52:35.994000+00:00,1.0,S
1879,3025,2021-06-05T17:52:34.484000+00:00,1.0,P
1879,3176,2021-06-05T17:52:35.994000+00:00,1.0,S
1880,3025,2021-06-05T17:52:34.484000+00:00,1.0,P
1880,3176,2021-06-05T17:52:35.994000+00:00,1.0,S
1881,3025,2021-06-05T17:52:34.484000+00:00,1.0,P
1881,3176,2021-06-05T17:52:35.994000+00:00,1.0,S
1882,3025,2021-06-05T17:52:34.484000+00:00,1.0,P
1882,3176,2021-06-05T17:52:35.994000+00:00,1.0,S
1883,3025,2021-06-05T17:52:34.484000+00:00,1.0,P
1883,3176,2021-06-05T17:52:35.994000+00:00,1.0,S
1884,3025,2021-06-05T17:52:34.484000+00:00,1.0,P
1884,3176,2021-06-05T17:52:35.994000+00:00,1.0,S
1885,3025,2021-06-05T17:52:34.484000+00:00,1.0,P
1885,3176,2021-06-05T17:52:35.994000+00:00,1.0,S
1886,3025,2021-06-05T17:52:34.484000+00:00,1.0,P
1886,3176,2021-06-05T17:52:35.994000+00:00,1.0,S
1887,3025,2021-06-05T17:52:34.484000+00:00,1.0,P
1887,3176,2021-06-05T17:52:35.994000+00:00,1.0,S
1888,3025,2021-06-05T17:52:34.484000+00:00,1.0,P
1888,3176,2021-06-05T17:52:35.994000+00:00,1.0,S
1889,3025,2021-06-05T17:52:34.484000+00:00,1.0,P
1889,3176,2021-06-05T17:52:35.994000+00:00,1.0,S
1890,3025,2021-06-05T17:52:34.484000+00:00,1.0,P
1890,3176,2021-06-05T17:52:35.994000+00:00,1.0,S
1891,3025,2021-06-05T17:52:34.484000+00:00,1.0,P
1891,3176,2021-06-05T17:52:35.994000+00:00,1.0,S
1892,3025,2021-06-05T17:52:34.484000+00:00,1.0,P
1892,3176,2021-06-05T17:52:35.994000+00:00,1.0,S
1893,3025,2021-06-05T17:52:34.484000+00:00,1.0,P
1893,3177,2021-06-05T17:52:36.004000+00:00,1.0,S
1894,3025,2021-06-05T17:52:34.484000+00:00,1.0,P
1894,3177,2021-06-05T17:52:36.004000+00:00,1.0,S
1895,3025,2021-06-05T17:52:34.484000+00:00,1.0,P
1895,3177,2021-06-05T17:52:36.004000+00:00,1.0,S
1896,3025,2021-06-05T17:52:34.484000+00:00,1.0,P
1896,3177,2021-06-05T17:52:36.004000+00:00,1.0,S
1897,3025,2021-06-05T17:52:34.484000+00:00,1.0,P
1897,3177,2021-06-05T17:52:36.004000+00:00,1.0,S
1898,3025,2021-06-05T17:52:34.484000+00:00,1.0,P
1898,3177,2021-06-05T17:52:36.004000+00:00,1.0,S
1899,3025,2021-06-05T17:52:34.484000+00:00,1.0,P
1899,3177,2021-06-05T17:52:36.004000+00:00,1.0,S
1900,3025,2021-06-05T17:52:34.484000+00:00,1.0,P
1900,3177,2021-06-05T17:52:36.004000+00:00,1.0,S
1901,3025,2021-06-05T17:52:34.484000+00:00,1.0,P
1901,3177,2021-06-05T17:52:36.004000+00:00,1.0,S
1902,3025,2021-06-05T17:52:34.484000+00:00,1.0,P
1902,3177,2021-06-05T17:52:36.004000+00:00,1.0,S
1903,3025,2021-06-05T17:52:34.484000+00:00,1.0,P
1903,3177,2021-06-05T17:52:36.004000+00:00,1.0,S
1904,3026,2021-06-05T17:52:34.494000+00:00,1.0,P
1904,3177,2021-06-05T17:52:36.004000+00:00,1.0,S
1905,3026,2021-06-05T17:52:34.494000+00:00,1.0,P
1905,3177,2021-06-05T17:52:36.004000+00:00,1.0,S
1906,3026,2021-06-05T17:52:34.494000+00:00,1.0,P
1906,3177,2021-06-05T17:52:36.004000+00:00,1.0,S
1907,3026,2021-06-05T17:52:34.494000+00:00,1.0,P
1907,3177,2021-06-05T17:52:36.004000+00:00,1.0,S
1908,3026,2021-06-05T17:52:34.494000+00:00,1.0,P
1908,3177,2021-06-05T17:52:36.004000+00:00,1.0,S
1909,3026,2021-06-05T17:52:34.494000+00:00,1.0,P
1909,3177,2021-06-05T17:52:36.004000+00:00,1.0,S
1910,3026,2021-06-05T17:52:34.494000+00:00,1.0,P
1910,3177,2021-06-05T17:52:36.004000+00:00,1.0,S
1911,3026,2021-06-05T17:52:34.494000+00:00,1.0,P
1911,3177,2021-06-05T17:52:36.004000+00:00,1.0,S
1912,3026,2021-06-05T17:52:34.494000+00:00,1.0,P
1912,3177,2021-06-05T17:52:36.004000+00:00,1.0,S
1913,3026,2021-06-05T17:52:34.494000+00:00,1.0,P
1913,3177,2021-06-05T17:52:36.004000+00:00,1.0,S
1914,3026,2021-06-05T17:52:34.494000+00:00,1.0,P
1914,3177,2021-06-05T17:52:36.004000+00:00,1.0,S
1915,3026,2021-06-05T17:52:34.494000+00:00,1.0,P
1915,3177,2021-06-05T17:52:36.004000+00:00,1.0,S
1916,3026,2021-06-05T17:52:34.494000+00:00,1.0,P
1916,3177,2021-06-05T17:52:36.004000+00:00,1.0,S
1917,3026,2021-06-05T17:52:34.494000+00:00,1.0,P
1917,3177,2021-06-05T17:52:36.004000+00:00,1.0,S
1918,3026,2021-06-05T17:52:34.494000+00:00,1.0,P
1918,3177,2021-06-05T17:52:36.004000+00:00,1.0,S
1919,3026,2021-06-05T17:52:34.494000+00:00,1.0,P
1919,3177,2021-06-05T17:52:36.004000+00:00,1.0,S
1920,3026,2021-06-05T17:52:34.494000+00:00,1.0,P
1920,3177,2021-06-05T17:52:36.004000+00:00,1.0,S
1921,3026,2021-06-05T17:52:34.494000+00:00,1.0,P
1921,3177,2021-06-05T17:52:36.004000+00:00,1.0,S
1922,3026,2021-06-05T17:52:34.494000+00:00,1.0,P
1922,3177,2021-06-05T17:52:36.004000+00:00,1.0,S
1923,3026,2021-06-05T17:52:34.494000+00:00,1.0,P
1923,3177,2021-06-05T17:52:36.004000+00:00,1.0,S
1924,3026,2021-06-05T17:52:34.494000+00:00,1.0,P
1924,3177,2021-06-05T17:52:36.004000+00:00,1.0,S
1925,3026,2021-06-05T17:52:34.494000+00:00,1.0,P
1925,3177,2021-06-05T17:52:36.004000+00:00,1.0,S
1926,3026,2021-06-05T17:52:34.494000+00:00,1.0,P
1926,3177,2021-06-05T17:52:36.004000+00:00,1.0,S
1927,3026,2021-06-05T17:52:34.494000+00:00,1.0,P
1927,3177,2021-06-05T17:52:36.004000+00:00,1.0,S
1928,3026,2021-06-05T17:52:34.494000+00:00,1.0,P
1928,3177,2021-06-05T17:52:36.004000+00:00,1.0,S
1929,3026,2021-06-05T17:52:34.494000+00:00,1.0,P
1929,3177,2021-06-05T17:52:36.004000+00:00,1.0,S
1930,3026,2021-06-05T17:52:34.494000+00:00,1.0,P
1930,3177,2021-06-05T17:52:36.004000+00:00,1.0,S
1931,3026,2021-06-05T17:52:34.494000+00:00,1.0,P
1931,3177,2021-06-05T17:52:36.004000+00:00,1.0,S
1932,3026,2021-06-05T17:52:34.494000+00:00,1.0,P
1932,3177,2021-06-05T17:52:36.004000+00:00,1.0,S
1933,3026,2021-06-05T17:52:34.494000+00:00,1.0,P
1933,3177,2021-06-05T17:52:36.004000+00:00,1.0,S
1934,3026,2021-06-05T17:52:34.494000+00:00,1.0,P
1934,3177,2021-06-05T17:52:36.004000+00:00,1.0,S
1935,3026,2021-06-05T17:52:34.494000+00:00,1.0,P
1935,3177,2021-06-05T17:52:36.004000+00:00,1.0,S
1936,3026,2021-06-05T17:52:34.494000+00:00,1.0,P
1936,3177,2021-06-05T17:52:36.004000+00:00,1.0,S
1937,3026,2021-06-05T17:52:34.494000+00:00,1.0,P
1937,3176,2021-06-05T17:52:35.994000+00:00,1.0,S
1938,3026,2021-06-05T17:52:34.494000+00:00,1.0,P
1938,3176,2021-06-05T17:52:35.994000+00:00,1.0,S
1939,3026,2021-06-05T17:52:34.494000+00:00,1.0,P
1939,3177,2021-06-05T17:52:36.004000+00:00,1.0,S
1940,3026,2021-06-05T17:52:34.494000+00:00,1.0,P
1940,3177,2021-06-05T17:52:36.004000+00:00,1.0,S
1941,3026,2021-06-05T17:52:34.494000+00:00,1.0,P
1941,3177,2021-06-05T17:52:36.004000+00:00,1.0,S
1942,3026,2021-06-05T17:52:34.494000+00:00,1.0,P
1942,3177,2021-06-05T17:52:36.004000+00:00,1.0,S
1943,3026,2021-06-05T17:52:34.494000+00:00,1.0,P
1943,3177,2021-06-05T17:52:36.004000+00:00,1.0,S
1944,3026,2021-06-05T17:52:34.494000+00:00,1.0,P
1944,3177,2021-06-05T17:52:36.004000+00:00,1.0,S
1945,3026,2021-06-05T17:52:34.494000+00:00,1.0,P
1945,3177,2021-06-05T17:52:36.004000+00:00,1.0,S
1946,3026,2021-06-05T17:52:34.494000+00:00,1.0,P
1946,3177,2021-06-05T17:52:36.004000+00:00,1.0,S
1947,3026,2021-06-05T17:52:34.494000+00:00,1.0,P
1947,3177,2021-06-05T17:52:36.004000+00:00,1.0,S
1948,3026,2021-06-05T17:52:34.494000+00:00,1.0,P
1948,3177,2021-06-05T17:52:36.004000+00:00,1.0,S
1949,3026,2021-06-05T17:52:34.494000+00:00,1.0,P
1949,3177,2021-06-05T17:52:36.004000+00:00,1.0,S
1950,3026,2021-06-05T17:52:34.494000+00:00,1.0,P
1950,3177,2021-06-05T17:52:36.004000+00:00,1.0,S
1951,3026,2021-06-05T17:52:34.494000+00:00,1.0,P
1951,3177,2021-06-05T17:52:36.004000+00:00,1.0,S
1952,3026,2021-06-05T17:52:34.494000+00:00,1.0,P
1952,3176,2021-06-05T17:52:35.994000+00:00,1.0,S
1953,3026,2021-06-05T17:52:34.494000+00:00,1.0,P
1953,3176,2021-06-05T17:52:35.994000+00:00,1.0,S
1954,3026,2021-06-05T17:52:34.494000+00:00,1.0,P
1954,3176,2021-06-05T17:52:35.994000+00:00,1.0,S
1955,3026,2021-06-05T17:52:34.494000+00:00,1.0,P
1955,3176,2021-06-05T17:52:35.994000+00:00,1.0,S
1956,3026,2021-06-05T17:52:34.494000+00:00,1.0,P
1956,3176,2021-06-05T17:52:35.994000+00:00,1.0,S
1957,3026,2021-06-05T17:52:34.494000+00:00,1.0,P
1957,3176,2021-06-05T17:52:35.994000+00:00,1.0,S
1958,3026,2021-06-05T17:52:34.494000+00:00,1.0,P
1958,3176,2021-06-05T17:52:35.994000+00:00,1.0,S
1959,3026,2021-06-05T17:52:34.494000+00:00,1.0,P
1959,3176,2021-06-05T17:52:35.994000+00:00,1.0,S
1960,3026,2021-06-05T17:52:34.494000+00:00,1.0,P
1960,3176,2021-06-05T17:52:35.994000+00:00,1.0,S
1961,3026,2021-06-05T17:52:34.494000+00:00,1.0,P
1961,3176,2021-06-05T17:52:35.994000+00:00,1.0,S
1962,3026,2021-06-05T17:52:34.494000+00:00,1.0,P
1962,3176,2021-06-05T17:52:35.994000+00:00,1.0,S
1963,3026,2021-06-05T17:52:34.494000+00:00,1.0,P
1963,3176,2021-06-05T17:52:35.994000+00:00,1.0,S
1964,3026,2021-06-05T17:52:34.494000+00:00,1.0,P
1964,3176,2021-06-05T17:52:35.994000+00:00,1.0,S
1965,3026,2021-06-05T17:52:34.494000+00:00,1.0,P
1965,3176,2021-06-05T17:52:35.994000+00:00,1.0,S
1966,3026,2021-06-05T17:52:34.494000+00:00,1.0,P
1966,3176,2021-06-05T17:52:35.994000+00:00,1.0,S
1967,3026,2021-06-05T17:52:34.494000+00:00,1.0,P
1967,3176,2021-06-05T17:52:35.994000+00:00,1.0,S
1968,3026,2021-06-05T17:52:34.494000+00:00,1.0,P
1968,3176,2021-06-05T17:52:35.994000+00:00,1.0,S
1969,3026,2021-06-05T17:52:34.494000+00:00,1.0,P
1969,3176,2021-06-05T17:52:35.994000+00:00,1.0,S
1970,3026,2021-06-05T17:52:34.494000+00:00,1.0,P
1970,3176,2021-06-05T17:52:35.994000+00:00,1.0,S
1971,3026,2021-06-05T17:52:34.494000+00:00,1.0,P
1971,3176,2021-06-05T17:52:35.994000+00:00,1.0,S
1972,3026,2021-06-05T17:52:34.494000+00:00,1.0,P
1972,3176,2021-06-05T17:52:35.994000+00:00,1.0,S
1973,3026,2021-06-05T17:52:34.494000+00:00,1.0,P
1973,3176,2021-06-05T17:52:35.994000+00:00,1.0,S
1974,3026,2021-06-05T17:52:34.494000+00:00,1.0,P
1974,3176,2021-06-05T17:52:35.994000+00:00,1.0,S
1975,3026,2021-06-05T17:52:34.494000+00:00,1.0,P
1975,3176,2021-06-05T17:52:35.994000+00:00,1.0,S
1976,3026,2021-06-05T17:52:34.494000+00:00,1.0,P
1976,3176,2021-06-05T17:52:35.994000+00:00,1.0,S
1977,3026,2021-06-05T17:52:34.494000+00:00,1.0,P
1977,3176,2021-06-05T17:52:35.994000+00:00,1.0,S
1978,3026,2021-06-05T17:52:34.494000+00:00,1.0,P
1978,3176,2021-06-05T17:52:35.994000+00:00,1.0,S
1979,3026,2021-06-05T17:52:34.494000+00:00,1.0,P
1979,3176,2021-06-05T17:52:35.994000+00:00,1.0,S
1980,3026,2021-06-05T17:52:34.494000+00:00,1.0,P
1980,3176,2021-06-05T17:52:35.994000+00:00,1.0,S
1981,3026,2021-06-05T17:52:34.494000+00:00,1.0,P
1981,3176,2021-06-05T17:52:35.994000+00:00,1.0,S
1982,3026,2021-06-05T17:52:34.494000+00:00,1.0,P
1982,3176,2021-06-05T17:52:35.994000+00:00,1.0,S
1983,3026,2021-06-05T17:52:34.494000+00:00,1.0,P
1983,3176,2021-06-05T17:52:35.994000+00:00,1.0,S
1984,3026,2021-06-05T17:52:34.494000+00:00,1.0,P
1984,3176,2021-06-05T17:52:35.994000+00:00,1.0,S
1985,3026,2021-06-05T17:52:34.494000+00:00,1.0,P
1985,3176,2021-06-05T17:52:35.994000+00:00,1.0,S
1986,3026,2021-06-05T17:52:34.494000+00:00,1.0,P
1986,3176,2021-06-05T17:52:35.994000+00:00,1.0,S
1987,3026,2021-06-05T17:52:34.494000+00:00,1.0,P
1987,3176,2021-06-05T17:52:35.994000+00:00,1.0,S
1988,3026,2021-06-05T17:52:34.494000+00:00,1.0,P
1988,3176,2021-06-05T17:52:35.994000+00:00,1.0,S
1989,3025,2021-06-05T17:52:34.484000+00:00,1.0,P
1989,3176,2021-06-05T17:52:35.994000+00:00,1.0,S
1990,3025,2021-06-05T17:52:34.484000+00:00,1.0,P
1990,3176,2021-06-05T17:52:35.994000+00:00,1.0,S
1991,3025,2021-06-05T17:52:34.484000+00:00,1.0,P
1991,3176,2021-06-05T17:52:35.994000+00:00,1.0,S
1992,3025,2021-06-05T17:52:34.484000+00:00,1.0,P
1992,3176,2021-06-05T17:52:35.994000+00:00,1.0,S
1993,3025,2021-06-05T17:52:34.484000+00:00,1.0,P
1993,3176,2021-06-05T17:52:35.994000+00:00,1.0,S
1994,3025,2021-06-05T17:52:34.484000+00:00,1.0,P
1994,3176,2021-06-05T17:52:35.994000+00:00,1.0,S
1995,3025,2021-06-05T17:52:34.484000+00:00,1.0,P
1995,3176,2021-06-05T17:52:35.994000+00:00,1.0,S
1996,3025,2021-06-05T17:52:34.484000+00:00,1.0,P
1996,3176,2021-06-05T17:52:35.994000+00:00,1.0,S
1997,3025,2021-06-05T17:52:34.484000+00:00,1.0,P
1997,3176,2021-06-05T17:52:35.994000+00:00,1.0,S
1998,3025,2021-06-05T17:52:34.484000+00:00,1.0,P
1998,3176,2021-06-05T17:52:35.994000+00:00,1.0,S
1999,3025,2021-06-05T17:52:34.484000+00:00,1.0,P
1999,3176,2021-06-05T17:52:35.994000+00:00,1.0,S
2000,3025,2021-06-05T17:52:34.484000+00:00,1.0,P
2000,3176,2021-06-05T17:52:35.994000+00:00,1.0,S
2001,3025,2021-06-05T17:52:34.484000+00:00,1.0,P
2001,3176,2021-06-05T17:52:35.994000+00:00,1.0,S
2002,3025,2021-06-05T17:52:34.484000+00:00,1.0,P
2002,3176,2021-06-05T17:52:35.994000+00:00,1.0,S
2003,3025,2021-06-05T17:52:34.484000+00:00,1.0,P
2003,3176,2021-06-05T17:52:35.994000+00:00,1.0,S
2004,3025,2021-06-05T17:52:34.484000+00:00,1.0,P
2004,3176,2021-06-05T17:52:35.994000+00:00,1.0,S
2005,3025,2021-06-05T17:52:34.484000+00:00,1.0,P
2005,3176,2021-06-05T17:52:35.994000+00:00,1.0,S
2006,3025,2021-06-05T17:52:34.484000+00:00,1.0,P
2006,3176,2021-06-05T17:52:35.994000+00:00,1.0,S
2007,3025,2021-06-05T17:52:34.484000+00:00,1.0,P
2007,3176,2021-06-05T17:52:35.994000+00:00,1.0,S
2008,3025,2021-06-05T17:52:34.484000+00:00,1.0,P
2008,3176,2021-06-05T17:52:35.994000+00:00,1.0,S
2009,3025,2021-06-05T17:52:34.484000+00:00,1.0,P
2009,3176,2021-06-05T17:52:35.994000+00:00,1.0,S
2010,3025,2021-06-05T17:52:34.484000+00:00,1.0,P
2010,3176,2021-06-05T17:52:35.994000+00:00,1.0,S
2011,3025,2021-06-05T17:52:34.484000+00:00,1.0,P
2011,3176,2021-06-05T17:52:35.994000+00:00,1.0,S
2012,3025,2021-06-05T17:52:34.484000+00:00,1.0,P
2012,3176,2021-06-05T17:52:35.994000+00:00,1.0,S
2013,3025,2021-06-05T17:52:34.484000+00:00,1.0,P
2013,3176,2021-06-05T17:52:35.994000+00:00,1.0,S
2014,3025,2021-06-05T17:52:34.484000+00:00,1.0,P
2014,3176,2021-06-05T17:52:35.994000+00:00,1.0,S
2015,3025,2021-06-05T17:52:34.484000+00:00,1.0,P
2015,3176,2021-06-05T17:52:35.994000+00:00,1.0,S
2016,3025,2021-06-05T17:52:34.484000+00:00,1.0,P
2016,3176,2021-06-05T17:52:35.994000+00:00,1.0,S
2017,3025,2021-06-05T17:52:34.484000+00:00,1.0,P
2017,3176,2021-06-05T17:52:35.994000+00:00,1.0,S
2018,3025,2021-06-05T17:52:34.484000+00:00,1.0,P
2018,3176,2021-06-05T17:52:35.994000+00:00,1.0,S
2019,3025,2021-06-05T17:52:34.484000+00:00,1.0,P
2019,3176,2021-06-05T17:52:35.994000+00:00,1.0,S
2020,3025,2021-06-05T17:52:34.484000+00:00,1.0,P
2020,3176,2021-06-05T17:52:35.994000+00:00,1.0,S
2021,3025,2021-06-05T17:52:34.484000+00:00,1.0,P
2021,3176,2021-06-05T17:52:35.994000+00:00,1.0,S
2022,3025,2021-06-05T17:52:34.484000+00:00,1.0,P
2022,3176,2021-06-05T17:52:35.994000+00:00,1.0,S
2023,3025,2021-06-05T17:52:34.484000+00:00,1.0,P
2023,3176,2021-06-05T17:52:35.994000+00:00,1.0,S
2024,3025,2021-06-05T17:52:34.484000+00:00,1.0,P
2024,3176,2021-06-05T17:52:35.994000+00:00,1.0,S
2025,3025,2021-06-05T17:52:34.484000+00:00,1.0,P
2025,3175,2021-06-05T17:52:35.984000+00:00,1.0,S
2026,3025,2021-06-05T17:52:34.484000+00:00,1.0,P
2026,3175,2021-06-05T17:52:35.984000+00:00,1.0,S
2027,3026,2021-06-05T17:52:34.494000+00:00,1.0,P
2027,3175,2021-06-05T17:52:35.984000+00:00,1.0,S
2028,3026,2021-06-05T17:52:34.494000+00:00,1.0,P
2028,3175,2021-06-05T17:52:35.984000+00:00,1.0,S
2029,3026,2021-06-05T17:52:34.494000+00:00,1.0,P
2029,3175,2021-06-05T17:52:35.984000+00:00,1.0,S
2030,3026,2021-06-05T17:52:34.494000+00:00,1.0,P
2030,3175,2021-06-05T17:52:35.984000+00:00,1.0,S
2031,3026,2021-06-05T17:52:34.494000+00:00,1.0,P
2031,3175,2021-06-05T17:52:35.984000+00:00,1.0,S
2032,3026,2021-06-05T17:52:34.494000+00:00,1.0,P
2032,3175,2021-06-05T17:52:35.984000+00:00,1.0,S
2033,3026,2021-06-05T17:52:34.494000+00:00,1.0,P
2033,3175,2021-06-05T17:52:35.984000+00:00,1.0,S
2034,3026,2021-06-05T17:52:34.494000+00:00,1.0,P
2034,3175,2021-06-05T17:52:35.984000+00:00,1.0,S
2035,3026,2021-06-05T17:52:34.494000+00:00,1.0,P
2035,3175,2021-06-05T17:52:35.984000+00:00,1.0,S
2036,3026,2021-06-05T17:52:34.494000+00:00,1.0,P
2036,3175,2021-06-05T17:52:35.984000+00:00,1.0,S
2037,3026,2021-06-05T17:52:34.494000+00:00,1.0,P
2037,3176,2021-06-05T17:52:35.994000+00:00,1.0,S
2038,3026,2021-06-05T17:52:34.494000+00:00,1.0,P
2038,3176,2021-06-05T17:52:35.994000+00:00,1.0,S
2039,3026,2021-06-05T17:52:34.494000+00:00,1.0,P
2039,3176,2021-06-05T17:52:35.994000+00:00,1.0,S
2040,3026,2021-06-05T17:52:34.494000+00:00,1.0,P
2040,3176,2021-06-05T17:52:35.994000+00:00,1.0,S
2041,3026,2021-06-05T17:52:34.494000+00:00,1.0,P
2041,3176,2021-06-05T17:52:35.994000+00:00,1.0,S
2042,3026,2021-06-05T17:52:34.494000+00:00,1.0,P
2042,3176,2021-06-05T17:52:35.994000+00:00,1.0,S
2043,3026,2021-06-05T17:52:34.494000+00:00,1.0,P
2043,3176,2021-06-05T17:52:35.994000+00:00,1.0,S
2044,3026,2021-06-05T17:52:34.494000+00:00,1.0,P
2044,3176,2021-06-05T17:52:35.994000+00:00,1.0,S
2045,3026,2021-06-05T17:52:34.494000+00:00,1.0,P
2045,3176,2021-06-05T17:52:35.994000+00:00,1.0,S
2046,3026,2021-06-05T17:52:34.494000+00:00,1.0,P
2046,3176,2021-06-05T17:52:35.994000+00:00,1.0,S
2047,3026,2021-06-05T17:52:34.494000+00:00,1.0,P
2047,3176,2021-06-05T17:52:35.994000+00:00,1.0,S
2048,3026,2021-06-05T17:52:34.494000+00:00,1.0,P
2048,3176,2021-06-05T17:52:35.994000+00:00,1.0,S
2049,3026,2021-06-05T17:52:34.494000+00:00,1.0,P
2049,3177,2021-06-05T17:52:36.004000+00:00,1.0,S
2050,3026,2021-06-05T17:52:34.494000+00:00,1.0,P
2050,3177,2021-06-05T17:52:36.004000+00:00,1.0,S
2051,3026,2021-06-05T17:52:34.494000+00:00,1.0,P
2051,3177,2021-06-05T17:52:36.004000+00:00,1.0,S
2052,3026,2021-06-05T17:52:34.494000+00:00,1.0,P
2052,3177,2021-06-05T17:52:36.004000+00:00,1.0,S
2053,3026,2021-06-05T17:52:34.494000+00:00,1.0,P
2053,3177,2021-06-05T17:52:36.004000+00:00,1.0,S
2054,3026,2021-06-05T17:52:34.494000+00:00,1.0,P
2054,3177,2021-06-05T17:52:36.004000+00:00,1.0,S
2055,3026,2021-06-05T17:52:34.494000+00:00,1.0,P
2055,3177,2021-06-05T17:52:36.004000+00:00,1.0,S
2056,3026,2021-06-05T17:52:34.494000+00:00,1.0,P
2056,3177,2021-06-05T17:52:36.004000+00:00,1.0,S
2057,3026,2021-06-05T17:52:34.494000+00:00,1.0,P
2057,3177,2021-06-05T17:52:36.004000+00:00,1.0,S
2058,3026,2021-06-05T17:52:34.494000+00:00,1.0,P
2058,3177,2021-06-05T17:52:36.004000+00:00,1.0,S
2059,3026,2021-06-05T17:52:34.494000+00:00,1.0,P
2059,3177,2021-06-05T17:52:36.004000+00:00,1.0,S
2060,3026,2021-06-05T17:52:34.494000+00:00,1.0,P
2060,3177,2021-06-05T17:52:36.004000+00:00,1.0,S
2061,3026,2021-06-05T17:52:34.494000+00:00,1.0,P
2061,3177,2021-06-05T17:52:36.004000+00:00,1.0,S
2062,3026,2021-06-05T17:52:34.494000+00:00,1.0,P
2062,3177,2021-06-05T17:52:36.004000+00:00,1.0,S
2063,3026,2021-06-05T17:52:34.494000+00:00,1.0,P
2063,3177,2021-06-05T17:52:36.004000+00:00,1.0,S
2064,3026,2021-06-05T17:52:34.494000+00:00,1.0,P
2064,3177,2021-06-05T17:52:36.004000+00:00,1.0,S
2065,3026,2021-06-05T17:52:34.494000+00:00,1.0,P
2065,3177,2021-06-05T17:52:36.004000+00:00,1.0,S
2066,3026,2021-06-05T17:52:34.494000+00:00,1.0,P
2066,3177,2021-06-05T17:52:36.004000+00:00,1.0,S
2067,3026,2021-06-05T17:52:34.494000+00:00,1.0,P
2067,3177,2021-06-05T17:52:36.004000+00:00,1.0,S
2068,3026,2021-06-05T17:52:34.494000+00:00,1.0,P
2068,3177,2021-06-05T17:52:36.004000+00:00,1.0,S
2069,3026,2021-06-05T17:52:34.494000+00:00,1.0,P
2069,3177,2021-06-05T17:52:36.004000+00:00,1.0,S
2070,3026,2021-06-05T17:52:34.494000+00:00,1.0,P
2070,3177,2021-06-05T17:52:36.004000+00:00,1.0,S
2071,3026,2021-06-05T17:52:34.494000+00:00,1.0,P
2071,3177,2021-06-05T17:52:36.004000+00:00,1.0,S
2072,3027,2021-06-05T17:52:34.504000+00:00,1.0,P
2072,3178,2021-06-05T17:52:36.014000+00:00,1.0,S
2073,3027,2021-06-05T17:52:34.504000+00:00,1.0,P
2073,3178,2021-06-05T17:52:36.014000+00:00,1.0,S
2074,3027,2021-06-05T17:52:34.504000+00:00,1.0,P
2074,3178,2021-06-05T17:52:36.014000+00:00,1.0,S
2075,3027,2021-06-05T17:52:34.504000+00:00,1.0,P
2075,3178,2021-06-05T17:52:36.014000+00:00,1.0,S
2076,3027,2021-06-05T17:52:34.504000+00:00,1.0,P
2076,3178,2021-06-05T17:52:36.014000+00:00,1.0,S
2077,3027,2021-06-05T17:52:34.504000+00:00,1.0,P
2077,3178,2021-06-05T17:52:36.014000+00:00,1.0,S
2078,3027,2021-06-05T17:52:34.504000+00:00,1.0,P
2078,3178,2021-06-05T17:52:36.014000+00:00,1.0,S
2079,3027,2021-06-05T17:52:34.504000+00:00,1.0,P
2079,3178,2021-06-05T17:52:36.014000+00:00,1.0,S
2080,3027,2021-06-05T17:52:34.504000+00:00,1.0,P
2080,3178,2021-06-05T17:52:36.014000+00:00,1.0,S
2081,3027,2021-06-05T17:52:34.504000+00:00,1.0,P
2081,3178,2021-06-05T17:52:36.014000+00:00,1.0,S
2082,3027,2021-06-05T17:52:34.504000+00:00,1.0,P
2082,3178,2021-06-05T17:52:36.014000+00:00,1.0,S
2083,3027,2021-06-05T17:52:34.504000+00:00,1.0,P
2083,3178,2021-06-05T17:52:36.014000+00:00,1.0,S
2084,3027,2021-06-05T17:52:34.504000+00:00,1.0,P
2084,3178,2021-06-05T17:52:36.014000+00:00,1.0,S
2085,3027,2021-06-05T17:52:34.504000+00:00,1.0,P
2085,3177,2021-06-05T17:52:36.004000+00:00,1.0,S
2086,3027,2021-06-05T17:52:34.504000+00:00,1.0,P
2086,3177,2021-06-05T17:52:36.004000+00:00,1.0,S
2087,3027,2021-06-05T17:52:34.504000+00:00,1.0,P
2087,3177,2021-06-05T17:52:36.004000+00:00,1.0,S
2088,3027,2021-06-05T17:52:34.504000+00:00,1.0,P
2088,3177,2021-06-05T17:52:36.004000+00:00,1.0,S
2089,3027,2021-06-05T17:52:34.504000+00:00,1.0,P
2089,3177,2021-06-05T17:52:36.004000+00:00,1.0,S
2090,3027,2021-06-05T17:52:34.504000+00:00,1.0,P
2090,3177,2021-06-05T17:52:36.004000+00:00,1.0,S
2091,3027,2021-06-05T17:52:34.504000+00:00,1.0,P
2091,3177,2021-06-05T17:52:36.004000+00:00,1.0,S
2092,3027,2021-06-05T17:52:34.504000+00:00,1.0,P
2092,3177,2021-06-05T17:52:36.004000+00:00,1.0,S
2093,3027,2021-06-05T17:52:34.504000+00:00,1.0,P
2093,3177,2021-06-05T17:52:36.004000+00:00,1.0,S
2094,3027,2021-06-05T17:52:34.504000+00:00,1.0,P
2094,3177,2021-06-05T17:52:36.004000+00:00,1.0,S
2095,3027,2021-06-05T17:52:34.504000+00:00,1.0,P
2095,3177,2021-06-05T17:52:36.004000+00:00,1.0,S
2096,3027,2021-06-05T17:52:34.504000+00:00,1.0,P
2096,3177,2021-06-05T17:52:36.004000+00:00,1.0,S
2097,3027,2021-06-05T17:52:34.504000+00:00,1.0,P
2097,3177,2021-06-05T17:52:36.004000+00:00,1.0,S
2098,3027,2021-06-05T17:52:34.504000+00:00,1.0,P
2098,3177,2021-06-05T17:52:36.004000+00:00,1.0,S
2099,3027,2021-06-05T17:52:34.504000+00:00,1.0,P
2099,3177,2021-06-05T17:52:36.004000+00:00,1.0,S
2100,3027,2021-06-05T17:52:34.504000+00:00,1.0,P
2100,3177,2021-06-05T17:52:36.004000+00:00,1.0,S
2101,3027,2021-06-05T17:52:34.504000+00:00,1.0,P
2101,3177,2021-06-05T17:52:36.004000+00:00,1.0,S
2102,3027,2021-06-05T17:52:34.504000+00:00,1.0,P
2102,3177,2021-06-05T17:52:36.004000+00:00,1.0,S
2103,3027,2021-06-05T17:52:34.504000+00:00,1.0,P
2103,3177,2021-06-05T17:52:36.004000+00:00,1.0,S
2104,3027,2021-06-05T17:52:34.504000+00:00,1.0,P
2104,3177,2021-06-05T17:52:36.004000+00:00,1.0,S
2105,3027,2021-06-05T17:52:34.504000+00:00,1.0,P
2105,3177,2021-06-05T17:52:36.004000+00:00,1.0,S
2106,3027,2021-06-05T17:52:34.504000+00:00,1.0,P
2106,3177,2021-06-05T17:52:36.004000+00:00,1.0,S
2107,3027,2021-06-05T17:52:34.504000+00:00,1.0,P
2107,3177,2021-06-05T17:52:36.004000+00:00,1.0,S
2108,3027,2021-06-05T17:52:34.504000+00:00,1.0,P
2108,3177,2021-06-05T17:52:36.004000+00:00,1.0,S
2109,3027,2021-06-05T17:52:34.504000+00:00,1.0,P
2109,3177,2021-06-05T17:52:36.004000+00:00,1.0,S
2110,3027,2021-06-05T17:52:34.504000+00:00,1.0,P
2110,3177,2021-06-05T17:52:36.004000+00:00,1.0,S
2111,3027,2021-06-05T17:52:34.504000+00:00,1.0,P
2111,3177,2021-06-05T17:52:36.004000+00:00,1.0,S
2112,3027,2021-06-05T17:52:34.504000+00:00,1.0,P
2112,3177,2021-06-05T17:52:36.004000+00:00,1.0,S
2113,3027,2021-06-05T17:52:34.504000+00:00,1.0,P
2113,3177,2021-06-05T17:52:36.004000+00:00,1.0,S
2114,3027,2021-06-05T17:52:34.504000+00:00,1.0,P
2114,3177,2021-06-05T17:52:36.004000+00:00,1.0,S
2115,3027,2021-06-05T17:52:34.504000+00:00,1.0,P
2115,3177,2021-06-05T17:52:36.004000+00:00,1.0,S
2116,3027,2021-06-05T17:52:34.504000+00:00,1.0,P
2116,3177,2021-06-05T17:52:36.004000+00:00,1.0,S
2117,3027,2021-06-05T17:52:34.504000+00:00,1.0,P
2117,3177,2021-06-05T17:52:36.004000+00:00,1.0,S
2118,3027,2021-06-05T17:52:34.504000+00:00,1.0,P
2118,3177,2021-06-05T17:52:36.004000+00:00,1.0,S
2119,3027,2021-06-05T17:52:34.504000+00:00,1.0,P
2119,3177,2021-06-05T17:52:36.004000+00:00,1.0,S
2120,3027,2021-06-05T17:52:34.504000+00:00,1.0,P
2120,3177,2021-06-05T17:52:36.004000+00:00,1.0,S
2121,3028,2021-06-05T17:52:34.514000+00:00,1.0,P
2121,3177,2021-06-05T17:52:36.004000+00:00,1.0,S
2122,3028,2021-06-05T17:52:34.514000+00:00,1.0,P
2122,3177,2021-06-05T17:52:36.004000+00:00,1.0,S
2123,3028,2021-06-05T17:52:34.514000+00:00,1.0,P
2123,3177,2021-06-05T17:52:36.004000+00:00,1.0,S
2124,3028,2021-06-05T17:52:34.514000+00:00,1.0,P
2124,3177,2021-06-05T17:52:36.004000+00:00,1.0,S
2125,3028,2021-06-05T17:52:34.514000+00:00,1.0,P
2125,3177,2021-06-05T17:52:36.004000+00:00,1.0,S
2126,3028,2021-06-05T17:52:34.514000+00:00,1.0,P
2126,3177,2021-06-05T17:52:36.004000+00:00,1.0,S
2127,3028,2021-06-05T17:52:34.514000+00:00,1.0,P
2127,3177,2021-06-05T17:52:36.004000+00:00,1.0,S
2128,3028,2021-06-05T17:52:34.514000+00:00,1.0,P
2128,3177,2021-06-05T17:52:36.004000+00:00,1.0,S
2129,3028,2021-06-05T17:52:34.514000+00:00,1.0,P
2129,3177,2021-06-05T17:52:36.004000+00:00,1.0,S
2130,3028,2021-06-05T17:52:34.514000+00:00,1.0,P
2130,3177,2021-06-05T17:52:36.004000+00:00,1.0,S
2131,3028,2021-06-05T17:52:34.514000+00:00,1.0,P
2131,3177,2021-06-05T17:52:36.004000+00:00,1.0,S
2132,3028,2021-06-05T17:52:34.514000+00:00,1.0,P
2132,3177,2021-06-05T17:52:36.004000+00:00,1.0,S
2133,3028,2021-06-05T17:52:34.514000+00:00,1.0,P
2133,3177,2021-06-05T17:52:36.004000+00:00,1.0,S
2134,3028,2021-06-05T17:52:34.514000+00:00,1.0,P
2134,3177,2021-06-05T17:52:36.004000+00:00,1.0,S
2135,3028,2021-06-05T17:52:34.514000+00:00,1.0,P
2135,3177,2021-06-05T17:52:36.004000+00:00,1.0,S
2136,3028,2021-06-05T17:52:34.514000+00:00,1.0,P
2136,3177,2021-06-05T17:52:36.004000+00:00,1.0,S
2137,3028,2021-06-05T17:52:34.514000+00:00,1.0,P
2137,3177,2021-06-05T17:52:36.004000+00:00,1.0,S
2138,3028,2021-06-05T17:52:34.514000+00:00,1.0,P
2138,3176,2021-06-05T17:52:35.994000+00:00,1.0,S
2139,3028,2021-06-05T17:52:34.514000+00:00,1.0,P
2139,3177,2021-06-05T17:52:36.004000+00:00,1.0,S
2140,3028,2021-06-05T17:52:34.514000+00:00,1.0,P
2140,3177,2021-06-05T17:52:36.004000+00:00,1.0,S
2141,3028,2021-06-05T17:52:34.514000+00:00,1.0,P
2141,3177,2021-06-05T17:52:36.004000+00:00,1.0,S
2142,3028,2021-06-05T17:52:34.514000+00:00,1.0,P
2142,3177,2021-06-05T17:52:36.004000+00:00,1.0,S
2143,3028,2021-06-05T17:52:34.514000+00:00,1.0,P
2143,3176,2021-06-05T17:52:35.994000+00:00,1.0,S
2144,3028,2021-06-05T17:52:34.514000+00:00,1.0,P
2144,3176,2021-06-05T17:52:35.994000+00:00,1.0,S
2145,3029,2021-06-05T17:52:34.524000+00:00,1.0,P
2145,3176,2021-06-05T17:52:35.994000+00:00,1.0,S
2146,3029,2021-06-05T17:52:34.524000+00:00,1.0,P
2146,3176,2021-06-05T17:52:35.994000+00:00,1.0,S
2147,3029,2021-06-05T17:52:34.524000+00:00,1.0,P
2147,3176,2021-06-05T17:52:35.994000+00:00,1.0,S
2148,3029,2021-06-05T17:52:34.524000+00:00,1.0,P
2148,3176,2021-06-05T17:52:35.994000+00:00,1.0,S
2149,3029,2021-06-05T17:52:34.524000+00:00,1.0,P
2149,3176,2021-06-05T17:52:35.994000+00:00,1.0,S
2150,3029,2021-06-05T17:52:34.524000+00:00,1.0,P
2150,3176,2021-06-05T17:52:35.994000+00:00,1.0,S
2151,3029,2021-06-05T17:52:34.524000+00:00,1.0,P
2151,3177,2021-06-05T17:52:36.004000+00:00,1.0,S
2152,3029,2021-06-05T17:52:34.524000+00:00,1.0,P
2152,3177,2021-06-05T17:52:36.004000+00:00,1.0,S
2153,3029,2021-06-05T17:52:34.524000+00:00,1.0,P
2153,3177,2021-06-05T17:52:36.004000+00:00,1.0,S
2154,3029,2021-06-05T17:52:34.524000+00:00,1.0,P
2154,3177,2021-06-05T17:52:36.004000+00:00,1.0,S
2155,3029,2021-06-05T17:52:34.524000+00:00,1.0,P
2155,3177,2021-06-05T17:52:36.004000+00:00,1.0,S
2156,3029,2021-06-05T17:52:34.524000+00:00,1.0,P
2156,3177,2021-06-05T17:52:36.004000+00:00,1.0,S
2157,3029,2021-06-05T17:52:34.524000+00:00,1.0,P
2157,3177,2021-06-05T17:52:36.004000+00:00,1.0,S
2158,3029,2021-06-05T17:52:34.524000+00:00,1.0,P
2158,3177,2021-06-05T17:52:36.004000+00:00,1.0,S
2159,3029,2021-06-05T17:52:34.524000+00:00,1.0,P
2159,3177,2021-06-05T17:52:36.004000+00:00,1.0,S
2160,3029,2021-06-05T17:52:34.524000+00:00,1.0,P
2160,3177,2021-06-05T17:52:36.004000+00:00,1.0,S
2161,3029,2021-06-05T17:52:34.524000+00:00,1.0,P
2161,3177,2021-06-05T17:52:36.004000+00:00,1.0,S
2162,3029,2021-06-05T17:52:34.524000+00:00,1.0,P
2162,3177,2021-06-05T17:52:36.004000+00:00,1.0,S
2163,3030,2021-06-05T17:52:34.534000+00:00,1.0,P
2163,3177,2021-06-05T17:52:36.004000+00:00,1.0,S
2164,3030,2021-06-05T17:52:34.534000+00:00,1.0,P
2164,3177,2021-06-05T17:52:36.004000+00:00,1.0,S
2165,3030,2021-06-05T17:52:34.534000+00:00,1.0,P
2165,3177,2021-06-05T17:52:36.004000+00:00,1.0,S
2166,3030,2021-06-05T17:52:34.534000+00:00,1.0,P
2166,3177,2021-06-05T17:52:36.004000+00:00,1.0,S
2167,3030,2021-06-05T17:52:34.534000+00:00,1.0,P
2167,3177,2021-06-05T17:52:36.004000+00:00,1.0,S
2168,3030,2021-06-05T17:52:34.534000+00:00,1.0,P
2168,3177,2021-06-05T17:52:36.004000+00:00,1.0,S
2169,3030,2021-06-05T17:52:34.534000+00:00,1.0,P
2169,3177,2021-06-05T17:52:36.004000+00:00,1.0,S
2170,3030,2021-06-05T17:52:34.534000+00:00,1.0,P
2170,3177,2021-06-05T17:52:36.004000+00:00,1.0,S
2171,3030,2021-06-05T17:52:34.534000+00:00,1.0,P
2171,3177,2021-06-05T17:52:36.004000+00:00,1.0,S
2172,3030,2021-06-05T17:52:34.534000+00:00,1.0,P
2172,3177,2021-06-05T17:52:36.004000+00:00,1.0,S
2173,3030,2021-06-05T17:52:34.534000+00:00,1.0,P
2173,3177,2021-06-05T17:52:36.004000+00:00,1.0,S
2174,3030,2021-06-05T17:52:34.534000+00:00,1.0,P
2174,3177,2021-06-05T17:52:36.004000+00:00,1.0,S
2175,3030,2021-06-05T17:52:34.534000+00:00,1.0,P
2175,3177,2021-06-05T17:52:36.004000+00:00,1.0,S
2176,3030,2021-06-05T17:52:34.534000+00:00,1.0,P
2176,3177,2021-06-05T17:52:36.004000+00:00,1.0,S
2177,3030,2021-06-05T17:52:34.534000+00:00,1.0,P
2177,3177,2021-06-05T17:52:36.004000+00:00,1.0,S
2178,3030,2021-06-05T17:52:34.534000+00:00,1.0,P
2178,3177,2021-06-05T17:52:36.004000+00:00,1.0,S
2179,3031,2021-06-05T17:52:34.544000+00:00,1.0,P
2179,3177,2021-06-05T17:52:36.004000+00:00,1.0,S
2180,3031,2021-06-05T17:52:34.544000+00:00,1.0,P
2180,3177,2021-06-05T17:52:36.004000+00:00,1.0,S
2181,3031,2021-06-05T17:52:34.544000+00:00,1.0,P
2181,3177,2021-06-05T17:52:36.004000+00:00,1.0,S
2182,3031,2021-06-05T17:52:34.544000+00:00,1.0,P
2182,3177,2021-06-05T17:52:36.004000+00:00,1.0,S
2183,3031,2021-06-05T17:52:34.544000+00:00,1.0,P
2183,3178,2021-06-05T17:52:36.014000+00:00,1.0,S
2184,3031,2021-06-05T17:52:34.544000+00:00,1.0,P
2184,3178,2021-06-05T17:52:36.014000+00:00,1.0,S
2185,3031,2021-06-05T17:52:34.544000+00:00,1.0,P
2185,3178,2021-06-05T17:52:36.014000+00:00,1.0,S
2186,3031,2021-06-05T17:52:34.544000+00:00,1.0,P
2186,3178,2021-06-05T17:52:36.014000+00:00,1.0,S
2187,3031,2021-06-05T17:52:34.544000+00:00,1.0,P
2187,3178,2021-06-05T17:52:36.014000+00:00,1.0,S
2188,3031,2021-06-05T17:52:34.544000+00:00,1.0,P
2188,3178,2021-06-05T17:52:36.014000+00:00,1.0,S
2189,3031,2021-06-05T17:52:34.544000+00:00,1.0,P
2189,3178,2021-06-05T17:52:36.014000+00:00,1.0,S
2190,3031,2021-06-05T17:52:34.544000+00:00,1.0,P
2190,3178,2021-06-05T17:52:36.014000+00:00,1.0,S
2191,3031,2021-06-05T17:52:34.544000+00:00,1.0,P
2191,3178,2021-06-05T17:52:36.014000+00:00,1.0,S
2192,3031,2021-06-05T17:52:34.544000+00:00,1.0,P
2192,3178,2021-06-05T17:52:36.014000+00:00,1.0,S
2193,3031,2021-06-05T17:52:34.544000+00:00,1.0,P
2193,3178,2021-06-05T17:52:36.014000+00:00,1.0,S
2194,3031,2021-06-05T17:52:34.544000+00:00,1.0,P
2194,3178,2021-06-05T17:52:36.014000+00:00,1.0,S
2195,3031,2021-06-05T17:52:34.544000+00:00,1.0,P
2195,3178,2021-06-05T17:52:36.014000+00:00,1.0,S
2196,3032,2021-06-05T17:52:34.554000+00:00,1.0,P
2196,3178,2021-06-05T17:52:36.014000+00:00,1.0,S
2197,3032,2021-06-05T17:52:34.554000+00:00,1.0,P
2197,3178,2021-06-05T17:52:36.014000+00:00,1.0,S
2198,3032,2021-06-05T17:52:34.554000+00:00,1.0,P
2198,3178,2021-06-05T17:52:36.014000+00:00,1.0,S
2199,3032,2021-06-05T17:52:34.554000+00:00,1.0,P
2199,3178,2021-06-05T17:52:36.014000+00:00,1.0,S
2200,3032,2021-06-05T17:52:34.554000+00:00,1.0,P
2200,3178,2021-06-05T17:52:36.014000+00:00,1.0,S
2201,3032,2021-06-05T17:52:34.554000+00:00,1.0,P
2201,3178,2021-06-05T17:52:36.014000+00:00,1.0,S
2202,3032,2021-06-05T17:52:34.554000+00:00,1.0,P
2202,3178,2021-06-05T17:52:36.014000+00:00,1.0,S
2203,3032,2021-06-05T17:52:34.554000+00:00,1.0,P
2203,3178,2021-06-05T17:52:36.014000+00:00,1.0,S
2204,3032,2021-06-05T17:52:34.554000+00:00,1.0,P
2204,3178,2021-06-05T17:52:36.014000+00:00,1.0,S
2205,3032,2021-06-05T17:52:34.554000+00:00,1.0,P
2205,3179,2021-06-05T17:52:36.024000+00:00,1.0,S
2206,3032,2021-06-05T17:52:34.554000+00:00,1.0,P
2206,3179,2021-06-05T17:52:36.024000+00:00,1.0,S
2207,3032,2021-06-05T17:52:34.554000+00:00,1.0,P
2207,3179,2021-06-05T17:52:36.024000+00:00,1.0,S
2208,3032,2021-06-05T17:52:34.554000+00:00,1.0,P
2208,3179,2021-06-05T17:52:36.024000+00:00,1.0,S
2209,3032,2021-06-05T17:52:34.554000+00:00,1.0,P
2209,3179,2021-06-05T17:52:36.024000+00:00,1.0,S
2210,3033,2021-06-05T17:52:34.564000+00:00,1.0,P
2210,3179,2021-06-05T17:52:36.024000+00:00,1.0,S
2211,3033,2021-06-05T17:52:34.564000+00:00,1.0,P
2211,3179,2021-06-05T17:52:36.024000+00:00,1.0,S
2212,3033,2021-06-05T17:52:34.564000+00:00,1.0,P
2212,3179,2021-06-05T17:52:36.024000+00:00,1.0,S
2213,3033,2021-06-05T17:52:34.564000+00:00,1.0,P
2213,3179,2021-06-05T17:52:36.024000+00:00,1.0,S
2214,3033,2021-06-05T17:52:34.564000+00:00,1.0,P
2214,3179,2021-06-05T17:52:36.024000+00:00,1.0,S
2215,3033,2021-06-05T17:52:34.564000+00:00,1.0,P
2215,3179,2021-06-05T17:52:36.024000+00:00,1.0,S
2216,3033,2021-06-05T17:52:34.564000+00:00,1.0,P
2216,3179,2021-06-05T17:52:36.024000+00:00,1.0,S
2217,3033,2021-06-05T17:52:34.564000+00:00,1.0,P
2217,3179,2021-06-05T17:52:36.024000+00:00,1.0,S
2218,3033,2021-06-05T17:52:34.564000+00:00,1.0,P
2218,3179,2021-06-05T17:52:36.024000+00:00,1.0,S
2219,3033,2021-06-05T17:52:34.564000+00:00,1.0,P
2219,3179,2021-06-05T17:52:36.024000+00:00,1.0,S
2220,3033,2021-06-05T17:52:34.564000+00:00,1.0,P
2220,3180,2021-06-05T17:52:36.034000+00:00,1.0,S
2221,3033,2021-06-05T17:52:34.564000+00:00,1.0,P
2221,3180,2021-06-05T17:52:36.034000+00:00,1.0,S
2222,3033,2021-06-05T17:52:34.564000+00:00,1.0,P
2222,3180,2021-06-05T17:52:36.034000+00:00,1.0,S
2223,3033,2021-06-05T17:52:34.564000+00:00,1.0,P
2223,3180,2021-06-05T17:52:36.034000+00:00,1.0,S
2224,3034,2021-06-05T17:52:34.574000+00:00,1.0,P
2224,3180,2021-06-05T17:52:36.034000+00:00,1.0,S
2225,3034,2021-06-05T17:52:34.574000+00:00,1.0,P
2225,3180,2021-06-05T17:52:36.034000+00:00,1.0,S
2226,3034,2021-06-05T17:52:34.574000+00:00,1.0,P
2226,3180,2021-06-05T17:52:36.034000+00:00,1.0,S
2227,3034,2021-06-05T17:52:34.574000+00:00,1.0,P
2227,3180,2021-06-05T17:52:36.034000+00:00,1.0,S
2228,3034,2021-06-05T17:52:34.574000+00:00,1.0,P
2228,3180,2021-06-05T17:52:36.034000+00:00,1.0,S
2229,3034,2021-06-05T17:52:34.574000+00:00,1.0,P
2229,3180,2021-06-05T17:52:36.034000+00:00,1.0,S
2230,3034,2021-06-05T17:52:34.574000+00:00,1.0,P
2230,3180,2021-06-05T17:52:36.034000+00:00,1.0,S
2231,3034,2021-06-05T17:52:34.574000+00:00,1.0,P
2231,3180,2021-06-05T17:52:36.034000+00:00,1.0,S
2232,3034,2021-06-05T17:52:34.574000+00:00,1.0,P
2232,3180,2021-06-05T17:52:36.034000+00:00,1.0,S
2233,3034,2021-06-05T17:52:34.574000+00:00,1.0,P
2233,3180,2021-06-05T17:52:36.034000+00:00,1.0,S
2234,3034,2021-06-05T17:52:34.574000+00:00,1.0,P
2234,3180,2021-06-05T17:52:36.034000+00:00,1.0,S
2235,3034,2021-06-05T17:52:34.574000+00:00,1.0,P
2235,3180,2021-06-05T17:52:36.034000+00:00,1.0,S
2236,3034,2021-06-05T17:52:34.574000+00:00,1.0,P
2236,3180,2021-06-05T17:52:36.034000+00:00,1.0,S
2237,3034,2021-06-05T17:52:34.574000+00:00,1.0,P
2237,3180,2021-06-05T17:52:36.034000+00:00,1.0,S
2238,3034,2021-06-05T17:52:34.574000+00:00,1.0,P
2238,3180,2021-06-05T17:52:36.034000+00:00,1.0,S
2239,3035,2021-06-05T17:52:34.584000+00:00,1.0,P
2239,3180,2021-06-05T17:52:36.034000+00:00,1.0,S
2240,3035,2021-06-05T17:52:34.584000+00:00,1.0,P
2240,3180,2021-06-05T17:52:36.034000+00:00,1.0,S
2241,3035,2021-06-05T17:52:34.584000+00:00,1.0,P
2241,3180,2021-06-05T17:52:36.034000+00:00,1.0,S
2242,3035,2021-06-05T17:52:34.584000+00:00,1.0,P
2242,3180,2021-06-05T17:52:36.034000+00:00,1.0,S
2243,3035,2021-06-05T17:52:34.584000+00:00,1.0,P
2243,3180,2021-06-05T17:52:36.034000+00:00,1.0,S
2244,3035,2021-06-05T17:52:34.584000+00:00,1.0,P
2244,3180,2021-06-05T17:52:36.034000+00:00,1.0,S
2245,3035,2021-06-05T17:52:34.584000+00:00,1.0,P
2245,3180,2021-06-05T17:52:36.034000+00:00,1.0,S
2246,3035,2021-06-05T17:52:34.584000+00:00,1.0,P
2246,3180,2021-06-05T17:52:36.034000+00:00,1.0,S
2247,3035,2021-06-05T17:52:34.584000+00:00,1.0,P
2247,3180,2021-06-05T17:52:36.034000+00:00,1.0,S
2248,3035,2021-06-05T17:52:34.584000+00:00,1.0,P
2248,3180,2021-06-05T17:52:36.034000+00:00,1.0,S
2249,3035,2021-06-05T17:52:34.584000+00:00,1.0,P
2249,3180,2021-06-05T17:52:36.034000+00:00,1.0,S
2250,3035,2021-06-05T17:52:34.584000+00:00,1.0,P
2250,3180,2021-06-05T17:52:36.034000+00:00,1.0,S
2251,3035,2021-06-05T17:52:34.584000+00:00,1.0,P
2251,3180,2021-06-05T17:52:36.034000+00:00,1.0,S
2252,3035,2021-06-05T17:52:34.584000+00:00,1.0,P
2252,3180,2021-06-05T17:52:36.034000+00:00,1.0,S
2253,3035,2021-06-05T17:52:34.584000+00:00,1.0,P
2253,3180,2021-06-05T17:52:36.034000+00:00,1.0,S
2254,3035,2021-06-05T17:52:34.584000+00:00,1.0,P
2254,3180,2021-06-05T17:52:36.034000+00:00,1.0,S
2255,3036,2021-06-05T17:52:34.594000+00:00,1.0,P
2255,3180,2021-06-05T17:52:36.034000+00:00,1.0,S
2256,3036,2021-06-05T17:52:34.594000+00:00,1.0,P
2256,3180,2021-06-05T17:52:36.034000+00:00,1.0,S
2257,3036,2021-06-05T17:52:34.594000+00:00,1.0,P
2257,3180,2021-06-05T17:52:36.034000+00:00,1.0,S
2258,3036,2021-06-05T17:52:34.594000+00:00,1.0,P
2258,3180,2021-06-05T17:52:36.034000+00:00,1.0,S
2259,3036,2021-06-05T17:52:34.594000+00:00,1.0,P
2259,3180,2021-06-05T17:52:36.034000+00:00,1.0,S
2260,3036,2021-06-05T17:52:34.594000+00:00,1.0,P
2260,3180,2021-06-05T17:52:36.034000+00:00,1.0,S
2261,3036,2021-06-05T17:52:34.594000+00:00,1.0,P
2261,3179,2021-06-05T17:52:36.024000+00:00,1.0,S
2262,3036,2021-06-05T17:52:34.594000+00:00,1.0,P
2262,3179,2021-06-05T17:52:36.024000+00:00,1.0,S
2263,3036,2021-06-05T17:52:34.594000+00:00,1.0,P
2263,3179,2021-06-05T17:52:36.024000+00:00,1.0,S
2264,3036,2021-06-05T17:52:34.594000+00:00,1.0,P
2264,3179,2021-06-05T17:52:36.024000+00:00,1.0,S
2265,3036,2021-06-05T17:52:34.594000+00:00,1.0,P
2265,3179,2021-06-05T17:52:36.024000+00:00,1.0,S
2266,3036,2021-06-05T17:52:34.594000+00:00,1.0,P
2266,3179,2021-06-05T17:52:36.024000+00:00,1.0,S
2267,3036,2021-06-05T17:52:34.594000+00:00,1.0,P
2267,3179,2021-06-05T17:52:36.024000+00:00,1.0,S
2268,3036,2021-06-05T17:52:34.594000+00:00,1.0,P
2268,3179,2021-06-05T17:52:36.024000+00:00,1.0,S
2269,3036,2021-06-05T17:52:34.594000+00:00,1.0,P
2269,3180,2021-06-05T17:52:36.034000+00:00,1.0,S
2270,3036,2021-06-05T17:52:34.594000+00:00,1.0,P
2270,3180,2021-06-05T17:52:36.034000+00:00,1.0,S
2271,3037,2021-06-05T17:52:34.604000+00:00,1.0,P
2271,3180,2021-06-05T17:52:36.034000+00:00,1.0,S
2272,3037,2021-06-05T17:52:34.604000+00:00,1.0,P
2272,3180,2021-06-05T17:52:36.034000+00:00,1.0,S
2273,3037,2021-06-05T17:52:34.604000+00:00,1.0,P
2273,3180,2021-06-05T17:52:36.034000+00:00,1.0,S
2274,3037,2021-06-05T17:52:34.604000+00:00,1.0,P
2274,3180,2021-06-05T17:52:36.034000+00:00,1.0,S
2275,3037,2021-06-05T17:52:34.604000+00:00,1.0,P
2275,3180,2021-06-05T17:52:36.034000+00:00,1.0,S
2276,3037,2021-06-05T17:52:34.604000+00:00,1.0,P
2276,3180,2021-06-05T17:52:36.034000+00:00,1.0,S
2277,3037,2021-06-05T17:52:34.604000+00:00,1.0,P
2277,3180,2021-06-05T17:52:36.034000+00:00,1.0,S
2278,3037,2021-06-05T17:52:34.604000+00:00,1.0,P
2278,3180,2021-06-05T17:52:36.034000+00:00,1.0,S
2279,3037,2021-06-05T17:52:34.604000+00:00,1.0,P
2279,3180,2021-06-05T17:52:36.034000+00:00,1.0,S
2280,3037,2021-06-05T17:52:34.604000+00:00,1.0,P
2280,3180,2021-06-05T17:52:36.034000+00:00,1.0,S
2281,3037,2021-06-05T17:52:34.604000+00:00,1.0,P
2281,3180,2021-06-05T17:52:36.034000+00:00,1.0,S
2282,3037,2021-06-05T17:52:34.604000+00:00,1.0,P
2282,3180,2021-06-05T17:52:36.034000+00:00,1.0,S
2283,3037,2021-06-05T17:52:34.604000+00:00,1.0,P
2283,3180,2021-06-05T17:52:36.034000+00:00,1.0,S
2284,3037,2021-06-05T17:52:34.604000+00:00,1.0,P
2284,3180,2021-06-05T17:52:36.034000+00:00,1.0,S
2285,3038,2021-06-05T17:52:34.614000+00:00,1.0,P
2285,3180,2021-06-05T17:52:36.034000+00:00,1.0,S
2286,3038,2021-06-05T17:52:34.614000+00:00,1.0,P
2286,3180,2021-06-05T17:52:36.034000+00:00,1.0,S
2287,3038,2021-06-05T17:52:34.614000+00:00,1.0,P
2287,3180,2021-06-05T17:52:36.034000+00:00,1.0,S
2288,3038,2021-06-05T17:52:34.614000+00:00,1.0,P
2288,3180,2021-06-05T17:52:36.034000+00:00,1.0,S
2289,3038,2021-06-05T17:52:34.614000+00:00,1.0,P
2289,3180,2021-06-05T17:52:36.034000+00:00,1.0,S
2290,3038,2021-06-05T17:52:34.614000+00:00,1.0,P
2290,3180,2021-06-05T17:52:36.034000+00:00,1.0,S
2291,3038,2021-06-05T17:52:34.614000+00:00,1.0,P
2291,3180,2021-06-05T17:52:36.034000+00:00,1.0,S
2292,3038,2021-06-05T17:52:34.614000+00:00,1.0,P
2292,3180,2021-06-05T17:52:36.034000+00:00,1.0,S
2293,3038,2021-06-05T17:52:34.614000+00:00,1.0,P
2293,3180,2021-06-05T17:52:36.034000+00:00,1.0,S
2294,3038,2021-06-05T17:52:34.614000+00:00,1.0,P
2294,3180,2021-06-05T17:52:36.034000+00:00,1.0,S
2295,3038,2021-06-05T17:52:34.614000+00:00,1.0,P
2295,3180,2021-06-05T17:52:36.034000+00:00,1.0,S
2296,3039,2021-06-05T17:52:34.624000+00:00,1.0,P
2296,3181,2021-06-05T17:52:36.044000+00:00,1.0,S
2297,3039,2021-06-05T17:52:34.624000+00:00,1.0,P
2297,3181,2021-06-05T17:52:36.044000+00:00,1.0,S
2298,3039,2021-06-05T17:52:34.624000+00:00,1.0,P
2298,3181,2021-06-05T17:52:36.044000+00:00,1.0,S
2299,3039,2021-06-05T17:52:34.624000+00:00,1.0,P
2299,3181,2021-06-05T17:52:36.044000+00:00,1.0,S
2300,3039,2021-06-05T17:52:34.624000+00:00,1.0,P
2300,3181,2021-06-05T17:52:36.044000+00:00,1.0,S
2301,3039,2021-06-05T17:52:34.624000+00:00,1.0,P
2301,3181,2021-06-05T17:52:36.044000+00:00,1.0,S
2302,3039,2021-06-05T17:52:34.624000+00:00,1.0,P
2302,3181,2021-06-05T17:52:36.044000+00:00,1.0,S
2303,3039,2021-06-05T17:52:34.624000+00:00,1.0,P
2303,3181,2021-06-05T17:52:36.044000+00:00,1.0,S
2304,3039,2021-06-05T17:52:34.624000+00:00,1.0,P
2304,3181,2021-06-05T17:52:36.044000+00:00,1.0,S
2305,3039,2021-06-05T17:52:34.624000+00:00,1.0,P
2305,3182,2021-06-05T17:52:36.054000+00:00,1.0,S
2306,3039,2021-06-05T17:52:34.624000+00:00,1.0,P
2306,3182,2021-06-05T17:52:36.054000+00:00,1.0,S
2307,3040,2021-06-05T17:52:34.634000+00:00,1.0,P
2307,3182,2021-06-05T17:52:36.054000+00:00,1.0,S
2308,3040,2021-06-05T17:52:34.634000+00:00,1.0,P
2308,3182,2021-06-05T17:52:36.054000+00:00,1.0,S
2309,3040,2021-06-05T17:52:34.634000+00:00,1.0,P
2309,3182,2021-06-05T17:52:36.054000+00:00,1.0,S
2310,3040,2021-06-05T17:52:34.634000+00:00,1.0,P
2310,3182,2021-06-05T17:52:36.054000+00:00,1.0,S
2311,3040,2021-06-05T17:52:34.634000+00:00,1.0,P
2311,3182,2021-06-05T17:52:36.054000+00:00,1.0,S
2312,3040,2021-06-05T17:52:34.634000+00:00,1.0,P
2312,3182,2021-06-05T17:52:36.054000+00:00,1.0,S
2313,3040,2021-06-05T17:52:34.634000+00:00,1.0,P
2313,3182,2021-06-05T17:52:36.054000+00:00,1.0,S
2314,3040,2021-06-05T17:52:34.634000+00:00,1.0,P
2314,3182,2021-06-05T17:52:36.054000+00:00,1.0,S
2315,3040,2021-06-05T17:52:34.634000+00:00,1.0,P
2315,3182,2021-06-05T17:52:36.054000+00:00,1.0,S
2316,3040,2021-06-05T17:52:34.634000+00:00,1.0,P
2316,3182,2021-06-05T17:52:36.054000+00:00,1.0,S
2317,3040,2021-06-05T17:52:34.634000+00:00,1.0,P
2317,3182,2021-06-05T17:52:36.054000+00:00,1.0,S
2318,3040,2021-06-05T17:52:34.634000+00:00,1.0,P
2318,3182,2021-06-05T17:52:36.054000+00:00,1.0,S
2319,3041,2021-06-05T17:52:34.644000+00:00,1.0,P
2319,3183,2021-06-05T17:52:36.064000+00:00,1.0,S
2320,3041,2021-06-05T17:52:34.644000+00:00,1.0,P
2320,3183,2021-06-05T17:52:36.064000+00:00,1.0,S
2321,3041,2021-06-05T17:52:34.644000+00:00,1.0,P
2321,3183,2021-06-05T17:52:36.064000+00:00,1.0,S
2322,3041,2021-06-05T17:52:34.644000+00:00,1.0,P
2322,3183,2021-06-05T17:52:36.064000+00:00,1.0,S
2323,3041,2021-06-05T17:52:34.644000+00:00,1.0,P
2323,3183,2021-06-05T17:52:36.064000+00:00,1.0,S
2324,3041,2021-06-05T17:52:34.644000+00:00,1.0,P
2324,3183,2021-06-05T17:52:36.064000+00:00,1.0,S
2325,3041,2021-06-05T17:52:34.644000+00:00,1.0,P
2325,3183,2021-06-05T17:52:36.064000+00:00,1.0,S
2326,3041,2021-06-05T17:52:34.644000+00:00,1.0,P
2326,3183,2021-06-05T17:52:36.064000+00:00,1.0,S
2327,3041,2021-06-05T17:52:34.644000+00:00,1.0,P
2327,3183,2021-06-05T17:52:36.064000+00:00,1.0,S
2328,3041,2021-06-05T17:52:34.644000+00:00,1.0,P
2328,3184,2021-06-05T17:52:36.074000+00:00,1.0,S
2329,3041,2021-06-05T17:52:34.644000+00:00,1.0,P
2329,3184,2021-06-05T17:52:36.074000+00:00,1.0,S
2330,3042,2021-06-05T17:52:34.654000+00:00,1.0,P
2330,3184,2021-06-05T17:52:36.074000+00:00,1.0,S
2331,3042,2021-06-05T17:52:34.654000+00:00,1.0,P
2331,3184,2021-06-05T17:52:36.074000+00:00,1.0,S
2332,3042,2021-06-05T17:52:34.654000+00:00,1.0,P
2332,3184,2021-06-05T17:52:36.074000+00:00,1.0,S
2333,3042,2021-06-05T17:52:34.654000+00:00,1.0,P
2333,3185,2021-06-05T17:52:36.084000+00:00,1.0,S
2334,3042,2021-06-05T17:52:34.654000+00:00,1.0,P
2334,3185,2021-06-05T17:52:36.084000+00:00,1.0,S
2335,3042,2021-06-05T17:52:34.654000+00:00,1.0,P
2335,3185,2021-06-05T17:52:36.084000+00:00,1.0,S
2336,3042,2021-06-05T17:52:34.654000+00:00,1.0,P
2336,3185,2021-06-05T17:52:36.084000+00:00,1.0,S
2337,3042,2021-06-05T17:52:34.654000+00:00,1.0,P
2337,3185,2021-06-05T17:52:36.084000+00:00,1.0,S
2338,3042,2021-06-05T17:52:34.654000+00:00,1.0,P
2338,3185,2021-06-05T17:52:36.084000+00:00,1.0,S
2339,3042,2021-06-05T17:52:34.654000+00:00,1.0,P
2339,3185,2021-06-05T17:52:36.084000+00:00,1.0,S
2340,3043,2021-06-05T17:52:34.664000+00:00,1.0,P
2340,3185,2021-06-05T17:52:36.084000+00:00,1.0,S
2341,3043,2021-06-05T17:52:34.664000+00:00,1.0,P
2341,3185,2021-06-05T17:52:36.084000+00:00,1.0,S
2342,3043,2021-06-05T17:52:34.664000+00:00,1.0,P
2342,3186,2021-06-05T17:52:36.094000+00:00,1.0,S
2343,3043,2021-06-05T17:52:34.664000+00:00,1.0,P
2343,3186,2021-06-05T17:52:36.094000+00:00,1.0,S
2344,3043,2021-06-05T17:52:34.664000+00:00,1.0,P
2344,3186,2021-06-05T17:52:36.094000+00:00,1.0,S
2345,3043,2021-06-05T17:52:34.664000+00:00,1.0,P
2345,3186,2021-06-05T17:52:36.094000+00:00,1.0,S
2346,3043,2021-06-05T17:52:34.664000+00:00,1.0,P
2346,3186,2021-06-05T17:52:36.094000+00:00,1.0,S
2347,3043,2021-06-05T17:52:34.664000+00:00,1.0,P
2347,3186,2021-06-05T17:52:36.094000+00:00,1.0,S
2348,3043,2021-06-05T17:52:34.664000+00:00,1.0,P
2348,3186,2021-06-05T17:52:36.094000+00:00,1.0,S
2349,3043,2021-06-05T17:52:34.664000+00:00,1.0,P
2349,3186,2021-06-05T17:52:36.094000+00:00,1.0,S
2350,3044,2021-06-05T17:52:34.674000+00:00,1.0,P
2350,3186,2021-06-05T17:52:36.094000+00:00,1.0,S
2351,3044,2021-06-05T17:52:34.674000+00:00,1.0,P
2351,3186,2021-06-05T17:52:36.094000+00:00,1.0,S
2352,3044,2021-06-05T17:52:34.674000+00:00,1.0,P
2352,3186,2021-06-05T17:52:36.094000+00:00,1.0,S
2353,3044,2021-06-05T17:52:34.674000+00:00,1.0,P
2353,3187,2021-06-05T17:52:36.104000+00:00,1.0,S
2354,3044,2021-06-05T17:52:34.674000+00:00,1.0,P
2354,3187,2021-06-05T17:52:36.104000+00:00,1.0,S
2355,3044,2021-06-05T17:52:34.674000+00:00,1.0,P
2355,3187,2021-06-05T17:52:36.104000+00:00,1.0,S
2356,3044,2021-06-05T17:52:34.674000+00:00,1.0,P
2356,3187,2021-06-05T17:52:36.104000+00:00,1.0,S
2357,3044,2021-06-05T17:52:34.674000+00:00,1.0,P
2357,3187,2021-06-05T17:52:36.104000+00:00,1.0,S
2358,3044,2021-06-05T17:52:34.674000+00:00,1.0,P
2358,3187,2021-06-05T17:52:36.104000+00:00,1.0,S
2359,3044,2021-06-05T17:52:34.674000+00:00,1.0,P
2359,3187,2021-06-05T17:52:36.104000+00:00,1.0,S
2360,3044,2021-06-05T17:52:34.674000+00:00,1.0,P
2360,3187,2021-06-05T17:52:36.104000+00:00,1.0,S
2361,3045,2021-06-05T17:52:34.684000+00:00,1.0,P
2361,3187,2021-06-05T17:52:36.104000+00:00,1.0,S
2362,3045,2021-06-05T17:52:34.684000+00:00,1.0,P
2362,3187,2021-06-05T17:52:36.104000+00:00,1.0,S
2363,3045,2021-06-05T17:52:34.684000+00:00,1.0,P
2363,3188,2021-06-05T17:52:36.114000+00:00,1.0,S
2364,3045,2021-06-05T17:52:34.684000+00:00,1.0,P
2364,3188,2021-06-05T17:52:36.114000+00:00,1.0,S
2365,3045,2021-06-05T17:52:34.684000+00:00,1.0,P
2365,3188,2021-06-05T17:52:36.114000+00:00,1.0,S
2366,3045,2021-06-05T17:52:34.684000+00:00,1.0,P
2366,3188,2021-06-05T17:52:36.114000+00:00,1.0,S
2367,3045,2021-06-05T17:52:34.684000+00:00,1.0,P
2367,3188,2021-06-05T17:52:36.114000+00:00,1.0,S
2368,3045,2021-06-05T17:52:34.684000+00:00,1.0,P
2368,3188,2021-06-05T17:52:36.114000+00:00,1.0,S
2369,3045,2021-06-05T17:52:34.684000+00:00,1.0,P
2369,3189,2021-06-05T17:52:36.124000+00:00,1.0,S
2370,3045,2021-06-05T17:52:34.684000+00:00,1.0,P
2370,3189,2021-06-05T17:52:36.124000+00:00,1.0,S
2371,3045,2021-06-05T17:52:34.684000+00:00,1.0,P
2371,3189,2021-06-05T17:52:36.124000+00:00,1.0,S
2372,3046,2021-06-05T17:52:34.694000+00:00,1.0,P
2372,3189,2021-06-05T17:52:36.124000+00:00,1.0,S
2373,3046,2021-06-05T17:52:34.694000+00:00,1.0,P
2373,3190,2021-06-05T17:52:36.134000+00:00,1.0,S
2374,3046,2021-06-05T17:52:34.694000+00:00,1.0,P
2374,3190,2021-06-05T17:52:36.134000+00:00,1.0,S
2375,3046,2021-06-05T17:52:34.694000+00:00,1.0,P
2375,3190,2021-06-05T17:52:36.134000+00:00,1.0,S
2376,3046,2021-06-05T17:52:34.694000+00:00,1.0,P
2376,3190,2021-06-05T17:52:36.134000+00:00,1.0,S
2377,3046,2021-06-05T17:52:34.694000+00:00,1.0,P
2377,3191,2021-06-05T17:52:36.144000+00:00,1.0,S
2378,3046,2021-06-05T17:52:34.694000+00:00,1.0,P
2378,3191,2021-06-05T17:52:36.144000+00:00,1.0,S
2379,3046,2021-06-05T17:52:34.694000+00:00,1.0,P
2379,3191,2021-06-05T17:52:36.144000+00:00,1.0,S
2380,3046,2021-06-05T17:52:34.694000+00:00,1.0,P
2380,3191,2021-06-05T17:52:36.144000+00:00,1.0,S
2381,3046,2021-06-05T17:52:34.694000+00:00,1.0,P
2381,3192,2021-06-05T17:52:36.154000+00:00,1.0,S
2382,3046,2021-06-05T17:52:34.694000+00:00,1.0,P
2382,3192,2021-06-05T17:52:36.154000+00:00,1.0,S
2383,3046,2021-06-05T17:52:34.694000+00:00,1.0,P
2383,3192,2021-06-05T17:52:36.154000+00:00,1.0,S
2384,3047,2021-06-05T17:52:34.704000+00:00,1.0,P
2384,3192,2021-06-05T17:52:36.154000+00:00,1.0,S
2385,3047,2021-06-05T17:52:34.704000+00:00,1.0,P
2385,3192,2021-06-05T17:52:36.154000+00:00,1.0,S
2386,3047,2021-06-05T17:52:34.704000+00:00,1.0,P
2386,3192,2021-06-05T17:52:36.154000+00:00,1.0,S
2387,3047,2021-06-05T17:52:34.704000+00:00,1.0,P
2387,3192,2021-06-05T17:52:36.154000+00:00,1.0,S
2388,3047,2021-06-05T17:52:34.704000+00:00,1.0,P
2388,3193,2021-06-05T17:52:36.164000+00:00,1.0,S
2389,3047,2021-06-05T17:52:34.704000+00:00,1.0,P
2389,3193,2021-06-05T17:52:36.164000+00:00,1.0,S
2390,3047,2021-06-05T17:52:34.704000+00:00,1.0,P
2390,3193,2021-06-05T17:52:36.164000+00:00,1.0,S
2391,3047,2021-06-05T17:52:34.704000+00:00,1.0,P
2391,3193,2021-06-05T17:52:36.164000+00:00,1.0,S
2392,3047,2021-06-05T17:52:34.704000+00:00,1.0,P
2392,3193,2021-06-05T17:52:36.164000+00:00,1.0,S
2393,3047,2021-06-05T17:52:34.704000+00:00,1.0,P
2393,3193,2021-06-05T17:52:36.164000+00:00,1.0,S
2394,3047,2021-06-05T17:52:34.704000+00:00,1.0,P
2394,3193,2021-06-05T17:52:36.164000+00:00,1.0,S
2395,3047,2021-06-05T17:52:34.704000+00:00,1.0,P
2395,3194,2021-06-05T17:52:36.174000+00:00,1.0,S
2396,3048,2021-06-05T17:52:34.714000+00:00,1.0,P
2396,3194,2021-06-05T17:52:36.174000+00:00,1.0,S
2397,3048,2021-06-05T17:52:34.714000+00:00,1.0,P
2397,3194,2021-06-05T17:52:36.174000+00:00,1.0,S
2398,3048,2021-06-05T17:52:34.714000+00:00,1.0,P
2398,3194,2021-06-05T17:52:36.174000+00:00,1.0,S
2399,3048,2021-06-05T17:52:34.714000+00:00,1.0,P
2399,3194,2021-06-05T17:52:36.174000+00:00,1.0,S
2400,3048,2021-06-05T17:52:34.714000+00:00,1.0,P
2400,3194,2021-06-05T17:52:36.174000+00:00,1.0,S
2401,3048,2021-06-05T17:52:34.714000+00:00,1.0,P
2401,3194,2021-06-05T17:52:36.174000+00:00,1.0,S
2402,3048,2021-06-05T17:52:34.714000+00:00,1.0,P
2402,3194,2021-06-05T17:52:36.174000+00:00,1.0,S
2403,3048,2021-06-05T17:52:34.714000+00:00,1.0,P
2403,3194,2021-06-05T17:52:36.174000+00:00,1.0,S
2404,3048,2021-06-05T17:52:34.714000+00:00,1.0,P
2404,3194,2021-06-05T17:52:36.174000+00:00,1.0,S
2405,3048,2021-06-05T17:52:34.714000+00:00,1.0,P
2405,3195,2021-06-05T17:52:36.184000+00:00,1.0,S
2406,3049,2021-06-05T17:52:34.724000+00:00,1.0,P
2406,3195,2021-06-05T17:52:36.184000+00:00,1.0,S
2407,3049,2021-06-05T17:52:34.724000+00:00,1.0,P
2407,3195,2021-06-05T17:52:36.184000+00:00,1.0,S
2408,3049,2021-06-05T17:52:34.724000+00:00,1.0,P
2408,3195,2021-06-05T17:52:36.184000+00:00,1.0,S
2409,3049,2021-06-05T17:52:34.724000+00:00,1.0,P
2409,3195,2021-06-05T17:52:36.184000+00:00,1.0,S
2410,3049,2021-06-05T17:52:34.724000+00:00,1.0,P
2410,3195,2021-06-05T17:52:36.184000+00:00,1.0,S
2411,3049,2021-06-05T17:52:34.724000+00:00,1.0,P
2411,3195,2021-06-05T17:52:36.184000+00:00,1.0,S
2412,3049,2021-06-05T17:52:34.724000+00:00,1.0,P
2412,3195,2021-06-05T17:52:36.184000+00:00,1.0,S
2413,3049,2021-06-05T17:52:34.724000+00:00,1.0,P
2413,3195,2021-06-05T17:52:36.184000+00:00,1.0,S
2414,3049,2021-06-05T17:52:34.724000+00:00,1.0,P
2414,3196,2021-06-05T17:52:36.194000+00:00,1.0,S
2415,3049,2021-06-05T17:52:34.724000+00:00,1.0,P
2415,3196,2021-06-05T17:52:36.194000+00:00,1.0,S
2416,3050,2021-06-05T17:52:34.734000+00:00,1.0,P
2416,3197,2021-06-05T17:52:36.204000+00:00,1.0,S
2417,3050,2021-06-05T17:52:34.734000+00:00,1.0,P
2417,3197,2021-06-05T17:52:36.204000+00:00,1.0,S
2418,3050,2021-06-05T17:52:34.734000+00:00,1.0,P
2418,3198,2021-06-05T17:52:36.214000+00:00,1.0,S
2419,3050,2021-06-05T17:52:34.734000+00:00,1.0,P
2419,3198,2021-06-05T17:52:36.214000+00:00,1.0,S
2420,3050,2021-06-05T17:52:34.734000+00:00,1.0,P
2420,3198,2021-06-05T17:52:36.214000+00:00,1.0,S
2421,3050,2021-06-05T17:52:34.734000+00:00,1.0,P
2421,3199,2021-06-05T17:52:36.224000+00:00,1.0,S
2422,3050,2021-06-05T17:52:34.734000+00:00,1.0,P
2422,3200,2021-06-05T17:52:36.234000+00:00,1.0,S
2423,3050,2021-06-05T17:52:34.734000+00:00,1.0,P
2423,3201,2021-06-05T17:52:36.243999+00:00,1.0,S
2424,3051,2021-06-05T17:52:34.744000+00:00,1.0,P
2424,3202,2021-06-05T17:52:36.254000+00:00,1.0,S
2425,3051,2021-06-05T17:52:34.744000+00:00,1.0,P
2425,3202,2021-06-05T17:52:36.254000+00:00,1.0,S
2426,3051,2021-06-05T17:52:34.744000+00:00,1.0,P
2426,3202,2021-06-05T17:52:36.254000+00:00,1.0,S
2427,3051,2021-06-05T17:52:34.744000+00:00,1.0,P
2427,3202,2021-06-05T17:52:36.254000+00:00,1.0,S
2428,3051,2021-06-05T17:52:34.744000+00:00,1.0,P
2428,3202,2021-06-05T17:52:36.254000+00:00,1.0,S
2429,3051,2021-06-05T17:52:34.744000+00:00,1.0,P
2429,3202,2021-06-05T17:52:36.254000+00:00,1.0,S
2430,3051,2021-06-05T17:52:34.744000+00:00,1.0,P
2430,3203,2021-06-05T17:52:36.264000+00:00,1.0,S
2431,3051,2021-06-05T17:52:34.744000+00:00,1.0,P
2431,3203,2021-06-05T17:52:36.264000+00:00,1.0,S
2432,3052,2021-06-05T17:52:34.754000+00:00,1.0,P
2432,3203,2021-06-05T17:52:36.264000+00:00,1.0,S
2433,3052,2021-06-05T17:52:34.754000+00:00,1.0,P
2433,3203,2021-06-05T17:52:36.264000+00:00,1.0,S
2434,3052,2021-06-05T17:52:34.754000+00:00,1.0,P
2434,3203,2021-06-05T17:52:36.264000+00:00,1.0,S
2435,3052,2021-06-05T17:52:34.754000+00:00,1.0,P
2435,3203,2021-06-05T17:52:36.264000+00:00,1.0,S
2436,3052,2021-06-05T17:52:34.754000+00:00,1.0,P
2436,3204,2021-06-05T17:52:36.274000+00:00,1.0,S
2437,3052,2021-06-05T17:52:34.754000+00:00,1.0,P
2437,3205,2021-06-05T17:52:36.283999+00:00,1.0,S
2438,3052,2021-06-05T17:52:34.754000+00:00,1.0,P
2438,3205,2021-06-05T17:52:36.283999+00:00,1.0,S
2439,3053,2021-06-05T17:52:34.764000+00:00,1.0,P
2439,3206,2021-06-05T17:52:36.294000+00:00,1.0,S
2440,3053,2021-06-05T17:52:34.764000+00:00,1.0,P
2440,3207,2021-06-05T17:52:36.304000+00:00,1.0,S
2441,3053,2021-06-05T17:52:34.764000+00:00,1.0,P
2441,3208,2021-06-05T17:52:36.314000+00:00,1.0,S
2442,3053,2021-06-05T17:52:34.764000+00:00,1.0,P
2442,3209,2021-06-05T17:52:36.324000+00:00,1.0,S
2443,3053,2021-06-05T17:52:34.764000+00:00,1.0,P
2443,3210,2021-06-05T17:52:36.334000+00:00,1.0,S
2444,3053,2021-06-05T17:52:34.764000+00:00,1.0,P
2444,3210,2021-06-05T17:52:36.334000+00:00,1.0,S
2445,3053,2021-06-05T17:52:34.764000+00:00,1.0,P
2445,3211,2021-06-05T17:52:36.344000+00:00,1.0,S
2446,3054,2021-06-05T17:52:34.774000+00:00,1.0,P
2446,3212,2021-06-05T17:52:36.353999+00:00,1.0,S
2447,3054,2021-06-05T17:52:34.774000+00:00,1.0,P
2447,3212,2021-06-05T17:52:36.353999+00:00,1.0,S
2448,3054,2021-06-05T17:52:34.774000+00:00,1.0,P
2448,3213,2021-06-05T17:52:36.364000+00:00,1.0,S
2449,3054,2021-06-05T17:52:34.774000+00:00,1.0,P
2449,3214,2021-06-05T17:52:36.374000+00:00,1.0,S
2450,3054,2021-06-05T17:52:34.774000+00:00,1.0,P
2450,3215,2021-06-05T17:52:36.384000+00:00,1.0,S
2451,3054,2021-06-05T17:52:34.774000+00:00,1.0,P
2451,3216,2021-06-05T17:52:36.394000+00:00,1.0,S
2452,3054,2021-06-05T17:52:34.774000+00:00,1.0,P
2452,3217,2021-06-05T17:52:36.404000+00:00,1.0,S
2453,3055,2021-06-05T17:52:34.784000+00:00,1.0,P
2453,3218,2021-06-05T17:52:36.414000+00:00,1.0,S
2454,3055,2021-06-05T17:52:34.784000+00:00,1.0,P
2454,3218,2021-06-05T17:52:36.414000+00:00,1.0,S
2455,3055,2021-06-05T17:52:34.784000+00:00,1.0,P
2455,3219,2021-06-05T17:52:36.423999+00:00,1.0,S
2456,3055,2021-06-05T17:52:34.784000+00:00,1.0,P
2456,3220,2021-06-05T17:52:36.434000+00:00,1.0,S
2457,3055,2021-06-05T17:52:34.784000+00:00,1.0,P
2457,3220,2021-06-05T17:52:36.434000+00:00,1.0,S
2458,3055,2021-06-05T17:52:34.784000+00:00,1.0,P
2458,3221,2021-06-05T17:52:36.444000+00:00,1.0,S
2459,3055,2021-06-05T17:52:34.784000+00:00,1.0,P
2459,3222,2021-06-05T17:52:36.454000+00:00,1.0,S
2460,3056,2021-06-05T17:52:34.794000+00:00,1.0,P
2460,3223,2021-06-05T17:52:36.464000+00:00,1.0,S
2461,3056,2021-06-05T17:52:34.794000+00:00,1.0,P
2461,3224,2021-06-05T17:52:36.474000+00:00,1.0,S
2462,3056,2021-06-05T17:52:34.794000+00:00,1.0,P
2462,3226,2021-06-05T17:52:36.493999+00:00,1.0,S
2463,3056,2021-06-05T17:52:34.794000+00:00,1.0,P
2463,3227,2021-06-05T17:52:36.504000+00:00,1.0,S
2464,3056,2021-06-05T17:52:34.794000+00:00,1.0,P
2464,3228,2021-06-05T17:52:36.514000+00:00,1.0,S
2465,3056,2021-06-05T17:52:34.794000+00:00,1.0,P
2465,3229,2021-06-05T17:52:36.524000+00:00,1.0,S
2466,3056,2021-06-05T17:52:34.794000+00:00,1.0,P
2466,3230,2021-06-05T17:52:36.533999+00:00,1.0,S
2467,3057,2021-06-05T17:52:34.804000+00:00,1.0,P
2467,3231,2021-06-05T17:52:36.544000+00:00,1.0,S
2468,3057,2021-06-05T17:52:34.804000+00:00,1.0,P
2468,3232,2021-06-05T17:52:36.554000+00:00,1.0,S
2469,3057,2021-06-05T17:52:34.804000+00:00,1.0,P
2469,3233,2021-06-05T17:52:36.564000+00:00,1.0,S
2470,3057,2021-06-05T17:52:34.804000+00:00,1.0,P
2470,3234,2021-06-05T17:52:36.574000+00:00,1.0,S
2471,3057,2021-06-05T17:52:34.804000+00:00,1.0,P
2471,3235,2021-06-05T17:52:36.584000+00:00,1.0,S
2472,3057,2021-06-05T17:52:34.804000+00:00,1.0,P
2472,3236,2021-06-05T17:52:36.594000+00:00,1.0,S
2473,3057,2021-06-05T17:52:34.804000+00:00,1.0,P
2473,3237,2021-06-05T17:52:36.603999+00:00,1.0,S
2474,3057,2021-06-05T17:52:34.804000+00:00,1.0,P
2474,3238,2021-06-05T17:52:36.614000+00:00,1.0,S
2475,3058,2021-06-05T17:52:34.814000+00:00,1.0,P
2475,3239,2021-06-05T17:52:36.624000+00:00,1.0,S
2476,3058,2021-06-05T17:52:34.814000+00:00,1.0,P
2476,3240,2021-06-05T17:52:36.634000+00:00,1.0,S
2477,3058,2021-06-05T17:52:34.814000+00:00,1.0,P
2477,3241,2021-06-05T17:52:36.644000+00:00,1.0,S
2478,3058,2021-06-05T17:52:34.814000+00:00,1.0,P
2478,3241,2021-06-05T17:52:36.644000+00:00,1.0,S
2479,3058,2021-06-05T17:52:34.814000+00:00,1.0,P
2479,3242,2021-06-05T17:52:36.654000+00:00,1.0,S
2480,3058,2021-06-05T17:52:34.814000+00:00,1.0,P
2480,3243,2021-06-05T17:52:36.664000+00:00,1.0,S
2481,3058,2021-06-05T17:52:34.814000+00:00,1.0,P
2481,3243,2021-06-05T17:52:36.664000+00:00,1.0,S
2482,3058,2021-06-05T17:52:34.814000+00:00,1.0,P
2482,3243,2021-06-05T17:52:36.664000+00:00,1.0,S
2483,3058,2021-06-05T17:52:34.814000+00:00,1.0,P
2483,3244,2021-06-05T17:52:36.673999+00:00,1.0,S
2484,3059,2021-06-05T17:52:34.824000+00:00,1.0,P
2484,3244,2021-06-05T17:52:36.673999+00:00,1.0,S
2485,3059,2021-06-05T17:52:34.824000+00:00,1.0,P
2485,3244,2021-06-05T17:52:36.673999+00:00,1.0,S
2486,3059,2021-06-05T17:52:34.824000+00:00,1.0,P
2486,3244,2021-06-05T17:52:36.673999+00:00,1.0,S
2487,3059,2021-06-05T17:52:34.824000+00:00,1.0,P
2487,3244,2021-06-05T17:52:36.673999+00:00,1.0,S
2488,3059,2021-06-05T17:52:34.824000+00:00,1.0,P
2488,3244,2021-06-05T17:52:36.673999+00:00,1.0,S
2489,3059,2021-06-05T17:52:34.824000+00:00,1.0,P
2489,3244,2021-06-05T17:52:36.673999+00:00,1.0,S
2490,3059,2021-06-05T17:52:34.824000+00:00,1.0,P
2490,3244,2021-06-05T17:52:36.673999+00:00,1.0,S
2491,3059,2021-06-05T17:52:34.824000+00:00,1.0,P
2491,3244,2021-06-05T17:52:36.673999+00:00,1.0,S
2492,3059,2021-06-05T17:52:34.824000+00:00,1.0,P
2492,3245,2021-06-05T17:52:36.684000+00:00,1.0,S
2493,3059,2021-06-05T17:52:34.824000+00:00,1.0,P
2493,3245,2021-06-05T17:52:36.684000+00:00,1.0,S
2494,3060,2021-06-05T17:52:34.834000+00:00,1.0,P
2494,3245,2021-06-05T17:52:36.684000+00:00,1.0,S
2495,3060,2021-06-05T17:52:34.834000+00:00,1.0,P
2495,3245,2021-06-05T17:52:36.684000+00:00,1.0,S
2496,3060,2021-06-05T17:52:34.834000+00:00,1.0,P
2496,3245,2021-06-05T17:52:36.684000+00:00,1.0,S
2497,3060,2021-06-05T17:52:34.834000+00:00,1.0,P
2497,3245,2021-06-05T17:52:36.684000+00:00,1.0,S
2498,3060,2021-06-05T17:52:34.834000+00:00,1.0,P
2498,3245,2021-06-05T17:52:36.684000+00:00,1.0,S
2499,3060,2021-06-05T17:52:34.834000+00:00,1.0,P
2499,3245,2021-06-05T17:52:36.684000+00:00,1.0,S
2500,3060,2021-06-05T17:52:34.834000+00:00,1.0,P
2500,3245,2021-06-05T17:52:36.684000+00:00,1.0,S
2501,3060,2021-06-05T17:52:34.834000+00:00,1.0,P
2501,3245,2021-06-05T17:52:36.684000+00:00,1.0,S
2502,3060,2021-06-05T17:52:34.834000+00:00,1.0,P
2502,3246,2021-06-05T17:52:36.694000+00:00,1.0,S
2503,3060,2021-06-05T17:52:34.834000+00:00,1.0,P
2503,3246,2021-06-05T17:52:36.694000+00:00,1.0,S
2504,3060,2021-06-05T17:52:34.834000+00:00,1.0,P
2504,3246,2021-06-05T17:52:36.694000+00:00,1.0,S
2505,3061,2021-06-05T17:52:34.844000+00:00,1.0,P
2505,3246,2021-06-05T17:52:36.694000+00:00,1.0,S
2506,3061,2021-06-05T17:52:34.844000+00:00,1.0,P
2506,3246,2021-06-05T17:52:36.694000+00:00,1.0,S
2507,3061,2021-06-05T17:52:34.844000+00:00,1.0,P
2507,3246,2021-06-05T17:52:36.694000+00:00,1.0,S
2508,3061,2021-06-05T17:52:34.844000+00:00,1.0,P
2508,3246,2021-06-05T17:52:36.694000+00:00,1.0,S
2509,3061,2021-06-05T17:52:34.844000+00:00,1.0,P
2509,3246,2021-06-05T17:52:36.694000+00:00,1.0,S
2510,3061,2021-06-05T17:52:34.844000+00:00,1.0,P
2510,3246,2021-06-05T17:52:36.694000+00:00,1.0,S
2511,3061,2021-06-05T17:52:34.844000+00:00,1.0,P
2511,3247,2021-06-05T17:52:36.704000+00:00,1.0,S
2512,3061,2021-06-05T17:52:34.844000+00:00,1.0,P
2512,3247,2021-06-05T17:52:36.704000+00:00,1.0,S
2513,3061,2021-06-05T17:52:34.844000+00:00,1.0,P
2513,3247,2021-06-05T17:52:36.704000+00:00,1.0,S
2514,3061,2021-06-05T17:52:34.844000+00:00,1.0,P
2514,3247,2021-06-05T17:52:36.704000+00:00,1.0,S
2515,3061,2021-06-05T17:52:34.844000+00:00,1.0,P
2515,3247,2021-06-05T17:52:36.704000+00:00,1.0,S
2516,3061,2021-06-05T17:52:34.844000+00:00,1.0,P
2516,3247,2021-06-05T17:52:36.704000+00:00,1.0,S
2517,3062,2021-06-05T17:52:34.854000+00:00,1.0,P
2517,3247,2021-06-05T17:52:36.704000+00:00,1.0,S
2518,3062,2021-06-05T17:52:34.854000+00:00,1.0,P
2518,3247,2021-06-05T17:52:36.704000+00:00,1.0,S
2519,3062,2021-06-05T17:52:34.854000+00:00,1.0,P
2519,3247,2021-06-05T17:52:36.704000+00:00,1.0,S
2520,3062,2021-06-05T17:52:34.854000+00:00,1.0,P
2520,3247,2021-06-05T17:52:36.704000+00:00,1.0,S
2521,3062,2021-06-05T17:52:34.854000+00:00,1.0,P
2521,3247,2021-06-05T17:52:36.704000+00:00,1.0,S
2522,3062,2021-06-05T17:52:34.854000+00:00,1.0,P
2522,3247,2021-06-05T17:52:36.704000+00:00,1.0,S
2523,3062,2021-06-05T17:52:34.854000+00:00,1.0,P
2523,3247,2021-06-05T17:52:36.704000+00:00,1.0,S
2524,3062,2021-06-05T17:52:34.854000+00:00,1.0,P
2524,3247,2021-06-05T17:52:36.704000+00:00,1.0,S
2525,3062,2021-06-05T17:52:34.854000+00:00,1.0,P
2525,3248,2021-06-05T17:52:36.714000+00:00,1.0,S
2526,3062,2021-06-05T17:52:34.854000+00:00,1.0,P
2526,3248,2021-06-05T17:52:36.714000+00:00,1.0,S
2527,3062,2021-06-05T17:52:34.854000+00:00,1.0,P
2527,3248,2021-06-05T17:52:36.714000+00:00,1.0,S
2528,3062,2021-06-05T17:52:34.854000+00:00,1.0,P
2528,3248,2021-06-05T17:52:36.714000+00:00,1.0,S
2529,3062,2021-06-05T17:52:34.854000+00:00,1.0,P
2529,3248,2021-06-05T17:52:36.714000+00:00,1.0,S
2530,3062,2021-06-05T17:52:34.854000+00:00,1.0,P
2530,3248,2021-06-05T17:52:36.714000+00:00,1.0,S
2531,3062,2021-06-05T17:52:34.854000+00:00,1.0,P
2531,3248,2021-06-05T17:52:36.714000+00:00,1.0,S
2532,3062,2021-06-05T17:52:34.854000+00:00,1.0,P
2532,3248,2021-06-05T17:52:36.714000+00:00,1.0,S
2533,3063,2021-06-05T17:52:34.864000+00:00,1.0,P
2533,3248,2021-06-05T17:52:36.714000+00:00,1.0,S
2534,3063,2021-06-05T17:52:34.864000+00:00,1.0,P
2534,3248,2021-06-05T17:52:36.714000+00:00,1.0,S
2535,3063,2021-06-05T17:52:34.864000+00:00,1.0,P
2535,3248,2021-06-05T17:52:36.714000+00:00,1.0,S
2536,3063,2021-06-05T17:52:34.864000+00:00,1.0,P
2536,3248,2021-06-05T17:52:36.714000+00:00,1.0,S
2537,3063,2021-06-05T17:52:34.864000+00:00,1.0,P
2537,3248,2021-06-05T17:52:36.714000+00:00,1.0,S
2538,3063,2021-06-05T17:52:34.864000+00:00,1.0,P
2538,3248,2021-06-05T17:52:36.714000+00:00,1.0,S
2539,3063,2021-06-05T17:52:34.864000+00:00,1.0,P
2539,3248,2021-06-05T17:52:36.714000+00:00,1.0,S
2540,3063,2021-06-05T17:52:34.864000+00:00,1.0,P
2540,3248,2021-06-05T17:52:36.714000+00:00,1.0,S
2541,3063,2021-06-05T17:52:34.864000+00:00,1.0,P
2541,3248,2021-06-05T17:52:36.714000+00:00,1.0,S
2542,3063,2021-06-05T17:52:34.864000+00:00,1.0,P
2542,3248,2021-06-05T17:52:36.714000+00:00,1.0,S
2543,3063,2021-06-05T17:52:34.864000+00:00,1.0,P
2543,3248,2021-06-05T17:52:36.714000+00:00,1.0,S
2544,3063,2021-06-05T17:52:34.864000+00:00,1.0,P
2544,3248,2021-06-05T17:52:36.714000+00:00,1.0,S
2545,3063,2021-06-05T17:52:34.864000+00:00,1.0,P
2545,3248,2021-06-05T17:52:36.714000+00:00,1.0,S
2546,3063,2021-06-05T17:52:34.864000+00:00,1.0,P
2546,3249,2021-06-05T17:52:36.724000+00:00,1.0,S
2547,3063,2021-06-05T17:52:34.864000+00:00,1.0,P
2547,3249,2021-06-05T17:52:36.724000+00:00,1.0,S
2548,3063,2021-06-05T17:52:34.864000+00:00,1.0,P
2548,3249,2021-06-05T17:52:36.724000+00:00,1.0,S
2549,3063,2021-06-05T17:52:34.864000+00:00,1.0,P
2549,3249,2021-06-05T17:52:36.724000+00:00,1.0,S
2550,3064,2021-06-05T17:52:34.874000+00:00,1.0,P
2550,3249,2021-06-05T17:52:36.724000+00:00,1.0,S
2551,3064,2021-06-05T17:52:34.874000+00:00,1.0,P
2551,3249,2021-06-05T17:52:36.724000+00:00,1.0,S
2552,3064,2021-06-05T17:52:34.874000+00:00,1.0,P
2552,3249,2021-06-05T17:52:36.724000+00:00,1.0,S
2553,3064,2021-06-05T17:52:34.874000+00:00,1.0,P
2553,3249,2021-06-05T17:52:36.724000+00:00,1.0,S
2554,3064,2021-06-05T17:52:34.874000+00:00,1.0,P
2554,3249,2021-06-05T17:52:36.724000+00:00,1.0,S
2555,3064,2021-06-05T17:52:34.874000+00:00,1.0,P
2555,3249,2021-06-05T17:52:36.724000+00:00,1.0,S
2556,3064,2021-06-05T17:52:34.874000+00:00,1.0,P
2556,3249,2021-06-05T17:52:36.724000+00:00,1.0,S
2557,3064,2021-06-05T17:52:34.874000+00:00,1.0,P
2557,3249,2021-06-05T17:52:36.724000+00:00,1.0,S
2558,3064,2021-06-05T17:52:34.874000+00:00,1.0,P
2558,3249,2021-06-05T17:52:36.724000+00:00,1.0,S
2559,3064,2021-06-05T17:52:34.874000+00:00,1.0,P
2559,3249,2021-06-05T17:52:36.724000+00:00,1.0,S
2560,3064,2021-06-05T17:52:34.874000+00:00,1.0,P
2560,3249,2021-06-05T17:52:36.724000+00:00,1.0,S
2561,3065,2021-06-05T17:52:34.884000+00:00,1.0,P
2561,3249,2021-06-05T17:52:36.724000+00:00,1.0,S
2562,3065,2021-06-05T17:52:34.884000+00:00,1.0,P
2562,3249,2021-06-05T17:52:36.724000+00:00,1.0,S
2563,3065,2021-06-05T17:52:34.884000+00:00,1.0,P
2563,3250,2021-06-05T17:52:36.734000+00:00,1.0,S
2564,3065,2021-06-05T17:52:34.884000+00:00,1.0,P
2564,3250,2021-06-05T17:52:36.734000+00:00,1.0,S
2565,3065,2021-06-05T17:52:34.884000+00:00,1.0,P
2565,3250,2021-06-05T17:52:36.734000+00:00,1.0,S
2566,3065,2021-06-05T17:52:34.884000+00:00,1.0,P
2566,3250,2021-06-05T17:52:36.734000+00:00,1.0,S
2567,3065,2021-06-05T17:52:34.884000+00:00,1.0,P
2567,3250,2021-06-05T17:52:36.734000+00:00,1.0,S
2568,3065,2021-06-05T17:52:34.884000+00:00,1.0,P
2568,3250,2021-06-05T17:52:36.734000+00:00,1.0,S
2569,3065,2021-06-05T17:52:34.884000+00:00,1.0,P
2569,3250,2021-06-05T17:52:36.734000+00:00,1.0,S
2570,3065,2021-06-05T17:52:34.884000+00:00,1.0,P
2570,3250,2021-06-05T17:52:36.734000+00:00,1.0,S
2571,3066,2021-06-05T17:52:34.894000+00:00,1.0,P
2571,3250,2021-06-05T17:52:36.734000+00:00,1.0,S
2572,3066,2021-06-05T17:52:34.894000+00:00,1.0,P
2572,3250,2021-06-05T17:52:36.734000+00:00,1.0,S
2573,3066,2021-06-05T17:52:34.894000+00:00,1.0,P
2573,3250,2021-06-05T17:52:36.734000+00:00,1.0,S
2574,3066,2021-06-05T17:52:34.894000+00:00,1.0,P
2574,3250,2021-06-05T17:52:36.734000+00:00,1.0,S
2575,3066,2021-06-05T17:52:34.894000+00:00,1.0,P
2575,3250,2021-06-05T17:52:36.734000+00:00,1.0,S
2576,3066,2021-06-05T17:52:34.894000+00:00,1.0,P
2576,3250,2021-06-05T17:52:36.734000+00:00,1.0,S
2577,3066,2021-06-05T17:52:34.894000+00:00,1.0,P
2577,3250,2021-06-05T17:52:36.734000+00:00,1.0,S
2578,3066,2021-06-05T17:52:34.894000+00:00,1.0,P
2578,3250,2021-06-05T17:52:36.734000+00:00,1.0,S
2579,3066,2021-06-05T17:52:34.894000+00:00,1.0,P
2579,3250,2021-06-05T17:52:36.734000+00:00,1.0,S
2580,3067,2021-06-05T17:52:34.904000+00:00,1.0,P
2580,3251,2021-06-05T17:52:36.743999+00:00,1.0,S
2581,3067,2021-06-05T17:52:34.904000+00:00,1.0,P
2581,3251,2021-06-05T17:52:36.743999+00:00,1.0,S
2582,3067,2021-06-05T17:52:34.904000+00:00,1.0,P
2582,3251,2021-06-05T17:52:36.743999+00:00,1.0,S
2583,3067,2021-06-05T17:52:34.904000+00:00,1.0,P
2583,3251,2021-06-05T17:52:36.743999+00:00,1.0,S
2584,3067,2021-06-05T17:52:34.904000+00:00,1.0,P
2584,3251,2021-06-05T17:52:36.743999+00:00,1.0,S
2585,3067,2021-06-05T17:52:34.904000+00:00,1.0,P
2585,3251,2021-06-05T17:52:36.743999+00:00,1.0,S
2586,3067,2021-06-05T17:52:34.904000+00:00,1.0,P
2586,3251,2021-06-05T17:52:36.743999+00:00,1.0,S
2587,3067,2021-06-05T17:52:34.904000+00:00,1.0,P
2587,3251,2021-06-05T17:52:36.743999+00:00,1.0,S
2588,3068,2021-06-05T17:52:34.914000+00:00,1.0,P
2588,3251,2021-06-05T17:52:36.743999+00:00,1.0,S
2589,3068,2021-06-05T17:52:34.914000+00:00,1.0,P
2589,3251,2021-06-05T17:52:36.743999+00:00,1.0,S
2590,3068,2021-06-05T17:52:34.914000+00:00,1.0,P
2590,3251,2021-06-05T17:52:36.743999+00:00,1.0,S
2591,3068,2021-06-05T17:52:34.914000+00:00,1.0,P
2591,3251,2021-06-05T17:52:36.743999+00:00,1.0,S
2592,3068,2021-06-05T17:52:34.914000+00:00,1.0,P
2592,3251,2021-06-05T17:52:36.743999+00:00,1.0,S
2593,3068,2021-06-05T17:52:34.914000+00:00,1.0,P
2593,3251,2021-06-05T17:52:36.743999+00:00,1.0,S
2594,3068,2021-06-05T17:52:34.914000+00:00,1.0,P
2594,3251,2021-06-05T17:52:36.743999+00:00,1.0,S
2595,3068,2021-06-05T17:52:34.914000+00:00,1.0,P
2595,3251,2021-06-05T17:52:36.743999+00:00,1.0,S
2596,3068,2021-06-05T17:52:34.914000+00:00,1.0,P
2596,3251,2021-06-05T17:52:36.743999+00:00,1.0,S
2597,3068,2021-06-05T17:52:34.914000+00:00,1.0,P
2597,3252,2021-06-05T17:52:36.754000+00:00,1.0,S
2598,3069,2021-06-05T17:52:34.924000+00:00,1.0,P
2598,3252,2021-06-05T17:52:36.754000+00:00,1.0,S
2599,3069,2021-06-05T17:52:34.924000+00:00,1.0,P
2599,3252,2021-06-05T17:52:36.754000+00:00,1.0,S
2600,3069,2021-06-05T17:52:34.924000+00:00,1.0,P
2600,3252,2021-06-05T17:52:36.754000+00:00,1.0,S
2601,3069,2021-06-05T17:52:34.924000+00:00,1.0,P
2601,3252,2021-06-05T17:52:36.754000+00:00,1.0,S
2602,3069,2021-06-05T17:52:34.924000+00:00,1.0,P
2602,3252,2021-06-05T17:52:36.754000+00:00,1.0,S
2603,3069,2021-06-05T17:52:34.924000+00:00,1.0,P
2603,3252,2021-06-05T17:52:36.754000+00:00,1.0,S
2604,3069,2021-06-05T17:52:34.924000+00:00,1.0,P
2604,3252,2021-06-05T17:52:36.754000+00:00,1.0,S
2605,3069,2021-06-05T17:52:34.924000+00:00,1.0,P
2605,3252,2021-06-05T17:52:36.754000+00:00,1.0,S
2606,3069,2021-06-05T17:52:34.924000+00:00,1.0,P
2606,3252,2021-06-05T17:52:36.754000+00:00,1.0,S
2607,3069,2021-06-05T17:52:34.924000+00:00,1.0,P
2607,3252,2021-06-05T17:52:36.754000+00:00,1.0,S
2608,3070,2021-06-05T17:52:34.934000+00:00,1.0,P
2608,3252,2021-06-05T17:52:36.754000+00:00,1.0,S
2609,3070,2021-06-05T17:52:34.934000+00:00,1.0,P
2609,3252,2021-06-05T17:52:36.754000+00:00,1.0,S
2610,3070,2021-06-05T17:52:34.934000+00:00,1.0,P
2610,3252,2021-06-05T17:52:36.754000+00:00,1.0,S
2611,3070,2021-06-05T17:52:34.934000+00:00,1.0,P
2611,3252,2021-06-05T17:52:36.754000+00:00,1.0,S
2612,3070,2021-06-05T17:52:34.934000+00:00,1.0,P
2612,3252,2021-06-05T17:52:36.754000+00:00,1.0,S
2613,3070,2021-06-05T17:52:34.934000+00:00,1.0,P
2613,3253,2021-06-05T17:52:36.764000+00:00,1.0,S
2614,3070,2021-06-05T17:52:34.934000+00:00,1.0,P
2614,3253,2021-06-05T17:52:36.764000+00:00,1.0,S
2615,3070,2021-06-05T17:52:34.934000+00:00,1.0,P
2615,3253,2021-06-05T17:52:36.764000+00:00,1.0,S
2616,3070,2021-06-05T17:52:34.934000+00:00,1.0,P
2616,3253,2021-06-05T17:52:36.764000+00:00,1.0,S
2617,3070,2021-06-05T17:52:34.934000+00:00,1.0,P
2617,3253,2021-06-05T17:52:36.764000+00:00,1.0,S
2618,3070,2021-06-05T17:52:34.934000+00:00,1.0,P
2618,3253,2021-06-05T17:52:36.764000+00:00,1.0,S
2619,3071,2021-06-05T17:52:34.944000+00:00,1.0,P
2619,3253,2021-06-05T17:52:36.764000+00:00,1.0,S
2620,3071,2021-06-05T17:52:34.944000+00:00,1.0,P
2620,3253,2021-06-05T17:52:36.764000+00:00,1.0,S
2621,3071,2021-06-05T17:52:34.944000+00:00,1.0,P
2621,3253,2021-06-05T17:52:36.764000+00:00,1.0,S
2622,3071,2021-06-05T17:52:34.944000+00:00,1.0,P
2622,3253,2021-06-05T17:52:36.764000+00:00,1.0,S
2623,3071,2021-06-05T17:52:34.944000+00:00,1.0,P
2623,3253,2021-06-05T17:52:36.764000+00:00,1.0,S
2624,3071,2021-06-05T17:52:34.944000+00:00,1.0,P
2624,3253,2021-06-05T17:52:36.764000+00:00,1.0,S
2625,3071,2021-06-05T17:52:34.944000+00:00,1.0,P
2625,3253,2021-06-05T17:52:36.764000+00:00,1.0,S
2626,3071,2021-06-05T17:52:34.944000+00:00,1.0,P
2626,3253,2021-06-05T17:52:36.764000+00:00,1.0,S
2627,3071,2021-06-05T17:52:34.944000+00:00,1.0,P
2627,3253,2021-06-05T17:52:36.764000+00:00,1.0,S
2628,3071,2021-06-05T17:52:34.944000+00:00,1.0,P
2628,3253,2021-06-05T17:52:36.764000+00:00,1.0,S
2629,3071,2021-06-05T17:52:34.944000+00:00,1.0,P
2629,3254,2021-06-05T17:52:36.774000+00:00,1.0,S
2630,3071,2021-06-05T17:52:34.944000+00:00,1.0,P
2630,3254,2021-06-05T17:52:36.774000+00:00,1.0,S
2631,3071,2021-06-05T17:52:34.944000+00:00,1.0,P
2631,3254,2021-06-05T17:52:36.774000+00:00,1.0,S
2632,3071,2021-06-05T17:52:34.944000+00:00,1.0,P
2632,3254,2021-06-05T17:52:36.774000+00:00,1.0,S
2633,3071,2021-06-05T17:52:34.944000+00:00,1.0,P
2633,3254,2021-06-05T17:52:36.774000+00:00,1.0,S
2634,3072,2021-06-05T17:52:34.954000+00:00,1.0,P
2634,3254,2021-06-05T17:52:36.774000+00:00,1.0,S
2635,3072,2021-06-05T17:52:34.954000+00:00,1.0,P
2635,3254,2021-06-05T17:52:36.774000+00:00,1.0,S
2636,3072,2021-06-05T17:52:34.954000+00:00,1.0,P
2636,3254,2021-06-05T17:52:36.774000+00:00,1.0,S
2637,3072,2021-06-05T17:52:34.954000+00:00,1.0,P
2637,3254,2021-06-05T17:52:36.774000+00:00,1.0,S
2638,3072,2021-06-05T17:52:34.954000+00:00,1.0,P
2638,3254,2021-06-05T17:52:36.774000+00:00,1.0,S
2639,3072,2021-06-05T17:52:34.954000+00:00,1.0,P
2639,3254,2021-06-05T17:52:36.774000+00:00,1.0,S
2640,3072,2021-06-05T17:52:34.954000+00:00,1.0,P
2640,3254,2021-06-05T17:52:36.774000+00:00,1.0,S
2641,3072,2021-06-05T17:52:34.954000+00:00,1.0,P
2641,3254,2021-06-05T17:52:36.774000+00:00,1.0,S
2642,3072,2021-06-05T17:52:34.954000+00:00,1.0,P
2642,3254,2021-06-05T17:52:36.774000+00:00,1.0,S
2643,3072,2021-06-05T17:52:34.954000+00:00,1.0,P
2643,3254,2021-06-05T17:52:36.774000+00:00,1.0,S
2644,3072,2021-06-05T17:52:34.954000+00:00,1.0,P
2644,3254,2021-06-05T17:52:36.774000+00:00,1.0,S
2645,3072,2021-06-05T17:52:34.954000+00:00,1.0,P
2645,3255,2021-06-05T17:52:36.783999+00:00,1.0,S
2646,3072,2021-06-05T17:52:34.954000+00:00,1.0,P
2646,3255,2021-06-05T17:52:36.783999+00:00,1.0,S
2647,3072,2021-06-05T17:52:34.954000+00:00,1.0,P
2647,3255,2021-06-05T17:52:36.783999+00:00,1.0,S
2648,3072,2021-06-05T17:52:34.954000+00:00,1.0,P
2648,3255,2021-06-05T17:52:36.783999+00:00,1.0,S
2649,3072,2021-06-05T17:52:34.954000+00:00,1.0,P
2649,3255,2021-06-05T17:52:36.783999+00:00,1.0,S
2650,3073,2021-06-05T17:52:34.964000+00:00,1.0,P
2650,3255,2021-06-05T17:52:36.783999+00:00,1.0,S
2651,3073,2021-06-05T17:52:34.964000+00:00,1.0,P
2651,3255,2021-06-05T17:52:36.783999+00:00,1.0,S
2652,3073,2021-06-05T17:52:34.964000+00:00,1.0,P
2652,3255,2021-06-05T17:52:36.783999+00:00,1.0,S
2653,3073,2021-06-05T17:52:34.964000+00:00,1.0,P
2653,3255,2021-06-05T17:52:36.783999+00:00,1.0,S
2654,3073,2021-06-05T17:52:34.964000+00:00,1.0,P
2654,3255,2021-06-05T17:52:36.783999+00:00,1.0,S
2655,3073,2021-06-05T17:52:34.964000+00:00,1.0,P
2655,3255,2021-06-05T17:52:36.783999+00:00,1.0,S
2656,3073,2021-06-05T17:52:34.964000+00:00,1.0,P
2656,3254,2021-06-05T17:52:36.774000+00:00,1.0,S
2657,3073,2021-06-05T17:52:34.964000+00:00,1.0,P
2657,3254,2021-06-05T17:52:36.774000+00:00,1.0,S
2658,3073,2021-06-05T17:52:34.964000+00:00,1.0,P
2658,3254,2021-06-05T17:52:36.774000+00:00,1.0,S
2659,3073,2021-06-05T17:52:34.964000+00:00,1.0,P
2659,3254,2021-06-05T17:52:36.774000+00:00,1.0,S
2660,3073,2021-06-05T17:52:34.964000+00:00,1.0,P
2660,3254,2021-06-05T17:52:36.774000+00:00,1.0,S
2661,3073,2021-06-05T17:52:34.964000+00:00,1.0,P
2661,3254,2021-06-05T17:52:36.774000+00:00,1.0,S
2662,3073,2021-06-05T17:52:34.964000+00:00,1.0,P
2662,3254,2021-06-05T17:52:36.774000+00:00,1.0,S
2663,3073,2021-06-05T17:52:34.964000+00:00,1.0,P
2663,3254,2021-06-05T17:52:36.774000+00:00,1.0,S
2664,3073,2021-06-05T17:52:34.964000+00:00,1.0,P
2664,3254,2021-06-05T17:52:36.774000+00:00,1.0,S
2665,3074,2021-06-05T17:52:34.974000+00:00,1.0,P
2665,3254,2021-06-05T17:52:36.774000+00:00,1.0,S
2666,3074,2021-06-05T17:52:34.974000+00:00,1.0,P
2666,3254,2021-06-05T17:52:36.774000+00:00,1.0,S
2667,3074,2021-06-05T17:52:34.974000+00:00,1.0,P
2667,3254,2021-06-05T17:52:36.774000+00:00,1.0,S
2668,3074,2021-06-05T17:52:34.974000+00:00,1.0,P
2668,3254,2021-06-05T17:52:36.774000+00:00,1.0,S
2669,3074,2021-06-05T17:52:34.974000+00:00,1.0,P
2669,3254,2021-06-05T17:52:36.774000+00:00,1.0,S
2670,3074,2021-06-05T17:52:34.974000+00:00,1.0,P
2670,3255,2021-06-05T17:52:36.783999+00:00,1.0,S
2671,3074,2021-06-05T17:52:34.974000+00:00,1.0,P
2671,3255,2021-06-05T17:52:36.783999+00:00,1.0,S
2672,3074,2021-06-05T17:52:34.974000+00:00,1.0,P
2672,3255,2021-06-05T17:52:36.783999+00:00,1.0,S
2673,3074,2021-06-05T17:52:34.974000+00:00,1.0,P
2673,3255,2021-06-05T17:52:36.783999+00:00,1.0,S
2674,3074,2021-06-05T17:52:34.974000+00:00,1.0,P
2674,3255,2021-06-05T17:52:36.783999+00:00,1.0,S
2675,3074,2021-06-05T17:52:34.974000+00:00,1.0,P
2675,3255,2021-06-05T17:52:36.783999+00:00,1.0,S
2676,3074,2021-06-05T17:52:34.974000+00:00,1.0,P
2676,3255,2021-06-05T17:52:36.783999+00:00,1.0,S
2677,3074,2021-06-05T17:52:34.974000+00:00,1.0,P
2677,3255,2021-06-05T17:52:36.783999+00:00,1.0,S
2678,3075,2021-06-05T17:52:34.984000+00:00,1.0,P
2678,3255,2021-06-05T17:52:36.783999+00:00,1.0,S
2679,3075,2021-06-05T17:52:34.984000+00:00,1.0,P
2679,3255,2021-06-05T17:52:36.783999+00:00,1.0,S
2680,3075,2021-06-05T17:52:34.984000+00:00,1.0,P
2680,3256,2021-06-05T17:52:36.794000+00:00,1.0,S
2681,3075,2021-06-05T17:52:34.984000+00:00,1.0,P
2681,3256,2021-06-05T17:52:36.794000+00:00,1.0,S
2682,3075,2021-06-05T17:52:34.984000+00:00,1.0,P
2682,3256,2021-06-05T17:52:36.794000+00:00,1.0,S
2683,3075,2021-06-05T17:52:34.984000+00:00,1.0,P
2683,3256,2021-06-05T17:52:36.794000+00:00,1.0,S
2684,3075,2021-06-05T17:52:34.984000+00:00,1.0,P
2684,3257,2021-06-05T17:52:36.804000+00:00,1.0,S
2685,3075,2021-06-05T17:52:34.984000+00:00,1.0,P
2685,3257,2021-06-05T17:52:36.804000+00:00,1.0,S
2686,3075,2021-06-05T17:52:34.984000+00:00,1.0,P
2686,3257,2021-06-05T17:52:36.804000+00:00,1.0,S
2687,3075,2021-06-05T17:52:34.984000+00:00,1.0,P
2687,3257,2021-06-05T17:52:36.804000+00:00,1.0,S
2688,3075,2021-06-05T17:52:34.984000+00:00,1.0,P
2688,3258,2021-06-05T17:52:36.814000+00:00,1.0,S
2689,3076,2021-06-05T17:52:34.994000+00:00,1.0,P
2689,3258,2021-06-05T17:52:36.814000+00:00,1.0,S
2690,3076,2021-06-05T17:52:34.994000+00:00,1.0,P
2690,3258,2021-06-05T17:52:36.814000+00:00,1.0,S
2691,3076,2021-06-05T17:52:34.994000+00:00,1.0,P
2691,3258,2021-06-05T17:52:36.814000+00:00,1.0,S
2692,3076,2021-06-05T17:52:34.994000+00:00,1.0,P
2692,3258,2021-06-05T17:52:36.814000+00:00,1.0,S
2693,3076,2021-06-05T17:52:34.994000+00:00,1.0,P
2693,3258,2021-06-05T17:52:36.814000+00:00,1.0,S
2694,3076,2021-06-05T17:52:34.994000+00:00,1.0,P
2694,3258,2021-06-05T17:52:36.814000+00:00,1.0,S
2695,3076,2021-06-05T17:52:34.994000+00:00,1.0,P
2695,3258,2021-06-05T17:52:36.814000+00:00,1.0,S
2696,3076,2021-06-05T17:52:34.994000+00:00,1.0,P
2696,3258,2021-06-05T17:52:36.814000+00:00,1.0,S
2697,3076,2021-06-05T17:52:34.994000+00:00,1.0,P
2697,3258,2021-06-05T17:52:36.814000+00:00,1.0,S
2698,3077,2021-06-05T17:52:35.004000+00:00,1.0,P
2698,3259,2021-06-05T17:52:36.824000+00:00,1.0,S
2699,3077,2021-06-05T17:52:35.004000+00:00,1.0,P
2699,3259,2021-06-05T17:52:36.824000+00:00,1.0,S
2700,3077,2021-06-05T17:52:35.004000+00:00,1.0,P
2700,3259,2021-06-05T17:52:36.824000+00:00,1.0,S
2701,3077,2021-06-05T17:52:35.004000+00:00,1.0,P
2701,3259,2021-06-05T17:52:36.824000+00:00,1.0,S
2702,3077,2021-06-05T17:52:35.004000+00:00,1.0,P
2702,3259,2021-06-05T17:52:36.824000+00:00,1.0,S
2703,3077,2021-06-05T17:52:35.004000+00:00,1.0,P
2703,3259,2021-06-05T17:52:36.824000+00:00,1.0,S
2704,3077,2021-06-05T17:52:35.004000+00:00,1.0,P
2704,3259,2021-06-05T17:52:36.824000+00:00,1.0,S
2705,3077,2021-06-05T17:52:35.004000+00:00,1.0,P
2705,3259,2021-06-05T17:52:36.824000+00:00,1.0,S
2706,3077,2021-06-05T17:52:35.004000+00:00,1.0,P
2706,3259,2021-06-05T17:52:36.824000+00:00,1.0,S
2707,3078,2021-06-05T17:52:35.014000+00:00,1.0,P
2707,3259,2021-06-05T17:52:36.824000+00:00,1.0,S
2708,3078,2021-06-05T17:52:35.014000+00:00,1.0,P
2708,3259,2021-06-05T17:52:36.824000+00:00,1.0,S
2709,3078,2021-06-05T17:52:35.014000+00:00,1.0,P
2709,3259,2021-06-05T17:52:36.824000+00:00,1.0,S
2710,3078,2021-06-05T17:52:35.014000+00:00,1.0,P
2710,3260,2021-06-05T17:52:36.834000+00:00,1.0,S
2711,3078,2021-06-05T17:52:35.014000+00:00,1.0,P
2711,3260,2021-06-05T17:52:36.834000+00:00,1.0,S
2712,3078,2021-06-05T17:52:35.014000+00:00,1.0,P
2712,3260,2021-06-05T17:52:36.834000+00:00,1.0,S
2713,3078,2021-06-05T17:52:35.014000+00:00,1.0,P
2713,3260,2021-06-05T17:52:36.834000+00:00,1.0,S
2714,3078,2021-06-05T17:52:35.014000+00:00,1.0,P
2714,3260,2021-06-05T17:52:36.834000+00:00,1.0,S
2715,3079,2021-06-05T17:52:35.024000+00:00,1.0,P
2715,3260,2021-06-05T17:52:36.834000+00:00,1.0,S
2716,3079,2021-06-05T17:52:35.024000+00:00,1.0,P
2716,3260,2021-06-05T17:52:36.834000+00:00,1.0,S
2717,3079,2021-06-05T17:52:35.024000+00:00,1.0,P
2717,3260,2021-06-05T17:52:36.834000+00:00,1.0,S
2718,3079,2021-06-05T17:52:35.024000+00:00,1.0,P
2718,3261,2021-06-05T17:52:36.844000+00:00,1.0,S
2719,3079,2021-06-05T17:52:35.024000+00:00,1.0,P
2719,3261,2021-06-05T17:52:36.844000+00:00,1.0,S
2720,3079,2021-06-05T17:52:35.024000+00:00,1.0,P
2720,3261,2021-06-05T17:52:36.844000+00:00,1.0,S
2721,3079,2021-06-05T17:52:35.024000+00:00,1.0,P
2721,3261,2021-06-05T17:52:36.844000+00:00,1.0,S
2722,3079,2021-06-05T17:52:35.024000+00:00,1.0,P
2722,3261,2021-06-05T17:52:36.844000+00:00,1.0,S
2723,3080,2021-06-05T17:52:35.034000+00:00,1.0,P
2723,3261,2021-06-05T17:52:36.844000+00:00,1.0,S
2724,3080,2021-06-05T17:52:35.034000+00:00,1.0,P
2724,3262,2021-06-05T17:52:36.853999+00:00,1.0,S
2725,3080,2021-06-05T17:52:35.034000+00:00,1.0,P
2725,3262,2021-06-05T17:52:36.853999+00:00,1.0,S
2726,3080,2021-06-05T17:52:35.034000+00:00,1.0,P
2726,3262,2021-06-05T17:52:36.853999+00:00,1.0,S
2727,3080,2021-06-05T17:52:35.034000+00:00,1.0,P
2727,3262,2021-06-05T17:52:36.853999+00:00,1.0,S
2728,3080,2021-06-05T17:52:35.034000+00:00,1.0,P
2728,3262,2021-06-05T17:52:36.853999+00:00,1.0,S
2729,3080,2021-06-05T17:52:35.034000+00:00,1.0,P
2729,3262,2021-06-05T17:52:36.853999+00:00,1.0,S
2730,3081,2021-06-05T17:52:35.044000+00:00,1.0,P
2730,3262,2021-06-05T17:52:36.853999+00:00,1.0,S
2731,3081,2021-06-05T17:52:35.044000+00:00,1.0,P
2731,3263,2021-06-05T17:52:36.864000+00:00,1.0,S
2732,3081,2021-06-05T17:52:35.044000+00:00,1.0,P
2732,3263,2021-06-05T17:52:36.864000+00:00,1.0,S
2733,3081,2021-06-05T17:52:35.044000+00:00,1.0,P
2733,3263,2021-06-05T17:52:36.864000+00:00,1.0,S
2734,3081,2021-06-05T17:52:35.044000+00:00,1.0,P
2734,3263,2021-06-05T17:52:36.864000+00:00,1.0,S
2735,3081,2021-06-05T17:52:35.044000+00:00,1.0,P
2735,3263,2021-06-05T17:52:36.864000+00:00,1.0,S
2736,3081,2021-06-05T17:52:35.044000+00:00,1.0,P
2736,3263,2021-06-05T17:52:36.864000+00:00,1.0,S
2737,3081,2021-06-05T17:52:35.044000+00:00,1.0,P
2737,3263,2021-06-05T17:52:36.864000+00:00,1.0,S
2738,3082,2021-06-05T17:52:35.054000+00:00,1.0,P
2738,3263,2021-06-05T17:52:36.864000+00:00,1.0,S
2739,3082,2021-06-05T17:52:35.054000+00:00,1.0,P
2739,3264,2021-06-05T17:52:36.874000+00:00,1.0,S
2740,3082,2021-06-05T17:52:35.054000+00:00,1.0,P
2740,3264,2021-06-05T17:52:36.874000+00:00,1.0,S
2741,3082,2021-06-05T17:52:35.054000+00:00,1.0,P
2741,3264,2021-06-05T17:52:36.874000+00:00,1.0,S
2742,3082,2021-06-05T17:52:35.054000+00:00,1.0,P
2742,3264,2021-06-05T17:52:36.874000+00:00,1.0,S
2743,3082,2021-06-05T17:52:35.054000+00:00,1.0,P
2743,3264,2021-06-05T17:52:36.874000+00:00,1.0,S
2744,3082,2021-06-05T17:52:35.054000+00:00,1.0,P
2744,3264,2021-06-05T17:52:36.874000+00:00,1.0,S
2745,3083,2021-06-05T17:52:35.064000+00:00,1.0,P
2745,3264,2021-06-05T17:52:36.874000+00:00,1.0,S
2746,3083,2021-06-05T17:52:35.064000+00:00,1.0,P
2746,3265,2021-06-05T17:52:36.884000+00:00,1.0,S
2747,3083,2021-06-05T17:52:35.064000+00:00,1.0,P
2747,3265,2021-06-05T17:52:36.884000+00:00,1.0,S
2748,3083,2021-06-05T17:52:35.064000+00:00,1.0,P
2748,3265,2021-06-05T17:52:36.884000+00:00,1.0,S
2749,3083,2021-06-05T17:52:35.064000+00:00,1.0,P
2749,3265,2021-06-05T17:52:36.884000+00:00,1.0,S
2750,3083,2021-06-05T17:52:35.064000+00:00,1.0,P
2750,3265,2021-06-05T17:52:36.884000+00:00,1.0,S
2751,3083,2021-06-05T17:52:35.064000+00:00,1.0,P
2751,3265,2021-06-05T17:52:36.884000+00:00,1.0,S
2752,3083,2021-06-05T17:52:35.064000+00:00,1.0,P
2752,3265,2021-06-05T17:52:36.884000+00:00,1.0,S
2753,3084,2021-06-05T17:52:35.074000+00:00,1.0,P
2753,3266,2021-06-05T17:52:36.894000+00:00,1.0,S
2754,3084,2021-06-05T17:52:35.074000+00:00,1.0,P
2754,3266,2021-06-05T17:52:36.894000+00:00,1.0,S
2755,3084,2021-06-05T17:52:35.074000+00:00,1.0,P
2755,3266,2021-06-05T17:52:36.894000+00:00,1.0,S
2756,3084,2021-06-05T17:52:35.074000+00:00,1.0,P
2756,3266,2021-06-05T17:52:36.894000+00:00,1.0,S
2757,3084,2021-06-05T17:52:35.074000+00:00,1.0,P
2757,3266,2021-06-05T17:52:36.894000+00:00,1.0,S
2758,3084,2021-06-05T17:52:35.074000+00:00,1.0,P
2758,3266,2021-06-05T17:52:36.894000+00:00,1.0,S
2759,3084,2021-06-05T17:52:35.074000+00:00,1.0,P
2759,3266,2021-06-05T17:52:36.894000+00:00,1.0,S
2760,3084,2021-06-05T17:52:35.074000+00:00,1.0,P
2760,3267,2021-06-05T17:52:36.904000+00:00,1.0,S
2761,3085,2021-06-05T17:52:35.084000+00:00,1.0,P
2761,3267,2021-06-05T17:52:36.904000+00:00,1.0,S
2762,3085,2021-06-05T17:52:35.084000+00:00,1.0,P
2762,3268,2021-06-05T17:52:36.914000+00:00,1.0,S
2763,3085,2021-06-05T17:52:35.084000+00:00,1.0,P
2763,3268,2021-06-05T17:52:36.914000+00:00,1.0,S
2764,3085,2021-06-05T17:52:35.084000+00:00,1.0,P
2764,3269,2021-06-05T17:52:36.923999+00:00,1.0,S
2765,3085,2021-06-05T17:52:35.084000+00:00,1.0,P
2765,3269,2021-06-05T17:52:36.923999+00:00,1.0,S
2766,3085,2021-06-05T17:52:35.084000+00:00,1.0,P
2766,3269,2021-06-05T17:52:36.923999+00:00,1.0,S
2767,3085,2021-06-05T17:52:35.084000+00:00,1.0,P
2767,3269,2021-06-05T17:52:36.923999+00:00,1.0,S
2768,3085,2021-06-05T17:52:35.084000+00:00,1.0,P
2768,3269,2021-06-05T17:52:36.923999+00:00,1.0,S
2769,3085,2021-06-05T17:52:35.084000+00:00,1.0,P
2769,3269,2021-06-05T17:52:36.923999+00:00,1.0,S
2770,3086,2021-06-05T17:52:35.094000+00:00,1.0,P
2770,3270,2021-06-05T17:52:36.934000+00:00,1.0,S
2771,3086,2021-06-05T17:52:35.094000+00:00,1.0,P
2771,3270,2021-06-05T17:52:36.934000+00:00,1.0,S
2772,3086,2021-06-05T17:52:35.094000+00:00,1.0,P
2772,3270,2021-06-05T17:52:36.934000+00:00,1.0,S
2773,3086,2021-06-05T17:52:35.094000+00:00,1.0,P
2773,3270,2021-06-05T17:52:36.934000+00:00,1.0,S
2774,3086,2021-06-05T17:52:35.094000+00:00,1.0,P
2774,3270,2021-06-05T17:52:36.934000+00:00,1.0,S
2775,3086,2021-06-05T17:52:35.094000+00:00,1.0,P
2775,3270,2021-06-05T17:52:36.934000+00:00,1.0,S
2776,3086,2021-06-05T17:52:35.094000+00:00,1.0,P
2776,3270,2021-06-05T17:52:36.934000+00:00,1.0,S
2777,3086,2021-06-05T17:52:35.094000+00:00,1.0,P
2777,3271,2021-06-05T17:52:36.944000+00:00,1.0,S
2778,3087,2021-06-05T17:52:35.104000+00:00,1.0,P
2778,3271,2021-06-05T17:52:36.944000+00:00,1.0,S
2779,3087,2021-06-05T17:52:35.104000+00:00,1.0,P
2779,3271,2021-06-05T17:52:36.944000+00:00,1.0,S
2780,3087,2021-06-05T17:52:35.104000+00:00,1.0,P
2780,3271,2021-06-05T17:52:36.944000+00:00,1.0,S
2781,3087,2021-06-05T17:52:35.104000+00:00,1.0,P
2781,3271,2021-06-05T17:52:36.944000+00:00,1.0,S
2782,3087,2021-06-05T17:52:35.104000+00:00,1.0,P
2782,3271,2021-06-05T17:52:36.944000+00:00,1.0,S
2783,3087,2021-06-05T17:52:35.104000+00:00,1.0,P
2783,3271,2021-06-05T17:52:36.944000+00:00,1.0,S
2784,3087,2021-06-05T17:52:35.104000+00:00,1.0,P
2784,3272,2021-06-05T17:52:36.954000+00:00,1.0,S
2785,3087,2021-06-05T17:52:35.104000+00:00,1.0,P
2785,3272,2021-06-05T17:52:36.954000+00:00,1.0,S
2786,3088,2021-06-05T17:52:35.114000+00:00,1.0,P
2786,3272,2021-06-05T17:52:36.954000+00:00,1.0,S
2787,3088,2021-06-05T17:52:35.114000+00:00,1.0,P
2787,3272,2021-06-05T17:52:36.954000+00:00,1.0,S
2788,3088,2021-06-05T17:52:35.114000+00:00,1.0,P
2788,3273,2021-06-05T17:52:36.964000+00:00,1.0,S
2789,3088,2021-06-05T17:52:35.114000+00:00,1.0,P
2789,3274,2021-06-05T17:52:36.974000+00:00,1.0,S
2790,3088,2021-06-05T17:52:35.114000+00:00,1.0,P
2790,3275,2021-06-05T17:52:36.984000+00:00,1.0,S
2791,3088,2021-06-05T17:52:35.114000+00:00,1.0,P
2791,3276,2021-06-05T17:52:36.993999+00:00,1.0,S
2792,3088,2021-06-05T17:52:35.114000+00:00,1.0,P
2792,3276,2021-06-05T17:52:36.993999+00:00,1.0,S
2793,3088,2021-06-05T17:52:35.114000+00:00,1.0,P
2793,3277,2021-06-05T17:52:37.004000+00:00,1.0,S
2794,3089,2021-06-05T17:52:35.124000+00:00,1.0,P
2794,3278,2021-06-05T17:52:37.014000+00:00,1.0,S
2795,3089,2021-06-05T17:52:35.124000+00:00,1.0,P
2795,3278,2021-06-05T17:52:37.014000+00:00,1.0,S
2796,3089,2021-06-05T17:52:35.124000+00:00,1.0,P
2796,3279,2021-06-05T17:52:37.024000+00:00,1.0,S
2797,3089,2021-06-05T17:52:35.124000+00:00,1.0,P
2797,3280,2021-06-05T17:52:37.033999+00:00,1.0,S
2798,3089,2021-06-05T17:52:35.124000+00:00,1.0,P
2798,3280,2021-06-05T17:52:37.033999+00:00,1.0,S
2799,3089,2021-06-05T17:52:35.124000+00:00,1.0,P
2799,3281,2021-06-05T17:52:37.044000+00:00,1.0,S
2800,3089,2021-06-05T17:52:35.124000+00:00,1.0,P
2800,3281,2021-06-05T17:52:37.044000+00:00,1.0,S
2801,3089,2021-06-05T17:52:35.124000+00:00,1.0,P
2801,3282,2021-06-05T17:52:37.054000+00:00,1.0,S
2802,3090,2021-06-05T17:52:35.134000+00:00,1.0,P
2802,3283,2021-06-05T17:52:37.064000+00:00,1.0,S
2803,3090,2021-06-05T17:52:35.134000+00:00,1.0,P
2803,3283,2021-06-05T17:52:37.064000+00:00,1.0,S
2804,3090,2021-06-05T17:52:35.134000+00:00,1.0,P
2804,3284,2021-06-05T17:52:37.074000+00:00,1.0,S
2805,3090,2021-06-05T17:52:35.134000+00:00,1.0,P
2805,3284,2021-06-05T17:52:37.074000+00:00,1.0,S
2806,3090,2021-06-05T17:52:35.134000+00:00,1.0,P
2806,3285,2021-06-05T17:52:37.084000+00:00,1.0,S
2807,3090,2021-06-05T17:52:35.134000+00:00,1.0,P
2807,3285,2021-06-05T17:52:37.084000+00:00,1.0,S
2808,3090,2021-06-05T17:52:35.134000+00:00,1.0,P
2808,3286,2021-06-05T17:52:37.094000+00:00,1.0,S
2809,3090,2021-06-05T17:52:35.134000+00:00,1.0,P
2809,3286,2021-06-05T17:52:37.094000+00:00,1.0,S
2810,3091,2021-06-05T17:52:35.144000+00:00,1.0,P
2810,3286,2021-06-05T17:52:37.094000+00:00,1.0,S
2811,3091,2021-06-05T17:52:35.144000+00:00,1.0,P
2811,3287,2021-06-05T17:52:37.103999+00:00,1.0,S
2812,3091,2021-06-05T17:52:35.144000+00:00,1.0,P
2812,3287,2021-06-05T17:52:37.103999+00:00,1.0,S
2813,3091,2021-06-05T17:52:35.144000+00:00,1.0,P
2813,3287,2021-06-05T17:52:37.103999+00:00,1.0,S
2814,3091,2021-06-05T17:52:35.144000+00:00,1.0,P
2814,3287,2021-06-05T17:52:37.103999+00:00,1.0,S
2815,3091,2021-06-05T17:52:35.144000+00:00,1.0,P
2815,3287,2021-06-05T17:52:37.103999+00:00,1.0,S
2816,3092,2021-06-05T17:52:35.154000+00:00,1.0,P
2816,3287,2021-06-05T17:52:37.103999+00:00,1.0,S
2817,3092,2021-06-05T17:52:35.154000+00:00,1.0,P
2817,3288,2021-06-05T17:52:37.114000+00:00,1.0,S
2818,3092,2021-06-05T17:52:35.154000+00:00,1.0,P
2818,3288,2021-06-05T17:52:37.114000+00:00,1.0,S
2819,3092,2021-06-05T17:52:35.154000+00:00,1.0,P
2819,3288,2021-06-05T17:52:37.114000+00:00,1.0,S
2820,3092,2021-06-05T17:52:35.154000+00:00,1.0,P
2820,3288,2021-06-05T17:52:37.114000+00:00,1.0,S
2821,3092,2021-06-05T17:52:35.154000+00:00,1.0,P
2821,3288,2021-06-05T17:52:37.114000+00:00,1.0,S
2822,3092,2021-06-05T17:52:35.154000+00:00,1.0,P
2822,3288,2021-06-05T17:52:37.114000+00:00,1.0,S
2823,3093,2021-06-05T17:52:35.164000+00:00,1.0,P
2823,3288,2021-06-05T17:52:37.114000+00:00,1.0,S
2824,3093,2021-06-05T17:52:35.164000+00:00,1.0,P
2824,3288,2021-06-05T17:52:37.114000+00:00,1.0,S
2825,3093,2021-06-05T17:52:35.164000+00:00,1.0,P
2825,3289,2021-06-05T17:52:37.124000+00:00,1.0,S
2826,3093,2021-06-05T17:52:35.164000+00:00,1.0,P
2826,3289,2021-06-05T17:52:37.124000+00:00,1.0,S
2827,3093,2021-06-05T17:52:35.164000+00:00,1.0,P
2827,3289,2021-06-05T17:52:37.124000+00:00,1.0,S
2828,3093,2021-06-05T17:52:35.164000+00:00,1.0,P
2828,3289,2021-06-05T17:52:37.124000+00:00,1.0,S
2829,3094,2021-06-05T17:52:35.174000+00:00,1.0,P
2829,3290,2021-06-05T17:52:37.134000+00:00,1.0,S
2830,3094,2021-06-05T17:52:35.174000+00:00,1.0,P
2830,3290,2021-06-05T17:52:37.134000+00:00,1.0,S
2831,3094,2021-06-05T17:52:35.174000+00:00,1.0,P
2831,3290,2021-06-05T17:52:37.134000+00:00,1.0,S
2832,3094,2021-06-05T17:52:35.174000+00:00,1.0,P
2832,3290,2021-06-05T17:52:37.134000+00:00,1.0,S
2833,3094,2021-06-05T17:52:35.174000+00:00,1.0,P
2833,3290,2021-06-05T17:52:37.134000+00:00,1.0,S
2834,3094,2021-06-05T17:52:35.174000+00:00,1.0,P
2834,3290,2021-06-05T17:52:37.134000+00:00,1.0,S
2835,3095,2021-06-05T17:52:35.184000+00:00,1.0,P
2835,3290,2021-06-05T17:52:37.134000+00:00,1.0,S
2836,3095,2021-06-05T17:52:35.184000+00:00,1.0,P
2836,3290,2021-06-05T17:52:37.134000+00:00,1.0,S
2837,3095,2021-06-05T17:52:35.184000+00:00,1.0,P
2837,3290,2021-06-05T17:52:37.134000+00:00,1.0,S
2838,3095,2021-06-05T17:52:35.184000+00:00,1.0,P
2838,3291,2021-06-05T17:52:37.144000+00:00,1.0,S
2839,3095,2021-06-05T17:52:35.184000+00:00,1.0,P
2839,3291,2021-06-05T17:52:37.144000+00:00,1.0,S
2840,3095,2021-06-05T17:52:35.184000+00:00,1.0,P
2840,3291,2021-06-05T17:52:37.144000+00:00,1.0,S
2841,3095,2021-06-05T17:52:35.184000+00:00,1.0,P
2841,3291,2021-06-05T17:52:37.144000+00:00,1.0,S
2842,3096,2021-06-05T17:52:35.194000+00:00,1.0,P
2842,3291,2021-06-05T17:52:37.144000+00:00,1.0,S
2843,3096,2021-06-05T17:52:35.194000+00:00,1.0,P
2843,3291,2021-06-05T17:52:37.144000+00:00,1.0,S
2844,3096,2021-06-05T17:52:35.194000+00:00,1.0,P
2844,3291,2021-06-05T17:52:37.144000+00:00,1.0,S
2845,3096,2021-06-05T17:52:35.194000+00:00,1.0,P
2845,3291,2021-06-05T17:52:37.144000+00:00,1.0,S
2846,3096,2021-06-05T17:52:35.194000+00:00,1.0,P
2846,3291,2021-06-05T17:52:37.144000+00:00,1.0,S
2847,3096,2021-06-05T17:52:35.194000+00:00,1.0,P
2847,3292,2021-06-05T17:52:37.154000+00:00,1.0,S
2848,3097,2021-06-05T17:52:35.204000+00:00,1.0,P
2848,3292,2021-06-05T17:52:37.154000+00:00,1.0,S
2849,3097,2021-06-05T17:52:35.204000+00:00,1.0,P
2849,3292,2021-06-05T17:52:37.154000+00:00,1.0,S
2850,3097,2021-06-05T17:52:35.204000+00:00,1.0,P
2850,3292,2021-06-05T17:52:37.154000+00:00,1.0,S
2851,3097,2021-06-05T17:52:35.204000+00:00,1.0,P
2851,3292,2021-06-05T17:52:37.154000+00:00,1.0,S
2852,3097,2021-06-05T17:52:35.204000+00:00,1.0,P
2852,3292,2021-06-05T17:52:37.154000+00:00,1.0,S
2853,3097,2021-06-05T17:52:35.204000+00:00,1.0,P
2853,3292,2021-06-05T17:52:37.154000+00:00,1.0,S
2854,3097,2021-06-05T17:52:35.204000+00:00,1.0,P
2854,3292,2021-06-05T17:52:37.154000+00:00,1.0,S
2855,3098,2021-06-05T17:52:35.214000+00:00,1.0,P
2855,3292,2021-06-05T17:52:37.154000+00:00,1.0,S
2856,3098,2021-06-05T17:52:35.214000+00:00,1.0,P
2856,3293,2021-06-05T17:52:37.164000+00:00,1.0,S
2857,3098,2021-06-05T17:52:35.214000+00:00,1.0,P
2857,3293,2021-06-05T17:52:37.164000+00:00,1.0,S
2858,3098,2021-06-05T17:52:35.214000+00:00,1.0,P
2858,3293,2021-06-05T17:52:37.164000+00:00,1.0,S
2859,3098,2021-06-05T17:52:35.214000+00:00,1.0,P
2859,3293,2021-06-05T17:52:37.164000+00:00,1.0,S
2860,3098,2021-06-05T17:52:35.214000+00:00,1.0,P
2860,3294,2021-06-05T17:52:37.173999+00:00,1.0,S
2861,3098,2021-06-05T17:52:35.214000+00:00,1.0,P
2861,3294,2021-06-05T17:52:37.173999+00:00,1.0,S
2862,3099,2021-06-05T17:52:35.224000+00:00,1.0,P
2862,3294,2021-06-05T17:52:37.173999+00:00,1.0,S
2863,3099,2021-06-05T17:52:35.224000+00:00,1.0,P
2863,3294,2021-06-05T17:52:37.173999+00:00,1.0,S
2864,3099,2021-06-05T17:52:35.224000+00:00,1.0,P
2864,3294,2021-06-05T17:52:37.173999+00:00,1.0,S
2865,3099,2021-06-05T17:52:35.224000+00:00,1.0,P
2865,3295,2021-06-05T17:52:37.184000+00:00,1.0,S
2866,3099,2021-06-05T17:52:35.224000+00:00,1.0,P
2866,3295,2021-06-05T17:52:37.184000+00:00,1.0,S
2867,3099,2021-06-05T17:52:35.224000+00:00,1.0,P
2867,3295,2021-06-05T17:52:37.184000+00:00,1.0,S
2868,3100,2021-06-05T17:52:35.234000+00:00,1.0,P
2868,3295,2021-06-05T17:52:37.184000+00:00,1.0,S
2869,3100,2021-06-05T17:52:35.234000+00:00,1.0,P
2869,3295,2021-06-05T17:52:37.184000+00:00,1.0,S
2870,3100,2021-06-05T17:52:35.234000+00:00,1.0,P
2870,3295,2021-06-05T17:52:37.184000+00:00,1.0,S
2871,3100,2021-06-05T17:52:35.234000+00:00,1.0,P
2871,3295,2021-06-05T17:52:37.184000+00:00,1.0,S
2872,3100,2021-06-05T17:52:35.234000+00:00,1.0,P
2872,3296,2021-06-05T17:52:37.194000+00:00,1.0,S
2873,3100,2021-06-05T17:52:35.234000+00:00,1.0,P
2873,3296,2021-06-05T17:52:37.194000+00:00,1.0,S
2874,3100,2021-06-05T17:52:35.234000+00:00,1.0,P
2874,3296,2021-06-05T17:52:37.194000+00:00,1.0,S
2875,3101,2021-06-05T17:52:35.244000+00:00,1.0,P
2875,3296,2021-06-05T17:52:37.194000+00:00,1.0,S
2876,3101,2021-06-05T17:52:35.244000+00:00,1.0,P
2876,3296,2021-06-05T17:52:37.194000+00:00,1.0,S
2877,3101,2021-06-05T17:52:35.244000+00:00,1.0,P
2877,3296,2021-06-05T17:52:37.194000+00:00,1.0,S
2878,3101,2021-06-05T17:52:35.244000+00:00,1.0,P
2878,3296,2021-06-05T17:52:37.194000+00:00,1.0,S
2879,3101,2021-06-05T17:52:35.244000+00:00,1.0,P
2879,3297,2021-06-05T17:52:37.204000+00:00,1.0,S
2880,3101,2021-06-05T17:52:35.244000+00:00,1.0,P
2880,3297,2021-06-05T17:52:37.204000+00:00,1.0,S
2881,3102,2021-06-05T17:52:35.254000+00:00,1.0,P
2881,3298,2021-06-05T17:52:37.214000+00:00,1.0,S
2882,3102,2021-06-05T17:52:35.254000+00:00,1.0,P
2882,3298,2021-06-05T17:52:37.214000+00:00,1.0,S
2883,3102,2021-06-05T17:52:35.254000+00:00,1.0,P
2883,3299,2021-06-05T17:52:37.224000+00:00,1.0,S
2884,3102,2021-06-05T17:52:35.254000+00:00,1.0,P
2884,3300,2021-06-05T17:52:37.234000+00:00,1.0,S
2885,3102,2021-06-05T17:52:35.254000+00:00,1.0,P
2885,3300,2021-06-05T17:52:37.234000+00:00,1.0,S
2886,3102,2021-06-05T17:52:35.254000+00:00,1.0,P
2886,3301,2021-06-05T17:52:37.243999+00:00,1.0,S
2887,3103,2021-06-05T17:52:35.264000+00:00,1.0,P
2887,3302,2021-06-05T17:52:37.254000+00:00,1.0,S
2888,3103,2021-06-05T17:52:35.264000+00:00,1.0,P
2888,3302,2021-06-05T17:52:37.254000+00:00,1.0,S
2889,3103,2021-06-05T17:52:35.264000+00:00,1.0,P
2889,3303,2021-06-05T17:52:37.264000+00:00,1.0,S
2890,3103,2021-06-05T17:52:35.264000+00:00,1.0,P
2890,3304,2021-06-05T17:52:37.274000+00:00,1.0,S
2891,3103,2021-06-05T17:52:35.264000+00:00,1.0,P
2891,3304,2021-06-05T17:52:37.274000+00:00,1.0,S
2892,3103,2021-06-05T17:52:35.264000+00:00,1.0,P
2892,3304,2021-06-05T17:52:37.274000+00:00,1.0,S
2893,3103,2021-06-05T17:52:35.264000+00:00,1.0,P
2893,3304,2021-06-05T17:52:37.274000+00:00,1.0,S
2894,3104,2021-06-05T17:52:35.274000+00:00,1.0,P
2894,3304,2021-06-05T17:52:37.274000+00:00,1.0,S
2895,3104,2021-06-05T17:52:35.274000+00:00,1.0,P
2895,3305,2021-06-05T17:52:37.283999+00:00,1.0,S
2896,3104,2021-06-05T17:52:35.274000+00:00,1.0,P
2896,3305,2021-06-05T17:52:37.283999+00:00,1.0,S
2897,3104,2021-06-05T17:52:35.274000+00:00,1.0,P
2897,3305,2021-06-05T17:52:37.283999+00:00,1.0,S
2898,3104,2021-06-05T17:52:35.274000+00:00,1.0,P
2898,3305,2021-06-05T17:52:37.283999+00:00,1.0,S
2899,3104,2021-06-05T17:52:35.274000+00:00,1.0,P
2899,3305,2021-06-05T17:52:37.283999+00:00,1.0,S
2900,3105,2021-06-05T17:52:35.284000+00:00,1.0,P
2900,3305,2021-06-05T17:52:37.283999+00:00,1.0,S
2901,3105,2021-06-05T17:52:35.284000+00:00,1.0,P
2901,3306,2021-06-05T17:52:37.294000+00:00,1.0,S
2902,3105,2021-06-05T17:52:35.284000+00:00,1.0,P
2902,3306,2021-06-05T17:52:37.294000+00:00,1.0,S
2903,3105,2021-06-05T17:52:35.284000+00:00,1.0,P
2903,3306,2021-06-05T17:52:37.294000+00:00,1.0,S
2904,3105,2021-06-05T17:52:35.284000+00:00,1.0,P
2904,3306,2021-06-05T17:52:37.294000+00:00,1.0,S
2905,3105,2021-06-05T17:52:35.284000+00:00,1.0,P
2905,3306,2021-06-05T17:52:37.294000+00:00,1.0,S
2906,3105,2021-06-05T17:52:35.284000+00:00,1.0,P
2906,3306,2021-06-05T17:52:37.294000+00:00,1.0,S
2907,3106,2021-06-05T17:52:35.294000+00:00,1.0,P
2907,3307,2021-06-05T17:52:37.304000+00:00,1.0,S
2908,3106,2021-06-05T17:52:35.294000+00:00,1.0,P
2908,3307,2021-06-05T17:52:37.304000+00:00,1.0,S
2909,3106,2021-06-05T17:52:35.294000+00:00,1.0,P
2909,3307,2021-06-05T17:52:37.304000+00:00,1.0,S
2910,3106,2021-06-05T17:52:35.294000+00:00,1.0,P
2910,3307,2021-06-05T17:52:37.304000+00:00,1.0,S
2911,3106,2021-06-05T17:52:35.294000+00:00,1.0,P
2911,3307,2021-06-05T17:52:37.304000+00:00,1.0,S
2912,3106,2021-06-05T17:52:35.294000+00:00,1.0,P
2912,3307,2021-06-05T17:52:37.304000+00:00,1.0,S
2913,3107,2021-06-05T17:52:35.304000+00:00,1.0,P
2913,3308,2021-06-05T17:52:37.314000+00:00,1.0,S
2914,3107,2021-06-05T17:52:35.304000+00:00,1.0,P
2914,3308,2021-06-05T17:52:37.314000+00:00,1.0,S
2915,3107,2021-06-05T17:52:35.304000+00:00,1.0,P
2915,3308,2021-06-05T17:52:37.314000+00:00,1.0,S
2916,3107,2021-06-05T17:52:35.304000+00:00,1.0,P
2916,3308,2021-06-05T17:52:37.314000+00:00,1.0,S
2917,3107,2021-06-05T17:52:35.304000+00:00,1.0,P
2917,3308,2021-06-05T17:52:37.314000+00:00,1.0,S
2918,3107,2021-06-05T17:52:35.304000+00:00,1.0,P
2918,3308,2021-06-05T17:52:37.314000+00:00,1.0,S
2919,3107,2021-06-05T17:52:35.304000+00:00,1.0,P
2919,3309,2021-06-05T17:52:37.324000+00:00,1.0,S
2920,3108,2021-06-05T17:52:35.314000+00:00,1.0,P
2920,3309,2021-06-05T17:52:37.324000+00:00,1.0,S
2921,3108,2021-06-05T17:52:35.314000+00:00,1.0,P
2921,3309,2021-06-05T17:52:37.324000+00:00,1.0,S
2922,3108,2021-06-05T17:52:35.314000+00:00,1.0,P
2922,3309,2021-06-05T17:52:37.324000+00:00,1.0,S
2923,3108,2021-06-05T17:52:35.314000+00:00,1.0,P
2923,3309,2021-06-05T17:52:37.324000+00:00,1.0,S
2924,3108,2021-06-05T17:52:35.314000+00:00,1.0,P
2924,3309,2021-06-05T17:52:37.324000+00:00,1.0,S
2925,3108,2021-06-05T17:52:35.314000+00:00,1.0,P
2925,3310,2021-06-05T17:52:37.334000+00:00,1.0,S
2926,3109,2021-06-05T17:52:35.324000+00:00,1.0,P
2926,3310,2021-06-05T17:52:37.334000+00:00,1.0,S
2927,3109,2021-06-05T17:52:35.324000+00:00,1.0,P
2927,3310,2021-06-05T17:52:37.334000+00:00,1.0,S
2928,3109,2021-06-05T17:52:35.324000+00:00,1.0,P
2928,3310,2021-06-05T17:52:37.334000+00:00,1.0,S
2929,3109,2021-06-05T17:52:35.324000+00:00,1.0,P
2929,3310,2021-06-05T17:52:37.334000+00:00,1.0,S
2930,3109,2021-06-05T17:52:35.324000+00:00,1.0,P
2930,3310,2021-06-05T17:52:37.334000+00:00,1.0,S
2931,3109,2021-06-05T17:52:35.324000+00:00,1.0,P
2931,3310,2021-06-05T17:52:37.334000+00:00,1.0,S
2932,3110,2021-06-05T17:52:35.334000+00:00,1.0,P
2932,3311,2021-06-05T17:52:37.344000+00:00,1.0,S
2933,3110,2021-06-05T17:52:35.334000+00:00,1.0,P
2933,3311,2021-06-05T17:52:37.344000+00:00,1.0,S
2934,3110,2021-06-05T17:52:35.334000+00:00,1.0,P
2934,3311,2021-06-05T17:52:37.344000+00:00,1.0,S
2935,3110,2021-06-05T17:52:35.334000+00:00,1.0,P
2935,3311,2021-06-05T17:52:37.344000+00:00,1.0,S
2936,3110,2021-06-05T17:52:35.334000+00:00,1.0,P
2936,3311,2021-06-05T17:52:37.344000+00:00,1.0,S
2937,3110,2021-06-05T17:52:35.334000+00:00,1.0,P
2937,3311,2021-06-05T17:52:37.344000+00:00,1.0,S
2938,3110,2021-06-05T17:52:35.334000+00:00,1.0,P
2938,3312,2021-06-05T17:52:37.353999+00:00,1.0,S
2939,3111,2021-06-05T17:52:35.344000+00:00,1.0,P
2939,3312,2021-06-05T17:52:37.353999+00:00,1.0,S
2940,3111,2021-06-05T17:52:35.344000+00:00,1.0,P
2940,3312,2021-06-05T17:52:37.353999+00:00,1.0,S
2941,3111,2021-06-05T17:52:35.344000+00:00,1.0,P
2941,3312,2021-06-05T17:52:37.353999+00:00,1.0,S
2942,3111,2021-06-05T17:52:35.344000+00:00,1.0,P
2942,3312,2021-06-05T17:52:37.353999+00:00,1.0,S
2943,3111,2021-06-05T17:52:35.344000+00:00,1.0,P
2943,3312,2021-06-05T17:52:37.353999+00:00,1.0,S
2944,3111,2021-06-05T17:52:35.344000+00:00,1.0,P
2944,3313,2021-06-05T17:52:37.364000+00:00,1.0,S
2945,3112,2021-06-05T17:52:35.354000+00:00,1.0,P
2945,3313,2021-06-05T17:52:37.364000+00:00,1.0,S
2946,3112,2021-06-05T17:52:35.354000+00:00,1.0,P
2946,3313,2021-06-05T17:52:37.364000+00:00,1.0,S
2947,3112,2021-06-05T17:52:35.354000+00:00,1.0,P
2947,3313,2021-06-05T17:52:37.364000+00:00,1.0,S
2948,3112,2021-06-05T17:52:35.354000+00:00,1.0,P
2948,3313,2021-06-05T17:52:37.364000+00:00,1.0,S
2949,3112,2021-06-05T17:52:35.354000+00:00,1.0,P
2949,3313,2021-06-05T17:52:37.364000+00:00,1.0,S
2950,3112,2021-06-05T17:52:35.354000+00:00,1.0,P
2950,3314,2021-06-05T17:52:37.374000+00:00,1.0,S
2951,3113,2021-06-05T17:52:35.364000+00:00,1.0,P
2951,3314,2021-06-05T17:52:37.374000+00:00,1.0,S
2952,3113,2021-06-05T17:52:35.364000+00:00,1.0,P
2952,3314,2021-06-05T17:52:37.374000+00:00,1.0,S
2953,3113,2021-06-05T17:52:35.364000+00:00,1.0,P
2953,3314,2021-06-05T17:52:37.374000+00:00,1.0,S
2954,3113,2021-06-05T17:52:35.364000+00:00,1.0,P
2954,3314,2021-06-05T17:52:37.374000+00:00,1.0,S
2955,3113,2021-06-05T17:52:35.364000+00:00,1.0,P
2955,3314,2021-06-05T17:52:37.374000+00:00,1.0,S
2956,3113,2021-06-05T17:52:35.364000+00:00,1.0,P
2956,3314,2021-06-05T17:52:37.374000+00:00,1.0,S
2957,3114,2021-06-05T17:52:35.374000+00:00,1.0,P
2957,3315,2021-06-05T17:52:37.384000+00:00,1.0,S
2958,3114,2021-06-05T17:52:35.374000+00:00,1.0,P
2958,3315,2021-06-05T17:52:37.384000+00:00,1.0,S
2959,3114,2021-06-05T17:52:35.374000+00:00,1.0,P
2959,3315,2021-06-05T17:52:37.384000+00:00,1.0,S
2960,3114,2021-06-05T17:52:35.374000+00:00,1.0,P
2960,3315,2021-06-05T17:52:37.384000+00:00,1.0,S
2961,3114,2021-06-05T17:52:35.374000+00:00,1.0,P
2961,3316,2021-06-05T17:52:37.394000+00:00,1.0,S
2962,3114,2021-06-05T17:52:35.374000+00:00,1.0,P
2962,3316,2021-06-05T17:52:37.394000+00:00,1.0,S
2963,3115,2021-06-05T17:52:35.384000+00:00,1.0,P
2963,3317,2021-06-05T17:52:37.404000+00:00,1.0,S
2964,3115,2021-06-05T17:52:35.384000+00:00,1.0,P
2964,3317,2021-06-05T17:52:37.404000+00:00,1.0,S
2965,3115,2021-06-05T17:52:35.384000+00:00,1.0,P
2965,3317,2021-06-05T17:52:37.404000+00:00,1.0,S
2966,3115,2021-06-05T17:52:35.384000+00:00,1.0,P
2966,3318,2021-06-05T17:52:37.414000+00:00,1.0,S
2967,3115,2021-06-05T17:52:35.384000+00:00,1.0,P
2967,3318,2021-06-05T17:52:37.414000+00:00,1.0,S
2968,3115,2021-06-05T17:52:35.384000+00:00,1.0,P
2968,3318,2021-06-05T17:52:37.414000+00:00,1.0,S
2969,3116,2021-06-05T17:52:35.394000+00:00,1.0,P
2969,3318,2021-06-05T17:52:37.414000+00:00,1.0,S
2970,3116,2021-06-05T17:52:35.394000+00:00,1.0,P
2970,3318,2021-06-05T17:52:37.414000+00:00,1.0,S
2971,3116,2021-06-05T17:52:35.394000+00:00,1.0,P
2971,3318,2021-06-05T17:52:37.414000+00:00,1.0,S
2972,3116,2021-06-05T17:52:35.394000+00:00,1.0,P
2972,3318,2021-06-05T17:52:37.414000+00:00,1.0,S
2973,3116,2021-06-05T17:52:35.394000+00:00,1.0,P
2973,3319,2021-06-05T17:52:37.423999+00:00,1.0,S
2974,3116,2021-06-05T17:52:35.394000+00:00,1.0,P
2974,3319,2021-06-05T17:52:37.423999+00:00,1.0,S
2975,3116,2021-06-05T17:52:35.394000+00:00,1.0,P
2975,3319,2021-06-05T17:52:37.423999+00:00,1.0,S
2976,3117,2021-06-05T17:52:35.404000+00:00,1.0,P
2976,3319,2021-06-05T17:52:37.423999+00:00,1.0,S
2977,3117,2021-06-05T17:52:35.404000+00:00,1.0,P
2977,3319,2021-06-05T17:52:37.423999+00:00,1.0,S
2978,3117,2021-06-05T17:52:35.404000+00:00,1.0,P
2978,3319,2021-06-05T17:52:37.423999+00:00,1.0,S
2979,3117,2021-06-05T17:52:35.404000+00:00,1.0,P
2979,3319,2021-06-05T17:52:37.423999+00:00,1.0,S
2980,3117,2021-06-05T17:52:35.404000+00:00,1.0,P
2980,3320,2021-06-05T17:52:37.434000+00:00,1.0,S
2981,3117,2021-06-05T17:52:35.404000+00:00,1.0,P
2981,3320,2021-06-05T17:52:37.434000+00:00,1.0,S
2982,3117,2021-06-05T17:52:35.404000+00:00,1.0,P
2982,3320,2021-06-05T17:52:37.434000+00:00,1.0,S
2983,3118,2021-06-05T17:52:35.414000+00:00,1.0,P
2983,3320,2021-06-05T17:52:37.434000+00:00,1.0,S
2984,3118,2021-06-05T17:52:35.414000+00:00,1.0,P
2984,3320,2021-06-05T17:52:37.434000+00:00,1.0,S
2985,3118,2021-06-05T17:52:35.414000+00:00,1.0,P
2985,3320,2021-06-05T17:52:37.434000+00:00,1.0,S
2986,3118,2021-06-05T17:52:35.414000+00:00,1.0,P
2986,3320,2021-06-05T17:52:37.434000+00:00,1.0,S
2987,3118,2021-06-05T17:52:35.414000+00:00,1.0,P
2987,3321,2021-06-05T17:52:37.444000+00:00,1.0,S
2988,3118,2021-06-05T17:52:35.414000+00:00,1.0,P
2988,3321,2021-06-05T17:52:37.444000+00:00,1.0,S
2989,3118,2021-06-05T17:52:35.414000+00:00,1.0,P
2989,3322,2021-06-05T17:52:37.454000+00:00,1.0,S
2990,3118,2021-06-05T17:52:35.414000+00:00,1.0,P
2990,3322,2021-06-05T17:52:37.454000+00:00,1.0,S
2991,3119,2021-06-05T17:52:35.424000+00:00,1.0,P
2991,3323,2021-06-05T17:52:37.464000+00:00,1.0,S
2992,3119,2021-06-05T17:52:35.424000+00:00,1.0,P
2992,3323,2021-06-05T17:52:37.464000+00:00,1.0,S
2993,3119,2021-06-05T17:52:35.424000+00:00,1.0,P
2993,3323,2021-06-05T17:52:37.464000+00:00,1.0,S
2994,3119,2021-06-05T17:52:35.424000+00:00,1.0,P
2994,3324,2021-06-05T17:52:37.474000+00:00,1.0,S
2995,3119,2021-06-05T17:52:35.424000+00:00,1.0,P
2995,3324,2021-06-05T17:52:37.474000+00:00,1.0,S
2996,3119,2021-06-05T17:52:35.424000+00:00,1.0,P
2996,3325,2021-06-05T17:52:37.484000+00:00,1.0,S
2997,3119,2021-06-05T17:52:35.424000+00:00,1.0,P
2997,3325,2021-06-05T17:52:37.484000+00:00,1.0,S
2998,3119,2021-06-05T17:52:35.424000+00:00,1.0,P
2998,3326,2021-06-05T17:52:37.493999+00:00,1.0,S
2999,3119,2021-06-05T17:52:35.424000+00:00,1.0,P
2999,3327,2021-06-05T17:52:37.504000+00:00,1.0,S
3000,3119,2021-06-05T17:52:35.424000+00:00,1.0,P
3000,3327,2021-06-05T17:52:37.504000+00:00,1.0,S
3001,3120,2021-06-05T17:52:35.434000+00:00,1.0,P
3001,3328,2021-06-05T17:52:37.514000+00:00,1.0,S
3002,3120,2021-06-05T17:52:35.434000+00:00,1.0,P
3002,3328,2021-06-05T17:52:37.514000+00:00,1.0,S
3003,3120,2021-06-05T17:52:35.434000+00:00,1.0,P
3003,3329,2021-06-05T17:52:37.524000+00:00,1.0,S
3004,3120,2021-06-05T17:52:35.434000+00:00,1.0,P
3004,3329,2021-06-05T17:52:37.524000+00:00,1.0,S
3005,3120,2021-06-05T17:52:35.434000+00:00,1.0,P
3005,3330,2021-06-05T17:52:37.533999+00:00,1.0,S
3006,3120,2021-06-05T17:52:35.434000+00:00,1.0,P
3006,3331,2021-06-05T17:52:37.544000+00:00,1.0,S
3007,3120,2021-06-05T17:52:35.434000+00:00,1.0,P
3007,3331,2021-06-05T17:52:37.544000+00:00,1.0,S
3008,3120,2021-06-05T17:52:35.434000+00:00,1.0,P
3008,3332,2021-06-05T17:52:37.554000+00:00,1.0,S
3009,3120,2021-06-05T17:52:35.434000+00:00,1.0,P
3009,3333,2021-06-05T17:52:37.564000+00:00,1.0,S
3010,3120,2021-06-05T17:52:35.434000+00:00,1.0,P
3010,3334,2021-06-05T17:52:37.574000+00:00,1.0,S
3011,3120,2021-06-05T17:52:35.434000+00:00,1.0,P
3011,3335,2021-06-05T17:52:37.584000+00:00,1.0,S
3012,3120,2021-06-05T17:52:35.434000+00:00,1.0,P
3012,3336,2021-06-05T17:52:37.594000+00:00,1.0,S
3013,3120,2021-06-05T17:52:35.434000+00:00,1.0,P
3013,3336,2021-06-05T17:52:37.594000+00:00,1.0,S
3014,3121,2021-06-05T17:52:35.444000+00:00,1.0,P
3014,3336,2021-06-05T17:52:37.594000+00:00,1.0,S
3015,3121,2021-06-05T17:52:35.444000+00:00,1.0,P
3015,3336,2021-06-05T17:52:37.594000+00:00,1.0,S
3016,3121,2021-06-05T17:52:35.444000+00:00,1.0,P
3016,3336,2021-06-05T17:52:37.594000+00:00,1.0,S
3017,3121,2021-06-05T17:52:35.444000+00:00,1.0,P
3017,3336,2021-06-05T17:52:37.594000+00:00,1.0,S
3018,3121,2021-06-05T17:52:35.444000+00:00,1.0,P
3018,3336,2021-06-05T17:52:37.594000+00:00,1.0,S
3019,3121,2021-06-05T17:52:35.444000+00:00,1.0,P
3019,3336,2021-06-05T17:52:37.594000+00:00,1.0,S
3020,3121,2021-06-05T17:52:35.444000+00:00,1.0,P
3020,3337,2021-06-05T17:52:37.603999+00:00,1.0,S
3021,3121,2021-06-05T17:52:35.444000+00:00,1.0,P
3021,3337,2021-06-05T17:52:37.603999+00:00,1.0,S
3022,3121,2021-06-05T17:52:35.444000+00:00,1.0,P
3022,3337,2021-06-05T17:52:37.603999+00:00,1.0,S
3023,3121,2021-06-05T17:52:35.444000+00:00,1.0,P
3023,3337,2021-06-05T17:52:37.603999+00:00,1.0,S
3024,3121,2021-06-05T17:52:35.444000+00:00,1.0,P
3024,3337,2021-06-05T17:52:37.603999+00:00,1.0,S
3025,3121,2021-06-05T17:52:35.444000+00:00,1.0,P
3025,3338,2021-06-05T17:52:37.614000+00:00,1.0,S
3026,3121,2021-06-05T17:52:35.444000+00:00,1.0,P
3026,3338,2021-06-05T17:52:37.614000+00:00,1.0,S
3027,3121,2021-06-05T17:52:35.444000+00:00,1.0,P
3027,3338,2021-06-05T17:52:37.614000+00:00,1.0,S
3028,3121,2021-06-05T17:52:35.444000+00:00,1.0,P
3028,3338,2021-06-05T17:52:37.614000+00:00,1.0,S
3029,3121,2021-06-05T17:52:35.444000+00:00,1.0,P
3029,3338,2021-06-05T17:52:37.614000+00:00,1.0,S
3030,3122,2021-06-05T17:52:35.454000+00:00,1.0,P
3030,3339,2021-06-05T17:52:37.624000+00:00,1.0,S
3031,3122,2021-06-05T17:52:35.454000+00:00,1.0,P
3031,3339,2021-06-05T17:52:37.624000+00:00,1.0,S
3032,3122,2021-06-05T17:52:35.454000+00:00,1.0,P
3032,3339,2021-06-05T17:52:37.624000+00:00,1.0,S
3033,3122,2021-06-05T17:52:35.454000+00:00,1.0,P
3033,3339,2021-06-05T17:52:37.624000+00:00,1.0,S
3034,3122,2021-06-05T17:52:35.454000+00:00,1.0,P
3034,3339,2021-06-05T17:52:37.624000+00:00,1.0,S
3035,3122,2021-06-05T17:52:35.454000+00:00,1.0,P
3035,3339,2021-06-05T17:52:37.624000+00:00,1.0,S
3036,3122,2021-06-05T17:52:35.454000+00:00,1.0,P
3036,3339,2021-06-05T17:52:37.624000+00:00,1.0,S
3037,3122,2021-06-05T17:52:35.454000+00:00,1.0,P
3037,3339,2021-06-05T17:52:37.624000+00:00,1.0,S
3038,3122,2021-06-05T17:52:35.454000+00:00,1.0,P
3038,3339,2021-06-05T17:52:37.624000+00:00,1.0,S
3039,3122,2021-06-05T17:52:35.454000+00:00,1.0,P
3039,3339,2021-06-05T17:52:37.624000+00:00,1.0,S
3040,3122,2021-06-05T17:52:35.454000+00:00,1.0,P
3040,3339,2021-06-05T17:52:37.624000+00:00,1.0,S
3041,3122,2021-06-05T17:52:35.454000+00:00,1.0,P
3041,3340,2021-06-05T17:52:37.634000+00:00,1.0,S
3042,3122,2021-06-05T17:52:35.454000+00:00,1.0,P
3042,3340,2021-06-05T17:52:37.634000+00:00,1.0,S
3043,3123,2021-06-05T17:52:35.464000+00:00,1.0,P
3043,3340,2021-06-05T17:52:37.634000+00:00,1.0,S
3044,3123,2021-06-05T17:52:35.464000+00:00,1.0,P
3044,3340,2021-06-05T17:52:37.634000+00:00,1.0,S
3045,3123,2021-06-05T17:52:35.464000+00:00,1.0,P
3045,3340,2021-06-05T17:52:37.634000+00:00,1.0,S
3046,3123,2021-06-05T17:52:35.464000+00:00,1.0,P
3046,3340,2021-06-05T17:52:37.634000+00:00,1.0,S
3047,3123,2021-06-05T17:52:35.464000+00:00,1.0,P
3047,3340,2021-06-05T17:52:37.634000+00:00,1.0,S
3048,3123,2021-06-05T17:52:35.464000+00:00,1.0,P
3048,3340,2021-06-05T17:52:37.634000+00:00,1.0,S
3049,3123,2021-06-05T17:52:35.464000+00:00,1.0,P
3049,3340,2021-06-05T17:52:37.634000+00:00,1.0,S
3050,3123,2021-06-05T17:52:35.464000+00:00,1.0,P
3050,3340,2021-06-05T17:52:37.634000+00:00,1.0,S
3051,3123,2021-06-05T17:52:35.464000+00:00,1.0,P
3051,3340,2021-06-05T17:52:37.634000+00:00,1.0,S
3052,3123,2021-06-05T17:52:35.464000+00:00,1.0,P
3052,3340,2021-06-05T17:52:37.634000+00:00,1.0,S
3053,3123,2021-06-05T17:52:35.464000+00:00,1.0,P
3053,3341,2021-06-05T17:52:37.644000+00:00,1.0,S
3054,3123,2021-06-05T17:52:35.464000+00:00,1.0,P
3054,3341,2021-06-05T17:52:37.644000+00:00,1.0,S
3055,3123,2021-06-05T17:52:35.464000+00:00,1.0,P
3055,3341,2021-06-05T17:52:37.644000+00:00,1.0,S
3056,3124,2021-06-05T17:52:35.474000+00:00,1.0,P
3056,3341,2021-06-05T17:52:37.644000+00:00,1.0,S
3057,3124,2021-06-05T17:52:35.474000+00:00,1.0,P
3057,3341,2021-06-05T17:52:37.644000+00:00,1.0,S
3058,3124,2021-06-05T17:52:35.474000+00:00,1.0,P
3058,3341,2021-06-05T17:52:37.644000+00:00,1.0,S
3059,3124,2021-06-05T17:52:35.474000+00:00,1.0,P
3059,3341,2021-06-05T17:52:37.644000+00:00,1.0,S
3060,3124,2021-06-05T17:52:35.474000+00:00,1.0,P
3060,3341,2021-06-05T17:52:37.644000+00:00,1.0,S
3061,3124,2021-06-05T17:52:35.474000+00:00,1.0,P
3061,3341,2021-06-05T17:52:37.644000+00:00,1.0,S
3062,3124,2021-06-05T17:52:35.474000+00:00,1.0,P
3062,3341,2021-06-05T17:52:37.644000+00:00,1.0,S
3063,3124,2021-06-05T17:52:35.474000+00:00,1.0,P
3063,3341,2021-06-05T17:52:37.644000+00:00,1.0,S
3064,3124,2021-06-05T17:52:35.474000+00:00,1.0,P
3064,3341,2021-06-05T17:52:37.644000+00:00,1.0,S
3065,3124,2021-06-05T17:52:35.474000+00:00,1.0,P
3065,3342,2021-06-05T17:52:37.654000+00:00,1.0,S
3066,3124,2021-06-05T17:52:35.474000+00:00,1.0,P
3066,3342,2021-06-05T17:52:37.654000+00:00,1.0,S
3067,3125,2021-06-05T17:52:35.484000+00:00,1.0,P
3067,3342,2021-06-05T17:52:37.654000+00:00,1.0,S
3068,3125,2021-06-05T17:52:35.484000+00:00,1.0,P
3068,3342,2021-06-05T17:52:37.654000+00:00,1.0,S
3069,3125,2021-06-05T17:52:35.484000+00:00,1.0,P
3069,3342,2021-06-05T17:52:37.654000+00:00,1.0,S
3070,3125,2021-06-05T17:52:35.484000+00:00,1.0,P
3070,3342,2021-06-05T17:52:37.654000+00:00,1.0,S
3071,3125,2021-06-05T17:52:35.484000+00:00,1.0,P
3071,3342,2021-06-05T17:52:37.654000+00:00,1.0,S
3072,3125,2021-06-05T17:52:35.484000+00:00,1.0,P
3072,3342,2021-06-05T17:52:37.654000+00:00,1.0,S
3073,3125,2021-06-05T17:52:35.484000+00:00,1.0,P
3073,3342,2021-06-05T17:52:37.654000+00:00,1.0,S
3074,3125,2021-06-05T17:52:35.484000+00:00,1.0,P
3074,3342,2021-06-05T17:52:37.654000+00:00,1.0,S
3075,3125,2021-06-05T17:52:35.484000+00:00,1.0,P
3075,3342,2021-06-05T17:52:37.654000+00:00,1.0,S
3076,3125,2021-06-05T17:52:35.484000+00:00,1.0,P
3076,3343,2021-06-05T17:52:37.664000+00:00,1.0,S
3077,3125,2021-06-05T17:52:35.484000+00:00,1.0,P
3077,3343,2021-06-05T17:52:37.664000+00:00,1.0,S
3078,3126,2021-06-05T17:52:35.494000+00:00,1.0,P
3078,3343,2021-06-05T17:52:37.664000+00:00,1.0,S
3079,3126,2021-06-05T17:52:35.494000+00:00,1.0,P
3079,3343,2021-06-05T17:52:37.664000+00:00,1.0,S
3080,3126,2021-06-05T17:52:35.494000+00:00,1.0,P
3080,3343,2021-06-05T17:52:37.664000+00:00,1.0,S
3081,3126,2021-06-05T17:52:35.494000+00:00,1.0,P
3081,3343,2021-06-05T17:52:37.664000+00:00,1.0,S
3082,3126,2021-06-05T17:52:35.494000+00:00,1.0,P
3082,3343,2021-06-05T17:52:37.664000+00:00,1.0,S
3083,3126,2021-06-05T17:52:35.494000+00:00,1.0,P
3083,3343,2021-06-05T17:52:37.664000+00:00,1.0,S
3084,3126,2021-06-05T17:52:35.494000+00:00,1.0,P
3084,3343,2021-06-05T17:52:37.664000+00:00,1.0,S
3085,3126,2021-06-05T17:52:35.494000+00:00,1.0,P
3085,3343,2021-06-05T17:52:37.664000+00:00,1.0,S
3086,3126,2021-06-05T17:52:35.494000+00:00,1.0,P
3086,3343,2021-06-05T17:52:37.664000+00:00,1.0,S
3087,3126,2021-06-05T17:52:35.494000+00:00,1.0,P
3087,3343,2021-06-05T17:52:37.664000+00:00,1.0,S
3088,3126,2021-06-05T17:52:35.494000+00:00,1.0,P
3088,3343,2021-06-05T17:52:37.664000+00:00,1.0,S
3089,3127,2021-06-05T17:52:35.504000+00:00,1.0,P
3089,3344,2021-06-05T17:52:37.673999+00:00,1.0,S
3090,3127,2021-06-05T17:52:35.504000+00:00,1.0,P
3090,3344,2021-06-05T17:52:37.673999+00:00,1.0,S
3091,3127,2021-06-05T17:52:35.504000+00:00,1.0,P
3091,3344,2021-06-05T17:52:37.673999+00:00,1.0,S
3092,3127,2021-06-05T17:52:35.504000+00:00,1.0,P
3092,3344,2021-06-05T17:52:37.673999+00:00,1.0,S
3093,3127,2021-06-05T17:52:35.504000+00:00,1.0,P
3093,3344,2021-06-05T17:52:37.673999+00:00,1.0,S
3094,3127,2021-06-05T17:52:35.504000+00:00,1.0,P
3094,3344,2021-06-05T17:52:37.673999+00:00,1.0,S
3095,3127,2021-06-05T17:52:35.504000+00:00,1.0,P
3095,3344,2021-06-05T17:52:37.673999+00:00,1.0,S
3096,3127,2021-06-05T17:52:35.504000+00:00,1.0,P
3096,3344,2021-06-05T17:52:37.673999+00:00,1.0,S
3097,3127,2021-06-05T17:52:35.504000+00:00,1.0,P
3097,3344,2021-06-05T17:52:37.673999+00:00,1.0,S
3098,3128,2021-06-05T17:52:35.514000+00:00,1.0,P
3098,3344,2021-06-05T17:52:37.673999+00:00,1.0,S
3099,3128,2021-06-05T17:52:35.514000+00:00,1.0,P
3099,3344,2021-06-05T17:52:37.673999+00:00,1.0,S
3100,3128,2021-06-05T17:52:35.514000+00:00,1.0,P
3100,3344,2021-06-05T17:52:37.673999+00:00,1.0,S
3101,3128,2021-06-05T17:52:35.514000+00:00,1.0,P
3101,3344,2021-06-05T17:52:37.673999+00:00,1.0,S
3102,3128,2021-06-05T17:52:35.514000+00:00,1.0,P
3102,3345,2021-06-05T17:52:37.684000+00:00,1.0,S
3103,3128,2021-06-05T17:52:35.514000+00:00,1.0,P
3103,3345,2021-06-05T17:52:37.684000+00:00,1.0,S
3104,3128,2021-06-05T17:52:35.514000+00:00,1.0,P
3104,3345,2021-06-05T17:52:37.684000+00:00,1.0,S
3105,3128,2021-06-05T17:52:35.514000+00:00,1.0,P
3105,3345,2021-06-05T17:52:37.684000+00:00,1.0,S
3106,3128,2021-06-05T17:52:35.514000+00:00,1.0,P
3106,3345,2021-06-05T17:52:37.684000+00:00,1.0,S
3107,3128,2021-06-05T17:52:35.514000+00:00,1.0,P
3107,3345,2021-06-05T17:52:37.684000+00:00,1.0,S
3108,3129,2021-06-05T17:52:35.524000+00:00,1.0,P
3108,3345,2021-06-05T17:52:37.684000+00:00,1.0,S
3109,3129,2021-06-05T17:52:35.524000+00:00,1.0,P
3109,3345,2021-06-05T17:52:37.684000+00:00,1.0,S
3110,3129,2021-06-05T17:52:35.524000+00:00,1.0,P
3110,3345,2021-06-05T17:52:37.684000+00:00,1.0,S
3111,3129,2021-06-05T17:52:35.524000+00:00,1.0,P
3111,3345,2021-06-05T17:52:37.684000+00:00,1.0,S
3112,3129,2021-06-05T17:52:35.524000+00:00,1.0,P
3112,3345,2021-06-05T17:52:37.684000+00:00,1.0,S
3113,3129,2021-06-05T17:52:35.524000+00:00,1.0,P
3113,3345,2021-06-05T17:52:37.684000+00:00,1.0,S
3114,3129,2021-06-05T17:52:35.524000+00:00,1.0,P
3114,3345,2021-06-05T17:52:37.684000+00:00,1.0,S
3115,3129,2021-06-05T17:52:35.524000+00:00,1.0,P
3115,3345,2021-06-05T17:52:37.684000+00:00,1.0,S
3116,3129,2021-06-05T17:52:35.524000+00:00,1.0,P
3116,3346,2021-06-05T17:52:37.694000+00:00,1.0,S
3117,3129,2021-06-05T17:52:35.524000+00:00,1.0,P
3117,3346,2021-06-05T17:52:37.694000+00:00,1.0,S
3118,3130,2021-06-05T17:52:35.534000+00:00,1.0,P
3118,3346,2021-06-05T17:52:37.694000+00:00,1.0,S
3119,3130,2021-06-05T17:52:35.534000+00:00,1.0,P
3119,3346,2021-06-05T17:52:37.694000+00:00,1.0,S
3120,3130,2021-06-05T17:52:35.534000+00:00,1.0,P
3120,3346,2021-06-05T17:52:37.694000+00:00,1.0,S
3121,3130,2021-06-05T17:52:35.534000+00:00,1.0,P
3121,3346,2021-06-05T17:52:37.694000+00:00,1.0,S
3122,3130,2021-06-05T17:52:35.534000+00:00,1.0,P
3122,3346,2021-06-05T17:52:37.694000+00:00,1.0,S
3123,3130,2021-06-05T17:52:35.534000+00:00,1.0,P
3123,3346,2021-06-05T17:52:37.694000+00:00,1.0,S
3124,3130,2021-06-05T17:52:35.534000+00:00,1.0,P
3124,3346,2021-06-05T17:52:37.694000+00:00,1.0,S
3125,3130,2021-06-05T17:52:35.534000+00:00,1.0,P
3125,3346,2021-06-05T17:52:37.694000+00:00,1.0,S
3126,3130,2021-06-05T17:52:35.534000+00:00,1.0,P
3126,3346,2021-06-05T17:52:37.694000+00:00,1.0,S
3127,3130,2021-06-05T17:52:35.534000+00:00,1.0,P
3127,3346,2021-06-05T17:52:37.694000+00:00,1.0,S
3128,3130,2021-06-05T17:52:35.534000+00:00,1.0,P
3128,3346,2021-06-05T17:52:37.694000+00:00,1.0,S
3129,3131,2021-06-05T17:52:35.544000+00:00,1.0,P
3129,3347,2021-06-05T17:52:37.704000+00:00,1.0,S
3130,3131,2021-06-05T17:52:35.544000+00:00,1.0,P
3130,3347,2021-06-05T17:52:37.704000+00:00,1.0,S
3131,3131,2021-06-05T17:52:35.544000+00:00,1.0,P
3131,3347,2021-06-05T17:52:37.704000+00:00,1.0,S
3132,3131,2021-06-05T17:52:35.544000+00:00,1.0,P
3132,3347,2021-06-05T17:52:37.704000+00:00,1.0,S
3133,3131,2021-06-05T17:52:35.544000+00:00,1.0,P
3133,3347,2021-06-05T17:52:37.704000+00:00,1.0,S
3134,3131,2021-06-05T17:52:35.544000+00:00,1.0,P
3134,3347,2021-06-05T17:52:37.704000+00:00,1.0,S
3135,3131,2021-06-05T17:52:35.544000+00:00,1.0,P
3135,3347,2021-06-05T17:52:37.704000+00:00,1.0,S
3136,3131,2021-06-05T17:52:35.544000+00:00,1.0,P
3136,3347,2021-06-05T17:52:37.704000+00:00,1.0,S
3137,3131,2021-06-05T17:52:35.544000+00:00,1.0,P
3137,3347,2021-06-05T17:52:37.704000+00:00,1.0,S
3138,3131,2021-06-05T17:52:35.544000+00:00,1.0,P
3138,3347,2021-06-05T17:52:37.704000+00:00,1.0,S
3139,3132,2021-06-05T17:52:35.554000+00:00,1.0,P
3139,3347,2021-06-05T17:52:37.704000+00:00,1.0,S
3140,3132,2021-06-05T17:52:35.554000+00:00,1.0,P
3140,3347,2021-06-05T17:52:37.704000+00:00,1.0,S
3141,3132,2021-06-05T17:52:35.554000+00:00,1.0,P
3141,3347,2021-06-05T17:52:37.704000+00:00,1.0,S
3142,3132,2021-06-05T17:52:35.554000+00:00,1.0,P
3142,3347,2021-06-05T17:52:37.704000+00:00,1.0,S
3143,3132,2021-06-05T17:52:35.554000+00:00,1.0,P
3143,3348,2021-06-05T17:52:37.714000+00:00,1.0,S
3144,3132,2021-06-05T17:52:35.554000+00:00,1.0,P
3144,3348,2021-06-05T17:52:37.714000+00:00,1.0,S
3145,3132,2021-06-05T17:52:35.554000+00:00,1.0,P
3145,3348,2021-06-05T17:52:37.714000+00:00,1.0,S
3146,3132,2021-06-05T17:52:35.554000+00:00,1.0,P
3146,3348,2021-06-05T17:52:37.714000+00:00,1.0,S
3147,3132,2021-06-05T17:52:35.554000+00:00,1.0,P
3147,3348,2021-06-05T17:52:37.714000+00:00,1.0,S
3148,3132,2021-06-05T17:52:35.554000+00:00,1.0,P
3148,3348,2021-06-05T17:52:37.714000+00:00,1.0,S
3149,3132,2021-06-05T17:52:35.554000+00:00,1.0,P
3149,3348,2021-06-05T17:52:37.714000+00:00,1.0,S
3150,3133,2021-06-05T17:52:35.564000+00:00,1.0,P
3150,3348,2021-06-05T17:52:37.714000+00:00,1.0,S
3151,3133,2021-06-05T17:52:35.564000+00:00,1.0,P
3151,3348,2021-06-05T17:52:37.714000+00:00,1.0,S
3152,3133,2021-06-05T17:52:35.564000+00:00,1.0,P
3152,3348,2021-06-05T17:52:37.714000+00:00,1.0,S
3153,3133,2021-06-05T17:52:35.564000+00:00,1.0,P
3153,3348,2021-06-05T17:52:37.714000+00:00,1.0,S
3154,3133,2021-06-05T17:52:35.564000+00:00,1.0,P
3154,3348,2021-06-05T17:52:37.714000+00:00,1.0,S
3155,3133,2021-06-05T17:52:35.564000+00:00,1.0,P
3155,3348,2021-06-05T17:52:37.714000+00:00,1.0,S
3156,3133,2021-06-05T17:52:35.564000+00:00,1.0,P
3156,3348,2021-06-05T17:52:37.714000+00:00,1.0,S
3157,3133,2021-06-05T17:52:35.564000+00:00,1.0,P
3157,3348,2021-06-05T17:52:37.714000+00:00,1.0,S
3158,3133,2021-06-05T17:52:35.564000+00:00,1.0,P
3158,3348,2021-06-05T17:52:37.714000+00:00,1.0,S
3159,3133,2021-06-05T17:52:35.564000+00:00,1.0,P
3159,3349,2021-06-05T17:52:37.724000+00:00,1.0,S
3160,3133,2021-06-05T17:52:35.564000+00:00,1.0,P
3160,3349,2021-06-05T17:52:37.724000+00:00,1.0,S
3161,3133,2021-06-05T17:52:35.564000+00:00,1.0,P
3161,3349,2021-06-05T17:52:37.724000+00:00,1.0,S
3162,3133,2021-06-05T17:52:35.564000+00:00,1.0,P
3162,3349,2021-06-05T17:52:37.724000+00:00,1.0,S
3163,3133,2021-06-05T17:52:35.564000+00:00,1.0,P
3163,3349,2021-06-05T17:52:37.724000+00:00,1.0,S
3164,3134,2021-06-05T17:52:35.574000+00:00,1.0,P
3164,3349,2021-06-05T17:52:37.724000+00:00,1.0,S
3165,3134,2021-06-05T17:52:35.574000+00:00,1.0,P
3165,3349,2021-06-05T17:52:37.724000+00:00,1.0,S
3166,3134,2021-06-05T17:52:35.574000+00:00,1.0,P
3166,3349,2021-06-05T17:52:37.724000+00:00,1.0,S
3167,3134,2021-06-05T17:52:35.574000+00:00,1.0,P
3167,3349,2021-06-05T17:52:37.724000+00:00,1.0,S
3168,3134,2021-06-05T17:52:35.574000+00:00,1.0,P
3168,3349,2021-06-05T17:52:37.724000+00:00,1.0,S
3169,3134,2021-06-05T17:52:35.574000+00:00,1.0,P
3169,3349,2021-06-05T17:52:37.724000+00:00,1.0,S
3170,3134,2021-06-05T17:52:35.574000+00:00,1.0,P
3170,3349,2021-06-05T17:52:37.724000+00:00,1.0,S
3171,3134,2021-06-05T17:52:35.574000+00:00,1.0,P
3171,3349,2021-06-05T17:52:37.724000+00:00,1.0,S
3172,3134,2021-06-05T17:52:35.574000+00:00,1.0,P
3172,3349,2021-06-05T17:52:37.724000+00:00,1.0,S
3173,3134,2021-06-05T17:52:35.574000+00:00,1.0,P
3173,3349,2021-06-05T17:52:37.724000+00:00,1.0,S
3174,3134,2021-06-05T17:52:35.574000+00:00,1.0,P
3174,3350,2021-06-05T17:52:37.734000+00:00,1.0,S
3175,3134,2021-06-05T17:52:35.574000+00:00,1.0,P
3175,3350,2021-06-05T17:52:37.734000+00:00,1.0,S
3176,3134,2021-06-05T17:52:35.574000+00:00,1.0,P
3176,3350,2021-06-05T17:52:37.734000+00:00,1.0,S
3177,3135,2021-06-05T17:52:35.584000+00:00,1.0,P
3177,3350,2021-06-05T17:52:37.734000+00:00,1.0,S
3178,3135,2021-06-05T17:52:35.584000+00:00,1.0,P
3178,3350,2021-06-05T17:52:37.734000+00:00,1.0,S
3179,3135,2021-06-05T17:52:35.584000+00:00,1.0,P
3179,3350,2021-06-05T17:52:37.734000+00:00,1.0,S
3180,3135,2021-06-05T17:52:35.584000+00:00,1.0,P
3180,3350,2021-06-05T17:52:37.734000+00:00,1.0,S
3181,3135,2021-06-05T17:52:35.584000+00:00,1.0,P
3181,3350,2021-06-05T17:52:37.734000+00:00,1.0,S
3182,3135,2021-06-05T17:52:35.584000+00:00,1.0,P
3182,3350,2021-06-05T17:52:37.734000+00:00,1.0,S
3183,3135,2021-06-05T17:52:35.584000+00:00,1.0,P
3183,3350,2021-06-05T17:52:37.734000+00:00,1.0,S
3184,3135,2021-06-05T17:52:35.584000+00:00,1.0,P
3184,3350,2021-06-05T17:52:37.734000+00:00,1.0,S
3185,3135,2021-06-05T17:52:35.584000+00:00,1.0,P
3185,3351,2021-06-05T17:52:37.743999+00:00,1.0,S
3186,3135,2021-06-05T17:52:35.584000+00:00,1.0,P
3186,3351,2021-06-05T17:52:37.743999+00:00,1.0,S
3187,3135,2021-06-05T17:52:35.584000+00:00,1.0,P
3187,3351,2021-06-05T17:52:37.743999+00:00,1.0,S
3188,3136,2021-06-05T17:52:35.594000+00:00,1.0,P
3188,3351,2021-06-05T17:52:37.743999+00:00,1.0,S
3189,3136,2021-06-05T17:52:35.594000+00:00,1.0,P
3189,3351,2021-06-05T17:52:37.743999+00:00,1.0,S
3190,3136,2021-06-05T17:52:35.594000+00:00,1.0,P
3190,3351,2021-06-05T17:52:37.743999+00:00,1.0,S
3191,3136,2021-06-05T17:52:35.594000+00:00,1.0,P
3191,3351,2021-06-05T17:52:37.743999+00:00,1.0,S
3192,3136,2021-06-05T17:52:35.594000+00:00,1.0,P
3192,3351,2021-06-05T17:52:37.743999+00:00,1.0,S
3193,3136,2021-06-05T17:52:35.594000+00:00,1.0,P
3193,3351,2021-06-05T17:52:37.743999+00:00,1.0,S
3194,3136,2021-06-05T17:52:35.594000+00:00,1.0,P
3194,3351,2021-06-05T17:52:37.743999+00:00,1.0,S
3195,3136,2021-06-05T17:52:35.594000+00:00,1.0,P
3195,3352,2021-06-05T17:52:37.754000+00:00,1.0,S
3196,3136,2021-06-05T17:52:35.594000+00:00,1.0,P
3196,3352,2021-06-05T17:52:37.754000+00:00,1.0,S
3197,3137,2021-06-05T17:52:35.604000+00:00,1.0,P
3197,3352,2021-06-05T17:52:37.754000+00:00,1.0,S
3198,3137,2021-06-05T17:52:35.604000+00:00,1.0,P
3198,3352,2021-06-05T17:52:37.754000+00:00,1.0,S
3199,3137,2021-06-05T17:52:35.604000+00:00,1.0,P
3199,3352,2021-06-05T17:52:37.754000+00:00,1.0,S
3200,3137,2021-06-05T17:52:35.604000+00:00,1.0,P
3200,3352,2021-06-05T17:52:37.754000+00:00,1.0,S
3201,3137,2021-06-05T17:52:35.604000+00:00,1.0,P
3201,3352,2021-06-05T17:52:37.754000+00:00,1.0,S
3202,3137,2021-06-05T17:52:35.604000+00:00,1.0,P
3202,3352,2021-06-05T17:52:37.754000+00:00,1.0,S
3203,3137,2021-06-05T17:52:35.604000+00:00,1.0,P
3203,3352,2021-06-05T17:52:37.754000+00:00,1.0,S
3204,3137,2021-06-05T17:52:35.604000+00:00,1.0,P
3204,3353,2021-06-05T17:52:37.764000+00:00,1.0,S
3205,3138,2021-06-05T17:52:35.614000+00:00,1.0,P
3205,3353,2021-06-05T17:52:37.764000+00:00,1.0,S
3206,3138,2021-06-05T17:52:35.614000+00:00,1.0,P
3206,3353,2021-06-05T17:52:37.764000+00:00,1.0,S
3207,3138,2021-06-05T17:52:35.614000+00:00,1.0,P
3207,3353,2021-06-05T17:52:37.764000+00:00,1.0,S
3208,3138,2021-06-05T17:52:35.614000+00:00,1.0,P
3208,3353,2021-06-05T17:52:37.764000+00:00,1.0,S
3209,3138,2021-06-05T17:52:35.614000+00:00,1.0,P
3209,3353,2021-06-05T17:52:37.764000+00:00,1.0,S
3210,3138,2021-06-05T17:52:35.614000+00:00,1.0,P
3210,3353,2021-06-05T17:52:37.764000+00:00,1.0,S
3211,3138,2021-06-05T17:52:35.614000+00:00,1.0,P
3211,3353,2021-06-05T17:52:37.764000+00:00,1.0,S
3212,3138,2021-06-05T17:52:35.614000+00:00,1.0,P
3212,3353,2021-06-05T17:52:37.764000+00:00,1.0,S
3213,3139,2021-06-05T17:52:35.624000+00:00,1.0,P
3213,3354,2021-06-05T17:52:37.774000+00:00,1.0,S
3214,3139,2021-06-05T17:52:35.624000+00:00,1.0,P
3214,3354,2021-06-05T17:52:37.774000+00:00,1.0,S
3215,3139,2021-06-05T17:52:35.624000+00:00,1.0,P
3215,3354,2021-06-05T17:52:37.774000+00:00,1.0,S
3216,3139,2021-06-05T17:52:35.624000+00:00,1.0,P
3216,3354,2021-06-05T17:52:37.774000+00:00,1.0,S
3217,3139,2021-06-05T17:52:35.624000+00:00,1.0,P
3217,3354,2021-06-05T17:52:37.774000+00:00,1.0,S
3218,3139,2021-06-05T17:52:35.624000+00:00,1.0,P
3218,3354,2021-06-05T17:52:37.774000+00:00,1.0,S
3219,3139,2021-06-05T17:52:35.624000+00:00,1.0,P
3219,3354,2021-06-05T17:52:37.774000+00:00,1.0,S
3220,3139,2021-06-05T17:52:35.624000+00:00,1.0,P
3220,3354,2021-06-05T17:52:37.774000+00:00,1.0,S
3221,3139,2021-06-05T17:52:35.624000+00:00,1.0,P
3221,3355,2021-06-05T17:52:37.783999+00:00,1.0,S
3222,3140,2021-06-05T17:52:35.634000+00:00,1.0,P
3222,3355,2021-06-05T17:52:37.783999+00:00,1.0,S
3223,3140,2021-06-05T17:52:35.634000+00:00,1.0,P
3223,3355,2021-06-05T17:52:37.783999+00:00,1.0,S
3224,3140,2021-06-05T17:52:35.634000+00:00,1.0,P
3224,3355,2021-06-05T17:52:37.783999+00:00,1.0,S
3225,3140,2021-06-05T17:52:35.634000+00:00,1.0,P
3225,3355,2021-06-05T17:52:37.783999+00:00,1.0,S
3226,3140,2021-06-05T17:52:35.634000+00:00,1.0,P
3226,3355,2021-06-05T17:52:37.783999+00:00,1.0,S
3227,3140,2021-06-05T17:52:35.634000+00:00,1.0,P
3227,3355,2021-06-05T17:52:37.783999+00:00,1.0,S
3228,3140,2021-06-05T17:52:35.634000+00:00,1.0,P
3228,3355,2021-06-05T17:52:37.783999+00:00,1.0,S
3229,3140,2021-06-05T17:52:35.634000+00:00,1.0,P
3229,3356,2021-06-05T17:52:37.794000+00:00,1.0,S
3230,3140,2021-06-05T17:52:35.634000+00:00,1.0,P
3230,3356,2021-06-05T17:52:37.794000+00:00,1.0,S
3231,3141,2021-06-05T17:52:35.644000+00:00,1.0,P
3231,3356,2021-06-05T17:52:37.794000+00:00,1.0,S
3232,3141,2021-06-05T17:52:35.644000+00:00,1.0,P
3232,3356,2021-06-05T17:52:37.794000+00:00,1.0,S
3233,3141,2021-06-05T17:52:35.644000+00:00,1.0,P
3233,3356,2021-06-05T17:52:37.794000+00:00,1.0,S
3234,3141,2021-06-05T17:52:35.644000+00:00,1.0,P
3234,3356,2021-06-05T17:52:37.794000+00:00,1.0,S
3235,3141,2021-06-05T17:52:35.644000+00:00,1.0,P
3235,3356,2021-06-05T17:52:37.794000+00:00,1.0,S
3236,3141,2021-06-05T17:52:35.644000+00:00,1.0,P
3236,3356,2021-06-05T17:52:37.794000+00:00,1.0,S
3237,3141,2021-06-05T17:52:35.644000+00:00,1.0,P
3237,3356,2021-06-05T17:52:37.794000+00:00,1.0,S
3238,3141,2021-06-05T17:52:35.644000+00:00,1.0,P
3238,3357,2021-06-05T17:52:37.804000+00:00,1.0,S
3239,3141,2021-06-05T17:52:35.644000+00:00,1.0,P
3239,3357,2021-06-05T17:52:37.804000+00:00,1.0,S
3240,3141,2021-06-05T17:52:35.644000+00:00,1.0,P
3240,3357,2021-06-05T17:52:37.804000+00:00,1.0,S
3241,3142,2021-06-05T17:52:35.654000+00:00,1.0,P
3241,3357,2021-06-05T17:52:37.804000+00:00,1.0,S
3242,3142,2021-06-05T17:52:35.654000+00:00,1.0,P
3242,3357,2021-06-05T17:52:37.804000+00:00,1.0,S
3243,3142,2021-06-05T17:52:35.654000+00:00,1.0,P
3243,3357,2021-06-05T17:52:37.804000+00:00,1.0,S
3244,3142,2021-06-05T17:52:35.654000+00:00,1.0,P
3244,3357,2021-06-05T17:52:37.804000+00:00,1.0,S
3245,3142,2021-06-05T17:52:35.654000+00:00,1.0,P
3245,3357,2021-06-05T17:52:37.804000+00:00,1.0,S
3246,3142,2021-06-05T17:52:35.654000+00:00,1.0,P
3246,3357,2021-06-05T17:52:37.804000+00:00,1.0,S
3247,3142,2021-06-05T17:52:35.654000+00:00,1.0,P
3247,3357,2021-06-05T17:52:37.804000+00:00,1.0,S
3248,3142,2021-06-05T17:52:35.654000+00:00,1.0,P
3248,3357,2021-06-05T17:52:37.804000+00:00,1.0,S
3249,3142,2021-06-05T17:52:35.654000+00:00,1.0,P
3249,3357,2021-06-05T17:52:37.804000+00:00,1.0,S
3250,3142,2021-06-05T17:52:35.654000+00:00,1.0,P
3250,3358,2021-06-05T17:52:37.814000+00:00,1.0,S
3251,3142,2021-06-05T17:52:35.654000+00:00,1.0,P
3251,3358,2021-06-05T17:52:37.814000+00:00,1.0,S
3252,3142,2021-06-05T17:52:35.654000+00:00,1.0,P
3252,3358,2021-06-05T17:52:37.814000+00:00,1.0,S
3253,3142,2021-06-05T17:52:35.654000+00:00,1.0,P
3253,3358,2021-06-05T17:52:37.814000+00:00,1.0,S
3254,3142,2021-06-05T17:52:35.654000+00:00,1.0,P
3254,3358,2021-06-05T17:52:37.814000+00:00,1.0,S
3255,3143,2021-06-05T17:52:35.664000+00:00,1.0,P
3255,3358,2021-06-05T17:52:37.814000+00:00,1.0,S
3256,3143,2021-06-05T17:52:35.664000+00:00,1.0,P
3256,3358,2021-06-05T17:52:37.814000+00:00,1.0,S
3257,3143,2021-06-05T17:52:35.664000+00:00,1.0,P
3257,3358,2021-06-05T17:52:37.814000+00:00,1.0,S
3258,3143,2021-06-05T17:52:35.664000+00:00,1.0,P
3258,3358,2021-06-05T17:52:37.814000+00:00,1.0,S
3259,3143,2021-06-05T17:52:35.664000+00:00,1.0,P
3259,3358,2021-06-05T17:52:37.814000+00:00,1.0,S
3260,3143,2021-06-05T17:52:35.664000+00:00,1.0,P
3260,3358,2021-06-05T17:52:37.814000+00:00,1.0,S
3261,3143,2021-06-05T17:52:35.664000+00:00,1.0,P
3261,3358,2021-06-05T17:52:37.814000+00:00,1.0,S
3262,3143,2021-06-05T17:52:35.664000+00:00,1.0,P
3262,3358,2021-06-05T17:52:37.814000+00:00,1.0,S
3263,3143,2021-06-05T17:52:35.664000+00:00,1.0,P
3263,3358,2021-06-05T17:52:37.814000+00:00,1.0,S
3264,3143,2021-06-05T17:52:35.664000+00:00,1.0,P
3264,3358,2021-06-05T17:52:37.814000+00:00,1.0,S
3265,3143,2021-06-05T17:52:35.664000+00:00,1.0,P
3265,3358,2021-06-05T17:52:37.814000+00:00,1.0,S
3266,3143,2021-06-05T17:52:35.664000+00:00,1.0,P
3266,3358,2021-06-05T17:52:37.814000+00:00,1.0,S
3267,3143,2021-06-05T17:52:35.664000+00:00,1.0,P
3267,3358,2021-06-05T17:52:37.814000+00:00,1.0,S
3268,3144,2021-06-05T17:52:35.674000+00:00,1.0,P
3268,3358,2021-06-05T17:52:37.814000+00:00,1.0,S
3269,3144,2021-06-05T17:52:35.674000+00:00,1.0,P
3269,3358,2021-06-05T17:52:37.814000+00:00,1.0,S
3270,3144,2021-06-05T17:52:35.674000+00:00,1.0,P
3270,3358,2021-06-05T17:52:37.814000+00:00,1.0,S
3271,3144,2021-06-05T17:52:35.674000+00:00,1.0,P
3271,3358,2021-06-05T17:52:37.814000+00:00,1.0,S
3272,3144,2021-06-05T17:52:35.674000+00:00,1.0,P
3272,3358,2021-06-05T17:52:37.814000+00:00,1.0,S
3273,3144,2021-06-05T17:52:35.674000+00:00,1.0,P
3273,3358,2021-06-05T17:52:37.814000+00:00,1.0,S
3274,3144,2021-06-05T17:52:35.674000+00:00,1.0,P
3274,3359,2021-06-05T17:52:37.824000+00:00,1.0,S
3275,3144,2021-06-05T17:52:35.674000+00:00,1.0,P
3275,3359,2021-06-05T17:52:37.824000+00:00,1.0,S
3276,3144,2021-06-05T17:52:35.674000+00:00,1.0,P
3276,3359,2021-06-05T17:52:37.824000+00:00,1.0,S
3277,3144,2021-06-05T17:52:35.674000+00:00,1.0,P
3277,3359,2021-06-05T17:52:37.824000+00:00,1.0,S
3278,3144,2021-06-05T17:52:35.674000+00:00,1.0,P
3278,3359,2021-06-05T17:52:37.824000+00:00,1.0,S
3279,3144,2021-06-05T17:52:35.674000+00:00,1.0,P
3279,3359,2021-06-05T17:52:37.824000+00:00,1.0,S
3280,3144,2021-06-05T17:52:35.674000+00:00,1.0,P
3280,3359,2021-06-05T17:52:37.824000+00:00,1.0,S
3281,3144,2021-06-05T17:52:35.674000+00:00,1.0,P
3281,3359,2021-06-05T17:52:37.824000+00:00,1.0,S
3282,3144,2021-06-05T17:52:35.674000+00:00,1.0,P
3282,3359,2021-06-05T17:52:37.824000+00:00,1.0,S
3283,3144,2021-06-05T17:52:35.674000+00:00,1.0,P
3283,3358,2021-06-05T17:52:37.814000+00:00,1.0,S
3284,3144,2021-06-05T17:52:35.674000+00:00,1.0,P
3284,3358,2021-06-05T17:52:37.814000+00:00,1.0,S
3285,3144,2021-06-05T17:52:35.674000+00:00,1.0,P
3285,3358,2021-06-05T17:52:37.814000+00:00,1.0,S
3286,3144,2021-06-05T17:52:35.674000+00:00,1.0,P
3286,3358,2021-06-05T17:52:37.814000+00:00,1.0,S
3287,3144,2021-06-05T17:52:35.674000+00:00,1.0,P
3287,3358,2021-06-05T17:52:37.814000+00:00,1.0,S
3288,3144,2021-06-05T17:52:35.674000+00:00,1.0,P
3288,3358,2021-06-05T17:52:37.814000+00:00,1.0,S
3289,3144,2021-06-05T17:52:35.674000+00:00,1.0,P
3289,3358,2021-06-05T17:52:37.814000+00:00,1.0,S
3290,3144,2021-06-05T17:52:35.674000+00:00,1.0,P
3290,3358,2021-06-05T17:52:37.814000+00:00,1.0,S
3291,3144,2021-06-05T17:52:35.674000+00:00,1.0,P
3291,3358,2021-06-05T17:52:37.814000+00:00,1.0,S
3292,3144,2021-06-05T17:52:35.674000+00:00,1.0,P
3292,3358,2021-06-05T17:52:37.814000+00:00,1.0,S
3293,3144,2021-06-05T17:52:35.674000+00:00,1.0,P
3293,3358,2021-06-05T17:52:37.814000+00:00,1.0,S
3294,3144,2021-06-05T17:52:35.674000+00:00,1.0,P
3294,3358,2021-06-05T17:52:37.814000+00:00,1.0,S
3295,3144,2021-06-05T17:52:35.674000+00:00,1.0,P
3295,3358,2021-06-05T17:52:37.814000+00:00,1.0,S
3296,3144,2021-06-05T17:52:35.674000+00:00,1.0,P
3296,3358,2021-06-05T17:52:37.814000+00:00,1.0,S
3297,3144,2021-06-05T17:52:35.674000+00:00,1.0,P
3297,3358,2021-06-05T17:52:37.814000+00:00,1.0,S
3298,3144,2021-06-05T17:52:35.674000+00:00,1.0,P
3298,3358,2021-06-05T17:52:37.814000+00:00,1.0,S
3299,3144,2021-06-05T17:52:35.674000+00:00,1.0,P
3299,3358,2021-06-05T17:52:37.814000+00:00,1.0,S
3300,3144,2021-06-05T17:52:35.674000+00:00,1.0,P
3300,3358,2021-06-05T17:52:37.814000+00:00,1.0,S
3301,3144,2021-06-05T17:52:35.674000+00:00,1.0,P
3301,3358,2021-06-05T17:52:37.814000+00:00,1.0,S
3302,3144,2021-06-05T17:52:35.674000+00:00,1.0,P
3302,3358,2021-06-05T17:52:37.814000+00:00,1.0,S
3303,3144,2021-06-05T17:52:35.674000+00:00,1.0,P
3303,3358,2021-06-05T17:52:37.814000+00:00,1.0,S
3304,3144,2021-06-05T17:52:35.674000+00:00,1.0,P
3304,3358,2021-06-05T17:52:37.814000+00:00,1.0,S
3305,3144,2021-06-05T17:52:35.674000+00:00,1.0,P
3305,3358,2021-06-05T17:52:37.814000+00:00,1.0,S
3306,3144,2021-06-05T17:52:35.674000+00:00,1.0,P
3306,3358,2021-06-05T17:52:37.814000+00:00,1.0,S
3307,3144,2021-06-05T17:52:35.674000+00:00,1.0,P
3307,3358,2021-06-05T17:52:37.814000+00:00,1.0,S
3308,3144,2021-06-05T17:52:35.674000+00:00,1.0,P
3308,3358,2021-06-05T17:52:37.814000+00:00,1.0,S
3309,3144,2021-06-05T17:52:35.674000+00:00,1.0,P
3309,3358,2021-06-05T17:52:37.814000+00:00,1.0,S
3310,3144,2021-06-05T17:52:35.674000+00:00,1.0,P
3310,3357,2021-06-05T17:52:37.804000+00:00,1.0,S
3311,3144,2021-06-05T17:52:35.674000+00:00,1.0,P
3311,3357,2021-06-05T17:52:37.804000+00:00,1.0,S
3312,3144,2021-06-05T17:52:35.674000+00:00,1.0,P
3312,3357,2021-06-05T17:52:37.804000+00:00,1.0,S
3313,3144,2021-06-05T17:52:35.674000+00:00,1.0,P
3313,3357,2021-06-05T17:52:37.804000+00:00,1.0,S
3314,3144,2021-06-05T17:52:35.674000+00:00,1.0,P
3314,3357,2021-06-05T17:52:37.804000+00:00,1.0,S
3315,3143,2021-06-05T17:52:35.664000+00:00,1.0,P
3315,3357,2021-06-05T17:52:37.804000+00:00,1.0,S
3316,3143,2021-06-05T17:52:35.664000+00:00,1.0,P
3316,3357,2021-06-05T17:52:37.804000+00:00,1.0,S
3317,3143,2021-06-05T17:52:35.664000+00:00,1.0,P
3317,3357,2021-06-05T17:52:37.804000+00:00,1.0,S
3318,3143,2021-06-05T17:52:35.664000+00:00,1.0,P
3318,3357,2021-06-05T17:52:37.804000+00:00,1.0,S
3319,3143,2021-06-05T17:52:35.664000+00:00,1.0,P
3319,3357,2021-06-05T17:52:37.804000+00:00,1.0,S
3320,3143,2021-06-05T17:52:35.664000+00:00,1.0,P
3320,3357,2021-06-05T17:52:37.804000+00:00,1.0,S
3321,3143,2021-06-05T17:52:35.664000+00:00,1.0,P
3321,3357,2021-06-05T17:52:37.804000+00:00,1.0,S
3322,3143,2021-06-05T17:52:35.664000+00:00,1.0,P
3322,3357,2021-06-05T17:52:37.804000+00:00,1.0,S
3323,3143,2021-06-05T17:52:35.664000+00:00,1.0,P
3323,3356,2021-06-05T17:52:37.794000+00:00,1.0,S
3324,3143,2021-06-05T17:52:35.664000+00:00,1.0,P
3324,3356,2021-06-05T17:52:37.794000+00:00,1.0,S
3325,3143,2021-06-05T17:52:35.664000+00:00,1.0,P
3325,3356,2021-06-05T17:52:37.794000+00:00,1.0,S
3326,3143,2021-06-05T17:52:35.664000+00:00,1.0,P
3326,3356,2021-06-05T17:52:37.794000+00:00,1.0,S
3327,3143,2021-06-05T17:52:35.664000+00:00,1.0,P
3327,3356,2021-06-05T17:52:37.794000+00:00,1.0,S
3328,3143,2021-06-05T17:52:35.664000+00:00,1.0,P
3328,3356,2021-06-05T17:52:37.794000+00:00,1.0,S
3329,3143,2021-06-05T17:52:35.664000+00:00,1.0,P
3329,3356,2021-06-05T17:52:37.794000+00:00,1.0,S
3330,3143,2021-06-05T17:52:35.664000+00:00,1.0,P
3330,3356,2021-06-05T17:52:37.794000+00:00,1.0,S
3331,3142,2021-06-05T17:52:35.654000+00:00,1.0,P
3331,3356,2021-06-05T17:52:37.794000+00:00,1.0,S
3332,3142,2021-06-05T17:52:35.654000+00:00,1.0,P
3332,3356,2021-06-05T17:52:37.794000+00:00,1.0,S
3333,3142,2021-06-05T17:52:35.654000+00:00,1.0,P
3333,3355,2021-06-05T17:52:37.783999+00:00,1.0,S
3334,3142,2021-06-05T17:52:35.654000+00:00,1.0,P
3334,3355,2021-06-05T17:52:37.783999+00:00,1.0,S
3335,3142,2021-06-05T17:52:35.654000+00:00,1.0,P
3335,3355,2021-06-05T17:52:37.783999+00:00,1.0,S
3336,3142,2021-06-05T17:52:35.654000+00:00,1.0,P
3336,3355,2021-06-05T17:52:37.783999+00:00,1.0,S
3337,3142,2021-06-05T17:52:35.654000+00:00,1.0,P
3337,3355,2021-06-05T17:52:37.783999+00:00,1.0,S
3338,3142,2021-06-05T17:52:35.654000+00:00,1.0,P
3338,3355,2021-06-05T17:52:37.783999+00:00,1.0,S
3339,3142,2021-06-05T17:52:35.654000+00:00,1.0,P
3339,3355,2021-06-05T17:52:37.783999+00:00,1.0,S
3340,3142,2021-06-05T17:52:35.654000+00:00,1.0,P
3340,3355,2021-06-05T17:52:37.783999+00:00,1.0,S
3341,3142,2021-06-05T17:52:35.654000+00:00,1.0,P
3341,3354,2021-06-05T17:52:37.774000+00:00,1.0,S
3342,3142,2021-06-05T17:52:35.654000+00:00,1.0,P
3342,3354,2021-06-05T17:52:37.774000+00:00,1.0,S
3343,3142,2021-06-05T17:52:35.654000+00:00,1.0,P
3343,3354,2021-06-05T17:52:37.774000+00:00,1.0,S
3344,3141,2021-06-05T17:52:35.644000+00:00,1.0,P
3344,3354,2021-06-05T17:52:37.774000+00:00,1.0,S
3345,3141,2021-06-05T17:52:35.644000+00:00,1.0,P
3345,3354,2021-06-05T17:52:37.774000+00:00,1.0,S
3346,3141,2021-06-05T17:52:35.644000+00:00,1.0,P
3346,3354,2021-06-05T17:52:37.774000+00:00,1.0,S
3347,3141,2021-06-05T17:52:35.644000+00:00,1.0,P
3347,3354,2021-06-05T17:52:37.774000+00:00,1.0,S
3348,3141,2021-06-05T17:52:35.644000+00:00,1.0,P
3348,3354,2021-06-05T17:52:37.774000+00:00,1.0,S
3349,3141,2021-06-05T17:52:35.644000+00:00,1.0,P
3349,3354,2021-06-05T17:52:37.774000+00:00,1.0,S
3350,3141,2021-06-05T17:52:35.644000+00:00,1.0,P
3350,3353,2021-06-05T17:52:37.764000+00:00,1.0,S
3351,3141,2021-06-05T17:52:35.644000+00:00,1.0,P
3351,3353,2021-06-05T17:52:37.764000+00:00,1.0,S
3352,3141,2021-06-05T17:52:35.644000+00:00,1.0,P
3352,3353,2021-06-05T17:52:37.764000+00:00,1.0,S
3353,3141,2021-06-05T17:52:35.644000+00:00,1.0,P
3353,3353,2021-06-05T17:52:37.764000+00:00,1.0,S
3354,3141,2021-06-05T17:52:35.644000+00:00,1.0,P
3354,3353,2021-06-05T17:52:37.764000+00:00,1.0,S
3355,3141,2021-06-05T17:52:35.644000+00:00,1.0,P
3355,3353,2021-06-05T17:52:37.764000+00:00,1.0,S
3356,3140,2021-06-05T17:52:35.634000+00:00,1.0,P
3356,3353,2021-06-05T17:52:37.764000+00:00,1.0,S
3357,3140,2021-06-05T17:52:35.634000+00:00,1.0,P
3357,3352,2021-06-05T17:52:37.754000+00:00,1.0,S
3358,3140,2021-06-05T17:52:35.634000+00:00,1.0,P
3358,3352,2021-06-05T17:52:37.754000+00:00,1.0,S
3359,3140,2021-06-05T17:52:35.634000+00:00,1.0,P
3359,3352,2021-06-05T17:52:37.754000+00:00,1.0,S
3360,3140,2021-06-05T17:52:35.634000+00:00,1.0,P
3360,3352,2021-06-05T17:52:37.754000+00:00,1.0,S
3361,3140,2021-06-05T17:52:35.634000+00:00,1.0,P
3361,3352,2021-06-05T17:52:37.754000+00:00,1.0,S
3362,3140,2021-06-05T17:52:35.634000+00:00,1.0,P
3362,3352,2021-06-05T17:52:37.754000+00:00,1.0,S
3363,3140,2021-06-05T17:52:35.634000+00:00,1.0,P
3363,3352,2021-06-05T17:52:37.754000+00:00,1.0,S
3364,3140,2021-06-05T17:52:35.634000+00:00,1.0,P
3364,3351,2021-06-05T17:52:37.743999+00:00,1.0,S
3365,3140,2021-06-05T17:52:35.634000+00:00,1.0,P
3365,3351,2021-06-05T17:52:37.743999+00:00,1.0,S
3366,3139,2021-06-05T17:52:35.624000+00:00,1.0,P
3366,3351,2021-06-05T17:52:37.743999+00:00,1.0,S
3367,3139,2021-06-05T17:52:35.624000+00:00,1.0,P
3367,3351,2021-06-05T17:52:37.743999+00:00,1.0,S
3368,3139,2021-06-05T17:52:35.624000+00:00,1.0,P
3368,3351,2021-06-05T17:52:37.743999+00:00,1.0,S
3369,3139,2021-06-05T17:52:35.624000+00:00,1.0,P
3369,3351,2021-06-05T17:52:37.743999+00:00,1.0,S
3370,3139,2021-06-05T17:52:35.624000+00:00,1.0,P
3370,3351,2021-06-05T17:52:37.743999+00:00,1.0,S
3371,3139,2021-06-05T17:52:35.624000+00:00,1.0,P
3371,3350,2021-06-05T17:52:37.734000+00:00,1.0,S
3372,3139,2021-06-05T17:52:35.624000+00:00,1.0,P
3372,3350,2021-06-05T17:52:37.734000+00:00,1.0,S
3373,3139,2021-06-05T17:52:35.624000+00:00,1.0,P
3373,3350,2021-06-05T17:52:37.734000+00:00,1.0,S
3374,3139,2021-06-05T17:52:35.624000+00:00,1.0,P
3374,3350,2021-06-05T17:52:37.734000+00:00,1.0,S
3375,3138,2021-06-05T17:52:35.614000+00:00,1.0,P
3375,3350,2021-06-05T17:52:37.734000+00:00,1.0,S
3376,3138,2021-06-05T17:52:35.614000+00:00,1.0,P
3376,3350,2021-06-05T17:52:37.734000+00:00,1.0,S
3377,3138,2021-06-05T17:52:35.614000+00:00,1.0,P
3377,3350,2021-06-05T17:52:37.734000+00:00,1.0,S
3378,3138,2021-06-05T17:52:35.614000+00:00,1.0,P
3378,3349,2021-06-05T17:52:37.724000+00:00,1.0,S
3379,3138,2021-06-05T17:52:35.614000+00:00,1.0,P
3379,3349,2021-06-05T17:52:37.724000+00:00,1.0,S
3380,3138,2021-06-05T17:52:35.614000+00:00,1.0,P
3380,3349,2021-06-05T17:52:37.724000+00:00,1.0,S
3381,3138,2021-06-05T17:52:35.614000+00:00,1.0,P
3381,3349,2021-06-05T17:52:37.724000+00:00,1.0,S
3382,3138,2021-06-05T17:52:35.614000+00:00,1.0,P
3382,3349,2021-06-05T17:52:37.724000+00:00,1.0,S
3383,3138,2021-06-05T17:52:35.614000+00:00,1.0,P
3383,3349,2021-06-05T17:52:37.724000+00:00,1.0,S
3384,3137,2021-06-05T17:52:35.604000+00:00,1.0,P
3384,3349,2021-06-05T17:52:37.724000+00:00,1.0,S
3385,3137,2021-06-05T17:52:35.604000+00:00,1.0,P
3385,3348,2021-06-05T17:52:37.714000+00:00,1.0,S
3386,3137,2021-06-05T17:52:35.604000+00:00,1.0,P
3386,3348,2021-06-05T17:52:37.714000+00:00,1.0,S
3387,3137,2021-06-05T17:52:35.604000+00:00,1.0,P
3387,3348,2021-06-05T17:52:37.714000+00:00,1.0,S
3388,3137,2021-06-05T17:52:35.604000+00:00,1.0,P
3388,3348,2021-06-05T17:52:37.714000+00:00,1.0,S
3389,3137,2021-06-05T17:52:35.604000+00:00,1.0,P
3389,3348,2021-06-05T17:52:37.714000+00:00,1.0,S
3390,3137,2021-06-05T17:52:35.604000+00:00,1.0,P
3390,3348,2021-06-05T17:52:37.714000+00:00,1.0,S
3391,3137,2021-06-05T17:52:35.604000+00:00,1.0,P
3391,3347,2021-06-05T17:52:37.704000+00:00,1.0,S
3392,3136,2021-06-05T17:52:35.594000+00:00,1.0,P
3392,3347,2021-06-05T17:52:37.704000+00:00,1.0,S
3393,3136,2021-06-05T17:52:35.594000+00:00,1.0,P
3393,3347,2021-06-05T17:52:37.704000+00:00,1.0,S
3394,3136,2021-06-05T17:52:35.594000+00:00,1.0,P
3394,3347,2021-06-05T17:52:37.704000+00:00,1.0,S
3395,3136,2021-06-05T17:52:35.594000+00:00,1.0,P
3395,3347,2021-06-05T17:52:37.704000+00:00,1.0,S
3396,3136,2021-06-05T17:52:35.594000+00:00,1.0,P
3396,3347,2021-06-05T17:52:37.704000+00:00,1.0,S
3397,3136,2021-06-05T17:52:35.594000+00:00,1.0,P
3397,3346,2021-06-05T17:52:37.694000+00:00,1.0,S
3398,3136,2021-06-05T17:52:35.594000+00:00,1.0,P
3398,3346,2021-06-05T17:52:37.694000+00:00,1.0,S
3399,3136,2021-06-05T17:52:35.594000+00:00,1.0,P
3399,3346,2021-06-05T17:52:37.694000+00:00,1.0,S
3400,3135,2021-06-05T17:52:35.584000+00:00,1.0,P
3400,3346,2021-06-05T17:52:37.694000+00:00,1.0,S
3401,3135,2021-06-05T17:52:35.584000+00:00,1.0,P
3401,3346,2021-06-05T17:52:37.694000+00:00,1.0,S
3402,3135,2021-06-05T17:52:35.584000+00:00,1.0,P
3402,3346,2021-06-05T17:52:37.694000+00:00,1.0,S
3403,3135,2021-06-05T17:52:35.584000+00:00,1.0,P
3403,3345,2021-06-05T17:52:37.684000+00:00,1.0,S
3404,3135,2021-06-05T17:52:35.584000+00:00,1.0,P
3404,3345,2021-06-05T17:52:37.684000+00:00,1.0,S
3405,3135,2021-06-05T17:52:35.584000+00:00,1.0,P
3405,3345,2021-06-05T17:52:37.684000+00:00,1.0,S
3406,3135,2021-06-05T17:52:35.584000+00:00,1.0,P
3406,3345,2021-06-05T17:52:37.684000+00:00,1.0,S
3407,3134,2021-06-05T17:52:35.574000+00:00,1.0,P
3407,3345,2021-06-05T17:52:37.684000+00:00,1.0,S
3408,3134,2021-06-05T17:52:35.574000+00:00,1.0,P
3408,3345,2021-06-05T17:52:37.684000+00:00,1.0,S
3409,3134,2021-06-05T17:52:35.574000+00:00,1.0,P
3409,3344,2021-06-05T17:52:37.673999+00:00,1.0,S
3410,3134,2021-06-05T17:52:35.574000+00:00,1.0,P
3410,3344,2021-06-05T17:52:37.673999+00:00,1.0,S
3411,3134,2021-06-05T17:52:35.574000+00:00,1.0,P
3411,3344,2021-06-05T17:52:37.673999+00:00,1.0,S
3412,3134,2021-06-05T17:52:35.574000+00:00,1.0,P
3412,3344,2021-06-05T17:52:37.673999+00:00,1.0,S
3413,3133,2021-06-05T17:52:35.564000+00:00,1.0,P
3413,3344,2021-06-05T17:52:37.673999+00:00,1.0,S
3414,3133,2021-06-05T17:52:35.564000+00:00,1.0,P
3414,3343,2021-06-05T17:52:37.664000+00:00,1.0,S
3415,3133,2021-06-05T17:52:35.564000+00:00,1.0,P
3415,3343,2021-06-05T17:52:37.664000+00:00,1.0,S
3416,3133,2021-06-05T17:52:35.564000+00:00,1.0,P
3416,3343,2021-06-05T17:52:37.664000+00:00,1.0,S
3417,3133,2021-06-05T17:52:35.564000+00:00,1.0,P
3417,3343,2021-06-05T17:52:37.664000+00:00,1.0,S
3418,3133,2021-06-05T17:52:35.564000+00:00,1.0,P
3418,3343,2021-06-05T17:52:37.664000+00:00,1.0,S
3419,3133,2021-06-05T17:52:35.564000+00:00,1.0,P
3419,3342,2021-06-05T17:52:37.654000+00:00,1.0,S
3420,3132,2021-06-05T17:52:35.554000+00:00,1.0,P
3420,3342,2021-06-05T17:52:37.654000+00:00,1.0,S
3421,3132,2021-06-05T17:52:35.554000+00:00,1.0,P
3421,3342,2021-06-05T17:52:37.654000+00:00,1.0,S
3422,3132,2021-06-05T17:52:35.554000+00:00,1.0,P
3422,3342,2021-06-05T17:52:37.654000+00:00,1.0,S
3423,3132,2021-06-05T17:52:35.554000+00:00,1.0,P
3423,3342,2021-06-05T17:52:37.654000+00:00,1.0,S
3424,3132,2021-06-05T17:52:35.554000+00:00,1.0,P
3424,3342,2021-06-05T17:52:37.654000+00:00,1.0,S
3425,3132,2021-06-05T17:52:35.554000+00:00,1.0,P
3425,3341,2021-06-05T17:52:37.644000+00:00,1.0,S
3426,3132,2021-06-05T17:52:35.554000+00:00,1.0,P
3426,3341,2021-06-05T17:52:37.644000+00:00,1.0,S
3427,3131,2021-06-05T17:52:35.544000+00:00,1.0,P
3427,3341,2021-06-05T17:52:37.644000+00:00,1.0,S
3428,3131,2021-06-05T17:52:35.544000+00:00,1.0,P
3428,3341,2021-06-05T17:52:37.644000+00:00,1.0,S
3429,3131,2021-06-05T17:52:35.544000+00:00,1.0,P
3429,3341,2021-06-05T17:52:37.644000+00:00,1.0,S
3430,3131,2021-06-05T17:52:35.544000+00:00,1.0,P
3430,3340,2021-06-05T17:52:37.634000+00:00,1.0,S
3431,3131,2021-06-05T17:52:35.544000+00:00,1.0,P
3431,3340,2021-06-05T17:52:37.634000+00:00,1.0,S
3432,3131,2021-06-05T17:52:35.544000+00:00,1.0,P
3432,3340,2021-06-05T17:52:37.634000+00:00,1.0,S
3433,3130,2021-06-05T17:52:35.534000+00:00,1.0,P
3433,3340,2021-06-05T17:52:37.634000+00:00,1.0,S
3434,3130,2021-06-05T17:52:35.534000+00:00,1.0,P
3434,3339,2021-06-05T17:52:37.624000+00:00,1.0,S
3435,3130,2021-06-05T17:52:35.534000+00:00,1.0,P
3435,3339,2021-06-05T17:52:37.624000+00:00,1.0,S
3436,3130,2021-06-05T17:52:35.534000+00:00,1.0,P
3436,3339,2021-06-05T17:52:37.624000+00:00,1.0,S
3437,3130,2021-06-05T17:52:35.534000+00:00,1.0,P
3437,3339,2021-06-05T17:52:37.624000+00:00,1.0,S
3438,3130,2021-06-05T17:52:35.534000+00:00,1.0,P
3438,3339,2021-06-05T17:52:37.624000+00:00,1.0,S
3439,3130,2021-06-05T17:52:35.534000+00:00,1.0,P
3439,3338,2021-06-05T17:52:37.614000+00:00,1.0,S
3440,3130,2021-06-05T17:52:35.534000+00:00,1.0,P
3440,3338,2021-06-05T17:52:37.614000+00:00,1.0,S
3441,3130,2021-06-05T17:52:35.534000+00:00,1.0,P
3441,3338,2021-06-05T17:52:37.614000+00:00,1.0,S
3442,3130,2021-06-05T17:52:35.534000+00:00,1.0,P
3442,3338,2021-06-05T17:52:37.614000+00:00,1.0,S
3443,3130,2021-06-05T17:52:35.534000+00:00,1.0,P
3443,3338,2021-06-05T17:52:37.614000+00:00,1.0,S
3444,3129,2021-06-05T17:52:35.524000+00:00,1.0,P
3444,3337,2021-06-05T17:52:37.603999+00:00,1.0,S
3445,3129,2021-06-05T17:52:35.524000+00:00,1.0,P
3445,3337,2021-06-05T17:52:37.603999+00:00,1.0,S
3446,3129,2021-06-05T17:52:35.524000+00:00,1.0,P
3446,3337,2021-06-05T17:52:37.603999+00:00,1.0,S
3447,3129,2021-06-05T17:52:35.524000+00:00,1.0,P
3447,3337,2021-06-05T17:52:37.603999+00:00,1.0,S
3448,3129,2021-06-05T17:52:35.524000+00:00,1.0,P
3448,3337,2021-06-05T17:52:37.603999+00:00,1.0,S
3449,3129,2021-06-05T17:52:35.524000+00:00,1.0,P
3449,3336,2021-06-05T17:52:37.594000+00:00,1.0,S
3450,3129,2021-06-05T17:52:35.524000+00:00,1.0,P
3450,3336,2021-06-05T17:52:37.594000+00:00,1.0,S
3451,3129,2021-06-05T17:52:35.524000+00:00,1.0,P
3451,3336,2021-06-05T17:52:37.594000+00:00,1.0,S
3452,3129,2021-06-05T17:52:35.524000+00:00,1.0,P
3452,3336,2021-06-05T17:52:37.594000+00:00,1.0,S
3453,3129,2021-06-05T17:52:35.524000+00:00,1.0,P
3453,3336,2021-06-05T17:52:37.594000+00:00,1.0,S
3454,3129,2021-06-05T17:52:35.524000+00:00,1.0,P
3454,3335,2021-06-05T17:52:37.584000+00:00,1.0,S
3455,3129,2021-06-05T17:52:35.524000+00:00,1.0,P
3455,3335,2021-06-05T17:52:37.584000+00:00,1.0,S
3456,3129,2021-06-05T17:52:35.524000+00:00,1.0,P
3456,3335,2021-06-05T17:52:37.584000+00:00,1.0,S
3457,3129,2021-06-05T17:52:35.524000+00:00,1.0,P
3457,3335,2021-06-05T17:52:37.584000+00:00,1.0,S
3458,3129,2021-06-05T17:52:35.524000+00:00,1.0,P
3458,3334,2021-06-05T17:52:37.574000+00:00,1.0,S
3459,3128,2021-06-05T17:52:35.514000+00:00,1.0,P
3459,3334,2021-06-05T17:52:37.574000+00:00,1.0,S
3460,3128,2021-06-05T17:52:35.514000+00:00,1.0,P
3460,3334,2021-06-05T17:52:37.574000+00:00,1.0,S
3461,3128,2021-06-05T17:52:35.514000+00:00,1.0,P
3461,3334,2021-06-05T17:52:37.574000+00:00,1.0,S
3462,3128,2021-06-05T17:52:35.514000+00:00,1.0,P
3462,3334,2021-06-05T17:52:37.574000+00:00,1.0,S
3463,3128,2021-06-05T17:52:35.514000+00:00,1.0,P
3463,3333,2021-06-05T17:52:37.564000+00:00,1.0,S
3464,3128,2021-06-05T17:52:35.514000+00:00,1.0,P
3464,3333,2021-06-05T17:52:37.564000+00:00,1.0,S
3465,3128,2021-06-05T17:52:35.514000+00:00,1.0,P
3465,3333,2021-06-05T17:52:37.564000+00:00,1.0,S
3466,3128,2021-06-05T17:52:35.514000+00:00,1.0,P
3466,3333,2021-06-05T17:52:37.564000+00:00,1.0,S
3467,3128,2021-06-05T17:52:35.514000+00:00,1.0,P
3467,3333,2021-06-05T17:52:37.564000+00:00,1.0,S
3468,3128,2021-06-05T17:52:35.514000+00:00,1.0,P
3468,3332,2021-06-05T17:52:37.554000+00:00,1.0,S
3469,3128,2021-06-05T17:52:35.514000+00:00,1.0,P
3469,3332,2021-06-05T17:52:37.554000+00:00,1.0,S
3470,3128,2021-06-05T17:52:35.514000+00:00,1.0,P
3470,3332,2021-06-05T17:52:37.554000+00:00,1.0,S
3471,3128,2021-06-05T17:52:35.514000+00:00,1.0,P
3471,3332,2021-06-05T17:52:37.554000+00:00,1.0,S
3472,3128,2021-06-05T17:52:35.514000+00:00,1.0,P
3472,3332,2021-06-05T17:52:37.554000+00:00,1.0,S
3473,3127,2021-06-05T17:52:35.504000+00:00,1.0,P
3473,3331,2021-06-05T17:52:37.544000+00:00,1.0,S
3474,3127,2021-06-05T17:52:35.504000+00:00,1.0,P
3474,3331,2021-06-05T17:52:37.544000+00:00,1.0,S
3475,3127,2021-06-05T17:52:35.504000+00:00,1.0,P
3475,3331,2021-06-05T17:52:37.544000+00:00,1.0,S
3476,3127,2021-06-05T17:52:35.504000+00:00,1.0,P
3476,3331,2021-06-05T17:52:37.544000+00:00,1.0,S
3477,3127,2021-06-05T17:52:35.504000+00:00,1.0,P
3477,3331,2021-06-05T17:52:37.544000+00:00,1.0,S
3478,3127,2021-06-05T17:52:35.504000+00:00,1.0,P
3478,3330,2021-06-05T17:52:37.533999+00:00,1.0,S
3479,3127,2021-06-05T17:52:35.504000+00:00,1.0,P
3479,3330,2021-06-05T17:52:37.533999+00:00,1.0,S
3480,3127,2021-06-05T17:52:35.504000+00:00,1.0,P
3480,3330,2021-06-05T17:52:37.533999+00:00,1.0,S
3481,3126,2021-06-05T17:52:35.494000+00:00,1.0,P
3481,3330,2021-06-05T17:52:37.533999+00:00,1.0,S
3482,3126,2021-06-05T17:52:35.494000+00:00,1.0,P
3482,3329,2021-06-05T17:52:37.524000+00:00,1.0,S
3483,3126,2021-06-05T17:52:35.494000+00:00,1.0,P
3483,3329,2021-06-05T17:52:37.524000+00:00,1.0,S
3484,3126,2021-06-05T17:52:35.494000+00:00,1.0,P
3484,3329,2021-06-05T17:52:37.524000+00:00,1.0,S
3485,3126,2021-06-05T17:52:35.494000+00:00,1.0,P
3485,3329,2021-06-05T17:52:37.524000+00:00,1.0,S
3486,3126,2021-06-05T17:52:35.494000+00:00,1.0,P
3486,3329,2021-06-05T17:52:37.524000+00:00,1.0,S
3487,3126,2021-06-05T17:52:35.494000+00:00,1.0,P
3487,3328,2021-06-05T17:52:37.514000+00:00,1.0,S
3488,3125,2021-06-05T17:52:35.484000+00:00,1.0,P
3488,3328,2021-06-05T17:52:37.514000+00:00,1.0,S
3489,3125,2021-06-05T17:52:35.484000+00:00,1.0,P
3489,3328,2021-06-05T17:52:37.514000+00:00,1.0,S
3490,3125,2021-06-05T17:52:35.484000+00:00,1.0,P
3490,3328,2021-06-05T17:52:37.514000+00:00,1.0,S
3491,3125,2021-06-05T17:52:35.484000+00:00,1.0,P
3491,3328,2021-06-05T17:52:37.514000+00:00,1.0,S
3492,3125,2021-06-05T17:52:35.484000+00:00,1.0,P
3492,3327,2021-06-05T17:52:37.504000+00:00,1.0,S
3493,3125,2021-06-05T17:52:35.484000+00:00,1.0,P
3493,3327,2021-06-05T17:52:37.504000+00:00,1.0,S
3494,3125,2021-06-05T17:52:35.484000+00:00,1.0,P
3494,3327,2021-06-05T17:52:37.504000+00:00,1.0,S
3495,3125,2021-06-05T17:52:35.484000+00:00,1.0,P
3495,3327,2021-06-05T17:52:37.504000+00:00,1.0,S
3496,3124,2021-06-05T17:52:35.474000+00:00,1.0,P
3496,3327,2021-06-05T17:52:37.504000+00:00,1.0,S
3497,3124,2021-06-05T17:52:35.474000+00:00,1.0,P
3497,3326,2021-06-05T17:52:37.493999+00:00,1.0,S
3498,3124,2021-06-05T17:52:35.474000+00:00,1.0,P
3498,3326,2021-06-05T17:52:37.493999+00:00,1.0,S
3499,3124,2021-06-05T17:52:35.474000+00:00,1.0,P
3499,3326,2021-06-05T17:52:37.493999+00:00,1.0,S
3500,3124,2021-06-05T17:52:35.474000+00:00,1.0,P
3500,3326,2021-06-05T17:52:37.493999+00:00,1.0,S
3501,3124,2021-06-05T17:52:35.474000+00:00,1.0,P
3501,3326,2021-06-05T17:52:37.493999+00:00,1.0,S
3502,3124,2021-06-05T17:52:35.474000+00:00,1.0,P
3502,3325,2021-06-05T17:52:37.484000+00:00,1.0,S
3503,3124,2021-06-05T17:52:35.474000+00:00,1.0,P
3503,3325,2021-06-05T17:52:37.484000+00:00,1.0,S
3504,3123,2021-06-05T17:52:35.464000+00:00,1.0,P
3504,3325,2021-06-05T17:52:37.484000+00:00,1.0,S
3505,3123,2021-06-05T17:52:35.464000+00:00,1.0,P
3505,3325,2021-06-05T17:52:37.484000+00:00,1.0,S
3506,3123,2021-06-05T17:52:35.464000+00:00,1.0,P
3506,3325,2021-06-05T17:52:37.484000+00:00,1.0,S
3507,3123,2021-06-05T17:52:35.464000+00:00,1.0,P
3507,3324,2021-06-05T17:52:37.474000+00:00,1.0,S
3508,3123,2021-06-05T17:52:35.464000+00:00,1.0,P
3508,3324,2021-06-05T17:52:37.474000+00:00,1.0,S
3509,3123,2021-06-05T17:52:35.464000+00:00,1.0,P
3509,3324,2021-06-05T17:52:37.474000+00:00,1.0,S
3510,3123,2021-06-05T17:52:35.464000+00:00,1.0,P
3510,3324,2021-06-05T17:52:37.474000+00:00,1.0,S
3511,3123,2021-06-05T17:52:35.464000+00:00,1.0,P
3511,3323,2021-06-05T17:52:37.464000+00:00,1.0,S
3512,3122,2021-06-05T17:52:35.454000+00:00,1.0,P
3512,3323,2021-06-05T17:52:37.464000+00:00,1.0,S
3513,3122,2021-06-05T17:52:35.454000+00:00,1.0,P
3513,3323,2021-06-05T17:52:37.464000+00:00,1.0,S
3514,3122,2021-06-05T17:52:35.454000+00:00,1.0,P
3514,3323,2021-06-05T17:52:37.464000+00:00,1.0,S
3515,3122,2021-06-05T17:52:35.454000+00:00,1.0,P
3515,3323,2021-06-05T17:52:37.464000+00:00,1.0,S
3516,3122,2021-06-05T17:52:35.454000+00:00,1.0,P
3516,3322,2021-06-05T17:52:37.454000+00:00,1.0,S
3517,3122,2021-06-05T17:52:35.454000+00:00,1.0,P
3517,3322,2021-06-05T17:52:37.454000+00:00,1.0,S
3518,3122,2021-06-05T17:52:35.454000+00:00,1.0,P
3518,3322,2021-06-05T17:52:37.454000+00:00,1.0,S
3519,3121,2021-06-05T17:52:35.444000+00:00,1.0,P
3519,3322,2021-06-05T17:52:37.454000+00:00,1.0,S
3520,3121,2021-06-05T17:52:35.444000+00:00,1.0,P
3520,3322,2021-06-05T17:52:37.454000+00:00,1.0,S
3521,3121,2021-06-05T17:52:35.444000+00:00,1.0,P
3521,3321,2021-06-05T17:52:37.444000+00:00,1.0,S
3522,3121,2021-06-05T17:52:35.444000+00:00,1.0,P
3522,3321,2021-06-05T17:52:37.444000+00:00,1.0,S
3523,3121,2021-06-05T17:52:35.444000+00:00,1.0,P
3523,3321,2021-06-05T17:52:37.444000+00:00,1.0,S
3524,3121,2021-06-05T17:52:35.444000+00:00,1.0,P
3524,3321,2021-06-05T17:52:37.444000+00:00,1.0,S
3525,3121,2021-06-05T17:52:35.444000+00:00,1.0,P
3525,3321,2021-06-05T17:52:37.444000+00:00,1.0,S
3526,3120,2021-06-05T17:52:35.434000+00:00,1.0,P
3526,3320,2021-06-05T17:52:37.434000+00:00,1.0,S
3527,3120,2021-06-05T17:52:35.434000+00:00,1.0,P
3527,3320,2021-06-05T17:52:37.434000+00:00,1.0,S
3528,3120,2021-06-05T17:52:35.434000+00:00,1.0,P
3528,3320,2021-06-05T17:52:37.434000+00:00,1.0,S
3529,3120,2021-06-05T17:52:35.434000+00:00,1.0,P
3529,3320,2021-06-05T17:52:37.434000+00:00,1.0,S
3530,3120,2021-06-05T17:52:35.434000+00:00,1.0,P
3530,3319,2021-06-05T17:52:37.423999+00:00,1.0,S
3531,3120,2021-06-05T17:52:35.434000+00:00,1.0,P
3531,3319,2021-06-05T17:52:37.423999+00:00,1.0,S
3532,3120,2021-06-05T17:52:35.434000+00:00,1.0,P
3532,3319,2021-06-05T17:52:37.423999+00:00,1.0,S
3533,3120,2021-06-05T17:52:35.434000+00:00,1.0,P
3533,3319,2021-06-05T17:52:37.423999+00:00,1.0,S
3534,3119,2021-06-05T17:52:35.424000+00:00,1.0,P
3534,3319,2021-06-05T17:52:37.423999+00:00,1.0,S
3535,3119,2021-06-05T17:52:35.424000+00:00,1.0,P
3535,3318,2021-06-05T17:52:37.414000+00:00,1.0,S
3536,3119,2021-06-05T17:52:35.424000+00:00,1.0,P
3536,3318,2021-06-05T17:52:37.414000+00:00,1.0,S
3537,3119,2021-06-05T17:52:35.424000+00:00,1.0,P
3537,3318,2021-06-05T17:52:37.414000+00:00,1.0,S
3538,3119,2021-06-05T17:52:35.424000+00:00,1.0,P
3538,3318,2021-06-05T17:52:37.414000+00:00,1.0,S
3539,3119,2021-06-05T17:52:35.424000+00:00,1.0,P
3539,3318,2021-06-05T17:52:37.414000+00:00,1.0,S
3540,3119,2021-06-05T17:52:35.424000+00:00,1.0,P
3540,3317,2021-06-05T17:52:37.404000+00:00,1.0,S
3541,3118,2021-06-05T17:52:35.414000+00:00,1.0,P
3541,3317,2021-06-05T17:52:37.404000+00:00,1.0,S
3542,3118,2021-06-05T17:52:35.414000+00:00,1.0,P
3542,3317,2021-06-05T17:52:37.404000+00:00,1.0,S
3543,3118,2021-06-05T17:52:35.414000+00:00,1.0,P
3543,3317,2021-06-05T17:52:37.404000+00:00,1.0,S
3544,3118,2021-06-05T17:52:35.414000+00:00,1.0,P
3544,3317,2021-06-05T17:52:37.404000+00:00,1.0,S
3545,3118,2021-06-05T17:52:35.414000+00:00,1.0,P
3545,3316,2021-06-05T17:52:37.394000+00:00,1.0,S
3546,3118,2021-06-05T17:52:35.414000+00:00,1.0,P
3546,3316,2021-06-05T17:52:37.394000+00:00,1.0,S
3547,3118,2021-06-05T17:52:35.414000+00:00,1.0,P
3547,3316,2021-06-05T17:52:37.394000+00:00,1.0,S
3548,3117,2021-06-05T17:52:35.404000+00:00,1.0,P
3548,3316,2021-06-05T17:52:37.394000+00:00,1.0,S
3549,3117,2021-06-05T17:52:35.404000+00:00,1.0,P
3549,3316,2021-06-05T17:52:37.394000+00:00,1.0,S
3550,3117,2021-06-05T17:52:35.404000+00:00,1.0,P
3550,3315,2021-06-05T17:52:37.384000+00:00,1.0,S
3551,3117,2021-06-05T17:52:35.404000+00:00,1.0,P
3551,3315,2021-06-05T17:52:37.384000+00:00,1.0,S
3552,3117,2021-06-05T17:52:35.404000+00:00,1.0,P
3552,3315,2021-06-05T17:52:37.384000+00:00,1.0,S
3553,3117,2021-06-05T17:52:35.404000+00:00,1.0,P
3553,3315,2021-06-05T17:52:37.384000+00:00,1.0,S
3554,3117,2021-06-05T17:52:35.404000+00:00,1.0,P
3554,3315,2021-06-05T17:52:37.384000+00:00,1.0,S
3555,3117,2021-06-05T17:52:35.404000+00:00,1.0,P
3555,3314,2021-06-05T17:52:37.374000+00:00,1.0,S
3556,3116,2021-06-05T17:52:35.394000+00:00,1.0,P
3556,3314,2021-06-05T17:52:37.374000+00:00,1.0,S
3557,3116,2021-06-05T17:52:35.394000+00:00,1.0,P
3557,3314,2021-06-05T17:52:37.374000+00:00,1.0,S
3558,3116,2021-06-05T17:52:35.394000+00:00,1.0,P
3558,3314,2021-06-05T17:52:37.374000+00:00,1.0,S
3559,3116,2021-06-05T17:52:35.394000+00:00,1.0,P
3559,3314,2021-06-05T17:52:37.374000+00:00,1.0,S
3560,3116,2021-06-05T17:52:35.394000+00:00,1.0,P
3560,3314,2021-06-05T17:52:37.374000+00:00,1.0,S
3561,3116,2021-06-05T17:52:35.394000+00:00,1.0,P
3561,3313,2021-06-05T17:52:37.364000+00:00,1.0,S
3562,3116,2021-06-05T17:52:35.394000+00:00,1.0,P
3562,3313,2021-06-05T17:52:37.364000+00:00,1.0,S
3563,3116,2021-06-05T17:52:35.394000+00:00,1.0,P
3563,3313,2021-06-05T17:52:37.364000+00:00,1.0,S
3564,3116,2021-06-05T17:52:35.394000+00:00,1.0,P
3564,3313,2021-06-05T17:52:37.364000+00:00,1.0,S
3565,3116,2021-06-05T17:52:35.394000+00:00,1.0,P
3565,3313,2021-06-05T17:52:37.364000+00:00,1.0,S
3566,3115,2021-06-05T17:52:35.384000+00:00,1.0,P
3566,3313,2021-06-05T17:52:37.364000+00:00,1.0,S
3567,3115,2021-06-05T17:52:35.384000+00:00,1.0,P
3567,3312,2021-06-05T17:52:37.353999+00:00,1.0,S
3568,3115,2021-06-05T17:52:35.384000+00:00,1.0,P
3568,3312,2021-06-05T17:52:37.353999+00:00,1.0,S
3569,3115,2021-06-05T17:52:35.384000+00:00,1.0,P
3569,3312,2021-06-05T17:52:37.353999+00:00,1.0,S
3570,3115,2021-06-05T17:52:35.384000+00:00,1.0,P
3570,3312,2021-06-05T17:52:37.353999+00:00,1.0,S
3571,3115,2021-06-05T17:52:35.384000+00:00,1.0,P
3571,3312,2021-06-05T17:52:37.353999+00:00,1.0,S
3572,3115,2021-06-05T17:52:35.384000+00:00,1.0,P
3572,3312,2021-06-05T17:52:37.353999+00:00,1.0,S
3573,3115,2021-06-05T17:52:35.384000+00:00,1.0,P
3573,3312,2021-06-05T17:52:37.353999+00:00,1.0,S
3574,3115,2021-06-05T17:52:35.384000+00:00,1.0,P
3574,3311,2021-06-05T17:52:37.344000+00:00,1.0,S
3575,3115,2021-06-05T17:52:35.384000+00:00,1.0,P
3575,3311,2021-06-05T17:52:37.344000+00:00,1.0,S
3576,3114,2021-06-05T17:52:35.374000+00:00,1.0,P
3576,3311,2021-06-05T17:52:37.344000+00:00,1.0,S
3577,3114,2021-06-05T17:52:35.374000+00:00,1.0,P
3577,3311,2021-06-05T17:52:37.344000+00:00,1.0,S
3578,3114,2021-06-05T17:52:35.374000+00:00,1.0,P
3578,3311,2021-06-05T17:52:37.344000+00:00,1.0,S
3579,3114,2021-06-05T17:52:35.374000+00:00,1.0,P
3579,3311,2021-06-05T17:52:37.344000+00:00,1.0,S
3580,3114,2021-06-05T17:52:35.374000+00:00,1.0,P
3580,3311,2021-06-05T17:52:37.344000+00:00,1.0,S
3581,3114,2021-06-05T17:52:35.374000+00:00,1.0,P
3581,3310,2021-06-05T17:52:37.334000+00:00,1.0,S
3582,3114,2021-06-05T17:52:35.374000+00:00,1.0,P
3582,3310,2021-06-05T17:52:37.334000+00:00,1.0,S
3583,3114,2021-06-05T17:52:35.374000+00:00,1.0,P
3583,3310,2021-06-05T17:52:37.334000+00:00,1.0,S
3584,3114,2021-06-05T17:52:35.374000+00:00,1.0,P
3584,3310,2021-06-05T17:52:37.334000+00:00,1.0,S
3585,3114,2021-06-05T17:52:35.374000+00:00,1.0,P
3585,3310,2021-06-05T17:52:37.334000+00:00,1.0,S
3586,3114,2021-06-05T17:52:35.374000+00:00,1.0,P
3586,3310,2021-06-05T17:52:37.334000+00:00,1.0,S
3587,3114,2021-06-05T17:52:35.374000+00:00,1.0,P
3587,3310,2021-06-05T17:52:37.334000+00:00,1.0,S
3588,3113,2021-06-05T17:52:35.364000+00:00,1.0,P
3588,3310,2021-06-05T17:52:37.334000+00:00,1.0,S
3589,3113,2021-06-05T17:52:35.364000+00:00,1.0,P
3589,3309,2021-06-05T17:52:37.324000+00:00,1.0,S
3590,3113,2021-06-05T17:52:35.364000+00:00,1.0,P
3590,3309,2021-06-05T17:52:37.324000+00:00,1.0,S
3591,3113,2021-06-05T17:52:35.364000+00:00,1.0,P
3591,3309,2021-06-05T17:52:37.324000+00:00,1.0,S
3592,3113,2021-06-05T17:52:35.364000+00:00,1.0,P
3592,3309,2021-06-05T17:52:37.324000+00:00,1.0,S
3593,3113,2021-06-05T17:52:35.364000+00:00,1.0,P
3593,3309,2021-06-05T17:52:37.324000+00:00,1.0,S
3594,3113,2021-06-05T17:52:35.364000+00:00,1.0,P
3594,3309,2021-06-05T17:52:37.324000+00:00,1.0,S
3595,3113,2021-06-05T17:52:35.364000+00:00,1.0,P
3595,3309,2021-06-05T17:52:37.324000+00:00,1.0,S
3596,3113,2021-06-05T17:52:35.364000+00:00,1.0,P
3596,3309,2021-06-05T17:52:37.324000+00:00,1.0,S
3597,3113,2021-06-05T17:52:35.364000+00:00,1.0,P
3597,3309,2021-06-05T17:52:37.324000+00:00,1.0,S
3598,3113,2021-06-05T17:52:35.364000+00:00,1.0,P
3598,3309,2021-06-05T17:52:37.324000+00:00,1.0,S
3599,3113,2021-06-05T17:52:35.364000+00:00,1.0,P
3599,3308,2021-06-05T17:52:37.314000+00:00,1.0,S
3600,3113,2021-06-05T17:52:35.364000+00:00,1.0,P
3600,3308,2021-06-05T17:52:37.314000+00:00,1.0,S
3601,3113,2021-06-05T17:52:35.364000+00:00,1.0,P
3601,3308,2021-06-05T17:52:37.314000+00:00,1.0,S
3602,3113,2021-06-05T17:52:35.364000+00:00,1.0,P
3602,3308,2021-06-05T17:52:37.314000+00:00,1.0,S
3603,3112,2021-06-05T17:52:35.354000+00:00,1.0,P
3603,3308,2021-06-05T17:52:37.314000+00:00,1.0,S
3604,3112,2021-06-05T17:52:35.354000+00:00,1.0,P
3604,3308,2021-06-05T17:52:37.314000+00:00,1.0,S
3605,3112,2021-06-05T17:52:35.354000+00:00,1.0,P
3605,3308,2021-06-05T17:52:37.314000+00:00,1.0,S
3606,3112,2021-06-05T17:52:35.354000+00:00,1.0,P
3606,3308,2021-06-05T17:52:37.314000+00:00,1.0,S
3607,3112,2021-06-05T17:52:35.354000+00:00,1.0,P
3607,3308,2021-06-05T17:52:37.314000+00:00,1.0,S
3608,3112,2021-06-05T17:52:35.354000+00:00,1.0,P
3608,3308,2021-06-05T17:52:37.314000+00:00,1.0,S
3609,3112,2021-06-05T17:52:35.354000+00:00,1.0,P
3609,3308,2021-06-05T17:52:37.314000+00:00,1.0,S
3610,3112,2021-06-05T17:52:35.354000+00:00,1.0,P
3610,3308,2021-06-05T17:52:37.314000+00:00,1.0,S
3611,3112,2021-06-05T17:52:35.354000+00:00,1.0,P
3611,3307,2021-06-05T17:52:37.304000+00:00,1.0,S
3612,3112,2021-06-05T17:52:35.354000+00:00,1.0,P
3612,3307,2021-06-05T17:52:37.304000+00:00,1.0,S
3613,3112,2021-06-05T17:52:35.354000+00:00,1.0,P
3613,3307,2021-06-05T17:52:37.304000+00:00,1.0,S
3614,3112,2021-06-05T17:52:35.354000+00:00,1.0,P
3614,3307,2021-06-05T17:52:37.304000+00:00,1.0,S
3615,3112,2021-06-05T17:52:35.354000+00:00,1.0,P
3615,3307,2021-06-05T17:52:37.304000+00:00,1.0,S
3616,3112,2021-06-05T17:52:35.354000+00:00,1.0,P
3616,3307,2021-06-05T17:52:37.304000+00:00,1.0,S
3617,3112,2021-06-05T17:52:35.354000+00:00,1.0,P
3617,3307,2021-06-05T17:52:37.304000+00:00,1.0,S
3618,3112,2021-06-05T17:52:35.354000+00:00,1.0,P
3618,3307,2021-06-05T17:52:37.304000+00:00,1.0,S
3619,3112,2021-06-05T17:52:35.354000+00:00,1.0,P
3619,3307,2021-06-05T17:52:37.304000+00:00,1.0,S
3620,3112,2021-06-05T17:52:35.354000+00:00,1.0,P
3620,3307,2021-06-05T17:52:37.304000+00:00,1.0,S
3621,3112,2021-06-05T17:52:35.354000+00:00,1.0,P
3621,3307,2021-06-05T17:52:37.304000+00:00,1.0,S
3622,3112,2021-06-05T17:52:35.354000+00:00,1.0,P
3622,3307,2021-06-05T17:52:37.304000+00:00,1.0,S
3623,3112,2021-06-05T17:52:35.354000+00:00,1.0,P
3623,3307,2021-06-05T17:52:37.304000+00:00,1.0,S
3624,3112,2021-06-05T17:52:35.354000+00:00,1.0,P
3624,3307,2021-06-05T17:52:37.304000+00:00,1.0,S
3625,3112,2021-06-05T17:52:35.354000+00:00,1.0,P
3625,3307,2021-06-05T17:52:37.304000+00:00,1.0,S
3626,3112,2021-06-05T17:52:35.354000+00:00,1.0,P
3626,3307,2021-06-05T17:52:37.304000+00:00,1.0,S
3627,3112,2021-06-05T17:52:35.354000+00:00,1.0,P
3627,3307,2021-06-05T17:52:37.304000+00:00,1.0,S
3628,3112,2021-06-05T17:52:35.354000+00:00,1.0,P
3628,3307,2021-06-05T17:52:37.304000+00:00,1.0,S
3629,3112,2021-06-05T17:52:35.354000+00:00,1.0,P
3629,3307,2021-06-05T17:52:37.304000+00:00,1.0,S
3630,3112,2021-06-05T17:52:35.354000+00:00,1.0,P
3630,3307,2021-06-05T17:52:37.304000+00:00,1.0,S
3631,3112,2021-06-05T17:52:35.354000+00:00,1.0,P
3631,3307,2021-06-05T17:52:37.304000+00:00,1.0,S
3632,3112,2021-06-05T17:52:35.354000+00:00,1.0,P
3632,3307,2021-06-05T17:52:37.304000+00:00,1.0,S
3633,3112,2021-06-05T17:52:35.354000+00:00,1.0,P
3633,3307,2021-06-05T17:52:37.304000+00:00,1.0,S
3634,3112,2021-06-05T17:52:35.354000+00:00,1.0,P
3634,3307,2021-06-05T17:52:37.304000+00:00,1.0,S
3635,3112,2021-06-05T17:52:35.354000+00:00,1.0,P
3635,3307,2021-06-05T17:52:37.304000+00:00,1.0,S
3636,3112,2021-06-05T17:52:35.354000+00:00,1.0,P
3636,3307,2021-06-05T17:52:37.304000+00:00,1.0,S
3637,3112,2021-06-05T17:52:35.354000+00:00,1.0,P
3637,3307,2021-06-05T17:52:37.304000+00:00,1.0,S
3638,3112,2021-06-05T17:52:35.354000+00:00,1.0,P
3638,3307,2021-06-05T17:52:37.304000+00:00,1.0,S
3639,3112,2021-06-05T17:52:35.354000+00:00,1.0,P
3639,3307,2021-06-05T17:52:37.304000+00:00,1.0,S
3640,3112,2021-06-05T17:52:35.354000+00:00,1.0,P
3640,3307,2021-06-05T17:52:37.304000+00:00,1.0,S
3641,3112,2021-06-05T17:52:35.354000+00:00,1.0,P
3641,3307,2021-06-05T17:52:37.304000+00:00,1.0,S
3642,3112,2021-06-05T17:52:35.354000+00:00,1.0,P
3642,3307,2021-06-05T17:52:37.304000+00:00,1.0,S
3643,3112,2021-06-05T17:52:35.354000+00:00,1.0,P
3643,3307,2021-06-05T17:52:37.304000+00:00,1.0,S
3644,3112,2021-06-05T17:52:35.354000+00:00,1.0,P
3644,3307,2021-06-05T17:52:37.304000+00:00,1.0,S
3645,3112,2021-06-05T17:52:35.354000+00:00,1.0,P
3645,3307,2021-06-05T17:52:37.304000+00:00,1.0,S
3646,3112,2021-06-05T17:52:35.354000+00:00,1.0,P
3646,3307,2021-06-05T17:52:37.304000+00:00,1.0,S
3647,3112,2021-06-05T17:52:35.354000+00:00,1.0,P
3647,3307,2021-06-05T17:52:37.304000+00:00,1.0,S
3648,3112,2021-06-05T17:52:35.354000+00:00,1.0,P
3648,3307,2021-06-05T17:52:37.304000+00:00,1.0,S
3649,3112,2021-06-05T17:52:35.354000+00:00,1.0,P
3649,3307,2021-06-05T17:52:37.304000+00:00,1.0,S
3650,3112,2021-06-05T17:52:35.354000+00:00,1.0,P
3650,3307,2021-06-05T17:52:37.304000+00:00,1.0,S
3651,3112,2021-06-05T17:52:35.354000+00:00,1.0,P
3651,3307,2021-06-05T17:52:37.304000+00:00,1.0,S
3652,3112,2021-06-05T17:52:35.354000+00:00,1.0,P
3652,3307,2021-06-05T17:52:37.304000+00:00,1.0,S
3653,3112,2021-06-05T17:52:35.354000+00:00,1.0,P
3653,3307,2021-06-05T17:52:37.304000+00:00,1.0,S
3654,3112,2021-06-05T17:52:35.354000+00:00,1.0,P
3654,3307,2021-06-05T17:52:37.304000+00:00,1.0,S
3655,3113,2021-06-05T17:52:35.364000+00:00,1.0,P
3655,3307,2021-06-05T17:52:37.304000+00:00,1.0,S
3656,3113,2021-06-05T17:52:35.364000+00:00,1.0,P
3656,3307,2021-06-05T17:52:37.304000+00:00,1.0,S
3657,3113,2021-06-05T17:52:35.364000+00:00,1.0,P
3657,3307,2021-06-05T17:52:37.304000+00:00,1.0,S
3658,3113,2021-06-05T17:52:35.364000+00:00,1.0,P
3658,3307,2021-06-05T17:52:37.304000+00:00,1.0,S
3659,3113,2021-06-05T17:52:35.364000+00:00,1.0,P
3659,3307,2021-06-05T17:52:37.304000+00:00,1.0,S
3660,3113,2021-06-05T17:52:35.364000+00:00,1.0,P
3660,3307,2021-06-05T17:52:37.304000+00:00,1.0,S
3661,3113,2021-06-05T17:52:35.364000+00:00,1.0,P
3661,3307,2021-06-05T17:52:37.304000+00:00,1.0,S
3662,3113,2021-06-05T17:52:35.364000+00:00,1.0,P
3662,3307,2021-06-05T17:52:37.304000+00:00,1.0,S
3663,3113,2021-06-05T17:52:35.364000+00:00,1.0,P
3663,3307,2021-06-05T17:52:37.304000+00:00,1.0,S
3664,3113,2021-06-05T17:52:35.364000+00:00,1.0,P
3664,3307,2021-06-05T17:52:37.304000+00:00,1.0,S
3665,3113,2021-06-05T17:52:35.364000+00:00,1.0,P
3665,3308,2021-06-05T17:52:37.314000+00:00,1.0,S
3666,3113,2021-06-05T17:52:35.364000+00:00,1.0,P
3666,3308,2021-06-05T17:52:37.314000+00:00,1.0,S
3667,3113,2021-06-05T17:52:35.364000+00:00,1.0,P
3667,3308,2021-06-05T17:52:37.314000+00:00,1.0,S
3668,3113,2021-06-05T17:52:35.364000+00:00,1.0,P
3668,3308,2021-06-05T17:52:37.314000+00:00,1.0,S
3669,3113,2021-06-05T17:52:35.364000+00:00,1.0,P
3669,3308,2021-06-05T17:52:37.314000+00:00,1.0,S
3670,3113,2021-06-05T17:52:35.364000+00:00,1.0,P
3670,3308,2021-06-05T17:52:37.314000+00:00,1.0,S
3671,3114,2021-06-05T17:52:35.374000+00:00,1.0,P
3671,3308,2021-06-05T17:52:37.314000+00:00,1.0,S
3672,3114,2021-06-05T17:52:35.374000+00:00,1.0,P
3672,3308,2021-06-05T17:52:37.314000+00:00,1.0,S
3673,3114,2021-06-05T17:52:35.374000+00:00,1.0,P
3673,3308,2021-06-05T17:52:37.314000+00:00,1.0,S
3674,3114,2021-06-05T17:52:35.374000+00:00,1.0,P
3674,3308,2021-06-05T17:52:37.314000+00:00,1.0,S
3675,3114,2021-06-05T17:52:35.374000+00:00,1.0,P
3675,3308,2021-06-05T17:52:37.314000+00:00,1.0,S
3676,3114,2021-06-05T17:52:35.374000+00:00,1.0,P
3676,3308,2021-06-05T17:52:37.314000+00:00,1.0,S
3677,3114,2021-06-05T17:52:35.374000+00:00,1.0,P
3677,3309,2021-06-05T17:52:37.324000+00:00,1.0,S
3678,3114,2021-06-05T17:52:35.374000+00:00,1.0,P
3678,3309,2021-06-05T17:52:37.324000+00:00,1.0,S
3679,3114,2021-06-05T17:52:35.374000+00:00,1.0,P
3679,3309,2021-06-05T17:52:37.324000+00:00,1.0,S
3680,3114,2021-06-05T17:52:35.374000+00:00,1.0,P
3680,3309,2021-06-05T17:52:37.324000+00:00,1.0,S
3681,3114,2021-06-05T17:52:35.374000+00:00,1.0,P
3681,3309,2021-06-05T17:52:37.324000+00:00,1.0,S
3682,3114,2021-06-05T17:52:35.374000+00:00,1.0,P
3682,3309,2021-06-05T17:52:37.324000+00:00,1.0,S
3683,3114,2021-06-05T17:52:35.374000+00:00,1.0,P
3683,3309,2021-06-05T17:52:37.324000+00:00,1.0,S
3684,3115,2021-06-05T17:52:35.384000+00:00,1.0,P
3684,3309,2021-06-05T17:52:37.324000+00:00,1.0,S
3685,3115,2021-06-05T17:52:35.384000+00:00,1.0,P
3685,3309,2021-06-05T17:52:37.324000+00:00,1.0,S
3686,3115,2021-06-05T17:52:35.384000+00:00,1.0,P
3686,3309,2021-06-05T17:52:37.324000+00:00,1.0,S
3687,3115,2021-06-05T17:52:35.384000+00:00,1.0,P
3687,3310,2021-06-05T17:52:37.334000+00:00,1.0,S
3688,3115,2021-06-05T17:52:35.384000+00:00,1.0,P
3688,3310,2021-06-05T17:52:37.334000+00:00,1.0,S
3689,3115,2021-06-05T17:52:35.384000+00:00,1.0,P
3689,3310,2021-06-05T17:52:37.334000+00:00,1.0,S
3690,3115,2021-06-05T17:52:35.384000+00:00,1.0,P
3690,3310,2021-06-05T17:52:37.334000+00:00,1.0,S
3691,3115,2021-06-05T17:52:35.384000+00:00,1.0,P
3691,3310,2021-06-05T17:52:37.334000+00:00,1.0,S
3692,3115,2021-06-05T17:52:35.384000+00:00,1.0,P
3692,3310,2021-06-05T17:52:37.334000+00:00,1.0,S
3693,3115,2021-06-05T17:52:35.384000+00:00,1.0,P
3693,3310,2021-06-05T17:52:37.334000+00:00,1.0,S
3694,3116,2021-06-05T17:52:35.394000+00:00,1.0,P
3694,3311,2021-06-05T17:52:37.344000+00:00,1.0,S
3695,3116,2021-06-05T17:52:35.394000+00:00,1.0,P
3695,3311,2021-06-05T17:52:37.344000+00:00,1.0,S
3696,3116,2021-06-05T17:52:35.394000+00:00,1.0,P
3696,3311,2021-06-05T17:52:37.344000+00:00,1.0,S
3697,3116,2021-06-05T17:52:35.394000+00:00,1.0,P
3697,3311,2021-06-05T17:52:37.344000+00:00,1.0,S
3698,3116,2021-06-05T17:52:35.394000+00:00,1.0,P
3698,3311,2021-06-05T17:52:37.344000+00:00,1.0,S
3699,3116,2021-06-05T17:52:35.394000+00:00,1.0,P
3699,3311,2021-06-05T17:52:37.344000+00:00,1.0,S
3700,3116,2021-06-05T17:52:35.394000+00:00,1.0,P
3700,3311,2021-06-05T17:52:37.344000+00:00,1.0,S
3701,3116,2021-06-05T17:52:35.394000+00:00,1.0,P
3701,3312,2021-06-05T17:52:37.353999+00:00,1.0,S
3702,3117,2021-06-05T17:52:35.404000+00:00,1.0,P
3702,3312,2021-06-05T17:52:37.353999+00:00,1.0,S
3703,3117,2021-06-05T17:52:35.404000+00:00,1.0,P
3703,3312,2021-06-05T17:52:37.353999+00:00,1.0,S
3704,3117,2021-06-05T17:52:35.404000+00:00,1.0,P
3704,3312,2021-06-05T17:52:37.353999+00:00,1.0,S
3705,3117,2021-06-05T17:52:35.404000+00:00,1.0,P
3705,3312,2021-06-05T17:52:37.353999+00:00,1.0,S
3706,3117,2021-06-05T17:52:35.404000+00:00,1.0,P
3706,3312,2021-06-05T17:52:37.353999+00:00,1.0,S
3707,3117,2021-06-05T17:52:35.404000+00:00,1.0,P
3707,3313,2021-06-05T17:52:37.364000+00:00,1.0,S
3708,3117,2021-06-05T17:52:35.404000+00:00,1.0,P
3708,3313,2021-06-05T17:52:37.364000+00:00,1.0,S
3709,3117,2021-06-05T17:52:35.404000+00:00,1.0,P
3709,3313,2021-06-05T17:52:37.364000+00:00,1.0,S
3710,3118,2021-06-05T17:52:35.414000+00:00,1.0,P
3710,3313,2021-06-05T17:52:37.364000+00:00,1.0,S
3711,3118,2021-06-05T17:52:35.414000+00:00,1.0,P
3711,3313,2021-06-05T17:52:37.364000+00:00,1.0,S
3712,3118,2021-06-05T17:52:35.414000+00:00,1.0,P
3712,3313,2021-06-05T17:52:37.364000+00:00,1.0,S
3713,3118,2021-06-05T17:52:35.414000+00:00,1.0,P
3713,3314,2021-06-05T17:52:37.374000+00:00,1.0,S
3714,3118,2021-06-05T17:52:35.414000+00:00,1.0,P
3714,3314,2021-06-05T17:52:37.374000+00:00,1.0,S
3715,3118,2021-06-05T17:52:35.414000+00:00,1.0,P
3715,3314,2021-06-05T17:52:37.374000+00:00,1.0,S
3716,3118,2021-06-05T17:52:35.414000+00:00,1.0,P
3716,3314,2021-06-05T17:52:37.374000+00:00,1.0,S
3717,3119,2021-06-05T17:52:35.424000+00:00,1.0,P
3717,3314,2021-06-05T17:52:37.374000+00:00,1.0,S
3718,3119,2021-06-05T17:52:35.424000+00:00,1.0,P
3718,3315,2021-06-05T17:52:37.384000+00:00,1.0,S
3719,3119,2021-06-05T17:52:35.424000+00:00,1.0,P
3719,3315,2021-06-05T17:52:37.384000+00:00,1.0,S
3720,3119,2021-06-05T17:52:35.424000+00:00,1.0,P
3720,3315,2021-06-05T17:52:37.384000+00:00,1.0,S
3721,3119,2021-06-05T17:52:35.424000+00:00,1.0,P
3721,3315,2021-06-05T17:52:37.384000+00:00,1.0,S
3722,3119,2021-06-05T17:52:35.424000+00:00,1.0,P
3722,3315,2021-06-05T17:52:37.384000+00:00,1.0,S
3723,3120,2021-06-05T17:52:35.434000+00:00,1.0,P
3723,3316,2021-06-05T17:52:37.394000+00:00,1.0,S
3724,3120,2021-06-05T17:52:35.434000+00:00,1.0,P
3724,3316,2021-06-05T17:52:37.394000+00:00,1.0,S
3725,3120,2021-06-05T17:52:35.434000+00:00,1.0,P
3725,3316,2021-06-05T17:52:37.394000+00:00,1.0,S
3726,3120,2021-06-05T17:52:35.434000+00:00,1.0,P
3726,3316,2021-06-05T17:52:37.394000+00:00,1.0,S
3727,3120,2021-06-05T17:52:35.434000+00:00,1.0,P
3727,3316,2021-06-05T17:52:37.394000+00:00,1.0,S
3728,3120,2021-06-05T17:52:35.434000+00:00,1.0,P
3728,3317,2021-06-05T17:52:37.404000+00:00,1.0,S
3729,3121,2021-06-05T17:52:35.444000+00:00,1.0,P
3729,3317,2021-06-05T17:52:37.404000+00:00,1.0,S
3730,3121,2021-06-05T17:52:35.444000+00:00,1.0,P
3730,3317,2021-06-05T17:52:37.404000+00:00,1.0,S
3731,3121,2021-06-05T17:52:35.444000+00:00,1.0,P
3731,3317,2021-06-05T17:52:37.404000+00:00,1.0,S
3732,3121,2021-06-05T17:52:35.444000+00:00,1.0,P
3732,3318,2021-06-05T17:52:37.414000+00:00,1.0,S
3733,3121,2021-06-05T17:52:35.444000+00:00,1.0,P
3733,3318,2021-06-05T17:52:37.414000+00:00,1.0,S
3734,3121,2021-06-05T17:52:35.444000+00:00,1.0,P
3734,3318,2021-06-05T17:52:37.414000+00:00,1.0,S
3735,3122,2021-06-05T17:52:35.454000+00:00,1.0,P
3735,3318,2021-06-05T17:52:37.414000+00:00,1.0,S
3736,3122,2021-06-05T17:52:35.454000+00:00,1.0,P
3736,3318,2021-06-05T17:52:37.414000+00:00,1.0,S
3737,3122,2021-06-05T17:52:35.454000+00:00,1.0,P
3737,3319,2021-06-05T17:52:37.423999+00:00,1.0,S
3738,3122,2021-06-05T17:52:35.454000+00:00,1.0,P
3738,3319,2021-06-05T17:52:37.423999+00:00,1.0,S
3739,3122,2021-06-05T17:52:35.454000+00:00,1.0,P
3739,3319,2021-06-05T17:52:37.423999+00:00,1.0,S
3740,3122,2021-06-05T17:52:35.454000+00:00,1.0,P
3740,3319,2021-06-05T17:52:37.423999+00:00,1.0,S
3741,3123,2021-06-05T17:52:35.464000+00:00,1.0,P
3741,3320,2021-06-05T17:52:37.434000+00:00,1.0,S
3742,3123,2021-06-05T17:52:35.464000+00:00,1.0,P
3742,3320,2021-06-05T17:52:37.434000+00:00,1.0,S
3743,3123,2021-06-05T17:52:35.464000+00:00,1.0,P
3743,3320,2021-06-05T17:52:37.434000+00:00,1.0,S
3744,3123,2021-06-05T17:52:35.464000+00:00,1.0,P
3744,3320,2021-06-05T17:52:37.434000+00:00,1.0,S
3745,3123,2021-06-05T17:52:35.464000+00:00,1.0,P
3745,3321,2021-06-05T17:52:37.444000+00:00,1.0,S
3746,3123,2021-06-05T17:52:35.464000+00:00,1.0,P
3746,3321,2021-06-05T17:52:37.444000+00:00,1.0,S
3747,3123,2021-06-05T17:52:35.464000+00:00,1.0,P
3747,3321,2021-06-05T17:52:37.444000+00:00,1.0,S
3748,3123,2021-06-05T17:52:35.464000+00:00,1.0,P
3748,3321,2021-06-05T17:52:37.444000+00:00,1.0,S
3749,3123,2021-06-05T17:52:35.464000+00:00,1.0,P
3749,3322,2021-06-05T17:52:37.454000+00:00,1.0,S
3750,3123,2021-06-05T17:52:35.464000+00:00,1.0,P
3750,3322,2021-06-05T17:52:37.454000+00:00,1.0,S
3751,3124,2021-06-05T17:52:35.474000+00:00,1.0,P
3751,3322,2021-06-05T17:52:37.454000+00:00,1.0,S
3752,3124,2021-06-05T17:52:35.474000+00:00,1.0,P
3752,3322,2021-06-05T17:52:37.454000+00:00,1.0,S
3753,3124,2021-06-05T17:52:35.474000+00:00,1.0,P
3753,3323,2021-06-05T17:52:37.464000+00:00,1.0,S
3754,3124,2021-06-05T17:52:35.474000+00:00,1.0,P
3754,3323,2021-06-05T17:52:37.464000+00:00,1.0,S
3755,3124,2021-06-05T17:52:35.474000+00:00,1.0,P
3755,3323,2021-06-05T17:52:37.464000+00:00,1.0,S
3756,3124,2021-06-05T17:52:35.474000+00:00,1.0,P
3756,3323,2021-06-05T17:52:37.464000+00:00,1.0,S
3757,3124,2021-06-05T17:52:35.474000+00:00,1.0,P
3757,3324,2021-06-05T17:52:37.474000+00:00,1.0,S
3758,3124,2021-06-05T17:52:35.474000+00:00,1.0,P
3758,3324,2021-06-05T17:52:37.474000+00:00,1.0,S
3759,3124,2021-06-05T17:52:35.474000+00:00,1.0,P
3759,3324,2021-06-05T17:52:37.474000+00:00,1.0,S
3760,3124,2021-06-05T17:52:35.474000+00:00,1.0,P
3760,3324,2021-06-05T17:52:37.474000+00:00,1.0,S
3761,3125,2021-06-05T17:52:35.484000+00:00,1.0,P
3761,3325,2021-06-05T17:52:37.484000+00:00,1.0,S
3762,3125,2021-06-05T17:52:35.484000+00:00,1.0,P
3762,3325,2021-06-05T17:52:37.484000+00:00,1.0,S
3763,3125,2021-06-05T17:52:35.484000+00:00,1.0,P
3763,3325,2021-06-05T17:52:37.484000+00:00,1.0,S
3764,3125,2021-06-05T17:52:35.484000+00:00,1.0,P
3764,3325,2021-06-05T17:52:37.484000+00:00,1.0,S
3765,3125,2021-06-05T17:52:35.484000+00:00,1.0,P
3765,3326,2021-06-05T17:52:37.493999+00:00,1.0,S
3766,3126,2021-06-05T17:52:35.494000+00:00,1.0,P
3766,3326,2021-06-05T17:52:37.493999+00:00,1.0,S
3767,3126,2021-06-05T17:52:35.494000+00:00,1.0,P
3767,3326,2021-06-05T17:52:37.493999+00:00,1.0,S
3768,3126,2021-06-05T17:52:35.494000+00:00,1.0,P
3768,3326,2021-06-05T17:52:37.493999+00:00,1.0,S
3769,3126,2021-06-05T17:52:35.494000+00:00,1.0,P
3769,3327,2021-06-05T17:52:37.504000+00:00,1.0,S
3770,3126,2021-06-05T17:52:35.494000+00:00,1.0,P
3770,3327,2021-06-05T17:52:37.504000+00:00,1.0,S
3771,3127,2021-06-05T17:52:35.504000+00:00,1.0,P
3771,3327,2021-06-05T17:52:37.504000+00:00,1.0,S
3772,3127,2021-06-05T17:52:35.504000+00:00,1.0,P
3772,3327,2021-06-05T17:52:37.504000+00:00,1.0,S
3773,3127,2021-06-05T17:52:35.504000+00:00,1.0,P
3773,3328,2021-06-05T17:52:37.514000+00:00,1.0,S
3774,3127,2021-06-05T17:52:35.504000+00:00,1.0,P
3774,3328,2021-06-05T17:52:37.514000+00:00,1.0,S
3775,3128,2021-06-05T17:52:35.514000+00:00,1.0,P
3775,3328,2021-06-05T17:52:37.514000+00:00,1.0,S
3776,3128,2021-06-05T17:52:35.514000+00:00,1.0,P
3776,3328,2021-06-05T17:52:37.514000+00:00,1.0,S
3777,3128,2021-06-05T17:52:35.514000+00:00,1.0,P
3777,3329,2021-06-05T17:52:37.524000+00:00,1.0,S
3778,3128,2021-06-05T17:52:35.514000+00:00,1.0,P
3778,3329,2021-06-05T17:52:37.524000+00:00,1.0,S
3779,3128,2021-06-05T17:52:35.514000+00:00,1.0,P
3779,3329,2021-06-05T17:52:37.524000+00:00,1.0,S
3780,3129,2021-06-05T17:52:35.524000+00:00,1.0,P
3780,3329,2021-06-05T17:52:37.524000+00:00,1.0,S
3781,3129,2021-06-05T17:52:35.524000+00:00,1.0,P
3781,3330,2021-06-05T17:52:37.533999+00:00,1.0,S
3782,3129,2021-06-05T17:52:35.524000+00:00,1.0,P
3782,3330,2021-06-05T17:52:37.533999+00:00,1.0,S
3783,3129,2021-06-05T17:52:35.524000+00:00,1.0,P
3783,3330,2021-06-05T17:52:37.533999+00:00,1.0,S
3784,3129,2021-06-05T17:52:35.524000+00:00,1.0,P
3784,3330,2021-06-05T17:52:37.533999+00:00,1.0,S
3785,3130,2021-06-05T17:52:35.534000+00:00,1.0,P
3785,3331,2021-06-05T17:52:37.544000+00:00,1.0,S
3786,3130,2021-06-05T17:52:35.534000+00:00,1.0,P
3786,3331,2021-06-05T17:52:37.544000+00:00,1.0,S
3787,3130,2021-06-05T17:52:35.534000+00:00,1.0,P
3787,3331,2021-06-05T17:52:37.544000+00:00,1.0,S
3788,3130,2021-06-05T17:52:35.534000+00:00,1.0,P
3788,3331,2021-06-05T17:52:37.544000+00:00,1.0,S
3789,3130,2021-06-05T17:52:35.534000+00:00,1.0,P
3789,3332,2021-06-05T17:52:37.554000+00:00,1.0,S
3790,3131,2021-06-05T17:52:35.544000+00:00,1.0,P
3790,3332,2021-06-05T17:52:37.554000+00:00,1.0,S
3791,3131,2021-06-05T17:52:35.544000+00:00,1.0,P
3791,3332,2021-06-05T17:52:37.554000+00:00,1.0,S
3792,3131,2021-06-05T17:52:35.544000+00:00,1.0,P
3792,3333,2021-06-05T17:52:37.564000+00:00,1.0,S
3793,3131,2021-06-05T17:52:35.544000+00:00,1.0,P
3793,3333,2021-06-05T17:52:37.564000+00:00,1.0,S
3794,3132,2021-06-05T17:52:35.554000+00:00,1.0,P
3794,3333,2021-06-05T17:52:37.564000+00:00,1.0,S
3795,3132,2021-06-05T17:52:35.554000+00:00,1.0,P
3795,3333,2021-06-05T17:52:37.564000+00:00,1.0,S
3796,3132,2021-06-05T17:52:35.554000+00:00,1.0,P
3796,3334,2021-06-05T17:52:37.574000+00:00,1.0,S
3797,3132,2021-06-05T17:52:35.554000+00:00,1.0,P
3797,3334,2021-06-05T17:52:37.574000+00:00,1.0,S
3798,3132,2021-06-05T17:52:35.554000+00:00,1.0,P
3798,3334,2021-06-05T17:52:37.574000+00:00,1.0,S
3799,3133,2021-06-05T17:52:35.564000+00:00,1.0,P
3799,3334,2021-06-05T17:52:37.574000+00:00,1.0,S
3800,3133,2021-06-05T17:52:35.564000+00:00,1.0,P
3800,3335,2021-06-05T17:52:37.584000+00:00,1.0,S
3801,3133,2021-06-05T17:52:35.564000+00:00,1.0,P
3801,3335,2021-06-05T17:52:37.584000+00:00,1.0,S
3802,3133,2021-06-05T17:52:35.564000+00:00,1.0,P
3802,3335,2021-06-05T17:52:37.584000+00:00,1.0,S
3803,3134,2021-06-05T17:52:35.574000+00:00,1.0,P
3803,3335,2021-06-05T17:52:37.584000+00:00,1.0,S
3804,3134,2021-06-05T17:52:35.574000+00:00,1.0,P
3804,3336,2021-06-05T17:52:37.594000+00:00,1.0,S
3805,3134,2021-06-05T17:52:35.574000+00:00,1.0,P
3805,3336,2021-06-05T17:52:37.594000+00:00,1.0,S
3806,3134,2021-06-05T17:52:35.574000+00:00,1.0,P
3806,3336,2021-06-05T17:52:37.594000+00:00,1.0,S
3807,3134,2021-06-05T17:52:35.574000+00:00,1.0,P
3807,3336,2021-06-05T17:52:37.594000+00:00,1.0,S
3808,3135,2021-06-05T17:52:35.584000+00:00,1.0,P
3808,3337,2021-06-05T17:52:37.603999+00:00,1.0,S
3809,3135,2021-06-05T17:52:35.584000+00:00,1.0,P
3809,3337,2021-06-05T17:52:37.603999+00:00,1.0,S
3810,3135,2021-06-05T17:52:35.584000+00:00,1.0,P
3810,3337,2021-06-05T17:52:37.603999+00:00,1.0,S
3811,3135,2021-06-05T17:52:35.584000+00:00,1.0,P
3811,3337,2021-06-05T17:52:37.603999+00:00,1.0,S
3812,3136,2021-06-05T17:52:35.594000+00:00,1.0,P
3812,3338,2021-06-05T17:52:37.614000+00:00,1.0,S
3813,3136,2021-06-05T17:52:35.594000+00:00,1.0,P
3813,3338,2021-06-05T17:52:37.614000+00:00,1.0,S
3814,3136,2021-06-05T17:52:35.594000+00:00,1.0,P
3814,3338,2021-06-05T17:52:37.614000+00:00,1.0,S
3815,3136,2021-06-05T17:52:35.594000+00:00,1.0,P
3815,3338,2021-06-05T17:52:37.614000+00:00,1.0,S
3816,3137,2021-06-05T17:52:35.604000+00:00,1.0,P
3816,3339,2021-06-05T17:52:37.624000+00:00,1.0,S
3817,3137,2021-06-05T17:52:35.604000+00:00,1.0,P
3817,3339,2021-06-05T17:52:37.624000+00:00,1.0,S
3818,3137,2021-06-05T17:52:35.604000+00:00,1.0,P
3818,3339,2021-06-05T17:52:37.624000+00:00,1.0,S
3819,3137,2021-06-05T17:52:35.604000+00:00,1.0,P
3819,3339,2021-06-05T17:52:37.624000+00:00,1.0,S
3820,3137,2021-06-05T17:52:35.604000+00:00,1.0,P
3820,3340,2021-06-05T17:52:37.634000+00:00,1.0,S
3821,3138,2021-06-05T17:52:35.614000+00:00,1.0,P
3821,3340,2021-06-05T17:52:37.634000+00:00,1.0,S
3822,3138,2021-06-05T17:52:35.614000+00:00,1.0,P
3822,3340,2021-06-05T17:52:37.634000+00:00,1.0,S
3823,3138,2021-06-05T17:52:35.614000+00:00,1.0,P
3823,3340,2021-06-05T17:52:37.634000+00:00,1.0,S
3824,3138,2021-06-05T17:52:35.614000+00:00,1.0,P
3824,3341,2021-06-05T17:52:37.644000+00:00,1.0,S
3825,3138,2021-06-05T17:52:35.614000+00:00,1.0,P
3825,3341,2021-06-05T17:52:37.644000+00:00,1.0,S
3826,3139,2021-06-05T17:52:35.624000+00:00,1.0,P
3826,3341,2021-06-05T17:52:37.644000+00:00,1.0,S
3827,3139,2021-06-05T17:52:35.624000+00:00,1.0,P
3827,3341,2021-06-05T17:52:37.644000+00:00,1.0,S
3828,3139,2021-06-05T17:52:35.624000+00:00,1.0,P
3828,3342,2021-06-05T17:52:37.654000+00:00,1.0,S
3829,3139,2021-06-05T17:52:35.624000+00:00,1.0,P
3829,3342,2021-06-05T17:52:37.654000+00:00,1.0,S
3830,3140,2021-06-05T17:52:35.634000+00:00,1.0,P
3830,3342,2021-06-05T17:52:37.654000+00:00,1.0,S
3831,3140,2021-06-05T17:52:35.634000+00:00,1.0,P
3831,3342,2021-06-05T17:52:37.654000+00:00,1.0,S
3832,3140,2021-06-05T17:52:35.634000+00:00,1.0,P
3832,3343,2021-06-05T17:52:37.664000+00:00,1.0,S
3833,3140,2021-06-05T17:52:35.634000+00:00,1.0,P
3833,3343,2021-06-05T17:52:37.664000+00:00,1.0,S
3834,3140,2021-06-05T17:52:35.634000+00:00,1.0,P
3834,3343,2021-06-05T17:52:37.664000+00:00,1.0,S
3835,3141,2021-06-05T17:52:35.644000+00:00,1.0,P
3835,3343,2021-06-05T17:52:37.664000+00:00,1.0,S
3836,3141,2021-06-05T17:52:35.644000+00:00,1.0,P
3836,3343,2021-06-05T17:52:37.664000+00:00,1.0,S
3837,3141,2021-06-05T17:52:35.644000+00:00,1.0,P
3837,3344,2021-06-05T17:52:37.673999+00:00,1.0,S
3838,3141,2021-06-05T17:52:35.644000+00:00,1.0,P
3838,3344,2021-06-05T17:52:37.673999+00:00,1.0,S
3839,3141,2021-06-05T17:52:35.644000+00:00,1.0,P
3839,3344,2021-06-05T17:52:37.673999+00:00,1.0,S
3840,3141,2021-06-05T17:52:35.644000+00:00,1.0,P
3840,3344,2021-06-05T17:52:37.673999+00:00,1.0,S
3841,3142,2021-06-05T17:52:35.654000+00:00,1.0,P
3841,3345,2021-06-05T17:52:37.684000+00:00,1.0,S
3842,3142,2021-06-05T17:52:35.654000+00:00,1.0,P
3842,3345,2021-06-05T17:52:37.684000+00:00,1.0,S
3843,3142,2021-06-05T17:52:35.654000+00:00,1.0,P
3843,3345,2021-06-05T17:52:37.684000+00:00,1.0,S
3844,3142,2021-06-05T17:52:35.654000+00:00,1.0,P
3844,3345,2021-06-05T17:52:37.684000+00:00,1.0,S
3845,3142,2021-06-05T17:52:35.654000+00:00,1.0,P
3845,3346,2021-06-05T17:52:37.694000+00:00,1.0,S
3846,3143,2021-06-05T17:52:35.664000+00:00,1.0,P
3846,3346,2021-06-05T17:52:37.694000+00:00,1.0,S
3847,3143,2021-06-05T17:52:35.664000+00:00,1.0,P
3847,3346,2021-06-05T17:52:37.694000+00:00,1.0,S
3848,3143,2021-06-05T17:52:35.664000+00:00,1.0,P
3848,3346,2021-06-05T17:52:37.694000+00:00,1.0,S
3849,3143,2021-06-05T17:52:35.664000+00:00,1.0,P
3849,3347,2021-06-05T17:52:37.704000+00:00,1.0,S
3850,3143,2021-06-05T17:52:35.664000+00:00,1.0,P
3850,3347,2021-06-05T17:52:37.704000+00:00,1.0,S
3851,3143,2021-06-05T17:52:35.664000+00:00,1.0,P
3851,3347,2021-06-05T17:52:37.704000+00:00,1.0,S
3852,3144,2021-06-05T17:52:35.674000+00:00,1.0,P
3852,3347,2021-06-05T17:52:37.704000+00:00,1.0,S
3853,3144,2021-06-05T17:52:35.674000+00:00,1.0,P
3853,3347,2021-06-05T17:52:37.704000+00:00,1.0,S
3854,3144,2021-06-05T17:52:35.674000+00:00,1.0,P
3854,3348,2021-06-05T17:52:37.714000+00:00,1.0,S
3855,3144,2021-06-05T17:52:35.674000+00:00,1.0,P
3855,3348,2021-06-05T17:52:37.714000+00:00,1.0,S
3856,3144,2021-06-05T17:52:35.674000+00:00,1.0,P
3856,3348,2021-06-05T17:52:37.714000+00:00,1.0,S
3857,3145,2021-06-05T17:52:35.684000+00:00,1.0,P
3857,3348,2021-06-05T17:52:37.714000+00:00,1.0,S
3858,3145,2021-06-05T17:52:35.684000+00:00,1.0,P
3858,3349,2021-06-05T17:52:37.724000+00:00,1.0,S
3859,3145,2021-06-05T17:52:35.684000+00:00,1.0,P
3859,3349,2021-06-05T17:52:37.724000+00:00,1.0,S
3860,3145,2021-06-05T17:52:35.684000+00:00,1.0,P
3860,3349,2021-06-05T17:52:37.724000+00:00,1.0,S
3861,3145,2021-06-05T17:52:35.684000+00:00,1.0,P
3861,3349,2021-06-05T17:52:37.724000+00:00,1.0,S
3862,3145,2021-06-05T17:52:35.684000+00:00,1.0,P
3862,3350,2021-06-05T17:52:37.734000+00:00,1.0,S
3863,3146,2021-06-05T17:52:35.694000+00:00,1.0,P
3863,3350,2021-06-05T17:52:37.734000+00:00,1.0,S
3864,3146,2021-06-05T17:52:35.694000+00:00,1.0,P
3864,3350,2021-06-05T17:52:37.734000+00:00,1.0,S
3865,3146,2021-06-05T17:52:35.694000+00:00,1.0,P
3865,3350,2021-06-05T17:52:37.734000+00:00,1.0,S
3866,3146,2021-06-05T17:52:35.694000+00:00,1.0,P
3866,3351,2021-06-05T17:52:37.743999+00:00,1.0,S
3867,3146,2021-06-05T17:52:35.694000+00:00,1.0,P
3867,3351,2021-06-05T17:52:37.743999+00:00,1.0,S
3868,3146,2021-06-05T17:52:35.694000+00:00,1.0,P
3868,3351,2021-06-05T17:52:37.743999+00:00,1.0,S
3869,3147,2021-06-05T17:52:35.704000+00:00,1.0,P
3869,3351,2021-06-05T17:52:37.743999+00:00,1.0,S
3870,3147,2021-06-05T17:52:35.704000+00:00,1.0,P
3870,3352,2021-06-05T17:52:37.754000+00:00,1.0,S
3871,3147,2021-06-05T17:52:35.704000+00:00,1.0,P
3871,3352,2021-06-05T17:52:37.754000+00:00,1.0,S
3872,3147,2021-06-05T17:52:35.704000+00:00,1.0,P
3872,3352,2021-06-05T17:52:37.754000+00:00,1.0,S
3873,3147,2021-06-05T17:52:35.704000+00:00,1.0,P
3873,3352,2021-06-05T17:52:37.754000+00:00,1.0,S
3874,3147,2021-06-05T17:52:35.704000+00:00,1.0,P
3874,3352,2021-06-05T17:52:37.754000+00:00,1.0,S
3875,3148,2021-06-05T17:52:35.714000+00:00,1.0,P
3875,3353,2021-06-05T17:52:37.764000+00:00,1.0,S
3876,3148,2021-06-05T17:52:35.714000+00:00,1.0,P
3876,3353,2021-06-05T17:52:37.764000+00:00,1.0,S
3877,3148,2021-06-05T17:52:35.714000+00:00,1.0,P
3877,3353,2021-06-05T17:52:37.764000+00:00,1.0,S
3878,3148,2021-06-05T17:52:35.714000+00:00,1.0,P
3878,3353,2021-06-05T17:52:37.764000+00:00,1.0,S
3879,3148,2021-06-05T17:52:35.714000+00:00,1.0,P
3879,3354,2021-06-05T17:52:37.774000+00:00,1.0,S
3880,3148,2021-06-05T17:52:35.714000+00:00,1.0,P
3880,3354,2021-06-05T17:52:37.774000+00:00,1.0,S
3881,3149,2021-06-05T17:52:35.724000+00:00,1.0,P
3881,3354,2021-06-05T17:52:37.774000+00:00,1.0,S
3882,3149,2021-06-05T17:52:35.724000+00:00,1.0,P
3882,3354,2021-06-05T17:52:37.774000+00:00,1.0,S
3883,3149,2021-06-05T17:52:35.724000+00:00,1.0,P
3883,3355,2021-06-05T17:52:37.783999+00:00,1.0,S
3884,3149,2021-06-05T17:52:35.724000+00:00,1.0,P
3884,3355,2021-06-05T17:52:37.783999+00:00,1.0,S
3885,3149,2021-06-05T17:52:35.724000+00:00,1.0,P
3885,3355,2021-06-05T17:52:37.783999+00:00,1.0,S
3886,3149,2021-06-05T17:52:35.724000+00:00,1.0,P
3886,3355,2021-06-05T17:52:37.783999+00:00,1.0,S
3887,3150,2021-06-05T17:52:35.734000+00:00,1.0,P
3887,3355,2021-06-05T17:52:37.783999+00:00,1.0,S
3888,3150,2021-06-05T17:52:35.734000+00:00,1.0,P
3888,3356,2021-06-05T17:52:37.794000+00:00,1.0,S
3889,3150,2021-06-05T17:52:35.734000+00:00,1.0,P
3889,3356,2021-06-05T17:52:37.794000+00:00,1.0,S
3890,3150,2021-06-05T17:52:35.734000+00:00,1.0,P
3890,3356,2021-06-05T17:52:37.794000+00:00,1.0,S
3891,3150,2021-06-05T17:52:35.734000+00:00,1.0,P
3891,3356,2021-06-05T17:52:37.794000+00:00,1.0,S
3892,3150,2021-06-05T17:52:35.734000+00:00,1.0,P
3892,3357,2021-06-05T17:52:37.804000+00:00,1.0,S
3893,3151,2021-06-05T17:52:35.744000+00:00,1.0,P
3893,3357,2021-06-05T17:52:37.804000+00:00,1.0,S
3894,3151,2021-06-05T17:52:35.744000+00:00,1.0,P
3894,3357,2021-06-05T17:52:37.804000+00:00,1.0,S
3895,3151,2021-06-05T17:52:35.744000+00:00,1.0,P
3895,3357,2021-06-05T17:52:37.804000+00:00,1.0,S
3896,3151,2021-06-05T17:52:35.744000+00:00,1.0,P
3896,3357,2021-06-05T17:52:37.804000+00:00,1.0,S
3897,3151,2021-06-05T17:52:35.744000+00:00,1.0,P
3897,3358,2021-06-05T17:52:37.814000+00:00,1.0,S
3898,3151,2021-06-05T17:52:35.744000+00:00,1.0,P
3898,3358,2021-06-05T17:52:37.814000+00:00,1.0,S
3899,3152,2021-06-05T17:52:35.754000+00:00,1.0,P
3899,3358,2021-06-05T17:52:37.814000+00:00,1.0,S
3900,3152,2021-06-05T17:52:35.754000+00:00,1.0,P
3900,3358,2021-06-05T17:52:37.814000+00:00,1.0,S
3901,3152,2021-06-05T17:52:35.754000+00:00,1.0,P
3901,3359,2021-06-05T17:52:37.824000+00:00,1.0,S
3902,3152,2021-06-05T17:52:35.754000+00:00,1.0,P
3902,3359,2021-06-05T17:52:37.824000+00:00,1.0,S
3903,3152,2021-06-05T17:52:35.754000+00:00,1.0,P
3903,3359,2021-06-05T17:52:37.824000+00:00,1.0,S
3904,3152,2021-06-05T17:52:35.754000+00:00,1.0,P
3904,3359,2021-06-05T17:52:37.824000+00:00,1.0,S
3905,3152,2021-06-05T17:52:35.754000+00:00,1.0,P
3905,3359,2021-06-05T17:52:37.824000+00:00,1.0,S
3906,3153,2021-06-05T17:52:35.764000+00:00,1.0,P
3906,3360,2021-06-05T17:52:37.834000+00:00,1.0,S
3907,3153,2021-06-05T17:52:35.764000+00:00,1.0,P
3907,3360,2021-06-05T17:52:37.834000+00:00,1.0,S
3908,3153,2021-06-05T17:52:35.764000+00:00,1.0,P
3908,3360,2021-06-05T17:52:37.834000+00:00,1.0,S
3909,3153,2021-06-05T17:52:35.764000+00:00,1.0,P
3909,3360,2021-06-05T17:52:37.834000+00:00,1.0,S
3910,3153,2021-06-05T17:52:35.764000+00:00,1.0,P
3910,3361,2021-06-05T17:52:37.844000+00:00,1.0,S
3911,3153,2021-06-05T17:52:35.764000+00:00,1.0,P
3911,3361,2021-06-05T17:52:37.844000+00:00,1.0,S
3912,3153,2021-06-05T17:52:35.764000+00:00,1.0,P
3912,3361,2021-06-05T17:52:37.844000+00:00,1.0,S
3913,3154,2021-06-05T17:52:35.774000+00:00,1.0,P
3913,3361,2021-06-05T17:52:37.844000+00:00,1.0,S
3914,3154,2021-06-05T17:52:35.774000+00:00,1.0,P
3914,3361,2021-06-05T17:52:37.844000+00:00,1.0,S
3915,3154,2021-06-05T17:52:35.774000+00:00,1.0,P
3915,3362,2021-06-05T17:52:37.853999+00:00,1.0,S
3916,3154,2021-06-05T17:52:35.774000+00:00,1.0,P
3916,3362,2021-06-05T17:52:37.853999+00:00,1.0,S
3917,3154,2021-06-05T17:52:35.774000+00:00,1.0,P
3917,3362,2021-06-05T17:52:37.853999+00:00,1.0,S
3918,3154,2021-06-05T17:52:35.774000+00:00,1.0,P
3918,3362,2021-06-05T17:52:37.853999+00:00,1.0,S
3919,3155,2021-06-05T17:52:35.784000+00:00,1.0,P
3919,3362,2021-06-05T17:52:37.853999+00:00,1.0,S
3920,3155,2021-06-05T17:52:35.784000+00:00,1.0,P
3920,3363,2021-06-05T17:52:37.864000+00:00,1.0,S
3921,3155,2021-06-05T17:52:35.784000+00:00,1.0,P
3921,3363,2021-06-05T17:52:37.864000+00:00,1.0,S
3922,3155,2021-06-05T17:52:35.784000+00:00,1.0,P
3922,3363,2021-06-05T17:52:37.864000+00:00,1.0,S
3923,3155,2021-06-05T17:52:35.784000+00:00,1.0,P
3923,3363,2021-06-05T17:52:37.864000+00:00,1.0,S
3924,3155,2021-06-05T17:52:35.784000+00:00,1.0,P
3924,3363,2021-06-05T17:52:37.864000+00:00,1.0,S
3925,3155,2021-06-05T17:52:35.784000+00:00,1.0,P
3925,3364,2021-06-05T17:52:37.874000+00:00,1.0,S
3926,3155,2021-06-05T17:52:35.784000+00:00,1.0,P
3926,3364,2021-06-05T17:52:37.874000+00:00,1.0,S
3927,3156,2021-06-05T17:52:35.794000+00:00,1.0,P
3927,3364,2021-06-05T17:52:37.874000+00:00,1.0,S
3928,3156,2021-06-05T17:52:35.794000+00:00,1.0,P
3928,3364,2021-06-05T17:52:37.874000+00:00,1.0,S
3929,3156,2021-06-05T17:52:35.794000+00:00,1.0,P
3929,3364,2021-06-05T17:52:37.874000+00:00,1.0,S
3930,3156,2021-06-05T17:52:35.794000+00:00,1.0,P
3930,3365,2021-06-05T17:52:37.884000+00:00,1.0,S
3931,3156,2021-06-05T17:52:35.794000+00:00,1.0,P
3931,3365,2021-06-05T17:52:37.884000+00:00,1.0,S
3932,3156,2021-06-05T17:52:35.794000+00:00,1.0,P
3932,3365,2021-06-05T17:52:37.884000+00:00,1.0,S
3933,3156,2021-06-05T17:52:35.794000+00:00,1.0,P
3933,3365,2021-06-05T17:52:37.884000+00:00,1.0,S
3934,3156,2021-06-05T17:52:35.794000+00:00,1.0,P
3934,3366,2021-06-05T17:52:37.894000+00:00,1.0,S
3935,3157,2021-06-05T17:52:35.804000+00:00,1.0,P
3935,3366,2021-06-05T17:52:37.894000+00:00,1.0,S
3936,3157,2021-06-05T17:52:35.804000+00:00,1.0,P
3936,3366,2021-06-05T17:52:37.894000+00:00,1.0,S
3937,3157,2021-06-05T17:52:35.804000+00:00,1.0,P
3937,3366,2021-06-05T17:52:37.894000+00:00,1.0,S
3938,3157,2021-06-05T17:52:35.804000+00:00,1.0,P
3938,3366,2021-06-05T17:52:37.894000+00:00,1.0,S
3939,3157,2021-06-05T17:52:35.804000+00:00,1.0,P
3939,3367,2021-06-05T17:52:37.904000+00:00,1.0,S
3940,3157,2021-06-05T17:52:35.804000+00:00,1.0,P
3940,3367,2021-06-05T17:52:37.904000+00:00,1.0,S
3941,3157,2021-06-05T17:52:35.804000+00:00,1.0,P
3941,3367,2021-06-05T17:52:37.904000+00:00,1.0,S
3942,3157,2021-06-05T17:52:35.804000+00:00,1.0,P
3942,3367,2021-06-05T17:52:37.904000+00:00,1.0,S
3943,3157,2021-06-05T17:52:35.804000+00:00,1.0,P
3943,3367,2021-06-05T17:52:37.904000+00:00,1.0,S
3944,3158,2021-06-05T17:52:35.814000+00:00,1.0,P
3944,3368,2021-06-05T17:52:37.914000+00:00,1.0,S
3945,3158,2021-06-05T17:52:35.814000+00:00,1.0,P
3945,3368,2021-06-05T17:52:37.914000+00:00,1.0,S
3946,3158,2021-06-05T17:52:35.814000+00:00,1.0,P
3946,3368,2021-06-05T17:52:37.914000+00:00,1.0,S
3947,3158,2021-06-05T17:52:35.814000+00:00,1.0,P
3947,3368,2021-06-05T17:52:37.914000+00:00,1.0,S
3948,3158,2021-06-05T17:52:35.814000+00:00,1.0,P
3948,3368,2021-06-05T17:52:37.914000+00:00,1.0,S
3949,3158,2021-06-05T17:52:35.814000+00:00,1.0,P
3949,3369,2021-06-05T17:52:37.923999+00:00,1.0,S
3950,3158,2021-06-05T17:52:35.814000+00:00,1.0,P
3950,3369,2021-06-05T17:52:37.923999+00:00,1.0,S
3951,3158,2021-06-05T17:52:35.814000+00:00,1.0,P
3951,3369,2021-06-05T17:52:37.923999+00:00,1.0,S
3952,3158,2021-06-05T17:52:35.814000+00:00,1.0,P
3952,3369,2021-06-05T17:52:37.923999+00:00,1.0,S
3953,3158,2021-06-05T17:52:35.814000+00:00,1.0,P
3953,3370,2021-06-05T17:52:37.934000+00:00,1.0,S
3954,3158,2021-06-05T17:52:35.814000+00:00,1.0,P
3954,3370,2021-06-05T17:52:37.934000+00:00,1.0,S
3955,3158,2021-06-05T17:52:35.814000+00:00,1.0,P
3955,3370,2021-06-05T17:52:37.934000+00:00,1.0,S
3956,3158,2021-06-05T17:52:35.814000+00:00,1.0,P
3956,3370,2021-06-05T17:52:37.934000+00:00,1.0,S
3957,3158,2021-06-05T17:52:35.814000+00:00,1.0,P
3957,3370,2021-06-05T17:52:37.934000+00:00,1.0,S
3958,3158,2021-06-05T17:52:35.814000+00:00,1.0,P
3958,3371,2021-06-05T17:52:37.944000+00:00,1.0,S
3959,3158,2021-06-05T17:52:35.814000+00:00,1.0,P
3959,3371,2021-06-05T17:52:37.944000+00:00,1.0,S
3960,3158,2021-06-05T17:52:35.814000+00:00,1.0,P
3960,3371,2021-06-05T17:52:37.944000+00:00,1.0,S
3961,3158,2021-06-05T17:52:35.814000+00:00,1.0,P
3961,3371,2021-06-05T17:52:37.944000+00:00,1.0,S
3962,3159,2021-06-05T17:52:35.824000+00:00,1.0,P
3962,3371,2021-06-05T17:52:37.944000+00:00,1.0,S
3963,3159,2021-06-05T17:52:35.824000+00:00,1.0,P
3963,3372,2021-06-05T17:52:37.954000+00:00,1.0,S
3964,3159,2021-06-05T17:52:35.824000+00:00,1.0,P
3964,3372,2021-06-05T17:52:37.954000+00:00,1.0,S
3965,3159,2021-06-05T17:52:35.824000+00:00,1.0,P
3965,3372,2021-06-05T17:52:37.954000+00:00,1.0,S
3966,3159,2021-06-05T17:52:35.824000+00:00,1.0,P
3966,3372,2021-06-05T17:52:37.954000+00:00,1.0,S
3967,3159,2021-06-05T17:52:35.824000+00:00,1.0,P
3967,3372,2021-06-05T17:52:37.954000+00:00,1.0,S
3968,3159,2021-06-05T17:52:35.824000+00:00,1.0,P
3968,3373,2021-06-05T17:52:37.964000+00:00,1.0,S
3969,3159,2021-06-05T17:52:35.824000+00:00,1.0,P
3969,3373,2021-06-05T17:52:37.964000+00:00,1.0,S
3970,3159,2021-06-05T17:52:35.824000+00:00,1.0,P
3970,3373,2021-06-05T17:52:37.964000+00:00,1.0,S
3971,3160,2021-06-05T17:52:35.834000+00:00,1.0,P
3971,3373,2021-06-05T17:52:37.964000+00:00,1.0,S
3972,3160,2021-06-05T17:52:35.834000+00:00,1.0,P
3972,3373,2021-06-05T17:52:37.964000+00:00,1.0,S
3973,3160,2021-06-05T17:52:35.834000+00:00,1.0,P
3973,3374,2021-06-05T17:52:37.974000+00:00,1.0,S
3974,3160,2021-06-05T17:52:35.834000+00:00,1.0,P
3974,3374,2021-06-05T17:52:37.974000+00:00,1.0,S
3975,3160,2021-06-05T17:52:35.834000+00:00,1.0,P
3975,3374,2021-06-05T17:52:37.974000+00:00,1.0,S
3976,3160,2021-06-05T17:52:35.834000+00:00,1.0,P
3976,3374,2021-06-05T17:52:37.974000+00:00,1.0,S
3977,3160,2021-06-05T17:52:35.834000+00:00,1.0,P
3977,3375,2021-06-05T17:52:37.984000+00:00,1.0,S
3978,3160,2021-06-05T17:52:35.834000+00:00,1.0,P
3978,3375,2021-06-05T17:52:37.984000+00:00,1.0,S
3979,3160,2021-06-05T17:52:35.834000+00:00,1.0,P
3979,3375,2021-06-05T17:52:37.984000+00:00,1.0,S
3980,3160,2021-06-05T17:52:35.834000+00:00,1.0,P
3980,3375,2021-06-05T17:52:37.984000+00:00,1.0,S
3981,3161,2021-06-05T17:52:35.844000+00:00,1.0,P
3981,3375,2021-06-05T17:52:37.984000+00:00,1.0,S
3982,3161,2021-06-05T17:52:35.844000+00:00,1.0,P
3982,3376,2021-06-05T17:52:37.993999+00:00,1.0,S
3983,3161,2021-06-05T17:52:35.844000+00:00,1.0,P
3983,3376,2021-06-05T17:52:37.993999+00:00,1.0,S
3984,3161,2021-06-05T17:52:35.844000+00:00,1.0,P
3984,3376,2021-06-05T17:52:37.993999+00:00,1.0,S
3985,3161,2021-06-05T17:52:35.844000+00:00,1.0,P
3985,3376,2021-06-05T17:52:37.993999+00:00,1.0,S
3986,3161,2021-06-05T17:52:35.844000+00:00,1.0,P
3986,3376,2021-06-05T17:52:37.993999+00:00,1.0,S
3987,3161,2021-06-05T17:52:35.844000+00:00,1.0,P
3987,3377,2021-06-05T17:52:38.004000+00:00,1.0,S
3988,3161,2021-06-05T17:52:35.844000+00:00,1.0,P
3988,3377,2021-06-05T17:52:38.004000+00:00,1.0,S
3989,3161,2021-06-05T17:52:35.844000+00:00,1.0,P
3989,3377,2021-06-05T17:52:38.004000+00:00,1.0,S
3990,3162,2021-06-05T17:52:35.854000+00:00,1.0,P
3990,3377,2021-06-05T17:52:38.004000+00:00,1.0,S
3991,3162,2021-06-05T17:52:35.854000+00:00,1.0,P
3991,3377,2021-06-05T17:52:38.004000+00:00,1.0,S
3992,3162,2021-06-05T17:52:35.854000+00:00,1.0,P
3992,3378,2021-06-05T17:52:38.014000+00:00,1.0,S
3993,3162,2021-06-05T17:52:35.854000+00:00,1.0,P
3993,3378,2021-06-05T17:52:38.014000+00:00,1.0,S
3994,3162,2021-06-05T17:52:35.854000+00:00,1.0,P
3994,3378,2021-06-05T17:52:38.014000+00:00,1.0,S
3995,3162,2021-06-05T17:52:35.854000+00:00,1.0,P
3995,3378,2021-06-05T17:52:38.014000+00:00,1.0,S
3996,3162,2021-06-05T17:52:35.854000+00:00,1.0,P
3996,3378,2021-06-05T17:52:38.014000+00:00,1.0,S
3997,3162,2021-06-05T17:52:35.854000+00:00,1.0,P
3997,3379,2021-06-05T17:52:38.024000+00:00,1.0,S
3998,3162,2021-06-05T17:52:35.854000+00:00,1.0,P
3998,3379,2021-06-05T17:52:38.024000+00:00,1.0,S
3999,3162,2021-06-05T17:52:35.854000+00:00,1.0,P
3999,3379,2021-06-05T17:52:38.024000+00:00,1.0,S
4000,3162,2021-06-05T17:52:35.854000+00:00,1.0,P
4000,3379,2021-06-05T17:52:38.024000+00:00,1.0,S
4001,3163,2021-06-05T17:52:35.864000+00:00,1.0,P
4001,3379,2021-06-05T17:52:38.024000+00:00,1.0,S
4002,3163,2021-06-05T17:52:35.864000+00:00,1.0,P
4002,3380,2021-06-05T17:52:38.033999+00:00,1.0,S
4003,3163,2021-06-05T17:52:35.864000+00:00,1.0,P
4003,3380,2021-06-05T17:52:38.033999+00:00,1.0,S
4004,3163,2021-06-05T17:52:35.864000+00:00,1.0,P
4004,3380,2021-06-05T17:52:38.033999+00:00,1.0,S
4005,3163,2021-06-05T17:52:35.864000+00:00,1.0,P
4005,3380,2021-06-05T17:52:38.033999+00:00,1.0,S
4006,3163,2021-06-05T17:52:35.864000+00:00,1.0,P
4006,3381,2021-06-05T17:52:38.044000+00:00,1.0,S
4007,3163,2021-06-05T17:52:35.864000+00:00,1.0,P
4007,3381,2021-06-05T17:52:38.044000+00:00,1.0,S
4008,3163,2021-06-05T17:52:35.864000+00:00,1.0,P
4008,3381,2021-06-05T17:52:38.044000+00:00,1.0,S
4009,3163,2021-06-05T17:52:35.864000+00:00,1.0,P
4009,3381,2021-06-05T17:52:38.044000+00:00,1.0,S
4010,3163,2021-06-05T17:52:35.864000+00:00,1.0,P
4010,3381,2021-06-05T17:52:38.044000+00:00,1.0,S
4011,3163,2021-06-05T17:52:35.864000+00:00,1.0,P
4011,3382,2021-06-05T17:52:38.054000+00:00,1.0,S
4012,3163,2021-06-05T17:52:35.864000+00:00,1.0,P
4012,3382,2021-06-05T17:52:38.054000+00:00,1.0,S
4013,3164,2021-06-05T17:52:35.874000+00:00,1.0,P
4013,3382,2021-06-05T17:52:38.054000+00:00,1.0,S
4014,3164,2021-06-05T17:52:35.874000+00:00,1.0,P
4014,3382,2021-06-05T17:52:38.054000+00:00,1.0,S
4015,3164,2021-06-05T17:52:35.874000+00:00,1.0,P
4015,3383,2021-06-05T17:52:38.064000+00:00,1.0,S
4016,3164,2021-06-05T17:52:35.874000+00:00,1.0,P
4016,3383,2021-06-05T17:52:38.064000+00:00,1.0,S
4017,3164,2021-06-05T17:52:35.874000+00:00,1.0,P
4017,3383,2021-06-05T17:52:38.064000+00:00,1.0,S
4018,3164,2021-06-05T17:52:35.874000+00:00,1.0,P
4018,3383,2021-06-05T17:52:38.064000+00:00,1.0,S
4019,3164,2021-06-05T17:52:35.874000+00:00,1.0,P
4019,3383,2021-06-05T17:52:38.064000+00:00,1.0,S
4020,3164,2021-06-05T17:52:35.874000+00:00,1.0,P
4020,3384,2021-06-05T17:52:38.074000+00:00,1.0,S
4021,3164,2021-06-05T17:52:35.874000+00:00,1.0,P
4021,3384,2021-06-05T17:52:38.074000+00:00,1.0,S
4022,3164,2021-06-05T17:52:35.874000+00:00,1.0,P
4022,3384,2021-06-05T17:52:38.074000+00:00,1.0,S
4023,3165,2021-06-05T17:52:35.884000+00:00,1.0,P
4023,3384,2021-06-05T17:52:38.074000+00:00,1.0,S
4024,3165,2021-06-05T17:52:35.884000+00:00,1.0,P
4024,3385,2021-06-05T17:52:38.084000+00:00,1.0,S
4025,3165,2021-06-05T17:52:35.884000+00:00,1.0,P
4025,3385,2021-06-05T17:52:38.084000+00:00,1.0,S
4026,3165,2021-06-05T17:52:35.884000+00:00,1.0,P
4026,3385,2021-06-05T17:52:38.084000+00:00,1.0,S
4027,3165,2021-06-05T17:52:35.884000+00:00,1.0,P
4027,3385,2021-06-05T17:52:38.084000+00:00,1.0,S
4028,3165,2021-06-05T17:52:35.884000+00:00,1.0,P
4028,3386,2021-06-05T17:52:38.094000+00:00,1.0,S
4029,3165,2021-06-05T17:52:35.884000+00:00,1.0,P
4029,3386,2021-06-05T17:52:38.094000+00:00,1.0,S
4030,3165,2021-06-05T17:52:35.884000+00:00,1.0,P
4030,3386,2021-06-05T17:52:38.094000+00:00,1.0,S
4031,3165,2021-06-05T17:52:35.884000+00:00,1.0,P
4031,3386,2021-06-05T17:52:38.094000+00:00,1.0,S
4032,3166,2021-06-05T17:52:35.894000+00:00,1.0,P
4032,3386,2021-06-05T17:52:38.094000+00:00,1.0,S
4033,3166,2021-06-05T17:52:35.894000+00:00,1.0,P
4033,3387,2021-06-05T17:52:38.103999+00:00,1.0,S
4034,3166,2021-06-05T17:52:35.894000+00:00,1.0,P
4034,3387,2021-06-05T17:52:38.103999+00:00,1.0,S
4035,3166,2021-06-05T17:52:35.894000+00:00,1.0,P
4035,3387,2021-06-05T17:52:38.103999+00:00,1.0,S
4036,3166,2021-06-05T17:52:35.894000+00:00,1.0,P
4036,3387,2021-06-05T17:52:38.103999+00:00,1.0,S
4037,3166,2021-06-05T17:52:35.894000+00:00,1.0,P
4037,3388,2021-06-05T17:52:38.114000+00:00,1.0,S
4038,3166,2021-06-05T17:52:35.894000+00:00,1.0,P
4038,3388,2021-06-05T17:52:38.114000+00:00,1.0,S
4039,3166,2021-06-05T17:52:35.894000+00:00,1.0,P
4039,3388,2021-06-05T17:52:38.114000+00:00,1.0,S
4040,3166,2021-06-05T17:52:35.894000+00:00,1.0,P
4040,3388,2021-06-05T17:52:38.114000+00:00,1.0,S
4041,3167,2021-06-05T17:52:35.904000+00:00,1.0,P
4041,3388,2021-06-05T17:52:38.114000+00:00,1.0,S
4042,3167,2021-06-05T17:52:35.904000+00:00,1.0,P
4042,3389,2021-06-05T17:52:38.124000+00:00,1.0,S
4043,3167,2021-06-05T17:52:35.904000+00:00,1.0,P
4043,3389,2021-06-05T17:52:38.124000+00:00,1.0,S
4044,3167,2021-06-05T17:52:35.904000+00:00,1.0,P
4044,3389,2021-06-05T17:52:38.124000+00:00,1.0,S
4045,3167,2021-06-05T17:52:35.904000+00:00,1.0,P
4045,3389,2021-06-05T17:52:38.124000+00:00,1.0,S
4046,3167,2021-06-05T17:52:35.904000+00:00,1.0,P
4046,3390,2021-06-05T17:52:38.134000+00:00,1.0,S
4047,3167,2021-06-05T17:52:35.904000+00:00,1.0,P
4047,3390,2021-06-05T17:52:38.134000+00:00,1.0,S
4048,3167,2021-06-05T17:52:35.904000+00:00,1.0,P
4048,3390,2021-06-05T17:52:38.134000+00:00,1.0,S
4049,3167,2021-06-05T17:52:35.904000+00:00,1.0,P
4049,3390,2021-06-05T17:52:38.134000+00:00,1.0,S
4050,3168,2021-06-05T17:52:35.914000+00:00,1.0,P
4050,3390,2021-06-05T17:52:38.134000+00:00,1.0,S
4051,3168,2021-06-05T17:52:35.914000+00:00,1.0,P
4051,3391,2021-06-05T17:52:38.144000+00:00,1.0,S
4052,3168,2021-06-05T17:52:35.914000+00:00,1.0,P
4052,3391,2021-06-05T17:52:38.144000+00:00,1.0,S
4053,3168,2021-06-05T17:52:35.914000+00:00,1.0,P
4053,3391,2021-06-05T17:52:38.144000+00:00,1.0,S
4054,3168,2021-06-05T17:52:35.914000+00:00,1.0,P
4054,3391,2021-06-05T17:52:38.144000+00:00,1.0,S
4055,3168,2021-06-05T17:52:35.914000+00:00,1.0,P
4055,3392,2021-06-05T17:52:38.154000+00:00,1.0,S
4056,3168,2021-06-05T17:52:35.914000+00:00,1.0,P
4056,3392,2021-06-05T17:52:38.154000+00:00,1.0,S
4057,3168,2021-06-05T17:52:35.914000+00:00,1.0,P
4057,3392,2021-06-05T17:52:38.154000+00:00,1.0,S
4058,3168,2021-06-05T17:52:35.914000+00:00,1.0,P
4058,3392,2021-06-05T17:52:38.154000+00:00,1.0,S
4059,3169,2021-06-05T17:52:35.924000+00:00,1.0,P
4059,3392,2021-06-05T17:52:38.154000+00:00,1.0,S
4060,3169,2021-06-05T17:52:35.924000+00:00,1.0,P
4060,3393,2021-06-05T17:52:38.164000+00:00,1.0,S
4061,3169,2021-06-05T17:52:35.924000+00:00,1.0,P
4061,3393,2021-06-05T17:52:38.164000+00:00,1.0,S
4062,3169,2021-06-05T17:52:35.924000+00:00,1.0,P
4062,3393,2021-06-05T17:52:38.164000+00:00,1.0,S
4063,3169,2021-06-05T17:52:35.924000+00:00,1.0,P
4063,3393,2021-06-05T17:52:38.164000+00:00,1.0,S
4064,3169,2021-06-05T17:52:35.924000+00:00,1.0,P
4064,3394,2021-06-05T17:52:38.173999+00:00,1.0,S
4065,3169,2021-06-05T17:52:35.924000+00:00,1.0,P
4065,3394,2021-06-05T17:52:38.173999+00:00,1.0,S
4066,3169,2021-06-05T17:52:35.924000+00:00,1.0,P
4066,3394,2021-06-05T17:52:38.173999+00:00,1.0,S
4067,3170,2021-06-05T17:52:35.934000+00:00,1.0,P
4067,3394,2021-06-05T17:52:38.173999+00:00,1.0,S
4068,3170,2021-06-05T17:52:35.934000+00:00,1.0,P
4068,3394,2021-06-05T17:52:38.173999+00:00,1.0,S
4069,3170,2021-06-05T17:52:35.934000+00:00,1.0,P
4069,3395,2021-06-05T17:52:38.184000+00:00,1.0,S
4070,3170,2021-06-05T17:52:35.934000+00:00,1.0,P
4070,3395,2021-06-05T17:52:38.184000+00:00,1.0,S
4071,3170,2021-06-05T17:52:35.934000+00:00,1.0,P
4071,3395,2021-06-05T17:52:38.184000+00:00,1.0,S
4072,3170,2021-06-05T17:52:35.934000+00:00,1.0,P
4072,3395,2021-06-05T17:52:38.184000+00:00,1.0,S
4073,3170,2021-06-05T17:52:35.934000+00:00,1.0,P
4073,3396,2021-06-05T17:52:38.194000+00:00,1.0,S
4074,3170,2021-06-05T17:52:35.934000+00:00,1.0,P
4074,3396,2021-06-05T17:52:38.194000+00:00,1.0,S
4075,3170,2021-06-05T17:52:35.934000+00:00,1.0,P
4075,3396,2021-06-05T17:52:38.194000+00:00,1.0,S
4076,3171,2021-06-05T17:52:35.944000+00:00,1.0,P
4076,3396,2021-06-05T17:52:38.194000+00:00,1.0,S
4077,3171,2021-06-05T17:52:35.944000+00:00,1.0,P
4077,3396,2021-06-05T17:52:38.194000+00:00,1.0,S
4078,3171,2021-06-05T17:52:35.944000+00:00,1.0,P
4078,3397,2021-06-05T17:52:38.204000+00:00,1.0,S
4079,3171,2021-06-05T17:52:35.944000+00:00,1.0,P
4079,3397,2021-06-05T17:52:38.204000+00:00,1.0,S
4080,3171,2021-06-05T17:52:35.944000+00:00,1.0,P
4080,3397,2021-06-05T17:52:38.204000+00:00,1.0,S
4081,3171,2021-06-05T17:52:35.944000+00:00,1.0,P
4081,3397,2021-06-05T17:52:38.204000+00:00,1.0,S
4082,3171,2021-06-05T17:52:35.944000+00:00,1.0,P
4082,3398,2021-06-05T17:52:38.214000+00:00,1.0,S
4083,3171,2021-06-05T17:52:35.944000+00:00,1.0,P
4083,3398,2021-06-05T17:52:38.214000+00:00,1.0,S
4084,3172,2021-06-05T17:52:35.954000+00:00,1.0,P
4084,3398,2021-06-05T17:52:38.214000+00:00,1.0,S
4085,3172,2021-06-05T17:52:35.954000+00:00,1.0,P
4085,3398,2021-06-05T17:52:38.214000+00:00,1.0,S
4086,3172,2021-06-05T17:52:35.954000+00:00,1.0,P
4086,3399,2021-06-05T17:52:38.224000+00:00,1.0,S
4087,3172,2021-06-05T17:52:35.954000+00:00,1.0,P
4087,3399,2021-06-05T17:52:38.224000+00:00,1.0,S
4088,3172,2021-06-05T17:52:35.954000+00:00,1.0,P
4088,3399,2021-06-05T17:52:38.224000+00:00,1.0,S
4089,3172,2021-06-05T17:52:35.954000+00:00,1.0,P
4089,3399,2021-06-05T17:52:38.224000+00:00,1.0,S
4090,3172,2021-06-05T17:52:35.954000+00:00,1.0,P
4090,3399,2021-06-05T17:52:38.224000+00:00,1.0,S
4091,3172,2021-06-05T17:52:35.954000+00:00,1.0,P
4091,3400,2021-06-05T17:52:38.234000+00:00,1.0,S
4092,3173,2021-06-05T17:52:35.964000+00:00,1.0,P
4092,3400,2021-06-05T17:52:38.234000+00:00,1.0,S
4093,3173,2021-06-05T17:52:35.964000+00:00,1.0,P
4093,3400,2021-06-05T17:52:38.234000+00:00,1.0,S
4094,3173,2021-06-05T17:52:35.964000+00:00,1.0,P
4094,3400,2021-06-05T17:52:38.234000+00:00,1.0,S
4095,3173,2021-06-05T17:52:35.964000+00:00,1.0,P
4095,3401,2021-06-05T17:52:38.243999+00:00,1.0,S
4096,3173,2021-06-05T17:52:35.964000+00:00,1.0,P
4096,3401,2021-06-05T17:52:38.243999+00:00,1.0,S
4097,3173,2021-06-05T17:52:35.964000+00:00,1.0,P
4097,3401,2021-06-05T17:52:38.243999+00:00,1.0,S
4098,3173,2021-06-05T17:52:35.964000+00:00,1.0,P
4098,3401,2021-06-05T17:52:38.243999+00:00,1.0,S
4099,3174,2021-06-05T17:52:35.974000+00:00,1.0,P
4099,3402,2021-06-05T17:52:38.254000+00:00,1.0,S
4100,3174,2021-06-05T17:52:35.974000+00:00,1.0,P
4100,3402,2021-06-05T17:52:38.254000+00:00,1.0,S
4101,3174,2021-06-05T17:52:35.974000+00:00,1.0,P
4101,3402,2021-06-05T17:52:38.254000+00:00,1.0,S
4102,3174,2021-06-05T17:52:35.974000+00:00,1.0,P
4102,3402,2021-06-05T17:52:38.254000+00:00,1.0,S
4103,3174,2021-06-05T17:52:35.974000+00:00,1.0,P
4103,3402,2021-06-05T17:52:38.254000+00:00,1.0,S
4104,3174,2021-06-05T17:52:35.974000+00:00,1.0,P
4104,3403,2021-06-05T17:52:38.264000+00:00,1.0,S
4105,3174,2021-06-05T17:52:35.974000+00:00,1.0,P
4105,3403,2021-06-05T17:52:38.264000+00:00,1.0,S
4106,3174,2021-06-05T17:52:35.974000+00:00,1.0,P
4106,3403,2021-06-05T17:52:38.264000+00:00,1.0,S
4107,3175,2021-06-05T17:52:35.984000+00:00,1.0,P
4107,3403,2021-06-05T17:52:38.264000+00:00,1.0,S
4108,3175,2021-06-05T17:52:35.984000+00:00,1.0,P
4108,3404,2021-06-05T17:52:38.274000+00:00,1.0,S
4109,3175,2021-06-05T17:52:35.984000+00:00,1.0,P
4109,3404,2021-06-05T17:52:38.274000+00:00,1.0,S
4110,3175,2021-06-05T17:52:35.984000+00:00,1.0,P
4110,3404,2021-06-05T17:52:38.274000+00:00,1.0,S
4111,3175,2021-06-05T17:52:35.984000+00:00,1.0,P
4111,3404,2021-06-05T17:52:38.274000+00:00,1.0,S
4112,3175,2021-06-05T17:52:35.984000+00:00,1.0,P
4112,3405,2021-06-05T17:52:38.283999+00:00,1.0,S
4113,3175,2021-06-05T17:52:35.984000+00:00,1.0,P
4113,3405,2021-06-05T17:52:38.283999+00:00,1.0,S
4114,3176,2021-06-05T17:52:35.994000+00:00,1.0,P
4114,3405,2021-06-05T17:52:38.283999+00:00,1.0,S
4115,3176,2021-06-05T17:52:35.994000+00:00,1.0,P
4115,3405,2021-06-05T17:52:38.283999+00:00,1.0,S
4116,3176,2021-06-05T17:52:35.994000+00:00,1.0,P
4116,3406,2021-06-05T17:52:38.294000+00:00,1.0,S
4117,3176,2021-06-05T17:52:35.994000+00:00,1.0,P
4117,3406,2021-06-05T17:52:38.294000+00:00,1.0,S
4118,3176,2021-06-05T17:52:35.994000+00:00,1.0,P
4118,3406,2021-06-05T17:52:38.294000+00:00,1.0,S
4119,3176,2021-06-05T17:52:35.994000+00:00,1.0,P
4119,3406,2021-06-05T17:52:38.294000+00:00,1.0,S
4120,3176,2021-06-05T17:52:35.994000+00:00,1.0,P
4120,3407,2021-06-05T17:52:38.304000+00:00,1.0,S
4121,3176,2021-06-05T17:52:35.994000+00:00,1.0,P
4121,3407,2021-06-05T17:52:38.304000+00:00,1.0,S
4122,3177,2021-06-05T17:52:36.004000+00:00,1.0,P
4122,3407,2021-06-05T17:52:38.304000+00:00,1.0,S
4123,3177,2021-06-05T17:52:36.004000+00:00,1.0,P
4123,3407,2021-06-05T17:52:38.304000+00:00,1.0,S
4124,3177,2021-06-05T17:52:36.004000+00:00,1.0,P
4124,3408,2021-06-05T17:52:38.314000+00:00,1.0,S
4125,3177,2021-06-05T17:52:36.004000+00:00,1.0,P
4125,3408,2021-06-05T17:52:38.314000+00:00,1.0,S
4126,3177,2021-06-05T17:52:36.004000+00:00,1.0,P
4126,3408,2021-06-05T17:52:38.314000+00:00,1.0,S
4127,3177,2021-06-05T17:52:36.004000+00:00,1.0,P
4127,3408,2021-06-05T17:52:38.314000+00:00,1.0,S
4128,3177,2021-06-05T17:52:36.004000+00:00,1.0,P
4128,3409,2021-06-05T17:52:38.324000+00:00,1.0,S
4129,3178,2021-06-05T17:52:36.014000+00:00,1.0,P
4129,3409,2021-06-05T17:52:38.324000+00:00,1.0,S
4130,3178,2021-06-05T17:52:36.014000+00:00,1.0,P
4130,3409,2021-06-05T17:52:38.324000+00:00,1.0,S
4131,3178,2021-06-05T17:52:36.014000+00:00,1.0,P
4131,3409,2021-06-05T17:52:38.324000+00:00,1.0,S
4132,3178,2021-06-05T17:52:36.014000+00:00,1.0,P
4132,3410,2021-06-05T17:52:38.334000+00:00,1.0,S
4133,3178,2021-06-05T17:52:36.014000+00:00,1.0,P
4133,3410,2021-06-05T17:52:38.334000+00:00,1.0,S
4134,3178,2021-06-05T17:52:36.014000+00:00,1.0,P
4134,3410,2021-06-05T17:52:38.334000+00:00,1.0,S
4135,3178,2021-06-05T17:52:36.014000+00:00,1.0,P
4135,3410,2021-06-05T17:52:38.334000+00:00,1.0,S
4136,3178,2021-06-05T17:52:36.014000+00:00,1.0,P
4136,3411,2021-06-05T17:52:38.344000+00:00,1.0,S
4137,3179,2021-06-05T17:52:36.024000+00:00,1.0,P
4137,3411,2021-06-05T17:52:38.344000+00:00,1.0,S
4138,3179,2021-06-05T17:52:36.024000+00:00,1.0,P
4138,3411,2021-06-05T17:52:38.344000+00:00,1.0,S
4139,3179,2021-06-05T17:52:36.024000+00:00,1.0,P
4139,3411,2021-06-05T17:52:38.344000+00:00,1.0,S
4140,3179,2021-06-05T17:52:36.024000+00:00,1.0,P
4140,3412,2021-06-05T17:52:38.353999+00:00,1.0,S
4141,3179,2021-06-05T17:52:36.024000+00:00,1.0,P
4141,3412,2021-06-05T17:52:38.353999+00:00,1.0,S
4142,3179,2021-06-05T17:52:36.024000+00:00,1.0,P
4142,3412,2021-06-05T17:52:38.353999+00:00,1.0,S
4143,3179,2021-06-05T17:52:36.024000+00:00,1.0,P
4143,3412,2021-06-05T17:52:38.353999+00:00,1.0,S
4144,3180,2021-06-05T17:52:36.034000+00:00,1.0,P
4144,3412,2021-06-05T17:52:38.353999+00:00,1.0,S
4145,3180,2021-06-05T17:52:36.034000+00:00,1.0,P
4145,3413,2021-06-05T17:52:38.364000+00:00,1.0,S
4146,3180,2021-06-05T17:52:36.034000+00:00,1.0,P
4146,3413,2021-06-05T17:52:38.364000+00:00,1.0,S
4147,3180,2021-06-05T17:52:36.034000+00:00,1.0,P
4147,3413,2021-06-05T17:52:38.364000+00:00,1.0,S
4148,3180,2021-06-05T17:52:36.034000+00:00,1.0,P
4148,3413,2021-06-05T17:52:38.364000+00:00,1.0,S
4149,3180,2021-06-05T17:52:36.034000+00:00,1.0,P
4149,3414,2021-06-05T17:52:38.374000+00:00,1.0,S
4150,3180,2021-06-05T17:52:36.034000+00:00,1.0,P
4150,3414,2021-06-05T17:52:38.374000+00:00,1.0,S
4151,3180,2021-06-05T17:52:36.034000+00:00,1.0,P
4151,3414,2021-06-05T17:52:38.374000+00:00,1.0,S
4152,3181,2021-06-05T17:52:36.044000+00:00,1.0,P
4152,3414,2021-06-05T17:52:38.374000+00:00,1.0,S
4153,3181,2021-06-05T17:52:36.044000+00:00,1.0,P
4153,3415,2021-06-05T17:52:38.384000+00:00,1.0,S
4154,3181,2021-06-05T17:52:36.044000+00:00,1.0,P
4154,3415,2021-06-05T17:52:38.384000+00:00,1.0,S
4155,3181,2021-06-05T17:52:36.044000+00:00,1.0,P
4155,3415,2021-06-05T17:52:38.384000+00:00,1.0,S
4156,3181,2021-06-05T17:52:36.044000+00:00,1.0,P
4156,3415,2021-06-05T17:52:38.384000+00:00,1.0,S
4157,3181,2021-06-05T17:52:36.044000+00:00,1.0,P
4157,3416,2021-06-05T17:52:38.394000+00:00,1.0,S
4158,3181,2021-06-05T17:52:36.044000+00:00,1.0,P
4158,3416,2021-06-05T17:52:38.394000+00:00,1.0,S
4159,3181,2021-06-05T17:52:36.044000+00:00,1.0,P
4159,3416,2021-06-05T17:52:38.394000+00:00,1.0,S
4160,3182,2021-06-05T17:52:36.054000+00:00,1.0,P
4160,3416,2021-06-05T17:52:38.394000+00:00,1.0,S
4161,3182,2021-06-05T17:52:36.054000+00:00,1.0,P
4161,3416,2021-06-05T17:52:38.394000+00:00,1.0,S
4162,3182,2021-06-05T17:52:36.054000+00:00,1.0,P
4162,3417,2021-06-05T17:52:38.404000+00:00,1.0,S
4163,3182,2021-06-05T17:52:36.054000+00:00,1.0,P
4163,3417,2021-06-05T17:52:38.404000+00:00,1.0,S
4164,3182,2021-06-05T17:52:36.054000+00:00,1.0,P
4164,3417,2021-06-05T17:52:38.404000+00:00,1.0,S
4165,3182,2021-06-05T17:52:36.054000+00:00,1.0,P
4165,3417,2021-06-05T17:52:38.404000+00:00,1.0,S
4166,3182,2021-06-05T17:52:36.054000+00:00,1.0,P
4166,3418,2021-06-05T17:52:38.414000+00:00,1.0,S
4167,3183,2021-06-05T17:52:36.064000+00:00,1.0,P
4167,3418,2021-06-05T17:52:38.414000+00:00,1.0,S
4168,3183,2021-06-05T17:52:36.064000+00:00,1.0,P
4168,3418,2021-06-05T17:52:38.414000+00:00,1.0,S
4169,3183,2021-06-05T17:52:36.064000+00:00,1.0,P
4169,3418,2021-06-05T17:52:38.414000+00:00,1.0,S
4170,3183,2021-06-05T17:52:36.064000+00:00,1.0,P
4170,3418,2021-06-05T17:52:38.414000+00:00,1.0,S
4171,3183,2021-06-05T17:52:36.064000+00:00,1.0,P
4171,3419,2021-06-05T17:52:38.423999+00:00,1.0,S
4172,3183,2021-06-05T17:52:36.064000+00:00,1.0,P
4172,3419,2021-06-05T17:52:38.423999+00:00,1.0,S
4173,3183,2021-06-05T17:52:36.064000+00:00,1.0,P
4173,3419,2021-06-05T17:52:38.423999+00:00,1.0,S
4174,3183,2021-06-05T17:52:36.064000+00:00,1.0,P
4174,3419,2021-06-05T17:52:38.423999+00:00,1.0,S
4175,3183,2021-06-05T17:52:36.064000+00:00,1.0,P
4175,3420,2021-06-05T17:52:38.434000+00:00,1.0,S
4176,3184,2021-06-05T17:52:36.074000+00:00,1.0,P
4176,3420,2021-06-05T17:52:38.434000+00:00,1.0,S
4177,3184,2021-06-05T17:52:36.074000+00:00,1.0,P
4177,3420,2021-06-05T17:52:38.434000+00:00,1.0,S
4178,3184,2021-06-05T17:52:36.074000+00:00,1.0,P
4178,3420,2021-06-05T17:52:38.434000+00:00,1.0,S
4179,3184,2021-06-05T17:52:36.074000+00:00,1.0,P
4179,3420,2021-06-05T17:52:38.434000+00:00,1.0,S
4180,3184,2021-06-05T17:52:36.074000+00:00,1.0,P
4180,3421,2021-06-05T17:52:38.444000+00:00,1.0,S
4181,3184,2021-06-05T17:52:36.074000+00:00,1.0,P
4181,3421,2021-06-05T17:52:38.444000+00:00,1.0,S
4182,3184,2021-06-05T17:52:36.074000+00:00,1.0,P
4182,3421,2021-06-05T17:52:38.444000+00:00,1.0,S
4183,3184,2021-06-05T17:52:36.074000+00:00,1.0,P
4183,3421,2021-06-05T17:52:38.444000+00:00,1.0,S
4184,3185,2021-06-05T17:52:36.084000+00:00,1.0,P
4184,3422,2021-06-05T17:52:38.454000+00:00,1.0,S
4185,3185,2021-06-05T17:52:36.084000+00:00,1.0,P
4185,3422,2021-06-05T17:52:38.454000+00:00,1.0,S
4186,3185,2021-06-05T17:52:36.084000+00:00,1.0,P
4186,3422,2021-06-05T17:52:38.454000+00:00,1.0,S
4187,3185,2021-06-05T17:52:36.084000+00:00,1.0,P
4187,3422,2021-06-05T17:52:38.454000+00:00,1.0,S
4188,3185,2021-06-05T17:52:36.084000+00:00,1.0,P
4188,3422,2021-06-05T17:52:38.454000+00:00,1.0,S
4189,3185,2021-06-05T17:52:36.084000+00:00,1.0,P
4189,3423,2021-06-05T17:52:38.464000+00:00,1.0,S
4190,3185,2021-06-05T17:52:36.084000+00:00,1.0,P
4190,3423,2021-06-05T17:52:38.464000+00:00,1.0,S
4191,3185,2021-06-05T17:52:36.084000+00:00,1.0,P
4191,3423,2021-06-05T17:52:38.464000+00:00,1.0,S
4192,3185,2021-06-05T17:52:36.084000+00:00,1.0,P
4192,3423,2021-06-05T17:52:38.464000+00:00,1.0,S
4193,3186,2021-06-05T17:52:36.094000+00:00,1.0,P
4193,3424,2021-06-05T17:52:38.474000+00:00,1.0,S
4194,3186,2021-06-05T17:52:36.094000+00:00,1.0,P
4194,3424,2021-06-05T17:52:38.474000+00:00,1.0,S
4195,3186,2021-06-05T17:52:36.094000+00:00,1.0,P
4195,3424,2021-06-05T17:52:38.474000+00:00,1.0,S
4196,3186,2021-06-05T17:52:36.094000+00:00,1.0,P
4196,3424,2021-06-05T17:52:38.474000+00:00,1.0,S
4197,3186,2021-06-05T17:52:36.094000+00:00,1.0,P
4197,3424,2021-06-05T17:52:38.474000+00:00,1.0,S
4198,3186,2021-06-05T17:52:36.094000+00:00,1.0,P
4198,3425,2021-06-05T17:52:38.484000+00:00,1.0,S
4199,3186,2021-06-05T17:52:36.094000+00:00,1.0,P
4199,3425,2021-06-05T17:52:38.484000+00:00,1.0,S
4200,3186,2021-06-05T17:52:36.094000+00:00,1.0,P
4200,3425,2021-06-05T17:52:38.484000+00:00,1.0,S
4201,3186,2021-06-05T17:52:36.094000+00:00,1.0,P
4201,3425,2021-06-05T17:52:38.484000+00:00,1.0,S
4202,3186,2021-06-05T17:52:36.094000+00:00,1.0,P
4202,3426,2021-06-05T17:52:38.493999+00:00,1.0,S
4203,3187,2021-06-05T17:52:36.104000+00:00,1.0,P
4203,3426,2021-06-05T17:52:38.493999+00:00,1.0,S
4204,3187,2021-06-05T17:52:36.104000+00:00,1.0,P
4204,3426,2021-06-05T17:52:38.493999+00:00,1.0,S
4205,3187,2021-06-05T17:52:36.104000+00:00,1.0,P
4205,3426,2021-06-05T17:52:38.493999+00:00,1.0,S
4206,3187,2021-06-05T17:52:36.104000+00:00,1.0,P
4206,3426,2021-06-05T17:52:38.493999+00:00,1.0,S
4207,3187,2021-06-05T17:52:36.104000+00:00,1.0,P
4207,3427,2021-06-05T17:52:38.504000+00:00,1.0,S
4208,3187,2021-06-05T17:52:36.104000+00:00,1.0,P
4208,3427,2021-06-05T17:52:38.504000+00:00,1.0,S
4209,3187,2021-06-05T17:52:36.104000+00:00,1.0,P
4209,3427,2021-06-05T17:52:38.504000+00:00,1.0,S
4210,3187,2021-06-05T17:52:36.104000+00:00,1.0,P
4210,3427,2021-06-05T17:52:38.504000+00:00,1.0,S
4211,3187,2021-06-05T17:52:36.104000+00:00,1.0,P
4211,3427,2021-06-05T17:52:38.504000+00:00,1.0,S
4212,3188,2021-06-05T17:52:36.114000+00:00,1.0,P
4212,3428,2021-06-05T17:52:38.514000+00:00,1.0,S
4213,3188,2021-06-05T17:52:36.114000+00:00,1.0,P
4213,3428,2021-06-05T17:52:38.514000+00:00,1.0,S
4214,3188,2021-06-05T17:52:36.114000+00:00,1.0,P
4214,3428,2021-06-05T17:52:38.514000+00:00,1.0,S
4215,3188,2021-06-05T17:52:36.114000+00:00,1.0,P
4215,3428,2021-06-05T17:52:38.514000+00:00,1.0,S
4216,3188,2021-06-05T17:52:36.114000+00:00,1.0,P
4216,3429,2021-06-05T17:52:38.524000+00:00,1.0,S
4217,3188,2021-06-05T17:52:36.114000+00:00,1.0,P
4217,3429,2021-06-05T17:52:38.524000+00:00,1.0,S
4218,3188,2021-06-05T17:52:36.114000+00:00,1.0,P
4218,3429,2021-06-05T17:52:38.524000+00:00,1.0,S
4219,3188,2021-06-05T17:52:36.114000+00:00,1.0,P
4219,3429,2021-06-05T17:52:38.524000+00:00,1.0,S
4220,3188,2021-06-05T17:52:36.114000+00:00,1.0,P
4220,3429,2021-06-05T17:52:38.524000+00:00,1.0,S
4221,3188,2021-06-05T17:52:36.114000+00:00,1.0,P
4221,3430,2021-06-05T17:52:38.534000+00:00,1.0,S
4222,3189,2021-06-05T17:52:36.124000+00:00,1.0,P
4222,3430,2021-06-05T17:52:38.534000+00:00,1.0,S
4223,3189,2021-06-05T17:52:36.124000+00:00,1.0,P
4223,3430,2021-06-05T17:52:38.534000+00:00,1.0,S
4224,3189,2021-06-05T17:52:36.124000+00:00,1.0,P
4224,3430,2021-06-05T17:52:38.534000+00:00,1.0,S
4225,3189,2021-06-05T17:52:36.124000+00:00,1.0,P
4225,3431,2021-06-05T17:52:38.544000+00:00,1.0,S
4226,3189,2021-06-05T17:52:36.124000+00:00,1.0,P
4226,3431,2021-06-05T17:52:38.544000+00:00,1.0,S
4227,3189,2021-06-05T17:52:36.124000+00:00,1.0,P
4227,3431,2021-06-05T17:52:38.544000+00:00,1.0,S
4228,3189,2021-06-05T17:52:36.124000+00:00,1.0,P
4228,3431,2021-06-05T17:52:38.544000+00:00,1.0,S
4229,3189,2021-06-05T17:52:36.124000+00:00,1.0,P
4229,3431,2021-06-05T17:52:38.544000+00:00,1.0,S
4230,3189,2021-06-05T17:52:36.124000+00:00,1.0,P
4230,3432,2021-06-05T17:52:38.554000+00:00,1.0,S
4231,3189,2021-06-05T17:52:36.124000+00:00,1.0,P
4231,3432,2021-06-05T17:52:38.554000+00:00,1.0,S
4232,3190,2021-06-05T17:52:36.134000+00:00,1.0,P
4232,3432,2021-06-05T17:52:38.554000+00:00,1.0,S
4233,3190,2021-06-05T17:52:36.134000+00:00,1.0,P
4233,3432,2021-06-05T17:52:38.554000+00:00,1.0,S
4234,3190,2021-06-05T17:52:36.134000+00:00,1.0,P
4234,3433,2021-06-05T17:52:38.564000+00:00,1.0,S
4235,3190,2021-06-05T17:52:36.134000+00:00,1.0,P
4235,3433,2021-06-05T17:52:38.564000+00:00,1.0,S
4236,3190,2021-06-05T17:52:36.134000+00:00,1.0,P
4236,3433,2021-06-05T17:52:38.564000+00:00,1.0,S
4237,3190,2021-06-05T17:52:36.134000+00:00,1.0,P
4237,3433,2021-06-05T17:52:38.564000+00:00,1.0,S
4238,3190,2021-06-05T17:52:36.134000+00:00,1.0,P
4238,3433,2021-06-05T17:52:38.564000+00:00,1.0,S
4239,3190,2021-06-05T17:52:36.134000+00:00,1.0,P
4239,3434,2021-06-05T17:52:38.574000+00:00,1.0,S
4240,3190,2021-06-05T17:52:36.134000+00:00,1.0,P
4240,3434,2021-06-05T17:52:38.574000+00:00,1.0,S
4241,3190,2021-06-05T17:52:36.134000+00:00,1.0,P
4241,3434,2021-06-05T17:52:38.574000+00:00,1.0,S
4242,3191,2021-06-05T17:52:36.144000+00:00,1.0,P
4242,3434,2021-06-05T17:52:38.574000+00:00,1.0,S
4243,3191,2021-06-05T17:52:36.144000+00:00,1.0,P
4243,3435,2021-06-05T17:52:38.584000+00:00,1.0,S
4244,3191,2021-06-05T17:52:36.144000+00:00,1.0,P
4244,3435,2021-06-05T17:52:38.584000+00:00,1.0,S
4245,3191,2021-06-05T17:52:36.144000+00:00,1.0,P
4245,3435,2021-06-05T17:52:38.584000+00:00,1.0,S
4246,3191,2021-06-05T17:52:36.144000+00:00,1.0,P
4246,3435,2021-06-05T17:52:38.584000+00:00,1.0,S
4247,3191,2021-06-05T17:52:36.144000+00:00,1.0,P
4247,3436,2021-06-05T17:52:38.594000+00:00,1.0,S
4248,3191,2021-06-05T17:52:36.144000+00:00,1.0,P
4248,3436,2021-06-05T17:52:38.594000+00:00,1.0,S
4249,3191,2021-06-05T17:52:36.144000+00:00,1.0,P
4249,3436,2021-06-05T17:52:38.594000+00:00,1.0,S
4250,3191,2021-06-05T17:52:36.144000+00:00,1.0,P
4250,3436,2021-06-05T17:52:38.594000+00:00,1.0,S
4251,3192,2021-06-05T17:52:36.154000+00:00,1.0,P
4251,3436,2021-06-05T17:52:38.594000+00:00,1.0,S
4252,3192,2021-06-05T17:52:36.154000+00:00,1.0,P
4252,3437,2021-06-05T17:52:38.604000+00:00,1.0,S
4253,3192,2021-06-05T17:52:36.154000+00:00,1.0,P
4253,3437,2021-06-05T17:52:38.604000+00:00,1.0,S
4254,3192,2021-06-05T17:52:36.154000+00:00,1.0,P
4254,3437,2021-06-05T17:52:38.604000+00:00,1.0,S
4255,3192,2021-06-05T17:52:36.154000+00:00,1.0,P
4255,3437,2021-06-05T17:52:38.604000+00:00,1.0,S
4256,3192,2021-06-05T17:52:36.154000+00:00,1.0,P
4256,3438,2021-06-05T17:52:38.614000+00:00,1.0,S
4257,3192,2021-06-05T17:52:36.154000+00:00,1.0,P
4257,3438,2021-06-05T17:52:38.614000+00:00,1.0,S
4258,3192,2021-06-05T17:52:36.154000+00:00,1.0,P
4258,3438,2021-06-05T17:52:38.614000+00:00,1.0,S
4259,3192,2021-06-05T17:52:36.154000+00:00,1.0,P
4259,3438,2021-06-05T17:52:38.614000+00:00,1.0,S
4260,3193,2021-06-05T17:52:36.164000+00:00,1.0,P
4260,3439,2021-06-05T17:52:38.624000+00:00,1.0,S
4261,3193,2021-06-05T17:52:36.164000+00:00,1.0,P
4261,3439,2021-06-05T17:52:38.624000+00:00,1.0,S
4262,3193,2021-06-05T17:52:36.164000+00:00,1.0,P
4262,3439,2021-06-05T17:52:38.624000+00:00,1.0,S
4263,3193,2021-06-05T17:52:36.164000+00:00,1.0,P
4263,3439,2021-06-05T17:52:38.624000+00:00,1.0,S
4264,3193,2021-06-05T17:52:36.164000+00:00,1.0,P
4264,3439,2021-06-05T17:52:38.624000+00:00,1.0,S
4265,3193,2021-06-05T17:52:36.164000+00:00,1.0,P
4265,3440,2021-06-05T17:52:38.634000+00:00,1.0,S
4266,3193,2021-06-05T17:52:36.164000+00:00,1.0,P
4266,3440,2021-06-05T17:52:38.634000+00:00,1.0,S
4267,3193,2021-06-05T17:52:36.164000+00:00,1.0,P
4267,3440,2021-06-05T17:52:38.634000+00:00,1.0,S
4268,3193,2021-06-05T17:52:36.164000+00:00,1.0,P
4268,3440,2021-06-05T17:52:38.634000+00:00,1.0,S
4269,3194,2021-06-05T17:52:36.174000+00:00,1.0,P
4269,3441,2021-06-05T17:52:38.644000+00:00,1.0,S
4270,3194,2021-06-05T17:52:36.174000+00:00,1.0,P
4270,3441,2021-06-05T17:52:38.644000+00:00,1.0,S
4271,3194,2021-06-05T17:52:36.174000+00:00,1.0,P
4271,3441,2021-06-05T17:52:38.644000+00:00,1.0,S
4272,3194,2021-06-05T17:52:36.174000+00:00,1.0,P
4272,3441,2021-06-05T17:52:38.644000+00:00,1.0,S
4273,3194,2021-06-05T17:52:36.174000+00:00,1.0,P
4273,3442,2021-06-05T17:52:38.654000+00:00,1.0,S
4274,3194,2021-06-05T17:52:36.174000+00:00,1.0,P
4274,3442,2021-06-05T17:52:38.654000+00:00,1.0,S
4275,3194,2021-06-05T17:52:36.174000+00:00,1.0,P
4275,3442,2021-06-05T17:52:38.654000+00:00,1.0,S
4276,3194,2021-06-05T17:52:36.174000+00:00,1.0,P
4276,3442,2021-06-05T17:52:38.654000+00:00,1.0,S
4277,3194,2021-06-05T17:52:36.174000+00:00,1.0,P
4277,3443,2021-06-05T17:52:38.664000+00:00,1.0,S
4278,3195,2021-06-05T17:52:36.184000+00:00,1.0,P
4278,3443,2021-06-05T17:52:38.664000+00:00,1.0,S
4279,3195,2021-06-05T17:52:36.184000+00:00,1.0,P
4279,3443,2021-06-05T17:52:38.664000+00:00,1.0,S
4280,3195,2021-06-05T17:52:36.184000+00:00,1.0,P
4280,3443,2021-06-05T17:52:38.664000+00:00,1.0,S
4281,3195,2021-06-05T17:52:36.184000+00:00,1.0,P
4281,3443,2021-06-05T17:52:38.664000+00:00,1.0,S
4282,3195,2021-06-05T17:52:36.184000+00:00,1.0,P
4282,3444,2021-06-05T17:52:38.674000+00:00,1.0,S
4283,3195,2021-06-05T17:52:36.184000+00:00,1.0,P
4283,3444,2021-06-05T17:52:38.674000+00:00,1.0,S
4284,3195,2021-06-05T17:52:36.184000+00:00,1.0,P
4284,3444,2021-06-05T17:52:38.674000+00:00,1.0,S
4285,3195,2021-06-05T17:52:36.184000+00:00,1.0,P
4285,3444,2021-06-05T17:52:38.674000+00:00,1.0,S
4286,3195,2021-06-05T17:52:36.184000+00:00,1.0,P
4286,3445,2021-06-05T17:52:38.684000+00:00,1.0,S
4287,3196,2021-06-05T17:52:36.194000+00:00,1.0,P
4287,3445,2021-06-05T17:52:38.684000+00:00,1.0,S
4288,3196,2021-06-05T17:52:36.194000+00:00,1.0,P
4288,3445,2021-06-05T17:52:38.684000+00:00,1.0,S
4289,3196,2021-06-05T17:52:36.194000+00:00,1.0,P
4289,3445,2021-06-05T17:52:38.684000+00:00,1.0,S
4290,3196,2021-06-05T17:52:36.194000+00:00,1.0,P
4290,3446,2021-06-05T17:52:38.694000+00:00,1.0,S
4291,3196,2021-06-05T17:52:36.194000+00:00,1.0,P
4291,3446,2021-06-05T17:52:38.694000+00:00,1.0,S
4292,3196,2021-06-05T17:52:36.194000+00:00,1.0,P
4292,3446,2021-06-05T17:52:38.694000+00:00,1.0,S
4293,3196,2021-06-05T17:52:36.194000+00:00,1.0,P
4293,3446,2021-06-05T17:52:38.694000+00:00,1.0,S
4294,3196,2021-06-05T17:52:36.194000+00:00,1.0,P
4294,3447,2021-06-05T17:52:38.704000+00:00,1.0,S
4295,3197,2021-06-05T17:52:36.204000+00:00,1.0,P
4295,3447,2021-06-05T17:52:38.704000+00:00,1.0,S
4296,3197,2021-06-05T17:52:36.204000+00:00,1.0,P
4296,3447,2021-06-05T17:52:38.704000+00:00,1.0,S
4297,3197,2021-06-05T17:52:36.204000+00:00,1.0,P
4297,3447,2021-06-05T17:52:38.704000+00:00,1.0,S
4298,3197,2021-06-05T17:52:36.204000+00:00,1.0,P
4298,3447,2021-06-05T17:52:38.704000+00:00,1.0,S
4299,3197,2021-06-05T17:52:36.204000+00:00,1.0,P
4299,3448,2021-06-05T17:52:38.714000+00:00,1.0,S
4300,3197,2021-06-05T17:52:36.204000+00:00,1.0,P
4300,3448,2021-06-05T17:52:38.714000+00:00,1.0,S
4301,3197,2021-06-05T17:52:36.204000+00:00,1.0,P
4301,3448,2021-06-05T17:52:38.714000+00:00,1.0,S
4302,3197,2021-06-05T17:52:36.204000+00:00,1.0,P
4302,3448,2021-06-05T17:52:38.714000+00:00,1.0,S
4303,3197,2021-06-05T17:52:36.204000+00:00,1.0,P
4303,3449,2021-06-05T17:52:38.724000+00:00,1.0,S
4304,3198,2021-06-05T17:52:36.214000+00:00,1.0,P
4304,3449,2021-06-05T17:52:38.724000+00:00,1.0,S
4305,3198,2021-06-05T17:52:36.214000+00:00,1.0,P
4305,3449,2021-06-05T17:52:38.724000+00:00,1.0,S
4306,3198,2021-06-05T17:52:36.214000+00:00,1.0,P
4306,3449,2021-06-05T17:52:38.724000+00:00,1.0,S
4307,3198,2021-06-05T17:52:36.214000+00:00,1.0,P
4307,3450,2021-06-05T17:52:38.734000+00:00,1.0,S
4308,3198,2021-06-05T17:52:36.214000+00:00,1.0,P
4308,3450,2021-06-05T17:52:38.734000+00:00,1.0,S
4309,3198,2021-06-05T17:52:36.214000+00:00,1.0,P
4309,3450,2021-06-05T17:52:38.734000+00:00,1.0,S
4310,3198,2021-06-05T17:52:36.214000+00:00,1.0,P
4310,3450,2021-06-05T17:52:38.734000+00:00,1.0,S
4311,3198,2021-06-05T17:52:36.214000+00:00,1.0,P
4311,3450,2021-06-05T17:52:38.734000+00:00,1.0,S
4312,3198,2021-06-05T17:52:36.214000+00:00,1.0,P
4312,3451,2021-06-05T17:52:38.744000+00:00,1.0,S
4313,3199,2021-06-05T17:52:36.224000+00:00,1.0,P
4313,3451,2021-06-05T17:52:38.744000+00:00,1.0,S
4314,3199,2021-06-05T17:52:36.224000+00:00,1.0,P
4314,3451,2021-06-05T17:52:38.744000+00:00,1.0,S
4315,3199,2021-06-05T17:52:36.224000+00:00,1.0,P
4315,3451,2021-06-05T17:52:38.744000+00:00,1.0,S
4316,3199,2021-06-05T17:52:36.224000+00:00,1.0,P
4316,3452,2021-06-05T17:52:38.754000+00:00,1.0,S
4317,3199,2021-06-05T17:52:36.224000+00:00,1.0,P
4317,3452,2021-06-05T17:52:38.754000+00:00,1.0,S
4318,3199,2021-06-05T17:52:36.224000+00:00,1.0,P
4318,3452,2021-06-05T17:52:38.754000+00:00,1.0,S
4319,3199,2021-06-05T17:52:36.224000+00:00,1.0,P
4319,3452,2021-06-05T17:52:38.754000+00:00,1.0,S
4320,3199,2021-06-05T17:52:36.224000+00:00,1.0,P
4320,3452,2021-06-05T17:52:38.754000+00:00,1.0,S
4321,3200,2021-06-05T17:52:36.234000+00:00,1.0,P
4321,3453,2021-06-05T17:52:38.764000+00:00,1.0,S
4322,3200,2021-06-05T17:52:36.234000+00:00,1.0,P
4322,3453,2021-06-05T17:52:38.764000+00:00,1.0,S
4323,3200,2021-06-05T17:52:36.234000+00:00,1.0,P
4323,3453,2021-06-05T17:52:38.764000+00:00,1.0,S
4324,3200,2021-06-05T17:52:36.234000+00:00,1.0,P
4324,3453,2021-06-05T17:52:38.764000+00:00,1.0,S
4325,3200,2021-06-05T17:52:36.234000+00:00,1.0,P
4325,3454,2021-06-05T17:52:38.774000+00:00,1.0,S
4326,3200,2021-06-05T17:52:36.234000+00:00,1.0,P
4326,3454,2021-06-05T17:52:38.774000+00:00,1.0,S
4327,3200,2021-06-05T17:52:36.234000+00:00,1.0,P
4327,3454,2021-06-05T17:52:38.774000+00:00,1.0,S
4328,3200,2021-06-05T17:52:36.234000+00:00,1.0,P
4328,3454,2021-06-05T17:52:38.774000+00:00,1.0,S
4329,3201,2021-06-05T17:52:36.243999+00:00,1.0,P
4329,3454,2021-06-05T17:52:38.774000+00:00,1.0,S
4330,3201,2021-06-05T17:52:36.243999+00:00,1.0,P
4330,3455,2021-06-05T17:52:38.784000+00:00,1.0,S
4331,3201,2021-06-05T17:52:36.243999+00:00,1.0,P
4331,3455,2021-06-05T17:52:38.784000+00:00,1.0,S
4332,3201,2021-06-05T17:52:36.243999+00:00,1.0,P
4332,3455,2021-06-05T17:52:38.784000+00:00,1.0,S
4333,3201,2021-06-05T17:52:36.243999+00:00,1.0,P
4333,3455,2021-06-05T17:52:38.784000+00:00,1.0,S
4334,3201,2021-06-05T17:52:36.243999+00:00,1.0,P
4334,3455,2021-06-05T17:52:38.784000+00:00,1.0,S
4335,3201,2021-06-05T17:52:36.243999+00:00,1.0,P
4335,3456,2021-06-05T17:52:38.794000+00:00,1.0,S
4336,3201,2021-06-05T17:52:36.243999+00:00,1.0,P
4336,3456,2021-06-05T17:52:38.794000+00:00,1.0,S
4337,3201,2021-06-05T17:52:36.243999+00:00,1.0,P
4337,3456,2021-06-05T17:52:38.794000+00:00,1.0,S
4338,3202,2021-06-05T17:52:36.254000+00:00,1.0,P
4338,3456,2021-06-05T17:52:38.794000+00:00,1.0,S
4339,3202,2021-06-05T17:52:36.254000+00:00,1.0,P
4339,3457,2021-06-05T17:52:38.804000+00:00,1.0,S
4340,3202,2021-06-05T17:52:36.254000+00:00,1.0,P
4340,3457,2021-06-05T17:52:38.804000+00:00,1.0,S
4341,3202,2021-06-05T17:52:36.254000+00:00,1.0,P
4341,3457,2021-06-05T17:52:38.804000+00:00,1.0,S
4342,3202,2021-06-05T17:52:36.254000+00:00,1.0,P
4342,3457,2021-06-05T17:52:38.804000+00:00,1.0,S
4343,3202,2021-06-05T17:52:36.254000+00:00,1.0,P
4343,3457,2021-06-05T17:52:38.804000+00:00,1.0,S
4344,3202,2021-06-05T17:52:36.254000+00:00,1.0,P
4344,3458,2021-06-05T17:52:38.814000+00:00,1.0,S
4345,3202,2021-06-05T17:52:36.254000+00:00,1.0,P
4345,3458,2021-06-05T17:52:38.814000+00:00,1.0,S
4346,3202,2021-06-05T17:52:36.254000+00:00,1.0,P
4346,3458,2021-06-05T17:52:38.814000+00:00,1.0,S
4347,3202,2021-06-05T17:52:36.254000+00:00,1.0,P
4347,3458,2021-06-05T17:52:38.814000+00:00,1.0,S
4348,3203,2021-06-05T17:52:36.264000+00:00,1.0,P
4348,3458,2021-06-05T17:52:38.814000+00:00,1.0,S
4349,3203,2021-06-05T17:52:36.264000+00:00,1.0,P
4349,3459,2021-06-05T17:52:38.824000+00:00,1.0,S
4350,3203,2021-06-05T17:52:36.264000+00:00,1.0,P
4350,3459,2021-06-05T17:52:38.824000+00:00,1.0,S
4351,3203,2021-06-05T17:52:36.264000+00:00,1.0,P
4351,3459,2021-06-05T17:52:38.824000+00:00,1.0,S
4352,3203,2021-06-05T17:52:36.264000+00:00,1.0,P
4352,3459,2021-06-05T17:52:38.824000+00:00,1.0,S
4353,3203,2021-06-05T17:52:36.264000+00:00,1.0,P
4353,3459,2021-06-05T17:52:38.824000+00:00,1.0,S
4354,3203,2021-06-05T17:52:36.264000+00:00,1.0,P
4354,3460,2021-06-05T17:52:38.834000+00:00,1.0,S
4355,3203,2021-06-05T17:52:36.264000+00:00,1.0,P
4355,3460,2021-06-05T17:52:38.834000+00:00,1.0,S
4356,3203,2021-06-05T17:52:36.264000+00:00,1.0,P
4356,3460,2021-06-05T17:52:38.834000+00:00,1.0,S
4357,3203,2021-06-05T17:52:36.264000+00:00,1.0,P
4357,3460,2021-06-05T17:52:38.834000+00:00,1.0,S
4358,3204,2021-06-05T17:52:36.274000+00:00,1.0,P
4358,3460,2021-06-05T17:52:38.834000+00:00,1.0,S
4359,3204,2021-06-05T17:52:36.274000+00:00,1.0,P
4359,3461,2021-06-05T17:52:38.844000+00:00,1.0,S
4360,3204,2021-06-05T17:52:36.274000+00:00,1.0,P
4360,3461,2021-06-05T17:52:38.844000+00:00,1.0,S
4361,3204,2021-06-05T17:52:36.274000+00:00,1.0,P
4361,3461,2021-06-05T17:52:38.844000+00:00,1.0,S
4362,3204,2021-06-05T17:52:36.274000+00:00,1.0,P
4362,3461,2021-06-05T17:52:38.844000+00:00,1.0,S
4363,3204,2021-06-05T17:52:36.274000+00:00,1.0,P
4363,3461,2021-06-05T17:52:38.844000+00:00,1.0,S
4364,3204,2021-06-05T17:52:36.274000+00:00,1.0,P
4364,3462,2021-06-05T17:52:38.854000+00:00,1.0,S
4365,3204,2021-06-05T17:52:36.274000+00:00,1.0,P
4365,3462,2021-06-05T17:52:38.854000+00:00,1.0,S
4366,3204,2021-06-05T17:52:36.274000+00:00,1.0,P
4366,3462,2021-06-05T17:52:38.854000+00:00,1.0,S
4367,3204,2021-06-05T17:52:36.274000+00:00,1.0,P
4367,3462,2021-06-05T17:52:38.854000+00:00,1.0,S
4368,3204,2021-06-05T17:52:36.274000+00:00,1.0,P
4368,3462,2021-06-05T17:52:38.854000+00:00,1.0,S
4369,3205,2021-06-05T17:52:36.283999+00:00,1.0,P
4369,3463,2021-06-05T17:52:38.864000+00:00,1.0,S
4370,3205,2021-06-05T17:52:36.283999+00:00,1.0,P
4370,3463,2021-06-05T17:52:38.864000+00:00,1.0,S
4371,3205,2021-06-05T17:52:36.283999+00:00,1.0,P
4371,3463,2021-06-05T17:52:38.864000+00:00,1.0,S
4372,3205,2021-06-05T17:52:36.283999+00:00,1.0,P
4372,3463,2021-06-05T17:52:38.864000+00:00,1.0,S
4373,3205,2021-06-05T17:52:36.283999+00:00,1.0,P
4373,3463,2021-06-05T17:52:38.864000+00:00,1.0,S
4374,3205,2021-06-05T17:52:36.283999+00:00,1.0,P
4374,3464,2021-06-05T17:52:38.874000+00:00,1.0,S
4375,3205,2021-06-05T17:52:36.283999+00:00,1.0,P
4375,3464,2021-06-05T17:52:38.874000+00:00,1.0,S
4376,3205,2021-06-05T17:52:36.283999+00:00,1.0,P
4376,3464,2021-06-05T17:52:38.874000+00:00,1.0,S
4377,3205,2021-06-05T17:52:36.283999+00:00,1.0,P
4377,3464,2021-06-05T17:52:38.874000+00:00,1.0,S
4378,3206,2021-06-05T17:52:36.294000+00:00,1.0,P
4378,3465,2021-06-05T17:52:38.884000+00:00,1.0,S
4379,3206,2021-06-05T17:52:36.294000+00:00,1.0,P
4379,3465,2021-06-05T17:52:38.884000+00:00,1.0,S
4380,3206,2021-06-05T17:52:36.294000+00:00,1.0,P
4380,3465,2021-06-05T17:52:38.884000+00:00,1.0,S
4381,3206,2021-06-05T17:52:36.294000+00:00,1.0,P
4381,3465,2021-06-05T17:52:38.884000+00:00,1.0,S
4382,3206,2021-06-05T17:52:36.294000+00:00,1.0,P
4382,3465,2021-06-05T17:52:38.884000+00:00,1.0,S
4383,3206,2021-06-05T17:52:36.294000+00:00,1.0,P
4383,3466,2021-06-05T17:52:38.894000+00:00,1.0,S
4384,3206,2021-06-05T17:52:36.294000+00:00,1.0,P
4384,3466,2021-06-05T17:52:38.894000+00:00,1.0,S
4385,3206,2021-06-05T17:52:36.294000+00:00,1.0,P
4385,3466,2021-06-05T17:52:38.894000+00:00,1.0,S
4386,3207,2021-06-05T17:52:36.304000+00:00,1.0,P
4386,3466,2021-06-05T17:52:38.894000+00:00,1.0,S
4387,3207,2021-06-05T17:52:36.304000+00:00,1.0,P
4387,3466,2021-06-05T17:52:38.894000+00:00,1.0,S
4388,3207,2021-06-05T17:52:36.304000+00:00,1.0,P
4388,3467,2021-06-05T17:52:38.904000+00:00,1.0,S
4389,3207,2021-06-05T17:52:36.304000+00:00,1.0,P
4389,3467,2021-06-05T17:52:38.904000+00:00,1.0,S
4390,3207,2021-06-05T17:52:36.304000+00:00,1.0,P
4390,3467,2021-06-05T17:52:38.904000+00:00,1.0,S
4391,3207,2021-06-05T17:52:36.304000+00:00,1.0,P
4391,3467,2021-06-05T17:52:38.904000+00:00,1.0,S
4392,3207,2021-06-05T17:52:36.304000+00:00,1.0,P
4392,3467,2021-06-05T17:52:38.904000+00:00,1.0,S
4393,3208,2021-06-05T17:52:36.314000+00:00,1.0,P
4393,3468,2021-06-05T17:52:38.914000+00:00,1.0,S
4394,3208,2021-06-05T17:52:36.314000+00:00,1.0,P
4394,3468,2021-06-05T17:52:38.914000+00:00,1.0,S
4395,3208,2021-06-05T17:52:36.314000+00:00,1.0,P
4395,3468,2021-06-05T17:52:38.914000+00:00,1.0,S
4396,3208,2021-06-05T17:52:36.314000+00:00,1.0,P
4396,3468,2021-06-05T17:52:38.914000+00:00,1.0,S
4397,3208,2021-06-05T17:52:36.314000+00:00,1.0,P
4397,3468,2021-06-05T17:52:38.914000+00:00,1.0,S
4398,3208,2021-06-05T17:52:36.314000+00:00,1.0,P
4398,3469,2021-06-05T17:52:38.924000+00:00,1.0,S
4399,3208,2021-06-05T17:52:36.314000+00:00,1.0,P
4399,3469,2021-06-05T17:52:38.924000+00:00,1.0,S
4400,3209,2021-06-05T17:52:36.324000+00:00,1.0,P
4400,3469,2021-06-05T17:52:38.924000+00:00,1.0,S
4401,3209,2021-06-05T17:52:36.324000+00:00,1.0,P
4401,3469,2021-06-05T17:52:38.924000+00:00,1.0,S
4402,3209,2021-06-05T17:52:36.324000+00:00,1.0,P
4402,3470,2021-06-05T17:52:38.934000+00:00,1.0,S
4403,3209,2021-06-05T17:52:36.324000+00:00,1.0,P
4403,3470,2021-06-05T17:52:38.934000+00:00,1.0,S
4404,3209,2021-06-05T17:52:36.324000+00:00,1.0,P
4404,3470,2021-06-05T17:52:38.934000+00:00,1.0,S
4405,3209,2021-06-05T17:52:36.324000+00:00,1.0,P
4405,3470,2021-06-05T17:52:38.934000+00:00,1.0,S
4406,3209,2021-06-05T17:52:36.324000+00:00,1.0,P
4406,3470,2021-06-05T17:52:38.934000+00:00,1.0,S
4407,3210,2021-06-05T17:52:36.334000+00:00,1.0,P
4407,3471,2021-06-05T17:52:38.944000+00:00,1.0,S
4408,3210,2021-06-05T17:52:36.334000+00:00,1.0,P
4408,3471,2021-06-05T17:52:38.944000+00:00,1.0,S
4409,3210,2021-06-05T17:52:36.334000+00:00,1.0,P
4409,3471,2021-06-05T17:52:38.944000+00:00,1.0,S
4410,3210,2021-06-05T17:52:36.334000+00:00,1.0,P
4410,3471,2021-06-05T17:52:38.944000+00:00,1.0,S
4411,3210,2021-06-05T17:52:36.334000+00:00,1.0,P
4411,3471,2021-06-05T17:52:38.944000+00:00,1.0,S
4412,3210,2021-06-05T17:52:36.334000+00:00,1.0,P
4412,3472,2021-06-05T17:52:38.954000+00:00,1.0,S
4413,3210,2021-06-05T17:52:36.334000+00:00,1.0,P
4413,3472,2021-06-05T17:52:38.954000+00:00,1.0,S
4414,3211,2021-06-05T17:52:36.344000+00:00,1.0,P
4414,3472,2021-06-05T17:52:38.954000+00:00,1.0,S
4415,3211,2021-06-05T17:52:36.344000+00:00,1.0,P
4415,3472,2021-06-05T17:52:38.954000+00:00,1.0,S
4416,3211,2021-06-05T17:52:36.344000+00:00,1.0,P
4416,3472,2021-06-05T17:52:38.954000+00:00,1.0,S
4417,3211,2021-06-05T17:52:36.344000+00:00,1.0,P
4417,3473,2021-06-05T17:52:38.964000+00:00,1.0,S
4418,3211,2021-06-05T17:52:36.344000+00:00,1.0,P
4418,3473,2021-06-05T17:52:38.964000+00:00,1.0,S
4419,3211,2021-06-05T17:52:36.344000+00:00,1.0,P
4419,3473,2021-06-05T17:52:38.964000+00:00,1.0,S
4420,3211,2021-06-05T17:52:36.344000+00:00,1.0,P
4420,3473,2021-06-05T17:52:38.964000+00:00,1.0,S
4421,3212,2021-06-05T17:52:36.353999+00:00,1.0,P
4421,3474,2021-06-05T17:52:38.974000+00:00,1.0,S
4422,3212,2021-06-05T17:52:36.353999+00:00,1.0,P
4422,3474,2021-06-05T17:52:38.974000+00:00,1.0,S
4423,3212,2021-06-05T17:52:36.353999+00:00,1.0,P
4423,3474,2021-06-05T17:52:38.974000+00:00,1.0,S
4424,3212,2021-06-05T17:52:36.353999+00:00,1.0,P
4424,3474,2021-06-05T17:52:38.974000+00:00,1.0,S
4425,3212,2021-06-05T17:52:36.353999+00:00,1.0,P
4425,3474,2021-06-05T17:52:38.974000+00:00,1.0,S
4426,3212,2021-06-05T17:52:36.353999+00:00,1.0,P
4426,3475,2021-06-05T17:52:38.984000+00:00,1.0,S
4427,3212,2021-06-05T17:52:36.353999+00:00,1.0,P
4427,3475,2021-06-05T17:52:38.984000+00:00,1.0,S
4428,3212,2021-06-05T17:52:36.353999+00:00,1.0,P
4428,3475,2021-06-05T17:52:38.984000+00:00,1.0,S
4429,3213,2021-06-05T17:52:36.364000+00:00,1.0,P
4429,3475,2021-06-05T17:52:38.984000+00:00,1.0,S
4430,3213,2021-06-05T17:52:36.364000+00:00,1.0,P
4430,3475,2021-06-05T17:52:38.984000+00:00,1.0,S
4431,3213,2021-06-05T17:52:36.364000+00:00,1.0,P
4431,3476,2021-06-05T17:52:38.994000+00:00,1.0,S
4432,3213,2021-06-05T17:52:36.364000+00:00,1.0,P
4432,3476,2021-06-05T17:52:38.994000+00:00,1.0,S
4433,3213,2021-06-05T17:52:36.364000+00:00,1.0,P
4433,3476,2021-06-05T17:52:38.994000+00:00,1.0,S
4434,3213,2021-06-05T17:52:36.364000+00:00,1.0,P
4434,3476,2021-06-05T17:52:38.994000+00:00,1.0,S
4435,3213,2021-06-05T17:52:36.364000+00:00,1.0,P
4435,3477,2021-06-05T17:52:39.004000+00:00,1.0,S
4436,3213,2021-06-05T17:52:36.364000+00:00,1.0,P
4436,3477,2021-06-05T17:52:39.004000+00:00,1.0,S
4437,3214,2021-06-05T17:52:36.374000+00:00,1.0,P
4437,3477,2021-06-05T17:52:39.004000+00:00,1.0,S
4438,3214,2021-06-05T17:52:36.374000+00:00,1.0,P
4438,3477,2021-06-05T17:52:39.004000+00:00,1.0,S
4439,3214,2021-06-05T17:52:36.374000+00:00,1.0,P
4439,3477,2021-06-05T17:52:39.004000+00:00,1.0,S
4440,3214,2021-06-05T17:52:36.374000+00:00,1.0,P
4440,3478,2021-06-05T17:52:39.014000+00:00,1.0,S
4441,3214,2021-06-05T17:52:36.374000+00:00,1.0,P
4441,3478,2021-06-05T17:52:39.014000+00:00,1.0,S
4442,3214,2021-06-05T17:52:36.374000+00:00,1.0,P
4442,3478,2021-06-05T17:52:39.014000+00:00,1.0,S
4443,3214,2021-06-05T17:52:36.374000+00:00,1.0,P
4443,3478,2021-06-05T17:52:39.014000+00:00,1.0,S
4444,3214,2021-06-05T17:52:36.374000+00:00,1.0,P
4444,3478,2021-06-05T17:52:39.014000+00:00,1.0,S
4445,3215,2021-06-05T17:52:36.384000+00:00,1.0,P
4445,3479,2021-06-05T17:52:39.024000+00:00,1.0,S
4446,3215,2021-06-05T17:52:36.384000+00:00,1.0,P
4446,3479,2021-06-05T17:52:39.024000+00:00,1.0,S
4447,3215,2021-06-05T17:52:36.384000+00:00,1.0,P
4447,3479,2021-06-05T17:52:39.024000+00:00,1.0,S
4448,3215,2021-06-05T17:52:36.384000+00:00,1.0,P
4448,3479,2021-06-05T17:52:39.024000+00:00,1.0,S
4449,3215,2021-06-05T17:52:36.384000+00:00,1.0,P
4449,3479,2021-06-05T17:52:39.024000+00:00,1.0,S
4450,3215,2021-06-05T17:52:36.384000+00:00,1.0,P
4450,3480,2021-06-05T17:52:39.034000+00:00,1.0,S
4451,3215,2021-06-05T17:52:36.384000+00:00,1.0,P
4451,3480,2021-06-05T17:52:39.034000+00:00,1.0,S
4452,3216,2021-06-05T17:52:36.394000+00:00,1.0,P
4452,3480,2021-06-05T17:52:39.034000+00:00,1.0,S
4453,3216,2021-06-05T17:52:36.394000+00:00,1.0,P
4453,3480,2021-06-05T17:52:39.034000+00:00,1.0,S
4454,3216,2021-06-05T17:52:36.394000+00:00,1.0,P
4454,3480,2021-06-05T17:52:39.034000+00:00,1.0,S
4455,3216,2021-06-05T17:52:36.394000+00:00,1.0,P
4455,3481,2021-06-05T17:52:39.044000+00:00,1.0,S
4456,3216,2021-06-05T17:52:36.394000+00:00,1.0,P
4456,3481,2021-06-05T17:52:39.044000+00:00,1.0,S
4457,3216,2021-06-05T17:52:36.394000+00:00,1.0,P
4457,3481,2021-06-05T17:52:39.044000+00:00,1.0,S
4458,3216,2021-06-05T17:52:36.394000+00:00,1.0,P
4458,3481,2021-06-05T17:52:39.044000+00:00,1.0,S
4459,3216,2021-06-05T17:52:36.394000+00:00,1.0,P
4459,3482,2021-06-05T17:52:39.054000+00:00,1.0,S
4460,3217,2021-06-05T17:52:36.404000+00:00,1.0,P
4460,3482,2021-06-05T17:52:39.054000+00:00,1.0,S
4461,3217,2021-06-05T17:52:36.404000+00:00,1.0,P
4461,3482,2021-06-05T17:52:39.054000+00:00,1.0,S
4462,3217,2021-06-05T17:52:36.404000+00:00,1.0,P
4462,3482,2021-06-05T17:52:39.054000+00:00,1.0,S
4463,3217,2021-06-05T17:52:36.404000+00:00,1.0,P
4463,3482,2021-06-05T17:52:39.054000+00:00,1.0,S
4464,3217,2021-06-05T17:52:36.404000+00:00,1.0,P
4464,3483,2021-06-05T17:52:39.064000+00:00,1.0,S
4465,3217,2021-06-05T17:52:36.404000+00:00,1.0,P
4465,3483,2021-06-05T17:52:39.064000+00:00,1.0,S
4466,3217,2021-06-05T17:52:36.404000+00:00,1.0,P
4466,3483,2021-06-05T17:52:39.064000+00:00,1.0,S
4467,3217,2021-06-05T17:52:36.404000+00:00,1.0,P
4467,3483,2021-06-05T17:52:39.064000+00:00,1.0,S
4468,3217,2021-06-05T17:52:36.404000+00:00,1.0,P
4468,3483,2021-06-05T17:52:39.064000+00:00,1.0,S
4469,3218,2021-06-05T17:52:36.414000+00:00,1.0,P
4469,3484,2021-06-05T17:52:39.074000+00:00,1.0,S
4470,3218,2021-06-05T17:52:36.414000+00:00,1.0,P
4470,3484,2021-06-05T17:52:39.074000+00:00,1.0,S
4471,3218,2021-06-05T17:52:36.414000+00:00,1.0,P
4471,3484,2021-06-05T17:52:39.074000+00:00,1.0,S
4472,3218,2021-06-05T17:52:36.414000+00:00,1.0,P
4472,3484,2021-06-05T17:52:39.074000+00:00,1.0,S
4473,3218,2021-06-05T17:52:36.414000+00:00,1.0,P
4473,3484,2021-06-05T17:52:39.074000+00:00,1.0,S
4474,3218,2021-06-05T17:52:36.414000+00:00,1.0,P
4474,3485,2021-06-05T17:52:39.084000+00:00,1.0,S
4475,3218,2021-06-05T17:52:36.414000+00:00,1.0,P
4475,3485,2021-06-05T17:52:39.084000+00:00,1.0,S
4476,3218,2021-06-05T17:52:36.414000+00:00,1.0,P
4476,3485,2021-06-05T17:52:39.084000+00:00,1.0,S
4477,3218,2021-06-05T17:52:36.414000+00:00,1.0,P
4477,3485,2021-06-05T17:52:39.084000+00:00,1.0,S
4478,3219,2021-06-05T17:52:36.423999+00:00,1.0,P
4478,3485,2021-06-05T17:52:39.084000+00:00,1.0,S
4479,3219,2021-06-05T17:52:36.423999+00:00,1.0,P
4479,3485,2021-06-05T17:52:39.084000+00:00,1.0,S
4480,3219,2021-06-05T17:52:36.423999+00:00,1.0,P
4480,3486,2021-06-05T17:52:39.094000+00:00,1.0,S
4481,3219,2021-06-05T17:52:36.423999+00:00,1.0,P
4481,3486,2021-06-05T17:52:39.094000+00:00,1.0,S
4482,3219,2021-06-05T17:52:36.423999+00:00,1.0,P
4482,3486,2021-06-05T17:52:39.094000+00:00,1.0,S
4483,3219,2021-06-05T17:52:36.423999+00:00,1.0,P
4483,3486,2021-06-05T17:52:39.094000+00:00,1.0,S
4484,3219,2021-06-05T17:52:36.423999+00:00,1.0,P
4484,3486,2021-06-05T17:52:39.094000+00:00,1.0,S
4485,3219,2021-06-05T17:52:36.423999+00:00,1.0,P
4485,3487,2021-06-05T17:52:39.104000+00:00,1.0,S
4486,3219,2021-06-05T17:52:36.423999+00:00,1.0,P
4486,3487,2021-06-05T17:52:39.104000+00:00,1.0,S
4487,3219,2021-06-05T17:52:36.423999+00:00,1.0,P
4487,3487,2021-06-05T17:52:39.104000+00:00,1.0,S
4488,3220,2021-06-05T17:52:36.434000+00:00,1.0,P
4488,3487,2021-06-05T17:52:39.104000+00:00,1.0,S
4489,3220,2021-06-05T17:52:36.434000+00:00,1.0,P
4489,3487,2021-06-05T17:52:39.104000+00:00,1.0,S
4490,3220,2021-06-05T17:52:36.434000+00:00,1.0,P
4490,3487,2021-06-05T17:52:39.104000+00:00,1.0,S
4491,3220,2021-06-05T17:52:36.434000+00:00,1.0,P
4491,3488,2021-06-05T17:52:39.114000+00:00,1.0,S
4492,3220,2021-06-05T17:52:36.434000+00:00,1.0,P
4492,3488,2021-06-05T17:52:39.114000+00:00,1.0,S
4493,3220,2021-06-05T17:52:36.434000+00:00,1.0,P
4493,3488,2021-06-05T17:52:39.114000+00:00,1.0,S
4494,3220,2021-06-05T17:52:36.434000+00:00,1.0,P
4494,3488,2021-06-05T17:52:39.114000+00:00,1.0,S
4495,3220,2021-06-05T17:52:36.434000+00:00,1.0,P
4495,3488,2021-06-05T17:52:39.114000+00:00,1.0,S
4496,3220,2021-06-05T17:52:36.434000+00:00,1.0,P
4496,3489,2021-06-05T17:52:39.124000+00:00,1.0,S
4497,3220,2021-06-05T17:52:36.434000+00:00,1.0,P
4497,3489,2021-06-05T17:52:39.124000+00:00,1.0,S
4498,3221,2021-06-05T17:52:36.444000+00:00,1.0,P
4498,3489,2021-06-05T17:52:39.124000+00:00,1.0,S
4499,3221,2021-06-05T17:52:36.444000+00:00,1.0,P
4499,3489,2021-06-05T17:52:39.124000+00:00,1.0,S
4500,3221,2021-06-05T17:52:36.444000+00:00,1.0,P
4500,3489,2021-06-05T17:52:39.124000+00:00,1.0,S
4501,3221,2021-06-05T17:52:36.444000+00:00,1.0,P
4501,3489,2021-06-05T17:52:39.124000+00:00,1.0,S
4502,3221,2021-06-05T17:52:36.444000+00:00,1.0,P
4502,3490,2021-06-05T17:52:39.134000+00:00,1.0,S
4503,3221,2021-06-05T17:52:36.444000+00:00,1.0,P
4503,3490,2021-06-05T17:52:39.134000+00:00,1.0,S
4504,3221,2021-06-05T17:52:36.444000+00:00,1.0,P
4504,3490,2021-06-05T17:52:39.134000+00:00,1.0,S
4505,3221,2021-06-05T17:52:36.444000+00:00,1.0,P
4505,3490,2021-06-05T17:52:39.134000+00:00,1.0,S
4506,3221,2021-06-05T17:52:36.444000+00:00,1.0,P
4506,3490,2021-06-05T17:52:39.134000+00:00,1.0,S
4507,3221,2021-06-05T17:52:36.444000+00:00,1.0,P
4507,3490,2021-06-05T17:52:39.134000+00:00,1.0,S
4508,3221,2021-06-05T17:52:36.444000+00:00,1.0,P
4508,3491,2021-06-05T17:52:39.144000+00:00,1.0,S
4509,3222,2021-06-05T17:52:36.454000+00:00,1.0,P
4509,3491,2021-06-05T17:52:39.144000+00:00,1.0,S
4510,3222,2021-06-05T17:52:36.454000+00:00,1.0,P
4510,3491,2021-06-05T17:52:39.144000+00:00,1.0,S
4511,3222,2021-06-05T17:52:36.454000+00:00,1.0,P
4511,3491,2021-06-05T17:52:39.144000+00:00,1.0,S
4512,3222,2021-06-05T17:52:36.454000+00:00,1.0,P
4512,3491,2021-06-05T17:52:39.144000+00:00,1.0,S
4513,3222,2021-06-05T17:52:36.454000+00:00,1.0,P
4513,3491,2021-06-05T17:52:39.144000+00:00,1.0,S
4514,3222,2021-06-05T17:52:36.454000+00:00,1.0,P
4514,3492,2021-06-05T17:52:39.154000+00:00,1.0,S
4515,3222,2021-06-05T17:52:36.454000+00:00,1.0,P
4515,3492,2021-06-05T17:52:39.154000+00:00,1.0,S
4516,3222,2021-06-05T17:52:36.454000+00:00,1.0,P
4516,3492,2021-06-05T17:52:39.154000+00:00,1.0,S
4517,3222,2021-06-05T17:52:36.454000+00:00,1.0,P
4517,3492,2021-06-05T17:52:39.154000+00:00,1.0,S
4518,3222,2021-06-05T17:52:36.454000+00:00,1.0,P
4518,3492,2021-06-05T17:52:39.154000+00:00,1.0,S
4519,3223,2021-06-05T17:52:36.464000+00:00,1.0,P
4519,3492,2021-06-05T17:52:39.154000+00:00,1.0,S
4520,3223,2021-06-05T17:52:36.464000+00:00,1.0,P
4520,3493,2021-06-05T17:52:39.164000+00:00,1.0,S
4521,3223,2021-06-05T17:52:36.464000+00:00,1.0,P
4521,3493,2021-06-05T17:52:39.164000+00:00,1.0,S
4522,3223,2021-06-05T17:52:36.464000+00:00,1.0,P
4522,3493,2021-06-05T17:52:39.164000+00:00,1.0,S
4523,3223,2021-06-05T17:52:36.464000+00:00,1.0,P
4523,3493,2021-06-05T17:52:39.164000+00:00,1.0,S
4524,3223,2021-06-05T17:52:36.464000+00:00,1.0,P
4524,3493,2021-06-05T17:52:39.164000+00:00,1.0,S
4525,3223,2021-06-05T17:52:36.464000+00:00,1.0,P
4525,3493,2021-06-05T17:52:39.164000+00:00,1.0,S
4526,3223,2021-06-05T17:52:36.464000+00:00,1.0,P
4526,3493,2021-06-05T17:52:39.164000+00:00,1.0,S
4527,3223,2021-06-05T17:52:36.464000+00:00,1.0,P
4527,3494,2021-06-05T17:52:39.174000+00:00,1.0,S
4528,3223,2021-06-05T17:52:36.464000+00:00,1.0,P
4528,3494,2021-06-05T17:52:39.174000+00:00,1.0,S
4529,3223,2021-06-05T17:52:36.464000+00:00,1.0,P
4529,3494,2021-06-05T17:52:39.174000+00:00,1.0,S
4530,3223,2021-06-05T17:52:36.464000+00:00,1.0,P
4530,3494,2021-06-05T17:52:39.174000+00:00,1.0,S
4531,3224,2021-06-05T17:52:36.474000+00:00,1.0,P
4531,3494,2021-06-05T17:52:39.174000+00:00,1.0,S
4532,3224,2021-06-05T17:52:36.474000+00:00,1.0,P
4532,3494,2021-06-05T17:52:39.174000+00:00,1.0,S
4533,3224,2021-06-05T17:52:36.474000+00:00,1.0,P
4533,3495,2021-06-05T17:52:39.184000+00:00,1.0,S
4534,3224,2021-06-05T17:52:36.474000+00:00,1.0,P
4534,3495,2021-06-05T17:52:39.184000+00:00,1.0,S
4535,3224,2021-06-05T17:52:36.474000+00:00,1.0,P
4535,3495,2021-06-05T17:52:39.184000+00:00,1.0,S
4536,3224,2021-06-05T17:52:36.474000+00:00,1.0,P
4536,3495,2021-06-05T17:52:39.184000+00:00,1.0,S
4537,3224,2021-06-05T17:52:36.474000+00:00,1.0,P
4537,3495,2021-06-05T17:52:39.184000+00:00,1.0,S
4538,3224,2021-06-05T17:52:36.474000+00:00,1.0,P
4538,3495,2021-06-05T17:52:39.184000+00:00,1.0,S
4539,3224,2021-06-05T17:52:36.474000+00:00,1.0,P
4539,3496,2021-06-05T17:52:39.194000+00:00,1.0,S
4540,3224,2021-06-05T17:52:36.474000+00:00,1.0,P
4540,3496,2021-06-05T17:52:39.194000+00:00,1.0,S
4541,3225,2021-06-05T17:52:36.484000+00:00,1.0,P
4541,3496,2021-06-05T17:52:39.194000+00:00,1.0,S
4542,3225,2021-06-05T17:52:36.484000+00:00,1.0,P
4542,3496,2021-06-05T17:52:39.194000+00:00,1.0,S
4543,3225,2021-06-05T17:52:36.484000+00:00,1.0,P
4543,3496,2021-06-05T17:52:39.194000+00:00,1.0,S
4544,3225,2021-06-05T17:52:36.484000+00:00,1.0,P
4544,3496,2021-06-05T17:52:39.194000+00:00,1.0,S
4545,3225,2021-06-05T17:52:36.484000+00:00,1.0,P
4545,3497,2021-06-05T17:52:39.204000+00:00,1.0,S
4546,3225,2021-06-05T17:52:36.484000+00:00,1.0,P
4546,3497,2021-06-05T17:52:39.204000+00:00,1.0,S
4547,3225,2021-06-05T17:52:36.484000+00:00,1.0,P
4547,3497,2021-06-05T17:52:39.204000+00:00,1.0,S
4548,3225,2021-06-05T17:52:36.484000+00:00,1.0,P
4548,3497,2021-06-05T17:52:39.204000+00:00,1.0,S
4549,3225,2021-06-05T17:52:36.484000+00:00,1.0,P
4549,3497,2021-06-05T17:52:39.204000+00:00,1.0,S
4550,3225,2021-06-05T17:52:36.484000+00:00,1.0,P
4550,3497,2021-06-05T17:52:39.204000+00:00,1.0,S
4551,3226,2021-06-05T17:52:36.493999+00:00,1.0,P
4551,3498,2021-06-05T17:52:39.214000+00:00,1.0,S
4552,3226,2021-06-05T17:52:36.493999+00:00,1.0,P
4552,3498,2021-06-05T17:52:39.214000+00:00,1.0,S
4553,3226,2021-06-05T17:52:36.493999+00:00,1.0,P
4553,3498,2021-06-05T17:52:39.214000+00:00,1.0,S
4554,3226,2021-06-05T17:52:36.493999+00:00,1.0,P
4554,3498,2021-06-05T17:52:39.214000+00:00,1.0,S
4555,3226,2021-06-05T17:52:36.493999+00:00,1.0,P
4555,3498,2021-06-05T17:52:39.214000+00:00,1.0,S
4556,3226,2021-06-05T17:52:36.493999+00:00,1.0,P
4556,3498,2021-06-05T17:52:39.214000+00:00,1.0,S
4557,3226,2021-06-05T17:52:36.493999+00:00,1.0,P
4557,3499,2021-06-05T17:52:39.224000+00:00,1.0,S
4558,3226,2021-06-05T17:52:36.493999+00:00,1.0,P
4558,3499,2021-06-05T17:52:39.224000+00:00,1.0,S
4559,3227,2021-06-05T17:52:36.504000+00:00,1.0,P
4559,3499,2021-06-05T17:52:39.224000+00:00,1.0,S
4560,3227,2021-06-05T17:52:36.504000+00:00,1.0,P
4560,3499,2021-06-05T17:52:39.224000+00:00,1.0,S
4561,3227,2021-06-05T17:52:36.504000+00:00,1.0,P
4561,3499,2021-06-05T17:52:39.224000+00:00,1.0,S
4562,3227,2021-06-05T17:52:36.504000+00:00,1.0,P
4562,3500,2021-06-05T17:52:39.234000+00:00,1.0,S
4563,3227,2021-06-05T17:52:36.504000+00:00,1.0,P
4563,3500,2021-06-05T17:52:39.234000+00:00,1.0,S
4564,3227,2021-06-05T17:52:36.504000+00:00,1.0,P
4564,3500,2021-06-05T17:52:39.234000+00:00,1.0,S
4565,3227,2021-06-05T17:52:36.504000+00:00,1.0,P
4565,3500,2021-06-05T17:52:39.234000+00:00,1.0,S
4566,3227,2021-06-05T17:52:36.504000+00:00,1.0,P
4566,3500,2021-06-05T17:52:39.234000+00:00,1.0,S
4567,3227,2021-06-05T17:52:36.504000+00:00,1.0,P
4567,3500,2021-06-05T17:52:39.234000+00:00,1.0,S
4568,3228,2021-06-05T17:52:36.514000+00:00,1.0,P
4568,3501,2021-06-05T17:52:39.244000+00:00,1.0,S
4569,3228,2021-06-05T17:52:36.514000+00:00,1.0,P
4569,3501,2021-06-05T17:52:39.244000+00:00,1.0,S
4570,3228,2021-06-05T17:52:36.514000+00:00,1.0,P
4570,3501,2021-06-05T17:52:39.244000+00:00,1.0,S
4571,3228,2021-06-05T17:52:36.514000+00:00,1.0,P
4571,3501,2021-06-05T17:52:39.244000+00:00,1.0,S
4572,3228,2021-06-05T17:52:36.514000+00:00,1.0,P
4572,3501,2021-06-05T17:52:39.244000+00:00,1.0,S
4573,3228,2021-06-05T17:52:36.514000+00:00,1.0,P
4573,3501,2021-06-05T17:52:39.244000+00:00,1.0,S
4574,3228,2021-06-05T17:52:36.514000+00:00,1.0,P
4574,3501,2021-06-05T17:52:39.244000+00:00,1.0,S
4575,3228,2021-06-05T17:52:36.514000+00:00,1.0,P
4575,3501,2021-06-05T17:52:39.244000+00:00,1.0,S
4576,3228,2021-06-05T17:52:36.514000+00:00,1.0,P
4576,3502,2021-06-05T17:52:39.254000+00:00,1.0,S
4577,3228,2021-06-05T17:52:36.514000+00:00,1.0,P
4577,3502,2021-06-05T17:52:39.254000+00:00,1.0,S
4578,3228,2021-06-05T17:52:36.514000+00:00,1.0,P
4578,3502,2021-06-05T17:52:39.254000+00:00,1.0,S
4579,3228,2021-06-05T17:52:36.514000+00:00,1.0,P
4579,3502,2021-06-05T17:52:39.254000+00:00,1.0,S
4580,3228,2021-06-05T17:52:36.514000+00:00,1.0,P
4580,3502,2021-06-05T17:52:39.254000+00:00,1.0,S
4581,3228,2021-06-05T17:52:36.514000+00:00,1.0,P
4581,3502,2021-06-05T17:52:39.254000+00:00,1.0,S
4582,3229,2021-06-05T17:52:36.524000+00:00,1.0,P
4582,3502,2021-06-05T17:52:39.254000+00:00,1.0,S
4583,3229,2021-06-05T17:52:36.524000+00:00,1.0,P
4583,3502,2021-06-05T17:52:39.254000+00:00,1.0,S
4584,3229,2021-06-05T17:52:36.524000+00:00,1.0,P
4584,3502,2021-06-05T17:52:39.254000+00:00,1.0,S
4585,3229,2021-06-05T17:52:36.524000+00:00,1.0,P
4585,3502,2021-06-05T17:52:39.254000+00:00,1.0,S
4586,3229,2021-06-05T17:52:36.524000+00:00,1.0,P
4586,3502,2021-06-05T17:52:39.254000+00:00,1.0,S
4587,3229,2021-06-05T17:52:36.524000+00:00,1.0,P
4587,3503,2021-06-05T17:52:39.264000+00:00,1.0,S
4588,3229,2021-06-05T17:52:36.524000+00:00,1.0,P
4588,3503,2021-06-05T17:52:39.264000+00:00,1.0,S
4589,3229,2021-06-05T17:52:36.524000+00:00,1.0,P
4589,3503,2021-06-05T17:52:39.264000+00:00,1.0,S
4590,3229,2021-06-05T17:52:36.524000+00:00,1.0,P
4590,3503,2021-06-05T17:52:39.264000+00:00,1.0,S
4591,3229,2021-06-05T17:52:36.524000+00:00,1.0,P
4591,3503,2021-06-05T17:52:39.264000+00:00,1.0,S
4592,3229,2021-06-05T17:52:36.524000+00:00,1.0,P
4592,3503,2021-06-05T17:52:39.264000+00:00,1.0,S
4593,3229,2021-06-05T17:52:36.524000+00:00,1.0,P
4593,3503,2021-06-05T17:52:39.264000+00:00,1.0,S
4594,3229,2021-06-05T17:52:36.524000+00:00,1.0,P
4594,3503,2021-06-05T17:52:39.264000+00:00,1.0,S
4595,3229,2021-06-05T17:52:36.524000+00:00,1.0,P
4595,3503,2021-06-05T17:52:39.264000+00:00,1.0,S
4596,3229,2021-06-05T17:52:36.524000+00:00,1.0,P
4596,3503,2021-06-05T17:52:39.264000+00:00,1.0,S
4597,3229,2021-06-05T17:52:36.524000+00:00,1.0,P
4597,3504,2021-06-05T17:52:39.274000+00:00,1.0,S
4598,3229,2021-06-05T17:52:36.524000+00:00,1.0,P
4598,3504,2021-06-05T17:52:39.274000+00:00,1.0,S
4599,3229,2021-06-05T17:52:36.524000+00:00,1.0,P
4599,3504,2021-06-05T17:52:39.274000+00:00,1.0,S
4600,3229,2021-06-05T17:52:36.524000+00:00,1.0,P
4600,3504,2021-06-05T17:52:39.274000+00:00,1.0,S
4601,3230,2021-06-05T17:52:36.533999+00:00,1.0,P
4601,3504,2021-06-05T17:52:39.274000+00:00,1.0,S
4602,3230,2021-06-05T17:52:36.533999+00:00,1.0,P
4602,3504,2021-06-05T17:52:39.274000+00:00,1.0,S
4603,3230,2021-06-05T17:52:36.533999+00:00,1.0,P
4603,3504,2021-06-05T17:52:39.274000+00:00,1.0,S
4604,3230,2021-06-05T17:52:36.533999+00:00,1.0,P
4604,3504,2021-06-05T17:52:39.274000+00:00,1.0,S
4605,3230,2021-06-05T17:52:36.533999+00:00,1.0,P
4605,3504,2021-06-05T17:52:39.274000+00:00,1.0,S
4606,3230,2021-06-05T17:52:36.533999+00:00,1.0,P
4606,3504,2021-06-05T17:52:39.274000+00:00,1.0,S
4607,3230,2021-06-05T17:52:36.533999+00:00,1.0,P
4607,3504,2021-06-05T17:52:39.274000+00:00,1.0,S
4608,3230,2021-06-05T17:52:36.533999+00:00,1.0,P
4608,3505,2021-06-05T17:52:39.284000+00:00,1.0,S
4609,3230,2021-06-05T17:52:36.533999+00:00,1.0,P
4609,3505,2021-06-05T17:52:39.284000+00:00,1.0,S
4610,3230,2021-06-05T17:52:36.533999+00:00,1.0,P
4610,3505,2021-06-05T17:52:39.284000+00:00,1.0,S
4611,3230,2021-06-05T17:52:36.533999+00:00,1.0,P
4611,3505,2021-06-05T17:52:39.284000+00:00,1.0,S
4612,3230,2021-06-05T17:52:36.533999+00:00,1.0,P
4612,3505,2021-06-05T17:52:39.284000+00:00,1.0,S
4613,3230,2021-06-05T17:52:36.533999+00:00,1.0,P
4613,3505,2021-06-05T17:52:39.284000+00:00,1.0,S
4614,3230,2021-06-05T17:52:36.533999+00:00,1.0,P
4614,3505,2021-06-05T17:52:39.284000+00:00,1.0,S
4615,3230,2021-06-05T17:52:36.533999+00:00,1.0,P
4615,3505,2021-06-05T17:52:39.284000+00:00,1.0,S
4616,3230,2021-06-05T17:52:36.533999+00:00,1.0,P
4616,3505,2021-06-05T17:52:39.284000+00:00,1.0,S
4617,3230,2021-06-05T17:52:36.533999+00:00,1.0,P
4617,3505,2021-06-05T17:52:39.284000+00:00,1.0,S
4618,3230,2021-06-05T17:52:36.533999+00:00,1.0,P
4618,3505,2021-06-05T17:52:39.284000+00:00,1.0,S
4619,3230,2021-06-05T17:52:36.533999+00:00,1.0,P
4619,3505,2021-06-05T17:52:39.284000+00:00,1.0,S
4620,3230,2021-06-05T17:52:36.533999+00:00,1.0,P
4620,3506,2021-06-05T17:52:39.294000+00:00,1.0,S
4621,3230,2021-06-05T17:52:36.533999+00:00,1.0,P
4621,3506,2021-06-05T17:52:39.294000+00:00,1.0,S
4622,3230,2021-06-05T17:52:36.533999+00:00,1.0,P
4622,3506,2021-06-05T17:52:39.294000+00:00,1.0,S
4623,3230,2021-06-05T17:52:36.533999+00:00,1.0,P
4623,3506,2021-06-05T17:52:39.294000+00:00,1.0,S
4624,3230,2021-06-05T17:52:36.533999+00:00,1.0,P
4624,3506,2021-06-05T17:52:39.294000+00:00,1.0,S
4625,3230,2021-06-05T17:52:36.533999+00:00,1.0,P
4625,3506,2021-06-05T17:52:39.294000+00:00,1.0,S
4626,3230,2021-06-05T17:52:36.533999+00:00,1.0,P
4626,3506,2021-06-05T17:52:39.294000+00:00,1.0,S
4627,3231,2021-06-05T17:52:36.544000+00:00,1.0,P
4627,3506,2021-06-05T17:52:39.294000+00:00,1.0,S
4628,3231,2021-06-05T17:52:36.544000+00:00,1.0,P
4628,3506,2021-06-05T17:52:39.294000+00:00,1.0,S
4629,3231,2021-06-05T17:52:36.544000+00:00,1.0,P
4629,3506,2021-06-05T17:52:39.294000+00:00,1.0,S
4630,3231,2021-06-05T17:52:36.544000+00:00,1.0,P
4630,3506,2021-06-05T17:52:39.294000+00:00,1.0,S
4631,3231,2021-06-05T17:52:36.544000+00:00,1.0,P
4631,3506,2021-06-05T17:52:39.294000+00:00,1.0,S
4632,3231,2021-06-05T17:52:36.544000+00:00,1.0,P
4632,3506,2021-06-05T17:52:39.294000+00:00,1.0,S
4633,3231,2021-06-05T17:52:36.544000+00:00,1.0,P
4633,3506,2021-06-05T17:52:39.294000+00:00,1.0,S
4634,3231,2021-06-05T17:52:36.544000+00:00,1.0,P
4634,3507,2021-06-05T17:52:39.304000+00:00,1.0,S
4635,3231,2021-06-05T17:52:36.544000+00:00,1.0,P
4635,3507,2021-06-05T17:52:39.304000+00:00,1.0,S
4636,3231,2021-06-05T17:52:36.544000+00:00,1.0,P
4636,3507,2021-06-05T17:52:39.304000+00:00,1.0,S
4637,3231,2021-06-05T17:52:36.544000+00:00,1.0,P
4637,3507,2021-06-05T17:52:39.304000+00:00,1.0,S
4638,3231,2021-06-05T17:52:36.544000+00:00,1.0,P
4638,3507,2021-06-05T17:52:39.304000+00:00,1.0,S
4639,3231,2021-06-05T17:52:36.544000+00:00,1.0,P
4639,3507,2021-06-05T17:52:39.304000+00:00,1.0,S
4640,3231,2021-06-05T17:52:36.544000+00:00,1.0,P
4640,3507,2021-06-05T17:52:39.304000+00:00,1.0,S
4641,3231,2021-06-05T17:52:36.544000+00:00,1.0,P
4641,3507,2021-06-05T17:52:39.304000+00:00,1.0,S
4642,3231,2021-06-05T17:52:36.544000+00:00,1.0,P
4642,3507,2021-06-05T17:52:39.304000+00:00,1.0,S
4643,3231,2021-06-05T17:52:36.544000+00:00,1.0,P
4643,3507,2021-06-05T17:52:39.304000+00:00,1.0,S
4644,3231,2021-06-05T17:52:36.544000+00:00,1.0,P
4644,3507,2021-06-05T17:52:39.304000+00:00,1.0,S
4645,3231,2021-06-05T17:52:36.544000+00:00,1.0,P
4645,3507,2021-06-05T17:52:39.304000+00:00,1.0,S
4646,3231,2021-06-05T17:52:36.544000+00:00,1.0,P
4646,3507,2021-06-05T17:52:39.304000+00:00,1.0,S
4647,3231,2021-06-05T17:52:36.544000+00:00,1.0,P
4647,3507,2021-06-05T17:52:39.304000+00:00,1.0,S
4648,3231,2021-06-05T17:52:36.544000+00:00,1.0,P
4648,3507,2021-06-05T17:52:39.304000+00:00,1.0,S
4649,3231,2021-06-05T17:52:36.544000+00:00,1.0,P
4649,3507,2021-06-05T17:52:39.304000+00:00,1.0,S
4650,3231,2021-06-05T17:52:36.544000+00:00,1.0,P
4650,3508,2021-06-05T17:52:39.314000+00:00,1.0,S
4651,3231,2021-06-05T17:52:36.544000+00:00,1.0,P
4651,3508,2021-06-05T17:52:39.314000+00:00,1.0,S
4652,3231,2021-06-05T17:52:36.544000+00:00,1.0,P
4652,3508,2021-06-05T17:52:39.314000+00:00,1.0,S
4653,3231,2021-06-05T17:52:36.544000+00:00,1.0,P
4653,3508,2021-06-05T17:52:39.314000+00:00,1.0,S
4654,3231,2021-06-05T17:52:36.544000+00:00,1.0,P
4654,3508,2021-06-05T17:52:39.314000+00:00,1.0,S
4655,3231,2021-06-05T17:52:36.544000+00:00,1.0,P
4655,3508,2021-06-05T17:52:39.314000+00:00,1.0,S
4656,3231,2021-06-05T17:52:36.544000+00:00,1.0,P
4656,3508,2021-06-05T17:52:39.314000+00:00,1.0,S
4657,3231,2021-06-05T17:52:36.544000+00:00,1.0,P
4657,3508,2021-06-05T17:52:39.314000+00:00,1.0,S
4658,3231,2021-06-05T17:52:36.544000+00:00,1.0,P
4658,3508,2021-06-05T17:52:39.314000+00:00,1.0,S
4659,3231,2021-06-05T17:52:36.544000+00:00,1.0,P
4659,3508,2021-06-05T17:52:39.314000+00:00,1.0,S
4660,3231,2021-06-05T17:52:36.544000+00:00,1.0,P
4660,3508,2021-06-05T17:52:39.314000+00:00,1.0,S
4661,3231,2021-06-05T17:52:36.544000+00:00,1.0,P
4661,3508,2021-06-05T17:52:39.314000+00:00,1.0,S
4662,3231,2021-06-05T17:52:36.544000+00:00,1.0,P
4662,3508,2021-06-05T17:52:39.314000+00:00,1.0,S
4663,3231,2021-06-05T17:52:36.544000+00:00,1.0,P
4663,3508,2021-06-05T17:52:39.314000+00:00,1.0,S
4664,3231,2021-06-05T17:52:36.544000+00:00,1.0,P
4664,3508,2021-06-05T17:52:39.314000+00:00,1.0,S
4665,3231,2021-06-05T17:52:36.544000+00:00,1.0,P
4665,3508,2021-06-05T17:52:39.314000+00:00,1.0,S
4666,3231,2021-06-05T17:52:36.544000+00:00,1.0,P
4666,3508,2021-06-05T17:52:39.314000+00:00,1.0,S
4667,3231,2021-06-05T17:52:36.544000+00:00,1.0,P
4667,3508,2021-06-05T17:52:39.314000+00:00,1.0,S
4668,3232,2021-06-05T17:52:36.554000+00:00,1.0,P
4668,3508,2021-06-05T17:52:39.314000+00:00,1.0,S
4669,3232,2021-06-05T17:52:36.554000+00:00,1.0,P
4669,3508,2021-06-05T17:52:39.314000+00:00,1.0,S
