channel_index,phase_index,phase_time,phase_score,phase_type
0,3045,2021-01-24T22:16:10.920000+00:00,1.0,P
0,3294,2021-01-24T22:16:13.409999+00:00,1.0,S
1,3045,2021-01-24T22:16:10.920000+00:00,1.0,P
1,3293,2021-01-24T22:16:13.400000+00:00,1.0,S
2,3045,2021-01-24T22:16:10.920000+00:00,1.0,P
2,3293,2021-01-24T22:16:13.400000+00:00,1.0,S
3,3045,2021-01-24T22:16:10.920000+00:00,1.0,P
3,3293,2021-01-24T22:16:13.400000+00:00,1.0,S
4,3045,2021-01-24T22:16:10.920000+00:00,1.0,P
4,3293,2021-01-24T22:16:13.400000+00:00,1.0,S
5,3045,2021-01-24T22:16:10.920000+00:00,1.0,P
5,3292,2021-01-24T22:16:13.390000+00:00,1.0,S
6,3045,2021-01-24T22:16:10.920000+00:00,1.0,P
6,3292,2021-01-24T22:16:13.390000+00:00,1.0,S
7,3044,2021-01-24T22:16:10.910000+00:00,1.0,P
7,3292,2021-01-24T22:16:13.390000+00:00,1.0,S
8,3044,2021-01-24T22:16:10.910000+00:00,1.0,P
8,3292,2021-01-24T22:16:13.390000+00:00,1.0,S
9,3044,2021-01-24T22:16:10.910000+00:00,1.0,P
9,3292,2021-01-24T22:16:13.390000+00:00,1.0,S
10,3044,2021-01-24T22:16:10.910000+00:00,1.0,P
10,3291,2021-01-24T22:16:13.380000+00:00,1.0,S
11,3044,2021-01-24T22:16:10.910000+00:00,1.0,P
11,3291,2021-01-24T22:16:13.380000+00:00,1.0,S
12,3044,2021-01-24T22:16:10.910000+00:00,1.0,P
12,3291,2021-01-24T22:16:13.380000+00:00,1.0,S
13,3044,2021-01-24T22:16:10.910000+00:00,1.0,P
13,3291,2021-01-24T22:16:13.380000+00:00,1.0,S
14,3044,2021-01-24T22:16:10.910000+00:00,1.0,P
14,3291,2021-01-24T22:16:13.380000+00:00,1.0,S
15,3044,2021-01-24T22:16:10.910000+00:00,1.0,P
15,3291,2021-01-24T22:16:13.380000+00:00,1.0,S
16,3044,2021-01-24T22:16:10.910000+00:00,1.0,P
16,3291,2021-01-24T22:16:13.380000+00:00,1.0,S
17,3044,2021-01-24T22:16:10.910000+00:00,1.0,P
17,3291,2021-01-24T22:16:13.380000+00:00,1.0,S
18,3044,2021-01-24T22:16:10.910000+00:00,1.0,P
18,3290,2021-01-24T22:16:13.370000+00:00,1.0,S
19,3044,2021-01-24T22:16:10.910000+00:00,1.0,P
19,3290,2021-01-24T22:16:13.370000+00:00,1.0,S
20,3043,2021-01-24T22:16:10.900000+00:00,1.0,P
20,3290,2021-01-24T22:16:13.370000+00:00,1.0,S
21,3043,2021-01-24T22:16:10.900000+00:00,1.0,P
21,3290,2021-01-24T22:16:13.370000+00:00,1.0,S
22,3043,2021-01-24T22:16:10.900000+00:00,1.0,P
22,3290,2021-01-24T22:16:13.370000+00:00,1.0,S
23,3043,2021-01-24T22:16:10.900000+00:00,1.0,P
23,3290,2021-01-24T22:16:13.370000+00:00,1.0,S
24,3043,2021-01-24T22:16:10.900000+00:00,1.0,P
24,3290,2021-01-24T22:16:13.370000+00:00,1.0,S
25,3043,2021-01-24T22:16:10.900000+00:00,1.0,P
25,3290,2021-01-24T22:16:13.370000+00:00,1.0,S
26,3043,2021-01-24T22:16:10.900000+00:00,1.0,P
26,3290,2021-01-24T22:16:13.370000+00:00,1.0,S
27,3043,2021-01-24T22:16:10.900000+00:00,1.0,P
27,3290,2021-01-24T22:16:13.370000+00:00,1.0,S
28,3043,2021-01-24T22:16:10.900000+00:00,1.0,P
28,3290,2021-01-24T22:16:13.370000+00:00,1.0,S
29,3043,2021-01-24T22:16:10.900000+00:00,1.0,P
29,3289,2021-01-24T22:16:13.360000+00:00,1.0,S
30,3043,2021-01-24T22:16:10.900000+00:00,1.0,P
30,3289,2021-01-24T22:16:13.360000+00:00,1.0,S
31,3043,2021-01-24T22:16:10.900000+00:00,1.0,P
31,3289,2021-01-24T22:16:13.360000+00:00,1.0,S
32,3043,2021-01-24T22:16:10.900000+00:00,1.0,P
32,3289,2021-01-24T22:16:13.360000+00:00,1.0,S
33,3043,2021-01-24T22:16:10.900000+00:00,1.0,P
33,3289,2021-01-24T22:16:13.360000+00:00,1.0,S
34,3043,2021-01-24T22:16:10.900000+00:00,1.0,P
34,3289,2021-01-24T22:16:13.360000+00:00,1.0,S
35,3043,2021-01-24T22:16:10.900000+00:00,1.0,P
35,3289,2021-01-24T22:16:13.360000+00:00,1.0,S
36,3042,2021-01-24T22:16:10.890000+00:00,1.0,P
36,3289,2021-01-24T22:16:13.360000+00:00,1.0,S
37,3042,2021-01-24T22:16:10.890000+00:00,1.0,P
37,3288,2021-01-24T22:16:13.350000+00:00,1.0,S
38,3042,2021-01-24T22:16:10.890000+00:00,1.0,P
38,3288,2021-01-24T22:16:13.350000+00:00,1.0,S
39,3042,2021-01-24T22:16:10.890000+00:00,1.0,P
39,3288,2021-01-24T22:16:13.350000+00:00,1.0,S
40,3042,2021-01-24T22:16:10.890000+00:00,1.0,P
40,3288,2021-01-24T22:16:13.350000+00:00,1.0,S
41,3042,2021-01-24T22:16:10.890000+00:00,1.0,P
41,3288,2021-01-24T22:16:13.350000+00:00,1.0,S
42,3042,2021-01-24T22:16:10.890000+00:00,1.0,P
42,3288,2021-01-24T22:16:13.350000+00:00,1.0,S
43,3042,2021-01-24T22:16:10.890000+00:00,1.0,P
43,3288,2021-01-24T22:16:13.350000+00:00,1.0,S
44,3042,2021-01-24T22:16:10.890000+00:00,1.0,P
44,3288,2021-01-24T22:16:13.350000+00:00,1.0,S
45,3042,2021-01-24T22:16:10.890000+00:00,1.0,P
45,3287,2021-01-24T22:16:13.339999+00:00,1.0,S
46,3042,2021-01-24T22:16:10.890000+00:00,1.0,P
46,3287,2021-01-24T22:16:13.339999+00:00,1.0,S
47,3042,2021-01-24T22:16:10.890000+00:00,1.0,P
47,3287,2021-01-24T22:16:13.339999+00:00,1.0,S
48,3042,2021-01-24T22:16:10.890000+00:00,1.0,P
48,3287,2021-01-24T22:16:13.339999+00:00,1.0,S
49,3042,2021-01-24T22:16:10.890000+00:00,1.0,P
49,3287,2021-01-24T22:16:13.339999+00:00,1.0,S
50,3041,2021-01-24T22:16:10.880000+00:00,1.0,P
50,3287,2021-01-24T22:16:13.339999+00:00,1.0,S
51,3041,2021-01-24T22:16:10.880000+00:00,1.0,P
51,3287,2021-01-24T22:16:13.339999+00:00,1.0,S
52,3041,2021-01-24T22:16:10.880000+00:00,1.0,P
52,3287,2021-01-24T22:16:13.339999+00:00,1.0,S
53,3041,2021-01-24T22:16:10.880000+00:00,1.0,P
53,3286,2021-01-24T22:16:13.330000+00:00,1.0,S
54,3041,2021-01-24T22:16:10.880000+00:00,1.0,P
54,3286,2021-01-24T22:16:13.330000+00:00,1.0,S
55,3041,2021-01-24T22:16:10.880000+00:00,1.0,P
55,3286,2021-01-24T22:16:13.330000+00:00,1.0,S
56,3041,2021-01-24T22:16:10.880000+00:00,1.0,P
56,3286,2021-01-24T22:16:13.330000+00:00,1.0,S
57,3041,2021-01-24T22:16:10.880000+00:00,1.0,P
57,3286,2021-01-24T22:16:13.330000+00:00,1.0,S
58,3041,2021-01-24T22:16:10.880000+00:00,1.0,P
58,3286,2021-01-24T22:16:13.330000+00:00,1.0,S
59,3041,2021-01-24T22:16:10.880000+00:00,1.0,P
59,3286,2021-01-24T22:16:13.330000+00:00,1.0,S
60,3041,2021-01-24T22:16:10.880000+00:00,1.0,P
60,3285,2021-01-24T22:16:13.320000+00:00,1.0,S
61,3041,2021-01-24T22:16:10.880000+00:00,1.0,P
61,3285,2021-01-24T22:16:13.320000+00:00,1.0,S
62,3040,2021-01-24T22:16:10.870000+00:00,1.0,P
62,3285,2021-01-24T22:16:13.320000+00:00,1.0,S
63,3040,2021-01-24T22:16:10.870000+00:00,1.0,P
63,3285,2021-01-24T22:16:13.320000+00:00,1.0,S
64,3040,2021-01-24T22:16:10.870000+00:00,1.0,P
64,3285,2021-01-24T22:16:13.320000+00:00,1.0,S
65,3040,2021-01-24T22:16:10.870000+00:00,1.0,P
65,3285,2021-01-24T22:16:13.320000+00:00,1.0,S
66,3040,2021-01-24T22:16:10.870000+00:00,1.0,P
66,3285,2021-01-24T22:16:13.320000+00:00,1.0,S
67,3040,2021-01-24T22:16:10.870000+00:00,1.0,P
67,3284,2021-01-24T22:16:13.310000+00:00,1.0,S
68,3040,2021-01-24T22:16:10.870000+00:00,1.0,P
68,3284,2021-01-24T22:16:13.310000+00:00,1.0,S
69,3040,2021-01-24T22:16:10.870000+00:00,1.0,P
69,3284,2021-01-24T22:16:13.310000+00:00,1.0,S
70,3040,2021-01-24T22:16:10.870000+00:00,1.0,P
70,3284,2021-01-24T22:16:13.310000+00:00,1.0,S
71,3040,2021-01-24T22:16:10.870000+00:00,1.0,P
71,3284,2021-01-24T22:16:13.310000+00:00,1.0,S
72,3040,2021-01-24T22:16:10.870000+00:00,1.0,P
72,3284,2021-01-24T22:16:13.310000+00:00,1.0,S
73,3040,2021-01-24T22:16:10.870000+00:00,1.0,P
73,3284,2021-01-24T22:16:13.310000+00:00,1.0,S
74,3039,2021-01-24T22:16:10.860000+00:00,1.0,P
74,3284,2021-01-24T22:16:13.310000+00:00,1.0,S
75,3039,2021-01-24T22:16:10.860000+00:00,1.0,P
75,3284,2021-01-24T22:16:13.310000+00:00,1.0,S
76,3039,2021-01-24T22:16:10.860000+00:00,1.0,P
76,3284,2021-01-24T22:16:13.310000+00:00,1.0,S
77,3039,2021-01-24T22:16:10.860000+00:00,1.0,P
77,3284,2021-01-24T22:16:13.310000+00:00,1.0,S
78,3039,2021-01-24T22:16:10.860000+00:00,1.0,P
78,3284,2021-01-24T22:16:13.310000+00:00,1.0,S
79,3039,2021-01-24T22:16:10.860000+00:00,1.0,P
79,3283,2021-01-24T22:16:13.300000+00:00,1.0,S
80,3039,2021-01-24T22:16:10.860000+00:00,1.0,P
80,3283,2021-01-24T22:16:13.300000+00:00,1.0,S
81,3039,2021-01-24T22:16:10.860000+00:00,1.0,P
81,3283,2021-01-24T22:16:13.300000+00:00,1.0,S
82,3039,2021-01-24T22:16:10.860000+00:00,1.0,P
82,3283,2021-01-24T22:16:13.300000+00:00,1.0,S
83,3039,2021-01-24T22:16:10.860000+00:00,1.0,P
83,3283,2021-01-24T22:16:13.300000+00:00,1.0,S
84,3039,2021-01-24T22:16:10.860000+00:00,1.0,P
84,3283,2021-01-24T22:16:13.300000+00:00,1.0,S
85,3038,2021-01-24T22:16:10.850000+00:00,1.0,P
85,3283,2021-01-24T22:16:13.300000+00:00,1.0,S
86,3038,2021-01-24T22:16:10.850000+00:00,1.0,P
86,3283,2021-01-24T22:16:13.300000+00:00,1.0,S
87,3038,2021-01-24T22:16:10.850000+00:00,1.0,P
87,3283,2021-01-24T22:16:13.300000+00:00,1.0,S
88,3038,2021-01-24T22:16:10.850000+00:00,1.0,P
88,3283,2021-01-24T22:16:13.300000+00:00,1.0,S
89,3038,2021-01-24T22:16:10.850000+00:00,1.0,P
89,3283,2021-01-24T22:16:13.300000+00:00,1.0,S
90,3038,2021-01-24T22:16:10.850000+00:00,1.0,P
90,3283,2021-01-24T22:16:13.300000+00:00,1.0,S
91,3038,2021-01-24T22:16:10.850000+00:00,1.0,P
91,3283,2021-01-24T22:16:13.300000+00:00,1.0,S
92,3038,2021-01-24T22:16:10.850000+00:00,1.0,P
92,3283,2021-01-24T22:16:13.300000+00:00,1.0,S
93,3038,2021-01-24T22:16:10.850000+00:00,1.0,P
93,3283,2021-01-24T22:16:13.300000+00:00,1.0,S
94,3038,2021-01-24T22:16:10.850000+00:00,1.0,P
94,3283,2021-01-24T22:16:13.300000+00:00,1.0,S
95,3037,2021-01-24T22:16:10.840000+00:00,1.0,P
95,3283,2021-01-24T22:16:13.300000+00:00,1.0,S
96,3037,2021-01-24T22:16:10.840000+00:00,1.0,P
96,3283,2021-01-24T22:16:13.300000+00:00,1.0,S
97,3037,2021-01-24T22:16:10.840000+00:00,1.0,P
97,3283,2021-01-24T22:16:13.300000+00:00,1.0,S
98,3037,2021-01-24T22:16:10.840000+00:00,1.0,P
98,3283,2021-01-24T22:16:13.300000+00:00,1.0,S
99,3037,2021-01-24T22:16:10.840000+00:00,1.0,P
99,3283,2021-01-24T22:16:13.300000+00:00,1.0,S
100,3037,2021-01-24T22:16:10.840000+00:00,1.0,P
100,3283,2021-01-24T22:16:13.300000+00:00,1.0,S
101,3037,2021-01-24T22:16:10.840000+00:00,1.0,P
101,3283,2021-01-24T22:16:13.300000+00:00,1.0,S
102,3037,2021-01-24T22:16:10.840000+00:00,1.0,P
102,3283,2021-01-24T22:16:13.300000+00:00,1.0,S
103,3037,2021-01-24T22:16:10.840000+00:00,1.0,P
103,3283,2021-01-24T22:16:13.300000+00:00,1.0,S
104,3037,2021-01-24T22:16:10.840000+00:00,1.0,P
104,3283,2021-01-24T22:16:13.300000+00:00,1.0,S
105,3036,2021-01-24T22:16:10.830000+00:00,1.0,P
105,3283,2021-01-24T22:16:13.300000+00:00,1.0,S
106,3036,2021-01-24T22:16:10.830000+00:00,1.0,P
106,3282,2021-01-24T22:16:13.290000+00:00,1.0,S
107,3036,2021-01-24T22:16:10.830000+00:00,1.0,P
107,3282,2021-01-24T22:16:13.290000+00:00,1.0,S
108,3036,2021-01-24T22:16:10.830000+00:00,1.0,P
108,3282,2021-01-24T22:16:13.290000+00:00,1.0,S
109,3036,2021-01-24T22:16:10.830000+00:00,1.0,P
109,3282,2021-01-24T22:16:13.290000+00:00,1.0,S
110,3036,2021-01-24T22:16:10.830000+00:00,1.0,P
110,3282,2021-01-24T22:16:13.290000+00:00,1.0,S
111,3036,2021-01-24T22:16:10.830000+00:00,1.0,P
111,3282,2021-01-24T22:16:13.290000+00:00,1.0,S
112,3036,2021-01-24T22:16:10.830000+00:00,1.0,P
112,3282,2021-01-24T22:16:13.290000+00:00,1.0,S
113,3035,2021-01-24T22:16:10.820000+00:00,1.0,P
113,3281,2021-01-24T22:16:13.280000+00:00,1.0,S
114,3035,2021-01-24T22:16:10.820000+00:00,1.0,P
114,3281,2021-01-24T22:16:13.280000+00:00,1.0,S
115,3035,2021-01-24T22:16:10.820000+00:00,1.0,P
115,3281,2021-01-24T22:16:13.280000+00:00,1.0,S
116,3035,2021-01-24T22:16:10.820000+00:00,1.0,P
116,3281,2021-01-24T22:16:13.280000+00:00,1.0,S
117,3035,2021-01-24T22:16:10.820000+00:00,1.0,P
117,3281,2021-01-24T22:16:13.280000+00:00,1.0,S
118,3035,2021-01-24T22:16:10.820000+00:00,1.0,P
118,3281,2021-01-24T22:16:13.280000+00:00,1.0,S
119,3035,2021-01-24T22:16:10.820000+00:00,1.0,P
119,3281,2021-01-24T22:16:13.280000+00:00,1.0,S
120,3034,2021-01-24T22:16:10.810000+00:00,1.0,P
120,3280,2021-01-24T22:16:13.269999+00:00,1.0,S
121,3034,2021-01-24T22:16:10.810000+00:00,1.0,P
121,3280,2021-01-24T22:16:13.269999+00:00,1.0,S
122,3034,2021-01-24T22:16:10.810000+00:00,1.0,P
122,3280,2021-01-24T22:16:13.269999+00:00,1.0,S
123,3034,2021-01-24T22:16:10.810000+00:00,1.0,P
123,3280,2021-01-24T22:16:13.269999+00:00,1.0,S
124,3034,2021-01-24T22:16:10.810000+00:00,1.0,P
124,3280,2021-01-24T22:16:13.269999+00:00,1.0,S
125,3034,2021-01-24T22:16:10.810000+00:00,1.0,P
125,3280,2021-01-24T22:16:13.269999+00:00,1.0,S
126,3034,2021-01-24T22:16:10.810000+00:00,1.0,P
126,3280,2021-01-24T22:16:13.269999+00:00,1.0,S
127,3033,2021-01-24T22:16:10.800000+00:00,1.0,P
127,3279,2021-01-24T22:16:13.260000+00:00,1.0,S
128,3033,2021-01-24T22:16:10.800000+00:00,1.0,P
128,3279,2021-01-24T22:16:13.260000+00:00,1.0,S
129,3033,2021-01-24T22:16:10.800000+00:00,1.0,P
129,3279,2021-01-24T22:16:13.260000+00:00,1.0,S
130,3033,2021-01-24T22:16:10.800000+00:00,1.0,P
130,3279,2021-01-24T22:16:13.260000+00:00,1.0,S
131,3033,2021-01-24T22:16:10.800000+00:00,1.0,P
131,3279,2021-01-24T22:16:13.260000+00:00,1.0,S
132,3033,2021-01-24T22:16:10.800000+00:00,1.0,P
132,3278,2021-01-24T22:16:13.250000+00:00,1.0,S
133,3033,2021-01-24T22:16:10.800000+00:00,1.0,P
133,3278,2021-01-24T22:16:13.250000+00:00,1.0,S
134,3032,2021-01-24T22:16:10.790000+00:00,1.0,P
134,3278,2021-01-24T22:16:13.250000+00:00,1.0,S
135,3032,2021-01-24T22:16:10.790000+00:00,1.0,P
135,3278,2021-01-24T22:16:13.250000+00:00,1.0,S
136,3032,2021-01-24T22:16:10.790000+00:00,1.0,P
136,3278,2021-01-24T22:16:13.250000+00:00,1.0,S
137,3032,2021-01-24T22:16:10.790000+00:00,1.0,P
137,3277,2021-01-24T22:16:13.240000+00:00,1.0,S
138,3032,2021-01-24T22:16:10.790000+00:00,1.0,P
138,3277,2021-01-24T22:16:13.240000+00:00,1.0,S
139,3032,2021-01-24T22:16:10.790000+00:00,1.0,P
139,3277,2021-01-24T22:16:13.240000+00:00,1.0,S
140,3031,2021-01-24T22:16:10.780000+00:00,1.0,P
140,3277,2021-01-24T22:16:13.240000+00:00,1.0,S
141,3031,2021-01-24T22:16:10.780000+00:00,1.0,P
141,3276,2021-01-24T22:16:13.229999+00:00,1.0,S
142,3031,2021-01-24T22:16:10.780000+00:00,1.0,P
142,3276,2021-01-24T22:16:13.229999+00:00,1.0,S
143,3031,2021-01-24T22:16:10.780000+00:00,1.0,P
143,3276,2021-01-24T22:16:13.229999+00:00,1.0,S
144,3031,2021-01-24T22:16:10.780000+00:00,1.0,P
144,3276,2021-01-24T22:16:13.229999+00:00,1.0,S
145,3031,2021-01-24T22:16:10.780000+00:00,1.0,P
145,3276,2021-01-24T22:16:13.229999+00:00,1.0,S
146,3031,2021-01-24T22:16:10.780000+00:00,1.0,P
146,3275,2021-01-24T22:16:13.220000+00:00,1.0,S
147,3030,2021-01-24T22:16:10.770000+00:00,1.0,P
147,3275,2021-01-24T22:16:13.220000+00:00,1.0,S
148,3030,2021-01-24T22:16:10.770000+00:00,1.0,P
148,3275,2021-01-24T22:16:13.220000+00:00,1.0,S
149,3030,2021-01-24T22:16:10.770000+00:00,1.0,P
149,3275,2021-01-24T22:16:13.220000+00:00,1.0,S
150,3030,2021-01-24T22:16:10.770000+00:00,1.0,P
150,3275,2021-01-24T22:16:13.220000+00:00,1.0,S
151,3030,2021-01-24T22:16:10.770000+00:00,1.0,P
151,3274,2021-01-24T22:16:13.210000+00:00,1.0,S
152,3030,2021-01-24T22:16:10.770000+00:00,1.0,P
152,3274,2021-01-24T22:16:13.210000+00:00,1.0,S
153,3029,2021-01-24T22:16:10.760000+00:00,1.0,P
153,3274,2021-01-24T22:16:13.210000+00:00,1.0,S
154,3029,2021-01-24T22:16:10.760000+00:00,1.0,P
154,3274,2021-01-24T22:16:13.210000+00:00,1.0,S
155,3029,2021-01-24T22:16:10.760000+00:00,1.0,P
155,3273,2021-01-24T22:16:13.200000+00:00,1.0,S
156,3029,2021-01-24T22:16:10.760000+00:00,1.0,P
156,3273,2021-01-24T22:16:13.200000+00:00,1.0,S
157,3029,2021-01-24T22:16:10.760000+00:00,1.0,P
157,3273,2021-01-24T22:16:13.200000+00:00,1.0,S
158,3029,2021-01-24T22:16:10.760000+00:00,1.0,P
158,3273,2021-01-24T22:16:13.200000+00:00,1.0,S
159,3028,2021-01-24T22:16:10.750000+00:00,1.0,P
159,3273,2021-01-24T22:16:13.200000+00:00,1.0,S
160,3028,2021-01-24T22:16:10.750000+00:00,1.0,P
160,3272,2021-01-24T22:16:13.190000+00:00,1.0,S
161,3028,2021-01-24T22:16:10.750000+00:00,1.0,P
161,3272,2021-01-24T22:16:13.190000+00:00,1.0,S
162,3028,2021-01-24T22:16:10.750000+00:00,1.0,P
162,3272,2021-01-24T22:16:13.190000+00:00,1.0,S
163,3028,2021-01-24T22:16:10.750000+00:00,1.0,P
163,3272,2021-01-24T22:16:13.190000+00:00,1.0,S
164,3028,2021-01-24T22:16:10.750000+00:00,1.0,P
164,3272,2021-01-24T22:16:13.190000+00:00,1.0,S
165,3028,2021-01-24T22:16:10.750000+00:00,1.0,P
165,3272,2021-01-24T22:16:13.190000+00:00,1.0,S
166,3027,2021-01-24T22:16:10.740000+00:00,1.0,P
166,3272,2021-01-24T22:16:13.190000+00:00,1.0,S
167,3027,2021-01-24T22:16:10.740000+00:00,1.0,P
167,3271,2021-01-24T22:16:13.180000+00:00,1.0,S
168,3027,2021-01-24T22:16:10.740000+00:00,1.0,P
168,3271,2021-01-24T22:16:13.180000+00:00,1.0,S
169,3027,2021-01-24T22:16:10.740000+00:00,1.0,P
169,3271,2021-01-24T22:16:13.180000+00:00,1.0,S
170,3027,2021-01-24T22:16:10.740000+00:00,1.0,P
170,3271,2021-01-24T22:16:13.180000+00:00,1.0,S
171,3027,2021-01-24T22:16:10.740000+00:00,1.0,P
171,3271,2021-01-24T22:16:13.180000+00:00,1.0,S
172,3027,2021-01-24T22:16:10.740000+00:00,1.0,P
172,3271,2021-01-24T22:16:13.180000+00:00,1.0,S
173,3026,2021-01-24T22:16:10.730000+00:00,1.0,P
173,3271,2021-01-24T22:16:13.180000+00:00,1.0,S
174,3026,2021-01-24T22:16:10.730000+00:00,1.0,P
174,3271,2021-01-24T22:16:13.180000+00:00,1.0,S
175,3026,2021-01-24T22:16:10.730000+00:00,1.0,P
175,3271,2021-01-24T22:16:13.180000+00:00,1.0,S
176,3026,2021-01-24T22:16:10.730000+00:00,1.0,P
176,3271,2021-01-24T22:16:13.180000+00:00,1.0,S
177,3026,2021-01-24T22:16:10.730000+00:00,1.0,P
177,3270,2021-01-24T22:16:13.170000+00:00,1.0,S
178,3025,2021-01-24T22:16:10.720000+00:00,1.0,P
178,3270,2021-01-24T22:16:13.170000+00:00,1.0,S
179,3025,2021-01-24T22:16:10.720000+00:00,1.0,P
179,3270,2021-01-24T22:16:13.170000+00:00,1.0,S
180,3025,2021-01-24T22:16:10.720000+00:00,1.0,P
180,3270,2021-01-24T22:16:13.170000+00:00,1.0,S
181,3025,2021-01-24T22:16:10.720000+00:00,1.0,P
181,3270,2021-01-24T22:16:13.170000+00:00,1.0,S
182,3025,2021-01-24T22:16:10.720000+00:00,1.0,P
182,3270,2021-01-24T22:16:13.170000+00:00,1.0,S
183,3025,2021-01-24T22:16:10.720000+00:00,1.0,P
183,3269,2021-01-24T22:16:13.159999+00:00,1.0,S
184,3024,2021-01-24T22:16:10.710000+00:00,1.0,P
184,3269,2021-01-24T22:16:13.159999+00:00,1.0,S
185,3024,2021-01-24T22:16:10.710000+00:00,1.0,P
185,3269,2021-01-24T22:16:13.159999+00:00,1.0,S
186,3024,2021-01-24T22:16:10.710000+00:00,1.0,P
186,3269,2021-01-24T22:16:13.159999+00:00,1.0,S
187,3024,2021-01-24T22:16:10.710000+00:00,1.0,P
187,3268,2021-01-24T22:16:13.150000+00:00,1.0,S
188,3024,2021-01-24T22:16:10.710000+00:00,1.0,P
188,3268,2021-01-24T22:16:13.150000+00:00,1.0,S
189,3024,2021-01-24T22:16:10.710000+00:00,1.0,P
189,3268,2021-01-24T22:16:13.150000+00:00,1.0,S
190,3024,2021-01-24T22:16:10.710000+00:00,1.0,P
190,3267,2021-01-24T22:16:13.140000+00:00,1.0,S
191,3023,2021-01-24T22:16:10.700000+00:00,1.0,P
191,3267,2021-01-24T22:16:13.140000+00:00,1.0,S
192,3023,2021-01-24T22:16:10.700000+00:00,1.0,P
192,3267,2021-01-24T22:16:13.140000+00:00,1.0,S
193,3023,2021-01-24T22:16:10.700000+00:00,1.0,P
193,3267,2021-01-24T22:16:13.140000+00:00,1.0,S
194,3023,2021-01-24T22:16:10.700000+00:00,1.0,P
194,3267,2021-01-24T22:16:13.140000+00:00,1.0,S
195,3023,2021-01-24T22:16:10.700000+00:00,1.0,P
195,3267,2021-01-24T22:16:13.140000+00:00,1.0,S
196,3023,2021-01-24T22:16:10.700000+00:00,1.0,P
196,3267,2021-01-24T22:16:13.140000+00:00,1.0,S
197,3022,2021-01-24T22:16:10.690000+00:00,1.0,P
197,3267,2021-01-24T22:16:13.140000+00:00,1.0,S
198,3022,2021-01-24T22:16:10.690000+00:00,1.0,P
198,3267,2021-01-24T22:16:13.140000+00:00,1.0,S
199,3022,2021-01-24T22:16:10.690000+00:00,1.0,P
199,3267,2021-01-24T22:16:13.140000+00:00,1.0,S
200,3022,2021-01-24T22:16:10.690000+00:00,1.0,P
200,3266,2021-01-24T22:16:13.130000+00:00,1.0,S
201,3022,2021-01-24T22:16:10.690000+00:00,1.0,P
201,3266,2021-01-24T22:16:13.130000+00:00,1.0,S
202,3022,2021-01-24T22:16:10.690000+00:00,1.0,P
202,3266,2021-01-24T22:16:13.130000+00:00,1.0,S
203,3022,2021-01-24T22:16:10.690000+00:00,1.0,P
203,3266,2021-01-24T22:16:13.130000+00:00,1.0,S
204,3022,2021-01-24T22:16:10.690000+00:00,1.0,P
204,3266,2021-01-24T22:16:13.130000+00:00,1.0,S
205,3021,2021-01-24T22:16:10.680000+00:00,1.0,P
205,3265,2021-01-24T22:16:13.120000+00:00,1.0,S
206,3021,2021-01-24T22:16:10.680000+00:00,1.0,P
206,3265,2021-01-24T22:16:13.120000+00:00,1.0,S
207,3021,2021-01-24T22:16:10.680000+00:00,1.0,P
207,3265,2021-01-24T22:16:13.120000+00:00,1.0,S
208,3021,2021-01-24T22:16:10.680000+00:00,1.0,P
208,3265,2021-01-24T22:16:13.120000+00:00,1.0,S
209,3021,2021-01-24T22:16:10.680000+00:00,1.0,P
209,3265,2021-01-24T22:16:13.120000+00:00,1.0,S
210,3021,2021-01-24T22:16:10.680000+00:00,1.0,P
210,3265,2021-01-24T22:16:13.120000+00:00,1.0,S
211,3021,2021-01-24T22:16:10.680000+00:00,1.0,P
211,3265,2021-01-24T22:16:13.120000+00:00,1.0,S
212,3021,2021-01-24T22:16:10.680000+00:00,1.0,P
212,3265,2021-01-24T22:16:13.120000+00:00,1.0,S
213,3021,2021-01-24T22:16:10.680000+00:00,1.0,P
213,3264,2021-01-24T22:16:13.110000+00:00,1.0,S
214,3021,2021-01-24T22:16:10.680000+00:00,1.0,P
214,3264,2021-01-24T22:16:13.110000+00:00,1.0,S
215,3020,2021-01-24T22:16:10.670000+00:00,1.0,P
215,3264,2021-01-24T22:16:13.110000+00:00,1.0,S
216,3020,2021-01-24T22:16:10.670000+00:00,1.0,P
216,3264,2021-01-24T22:16:13.110000+00:00,1.0,S
217,3020,2021-01-24T22:16:10.670000+00:00,1.0,P
217,3264,2021-01-24T22:16:13.110000+00:00,1.0,S
218,3020,2021-01-24T22:16:10.670000+00:00,1.0,P
218,3263,2021-01-24T22:16:13.100000+00:00,1.0,S
219,3020,2021-01-24T22:16:10.670000+00:00,1.0,P
219,3263,2021-01-24T22:16:13.100000+00:00,1.0,S
220,3020,2021-01-24T22:16:10.670000+00:00,1.0,P
220,3263,2021-01-24T22:16:13.100000+00:00,1.0,S
221,3020,2021-01-24T22:16:10.670000+00:00,1.0,P
221,3263,2021-01-24T22:16:13.100000+00:00,1.0,S
222,3020,2021-01-24T22:16:10.670000+00:00,1.0,P
222,3262,2021-01-24T22:16:13.089999+00:00,1.0,S
223,3020,2021-01-24T22:16:10.670000+00:00,1.0,P
223,3262,2021-01-24T22:16:13.089999+00:00,1.0,S
224,3020,2021-01-24T22:16:10.670000+00:00,1.0,P
224,3262,2021-01-24T22:16:13.089999+00:00,1.0,S
225,3019,2021-01-24T22:16:10.660000+00:00,1.0,P
225,3262,2021-01-24T22:16:13.089999+00:00,1.0,S
226,3019,2021-01-24T22:16:10.660000+00:00,1.0,P
226,3261,2021-01-24T22:16:13.080000+00:00,1.0,S
227,3019,2021-01-24T22:16:10.660000+00:00,1.0,P
227,3261,2021-01-24T22:16:13.080000+00:00,1.0,S
228,3019,2021-01-24T22:16:10.660000+00:00,1.0,P
228,3261,2021-01-24T22:16:13.080000+00:00,1.0,S
229,3019,2021-01-24T22:16:10.660000+00:00,1.0,P
229,3261,2021-01-24T22:16:13.080000+00:00,1.0,S
230,3019,2021-01-24T22:16:10.660000+00:00,1.0,P
230,3261,2021-01-24T22:16:13.080000+00:00,1.0,S
231,3019,2021-01-24T22:16:10.660000+00:00,1.0,P
231,3261,2021-01-24T22:16:13.080000+00:00,1.0,S
232,3019,2021-01-24T22:16:10.660000+00:00,1.0,P
232,3261,2021-01-24T22:16:13.080000+00:00,1.0,S
233,3018,2021-01-24T22:16:10.650000+00:00,1.0,P
233,3260,2021-01-24T22:16:13.070000+00:00,1.0,S
234,3018,2021-01-24T22:16:10.650000+00:00,1.0,P
234,3260,2021-01-24T22:16:13.070000+00:00,1.0,S
235,3018,2021-01-24T22:16:10.650000+00:00,1.0,P
235,3260,2021-01-24T22:16:13.070000+00:00,1.0,S
236,3018,2021-01-24T22:16:10.650000+00:00,1.0,P
236,3260,2021-01-24T22:16:13.070000+00:00,1.0,S
237,3018,2021-01-24T22:16:10.650000+00:00,1.0,P
237,3260,2021-01-24T22:16:13.070000+00:00,1.0,S
238,3018,2021-01-24T22:16:10.650000+00:00,1.0,P
238,3259,2021-01-24T22:16:13.060000+00:00,1.0,S
239,3018,2021-01-24T22:16:10.650000+00:00,1.0,P
239,3259,2021-01-24T22:16:13.060000+00:00,1.0,S
240,3018,2021-01-24T22:16:10.650000+00:00,1.0,P
240,3259,2021-01-24T22:16:13.060000+00:00,1.0,S
241,3018,2021-01-24T22:16:10.650000+00:00,1.0,P
241,3259,2021-01-24T22:16:13.060000+00:00,1.0,S
242,3018,2021-01-24T22:16:10.650000+00:00,1.0,P
242,3259,2021-01-24T22:16:13.060000+00:00,1.0,S
243,3017,2021-01-24T22:16:10.640000+00:00,1.0,P
243,3258,2021-01-24T22:16:13.050000+00:00,1.0,S
244,3017,2021-01-24T22:16:10.640000+00:00,1.0,P
244,3258,2021-01-24T22:16:13.050000+00:00,1.0,S
245,3017,2021-01-24T22:16:10.640000+00:00,1.0,P
245,3258,2021-01-24T22:16:13.050000+00:00,1.0,S
246,3017,2021-01-24T22:16:10.640000+00:00,1.0,P
246,3258,2021-01-24T22:16:13.050000+00:00,1.0,S
247,3017,2021-01-24T22:16:10.640000+00:00,1.0,P
247,3258,2021-01-24T22:16:13.050000+00:00,1.0,S
248,3017,2021-01-24T22:16:10.640000+00:00,1.0,P
248,3257,2021-01-24T22:16:13.040000+00:00,1.0,S
249,3017,2021-01-24T22:16:10.640000+00:00,1.0,P
249,3257,2021-01-24T22:16:13.040000+00:00,1.0,S
250,3017,2021-01-24T22:16:10.640000+00:00,1.0,P
250,3257,2021-01-24T22:16:13.040000+00:00,1.0,S
251,3017,2021-01-24T22:16:10.640000+00:00,1.0,P
251,3257,2021-01-24T22:16:13.040000+00:00,1.0,S
252,3017,2021-01-24T22:16:10.640000+00:00,1.0,P
252,3257,2021-01-24T22:16:13.040000+00:00,1.0,S
253,3016,2021-01-24T22:16:10.630000+00:00,1.0,P
253,3256,2021-01-24T22:16:13.030000+00:00,1.0,S
254,3016,2021-01-24T22:16:10.630000+00:00,1.0,P
254,3256,2021-01-24T22:16:13.030000+00:00,1.0,S
255,3016,2021-01-24T22:16:10.630000+00:00,1.0,P
255,3256,2021-01-24T22:16:13.030000+00:00,1.0,S
256,3016,2021-01-24T22:16:10.630000+00:00,1.0,P
256,3256,2021-01-24T22:16:13.030000+00:00,1.0,S
257,3016,2021-01-24T22:16:10.630000+00:00,1.0,P
257,3256,2021-01-24T22:16:13.030000+00:00,1.0,S
258,3016,2021-01-24T22:16:10.630000+00:00,1.0,P
258,3255,2021-01-24T22:16:13.019999+00:00,1.0,S
259,3016,2021-01-24T22:16:10.630000+00:00,1.0,P
259,3255,2021-01-24T22:16:13.019999+00:00,1.0,S
260,3016,2021-01-24T22:16:10.630000+00:00,1.0,P
260,3255,2021-01-24T22:16:13.019999+00:00,1.0,S
261,3016,2021-01-24T22:16:10.630000+00:00,1.0,P
261,3255,2021-01-24T22:16:13.019999+00:00,1.0,S
262,3016,2021-01-24T22:16:10.630000+00:00,1.0,P
262,3255,2021-01-24T22:16:13.019999+00:00,1.0,S
263,3016,2021-01-24T22:16:10.630000+00:00,1.0,P
263,3255,2021-01-24T22:16:13.019999+00:00,1.0,S
264,3016,2021-01-24T22:16:10.630000+00:00,1.0,P
264,3254,2021-01-24T22:16:13.010000+00:00,1.0,S
265,3015,2021-01-24T22:16:10.620000+00:00,1.0,P
265,3254,2021-01-24T22:16:13.010000+00:00,1.0,S
266,3015,2021-01-24T22:16:10.620000+00:00,1.0,P
266,3254,2021-01-24T22:16:13.010000+00:00,1.0,S
267,3015,2021-01-24T22:16:10.620000+00:00,1.0,P
267,3254,2021-01-24T22:16:13.010000+00:00,1.0,S
268,3015,2021-01-24T22:16:10.620000+00:00,1.0,P
268,3254,2021-01-24T22:16:13.010000+00:00,1.0,S
269,3015,2021-01-24T22:16:10.620000+00:00,1.0,P
269,3254,2021-01-24T22:16:13.010000+00:00,1.0,S
270,3015,2021-01-24T22:16:10.620000+00:00,1.0,P
270,3253,2021-01-24T22:16:13+00:00,1.0,S
271,3015,2021-01-24T22:16:10.620000+00:00,1.0,P
271,3253,2021-01-24T22:16:13+00:00,1.0,S
272,3015,2021-01-24T22:16:10.620000+00:00,1.0,P
272,3253,2021-01-24T22:16:13+00:00,1.0,S
273,3015,2021-01-24T22:16:10.620000+00:00,1.0,P
273,3253,2021-01-24T22:16:13+00:00,1.0,S
274,3015,2021-01-24T22:16:10.620000+00:00,1.0,P
274,3253,2021-01-24T22:16:13+00:00,1.0,S
275,3015,2021-01-24T22:16:10.620000+00:00,1.0,P
275,3252,2021-01-24T22:16:12.990000+00:00,1.0,S
276,3015,2021-01-24T22:16:10.620000+00:00,1.0,P
276,3252,2021-01-24T22:16:12.990000+00:00,1.0,S
277,3015,2021-01-24T22:16:10.620000+00:00,1.0,P
277,3252,2021-01-24T22:16:12.990000+00:00,1.0,S
278,3014,2021-01-24T22:16:10.610000+00:00,1.0,P
278,3252,2021-01-24T22:16:12.990000+00:00,1.0,S
279,3014,2021-01-24T22:16:10.610000+00:00,1.0,P
279,3252,2021-01-24T22:16:12.990000+00:00,1.0,S
280,3014,2021-01-24T22:16:10.610000+00:00,1.0,P
280,3252,2021-01-24T22:16:12.990000+00:00,1.0,S
281,3014,2021-01-24T22:16:10.610000+00:00,1.0,P
281,3251,2021-01-24T22:16:12.979999+00:00,1.0,S
282,3014,2021-01-24T22:16:10.610000+00:00,1.0,P
282,3251,2021-01-24T22:16:12.979999+00:00,1.0,S
283,3014,2021-01-24T22:16:10.610000+00:00,1.0,P
283,3251,2021-01-24T22:16:12.979999+00:00,1.0,S
284,3014,2021-01-24T22:16:10.610000+00:00,1.0,P
284,3251,2021-01-24T22:16:12.979999+00:00,1.0,S
285,3014,2021-01-24T22:16:10.610000+00:00,1.0,P
285,3250,2021-01-24T22:16:12.970000+00:00,1.0,S
286,3014,2021-01-24T22:16:10.610000+00:00,1.0,P
286,3250,2021-01-24T22:16:12.970000+00:00,1.0,S
287,3014,2021-01-24T22:16:10.610000+00:00,1.0,P
287,3250,2021-01-24T22:16:12.970000+00:00,1.0,S
288,3014,2021-01-24T22:16:10.610000+00:00,1.0,P
288,3250,2021-01-24T22:16:12.970000+00:00,1.0,S
289,3014,2021-01-24T22:16:10.610000+00:00,1.0,P
289,3249,2021-01-24T22:16:12.960000+00:00,1.0,S
290,3014,2021-01-24T22:16:10.610000+00:00,1.0,P
290,3249,2021-01-24T22:16:12.960000+00:00,1.0,S
291,3014,2021-01-24T22:16:10.610000+00:00,1.0,P
291,3249,2021-01-24T22:16:12.960000+00:00,1.0,S
292,3014,2021-01-24T22:16:10.610000+00:00,1.0,P
292,3249,2021-01-24T22:16:12.960000+00:00,1.0,S
293,3014,2021-01-24T22:16:10.610000+00:00,1.0,P
293,3248,2021-01-24T22:16:12.950000+00:00,1.0,S
294,3014,2021-01-24T22:16:10.610000+00:00,1.0,P
294,3248,2021-01-24T22:16:12.950000+00:00,1.0,S
295,3014,2021-01-24T22:16:10.610000+00:00,1.0,P
295,3248,2021-01-24T22:16:12.950000+00:00,1.0,S
296,3014,2021-01-24T22:16:10.610000+00:00,1.0,P
296,3248,2021-01-24T22:16:12.950000+00:00,1.0,S
297,3014,2021-01-24T22:16:10.610000+00:00,1.0,P
297,3247,2021-01-24T22:16:12.940000+00:00,1.0,S
298,3014,2021-01-24T22:16:10.610000+00:00,1.0,P
298,3247,2021-01-24T22:16:12.940000+00:00,1.0,S
299,3014,2021-01-24T22:16:10.610000+00:00,1.0,P
299,3247,2021-01-24T22:16:12.940000+00:00,1.0,S
300,3014,2021-01-24T22:16:10.610000+00:00,1.0,P
300,3247,2021-01-24T22:16:12.940000+00:00,1.0,S
301,3014,2021-01-24T22:16:10.610000+00:00,1.0,P
301,3247,2021-01-24T22:16:12.940000+00:00,1.0,S
302,3013,2021-01-24T22:16:10.600000+00:00,1.0,P
302,3246,2021-01-24T22:16:12.930000+00:00,1.0,S
303,3013,2021-01-24T22:16:10.600000+00:00,1.0,P
303,3246,2021-01-24T22:16:12.930000+00:00,1.0,S
304,3013,2021-01-24T22:16:10.600000+00:00,1.0,P
304,3246,2021-01-24T22:16:12.930000+00:00,1.0,S
305,3013,2021-01-24T22:16:10.600000+00:00,1.0,P
305,3246,2021-01-24T22:16:12.930000+00:00,1.0,S
306,3013,2021-01-24T22:16:10.600000+00:00,1.0,P
306,3245,2021-01-24T22:16:12.920000+00:00,1.0,S
307,3013,2021-01-24T22:16:10.600000+00:00,1.0,P
307,3245,2021-01-24T22:16:12.920000+00:00,1.0,S
308,3013,2021-01-24T22:16:10.600000+00:00,1.0,P
308,3245,2021-01-24T22:16:12.920000+00:00,1.0,S
309,3013,2021-01-24T22:16:10.600000+00:00,1.0,P
309,3245,2021-01-24T22:16:12.920000+00:00,1.0,S
310,3013,2021-01-24T22:16:10.600000+00:00,1.0,P
310,3244,2021-01-24T22:16:12.909999+00:00,1.0,S
311,3013,2021-01-24T22:16:10.600000+00:00,1.0,P
311,3244,2021-01-24T22:16:12.909999+00:00,1.0,S
312,3013,2021-01-24T22:16:10.600000+00:00,1.0,P
312,3244,2021-01-24T22:16:12.909999+00:00,1.0,S
313,3013,2021-01-24T22:16:10.600000+00:00,1.0,P
313,3244,2021-01-24T22:16:12.909999+00:00,1.0,S
314,3013,2021-01-24T22:16:10.600000+00:00,1.0,P
314,3243,2021-01-24T22:16:12.900000+00:00,1.0,S
315,3013,2021-01-24T22:16:10.600000+00:00,1.0,P
315,3243,2021-01-24T22:16:12.900000+00:00,1.0,S
316,3013,2021-01-24T22:16:10.600000+00:00,1.0,P
316,3243,2021-01-24T22:16:12.900000+00:00,1.0,S
317,3013,2021-01-24T22:16:10.600000+00:00,1.0,P
317,3243,2021-01-24T22:16:12.900000+00:00,1.0,S
318,3013,2021-01-24T22:16:10.600000+00:00,1.0,P
318,3243,2021-01-24T22:16:12.900000+00:00,1.0,S
319,3013,2021-01-24T22:16:10.600000+00:00,1.0,P
319,3242,2021-01-24T22:16:12.890000+00:00,1.0,S
320,3013,2021-01-24T22:16:10.600000+00:00,1.0,P
320,3242,2021-01-24T22:16:12.890000+00:00,1.0,S
321,3013,2021-01-24T22:16:10.600000+00:00,1.0,P
321,3242,2021-01-24T22:16:12.890000+00:00,1.0,S
322,3013,2021-01-24T22:16:10.600000+00:00,1.0,P
322,3242,2021-01-24T22:16:12.890000+00:00,1.0,S
323,3013,2021-01-24T22:16:10.600000+00:00,1.0,P
323,3242,2021-01-24T22:16:12.890000+00:00,1.0,S
324,3013,2021-01-24T22:16:10.600000+00:00,1.0,P
324,3242,2021-01-24T22:16:12.890000+00:00,1.0,S
325,3013,2021-01-24T22:16:10.600000+00:00,1.0,P
325,3241,2021-01-24T22:16:12.880000+00:00,1.0,S
326,3013,2021-01-24T22:16:10.600000+00:00,1.0,P
326,3241,2021-01-24T22:16:12.880000+00:00,1.0,S
327,3013,2021-01-24T22:16:10.600000+00:00,1.0,P
327,3241,2021-01-24T22:16:12.880000+00:00,1.0,S
328,3013,2021-01-24T22:16:10.600000+00:00,1.0,P
328,3241,2021-01-24T22:16:12.880000+00:00,1.0,S
329,3013,2021-01-24T22:16:10.600000+00:00,1.0,P
329,3241,2021-01-24T22:16:12.880000+00:00,1.0,S
330,3013,2021-01-24T22:16:10.600000+00:00,1.0,P
330,3241,2021-01-24T22:16:12.880000+00:00,1.0,S
331,3013,2021-01-24T22:16:10.600000+00:00,1.0,P
331,3241,2021-01-24T22:16:12.880000+00:00,1.0,S
332,3013,2021-01-24T22:16:10.600000+00:00,1.0,P
332,3241,2021-01-24T22:16:12.880000+00:00,1.0,S
333,3013,2021-01-24T22:16:10.600000+00:00,1.0,P
333,3240,2021-01-24T22:16:12.870000+00:00,1.0,S
334,3013,2021-01-24T22:16:10.600000+00:00,1.0,P
334,3240,2021-01-24T22:16:12.870000+00:00,1.0,S
335,3013,2021-01-24T22:16:10.600000+00:00,1.0,P
335,3240,2021-01-24T22:16:12.870000+00:00,1.0,S
336,3013,2021-01-24T22:16:10.600000+00:00,1.0,P
336,3240,2021-01-24T22:16:12.870000+00:00,1.0,S
337,3013,2021-01-24T22:16:10.600000+00:00,1.0,P
337,3240,2021-01-24T22:16:12.870000+00:00,1.0,S
338,3013,2021-01-24T22:16:10.600000+00:00,1.0,P
338,3240,2021-01-24T22:16:12.870000+00:00,1.0,S
339,3013,2021-01-24T22:16:10.600000+00:00,1.0,P
339,3240,2021-01-24T22:16:12.870000+00:00,1.0,S
340,3013,2021-01-24T22:16:10.600000+00:00,1.0,P
340,3240,2021-01-24T22:16:12.870000+00:00,1.0,S
341,3013,2021-01-24T22:16:10.600000+00:00,1.0,P
341,3240,2021-01-24T22:16:12.870000+00:00,1.0,S
342,3013,2021-01-24T22:16:10.600000+00:00,1.0,P
342,3240,2021-01-24T22:16:12.870000+00:00,1.0,S
343,3013,2021-01-24T22:16:10.600000+00:00,1.0,P
343,3239,2021-01-24T22:16:12.860000+00:00,1.0,S
344,3013,2021-01-24T22:16:10.600000+00:00,1.0,P
344,3239,2021-01-24T22:16:12.860000+00:00,1.0,S
345,3013,2021-01-24T22:16:10.600000+00:00,1.0,P
345,3239,2021-01-24T22:16:12.860000+00:00,1.0,S
346,3013,2021-01-24T22:16:10.600000+00:00,1.0,P
346,3239,2021-01-24T22:16:12.860000+00:00,1.0,S
347,3013,2021-01-24T22:16:10.600000+00:00,1.0,P
347,3239,2021-01-24T22:16:12.860000+00:00,1.0,S
348,3013,2021-01-24T22:16:10.600000+00:00,1.0,P
348,3239,2021-01-24T22:16:12.860000+00:00,1.0,S
349,3013,2021-01-24T22:16:10.600000+00:00,1.0,P
349,3239,2021-01-24T22:16:12.860000+00:00,1.0,S
350,3013,2021-01-24T22:16:10.600000+00:00,1.0,P
350,3239,2021-01-24T22:16:12.860000+00:00,1.0,S
351,3013,2021-01-24T22:16:10.600000+00:00,1.0,P
351,3239,2021-01-24T22:16:12.860000+00:00,1.0,S
352,3013,2021-01-24T22:16:10.600000+00:00,1.0,P
352,3239,2021-01-24T22:16:12.860000+00:00,1.0,S
353,3013,2021-01-24T22:16:10.600000+00:00,1.0,P
353,3239,2021-01-24T22:16:12.860000+00:00,1.0,S
354,3013,2021-01-24T22:16:10.600000+00:00,1.0,P
354,3239,2021-01-24T22:16:12.860000+00:00,1.0,S
355,3013,2021-01-24T22:16:10.600000+00:00,1.0,P
355,3239,2021-01-24T22:16:12.860000+00:00,1.0,S
356,3013,2021-01-24T22:16:10.600000+00:00,1.0,P
356,3239,2021-01-24T22:16:12.860000+00:00,1.0,S
357,3013,2021-01-24T22:16:10.600000+00:00,1.0,P
357,3239,2021-01-24T22:16:12.860000+00:00,1.0,S
358,3013,2021-01-24T22:16:10.600000+00:00,1.0,P
358,3239,2021-01-24T22:16:12.860000+00:00,1.0,S
359,3013,2021-01-24T22:16:10.600000+00:00,1.0,P
359,3239,2021-01-24T22:16:12.860000+00:00,1.0,S
360,3013,2021-01-24T22:16:10.600000+00:00,1.0,P
360,3239,2021-01-24T22:16:12.860000+00:00,1.0,S
361,3013,2021-01-24T22:16:10.600000+00:00,1.0,P
361,3239,2021-01-24T22:16:12.860000+00:00,1.0,S
362,3013,2021-01-24T22:16:10.600000+00:00,1.0,P
362,3239,2021-01-24T22:16:12.860000+00:00,1.0,S
363,3013,2021-01-24T22:16:10.600000+00:00,1.0,P
363,3239,2021-01-24T22:16:12.860000+00:00,1.0,S
364,3013,2021-01-24T22:16:10.600000+00:00,1.0,P
364,3239,2021-01-24T22:16:12.860000+00:00,1.0,S
365,3013,2021-01-24T22:16:10.600000+00:00,1.0,P
365,3239,2021-01-24T22:16:12.860000+00:00,1.0,S
366,3013,2021-01-24T22:16:10.600000+00:00,1.0,P
366,3239,2021-01-24T22:16:12.860000+00:00,1.0,S
367,3013,2021-01-24T22:16:10.600000+00:00,1.0,P
367,3239,2021-01-24T22:16:12.860000+00:00,1.0,S
368,3013,2021-01-24T22:16:10.600000+00:00,1.0,P
368,3239,2021-01-24T22:16:12.860000+00:00,1.0,S
369,3013,2021-01-24T22:16:10.600000+00:00,1.0,P
369,3239,2021-01-24T22:16:12.860000+00:00,1.0,S
370,3013,2021-01-24T22:16:10.600000+00:00,1.0,P
370,3239,2021-01-24T22:16:12.860000+00:00,1.0,S
371,3013,2021-01-24T22:16:10.600000+00:00,1.0,P
371,3239,2021-01-24T22:16:12.860000+00:00,1.0,S
372,3013,2021-01-24T22:16:10.600000+00:00,1.0,P
372,3239,2021-01-24T22:16:12.860000+00:00,1.0,S
373,3013,2021-01-24T22:16:10.600000+00:00,1.0,P
373,3239,2021-01-24T22:16:12.860000+00:00,1.0,S
374,3013,2021-01-24T22:16:10.600000+00:00,1.0,P
374,3239,2021-01-24T22:16:12.860000+00:00,1.0,S
375,3013,2021-01-24T22:16:10.600000+00:00,1.0,P
375,3239,2021-01-24T22:16:12.860000+00:00,1.0,S
376,3013,2021-01-24T22:16:10.600000+00:00,1.0,P
376,3239,2021-01-24T22:16:12.860000+00:00,1.0,S
377,3013,2021-01-24T22:16:10.600000+00:00,1.0,P
377,3239,2021-01-24T22:16:12.860000+00:00,1.0,S
378,3013,2021-01-24T22:16:10.600000+00:00,1.0,P
378,3239,2021-01-24T22:16:12.860000+00:00,1.0,S
379,3013,2021-01-24T22:16:10.600000+00:00,1.0,P
379,3239,2021-01-24T22:16:12.860000+00:00,1.0,S
380,3013,2021-01-24T22:16:10.600000+00:00,1.0,P
380,3239,2021-01-24T22:16:12.860000+00:00,1.0,S
381,3013,2021-01-24T22:16:10.600000+00:00,1.0,P
381,3239,2021-01-24T22:16:12.860000+00:00,1.0,S
382,3013,2021-01-24T22:16:10.600000+00:00,1.0,P
382,3239,2021-01-24T22:16:12.860000+00:00,1.0,S
383,3013,2021-01-24T22:16:10.600000+00:00,1.0,P
383,3239,2021-01-24T22:16:12.860000+00:00,1.0,S
384,3013,2021-01-24T22:16:10.600000+00:00,1.0,P
384,3239,2021-01-24T22:16:12.860000+00:00,1.0,S
385,3013,2021-01-24T22:16:10.600000+00:00,1.0,P
385,3239,2021-01-24T22:16:12.860000+00:00,1.0,S
386,3014,2021-01-24T22:16:10.610000+00:00,1.0,P
386,3239,2021-01-24T22:16:12.860000+00:00,1.0,S
387,3014,2021-01-24T22:16:10.610000+00:00,1.0,P
387,3239,2021-01-24T22:16:12.860000+00:00,1.0,S
388,3014,2021-01-24T22:16:10.610000+00:00,1.0,P
388,3239,2021-01-24T22:16:12.860000+00:00,1.0,S
389,3014,2021-01-24T22:16:10.610000+00:00,1.0,P
389,3239,2021-01-24T22:16:12.860000+00:00,1.0,S
390,3014,2021-01-24T22:16:10.610000+00:00,1.0,P
390,3239,2021-01-24T22:16:12.860000+00:00,1.0,S
391,3014,2021-01-24T22:16:10.610000+00:00,1.0,P
391,3238,2021-01-24T22:16:12.850000+00:00,1.0,S
392,3014,2021-01-24T22:16:10.610000+00:00,1.0,P
392,3238,2021-01-24T22:16:12.850000+00:00,1.0,S
393,3014,2021-01-24T22:16:10.610000+00:00,1.0,P
393,3238,2021-01-24T22:16:12.850000+00:00,1.0,S
394,3014,2021-01-24T22:16:10.610000+00:00,1.0,P
394,3238,2021-01-24T22:16:12.850000+00:00,1.0,S
395,3014,2021-01-24T22:16:10.610000+00:00,1.0,P
395,3238,2021-01-24T22:16:12.850000+00:00,1.0,S
396,3014,2021-01-24T22:16:10.610000+00:00,1.0,P
396,3238,2021-01-24T22:16:12.850000+00:00,1.0,S
397,3014,2021-01-24T22:16:10.610000+00:00,1.0,P
397,3238,2021-01-24T22:16:12.850000+00:00,1.0,S
398,3014,2021-01-24T22:16:10.610000+00:00,1.0,P
398,3238,2021-01-24T22:16:12.850000+00:00,1.0,S
399,3014,2021-01-24T22:16:10.610000+00:00,1.0,P
399,3238,2021-01-24T22:16:12.850000+00:00,1.0,S
400,3014,2021-01-24T22:16:10.610000+00:00,1.0,P
400,3239,2021-01-24T22:16:12.860000+00:00,1.0,S
401,3014,2021-01-24T22:16:10.610000+00:00,1.0,P
401,3239,2021-01-24T22:16:12.860000+00:00,1.0,S
402,3014,2021-01-24T22:16:10.610000+00:00,1.0,P
402,3239,2021-01-24T22:16:12.860000+00:00,1.0,S
403,3014,2021-01-24T22:16:10.610000+00:00,1.0,P
403,3239,2021-01-24T22:16:12.860000+00:00,1.0,S
404,3014,2021-01-24T22:16:10.610000+00:00,1.0,P
404,3239,2021-01-24T22:16:12.860000+00:00,1.0,S
405,3014,2021-01-24T22:16:10.610000+00:00,1.0,P
405,3239,2021-01-24T22:16:12.860000+00:00,1.0,S
406,3014,2021-01-24T22:16:10.610000+00:00,1.0,P
406,3239,2021-01-24T22:16:12.860000+00:00,1.0,S
407,3014,2021-01-24T22:16:10.610000+00:00,1.0,P
407,3239,2021-01-24T22:16:12.860000+00:00,1.0,S
408,3014,2021-01-24T22:16:10.610000+00:00,1.0,P
408,3239,2021-01-24T22:16:12.860000+00:00,1.0,S
409,3014,2021-01-24T22:16:10.610000+00:00,1.0,P
409,3239,2021-01-24T22:16:12.860000+00:00,1.0,S
410,3014,2021-01-24T22:16:10.610000+00:00,1.0,P
410,3239,2021-01-24T22:16:12.860000+00:00,1.0,S
411,3013,2021-01-24T22:16:10.600000+00:00,1.0,P
411,3239,2021-01-24T22:16:12.860000+00:00,1.0,S
412,3013,2021-01-24T22:16:10.600000+00:00,1.0,P
412,3239,2021-01-24T22:16:12.860000+00:00,1.0,S
413,3013,2021-01-24T22:16:10.600000+00:00,1.0,P
413,3238,2021-01-24T22:16:12.850000+00:00,1.0,S
414,3013,2021-01-24T22:16:10.600000+00:00,1.0,P
414,3238,2021-01-24T22:16:12.850000+00:00,1.0,S
415,3013,2021-01-24T22:16:10.600000+00:00,1.0,P
415,3238,2021-01-24T22:16:12.850000+00:00,1.0,S
416,3013,2021-01-24T22:16:10.600000+00:00,1.0,P
416,3238,2021-01-24T22:16:12.850000+00:00,1.0,S
417,3013,2021-01-24T22:16:10.600000+00:00,1.0,P
417,3238,2021-01-24T22:16:12.850000+00:00,1.0,S
418,3013,2021-01-24T22:16:10.600000+00:00,1.0,P
418,3238,2021-01-24T22:16:12.850000+00:00,1.0,S
419,3013,2021-01-24T22:16:10.600000+00:00,1.0,P
419,3238,2021-01-24T22:16:12.850000+00:00,1.0,S
420,3013,2021-01-24T22:16:10.600000+00:00,1.0,P
420,3238,2021-01-24T22:16:12.850000+00:00,1.0,S
421,3013,2021-01-24T22:16:10.600000+00:00,1.0,P
421,3238,2021-01-24T22:16:12.850000+00:00,1.0,S
422,3013,2021-01-24T22:16:10.600000+00:00,1.0,P
422,3238,2021-01-24T22:16:12.850000+00:00,1.0,S
423,3013,2021-01-24T22:16:10.600000+00:00,1.0,P
423,3238,2021-01-24T22:16:12.850000+00:00,1.0,S
424,3013,2021-01-24T22:16:10.600000+00:00,1.0,P
424,3238,2021-01-24T22:16:12.850000+00:00,1.0,S
425,3013,2021-01-24T22:16:10.600000+00:00,1.0,P
425,3238,2021-01-24T22:16:12.850000+00:00,1.0,S
426,3013,2021-01-24T22:16:10.600000+00:00,1.0,P
426,3238,2021-01-24T22:16:12.850000+00:00,1.0,S
427,3013,2021-01-24T22:16:10.600000+00:00,1.0,P
427,3237,2021-01-24T22:16:12.839999+00:00,1.0,S
428,3013,2021-01-24T22:16:10.600000+00:00,1.0,P
428,3237,2021-01-24T22:16:12.839999+00:00,1.0,S
429,3013,2021-01-24T22:16:10.600000+00:00,1.0,P
429,3237,2021-01-24T22:16:12.839999+00:00,1.0,S
430,3013,2021-01-24T22:16:10.600000+00:00,1.0,P
430,3237,2021-01-24T22:16:12.839999+00:00,1.0,S
431,3013,2021-01-24T22:16:10.600000+00:00,1.0,P
431,3237,2021-01-24T22:16:12.839999+00:00,1.0,S
432,3013,2021-01-24T22:16:10.600000+00:00,1.0,P
432,3237,2021-01-24T22:16:12.839999+00:00,1.0,S
433,3013,2021-01-24T22:16:10.600000+00:00,1.0,P
433,3236,2021-01-24T22:16:12.830000+00:00,1.0,S
434,3013,2021-01-24T22:16:10.600000+00:00,1.0,P
434,3236,2021-01-24T22:16:12.830000+00:00,1.0,S
435,3013,2021-01-24T22:16:10.600000+00:00,1.0,P
435,3236,2021-01-24T22:16:12.830000+00:00,1.0,S
436,3013,2021-01-24T22:16:10.600000+00:00,1.0,P
436,3236,2021-01-24T22:16:12.830000+00:00,1.0,S
437,3013,2021-01-24T22:16:10.600000+00:00,1.0,P
437,3236,2021-01-24T22:16:12.830000+00:00,1.0,S
438,3013,2021-01-24T22:16:10.600000+00:00,1.0,P
438,3236,2021-01-24T22:16:12.830000+00:00,1.0,S
439,3013,2021-01-24T22:16:10.600000+00:00,1.0,P
439,3236,2021-01-24T22:16:12.830000+00:00,1.0,S
440,3013,2021-01-24T22:16:10.600000+00:00,1.0,P
440,3235,2021-01-24T22:16:12.820000+00:00,1.0,S
441,3013,2021-01-24T22:16:10.600000+00:00,1.0,P
441,3235,2021-01-24T22:16:12.820000+00:00,1.0,S
442,3013,2021-01-24T22:16:10.600000+00:00,1.0,P
442,3235,2021-01-24T22:16:12.820000+00:00,1.0,S
443,3013,2021-01-24T22:16:10.600000+00:00,1.0,P
443,3235,2021-01-24T22:16:12.820000+00:00,1.0,S
444,3013,2021-01-24T22:16:10.600000+00:00,1.0,P
444,3235,2021-01-24T22:16:12.820000+00:00,1.0,S
445,3013,2021-01-24T22:16:10.600000+00:00,1.0,P
445,3235,2021-01-24T22:16:12.820000+00:00,1.0,S
446,3013,2021-01-24T22:16:10.600000+00:00,1.0,P
446,3235,2021-01-24T22:16:12.820000+00:00,1.0,S
447,3013,2021-01-24T22:16:10.600000+00:00,1.0,P
447,3235,2021-01-24T22:16:12.820000+00:00,1.0,S
448,3013,2021-01-24T22:16:10.600000+00:00,1.0,P
448,3235,2021-01-24T22:16:12.820000+00:00,1.0,S
449,3013,2021-01-24T22:16:10.600000+00:00,1.0,P
449,3235,2021-01-24T22:16:12.820000+00:00,1.0,S
450,3013,2021-01-24T22:16:10.600000+00:00,1.0,P
450,3235,2021-01-24T22:16:12.820000+00:00,1.0,S
451,3013,2021-01-24T22:16:10.600000+00:00,1.0,P
451,3235,2021-01-24T22:16:12.820000+00:00,1.0,S
452,3013,2021-01-24T22:16:10.600000+00:00,1.0,P
452,3235,2021-01-24T22:16:12.820000+00:00,1.0,S
453,3013,2021-01-24T22:16:10.600000+00:00,1.0,P
453,3235,2021-01-24T22:16:12.820000+00:00,1.0,S
454,3013,2021-01-24T22:16:10.600000+00:00,1.0,P
454,3235,2021-01-24T22:16:12.820000+00:00,1.0,S
455,3013,2021-01-24T22:16:10.600000+00:00,1.0,P
455,3235,2021-01-24T22:16:12.820000+00:00,1.0,S
456,3013,2021-01-24T22:16:10.600000+00:00,1.0,P
456,3235,2021-01-24T22:16:12.820000+00:00,1.0,S
457,3013,2021-01-24T22:16:10.600000+00:00,1.0,P
457,3235,2021-01-24T22:16:12.820000+00:00,1.0,S
458,3013,2021-01-24T22:16:10.600000+00:00,1.0,P
458,3235,2021-01-24T22:16:12.820000+00:00,1.0,S
459,3013,2021-01-24T22:16:10.600000+00:00,1.0,P
459,3235,2021-01-24T22:16:12.820000+00:00,1.0,S
460,3013,2021-01-24T22:16:10.600000+00:00,1.0,P
460,3235,2021-01-24T22:16:12.820000+00:00,1.0,S
461,3013,2021-01-24T22:16:10.600000+00:00,1.0,P
461,3235,2021-01-24T22:16:12.820000+00:00,1.0,S
462,3013,2021-01-24T22:16:10.600000+00:00,1.0,P
462,3234,2021-01-24T22:16:12.810000+00:00,1.0,S
463,3013,2021-01-24T22:16:10.600000+00:00,1.0,P
463,3234,2021-01-24T22:16:12.810000+00:00,1.0,S
464,3013,2021-01-24T22:16:10.600000+00:00,1.0,P
464,3234,2021-01-24T22:16:12.810000+00:00,1.0,S
465,3013,2021-01-24T22:16:10.600000+00:00,1.0,P
465,3234,2021-01-24T22:16:12.810000+00:00,1.0,S
466,3013,2021-01-24T22:16:10.600000+00:00,1.0,P
466,3234,2021-01-24T22:16:12.810000+00:00,1.0,S
467,3013,2021-01-24T22:16:10.600000+00:00,1.0,P
467,3234,2021-01-24T22:16:12.810000+00:00,1.0,S
468,3013,2021-01-24T22:16:10.600000+00:00,1.0,P
468,3234,2021-01-24T22:16:12.810000+00:00,1.0,S
469,3013,2021-01-24T22:16:10.600000+00:00,1.0,P
469,3234,2021-01-24T22:16:12.810000+00:00,1.0,S
470,3013,2021-01-24T22:16:10.600000+00:00,1.0,P
470,3234,2021-01-24T22:16:12.810000+00:00,1.0,S
471,3013,2021-01-24T22:16:10.600000+00:00,1.0,P
471,3234,2021-01-24T22:16:12.810000+00:00,1.0,S
472,3013,2021-01-24T22:16:10.600000+00:00,1.0,P
472,3234,2021-01-24T22:16:12.810000+00:00,1.0,S
473,3013,2021-01-24T22:16:10.600000+00:00,1.0,P
473,3233,2021-01-24T22:16:12.800000+00:00,1.0,S
474,3013,2021-01-24T22:16:10.600000+00:00,1.0,P
474,3233,2021-01-24T22:16:12.800000+00:00,1.0,S
475,3013,2021-01-24T22:16:10.600000+00:00,1.0,P
475,3233,2021-01-24T22:16:12.800000+00:00,1.0,S
476,3013,2021-01-24T22:16:10.600000+00:00,1.0,P
476,3233,2021-01-24T22:16:12.800000+00:00,1.0,S
477,3013,2021-01-24T22:16:10.600000+00:00,1.0,P
477,3233,2021-01-24T22:16:12.800000+00:00,1.0,S
478,3013,2021-01-24T22:16:10.600000+00:00,1.0,P
478,3233,2021-01-24T22:16:12.800000+00:00,1.0,S
479,3013,2021-01-24T22:16:10.600000+00:00,1.0,P
479,3233,2021-01-24T22:16:12.800000+00:00,1.0,S
480,3013,2021-01-24T22:16:10.600000+00:00,1.0,P
480,3233,2021-01-24T22:16:12.800000+00:00,1.0,S
481,3013,2021-01-24T22:16:10.600000+00:00,1.0,P
481,3233,2021-01-24T22:16:12.800000+00:00,1.0,S
482,3013,2021-01-24T22:16:10.600000+00:00,1.0,P
482,3233,2021-01-24T22:16:12.800000+00:00,1.0,S
483,3013,2021-01-24T22:16:10.600000+00:00,1.0,P
483,3232,2021-01-24T22:16:12.790000+00:00,1.0,S
484,3013,2021-01-24T22:16:10.600000+00:00,1.0,P
484,3232,2021-01-24T22:16:12.790000+00:00,1.0,S
485,3013,2021-01-24T22:16:10.600000+00:00,1.0,P
485,3232,2021-01-24T22:16:12.790000+00:00,1.0,S
486,3013,2021-01-24T22:16:10.600000+00:00,1.0,P
486,3232,2021-01-24T22:16:12.790000+00:00,1.0,S
487,3013,2021-01-24T22:16:10.600000+00:00,1.0,P
487,3232,2021-01-24T22:16:12.790000+00:00,1.0,S
488,3013,2021-01-24T22:16:10.600000+00:00,1.0,P
488,3232,2021-01-24T22:16:12.790000+00:00,1.0,S
489,3013,2021-01-24T22:16:10.600000+00:00,1.0,P
489,3232,2021-01-24T22:16:12.790000+00:00,1.0,S
490,3012,2021-01-24T22:16:10.590000+00:00,1.0,P
490,3232,2021-01-24T22:16:12.790000+00:00,1.0,S
491,3012,2021-01-24T22:16:10.590000+00:00,1.0,P
491,3232,2021-01-24T22:16:12.790000+00:00,1.0,S
492,3012,2021-01-24T22:16:10.590000+00:00,1.0,P
492,3232,2021-01-24T22:16:12.790000+00:00,1.0,S
493,3012,2021-01-24T22:16:10.590000+00:00,1.0,P
493,3231,2021-01-24T22:16:12.780000+00:00,1.0,S
494,3012,2021-01-24T22:16:10.590000+00:00,1.0,P
494,3231,2021-01-24T22:16:12.780000+00:00,1.0,S
495,3012,2021-01-24T22:16:10.590000+00:00,1.0,P
495,3231,2021-01-24T22:16:12.780000+00:00,1.0,S
496,3012,2021-01-24T22:16:10.590000+00:00,1.0,P
496,3231,2021-01-24T22:16:12.780000+00:00,1.0,S
497,3012,2021-01-24T22:16:10.590000+00:00,1.0,P
497,3231,2021-01-24T22:16:12.780000+00:00,1.0,S
498,3012,2021-01-24T22:16:10.590000+00:00,1.0,P
498,3231,2021-01-24T22:16:12.780000+00:00,1.0,S
499,3012,2021-01-24T22:16:10.590000+00:00,1.0,P
499,3231,2021-01-24T22:16:12.780000+00:00,1.0,S
500,3012,2021-01-24T22:16:10.590000+00:00,1.0,P
500,3231,2021-01-24T22:16:12.780000+00:00,1.0,S
501,3012,2021-01-24T22:16:10.590000+00:00,1.0,P
501,3231,2021-01-24T22:16:12.780000+00:00,1.0,S
502,3012,2021-01-24T22:16:10.590000+00:00,1.0,P
502,3231,2021-01-24T22:16:12.780000+00:00,1.0,S
503,3012,2021-01-24T22:16:10.590000+00:00,1.0,P
503,3230,2021-01-24T22:16:12.769999+00:00,1.0,S
504,3012,2021-01-24T22:16:10.590000+00:00,1.0,P
504,3230,2021-01-24T22:16:12.769999+00:00,1.0,S
505,3011,2021-01-24T22:16:10.580000+00:00,1.0,P
505,3230,2021-01-24T22:16:12.769999+00:00,1.0,S
506,3011,2021-01-24T22:16:10.580000+00:00,1.0,P
506,3230,2021-01-24T22:16:12.769999+00:00,1.0,S
507,3011,2021-01-24T22:16:10.580000+00:00,1.0,P
507,3230,2021-01-24T22:16:12.769999+00:00,1.0,S
508,3011,2021-01-24T22:16:10.580000+00:00,1.0,P
508,3230,2021-01-24T22:16:12.769999+00:00,1.0,S
509,3011,2021-01-24T22:16:10.580000+00:00,1.0,P
509,3230,2021-01-24T22:16:12.769999+00:00,1.0,S
510,3011,2021-01-24T22:16:10.580000+00:00,1.0,P
510,3230,2021-01-24T22:16:12.769999+00:00,1.0,S
511,3011,2021-01-24T22:16:10.580000+00:00,1.0,P
511,3230,2021-01-24T22:16:12.769999+00:00,1.0,S
512,3011,2021-01-24T22:16:10.580000+00:00,1.0,P
512,3229,2021-01-24T22:16:12.760000+00:00,1.0,S
513,3011,2021-01-24T22:16:10.580000+00:00,1.0,P
513,3229,2021-01-24T22:16:12.760000+00:00,1.0,S
514,3011,2021-01-24T22:16:10.580000+00:00,1.0,P
514,3229,2021-01-24T22:16:12.760000+00:00,1.0,S
515,3011,2021-01-24T22:16:10.580000+00:00,1.0,P
515,3229,2021-01-24T22:16:12.760000+00:00,1.0,S
516,3011,2021-01-24T22:16:10.580000+00:00,1.0,P
516,3229,2021-01-24T22:16:12.760000+00:00,1.0,S
517,3011,2021-01-24T22:16:10.580000+00:00,1.0,P
517,3229,2021-01-24T22:16:12.760000+00:00,1.0,S
518,3010,2021-01-24T22:16:10.570000+00:00,1.0,P
518,3229,2021-01-24T22:16:12.760000+00:00,1.0,S
519,3010,2021-01-24T22:16:10.570000+00:00,1.0,P
519,3229,2021-01-24T22:16:12.760000+00:00,1.0,S
520,3010,2021-01-24T22:16:10.570000+00:00,1.0,P
520,3229,2021-01-24T22:16:12.760000+00:00,1.0,S
521,3010,2021-01-24T22:16:10.570000+00:00,1.0,P
521,3228,2021-01-24T22:16:12.750000+00:00,1.0,S
522,3010,2021-01-24T22:16:10.570000+00:00,1.0,P
522,3228,2021-01-24T22:16:12.750000+00:00,1.0,S
523,3010,2021-01-24T22:16:10.570000+00:00,1.0,P
523,3228,2021-01-24T22:16:12.750000+00:00,1.0,S
524,3010,2021-01-24T22:16:10.570000+00:00,1.0,P
524,3228,2021-01-24T22:16:12.750000+00:00,1.0,S
525,3010,2021-01-24T22:16:10.570000+00:00,1.0,P
525,3228,2021-01-24T22:16:12.750000+00:00,1.0,S
526,3010,2021-01-24T22:16:10.570000+00:00,1.0,P
526,3228,2021-01-24T22:16:12.750000+00:00,1.0,S
527,3010,2021-01-24T22:16:10.570000+00:00,1.0,P
527,3228,2021-01-24T22:16:12.750000+00:00,1.0,S
528,3010,2021-01-24T22:16:10.570000+00:00,1.0,P
528,3228,2021-01-24T22:16:12.750000+00:00,1.0,S
529,3010,2021-01-24T22:16:10.570000+00:00,1.0,P
529,3228,2021-01-24T22:16:12.750000+00:00,1.0,S
530,3010,2021-01-24T22:16:10.570000+00:00,1.0,P
530,3227,2021-01-24T22:16:12.740000+00:00,1.0,S
531,3009,2021-01-24T22:16:10.560000+00:00,1.0,P
531,3227,2021-01-24T22:16:12.740000+00:00,1.0,S
532,3009,2021-01-24T22:16:10.560000+00:00,1.0,P
532,3227,2021-01-24T22:16:12.740000+00:00,1.0,S
533,3009,2021-01-24T22:16:10.560000+00:00,1.0,P
533,3227,2021-01-24T22:16:12.740000+00:00,1.0,S
534,3009,2021-01-24T22:16:10.560000+00:00,1.0,P
534,3227,2021-01-24T22:16:12.740000+00:00,1.0,S
535,3009,2021-01-24T22:16:10.560000+00:00,1.0,P
535,3227,2021-01-24T22:16:12.740000+00:00,1.0,S
536,3009,2021-01-24T22:16:10.560000+00:00,1.0,P
536,3227,2021-01-24T22:16:12.740000+00:00,1.0,S
537,3009,2021-01-24T22:16:10.560000+00:00,1.0,P
537,3227,2021-01-24T22:16:12.740000+00:00,1.0,S
538,3009,2021-01-24T22:16:10.560000+00:00,1.0,P
538,3226,2021-01-24T22:16:12.729999+00:00,1.0,S
539,3009,2021-01-24T22:16:10.560000+00:00,1.0,P
539,3226,2021-01-24T22:16:12.729999+00:00,1.0,S
540,3009,2021-01-24T22:16:10.560000+00:00,1.0,P
540,3226,2021-01-24T22:16:12.729999+00:00,1.0,S
541,3008,2021-01-24T22:16:10.550000+00:00,1.0,P
541,3226,2021-01-24T22:16:12.729999+00:00,1.0,S
542,3008,2021-01-24T22:16:10.550000+00:00,1.0,P
542,3226,2021-01-24T22:16:12.729999+00:00,1.0,S
543,3008,2021-01-24T22:16:10.550000+00:00,1.0,P
543,3226,2021-01-24T22:16:12.729999+00:00,1.0,S
544,3008,2021-01-24T22:16:10.550000+00:00,1.0,P
544,3225,2021-01-24T22:16:12.720000+00:00,1.0,S
545,3008,2021-01-24T22:16:10.550000+00:00,1.0,P
545,3225,2021-01-24T22:16:12.720000+00:00,1.0,S
546,3008,2021-01-24T22:16:10.550000+00:00,1.0,P
546,3225,2021-01-24T22:16:12.720000+00:00,1.0,S
547,3008,2021-01-24T22:16:10.550000+00:00,1.0,P
547,3225,2021-01-24T22:16:12.720000+00:00,1.0,S
548,3008,2021-01-24T22:16:10.550000+00:00,1.0,P
548,3225,2021-01-24T22:16:12.720000+00:00,1.0,S
549,3008,2021-01-24T22:16:10.550000+00:00,1.0,P
549,3224,2021-01-24T22:16:12.710000+00:00,1.0,S
550,3007,2021-01-24T22:16:10.540000+00:00,1.0,P
550,3224,2021-01-24T22:16:12.710000+00:00,1.0,S
551,3007,2021-01-24T22:16:10.540000+00:00,1.0,P
551,3224,2021-01-24T22:16:12.710000+00:00,1.0,S
552,3007,2021-01-24T22:16:10.540000+00:00,1.0,P
552,3224,2021-01-24T22:16:12.710000+00:00,1.0,S
553,3007,2021-01-24T22:16:10.540000+00:00,1.0,P
553,3224,2021-01-24T22:16:12.710000+00:00,1.0,S
554,3007,2021-01-24T22:16:10.540000+00:00,1.0,P
554,3223,2021-01-24T22:16:12.700000+00:00,1.0,S
555,3007,2021-01-24T22:16:10.540000+00:00,1.0,P
555,3223,2021-01-24T22:16:12.700000+00:00,1.0,S
556,3007,2021-01-24T22:16:10.540000+00:00,1.0,P
556,3223,2021-01-24T22:16:12.700000+00:00,1.0,S
557,3007,2021-01-24T22:16:10.540000+00:00,1.0,P
557,3223,2021-01-24T22:16:12.700000+00:00,1.0,S
558,3006,2021-01-24T22:16:10.530000+00:00,1.0,P
558,3223,2021-01-24T22:16:12.700000+00:00,1.0,S
559,3006,2021-01-24T22:16:10.530000+00:00,1.0,P
559,3223,2021-01-24T22:16:12.700000+00:00,1.0,S
560,3006,2021-01-24T22:16:10.530000+00:00,1.0,P
560,3222,2021-01-24T22:16:12.690000+00:00,1.0,S
561,3006,2021-01-24T22:16:10.530000+00:00,1.0,P
561,3222,2021-01-24T22:16:12.690000+00:00,1.0,S
562,3006,2021-01-24T22:16:10.530000+00:00,1.0,P
562,3222,2021-01-24T22:16:12.690000+00:00,1.0,S
563,3006,2021-01-24T22:16:10.530000+00:00,1.0,P
563,3222,2021-01-24T22:16:12.690000+00:00,1.0,S
564,3006,2021-01-24T22:16:10.530000+00:00,1.0,P
564,3222,2021-01-24T22:16:12.690000+00:00,1.0,S
565,3005,2021-01-24T22:16:10.520000+00:00,1.0,P
565,3221,2021-01-24T22:16:12.680000+00:00,1.0,S
566,3005,2021-01-24T22:16:10.520000+00:00,1.0,P
566,3221,2021-01-24T22:16:12.680000+00:00,1.0,S
567,3005,2021-01-24T22:16:10.520000+00:00,1.0,P
567,3221,2021-01-24T22:16:12.680000+00:00,1.0,S
568,3005,2021-01-24T22:16:10.520000+00:00,1.0,P
568,3221,2021-01-24T22:16:12.680000+00:00,1.0,S
569,3005,2021-01-24T22:16:10.520000+00:00,1.0,P
569,3221,2021-01-24T22:16:12.680000+00:00,1.0,S
570,3005,2021-01-24T22:16:10.520000+00:00,1.0,P
570,3221,2021-01-24T22:16:12.680000+00:00,1.0,S
571,3005,2021-01-24T22:16:10.520000+00:00,1.0,P
571,3220,2021-01-24T22:16:12.670000+00:00,1.0,S
572,3004,2021-01-24T22:16:10.510000+00:00,1.0,P
572,3220,2021-01-24T22:16:12.670000+00:00,1.0,S
573,3004,2021-01-24T22:16:10.510000+00:00,1.0,P
573,3220,2021-01-24T22:16:12.670000+00:00,1.0,S
574,3004,2021-01-24T22:16:10.510000+00:00,1.0,P
574,3220,2021-01-24T22:16:12.670000+00:00,1.0,S
575,3004,2021-01-24T22:16:10.510000+00:00,1.0,P
575,3220,2021-01-24T22:16:12.670000+00:00,1.0,S
576,3004,2021-01-24T22:16:10.510000+00:00,1.0,P
576,3220,2021-01-24T22:16:12.670000+00:00,1.0,S
577,3004,2021-01-24T22:16:10.510000+00:00,1.0,P
577,3219,2021-01-24T22:16:12.659999+00:00,1.0,S
578,3004,2021-01-24T22:16:10.510000+00:00,1.0,P
578,3219,2021-01-24T22:16:12.659999+00:00,1.0,S
579,3003,2021-01-24T22:16:10.500000+00:00,1.0,P
579,3219,2021-01-24T22:16:12.659999+00:00,1.0,S
580,3003,2021-01-24T22:16:10.500000+00:00,1.0,P
580,3219,2021-01-24T22:16:12.659999+00:00,1.0,S
581,3003,2021-01-24T22:16:10.500000+00:00,1.0,P
581,3219,2021-01-24T22:16:12.659999+00:00,1.0,S
582,3003,2021-01-24T22:16:10.500000+00:00,1.0,P
582,3218,2021-01-24T22:16:12.650000+00:00,1.0,S
583,3003,2021-01-24T22:16:10.500000+00:00,1.0,P
583,3218,2021-01-24T22:16:12.650000+00:00,1.0,S
584,3003,2021-01-24T22:16:10.500000+00:00,1.0,P
584,3218,2021-01-24T22:16:12.650000+00:00,1.0,S
585,3003,2021-01-24T22:16:10.500000+00:00,1.0,P
585,3218,2021-01-24T22:16:12.650000+00:00,1.0,S
586,3002,2021-01-24T22:16:10.490000+00:00,1.0,P
586,3218,2021-01-24T22:16:12.650000+00:00,1.0,S
587,3002,2021-01-24T22:16:10.490000+00:00,1.0,P
587,3218,2021-01-24T22:16:12.650000+00:00,1.0,S
588,3002,2021-01-24T22:16:10.490000+00:00,1.0,P
588,3217,2021-01-24T22:16:12.640000+00:00,1.0,S
589,3002,2021-01-24T22:16:10.490000+00:00,1.0,P
589,3217,2021-01-24T22:16:12.640000+00:00,1.0,S
590,3002,2021-01-24T22:16:10.490000+00:00,1.0,P
590,3217,2021-01-24T22:16:12.640000+00:00,1.0,S
591,3002,2021-01-24T22:16:10.490000+00:00,1.0,P
591,3217,2021-01-24T22:16:12.640000+00:00,1.0,S
592,3002,2021-01-24T22:16:10.490000+00:00,1.0,P
592,3217,2021-01-24T22:16:12.640000+00:00,1.0,S
593,3001,2021-01-24T22:16:10.480000+00:00,1.0,P
593,3216,2021-01-24T22:16:12.630000+00:00,1.0,S
594,3001,2021-01-24T22:16:10.480000+00:00,1.0,P
594,3216,2021-01-24T22:16:12.630000+00:00,1.0,S
595,3001,2021-01-24T22:16:10.480000+00:00,1.0,P
595,3216,2021-01-24T22:16:12.630000+00:00,1.0,S
596,3001,2021-01-24T22:16:10.480000+00:00,1.0,P
596,3216,2021-01-24T22:16:12.630000+00:00,1.0,S
597,3001,2021-01-24T22:16:10.480000+00:00,1.0,P
597,3216,2021-01-24T22:16:12.630000+00:00,1.0,S
598,3001,2021-01-24T22:16:10.480000+00:00,1.0,P
598,3215,2021-01-24T22:16:12.620000+00:00,1.0,S
599,3001,2021-01-24T22:16:10.480000+00:00,1.0,P
599,3215,2021-01-24T22:16:12.620000+00:00,1.0,S
600,3001,2021-01-24T22:16:10.480000+00:00,1.0,P
600,3215,2021-01-24T22:16:12.620000+00:00,1.0,S
601,3000,2021-01-24T22:16:10.470000+00:00,1.0,P
601,3215,2021-01-24T22:16:12.620000+00:00,1.0,S
602,3000,2021-01-24T22:16:10.470000+00:00,1.0,P
602,3215,2021-01-24T22:16:12.620000+00:00,1.0,S
603,3000,2021-01-24T22:16:10.470000+00:00,1.0,P
603,3214,2021-01-24T22:16:12.610000+00:00,1.0,S
604,3000,2021-01-24T22:16:10.470000+00:00,1.0,P
604,3214,2021-01-24T22:16:12.610000+00:00,1.0,S
605,3000,2021-01-24T22:16:10.470000+00:00,1.0,P
605,3214,2021-01-24T22:16:12.610000+00:00,1.0,S
606,3000,2021-01-24T22:16:10.470000+00:00,1.0,P
606,3214,2021-01-24T22:16:12.610000+00:00,1.0,S
607,3000,2021-01-24T22:16:10.470000+00:00,1.0,P
607,3213,2021-01-24T22:16:12.600000+00:00,1.0,S
608,3000,2021-01-24T22:16:10.470000+00:00,1.0,P
608,3213,2021-01-24T22:16:12.600000+00:00,1.0,S
609,2999,2021-01-24T22:16:10.460000+00:00,1.0,P
609,3213,2021-01-24T22:16:12.600000+00:00,1.0,S
610,2999,2021-01-24T22:16:10.460000+00:00,1.0,P
610,3213,2021-01-24T22:16:12.600000+00:00,1.0,S
611,2999,2021-01-24T22:16:10.460000+00:00,1.0,P
611,3213,2021-01-24T22:16:12.600000+00:00,1.0,S
612,2999,2021-01-24T22:16:10.460000+00:00,1.0,P
612,3213,2021-01-24T22:16:12.600000+00:00,1.0,S
613,2999,2021-01-24T22:16:10.460000+00:00,1.0,P
613,3212,2021-01-24T22:16:12.589999+00:00,1.0,S
614,2999,2021-01-24T22:16:10.460000+00:00,1.0,P
614,3212,2021-01-24T22:16:12.589999+00:00,1.0,S
615,2999,2021-01-24T22:16:10.460000+00:00,1.0,P
615,3212,2021-01-24T22:16:12.589999+00:00,1.0,S
616,2999,2021-01-24T22:16:10.460000+00:00,1.0,P
616,3212,2021-01-24T22:16:12.589999+00:00,1.0,S
617,2998,2021-01-24T22:16:10.450000+00:00,1.0,P
617,3212,2021-01-24T22:16:12.589999+00:00,1.0,S
618,2998,2021-01-24T22:16:10.450000+00:00,1.0,P
618,3211,2021-01-24T22:16:12.580000+00:00,1.0,S
619,2998,2021-01-24T22:16:10.450000+00:00,1.0,P
619,3211,2021-01-24T22:16:12.580000+00:00,1.0,S
620,2998,2021-01-24T22:16:10.450000+00:00,1.0,P
620,3211,2021-01-24T22:16:12.580000+00:00,1.0,S
621,2998,2021-01-24T22:16:10.450000+00:00,1.0,P
621,3211,2021-01-24T22:16:12.580000+00:00,1.0,S
622,2998,2021-01-24T22:16:10.450000+00:00,1.0,P
622,3211,2021-01-24T22:16:12.580000+00:00,1.0,S
623,2998,2021-01-24T22:16:10.450000+00:00,1.0,P
623,3211,2021-01-24T22:16:12.580000+00:00,1.0,S
624,2998,2021-01-24T22:16:10.450000+00:00,1.0,P
624,3211,2021-01-24T22:16:12.580000+00:00,1.0,S
625,2997,2021-01-24T22:16:10.440000+00:00,1.0,P
625,3210,2021-01-24T22:16:12.570000+00:00,1.0,S
626,2997,2021-01-24T22:16:10.440000+00:00,1.0,P
626,3210,2021-01-24T22:16:12.570000+00:00,1.0,S
627,2997,2021-01-24T22:16:10.440000+00:00,1.0,P
627,3210,2021-01-24T22:16:12.570000+00:00,1.0,S
628,2997,2021-01-24T22:16:10.440000+00:00,1.0,P
628,3210,2021-01-24T22:16:12.570000+00:00,1.0,S
629,2997,2021-01-24T22:16:10.440000+00:00,1.0,P
629,3210,2021-01-24T22:16:12.570000+00:00,1.0,S
630,2997,2021-01-24T22:16:10.440000+00:00,1.0,P
630,3210,2021-01-24T22:16:12.570000+00:00,1.0,S
631,2997,2021-01-24T22:16:10.440000+00:00,1.0,P
631,3210,2021-01-24T22:16:12.570000+00:00,1.0,S
632,2997,2021-01-24T22:16:10.440000+00:00,1.0,P
632,3210,2021-01-24T22:16:12.570000+00:00,1.0,S
633,2997,2021-01-24T22:16:10.440000+00:00,1.0,P
633,3210,2021-01-24T22:16:12.570000+00:00,1.0,S
634,2996,2021-01-24T22:16:10.430000+00:00,1.0,P
634,3210,2021-01-24T22:16:12.570000+00:00,1.0,S
635,2996,2021-01-24T22:16:10.430000+00:00,1.0,P
635,3210,2021-01-24T22:16:12.570000+00:00,1.0,S
636,2996,2021-01-24T22:16:10.430000+00:00,1.0,P
636,3210,2021-01-24T22:16:12.570000+00:00,1.0,S
637,2996,2021-01-24T22:16:10.430000+00:00,1.0,P
637,3210,2021-01-24T22:16:12.570000+00:00,1.0,S
638,2996,2021-01-24T22:16:10.430000+00:00,1.0,P
638,3210,2021-01-24T22:16:12.570000+00:00,1.0,S
639,2996,2021-01-24T22:16:10.430000+00:00,1.0,P
639,3210,2021-01-24T22:16:12.570000+00:00,1.0,S
640,2996,2021-01-24T22:16:10.430000+00:00,1.0,P
640,3210,2021-01-24T22:16:12.570000+00:00,1.0,S
641,2996,2021-01-24T22:16:10.430000+00:00,1.0,P
641,3210,2021-01-24T22:16:12.570000+00:00,1.0,S
642,2996,2021-01-24T22:16:10.430000+00:00,1.0,P
642,3210,2021-01-24T22:16:12.570000+00:00,1.0,S
643,2995,2021-01-24T22:16:10.420000+00:00,1.0,P
643,3210,2021-01-24T22:16:12.570000+00:00,1.0,S
644,2995,2021-01-24T22:16:10.420000+00:00,1.0,P
644,3210,2021-01-24T22:16:12.570000+00:00,1.0,S
645,2995,2021-01-24T22:16:10.420000+00:00,1.0,P
645,3210,2021-01-24T22:16:12.570000+00:00,1.0,S
646,2995,2021-01-24T22:16:10.420000+00:00,1.0,P
646,3210,2021-01-24T22:16:12.570000+00:00,1.0,S
647,2995,2021-01-24T22:16:10.420000+00:00,1.0,P
647,3210,2021-01-24T22:16:12.570000+00:00,1.0,S
648,2995,2021-01-24T22:16:10.420000+00:00,1.0,P
648,3210,2021-01-24T22:16:12.570000+00:00,1.0,S
649,2995,2021-01-24T22:16:10.420000+00:00,1.0,P
649,3210,2021-01-24T22:16:12.570000+00:00,1.0,S
650,2995,2021-01-24T22:16:10.420000+00:00,1.0,P
650,3210,2021-01-24T22:16:12.570000+00:00,1.0,S
651,2995,2021-01-24T22:16:10.420000+00:00,1.0,P
651,3210,2021-01-24T22:16:12.570000+00:00,1.0,S
652,2994,2021-01-24T22:16:10.410000+00:00,1.0,P
652,3210,2021-01-24T22:16:12.570000+00:00,1.0,S
653,2994,2021-01-24T22:16:10.410000+00:00,1.0,P
653,3210,2021-01-24T22:16:12.570000+00:00,1.0,S
654,2994,2021-01-24T22:16:10.410000+00:00,1.0,P
654,3210,2021-01-24T22:16:12.570000+00:00,1.0,S
655,2994,2021-01-24T22:16:10.410000+00:00,1.0,P
655,3210,2021-01-24T22:16:12.570000+00:00,1.0,S
656,2994,2021-01-24T22:16:10.410000+00:00,1.0,P
656,3210,2021-01-24T22:16:12.570000+00:00,1.0,S
657,2994,2021-01-24T22:16:10.410000+00:00,1.0,P
657,3209,2021-01-24T22:16:12.560000+00:00,1.0,S
658,2994,2021-01-24T22:16:10.410000+00:00,1.0,P
658,3209,2021-01-24T22:16:12.560000+00:00,1.0,S
659,2994,2021-01-24T22:16:10.410000+00:00,1.0,P
659,3209,2021-01-24T22:16:12.560000+00:00,1.0,S
660,2994,2021-01-24T22:16:10.410000+00:00,1.0,P
660,3209,2021-01-24T22:16:12.560000+00:00,1.0,S
661,2994,2021-01-24T22:16:10.410000+00:00,1.0,P
661,3209,2021-01-24T22:16:12.560000+00:00,1.0,S
662,2993,2021-01-24T22:16:10.400000+00:00,1.0,P
662,3209,2021-01-24T22:16:12.560000+00:00,1.0,S
663,2993,2021-01-24T22:16:10.400000+00:00,1.0,P
663,3209,2021-01-24T22:16:12.560000+00:00,1.0,S
664,2993,2021-01-24T22:16:10.400000+00:00,1.0,P
664,3209,2021-01-24T22:16:12.560000+00:00,1.0,S
665,2993,2021-01-24T22:16:10.400000+00:00,1.0,P
665,3209,2021-01-24T22:16:12.560000+00:00,1.0,S
666,2993,2021-01-24T22:16:10.400000+00:00,1.0,P
666,3209,2021-01-24T22:16:12.560000+00:00,1.0,S
667,2993,2021-01-24T22:16:10.400000+00:00,1.0,P
667,3209,2021-01-24T22:16:12.560000+00:00,1.0,S
668,2993,2021-01-24T22:16:10.400000+00:00,1.0,P
668,3209,2021-01-24T22:16:12.560000+00:00,1.0,S
669,2993,2021-01-24T22:16:10.400000+00:00,1.0,P
669,3209,2021-01-24T22:16:12.560000+00:00,1.0,S
670,2993,2021-01-24T22:16:10.400000+00:00,1.0,P
670,3209,2021-01-24T22:16:12.560000+00:00,1.0,S
671,2993,2021-01-24T22:16:10.400000+00:00,1.0,P
671,3209,2021-01-24T22:16:12.560000+00:00,1.0,S
672,2992,2021-01-24T22:16:10.390000+00:00,1.0,P
672,3209,2021-01-24T22:16:12.560000+00:00,1.0,S
673,2992,2021-01-24T22:16:10.390000+00:00,1.0,P
673,3209,2021-01-24T22:16:12.560000+00:00,1.0,S
674,2992,2021-01-24T22:16:10.390000+00:00,1.0,P
674,3209,2021-01-24T22:16:12.560000+00:00,1.0,S
675,2992,2021-01-24T22:16:10.390000+00:00,1.0,P
675,3209,2021-01-24T22:16:12.560000+00:00,1.0,S
676,2992,2021-01-24T22:16:10.390000+00:00,1.0,P
676,3209,2021-01-24T22:16:12.560000+00:00,1.0,S
677,2992,2021-01-24T22:16:10.390000+00:00,1.0,P
677,3208,2021-01-24T22:16:12.550000+00:00,1.0,S
678,2992,2021-01-24T22:16:10.390000+00:00,1.0,P
678,3208,2021-01-24T22:16:12.550000+00:00,1.0,S
679,2992,2021-01-24T22:16:10.390000+00:00,1.0,P
679,3208,2021-01-24T22:16:12.550000+00:00,1.0,S
680,2992,2021-01-24T22:16:10.390000+00:00,1.0,P
680,3208,2021-01-24T22:16:12.550000+00:00,1.0,S
681,2992,2021-01-24T22:16:10.390000+00:00,1.0,P
681,3208,2021-01-24T22:16:12.550000+00:00,1.0,S
682,2992,2021-01-24T22:16:10.390000+00:00,1.0,P
682,3208,2021-01-24T22:16:12.550000+00:00,1.0,S
683,2992,2021-01-24T22:16:10.390000+00:00,1.0,P
683,3208,2021-01-24T22:16:12.550000+00:00,1.0,S
684,2992,2021-01-24T22:16:10.390000+00:00,1.0,P
684,3208,2021-01-24T22:16:12.550000+00:00,1.0,S
685,2992,2021-01-24T22:16:10.390000+00:00,1.0,P
685,3208,2021-01-24T22:16:12.550000+00:00,1.0,S
686,2992,2021-01-24T22:16:10.390000+00:00,1.0,P
686,3208,2021-01-24T22:16:12.550000+00:00,1.0,S
687,2991,2021-01-24T22:16:10.380000+00:00,1.0,P
687,3208,2021-01-24T22:16:12.550000+00:00,1.0,S
688,2991,2021-01-24T22:16:10.380000+00:00,1.0,P
688,3207,2021-01-24T22:16:12.540000+00:00,1.0,S
689,2991,2021-01-24T22:16:10.380000+00:00,1.0,P
689,3207,2021-01-24T22:16:12.540000+00:00,1.0,S
690,2991,2021-01-24T22:16:10.380000+00:00,1.0,P
690,3207,2021-01-24T22:16:12.540000+00:00,1.0,S
691,2991,2021-01-24T22:16:10.380000+00:00,1.0,P
691,3207,2021-01-24T22:16:12.540000+00:00,1.0,S
692,2991,2021-01-24T22:16:10.380000+00:00,1.0,P
692,3207,2021-01-24T22:16:12.540000+00:00,1.0,S
693,2991,2021-01-24T22:16:10.380000+00:00,1.0,P
693,3207,2021-01-24T22:16:12.540000+00:00,1.0,S
694,2991,2021-01-24T22:16:10.380000+00:00,1.0,P
694,3207,2021-01-24T22:16:12.540000+00:00,1.0,S
695,2991,2021-01-24T22:16:10.380000+00:00,1.0,P
695,3207,2021-01-24T22:16:12.540000+00:00,1.0,S
696,2991,2021-01-24T22:16:10.380000+00:00,1.0,P
696,3207,2021-01-24T22:16:12.540000+00:00,1.0,S
697,2991,2021-01-24T22:16:10.380000+00:00,1.0,P
697,3206,2021-01-24T22:16:12.530000+00:00,1.0,S
698,2991,2021-01-24T22:16:10.380000+00:00,1.0,P
698,3206,2021-01-24T22:16:12.530000+00:00,1.0,S
699,2991,2021-01-24T22:16:10.380000+00:00,1.0,P
699,3206,2021-01-24T22:16:12.530000+00:00,1.0,S
700,2991,2021-01-24T22:16:10.380000+00:00,1.0,P
700,3206,2021-01-24T22:16:12.530000+00:00,1.0,S
701,2991,2021-01-24T22:16:10.380000+00:00,1.0,P
701,3206,2021-01-24T22:16:12.530000+00:00,1.0,S
702,2991,2021-01-24T22:16:10.380000+00:00,1.0,P
702,3206,2021-01-24T22:16:12.530000+00:00,1.0,S
703,2991,2021-01-24T22:16:10.380000+00:00,1.0,P
703,3206,2021-01-24T22:16:12.530000+00:00,1.0,S
704,2991,2021-01-24T22:16:10.380000+00:00,1.0,P
704,3206,2021-01-24T22:16:12.530000+00:00,1.0,S
705,2991,2021-01-24T22:16:10.380000+00:00,1.0,P
705,3206,2021-01-24T22:16:12.530000+00:00,1.0,S
706,2991,2021-01-24T22:16:10.380000+00:00,1.0,P
706,3206,2021-01-24T22:16:12.530000+00:00,1.0,S
707,2990,2021-01-24T22:16:10.370000+00:00,1.0,P
707,3206,2021-01-24T22:16:12.530000+00:00,1.0,S
708,2990,2021-01-24T22:16:10.370000+00:00,1.0,P
708,3205,2021-01-24T22:16:12.519999+00:00,1.0,S
709,2990,2021-01-24T22:16:10.370000+00:00,1.0,P
709,3205,2021-01-24T22:16:12.519999+00:00,1.0,S
710,2990,2021-01-24T22:16:10.370000+00:00,1.0,P
710,3205,2021-01-24T22:16:12.519999+00:00,1.0,S
711,2990,2021-01-24T22:16:10.370000+00:00,1.0,P
711,3205,2021-01-24T22:16:12.519999+00:00,1.0,S
712,2990,2021-01-24T22:16:10.370000+00:00,1.0,P
712,3205,2021-01-24T22:16:12.519999+00:00,1.0,S
713,2990,2021-01-24T22:16:10.370000+00:00,1.0,P
713,3205,2021-01-24T22:16:12.519999+00:00,1.0,S
714,2990,2021-01-24T22:16:10.370000+00:00,1.0,P
714,3205,2021-01-24T22:16:12.519999+00:00,1.0,S
715,2990,2021-01-24T22:16:10.370000+00:00,1.0,P
715,3205,2021-01-24T22:16:12.519999+00:00,1.0,S
716,2990,2021-01-24T22:16:10.370000+00:00,1.0,P
716,3205,2021-01-24T22:16:12.519999+00:00,1.0,S
717,2990,2021-01-24T22:16:10.370000+00:00,1.0,P
717,3205,2021-01-24T22:16:12.519999+00:00,1.0,S
718,2990,2021-01-24T22:16:10.370000+00:00,1.0,P
718,3204,2021-01-24T22:16:12.510000+00:00,1.0,S
719,2990,2021-01-24T22:16:10.370000+00:00,1.0,P
719,3204,2021-01-24T22:16:12.510000+00:00,1.0,S
720,2990,2021-01-24T22:16:10.370000+00:00,1.0,P
720,3204,2021-01-24T22:16:12.510000+00:00,1.0,S
721,2990,2021-01-24T22:16:10.370000+00:00,1.0,P
721,3204,2021-01-24T22:16:12.510000+00:00,1.0,S
722,2990,2021-01-24T22:16:10.370000+00:00,1.0,P
722,3204,2021-01-24T22:16:12.510000+00:00,1.0,S
723,2990,2021-01-24T22:16:10.370000+00:00,1.0,P
723,3204,2021-01-24T22:16:12.510000+00:00,1.0,S
724,2990,2021-01-24T22:16:10.370000+00:00,1.0,P
724,3204,2021-01-24T22:16:12.510000+00:00,1.0,S
725,2990,2021-01-24T22:16:10.370000+00:00,1.0,P
725,3204,2021-01-24T22:16:12.510000+00:00,1.0,S
726,2990,2021-01-24T22:16:10.370000+00:00,1.0,P
726,3204,2021-01-24T22:16:12.510000+00:00,1.0,S
727,2990,2021-01-24T22:16:10.370000+00:00,1.0,P
727,3204,2021-01-24T22:16:12.510000+00:00,1.0,S
728,2989,2021-01-24T22:16:10.360000+00:00,1.0,P
728,3204,2021-01-24T22:16:12.510000+00:00,1.0,S
729,2989,2021-01-24T22:16:10.360000+00:00,1.0,P
729,3204,2021-01-24T22:16:12.510000+00:00,1.0,S
730,2989,2021-01-24T22:16:10.360000+00:00,1.0,P
730,3204,2021-01-24T22:16:12.510000+00:00,1.0,S
731,2989,2021-01-24T22:16:10.360000+00:00,1.0,P
731,3204,2021-01-24T22:16:12.510000+00:00,1.0,S
732,2989,2021-01-24T22:16:10.360000+00:00,1.0,P
732,3204,2021-01-24T22:16:12.510000+00:00,1.0,S
733,2989,2021-01-24T22:16:10.360000+00:00,1.0,P
733,3204,2021-01-24T22:16:12.510000+00:00,1.0,S
734,2989,2021-01-24T22:16:10.360000+00:00,1.0,P
734,3204,2021-01-24T22:16:12.510000+00:00,1.0,S
735,2989,2021-01-24T22:16:10.360000+00:00,1.0,P
735,3204,2021-01-24T22:16:12.510000+00:00,1.0,S
736,2989,2021-01-24T22:16:10.360000+00:00,1.0,P
736,3204,2021-01-24T22:16:12.510000+00:00,1.0,S
737,2989,2021-01-24T22:16:10.360000+00:00,1.0,P
737,3204,2021-01-24T22:16:12.510000+00:00,1.0,S
738,2989,2021-01-24T22:16:10.360000+00:00,1.0,P
738,3204,2021-01-24T22:16:12.510000+00:00,1.0,S
739,2989,2021-01-24T22:16:10.360000+00:00,1.0,P
739,3204,2021-01-24T22:16:12.510000+00:00,1.0,S
740,2989,2021-01-24T22:16:10.360000+00:00,1.0,P
740,3204,2021-01-24T22:16:12.510000+00:00,1.0,S
741,2989,2021-01-24T22:16:10.360000+00:00,1.0,P
741,3204,2021-01-24T22:16:12.510000+00:00,1.0,S
742,2989,2021-01-24T22:16:10.360000+00:00,1.0,P
742,3204,2021-01-24T22:16:12.510000+00:00,1.0,S
743,2989,2021-01-24T22:16:10.360000+00:00,1.0,P
743,3204,2021-01-24T22:16:12.510000+00:00,1.0,S
744,2989,2021-01-24T22:16:10.360000+00:00,1.0,P
744,3204,2021-01-24T22:16:12.510000+00:00,1.0,S
745,2989,2021-01-24T22:16:10.360000+00:00,1.0,P
745,3204,2021-01-24T22:16:12.510000+00:00,1.0,S
746,2989,2021-01-24T22:16:10.360000+00:00,1.0,P
746,3204,2021-01-24T22:16:12.510000+00:00,1.0,S
747,2988,2021-01-24T22:16:10.350000+00:00,1.0,P
747,3204,2021-01-24T22:16:12.510000+00:00,1.0,S
748,2988,2021-01-24T22:16:10.350000+00:00,1.0,P
748,3204,2021-01-24T22:16:12.510000+00:00,1.0,S
749,2988,2021-01-24T22:16:10.350000+00:00,1.0,P
749,3204,2021-01-24T22:16:12.510000+00:00,1.0,S
750,2988,2021-01-24T22:16:10.350000+00:00,1.0,P
750,3204,2021-01-24T22:16:12.510000+00:00,1.0,S
751,2988,2021-01-24T22:16:10.350000+00:00,1.0,P
751,3204,2021-01-24T22:16:12.510000+00:00,1.0,S
752,2988,2021-01-24T22:16:10.350000+00:00,1.0,P
752,3204,2021-01-24T22:16:12.510000+00:00,1.0,S
753,2988,2021-01-24T22:16:10.350000+00:00,1.0,P
753,3204,2021-01-24T22:16:12.510000+00:00,1.0,S
754,2988,2021-01-24T22:16:10.350000+00:00,1.0,P
754,3204,2021-01-24T22:16:12.510000+00:00,1.0,S
755,2988,2021-01-24T22:16:10.350000+00:00,1.0,P
755,3204,2021-01-24T22:16:12.510000+00:00,1.0,S
756,2988,2021-01-24T22:16:10.350000+00:00,1.0,P
756,3204,2021-01-24T22:16:12.510000+00:00,1.0,S
757,2988,2021-01-24T22:16:10.350000+00:00,1.0,P
757,3205,2021-01-24T22:16:12.519999+00:00,1.0,S
758,2988,2021-01-24T22:16:10.350000+00:00,1.0,P
758,3205,2021-01-24T22:16:12.519999+00:00,1.0,S
759,2988,2021-01-24T22:16:10.350000+00:00,1.0,P
759,3205,2021-01-24T22:16:12.519999+00:00,1.0,S
760,2988,2021-01-24T22:16:10.350000+00:00,1.0,P
760,3205,2021-01-24T22:16:12.519999+00:00,1.0,S
761,2988,2021-01-24T22:16:10.350000+00:00,1.0,P
761,3205,2021-01-24T22:16:12.519999+00:00,1.0,S
762,2988,2021-01-24T22:16:10.350000+00:00,1.0,P
762,3205,2021-01-24T22:16:12.519999+00:00,1.0,S
763,2988,2021-01-24T22:16:10.350000+00:00,1.0,P
763,3205,2021-01-24T22:16:12.519999+00:00,1.0,S
764,2988,2021-01-24T22:16:10.350000+00:00,1.0,P
764,3205,2021-01-24T22:16:12.519999+00:00,1.0,S
765,2988,2021-01-24T22:16:10.350000+00:00,1.0,P
765,3205,2021-01-24T22:16:12.519999+00:00,1.0,S
766,2988,2021-01-24T22:16:10.350000+00:00,1.0,P
766,3205,2021-01-24T22:16:12.519999+00:00,1.0,S
767,2987,2021-01-24T22:16:10.340000+00:00,1.0,P
767,3205,2021-01-24T22:16:12.519999+00:00,1.0,S
768,2987,2021-01-24T22:16:10.340000+00:00,1.0,P
768,3205,2021-01-24T22:16:12.519999+00:00,1.0,S
769,2987,2021-01-24T22:16:10.340000+00:00,1.0,P
769,3205,2021-01-24T22:16:12.519999+00:00,1.0,S
770,2987,2021-01-24T22:16:10.340000+00:00,1.0,P
770,3205,2021-01-24T22:16:12.519999+00:00,1.0,S
771,2987,2021-01-24T22:16:10.340000+00:00,1.0,P
771,3205,2021-01-24T22:16:12.519999+00:00,1.0,S
772,2987,2021-01-24T22:16:10.340000+00:00,1.0,P
772,3205,2021-01-24T22:16:12.519999+00:00,1.0,S
773,2987,2021-01-24T22:16:10.340000+00:00,1.0,P
773,3205,2021-01-24T22:16:12.519999+00:00,1.0,S
774,2987,2021-01-24T22:16:10.340000+00:00,1.0,P
774,3205,2021-01-24T22:16:12.519999+00:00,1.0,S
775,2987,2021-01-24T22:16:10.340000+00:00,1.0,P
775,3205,2021-01-24T22:16:12.519999+00:00,1.0,S
776,2987,2021-01-24T22:16:10.340000+00:00,1.0,P
776,3205,2021-01-24T22:16:12.519999+00:00,1.0,S
777,2987,2021-01-24T22:16:10.340000+00:00,1.0,P
777,3205,2021-01-24T22:16:12.519999+00:00,1.0,S
778,2987,2021-01-24T22:16:10.340000+00:00,1.0,P
778,3205,2021-01-24T22:16:12.519999+00:00,1.0,S
779,2987,2021-01-24T22:16:10.340000+00:00,1.0,P
779,3205,2021-01-24T22:16:12.519999+00:00,1.0,S
780,2987,2021-01-24T22:16:10.340000+00:00,1.0,P
780,3205,2021-01-24T22:16:12.519999+00:00,1.0,S
781,2987,2021-01-24T22:16:10.340000+00:00,1.0,P
781,3206,2021-01-24T22:16:12.530000+00:00,1.0,S
782,2987,2021-01-24T22:16:10.340000+00:00,1.0,P
782,3206,2021-01-24T22:16:12.530000+00:00,1.0,S
783,2987,2021-01-24T22:16:10.340000+00:00,1.0,P
783,3206,2021-01-24T22:16:12.530000+00:00,1.0,S
784,2987,2021-01-24T22:16:10.340000+00:00,1.0,P
784,3206,2021-01-24T22:16:12.530000+00:00,1.0,S
785,2987,2021-01-24T22:16:10.340000+00:00,1.0,P
785,3206,2021-01-24T22:16:12.530000+00:00,1.0,S
786,2987,2021-01-24T22:16:10.340000+00:00,1.0,P
786,3206,2021-01-24T22:16:12.530000+00:00,1.0,S
787,2987,2021-01-24T22:16:10.340000+00:00,1.0,P
787,3206,2021-01-24T22:16:12.530000+00:00,1.0,S
788,2987,2021-01-24T22:16:10.340000+00:00,1.0,P
788,3206,2021-01-24T22:16:12.530000+00:00,1.0,S
789,2987,2021-01-24T22:16:10.340000+00:00,1.0,P
789,3206,2021-01-24T22:16:12.530000+00:00,1.0,S
790,2987,2021-01-24T22:16:10.340000+00:00,1.0,P
790,3206,2021-01-24T22:16:12.530000+00:00,1.0,S
791,2987,2021-01-24T22:16:10.340000+00:00,1.0,P
791,3206,2021-01-24T22:16:12.530000+00:00,1.0,S
792,2987,2021-01-24T22:16:10.340000+00:00,1.0,P
792,3206,2021-01-24T22:16:12.530000+00:00,1.0,S
793,2986,2021-01-24T22:16:10.330000+00:00,1.0,P
793,3206,2021-01-24T22:16:12.530000+00:00,1.0,S
794,2986,2021-01-24T22:16:10.330000+00:00,1.0,P
794,3207,2021-01-24T22:16:12.540000+00:00,1.0,S
795,2986,2021-01-24T22:16:10.330000+00:00,1.0,P
795,3207,2021-01-24T22:16:12.540000+00:00,1.0,S
796,2986,2021-01-24T22:16:10.330000+00:00,1.0,P
796,3207,2021-01-24T22:16:12.540000+00:00,1.0,S
797,2986,2021-01-24T22:16:10.330000+00:00,1.0,P
797,3207,2021-01-24T22:16:12.540000+00:00,1.0,S
798,2986,2021-01-24T22:16:10.330000+00:00,1.0,P
798,3207,2021-01-24T22:16:12.540000+00:00,1.0,S
799,2986,2021-01-24T22:16:10.330000+00:00,1.0,P
799,3207,2021-01-24T22:16:12.540000+00:00,1.0,S
800,2986,2021-01-24T22:16:10.330000+00:00,1.0,P
800,3207,2021-01-24T22:16:12.540000+00:00,1.0,S
801,2986,2021-01-24T22:16:10.330000+00:00,1.0,P
801,3207,2021-01-24T22:16:12.540000+00:00,1.0,S
802,2986,2021-01-24T22:16:10.330000+00:00,1.0,P
802,3207,2021-01-24T22:16:12.540000+00:00,1.0,S
803,2986,2021-01-24T22:16:10.330000+00:00,1.0,P
803,3207,2021-01-24T22:16:12.540000+00:00,1.0,S
804,2986,2021-01-24T22:16:10.330000+00:00,1.0,P
804,3207,2021-01-24T22:16:12.540000+00:00,1.0,S
805,2986,2021-01-24T22:16:10.330000+00:00,1.0,P
805,3207,2021-01-24T22:16:12.540000+00:00,1.0,S
806,2986,2021-01-24T22:16:10.330000+00:00,1.0,P
806,3208,2021-01-24T22:16:12.550000+00:00,1.0,S
807,2986,2021-01-24T22:16:10.330000+00:00,1.0,P
807,3208,2021-01-24T22:16:12.550000+00:00,1.0,S
808,2986,2021-01-24T22:16:10.330000+00:00,1.0,P
808,3208,2021-01-24T22:16:12.550000+00:00,1.0,S
809,2986,2021-01-24T22:16:10.330000+00:00,1.0,P
809,3208,2021-01-24T22:16:12.550000+00:00,1.0,S
810,2986,2021-01-24T22:16:10.330000+00:00,1.0,P
810,3208,2021-01-24T22:16:12.550000+00:00,1.0,S
811,2986,2021-01-24T22:16:10.330000+00:00,1.0,P
811,3208,2021-01-24T22:16:12.550000+00:00,1.0,S
812,2986,2021-01-24T22:16:10.330000+00:00,1.0,P
812,3208,2021-01-24T22:16:12.550000+00:00,1.0,S
813,2986,2021-01-24T22:16:10.330000+00:00,1.0,P
813,3208,2021-01-24T22:16:12.550000+00:00,1.0,S
814,2986,2021-01-24T22:16:10.330000+00:00,1.0,P
814,3208,2021-01-24T22:16:12.550000+00:00,1.0,S
815,2986,2021-01-24T22:16:10.330000+00:00,1.0,P
815,3208,2021-01-24T22:16:12.550000+00:00,1.0,S
816,2986,2021-01-24T22:16:10.330000+00:00,1.0,P
816,3209,2021-01-24T22:16:12.560000+00:00,1.0,S
817,2986,2021-01-24T22:16:10.330000+00:00,1.0,P
817,3209,2021-01-24T22:16:12.560000+00:00,1.0,S
818,2986,2021-01-24T22:16:10.330000+00:00,1.0,P
818,3209,2021-01-24T22:16:12.560000+00:00,1.0,S
819,2986,2021-01-24T22:16:10.330000+00:00,1.0,P
819,3209,2021-01-24T22:16:12.560000+00:00,1.0,S
820,2986,2021-01-24T22:16:10.330000+00:00,1.0,P
820,3209,2021-01-24T22:16:12.560000+00:00,1.0,S
821,2986,2021-01-24T22:16:10.330000+00:00,1.0,P
821,3209,2021-01-24T22:16:12.560000+00:00,1.0,S
822,2986,2021-01-24T22:16:10.330000+00:00,1.0,P
822,3209,2021-01-24T22:16:12.560000+00:00,1.0,S
823,2985,2021-01-24T22:16:10.320000+00:00,1.0,P
823,3209,2021-01-24T22:16:12.560000+00:00,1.0,S
824,2985,2021-01-24T22:16:10.320000+00:00,1.0,P
824,3209,2021-01-24T22:16:12.560000+00:00,1.0,S
825,2985,2021-01-24T22:16:10.320000+00:00,1.0,P
825,3210,2021-01-24T22:16:12.570000+00:00,1.0,S
826,2985,2021-01-24T22:16:10.320000+00:00,1.0,P
826,3210,2021-01-24T22:16:12.570000+00:00,1.0,S
827,2985,2021-01-24T22:16:10.320000+00:00,1.0,P
827,3210,2021-01-24T22:16:12.570000+00:00,1.0,S
828,2985,2021-01-24T22:16:10.320000+00:00,1.0,P
828,3210,2021-01-24T22:16:12.570000+00:00,1.0,S
829,2985,2021-01-24T22:16:10.320000+00:00,1.0,P
829,3210,2021-01-24T22:16:12.570000+00:00,1.0,S
830,2985,2021-01-24T22:16:10.320000+00:00,1.0,P
830,3210,2021-01-24T22:16:12.570000+00:00,1.0,S
831,2985,2021-01-24T22:16:10.320000+00:00,1.0,P
831,3210,2021-01-24T22:16:12.570000+00:00,1.0,S
832,2985,2021-01-24T22:16:10.320000+00:00,1.0,P
832,3210,2021-01-24T22:16:12.570000+00:00,1.0,S
833,2985,2021-01-24T22:16:10.320000+00:00,1.0,P
833,3211,2021-01-24T22:16:12.580000+00:00,1.0,S
834,2985,2021-01-24T22:16:10.320000+00:00,1.0,P
834,3211,2021-01-24T22:16:12.580000+00:00,1.0,S
835,2985,2021-01-24T22:16:10.320000+00:00,1.0,P
835,3211,2021-01-24T22:16:12.580000+00:00,1.0,S
836,2985,2021-01-24T22:16:10.320000+00:00,1.0,P
836,3211,2021-01-24T22:16:12.580000+00:00,1.0,S
837,2985,2021-01-24T22:16:10.320000+00:00,1.0,P
837,3211,2021-01-24T22:16:12.580000+00:00,1.0,S
838,2985,2021-01-24T22:16:10.320000+00:00,1.0,P
838,3211,2021-01-24T22:16:12.580000+00:00,1.0,S
839,2985,2021-01-24T22:16:10.320000+00:00,1.0,P
839,3211,2021-01-24T22:16:12.580000+00:00,1.0,S
840,2985,2021-01-24T22:16:10.320000+00:00,1.0,P
840,3211,2021-01-24T22:16:12.580000+00:00,1.0,S
841,2985,2021-01-24T22:16:10.320000+00:00,1.0,P
841,3212,2021-01-24T22:16:12.589999+00:00,1.0,S
842,2985,2021-01-24T22:16:10.320000+00:00,1.0,P
842,3212,2021-01-24T22:16:12.589999+00:00,1.0,S
843,2985,2021-01-24T22:16:10.320000+00:00,1.0,P
843,3212,2021-01-24T22:16:12.589999+00:00,1.0,S
844,2985,2021-01-24T22:16:10.320000+00:00,1.0,P
844,3212,2021-01-24T22:16:12.589999+00:00,1.0,S
845,2985,2021-01-24T22:16:10.320000+00:00,1.0,P
845,3212,2021-01-24T22:16:12.589999+00:00,1.0,S
846,2985,2021-01-24T22:16:10.320000+00:00,1.0,P
846,3212,2021-01-24T22:16:12.589999+00:00,1.0,S
847,2985,2021-01-24T22:16:10.320000+00:00,1.0,P
847,3213,2021-01-24T22:16:12.600000+00:00,1.0,S
848,2985,2021-01-24T22:16:10.320000+00:00,1.0,P
848,3213,2021-01-24T22:16:12.600000+00:00,1.0,S
849,2985,2021-01-24T22:16:10.320000+00:00,1.0,P
849,3213,2021-01-24T22:16:12.600000+00:00,1.0,S
850,2985,2021-01-24T22:16:10.320000+00:00,1.0,P
850,3213,2021-01-24T22:16:12.600000+00:00,1.0,S
851,2985,2021-01-24T22:16:10.320000+00:00,1.0,P
851,3213,2021-01-24T22:16:12.600000+00:00,1.0,S
852,2985,2021-01-24T22:16:10.320000+00:00,1.0,P
852,3213,2021-01-24T22:16:12.600000+00:00,1.0,S
853,2985,2021-01-24T22:16:10.320000+00:00,1.0,P
853,3213,2021-01-24T22:16:12.600000+00:00,1.0,S
854,2985,2021-01-24T22:16:10.320000+00:00,1.0,P
854,3214,2021-01-24T22:16:12.610000+00:00,1.0,S
855,2985,2021-01-24T22:16:10.320000+00:00,1.0,P
855,3214,2021-01-24T22:16:12.610000+00:00,1.0,S
856,2985,2021-01-24T22:16:10.320000+00:00,1.0,P
856,3214,2021-01-24T22:16:12.610000+00:00,1.0,S
857,2985,2021-01-24T22:16:10.320000+00:00,1.0,P
857,3214,2021-01-24T22:16:12.610000+00:00,1.0,S
858,2985,2021-01-24T22:16:10.320000+00:00,1.0,P
858,3214,2021-01-24T22:16:12.610000+00:00,1.0,S
859,2985,2021-01-24T22:16:10.320000+00:00,1.0,P
859,3214,2021-01-24T22:16:12.610000+00:00,1.0,S
860,2985,2021-01-24T22:16:10.320000+00:00,1.0,P
860,3215,2021-01-24T22:16:12.620000+00:00,1.0,S
861,2985,2021-01-24T22:16:10.320000+00:00,1.0,P
861,3215,2021-01-24T22:16:12.620000+00:00,1.0,S
862,2985,2021-01-24T22:16:10.320000+00:00,1.0,P
862,3215,2021-01-24T22:16:12.620000+00:00,1.0,S
863,2985,2021-01-24T22:16:10.320000+00:00,1.0,P
863,3215,2021-01-24T22:16:12.620000+00:00,1.0,S
864,2985,2021-01-24T22:16:10.320000+00:00,1.0,P
864,3215,2021-01-24T22:16:12.620000+00:00,1.0,S
865,2985,2021-01-24T22:16:10.320000+00:00,1.0,P
865,3216,2021-01-24T22:16:12.630000+00:00,1.0,S
866,2985,2021-01-24T22:16:10.320000+00:00,1.0,P
866,3216,2021-01-24T22:16:12.630000+00:00,1.0,S
867,2985,2021-01-24T22:16:10.320000+00:00,1.0,P
867,3216,2021-01-24T22:16:12.630000+00:00,1.0,S
868,2985,2021-01-24T22:16:10.320000+00:00,1.0,P
868,3216,2021-01-24T22:16:12.630000+00:00,1.0,S
869,2984,2021-01-24T22:16:10.310000+00:00,1.0,P
869,3217,2021-01-24T22:16:12.640000+00:00,1.0,S
870,2984,2021-01-24T22:16:10.310000+00:00,1.0,P
870,3217,2021-01-24T22:16:12.640000+00:00,1.0,S
871,2984,2021-01-24T22:16:10.310000+00:00,1.0,P
871,3217,2021-01-24T22:16:12.640000+00:00,1.0,S
872,2984,2021-01-24T22:16:10.310000+00:00,1.0,P
872,3217,2021-01-24T22:16:12.640000+00:00,1.0,S
873,2984,2021-01-24T22:16:10.310000+00:00,1.0,P
873,3217,2021-01-24T22:16:12.640000+00:00,1.0,S
874,2984,2021-01-24T22:16:10.310000+00:00,1.0,P
874,3217,2021-01-24T22:16:12.640000+00:00,1.0,S
875,2984,2021-01-24T22:16:10.310000+00:00,1.0,P
875,3218,2021-01-24T22:16:12.650000+00:00,1.0,S
876,2984,2021-01-24T22:16:10.310000+00:00,1.0,P
876,3218,2021-01-24T22:16:12.650000+00:00,1.0,S
877,2984,2021-01-24T22:16:10.310000+00:00,1.0,P
877,3218,2021-01-24T22:16:12.650000+00:00,1.0,S
878,2984,2021-01-24T22:16:10.310000+00:00,1.0,P
878,3218,2021-01-24T22:16:12.650000+00:00,1.0,S
879,2984,2021-01-24T22:16:10.310000+00:00,1.0,P
879,3218,2021-01-24T22:16:12.650000+00:00,1.0,S
880,2984,2021-01-24T22:16:10.310000+00:00,1.0,P
880,3219,2021-01-24T22:16:12.659999+00:00,1.0,S
881,2984,2021-01-24T22:16:10.310000+00:00,1.0,P
881,3219,2021-01-24T22:16:12.659999+00:00,1.0,S
882,2984,2021-01-24T22:16:10.310000+00:00,1.0,P
882,3219,2021-01-24T22:16:12.659999+00:00,1.0,S
883,2984,2021-01-24T22:16:10.310000+00:00,1.0,P
883,3219,2021-01-24T22:16:12.659999+00:00,1.0,S
884,2984,2021-01-24T22:16:10.310000+00:00,1.0,P
884,3220,2021-01-24T22:16:12.670000+00:00,1.0,S
885,2984,2021-01-24T22:16:10.310000+00:00,1.0,P
885,3220,2021-01-24T22:16:12.670000+00:00,1.0,S
886,2984,2021-01-24T22:16:10.310000+00:00,1.0,P
886,3220,2021-01-24T22:16:12.670000+00:00,1.0,S
887,2984,2021-01-24T22:16:10.310000+00:00,1.0,P
887,3221,2021-01-24T22:16:12.680000+00:00,1.0,S
888,2984,2021-01-24T22:16:10.310000+00:00,1.0,P
888,3221,2021-01-24T22:16:12.680000+00:00,1.0,S
889,2984,2021-01-24T22:16:10.310000+00:00,1.0,P
889,3221,2021-01-24T22:16:12.680000+00:00,1.0,S
890,2984,2021-01-24T22:16:10.310000+00:00,1.0,P
890,3221,2021-01-24T22:16:12.680000+00:00,1.0,S
891,2984,2021-01-24T22:16:10.310000+00:00,1.0,P
891,3222,2021-01-24T22:16:12.690000+00:00,1.0,S
892,2984,2021-01-24T22:16:10.310000+00:00,1.0,P
892,3222,2021-01-24T22:16:12.690000+00:00,1.0,S
893,2984,2021-01-24T22:16:10.310000+00:00,1.0,P
893,3222,2021-01-24T22:16:12.690000+00:00,1.0,S
894,2984,2021-01-24T22:16:10.310000+00:00,1.0,P
894,3222,2021-01-24T22:16:12.690000+00:00,1.0,S
895,2984,2021-01-24T22:16:10.310000+00:00,1.0,P
895,3223,2021-01-24T22:16:12.700000+00:00,1.0,S
896,2984,2021-01-24T22:16:10.310000+00:00,1.0,P
896,3223,2021-01-24T22:16:12.700000+00:00,1.0,S
897,2983,2021-01-24T22:16:10.300000+00:00,1.0,P
897,3223,2021-01-24T22:16:12.700000+00:00,1.0,S
898,2983,2021-01-24T22:16:10.300000+00:00,1.0,P
898,3223,2021-01-24T22:16:12.700000+00:00,1.0,S
899,2983,2021-01-24T22:16:10.300000+00:00,1.0,P
899,3224,2021-01-24T22:16:12.710000+00:00,1.0,S
900,2983,2021-01-24T22:16:10.300000+00:00,1.0,P
900,3224,2021-01-24T22:16:12.710000+00:00,1.0,S
901,2983,2021-01-24T22:16:10.300000+00:00,1.0,P
901,3224,2021-01-24T22:16:12.710000+00:00,1.0,S
902,2983,2021-01-24T22:16:10.300000+00:00,1.0,P
902,3224,2021-01-24T22:16:12.710000+00:00,1.0,S
903,2983,2021-01-24T22:16:10.300000+00:00,1.0,P
903,3225,2021-01-24T22:16:12.720000+00:00,1.0,S
904,2983,2021-01-24T22:16:10.300000+00:00,1.0,P
904,3225,2021-01-24T22:16:12.720000+00:00,1.0,S
905,2983,2021-01-24T22:16:10.300000+00:00,1.0,P
905,3225,2021-01-24T22:16:12.720000+00:00,1.0,S
906,2983,2021-01-24T22:16:10.300000+00:00,1.0,P
906,3225,2021-01-24T22:16:12.720000+00:00,1.0,S
907,2983,2021-01-24T22:16:10.300000+00:00,1.0,P
907,3226,2021-01-24T22:16:12.729999+00:00,1.0,S
908,2983,2021-01-24T22:16:10.300000+00:00,1.0,P
908,3226,2021-01-24T22:16:12.729999+00:00,1.0,S
909,2983,2021-01-24T22:16:10.300000+00:00,1.0,P
909,3226,2021-01-24T22:16:12.729999+00:00,1.0,S
910,2983,2021-01-24T22:16:10.300000+00:00,1.0,P
910,3226,2021-01-24T22:16:12.729999+00:00,1.0,S
911,2983,2021-01-24T22:16:10.300000+00:00,1.0,P
911,3226,2021-01-24T22:16:12.729999+00:00,1.0,S
912,2983,2021-01-24T22:16:10.300000+00:00,1.0,P
912,3227,2021-01-24T22:16:12.740000+00:00,1.0,S
913,2983,2021-01-24T22:16:10.300000+00:00,1.0,P
913,3227,2021-01-24T22:16:12.740000+00:00,1.0,S
914,2983,2021-01-24T22:16:10.300000+00:00,1.0,P
914,3227,2021-01-24T22:16:12.740000+00:00,1.0,S
915,2983,2021-01-24T22:16:10.300000+00:00,1.0,P
915,3227,2021-01-24T22:16:12.740000+00:00,1.0,S
916,2983,2021-01-24T22:16:10.300000+00:00,1.0,P
916,3228,2021-01-24T22:16:12.750000+00:00,1.0,S
917,2983,2021-01-24T22:16:10.300000+00:00,1.0,P
917,3228,2021-01-24T22:16:12.750000+00:00,1.0,S
918,2983,2021-01-24T22:16:10.300000+00:00,1.0,P
918,3228,2021-01-24T22:16:12.750000+00:00,1.0,S
919,2983,2021-01-24T22:16:10.300000+00:00,1.0,P
919,3228,2021-01-24T22:16:12.750000+00:00,1.0,S
920,2983,2021-01-24T22:16:10.300000+00:00,1.0,P
920,3229,2021-01-24T22:16:12.760000+00:00,1.0,S
921,2983,2021-01-24T22:16:10.300000+00:00,1.0,P
921,3229,2021-01-24T22:16:12.760000+00:00,1.0,S
922,2983,2021-01-24T22:16:10.300000+00:00,1.0,P
922,3229,2021-01-24T22:16:12.760000+00:00,1.0,S
923,2983,2021-01-24T22:16:10.300000+00:00,1.0,P
923,3229,2021-01-24T22:16:12.760000+00:00,1.0,S
924,2983,2021-01-24T22:16:10.300000+00:00,1.0,P
924,3229,2021-01-24T22:16:12.760000+00:00,1.0,S
925,2983,2021-01-24T22:16:10.300000+00:00,1.0,P
925,3229,2021-01-24T22:16:12.760000+00:00,1.0,S
926,2983,2021-01-24T22:16:10.300000+00:00,1.0,P
926,3229,2021-01-24T22:16:12.760000+00:00,1.0,S
927,2983,2021-01-24T22:16:10.300000+00:00,1.0,P
927,3230,2021-01-24T22:16:12.769999+00:00,1.0,S
928,2983,2021-01-24T22:16:10.300000+00:00,1.0,P
928,3230,2021-01-24T22:16:12.769999+00:00,1.0,S
929,2983,2021-01-24T22:16:10.300000+00:00,1.0,P
929,3230,2021-01-24T22:16:12.769999+00:00,1.0,S
930,2983,2021-01-24T22:16:10.300000+00:00,1.0,P
930,3230,2021-01-24T22:16:12.769999+00:00,1.0,S
931,2983,2021-01-24T22:16:10.300000+00:00,1.0,P
931,3230,2021-01-24T22:16:12.769999+00:00,1.0,S
932,2983,2021-01-24T22:16:10.300000+00:00,1.0,P
932,3230,2021-01-24T22:16:12.769999+00:00,1.0,S
933,2983,2021-01-24T22:16:10.300000+00:00,1.0,P
933,3230,2021-01-24T22:16:12.769999+00:00,1.0,S
934,2983,2021-01-24T22:16:10.300000+00:00,1.0,P
934,3230,2021-01-24T22:16:12.769999+00:00,1.0,S
935,2983,2021-01-24T22:16:10.300000+00:00,1.0,P
935,3231,2021-01-24T22:16:12.780000+00:00,1.0,S
936,2983,2021-01-24T22:16:10.300000+00:00,1.0,P
936,3231,2021-01-24T22:16:12.780000+00:00,1.0,S
937,2983,2021-01-24T22:16:10.300000+00:00,1.0,P
937,3231,2021-01-24T22:16:12.780000+00:00,1.0,S
938,2983,2021-01-24T22:16:10.300000+00:00,1.0,P
938,3231,2021-01-24T22:16:12.780000+00:00,1.0,S
939,2983,2021-01-24T22:16:10.300000+00:00,1.0,P
939,3231,2021-01-24T22:16:12.780000+00:00,1.0,S
940,2983,2021-01-24T22:16:10.300000+00:00,1.0,P
940,3231,2021-01-24T22:16:12.780000+00:00,1.0,S
941,2983,2021-01-24T22:16:10.300000+00:00,1.0,P
941,3231,2021-01-24T22:16:12.780000+00:00,1.0,S
942,2983,2021-01-24T22:16:10.300000+00:00,1.0,P
942,3231,2021-01-24T22:16:12.780000+00:00,1.0,S
943,2983,2021-01-24T22:16:10.300000+00:00,1.0,P
943,3232,2021-01-24T22:16:12.790000+00:00,1.0,S
944,2983,2021-01-24T22:16:10.300000+00:00,1.0,P
944,3232,2021-01-24T22:16:12.790000+00:00,1.0,S
945,2983,2021-01-24T22:16:10.300000+00:00,1.0,P
945,3232,2021-01-24T22:16:12.790000+00:00,1.0,S
946,2983,2021-01-24T22:16:10.300000+00:00,1.0,P
946,3232,2021-01-24T22:16:12.790000+00:00,1.0,S
947,2983,2021-01-24T22:16:10.300000+00:00,1.0,P
947,3232,2021-01-24T22:16:12.790000+00:00,1.0,S
948,2983,2021-01-24T22:16:10.300000+00:00,1.0,P
948,3232,2021-01-24T22:16:12.790000+00:00,1.0,S
949,2983,2021-01-24T22:16:10.300000+00:00,1.0,P
949,3232,2021-01-24T22:16:12.790000+00:00,1.0,S
950,2983,2021-01-24T22:16:10.300000+00:00,1.0,P
950,3232,2021-01-24T22:16:12.790000+00:00,1.0,S
951,2983,2021-01-24T22:16:10.300000+00:00,1.0,P
951,3232,2021-01-24T22:16:12.790000+00:00,1.0,S
952,2983,2021-01-24T22:16:10.300000+00:00,1.0,P
952,3232,2021-01-24T22:16:12.790000+00:00,1.0,S
953,2983,2021-01-24T22:16:10.300000+00:00,1.0,P
953,3232,2021-01-24T22:16:12.790000+00:00,1.0,S
954,2983,2021-01-24T22:16:10.300000+00:00,1.0,P
954,3232,2021-01-24T22:16:12.790000+00:00,1.0,S
955,2983,2021-01-24T22:16:10.300000+00:00,1.0,P
955,3233,2021-01-24T22:16:12.800000+00:00,1.0,S
956,2983,2021-01-24T22:16:10.300000+00:00,1.0,P
956,3233,2021-01-24T22:16:12.800000+00:00,1.0,S
957,2983,2021-01-24T22:16:10.300000+00:00,1.0,P
957,3233,2021-01-24T22:16:12.800000+00:00,1.0,S
958,2983,2021-01-24T22:16:10.300000+00:00,1.0,P
958,3233,2021-01-24T22:16:12.800000+00:00,1.0,S
959,2983,2021-01-24T22:16:10.300000+00:00,1.0,P
959,3233,2021-01-24T22:16:12.800000+00:00,1.0,S
960,2983,2021-01-24T22:16:10.300000+00:00,1.0,P
960,3233,2021-01-24T22:16:12.800000+00:00,1.0,S
961,2983,2021-01-24T22:16:10.300000+00:00,1.0,P
961,3233,2021-01-24T22:16:12.800000+00:00,1.0,S
962,2983,2021-01-24T22:16:10.300000+00:00,1.0,P
962,3233,2021-01-24T22:16:12.800000+00:00,1.0,S
963,2983,2021-01-24T22:16:10.300000+00:00,1.0,P
963,3233,2021-01-24T22:16:12.800000+00:00,1.0,S
964,2983,2021-01-24T22:16:10.300000+00:00,1.0,P
964,3233,2021-01-24T22:16:12.800000+00:00,1.0,S
965,2983,2021-01-24T22:16:10.300000+00:00,1.0,P
965,3233,2021-01-24T22:16:12.800000+00:00,1.0,S
966,2983,2021-01-24T22:16:10.300000+00:00,1.0,P
966,3233,2021-01-24T22:16:12.800000+00:00,1.0,S
967,2983,2021-01-24T22:16:10.300000+00:00,1.0,P
967,3234,2021-01-24T22:16:12.810000+00:00,1.0,S
968,2983,2021-01-24T22:16:10.300000+00:00,1.0,P
968,3234,2021-01-24T22:16:12.810000+00:00,1.0,S
969,2983,2021-01-24T22:16:10.300000+00:00,1.0,P
969,3234,2021-01-24T22:16:12.810000+00:00,1.0,S
970,2983,2021-01-24T22:16:10.300000+00:00,1.0,P
970,3234,2021-01-24T22:16:12.810000+00:00,1.0,S
971,2983,2021-01-24T22:16:10.300000+00:00,1.0,P
971,3234,2021-01-24T22:16:12.810000+00:00,1.0,S
972,2983,2021-01-24T22:16:10.300000+00:00,1.0,P
972,3234,2021-01-24T22:16:12.810000+00:00,1.0,S
973,2983,2021-01-24T22:16:10.300000+00:00,1.0,P
973,3234,2021-01-24T22:16:12.810000+00:00,1.0,S
974,2983,2021-01-24T22:16:10.300000+00:00,1.0,P
974,3234,2021-01-24T22:16:12.810000+00:00,1.0,S
975,2983,2021-01-24T22:16:10.300000+00:00,1.0,P
975,3234,2021-01-24T22:16:12.810000+00:00,1.0,S
976,2983,2021-01-24T22:16:10.300000+00:00,1.0,P
976,3234,2021-01-24T22:16:12.810000+00:00,1.0,S
977,2983,2021-01-24T22:16:10.300000+00:00,1.0,P
977,3234,2021-01-24T22:16:12.810000+00:00,1.0,S
978,2983,2021-01-24T22:16:10.300000+00:00,1.0,P
978,3234,2021-01-24T22:16:12.810000+00:00,1.0,S
979,2983,2021-01-24T22:16:10.300000+00:00,1.0,P
979,3234,2021-01-24T22:16:12.810000+00:00,1.0,S
980,2983,2021-01-24T22:16:10.300000+00:00,1.0,P
980,3234,2021-01-24T22:16:12.810000+00:00,1.0,S
981,2983,2021-01-24T22:16:10.300000+00:00,1.0,P
981,3234,2021-01-24T22:16:12.810000+00:00,1.0,S
982,2983,2021-01-24T22:16:10.300000+00:00,1.0,P
982,3234,2021-01-24T22:16:12.810000+00:00,1.0,S
983,2983,2021-01-24T22:16:10.300000+00:00,1.0,P
983,3234,2021-01-24T22:16:12.810000+00:00,1.0,S
984,2983,2021-01-24T22:16:10.300000+00:00,1.0,P
984,3234,2021-01-24T22:16:12.810000+00:00,1.0,S
985,2983,2021-01-24T22:16:10.300000+00:00,1.0,P
985,3234,2021-01-24T22:16:12.810000+00:00,1.0,S
986,2983,2021-01-24T22:16:10.300000+00:00,1.0,P
986,3234,2021-01-24T22:16:12.810000+00:00,1.0,S
987,2983,2021-01-24T22:16:10.300000+00:00,1.0,P
987,3235,2021-01-24T22:16:12.820000+00:00,1.0,S
988,2983,2021-01-24T22:16:10.300000+00:00,1.0,P
988,3235,2021-01-24T22:16:12.820000+00:00,1.0,S
989,2983,2021-01-24T22:16:10.300000+00:00,1.0,P
989,3235,2021-01-24T22:16:12.820000+00:00,1.0,S
990,2983,2021-01-24T22:16:10.300000+00:00,1.0,P
990,3235,2021-01-24T22:16:12.820000+00:00,1.0,S
991,2983,2021-01-24T22:16:10.300000+00:00,1.0,P
991,3235,2021-01-24T22:16:12.820000+00:00,1.0,S
992,2983,2021-01-24T22:16:10.300000+00:00,1.0,P
992,3235,2021-01-24T22:16:12.820000+00:00,1.0,S
993,2983,2021-01-24T22:16:10.300000+00:00,1.0,P
993,3235,2021-01-24T22:16:12.820000+00:00,1.0,S
994,2983,2021-01-24T22:16:10.300000+00:00,1.0,P
994,3235,2021-01-24T22:16:12.820000+00:00,1.0,S
995,2983,2021-01-24T22:16:10.300000+00:00,1.0,P
995,3235,2021-01-24T22:16:12.820000+00:00,1.0,S
996,2983,2021-01-24T22:16:10.300000+00:00,1.0,P
996,3235,2021-01-24T22:16:12.820000+00:00,1.0,S
997,2983,2021-01-24T22:16:10.300000+00:00,1.0,P
997,3236,2021-01-24T22:16:12.830000+00:00,1.0,S
998,2983,2021-01-24T22:16:10.300000+00:00,1.0,P
998,3236,2021-01-24T22:16:12.830000+00:00,1.0,S
999,2983,2021-01-24T22:16:10.300000+00:00,1.0,P
999,3236,2021-01-24T22:16:12.830000+00:00,1.0,S
1000,2983,2021-01-24T22:16:10.300000+00:00,1.0,P
1000,3236,2021-01-24T22:16:12.830000+00:00,1.0,S
1001,2983,2021-01-24T22:16:10.300000+00:00,1.0,P
1001,3236,2021-01-24T22:16:12.830000+00:00,1.0,S
1002,2983,2021-01-24T22:16:10.300000+00:00,1.0,P
1002,3236,2021-01-24T22:16:12.830000+00:00,1.0,S
1003,2983,2021-01-24T22:16:10.300000+00:00,1.0,P
1003,3236,2021-01-24T22:16:12.830000+00:00,1.0,S
1004,2983,2021-01-24T22:16:10.300000+00:00,1.0,P
1004,3236,2021-01-24T22:16:12.830000+00:00,1.0,S
1005,2983,2021-01-24T22:16:10.300000+00:00,1.0,P
1005,3236,2021-01-24T22:16:12.830000+00:00,1.0,S
1006,2983,2021-01-24T22:16:10.300000+00:00,1.0,P
1006,3236,2021-01-24T22:16:12.830000+00:00,1.0,S
1007,2983,2021-01-24T22:16:10.300000+00:00,1.0,P
1007,3236,2021-01-24T22:16:12.830000+00:00,1.0,S
1008,2983,2021-01-24T22:16:10.300000+00:00,1.0,P
1008,3236,2021-01-24T22:16:12.830000+00:00,1.0,S
1009,2983,2021-01-24T22:16:10.300000+00:00,1.0,P
1009,3237,2021-01-24T22:16:12.839999+00:00,1.0,S
1010,2983,2021-01-24T22:16:10.300000+00:00,1.0,P
1010,3237,2021-01-24T22:16:12.839999+00:00,1.0,S
1011,2983,2021-01-24T22:16:10.300000+00:00,1.0,P
1011,3237,2021-01-24T22:16:12.839999+00:00,1.0,S
1012,2983,2021-01-24T22:16:10.300000+00:00,1.0,P
1012,3237,2021-01-24T22:16:12.839999+00:00,1.0,S
1013,2984,2021-01-24T22:16:10.310000+00:00,1.0,P
1013,3237,2021-01-24T22:16:12.839999+00:00,1.0,S
1014,2984,2021-01-24T22:16:10.310000+00:00,1.0,P
1014,3237,2021-01-24T22:16:12.839999+00:00,1.0,S
1015,2984,2021-01-24T22:16:10.310000+00:00,1.0,P
1015,3237,2021-01-24T22:16:12.839999+00:00,1.0,S
1016,2984,2021-01-24T22:16:10.310000+00:00,1.0,P
1016,3237,2021-01-24T22:16:12.839999+00:00,1.0,S
1017,2984,2021-01-24T22:16:10.310000+00:00,1.0,P
1017,3237,2021-01-24T22:16:12.839999+00:00,1.0,S
1018,2984,2021-01-24T22:16:10.310000+00:00,1.0,P
1018,3237,2021-01-24T22:16:12.839999+00:00,1.0,S
1019,2984,2021-01-24T22:16:10.310000+00:00,1.0,P
1019,3237,2021-01-24T22:16:12.839999+00:00,1.0,S
1020,2984,2021-01-24T22:16:10.310000+00:00,1.0,P
1020,3238,2021-01-24T22:16:12.850000+00:00,1.0,S
1021,2984,2021-01-24T22:16:10.310000+00:00,1.0,P
1021,3238,2021-01-24T22:16:12.850000+00:00,1.0,S
1022,2984,2021-01-24T22:16:10.310000+00:00,1.0,P
1022,3238,2021-01-24T22:16:12.850000+00:00,1.0,S
1023,2984,2021-01-24T22:16:10.310000+00:00,1.0,P
1023,3238,2021-01-24T22:16:12.850000+00:00,1.0,S
1024,2984,2021-01-24T22:16:10.310000+00:00,1.0,P
1024,3238,2021-01-24T22:16:12.850000+00:00,1.0,S
1025,2984,2021-01-24T22:16:10.310000+00:00,1.0,P
1025,3238,2021-01-24T22:16:12.850000+00:00,1.0,S
1026,2984,2021-01-24T22:16:10.310000+00:00,1.0,P
1026,3238,2021-01-24T22:16:12.850000+00:00,1.0,S
1027,2984,2021-01-24T22:16:10.310000+00:00,1.0,P
1027,3238,2021-01-24T22:16:12.850000+00:00,1.0,S
1028,2984,2021-01-24T22:16:10.310000+00:00,1.0,P
1028,3238,2021-01-24T22:16:12.850000+00:00,1.0,S
1029,2984,2021-01-24T22:16:10.310000+00:00,1.0,P
1029,3238,2021-01-24T22:16:12.850000+00:00,1.0,S
1030,2984,2021-01-24T22:16:10.310000+00:00,1.0,P
1030,3238,2021-01-24T22:16:12.850000+00:00,1.0,S
1031,2984,2021-01-24T22:16:10.310000+00:00,1.0,P
1031,3238,2021-01-24T22:16:12.850000+00:00,1.0,S
1032,2984,2021-01-24T22:16:10.310000+00:00,1.0,P
1032,3238,2021-01-24T22:16:12.850000+00:00,1.0,S
1033,2984,2021-01-24T22:16:10.310000+00:00,1.0,P
1033,3238,2021-01-24T22:16:12.850000+00:00,1.0,S
1034,2984,2021-01-24T22:16:10.310000+00:00,1.0,P
1034,3238,2021-01-24T22:16:12.850000+00:00,1.0,S
1035,2984,2021-01-24T22:16:10.310000+00:00,1.0,P
1035,3238,2021-01-24T22:16:12.850000+00:00,1.0,S
1036,2984,2021-01-24T22:16:10.310000+00:00,1.0,P
1036,3238,2021-01-24T22:16:12.850000+00:00,1.0,S
1037,2984,2021-01-24T22:16:10.310000+00:00,1.0,P
1037,3238,2021-01-24T22:16:12.850000+00:00,1.0,S
1038,2984,2021-01-24T22:16:10.310000+00:00,1.0,P
1038,3238,2021-01-24T22:16:12.850000+00:00,1.0,S
1039,2984,2021-01-24T22:16:10.310000+00:00,1.0,P
1039,3238,2021-01-24T22:16:12.850000+00:00,1.0,S
1040,2984,2021-01-24T22:16:10.310000+00:00,1.0,P
1040,3238,2021-01-24T22:16:12.850000+00:00,1.0,S
1041,2984,2021-01-24T22:16:10.310000+00:00,1.0,P
1041,3238,2021-01-24T22:16:12.850000+00:00,1.0,S
1042,2984,2021-01-24T22:16:10.310000+00:00,1.0,P
1042,3238,2021-01-24T22:16:12.850000+00:00,1.0,S
1043,2984,2021-01-24T22:16:10.310000+00:00,1.0,P
1043,3238,2021-01-24T22:16:12.850000+00:00,1.0,S
1044,2984,2021-01-24T22:16:10.310000+00:00,1.0,P
1044,3238,2021-01-24T22:16:12.850000+00:00,1.0,S
1045,2984,2021-01-24T22:16:10.310000+00:00,1.0,P
1045,3238,2021-01-24T22:16:12.850000+00:00,1.0,S
1046,2984,2021-01-24T22:16:10.310000+00:00,1.0,P
1046,3238,2021-01-24T22:16:12.850000+00:00,1.0,S
1047,2984,2021-01-24T22:16:10.310000+00:00,1.0,P
1047,3238,2021-01-24T22:16:12.850000+00:00,1.0,S
1048,2984,2021-01-24T22:16:10.310000+00:00,1.0,P
1048,3238,2021-01-24T22:16:12.850000+00:00,1.0,S
1049,2984,2021-01-24T22:16:10.310000+00:00,1.0,P
1049,3238,2021-01-24T22:16:12.850000+00:00,1.0,S
1050,2984,2021-01-24T22:16:10.310000+00:00,1.0,P
1050,3238,2021-01-24T22:16:12.850000+00:00,1.0,S
1051,2984,2021-01-24T22:16:10.310000+00:00,1.0,P
1051,3238,2021-01-24T22:16:12.850000+00:00,1.0,S
1052,2984,2021-01-24T22:16:10.310000+00:00,1.0,P
1052,3238,2021-01-24T22:16:12.850000+00:00,1.0,S
1053,2984,2021-01-24T22:16:10.310000+00:00,1.0,P
1053,3238,2021-01-24T22:16:12.850000+00:00,1.0,S
1054,2984,2021-01-24T22:16:10.310000+00:00,1.0,P
1054,3238,2021-01-24T22:16:12.850000+00:00,1.0,S
1055,2984,2021-01-24T22:16:10.310000+00:00,1.0,P
1055,3238,2021-01-24T22:16:12.850000+00:00,1.0,S
1056,2984,2021-01-24T22:16:10.310000+00:00,1.0,P
1056,3238,2021-01-24T22:16:12.850000+00:00,1.0,S
1057,2984,2021-01-24T22:16:10.310000+00:00,1.0,P
1057,3238,2021-01-24T22:16:12.850000+00:00,1.0,S
1058,2984,2021-01-24T22:16:10.310000+00:00,1.0,P
1058,3238,2021-01-24T22:16:12.850000+00:00,1.0,S
1059,2984,2021-01-24T22:16:10.310000+00:00,1.0,P
1059,3238,2021-01-24T22:16:12.850000+00:00,1.0,S
1060,2984,2021-01-24T22:16:10.310000+00:00,1.0,P
1060,3238,2021-01-24T22:16:12.850000+00:00,1.0,S
1061,2984,2021-01-24T22:16:10.310000+00:00,1.0,P
1061,3238,2021-01-24T22:16:12.850000+00:00,1.0,S
1062,2984,2021-01-24T22:16:10.310000+00:00,1.0,P
1062,3238,2021-01-24T22:16:12.850000+00:00,1.0,S
1063,2984,2021-01-24T22:16:10.310000+00:00,1.0,P
1063,3238,2021-01-24T22:16:12.850000+00:00,1.0,S
1064,2984,2021-01-24T22:16:10.310000+00:00,1.0,P
1064,3238,2021-01-24T22:16:12.850000+00:00,1.0,S
1065,2984,2021-01-24T22:16:10.310000+00:00,1.0,P
1065,3238,2021-01-24T22:16:12.850000+00:00,1.0,S
1066,2984,2021-01-24T22:16:10.310000+00:00,1.0,P
1066,3238,2021-01-24T22:16:12.850000+00:00,1.0,S
1067,2984,2021-01-24T22:16:10.310000+00:00,1.0,P
1067,3238,2021-01-24T22:16:12.850000+00:00,1.0,S
1068,2984,2021-01-24T22:16:10.310000+00:00,1.0,P
1068,3237,2021-01-24T22:16:12.839999+00:00,1.0,S
1069,2984,2021-01-24T22:16:10.310000+00:00,1.0,P
1069,3237,2021-01-24T22:16:12.839999+00:00,1.0,S
1070,2984,2021-01-24T22:16:10.310000+00:00,1.0,P
1070,3237,2021-01-24T22:16:12.839999+00:00,1.0,S
1071,2984,2021-01-24T22:16:10.310000+00:00,1.0,P
1071,3237,2021-01-24T22:16:12.839999+00:00,1.0,S
1072,2984,2021-01-24T22:16:10.310000+00:00,1.0,P
1072,3237,2021-01-24T22:16:12.839999+00:00,1.0,S
1073,2984,2021-01-24T22:16:10.310000+00:00,1.0,P
1073,3237,2021-01-24T22:16:12.839999+00:00,1.0,S
1074,2984,2021-01-24T22:16:10.310000+00:00,1.0,P
1074,3237,2021-01-24T22:16:12.839999+00:00,1.0,S
1075,2983,2021-01-24T22:16:10.300000+00:00,1.0,P
1075,3237,2021-01-24T22:16:12.839999+00:00,1.0,S
1076,2983,2021-01-24T22:16:10.300000+00:00,1.0,P
1076,3237,2021-01-24T22:16:12.839999+00:00,1.0,S
1077,2983,2021-01-24T22:16:10.300000+00:00,1.0,P
1077,3237,2021-01-24T22:16:12.839999+00:00,1.0,S
1078,2983,2021-01-24T22:16:10.300000+00:00,1.0,P
1078,3237,2021-01-24T22:16:12.839999+00:00,1.0,S
1079,2983,2021-01-24T22:16:10.300000+00:00,1.0,P
1079,3237,2021-01-24T22:16:12.839999+00:00,1.0,S
1080,2983,2021-01-24T22:16:10.300000+00:00,1.0,P
1080,3237,2021-01-24T22:16:12.839999+00:00,1.0,S
1081,2983,2021-01-24T22:16:10.300000+00:00,1.0,P
1081,3237,2021-01-24T22:16:12.839999+00:00,1.0,S
1082,2983,2021-01-24T22:16:10.300000+00:00,1.0,P
1082,3237,2021-01-24T22:16:12.839999+00:00,1.0,S
1083,2983,2021-01-24T22:16:10.300000+00:00,1.0,P
1083,3237,2021-01-24T22:16:12.839999+00:00,1.0,S
1084,2983,2021-01-24T22:16:10.300000+00:00,1.0,P
1084,3237,2021-01-24T22:16:12.839999+00:00,1.0,S
1085,2983,2021-01-24T22:16:10.300000+00:00,1.0,P
1085,3237,2021-01-24T22:16:12.839999+00:00,1.0,S
1086,2983,2021-01-24T22:16:10.300000+00:00,1.0,P
1086,3237,2021-01-24T22:16:12.839999+00:00,1.0,S
1087,2983,2021-01-24T22:16:10.300000+00:00,1.0,P
1087,3237,2021-01-24T22:16:12.839999+00:00,1.0,S
1088,2983,2021-01-24T22:16:10.300000+00:00,1.0,P
1088,3236,2021-01-24T22:16:12.830000+00:00,1.0,S
1089,2983,2021-01-24T22:16:10.300000+00:00,1.0,P
1089,3236,2021-01-24T22:16:12.830000+00:00,1.0,S
1090,2983,2021-01-24T22:16:10.300000+00:00,1.0,P
1090,3236,2021-01-24T22:16:12.830000+00:00,1.0,S
1091,2983,2021-01-24T22:16:10.300000+00:00,1.0,P
1091,3236,2021-01-24T22:16:12.830000+00:00,1.0,S
1092,2983,2021-01-24T22:16:10.300000+00:00,1.0,P
1092,3236,2021-01-24T22:16:12.830000+00:00,1.0,S
1093,2983,2021-01-24T22:16:10.300000+00:00,1.0,P
1093,3236,2021-01-24T22:16:12.830000+00:00,1.0,S
1094,2983,2021-01-24T22:16:10.300000+00:00,1.0,P
1094,3236,2021-01-24T22:16:12.830000+00:00,1.0,S
1095,2983,2021-01-24T22:16:10.300000+00:00,1.0,P
1095,3236,2021-01-24T22:16:12.830000+00:00,1.0,S
1096,2983,2021-01-24T22:16:10.300000+00:00,1.0,P
1096,3236,2021-01-24T22:16:12.830000+00:00,1.0,S
1097,2983,2021-01-24T22:16:10.300000+00:00,1.0,P
1097,3236,2021-01-24T22:16:12.830000+00:00,1.0,S
1098,2983,2021-01-24T22:16:10.300000+00:00,1.0,P
1098,3235,2021-01-24T22:16:12.820000+00:00,1.0,S
1099,2983,2021-01-24T22:16:10.300000+00:00,1.0,P
1099,3235,2021-01-24T22:16:12.820000+00:00,1.0,S
1100,2983,2021-01-24T22:16:10.300000+00:00,1.0,P
1100,3235,2021-01-24T22:16:12.820000+00:00,1.0,S
1101,2983,2021-01-24T22:16:10.300000+00:00,1.0,P
1101,3235,2021-01-24T22:16:12.820000+00:00,1.0,S
1102,2983,2021-01-24T22:16:10.300000+00:00,1.0,P
1102,3235,2021-01-24T22:16:12.820000+00:00,1.0,S
1103,2983,2021-01-24T22:16:10.300000+00:00,1.0,P
1103,3235,2021-01-24T22:16:12.820000+00:00,1.0,S
1104,2983,2021-01-24T22:16:10.300000+00:00,1.0,P
1104,3235,2021-01-24T22:16:12.820000+00:00,1.0,S
1105,2983,2021-01-24T22:16:10.300000+00:00,1.0,P
1105,3235,2021-01-24T22:16:12.820000+00:00,1.0,S
1106,2983,2021-01-24T22:16:10.300000+00:00,1.0,P
1106,3234,2021-01-24T22:16:12.810000+00:00,1.0,S
1107,2983,2021-01-24T22:16:10.300000+00:00,1.0,P
1107,3234,2021-01-24T22:16:12.810000+00:00,1.0,S
1108,2983,2021-01-24T22:16:10.300000+00:00,1.0,P
1108,3234,2021-01-24T22:16:12.810000+00:00,1.0,S
1109,2983,2021-01-24T22:16:10.300000+00:00,1.0,P
1109,3234,2021-01-24T22:16:12.810000+00:00,1.0,S
1110,2983,2021-01-24T22:16:10.300000+00:00,1.0,P
1110,3234,2021-01-24T22:16:12.810000+00:00,1.0,S
1111,2982,2021-01-24T22:16:10.290000+00:00,1.0,P
1111,3234,2021-01-24T22:16:12.810000+00:00,1.0,S
1112,2982,2021-01-24T22:16:10.290000+00:00,1.0,P
1112,3234,2021-01-24T22:16:12.810000+00:00,1.0,S
1113,2982,2021-01-24T22:16:10.290000+00:00,1.0,P
1113,3234,2021-01-24T22:16:12.810000+00:00,1.0,S
1114,2982,2021-01-24T22:16:10.290000+00:00,1.0,P
1114,3233,2021-01-24T22:16:12.800000+00:00,1.0,S
1115,2982,2021-01-24T22:16:10.290000+00:00,1.0,P
1115,3233,2021-01-24T22:16:12.800000+00:00,1.0,S
1116,2982,2021-01-24T22:16:10.290000+00:00,1.0,P
1116,3233,2021-01-24T22:16:12.800000+00:00,1.0,S
1117,2982,2021-01-24T22:16:10.290000+00:00,1.0,P
1117,3233,2021-01-24T22:16:12.800000+00:00,1.0,S
1118,2982,2021-01-24T22:16:10.290000+00:00,1.0,P
1118,3233,2021-01-24T22:16:12.800000+00:00,1.0,S
1119,2982,2021-01-24T22:16:10.290000+00:00,1.0,P
1119,3233,2021-01-24T22:16:12.800000+00:00,1.0,S
1120,2982,2021-01-24T22:16:10.290000+00:00,1.0,P
1120,3233,2021-01-24T22:16:12.800000+00:00,1.0,S
1121,2982,2021-01-24T22:16:10.290000+00:00,1.0,P
1121,3232,2021-01-24T22:16:12.790000+00:00,1.0,S
1122,2982,2021-01-24T22:16:10.290000+00:00,1.0,P
1122,3232,2021-01-24T22:16:12.790000+00:00,1.0,S
1123,2982,2021-01-24T22:16:10.290000+00:00,1.0,P
1123,3232,2021-01-24T22:16:12.790000+00:00,1.0,S
1124,2982,2021-01-24T22:16:10.290000+00:00,1.0,P
1124,3232,2021-01-24T22:16:12.790000+00:00,1.0,S
1125,2982,2021-01-24T22:16:10.290000+00:00,1.0,P
1125,3232,2021-01-24T22:16:12.790000+00:00,1.0,S
1126,2982,2021-01-24T22:16:10.290000+00:00,1.0,P
1126,3232,2021-01-24T22:16:12.790000+00:00,1.0,S
1127,2982,2021-01-24T22:16:10.290000+00:00,1.0,P
1127,3232,2021-01-24T22:16:12.790000+00:00,1.0,S
1128,2982,2021-01-24T22:16:10.290000+00:00,1.0,P
1128,3232,2021-01-24T22:16:12.790000+00:00,1.0,S
1129,2982,2021-01-24T22:16:10.290000+00:00,1.0,P
1129,3232,2021-01-24T22:16:12.790000+00:00,1.0,S
1130,2982,2021-01-24T22:16:10.290000+00:00,1.0,P
1130,3232,2021-01-24T22:16:12.790000+00:00,1.0,S
1131,2982,2021-01-24T22:16:10.290000+00:00,1.0,P
1131,3232,2021-01-24T22:16:12.790000+00:00,1.0,S
1132,2982,2021-01-24T22:16:10.290000+00:00,1.0,P
1132,3232,2021-01-24T22:16:12.790000+00:00,1.0,S
1133,2982,2021-01-24T22:16:10.290000+00:00,1.0,P
1133,3232,2021-01-24T22:16:12.790000+00:00,1.0,S
1134,2981,2021-01-24T22:16:10.280000+00:00,1.0,P
1134,3232,2021-01-24T22:16:12.790000+00:00,1.0,S
1135,2981,2021-01-24T22:16:10.280000+00:00,1.0,P
1135,3232,2021-01-24T22:16:12.790000+00:00,1.0,S
1136,2981,2021-01-24T22:16:10.280000+00:00,1.0,P
1136,3231,2021-01-24T22:16:12.780000+00:00,1.0,S
1137,2981,2021-01-24T22:16:10.280000+00:00,1.0,P
1137,3231,2021-01-24T22:16:12.780000+00:00,1.0,S
1138,2981,2021-01-24T22:16:10.280000+00:00,1.0,P
1138,3231,2021-01-24T22:16:12.780000+00:00,1.0,S
1139,2981,2021-01-24T22:16:10.280000+00:00,1.0,P
1139,3231,2021-01-24T22:16:12.780000+00:00,1.0,S
1140,2981,2021-01-24T22:16:10.280000+00:00,1.0,P
1140,3231,2021-01-24T22:16:12.780000+00:00,1.0,S
1141,2981,2021-01-24T22:16:10.280000+00:00,1.0,P
1141,3231,2021-01-24T22:16:12.780000+00:00,1.0,S
1142,2981,2021-01-24T22:16:10.280000+00:00,1.0,P
1142,3231,2021-01-24T22:16:12.780000+00:00,1.0,S
1143,2981,2021-01-24T22:16:10.280000+00:00,1.0,P
1143,3231,2021-01-24T22:16:12.780000+00:00,1.0,S
1144,2981,2021-01-24T22:16:10.280000+00:00,1.0,P
1144,3230,2021-01-24T22:16:12.769999+00:00,1.0,S
1145,2981,2021-01-24T22:16:10.280000+00:00,1.0,P
1145,3230,2021-01-24T22:16:12.769999+00:00,1.0,S
1146,2981,2021-01-24T22:16:10.280000+00:00,1.0,P
1146,3230,2021-01-24T22:16:12.769999+00:00,1.0,S
1147,2981,2021-01-24T22:16:10.280000+00:00,1.0,P
1147,3230,2021-01-24T22:16:12.769999+00:00,1.0,S
1148,2981,2021-01-24T22:16:10.280000+00:00,1.0,P
1148,3230,2021-01-24T22:16:12.769999+00:00,1.0,S
1149,2981,2021-01-24T22:16:10.280000+00:00,1.0,P
1149,3230,2021-01-24T22:16:12.769999+00:00,1.0,S
1150,2981,2021-01-24T22:16:10.280000+00:00,1.0,P
1150,3230,2021-01-24T22:16:12.769999+00:00,1.0,S
1151,2981,2021-01-24T22:16:10.280000+00:00,1.0,P
1151,3230,2021-01-24T22:16:12.769999+00:00,1.0,S
1152,2981,2021-01-24T22:16:10.280000+00:00,1.0,P
1152,3230,2021-01-24T22:16:12.769999+00:00,1.0,S
1153,2981,2021-01-24T22:16:10.280000+00:00,1.0,P
1153,3230,2021-01-24T22:16:12.769999+00:00,1.0,S
1154,2981,2021-01-24T22:16:10.280000+00:00,1.0,P
1154,3229,2021-01-24T22:16:12.760000+00:00,1.0,S
1155,2981,2021-01-24T22:16:10.280000+00:00,1.0,P
1155,3229,2021-01-24T22:16:12.760000+00:00,1.0,S
1156,2981,2021-01-24T22:16:10.280000+00:00,1.0,P
1156,3229,2021-01-24T22:16:12.760000+00:00,1.0,S
1157,2981,2021-01-24T22:16:10.280000+00:00,1.0,P
1157,3229,2021-01-24T22:16:12.760000+00:00,1.0,S
1158,2980,2021-01-24T22:16:10.270000+00:00,1.0,P
1158,3229,2021-01-24T22:16:12.760000+00:00,1.0,S
1159,2980,2021-01-24T22:16:10.270000+00:00,1.0,P
1159,3229,2021-01-24T22:16:12.760000+00:00,1.0,S
1160,2980,2021-01-24T22:16:10.270000+00:00,1.0,P
1160,3229,2021-01-24T22:16:12.760000+00:00,1.0,S
1161,2980,2021-01-24T22:16:10.270000+00:00,1.0,P
1161,3229,2021-01-24T22:16:12.760000+00:00,1.0,S
1162,2980,2021-01-24T22:16:10.270000+00:00,1.0,P
1162,3229,2021-01-24T22:16:12.760000+00:00,1.0,S
1163,2980,2021-01-24T22:16:10.270000+00:00,1.0,P
1163,3229,2021-01-24T22:16:12.760000+00:00,1.0,S
1164,2980,2021-01-24T22:16:10.270000+00:00,1.0,P
1164,3228,2021-01-24T22:16:12.750000+00:00,1.0,S
1165,2980,2021-01-24T22:16:10.270000+00:00,1.0,P
1165,3228,2021-01-24T22:16:12.750000+00:00,1.0,S
1166,2980,2021-01-24T22:16:10.270000+00:00,1.0,P
1166,3228,2021-01-24T22:16:12.750000+00:00,1.0,S
1167,2980,2021-01-24T22:16:10.270000+00:00,1.0,P
1167,3228,2021-01-24T22:16:12.750000+00:00,1.0,S
1168,2980,2021-01-24T22:16:10.270000+00:00,1.0,P
1168,3228,2021-01-24T22:16:12.750000+00:00,1.0,S
1169,2980,2021-01-24T22:16:10.270000+00:00,1.0,P
1169,3228,2021-01-24T22:16:12.750000+00:00,1.0,S
1170,2980,2021-01-24T22:16:10.270000+00:00,1.0,P
1170,3228,2021-01-24T22:16:12.750000+00:00,1.0,S
1171,2980,2021-01-24T22:16:10.270000+00:00,1.0,P
1171,3228,2021-01-24T22:16:12.750000+00:00,1.0,S
1172,2980,2021-01-24T22:16:10.270000+00:00,1.0,P
1172,3228,2021-01-24T22:16:12.750000+00:00,1.0,S
1173,2980,2021-01-24T22:16:10.270000+00:00,1.0,P
1173,3228,2021-01-24T22:16:12.750000+00:00,1.0,S
1174,2980,2021-01-24T22:16:10.270000+00:00,1.0,P
1174,3228,2021-01-24T22:16:12.750000+00:00,1.0,S
1175,2980,2021-01-24T22:16:10.270000+00:00,1.0,P
1175,3228,2021-01-24T22:16:12.750000+00:00,1.0,S
1176,2980,2021-01-24T22:16:10.270000+00:00,1.0,P
1176,3228,2021-01-24T22:16:12.750000+00:00,1.0,S
1177,2980,2021-01-24T22:16:10.270000+00:00,1.0,P
1177,3228,2021-01-24T22:16:12.750000+00:00,1.0,S
1178,2980,2021-01-24T22:16:10.270000+00:00,1.0,P
1178,3228,2021-01-24T22:16:12.750000+00:00,1.0,S
1179,2980,2021-01-24T22:16:10.270000+00:00,1.0,P
1179,3228,2021-01-24T22:16:12.750000+00:00,1.0,S
1180,2980,2021-01-24T22:16:10.270000+00:00,1.0,P
1180,3228,2021-01-24T22:16:12.750000+00:00,1.0,S
1181,2979,2021-01-24T22:16:10.260000+00:00,1.0,P
1181,3228,2021-01-24T22:16:12.750000+00:00,1.0,S
1182,2979,2021-01-24T22:16:10.260000+00:00,1.0,P
1182,3228,2021-01-24T22:16:12.750000+00:00,1.0,S
1183,2979,2021-01-24T22:16:10.260000+00:00,1.0,P
1183,3228,2021-01-24T22:16:12.750000+00:00,1.0,S
1184,2979,2021-01-24T22:16:10.260000+00:00,1.0,P
1184,3228,2021-01-24T22:16:12.750000+00:00,1.0,S
1185,2979,2021-01-24T22:16:10.260000+00:00,1.0,P
1185,3228,2021-01-24T22:16:12.750000+00:00,1.0,S
1186,2979,2021-01-24T22:16:10.260000+00:00,1.0,P
1186,3228,2021-01-24T22:16:12.750000+00:00,1.0,S
1187,2979,2021-01-24T22:16:10.260000+00:00,1.0,P
1187,3228,2021-01-24T22:16:12.750000+00:00,1.0,S
1188,2979,2021-01-24T22:16:10.260000+00:00,1.0,P
1188,3228,2021-01-24T22:16:12.750000+00:00,1.0,S
1189,2979,2021-01-24T22:16:10.260000+00:00,1.0,P
1189,3228,2021-01-24T22:16:12.750000+00:00,1.0,S
1190,2979,2021-01-24T22:16:10.260000+00:00,1.0,P
1190,3228,2021-01-24T22:16:12.750000+00:00,1.0,S
1191,2979,2021-01-24T22:16:10.260000+00:00,1.0,P
1191,3228,2021-01-24T22:16:12.750000+00:00,1.0,S
1192,2979,2021-01-24T22:16:10.260000+00:00,1.0,P
1192,3228,2021-01-24T22:16:12.750000+00:00,1.0,S
1193,2979,2021-01-24T22:16:10.260000+00:00,1.0,P
1193,3228,2021-01-24T22:16:12.750000+00:00,1.0,S
1194,2979,2021-01-24T22:16:10.260000+00:00,1.0,P
1194,3228,2021-01-24T22:16:12.750000+00:00,1.0,S
1195,2979,2021-01-24T22:16:10.260000+00:00,1.0,P
1195,3228,2021-01-24T22:16:12.750000+00:00,1.0,S
1196,2978,2021-01-24T22:16:10.250000+00:00,1.0,P
1196,3227,2021-01-24T22:16:12.740000+00:00,1.0,S
1197,2978,2021-01-24T22:16:10.250000+00:00,1.0,P
1197,3227,2021-01-24T22:16:12.740000+00:00,1.0,S
1198,2978,2021-01-24T22:16:10.250000+00:00,1.0,P
1198,3227,2021-01-24T22:16:12.740000+00:00,1.0,S
1199,2978,2021-01-24T22:16:10.250000+00:00,1.0,P
1199,3227,2021-01-24T22:16:12.740000+00:00,1.0,S
1200,2978,2021-01-24T22:16:10.250000+00:00,1.0,P
1200,3227,2021-01-24T22:16:12.740000+00:00,1.0,S
1201,2978,2021-01-24T22:16:10.250000+00:00,1.0,P
1201,3227,2021-01-24T22:16:12.740000+00:00,1.0,S
1202,2978,2021-01-24T22:16:10.250000+00:00,1.0,P
1202,3227,2021-01-24T22:16:12.740000+00:00,1.0,S
1203,2978,2021-01-24T22:16:10.250000+00:00,1.0,P
1203,3227,2021-01-24T22:16:12.740000+00:00,1.0,S
1204,2978,2021-01-24T22:16:10.250000+00:00,1.0,P
1204,3227,2021-01-24T22:16:12.740000+00:00,1.0,S
1205,2978,2021-01-24T22:16:10.250000+00:00,1.0,P
1205,3227,2021-01-24T22:16:12.740000+00:00,1.0,S
1206,2978,2021-01-24T22:16:10.250000+00:00,1.0,P
1206,3227,2021-01-24T22:16:12.740000+00:00,1.0,S
1207,2978,2021-01-24T22:16:10.250000+00:00,1.0,P
1207,3226,2021-01-24T22:16:12.729999+00:00,1.0,S
1208,2978,2021-01-24T22:16:10.250000+00:00,1.0,P
1208,3226,2021-01-24T22:16:12.729999+00:00,1.0,S
1209,2977,2021-01-24T22:16:10.240000+00:00,1.0,P
1209,3226,2021-01-24T22:16:12.729999+00:00,1.0,S
1210,2977,2021-01-24T22:16:10.240000+00:00,1.0,P
1210,3226,2021-01-24T22:16:12.729999+00:00,1.0,S
1211,2977,2021-01-24T22:16:10.240000+00:00,1.0,P
1211,3226,2021-01-24T22:16:12.729999+00:00,1.0,S
1212,2977,2021-01-24T22:16:10.240000+00:00,1.0,P
1212,3226,2021-01-24T22:16:12.729999+00:00,1.0,S
1213,2977,2021-01-24T22:16:10.240000+00:00,1.0,P
1213,3226,2021-01-24T22:16:12.729999+00:00,1.0,S
1214,2977,2021-01-24T22:16:10.240000+00:00,1.0,P
1214,3226,2021-01-24T22:16:12.729999+00:00,1.0,S
1215,2977,2021-01-24T22:16:10.240000+00:00,1.0,P
1215,3226,2021-01-24T22:16:12.729999+00:00,1.0,S
1216,2977,2021-01-24T22:16:10.240000+00:00,1.0,P
1216,3226,2021-01-24T22:16:12.729999+00:00,1.0,S
1217,2977,2021-01-24T22:16:10.240000+00:00,1.0,P
1217,3226,2021-01-24T22:16:12.729999+00:00,1.0,S
1218,2977,2021-01-24T22:16:10.240000+00:00,1.0,P
1218,3226,2021-01-24T22:16:12.729999+00:00,1.0,S
1219,2977,2021-01-24T22:16:10.240000+00:00,1.0,P
1219,3226,2021-01-24T22:16:12.729999+00:00,1.0,S
1220,2977,2021-01-24T22:16:10.240000+00:00,1.0,P
1220,3225,2021-01-24T22:16:12.720000+00:00,1.0,S
1221,2977,2021-01-24T22:16:10.240000+00:00,1.0,P
1221,3225,2021-01-24T22:16:12.720000+00:00,1.0,S
1222,2976,2021-01-24T22:16:10.230000+00:00,1.0,P
1222,3225,2021-01-24T22:16:12.720000+00:00,1.0,S
1223,2976,2021-01-24T22:16:10.230000+00:00,1.0,P
1223,3225,2021-01-24T22:16:12.720000+00:00,1.0,S
1224,2976,2021-01-24T22:16:10.230000+00:00,1.0,P
1224,3225,2021-01-24T22:16:12.720000+00:00,1.0,S
1225,2976,2021-01-24T22:16:10.230000+00:00,1.0,P
1225,3225,2021-01-24T22:16:12.720000+00:00,1.0,S
1226,2976,2021-01-24T22:16:10.230000+00:00,1.0,P
1226,3225,2021-01-24T22:16:12.720000+00:00,1.0,S
1227,2976,2021-01-24T22:16:10.230000+00:00,1.0,P
1227,3225,2021-01-24T22:16:12.720000+00:00,1.0,S
1228,2976,2021-01-24T22:16:10.230000+00:00,1.0,P
1228,3225,2021-01-24T22:16:12.720000+00:00,1.0,S
1229,2976,2021-01-24T22:16:10.230000+00:00,1.0,P
1229,3225,2021-01-24T22:16:12.720000+00:00,1.0,S
1230,2976,2021-01-24T22:16:10.230000+00:00,1.0,P
1230,3225,2021-01-24T22:16:12.720000+00:00,1.0,S
1231,2976,2021-01-24T22:16:10.230000+00:00,1.0,P
1231,3224,2021-01-24T22:16:12.710000+00:00,1.0,S
1232,2976,2021-01-24T22:16:10.230000+00:00,1.0,P
1232,3224,2021-01-24T22:16:12.710000+00:00,1.0,S
1233,2976,2021-01-24T22:16:10.230000+00:00,1.0,P
1233,3224,2021-01-24T22:16:12.710000+00:00,1.0,S
1234,2976,2021-01-24T22:16:10.230000+00:00,1.0,P
1234,3224,2021-01-24T22:16:12.710000+00:00,1.0,S
1235,2975,2021-01-24T22:16:10.220000+00:00,1.0,P
1235,3224,2021-01-24T22:16:12.710000+00:00,1.0,S
1236,2975,2021-01-24T22:16:10.220000+00:00,1.0,P
1236,3224,2021-01-24T22:16:12.710000+00:00,1.0,S
1237,2975,2021-01-24T22:16:10.220000+00:00,1.0,P
1237,3224,2021-01-24T22:16:12.710000+00:00,1.0,S
1238,2975,2021-01-24T22:16:10.220000+00:00,1.0,P
1238,3224,2021-01-24T22:16:12.710000+00:00,1.0,S
1239,2975,2021-01-24T22:16:10.220000+00:00,1.0,P
1239,3224,2021-01-24T22:16:12.710000+00:00,1.0,S
1240,2975,2021-01-24T22:16:10.220000+00:00,1.0,P
1240,3224,2021-01-24T22:16:12.710000+00:00,1.0,S
1241,2975,2021-01-24T22:16:10.220000+00:00,1.0,P
1241,3224,2021-01-24T22:16:12.710000+00:00,1.0,S
1242,2975,2021-01-24T22:16:10.220000+00:00,1.0,P
1242,3223,2021-01-24T22:16:12.700000+00:00,1.0,S
1243,2975,2021-01-24T22:16:10.220000+00:00,1.0,P
1243,3223,2021-01-24T22:16:12.700000+00:00,1.0,S
1244,2975,2021-01-24T22:16:10.220000+00:00,1.0,P
1244,3223,2021-01-24T22:16:12.700000+00:00,1.0,S
1245,2975,2021-01-24T22:16:10.220000+00:00,1.0,P
1245,3223,2021-01-24T22:16:12.700000+00:00,1.0,S
1246,2974,2021-01-24T22:16:10.210000+00:00,1.0,P
1246,3223,2021-01-24T22:16:12.700000+00:00,1.0,S
1247,2974,2021-01-24T22:16:10.210000+00:00,1.0,P
1247,3223,2021-01-24T22:16:12.700000+00:00,1.0,S
1248,2974,2021-01-24T22:16:10.210000+00:00,1.0,P
1248,3223,2021-01-24T22:16:12.700000+00:00,1.0,S
1249,2974,2021-01-24T22:16:10.210000+00:00,1.0,P
1249,3223,2021-01-24T22:16:12.700000+00:00,1.0,S
1250,2974,2021-01-24T22:16:10.210000+00:00,1.0,P
1250,3223,2021-01-24T22:16:12.700000+00:00,1.0,S
1251,2974,2021-01-24T22:16:10.210000+00:00,1.0,P
1251,3223,2021-01-24T22:16:12.700000+00:00,1.0,S
1252,2974,2021-01-24T22:16:10.210000+00:00,1.0,P
1252,3223,2021-01-24T22:16:12.700000+00:00,1.0,S
1253,2974,2021-01-24T22:16:10.210000+00:00,1.0,P
1253,3222,2021-01-24T22:16:12.690000+00:00,1.0,S
1254,2974,2021-01-24T22:16:10.210000+00:00,1.0,P
1254,3222,2021-01-24T22:16:12.690000+00:00,1.0,S
1255,2974,2021-01-24T22:16:10.210000+00:00,1.0,P
1255,3222,2021-01-24T22:16:12.690000+00:00,1.0,S
1256,2974,2021-01-24T22:16:10.210000+00:00,1.0,P
1256,3222,2021-01-24T22:16:12.690000+00:00,1.0,S
1257,2974,2021-01-24T22:16:10.210000+00:00,1.0,P
1257,3222,2021-01-24T22:16:12.690000+00:00,1.0,S
1258,2973,2021-01-24T22:16:10.200000+00:00,1.0,P
1258,3222,2021-01-24T22:16:12.690000+00:00,1.0,S
1259,2973,2021-01-24T22:16:10.200000+00:00,1.0,P
1259,3222,2021-01-24T22:16:12.690000+00:00,1.0,S
1260,2973,2021-01-24T22:16:10.200000+00:00,1.0,P
1260,3222,2021-01-24T22:16:12.690000+00:00,1.0,S
1261,2973,2021-01-24T22:16:10.200000+00:00,1.0,P
1261,3222,2021-01-24T22:16:12.690000+00:00,1.0,S
1262,2973,2021-01-24T22:16:10.200000+00:00,1.0,P
1262,3222,2021-01-24T22:16:12.690000+00:00,1.0,S
1263,2973,2021-01-24T22:16:10.200000+00:00,1.0,P
1263,3222,2021-01-24T22:16:12.690000+00:00,1.0,S
1264,2973,2021-01-24T22:16:10.200000+00:00,1.0,P
1264,3222,2021-01-24T22:16:12.690000+00:00,1.0,S
1265,2973,2021-01-24T22:16:10.200000+00:00,1.0,P
1265,3221,2021-01-24T22:16:12.680000+00:00,1.0,S
1266,2973,2021-01-24T22:16:10.200000+00:00,1.0,P
1266,3221,2021-01-24T22:16:12.680000+00:00,1.0,S
1267,2973,2021-01-24T22:16:10.200000+00:00,1.0,P
1267,3221,2021-01-24T22:16:12.680000+00:00,1.0,S
1268,2973,2021-01-24T22:16:10.200000+00:00,1.0,P
1268,3221,2021-01-24T22:16:12.680000+00:00,1.0,S
1269,2972,2021-01-24T22:16:10.190000+00:00,1.0,P
1269,3220,2021-01-24T22:16:12.670000+00:00,1.0,S
1270,2972,2021-01-24T22:16:10.190000+00:00,1.0,P
1270,3220,2021-01-24T22:16:12.670000+00:00,1.0,S
1271,2972,2021-01-24T22:16:10.190000+00:00,1.0,P
1271,3220,2021-01-24T22:16:12.670000+00:00,1.0,S
1272,2972,2021-01-24T22:16:10.190000+00:00,1.0,P
1272,3220,2021-01-24T22:16:12.670000+00:00,1.0,S
1273,2972,2021-01-24T22:16:10.190000+00:00,1.0,P
1273,3220,2021-01-24T22:16:12.670000+00:00,1.0,S
1274,2972,2021-01-24T22:16:10.190000+00:00,1.0,P
1274,3219,2021-01-24T22:16:12.659999+00:00,1.0,S
1275,2972,2021-01-24T22:16:10.190000+00:00,1.0,P
1275,3219,2021-01-24T22:16:12.659999+00:00,1.0,S
1276,2972,2021-01-24T22:16:10.190000+00:00,1.0,P
1276,3219,2021-01-24T22:16:12.659999+00:00,1.0,S
1277,2972,2021-01-24T22:16:10.190000+00:00,1.0,P
1277,3219,2021-01-24T22:16:12.659999+00:00,1.0,S
1278,2972,2021-01-24T22:16:10.190000+00:00,1.0,P
1278,3219,2021-01-24T22:16:12.659999+00:00,1.0,S
1279,2972,2021-01-24T22:16:10.190000+00:00,1.0,P
1279,3218,2021-01-24T22:16:12.650000+00:00,1.0,S
1280,2971,2021-01-24T22:16:10.180000+00:00,1.0,P
1280,3218,2021-01-24T22:16:12.650000+00:00,1.0,S
1281,2971,2021-01-24T22:16:10.180000+00:00,1.0,P
1281,3218,2021-01-24T22:16:12.650000+00:00,1.0,S
1282,2971,2021-01-24T22:16:10.180000+00:00,1.0,P
1282,3218,2021-01-24T22:16:12.650000+00:00,1.0,S
1283,2971,2021-01-24T22:16:10.180000+00:00,1.0,P
1283,3218,2021-01-24T22:16:12.650000+00:00,1.0,S
1284,2971,2021-01-24T22:16:10.180000+00:00,1.0,P
1284,3217,2021-01-24T22:16:12.640000+00:00,1.0,S
1285,2971,2021-01-24T22:16:10.180000+00:00,1.0,P
1285,3217,2021-01-24T22:16:12.640000+00:00,1.0,S
1286,2971,2021-01-24T22:16:10.180000+00:00,1.0,P
1286,3217,2021-01-24T22:16:12.640000+00:00,1.0,S
1287,2971,2021-01-24T22:16:10.180000+00:00,1.0,P
1287,3217,2021-01-24T22:16:12.640000+00:00,1.0,S
1288,2971,2021-01-24T22:16:10.180000+00:00,1.0,P
1288,3217,2021-01-24T22:16:12.640000+00:00,1.0,S
1289,2971,2021-01-24T22:16:10.180000+00:00,1.0,P
1289,3217,2021-01-24T22:16:12.640000+00:00,1.0,S
1290,2971,2021-01-24T22:16:10.180000+00:00,1.0,P
1290,3217,2021-01-24T22:16:12.640000+00:00,1.0,S
1291,2971,2021-01-24T22:16:10.180000+00:00,1.0,P
1291,3216,2021-01-24T22:16:12.630000+00:00,1.0,S
1292,2970,2021-01-24T22:16:10.170000+00:00,1.0,P
1292,3216,2021-01-24T22:16:12.630000+00:00,1.0,S
1293,2970,2021-01-24T22:16:10.170000+00:00,1.0,P
1293,3216,2021-01-24T22:16:12.630000+00:00,1.0,S
1294,2970,2021-01-24T22:16:10.170000+00:00,1.0,P
1294,3216,2021-01-24T22:16:12.630000+00:00,1.0,S
1295,2970,2021-01-24T22:16:10.170000+00:00,1.0,P
1295,3216,2021-01-24T22:16:12.630000+00:00,1.0,S
1296,2970,2021-01-24T22:16:10.170000+00:00,1.0,P
1296,3216,2021-01-24T22:16:12.630000+00:00,1.0,S
1297,2970,2021-01-24T22:16:10.170000+00:00,1.0,P
1297,3216,2021-01-24T22:16:12.630000+00:00,1.0,S
1298,2970,2021-01-24T22:16:10.170000+00:00,1.0,P
1298,3216,2021-01-24T22:16:12.630000+00:00,1.0,S
1299,2970,2021-01-24T22:16:10.170000+00:00,1.0,P
1299,3216,2021-01-24T22:16:12.630000+00:00,1.0,S
1300,2970,2021-01-24T22:16:10.170000+00:00,1.0,P
1300,3215,2021-01-24T22:16:12.620000+00:00,1.0,S
1301,2970,2021-01-24T22:16:10.170000+00:00,1.0,P
1301,3215,2021-01-24T22:16:12.620000+00:00,1.0,S
1302,2970,2021-01-24T22:16:10.170000+00:00,1.0,P
1302,3215,2021-01-24T22:16:12.620000+00:00,1.0,S
1303,2970,2021-01-24T22:16:10.170000+00:00,1.0,P
1303,3215,2021-01-24T22:16:12.620000+00:00,1.0,S
1304,2970,2021-01-24T22:16:10.170000+00:00,1.0,P
1304,3215,2021-01-24T22:16:12.620000+00:00,1.0,S
1305,2969,2021-01-24T22:16:10.160000+00:00,1.0,P
1305,3215,2021-01-24T22:16:12.620000+00:00,1.0,S
1306,2969,2021-01-24T22:16:10.160000+00:00,1.0,P
1306,3215,2021-01-24T22:16:12.620000+00:00,1.0,S
1307,2969,2021-01-24T22:16:10.160000+00:00,1.0,P
1307,3214,2021-01-24T22:16:12.610000+00:00,1.0,S
1308,2969,2021-01-24T22:16:10.160000+00:00,1.0,P
1308,3214,2021-01-24T22:16:12.610000+00:00,1.0,S
1309,2969,2021-01-24T22:16:10.160000+00:00,1.0,P
1309,3214,2021-01-24T22:16:12.610000+00:00,1.0,S
1310,2969,2021-01-24T22:16:10.160000+00:00,1.0,P
1310,3214,2021-01-24T22:16:12.610000+00:00,1.0,S
1311,2969,2021-01-24T22:16:10.160000+00:00,1.0,P
1311,3214,2021-01-24T22:16:12.610000+00:00,1.0,S
1312,2969,2021-01-24T22:16:10.160000+00:00,1.0,P
1312,3214,2021-01-24T22:16:12.610000+00:00,1.0,S
1313,2969,2021-01-24T22:16:10.160000+00:00,1.0,P
1313,3214,2021-01-24T22:16:12.610000+00:00,1.0,S
1314,2969,2021-01-24T22:16:10.160000+00:00,1.0,P
1314,3213,2021-01-24T22:16:12.600000+00:00,1.0,S
1315,2969,2021-01-24T22:16:10.160000+00:00,1.0,P
1315,3213,2021-01-24T22:16:12.600000+00:00,1.0,S
1316,2969,2021-01-24T22:16:10.160000+00:00,1.0,P
1316,3213,2021-01-24T22:16:12.600000+00:00,1.0,S
1317,2968,2021-01-24T22:16:10.150000+00:00,1.0,P
1317,3213,2021-01-24T22:16:12.600000+00:00,1.0,S
1318,2968,2021-01-24T22:16:10.150000+00:00,1.0,P
1318,3213,2021-01-24T22:16:12.600000+00:00,1.0,S
1319,2968,2021-01-24T22:16:10.150000+00:00,1.0,P
1319,3213,2021-01-24T22:16:12.600000+00:00,1.0,S
1320,2968,2021-01-24T22:16:10.150000+00:00,1.0,P
1320,3212,2021-01-24T22:16:12.589999+00:00,1.0,S
1321,2968,2021-01-24T22:16:10.150000+00:00,1.0,P
1321,3212,2021-01-24T22:16:12.589999+00:00,1.0,S
1322,2968,2021-01-24T22:16:10.150000+00:00,1.0,P
1322,3212,2021-01-24T22:16:12.589999+00:00,1.0,S
1323,2968,2021-01-24T22:16:10.150000+00:00,1.0,P
1323,3212,2021-01-24T22:16:12.589999+00:00,1.0,S
1324,2968,2021-01-24T22:16:10.150000+00:00,1.0,P
1324,3211,2021-01-24T22:16:12.580000+00:00,1.0,S
1325,2968,2021-01-24T22:16:10.150000+00:00,1.0,P
1325,3211,2021-01-24T22:16:12.580000+00:00,1.0,S
1326,2968,2021-01-24T22:16:10.150000+00:00,1.0,P
1326,3211,2021-01-24T22:16:12.580000+00:00,1.0,S
1327,2968,2021-01-24T22:16:10.150000+00:00,1.0,P
1327,3211,2021-01-24T22:16:12.580000+00:00,1.0,S
1328,2967,2021-01-24T22:16:10.140000+00:00,1.0,P
1328,3210,2021-01-24T22:16:12.570000+00:00,1.0,S
1329,2967,2021-01-24T22:16:10.140000+00:00,1.0,P
1329,3210,2021-01-24T22:16:12.570000+00:00,1.0,S
1330,2967,2021-01-24T22:16:10.140000+00:00,1.0,P
1330,3210,2021-01-24T22:16:12.570000+00:00,1.0,S
1331,2967,2021-01-24T22:16:10.140000+00:00,1.0,P
1331,3210,2021-01-24T22:16:12.570000+00:00,1.0,S
1332,2967,2021-01-24T22:16:10.140000+00:00,1.0,P
1332,3209,2021-01-24T22:16:12.560000+00:00,1.0,S
1333,2967,2021-01-24T22:16:10.140000+00:00,1.0,P
1333,3209,2021-01-24T22:16:12.560000+00:00,1.0,S
1334,2967,2021-01-24T22:16:10.140000+00:00,1.0,P
1334,3209,2021-01-24T22:16:12.560000+00:00,1.0,S
1335,2967,2021-01-24T22:16:10.140000+00:00,1.0,P
1335,3209,2021-01-24T22:16:12.560000+00:00,1.0,S
1336,2967,2021-01-24T22:16:10.140000+00:00,1.0,P
1336,3208,2021-01-24T22:16:12.550000+00:00,1.0,S
1337,2967,2021-01-24T22:16:10.140000+00:00,1.0,P
1337,3208,2021-01-24T22:16:12.550000+00:00,1.0,S
1338,2966,2021-01-24T22:16:10.130000+00:00,1.0,P
1338,3208,2021-01-24T22:16:12.550000+00:00,1.0,S
1339,2966,2021-01-24T22:16:10.130000+00:00,1.0,P
1339,3208,2021-01-24T22:16:12.550000+00:00,1.0,S
1340,2966,2021-01-24T22:16:10.130000+00:00,1.0,P
1340,3207,2021-01-24T22:16:12.540000+00:00,1.0,S
1341,2966,2021-01-24T22:16:10.130000+00:00,1.0,P
1341,3207,2021-01-24T22:16:12.540000+00:00,1.0,S
1342,2966,2021-01-24T22:16:10.130000+00:00,1.0,P
1342,3207,2021-01-24T22:16:12.540000+00:00,1.0,S
1343,2966,2021-01-24T22:16:10.130000+00:00,1.0,P
1343,3207,2021-01-24T22:16:12.540000+00:00,1.0,S
1344,2966,2021-01-24T22:16:10.130000+00:00,1.0,P
1344,3206,2021-01-24T22:16:12.530000+00:00,1.0,S
1345,2966,2021-01-24T22:16:10.130000+00:00,1.0,P
1345,3206,2021-01-24T22:16:12.530000+00:00,1.0,S
1346,2966,2021-01-24T22:16:10.130000+00:00,1.0,P
1346,3206,2021-01-24T22:16:12.530000+00:00,1.0,S
1347,2966,2021-01-24T22:16:10.130000+00:00,1.0,P
1347,3206,2021-01-24T22:16:12.530000+00:00,1.0,S
1348,2965,2021-01-24T22:16:10.120000+00:00,1.0,P
1348,3205,2021-01-24T22:16:12.519999+00:00,1.0,S
1349,2965,2021-01-24T22:16:10.120000+00:00,1.0,P
1349,3205,2021-01-24T22:16:12.519999+00:00,1.0,S
1350,2965,2021-01-24T22:16:10.120000+00:00,1.0,P
1350,3205,2021-01-24T22:16:12.519999+00:00,1.0,S
1351,2965,2021-01-24T22:16:10.120000+00:00,1.0,P
1351,3205,2021-01-24T22:16:12.519999+00:00,1.0,S
1352,2965,2021-01-24T22:16:10.120000+00:00,1.0,P
1352,3204,2021-01-24T22:16:12.510000+00:00,1.0,S
1353,2965,2021-01-24T22:16:10.120000+00:00,1.0,P
1353,3204,2021-01-24T22:16:12.510000+00:00,1.0,S
1354,2965,2021-01-24T22:16:10.120000+00:00,1.0,P
1354,3204,2021-01-24T22:16:12.510000+00:00,1.0,S
1355,2965,2021-01-24T22:16:10.120000+00:00,1.0,P
1355,3203,2021-01-24T22:16:12.500000+00:00,1.0,S
1356,2965,2021-01-24T22:16:10.120000+00:00,1.0,P
1356,3203,2021-01-24T22:16:12.500000+00:00,1.0,S
1357,2964,2021-01-24T22:16:10.110000+00:00,1.0,P
1357,3203,2021-01-24T22:16:12.500000+00:00,1.0,S
1358,2964,2021-01-24T22:16:10.110000+00:00,1.0,P
1358,3203,2021-01-24T22:16:12.500000+00:00,1.0,S
1359,2964,2021-01-24T22:16:10.110000+00:00,1.0,P
1359,3202,2021-01-24T22:16:12.490000+00:00,1.0,S
1360,2964,2021-01-24T22:16:10.110000+00:00,1.0,P
1360,3202,2021-01-24T22:16:12.490000+00:00,1.0,S
1361,2964,2021-01-24T22:16:10.110000+00:00,1.0,P
1361,3202,2021-01-24T22:16:12.490000+00:00,1.0,S
1362,2964,2021-01-24T22:16:10.110000+00:00,1.0,P
1362,3202,2021-01-24T22:16:12.490000+00:00,1.0,S
1363,2964,2021-01-24T22:16:10.110000+00:00,1.0,P
1363,3201,2021-01-24T22:16:12.479999+00:00,1.0,S
1364,2964,2021-01-24T22:16:10.110000+00:00,1.0,P
1364,3201,2021-01-24T22:16:12.479999+00:00,1.0,S
1365,2964,2021-01-24T22:16:10.110000+00:00,1.0,P
1365,3201,2021-01-24T22:16:12.479999+00:00,1.0,S
1366,2963,2021-01-24T22:16:10.100000+00:00,1.0,P
1366,3200,2021-01-24T22:16:12.470000+00:00,1.0,S
1367,2963,2021-01-24T22:16:10.100000+00:00,1.0,P
1367,3200,2021-01-24T22:16:12.470000+00:00,1.0,S
1368,2963,2021-01-24T22:16:10.100000+00:00,1.0,P
1368,3200,2021-01-24T22:16:12.470000+00:00,1.0,S
1369,2963,2021-01-24T22:16:10.100000+00:00,1.0,P
1369,3199,2021-01-24T22:16:12.460000+00:00,1.0,S
1370,2963,2021-01-24T22:16:10.100000+00:00,1.0,P
1370,3199,2021-01-24T22:16:12.460000+00:00,1.0,S
1371,2963,2021-01-24T22:16:10.100000+00:00,1.0,P
1371,3199,2021-01-24T22:16:12.460000+00:00,1.0,S
1372,2963,2021-01-24T22:16:10.100000+00:00,1.0,P
1372,3198,2021-01-24T22:16:12.450000+00:00,1.0,S
1373,2963,2021-01-24T22:16:10.100000+00:00,1.0,P
1373,3198,2021-01-24T22:16:12.450000+00:00,1.0,S
1374,2962,2021-01-24T22:16:10.090000+00:00,1.0,P
1374,3197,2021-01-24T22:16:12.440000+00:00,1.0,S
1375,2962,2021-01-24T22:16:10.090000+00:00,1.0,P
1375,3197,2021-01-24T22:16:12.440000+00:00,1.0,S
1376,2962,2021-01-24T22:16:10.090000+00:00,1.0,P
1376,3197,2021-01-24T22:16:12.440000+00:00,1.0,S
1377,2962,2021-01-24T22:16:10.090000+00:00,1.0,P
1377,3196,2021-01-24T22:16:12.430000+00:00,1.0,S
1378,2962,2021-01-24T22:16:10.090000+00:00,1.0,P
1378,3196,2021-01-24T22:16:12.430000+00:00,1.0,S
1379,2962,2021-01-24T22:16:10.090000+00:00,1.0,P
1379,3195,2021-01-24T22:16:12.420000+00:00,1.0,S
1380,2962,2021-01-24T22:16:10.090000+00:00,1.0,P
1380,3195,2021-01-24T22:16:12.420000+00:00,1.0,S
1381,2962,2021-01-24T22:16:10.090000+00:00,1.0,P
1381,3194,2021-01-24T22:16:12.410000+00:00,1.0,S
1382,2961,2021-01-24T22:16:10.080000+00:00,1.0,P
1382,3194,2021-01-24T22:16:12.410000+00:00,1.0,S
1383,2961,2021-01-24T22:16:10.080000+00:00,1.0,P
1383,3194,2021-01-24T22:16:12.410000+00:00,1.0,S
1384,2961,2021-01-24T22:16:10.080000+00:00,1.0,P
1384,3193,2021-01-24T22:16:12.400000+00:00,1.0,S
1385,2961,2021-01-24T22:16:10.080000+00:00,1.0,P
1385,3193,2021-01-24T22:16:12.400000+00:00,1.0,S
1386,2961,2021-01-24T22:16:10.080000+00:00,1.0,P
1386,3192,2021-01-24T22:16:12.390000+00:00,1.0,S
1387,2961,2021-01-24T22:16:10.080000+00:00,1.0,P
1387,3192,2021-01-24T22:16:12.390000+00:00,1.0,S
1388,2961,2021-01-24T22:16:10.080000+00:00,1.0,P
1388,3192,2021-01-24T22:16:12.390000+00:00,1.0,S
1389,2961,2021-01-24T22:16:10.080000+00:00,1.0,P
1389,3191,2021-01-24T22:16:12.380000+00:00,1.0,S
1390,2961,2021-01-24T22:16:10.080000+00:00,1.0,P
1390,3191,2021-01-24T22:16:12.380000+00:00,1.0,S
1391,2960,2021-01-24T22:16:10.070000+00:00,1.0,P
1391,3190,2021-01-24T22:16:12.370000+00:00,1.0,S
1392,2960,2021-01-24T22:16:10.070000+00:00,1.0,P
1392,3190,2021-01-24T22:16:12.370000+00:00,1.0,S
1393,2960,2021-01-24T22:16:10.070000+00:00,1.0,P
1393,3190,2021-01-24T22:16:12.370000+00:00,1.0,S
1394,2960,2021-01-24T22:16:10.070000+00:00,1.0,P
1394,3189,2021-01-24T22:16:12.360000+00:00,1.0,S
1395,2960,2021-01-24T22:16:10.070000+00:00,1.0,P
1395,3189,2021-01-24T22:16:12.360000+00:00,1.0,S
1396,2960,2021-01-24T22:16:10.070000+00:00,1.0,P
1396,3189,2021-01-24T22:16:12.360000+00:00,1.0,S
1397,2960,2021-01-24T22:16:10.070000+00:00,1.0,P
1397,3188,2021-01-24T22:16:12.350000+00:00,1.0,S
1398,2959,2021-01-24T22:16:10.060000+00:00,1.0,P
1398,3188,2021-01-24T22:16:12.350000+00:00,1.0,S
1399,2959,2021-01-24T22:16:10.060000+00:00,1.0,P
1399,3187,2021-01-24T22:16:12.340000+00:00,1.0,S
1400,2959,2021-01-24T22:16:10.060000+00:00,1.0,P
1400,3187,2021-01-24T22:16:12.340000+00:00,1.0,S
1401,2959,2021-01-24T22:16:10.060000+00:00,1.0,P
1401,3187,2021-01-24T22:16:12.340000+00:00,1.0,S
1402,2959,2021-01-24T22:16:10.060000+00:00,1.0,P
1402,3186,2021-01-24T22:16:12.330000+00:00,1.0,S
1403,2959,2021-01-24T22:16:10.060000+00:00,1.0,P
1403,3186,2021-01-24T22:16:12.330000+00:00,1.0,S
1404,2959,2021-01-24T22:16:10.060000+00:00,1.0,P
1404,3186,2021-01-24T22:16:12.330000+00:00,1.0,S
1405,2959,2021-01-24T22:16:10.060000+00:00,1.0,P
1405,3185,2021-01-24T22:16:12.320000+00:00,1.0,S
1406,2958,2021-01-24T22:16:10.050000+00:00,1.0,P
1406,3185,2021-01-24T22:16:12.320000+00:00,1.0,S
1407,2958,2021-01-24T22:16:10.050000+00:00,1.0,P
1407,3184,2021-01-24T22:16:12.310000+00:00,1.0,S
1408,2958,2021-01-24T22:16:10.050000+00:00,1.0,P
1408,3184,2021-01-24T22:16:12.310000+00:00,1.0,S
1409,2958,2021-01-24T22:16:10.050000+00:00,1.0,P
1409,3184,2021-01-24T22:16:12.310000+00:00,1.0,S
1410,2958,2021-01-24T22:16:10.050000+00:00,1.0,P
1410,3183,2021-01-24T22:16:12.300000+00:00,1.0,S
1411,2958,2021-01-24T22:16:10.050000+00:00,1.0,P
1411,3183,2021-01-24T22:16:12.300000+00:00,1.0,S
1412,2957,2021-01-24T22:16:10.040000+00:00,1.0,P
1412,3183,2021-01-24T22:16:12.300000+00:00,1.0,S
1413,2957,2021-01-24T22:16:10.040000+00:00,1.0,P
1413,3182,2021-01-24T22:16:12.290000+00:00,1.0,S
1414,2957,2021-01-24T22:16:10.040000+00:00,1.0,P
1414,3182,2021-01-24T22:16:12.290000+00:00,1.0,S
1415,2957,2021-01-24T22:16:10.040000+00:00,1.0,P
1415,3182,2021-01-24T22:16:12.290000+00:00,1.0,S
1416,2957,2021-01-24T22:16:10.040000+00:00,1.0,P
1416,3182,2021-01-24T22:16:12.290000+00:00,1.0,S
1417,2957,2021-01-24T22:16:10.040000+00:00,1.0,P
1417,3181,2021-01-24T22:16:12.280000+00:00,1.0,S
1418,2957,2021-01-24T22:16:10.040000+00:00,1.0,P
1418,3181,2021-01-24T22:16:12.280000+00:00,1.0,S
1419,2956,2021-01-24T22:16:10.030000+00:00,1.0,P
1419,3181,2021-01-24T22:16:12.280000+00:00,1.0,S
1420,2956,2021-01-24T22:16:10.030000+00:00,1.0,P
1420,3181,2021-01-24T22:16:12.280000+00:00,1.0,S
1421,2956,2021-01-24T22:16:10.030000+00:00,1.0,P
1421,3180,2021-01-24T22:16:12.270000+00:00,1.0,S
1422,2956,2021-01-24T22:16:10.030000+00:00,1.0,P
1422,3180,2021-01-24T22:16:12.270000+00:00,1.0,S
1423,2956,2021-01-24T22:16:10.030000+00:00,1.0,P
1423,3180,2021-01-24T22:16:12.270000+00:00,1.0,S
1424,2956,2021-01-24T22:16:10.030000+00:00,1.0,P
1424,3180,2021-01-24T22:16:12.270000+00:00,1.0,S
1425,2955,2021-01-24T22:16:10.020000+00:00,1.0,P
1425,3179,2021-01-24T22:16:12.260000+00:00,1.0,S
1426,2955,2021-01-24T22:16:10.020000+00:00,1.0,P
1426,3179,2021-01-24T22:16:12.260000+00:00,1.0,S
1427,2955,2021-01-24T22:16:10.020000+00:00,1.0,P
1427,3179,2021-01-24T22:16:12.260000+00:00,1.0,S
1428,2955,2021-01-24T22:16:10.020000+00:00,1.0,P
1428,3179,2021-01-24T22:16:12.260000+00:00,1.0,S
1429,2955,2021-01-24T22:16:10.020000+00:00,1.0,P
1429,3178,2021-01-24T22:16:12.250000+00:00,1.0,S
1430,2955,2021-01-24T22:16:10.020000+00:00,1.0,P
1430,3178,2021-01-24T22:16:12.250000+00:00,1.0,S
1431,2954,2021-01-24T22:16:10.010000+00:00,1.0,P
1431,3178,2021-01-24T22:16:12.250000+00:00,1.0,S
1432,2954,2021-01-24T22:16:10.010000+00:00,1.0,P
1432,3178,2021-01-24T22:16:12.250000+00:00,1.0,S
1433,2954,2021-01-24T22:16:10.010000+00:00,1.0,P
1433,3177,2021-01-24T22:16:12.240000+00:00,1.0,S
1434,2954,2021-01-24T22:16:10.010000+00:00,1.0,P
1434,3177,2021-01-24T22:16:12.240000+00:00,1.0,S
1435,2954,2021-01-24T22:16:10.010000+00:00,1.0,P
1435,3177,2021-01-24T22:16:12.240000+00:00,1.0,S
1436,2954,2021-01-24T22:16:10.010000+00:00,1.0,P
1436,3177,2021-01-24T22:16:12.240000+00:00,1.0,S
1437,2953,2021-01-24T22:16:10+00:00,1.0,P
1437,3176,2021-01-24T22:16:12.230000+00:00,1.0,S
1438,2953,2021-01-24T22:16:10+00:00,1.0,P
1438,3176,2021-01-24T22:16:12.230000+00:00,1.0,S
1439,2953,2021-01-24T22:16:10+00:00,1.0,P
1439,3176,2021-01-24T22:16:12.230000+00:00,1.0,S
1440,2953,2021-01-24T22:16:10+00:00,1.0,P
1440,3175,2021-01-24T22:16:12.220000+00:00,1.0,S
1441,2953,2021-01-24T22:16:10+00:00,1.0,P
1441,3175,2021-01-24T22:16:12.220000+00:00,1.0,S
1442,2953,2021-01-24T22:16:10+00:00,1.0,P
1442,3175,2021-01-24T22:16:12.220000+00:00,1.0,S
1443,2952,2021-01-24T22:16:09.990000+00:00,1.0,P
1443,3175,2021-01-24T22:16:12.220000+00:00,1.0,S
1444,2952,2021-01-24T22:16:09.990000+00:00,1.0,P
1444,3174,2021-01-24T22:16:12.210000+00:00,1.0,S
1445,2952,2021-01-24T22:16:09.990000+00:00,1.0,P
1445,3174,2021-01-24T22:16:12.210000+00:00,1.0,S
1446,2952,2021-01-24T22:16:09.990000+00:00,1.0,P
1446,3174,2021-01-24T22:16:12.210000+00:00,1.0,S
1447,2952,2021-01-24T22:16:09.990000+00:00,1.0,P
1447,3173,2021-01-24T22:16:12.200000+00:00,1.0,S
1448,2952,2021-01-24T22:16:09.990000+00:00,1.0,P
1448,3173,2021-01-24T22:16:12.200000+00:00,1.0,S
1449,2951,2021-01-24T22:16:09.980000+00:00,1.0,P
1449,3173,2021-01-24T22:16:12.200000+00:00,1.0,S
1450,2951,2021-01-24T22:16:09.980000+00:00,1.0,P
1450,3172,2021-01-24T22:16:12.190000+00:00,1.0,S
1451,2951,2021-01-24T22:16:09.980000+00:00,1.0,P
1451,3172,2021-01-24T22:16:12.190000+00:00,1.0,S
1452,2951,2021-01-24T22:16:09.980000+00:00,1.0,P
1452,3172,2021-01-24T22:16:12.190000+00:00,1.0,S
1453,2951,2021-01-24T22:16:09.980000+00:00,1.0,P
1453,3172,2021-01-24T22:16:12.190000+00:00,1.0,S
1454,2951,2021-01-24T22:16:09.980000+00:00,1.0,P
1454,3172,2021-01-24T22:16:12.190000+00:00,1.0,S
1455,2951,2021-01-24T22:16:09.980000+00:00,1.0,P
1455,3172,2021-01-24T22:16:12.190000+00:00,1.0,S
1456,2950,2021-01-24T22:16:09.970000+00:00,1.0,P
1456,3172,2021-01-24T22:16:12.190000+00:00,1.0,S
1457,2950,2021-01-24T22:16:09.970000+00:00,1.0,P
1457,3172,2021-01-24T22:16:12.190000+00:00,1.0,S
1458,2950,2021-01-24T22:16:09.970000+00:00,1.0,P
1458,3172,2021-01-24T22:16:12.190000+00:00,1.0,S
1459,2950,2021-01-24T22:16:09.970000+00:00,1.0,P
1459,3171,2021-01-24T22:16:12.180000+00:00,1.0,S
1460,2950,2021-01-24T22:16:09.970000+00:00,1.0,P
1460,3171,2021-01-24T22:16:12.180000+00:00,1.0,S
1461,2950,2021-01-24T22:16:09.970000+00:00,1.0,P
1461,3171,2021-01-24T22:16:12.180000+00:00,1.0,S
1462,2950,2021-01-24T22:16:09.970000+00:00,1.0,P
1462,3171,2021-01-24T22:16:12.180000+00:00,1.0,S
1463,2949,2021-01-24T22:16:09.960000+00:00,1.0,P
1463,3171,2021-01-24T22:16:12.180000+00:00,1.0,S
1464,2949,2021-01-24T22:16:09.960000+00:00,1.0,P
1464,3170,2021-01-24T22:16:12.170000+00:00,1.0,S
1465,2949,2021-01-24T22:16:09.960000+00:00,1.0,P
1465,3170,2021-01-24T22:16:12.170000+00:00,1.0,S
1466,2949,2021-01-24T22:16:09.960000+00:00,1.0,P
1466,3170,2021-01-24T22:16:12.170000+00:00,1.0,S
1467,2949,2021-01-24T22:16:09.960000+00:00,1.0,P
1467,3170,2021-01-24T22:16:12.170000+00:00,1.0,S
1468,2949,2021-01-24T22:16:09.960000+00:00,1.0,P
1468,3170,2021-01-24T22:16:12.170000+00:00,1.0,S
1469,2949,2021-01-24T22:16:09.960000+00:00,1.0,P
1469,3169,2021-01-24T22:16:12.160000+00:00,1.0,S
1470,2948,2021-01-24T22:16:09.950000+00:00,1.0,P
1470,3169,2021-01-24T22:16:12.160000+00:00,1.0,S
1471,2948,2021-01-24T22:16:09.950000+00:00,1.0,P
1471,3169,2021-01-24T22:16:12.160000+00:00,1.0,S
1472,2948,2021-01-24T22:16:09.950000+00:00,1.0,P
1472,3169,2021-01-24T22:16:12.160000+00:00,1.0,S
1473,2948,2021-01-24T22:16:09.950000+00:00,1.0,P
1473,3169,2021-01-24T22:16:12.160000+00:00,1.0,S
1474,2948,2021-01-24T22:16:09.950000+00:00,1.0,P
1474,3168,2021-01-24T22:16:12.150000+00:00,1.0,S
1475,2948,2021-01-24T22:16:09.950000+00:00,1.0,P
1475,3168,2021-01-24T22:16:12.150000+00:00,1.0,S
1476,2947,2021-01-24T22:16:09.940000+00:00,1.0,P
1476,3168,2021-01-24T22:16:12.150000+00:00,1.0,S
1477,2947,2021-01-24T22:16:09.940000+00:00,1.0,P
1477,3168,2021-01-24T22:16:12.150000+00:00,1.0,S
1478,2947,2021-01-24T22:16:09.940000+00:00,1.0,P
1478,3168,2021-01-24T22:16:12.150000+00:00,1.0,S
1479,2947,2021-01-24T22:16:09.940000+00:00,1.0,P
1479,3167,2021-01-24T22:16:12.140000+00:00,1.0,S
1480,2947,2021-01-24T22:16:09.940000+00:00,1.0,P
1480,3167,2021-01-24T22:16:12.140000+00:00,1.0,S
1481,2947,2021-01-24T22:16:09.940000+00:00,1.0,P
1481,3167,2021-01-24T22:16:12.140000+00:00,1.0,S
1482,2947,2021-01-24T22:16:09.940000+00:00,1.0,P
1482,3167,2021-01-24T22:16:12.140000+00:00,1.0,S
1483,2946,2021-01-24T22:16:09.930000+00:00,1.0,P
1483,3166,2021-01-24T22:16:12.130000+00:00,1.0,S
1484,2946,2021-01-24T22:16:09.930000+00:00,1.0,P
1484,3166,2021-01-24T22:16:12.130000+00:00,1.0,S
1485,2946,2021-01-24T22:16:09.930000+00:00,1.0,P
1485,3166,2021-01-24T22:16:12.130000+00:00,1.0,S
1486,2946,2021-01-24T22:16:09.930000+00:00,1.0,P
1486,3165,2021-01-24T22:16:12.120000+00:00,1.0,S
1487,2946,2021-01-24T22:16:09.930000+00:00,1.0,P
1487,3165,2021-01-24T22:16:12.120000+00:00,1.0,S
1488,2946,2021-01-24T22:16:09.930000+00:00,1.0,P
1488,3165,2021-01-24T22:16:12.120000+00:00,1.0,S
1489,2945,2021-01-24T22:16:09.920000+00:00,1.0,P
1489,3164,2021-01-24T22:16:12.110000+00:00,1.0,S
1490,2945,2021-01-24T22:16:09.920000+00:00,1.0,P
1490,3163,2021-01-24T22:16:12.100000+00:00,1.0,S
1491,2945,2021-01-24T22:16:09.920000+00:00,1.0,P
1491,3163,2021-01-24T22:16:12.100000+00:00,1.0,S
1492,2945,2021-01-24T22:16:09.920000+00:00,1.0,P
1492,3162,2021-01-24T22:16:12.090000+00:00,1.0,S
1493,2945,2021-01-24T22:16:09.920000+00:00,1.0,P
1493,3162,2021-01-24T22:16:12.090000+00:00,1.0,S
1494,2945,2021-01-24T22:16:09.920000+00:00,1.0,P
1494,3161,2021-01-24T22:16:12.080000+00:00,1.0,S
1495,2944,2021-01-24T22:16:09.910000+00:00,1.0,P
1495,3160,2021-01-24T22:16:12.070000+00:00,1.0,S
1496,2944,2021-01-24T22:16:09.910000+00:00,1.0,P
1496,3160,2021-01-24T22:16:12.070000+00:00,1.0,S
1497,2944,2021-01-24T22:16:09.910000+00:00,1.0,P
1497,3159,2021-01-24T22:16:12.060000+00:00,1.0,S
1498,2944,2021-01-24T22:16:09.910000+00:00,1.0,P
1498,3159,2021-01-24T22:16:12.060000+00:00,1.0,S
1499,2944,2021-01-24T22:16:09.910000+00:00,1.0,P
1499,3159,2021-01-24T22:16:12.060000+00:00,1.0,S
1500,2944,2021-01-24T22:16:09.910000+00:00,1.0,P
1500,3158,2021-01-24T22:16:12.050000+00:00,1.0,S
1501,2944,2021-01-24T22:16:09.910000+00:00,1.0,P
1501,3158,2021-01-24T22:16:12.050000+00:00,1.0,S
1502,2944,2021-01-24T22:16:09.910000+00:00,1.0,P
1502,3158,2021-01-24T22:16:12.050000+00:00,1.0,S
1503,2943,2021-01-24T22:16:09.900000+00:00,1.0,P
1503,3157,2021-01-24T22:16:12.040000+00:00,1.0,S
1504,2943,2021-01-24T22:16:09.900000+00:00,1.0,P
1504,3157,2021-01-24T22:16:12.040000+00:00,1.0,S
1505,2943,2021-01-24T22:16:09.900000+00:00,1.0,P
1505,3157,2021-01-24T22:16:12.040000+00:00,1.0,S
1506,2943,2021-01-24T22:16:09.900000+00:00,1.0,P
1506,3156,2021-01-24T22:16:12.030000+00:00,1.0,S
1507,2943,2021-01-24T22:16:09.900000+00:00,1.0,P
1507,3156,2021-01-24T22:16:12.030000+00:00,1.0,S
1508,2943,2021-01-24T22:16:09.900000+00:00,1.0,P
1508,3156,2021-01-24T22:16:12.030000+00:00,1.0,S
1509,2942,2021-01-24T22:16:09.890000+00:00,1.0,P
1509,3155,2021-01-24T22:16:12.020000+00:00,1.0,S
1510,2942,2021-01-24T22:16:09.890000+00:00,1.0,P
1510,3155,2021-01-24T22:16:12.020000+00:00,1.0,S
1511,2942,2021-01-24T22:16:09.890000+00:00,1.0,P
1511,3154,2021-01-24T22:16:12.010000+00:00,1.0,S
1512,2942,2021-01-24T22:16:09.890000+00:00,1.0,P
1512,3153,2021-01-24T22:16:12+00:00,1.0,S
1513,2942,2021-01-24T22:16:09.890000+00:00,1.0,P
1513,3153,2021-01-24T22:16:12+00:00,1.0,S
1514,2942,2021-01-24T22:16:09.890000+00:00,1.0,P
1514,3153,2021-01-24T22:16:12+00:00,1.0,S
1515,2941,2021-01-24T22:16:09.880000+00:00,1.0,P
1515,3153,2021-01-24T22:16:12+00:00,1.0,S
1516,2941,2021-01-24T22:16:09.880000+00:00,1.0,P
1516,3152,2021-01-24T22:16:11.990000+00:00,1.0,S
1517,2941,2021-01-24T22:16:09.880000+00:00,1.0,P
1517,3152,2021-01-24T22:16:11.990000+00:00,1.0,S
1518,2941,2021-01-24T22:16:09.880000+00:00,1.0,P
1518,3152,2021-01-24T22:16:11.990000+00:00,1.0,S
1519,2941,2021-01-24T22:16:09.880000+00:00,1.0,P
1519,3151,2021-01-24T22:16:11.980000+00:00,1.0,S
1520,2941,2021-01-24T22:16:09.880000+00:00,1.0,P
1520,3151,2021-01-24T22:16:11.980000+00:00,1.0,S
1521,2940,2021-01-24T22:16:09.870000+00:00,1.0,P
1521,3151,2021-01-24T22:16:11.980000+00:00,1.0,S
1522,2940,2021-01-24T22:16:09.870000+00:00,1.0,P
1522,3150,2021-01-24T22:16:11.970000+00:00,1.0,S
1523,2940,2021-01-24T22:16:09.870000+00:00,1.0,P
1523,3150,2021-01-24T22:16:11.970000+00:00,1.0,S
1524,2940,2021-01-24T22:16:09.870000+00:00,1.0,P
1524,3150,2021-01-24T22:16:11.970000+00:00,1.0,S
1525,2940,2021-01-24T22:16:09.870000+00:00,1.0,P
1525,3149,2021-01-24T22:16:11.960000+00:00,1.0,S
1526,2940,2021-01-24T22:16:09.870000+00:00,1.0,P
1526,3149,2021-01-24T22:16:11.960000+00:00,1.0,S
1527,2939,2021-01-24T22:16:09.860000+00:00,1.0,P
1527,3149,2021-01-24T22:16:11.960000+00:00,1.0,S
1528,2939,2021-01-24T22:16:09.860000+00:00,1.0,P
1528,3149,2021-01-24T22:16:11.960000+00:00,1.0,S
1529,2939,2021-01-24T22:16:09.860000+00:00,1.0,P
1529,3148,2021-01-24T22:16:11.950000+00:00,1.0,S
1530,2939,2021-01-24T22:16:09.860000+00:00,1.0,P
1530,3148,2021-01-24T22:16:11.950000+00:00,1.0,S
1531,2939,2021-01-24T22:16:09.860000+00:00,1.0,P
1531,3147,2021-01-24T22:16:11.940000+00:00,1.0,S
1532,2939,2021-01-24T22:16:09.860000+00:00,1.0,P
1532,3147,2021-01-24T22:16:11.940000+00:00,1.0,S
1533,2939,2021-01-24T22:16:09.860000+00:00,1.0,P
1533,3146,2021-01-24T22:16:11.930000+00:00,1.0,S
1534,2938,2021-01-24T22:16:09.850000+00:00,1.0,P
1534,3146,2021-01-24T22:16:11.930000+00:00,1.0,S
1535,2938,2021-01-24T22:16:09.850000+00:00,1.0,P
1535,3145,2021-01-24T22:16:11.920000+00:00,1.0,S
1536,2938,2021-01-24T22:16:09.850000+00:00,1.0,P
1536,3145,2021-01-24T22:16:11.920000+00:00,1.0,S
1537,2938,2021-01-24T22:16:09.850000+00:00,1.0,P
1537,3144,2021-01-24T22:16:11.910000+00:00,1.0,S
1538,2938,2021-01-24T22:16:09.850000+00:00,1.0,P
1538,3144,2021-01-24T22:16:11.910000+00:00,1.0,S
1539,2938,2021-01-24T22:16:09.850000+00:00,1.0,P
1539,3144,2021-01-24T22:16:11.910000+00:00,1.0,S
1540,2938,2021-01-24T22:16:09.850000+00:00,1.0,P
1540,3143,2021-01-24T22:16:11.900000+00:00,1.0,S
1541,2937,2021-01-24T22:16:09.840000+00:00,1.0,P
1541,3143,2021-01-24T22:16:11.900000+00:00,1.0,S
1542,2937,2021-01-24T22:16:09.840000+00:00,1.0,P
1542,3142,2021-01-24T22:16:11.890000+00:00,1.0,S
1543,2937,2021-01-24T22:16:09.840000+00:00,1.0,P
1543,3142,2021-01-24T22:16:11.890000+00:00,1.0,S
1544,2937,2021-01-24T22:16:09.840000+00:00,1.0,P
1544,3142,2021-01-24T22:16:11.890000+00:00,1.0,S
1545,2937,2021-01-24T22:16:09.840000+00:00,1.0,P
1545,3141,2021-01-24T22:16:11.880000+00:00,1.0,S
1546,2937,2021-01-24T22:16:09.840000+00:00,1.0,P
1546,3141,2021-01-24T22:16:11.880000+00:00,1.0,S
1547,2937,2021-01-24T22:16:09.840000+00:00,1.0,P
1547,3141,2021-01-24T22:16:11.880000+00:00,1.0,S
1548,2936,2021-01-24T22:16:09.830000+00:00,1.0,P
1548,3141,2021-01-24T22:16:11.880000+00:00,1.0,S
1549,2936,2021-01-24T22:16:09.830000+00:00,1.0,P
1549,3140,2021-01-24T22:16:11.870000+00:00,1.0,S
1550,2936,2021-01-24T22:16:09.830000+00:00,1.0,P
1550,3140,2021-01-24T22:16:11.870000+00:00,1.0,S
1551,2936,2021-01-24T22:16:09.830000+00:00,1.0,P
1551,3140,2021-01-24T22:16:11.870000+00:00,1.0,S
1552,2936,2021-01-24T22:16:09.830000+00:00,1.0,P
1552,3140,2021-01-24T22:16:11.870000+00:00,1.0,S
1553,2936,2021-01-24T22:16:09.830000+00:00,1.0,P
1553,3139,2021-01-24T22:16:11.860000+00:00,1.0,S
1554,2936,2021-01-24T22:16:09.830000+00:00,1.0,P
1554,3139,2021-01-24T22:16:11.860000+00:00,1.0,S
1555,2936,2021-01-24T22:16:09.830000+00:00,1.0,P
1555,3138,2021-01-24T22:16:11.850000+00:00,1.0,S
1556,2935,2021-01-24T22:16:09.820000+00:00,1.0,P
1556,3138,2021-01-24T22:16:11.850000+00:00,1.0,S
1557,2935,2021-01-24T22:16:09.820000+00:00,1.0,P
1557,3138,2021-01-24T22:16:11.850000+00:00,1.0,S
1558,2935,2021-01-24T22:16:09.820000+00:00,1.0,P
1558,3137,2021-01-24T22:16:11.840000+00:00,1.0,S
1559,2935,2021-01-24T22:16:09.820000+00:00,1.0,P
1559,3137,2021-01-24T22:16:11.840000+00:00,1.0,S
1560,2935,2021-01-24T22:16:09.820000+00:00,1.0,P
1560,3136,2021-01-24T22:16:11.830000+00:00,1.0,S
1561,2935,2021-01-24T22:16:09.820000+00:00,1.0,P
1561,3136,2021-01-24T22:16:11.830000+00:00,1.0,S
1562,2935,2021-01-24T22:16:09.820000+00:00,1.0,P
1562,3136,2021-01-24T22:16:11.830000+00:00,1.0,S
1563,2935,2021-01-24T22:16:09.820000+00:00,1.0,P
1563,3135,2021-01-24T22:16:11.820000+00:00,1.0,S
1564,2935,2021-01-24T22:16:09.820000+00:00,1.0,P
1564,3135,2021-01-24T22:16:11.820000+00:00,1.0,S
1565,2934,2021-01-24T22:16:09.810000+00:00,1.0,P
1565,3135,2021-01-24T22:16:11.820000+00:00,1.0,S
1566,2934,2021-01-24T22:16:09.810000+00:00,1.0,P
1566,3134,2021-01-24T22:16:11.810000+00:00,1.0,S
1567,2934,2021-01-24T22:16:09.810000+00:00,1.0,P
1567,3134,2021-01-24T22:16:11.810000+00:00,1.0,S
1568,2934,2021-01-24T22:16:09.810000+00:00,1.0,P
1568,3134,2021-01-24T22:16:11.810000+00:00,1.0,S
1569,2934,2021-01-24T22:16:09.810000+00:00,1.0,P
1569,3134,2021-01-24T22:16:11.810000+00:00,1.0,S
1570,2934,2021-01-24T22:16:09.810000+00:00,1.0,P
1570,3133,2021-01-24T22:16:11.800000+00:00,1.0,S
1571,2934,2021-01-24T22:16:09.810000+00:00,1.0,P
1571,3133,2021-01-24T22:16:11.800000+00:00,1.0,S
1572,2934,2021-01-24T22:16:09.810000+00:00,1.0,P
1572,3133,2021-01-24T22:16:11.800000+00:00,1.0,S
1573,2934,2021-01-24T22:16:09.810000+00:00,1.0,P
1573,3132,2021-01-24T22:16:11.790000+00:00,1.0,S
1574,2934,2021-01-24T22:16:09.810000+00:00,1.0,P
1574,3132,2021-01-24T22:16:11.790000+00:00,1.0,S
1575,2933,2021-01-24T22:16:09.800000+00:00,1.0,P
1575,3132,2021-01-24T22:16:11.790000+00:00,1.0,S
1576,2933,2021-01-24T22:16:09.800000+00:00,1.0,P
1576,3132,2021-01-24T22:16:11.790000+00:00,1.0,S
1577,2933,2021-01-24T22:16:09.800000+00:00,1.0,P
1577,3131,2021-01-24T22:16:11.780000+00:00,1.0,S
1578,2933,2021-01-24T22:16:09.800000+00:00,1.0,P
1578,3131,2021-01-24T22:16:11.780000+00:00,1.0,S
1579,2933,2021-01-24T22:16:09.800000+00:00,1.0,P
1579,3131,2021-01-24T22:16:11.780000+00:00,1.0,S
1580,2933,2021-01-24T22:16:09.800000+00:00,1.0,P
1580,3130,2021-01-24T22:16:11.770000+00:00,1.0,S
1581,2933,2021-01-24T22:16:09.800000+00:00,1.0,P
1581,3130,2021-01-24T22:16:11.770000+00:00,1.0,S
1582,2933,2021-01-24T22:16:09.800000+00:00,1.0,P
1582,3130,2021-01-24T22:16:11.770000+00:00,1.0,S
1583,2933,2021-01-24T22:16:09.800000+00:00,1.0,P
1583,3129,2021-01-24T22:16:11.760000+00:00,1.0,S
1584,2933,2021-01-24T22:16:09.800000+00:00,1.0,P
1584,3129,2021-01-24T22:16:11.760000+00:00,1.0,S
1585,2933,2021-01-24T22:16:09.800000+00:00,1.0,P
1585,3129,2021-01-24T22:16:11.760000+00:00,1.0,S
1586,2933,2021-01-24T22:16:09.800000+00:00,1.0,P
1586,3129,2021-01-24T22:16:11.760000+00:00,1.0,S
1587,2932,2021-01-24T22:16:09.790000+00:00,1.0,P
1587,3128,2021-01-24T22:16:11.750000+00:00,1.0,S
1588,2932,2021-01-24T22:16:09.790000+00:00,1.0,P
1588,3128,2021-01-24T22:16:11.750000+00:00,1.0,S
1589,2932,2021-01-24T22:16:09.790000+00:00,1.0,P
1589,3128,2021-01-24T22:16:11.750000+00:00,1.0,S
1590,2932,2021-01-24T22:16:09.790000+00:00,1.0,P
1590,3127,2021-01-24T22:16:11.740000+00:00,1.0,S
1591,2932,2021-01-24T22:16:09.790000+00:00,1.0,P
1591,3127,2021-01-24T22:16:11.740000+00:00,1.0,S
1592,2932,2021-01-24T22:16:09.790000+00:00,1.0,P
1592,3127,2021-01-24T22:16:11.740000+00:00,1.0,S
1593,2932,2021-01-24T22:16:09.790000+00:00,1.0,P
1593,3126,2021-01-24T22:16:11.730000+00:00,1.0,S
1594,2932,2021-01-24T22:16:09.790000+00:00,1.0,P
1594,3126,2021-01-24T22:16:11.730000+00:00,1.0,S
1595,2932,2021-01-24T22:16:09.790000+00:00,1.0,P
1595,3126,2021-01-24T22:16:11.730000+00:00,1.0,S
1596,2932,2021-01-24T22:16:09.790000+00:00,1.0,P
1596,3126,2021-01-24T22:16:11.730000+00:00,1.0,S
1597,2932,2021-01-24T22:16:09.790000+00:00,1.0,P
1597,3126,2021-01-24T22:16:11.730000+00:00,1.0,S
1598,2932,2021-01-24T22:16:09.790000+00:00,1.0,P
1598,3126,2021-01-24T22:16:11.730000+00:00,1.0,S
1599,2932,2021-01-24T22:16:09.790000+00:00,1.0,P
1599,3125,2021-01-24T22:16:11.720000+00:00,1.0,S
1600,2932,2021-01-24T22:16:09.790000+00:00,1.0,P
1600,3125,2021-01-24T22:16:11.720000+00:00,1.0,S
1601,2931,2021-01-24T22:16:09.780000+00:00,1.0,P
1601,3125,2021-01-24T22:16:11.720000+00:00,1.0,S
1602,2931,2021-01-24T22:16:09.780000+00:00,1.0,P
1602,3125,2021-01-24T22:16:11.720000+00:00,1.0,S
1603,2931,2021-01-24T22:16:09.780000+00:00,1.0,P
1603,3125,2021-01-24T22:16:11.720000+00:00,1.0,S
1604,2931,2021-01-24T22:16:09.780000+00:00,1.0,P
1604,3125,2021-01-24T22:16:11.720000+00:00,1.0,S
1605,2931,2021-01-24T22:16:09.780000+00:00,1.0,P
1605,3124,2021-01-24T22:16:11.710000+00:00,1.0,S
1606,2931,2021-01-24T22:16:09.780000+00:00,1.0,P
1606,3124,2021-01-24T22:16:11.710000+00:00,1.0,S
1607,2931,2021-01-24T22:16:09.780000+00:00,1.0,P
1607,3124,2021-01-24T22:16:11.710000+00:00,1.0,S
1608,2931,2021-01-24T22:16:09.780000+00:00,1.0,P
1608,3124,2021-01-24T22:16:11.710000+00:00,1.0,S
1609,2931,2021-01-24T22:16:09.780000+00:00,1.0,P
1609,3124,2021-01-24T22:16:11.710000+00:00,1.0,S
1610,2931,2021-01-24T22:16:09.780000+00:00,1.0,P
1610,3124,2021-01-24T22:16:11.710000+00:00,1.0,S
1611,2931,2021-01-24T22:16:09.780000+00:00,1.0,P
1611,3124,2021-01-24T22:16:11.710000+00:00,1.0,S
1612,2931,2021-01-24T22:16:09.780000+00:00,1.0,P
1612,3124,2021-01-24T22:16:11.710000+00:00,1.0,S
1613,2931,2021-01-24T22:16:09.780000+00:00,1.0,P
1613,3124,2021-01-24T22:16:11.710000+00:00,1.0,S
1614,2931,2021-01-24T22:16:09.780000+00:00,1.0,P
1614,3123,2021-01-24T22:16:11.700000+00:00,1.0,S
1615,2931,2021-01-24T22:16:09.780000+00:00,1.0,P
1615,3123,2021-01-24T22:16:11.700000+00:00,1.0,S
1616,2931,2021-01-24T22:16:09.780000+00:00,1.0,P
1616,3123,2021-01-24T22:16:11.700000+00:00,1.0,S
1617,2931,2021-01-24T22:16:09.780000+00:00,1.0,P
1617,3123,2021-01-24T22:16:11.700000+00:00,1.0,S
1618,2930,2021-01-24T22:16:09.770000+00:00,1.0,P
1618,3123,2021-01-24T22:16:11.700000+00:00,1.0,S
1619,2930,2021-01-24T22:16:09.770000+00:00,1.0,P
1619,3123,2021-01-24T22:16:11.700000+00:00,1.0,S
1620,2930,2021-01-24T22:16:09.770000+00:00,1.0,P
1620,3123,2021-01-24T22:16:11.700000+00:00,1.0,S
1621,2930,2021-01-24T22:16:09.770000+00:00,1.0,P
1621,3123,2021-01-24T22:16:11.700000+00:00,1.0,S
1622,2930,2021-01-24T22:16:09.770000+00:00,1.0,P
1622,3123,2021-01-24T22:16:11.700000+00:00,1.0,S
1623,2930,2021-01-24T22:16:09.770000+00:00,1.0,P
1623,3123,2021-01-24T22:16:11.700000+00:00,1.0,S
1624,2930,2021-01-24T22:16:09.770000+00:00,1.0,P
1624,3123,2021-01-24T22:16:11.700000+00:00,1.0,S
1625,2930,2021-01-24T22:16:09.770000+00:00,1.0,P
1625,3123,2021-01-24T22:16:11.700000+00:00,1.0,S
1626,2930,2021-01-24T22:16:09.770000+00:00,1.0,P
1626,3123,2021-01-24T22:16:11.700000+00:00,1.0,S
1627,2930,2021-01-24T22:16:09.770000+00:00,1.0,P
1627,3123,2021-01-24T22:16:11.700000+00:00,1.0,S
1628,2930,2021-01-24T22:16:09.770000+00:00,1.0,P
1628,3123,2021-01-24T22:16:11.700000+00:00,1.0,S
1629,2930,2021-01-24T22:16:09.770000+00:00,1.0,P
1629,3123,2021-01-24T22:16:11.700000+00:00,1.0,S
1630,2930,2021-01-24T22:16:09.770000+00:00,1.0,P
1630,3123,2021-01-24T22:16:11.700000+00:00,1.0,S
1631,2930,2021-01-24T22:16:09.770000+00:00,1.0,P
1631,3123,2021-01-24T22:16:11.700000+00:00,1.0,S
1632,2930,2021-01-24T22:16:09.770000+00:00,1.0,P
1632,3123,2021-01-24T22:16:11.700000+00:00,1.0,S
1633,2930,2021-01-24T22:16:09.770000+00:00,1.0,P
1633,3123,2021-01-24T22:16:11.700000+00:00,1.0,S
1634,2930,2021-01-24T22:16:09.770000+00:00,1.0,P
1634,3123,2021-01-24T22:16:11.700000+00:00,1.0,S
1635,2930,2021-01-24T22:16:09.770000+00:00,1.0,P
1635,3123,2021-01-24T22:16:11.700000+00:00,1.0,S
1636,2929,2021-01-24T22:16:09.760000+00:00,1.0,P
1636,3123,2021-01-24T22:16:11.700000+00:00,1.0,S
1637,2929,2021-01-24T22:16:09.760000+00:00,1.0,P
1637,3123,2021-01-24T22:16:11.700000+00:00,1.0,S
1638,2929,2021-01-24T22:16:09.760000+00:00,1.0,P
1638,3123,2021-01-24T22:16:11.700000+00:00,1.0,S
1639,2929,2021-01-24T22:16:09.760000+00:00,1.0,P
1639,3123,2021-01-24T22:16:11.700000+00:00,1.0,S
1640,2929,2021-01-24T22:16:09.760000+00:00,1.0,P
1640,3123,2021-01-24T22:16:11.700000+00:00,1.0,S
1641,2929,2021-01-24T22:16:09.760000+00:00,1.0,P
1641,3123,2021-01-24T22:16:11.700000+00:00,1.0,S
1642,2929,2021-01-24T22:16:09.760000+00:00,1.0,P
1642,3123,2021-01-24T22:16:11.700000+00:00,1.0,S
1643,2929,2021-01-24T22:16:09.760000+00:00,1.0,P
1643,3123,2021-01-24T22:16:11.700000+00:00,1.0,S
1644,2929,2021-01-24T22:16:09.760000+00:00,1.0,P
1644,3122,2021-01-24T22:16:11.690000+00:00,1.0,S
1645,2929,2021-01-24T22:16:09.760000+00:00,1.0,P
1645,3122,2021-01-24T22:16:11.690000+00:00,1.0,S
1646,2929,2021-01-24T22:16:09.760000+00:00,1.0,P
1646,3122,2021-01-24T22:16:11.690000+00:00,1.0,S
1647,2929,2021-01-24T22:16:09.760000+00:00,1.0,P
1647,3122,2021-01-24T22:16:11.690000+00:00,1.0,S
1648,2929,2021-01-24T22:16:09.760000+00:00,1.0,P
1648,3122,2021-01-24T22:16:11.690000+00:00,1.0,S
1649,2929,2021-01-24T22:16:09.760000+00:00,1.0,P
1649,3122,2021-01-24T22:16:11.690000+00:00,1.0,S
1650,2929,2021-01-24T22:16:09.760000+00:00,1.0,P
1650,3122,2021-01-24T22:16:11.690000+00:00,1.0,S
1651,2929,2021-01-24T22:16:09.760000+00:00,1.0,P
1651,3122,2021-01-24T22:16:11.690000+00:00,1.0,S
1652,2929,2021-01-24T22:16:09.760000+00:00,1.0,P
1652,3122,2021-01-24T22:16:11.690000+00:00,1.0,S
1653,2929,2021-01-24T22:16:09.760000+00:00,1.0,P
1653,3122,2021-01-24T22:16:11.690000+00:00,1.0,S
1654,2929,2021-01-24T22:16:09.760000+00:00,1.0,P
1654,3123,2021-01-24T22:16:11.700000+00:00,1.0,S
1655,2929,2021-01-24T22:16:09.760000+00:00,1.0,P
1655,3123,2021-01-24T22:16:11.700000+00:00,1.0,S
1656,2929,2021-01-24T22:16:09.760000+00:00,1.0,P
1656,3123,2021-01-24T22:16:11.700000+00:00,1.0,S
1657,2929,2021-01-24T22:16:09.760000+00:00,1.0,P
1657,3123,2021-01-24T22:16:11.700000+00:00,1.0,S
1658,2929,2021-01-24T22:16:09.760000+00:00,1.0,P
1658,3123,2021-01-24T22:16:11.700000+00:00,1.0,S
1659,2928,2021-01-24T22:16:09.750000+00:00,1.0,P
1659,3123,2021-01-24T22:16:11.700000+00:00,1.0,S
1660,2928,2021-01-24T22:16:09.750000+00:00,1.0,P
1660,3123,2021-01-24T22:16:11.700000+00:00,1.0,S
1661,2928,2021-01-24T22:16:09.750000+00:00,1.0,P
1661,3123,2021-01-24T22:16:11.700000+00:00,1.0,S
1662,2928,2021-01-24T22:16:09.750000+00:00,1.0,P
1662,3123,2021-01-24T22:16:11.700000+00:00,1.0,S
1663,2928,2021-01-24T22:16:09.750000+00:00,1.0,P
1663,3123,2021-01-24T22:16:11.700000+00:00,1.0,S
1664,2928,2021-01-24T22:16:09.750000+00:00,1.0,P
1664,3123,2021-01-24T22:16:11.700000+00:00,1.0,S
1665,2928,2021-01-24T22:16:09.750000+00:00,1.0,P
1665,3123,2021-01-24T22:16:11.700000+00:00,1.0,S
1666,2928,2021-01-24T22:16:09.750000+00:00,1.0,P
1666,3123,2021-01-24T22:16:11.700000+00:00,1.0,S
1667,2928,2021-01-24T22:16:09.750000+00:00,1.0,P
1667,3123,2021-01-24T22:16:11.700000+00:00,1.0,S
1668,2928,2021-01-24T22:16:09.750000+00:00,1.0,P
1668,3123,2021-01-24T22:16:11.700000+00:00,1.0,S
1669,2928,2021-01-24T22:16:09.750000+00:00,1.0,P
1669,3123,2021-01-24T22:16:11.700000+00:00,1.0,S
1670,2928,2021-01-24T22:16:09.750000+00:00,1.0,P
1670,3123,2021-01-24T22:16:11.700000+00:00,1.0,S
1671,2928,2021-01-24T22:16:09.750000+00:00,1.0,P
1671,3123,2021-01-24T22:16:11.700000+00:00,1.0,S
1672,2928,2021-01-24T22:16:09.750000+00:00,1.0,P
1672,3123,2021-01-24T22:16:11.700000+00:00,1.0,S
1673,2928,2021-01-24T22:16:09.750000+00:00,1.0,P
1673,3123,2021-01-24T22:16:11.700000+00:00,1.0,S
1674,2928,2021-01-24T22:16:09.750000+00:00,1.0,P
1674,3124,2021-01-24T22:16:11.710000+00:00,1.0,S
1675,2928,2021-01-24T22:16:09.750000+00:00,1.0,P
1675,3124,2021-01-24T22:16:11.710000+00:00,1.0,S
1676,2928,2021-01-24T22:16:09.750000+00:00,1.0,P
1676,3124,2021-01-24T22:16:11.710000+00:00,1.0,S
1677,2928,2021-01-24T22:16:09.750000+00:00,1.0,P
1677,3124,2021-01-24T22:16:11.710000+00:00,1.0,S
1678,2928,2021-01-24T22:16:09.750000+00:00,1.0,P
1678,3124,2021-01-24T22:16:11.710000+00:00,1.0,S
1679,2928,2021-01-24T22:16:09.750000+00:00,1.0,P
1679,3124,2021-01-24T22:16:11.710000+00:00,1.0,S
1680,2928,2021-01-24T22:16:09.750000+00:00,1.0,P
1680,3124,2021-01-24T22:16:11.710000+00:00,1.0,S
1681,2928,2021-01-24T22:16:09.750000+00:00,1.0,P
1681,3124,2021-01-24T22:16:11.710000+00:00,1.0,S
1682,2928,2021-01-24T22:16:09.750000+00:00,1.0,P
1682,3124,2021-01-24T22:16:11.710000+00:00,1.0,S
1683,2928,2021-01-24T22:16:09.750000+00:00,1.0,P
1683,3124,2021-01-24T22:16:11.710000+00:00,1.0,S
1684,2928,2021-01-24T22:16:09.750000+00:00,1.0,P
1684,3124,2021-01-24T22:16:11.710000+00:00,1.0,S
1685,2928,2021-01-24T22:16:09.750000+00:00,1.0,P
1685,3124,2021-01-24T22:16:11.710000+00:00,1.0,S
1686,2928,2021-01-24T22:16:09.750000+00:00,1.0,P
1686,3124,2021-01-24T22:16:11.710000+00:00,1.0,S
1687,2928,2021-01-24T22:16:09.750000+00:00,1.0,P
1687,3124,2021-01-24T22:16:11.710000+00:00,1.0,S
1688,2928,2021-01-24T22:16:09.750000+00:00,1.0,P
1688,3124,2021-01-24T22:16:11.710000+00:00,1.0,S
1689,2928,2021-01-24T22:16:09.750000+00:00,1.0,P
1689,3124,2021-01-24T22:16:11.710000+00:00,1.0,S
1690,2928,2021-01-24T22:16:09.750000+00:00,1.0,P
1690,3124,2021-01-24T22:16:11.710000+00:00,1.0,S
1691,2928,2021-01-24T22:16:09.750000+00:00,1.0,P
1691,3124,2021-01-24T22:16:11.710000+00:00,1.0,S
1692,2928,2021-01-24T22:16:09.750000+00:00,1.0,P
1692,3124,2021-01-24T22:16:11.710000+00:00,1.0,S
1693,2928,2021-01-24T22:16:09.750000+00:00,1.0,P
1693,3124,2021-01-24T22:16:11.710000+00:00,1.0,S
1694,2928,2021-01-24T22:16:09.750000+00:00,1.0,P
1694,3124,2021-01-24T22:16:11.710000+00:00,1.0,S
1695,2928,2021-01-24T22:16:09.750000+00:00,1.0,P
1695,3124,2021-01-24T22:16:11.710000+00:00,1.0,S
1696,2928,2021-01-24T22:16:09.750000+00:00,1.0,P
1696,3124,2021-01-24T22:16:11.710000+00:00,1.0,S
1697,2928,2021-01-24T22:16:09.750000+00:00,1.0,P
1697,3124,2021-01-24T22:16:11.710000+00:00,1.0,S
1698,2928,2021-01-24T22:16:09.750000+00:00,1.0,P
1698,3124,2021-01-24T22:16:11.710000+00:00,1.0,S
1699,2928,2021-01-24T22:16:09.750000+00:00,1.0,P
1699,3124,2021-01-24T22:16:11.710000+00:00,1.0,S
1700,2928,2021-01-24T22:16:09.750000+00:00,1.0,P
1700,3124,2021-01-24T22:16:11.710000+00:00,1.0,S
1701,2928,2021-01-24T22:16:09.750000+00:00,1.0,P
1701,3124,2021-01-24T22:16:11.710000+00:00,1.0,S
1702,2928,2021-01-24T22:16:09.750000+00:00,1.0,P
1702,3124,2021-01-24T22:16:11.710000+00:00,1.0,S
1703,2928,2021-01-24T22:16:09.750000+00:00,1.0,P
1703,3124,2021-01-24T22:16:11.710000+00:00,1.0,S
1704,2928,2021-01-24T22:16:09.750000+00:00,1.0,P
1704,3124,2021-01-24T22:16:11.710000+00:00,1.0,S
1705,2928,2021-01-24T22:16:09.750000+00:00,1.0,P
1705,3124,2021-01-24T22:16:11.710000+00:00,1.0,S
1706,2928,2021-01-24T22:16:09.750000+00:00,1.0,P
1706,3124,2021-01-24T22:16:11.710000+00:00,1.0,S
1707,2928,2021-01-24T22:16:09.750000+00:00,1.0,P
1707,3124,2021-01-24T22:16:11.710000+00:00,1.0,S
1708,2928,2021-01-24T22:16:09.750000+00:00,1.0,P
1708,3124,2021-01-24T22:16:11.710000+00:00,1.0,S
1709,2928,2021-01-24T22:16:09.750000+00:00,1.0,P
1709,3124,2021-01-24T22:16:11.710000+00:00,1.0,S
1710,2928,2021-01-24T22:16:09.750000+00:00,1.0,P
1710,3124,2021-01-24T22:16:11.710000+00:00,1.0,S
1711,2928,2021-01-24T22:16:09.750000+00:00,1.0,P
1711,3124,2021-01-24T22:16:11.710000+00:00,1.0,S
1712,2928,2021-01-24T22:16:09.750000+00:00,1.0,P
1712,3124,2021-01-24T22:16:11.710000+00:00,1.0,S
1713,2928,2021-01-24T22:16:09.750000+00:00,1.0,P
1713,3124,2021-01-24T22:16:11.710000+00:00,1.0,S
1714,2928,2021-01-24T22:16:09.750000+00:00,1.0,P
1714,3124,2021-01-24T22:16:11.710000+00:00,1.0,S
1715,2928,2021-01-24T22:16:09.750000+00:00,1.0,P
1715,3124,2021-01-24T22:16:11.710000+00:00,1.0,S
1716,2928,2021-01-24T22:16:09.750000+00:00,1.0,P
1716,3124,2021-01-24T22:16:11.710000+00:00,1.0,S
1717,2928,2021-01-24T22:16:09.750000+00:00,1.0,P
1717,3124,2021-01-24T22:16:11.710000+00:00,1.0,S
1718,2928,2021-01-24T22:16:09.750000+00:00,1.0,P
1718,3124,2021-01-24T22:16:11.710000+00:00,1.0,S
1719,2928,2021-01-24T22:16:09.750000+00:00,1.0,P
1719,3124,2021-01-24T22:16:11.710000+00:00,1.0,S
1720,2928,2021-01-24T22:16:09.750000+00:00,1.0,P
1720,3124,2021-01-24T22:16:11.710000+00:00,1.0,S
1721,2928,2021-01-24T22:16:09.750000+00:00,1.0,P
1721,3124,2021-01-24T22:16:11.710000+00:00,1.0,S
1722,2928,2021-01-24T22:16:09.750000+00:00,1.0,P
1722,3124,2021-01-24T22:16:11.710000+00:00,1.0,S
1723,2928,2021-01-24T22:16:09.750000+00:00,1.0,P
1723,3125,2021-01-24T22:16:11.720000+00:00,1.0,S
1724,2928,2021-01-24T22:16:09.750000+00:00,1.0,P
1724,3125,2021-01-24T22:16:11.720000+00:00,1.0,S
1725,2928,2021-01-24T22:16:09.750000+00:00,1.0,P
1725,3125,2021-01-24T22:16:11.720000+00:00,1.0,S
1726,2928,2021-01-24T22:16:09.750000+00:00,1.0,P
1726,3125,2021-01-24T22:16:11.720000+00:00,1.0,S
1727,2928,2021-01-24T22:16:09.750000+00:00,1.0,P
1727,3125,2021-01-24T22:16:11.720000+00:00,1.0,S
1728,2928,2021-01-24T22:16:09.750000+00:00,1.0,P
1728,3125,2021-01-24T22:16:11.720000+00:00,1.0,S
1729,2928,2021-01-24T22:16:09.750000+00:00,1.0,P
1729,3125,2021-01-24T22:16:11.720000+00:00,1.0,S
1730,2928,2021-01-24T22:16:09.750000+00:00,1.0,P
1730,3125,2021-01-24T22:16:11.720000+00:00,1.0,S
1731,2928,2021-01-24T22:16:09.750000+00:00,1.0,P
1731,3125,2021-01-24T22:16:11.720000+00:00,1.0,S
1732,2928,2021-01-24T22:16:09.750000+00:00,1.0,P
1732,3125,2021-01-24T22:16:11.720000+00:00,1.0,S
1733,2928,2021-01-24T22:16:09.750000+00:00,1.0,P
1733,3125,2021-01-24T22:16:11.720000+00:00,1.0,S
1734,2928,2021-01-24T22:16:09.750000+00:00,1.0,P
1734,3125,2021-01-24T22:16:11.720000+00:00,1.0,S
1735,2928,2021-01-24T22:16:09.750000+00:00,1.0,P
1735,3125,2021-01-24T22:16:11.720000+00:00,1.0,S
1736,2928,2021-01-24T22:16:09.750000+00:00,1.0,P
1736,3126,2021-01-24T22:16:11.730000+00:00,1.0,S
1737,2928,2021-01-24T22:16:09.750000+00:00,1.0,P
1737,3126,2021-01-24T22:16:11.730000+00:00,1.0,S
1738,2928,2021-01-24T22:16:09.750000+00:00,1.0,P
1738,3126,2021-01-24T22:16:11.730000+00:00,1.0,S
1739,2929,2021-01-24T22:16:09.760000+00:00,1.0,P
1739,3126,2021-01-24T22:16:11.730000+00:00,1.0,S
1740,2929,2021-01-24T22:16:09.760000+00:00,1.0,P
1740,3126,2021-01-24T22:16:11.730000+00:00,1.0,S
1741,2929,2021-01-24T22:16:09.760000+00:00,1.0,P
1741,3126,2021-01-24T22:16:11.730000+00:00,1.0,S
1742,2929,2021-01-24T22:16:09.760000+00:00,1.0,P
1742,3126,2021-01-24T22:16:11.730000+00:00,1.0,S
1743,2929,2021-01-24T22:16:09.760000+00:00,1.0,P
1743,3127,2021-01-24T22:16:11.740000+00:00,1.0,S
1744,2929,2021-01-24T22:16:09.760000+00:00,1.0,P
1744,3127,2021-01-24T22:16:11.740000+00:00,1.0,S
1745,2929,2021-01-24T22:16:09.760000+00:00,1.0,P
1745,3127,2021-01-24T22:16:11.740000+00:00,1.0,S
1746,2929,2021-01-24T22:16:09.760000+00:00,1.0,P
1746,3127,2021-01-24T22:16:11.740000+00:00,1.0,S
1747,2929,2021-01-24T22:16:09.760000+00:00,1.0,P
1747,3127,2021-01-24T22:16:11.740000+00:00,1.0,S
1748,2929,2021-01-24T22:16:09.760000+00:00,1.0,P
1748,3127,2021-01-24T22:16:11.740000+00:00,1.0,S
1749,2929,2021-01-24T22:16:09.760000+00:00,1.0,P
1749,3127,2021-01-24T22:16:11.740000+00:00,1.0,S
1750,2929,2021-01-24T22:16:09.760000+00:00,1.0,P
1750,3127,2021-01-24T22:16:11.740000+00:00,1.0,S
1751,2929,2021-01-24T22:16:09.760000+00:00,1.0,P
1751,3128,2021-01-24T22:16:11.750000+00:00,1.0,S
1752,2929,2021-01-24T22:16:09.760000+00:00,1.0,P
1752,3128,2021-01-24T22:16:11.750000+00:00,1.0,S
1753,2929,2021-01-24T22:16:09.760000+00:00,1.0,P
1753,3128,2021-01-24T22:16:11.750000+00:00,1.0,S
1754,2929,2021-01-24T22:16:09.760000+00:00,1.0,P
1754,3128,2021-01-24T22:16:11.750000+00:00,1.0,S
1755,2929,2021-01-24T22:16:09.760000+00:00,1.0,P
1755,3128,2021-01-24T22:16:11.750000+00:00,1.0,S
1756,2929,2021-01-24T22:16:09.760000+00:00,1.0,P
1756,3128,2021-01-24T22:16:11.750000+00:00,1.0,S
1757,2929,2021-01-24T22:16:09.760000+00:00,1.0,P
1757,3128,2021-01-24T22:16:11.750000+00:00,1.0,S
1758,2929,2021-01-24T22:16:09.760000+00:00,1.0,P
1758,3129,2021-01-24T22:16:11.760000+00:00,1.0,S
1759,2929,2021-01-24T22:16:09.760000+00:00,1.0,P
1759,3129,2021-01-24T22:16:11.760000+00:00,1.0,S
1760,2929,2021-01-24T22:16:09.760000+00:00,1.0,P
1760,3129,2021-01-24T22:16:11.760000+00:00,1.0,S
1761,2929,2021-01-24T22:16:09.760000+00:00,1.0,P
1761,3129,2021-01-24T22:16:11.760000+00:00,1.0,S
1762,2929,2021-01-24T22:16:09.760000+00:00,1.0,P
1762,3129,2021-01-24T22:16:11.760000+00:00,1.0,S
1763,2929,2021-01-24T22:16:09.760000+00:00,1.0,P
1763,3129,2021-01-24T22:16:11.760000+00:00,1.0,S
1764,2929,2021-01-24T22:16:09.760000+00:00,1.0,P
1764,3130,2021-01-24T22:16:11.770000+00:00,1.0,S
1765,2929,2021-01-24T22:16:09.760000+00:00,1.0,P
1765,3130,2021-01-24T22:16:11.770000+00:00,1.0,S
1766,2929,2021-01-24T22:16:09.760000+00:00,1.0,P
1766,3130,2021-01-24T22:16:11.770000+00:00,1.0,S
1767,2929,2021-01-24T22:16:09.760000+00:00,1.0,P
1767,3130,2021-01-24T22:16:11.770000+00:00,1.0,S
1768,2929,2021-01-24T22:16:09.760000+00:00,1.0,P
1768,3130,2021-01-24T22:16:11.770000+00:00,1.0,S
1769,2929,2021-01-24T22:16:09.760000+00:00,1.0,P
1769,3130,2021-01-24T22:16:11.770000+00:00,1.0,S
1770,2930,2021-01-24T22:16:09.770000+00:00,1.0,P
1770,3130,2021-01-24T22:16:11.770000+00:00,1.0,S
1771,2930,2021-01-24T22:16:09.770000+00:00,1.0,P
1771,3130,2021-01-24T22:16:11.770000+00:00,1.0,S
1772,2930,2021-01-24T22:16:09.770000+00:00,1.0,P
1772,3130,2021-01-24T22:16:11.770000+00:00,1.0,S
1773,2930,2021-01-24T22:16:09.770000+00:00,1.0,P
1773,3131,2021-01-24T22:16:11.780000+00:00,1.0,S
1774,2930,2021-01-24T22:16:09.770000+00:00,1.0,P
1774,3131,2021-01-24T22:16:11.780000+00:00,1.0,S
1775,2930,2021-01-24T22:16:09.770000+00:00,1.0,P
1775,3131,2021-01-24T22:16:11.780000+00:00,1.0,S
1776,2930,2021-01-24T22:16:09.770000+00:00,1.0,P
1776,3131,2021-01-24T22:16:11.780000+00:00,1.0,S
1777,2930,2021-01-24T22:16:09.770000+00:00,1.0,P
1777,3131,2021-01-24T22:16:11.780000+00:00,1.0,S
1778,2930,2021-01-24T22:16:09.770000+00:00,1.0,P
1778,3131,2021-01-24T22:16:11.780000+00:00,1.0,S
1779,2930,2021-01-24T22:16:09.770000+00:00,1.0,P
1779,3131,2021-01-24T22:16:11.780000+00:00,1.0,S
1780,2930,2021-01-24T22:16:09.770000+00:00,1.0,P
1780,3132,2021-01-24T22:16:11.790000+00:00,1.0,S
1781,2930,2021-01-24T22:16:09.770000+00:00,1.0,P
1781,3132,2021-01-24T22:16:11.790000+00:00,1.0,S
1782,2930,2021-01-24T22:16:09.770000+00:00,1.0,P
1782,3132,2021-01-24T22:16:11.790000+00:00,1.0,S
1783,2930,2021-01-24T22:16:09.770000+00:00,1.0,P
1783,3132,2021-01-24T22:16:11.790000+00:00,1.0,S
1784,2930,2021-01-24T22:16:09.770000+00:00,1.0,P
1784,3132,2021-01-24T22:16:11.790000+00:00,1.0,S
1785,2930,2021-01-24T22:16:09.770000+00:00,1.0,P
1785,3132,2021-01-24T22:16:11.790000+00:00,1.0,S
1786,2930,2021-01-24T22:16:09.770000+00:00,1.0,P
1786,3132,2021-01-24T22:16:11.790000+00:00,1.0,S
1787,2930,2021-01-24T22:16:09.770000+00:00,1.0,P
1787,3133,2021-01-24T22:16:11.800000+00:00,1.0,S
1788,2930,2021-01-24T22:16:09.770000+00:00,1.0,P
1788,3133,2021-01-24T22:16:11.800000+00:00,1.0,S
1789,2930,2021-01-24T22:16:09.770000+00:00,1.0,P
1789,3133,2021-01-24T22:16:11.800000+00:00,1.0,S
1790,2930,2021-01-24T22:16:09.770000+00:00,1.0,P
1790,3133,2021-01-24T22:16:11.800000+00:00,1.0,S
1791,2930,2021-01-24T22:16:09.770000+00:00,1.0,P
1791,3133,2021-01-24T22:16:11.800000+00:00,1.0,S
1792,2930,2021-01-24T22:16:09.770000+00:00,1.0,P
1792,3133,2021-01-24T22:16:11.800000+00:00,1.0,S
1793,2930,2021-01-24T22:16:09.770000+00:00,1.0,P
1793,3134,2021-01-24T22:16:11.810000+00:00,1.0,S
1794,2930,2021-01-24T22:16:09.770000+00:00,1.0,P
1794,3134,2021-01-24T22:16:11.810000+00:00,1.0,S
1795,2930,2021-01-24T22:16:09.770000+00:00,1.0,P
1795,3134,2021-01-24T22:16:11.810000+00:00,1.0,S
1796,2930,2021-01-24T22:16:09.770000+00:00,1.0,P
1796,3134,2021-01-24T22:16:11.810000+00:00,1.0,S
1797,2930,2021-01-24T22:16:09.770000+00:00,1.0,P
1797,3134,2021-01-24T22:16:11.810000+00:00,1.0,S
1798,2930,2021-01-24T22:16:09.770000+00:00,1.0,P
1798,3134,2021-01-24T22:16:11.810000+00:00,1.0,S
1799,2930,2021-01-24T22:16:09.770000+00:00,1.0,P
1799,3134,2021-01-24T22:16:11.810000+00:00,1.0,S
1800,2930,2021-01-24T22:16:09.770000+00:00,1.0,P
1800,3134,2021-01-24T22:16:11.810000+00:00,1.0,S
1801,2930,2021-01-24T22:16:09.770000+00:00,1.0,P
1801,3134,2021-01-24T22:16:11.810000+00:00,1.0,S
1802,2930,2021-01-24T22:16:09.770000+00:00,1.0,P
1802,3134,2021-01-24T22:16:11.810000+00:00,1.0,S
1803,2930,2021-01-24T22:16:09.770000+00:00,1.0,P
1803,3134,2021-01-24T22:16:11.810000+00:00,1.0,S
1804,2930,2021-01-24T22:16:09.770000+00:00,1.0,P
1804,3134,2021-01-24T22:16:11.810000+00:00,1.0,S
1805,2930,2021-01-24T22:16:09.770000+00:00,1.0,P
1805,3134,2021-01-24T22:16:11.810000+00:00,1.0,S
1806,2930,2021-01-24T22:16:09.770000+00:00,1.0,P
1806,3135,2021-01-24T22:16:11.820000+00:00,1.0,S
1807,2930,2021-01-24T22:16:09.770000+00:00,1.0,P
1807,3135,2021-01-24T22:16:11.820000+00:00,1.0,S
1808,2930,2021-01-24T22:16:09.770000+00:00,1.0,P
1808,3135,2021-01-24T22:16:11.820000+00:00,1.0,S
1809,2931,2021-01-24T22:16:09.780000+00:00,1.0,P
1809,3135,2021-01-24T22:16:11.820000+00:00,1.0,S
1810,2931,2021-01-24T22:16:09.780000+00:00,1.0,P
1810,3135,2021-01-24T22:16:11.820000+00:00,1.0,S
1811,2931,2021-01-24T22:16:09.780000+00:00,1.0,P
1811,3135,2021-01-24T22:16:11.820000+00:00,1.0,S
1812,2931,2021-01-24T22:16:09.780000+00:00,1.0,P
1812,3135,2021-01-24T22:16:11.820000+00:00,1.0,S
1813,2931,2021-01-24T22:16:09.780000+00:00,1.0,P
1813,3135,2021-01-24T22:16:11.820000+00:00,1.0,S
1814,2931,2021-01-24T22:16:09.780000+00:00,1.0,P
1814,3135,2021-01-24T22:16:11.820000+00:00,1.0,S
1815,2931,2021-01-24T22:16:09.780000+00:00,1.0,P
1815,3135,2021-01-24T22:16:11.820000+00:00,1.0,S
1816,2931,2021-01-24T22:16:09.780000+00:00,1.0,P
1816,3136,2021-01-24T22:16:11.830000+00:00,1.0,S
1817,2931,2021-01-24T22:16:09.780000+00:00,1.0,P
1817,3136,2021-01-24T22:16:11.830000+00:00,1.0,S
1818,2931,2021-01-24T22:16:09.780000+00:00,1.0,P
1818,3136,2021-01-24T22:16:11.830000+00:00,1.0,S
1819,2931,2021-01-24T22:16:09.780000+00:00,1.0,P
1819,3136,2021-01-24T22:16:11.830000+00:00,1.0,S
1820,2931,2021-01-24T22:16:09.780000+00:00,1.0,P
1820,3136,2021-01-24T22:16:11.830000+00:00,1.0,S
1821,2931,2021-01-24T22:16:09.780000+00:00,1.0,P
1821,3136,2021-01-24T22:16:11.830000+00:00,1.0,S
1822,2931,2021-01-24T22:16:09.780000+00:00,1.0,P
1822,3136,2021-01-24T22:16:11.830000+00:00,1.0,S
1823,2931,2021-01-24T22:16:09.780000+00:00,1.0,P
1823,3136,2021-01-24T22:16:11.830000+00:00,1.0,S
1824,2931,2021-01-24T22:16:09.780000+00:00,1.0,P
1824,3137,2021-01-24T22:16:11.840000+00:00,1.0,S
1825,2931,2021-01-24T22:16:09.780000+00:00,1.0,P
1825,3137,2021-01-24T22:16:11.840000+00:00,1.0,S
1826,2931,2021-01-24T22:16:09.780000+00:00,1.0,P
1826,3137,2021-01-24T22:16:11.840000+00:00,1.0,S
1827,2931,2021-01-24T22:16:09.780000+00:00,1.0,P
1827,3137,2021-01-24T22:16:11.840000+00:00,1.0,S
1828,2931,2021-01-24T22:16:09.780000+00:00,1.0,P
1828,3137,2021-01-24T22:16:11.840000+00:00,1.0,S
1829,2931,2021-01-24T22:16:09.780000+00:00,1.0,P
1829,3137,2021-01-24T22:16:11.840000+00:00,1.0,S
1830,2931,2021-01-24T22:16:09.780000+00:00,1.0,P
1830,3137,2021-01-24T22:16:11.840000+00:00,1.0,S
1831,2931,2021-01-24T22:16:09.780000+00:00,1.0,P
1831,3137,2021-01-24T22:16:11.840000+00:00,1.0,S
1832,2931,2021-01-24T22:16:09.780000+00:00,1.0,P
1832,3137,2021-01-24T22:16:11.840000+00:00,1.0,S
1833,2931,2021-01-24T22:16:09.780000+00:00,1.0,P
1833,3137,2021-01-24T22:16:11.840000+00:00,1.0,S
1834,2931,2021-01-24T22:16:09.780000+00:00,1.0,P
1834,3138,2021-01-24T22:16:11.850000+00:00,1.0,S
1835,2932,2021-01-24T22:16:09.790000+00:00,1.0,P
1835,3138,2021-01-24T22:16:11.850000+00:00,1.0,S
1836,2932,2021-01-24T22:16:09.790000+00:00,1.0,P
1836,3138,2021-01-24T22:16:11.850000+00:00,1.0,S
1837,2932,2021-01-24T22:16:09.790000+00:00,1.0,P
1837,3138,2021-01-24T22:16:11.850000+00:00,1.0,S
1838,2932,2021-01-24T22:16:09.790000+00:00,1.0,P
1838,3138,2021-01-24T22:16:11.850000+00:00,1.0,S
1839,2932,2021-01-24T22:16:09.790000+00:00,1.0,P
1839,3138,2021-01-24T22:16:11.850000+00:00,1.0,S
1840,2932,2021-01-24T22:16:09.790000+00:00,1.0,P
1840,3138,2021-01-24T22:16:11.850000+00:00,1.0,S
1841,2932,2021-01-24T22:16:09.790000+00:00,1.0,P
1841,3138,2021-01-24T22:16:11.850000+00:00,1.0,S
1842,2932,2021-01-24T22:16:09.790000+00:00,1.0,P
1842,3138,2021-01-24T22:16:11.850000+00:00,1.0,S
1843,2932,2021-01-24T22:16:09.790000+00:00,1.0,P
1843,3139,2021-01-24T22:16:11.860000+00:00,1.0,S
1844,2932,2021-01-24T22:16:09.790000+00:00,1.0,P
1844,3139,2021-01-24T22:16:11.860000+00:00,1.0,S
1845,2932,2021-01-24T22:16:09.790000+00:00,1.0,P
1845,3139,2021-01-24T22:16:11.860000+00:00,1.0,S
1846,2932,2021-01-24T22:16:09.790000+00:00,1.0,P
1846,3139,2021-01-24T22:16:11.860000+00:00,1.0,S
1847,2932,2021-01-24T22:16:09.790000+00:00,1.0,P
1847,3139,2021-01-24T22:16:11.860000+00:00,1.0,S
1848,2932,2021-01-24T22:16:09.790000+00:00,1.0,P
1848,3139,2021-01-24T22:16:11.860000+00:00,1.0,S
1849,2932,2021-01-24T22:16:09.790000+00:00,1.0,P
1849,3139,2021-01-24T22:16:11.860000+00:00,1.0,S
1850,2932,2021-01-24T22:16:09.790000+00:00,1.0,P
1850,3139,2021-01-24T22:16:11.860000+00:00,1.0,S
1851,2932,2021-01-24T22:16:09.790000+00:00,1.0,P
1851,3139,2021-01-24T22:16:11.860000+00:00,1.0,S
1852,2932,2021-01-24T22:16:09.790000+00:00,1.0,P
1852,3139,2021-01-24T22:16:11.860000+00:00,1.0,S
1853,2932,2021-01-24T22:16:09.790000+00:00,1.0,P
1853,3139,2021-01-24T22:16:11.860000+00:00,1.0,S
1854,2932,2021-01-24T22:16:09.790000+00:00,1.0,P
1854,3139,2021-01-24T22:16:11.860000+00:00,1.0,S
1855,2933,2021-01-24T22:16:09.800000+00:00,1.0,P
1855,3139,2021-01-24T22:16:11.860000+00:00,1.0,S
1856,2933,2021-01-24T22:16:09.800000+00:00,1.0,P
1856,3140,2021-01-24T22:16:11.870000+00:00,1.0,S
1857,2933,2021-01-24T22:16:09.800000+00:00,1.0,P
1857,3140,2021-01-24T22:16:11.870000+00:00,1.0,S
1858,2933,2021-01-24T22:16:09.800000+00:00,1.0,P
1858,3140,2021-01-24T22:16:11.870000+00:00,1.0,S
1859,2933,2021-01-24T22:16:09.800000+00:00,1.0,P
1859,3140,2021-01-24T22:16:11.870000+00:00,1.0,S
1860,2933,2021-01-24T22:16:09.800000+00:00,1.0,P
1860,3140,2021-01-24T22:16:11.870000+00:00,1.0,S
1861,2933,2021-01-24T22:16:09.800000+00:00,1.0,P
1861,3140,2021-01-24T22:16:11.870000+00:00,1.0,S
1862,2933,2021-01-24T22:16:09.800000+00:00,1.0,P
1862,3140,2021-01-24T22:16:11.870000+00:00,1.0,S
1863,2933,2021-01-24T22:16:09.800000+00:00,1.0,P
1863,3140,2021-01-24T22:16:11.870000+00:00,1.0,S
1864,2933,2021-01-24T22:16:09.800000+00:00,1.0,P
1864,3140,2021-01-24T22:16:11.870000+00:00,1.0,S
1865,2933,2021-01-24T22:16:09.800000+00:00,1.0,P
1865,3140,2021-01-24T22:16:11.870000+00:00,1.0,S
1866,2933,2021-01-24T22:16:09.800000+00:00,1.0,P
1866,3140,2021-01-24T22:16:11.870000+00:00,1.0,S
1867,2933,2021-01-24T22:16:09.800000+00:00,1.0,P
1867,3140,2021-01-24T22:16:11.870000+00:00,1.0,S
1868,2933,2021-01-24T22:16:09.800000+00:00,1.0,P
1868,3140,2021-01-24T22:16:11.870000+00:00,1.0,S
1869,2933,2021-01-24T22:16:09.800000+00:00,1.0,P
1869,3140,2021-01-24T22:16:11.870000+00:00,1.0,S
1870,2933,2021-01-24T22:16:09.800000+00:00,1.0,P
1870,3140,2021-01-24T22:16:11.870000+00:00,1.0,S
1871,2933,2021-01-24T22:16:09.800000+00:00,1.0,P
1871,3140,2021-01-24T22:16:11.870000+00:00,1.0,S
1872,2933,2021-01-24T22:16:09.800000+00:00,1.0,P
1872,3140,2021-01-24T22:16:11.870000+00:00,1.0,S
1873,2933,2021-01-24T22:16:09.800000+00:00,1.0,P
1873,3140,2021-01-24T22:16:11.870000+00:00,1.0,S
1874,2933,2021-01-24T22:16:09.800000+00:00,1.0,P
1874,3140,2021-01-24T22:16:11.870000+00:00,1.0,S
1875,2934,2021-01-24T22:16:09.810000+00:00,1.0,P
1875,3140,2021-01-24T22:16:11.870000+00:00,1.0,S
1876,2934,2021-01-24T22:16:09.810000+00:00,1.0,P
1876,3140,2021-01-24T22:16:11.870000+00:00,1.0,S
1877,2934,2021-01-24T22:16:09.810000+00:00,1.0,P
1877,3140,2021-01-24T22:16:11.870000+00:00,1.0,S
1878,2934,2021-01-24T22:16:09.810000+00:00,1.0,P
1878,3140,2021-01-24T22:16:11.870000+00:00,1.0,S
1879,2934,2021-01-24T22:16:09.810000+00:00,1.0,P
1879,3140,2021-01-24T22:16:11.870000+00:00,1.0,S
1880,2934,2021-01-24T22:16:09.810000+00:00,1.0,P
1880,3140,2021-01-24T22:16:11.870000+00:00,1.0,S
1881,2934,2021-01-24T22:16:09.810000+00:00,1.0,P
1881,3141,2021-01-24T22:16:11.880000+00:00,1.0,S
1882,2934,2021-01-24T22:16:09.810000+00:00,1.0,P
1882,3141,2021-01-24T22:16:11.880000+00:00,1.0,S
1883,2934,2021-01-24T22:16:09.810000+00:00,1.0,P
1883,3141,2021-01-24T22:16:11.880000+00:00,1.0,S
1884,2934,2021-01-24T22:16:09.810000+00:00,1.0,P
1884,3141,2021-01-24T22:16:11.880000+00:00,1.0,S
1885,2934,2021-01-24T22:16:09.810000+00:00,1.0,P
1885,3141,2021-01-24T22:16:11.880000+00:00,1.0,S
1886,2934,2021-01-24T22:16:09.810000+00:00,1.0,P
1886,3141,2021-01-24T22:16:11.880000+00:00,1.0,S
1887,2934,2021-01-24T22:16:09.810000+00:00,1.0,P
1887,3141,2021-01-24T22:16:11.880000+00:00,1.0,S
1888,2934,2021-01-24T22:16:09.810000+00:00,1.0,P
1888,3141,2021-01-24T22:16:11.880000+00:00,1.0,S
1889,2934,2021-01-24T22:16:09.810000+00:00,1.0,P
1889,3141,2021-01-24T22:16:11.880000+00:00,1.0,S
1890,2934,2021-01-24T22:16:09.810000+00:00,1.0,P
1890,3141,2021-01-24T22:16:11.880000+00:00,1.0,S
1891,2934,2021-01-24T22:16:09.810000+00:00,1.0,P
1891,3141,2021-01-24T22:16:11.880000+00:00,1.0,S
1892,2934,2021-01-24T22:16:09.810000+00:00,1.0,P
1892,3141,2021-01-24T22:16:11.880000+00:00,1.0,S
1893,2934,2021-01-24T22:16:09.810000+00:00,1.0,P
1893,3141,2021-01-24T22:16:11.880000+00:00,1.0,S
1894,2935,2021-01-24T22:16:09.820000+00:00,1.0,P
1894,3141,2021-01-24T22:16:11.880000+00:00,1.0,S
1895,2935,2021-01-24T22:16:09.820000+00:00,1.0,P
1895,3141,2021-01-24T22:16:11.880000+00:00,1.0,S
1896,2935,2021-01-24T22:16:09.820000+00:00,1.0,P
1896,3141,2021-01-24T22:16:11.880000+00:00,1.0,S
1897,2935,2021-01-24T22:16:09.820000+00:00,1.0,P
1897,3141,2021-01-24T22:16:11.880000+00:00,1.0,S
1898,2935,2021-01-24T22:16:09.820000+00:00,1.0,P
1898,3141,2021-01-24T22:16:11.880000+00:00,1.0,S
1899,2935,2021-01-24T22:16:09.820000+00:00,1.0,P
1899,3141,2021-01-24T22:16:11.880000+00:00,1.0,S
1900,2935,2021-01-24T22:16:09.820000+00:00,1.0,P
1900,3141,2021-01-24T22:16:11.880000+00:00,1.0,S
1901,2935,2021-01-24T22:16:09.820000+00:00,1.0,P
1901,3142,2021-01-24T22:16:11.890000+00:00,1.0,S
1902,2935,2021-01-24T22:16:09.820000+00:00,1.0,P
1902,3142,2021-01-24T22:16:11.890000+00:00,1.0,S
1903,2935,2021-01-24T22:16:09.820000+00:00,1.0,P
1903,3142,2021-01-24T22:16:11.890000+00:00,1.0,S
1904,2935,2021-01-24T22:16:09.820000+00:00,1.0,P
1904,3142,2021-01-24T22:16:11.890000+00:00,1.0,S
1905,2935,2021-01-24T22:16:09.820000+00:00,1.0,P
1905,3142,2021-01-24T22:16:11.890000+00:00,1.0,S
1906,2935,2021-01-24T22:16:09.820000+00:00,1.0,P
1906,3142,2021-01-24T22:16:11.890000+00:00,1.0,S
1907,2935,2021-01-24T22:16:09.820000+00:00,1.0,P
1907,3142,2021-01-24T22:16:11.890000+00:00,1.0,S
1908,2935,2021-01-24T22:16:09.820000+00:00,1.0,P
1908,3142,2021-01-24T22:16:11.890000+00:00,1.0,S
1909,2935,2021-01-24T22:16:09.820000+00:00,1.0,P
1909,3142,2021-01-24T22:16:11.890000+00:00,1.0,S
1910,2935,2021-01-24T22:16:09.820000+00:00,1.0,P
1910,3142,2021-01-24T22:16:11.890000+00:00,1.0,S
1911,2935,2021-01-24T22:16:09.820000+00:00,1.0,P
1911,3143,2021-01-24T22:16:11.900000+00:00,1.0,S
1912,2935,2021-01-24T22:16:09.820000+00:00,1.0,P
1912,3143,2021-01-24T22:16:11.900000+00:00,1.0,S
1913,2935,2021-01-24T22:16:09.820000+00:00,1.0,P
1913,3143,2021-01-24T22:16:11.900000+00:00,1.0,S
1914,2935,2021-01-24T22:16:09.820000+00:00,1.0,P
1914,3143,2021-01-24T22:16:11.900000+00:00,1.0,S
1915,2935,2021-01-24T22:16:09.820000+00:00,1.0,P
1915,3143,2021-01-24T22:16:11.900000+00:00,1.0,S
1916,2935,2021-01-24T22:16:09.820000+00:00,1.0,P
1916,3143,2021-01-24T22:16:11.900000+00:00,1.0,S
1917,2935,2021-01-24T22:16:09.820000+00:00,1.0,P
1917,3143,2021-01-24T22:16:11.900000+00:00,1.0,S
1918,2935,2021-01-24T22:16:09.820000+00:00,1.0,P
1918,3143,2021-01-24T22:16:11.900000+00:00,1.0,S
1919,2935,2021-01-24T22:16:09.820000+00:00,1.0,P
1919,3144,2021-01-24T22:16:11.910000+00:00,1.0,S
1920,2935,2021-01-24T22:16:09.820000+00:00,1.0,P
1920,3144,2021-01-24T22:16:11.910000+00:00,1.0,S
1921,2935,2021-01-24T22:16:09.820000+00:00,1.0,P
1921,3144,2021-01-24T22:16:11.910000+00:00,1.0,S
1922,2935,2021-01-24T22:16:09.820000+00:00,1.0,P
1922,3144,2021-01-24T22:16:11.910000+00:00,1.0,S
1923,2935,2021-01-24T22:16:09.820000+00:00,1.0,P
1923,3144,2021-01-24T22:16:11.910000+00:00,1.0,S
1924,2935,2021-01-24T22:16:09.820000+00:00,1.0,P
1924,3144,2021-01-24T22:16:11.910000+00:00,1.0,S
1925,2935,2021-01-24T22:16:09.820000+00:00,1.0,P
1925,3144,2021-01-24T22:16:11.910000+00:00,1.0,S
1926,2935,2021-01-24T22:16:09.820000+00:00,1.0,P
1926,3144,2021-01-24T22:16:11.910000+00:00,1.0,S
1927,2935,2021-01-24T22:16:09.820000+00:00,1.0,P
1927,3144,2021-01-24T22:16:11.910000+00:00,1.0,S
1928,2935,2021-01-24T22:16:09.820000+00:00,1.0,P
1928,3144,2021-01-24T22:16:11.910000+00:00,1.0,S
1929,2935,2021-01-24T22:16:09.820000+00:00,1.0,P
1929,3144,2021-01-24T22:16:11.910000+00:00,1.0,S
1930,2935,2021-01-24T22:16:09.820000+00:00,1.0,P
1930,3145,2021-01-24T22:16:11.920000+00:00,1.0,S
1931,2935,2021-01-24T22:16:09.820000+00:00,1.0,P
1931,3145,2021-01-24T22:16:11.920000+00:00,1.0,S
1932,2935,2021-01-24T22:16:09.820000+00:00,1.0,P
1932,3145,2021-01-24T22:16:11.920000+00:00,1.0,S
1933,2936,2021-01-24T22:16:09.830000+00:00,1.0,P
1933,3145,2021-01-24T22:16:11.920000+00:00,1.0,S
1934,2936,2021-01-24T22:16:09.830000+00:00,1.0,P
1934,3145,2021-01-24T22:16:11.920000+00:00,1.0,S
1935,2936,2021-01-24T22:16:09.830000+00:00,1.0,P
1935,3145,2021-01-24T22:16:11.920000+00:00,1.0,S
1936,2936,2021-01-24T22:16:09.830000+00:00,1.0,P
1936,3145,2021-01-24T22:16:11.920000+00:00,1.0,S
1937,2936,2021-01-24T22:16:09.830000+00:00,1.0,P
1937,3145,2021-01-24T22:16:11.920000+00:00,1.0,S
1938,2936,2021-01-24T22:16:09.830000+00:00,1.0,P
1938,3145,2021-01-24T22:16:11.920000+00:00,1.0,S
1939,2936,2021-01-24T22:16:09.830000+00:00,1.0,P
1939,3145,2021-01-24T22:16:11.920000+00:00,1.0,S
1940,2936,2021-01-24T22:16:09.830000+00:00,1.0,P
1940,3145,2021-01-24T22:16:11.920000+00:00,1.0,S
1941,2936,2021-01-24T22:16:09.830000+00:00,1.0,P
1941,3145,2021-01-24T22:16:11.920000+00:00,1.0,S
1942,2936,2021-01-24T22:16:09.830000+00:00,1.0,P
1942,3145,2021-01-24T22:16:11.920000+00:00,1.0,S
1943,2936,2021-01-24T22:16:09.830000+00:00,1.0,P
1943,3145,2021-01-24T22:16:11.920000+00:00,1.0,S
1944,2936,2021-01-24T22:16:09.830000+00:00,1.0,P
1944,3145,2021-01-24T22:16:11.920000+00:00,1.0,S
1945,2936,2021-01-24T22:16:09.830000+00:00,1.0,P
1945,3145,2021-01-24T22:16:11.920000+00:00,1.0,S
1946,2936,2021-01-24T22:16:09.830000+00:00,1.0,P
1946,3145,2021-01-24T22:16:11.920000+00:00,1.0,S
1947,2936,2021-01-24T22:16:09.830000+00:00,1.0,P
1947,3145,2021-01-24T22:16:11.920000+00:00,1.0,S
1948,2936,2021-01-24T22:16:09.830000+00:00,1.0,P
1948,3145,2021-01-24T22:16:11.920000+00:00,1.0,S
1949,2936,2021-01-24T22:16:09.830000+00:00,1.0,P
1949,3145,2021-01-24T22:16:11.920000+00:00,1.0,S
1950,2936,2021-01-24T22:16:09.830000+00:00,1.0,P
1950,3145,2021-01-24T22:16:11.920000+00:00,1.0,S
1951,2936,2021-01-24T22:16:09.830000+00:00,1.0,P
1951,3145,2021-01-24T22:16:11.920000+00:00,1.0,S
1952,2936,2021-01-24T22:16:09.830000+00:00,1.0,P
1952,3145,2021-01-24T22:16:11.920000+00:00,1.0,S
1953,2936,2021-01-24T22:16:09.830000+00:00,1.0,P
1953,3144,2021-01-24T22:16:11.910000+00:00,1.0,S
1954,2936,2021-01-24T22:16:09.830000+00:00,1.0,P
1954,3144,2021-01-24T22:16:11.910000+00:00,1.0,S
1955,2936,2021-01-24T22:16:09.830000+00:00,1.0,P
1955,3144,2021-01-24T22:16:11.910000+00:00,1.0,S
1956,2936,2021-01-24T22:16:09.830000+00:00,1.0,P
1956,3144,2021-01-24T22:16:11.910000+00:00,1.0,S
1957,2936,2021-01-24T22:16:09.830000+00:00,1.0,P
1957,3144,2021-01-24T22:16:11.910000+00:00,1.0,S
1958,2936,2021-01-24T22:16:09.830000+00:00,1.0,P
1958,3144,2021-01-24T22:16:11.910000+00:00,1.0,S
1959,2936,2021-01-24T22:16:09.830000+00:00,1.0,P
1959,3144,2021-01-24T22:16:11.910000+00:00,1.0,S
1960,2936,2021-01-24T22:16:09.830000+00:00,1.0,P
1960,3144,2021-01-24T22:16:11.910000+00:00,1.0,S
1961,2936,2021-01-24T22:16:09.830000+00:00,1.0,P
1961,3144,2021-01-24T22:16:11.910000+00:00,1.0,S
1962,2936,2021-01-24T22:16:09.830000+00:00,1.0,P
1962,3144,2021-01-24T22:16:11.910000+00:00,1.0,S
1963,2936,2021-01-24T22:16:09.830000+00:00,1.0,P
1963,3144,2021-01-24T22:16:11.910000+00:00,1.0,S
1964,2936,2021-01-24T22:16:09.830000+00:00,1.0,P
1964,3144,2021-01-24T22:16:11.910000+00:00,1.0,S
1965,2936,2021-01-24T22:16:09.830000+00:00,1.0,P
1965,3144,2021-01-24T22:16:11.910000+00:00,1.0,S
1966,2936,2021-01-24T22:16:09.830000+00:00,1.0,P
1966,3144,2021-01-24T22:16:11.910000+00:00,1.0,S
1967,2936,2021-01-24T22:16:09.830000+00:00,1.0,P
1967,3144,2021-01-24T22:16:11.910000+00:00,1.0,S
1968,2936,2021-01-24T22:16:09.830000+00:00,1.0,P
1968,3143,2021-01-24T22:16:11.900000+00:00,1.0,S
1969,2936,2021-01-24T22:16:09.830000+00:00,1.0,P
1969,3143,2021-01-24T22:16:11.900000+00:00,1.0,S
1970,2936,2021-01-24T22:16:09.830000+00:00,1.0,P
1970,3143,2021-01-24T22:16:11.900000+00:00,1.0,S
1971,2936,2021-01-24T22:16:09.830000+00:00,1.0,P
1971,3143,2021-01-24T22:16:11.900000+00:00,1.0,S
1972,2936,2021-01-24T22:16:09.830000+00:00,1.0,P
1972,3143,2021-01-24T22:16:11.900000+00:00,1.0,S
1973,2936,2021-01-24T22:16:09.830000+00:00,1.0,P
1973,3143,2021-01-24T22:16:11.900000+00:00,1.0,S
1974,2936,2021-01-24T22:16:09.830000+00:00,1.0,P
1974,3143,2021-01-24T22:16:11.900000+00:00,1.0,S
1975,2936,2021-01-24T22:16:09.830000+00:00,1.0,P
1975,3143,2021-01-24T22:16:11.900000+00:00,1.0,S
1976,2936,2021-01-24T22:16:09.830000+00:00,1.0,P
1976,3143,2021-01-24T22:16:11.900000+00:00,1.0,S
1977,2936,2021-01-24T22:16:09.830000+00:00,1.0,P
1977,3143,2021-01-24T22:16:11.900000+00:00,1.0,S
1978,2936,2021-01-24T22:16:09.830000+00:00,1.0,P
1978,3143,2021-01-24T22:16:11.900000+00:00,1.0,S
1979,2936,2021-01-24T22:16:09.830000+00:00,1.0,P
1979,3143,2021-01-24T22:16:11.900000+00:00,1.0,S
1980,2936,2021-01-24T22:16:09.830000+00:00,1.0,P
1980,3143,2021-01-24T22:16:11.900000+00:00,1.0,S
1981,2936,2021-01-24T22:16:09.830000+00:00,1.0,P
1981,3143,2021-01-24T22:16:11.900000+00:00,1.0,S
1982,2936,2021-01-24T22:16:09.830000+00:00,1.0,P
1982,3143,2021-01-24T22:16:11.900000+00:00,1.0,S
1983,2936,2021-01-24T22:16:09.830000+00:00,1.0,P
1983,3143,2021-01-24T22:16:11.900000+00:00,1.0,S
1984,2936,2021-01-24T22:16:09.830000+00:00,1.0,P
1984,3143,2021-01-24T22:16:11.900000+00:00,1.0,S
1985,2936,2021-01-24T22:16:09.830000+00:00,1.0,P
1985,3143,2021-01-24T22:16:11.900000+00:00,1.0,S
1986,2936,2021-01-24T22:16:09.830000+00:00,1.0,P
1986,3143,2021-01-24T22:16:11.900000+00:00,1.0,S
1987,2936,2021-01-24T22:16:09.830000+00:00,1.0,P
1987,3143,2021-01-24T22:16:11.900000+00:00,1.0,S
1988,2936,2021-01-24T22:16:09.830000+00:00,1.0,P
1988,3142,2021-01-24T22:16:11.890000+00:00,1.0,S
1989,2936,2021-01-24T22:16:09.830000+00:00,1.0,P
1989,3142,2021-01-24T22:16:11.890000+00:00,1.0,S
1990,2936,2021-01-24T22:16:09.830000+00:00,1.0,P
1990,3142,2021-01-24T22:16:11.890000+00:00,1.0,S
1991,2936,2021-01-24T22:16:09.830000+00:00,1.0,P
1991,3142,2021-01-24T22:16:11.890000+00:00,1.0,S
1992,2936,2021-01-24T22:16:09.830000+00:00,1.0,P
1992,3142,2021-01-24T22:16:11.890000+00:00,1.0,S
1993,2936,2021-01-24T22:16:09.830000+00:00,1.0,P
1993,3142,2021-01-24T22:16:11.890000+00:00,1.0,S
1994,2936,2021-01-24T22:16:09.830000+00:00,1.0,P
1994,3142,2021-01-24T22:16:11.890000+00:00,1.0,S
1995,2936,2021-01-24T22:16:09.830000+00:00,1.0,P
1995,3142,2021-01-24T22:16:11.890000+00:00,1.0,S
1996,2936,2021-01-24T22:16:09.830000+00:00,1.0,P
1996,3142,2021-01-24T22:16:11.890000+00:00,1.0,S
1997,2936,2021-01-24T22:16:09.830000+00:00,1.0,P
1997,3142,2021-01-24T22:16:11.890000+00:00,1.0,S
1998,2936,2021-01-24T22:16:09.830000+00:00,1.0,P
1998,3142,2021-01-24T22:16:11.890000+00:00,1.0,S
1999,2936,2021-01-24T22:16:09.830000+00:00,1.0,P
1999,3142,2021-01-24T22:16:11.890000+00:00,1.0,S
2000,2936,2021-01-24T22:16:09.830000+00:00,1.0,P
2000,3142,2021-01-24T22:16:11.890000+00:00,1.0,S
2001,2936,2021-01-24T22:16:09.830000+00:00,1.0,P
2001,3142,2021-01-24T22:16:11.890000+00:00,1.0,S
2002,2936,2021-01-24T22:16:09.830000+00:00,1.0,P
2002,3142,2021-01-24T22:16:11.890000+00:00,1.0,S
2003,2936,2021-01-24T22:16:09.830000+00:00,1.0,P
2003,3142,2021-01-24T22:16:11.890000+00:00,1.0,S
2004,2936,2021-01-24T22:16:09.830000+00:00,1.0,P
2004,3142,2021-01-24T22:16:11.890000+00:00,1.0,S
2005,2936,2021-01-24T22:16:09.830000+00:00,1.0,P
2005,3142,2021-01-24T22:16:11.890000+00:00,1.0,S
2006,2936,2021-01-24T22:16:09.830000+00:00,1.0,P
2006,3142,2021-01-24T22:16:11.890000+00:00,1.0,S
2007,2936,2021-01-24T22:16:09.830000+00:00,1.0,P
2007,3142,2021-01-24T22:16:11.890000+00:00,1.0,S
2008,2936,2021-01-24T22:16:09.830000+00:00,1.0,P
2008,3142,2021-01-24T22:16:11.890000+00:00,1.0,S
2009,2936,2021-01-24T22:16:09.830000+00:00,1.0,P
2009,3142,2021-01-24T22:16:11.890000+00:00,1.0,S
2010,2936,2021-01-24T22:16:09.830000+00:00,1.0,P
2010,3142,2021-01-24T22:16:11.890000+00:00,1.0,S
2011,2936,2021-01-24T22:16:09.830000+00:00,1.0,P
2011,3142,2021-01-24T22:16:11.890000+00:00,1.0,S
2012,2936,2021-01-24T22:16:09.830000+00:00,1.0,P
2012,3142,2021-01-24T22:16:11.890000+00:00,1.0,S
2013,2936,2021-01-24T22:16:09.830000+00:00,1.0,P
2013,3142,2021-01-24T22:16:11.890000+00:00,1.0,S
2014,2936,2021-01-24T22:16:09.830000+00:00,1.0,P
2014,3141,2021-01-24T22:16:11.880000+00:00,1.0,S
2015,2936,2021-01-24T22:16:09.830000+00:00,1.0,P
2015,3141,2021-01-24T22:16:11.880000+00:00,1.0,S
2016,2936,2021-01-24T22:16:09.830000+00:00,1.0,P
2016,3141,2021-01-24T22:16:11.880000+00:00,1.0,S
2017,2936,2021-01-24T22:16:09.830000+00:00,1.0,P
2017,3141,2021-01-24T22:16:11.880000+00:00,1.0,S
2018,2936,2021-01-24T22:16:09.830000+00:00,1.0,P
2018,3141,2021-01-24T22:16:11.880000+00:00,1.0,S
2019,2936,2021-01-24T22:16:09.830000+00:00,1.0,P
2019,3141,2021-01-24T22:16:11.880000+00:00,1.0,S
2020,2936,2021-01-24T22:16:09.830000+00:00,1.0,P
2020,3141,2021-01-24T22:16:11.880000+00:00,1.0,S
2021,2936,2021-01-24T22:16:09.830000+00:00,1.0,P
2021,3141,2021-01-24T22:16:11.880000+00:00,1.0,S
2022,2936,2021-01-24T22:16:09.830000+00:00,1.0,P
2022,3141,2021-01-24T22:16:11.880000+00:00,1.0,S
2023,2936,2021-01-24T22:16:09.830000+00:00,1.0,P
2023,3141,2021-01-24T22:16:11.880000+00:00,1.0,S
2024,2936,2021-01-24T22:16:09.830000+00:00,1.0,P
2024,3141,2021-01-24T22:16:11.880000+00:00,1.0,S
2025,2936,2021-01-24T22:16:09.830000+00:00,1.0,P
2025,3141,2021-01-24T22:16:11.880000+00:00,1.0,S
2026,2936,2021-01-24T22:16:09.830000+00:00,1.0,P
2026,3141,2021-01-24T22:16:11.880000+00:00,1.0,S
2027,2936,2021-01-24T22:16:09.830000+00:00,1.0,P
2027,3141,2021-01-24T22:16:11.880000+00:00,1.0,S
2028,2936,2021-01-24T22:16:09.830000+00:00,1.0,P
2028,3141,2021-01-24T22:16:11.880000+00:00,1.0,S
2029,2936,2021-01-24T22:16:09.830000+00:00,1.0,P
2029,3141,2021-01-24T22:16:11.880000+00:00,1.0,S
2030,2936,2021-01-24T22:16:09.830000+00:00,1.0,P
2030,3141,2021-01-24T22:16:11.880000+00:00,1.0,S
2031,2936,2021-01-24T22:16:09.830000+00:00,1.0,P
2031,3141,2021-01-24T22:16:11.880000+00:00,1.0,S
2032,2936,2021-01-24T22:16:09.830000+00:00,1.0,P
2032,3141,2021-01-24T22:16:11.880000+00:00,1.0,S
2033,2936,2021-01-24T22:16:09.830000+00:00,1.0,P
2033,3141,2021-01-24T22:16:11.880000+00:00,1.0,S
2034,2936,2021-01-24T22:16:09.830000+00:00,1.0,P
2034,3141,2021-01-24T22:16:11.880000+00:00,1.0,S
2035,2936,2021-01-24T22:16:09.830000+00:00,1.0,P
2035,3141,2021-01-24T22:16:11.880000+00:00,1.0,S
2036,2936,2021-01-24T22:16:09.830000+00:00,1.0,P
2036,3141,2021-01-24T22:16:11.880000+00:00,1.0,S
2037,2936,2021-01-24T22:16:09.830000+00:00,1.0,P
2037,3141,2021-01-24T22:16:11.880000+00:00,1.0,S
2038,2936,2021-01-24T22:16:09.830000+00:00,1.0,P
2038,3141,2021-01-24T22:16:11.880000+00:00,1.0,S
2039,2936,2021-01-24T22:16:09.830000+00:00,1.0,P
2039,3141,2021-01-24T22:16:11.880000+00:00,1.0,S
2040,2936,2021-01-24T22:16:09.830000+00:00,1.0,P
2040,3141,2021-01-24T22:16:11.880000+00:00,1.0,S
2041,2936,2021-01-24T22:16:09.830000+00:00,1.0,P
2041,3141,2021-01-24T22:16:11.880000+00:00,1.0,S
2042,2936,2021-01-24T22:16:09.830000+00:00,1.0,P
2042,3141,2021-01-24T22:16:11.880000+00:00,1.0,S
2043,2936,2021-01-24T22:16:09.830000+00:00,1.0,P
2043,3141,2021-01-24T22:16:11.880000+00:00,1.0,S
2044,2936,2021-01-24T22:16:09.830000+00:00,1.0,P
2044,3141,2021-01-24T22:16:11.880000+00:00,1.0,S
2045,2936,2021-01-24T22:16:09.830000+00:00,1.0,P
2045,3141,2021-01-24T22:16:11.880000+00:00,1.0,S
2046,2936,2021-01-24T22:16:09.830000+00:00,1.0,P
2046,3141,2021-01-24T22:16:11.880000+00:00,1.0,S
2047,2936,2021-01-24T22:16:09.830000+00:00,1.0,P
2047,3141,2021-01-24T22:16:11.880000+00:00,1.0,S
2048,2936,2021-01-24T22:16:09.830000+00:00,1.0,P
2048,3141,2021-01-24T22:16:11.880000+00:00,1.0,S
2049,2936,2021-01-24T22:16:09.830000+00:00,1.0,P
2049,3141,2021-01-24T22:16:11.880000+00:00,1.0,S
2050,2936,2021-01-24T22:16:09.830000+00:00,1.0,P
2050,3141,2021-01-24T22:16:11.880000+00:00,1.0,S
2051,2936,2021-01-24T22:16:09.830000+00:00,1.0,P
2051,3141,2021-01-24T22:16:11.880000+00:00,1.0,S
2052,2936,2021-01-24T22:16:09.830000+00:00,1.0,P
2052,3141,2021-01-24T22:16:11.880000+00:00,1.0,S
2053,2936,2021-01-24T22:16:09.830000+00:00,1.0,P
2053,3141,2021-01-24T22:16:11.880000+00:00,1.0,S
2054,2936,2021-01-24T22:16:09.830000+00:00,1.0,P
2054,3141,2021-01-24T22:16:11.880000+00:00,1.0,S
2055,2936,2021-01-24T22:16:09.830000+00:00,1.0,P
2055,3141,2021-01-24T22:16:11.880000+00:00,1.0,S
2056,2936,2021-01-24T22:16:09.830000+00:00,1.0,P
2056,3141,2021-01-24T22:16:11.880000+00:00,1.0,S
2057,2936,2021-01-24T22:16:09.830000+00:00,1.0,P
2057,3141,2021-01-24T22:16:11.880000+00:00,1.0,S
2058,2936,2021-01-24T22:16:09.830000+00:00,1.0,P
2058,3141,2021-01-24T22:16:11.880000+00:00,1.0,S
2059,2936,2021-01-24T22:16:09.830000+00:00,1.0,P
2059,3141,2021-01-24T22:16:11.880000+00:00,1.0,S
2060,2937,2021-01-24T22:16:09.840000+00:00,1.0,P
2060,3141,2021-01-24T22:16:11.880000+00:00,1.0,S
2061,2937,2021-01-24T22:16:09.840000+00:00,1.0,P
2061,3141,2021-01-24T22:16:11.880000+00:00,1.0,S
2062,2937,2021-01-24T22:16:09.840000+00:00,1.0,P
2062,3141,2021-01-24T22:16:11.880000+00:00,1.0,S
2063,2937,2021-01-24T22:16:09.840000+00:00,1.0,P
2063,3141,2021-01-24T22:16:11.880000+00:00,1.0,S
2064,2937,2021-01-24T22:16:09.840000+00:00,1.0,P
2064,3141,2021-01-24T22:16:11.880000+00:00,1.0,S
2065,2937,2021-01-24T22:16:09.840000+00:00,1.0,P
2065,3141,2021-01-24T22:16:11.880000+00:00,1.0,S
2066,2937,2021-01-24T22:16:09.840000+00:00,1.0,P
2066,3141,2021-01-24T22:16:11.880000+00:00,1.0,S
2067,2937,2021-01-24T22:16:09.840000+00:00,1.0,P
2067,3141,2021-01-24T22:16:11.880000+00:00,1.0,S
2068,2937,2021-01-24T22:16:09.840000+00:00,1.0,P
2068,3141,2021-01-24T22:16:11.880000+00:00,1.0,S
2069,2937,2021-01-24T22:16:09.840000+00:00,1.0,P
2069,3141,2021-01-24T22:16:11.880000+00:00,1.0,S
2070,2937,2021-01-24T22:16:09.840000+00:00,1.0,P
2070,3141,2021-01-24T22:16:11.880000+00:00,1.0,S
2071,2937,2021-01-24T22:16:09.840000+00:00,1.0,P
2071,3141,2021-01-24T22:16:11.880000+00:00,1.0,S
2072,2937,2021-01-24T22:16:09.840000+00:00,1.0,P
2072,3141,2021-01-24T22:16:11.880000+00:00,1.0,S
2073,2937,2021-01-24T22:16:09.840000+00:00,1.0,P
2073,3141,2021-01-24T22:16:11.880000+00:00,1.0,S
2074,2937,2021-01-24T22:16:09.840000+00:00,1.0,P
2074,3141,2021-01-24T22:16:11.880000+00:00,1.0,S
2075,2937,2021-01-24T22:16:09.840000+00:00,1.0,P
2075,3141,2021-01-24T22:16:11.880000+00:00,1.0,S
2076,2937,2021-01-24T22:16:09.840000+00:00,1.0,P
2076,3141,2021-01-24T22:16:11.880000+00:00,1.0,S
2077,2937,2021-01-24T22:16:09.840000+00:00,1.0,P
2077,3141,2021-01-24T22:16:11.880000+00:00,1.0,S
2078,2937,2021-01-24T22:16:09.840000+00:00,1.0,P
2078,3141,2021-01-24T22:16:11.880000+00:00,1.0,S
2079,2937,2021-01-24T22:16:09.840000+00:00,1.0,P
2079,3141,2021-01-24T22:16:11.880000+00:00,1.0,S
2080,2937,2021-01-24T22:16:09.840000+00:00,1.0,P
2080,3141,2021-01-24T22:16:11.880000+00:00,1.0,S
2081,2937,2021-01-24T22:16:09.840000+00:00,1.0,P
2081,3141,2021-01-24T22:16:11.880000+00:00,1.0,S
2082,2937,2021-01-24T22:16:09.840000+00:00,1.0,P
2082,3141,2021-01-24T22:16:11.880000+00:00,1.0,S
2083,2937,2021-01-24T22:16:09.840000+00:00,1.0,P
2083,3141,2021-01-24T22:16:11.880000+00:00,1.0,S
2084,2937,2021-01-24T22:16:09.840000+00:00,1.0,P
2084,3141,2021-01-24T22:16:11.880000+00:00,1.0,S
2085,2937,2021-01-24T22:16:09.840000+00:00,1.0,P
2085,3141,2021-01-24T22:16:11.880000+00:00,1.0,S
2086,2937,2021-01-24T22:16:09.840000+00:00,1.0,P
2086,3141,2021-01-24T22:16:11.880000+00:00,1.0,S
2087,2937,2021-01-24T22:16:09.840000+00:00,1.0,P
2087,3141,2021-01-24T22:16:11.880000+00:00,1.0,S
2088,2937,2021-01-24T22:16:09.840000+00:00,1.0,P
2088,3141,2021-01-24T22:16:11.880000+00:00,1.0,S
2089,2937,2021-01-24T22:16:09.840000+00:00,1.0,P
2089,3141,2021-01-24T22:16:11.880000+00:00,1.0,S
2090,2937,2021-01-24T22:16:09.840000+00:00,1.0,P
2090,3141,2021-01-24T22:16:11.880000+00:00,1.0,S
2091,2937,2021-01-24T22:16:09.840000+00:00,1.0,P
2091,3141,2021-01-24T22:16:11.880000+00:00,1.0,S
2092,2937,2021-01-24T22:16:09.840000+00:00,1.0,P
2092,3141,2021-01-24T22:16:11.880000+00:00,1.0,S
2093,2937,2021-01-24T22:16:09.840000+00:00,1.0,P
2093,3141,2021-01-24T22:16:11.880000+00:00,1.0,S
2094,2937,2021-01-24T22:16:09.840000+00:00,1.0,P
2094,3141,2021-01-24T22:16:11.880000+00:00,1.0,S
2095,2937,2021-01-24T22:16:09.840000+00:00,1.0,P
2095,3141,2021-01-24T22:16:11.880000+00:00,1.0,S
2096,2937,2021-01-24T22:16:09.840000+00:00,1.0,P
2096,3141,2021-01-24T22:16:11.880000+00:00,1.0,S
2097,2937,2021-01-24T22:16:09.840000+00:00,1.0,P
2097,3141,2021-01-24T22:16:11.880000+00:00,1.0,S
2098,2937,2021-01-24T22:16:09.840000+00:00,1.0,P
2098,3141,2021-01-24T22:16:11.880000+00:00,1.0,S
2099,2937,2021-01-24T22:16:09.840000+00:00,1.0,P
2099,3142,2021-01-24T22:16:11.890000+00:00,1.0,S
2100,2937,2021-01-24T22:16:09.840000+00:00,1.0,P
2100,3142,2021-01-24T22:16:11.890000+00:00,1.0,S
2101,2937,2021-01-24T22:16:09.840000+00:00,1.0,P
2101,3142,2021-01-24T22:16:11.890000+00:00,1.0,S
2102,2937,2021-01-24T22:16:09.840000+00:00,1.0,P
2102,3142,2021-01-24T22:16:11.890000+00:00,1.0,S
2103,2937,2021-01-24T22:16:09.840000+00:00,1.0,P
2103,3142,2021-01-24T22:16:11.890000+00:00,1.0,S
2104,2937,2021-01-24T22:16:09.840000+00:00,1.0,P
2104,3142,2021-01-24T22:16:11.890000+00:00,1.0,S
2105,2937,2021-01-24T22:16:09.840000+00:00,1.0,P
2105,3142,2021-01-24T22:16:11.890000+00:00,1.0,S
2106,2937,2021-01-24T22:16:09.840000+00:00,1.0,P
2106,3142,2021-01-24T22:16:11.890000+00:00,1.0,S
2107,2937,2021-01-24T22:16:09.840000+00:00,1.0,P
2107,3141,2021-01-24T22:16:11.880000+00:00,1.0,S
2108,2937,2021-01-24T22:16:09.840000+00:00,1.0,P
2108,3141,2021-01-24T22:16:11.880000+00:00,1.0,S
2109,2937,2021-01-24T22:16:09.840000+00:00,1.0,P
2109,3141,2021-01-24T22:16:11.880000+00:00,1.0,S
2110,2937,2021-01-24T22:16:09.840000+00:00,1.0,P
2110,3141,2021-01-24T22:16:11.880000+00:00,1.0,S
2111,2937,2021-01-24T22:16:09.840000+00:00,1.0,P
2111,3141,2021-01-24T22:16:11.880000+00:00,1.0,S
2112,2937,2021-01-24T22:16:09.840000+00:00,1.0,P
2112,3141,2021-01-24T22:16:11.880000+00:00,1.0,S
2113,2937,2021-01-24T22:16:09.840000+00:00,1.0,P
2113,3141,2021-01-24T22:16:11.880000+00:00,1.0,S
2114,2937,2021-01-24T22:16:09.840000+00:00,1.0,P
2114,3141,2021-01-24T22:16:11.880000+00:00,1.0,S
2115,2937,2021-01-24T22:16:09.840000+00:00,1.0,P
2115,3141,2021-01-24T22:16:11.880000+00:00,1.0,S
2116,2937,2021-01-24T22:16:09.840000+00:00,1.0,P
2116,3141,2021-01-24T22:16:11.880000+00:00,1.0,S
2117,2937,2021-01-24T22:16:09.840000+00:00,1.0,P
2117,3141,2021-01-24T22:16:11.880000+00:00,1.0,S
2118,2937,2021-01-24T22:16:09.840000+00:00,1.0,P
2118,3141,2021-01-24T22:16:11.880000+00:00,1.0,S
2119,2937,2021-01-24T22:16:09.840000+00:00,1.0,P
2119,3141,2021-01-24T22:16:11.880000+00:00,1.0,S
2120,2937,2021-01-24T22:16:09.840000+00:00,1.0,P
2120,3141,2021-01-24T22:16:11.880000+00:00,1.0,S
2121,2937,2021-01-24T22:16:09.840000+00:00,1.0,P
2121,3141,2021-01-24T22:16:11.880000+00:00,1.0,S
2122,2937,2021-01-24T22:16:09.840000+00:00,1.0,P
2122,3141,2021-01-24T22:16:11.880000+00:00,1.0,S
2123,2937,2021-01-24T22:16:09.840000+00:00,1.0,P
2123,3141,2021-01-24T22:16:11.880000+00:00,1.0,S
2124,2937,2021-01-24T22:16:09.840000+00:00,1.0,P
2124,3141,2021-01-24T22:16:11.880000+00:00,1.0,S
2125,2937,2021-01-24T22:16:09.840000+00:00,1.0,P
2125,3140,2021-01-24T22:16:11.870000+00:00,1.0,S
2126,2937,2021-01-24T22:16:09.840000+00:00,1.0,P
2126,3140,2021-01-24T22:16:11.870000+00:00,1.0,S
2127,2937,2021-01-24T22:16:09.840000+00:00,1.0,P
2127,3140,2021-01-24T22:16:11.870000+00:00,1.0,S
2128,2937,2021-01-24T22:16:09.840000+00:00,1.0,P
2128,3140,2021-01-24T22:16:11.870000+00:00,1.0,S
2129,2937,2021-01-24T22:16:09.840000+00:00,1.0,P
2129,3140,2021-01-24T22:16:11.870000+00:00,1.0,S
2130,2937,2021-01-24T22:16:09.840000+00:00,1.0,P
2130,3140,2021-01-24T22:16:11.870000+00:00,1.0,S
2131,2937,2021-01-24T22:16:09.840000+00:00,1.0,P
2131,3140,2021-01-24T22:16:11.870000+00:00,1.0,S
2132,2937,2021-01-24T22:16:09.840000+00:00,1.0,P
2132,3140,2021-01-24T22:16:11.870000+00:00,1.0,S
2133,2937,2021-01-24T22:16:09.840000+00:00,1.0,P
2133,3140,2021-01-24T22:16:11.870000+00:00,1.0,S
2134,2937,2021-01-24T22:16:09.840000+00:00,1.0,P
2134,3140,2021-01-24T22:16:11.870000+00:00,1.0,S
2135,2937,2021-01-24T22:16:09.840000+00:00,1.0,P
2135,3140,2021-01-24T22:16:11.870000+00:00,1.0,S
2136,2937,2021-01-24T22:16:09.840000+00:00,1.0,P
2136,3140,2021-01-24T22:16:11.870000+00:00,1.0,S
2137,2938,2021-01-24T22:16:09.850000+00:00,1.0,P
2137,3140,2021-01-24T22:16:11.870000+00:00,1.0,S
2138,2938,2021-01-24T22:16:09.850000+00:00,1.0,P
2138,3140,2021-01-24T22:16:11.870000+00:00,1.0,S
2139,2938,2021-01-24T22:16:09.850000+00:00,1.0,P
2139,3140,2021-01-24T22:16:11.870000+00:00,1.0,S
2140,2938,2021-01-24T22:16:09.850000+00:00,1.0,P
2140,3140,2021-01-24T22:16:11.870000+00:00,1.0,S
2141,2938,2021-01-24T22:16:09.850000+00:00,1.0,P
2141,3140,2021-01-24T22:16:11.870000+00:00,1.0,S
2142,2938,2021-01-24T22:16:09.850000+00:00,1.0,P
2142,3140,2021-01-24T22:16:11.870000+00:00,1.0,S
2143,2938,2021-01-24T22:16:09.850000+00:00,1.0,P
2143,3140,2021-01-24T22:16:11.870000+00:00,1.0,S
2144,2938,2021-01-24T22:16:09.850000+00:00,1.0,P
2144,3140,2021-01-24T22:16:11.870000+00:00,1.0,S
2145,2938,2021-01-24T22:16:09.850000+00:00,1.0,P
2145,3140,2021-01-24T22:16:11.870000+00:00,1.0,S
2146,2938,2021-01-24T22:16:09.850000+00:00,1.0,P
2146,3140,2021-01-24T22:16:11.870000+00:00,1.0,S
2147,2938,2021-01-24T22:16:09.850000+00:00,1.0,P
2147,3140,2021-01-24T22:16:11.870000+00:00,1.0,S
2148,2938,2021-01-24T22:16:09.850000+00:00,1.0,P
2148,3140,2021-01-24T22:16:11.870000+00:00,1.0,S
2149,2938,2021-01-24T22:16:09.850000+00:00,1.0,P
2149,3140,2021-01-24T22:16:11.870000+00:00,1.0,S
2150,2938,2021-01-24T22:16:09.850000+00:00,1.0,P
2150,3140,2021-01-24T22:16:11.870000+00:00,1.0,S
2151,2938,2021-01-24T22:16:09.850000+00:00,1.0,P
2151,3140,2021-01-24T22:16:11.870000+00:00,1.0,S
2152,2938,2021-01-24T22:16:09.850000+00:00,1.0,P
2152,3140,2021-01-24T22:16:11.870000+00:00,1.0,S
2153,2938,2021-01-24T22:16:09.850000+00:00,1.0,P
2153,3140,2021-01-24T22:16:11.870000+00:00,1.0,S
2154,2938,2021-01-24T22:16:09.850000+00:00,1.0,P
2154,3140,2021-01-24T22:16:11.870000+00:00,1.0,S
2155,2938,2021-01-24T22:16:09.850000+00:00,1.0,P
2155,3140,2021-01-24T22:16:11.870000+00:00,1.0,S
2156,2938,2021-01-24T22:16:09.850000+00:00,1.0,P
2156,3140,2021-01-24T22:16:11.870000+00:00,1.0,S
2157,2938,2021-01-24T22:16:09.850000+00:00,1.0,P
2157,3140,2021-01-24T22:16:11.870000+00:00,1.0,S
2158,2938,2021-01-24T22:16:09.850000+00:00,1.0,P
2158,3140,2021-01-24T22:16:11.870000+00:00,1.0,S
2159,2938,2021-01-24T22:16:09.850000+00:00,1.0,P
2159,3140,2021-01-24T22:16:11.870000+00:00,1.0,S
2160,2938,2021-01-24T22:16:09.850000+00:00,1.0,P
2160,3140,2021-01-24T22:16:11.870000+00:00,1.0,S
2161,2938,2021-01-24T22:16:09.850000+00:00,1.0,P
2161,3140,2021-01-24T22:16:11.870000+00:00,1.0,S
2162,2938,2021-01-24T22:16:09.850000+00:00,1.0,P
2162,3140,2021-01-24T22:16:11.870000+00:00,1.0,S
2163,2938,2021-01-24T22:16:09.850000+00:00,1.0,P
2163,3140,2021-01-24T22:16:11.870000+00:00,1.0,S
2164,2938,2021-01-24T22:16:09.850000+00:00,1.0,P
2164,3140,2021-01-24T22:16:11.870000+00:00,1.0,S
2165,2938,2021-01-24T22:16:09.850000+00:00,1.0,P
2165,3140,2021-01-24T22:16:11.870000+00:00,1.0,S
2166,2938,2021-01-24T22:16:09.850000+00:00,1.0,P
2166,3140,2021-01-24T22:16:11.870000+00:00,1.0,S
2167,2938,2021-01-24T22:16:09.850000+00:00,1.0,P
2167,3140,2021-01-24T22:16:11.870000+00:00,1.0,S
2168,2938,2021-01-24T22:16:09.850000+00:00,1.0,P
2168,3141,2021-01-24T22:16:11.880000+00:00,1.0,S
2169,2938,2021-01-24T22:16:09.850000+00:00,1.0,P
2169,3141,2021-01-24T22:16:11.880000+00:00,1.0,S
2170,2938,2021-01-24T22:16:09.850000+00:00,1.0,P
2170,3141,2021-01-24T22:16:11.880000+00:00,1.0,S
2171,2938,2021-01-24T22:16:09.850000+00:00,1.0,P
2171,3141,2021-01-24T22:16:11.880000+00:00,1.0,S
2172,2939,2021-01-24T22:16:09.860000+00:00,1.0,P
2172,3141,2021-01-24T22:16:11.880000+00:00,1.0,S
2173,2939,2021-01-24T22:16:09.860000+00:00,1.0,P
2173,3141,2021-01-24T22:16:11.880000+00:00,1.0,S
2174,2939,2021-01-24T22:16:09.860000+00:00,1.0,P
2174,3141,2021-01-24T22:16:11.880000+00:00,1.0,S
2175,2939,2021-01-24T22:16:09.860000+00:00,1.0,P
2175,3141,2021-01-24T22:16:11.880000+00:00,1.0,S
2176,2939,2021-01-24T22:16:09.860000+00:00,1.0,P
2176,3141,2021-01-24T22:16:11.880000+00:00,1.0,S
2177,2939,2021-01-24T22:16:09.860000+00:00,1.0,P
2177,3141,2021-01-24T22:16:11.880000+00:00,1.0,S
2178,2939,2021-01-24T22:16:09.860000+00:00,1.0,P
2178,3141,2021-01-24T22:16:11.880000+00:00,1.0,S
2179,2939,2021-01-24T22:16:09.860000+00:00,1.0,P
2179,3141,2021-01-24T22:16:11.880000+00:00,1.0,S
2180,2939,2021-01-24T22:16:09.860000+00:00,1.0,P
2180,3141,2021-01-24T22:16:11.880000+00:00,1.0,S
2181,2939,2021-01-24T22:16:09.860000+00:00,1.0,P
2181,3141,2021-01-24T22:16:11.880000+00:00,1.0,S
2182,2939,2021-01-24T22:16:09.860000+00:00,1.0,P
2182,3141,2021-01-24T22:16:11.880000+00:00,1.0,S
2183,2939,2021-01-24T22:16:09.860000+00:00,1.0,P
2183,3142,2021-01-24T22:16:11.890000+00:00,1.0,S
2184,2939,2021-01-24T22:16:09.860000+00:00,1.0,P
2184,3142,2021-01-24T22:16:11.890000+00:00,1.0,S
2185,2939,2021-01-24T22:16:09.860000+00:00,1.0,P
2185,3142,2021-01-24T22:16:11.890000+00:00,1.0,S
2186,2939,2021-01-24T22:16:09.860000+00:00,1.0,P
2186,3142,2021-01-24T22:16:11.890000+00:00,1.0,S
2187,2939,2021-01-24T22:16:09.860000+00:00,1.0,P
2187,3142,2021-01-24T22:16:11.890000+00:00,1.0,S
2188,2939,2021-01-24T22:16:09.860000+00:00,1.0,P
2188,3142,2021-01-24T22:16:11.890000+00:00,1.0,S
2189,2939,2021-01-24T22:16:09.860000+00:00,1.0,P
2189,3142,2021-01-24T22:16:11.890000+00:00,1.0,S
2190,2940,2021-01-24T22:16:09.870000+00:00,1.0,P
2190,3142,2021-01-24T22:16:11.890000+00:00,1.0,S
2191,2940,2021-01-24T22:16:09.870000+00:00,1.0,P
2191,3142,2021-01-24T22:16:11.890000+00:00,1.0,S
2192,2940,2021-01-24T22:16:09.870000+00:00,1.0,P
2192,3142,2021-01-24T22:16:11.890000+00:00,1.0,S
2193,2940,2021-01-24T22:16:09.870000+00:00,1.0,P
2193,3142,2021-01-24T22:16:11.890000+00:00,1.0,S
2194,2940,2021-01-24T22:16:09.870000+00:00,1.0,P
2194,3142,2021-01-24T22:16:11.890000+00:00,1.0,S
2195,2940,2021-01-24T22:16:09.870000+00:00,1.0,P
2195,3143,2021-01-24T22:16:11.900000+00:00,1.0,S
2196,2940,2021-01-24T22:16:09.870000+00:00,1.0,P
2196,3143,2021-01-24T22:16:11.900000+00:00,1.0,S
2197,2940,2021-01-24T22:16:09.870000+00:00,1.0,P
2197,3143,2021-01-24T22:16:11.900000+00:00,1.0,S
2198,2940,2021-01-24T22:16:09.870000+00:00,1.0,P
2198,3143,2021-01-24T22:16:11.900000+00:00,1.0,S
2199,2940,2021-01-24T22:16:09.870000+00:00,1.0,P
2199,3143,2021-01-24T22:16:11.900000+00:00,1.0,S
2200,2940,2021-01-24T22:16:09.870000+00:00,1.0,P
2200,3143,2021-01-24T22:16:11.900000+00:00,1.0,S
2201,2940,2021-01-24T22:16:09.870000+00:00,1.0,P
2201,3143,2021-01-24T22:16:11.900000+00:00,1.0,S
2202,2940,2021-01-24T22:16:09.870000+00:00,1.0,P
2202,3143,2021-01-24T22:16:11.900000+00:00,1.0,S
2203,2940,2021-01-24T22:16:09.870000+00:00,1.0,P
2203,3143,2021-01-24T22:16:11.900000+00:00,1.0,S
2204,2940,2021-01-24T22:16:09.870000+00:00,1.0,P
2204,3144,2021-01-24T22:16:11.910000+00:00,1.0,S
2205,2941,2021-01-24T22:16:09.880000+00:00,1.0,P
2205,3144,2021-01-24T22:16:11.910000+00:00,1.0,S
2206,2941,2021-01-24T22:16:09.880000+00:00,1.0,P
2206,3144,2021-01-24T22:16:11.910000+00:00,1.0,S
2207,2941,2021-01-24T22:16:09.880000+00:00,1.0,P
2207,3144,2021-01-24T22:16:11.910000+00:00,1.0,S
2208,2941,2021-01-24T22:16:09.880000+00:00,1.0,P
2208,3144,2021-01-24T22:16:11.910000+00:00,1.0,S
2209,2941,2021-01-24T22:16:09.880000+00:00,1.0,P
2209,3144,2021-01-24T22:16:11.910000+00:00,1.0,S
2210,2941,2021-01-24T22:16:09.880000+00:00,1.0,P
2210,3144,2021-01-24T22:16:11.910000+00:00,1.0,S
2211,2941,2021-01-24T22:16:09.880000+00:00,1.0,P
2211,3145,2021-01-24T22:16:11.920000+00:00,1.0,S
2212,2941,2021-01-24T22:16:09.880000+00:00,1.0,P
2212,3145,2021-01-24T22:16:11.920000+00:00,1.0,S
2213,2941,2021-01-24T22:16:09.880000+00:00,1.0,P
2213,3145,2021-01-24T22:16:11.920000+00:00,1.0,S
2214,2941,2021-01-24T22:16:09.880000+00:00,1.0,P
2214,3145,2021-01-24T22:16:11.920000+00:00,1.0,S
2215,2941,2021-01-24T22:16:09.880000+00:00,1.0,P
2215,3145,2021-01-24T22:16:11.920000+00:00,1.0,S
2216,2941,2021-01-24T22:16:09.880000+00:00,1.0,P
2216,3146,2021-01-24T22:16:11.930000+00:00,1.0,S
2217,2941,2021-01-24T22:16:09.880000+00:00,1.0,P
2217,3146,2021-01-24T22:16:11.930000+00:00,1.0,S
2218,2941,2021-01-24T22:16:09.880000+00:00,1.0,P
2218,3146,2021-01-24T22:16:11.930000+00:00,1.0,S
2219,2942,2021-01-24T22:16:09.890000+00:00,1.0,P
2219,3146,2021-01-24T22:16:11.930000+00:00,1.0,S
2220,2942,2021-01-24T22:16:09.890000+00:00,1.0,P
2220,3146,2021-01-24T22:16:11.930000+00:00,1.0,S
2221,2942,2021-01-24T22:16:09.890000+00:00,1.0,P
2221,3146,2021-01-24T22:16:11.930000+00:00,1.0,S
2222,2942,2021-01-24T22:16:09.890000+00:00,1.0,P
2222,3146,2021-01-24T22:16:11.930000+00:00,1.0,S
2223,2942,2021-01-24T22:16:09.890000+00:00,1.0,P
2223,3146,2021-01-24T22:16:11.930000+00:00,1.0,S
2224,2942,2021-01-24T22:16:09.890000+00:00,1.0,P
2224,3147,2021-01-24T22:16:11.940000+00:00,1.0,S
2225,2942,2021-01-24T22:16:09.890000+00:00,1.0,P
2225,3147,2021-01-24T22:16:11.940000+00:00,1.0,S
2226,2942,2021-01-24T22:16:09.890000+00:00,1.0,P
2226,3147,2021-01-24T22:16:11.940000+00:00,1.0,S
2227,2942,2021-01-24T22:16:09.890000+00:00,1.0,P
2227,3147,2021-01-24T22:16:11.940000+00:00,1.0,S
2228,2942,2021-01-24T22:16:09.890000+00:00,1.0,P
2228,3147,2021-01-24T22:16:11.940000+00:00,1.0,S
2229,2942,2021-01-24T22:16:09.890000+00:00,1.0,P
2229,3147,2021-01-24T22:16:11.940000+00:00,1.0,S
2230,2942,2021-01-24T22:16:09.890000+00:00,1.0,P
2230,3147,2021-01-24T22:16:11.940000+00:00,1.0,S
2231,2942,2021-01-24T22:16:09.890000+00:00,1.0,P
2231,3147,2021-01-24T22:16:11.940000+00:00,1.0,S
2232,2942,2021-01-24T22:16:09.890000+00:00,1.0,P
2232,3148,2021-01-24T22:16:11.950000+00:00,1.0,S
2233,2942,2021-01-24T22:16:09.890000+00:00,1.0,P
2233,3148,2021-01-24T22:16:11.950000+00:00,1.0,S
2234,2942,2021-01-24T22:16:09.890000+00:00,1.0,P
2234,3148,2021-01-24T22:16:11.950000+00:00,1.0,S
2235,2943,2021-01-24T22:16:09.900000+00:00,1.0,P
2235,3148,2021-01-24T22:16:11.950000+00:00,1.0,S
2236,2943,2021-01-24T22:16:09.900000+00:00,1.0,P
2236,3148,2021-01-24T22:16:11.950000+00:00,1.0,S
2237,2943,2021-01-24T22:16:09.900000+00:00,1.0,P
2237,3148,2021-01-24T22:16:11.950000+00:00,1.0,S
2238,2943,2021-01-24T22:16:09.900000+00:00,1.0,P
2238,3148,2021-01-24T22:16:11.950000+00:00,1.0,S
2239,2943,2021-01-24T22:16:09.900000+00:00,1.0,P
2239,3148,2021-01-24T22:16:11.950000+00:00,1.0,S
2240,2943,2021-01-24T22:16:09.900000+00:00,1.0,P
2240,3148,2021-01-24T22:16:11.950000+00:00,1.0,S
2241,2943,2021-01-24T22:16:09.900000+00:00,1.0,P
2241,3148,2021-01-24T22:16:11.950000+00:00,1.0,S
2242,2943,2021-01-24T22:16:09.900000+00:00,1.0,P
2242,3149,2021-01-24T22:16:11.960000+00:00,1.0,S
2243,2943,2021-01-24T22:16:09.900000+00:00,1.0,P
2243,3149,2021-01-24T22:16:11.960000+00:00,1.0,S
2244,2943,2021-01-24T22:16:09.900000+00:00,1.0,P
2244,3149,2021-01-24T22:16:11.960000+00:00,1.0,S
2245,2943,2021-01-24T22:16:09.900000+00:00,1.0,P
2245,3149,2021-01-24T22:16:11.960000+00:00,1.0,S
2246,2943,2021-01-24T22:16:09.900000+00:00,1.0,P
2246,3149,2021-01-24T22:16:11.960000+00:00,1.0,S
2247,2943,2021-01-24T22:16:09.900000+00:00,1.0,P
2247,3149,2021-01-24T22:16:11.960000+00:00,1.0,S
2248,2943,2021-01-24T22:16:09.900000+00:00,1.0,P
2248,3149,2021-01-24T22:16:11.960000+00:00,1.0,S
2249,2943,2021-01-24T22:16:09.900000+00:00,1.0,P
2249,3149,2021-01-24T22:16:11.960000+00:00,1.0,S
2250,2943,2021-01-24T22:16:09.900000+00:00,1.0,P
2250,3149,2021-01-24T22:16:11.960000+00:00,1.0,S
2251,2943,2021-01-24T22:16:09.900000+00:00,1.0,P
2251,3149,2021-01-24T22:16:11.960000+00:00,1.0,S
2252,2943,2021-01-24T22:16:09.900000+00:00,1.0,P
2252,3149,2021-01-24T22:16:11.960000+00:00,1.0,S
2253,2943,2021-01-24T22:16:09.900000+00:00,1.0,P
2253,3149,2021-01-24T22:16:11.960000+00:00,1.0,S
2254,2943,2021-01-24T22:16:09.900000+00:00,1.0,P
2254,3150,2021-01-24T22:16:11.970000+00:00,1.0,S
2255,2943,2021-01-24T22:16:09.900000+00:00,1.0,P
2255,3150,2021-01-24T22:16:11.970000+00:00,1.0,S
2256,2943,2021-01-24T22:16:09.900000+00:00,1.0,P
2256,3150,2021-01-24T22:16:11.970000+00:00,1.0,S
2257,2943,2021-01-24T22:16:09.900000+00:00,1.0,P
2257,3150,2021-01-24T22:16:11.970000+00:00,1.0,S
2258,2943,2021-01-24T22:16:09.900000+00:00,1.0,P
2258,3150,2021-01-24T22:16:11.970000+00:00,1.0,S
2259,2943,2021-01-24T22:16:09.900000+00:00,1.0,P
2259,3150,2021-01-24T22:16:11.970000+00:00,1.0,S
2260,2944,2021-01-24T22:16:09.910000+00:00,1.0,P
2260,3150,2021-01-24T22:16:11.970000+00:00,1.0,S
2261,2944,2021-01-24T22:16:09.910000+00:00,1.0,P
2261,3150,2021-01-24T22:16:11.970000+00:00,1.0,S
2262,2944,2021-01-24T22:16:09.910000+00:00,1.0,P
2262,3150,2021-01-24T22:16:11.970000+00:00,1.0,S
2263,2944,2021-01-24T22:16:09.910000+00:00,1.0,P
2263,3151,2021-01-24T22:16:11.980000+00:00,1.0,S
2264,2944,2021-01-24T22:16:09.910000+00:00,1.0,P
2264,3151,2021-01-24T22:16:11.980000+00:00,1.0,S
2265,2944,2021-01-24T22:16:09.910000+00:00,1.0,P
2265,3151,2021-01-24T22:16:11.980000+00:00,1.0,S
2266,2944,2021-01-24T22:16:09.910000+00:00,1.0,P
2266,3151,2021-01-24T22:16:11.980000+00:00,1.0,S
2267,2944,2021-01-24T22:16:09.910000+00:00,1.0,P
2267,3151,2021-01-24T22:16:11.980000+00:00,1.0,S
2268,2944,2021-01-24T22:16:09.910000+00:00,1.0,P
2268,3151,2021-01-24T22:16:11.980000+00:00,1.0,S
2269,2944,2021-01-24T22:16:09.910000+00:00,1.0,P
2269,3151,2021-01-24T22:16:11.980000+00:00,1.0,S
2270,2944,2021-01-24T22:16:09.910000+00:00,1.0,P
2270,3151,2021-01-24T22:16:11.980000+00:00,1.0,S
2271,2944,2021-01-24T22:16:09.910000+00:00,1.0,P
2271,3151,2021-01-24T22:16:11.980000+00:00,1.0,S
2272,2944,2021-01-24T22:16:09.910000+00:00,1.0,P
2272,3152,2021-01-24T22:16:11.990000+00:00,1.0,S
2273,2944,2021-01-24T22:16:09.910000+00:00,1.0,P
2273,3152,2021-01-24T22:16:11.990000+00:00,1.0,S
2274,2944,2021-01-24T22:16:09.910000+00:00,1.0,P
2274,3152,2021-01-24T22:16:11.990000+00:00,1.0,S
2275,2944,2021-01-24T22:16:09.910000+00:00,1.0,P
2275,3152,2021-01-24T22:16:11.990000+00:00,1.0,S
2276,2944,2021-01-24T22:16:09.910000+00:00,1.0,P
2276,3152,2021-01-24T22:16:11.990000+00:00,1.0,S
2277,2944,2021-01-24T22:16:09.910000+00:00,1.0,P
2277,3152,2021-01-24T22:16:11.990000+00:00,1.0,S
2278,2944,2021-01-24T22:16:09.910000+00:00,1.0,P
2278,3152,2021-01-24T22:16:11.990000+00:00,1.0,S
2279,2944,2021-01-24T22:16:09.910000+00:00,1.0,P
2279,3153,2021-01-24T22:16:12+00:00,1.0,S
2280,2944,2021-01-24T22:16:09.910000+00:00,1.0,P
2280,3153,2021-01-24T22:16:12+00:00,1.0,S
2281,2945,2021-01-24T22:16:09.920000+00:00,1.0,P
2281,3153,2021-01-24T22:16:12+00:00,1.0,S
2282,2945,2021-01-24T22:16:09.920000+00:00,1.0,P
2282,3153,2021-01-24T22:16:12+00:00,1.0,S
2283,2945,2021-01-24T22:16:09.920000+00:00,1.0,P
2283,3153,2021-01-24T22:16:12+00:00,1.0,S
2284,2945,2021-01-24T22:16:09.920000+00:00,1.0,P
2284,3153,2021-01-24T22:16:12+00:00,1.0,S
2285,2945,2021-01-24T22:16:09.920000+00:00,1.0,P
2285,3154,2021-01-24T22:16:12.010000+00:00,1.0,S
2286,2945,2021-01-24T22:16:09.920000+00:00,1.0,P
2286,3154,2021-01-24T22:16:12.010000+00:00,1.0,S
2287,2945,2021-01-24T22:16:09.920000+00:00,1.0,P
2287,3154,2021-01-24T22:16:12.010000+00:00,1.0,S
2288,2945,2021-01-24T22:16:09.920000+00:00,1.0,P
2288,3154,2021-01-24T22:16:12.010000+00:00,1.0,S
2289,2945,2021-01-24T22:16:09.920000+00:00,1.0,P
2289,3154,2021-01-24T22:16:12.010000+00:00,1.0,S
2290,2945,2021-01-24T22:16:09.920000+00:00,1.0,P
2290,3155,2021-01-24T22:16:12.020000+00:00,1.0,S
2291,2945,2021-01-24T22:16:09.920000+00:00,1.0,P
2291,3155,2021-01-24T22:16:12.020000+00:00,1.0,S
2292,2945,2021-01-24T22:16:09.920000+00:00,1.0,P
2292,3155,2021-01-24T22:16:12.020000+00:00,1.0,S
2293,2945,2021-01-24T22:16:09.920000+00:00,1.0,P
2293,3155,2021-01-24T22:16:12.020000+00:00,1.0,S
2294,2946,2021-01-24T22:16:09.930000+00:00,1.0,P
2294,3155,2021-01-24T22:16:12.020000+00:00,1.0,S
2295,2946,2021-01-24T22:16:09.930000+00:00,1.0,P
2295,3155,2021-01-24T22:16:12.020000+00:00,1.0,S
2296,2946,2021-01-24T22:16:09.930000+00:00,1.0,P
2296,3156,2021-01-24T22:16:12.030000+00:00,1.0,S
2297,2946,2021-01-24T22:16:09.930000+00:00,1.0,P
2297,3156,2021-01-24T22:16:12.030000+00:00,1.0,S
2298,2946,2021-01-24T22:16:09.930000+00:00,1.0,P
2298,3156,2021-01-24T22:16:12.030000+00:00,1.0,S
2299,2946,2021-01-24T22:16:09.930000+00:00,1.0,P
2299,3156,2021-01-24T22:16:12.030000+00:00,1.0,S
2300,2946,2021-01-24T22:16:09.930000+00:00,1.0,P
2300,3156,2021-01-24T22:16:12.030000+00:00,1.0,S
2301,2946,2021-01-24T22:16:09.930000+00:00,1.0,P
2301,3156,2021-01-24T22:16:12.030000+00:00,1.0,S
2302,2946,2021-01-24T22:16:09.930000+00:00,1.0,P
2302,3157,2021-01-24T22:16:12.040000+00:00,1.0,S
2303,2946,2021-01-24T22:16:09.930000+00:00,1.0,P
2303,3157,2021-01-24T22:16:12.040000+00:00,1.0,S
2304,2946,2021-01-24T22:16:09.930000+00:00,1.0,P
2304,3157,2021-01-24T22:16:12.040000+00:00,1.0,S
2305,2947,2021-01-24T22:16:09.940000+00:00,1.0,P
2305,3157,2021-01-24T22:16:12.040000+00:00,1.0,S
2306,2947,2021-01-24T22:16:09.940000+00:00,1.0,P
2306,3158,2021-01-24T22:16:12.050000+00:00,1.0,S
2307,2947,2021-01-24T22:16:09.940000+00:00,1.0,P
2307,3158,2021-01-24T22:16:12.050000+00:00,1.0,S
2308,2947,2021-01-24T22:16:09.940000+00:00,1.0,P
2308,3158,2021-01-24T22:16:12.050000+00:00,1.0,S
2309,2947,2021-01-24T22:16:09.940000+00:00,1.0,P
2309,3158,2021-01-24T22:16:12.050000+00:00,1.0,S
2310,2947,2021-01-24T22:16:09.940000+00:00,1.0,P
2310,3158,2021-01-24T22:16:12.050000+00:00,1.0,S
2311,2947,2021-01-24T22:16:09.940000+00:00,1.0,P
2311,3159,2021-01-24T22:16:12.060000+00:00,1.0,S
2312,2947,2021-01-24T22:16:09.940000+00:00,1.0,P
2312,3159,2021-01-24T22:16:12.060000+00:00,1.0,S
2313,2947,2021-01-24T22:16:09.940000+00:00,1.0,P
2313,3159,2021-01-24T22:16:12.060000+00:00,1.0,S
2314,2947,2021-01-24T22:16:09.940000+00:00,1.0,P
2314,3159,2021-01-24T22:16:12.060000+00:00,1.0,S
2315,2947,2021-01-24T22:16:09.940000+00:00,1.0,P
2315,3160,2021-01-24T22:16:12.070000+00:00,1.0,S
2316,2948,2021-01-24T22:16:09.950000+00:00,1.0,P
2316,3160,2021-01-24T22:16:12.070000+00:00,1.0,S
2317,2948,2021-01-24T22:16:09.950000+00:00,1.0,P
2317,3160,2021-01-24T22:16:12.070000+00:00,1.0,S
2318,2948,2021-01-24T22:16:09.950000+00:00,1.0,P
2318,3160,2021-01-24T22:16:12.070000+00:00,1.0,S
2319,2948,2021-01-24T22:16:09.950000+00:00,1.0,P
2319,3161,2021-01-24T22:16:12.080000+00:00,1.0,S
2320,2948,2021-01-24T22:16:09.950000+00:00,1.0,P
2320,3161,2021-01-24T22:16:12.080000+00:00,1.0,S
2321,2948,2021-01-24T22:16:09.950000+00:00,1.0,P
2321,3161,2021-01-24T22:16:12.080000+00:00,1.0,S
2322,2948,2021-01-24T22:16:09.950000+00:00,1.0,P
2322,3161,2021-01-24T22:16:12.080000+00:00,1.0,S
2323,2948,2021-01-24T22:16:09.950000+00:00,1.0,P
2323,3162,2021-01-24T22:16:12.090000+00:00,1.0,S
2324,2948,2021-01-24T22:16:09.950000+00:00,1.0,P
2324,3162,2021-01-24T22:16:12.090000+00:00,1.0,S
2325,2948,2021-01-24T22:16:09.950000+00:00,1.0,P
2325,3162,2021-01-24T22:16:12.090000+00:00,1.0,S
2326,2948,2021-01-24T22:16:09.950000+00:00,1.0,P
2326,3162,2021-01-24T22:16:12.090000+00:00,1.0,S
2327,2949,2021-01-24T22:16:09.960000+00:00,1.0,P
2327,3163,2021-01-24T22:16:12.100000+00:00,1.0,S
2328,2949,2021-01-24T22:16:09.960000+00:00,1.0,P
2328,3163,2021-01-24T22:16:12.100000+00:00,1.0,S
2329,2949,2021-01-24T22:16:09.960000+00:00,1.0,P
2329,3163,2021-01-24T22:16:12.100000+00:00,1.0,S
2330,2949,2021-01-24T22:16:09.960000+00:00,1.0,P
2330,3163,2021-01-24T22:16:12.100000+00:00,1.0,S
2331,2949,2021-01-24T22:16:09.960000+00:00,1.0,P
2331,3164,2021-01-24T22:16:12.110000+00:00,1.0,S
2332,2949,2021-01-24T22:16:09.960000+00:00,1.0,P
2332,3164,2021-01-24T22:16:12.110000+00:00,1.0,S
2333,2949,2021-01-24T22:16:09.960000+00:00,1.0,P
2333,3164,2021-01-24T22:16:12.110000+00:00,1.0,S
2334,2949,2021-01-24T22:16:09.960000+00:00,1.0,P
2334,3165,2021-01-24T22:16:12.120000+00:00,1.0,S
2335,2949,2021-01-24T22:16:09.960000+00:00,1.0,P
2335,3165,2021-01-24T22:16:12.120000+00:00,1.0,S
2336,2950,2021-01-24T22:16:09.970000+00:00,1.0,P
2336,3165,2021-01-24T22:16:12.120000+00:00,1.0,S
2337,2950,2021-01-24T22:16:09.970000+00:00,1.0,P
2337,3165,2021-01-24T22:16:12.120000+00:00,1.0,S
2338,2950,2021-01-24T22:16:09.970000+00:00,1.0,P
2338,3166,2021-01-24T22:16:12.130000+00:00,1.0,S
2339,2950,2021-01-24T22:16:09.970000+00:00,1.0,P
2339,3166,2021-01-24T22:16:12.130000+00:00,1.0,S
2340,2950,2021-01-24T22:16:09.970000+00:00,1.0,P
2340,3166,2021-01-24T22:16:12.130000+00:00,1.0,S
2341,2950,2021-01-24T22:16:09.970000+00:00,1.0,P
2341,3167,2021-01-24T22:16:12.140000+00:00,1.0,S
2342,2950,2021-01-24T22:16:09.970000+00:00,1.0,P
2342,3167,2021-01-24T22:16:12.140000+00:00,1.0,S
2343,2950,2021-01-24T22:16:09.970000+00:00,1.0,P
2343,3167,2021-01-24T22:16:12.140000+00:00,1.0,S
2344,2950,2021-01-24T22:16:09.970000+00:00,1.0,P
2344,3167,2021-01-24T22:16:12.140000+00:00,1.0,S
2345,2950,2021-01-24T22:16:09.970000+00:00,1.0,P
2345,3168,2021-01-24T22:16:12.150000+00:00,1.0,S
2346,2950,2021-01-24T22:16:09.970000+00:00,1.0,P
2346,3168,2021-01-24T22:16:12.150000+00:00,1.0,S
2347,2951,2021-01-24T22:16:09.980000+00:00,1.0,P
2347,3168,2021-01-24T22:16:12.150000+00:00,1.0,S
2348,2951,2021-01-24T22:16:09.980000+00:00,1.0,P
2348,3168,2021-01-24T22:16:12.150000+00:00,1.0,S
2349,2951,2021-01-24T22:16:09.980000+00:00,1.0,P
2349,3168,2021-01-24T22:16:12.150000+00:00,1.0,S
2350,2951,2021-01-24T22:16:09.980000+00:00,1.0,P
2350,3169,2021-01-24T22:16:12.160000+00:00,1.0,S
2351,2951,2021-01-24T22:16:09.980000+00:00,1.0,P
2351,3169,2021-01-24T22:16:12.160000+00:00,1.0,S
2352,2951,2021-01-24T22:16:09.980000+00:00,1.0,P
2352,3169,2021-01-24T22:16:12.160000+00:00,1.0,S
2353,2951,2021-01-24T22:16:09.980000+00:00,1.0,P
2353,3169,2021-01-24T22:16:12.160000+00:00,1.0,S
2354,2951,2021-01-24T22:16:09.980000+00:00,1.0,P
2354,3170,2021-01-24T22:16:12.170000+00:00,1.0,S
2355,2951,2021-01-24T22:16:09.980000+00:00,1.0,P
2355,3170,2021-01-24T22:16:12.170000+00:00,1.0,S
2356,2951,2021-01-24T22:16:09.980000+00:00,1.0,P
2356,3170,2021-01-24T22:16:12.170000+00:00,1.0,S
2357,2952,2021-01-24T22:16:09.990000+00:00,1.0,P
2357,3170,2021-01-24T22:16:12.170000+00:00,1.0,S
2358,2952,2021-01-24T22:16:09.990000+00:00,1.0,P
2358,3170,2021-01-24T22:16:12.170000+00:00,1.0,S
2359,2952,2021-01-24T22:16:09.990000+00:00,1.0,P
2359,3171,2021-01-24T22:16:12.180000+00:00,1.0,S
2360,2952,2021-01-24T22:16:09.990000+00:00,1.0,P
2360,3171,2021-01-24T22:16:12.180000+00:00,1.0,S
2361,2952,2021-01-24T22:16:09.990000+00:00,1.0,P
2361,3171,2021-01-24T22:16:12.180000+00:00,1.0,S
2362,2952,2021-01-24T22:16:09.990000+00:00,1.0,P
2362,3171,2021-01-24T22:16:12.180000+00:00,1.0,S
2363,2952,2021-01-24T22:16:09.990000+00:00,1.0,P
2363,3172,2021-01-24T22:16:12.190000+00:00,1.0,S
2364,2952,2021-01-24T22:16:09.990000+00:00,1.0,P
2364,3172,2021-01-24T22:16:12.190000+00:00,1.0,S
2365,2952,2021-01-24T22:16:09.990000+00:00,1.0,P
2365,3172,2021-01-24T22:16:12.190000+00:00,1.0,S
2366,2952,2021-01-24T22:16:09.990000+00:00,1.0,P
2366,3172,2021-01-24T22:16:12.190000+00:00,1.0,S
2367,2952,2021-01-24T22:16:09.990000+00:00,1.0,P
2367,3173,2021-01-24T22:16:12.200000+00:00,1.0,S
2368,2953,2021-01-24T22:16:10+00:00,1.0,P
2368,3173,2021-01-24T22:16:12.200000+00:00,1.0,S
2369,2953,2021-01-24T22:16:10+00:00,1.0,P
2369,3173,2021-01-24T22:16:12.200000+00:00,1.0,S
2370,2953,2021-01-24T22:16:10+00:00,1.0,P
2370,3173,2021-01-24T22:16:12.200000+00:00,1.0,S
2371,2953,2021-01-24T22:16:10+00:00,1.0,P
2371,3173,2021-01-24T22:16:12.200000+00:00,1.0,S
2372,2953,2021-01-24T22:16:10+00:00,1.0,P
2372,3174,2021-01-24T22:16:12.210000+00:00,1.0,S
2373,2953,2021-01-24T22:16:10+00:00,1.0,P
2373,3174,2021-01-24T22:16:12.210000+00:00,1.0,S
2374,2953,2021-01-24T22:16:10+00:00,1.0,P
2374,3174,2021-01-24T22:16:12.210000+00:00,1.0,S
2375,2953,2021-01-24T22:16:10+00:00,1.0,P
2375,3174,2021-01-24T22:16:12.210000+00:00,1.0,S
2376,2953,2021-01-24T22:16:10+00:00,1.0,P
2376,3175,2021-01-24T22:16:12.220000+00:00,1.0,S
2377,2953,2021-01-24T22:16:10+00:00,1.0,P
2377,3175,2021-01-24T22:16:12.220000+00:00,1.0,S
2378,2954,2021-01-24T22:16:10.010000+00:00,1.0,P
2378,3175,2021-01-24T22:16:12.220000+00:00,1.0,S
2379,2954,2021-01-24T22:16:10.010000+00:00,1.0,P
2379,3175,2021-01-24T22:16:12.220000+00:00,1.0,S
2380,2954,2021-01-24T22:16:10.010000+00:00,1.0,P
2380,3175,2021-01-24T22:16:12.220000+00:00,1.0,S
2381,2954,2021-01-24T22:16:10.010000+00:00,1.0,P
2381,3176,2021-01-24T22:16:12.230000+00:00,1.0,S
2382,2954,2021-01-24T22:16:10.010000+00:00,1.0,P
2382,3176,2021-01-24T22:16:12.230000+00:00,1.0,S
2383,2954,2021-01-24T22:16:10.010000+00:00,1.0,P
2383,3176,2021-01-24T22:16:12.230000+00:00,1.0,S
2384,2954,2021-01-24T22:16:10.010000+00:00,1.0,P
2384,3176,2021-01-24T22:16:12.230000+00:00,1.0,S
2385,2954,2021-01-24T22:16:10.010000+00:00,1.0,P
2385,3176,2021-01-24T22:16:12.230000+00:00,1.0,S
2386,2954,2021-01-24T22:16:10.010000+00:00,1.0,P
2386,3177,2021-01-24T22:16:12.240000+00:00,1.0,S
2387,2954,2021-01-24T22:16:10.010000+00:00,1.0,P
2387,3177,2021-01-24T22:16:12.240000+00:00,1.0,S
2388,2954,2021-01-24T22:16:10.010000+00:00,1.0,P
2388,3177,2021-01-24T22:16:12.240000+00:00,1.0,S
2389,2954,2021-01-24T22:16:10.010000+00:00,1.0,P
2389,3177,2021-01-24T22:16:12.240000+00:00,1.0,S
2390,2954,2021-01-24T22:16:10.010000+00:00,1.0,P
2390,3177,2021-01-24T22:16:12.240000+00:00,1.0,S
2391,2955,2021-01-24T22:16:10.020000+00:00,1.0,P
2391,3177,2021-01-24T22:16:12.240000+00:00,1.0,S
2392,2955,2021-01-24T22:16:10.020000+00:00,1.0,P
2392,3177,2021-01-24T22:16:12.240000+00:00,1.0,S
2393,2955,2021-01-24T22:16:10.020000+00:00,1.0,P
2393,3177,2021-01-24T22:16:12.240000+00:00,1.0,S
2394,2955,2021-01-24T22:16:10.020000+00:00,1.0,P
2394,3178,2021-01-24T22:16:12.250000+00:00,1.0,S
2395,2955,2021-01-24T22:16:10.020000+00:00,1.0,P
2395,3178,2021-01-24T22:16:12.250000+00:00,1.0,S
2396,2955,2021-01-24T22:16:10.020000+00:00,1.0,P
2396,3178,2021-01-24T22:16:12.250000+00:00,1.0,S
2397,2955,2021-01-24T22:16:10.020000+00:00,1.0,P
2397,3178,2021-01-24T22:16:12.250000+00:00,1.0,S
2398,2955,2021-01-24T22:16:10.020000+00:00,1.0,P
2398,3178,2021-01-24T22:16:12.250000+00:00,1.0,S
2399,2955,2021-01-24T22:16:10.020000+00:00,1.0,P
2399,3178,2021-01-24T22:16:12.250000+00:00,1.0,S
2400,2955,2021-01-24T22:16:10.020000+00:00,1.0,P
2400,3178,2021-01-24T22:16:12.250000+00:00,1.0,S
2401,2955,2021-01-24T22:16:10.020000+00:00,1.0,P
2401,3178,2021-01-24T22:16:12.250000+00:00,1.0,S
2402,2955,2021-01-24T22:16:10.020000+00:00,1.0,P
2402,3179,2021-01-24T22:16:12.260000+00:00,1.0,S
2403,2955,2021-01-24T22:16:10.020000+00:00,1.0,P
2403,3179,2021-01-24T22:16:12.260000+00:00,1.0,S
2404,2956,2021-01-24T22:16:10.030000+00:00,1.0,P
2404,3179,2021-01-24T22:16:12.260000+00:00,1.0,S
2405,2956,2021-01-24T22:16:10.030000+00:00,1.0,P
2405,3179,2021-01-24T22:16:12.260000+00:00,1.0,S
2406,2956,2021-01-24T22:16:10.030000+00:00,1.0,P
2406,3179,2021-01-24T22:16:12.260000+00:00,1.0,S
2407,2956,2021-01-24T22:16:10.030000+00:00,1.0,P
2407,3179,2021-01-24T22:16:12.260000+00:00,1.0,S
2408,2956,2021-01-24T22:16:10.030000+00:00,1.0,P
2408,3179,2021-01-24T22:16:12.260000+00:00,1.0,S
2409,2956,2021-01-24T22:16:10.030000+00:00,1.0,P
2409,3179,2021-01-24T22:16:12.260000+00:00,1.0,S
2410,2956,2021-01-24T22:16:10.030000+00:00,1.0,P
2410,3179,2021-01-24T22:16:12.260000+00:00,1.0,S
2411,2956,2021-01-24T22:16:10.030000+00:00,1.0,P
2411,3179,2021-01-24T22:16:12.260000+00:00,1.0,S
2412,2956,2021-01-24T22:16:10.030000+00:00,1.0,P
2412,3179,2021-01-24T22:16:12.260000+00:00,1.0,S
2413,2956,2021-01-24T22:16:10.030000+00:00,1.0,P
2413,3179,2021-01-24T22:16:12.260000+00:00,1.0,S
2414,2956,2021-01-24T22:16:10.030000+00:00,1.0,P
2414,3179,2021-01-24T22:16:12.260000+00:00,1.0,S
2415,2956,2021-01-24T22:16:10.030000+00:00,1.0,P
2415,3180,2021-01-24T22:16:12.270000+00:00,1.0,S
2416,2956,2021-01-24T22:16:10.030000+00:00,1.0,P
2416,3180,2021-01-24T22:16:12.270000+00:00,1.0,S
2417,2957,2021-01-24T22:16:10.040000+00:00,1.0,P
2417,3180,2021-01-24T22:16:12.270000+00:00,1.0,S
2418,2957,2021-01-24T22:16:10.040000+00:00,1.0,P
2418,3180,2021-01-24T22:16:12.270000+00:00,1.0,S
2419,2957,2021-01-24T22:16:10.040000+00:00,1.0,P
2419,3180,2021-01-24T22:16:12.270000+00:00,1.0,S
2420,2957,2021-01-24T22:16:10.040000+00:00,1.0,P
2420,3180,2021-01-24T22:16:12.270000+00:00,1.0,S
2421,2957,2021-01-24T22:16:10.040000+00:00,1.0,P
2421,3180,2021-01-24T22:16:12.270000+00:00,1.0,S
2422,2957,2021-01-24T22:16:10.040000+00:00,1.0,P
2422,3181,2021-01-24T22:16:12.280000+00:00,1.0,S
2423,2957,2021-01-24T22:16:10.040000+00:00,1.0,P
2423,3181,2021-01-24T22:16:12.280000+00:00,1.0,S
2424,2957,2021-01-24T22:16:10.040000+00:00,1.0,P
2424,3181,2021-01-24T22:16:12.280000+00:00,1.0,S
2425,2957,2021-01-24T22:16:10.040000+00:00,1.0,P
2425,3181,2021-01-24T22:16:12.280000+00:00,1.0,S
2426,2957,2021-01-24T22:16:10.040000+00:00,1.0,P
2426,3181,2021-01-24T22:16:12.280000+00:00,1.0,S
2427,2957,2021-01-24T22:16:10.040000+00:00,1.0,P
2427,3181,2021-01-24T22:16:12.280000+00:00,1.0,S
2428,2958,2021-01-24T22:16:10.050000+00:00,1.0,P
2428,3182,2021-01-24T22:16:12.290000+00:00,1.0,S
2429,2958,2021-01-24T22:16:10.050000+00:00,1.0,P
2429,3182,2021-01-24T22:16:12.290000+00:00,1.0,S
2430,2958,2021-01-24T22:16:10.050000+00:00,1.0,P
2430,3182,2021-01-24T22:16:12.290000+00:00,1.0,S
2431,2958,2021-01-24T22:16:10.050000+00:00,1.0,P
2431,3182,2021-01-24T22:16:12.290000+00:00,1.0,S
2432,2958,2021-01-24T22:16:10.050000+00:00,1.0,P
2432,3182,2021-01-24T22:16:12.290000+00:00,1.0,S
2433,2958,2021-01-24T22:16:10.050000+00:00,1.0,P
2433,3182,2021-01-24T22:16:12.290000+00:00,1.0,S
2434,2958,2021-01-24T22:16:10.050000+00:00,1.0,P
2434,3183,2021-01-24T22:16:12.300000+00:00,1.0,S
2435,2958,2021-01-24T22:16:10.050000+00:00,1.0,P
2435,3183,2021-01-24T22:16:12.300000+00:00,1.0,S
2436,2958,2021-01-24T22:16:10.050000+00:00,1.0,P
2436,3183,2021-01-24T22:16:12.300000+00:00,1.0,S
2437,2958,2021-01-24T22:16:10.050000+00:00,1.0,P
2437,3183,2021-01-24T22:16:12.300000+00:00,1.0,S
2438,2959,2021-01-24T22:16:10.060000+00:00,1.0,P
2438,3183,2021-01-24T22:16:12.300000+00:00,1.0,S
2439,2959,2021-01-24T22:16:10.060000+00:00,1.0,P
2439,3183,2021-01-24T22:16:12.300000+00:00,1.0,S
2440,2959,2021-01-24T22:16:10.060000+00:00,1.0,P
2440,3184,2021-01-24T22:16:12.310000+00:00,1.0,S
2441,2959,2021-01-24T22:16:10.060000+00:00,1.0,P
2441,3184,2021-01-24T22:16:12.310000+00:00,1.0,S
2442,2959,2021-01-24T22:16:10.060000+00:00,1.0,P
2442,3184,2021-01-24T22:16:12.310000+00:00,1.0,S
2443,2959,2021-01-24T22:16:10.060000+00:00,1.0,P
2443,3184,2021-01-24T22:16:12.310000+00:00,1.0,S
2444,2959,2021-01-24T22:16:10.060000+00:00,1.0,P
2444,3185,2021-01-24T22:16:12.320000+00:00,1.0,S
2445,2959,2021-01-24T22:16:10.060000+00:00,1.0,P
2445,3185,2021-01-24T22:16:12.320000+00:00,1.0,S
2446,2960,2021-01-24T22:16:10.070000+00:00,1.0,P
2446,3185,2021-01-24T22:16:12.320000+00:00,1.0,S
2447,2960,2021-01-24T22:16:10.070000+00:00,1.0,P
2447,3185,2021-01-24T22:16:12.320000+00:00,1.0,S
2448,2960,2021-01-24T22:16:10.070000+00:00,1.0,P
2448,3185,2021-01-24T22:16:12.320000+00:00,1.0,S
2449,2960,2021-01-24T22:16:10.070000+00:00,1.0,P
2449,3186,2021-01-24T22:16:12.330000+00:00,1.0,S
2450,2960,2021-01-24T22:16:10.070000+00:00,1.0,P
2450,3186,2021-01-24T22:16:12.330000+00:00,1.0,S
2451,2960,2021-01-24T22:16:10.070000+00:00,1.0,P
2451,3186,2021-01-24T22:16:12.330000+00:00,1.0,S
2452,2960,2021-01-24T22:16:10.070000+00:00,1.0,P
2452,3186,2021-01-24T22:16:12.330000+00:00,1.0,S
2453,2960,2021-01-24T22:16:10.070000+00:00,1.0,P
2453,3187,2021-01-24T22:16:12.340000+00:00,1.0,S
2454,2961,2021-01-24T22:16:10.080000+00:00,1.0,P
2454,3187,2021-01-24T22:16:12.340000+00:00,1.0,S
2455,2961,2021-01-24T22:16:10.080000+00:00,1.0,P
2455,3187,2021-01-24T22:16:12.340000+00:00,1.0,S
2456,2961,2021-01-24T22:16:10.080000+00:00,1.0,P
2456,3187,2021-01-24T22:16:12.340000+00:00,1.0,S
2457,2961,2021-01-24T22:16:10.080000+00:00,1.0,P
2457,3187,2021-01-24T22:16:12.340000+00:00,1.0,S
2458,2961,2021-01-24T22:16:10.080000+00:00,1.0,P
2458,3188,2021-01-24T22:16:12.350000+00:00,1.0,S
2459,2961,2021-01-24T22:16:10.080000+00:00,1.0,P
2459,3188,2021-01-24T22:16:12.350000+00:00,1.0,S
2460,2961,2021-01-24T22:16:10.080000+00:00,1.0,P
2460,3188,2021-01-24T22:16:12.350000+00:00,1.0,S
2461,2961,2021-01-24T22:16:10.080000+00:00,1.0,P
2461,3188,2021-01-24T22:16:12.350000+00:00,1.0,S
2462,2962,2021-01-24T22:16:10.090000+00:00,1.0,P
2462,3188,2021-01-24T22:16:12.350000+00:00,1.0,S
2463,2962,2021-01-24T22:16:10.090000+00:00,1.0,P
2463,3189,2021-01-24T22:16:12.360000+00:00,1.0,S
2464,2962,2021-01-24T22:16:10.090000+00:00,1.0,P
2464,3189,2021-01-24T22:16:12.360000+00:00,1.0,S
2465,2962,2021-01-24T22:16:10.090000+00:00,1.0,P
2465,3189,2021-01-24T22:16:12.360000+00:00,1.0,S
2466,2962,2021-01-24T22:16:10.090000+00:00,1.0,P
2466,3189,2021-01-24T22:16:12.360000+00:00,1.0,S
2467,2962,2021-01-24T22:16:10.090000+00:00,1.0,P
2467,3189,2021-01-24T22:16:12.360000+00:00,1.0,S
2468,2962,2021-01-24T22:16:10.090000+00:00,1.0,P
2468,3189,2021-01-24T22:16:12.360000+00:00,1.0,S
2469,2962,2021-01-24T22:16:10.090000+00:00,1.0,P
2469,3190,2021-01-24T22:16:12.370000+00:00,1.0,S
2470,2963,2021-01-24T22:16:10.100000+00:00,1.0,P
2470,3190,2021-01-24T22:16:12.370000+00:00,1.0,S
2471,2963,2021-01-24T22:16:10.100000+00:00,1.0,P
2471,3190,2021-01-24T22:16:12.370000+00:00,1.0,S
2472,2963,2021-01-24T22:16:10.100000+00:00,1.0,P
2472,3190,2021-01-24T22:16:12.370000+00:00,1.0,S
2473,2963,2021-01-24T22:16:10.100000+00:00,1.0,P
2473,3190,2021-01-24T22:16:12.370000+00:00,1.0,S
2474,2963,2021-01-24T22:16:10.100000+00:00,1.0,P
2474,3190,2021-01-24T22:16:12.370000+00:00,1.0,S
2475,2963,2021-01-24T22:16:10.100000+00:00,1.0,P
2475,3191,2021-01-24T22:16:12.380000+00:00,1.0,S
2476,2963,2021-01-24T22:16:10.100000+00:00,1.0,P
2476,3191,2021-01-24T22:16:12.380000+00:00,1.0,S
2477,2963,2021-01-24T22:16:10.100000+00:00,1.0,P
2477,3191,2021-01-24T22:16:12.380000+00:00,1.0,S
2478,2963,2021-01-24T22:16:10.100000+00:00,1.0,P
2478,3191,2021-01-24T22:16:12.380000+00:00,1.0,S
2479,2963,2021-01-24T22:16:10.100000+00:00,1.0,P
2479,3191,2021-01-24T22:16:12.380000+00:00,1.0,S
2480,2963,2021-01-24T22:16:10.100000+00:00,1.0,P
2480,3191,2021-01-24T22:16:12.380000+00:00,1.0,S
2481,2964,2021-01-24T22:16:10.110000+00:00,1.0,P
2481,3192,2021-01-24T22:16:12.390000+00:00,1.0,S
2482,2964,2021-01-24T22:16:10.110000+00:00,1.0,P
2482,3192,2021-01-24T22:16:12.390000+00:00,1.0,S
2483,2964,2021-01-24T22:16:10.110000+00:00,1.0,P
2483,3192,2021-01-24T22:16:12.390000+00:00,1.0,S
2484,2964,2021-01-24T22:16:10.110000+00:00,1.0,P
2484,3192,2021-01-24T22:16:12.390000+00:00,1.0,S
2485,2964,2021-01-24T22:16:10.110000+00:00,1.0,P
2485,3192,2021-01-24T22:16:12.390000+00:00,1.0,S
2486,2964,2021-01-24T22:16:10.110000+00:00,1.0,P
2486,3192,2021-01-24T22:16:12.390000+00:00,1.0,S
2487,2964,2021-01-24T22:16:10.110000+00:00,1.0,P
2487,3192,2021-01-24T22:16:12.390000+00:00,1.0,S
2488,2964,2021-01-24T22:16:10.110000+00:00,1.0,P
2488,3192,2021-01-24T22:16:12.390000+00:00,1.0,S
2489,2964,2021-01-24T22:16:10.110000+00:00,1.0,P
2489,3193,2021-01-24T22:16:12.400000+00:00,1.0,S
2490,2964,2021-01-24T22:16:10.110000+00:00,1.0,P
2490,3193,2021-01-24T22:16:12.400000+00:00,1.0,S
2491,2964,2021-01-24T22:16:10.110000+00:00,1.0,P
2491,3193,2021-01-24T22:16:12.400000+00:00,1.0,S
2492,2964,2021-01-24T22:16:10.110000+00:00,1.0,P
2492,3193,2021-01-24T22:16:12.400000+00:00,1.0,S
2493,2964,2021-01-24T22:16:10.110000+00:00,1.0,P
2493,3193,2021-01-24T22:16:12.400000+00:00,1.0,S
2494,2965,2021-01-24T22:16:10.120000+00:00,1.0,P
2494,3193,2021-01-24T22:16:12.400000+00:00,1.0,S
2495,2965,2021-01-24T22:16:10.120000+00:00,1.0,P
2495,3194,2021-01-24T22:16:12.410000+00:00,1.0,S
2496,2965,2021-01-24T22:16:10.120000+00:00,1.0,P
2496,3194,2021-01-24T22:16:12.410000+00:00,1.0,S
2497,2965,2021-01-24T22:16:10.120000+00:00,1.0,P
2497,3194,2021-01-24T22:16:12.410000+00:00,1.0,S
2498,2965,2021-01-24T22:16:10.120000+00:00,1.0,P
2498,3194,2021-01-24T22:16:12.410000+00:00,1.0,S
2499,2965,2021-01-24T22:16:10.120000+00:00,1.0,P
2499,3194,2021-01-24T22:16:12.410000+00:00,1.0,S
2500,2965,2021-01-24T22:16:10.120000+00:00,1.0,P
2500,3194,2021-01-24T22:16:12.410000+00:00,1.0,S
2501,2965,2021-01-24T22:16:10.120000+00:00,1.0,P
2501,3194,2021-01-24T22:16:12.410000+00:00,1.0,S
2502,2965,2021-01-24T22:16:10.120000+00:00,1.0,P
2502,3194,2021-01-24T22:16:12.410000+00:00,1.0,S
2503,2965,2021-01-24T22:16:10.120000+00:00,1.0,P
2503,3194,2021-01-24T22:16:12.410000+00:00,1.0,S
2504,2965,2021-01-24T22:16:10.120000+00:00,1.0,P
2504,3195,2021-01-24T22:16:12.420000+00:00,1.0,S
2505,2965,2021-01-24T22:16:10.120000+00:00,1.0,P
2505,3195,2021-01-24T22:16:12.420000+00:00,1.0,S
2506,2965,2021-01-24T22:16:10.120000+00:00,1.0,P
2506,3195,2021-01-24T22:16:12.420000+00:00,1.0,S
2507,2965,2021-01-24T22:16:10.120000+00:00,1.0,P
2507,3195,2021-01-24T22:16:12.420000+00:00,1.0,S
2508,2965,2021-01-24T22:16:10.120000+00:00,1.0,P
2508,3195,2021-01-24T22:16:12.420000+00:00,1.0,S
2509,2965,2021-01-24T22:16:10.120000+00:00,1.0,P
2509,3195,2021-01-24T22:16:12.420000+00:00,1.0,S
2510,2965,2021-01-24T22:16:10.120000+00:00,1.0,P
2510,3195,2021-01-24T22:16:12.420000+00:00,1.0,S
2511,2965,2021-01-24T22:16:10.120000+00:00,1.0,P
2511,3195,2021-01-24T22:16:12.420000+00:00,1.0,S
2512,2965,2021-01-24T22:16:10.120000+00:00,1.0,P
2512,3195,2021-01-24T22:16:12.420000+00:00,1.0,S
2513,2965,2021-01-24T22:16:10.120000+00:00,1.0,P
2513,3195,2021-01-24T22:16:12.420000+00:00,1.0,S
2514,2966,2021-01-24T22:16:10.130000+00:00,1.0,P
2514,3195,2021-01-24T22:16:12.420000+00:00,1.0,S
2515,2966,2021-01-24T22:16:10.130000+00:00,1.0,P
2515,3195,2021-01-24T22:16:12.420000+00:00,1.0,S
2516,2966,2021-01-24T22:16:10.130000+00:00,1.0,P
2516,3195,2021-01-24T22:16:12.420000+00:00,1.0,S
2517,2966,2021-01-24T22:16:10.130000+00:00,1.0,P
2517,3195,2021-01-24T22:16:12.420000+00:00,1.0,S
2518,2966,2021-01-24T22:16:10.130000+00:00,1.0,P
2518,3195,2021-01-24T22:16:12.420000+00:00,1.0,S
2519,2966,2021-01-24T22:16:10.130000+00:00,1.0,P
2519,3195,2021-01-24T22:16:12.420000+00:00,1.0,S
2520,2966,2021-01-24T22:16:10.130000+00:00,1.0,P
2520,3195,2021-01-24T22:16:12.420000+00:00,1.0,S
2521,2966,2021-01-24T22:16:10.130000+00:00,1.0,P
2521,3195,2021-01-24T22:16:12.420000+00:00,1.0,S
2522,2966,2021-01-24T22:16:10.130000+00:00,1.0,P
2522,3195,2021-01-24T22:16:12.420000+00:00,1.0,S
2523,2966,2021-01-24T22:16:10.130000+00:00,1.0,P
2523,3195,2021-01-24T22:16:12.420000+00:00,1.0,S
2524,2966,2021-01-24T22:16:10.130000+00:00,1.0,P
2524,3195,2021-01-24T22:16:12.420000+00:00,1.0,S
2525,2966,2021-01-24T22:16:10.130000+00:00,1.0,P
2525,3195,2021-01-24T22:16:12.420000+00:00,1.0,S
2526,2966,2021-01-24T22:16:10.130000+00:00,1.0,P
2526,3195,2021-01-24T22:16:12.420000+00:00,1.0,S
2527,2966,2021-01-24T22:16:10.130000+00:00,1.0,P
2527,3195,2021-01-24T22:16:12.420000+00:00,1.0,S
2528,2966,2021-01-24T22:16:10.130000+00:00,1.0,P
2528,3195,2021-01-24T22:16:12.420000+00:00,1.0,S
2529,2966,2021-01-24T22:16:10.130000+00:00,1.0,P
2529,3196,2021-01-24T22:16:12.430000+00:00,1.0,S
2530,2966,2021-01-24T22:16:10.130000+00:00,1.0,P
2530,3196,2021-01-24T22:16:12.430000+00:00,1.0,S
2531,2966,2021-01-24T22:16:10.130000+00:00,1.0,P
2531,3196,2021-01-24T22:16:12.430000+00:00,1.0,S
2532,2966,2021-01-24T22:16:10.130000+00:00,1.0,P
2532,3196,2021-01-24T22:16:12.430000+00:00,1.0,S
2533,2966,2021-01-24T22:16:10.130000+00:00,1.0,P
2533,3196,2021-01-24T22:16:12.430000+00:00,1.0,S
2534,2966,2021-01-24T22:16:10.130000+00:00,1.0,P
2534,3196,2021-01-24T22:16:12.430000+00:00,1.0,S
2535,2966,2021-01-24T22:16:10.130000+00:00,1.0,P
2535,3196,2021-01-24T22:16:12.430000+00:00,1.0,S
2536,2966,2021-01-24T22:16:10.130000+00:00,1.0,P
2536,3196,2021-01-24T22:16:12.430000+00:00,1.0,S
2537,2966,2021-01-24T22:16:10.130000+00:00,1.0,P
2537,3196,2021-01-24T22:16:12.430000+00:00,1.0,S
2538,2967,2021-01-24T22:16:10.140000+00:00,1.0,P
2538,3196,2021-01-24T22:16:12.430000+00:00,1.0,S
2539,2967,2021-01-24T22:16:10.140000+00:00,1.0,P
2539,3196,2021-01-24T22:16:12.430000+00:00,1.0,S
2540,2967,2021-01-24T22:16:10.140000+00:00,1.0,P
2540,3196,2021-01-24T22:16:12.430000+00:00,1.0,S
2541,2967,2021-01-24T22:16:10.140000+00:00,1.0,P
2541,3196,2021-01-24T22:16:12.430000+00:00,1.0,S
2542,2967,2021-01-24T22:16:10.140000+00:00,1.0,P
2542,3196,2021-01-24T22:16:12.430000+00:00,1.0,S
2543,2967,2021-01-24T22:16:10.140000+00:00,1.0,P
2543,3197,2021-01-24T22:16:12.440000+00:00,1.0,S
2544,2967,2021-01-24T22:16:10.140000+00:00,1.0,P
2544,3197,2021-01-24T22:16:12.440000+00:00,1.0,S
2545,2967,2021-01-24T22:16:10.140000+00:00,1.0,P
2545,3197,2021-01-24T22:16:12.440000+00:00,1.0,S
2546,2967,2021-01-24T22:16:10.140000+00:00,1.0,P
2546,3197,2021-01-24T22:16:12.440000+00:00,1.0,S
2547,2967,2021-01-24T22:16:10.140000+00:00,1.0,P
2547,3197,2021-01-24T22:16:12.440000+00:00,1.0,S
2548,2967,2021-01-24T22:16:10.140000+00:00,1.0,P
2548,3197,2021-01-24T22:16:12.440000+00:00,1.0,S
2549,2967,2021-01-24T22:16:10.140000+00:00,1.0,P
2549,3197,2021-01-24T22:16:12.440000+00:00,1.0,S
2550,2967,2021-01-24T22:16:10.140000+00:00,1.0,P
2550,3198,2021-01-24T22:16:12.450000+00:00,1.0,S
2551,2967,2021-01-24T22:16:10.140000+00:00,1.0,P
2551,3198,2021-01-24T22:16:12.450000+00:00,1.0,S
2552,2967,2021-01-24T22:16:10.140000+00:00,1.0,P
2552,3198,2021-01-24T22:16:12.450000+00:00,1.0,S
2553,2967,2021-01-24T22:16:10.140000+00:00,1.0,P
2553,3198,2021-01-24T22:16:12.450000+00:00,1.0,S
2554,2967,2021-01-24T22:16:10.140000+00:00,1.0,P
2554,3198,2021-01-24T22:16:12.450000+00:00,1.0,S
2555,2967,2021-01-24T22:16:10.140000+00:00,1.0,P
2555,3199,2021-01-24T22:16:12.460000+00:00,1.0,S
2556,2967,2021-01-24T22:16:10.140000+00:00,1.0,P
2556,3199,2021-01-24T22:16:12.460000+00:00,1.0,S
2557,2967,2021-01-24T22:16:10.140000+00:00,1.0,P
2557,3199,2021-01-24T22:16:12.460000+00:00,1.0,S
2558,2967,2021-01-24T22:16:10.140000+00:00,1.0,P
2558,3199,2021-01-24T22:16:12.460000+00:00,1.0,S
2559,2968,2021-01-24T22:16:10.150000+00:00,1.0,P
2559,3199,2021-01-24T22:16:12.460000+00:00,1.0,S
2560,2968,2021-01-24T22:16:10.150000+00:00,1.0,P
2560,3199,2021-01-24T22:16:12.460000+00:00,1.0,S
2561,2968,2021-01-24T22:16:10.150000+00:00,1.0,P
2561,3199,2021-01-24T22:16:12.460000+00:00,1.0,S
2562,2968,2021-01-24T22:16:10.150000+00:00,1.0,P
2562,3200,2021-01-24T22:16:12.470000+00:00,1.0,S
2563,2968,2021-01-24T22:16:10.150000+00:00,1.0,P
2563,3200,2021-01-24T22:16:12.470000+00:00,1.0,S
2564,2968,2021-01-24T22:16:10.150000+00:00,1.0,P
2564,3200,2021-01-24T22:16:12.470000+00:00,1.0,S
2565,2968,2021-01-24T22:16:10.150000+00:00,1.0,P
2565,3200,2021-01-24T22:16:12.470000+00:00,1.0,S
2566,2968,2021-01-24T22:16:10.150000+00:00,1.0,P
2566,3200,2021-01-24T22:16:12.470000+00:00,1.0,S
2567,2968,2021-01-24T22:16:10.150000+00:00,1.0,P
2567,3200,2021-01-24T22:16:12.470000+00:00,1.0,S
2568,2968,2021-01-24T22:16:10.150000+00:00,1.0,P
2568,3200,2021-01-24T22:16:12.470000+00:00,1.0,S
2569,2968,2021-01-24T22:16:10.150000+00:00,1.0,P
2569,3201,2021-01-24T22:16:12.479999+00:00,1.0,S
2570,2968,2021-01-24T22:16:10.150000+00:00,1.0,P
2570,3201,2021-01-24T22:16:12.479999+00:00,1.0,S
2571,2968,2021-01-24T22:16:10.150000+00:00,1.0,P
2571,3201,2021-01-24T22:16:12.479999+00:00,1.0,S
2572,2968,2021-01-24T22:16:10.150000+00:00,1.0,P
2572,3201,2021-01-24T22:16:12.479999+00:00,1.0,S
2573,2968,2021-01-24T22:16:10.150000+00:00,1.0,P
2573,3201,2021-01-24T22:16:12.479999+00:00,1.0,S
2574,2968,2021-01-24T22:16:10.150000+00:00,1.0,P
2574,3201,2021-01-24T22:16:12.479999+00:00,1.0,S
2575,2969,2021-01-24T22:16:10.160000+00:00,1.0,P
2575,3201,2021-01-24T22:16:12.479999+00:00,1.0,S
2576,2969,2021-01-24T22:16:10.160000+00:00,1.0,P
2576,3201,2021-01-24T22:16:12.479999+00:00,1.0,S
2577,2969,2021-01-24T22:16:10.160000+00:00,1.0,P
2577,3202,2021-01-24T22:16:12.490000+00:00,1.0,S
2578,2969,2021-01-24T22:16:10.160000+00:00,1.0,P
2578,3202,2021-01-24T22:16:12.490000+00:00,1.0,S
2579,2969,2021-01-24T22:16:10.160000+00:00,1.0,P
2579,3202,2021-01-24T22:16:12.490000+00:00,1.0,S
2580,2969,2021-01-24T22:16:10.160000+00:00,1.0,P
2580,3202,2021-01-24T22:16:12.490000+00:00,1.0,S
2581,2969,2021-01-24T22:16:10.160000+00:00,1.0,P
2581,3202,2021-01-24T22:16:12.490000+00:00,1.0,S
2582,2969,2021-01-24T22:16:10.160000+00:00,1.0,P
2582,3202,2021-01-24T22:16:12.490000+00:00,1.0,S
2583,2969,2021-01-24T22:16:10.160000+00:00,1.0,P
2583,3203,2021-01-24T22:16:12.500000+00:00,1.0,S
2584,2969,2021-01-24T22:16:10.160000+00:00,1.0,P
2584,3203,2021-01-24T22:16:12.500000+00:00,1.0,S
2585,2969,2021-01-24T22:16:10.160000+00:00,1.0,P
2585,3203,2021-01-24T22:16:12.500000+00:00,1.0,S
2586,2969,2021-01-24T22:16:10.160000+00:00,1.0,P
2586,3203,2021-01-24T22:16:12.500000+00:00,1.0,S
2587,2969,2021-01-24T22:16:10.160000+00:00,1.0,P
2587,3203,2021-01-24T22:16:12.500000+00:00,1.0,S
2588,2969,2021-01-24T22:16:10.160000+00:00,1.0,P
2588,3204,2021-01-24T22:16:12.510000+00:00,1.0,S
2589,2969,2021-01-24T22:16:10.160000+00:00,1.0,P
2589,3204,2021-01-24T22:16:12.510000+00:00,1.0,S
2590,2970,2021-01-24T22:16:10.170000+00:00,1.0,P
2590,3204,2021-01-24T22:16:12.510000+00:00,1.0,S
2591,2970,2021-01-24T22:16:10.170000+00:00,1.0,P
2591,3204,2021-01-24T22:16:12.510000+00:00,1.0,S
2592,2970,2021-01-24T22:16:10.170000+00:00,1.0,P
2592,3204,2021-01-24T22:16:12.510000+00:00,1.0,S
2593,2970,2021-01-24T22:16:10.170000+00:00,1.0,P
2593,3205,2021-01-24T22:16:12.519999+00:00,1.0,S
2594,2970,2021-01-24T22:16:10.170000+00:00,1.0,P
2594,3205,2021-01-24T22:16:12.519999+00:00,1.0,S
2595,2970,2021-01-24T22:16:10.170000+00:00,1.0,P
2595,3205,2021-01-24T22:16:12.519999+00:00,1.0,S
2596,2970,2021-01-24T22:16:10.170000+00:00,1.0,P
2596,3205,2021-01-24T22:16:12.519999+00:00,1.0,S
2597,2970,2021-01-24T22:16:10.170000+00:00,1.0,P
2597,3206,2021-01-24T22:16:12.530000+00:00,1.0,S
2598,2970,2021-01-24T22:16:10.170000+00:00,1.0,P
2598,3206,2021-01-24T22:16:12.530000+00:00,1.0,S
2599,2970,2021-01-24T22:16:10.170000+00:00,1.0,P
2599,3206,2021-01-24T22:16:12.530000+00:00,1.0,S
2600,2970,2021-01-24T22:16:10.170000+00:00,1.0,P
2600,3206,2021-01-24T22:16:12.530000+00:00,1.0,S
2601,2970,2021-01-24T22:16:10.170000+00:00,1.0,P
2601,3206,2021-01-24T22:16:12.530000+00:00,1.0,S
2602,2971,2021-01-24T22:16:10.180000+00:00,1.0,P
2602,3207,2021-01-24T22:16:12.540000+00:00,1.0,S
2603,2971,2021-01-24T22:16:10.180000+00:00,1.0,P
2603,3207,2021-01-24T22:16:12.540000+00:00,1.0,S
2604,2971,2021-01-24T22:16:10.180000+00:00,1.0,P
2604,3207,2021-01-24T22:16:12.540000+00:00,1.0,S
2605,2971,2021-01-24T22:16:10.180000+00:00,1.0,P
2605,3207,2021-01-24T22:16:12.540000+00:00,1.0,S
2606,2971,2021-01-24T22:16:10.180000+00:00,1.0,P
2606,3208,2021-01-24T22:16:12.550000+00:00,1.0,S
2607,2971,2021-01-24T22:16:10.180000+00:00,1.0,P
2607,3208,2021-01-24T22:16:12.550000+00:00,1.0,S
2608,2971,2021-01-24T22:16:10.180000+00:00,1.0,P
2608,3208,2021-01-24T22:16:12.550000+00:00,1.0,S
2609,2971,2021-01-24T22:16:10.180000+00:00,1.0,P
2609,3208,2021-01-24T22:16:12.550000+00:00,1.0,S
2610,2971,2021-01-24T22:16:10.180000+00:00,1.0,P
2610,3208,2021-01-24T22:16:12.550000+00:00,1.0,S
2611,2971,2021-01-24T22:16:10.180000+00:00,1.0,P
2611,3209,2021-01-24T22:16:12.560000+00:00,1.0,S
2612,2971,2021-01-24T22:16:10.180000+00:00,1.0,P
2612,3209,2021-01-24T22:16:12.560000+00:00,1.0,S
2613,2971,2021-01-24T22:16:10.180000+00:00,1.0,P
2613,3209,2021-01-24T22:16:12.560000+00:00,1.0,S
2614,2971,2021-01-24T22:16:10.180000+00:00,1.0,P
2614,3209,2021-01-24T22:16:12.560000+00:00,1.0,S
2615,2971,2021-01-24T22:16:10.180000+00:00,1.0,P
2615,3209,2021-01-24T22:16:12.560000+00:00,1.0,S
2616,2971,2021-01-24T22:16:10.180000+00:00,1.0,P
2616,3209,2021-01-24T22:16:12.560000+00:00,1.0,S
2617,2971,2021-01-24T22:16:10.180000+00:00,1.0,P
2617,3210,2021-01-24T22:16:12.570000+00:00,1.0,S
2618,2972,2021-01-24T22:16:10.190000+00:00,1.0,P
2618,3210,2021-01-24T22:16:12.570000+00:00,1.0,S
2619,2972,2021-01-24T22:16:10.190000+00:00,1.0,P
2619,3210,2021-01-24T22:16:12.570000+00:00,1.0,S
2620,2972,2021-01-24T22:16:10.190000+00:00,1.0,P
2620,3210,2021-01-24T22:16:12.570000+00:00,1.0,S
2621,2972,2021-01-24T22:16:10.190000+00:00,1.0,P
2621,3210,2021-01-24T22:16:12.570000+00:00,1.0,S
2622,2972,2021-01-24T22:16:10.190000+00:00,1.0,P
2622,3210,2021-01-24T22:16:12.570000+00:00,1.0,S
2623,2972,2021-01-24T22:16:10.190000+00:00,1.0,P
2623,3210,2021-01-24T22:16:12.570000+00:00,1.0,S
2624,2972,2021-01-24T22:16:10.190000+00:00,1.0,P
2624,3211,2021-01-24T22:16:12.580000+00:00,1.0,S
2625,2972,2021-01-24T22:16:10.190000+00:00,1.0,P
2625,3211,2021-01-24T22:16:12.580000+00:00,1.0,S
2626,2972,2021-01-24T22:16:10.190000+00:00,1.0,P
2626,3211,2021-01-24T22:16:12.580000+00:00,1.0,S
2627,2972,2021-01-24T22:16:10.190000+00:00,1.0,P
2627,3211,2021-01-24T22:16:12.580000+00:00,1.0,S
2628,2972,2021-01-24T22:16:10.190000+00:00,1.0,P
2628,3211,2021-01-24T22:16:12.580000+00:00,1.0,S
2629,2972,2021-01-24T22:16:10.190000+00:00,1.0,P
2629,3211,2021-01-24T22:16:12.580000+00:00,1.0,S
2630,2972,2021-01-24T22:16:10.190000+00:00,1.0,P
2630,3211,2021-01-24T22:16:12.580000+00:00,1.0,S
2631,2972,2021-01-24T22:16:10.190000+00:00,1.0,P
2631,3211,2021-01-24T22:16:12.580000+00:00,1.0,S
2632,2972,2021-01-24T22:16:10.190000+00:00,1.0,P
2632,3211,2021-01-24T22:16:12.580000+00:00,1.0,S
2633,2972,2021-01-24T22:16:10.190000+00:00,1.0,P
2633,3211,2021-01-24T22:16:12.580000+00:00,1.0,S
2634,2972,2021-01-24T22:16:10.190000+00:00,1.0,P
2634,3211,2021-01-24T22:16:12.580000+00:00,1.0,S
2635,2972,2021-01-24T22:16:10.190000+00:00,1.0,P
2635,3212,2021-01-24T22:16:12.589999+00:00,1.0,S
2636,2973,2021-01-24T22:16:10.200000+00:00,1.0,P
2636,3212,2021-01-24T22:16:12.589999+00:00,1.0,S
2637,2973,2021-01-24T22:16:10.200000+00:00,1.0,P
2637,3212,2021-01-24T22:16:12.589999+00:00,1.0,S
2638,2973,2021-01-24T22:16:10.200000+00:00,1.0,P
2638,3212,2021-01-24T22:16:12.589999+00:00,1.0,S
2639,2973,2021-01-24T22:16:10.200000+00:00,1.0,P
2639,3212,2021-01-24T22:16:12.589999+00:00,1.0,S
2640,2973,2021-01-24T22:16:10.200000+00:00,1.0,P
2640,3212,2021-01-24T22:16:12.589999+00:00,1.0,S
2641,2973,2021-01-24T22:16:10.200000+00:00,1.0,P
2641,3212,2021-01-24T22:16:12.589999+00:00,1.0,S
2642,2973,2021-01-24T22:16:10.200000+00:00,1.0,P
2642,3212,2021-01-24T22:16:12.589999+00:00,1.0,S
2643,2973,2021-01-24T22:16:10.200000+00:00,1.0,P
2643,3212,2021-01-24T22:16:12.589999+00:00,1.0,S
2644,2973,2021-01-24T22:16:10.200000+00:00,1.0,P
2644,3213,2021-01-24T22:16:12.600000+00:00,1.0,S
2645,2973,2021-01-24T22:16:10.200000+00:00,1.0,P
2645,3213,2021-01-24T22:16:12.600000+00:00,1.0,S
2646,2973,2021-01-24T22:16:10.200000+00:00,1.0,P
2646,3213,2021-01-24T22:16:12.600000+00:00,1.0,S
2647,2973,2021-01-24T22:16:10.200000+00:00,1.0,P
2647,3213,2021-01-24T22:16:12.600000+00:00,1.0,S
2648,2973,2021-01-24T22:16:10.200000+00:00,1.0,P
2648,3213,2021-01-24T22:16:12.600000+00:00,1.0,S
2649,2973,2021-01-24T22:16:10.200000+00:00,1.0,P
2649,3213,2021-01-24T22:16:12.600000+00:00,1.0,S
2650,2973,2021-01-24T22:16:10.200000+00:00,1.0,P
2650,3213,2021-01-24T22:16:12.600000+00:00,1.0,S
2651,2973,2021-01-24T22:16:10.200000+00:00,1.0,P
2651,3213,2021-01-24T22:16:12.600000+00:00,1.0,S
2652,2973,2021-01-24T22:16:10.200000+00:00,1.0,P
2652,3214,2021-01-24T22:16:12.610000+00:00,1.0,S
2653,2973,2021-01-24T22:16:10.200000+00:00,1.0,P
2653,3214,2021-01-24T22:16:12.610000+00:00,1.0,S
2654,2973,2021-01-24T22:16:10.200000+00:00,1.0,P
2654,3214,2021-01-24T22:16:12.610000+00:00,1.0,S
2655,2974,2021-01-24T22:16:10.210000+00:00,1.0,P
2655,3214,2021-01-24T22:16:12.610000+00:00,1.0,S
2656,2974,2021-01-24T22:16:10.210000+00:00,1.0,P
2656,3214,2021-01-24T22:16:12.610000+00:00,1.0,S
2657,2974,2021-01-24T22:16:10.210000+00:00,1.0,P
2657,3214,2021-01-24T22:16:12.610000+00:00,1.0,S
2658,2974,2021-01-24T22:16:10.210000+00:00,1.0,P
2658,3214,2021-01-24T22:16:12.610000+00:00,1.0,S
2659,2974,2021-01-24T22:16:10.210000+00:00,1.0,P
2659,3214,2021-01-24T22:16:12.610000+00:00,1.0,S
2660,2974,2021-01-24T22:16:10.210000+00:00,1.0,P
2660,3215,2021-01-24T22:16:12.620000+00:00,1.0,S
2661,2974,2021-01-24T22:16:10.210000+00:00,1.0,P
2661,3215,2021-01-24T22:16:12.620000+00:00,1.0,S
2662,2974,2021-01-24T22:16:10.210000+00:00,1.0,P
2662,3215,2021-01-24T22:16:12.620000+00:00,1.0,S
2663,2974,2021-01-24T22:16:10.210000+00:00,1.0,P
2663,3215,2021-01-24T22:16:12.620000+00:00,1.0,S
2664,2974,2021-01-24T22:16:10.210000+00:00,1.0,P
2664,3215,2021-01-24T22:16:12.620000+00:00,1.0,S
2665,2974,2021-01-24T22:16:10.210000+00:00,1.0,P
2665,3215,2021-01-24T22:16:12.620000+00:00,1.0,S
2666,2974,2021-01-24T22:16:10.210000+00:00,1.0,P
2666,3216,2021-01-24T22:16:12.630000+00:00,1.0,S
2667,2974,2021-01-24T22:16:10.210000+00:00,1.0,P
2667,3216,2021-01-24T22:16:12.630000+00:00,1.0,S
2668,2975,2021-01-24T22:16:10.220000+00:00,1.0,P
2668,3216,2021-01-24T22:16:12.630000+00:00,1.0,S
2669,2975,2021-01-24T22:16:10.220000+00:00,1.0,P
2669,3216,2021-01-24T22:16:12.630000+00:00,1.0,S
2670,2975,2021-01-24T22:16:10.220000+00:00,1.0,P
2670,3216,2021-01-24T22:16:12.630000+00:00,1.0,S
2671,2975,2021-01-24T22:16:10.220000+00:00,1.0,P
2671,3216,2021-01-24T22:16:12.630000+00:00,1.0,S
2672,2975,2021-01-24T22:16:10.220000+00:00,1.0,P
2672,3216,2021-01-24T22:16:12.630000+00:00,1.0,S
2673,2975,2021-01-24T22:16:10.220000+00:00,1.0,P
2673,3216,2021-01-24T22:16:12.630000+00:00,1.0,S
2674,2975,2021-01-24T22:16:10.220000+00:00,1.0,P
2674,3217,2021-01-24T22:16:12.640000+00:00,1.0,S
2675,2975,2021-01-24T22:16:10.220000+00:00,1.0,P
2675,3217,2021-01-24T22:16:12.640000+00:00,1.0,S
2676,2975,2021-01-24T22:16:10.220000+00:00,1.0,P
2676,3217,2021-01-24T22:16:12.640000+00:00,1.0,S
2677,2975,2021-01-24T22:16:10.220000+00:00,1.0,P
2677,3217,2021-01-24T22:16:12.640000+00:00,1.0,S
2678,2975,2021-01-24T22:16:10.220000+00:00,1.0,P
2678,3217,2021-01-24T22:16:12.640000+00:00,1.0,S
2679,2976,2021-01-24T22:16:10.230000+00:00,1.0,P
2679,3217,2021-01-24T22:16:12.640000+00:00,1.0,S
2680,2976,2021-01-24T22:16:10.230000+00:00,1.0,P
2680,3217,2021-01-24T22:16:12.640000+00:00,1.0,S
2681,2976,2021-01-24T22:16:10.230000+00:00,1.0,P
2681,3217,2021-01-24T22:16:12.640000+00:00,1.0,S
2682,2976,2021-01-24T22:16:10.230000+00:00,1.0,P
2682,3218,2021-01-24T22:16:12.650000+00:00,1.0,S
2683,2976,2021-01-24T22:16:10.230000+00:00,1.0,P
2683,3218,2021-01-24T22:16:12.650000+00:00,1.0,S
2684,2976,2021-01-24T22:16:10.230000+00:00,1.0,P
2684,3218,2021-01-24T22:16:12.650000+00:00,1.0,S
2685,2976,2021-01-24T22:16:10.230000+00:00,1.0,P
2685,3218,2021-01-24T22:16:12.650000+00:00,1.0,S
2686,2976,2021-01-24T22:16:10.230000+00:00,1.0,P
2686,3218,2021-01-24T22:16:12.650000+00:00,1.0,S
2687,2976,2021-01-24T22:16:10.230000+00:00,1.0,P
2687,3218,2021-01-24T22:16:12.650000+00:00,1.0,S
2688,2976,2021-01-24T22:16:10.230000+00:00,1.0,P
2688,3218,2021-01-24T22:16:12.650000+00:00,1.0,S
2689,2976,2021-01-24T22:16:10.230000+00:00,1.0,P
2689,3219,2021-01-24T22:16:12.659999+00:00,1.0,S
2690,2977,2021-01-24T22:16:10.240000+00:00,1.0,P
2690,3219,2021-01-24T22:16:12.659999+00:00,1.0,S
2691,2977,2021-01-24T22:16:10.240000+00:00,1.0,P
2691,3219,2021-01-24T22:16:12.659999+00:00,1.0,S
2692,2977,2021-01-24T22:16:10.240000+00:00,1.0,P
2692,3219,2021-01-24T22:16:12.659999+00:00,1.0,S
2693,2977,2021-01-24T22:16:10.240000+00:00,1.0,P
2693,3219,2021-01-24T22:16:12.659999+00:00,1.0,S
2694,2977,2021-01-24T22:16:10.240000+00:00,1.0,P
2694,3219,2021-01-24T22:16:12.659999+00:00,1.0,S
2695,2977,2021-01-24T22:16:10.240000+00:00,1.0,P
2695,3219,2021-01-24T22:16:12.659999+00:00,1.0,S
2696,2977,2021-01-24T22:16:10.240000+00:00,1.0,P
2696,3220,2021-01-24T22:16:12.670000+00:00,1.0,S
2697,2977,2021-01-24T22:16:10.240000+00:00,1.0,P
2697,3220,2021-01-24T22:16:12.670000+00:00,1.0,S
2698,2977,2021-01-24T22:16:10.240000+00:00,1.0,P
2698,3220,2021-01-24T22:16:12.670000+00:00,1.0,S
2699,2978,2021-01-24T22:16:10.250000+00:00,1.0,P
2699,3220,2021-01-24T22:16:12.670000+00:00,1.0,S
2700,2978,2021-01-24T22:16:10.250000+00:00,1.0,P
2700,3220,2021-01-24T22:16:12.670000+00:00,1.0,S
2701,2978,2021-01-24T22:16:10.250000+00:00,1.0,P
2701,3220,2021-01-24T22:16:12.670000+00:00,1.0,S
2702,2978,2021-01-24T22:16:10.250000+00:00,1.0,P
2702,3221,2021-01-24T22:16:12.680000+00:00,1.0,S
2703,2978,2021-01-24T22:16:10.250000+00:00,1.0,P
2703,3221,2021-01-24T22:16:12.680000+00:00,1.0,S
2704,2978,2021-01-24T22:16:10.250000+00:00,1.0,P
2704,3221,2021-01-24T22:16:12.680000+00:00,1.0,S
2705,2978,2021-01-24T22:16:10.250000+00:00,1.0,P
2705,3221,2021-01-24T22:16:12.680000+00:00,1.0,S
2706,2978,2021-01-24T22:16:10.250000+00:00,1.0,P
2706,3221,2021-01-24T22:16:12.680000+00:00,1.0,S
2707,2978,2021-01-24T22:16:10.250000+00:00,1.0,P
2707,3221,2021-01-24T22:16:12.680000+00:00,1.0,S
2708,2979,2021-01-24T22:16:10.260000+00:00,1.0,P
2708,3221,2021-01-24T22:16:12.680000+00:00,1.0,S
2709,2979,2021-01-24T22:16:10.260000+00:00,1.0,P
2709,3222,2021-01-24T22:16:12.690000+00:00,1.0,S
2710,2979,2021-01-24T22:16:10.260000+00:00,1.0,P
2710,3222,2021-01-24T22:16:12.690000+00:00,1.0,S
2711,2979,2021-01-24T22:16:10.260000+00:00,1.0,P
2711,3222,2021-01-24T22:16:12.690000+00:00,1.0,S
2712,2979,2021-01-24T22:16:10.260000+00:00,1.0,P
2712,3222,2021-01-24T22:16:12.690000+00:00,1.0,S
2713,2979,2021-01-24T22:16:10.260000+00:00,1.0,P
2713,3222,2021-01-24T22:16:12.690000+00:00,1.0,S
2714,2979,2021-01-24T22:16:10.260000+00:00,1.0,P
2714,3223,2021-01-24T22:16:12.700000+00:00,1.0,S
2715,2979,2021-01-24T22:16:10.260000+00:00,1.0,P
2715,3223,2021-01-24T22:16:12.700000+00:00,1.0,S
2716,2979,2021-01-24T22:16:10.260000+00:00,1.0,P
2716,3223,2021-01-24T22:16:12.700000+00:00,1.0,S
2717,2980,2021-01-24T22:16:10.270000+00:00,1.0,P
2717,3223,2021-01-24T22:16:12.700000+00:00,1.0,S
2718,2980,2021-01-24T22:16:10.270000+00:00,1.0,P
2718,3223,2021-01-24T22:16:12.700000+00:00,1.0,S
2719,2980,2021-01-24T22:16:10.270000+00:00,1.0,P
2719,3224,2021-01-24T22:16:12.710000+00:00,1.0,S
2720,2980,2021-01-24T22:16:10.270000+00:00,1.0,P
2720,3224,2021-01-24T22:16:12.710000+00:00,1.0,S
2721,2980,2021-01-24T22:16:10.270000+00:00,1.0,P
2721,3224,2021-01-24T22:16:12.710000+00:00,1.0,S
2722,2980,2021-01-24T22:16:10.270000+00:00,1.0,P
2722,3224,2021-01-24T22:16:12.710000+00:00,1.0,S
2723,2980,2021-01-24T22:16:10.270000+00:00,1.0,P
2723,3224,2021-01-24T22:16:12.710000+00:00,1.0,S
2724,2980,2021-01-24T22:16:10.270000+00:00,1.0,P
2724,3225,2021-01-24T22:16:12.720000+00:00,1.0,S
2725,2981,2021-01-24T22:16:10.280000+00:00,1.0,P
2725,3225,2021-01-24T22:16:12.720000+00:00,1.0,S
2726,2981,2021-01-24T22:16:10.280000+00:00,1.0,P
2726,3225,2021-01-24T22:16:12.720000+00:00,1.0,S
2727,2981,2021-01-24T22:16:10.280000+00:00,1.0,P
2727,3225,2021-01-24T22:16:12.720000+00:00,1.0,S
2728,2981,2021-01-24T22:16:10.280000+00:00,1.0,P
2728,3225,2021-01-24T22:16:12.720000+00:00,1.0,S
2729,2981,2021-01-24T22:16:10.280000+00:00,1.0,P
2729,3226,2021-01-24T22:16:12.729999+00:00,1.0,S
2730,2981,2021-01-24T22:16:10.280000+00:00,1.0,P
2730,3226,2021-01-24T22:16:12.729999+00:00,1.0,S
2731,2981,2021-01-24T22:16:10.280000+00:00,1.0,P
2731,3226,2021-01-24T22:16:12.729999+00:00,1.0,S
2732,2981,2021-01-24T22:16:10.280000+00:00,1.0,P
2732,3226,2021-01-24T22:16:12.729999+00:00,1.0,S
2733,2982,2021-01-24T22:16:10.290000+00:00,1.0,P
2733,3226,2021-01-24T22:16:12.729999+00:00,1.0,S
2734,2982,2021-01-24T22:16:10.290000+00:00,1.0,P
2734,3226,2021-01-24T22:16:12.729999+00:00,1.0,S
2735,2982,2021-01-24T22:16:10.290000+00:00,1.0,P
2735,3227,2021-01-24T22:16:12.740000+00:00,1.0,S
2736,2982,2021-01-24T22:16:10.290000+00:00,1.0,P
2736,3227,2021-01-24T22:16:12.740000+00:00,1.0,S
2737,2982,2021-01-24T22:16:10.290000+00:00,1.0,P
2737,3227,2021-01-24T22:16:12.740000+00:00,1.0,S
2738,2982,2021-01-24T22:16:10.290000+00:00,1.0,P
2738,3227,2021-01-24T22:16:12.740000+00:00,1.0,S
2739,2982,2021-01-24T22:16:10.290000+00:00,1.0,P
2739,3227,2021-01-24T22:16:12.740000+00:00,1.0,S
2740,2982,2021-01-24T22:16:10.290000+00:00,1.0,P
2740,3227,2021-01-24T22:16:12.740000+00:00,1.0,S
2741,2983,2021-01-24T22:16:10.300000+00:00,1.0,P
2741,3227,2021-01-24T22:16:12.740000+00:00,1.0,S
2742,2983,2021-01-24T22:16:10.300000+00:00,1.0,P
2742,3227,2021-01-24T22:16:12.740000+00:00,1.0,S
2743,2983,2021-01-24T22:16:10.300000+00:00,1.0,P
2743,3228,2021-01-24T22:16:12.750000+00:00,1.0,S
2744,2983,2021-01-24T22:16:10.300000+00:00,1.0,P
2744,3228,2021-01-24T22:16:12.750000+00:00,1.0,S
2745,2983,2021-01-24T22:16:10.300000+00:00,1.0,P
2745,3228,2021-01-24T22:16:12.750000+00:00,1.0,S
2746,2983,2021-01-24T22:16:10.300000+00:00,1.0,P
2746,3228,2021-01-24T22:16:12.750000+00:00,1.0,S
2747,2983,2021-01-24T22:16:10.300000+00:00,1.0,P
2747,3228,2021-01-24T22:16:12.750000+00:00,1.0,S
2748,2983,2021-01-24T22:16:10.300000+00:00,1.0,P
2748,3228,2021-01-24T22:16:12.750000+00:00,1.0,S
2749,2984,2021-01-24T22:16:10.310000+00:00,1.0,P
2749,3228,2021-01-24T22:16:12.750000+00:00,1.0,S
2750,2984,2021-01-24T22:16:10.310000+00:00,1.0,P
2750,3228,2021-01-24T22:16:12.750000+00:00,1.0,S
2751,2984,2021-01-24T22:16:10.310000+00:00,1.0,P
2751,3228,2021-01-24T22:16:12.750000+00:00,1.0,S
2752,2984,2021-01-24T22:16:10.310000+00:00,1.0,P
2752,3228,2021-01-24T22:16:12.750000+00:00,1.0,S
2753,2984,2021-01-24T22:16:10.310000+00:00,1.0,P
2753,3229,2021-01-24T22:16:12.760000+00:00,1.0,S
2754,2984,2021-01-24T22:16:10.310000+00:00,1.0,P
2754,3229,2021-01-24T22:16:12.760000+00:00,1.0,S
2755,2984,2021-01-24T22:16:10.310000+00:00,1.0,P
2755,3229,2021-01-24T22:16:12.760000+00:00,1.0,S
2756,2984,2021-01-24T22:16:10.310000+00:00,1.0,P
2756,3229,2021-01-24T22:16:12.760000+00:00,1.0,S
2757,2985,2021-01-24T22:16:10.320000+00:00,1.0,P
2757,3229,2021-01-24T22:16:12.760000+00:00,1.0,S
2758,2985,2021-01-24T22:16:10.320000+00:00,1.0,P
2758,3229,2021-01-24T22:16:12.760000+00:00,1.0,S
2759,2985,2021-01-24T22:16:10.320000+00:00,1.0,P
2759,3229,2021-01-24T22:16:12.760000+00:00,1.0,S
2760,2985,2021-01-24T22:16:10.320000+00:00,1.0,P
2760,3230,2021-01-24T22:16:12.769999+00:00,1.0,S
2761,2985,2021-01-24T22:16:10.320000+00:00,1.0,P
2761,3230,2021-01-24T22:16:12.769999+00:00,1.0,S
2762,2985,2021-01-24T22:16:10.320000+00:00,1.0,P
2762,3230,2021-01-24T22:16:12.769999+00:00,1.0,S
2763,2985,2021-01-24T22:16:10.320000+00:00,1.0,P
2763,3230,2021-01-24T22:16:12.769999+00:00,1.0,S
2764,2985,2021-01-24T22:16:10.320000+00:00,1.0,P
2764,3230,2021-01-24T22:16:12.769999+00:00,1.0,S
2765,2986,2021-01-24T22:16:10.330000+00:00,1.0,P
2765,3230,2021-01-24T22:16:12.769999+00:00,1.0,S
2766,2986,2021-01-24T22:16:10.330000+00:00,1.0,P
2766,3230,2021-01-24T22:16:12.769999+00:00,1.0,S
2767,2986,2021-01-24T22:16:10.330000+00:00,1.0,P
2767,3231,2021-01-24T22:16:12.780000+00:00,1.0,S
2768,2986,2021-01-24T22:16:10.330000+00:00,1.0,P
2768,3231,2021-01-24T22:16:12.780000+00:00,1.0,S
2769,2986,2021-01-24T22:16:10.330000+00:00,1.0,P
2769,3231,2021-01-24T22:16:12.780000+00:00,1.0,S
2770,2986,2021-01-24T22:16:10.330000+00:00,1.0,P
2770,3231,2021-01-24T22:16:12.780000+00:00,1.0,S
2771,2986,2021-01-24T22:16:10.330000+00:00,1.0,P
2771,3231,2021-01-24T22:16:12.780000+00:00,1.0,S
2772,2986,2021-01-24T22:16:10.330000+00:00,1.0,P
2772,3231,2021-01-24T22:16:12.780000+00:00,1.0,S
2773,2987,2021-01-24T22:16:10.340000+00:00,1.0,P
2773,3232,2021-01-24T22:16:12.790000+00:00,1.0,S
2774,2987,2021-01-24T22:16:10.340000+00:00,1.0,P
2774,3232,2021-01-24T22:16:12.790000+00:00,1.0,S
2775,2987,2021-01-24T22:16:10.340000+00:00,1.0,P
2775,3232,2021-01-24T22:16:12.790000+00:00,1.0,S
2776,2987,2021-01-24T22:16:10.340000+00:00,1.0,P
2776,3232,2021-01-24T22:16:12.790000+00:00,1.0,S
2777,2987,2021-01-24T22:16:10.340000+00:00,1.0,P
2777,3232,2021-01-24T22:16:12.790000+00:00,1.0,S
2778,2987,2021-01-24T22:16:10.340000+00:00,1.0,P
2778,3232,2021-01-24T22:16:12.790000+00:00,1.0,S
2779,2987,2021-01-24T22:16:10.340000+00:00,1.0,P
2779,3233,2021-01-24T22:16:12.800000+00:00,1.0,S
2780,2988,2021-01-24T22:16:10.350000+00:00,1.0,P
2780,3233,2021-01-24T22:16:12.800000+00:00,1.0,S
2781,2988,2021-01-24T22:16:10.350000+00:00,1.0,P
2781,3233,2021-01-24T22:16:12.800000+00:00,1.0,S
2782,2988,2021-01-24T22:16:10.350000+00:00,1.0,P
2782,3233,2021-01-24T22:16:12.800000+00:00,1.0,S
2783,2988,2021-01-24T22:16:10.350000+00:00,1.0,P
2783,3233,2021-01-24T22:16:12.800000+00:00,1.0,S
2784,2988,2021-01-24T22:16:10.350000+00:00,1.0,P
2784,3233,2021-01-24T22:16:12.800000+00:00,1.0,S
2785,2988,2021-01-24T22:16:10.350000+00:00,1.0,P
2785,3234,2021-01-24T22:16:12.810000+00:00,1.0,S
2786,2988,2021-01-24T22:16:10.350000+00:00,1.0,P
2786,3234,2021-01-24T22:16:12.810000+00:00,1.0,S
2787,2989,2021-01-24T22:16:10.360000+00:00,1.0,P
2787,3234,2021-01-24T22:16:12.810000+00:00,1.0,S
2788,2989,2021-01-24T22:16:10.360000+00:00,1.0,P
2788,3234,2021-01-24T22:16:12.810000+00:00,1.0,S
2789,2989,2021-01-24T22:16:10.360000+00:00,1.0,P
2789,3235,2021-01-24T22:16:12.820000+00:00,1.0,S
2790,2989,2021-01-24T22:16:10.360000+00:00,1.0,P
2790,3235,2021-01-24T22:16:12.820000+00:00,1.0,S
2791,2989,2021-01-24T22:16:10.360000+00:00,1.0,P
2791,3235,2021-01-24T22:16:12.820000+00:00,1.0,S
2792,2989,2021-01-24T22:16:10.360000+00:00,1.0,P
2792,3235,2021-01-24T22:16:12.820000+00:00,1.0,S
2793,2989,2021-01-24T22:16:10.360000+00:00,1.0,P
2793,3235,2021-01-24T22:16:12.820000+00:00,1.0,S
2794,2989,2021-01-24T22:16:10.360000+00:00,1.0,P
2794,3236,2021-01-24T22:16:12.830000+00:00,1.0,S
2795,2990,2021-01-24T22:16:10.370000+00:00,1.0,P
2795,3236,2021-01-24T22:16:12.830000+00:00,1.0,S
2796,2990,2021-01-24T22:16:10.370000+00:00,1.0,P
2796,3236,2021-01-24T22:16:12.830000+00:00,1.0,S
2797,2990,2021-01-24T22:16:10.370000+00:00,1.0,P
2797,3236,2021-01-24T22:16:12.830000+00:00,1.0,S
2798,2990,2021-01-24T22:16:10.370000+00:00,1.0,P
2798,3236,2021-01-24T22:16:12.830000+00:00,1.0,S
2799,2990,2021-01-24T22:16:10.370000+00:00,1.0,P
2799,3237,2021-01-24T22:16:12.839999+00:00,1.0,S
2800,2990,2021-01-24T22:16:10.370000+00:00,1.0,P
2800,3237,2021-01-24T22:16:12.839999+00:00,1.0,S
2801,2990,2021-01-24T22:16:10.370000+00:00,1.0,P
2801,3237,2021-01-24T22:16:12.839999+00:00,1.0,S
2802,2991,2021-01-24T22:16:10.380000+00:00,1.0,P
2802,3237,2021-01-24T22:16:12.839999+00:00,1.0,S
2803,2991,2021-01-24T22:16:10.380000+00:00,1.0,P
2803,3237,2021-01-24T22:16:12.839999+00:00,1.0,S
2804,2991,2021-01-24T22:16:10.380000+00:00,1.0,P
2804,3237,2021-01-24T22:16:12.839999+00:00,1.0,S
2805,2991,2021-01-24T22:16:10.380000+00:00,1.0,P
2805,3238,2021-01-24T22:16:12.850000+00:00,1.0,S
2806,2991,2021-01-24T22:16:10.380000+00:00,1.0,P
2806,3238,2021-01-24T22:16:12.850000+00:00,1.0,S
2807,2991,2021-01-24T22:16:10.380000+00:00,1.0,P
2807,3238,2021-01-24T22:16:12.850000+00:00,1.0,S
2808,2991,2021-01-24T22:16:10.380000+00:00,1.0,P
2808,3238,2021-01-24T22:16:12.850000+00:00,1.0,S
2809,2992,2021-01-24T22:16:10.390000+00:00,1.0,P
2809,3239,2021-01-24T22:16:12.860000+00:00,1.0,S
2810,2992,2021-01-24T22:16:10.390000+00:00,1.0,P
2810,3239,2021-01-24T22:16:12.860000+00:00,1.0,S
2811,2992,2021-01-24T22:16:10.390000+00:00,1.0,P
2811,3239,2021-01-24T22:16:12.860000+00:00,1.0,S
2812,2992,2021-01-24T22:16:10.390000+00:00,1.0,P
2812,3239,2021-01-24T22:16:12.860000+00:00,1.0,S
2813,2992,2021-01-24T22:16:10.390000+00:00,1.0,P
2813,3240,2021-01-24T22:16:12.870000+00:00,1.0,S
2814,2992,2021-01-24T22:16:10.390000+00:00,1.0,P
2814,3240,2021-01-24T22:16:12.870000+00:00,1.0,S
2815,2993,2021-01-24T22:16:10.400000+00:00,1.0,P
2815,3240,2021-01-24T22:16:12.870000+00:00,1.0,S
2816,2993,2021-01-24T22:16:10.400000+00:00,1.0,P
2816,3240,2021-01-24T22:16:12.870000+00:00,1.0,S
2817,2993,2021-01-24T22:16:10.400000+00:00,1.0,P
2817,3241,2021-01-24T22:16:12.880000+00:00,1.0,S
2818,2993,2021-01-24T22:16:10.400000+00:00,1.0,P
2818,3241,2021-01-24T22:16:12.880000+00:00,1.0,S
2819,2993,2021-01-24T22:16:10.400000+00:00,1.0,P
2819,3241,2021-01-24T22:16:12.880000+00:00,1.0,S
2820,2993,2021-01-24T22:16:10.400000+00:00,1.0,P
2820,3241,2021-01-24T22:16:12.880000+00:00,1.0,S
2821,2994,2021-01-24T22:16:10.410000+00:00,1.0,P
2821,3242,2021-01-24T22:16:12.890000+00:00,1.0,S
2822,2994,2021-01-24T22:16:10.410000+00:00,1.0,P
2822,3242,2021-01-24T22:16:12.890000+00:00,1.0,S
2823,2994,2021-01-24T22:16:10.410000+00:00,1.0,P
2823,3242,2021-01-24T22:16:12.890000+00:00,1.0,S
2824,2994,2021-01-24T22:16:10.410000+00:00,1.0,P
2824,3242,2021-01-24T22:16:12.890000+00:00,1.0,S
2825,2994,2021-01-24T22:16:10.410000+00:00,1.0,P
2825,3243,2021-01-24T22:16:12.900000+00:00,1.0,S
2826,2994,2021-01-24T22:16:10.410000+00:00,1.0,P
2826,3243,2021-01-24T22:16:12.900000+00:00,1.0,S
2827,2995,2021-01-24T22:16:10.420000+00:00,1.0,P
2827,3243,2021-01-24T22:16:12.900000+00:00,1.0,S
2828,2995,2021-01-24T22:16:10.420000+00:00,1.0,P
2828,3244,2021-01-24T22:16:12.909999+00:00,1.0,S
2829,2995,2021-01-24T22:16:10.420000+00:00,1.0,P
2829,3244,2021-01-24T22:16:12.909999+00:00,1.0,S
2830,2995,2021-01-24T22:16:10.420000+00:00,1.0,P
2830,3244,2021-01-24T22:16:12.909999+00:00,1.0,S
2831,2995,2021-01-24T22:16:10.420000+00:00,1.0,P
2831,3245,2021-01-24T22:16:12.920000+00:00,1.0,S
2832,2995,2021-01-24T22:16:10.420000+00:00,1.0,P
2832,3245,2021-01-24T22:16:12.920000+00:00,1.0,S
2833,2995,2021-01-24T22:16:10.420000+00:00,1.0,P
2833,3245,2021-01-24T22:16:12.920000+00:00,1.0,S
2834,2996,2021-01-24T22:16:10.430000+00:00,1.0,P
2834,3246,2021-01-24T22:16:12.930000+00:00,1.0,S
2835,2996,2021-01-24T22:16:10.430000+00:00,1.0,P
2835,3246,2021-01-24T22:16:12.930000+00:00,1.0,S
2836,2996,2021-01-24T22:16:10.430000+00:00,1.0,P
2836,3247,2021-01-24T22:16:12.940000+00:00,1.0,S
2837,2996,2021-01-24T22:16:10.430000+00:00,1.0,P
2837,3247,2021-01-24T22:16:12.940000+00:00,1.0,S
2838,2996,2021-01-24T22:16:10.430000+00:00,1.0,P
2838,3247,2021-01-24T22:16:12.940000+00:00,1.0,S
2839,2996,2021-01-24T22:16:10.430000+00:00,1.0,P
2839,3248,2021-01-24T22:16:12.950000+00:00,1.0,S
2840,2997,2021-01-24T22:16:10.440000+00:00,1.0,P
2840,3248,2021-01-24T22:16:12.950000+00:00,1.0,S
2841,2997,2021-01-24T22:16:10.440000+00:00,1.0,P
2841,3248,2021-01-24T22:16:12.950000+00:00,1.0,S
2842,2997,2021-01-24T22:16:10.440000+00:00,1.0,P
2842,3249,2021-01-24T22:16:12.960000+00:00,1.0,S
2843,2997,2021-01-24T22:16:10.440000+00:00,1.0,P
2843,3249,2021-01-24T22:16:12.960000+00:00,1.0,S
2844,2997,2021-01-24T22:16:10.440000+00:00,1.0,P
2844,3249,2021-01-24T22:16:12.960000+00:00,1.0,S
2845,2997,2021-01-24T22:16:10.440000+00:00,1.0,P
2845,3250,2021-01-24T22:16:12.970000+00:00,1.0,S
2846,2998,2021-01-24T22:16:10.450000+00:00,1.0,P
2846,3250,2021-01-24T22:16:12.970000+00:00,1.0,S
2847,2998,2021-01-24T22:16:10.450000+00:00,1.0,P
2847,3251,2021-01-24T22:16:12.979999+00:00,1.0,S
2848,2998,2021-01-24T22:16:10.450000+00:00,1.0,P
2848,3251,2021-01-24T22:16:12.979999+00:00,1.0,S
2849,2998,2021-01-24T22:16:10.450000+00:00,1.0,P
2849,3251,2021-01-24T22:16:12.979999+00:00,1.0,S
2850,2998,2021-01-24T22:16:10.450000+00:00,1.0,P
2850,3252,2021-01-24T22:16:12.990000+00:00,1.0,S
2851,2999,2021-01-24T22:16:10.460000+00:00,1.0,P
2851,3252,2021-01-24T22:16:12.990000+00:00,1.0,S
2852,2999,2021-01-24T22:16:10.460000+00:00,1.0,P
2852,3252,2021-01-24T22:16:12.990000+00:00,1.0,S
2853,2999,2021-01-24T22:16:10.460000+00:00,1.0,P
2853,3253,2021-01-24T22:16:13+00:00,1.0,S
2854,2999,2021-01-24T22:16:10.460000+00:00,1.0,P
2854,3253,2021-01-24T22:16:13+00:00,1.0,S
2855,2999,2021-01-24T22:16:10.460000+00:00,1.0,P
2855,3253,2021-01-24T22:16:13+00:00,1.0,S
2856,2999,2021-01-24T22:16:10.460000+00:00,1.0,P
2856,3253,2021-01-24T22:16:13+00:00,1.0,S
2857,3000,2021-01-24T22:16:10.470000+00:00,1.0,P
2857,3254,2021-01-24T22:16:13.010000+00:00,1.0,S
2858,3000,2021-01-24T22:16:10.470000+00:00,1.0,P
2858,3254,2021-01-24T22:16:13.010000+00:00,1.0,S
2859,3000,2021-01-24T22:16:10.470000+00:00,1.0,P
2859,3254,2021-01-24T22:16:13.010000+00:00,1.0,S
2860,3000,2021-01-24T22:16:10.470000+00:00,1.0,P
2860,3255,2021-01-24T22:16:13.019999+00:00,1.0,S
2861,3000,2021-01-24T22:16:10.470000+00:00,1.0,P
2861,3255,2021-01-24T22:16:13.019999+00:00,1.0,S
2862,3000,2021-01-24T22:16:10.470000+00:00,1.0,P
2862,3255,2021-01-24T22:16:13.019999+00:00,1.0,S
2863,3001,2021-01-24T22:16:10.480000+00:00,1.0,P
2863,3256,2021-01-24T22:16:13.030000+00:00,1.0,S
2864,3001,2021-01-24T22:16:10.480000+00:00,1.0,P
2864,3256,2021-01-24T22:16:13.030000+00:00,1.0,S
2865,3001,2021-01-24T22:16:10.480000+00:00,1.0,P
2865,3256,2021-01-24T22:16:13.030000+00:00,1.0,S
2866,3001,2021-01-24T22:16:10.480000+00:00,1.0,P
2866,3257,2021-01-24T22:16:13.040000+00:00,1.0,S
2867,3001,2021-01-24T22:16:10.480000+00:00,1.0,P
2867,3257,2021-01-24T22:16:13.040000+00:00,1.0,S
2868,3002,2021-01-24T22:16:10.490000+00:00,1.0,P
2868,3257,2021-01-24T22:16:13.040000+00:00,1.0,S
2869,3002,2021-01-24T22:16:10.490000+00:00,1.0,P
2869,3258,2021-01-24T22:16:13.050000+00:00,1.0,S
2870,3002,2021-01-24T22:16:10.490000+00:00,1.0,P
2870,3258,2021-01-24T22:16:13.050000+00:00,1.0,S
2871,3002,2021-01-24T22:16:10.490000+00:00,1.0,P
2871,3258,2021-01-24T22:16:13.050000+00:00,1.0,S
2872,3002,2021-01-24T22:16:10.490000+00:00,1.0,P
2872,3259,2021-01-24T22:16:13.060000+00:00,1.0,S
2873,3002,2021-01-24T22:16:10.490000+00:00,1.0,P
2873,3259,2021-01-24T22:16:13.060000+00:00,1.0,S
2874,3003,2021-01-24T22:16:10.500000+00:00,1.0,P
2874,3259,2021-01-24T22:16:13.060000+00:00,1.0,S
2875,3003,2021-01-24T22:16:10.500000+00:00,1.0,P
2875,3259,2021-01-24T22:16:13.060000+00:00,1.0,S
2876,3003,2021-01-24T22:16:10.500000+00:00,1.0,P
2876,3260,2021-01-24T22:16:13.070000+00:00,1.0,S
2877,3003,2021-01-24T22:16:10.500000+00:00,1.0,P
2877,3260,2021-01-24T22:16:13.070000+00:00,1.0,S
2878,3003,2021-01-24T22:16:10.500000+00:00,1.0,P
2878,3260,2021-01-24T22:16:13.070000+00:00,1.0,S
2879,3003,2021-01-24T22:16:10.500000+00:00,1.0,P
2879,3261,2021-01-24T22:16:13.080000+00:00,1.0,S
2880,3004,2021-01-24T22:16:10.510000+00:00,1.0,P
2880,3261,2021-01-24T22:16:13.080000+00:00,1.0,S
2881,3004,2021-01-24T22:16:10.510000+00:00,1.0,P
2881,3261,2021-01-24T22:16:13.080000+00:00,1.0,S
2882,3004,2021-01-24T22:16:10.510000+00:00,1.0,P
2882,3262,2021-01-24T22:16:13.089999+00:00,1.0,S
2883,3004,2021-01-24T22:16:10.510000+00:00,1.0,P
2883,3262,2021-01-24T22:16:13.089999+00:00,1.0,S
2884,3004,2021-01-24T22:16:10.510000+00:00,1.0,P
2884,3262,2021-01-24T22:16:13.089999+00:00,1.0,S
2885,3004,2021-01-24T22:16:10.510000+00:00,1.0,P
2885,3263,2021-01-24T22:16:13.100000+00:00,1.0,S
2886,3005,2021-01-24T22:16:10.520000+00:00,1.0,P
2886,3263,2021-01-24T22:16:13.100000+00:00,1.0,S
2887,3005,2021-01-24T22:16:10.520000+00:00,1.0,P
2887,3263,2021-01-24T22:16:13.100000+00:00,1.0,S
2888,3005,2021-01-24T22:16:10.520000+00:00,1.0,P
2888,3264,2021-01-24T22:16:13.110000+00:00,1.0,S
2889,3005,2021-01-24T22:16:10.520000+00:00,1.0,P
2889,3264,2021-01-24T22:16:13.110000+00:00,1.0,S
2890,3005,2021-01-24T22:16:10.520000+00:00,1.0,P
2890,3264,2021-01-24T22:16:13.110000+00:00,1.0,S
2891,3006,2021-01-24T22:16:10.530000+00:00,1.0,P
2891,3265,2021-01-24T22:16:13.120000+00:00,1.0,S
2892,3006,2021-01-24T22:16:10.530000+00:00,1.0,P
2892,3265,2021-01-24T22:16:13.120000+00:00,1.0,S
2893,3006,2021-01-24T22:16:10.530000+00:00,1.0,P
2893,3265,2021-01-24T22:16:13.120000+00:00,1.0,S
2894,3006,2021-01-24T22:16:10.530000+00:00,1.0,P
2894,3265,2021-01-24T22:16:13.120000+00:00,1.0,S
2895,3006,2021-01-24T22:16:10.530000+00:00,1.0,P
2895,3266,2021-01-24T22:16:13.130000+00:00,1.0,S
2896,3006,2021-01-24T22:16:10.530000+00:00,1.0,P
2896,3266,2021-01-24T22:16:13.130000+00:00,1.0,S
2897,3007,2021-01-24T22:16:10.540000+00:00,1.0,P
2897,3266,2021-01-24T22:16:13.130000+00:00,1.0,S
2898,3007,2021-01-24T22:16:10.540000+00:00,1.0,P
2898,3267,2021-01-24T22:16:13.140000+00:00,1.0,S
2899,3007,2021-01-24T22:16:10.540000+00:00,1.0,P
2899,3267,2021-01-24T22:16:13.140000+00:00,1.0,S
2900,3007,2021-01-24T22:16:10.540000+00:00,1.0,P
2900,3267,2021-01-24T22:16:13.140000+00:00,1.0,S
2901,3007,2021-01-24T22:16:10.540000+00:00,1.0,P
2901,3268,2021-01-24T22:16:13.150000+00:00,1.0,S
2902,3007,2021-01-24T22:16:10.540000+00:00,1.0,P
2902,3268,2021-01-24T22:16:13.150000+00:00,1.0,S
2903,3008,2021-01-24T22:16:10.550000+00:00,1.0,P
2903,3269,2021-01-24T22:16:13.159999+00:00,1.0,S
2904,3008,2021-01-24T22:16:10.550000+00:00,1.0,P
2904,3269,2021-01-24T22:16:13.159999+00:00,1.0,S
2905,3008,2021-01-24T22:16:10.550000+00:00,1.0,P
2905,3269,2021-01-24T22:16:13.159999+00:00,1.0,S
2906,3008,2021-01-24T22:16:10.550000+00:00,1.0,P
2906,3270,2021-01-24T22:16:13.170000+00:00,1.0,S
2907,3008,2021-01-24T22:16:10.550000+00:00,1.0,P
2907,3270,2021-01-24T22:16:13.170000+00:00,1.0,S
2908,3008,2021-01-24T22:16:10.550000+00:00,1.0,P
2908,3270,2021-01-24T22:16:13.170000+00:00,1.0,S
2909,3009,2021-01-24T22:16:10.560000+00:00,1.0,P
2909,3271,2021-01-24T22:16:13.180000+00:00,1.0,S
2910,3009,2021-01-24T22:16:10.560000+00:00,1.0,P
2910,3271,2021-01-24T22:16:13.180000+00:00,1.0,S
2911,3009,2021-01-24T22:16:10.560000+00:00,1.0,P
2911,3271,2021-01-24T22:16:13.180000+00:00,1.0,S
2912,3009,2021-01-24T22:16:10.560000+00:00,1.0,P
2912,3272,2021-01-24T22:16:13.190000+00:00,1.0,S
2913,3009,2021-01-24T22:16:10.560000+00:00,1.0,P
2913,3272,2021-01-24T22:16:13.190000+00:00,1.0,S
2914,3009,2021-01-24T22:16:10.560000+00:00,1.0,P
2914,3272,2021-01-24T22:16:13.190000+00:00,1.0,S
2915,3010,2021-01-24T22:16:10.570000+00:00,1.0,P
2915,3273,2021-01-24T22:16:13.200000+00:00,1.0,S
2916,3010,2021-01-24T22:16:10.570000+00:00,1.0,P
2916,3273,2021-01-24T22:16:13.200000+00:00,1.0,S
2917,3010,2021-01-24T22:16:10.570000+00:00,1.0,P
2917,3273,2021-01-24T22:16:13.200000+00:00,1.0,S
2918,3010,2021-01-24T22:16:10.570000+00:00,1.0,P
2918,3274,2021-01-24T22:16:13.210000+00:00,1.0,S
2919,3010,2021-01-24T22:16:10.570000+00:00,1.0,P
2919,3274,2021-01-24T22:16:13.210000+00:00,1.0,S
2920,3010,2021-01-24T22:16:10.570000+00:00,1.0,P
2920,3274,2021-01-24T22:16:13.210000+00:00,1.0,S
2921,3011,2021-01-24T22:16:10.580000+00:00,1.0,P
2921,3275,2021-01-24T22:16:13.220000+00:00,1.0,S
2922,3011,2021-01-24T22:16:10.580000+00:00,1.0,P
2922,3275,2021-01-24T22:16:13.220000+00:00,1.0,S
2923,3011,2021-01-24T22:16:10.580000+00:00,1.0,P
2923,3275,2021-01-24T22:16:13.220000+00:00,1.0,S
2924,3011,2021-01-24T22:16:10.580000+00:00,1.0,P
2924,3276,2021-01-24T22:16:13.229999+00:00,1.0,S
2925,3011,2021-01-24T22:16:10.580000+00:00,1.0,P
2925,3276,2021-01-24T22:16:13.229999+00:00,1.0,S
2926,3012,2021-01-24T22:16:10.590000+00:00,1.0,P
2926,3276,2021-01-24T22:16:13.229999+00:00,1.0,S
2927,3012,2021-01-24T22:16:10.590000+00:00,1.0,P
2927,3276,2021-01-24T22:16:13.229999+00:00,1.0,S
2928,3012,2021-01-24T22:16:10.590000+00:00,1.0,P
2928,3277,2021-01-24T22:16:13.240000+00:00,1.0,S
2929,3012,2021-01-24T22:16:10.590000+00:00,1.0,P
2929,3277,2021-01-24T22:16:13.240000+00:00,1.0,S
2930,3012,2021-01-24T22:16:10.590000+00:00,1.0,P
2930,3277,2021-01-24T22:16:13.240000+00:00,1.0,S
2931,3013,2021-01-24T22:16:10.600000+00:00,1.0,P
2931,3278,2021-01-24T22:16:13.250000+00:00,1.0,S
2932,3013,2021-01-24T22:16:10.600000+00:00,1.0,P
2932,3278,2021-01-24T22:16:13.250000+00:00,1.0,S
2933,3013,2021-01-24T22:16:10.600000+00:00,1.0,P
2933,3278,2021-01-24T22:16:13.250000+00:00,1.0,S
2934,3013,2021-01-24T22:16:10.600000+00:00,1.0,P
2934,3279,2021-01-24T22:16:13.260000+00:00,1.0,S
2935,3013,2021-01-24T22:16:10.600000+00:00,1.0,P
2935,3279,2021-01-24T22:16:13.260000+00:00,1.0,S
2936,3014,2021-01-24T22:16:10.610000+00:00,1.0,P
2936,3279,2021-01-24T22:16:13.260000+00:00,1.0,S
2937,3014,2021-01-24T22:16:10.610000+00:00,1.0,P
2937,3280,2021-01-24T22:16:13.269999+00:00,1.0,S
2938,3014,2021-01-24T22:16:10.610000+00:00,1.0,P
2938,3280,2021-01-24T22:16:13.269999+00:00,1.0,S
2939,3014,2021-01-24T22:16:10.610000+00:00,1.0,P
2939,3280,2021-01-24T22:16:13.269999+00:00,1.0,S
2940,3014,2021-01-24T22:16:10.610000+00:00,1.0,P
2940,3281,2021-01-24T22:16:13.280000+00:00,1.0,S
2941,3014,2021-01-24T22:16:10.610000+00:00,1.0,P
2941,3281,2021-01-24T22:16:13.280000+00:00,1.0,S
2942,3015,2021-01-24T22:16:10.620000+00:00,1.0,P
2942,3282,2021-01-24T22:16:13.290000+00:00,1.0,S
2943,3015,2021-01-24T22:16:10.620000+00:00,1.0,P
2943,3282,2021-01-24T22:16:13.290000+00:00,1.0,S
2944,3015,2021-01-24T22:16:10.620000+00:00,1.0,P
2944,3282,2021-01-24T22:16:13.290000+00:00,1.0,S
2945,3015,2021-01-24T22:16:10.620000+00:00,1.0,P
2945,3283,2021-01-24T22:16:13.300000+00:00,1.0,S
2946,3015,2021-01-24T22:16:10.620000+00:00,1.0,P
2946,3283,2021-01-24T22:16:13.300000+00:00,1.0,S
2947,3016,2021-01-24T22:16:10.630000+00:00,1.0,P
2947,3284,2021-01-24T22:16:13.310000+00:00,1.0,S
2948,3016,2021-01-24T22:16:10.630000+00:00,1.0,P
2948,3284,2021-01-24T22:16:13.310000+00:00,1.0,S
2949,3016,2021-01-24T22:16:10.630000+00:00,1.0,P
2949,3284,2021-01-24T22:16:13.310000+00:00,1.0,S
2950,3016,2021-01-24T22:16:10.630000+00:00,1.0,P
2950,3285,2021-01-24T22:16:13.320000+00:00,1.0,S
2951,3016,2021-01-24T22:16:10.630000+00:00,1.0,P
2951,3285,2021-01-24T22:16:13.320000+00:00,1.0,S
2952,3016,2021-01-24T22:16:10.630000+00:00,1.0,P
2952,3285,2021-01-24T22:16:13.320000+00:00,1.0,S
2953,3017,2021-01-24T22:16:10.640000+00:00,1.0,P
2953,3286,2021-01-24T22:16:13.330000+00:00,1.0,S
2954,3017,2021-01-24T22:16:10.640000+00:00,1.0,P
2954,3286,2021-01-24T22:16:13.330000+00:00,1.0,S
2955,3017,2021-01-24T22:16:10.640000+00:00,1.0,P
2955,3286,2021-01-24T22:16:13.330000+00:00,1.0,S
2956,3017,2021-01-24T22:16:10.640000+00:00,1.0,P
2956,3287,2021-01-24T22:16:13.339999+00:00,1.0,S
2957,3017,2021-01-24T22:16:10.640000+00:00,1.0,P
2957,3287,2021-01-24T22:16:13.339999+00:00,1.0,S
2958,3017,2021-01-24T22:16:10.640000+00:00,1.0,P
2958,3287,2021-01-24T22:16:13.339999+00:00,1.0,S
2959,3018,2021-01-24T22:16:10.650000+00:00,1.0,P
2959,3288,2021-01-24T22:16:13.350000+00:00,1.0,S
2960,3018,2021-01-24T22:16:10.650000+00:00,1.0,P
2960,3288,2021-01-24T22:16:13.350000+00:00,1.0,S
2961,3018,2021-01-24T22:16:10.650000+00:00,1.0,P
2961,3288,2021-01-24T22:16:13.350000+00:00,1.0,S
2962,3018,2021-01-24T22:16:10.650000+00:00,1.0,P
2962,3289,2021-01-24T22:16:13.360000+00:00,1.0,S
2963,3018,2021-01-24T22:16:10.650000+00:00,1.0,P
2963,3289,2021-01-24T22:16:13.360000+00:00,1.0,S
2964,3018,2021-01-24T22:16:10.650000+00:00,1.0,P
2964,3289,2021-01-24T22:16:13.360000+00:00,1.0,S
2965,3019,2021-01-24T22:16:10.660000+00:00,1.0,P
2965,3290,2021-01-24T22:16:13.370000+00:00,1.0,S
2966,3019,2021-01-24T22:16:10.660000+00:00,1.0,P
2966,3290,2021-01-24T22:16:13.370000+00:00,1.0,S
2967,3019,2021-01-24T22:16:10.660000+00:00,1.0,P
2967,3290,2021-01-24T22:16:13.370000+00:00,1.0,S
2968,3019,2021-01-24T22:16:10.660000+00:00,1.0,P
2968,3290,2021-01-24T22:16:13.370000+00:00,1.0,S
2969,3019,2021-01-24T22:16:10.660000+00:00,1.0,P
2969,3291,2021-01-24T22:16:13.380000+00:00,1.0,S
2970,3019,2021-01-24T22:16:10.660000+00:00,1.0,P
2970,3291,2021-01-24T22:16:13.380000+00:00,1.0,S
2971,3019,2021-01-24T22:16:10.660000+00:00,1.0,P
2971,3291,2021-01-24T22:16:13.380000+00:00,1.0,S
2972,3020,2021-01-24T22:16:10.670000+00:00,1.0,P
2972,3292,2021-01-24T22:16:13.390000+00:00,1.0,S
2973,3020,2021-01-24T22:16:10.670000+00:00,1.0,P
2973,3292,2021-01-24T22:16:13.390000+00:00,1.0,S
2974,3020,2021-01-24T22:16:10.670000+00:00,1.0,P
2974,3292,2021-01-24T22:16:13.390000+00:00,1.0,S
2975,3020,2021-01-24T22:16:10.670000+00:00,1.0,P
2975,3292,2021-01-24T22:16:13.390000+00:00,1.0,S
2976,3020,2021-01-24T22:16:10.670000+00:00,1.0,P
2976,3293,2021-01-24T22:16:13.400000+00:00,1.0,S
2977,3020,2021-01-24T22:16:10.670000+00:00,1.0,P
2977,3293,2021-01-24T22:16:13.400000+00:00,1.0,S
2978,3020,2021-01-24T22:16:10.670000+00:00,1.0,P
2978,3293,2021-01-24T22:16:13.400000+00:00,1.0,S
2979,3021,2021-01-24T22:16:10.680000+00:00,1.0,P
2979,3294,2021-01-24T22:16:13.409999+00:00,1.0,S
2980,3021,2021-01-24T22:16:10.680000+00:00,1.0,P
2980,3294,2021-01-24T22:16:13.409999+00:00,1.0,S
2981,3021,2021-01-24T22:16:10.680000+00:00,1.0,P
2981,3294,2021-01-24T22:16:13.409999+00:00,1.0,S
2982,3021,2021-01-24T22:16:10.680000+00:00,1.0,P
2982,3294,2021-01-24T22:16:13.409999+00:00,1.0,S
2983,3021,2021-01-24T22:16:10.680000+00:00,1.0,P
2983,3294,2021-01-24T22:16:13.409999+00:00,1.0,S
2984,3021,2021-01-24T22:16:10.680000+00:00,1.0,P
2984,3295,2021-01-24T22:16:13.420000+00:00,1.0,S
2985,3021,2021-01-24T22:16:10.680000+00:00,1.0,P
2985,3295,2021-01-24T22:16:13.420000+00:00,1.0,S
2986,3021,2021-01-24T22:16:10.680000+00:00,1.0,P
2986,3295,2021-01-24T22:16:13.420000+00:00,1.0,S
2987,3022,2021-01-24T22:16:10.690000+00:00,1.0,P
2987,3295,2021-01-24T22:16:13.420000+00:00,1.0,S
2988,3022,2021-01-24T22:16:10.690000+00:00,1.0,P
2988,3295,2021-01-24T22:16:13.420000+00:00,1.0,S
2989,3022,2021-01-24T22:16:10.690000+00:00,1.0,P
2989,3295,2021-01-24T22:16:13.420000+00:00,1.0,S
2990,3022,2021-01-24T22:16:10.690000+00:00,1.0,P
2990,3296,2021-01-24T22:16:13.430000+00:00,1.0,S
2991,3022,2021-01-24T22:16:10.690000+00:00,1.0,P
2991,3296,2021-01-24T22:16:13.430000+00:00,1.0,S
2992,3022,2021-01-24T22:16:10.690000+00:00,1.0,P
2992,3296,2021-01-24T22:16:13.430000+00:00,1.0,S
2993,3022,2021-01-24T22:16:10.690000+00:00,1.0,P
2993,3296,2021-01-24T22:16:13.430000+00:00,1.0,S
2994,3022,2021-01-24T22:16:10.690000+00:00,1.0,P
2994,3296,2021-01-24T22:16:13.430000+00:00,1.0,S
2995,3022,2021-01-24T22:16:10.690000+00:00,1.0,P
2995,3296,2021-01-24T22:16:13.430000+00:00,1.0,S
2996,3022,2021-01-24T22:16:10.690000+00:00,1.0,P
2996,3297,2021-01-24T22:16:13.440000+00:00,1.0,S
2997,3023,2021-01-24T22:16:10.700000+00:00,1.0,P
2997,3297,2021-01-24T22:16:13.440000+00:00,1.0,S
2998,3023,2021-01-24T22:16:10.700000+00:00,1.0,P
2998,3297,2021-01-24T22:16:13.440000+00:00,1.0,S
2999,3023,2021-01-24T22:16:10.700000+00:00,1.0,P
2999,3297,2021-01-24T22:16:13.440000+00:00,1.0,S
3000,3023,2021-01-24T22:16:10.700000+00:00,1.0,P
3000,3297,2021-01-24T22:16:13.440000+00:00,1.0,S
3001,3023,2021-01-24T22:16:10.700000+00:00,1.0,P
3001,3297,2021-01-24T22:16:13.440000+00:00,1.0,S
3002,3023,2021-01-24T22:16:10.700000+00:00,1.0,P
3002,3298,2021-01-24T22:16:13.450000+00:00,1.0,S
3003,3023,2021-01-24T22:16:10.700000+00:00,1.0,P
3003,3298,2021-01-24T22:16:13.450000+00:00,1.0,S
3004,3023,2021-01-24T22:16:10.700000+00:00,1.0,P
3004,3298,2021-01-24T22:16:13.450000+00:00,1.0,S
3005,3023,2021-01-24T22:16:10.700000+00:00,1.0,P
3005,3298,2021-01-24T22:16:13.450000+00:00,1.0,S
3006,3023,2021-01-24T22:16:10.700000+00:00,1.0,P
3006,3298,2021-01-24T22:16:13.450000+00:00,1.0,S
3007,3023,2021-01-24T22:16:10.700000+00:00,1.0,P
3007,3298,2021-01-24T22:16:13.450000+00:00,1.0,S
3008,3024,2021-01-24T22:16:10.710000+00:00,1.0,P
3008,3298,2021-01-24T22:16:13.450000+00:00,1.0,S
3009,3024,2021-01-24T22:16:10.710000+00:00,1.0,P
3009,3298,2021-01-24T22:16:13.450000+00:00,1.0,S
3010,3024,2021-01-24T22:16:10.710000+00:00,1.0,P
3010,3299,2021-01-24T22:16:13.460000+00:00,1.0,S
3011,3024,2021-01-24T22:16:10.710000+00:00,1.0,P
3011,3299,2021-01-24T22:16:13.460000+00:00,1.0,S
3012,3024,2021-01-24T22:16:10.710000+00:00,1.0,P
3012,3299,2021-01-24T22:16:13.460000+00:00,1.0,S
3013,3024,2021-01-24T22:16:10.710000+00:00,1.0,P
3013,3299,2021-01-24T22:16:13.460000+00:00,1.0,S
3014,3024,2021-01-24T22:16:10.710000+00:00,1.0,P
3014,3299,2021-01-24T22:16:13.460000+00:00,1.0,S
3015,3024,2021-01-24T22:16:10.710000+00:00,1.0,P
3015,3300,2021-01-24T22:16:13.470000+00:00,1.0,S
3016,3024,2021-01-24T22:16:10.710000+00:00,1.0,P
3016,3300,2021-01-24T22:16:13.470000+00:00,1.0,S
3017,3024,2021-01-24T22:16:10.710000+00:00,1.0,P
3017,3300,2021-01-24T22:16:13.470000+00:00,1.0,S
3018,3024,2021-01-24T22:16:10.710000+00:00,1.0,P
3018,3300,2021-01-24T22:16:13.470000+00:00,1.0,S
3019,3024,2021-01-24T22:16:10.710000+00:00,1.0,P
3019,3300,2021-01-24T22:16:13.470000+00:00,1.0,S
3020,3024,2021-01-24T22:16:10.710000+00:00,1.0,P
3020,3300,2021-01-24T22:16:13.470000+00:00,1.0,S
3021,3024,2021-01-24T22:16:10.710000+00:00,1.0,P
3021,3301,2021-01-24T22:16:13.479999+00:00,1.0,S
3022,3024,2021-01-24T22:16:10.710000+00:00,1.0,P
3022,3301,2021-01-24T22:16:13.479999+00:00,1.0,S
3023,3024,2021-01-24T22:16:10.710000+00:00,1.0,P
3023,3301,2021-01-24T22:16:13.479999+00:00,1.0,S
3024,3025,2021-01-24T22:16:10.720000+00:00,1.0,P
3024,3301,2021-01-24T22:16:13.479999+00:00,1.0,S
3025,3025,2021-01-24T22:16:10.720000+00:00,1.0,P
3025,3301,2021-01-24T22:16:13.479999+00:00,1.0,S
3026,3025,2021-01-24T22:16:10.720000+00:00,1.0,P
3026,3301,2021-01-24T22:16:13.479999+00:00,1.0,S
3027,3025,2021-01-24T22:16:10.720000+00:00,1.0,P
3027,3301,2021-01-24T22:16:13.479999+00:00,1.0,S
3028,3025,2021-01-24T22:16:10.720000+00:00,1.0,P
3028,3301,2021-01-24T22:16:13.479999+00:00,1.0,S
3029,3025,2021-01-24T22:16:10.720000+00:00,1.0,P
3029,3302,2021-01-24T22:16:13.490000+00:00,1.0,S
3030,3025,2021-01-24T22:16:10.720000+00:00,1.0,P
3030,3302,2021-01-24T22:16:13.490000+00:00,1.0,S
3031,3025,2021-01-24T22:16:10.720000+00:00,1.0,P
3031,3302,2021-01-24T22:16:13.490000+00:00,1.0,S
3032,3025,2021-01-24T22:16:10.720000+00:00,1.0,P
3032,3302,2021-01-24T22:16:13.490000+00:00,1.0,S
3033,3025,2021-01-24T22:16:10.720000+00:00,1.0,P
3033,3302,2021-01-24T22:16:13.490000+00:00,1.0,S
3034,3025,2021-01-24T22:16:10.720000+00:00,1.0,P
3034,3302,2021-01-24T22:16:13.490000+00:00,1.0,S
3035,3025,2021-01-24T22:16:10.720000+00:00,1.0,P
3035,3303,2021-01-24T22:16:13.500000+00:00,1.0,S
3036,3025,2021-01-24T22:16:10.720000+00:00,1.0,P
3036,3303,2021-01-24T22:16:13.500000+00:00,1.0,S
3037,3025,2021-01-24T22:16:10.720000+00:00,1.0,P
3037,3303,2021-01-24T22:16:13.500000+00:00,1.0,S
3038,3025,2021-01-24T22:16:10.720000+00:00,1.0,P
3038,3303,2021-01-24T22:16:13.500000+00:00,1.0,S
3039,3026,2021-01-24T22:16:10.730000+00:00,1.0,P
3039,3303,2021-01-24T22:16:13.500000+00:00,1.0,S
3040,3026,2021-01-24T22:16:10.730000+00:00,1.0,P
3040,3303,2021-01-24T22:16:13.500000+00:00,1.0,S
3041,3026,2021-01-24T22:16:10.730000+00:00,1.0,P
3041,3303,2021-01-24T22:16:13.500000+00:00,1.0,S
3042,3026,2021-01-24T22:16:10.730000+00:00,1.0,P
3042,3304,2021-01-24T22:16:13.510000+00:00,1.0,S
3043,3026,2021-01-24T22:16:10.730000+00:00,1.0,P
3043,3304,2021-01-24T22:16:13.510000+00:00,1.0,S
3044,3026,2021-01-24T22:16:10.730000+00:00,1.0,P
3044,3304,2021-01-24T22:16:13.510000+00:00,1.0,S
3045,3026,2021-01-24T22:16:10.730000+00:00,1.0,P
3045,3304,2021-01-24T22:16:13.510000+00:00,1.0,S
3046,3026,2021-01-24T22:16:10.730000+00:00,1.0,P
3046,3304,2021-01-24T22:16:13.510000+00:00,1.0,S
3047,3026,2021-01-24T22:16:10.730000+00:00,1.0,P
3047,3304,2021-01-24T22:16:13.510000+00:00,1.0,S
3048,3026,2021-01-24T22:16:10.730000+00:00,1.0,P
3048,3304,2021-01-24T22:16:13.510000+00:00,1.0,S
3049,3026,2021-01-24T22:16:10.730000+00:00,1.0,P
3049,3304,2021-01-24T22:16:13.510000+00:00,1.0,S
3050,3026,2021-01-24T22:16:10.730000+00:00,1.0,P
3050,3304,2021-01-24T22:16:13.510000+00:00,1.0,S
3051,3026,2021-01-24T22:16:10.730000+00:00,1.0,P
3051,3304,2021-01-24T22:16:13.510000+00:00,1.0,S
3052,3026,2021-01-24T22:16:10.730000+00:00,1.0,P
3052,3304,2021-01-24T22:16:13.510000+00:00,1.0,S
3053,3026,2021-01-24T22:16:10.730000+00:00,1.0,P
3053,3305,2021-01-24T22:16:13.519999+00:00,1.0,S
3054,3026,2021-01-24T22:16:10.730000+00:00,1.0,P
3054,3305,2021-01-24T22:16:13.519999+00:00,1.0,S
3055,3026,2021-01-24T22:16:10.730000+00:00,1.0,P
3055,3305,2021-01-24T22:16:13.519999+00:00,1.0,S
3056,3026,2021-01-24T22:16:10.730000+00:00,1.0,P
3056,3305,2021-01-24T22:16:13.519999+00:00,1.0,S
3057,3026,2021-01-24T22:16:10.730000+00:00,1.0,P
3057,3305,2021-01-24T22:16:13.519999+00:00,1.0,S
3058,3026,2021-01-24T22:16:10.730000+00:00,1.0,P
3058,3305,2021-01-24T22:16:13.519999+00:00,1.0,S
3059,3027,2021-01-24T22:16:10.740000+00:00,1.0,P
3059,3305,2021-01-24T22:16:13.519999+00:00,1.0,S
3060,3027,2021-01-24T22:16:10.740000+00:00,1.0,P
3060,3306,2021-01-24T22:16:13.530000+00:00,1.0,S
3061,3027,2021-01-24T22:16:10.740000+00:00,1.0,P
3061,3306,2021-01-24T22:16:13.530000+00:00,1.0,S
3062,3027,2021-01-24T22:16:10.740000+00:00,1.0,P
3062,3306,2021-01-24T22:16:13.530000+00:00,1.0,S
3063,3027,2021-01-24T22:16:10.740000+00:00,1.0,P
3063,3307,2021-01-24T22:16:13.540000+00:00,1.0,S
3064,3027,2021-01-24T22:16:10.740000+00:00,1.0,P
3064,3307,2021-01-24T22:16:13.540000+00:00,1.0,S
3065,3027,2021-01-24T22:16:10.740000+00:00,1.0,P
3065,3307,2021-01-24T22:16:13.540000+00:00,1.0,S
3066,3027,2021-01-24T22:16:10.740000+00:00,1.0,P
3066,3307,2021-01-24T22:16:13.540000+00:00,1.0,S
3067,3027,2021-01-24T22:16:10.740000+00:00,1.0,P
3067,3308,2021-01-24T22:16:13.550000+00:00,1.0,S
3068,3027,2021-01-24T22:16:10.740000+00:00,1.0,P
3068,3308,2021-01-24T22:16:13.550000+00:00,1.0,S
3069,3027,2021-01-24T22:16:10.740000+00:00,1.0,P
3069,3308,2021-01-24T22:16:13.550000+00:00,1.0,S
3070,3027,2021-01-24T22:16:10.740000+00:00,1.0,P
3070,3309,2021-01-24T22:16:13.560000+00:00,1.0,S
3071,3027,2021-01-24T22:16:10.740000+00:00,1.0,P
3071,3309,2021-01-24T22:16:13.560000+00:00,1.0,S
3072,3027,2021-01-24T22:16:10.740000+00:00,1.0,P
3072,3310,2021-01-24T22:16:13.570000+00:00,1.0,S
3073,3027,2021-01-24T22:16:10.740000+00:00,1.0,P
3073,3310,2021-01-24T22:16:13.570000+00:00,1.0,S
3074,3028,2021-01-24T22:16:10.750000+00:00,1.0,P
3074,3310,2021-01-24T22:16:13.570000+00:00,1.0,S
3075,3028,2021-01-24T22:16:10.750000+00:00,1.0,P
3075,3311,2021-01-24T22:16:13.580000+00:00,1.0,S
3076,3028,2021-01-24T22:16:10.750000+00:00,1.0,P
3076,3311,2021-01-24T22:16:13.580000+00:00,1.0,S
3077,3028,2021-01-24T22:16:10.750000+00:00,1.0,P
3077,3311,2021-01-24T22:16:13.580000+00:00,1.0,S
3078,3028,2021-01-24T22:16:10.750000+00:00,1.0,P
3078,3312,2021-01-24T22:16:13.589999+00:00,1.0,S
3079,3028,2021-01-24T22:16:10.750000+00:00,1.0,P
3079,3312,2021-01-24T22:16:13.589999+00:00,1.0,S
3080,3028,2021-01-24T22:16:10.750000+00:00,1.0,P
3080,3313,2021-01-24T22:16:13.600000+00:00,1.0,S
3081,3028,2021-01-24T22:16:10.750000+00:00,1.0,P
3081,3313,2021-01-24T22:16:13.600000+00:00,1.0,S
3082,3028,2021-01-24T22:16:10.750000+00:00,1.0,P
3082,3313,2021-01-24T22:16:13.600000+00:00,1.0,S
3083,3028,2021-01-24T22:16:10.750000+00:00,1.0,P
3083,3313,2021-01-24T22:16:13.600000+00:00,1.0,S
3084,3028,2021-01-24T22:16:10.750000+00:00,1.0,P
3084,3314,2021-01-24T22:16:13.610000+00:00,1.0,S
3085,3028,2021-01-24T22:16:10.750000+00:00,1.0,P
3085,3314,2021-01-24T22:16:13.610000+00:00,1.0,S
3086,3028,2021-01-24T22:16:10.750000+00:00,1.0,P
3086,3314,2021-01-24T22:16:13.610000+00:00,1.0,S
3087,3029,2021-01-24T22:16:10.760000+00:00,1.0,P
3087,3315,2021-01-24T22:16:13.620000+00:00,1.0,S
3088,3029,2021-01-24T22:16:10.760000+00:00,1.0,P
3088,3315,2021-01-24T22:16:13.620000+00:00,1.0,S
3089,3029,2021-01-24T22:16:10.760000+00:00,1.0,P
3089,3315,2021-01-24T22:16:13.620000+00:00,1.0,S
3090,3029,2021-01-24T22:16:10.760000+00:00,1.0,P
3090,3315,2021-01-24T22:16:13.620000+00:00,1.0,S
3091,3029,2021-01-24T22:16:10.760000+00:00,1.0,P
3091,3315,2021-01-24T22:16:13.620000+00:00,1.0,S
3092,3029,2021-01-24T22:16:10.760000+00:00,1.0,P
3092,3315,2021-01-24T22:16:13.620000+00:00,1.0,S
3093,3029,2021-01-24T22:16:10.760000+00:00,1.0,P
3093,3315,2021-01-24T22:16:13.620000+00:00,1.0,S
3094,3029,2021-01-24T22:16:10.760000+00:00,1.0,P
3094,3315,2021-01-24T22:16:13.620000+00:00,1.0,S
3095,3029,2021-01-24T22:16:10.760000+00:00,1.0,P
3095,3315,2021-01-24T22:16:13.620000+00:00,1.0,S
3096,3029,2021-01-24T22:16:10.760000+00:00,1.0,P
3096,3315,2021-01-24T22:16:13.620000+00:00,1.0,S
3097,3029,2021-01-24T22:16:10.760000+00:00,1.0,P
3097,3316,2021-01-24T22:16:13.630000+00:00,1.0,S
3098,3030,2021-01-24T22:16:10.770000+00:00,1.0,P
3098,3316,2021-01-24T22:16:13.630000+00:00,1.0,S
3099,3030,2021-01-24T22:16:10.770000+00:00,1.0,P
3099,3316,2021-01-24T22:16:13.630000+00:00,1.0,S
3100,3030,2021-01-24T22:16:10.770000+00:00,1.0,P
3100,3316,2021-01-24T22:16:13.630000+00:00,1.0,S
3101,3030,2021-01-24T22:16:10.770000+00:00,1.0,P
3101,3316,2021-01-24T22:16:13.630000+00:00,1.0,S
3102,3030,2021-01-24T22:16:10.770000+00:00,1.0,P
3102,3316,2021-01-24T22:16:13.630000+00:00,1.0,S
3103,3030,2021-01-24T22:16:10.770000+00:00,1.0,P
3103,3316,2021-01-24T22:16:13.630000+00:00,1.0,S
3104,3030,2021-01-24T22:16:10.770000+00:00,1.0,P
3104,3317,2021-01-24T22:16:13.640000+00:00,1.0,S
3105,3030,2021-01-24T22:16:10.770000+00:00,1.0,P
3105,3317,2021-01-24T22:16:13.640000+00:00,1.0,S
3106,3030,2021-01-24T22:16:10.770000+00:00,1.0,P
3106,3317,2021-01-24T22:16:13.640000+00:00,1.0,S
3107,3030,2021-01-24T22:16:10.770000+00:00,1.0,P
3107,3317,2021-01-24T22:16:13.640000+00:00,1.0,S
3108,3031,2021-01-24T22:16:10.780000+00:00,1.0,P
3108,3317,2021-01-24T22:16:13.640000+00:00,1.0,S
3109,3031,2021-01-24T22:16:10.780000+00:00,1.0,P
3109,3318,2021-01-24T22:16:13.650000+00:00,1.0,S
3110,3031,2021-01-24T22:16:10.780000+00:00,1.0,P
3110,3318,2021-01-24T22:16:13.650000+00:00,1.0,S
3111,3031,2021-01-24T22:16:10.780000+00:00,1.0,P
3111,3318,2021-01-24T22:16:13.650000+00:00,1.0,S
3112,3031,2021-01-24T22:16:10.780000+00:00,1.0,P
3112,3318,2021-01-24T22:16:13.650000+00:00,1.0,S
3113,3031,2021-01-24T22:16:10.780000+00:00,1.0,P
3113,3319,2021-01-24T22:16:13.659999+00:00,1.0,S
3114,3031,2021-01-24T22:16:10.780000+00:00,1.0,P
3114,3319,2021-01-24T22:16:13.659999+00:00,1.0,S
3115,3031,2021-01-24T22:16:10.780000+00:00,1.0,P
3115,3319,2021-01-24T22:16:13.659999+00:00,1.0,S
3116,3031,2021-01-24T22:16:10.780000+00:00,1.0,P
3116,3319,2021-01-24T22:16:13.659999+00:00,1.0,S
3117,3031,2021-01-24T22:16:10.780000+00:00,1.0,P
3117,3319,2021-01-24T22:16:13.659999+00:00,1.0,S
3118,3031,2021-01-24T22:16:10.780000+00:00,1.0,P
3118,3320,2021-01-24T22:16:13.670000+00:00,1.0,S
3119,3031,2021-01-24T22:16:10.780000+00:00,1.0,P
3119,3320,2021-01-24T22:16:13.670000+00:00,1.0,S
3120,3032,2021-01-24T22:16:10.790000+00:00,1.0,P
3120,3320,2021-01-24T22:16:13.670000+00:00,1.0,S
3121,3032,2021-01-24T22:16:10.790000+00:00,1.0,P
3121,3320,2021-01-24T22:16:13.670000+00:00,1.0,S
3122,3032,2021-01-24T22:16:10.790000+00:00,1.0,P
3122,3320,2021-01-24T22:16:13.670000+00:00,1.0,S
3123,3032,2021-01-24T22:16:10.790000+00:00,1.0,P
3123,3321,2021-01-24T22:16:13.680000+00:00,1.0,S
3124,3032,2021-01-24T22:16:10.790000+00:00,1.0,P
3124,3321,2021-01-24T22:16:13.680000+00:00,1.0,S
3125,3032,2021-01-24T22:16:10.790000+00:00,1.0,P
3125,3321,2021-01-24T22:16:13.680000+00:00,1.0,S
3126,3032,2021-01-24T22:16:10.790000+00:00,1.0,P
3126,3321,2021-01-24T22:16:13.680000+00:00,1.0,S
3127,3032,2021-01-24T22:16:10.790000+00:00,1.0,P
3127,3322,2021-01-24T22:16:13.690000+00:00,1.0,S
3128,3032,2021-01-24T22:16:10.790000+00:00,1.0,P
3128,3322,2021-01-24T22:16:13.690000+00:00,1.0,S
3129,3032,2021-01-24T22:16:10.790000+00:00,1.0,P
3129,3322,2021-01-24T22:16:13.690000+00:00,1.0,S
3130,3032,2021-01-24T22:16:10.790000+00:00,1.0,P
3130,3323,2021-01-24T22:16:13.700000+00:00,1.0,S
3131,3032,2021-01-24T22:16:10.790000+00:00,1.0,P
3131,3323,2021-01-24T22:16:13.700000+00:00,1.0,S
3132,3032,2021-01-24T22:16:10.790000+00:00,1.0,P
3132,3323,2021-01-24T22:16:13.700000+00:00,1.0,S
3133,3033,2021-01-24T22:16:10.800000+00:00,1.0,P
3133,3324,2021-01-24T22:16:13.710000+00:00,1.0,S
3134,3033,2021-01-24T22:16:10.800000+00:00,1.0,P
3134,3324,2021-01-24T22:16:13.710000+00:00,1.0,S
3135,3033,2021-01-24T22:16:10.800000+00:00,1.0,P
3135,3324,2021-01-24T22:16:13.710000+00:00,1.0,S
3136,3033,2021-01-24T22:16:10.800000+00:00,1.0,P
3136,3324,2021-01-24T22:16:13.710000+00:00,1.0,S
3137,3033,2021-01-24T22:16:10.800000+00:00,1.0,P
3137,3325,2021-01-24T22:16:13.720000+00:00,1.0,S
3138,3033,2021-01-24T22:16:10.800000+00:00,1.0,P
3138,3325,2021-01-24T22:16:13.720000+00:00,1.0,S
3139,3033,2021-01-24T22:16:10.800000+00:00,1.0,P
3139,3325,2021-01-24T22:16:13.720000+00:00,1.0,S
3140,3033,2021-01-24T22:16:10.800000+00:00,1.0,P
3140,3325,2021-01-24T22:16:13.720000+00:00,1.0,S
3141,3033,2021-01-24T22:16:10.800000+00:00,1.0,P
3141,3326,2021-01-24T22:16:13.729999+00:00,1.0,S
3142,3033,2021-01-24T22:16:10.800000+00:00,1.0,P
3142,3326,2021-01-24T22:16:13.729999+00:00,1.0,S
3143,3033,2021-01-24T22:16:10.800000+00:00,1.0,P
3143,3326,2021-01-24T22:16:13.729999+00:00,1.0,S
3144,3034,2021-01-24T22:16:10.810000+00:00,1.0,P
3144,3326,2021-01-24T22:16:13.729999+00:00,1.0,S
3145,3034,2021-01-24T22:16:10.810000+00:00,1.0,P
3145,3327,2021-01-24T22:16:13.740000+00:00,1.0,S
3146,3034,2021-01-24T22:16:10.810000+00:00,1.0,P
3146,3327,2021-01-24T22:16:13.740000+00:00,1.0,S
3147,3034,2021-01-24T22:16:10.810000+00:00,1.0,P
3147,3327,2021-01-24T22:16:13.740000+00:00,1.0,S
3148,3034,2021-01-24T22:16:10.810000+00:00,1.0,P
3148,3327,2021-01-24T22:16:13.740000+00:00,1.0,S
3149,3034,2021-01-24T22:16:10.810000+00:00,1.0,P
3149,3327,2021-01-24T22:16:13.740000+00:00,1.0,S
3150,3034,2021-01-24T22:16:10.810000+00:00,1.0,P
3150,3328,2021-01-24T22:16:13.750000+00:00,1.0,S
3151,3034,2021-01-24T22:16:10.810000+00:00,1.0,P
3151,3328,2021-01-24T22:16:13.750000+00:00,1.0,S
3152,3034,2021-01-24T22:16:10.810000+00:00,1.0,P
3152,3328,2021-01-24T22:16:13.750000+00:00,1.0,S
3153,3034,2021-01-24T22:16:10.810000+00:00,1.0,P
3153,3328,2021-01-24T22:16:13.750000+00:00,1.0,S
3154,3035,2021-01-24T22:16:10.820000+00:00,1.0,P
3154,3328,2021-01-24T22:16:13.750000+00:00,1.0,S
3155,3035,2021-01-24T22:16:10.820000+00:00,1.0,P
3155,3329,2021-01-24T22:16:13.760000+00:00,1.0,S
3156,3035,2021-01-24T22:16:10.820000+00:00,1.0,P
3156,3329,2021-01-24T22:16:13.760000+00:00,1.0,S
3157,3035,2021-01-24T22:16:10.820000+00:00,1.0,P
3157,3329,2021-01-24T22:16:13.760000+00:00,1.0,S
3158,3035,2021-01-24T22:16:10.820000+00:00,1.0,P
3158,3330,2021-01-24T22:16:13.769999+00:00,1.0,S
3159,3035,2021-01-24T22:16:10.820000+00:00,1.0,P
3159,3330,2021-01-24T22:16:13.769999+00:00,1.0,S
3160,3035,2021-01-24T22:16:10.820000+00:00,1.0,P
3160,3330,2021-01-24T22:16:13.769999+00:00,1.0,S
3161,3035,2021-01-24T22:16:10.820000+00:00,1.0,P
3161,3330,2021-01-24T22:16:13.769999+00:00,1.0,S
3162,3035,2021-01-24T22:16:10.820000+00:00,1.0,P
3162,3330,2021-01-24T22:16:13.769999+00:00,1.0,S
3163,3035,2021-01-24T22:16:10.820000+00:00,1.0,P
3163,3330,2021-01-24T22:16:13.769999+00:00,1.0,S
3164,3036,2021-01-24T22:16:10.830000+00:00,1.0,P
3164,3331,2021-01-24T22:16:13.780000+00:00,1.0,S
3165,3036,2021-01-24T22:16:10.830000+00:00,1.0,P
3165,3331,2021-01-24T22:16:13.780000+00:00,1.0,S
3166,3036,2021-01-24T22:16:10.830000+00:00,1.0,P
3166,3331,2021-01-24T22:16:13.780000+00:00,1.0,S
3167,3036,2021-01-24T22:16:10.830000+00:00,1.0,P
3167,3331,2021-01-24T22:16:13.780000+00:00,1.0,S
3168,3036,2021-01-24T22:16:10.830000+00:00,1.0,P
3168,3331,2021-01-24T22:16:13.780000+00:00,1.0,S
3169,3036,2021-01-24T22:16:10.830000+00:00,1.0,P
3169,3332,2021-01-24T22:16:13.790000+00:00,1.0,S
3170,3036,2021-01-24T22:16:10.830000+00:00,1.0,P
3170,3332,2021-01-24T22:16:13.790000+00:00,1.0,S
3171,3036,2021-01-24T22:16:10.830000+00:00,1.0,P
3171,3332,2021-01-24T22:16:13.790000+00:00,1.0,S
3172,3036,2021-01-24T22:16:10.830000+00:00,1.0,P
3172,3332,2021-01-24T22:16:13.790000+00:00,1.0,S
3173,3036,2021-01-24T22:16:10.830000+00:00,1.0,P
3173,3332,2021-01-24T22:16:13.790000+00:00,1.0,S
3174,3037,2021-01-24T22:16:10.840000+00:00,1.0,P
3174,3333,2021-01-24T22:16:13.800000+00:00,1.0,S
3175,3037,2021-01-24T22:16:10.840000+00:00,1.0,P
3175,3333,2021-01-24T22:16:13.800000+00:00,1.0,S
3176,3037,2021-01-24T22:16:10.840000+00:00,1.0,P
3176,3333,2021-01-24T22:16:13.800000+00:00,1.0,S
3177,3037,2021-01-24T22:16:10.840000+00:00,1.0,P
3177,3333,2021-01-24T22:16:13.800000+00:00,1.0,S
3178,3037,2021-01-24T22:16:10.840000+00:00,1.0,P
3178,3333,2021-01-24T22:16:13.800000+00:00,1.0,S
3179,3037,2021-01-24T22:16:10.840000+00:00,1.0,P
3179,3333,2021-01-24T22:16:13.800000+00:00,1.0,S
3180,3037,2021-01-24T22:16:10.840000+00:00,1.0,P
3180,3334,2021-01-24T22:16:13.810000+00:00,1.0,S
3181,3037,2021-01-24T22:16:10.840000+00:00,1.0,P
3181,3334,2021-01-24T22:16:13.810000+00:00,1.0,S
3182,3037,2021-01-24T22:16:10.840000+00:00,1.0,P
3182,3334,2021-01-24T22:16:13.810000+00:00,1.0,S
3183,3037,2021-01-24T22:16:10.840000+00:00,1.0,P
3183,3334,2021-01-24T22:16:13.810000+00:00,1.0,S
3184,3037,2021-01-24T22:16:10.840000+00:00,1.0,P
3184,3335,2021-01-24T22:16:13.820000+00:00,1.0,S
3185,3037,2021-01-24T22:16:10.840000+00:00,1.0,P
3185,3335,2021-01-24T22:16:13.820000+00:00,1.0,S
3186,3038,2021-01-24T22:16:10.850000+00:00,1.0,P
3186,3335,2021-01-24T22:16:13.820000+00:00,1.0,S
3187,3038,2021-01-24T22:16:10.850000+00:00,1.0,P
3187,3335,2021-01-24T22:16:13.820000+00:00,1.0,S
3188,3038,2021-01-24T22:16:10.850000+00:00,1.0,P
3188,3335,2021-01-24T22:16:13.820000+00:00,1.0,S
3189,3038,2021-01-24T22:16:10.850000+00:00,1.0,P
3189,3335,2021-01-24T22:16:13.820000+00:00,1.0,S
3190,3038,2021-01-24T22:16:10.850000+00:00,1.0,P
3190,3336,2021-01-24T22:16:13.830000+00:00,1.0,S
3191,3038,2021-01-24T22:16:10.850000+00:00,1.0,P
3191,3336,2021-01-24T22:16:13.830000+00:00,1.0,S
3192,3038,2021-01-24T22:16:10.850000+00:00,1.0,P
3192,3336,2021-01-24T22:16:13.830000+00:00,1.0,S
3193,3038,2021-01-24T22:16:10.850000+00:00,1.0,P
3193,3336,2021-01-24T22:16:13.830000+00:00,1.0,S
3194,3038,2021-01-24T22:16:10.850000+00:00,1.0,P
3194,3336,2021-01-24T22:16:13.830000+00:00,1.0,S
3195,3039,2021-01-24T22:16:10.860000+00:00,1.0,P
3195,3336,2021-01-24T22:16:13.830000+00:00,1.0,S
3196,3039,2021-01-24T22:16:10.860000+00:00,1.0,P
3196,3337,2021-01-24T22:16:13.839999+00:00,1.0,S
3197,3039,2021-01-24T22:16:10.860000+00:00,1.0,P
3197,3337,2021-01-24T22:16:13.839999+00:00,1.0,S
3198,3039,2021-01-24T22:16:10.860000+00:00,1.0,P
3198,3337,2021-01-24T22:16:13.839999+00:00,1.0,S
3199,3039,2021-01-24T22:16:10.860000+00:00,1.0,P
3199,3337,2021-01-24T22:16:13.839999+00:00,1.0,S
3200,3039,2021-01-24T22:16:10.860000+00:00,1.0,P
3200,3337,2021-01-24T22:16:13.839999+00:00,1.0,S
3201,3039,2021-01-24T22:16:10.860000+00:00,1.0,P
3201,3338,2021-01-24T22:16:13.850000+00:00,1.0,S
3202,3039,2021-01-24T22:16:10.860000+00:00,1.0,P
3202,3338,2021-01-24T22:16:13.850000+00:00,1.0,S
3203,3040,2021-01-24T22:16:10.870000+00:00,1.0,P
3203,3338,2021-01-24T22:16:13.850000+00:00,1.0,S
3204,3040,2021-01-24T22:16:10.870000+00:00,1.0,P
3204,3339,2021-01-24T22:16:13.860000+00:00,1.0,S
3205,3040,2021-01-24T22:16:10.870000+00:00,1.0,P
3205,3339,2021-01-24T22:16:13.860000+00:00,1.0,S
3206,3040,2021-01-24T22:16:10.870000+00:00,1.0,P
3206,3339,2021-01-24T22:16:13.860000+00:00,1.0,S
3207,3040,2021-01-24T22:16:10.870000+00:00,1.0,P
3207,3339,2021-01-24T22:16:13.860000+00:00,1.0,S
3208,3040,2021-01-24T22:16:10.870000+00:00,1.0,P
3208,3340,2021-01-24T22:16:13.870000+00:00,1.0,S
3209,3040,2021-01-24T22:16:10.870000+00:00,1.0,P
3209,3340,2021-01-24T22:16:13.870000+00:00,1.0,S
3210,3040,2021-01-24T22:16:10.870000+00:00,1.0,P
3210,3340,2021-01-24T22:16:13.870000+00:00,1.0,S
3211,3041,2021-01-24T22:16:10.880000+00:00,1.0,P
3211,3340,2021-01-24T22:16:13.870000+00:00,1.0,S
3212,3041,2021-01-24T22:16:10.880000+00:00,1.0,P
3212,3340,2021-01-24T22:16:13.870000+00:00,1.0,S
3213,3041,2021-01-24T22:16:10.880000+00:00,1.0,P
3213,3340,2021-01-24T22:16:13.870000+00:00,1.0,S
3214,3041,2021-01-24T22:16:10.880000+00:00,1.0,P
3214,3341,2021-01-24T22:16:13.880000+00:00,1.0,S
3215,3041,2021-01-24T22:16:10.880000+00:00,1.0,P
3215,3341,2021-01-24T22:16:13.880000+00:00,1.0,S
3216,3041,2021-01-24T22:16:10.880000+00:00,1.0,P
3216,3341,2021-01-24T22:16:13.880000+00:00,1.0,S
3217,3041,2021-01-24T22:16:10.880000+00:00,1.0,P
3217,3341,2021-01-24T22:16:13.880000+00:00,1.0,S
3218,3041,2021-01-24T22:16:10.880000+00:00,1.0,P
3218,3341,2021-01-24T22:16:13.880000+00:00,1.0,S
3219,3042,2021-01-24T22:16:10.890000+00:00,1.0,P
3219,3341,2021-01-24T22:16:13.880000+00:00,1.0,S
3220,3042,2021-01-24T22:16:10.890000+00:00,1.0,P
3220,3341,2021-01-24T22:16:13.880000+00:00,1.0,S
3221,3042,2021-01-24T22:16:10.890000+00:00,1.0,P
3221,3342,2021-01-24T22:16:13.890000+00:00,1.0,S
3222,3042,2021-01-24T22:16:10.890000+00:00,1.0,P
3222,3342,2021-01-24T22:16:13.890000+00:00,1.0,S
3223,3042,2021-01-24T22:16:10.890000+00:00,1.0,P
3223,3342,2021-01-24T22:16:13.890000+00:00,1.0,S
3224,3042,2021-01-24T22:16:10.890000+00:00,1.0,P
3224,3342,2021-01-24T22:16:13.890000+00:00,1.0,S
3225,3042,2021-01-24T22:16:10.890000+00:00,1.0,P
3225,3342,2021-01-24T22:16:13.890000+00:00,1.0,S
3226,3042,2021-01-24T22:16:10.890000+00:00,1.0,P
3226,3343,2021-01-24T22:16:13.900000+00:00,1.0,S
3227,3043,2021-01-24T22:16:10.900000+00:00,1.0,P
3227,3343,2021-01-24T22:16:13.900000+00:00,1.0,S
3228,3043,2021-01-24T22:16:10.900000+00:00,1.0,P
3228,3343,2021-01-24T22:16:13.900000+00:00,1.0,S
3229,3043,2021-01-24T22:16:10.900000+00:00,1.0,P
3229,3343,2021-01-24T22:16:13.900000+00:00,1.0,S
3230,3043,2021-01-24T22:16:10.900000+00:00,1.0,P
3230,3343,2021-01-24T22:16:13.900000+00:00,1.0,S
3231,3043,2021-01-24T22:16:10.900000+00:00,1.0,P
3231,3343,2021-01-24T22:16:13.900000+00:00,1.0,S
3232,3043,2021-01-24T22:16:10.900000+00:00,1.0,P
3232,3344,2021-01-24T22:16:13.909999+00:00,1.0,S
3233,3043,2021-01-24T22:16:10.900000+00:00,1.0,P
3233,3344,2021-01-24T22:16:13.909999+00:00,1.0,S
3234,3043,2021-01-24T22:16:10.900000+00:00,1.0,P
3234,3344,2021-01-24T22:16:13.909999+00:00,1.0,S
3235,3043,2021-01-24T22:16:10.900000+00:00,1.0,P
3235,3344,2021-01-24T22:16:13.909999+00:00,1.0,S
3236,3043,2021-01-24T22:16:10.900000+00:00,1.0,P
3236,3344,2021-01-24T22:16:13.909999+00:00,1.0,S
3237,3044,2021-01-24T22:16:10.910000+00:00,1.0,P
3237,3344,2021-01-24T22:16:13.909999+00:00,1.0,S
3238,3044,2021-01-24T22:16:10.910000+00:00,1.0,P
3238,3344,2021-01-24T22:16:13.909999+00:00,1.0,S
3239,3044,2021-01-24T22:16:10.910000+00:00,1.0,P
3239,3344,2021-01-24T22:16:13.909999+00:00,1.0,S
3240,3044,2021-01-24T22:16:10.910000+00:00,1.0,P
3240,3344,2021-01-24T22:16:13.909999+00:00,1.0,S
3241,3044,2021-01-24T22:16:10.910000+00:00,1.0,P
3241,3345,2021-01-24T22:16:13.920000+00:00,1.0,S
3242,3044,2021-01-24T22:16:10.910000+00:00,1.0,P
3242,3345,2021-01-24T22:16:13.920000+00:00,1.0,S
3243,3044,2021-01-24T22:16:10.910000+00:00,1.0,P
3243,3345,2021-01-24T22:16:13.920000+00:00,1.0,S
3244,3044,2021-01-24T22:16:10.910000+00:00,1.0,P
3244,3345,2021-01-24T22:16:13.920000+00:00,1.0,S
3245,3044,2021-01-24T22:16:10.910000+00:00,1.0,P
3245,3345,2021-01-24T22:16:13.920000+00:00,1.0,S
3246,3044,2021-01-24T22:16:10.910000+00:00,1.0,P
3246,3345,2021-01-24T22:16:13.920000+00:00,1.0,S
3247,3044,2021-01-24T22:16:10.910000+00:00,1.0,P
3247,3345,2021-01-24T22:16:13.920000+00:00,1.0,S
3248,3045,2021-01-24T22:16:10.920000+00:00,1.0,P
3248,3345,2021-01-24T22:16:13.920000+00:00,1.0,S
3249,3045,2021-01-24T22:16:10.920000+00:00,1.0,P
3249,3345,2021-01-24T22:16:13.920000+00:00,1.0,S
3250,3045,2021-01-24T22:16:10.920000+00:00,1.0,P
3250,3345,2021-01-24T22:16:13.920000+00:00,1.0,S
3251,3045,2021-01-24T22:16:10.920000+00:00,1.0,P
3251,3345,2021-01-24T22:16:13.920000+00:00,1.0,S
3252,3045,2021-01-24T22:16:10.920000+00:00,1.0,P
3252,3345,2021-01-24T22:16:13.920000+00:00,1.0,S
3253,3045,2021-01-24T22:16:10.920000+00:00,1.0,P
3253,3345,2021-01-24T22:16:13.920000+00:00,1.0,S
3254,3045,2021-01-24T22:16:10.920000+00:00,1.0,P
3254,3345,2021-01-24T22:16:13.920000+00:00,1.0,S
3255,3045,2021-01-24T22:16:10.920000+00:00,1.0,P
3255,3345,2021-01-24T22:16:13.920000+00:00,1.0,S
3256,3045,2021-01-24T22:16:10.920000+00:00,1.0,P
3256,3345,2021-01-24T22:16:13.920000+00:00,1.0,S
3257,3045,2021-01-24T22:16:10.920000+00:00,1.0,P
3257,3345,2021-01-24T22:16:13.920000+00:00,1.0,S
3258,3045,2021-01-24T22:16:10.920000+00:00,1.0,P
3258,3345,2021-01-24T22:16:13.920000+00:00,1.0,S
3259,3045,2021-01-24T22:16:10.920000+00:00,1.0,P
3259,3345,2021-01-24T22:16:13.920000+00:00,1.0,S
3260,3045,2021-01-24T22:16:10.920000+00:00,1.0,P
3260,3345,2021-01-24T22:16:13.920000+00:00,1.0,S
3261,3045,2021-01-24T22:16:10.920000+00:00,1.0,P
3261,3344,2021-01-24T22:16:13.909999+00:00,1.0,S
3262,3045,2021-01-24T22:16:10.920000+00:00,1.0,P
3262,3344,2021-01-24T22:16:13.909999+00:00,1.0,S
3263,3046,2021-01-24T22:16:10.930000+00:00,1.0,P
3263,3344,2021-01-24T22:16:13.909999+00:00,1.0,S
3264,3046,2021-01-24T22:16:10.930000+00:00,1.0,P
3264,3344,2021-01-24T22:16:13.909999+00:00,1.0,S
3265,3046,2021-01-24T22:16:10.930000+00:00,1.0,P
3265,3344,2021-01-24T22:16:13.909999+00:00,1.0,S
3266,3046,2021-01-24T22:16:10.930000+00:00,1.0,P
3266,3344,2021-01-24T22:16:13.909999+00:00,1.0,S
3267,3046,2021-01-24T22:16:10.930000+00:00,1.0,P
3267,3344,2021-01-24T22:16:13.909999+00:00,1.0,S
3268,3046,2021-01-24T22:16:10.930000+00:00,1.0,P
3268,3344,2021-01-24T22:16:13.909999+00:00,1.0,S
3269,3046,2021-01-24T22:16:10.930000+00:00,1.0,P
3269,3343,2021-01-24T22:16:13.900000+00:00,1.0,S
3270,3046,2021-01-24T22:16:10.930000+00:00,1.0,P
3270,3343,2021-01-24T22:16:13.900000+00:00,1.0,S
3271,3046,2021-01-24T22:16:10.930000+00:00,1.0,P
3271,3343,2021-01-24T22:16:13.900000+00:00,1.0,S
3272,3046,2021-01-24T22:16:10.930000+00:00,1.0,P
3272,3343,2021-01-24T22:16:13.900000+00:00,1.0,S
3273,3046,2021-01-24T22:16:10.930000+00:00,1.0,P
3273,3343,2021-01-24T22:16:13.900000+00:00,1.0,S
3274,3046,2021-01-24T22:16:10.930000+00:00,1.0,P
3274,3343,2021-01-24T22:16:13.900000+00:00,1.0,S
3275,3046,2021-01-24T22:16:10.930000+00:00,1.0,P
3275,3342,2021-01-24T22:16:13.890000+00:00,1.0,S
3276,3046,2021-01-24T22:16:10.930000+00:00,1.0,P
3276,3342,2021-01-24T22:16:13.890000+00:00,1.0,S
3277,3046,2021-01-24T22:16:10.930000+00:00,1.0,P
3277,3342,2021-01-24T22:16:13.890000+00:00,1.0,S
3278,3046,2021-01-24T22:16:10.930000+00:00,1.0,P
3278,3342,2021-01-24T22:16:13.890000+00:00,1.0,S
3279,3046,2021-01-24T22:16:10.930000+00:00,1.0,P
3279,3342,2021-01-24T22:16:13.890000+00:00,1.0,S
3280,3046,2021-01-24T22:16:10.930000+00:00,1.0,P
3280,3342,2021-01-24T22:16:13.890000+00:00,1.0,S
3281,3046,2021-01-24T22:16:10.930000+00:00,1.0,P
3281,3342,2021-01-24T22:16:13.890000+00:00,1.0,S
3282,3046,2021-01-24T22:16:10.930000+00:00,1.0,P
3282,3342,2021-01-24T22:16:13.890000+00:00,1.0,S
3283,3046,2021-01-24T22:16:10.930000+00:00,1.0,P
3283,3341,2021-01-24T22:16:13.880000+00:00,1.0,S
3284,3046,2021-01-24T22:16:10.930000+00:00,1.0,P
3284,3341,2021-01-24T22:16:13.880000+00:00,1.0,S
3285,3046,2021-01-24T22:16:10.930000+00:00,1.0,P
3285,3341,2021-01-24T22:16:13.880000+00:00,1.0,S
3286,3046,2021-01-24T22:16:10.930000+00:00,1.0,P
3286,3341,2021-01-24T22:16:13.880000+00:00,1.0,S
3287,3046,2021-01-24T22:16:10.930000+00:00,1.0,P
3287,3341,2021-01-24T22:16:13.880000+00:00,1.0,S
3288,3046,2021-01-24T22:16:10.930000+00:00,1.0,P
3288,3341,2021-01-24T22:16:13.880000+00:00,1.0,S
3289,3046,2021-01-24T22:16:10.930000+00:00,1.0,P
3289,3341,2021-01-24T22:16:13.880000+00:00,1.0,S
3290,3046,2021-01-24T22:16:10.930000+00:00,1.0,P
3290,3341,2021-01-24T22:16:13.880000+00:00,1.0,S
3291,3046,2021-01-24T22:16:10.930000+00:00,1.0,P
3291,3341,2021-01-24T22:16:13.880000+00:00,1.0,S
3292,3046,2021-01-24T22:16:10.930000+00:00,1.0,P
3292,3341,2021-01-24T22:16:13.880000+00:00,1.0,S
3293,3046,2021-01-24T22:16:10.930000+00:00,1.0,P
3293,3341,2021-01-24T22:16:13.880000+00:00,1.0,S
3294,3046,2021-01-24T22:16:10.930000+00:00,1.0,P
3294,3341,2021-01-24T22:16:13.880000+00:00,1.0,S
3295,3046,2021-01-24T22:16:10.930000+00:00,1.0,P
3295,3341,2021-01-24T22:16:13.880000+00:00,1.0,S
3296,3046,2021-01-24T22:16:10.930000+00:00,1.0,P
3296,3341,2021-01-24T22:16:13.880000+00:00,1.0,S
3297,3046,2021-01-24T22:16:10.930000+00:00,1.0,P
3297,3341,2021-01-24T22:16:13.880000+00:00,1.0,S
3298,3046,2021-01-24T22:16:10.930000+00:00,1.0,P
3298,3341,2021-01-24T22:16:13.880000+00:00,1.0,S
3299,3046,2021-01-24T22:16:10.930000+00:00,1.0,P
3299,3341,2021-01-24T22:16:13.880000+00:00,1.0,S
3300,3046,2021-01-24T22:16:10.930000+00:00,1.0,P
3300,3341,2021-01-24T22:16:13.880000+00:00,1.0,S
3301,3046,2021-01-24T22:16:10.930000+00:00,1.0,P
3301,3341,2021-01-24T22:16:13.880000+00:00,1.0,S
3302,3046,2021-01-24T22:16:10.930000+00:00,1.0,P
3302,3340,2021-01-24T22:16:13.870000+00:00,1.0,S
3303,3046,2021-01-24T22:16:10.930000+00:00,1.0,P
3303,3340,2021-01-24T22:16:13.870000+00:00,1.0,S
3304,3046,2021-01-24T22:16:10.930000+00:00,1.0,P
3304,3340,2021-01-24T22:16:13.870000+00:00,1.0,S
3305,3046,2021-01-24T22:16:10.930000+00:00,1.0,P
3305,3340,2021-01-24T22:16:13.870000+00:00,1.0,S
3306,3046,2021-01-24T22:16:10.930000+00:00,1.0,P
3306,3340,2021-01-24T22:16:13.870000+00:00,1.0,S
3307,3046,2021-01-24T22:16:10.930000+00:00,1.0,P
3307,3340,2021-01-24T22:16:13.870000+00:00,1.0,S
3308,3046,2021-01-24T22:16:10.930000+00:00,1.0,P
3308,3340,2021-01-24T22:16:13.870000+00:00,1.0,S
3309,3046,2021-01-24T22:16:10.930000+00:00,1.0,P
3309,3340,2021-01-24T22:16:13.870000+00:00,1.0,S
3310,3046,2021-01-24T22:16:10.930000+00:00,1.0,P
3310,3340,2021-01-24T22:16:13.870000+00:00,1.0,S
3311,3046,2021-01-24T22:16:10.930000+00:00,1.0,P
3311,3340,2021-01-24T22:16:13.870000+00:00,1.0,S
3312,3046,2021-01-24T22:16:10.930000+00:00,1.0,P
3312,3339,2021-01-24T22:16:13.860000+00:00,1.0,S
3313,3046,2021-01-24T22:16:10.930000+00:00,1.0,P
3313,3339,2021-01-24T22:16:13.860000+00:00,1.0,S
3314,3046,2021-01-24T22:16:10.930000+00:00,1.0,P
3314,3339,2021-01-24T22:16:13.860000+00:00,1.0,S
3315,3046,2021-01-24T22:16:10.930000+00:00,1.0,P
3315,3339,2021-01-24T22:16:13.860000+00:00,1.0,S
3316,3046,2021-01-24T22:16:10.930000+00:00,1.0,P
3316,3339,2021-01-24T22:16:13.860000+00:00,1.0,S
3317,3046,2021-01-24T22:16:10.930000+00:00,1.0,P
3317,3339,2021-01-24T22:16:13.860000+00:00,1.0,S
3318,3046,2021-01-24T22:16:10.930000+00:00,1.0,P
3318,3339,2021-01-24T22:16:13.860000+00:00,1.0,S
3319,3046,2021-01-24T22:16:10.930000+00:00,1.0,P
3319,3339,2021-01-24T22:16:13.860000+00:00,1.0,S
3320,3046,2021-01-24T22:16:10.930000+00:00,1.0,P
3320,3338,2021-01-24T22:16:13.850000+00:00,1.0,S
3321,3046,2021-01-24T22:16:10.930000+00:00,1.0,P
3321,3338,2021-01-24T22:16:13.850000+00:00,1.0,S
3322,3046,2021-01-24T22:16:10.930000+00:00,1.0,P
3322,3338,2021-01-24T22:16:13.850000+00:00,1.0,S
3323,3046,2021-01-24T22:16:10.930000+00:00,1.0,P
3323,3338,2021-01-24T22:16:13.850000+00:00,1.0,S
3324,3046,2021-01-24T22:16:10.930000+00:00,1.0,P
3324,3338,2021-01-24T22:16:13.850000+00:00,1.0,S
3325,3046,2021-01-24T22:16:10.930000+00:00,1.0,P
3325,3338,2021-01-24T22:16:13.850000+00:00,1.0,S
3326,3046,2021-01-24T22:16:10.930000+00:00,1.0,P
3326,3337,2021-01-24T22:16:13.839999+00:00,1.0,S
3327,3046,2021-01-24T22:16:10.930000+00:00,1.0,P
3327,3337,2021-01-24T22:16:13.839999+00:00,1.0,S
3328,3046,2021-01-24T22:16:10.930000+00:00,1.0,P
3328,3337,2021-01-24T22:16:13.839999+00:00,1.0,S
3329,3045,2021-01-24T22:16:10.920000+00:00,1.0,P
3329,3337,2021-01-24T22:16:13.839999+00:00,1.0,S
3330,3045,2021-01-24T22:16:10.920000+00:00,1.0,P
3330,3337,2021-01-24T22:16:13.839999+00:00,1.0,S
3331,3045,2021-01-24T22:16:10.920000+00:00,1.0,P
3331,3336,2021-01-24T22:16:13.830000+00:00,1.0,S
3332,3045,2021-01-24T22:16:10.920000+00:00,1.0,P
3332,3336,2021-01-24T22:16:13.830000+00:00,1.0,S
3333,3045,2021-01-24T22:16:10.920000+00:00,1.0,P
3333,3336,2021-01-24T22:16:13.830000+00:00,1.0,S
3334,3045,2021-01-24T22:16:10.920000+00:00,1.0,P
3334,3336,2021-01-24T22:16:13.830000+00:00,1.0,S
3335,3045,2021-01-24T22:16:10.920000+00:00,1.0,P
3335,3336,2021-01-24T22:16:13.830000+00:00,1.0,S
3336,3045,2021-01-24T22:16:10.920000+00:00,1.0,P
3336,3336,2021-01-24T22:16:13.830000+00:00,1.0,S
3337,3045,2021-01-24T22:16:10.920000+00:00,1.0,P
3337,3335,2021-01-24T22:16:13.820000+00:00,1.0,S
3338,3045,2021-01-24T22:16:10.920000+00:00,1.0,P
3338,3335,2021-01-24T22:16:13.820000+00:00,1.0,S
3339,3045,2021-01-24T22:16:10.920000+00:00,1.0,P
3339,3335,2021-01-24T22:16:13.820000+00:00,1.0,S
3340,3045,2021-01-24T22:16:10.920000+00:00,1.0,P
3340,3335,2021-01-24T22:16:13.820000+00:00,1.0,S
3341,3045,2021-01-24T22:16:10.920000+00:00,1.0,P
3341,3335,2021-01-24T22:16:13.820000+00:00,1.0,S
3342,3045,2021-01-24T22:16:10.920000+00:00,1.0,P
3342,3335,2021-01-24T22:16:13.820000+00:00,1.0,S
3343,3045,2021-01-24T22:16:10.920000+00:00,1.0,P
3343,3334,2021-01-24T22:16:13.810000+00:00,1.0,S
3344,3045,2021-01-24T22:16:10.920000+00:00,1.0,P
3344,3334,2021-01-24T22:16:13.810000+00:00,1.0,S
3345,3045,2021-01-24T22:16:10.920000+00:00,1.0,P
3345,3334,2021-01-24T22:16:13.810000+00:00,1.0,S
3346,3045,2021-01-24T22:16:10.920000+00:00,1.0,P
3346,3334,2021-01-24T22:16:13.810000+00:00,1.0,S
3347,3044,2021-01-24T22:16:10.910000+00:00,1.0,P
3347,3334,2021-01-24T22:16:13.810000+00:00,1.0,S
3348,3044,2021-01-24T22:16:10.910000+00:00,1.0,P
3348,3333,2021-01-24T22:16:13.800000+00:00,1.0,S
3349,3044,2021-01-24T22:16:10.910000+00:00,1.0,P
3349,3333,2021-01-24T22:16:13.800000+00:00,1.0,S
3350,3044,2021-01-24T22:16:10.910000+00:00,1.0,P
3350,3333,2021-01-24T22:16:13.800000+00:00,1.0,S
3351,3044,2021-01-24T22:16:10.910000+00:00,1.0,P
3351,3333,2021-01-24T22:16:13.800000+00:00,1.0,S
3352,3044,2021-01-24T22:16:10.910000+00:00,1.0,P
3352,3333,2021-01-24T22:16:13.800000+00:00,1.0,S
3353,3044,2021-01-24T22:16:10.910000+00:00,1.0,P
3353,3333,2021-01-24T22:16:13.800000+00:00,1.0,S
3354,3044,2021-01-24T22:16:10.910000+00:00,1.0,P
3354,3333,2021-01-24T22:16:13.800000+00:00,1.0,S
3355,3044,2021-01-24T22:16:10.910000+00:00,1.0,P
3355,3332,2021-01-24T22:16:13.790000+00:00,1.0,S
3356,3044,2021-01-24T22:16:10.910000+00:00,1.0,P
3356,3332,2021-01-24T22:16:13.790000+00:00,1.0,S
3357,3044,2021-01-24T22:16:10.910000+00:00,1.0,P
3357,3332,2021-01-24T22:16:13.790000+00:00,1.0,S
3358,3044,2021-01-24T22:16:10.910000+00:00,1.0,P
3358,3332,2021-01-24T22:16:13.790000+00:00,1.0,S
3359,3044,2021-01-24T22:16:10.910000+00:00,1.0,P
3359,3332,2021-01-24T22:16:13.790000+00:00,1.0,S
3360,3044,2021-01-24T22:16:10.910000+00:00,1.0,P
3360,3332,2021-01-24T22:16:13.790000+00:00,1.0,S
3361,3043,2021-01-24T22:16:10.900000+00:00,1.0,P
3361,3332,2021-01-24T22:16:13.790000+00:00,1.0,S
3362,3043,2021-01-24T22:16:10.900000+00:00,1.0,P
3362,3332,2021-01-24T22:16:13.790000+00:00,1.0,S
3363,3043,2021-01-24T22:16:10.900000+00:00,1.0,P
3363,3331,2021-01-24T22:16:13.780000+00:00,1.0,S
3364,3043,2021-01-24T22:16:10.900000+00:00,1.0,P
3364,3331,2021-01-24T22:16:13.780000+00:00,1.0,S
3365,3043,2021-01-24T22:16:10.900000+00:00,1.0,P
3365,3331,2021-01-24T22:16:13.780000+00:00,1.0,S
3366,3043,2021-01-24T22:16:10.900000+00:00,1.0,P
3366,3331,2021-01-24T22:16:13.780000+00:00,1.0,S
3367,3043,2021-01-24T22:16:10.900000+00:00,1.0,P
3367,3331,2021-01-24T22:16:13.780000+00:00,1.0,S
3368,3043,2021-01-24T22:16:10.900000+00:00,1.0,P
3368,3331,2021-01-24T22:16:13.780000+00:00,1.0,S
3369,3043,2021-01-24T22:16:10.900000+00:00,1.0,P
3369,3331,2021-01-24T22:16:13.780000+00:00,1.0,S
3370,3043,2021-01-24T22:16:10.900000+00:00,1.0,P
3370,3331,2021-01-24T22:16:13.780000+00:00,1.0,S
3371,3043,2021-01-24T22:16:10.900000+00:00,1.0,P
3371,3330,2021-01-24T22:16:13.769999+00:00,1.0,S
3372,3043,2021-01-24T22:16:10.900000+00:00,1.0,P
3372,3330,2021-01-24T22:16:13.769999+00:00,1.0,S
3373,3042,2021-01-24T22:16:10.890000+00:00,1.0,P
3373,3330,2021-01-24T22:16:13.769999+00:00,1.0,S
3374,3042,2021-01-24T22:16:10.890000+00:00,1.0,P
3374,3330,2021-01-24T22:16:13.769999+00:00,1.0,S
3375,3042,2021-01-24T22:16:10.890000+00:00,1.0,P
3375,3330,2021-01-24T22:16:13.769999+00:00,1.0,S
3376,3042,2021-01-24T22:16:10.890000+00:00,1.0,P
3376,3330,2021-01-24T22:16:13.769999+00:00,1.0,S
3377,3042,2021-01-24T22:16:10.890000+00:00,1.0,P
3377,3330,2021-01-24T22:16:13.769999+00:00,1.0,S
3378,3042,2021-01-24T22:16:10.890000+00:00,1.0,P
3378,3330,2021-01-24T22:16:13.769999+00:00,1.0,S
3379,3042,2021-01-24T22:16:10.890000+00:00,1.0,P
3379,3330,2021-01-24T22:16:13.769999+00:00,1.0,S
3380,3042,2021-01-24T22:16:10.890000+00:00,1.0,P
3380,3329,2021-01-24T22:16:13.760000+00:00,1.0,S
3381,3042,2021-01-24T22:16:10.890000+00:00,1.0,P
3381,3329,2021-01-24T22:16:13.760000+00:00,1.0,S
3382,3042,2021-01-24T22:16:10.890000+00:00,1.0,P
3382,3329,2021-01-24T22:16:13.760000+00:00,1.0,S
3383,3042,2021-01-24T22:16:10.890000+00:00,1.0,P
3383,3329,2021-01-24T22:16:13.760000+00:00,1.0,S
3384,3042,2021-01-24T22:16:10.890000+00:00,1.0,P
3384,3329,2021-01-24T22:16:13.760000+00:00,1.0,S
3385,3041,2021-01-24T22:16:10.880000+00:00,1.0,P
3385,3329,2021-01-24T22:16:13.760000+00:00,1.0,S
3386,3041,2021-01-24T22:16:10.880000+00:00,1.0,P
3386,3329,2021-01-24T22:16:13.760000+00:00,1.0,S
3387,3041,2021-01-24T22:16:10.880000+00:00,1.0,P
3387,3329,2021-01-24T22:16:13.760000+00:00,1.0,S
3388,3041,2021-01-24T22:16:10.880000+00:00,1.0,P
3388,3329,2021-01-24T22:16:13.760000+00:00,1.0,S
3389,3041,2021-01-24T22:16:10.880000+00:00,1.0,P
3389,3329,2021-01-24T22:16:13.760000+00:00,1.0,S
3390,3041,2021-01-24T22:16:10.880000+00:00,1.0,P
3390,3329,2021-01-24T22:16:13.760000+00:00,1.0,S
3391,3041,2021-01-24T22:16:10.880000+00:00,1.0,P
3391,3329,2021-01-24T22:16:13.760000+00:00,1.0,S
3392,3041,2021-01-24T22:16:10.880000+00:00,1.0,P
3392,3329,2021-01-24T22:16:13.760000+00:00,1.0,S
3393,3041,2021-01-24T22:16:10.880000+00:00,1.0,P
3393,3329,2021-01-24T22:16:13.760000+00:00,1.0,S
3394,3041,2021-01-24T22:16:10.880000+00:00,1.0,P
3394,3329,2021-01-24T22:16:13.760000+00:00,1.0,S
3395,3041,2021-01-24T22:16:10.880000+00:00,1.0,P
3395,3329,2021-01-24T22:16:13.760000+00:00,1.0,S
3396,3040,2021-01-24T22:16:10.870000+00:00,1.0,P
3396,3329,2021-01-24T22:16:13.760000+00:00,1.0,S
3397,3040,2021-01-24T22:16:10.870000+00:00,1.0,P
3397,3328,2021-01-24T22:16:13.750000+00:00,1.0,S
3398,3040,2021-01-24T22:16:10.870000+00:00,1.0,P
3398,3328,2021-01-24T22:16:13.750000+00:00,1.0,S
3399,3040,2021-01-24T22:16:10.870000+00:00,1.0,P
3399,3328,2021-01-24T22:16:13.750000+00:00,1.0,S
3400,3040,2021-01-24T22:16:10.870000+00:00,1.0,P
3400,3328,2021-01-24T22:16:13.750000+00:00,1.0,S
3401,3040,2021-01-24T22:16:10.870000+00:00,1.0,P
3401,3328,2021-01-24T22:16:13.750000+00:00,1.0,S
3402,3040,2021-01-24T22:16:10.870000+00:00,1.0,P
3402,3328,2021-01-24T22:16:13.750000+00:00,1.0,S
3403,3040,2021-01-24T22:16:10.870000+00:00,1.0,P
3403,3327,2021-01-24T22:16:13.740000+00:00,1.0,S
3404,3040,2021-01-24T22:16:10.870000+00:00,1.0,P
3404,3327,2021-01-24T22:16:13.740000+00:00,1.0,S
3405,3040,2021-01-24T22:16:10.870000+00:00,1.0,P
3405,3327,2021-01-24T22:16:13.740000+00:00,1.0,S
3406,3039,2021-01-24T22:16:10.860000+00:00,1.0,P
3406,3327,2021-01-24T22:16:13.740000+00:00,1.0,S
3407,3039,2021-01-24T22:16:10.860000+00:00,1.0,P
3407,3327,2021-01-24T22:16:13.740000+00:00,1.0,S
3408,3039,2021-01-24T22:16:10.860000+00:00,1.0,P
3408,3327,2021-01-24T22:16:13.740000+00:00,1.0,S
3409,3039,2021-01-24T22:16:10.860000+00:00,1.0,P
3409,3326,2021-01-24T22:16:13.729999+00:00,1.0,S
3410,3039,2021-01-24T22:16:10.860000+00:00,1.0,P
3410,3326,2021-01-24T22:16:13.729999+00:00,1.0,S
3411,3039,2021-01-24T22:16:10.860000+00:00,1.0,P
3411,3326,2021-01-24T22:16:13.729999+00:00,1.0,S
3412,3039,2021-01-24T22:16:10.860000+00:00,1.0,P
3412,3326,2021-01-24T22:16:13.729999+00:00,1.0,S
3413,3039,2021-01-24T22:16:10.860000+00:00,1.0,P
3413,3326,2021-01-24T22:16:13.729999+00:00,1.0,S
3414,3039,2021-01-24T22:16:10.860000+00:00,1.0,P
3414,3326,2021-01-24T22:16:13.729999+00:00,1.0,S
3415,3038,2021-01-24T22:16:10.850000+00:00,1.0,P
3415,3326,2021-01-24T22:16:13.729999+00:00,1.0,S
3416,3038,2021-01-24T22:16:10.850000+00:00,1.0,P
3416,3326,2021-01-24T22:16:13.729999+00:00,1.0,S
3417,3038,2021-01-24T22:16:10.850000+00:00,1.0,P
3417,3326,2021-01-24T22:16:13.729999+00:00,1.0,S
3418,3038,2021-01-24T22:16:10.850000+00:00,1.0,P
3418,3325,2021-01-24T22:16:13.720000+00:00,1.0,S
3419,3038,2021-01-24T22:16:10.850000+00:00,1.0,P
3419,3325,2021-01-24T22:16:13.720000+00:00,1.0,S
3420,3038,2021-01-24T22:16:10.850000+00:00,1.0,P
3420,3325,2021-01-24T22:16:13.720000+00:00,1.0,S
3421,3038,2021-01-24T22:16:10.850000+00:00,1.0,P
3421,3325,2021-01-24T22:16:13.720000+00:00,1.0,S
3422,3038,2021-01-24T22:16:10.850000+00:00,1.0,P
3422,3325,2021-01-24T22:16:13.720000+00:00,1.0,S
3423,3038,2021-01-24T22:16:10.850000+00:00,1.0,P
3423,3324,2021-01-24T22:16:13.710000+00:00,1.0,S
3424,3037,2021-01-24T22:16:10.840000+00:00,1.0,P
3424,3324,2021-01-24T22:16:13.710000+00:00,1.0,S
3425,3037,2021-01-24T22:16:10.840000+00:00,1.0,P
3425,3324,2021-01-24T22:16:13.710000+00:00,1.0,S
3426,3037,2021-01-24T22:16:10.840000+00:00,1.0,P
3426,3324,2021-01-24T22:16:13.710000+00:00,1.0,S
3427,3037,2021-01-24T22:16:10.840000+00:00,1.0,P
3427,3324,2021-01-24T22:16:13.710000+00:00,1.0,S
3428,3037,2021-01-24T22:16:10.840000+00:00,1.0,P
3428,3323,2021-01-24T22:16:13.700000+00:00,1.0,S
3429,3037,2021-01-24T22:16:10.840000+00:00,1.0,P
3429,3323,2021-01-24T22:16:13.700000+00:00,1.0,S
3430,3037,2021-01-24T22:16:10.840000+00:00,1.0,P
3430,3323,2021-01-24T22:16:13.700000+00:00,1.0,S
3431,3037,2021-01-24T22:16:10.840000+00:00,1.0,P
3431,3323,2021-01-24T22:16:13.700000+00:00,1.0,S
3432,3037,2021-01-24T22:16:10.840000+00:00,1.0,P
3432,3322,2021-01-24T22:16:13.690000+00:00,1.0,S
3433,3036,2021-01-24T22:16:10.830000+00:00,1.0,P
3433,3322,2021-01-24T22:16:13.690000+00:00,1.0,S
3434,3036,2021-01-24T22:16:10.830000+00:00,1.0,P
3434,3322,2021-01-24T22:16:13.690000+00:00,1.0,S
3435,3036,2021-01-24T22:16:10.830000+00:00,1.0,P
3435,3322,2021-01-24T22:16:13.690000+00:00,1.0,S
3436,3036,2021-01-24T22:16:10.830000+00:00,1.0,P
3436,3322,2021-01-24T22:16:13.690000+00:00,1.0,S
3437,3036,2021-01-24T22:16:10.830000+00:00,1.0,P
3437,3322,2021-01-24T22:16:13.690000+00:00,1.0,S
3438,3036,2021-01-24T22:16:10.830000+00:00,1.0,P
3438,3321,2021-01-24T22:16:13.680000+00:00,1.0,S
3439,3036,2021-01-24T22:16:10.830000+00:00,1.0,P
3439,3321,2021-01-24T22:16:13.680000+00:00,1.0,S
3440,3036,2021-01-24T22:16:10.830000+00:00,1.0,P
3440,3321,2021-01-24T22:16:13.680000+00:00,1.0,S
3441,3036,2021-01-24T22:16:10.830000+00:00,1.0,P
3441,3321,2021-01-24T22:16:13.680000+00:00,1.0,S
3442,3035,2021-01-24T22:16:10.820000+00:00,1.0,P
3442,3321,2021-01-24T22:16:13.680000+00:00,1.0,S
3443,3035,2021-01-24T22:16:10.820000+00:00,1.0,P
3443,3321,2021-01-24T22:16:13.680000+00:00,1.0,S
3444,3035,2021-01-24T22:16:10.820000+00:00,1.0,P
3444,3320,2021-01-24T22:16:13.670000+00:00,1.0,S
3445,3035,2021-01-24T22:16:10.820000+00:00,1.0,P
3445,3320,2021-01-24T22:16:13.670000+00:00,1.0,S
3446,3035,2021-01-24T22:16:10.820000+00:00,1.0,P
3446,3320,2021-01-24T22:16:13.670000+00:00,1.0,S
3447,3035,2021-01-24T22:16:10.820000+00:00,1.0,P
3447,3320,2021-01-24T22:16:13.670000+00:00,1.0,S
3448,3035,2021-01-24T22:16:10.820000+00:00,1.0,P
3448,3320,2021-01-24T22:16:13.670000+00:00,1.0,S
3449,3035,2021-01-24T22:16:10.820000+00:00,1.0,P
3449,3320,2021-01-24T22:16:13.670000+00:00,1.0,S
3450,3034,2021-01-24T22:16:10.810000+00:00,1.0,P
3450,3319,2021-01-24T22:16:13.659999+00:00,1.0,S
3451,3034,2021-01-24T22:16:10.810000+00:00,1.0,P
3451,3319,2021-01-24T22:16:13.659999+00:00,1.0,S
3452,3034,2021-01-24T22:16:10.810000+00:00,1.0,P
3452,3319,2021-01-24T22:16:13.659999+00:00,1.0,S
3453,3034,2021-01-24T22:16:10.810000+00:00,1.0,P
3453,3319,2021-01-24T22:16:13.659999+00:00,1.0,S
3454,3034,2021-01-24T22:16:10.810000+00:00,1.0,P
3454,3319,2021-01-24T22:16:13.659999+00:00,1.0,S
3455,3034,2021-01-24T22:16:10.810000+00:00,1.0,P
3455,3318,2021-01-24T22:16:13.650000+00:00,1.0,S
3456,3034,2021-01-24T22:16:10.810000+00:00,1.0,P
3456,3318,2021-01-24T22:16:13.650000+00:00,1.0,S
3457,3034,2021-01-24T22:16:10.810000+00:00,1.0,P
3457,3318,2021-01-24T22:16:13.650000+00:00,1.0,S
3458,3034,2021-01-24T22:16:10.810000+00:00,1.0,P
3458,3318,2021-01-24T22:16:13.650000+00:00,1.0,S
3459,3033,2021-01-24T22:16:10.800000+00:00,1.0,P
3459,3318,2021-01-24T22:16:13.650000+00:00,1.0,S
3460,3033,2021-01-24T22:16:10.800000+00:00,1.0,P
3460,3317,2021-01-24T22:16:13.640000+00:00,1.0,S
3461,3033,2021-01-24T22:16:10.800000+00:00,1.0,P
3461,3317,2021-01-24T22:16:13.640000+00:00,1.0,S
3462,3033,2021-01-24T22:16:10.800000+00:00,1.0,P
3462,3317,2021-01-24T22:16:13.640000+00:00,1.0,S
3463,3033,2021-01-24T22:16:10.800000+00:00,1.0,P
3463,3317,2021-01-24T22:16:13.640000+00:00,1.0,S
3464,3033,2021-01-24T22:16:10.800000+00:00,1.0,P
3464,3317,2021-01-24T22:16:13.640000+00:00,1.0,S
3465,3033,2021-01-24T22:16:10.800000+00:00,1.0,P
3465,3317,2021-01-24T22:16:13.640000+00:00,1.0,S
3466,3033,2021-01-24T22:16:10.800000+00:00,1.0,P
3466,3317,2021-01-24T22:16:13.640000+00:00,1.0,S
3467,3033,2021-01-24T22:16:10.800000+00:00,1.0,P
3467,3316,2021-01-24T22:16:13.630000+00:00,1.0,S
3468,3032,2021-01-24T22:16:10.790000+00:00,1.0,P
3468,3316,2021-01-24T22:16:13.630000+00:00,1.0,S
3469,3032,2021-01-24T22:16:10.790000+00:00,1.0,P
3469,3316,2021-01-24T22:16:13.630000+00:00,1.0,S
3470,3032,2021-01-24T22:16:10.790000+00:00,1.0,P
3470,3316,2021-01-24T22:16:13.630000+00:00,1.0,S
3471,3032,2021-01-24T22:16:10.790000+00:00,1.0,P
3471,3315,2021-01-24T22:16:13.620000+00:00,1.0,S
3472,3032,2021-01-24T22:16:10.790000+00:00,1.0,P
3472,3315,2021-01-24T22:16:13.620000+00:00,1.0,S
3473,3032,2021-01-24T22:16:10.790000+00:00,1.0,P
3473,3315,2021-01-24T22:16:13.620000+00:00,1.0,S
3474,3032,2021-01-24T22:16:10.790000+00:00,1.0,P
3474,3315,2021-01-24T22:16:13.620000+00:00,1.0,S
3475,3032,2021-01-24T22:16:10.790000+00:00,1.0,P
3475,3315,2021-01-24T22:16:13.620000+00:00,1.0,S
3476,3032,2021-01-24T22:16:10.790000+00:00,1.0,P
3476,3315,2021-01-24T22:16:13.620000+00:00,1.0,S
3477,3031,2021-01-24T22:16:10.780000+00:00,1.0,P
3477,3314,2021-01-24T22:16:13.610000+00:00,1.0,S
3478,3031,2021-01-24T22:16:10.780000+00:00,1.0,P
3478,3314,2021-01-24T22:16:13.610000+00:00,1.0,S
3479,3031,2021-01-24T22:16:10.780000+00:00,1.0,P
3479,3314,2021-01-24T22:16:13.610000+00:00,1.0,S
3480,3031,2021-01-24T22:16:10.780000+00:00,1.0,P
3480,3314,2021-01-24T22:16:13.610000+00:00,1.0,S
3481,3031,2021-01-24T22:16:10.780000+00:00,1.0,P
3481,3313,2021-01-24T22:16:13.600000+00:00,1.0,S
3482,3031,2021-01-24T22:16:10.780000+00:00,1.0,P
3482,3313,2021-01-24T22:16:13.600000+00:00,1.0,S
3483,3031,2021-01-24T22:16:10.780000+00:00,1.0,P
3483,3313,2021-01-24T22:16:13.600000+00:00,1.0,S
3484,3031,2021-01-24T22:16:10.780000+00:00,1.0,P
3484,3312,2021-01-24T22:16:13.589999+00:00,1.0,S
3485,3031,2021-01-24T22:16:10.780000+00:00,1.0,P
3485,3312,2021-01-24T22:16:13.589999+00:00,1.0,S
3486,3030,2021-01-24T22:16:10.770000+00:00,1.0,P
3486,3312,2021-01-24T22:16:13.589999+00:00,1.0,S
3487,3030,2021-01-24T22:16:10.770000+00:00,1.0,P
3487,3312,2021-01-24T22:16:13.589999+00:00,1.0,S
3488,3030,2021-01-24T22:16:10.770000+00:00,1.0,P
3488,3311,2021-01-24T22:16:13.580000+00:00,1.0,S
3489,3030,2021-01-24T22:16:10.770000+00:00,1.0,P
3489,3311,2021-01-24T22:16:13.580000+00:00,1.0,S
3490,3030,2021-01-24T22:16:10.770000+00:00,1.0,P
3490,3311,2021-01-24T22:16:13.580000+00:00,1.0,S
3491,3030,2021-01-24T22:16:10.770000+00:00,1.0,P
3491,3311,2021-01-24T22:16:13.580000+00:00,1.0,S
3492,3030,2021-01-24T22:16:10.770000+00:00,1.0,P
3492,3310,2021-01-24T22:16:13.570000+00:00,1.0,S
3493,3030,2021-01-24T22:16:10.770000+00:00,1.0,P
3493,3310,2021-01-24T22:16:13.570000+00:00,1.0,S
3494,3030,2021-01-24T22:16:10.770000+00:00,1.0,P
3494,3310,2021-01-24T22:16:13.570000+00:00,1.0,S
3495,3029,2021-01-24T22:16:10.760000+00:00,1.0,P
3495,3310,2021-01-24T22:16:13.570000+00:00,1.0,S
3496,3029,2021-01-24T22:16:10.760000+00:00,1.0,P
3496,3310,2021-01-24T22:16:13.570000+00:00,1.0,S
3497,3029,2021-01-24T22:16:10.760000+00:00,1.0,P
3497,3309,2021-01-24T22:16:13.560000+00:00,1.0,S
3498,3029,2021-01-24T22:16:10.760000+00:00,1.0,P
3498,3309,2021-01-24T22:16:13.560000+00:00,1.0,S
3499,3029,2021-01-24T22:16:10.760000+00:00,1.0,P
3499,3309,2021-01-24T22:16:13.560000+00:00,1.0,S
3500,3029,2021-01-24T22:16:10.760000+00:00,1.0,P
3500,3309,2021-01-24T22:16:13.560000+00:00,1.0,S
3501,3029,2021-01-24T22:16:10.760000+00:00,1.0,P
3501,3309,2021-01-24T22:16:13.560000+00:00,1.0,S
3502,3029,2021-01-24T22:16:10.760000+00:00,1.0,P
3502,3309,2021-01-24T22:16:13.560000+00:00,1.0,S
3503,3029,2021-01-24T22:16:10.760000+00:00,1.0,P
3503,3308,2021-01-24T22:16:13.550000+00:00,1.0,S
3504,3029,2021-01-24T22:16:10.760000+00:00,1.0,P
3504,3308,2021-01-24T22:16:13.550000+00:00,1.0,S
3505,3029,2021-01-24T22:16:10.760000+00:00,1.0,P
3505,3308,2021-01-24T22:16:13.550000+00:00,1.0,S
3506,3028,2021-01-24T22:16:10.750000+00:00,1.0,P
3506,3308,2021-01-24T22:16:13.550000+00:00,1.0,S
3507,3028,2021-01-24T22:16:10.750000+00:00,1.0,P
3507,3308,2021-01-24T22:16:13.550000+00:00,1.0,S
3508,3028,2021-01-24T22:16:10.750000+00:00,1.0,P
3508,3308,2021-01-24T22:16:13.550000+00:00,1.0,S
3509,3028,2021-01-24T22:16:10.750000+00:00,1.0,P
3509,3308,2021-01-24T22:16:13.550000+00:00,1.0,S
3510,3028,2021-01-24T22:16:10.750000+00:00,1.0,P
3510,3307,2021-01-24T22:16:13.540000+00:00,1.0,S
3511,3028,2021-01-24T22:16:10.750000+00:00,1.0,P
3511,3307,2021-01-24T22:16:13.540000+00:00,1.0,S
3512,3028,2021-01-24T22:16:10.750000+00:00,1.0,P
3512,3307,2021-01-24T22:16:13.540000+00:00,1.0,S
3513,3028,2021-01-24T22:16:10.750000+00:00,1.0,P
3513,3307,2021-01-24T22:16:13.540000+00:00,1.0,S
3514,3028,2021-01-24T22:16:10.750000+00:00,1.0,P
3514,3307,2021-01-24T22:16:13.540000+00:00,1.0,S
3515,3028,2021-01-24T22:16:10.750000+00:00,1.0,P
3515,3306,2021-01-24T22:16:13.530000+00:00,1.0,S
3516,3027,2021-01-24T22:16:10.740000+00:00,1.0,P
3516,3306,2021-01-24T22:16:13.530000+00:00,1.0,S
3517,3027,2021-01-24T22:16:10.740000+00:00,1.0,P
3517,3306,2021-01-24T22:16:13.530000+00:00,1.0,S
3518,3027,2021-01-24T22:16:10.740000+00:00,1.0,P
3518,3306,2021-01-24T22:16:13.530000+00:00,1.0,S
3519,3027,2021-01-24T22:16:10.740000+00:00,1.0,P
3519,3306,2021-01-24T22:16:13.530000+00:00,1.0,S
3520,3027,2021-01-24T22:16:10.740000+00:00,1.0,P
3520,3305,2021-01-24T22:16:13.519999+00:00,1.0,S
3521,3027,2021-01-24T22:16:10.740000+00:00,1.0,P
3521,3305,2021-01-24T22:16:13.519999+00:00,1.0,S
3522,3027,2021-01-24T22:16:10.740000+00:00,1.0,P
3522,3305,2021-01-24T22:16:13.519999+00:00,1.0,S
3523,3027,2021-01-24T22:16:10.740000+00:00,1.0,P
3523,3305,2021-01-24T22:16:13.519999+00:00,1.0,S
3524,3027,2021-01-24T22:16:10.740000+00:00,1.0,P
3524,3305,2021-01-24T22:16:13.519999+00:00,1.0,S
3525,3026,2021-01-24T22:16:10.730000+00:00,1.0,P
3525,3305,2021-01-24T22:16:13.519999+00:00,1.0,S
3526,3026,2021-01-24T22:16:10.730000+00:00,1.0,P
3526,3304,2021-01-24T22:16:13.510000+00:00,1.0,S
3527,3026,2021-01-24T22:16:10.730000+00:00,1.0,P
3527,3304,2021-01-24T22:16:13.510000+00:00,1.0,S
3528,3026,2021-01-24T22:16:10.730000+00:00,1.0,P
3528,3304,2021-01-24T22:16:13.510000+00:00,1.0,S
3529,3026,2021-01-24T22:16:10.730000+00:00,1.0,P
3529,3304,2021-01-24T22:16:13.510000+00:00,1.0,S
3530,3026,2021-01-24T22:16:10.730000+00:00,1.0,P
3530,3303,2021-01-24T22:16:13.500000+00:00,1.0,S
3531,3026,2021-01-24T22:16:10.730000+00:00,1.0,P
3531,3303,2021-01-24T22:16:13.500000+00:00,1.0,S
3532,3026,2021-01-24T22:16:10.730000+00:00,1.0,P
3532,3303,2021-01-24T22:16:13.500000+00:00,1.0,S
3533,3026,2021-01-24T22:16:10.730000+00:00,1.0,P
3533,3303,2021-01-24T22:16:13.500000+00:00,1.0,S
3534,3026,2021-01-24T22:16:10.730000+00:00,1.0,P
3534,3302,2021-01-24T22:16:13.490000+00:00,1.0,S
3535,3025,2021-01-24T22:16:10.720000+00:00,1.0,P
3535,3302,2021-01-24T22:16:13.490000+00:00,1.0,S
3536,3025,2021-01-24T22:16:10.720000+00:00,1.0,P
3536,3302,2021-01-24T22:16:13.490000+00:00,1.0,S
3537,3025,2021-01-24T22:16:10.720000+00:00,1.0,P
3537,3302,2021-01-24T22:16:13.490000+00:00,1.0,S
3538,3025,2021-01-24T22:16:10.720000+00:00,1.0,P
3538,3301,2021-01-24T22:16:13.479999+00:00,1.0,S
3539,3025,2021-01-24T22:16:10.720000+00:00,1.0,P
3539,3301,2021-01-24T22:16:13.479999+00:00,1.0,S
3540,3025,2021-01-24T22:16:10.720000+00:00,1.0,P
3540,3301,2021-01-24T22:16:13.479999+00:00,1.0,S
3541,3025,2021-01-24T22:16:10.720000+00:00,1.0,P
3541,3301,2021-01-24T22:16:13.479999+00:00,1.0,S
3542,3025,2021-01-24T22:16:10.720000+00:00,1.0,P
3542,3300,2021-01-24T22:16:13.470000+00:00,1.0,S
3543,3025,2021-01-24T22:16:10.720000+00:00,1.0,P
3543,3300,2021-01-24T22:16:13.470000+00:00,1.0,S
3544,3024,2021-01-24T22:16:10.710000+00:00,1.0,P
3544,3300,2021-01-24T22:16:13.470000+00:00,1.0,S
3545,3024,2021-01-24T22:16:10.710000+00:00,1.0,P
3545,3300,2021-01-24T22:16:13.470000+00:00,1.0,S
3546,3024,2021-01-24T22:16:10.710000+00:00,1.0,P
3546,3299,2021-01-24T22:16:13.460000+00:00,1.0,S
3547,3024,2021-01-24T22:16:10.710000+00:00,1.0,P
3547,3299,2021-01-24T22:16:13.460000+00:00,1.0,S
3548,3024,2021-01-24T22:16:10.710000+00:00,1.0,P
3548,3299,2021-01-24T22:16:13.460000+00:00,1.0,S
3549,3024,2021-01-24T22:16:10.710000+00:00,1.0,P
3549,3299,2021-01-24T22:16:13.460000+00:00,1.0,S
3550,3024,2021-01-24T22:16:10.710000+00:00,1.0,P
3550,3298,2021-01-24T22:16:13.450000+00:00,1.0,S
3551,3024,2021-01-24T22:16:10.710000+00:00,1.0,P
3551,3298,2021-01-24T22:16:13.450000+00:00,1.0,S
3552,3024,2021-01-24T22:16:10.710000+00:00,1.0,P
3552,3298,2021-01-24T22:16:13.450000+00:00,1.0,S
3553,3023,2021-01-24T22:16:10.700000+00:00,1.0,P
3553,3297,2021-01-24T22:16:13.440000+00:00,1.0,S
3554,3023,2021-01-24T22:16:10.700000+00:00,1.0,P
3554,3297,2021-01-24T22:16:13.440000+00:00,1.0,S
3555,3023,2021-01-24T22:16:10.700000+00:00,1.0,P
3555,3297,2021-01-24T22:16:13.440000+00:00,1.0,S
3556,3023,2021-01-24T22:16:10.700000+00:00,1.0,P
3556,3297,2021-01-24T22:16:13.440000+00:00,1.0,S
3557,3023,2021-01-24T22:16:10.700000+00:00,1.0,P
3557,3296,2021-01-24T22:16:13.430000+00:00,1.0,S
3558,3023,2021-01-24T22:16:10.700000+00:00,1.0,P
3558,3296,2021-01-24T22:16:13.430000+00:00,1.0,S
3559,3023,2021-01-24T22:16:10.700000+00:00,1.0,P
3559,3296,2021-01-24T22:16:13.430000+00:00,1.0,S
3560,3023,2021-01-24T22:16:10.700000+00:00,1.0,P
3560,3296,2021-01-24T22:16:13.430000+00:00,1.0,S
3561,3023,2021-01-24T22:16:10.700000+00:00,1.0,P
3561,3296,2021-01-24T22:16:13.430000+00:00,1.0,S
3562,3023,2021-01-24T22:16:10.700000+00:00,1.0,P
3562,3295,2021-01-24T22:16:13.420000+00:00,1.0,S
3563,3023,2021-01-24T22:16:10.700000+00:00,1.0,P
3563,3295,2021-01-24T22:16:13.420000+00:00,1.0,S
3564,3023,2021-01-24T22:16:10.700000+00:00,1.0,P
3564,3295,2021-01-24T22:16:13.420000+00:00,1.0,S
3565,3023,2021-01-24T22:16:10.700000+00:00,1.0,P
3565,3295,2021-01-24T22:16:13.420000+00:00,1.0,S
3566,3022,2021-01-24T22:16:10.690000+00:00,1.0,P
3566,3295,2021-01-24T22:16:13.420000+00:00,1.0,S
3567,3022,2021-01-24T22:16:10.690000+00:00,1.0,P
3567,3294,2021-01-24T22:16:13.409999+00:00,1.0,S
3568,3022,2021-01-24T22:16:10.690000+00:00,1.0,P
3568,3294,2021-01-24T22:16:13.409999+00:00,1.0,S
3569,3022,2021-01-24T22:16:10.690000+00:00,1.0,P
3569,3294,2021-01-24T22:16:13.409999+00:00,1.0,S
3570,3022,2021-01-24T22:16:10.690000+00:00,1.0,P
3570,3294,2021-01-24T22:16:13.409999+00:00,1.0,S
3571,3022,2021-01-24T22:16:10.690000+00:00,1.0,P
3571,3294,2021-01-24T22:16:13.409999+00:00,1.0,S
3572,3022,2021-01-24T22:16:10.690000+00:00,1.0,P
3572,3293,2021-01-24T22:16:13.400000+00:00,1.0,S
3573,3022,2021-01-24T22:16:10.690000+00:00,1.0,P
3573,3293,2021-01-24T22:16:13.400000+00:00,1.0,S
3574,3022,2021-01-24T22:16:10.690000+00:00,1.0,P
3574,3293,2021-01-24T22:16:13.400000+00:00,1.0,S
3575,3022,2021-01-24T22:16:10.690000+00:00,1.0,P
3575,3293,2021-01-24T22:16:13.400000+00:00,1.0,S
3576,3022,2021-01-24T22:16:10.690000+00:00,1.0,P
3576,3293,2021-01-24T22:16:13.400000+00:00,1.0,S
3577,3022,2021-01-24T22:16:10.690000+00:00,1.0,P
3577,3292,2021-01-24T22:16:13.390000+00:00,1.0,S
3578,3022,2021-01-24T22:16:10.690000+00:00,1.0,P
3578,3292,2021-01-24T22:16:13.390000+00:00,1.0,S
3579,3022,2021-01-24T22:16:10.690000+00:00,1.0,P
3579,3292,2021-01-24T22:16:13.390000+00:00,1.0,S
3580,3021,2021-01-24T22:16:10.680000+00:00,1.0,P
3580,3292,2021-01-24T22:16:13.390000+00:00,1.0,S
3581,3021,2021-01-24T22:16:10.680000+00:00,1.0,P
3581,3292,2021-01-24T22:16:13.390000+00:00,1.0,S
3582,3021,2021-01-24T22:16:10.680000+00:00,1.0,P
3582,3291,2021-01-24T22:16:13.380000+00:00,1.0,S
3583,3021,2021-01-24T22:16:10.680000+00:00,1.0,P
3583,3291,2021-01-24T22:16:13.380000+00:00,1.0,S
3584,3021,2021-01-24T22:16:10.680000+00:00,1.0,P
3584,3291,2021-01-24T22:16:13.380000+00:00,1.0,S
3585,3021,2021-01-24T22:16:10.680000+00:00,1.0,P
3585,3291,2021-01-24T22:16:13.380000+00:00,1.0,S
3586,3021,2021-01-24T22:16:10.680000+00:00,1.0,P
3586,3291,2021-01-24T22:16:13.380000+00:00,1.0,S
3587,3021,2021-01-24T22:16:10.680000+00:00,1.0,P
3587,3291,2021-01-24T22:16:13.380000+00:00,1.0,S
3588,3021,2021-01-24T22:16:10.680000+00:00,1.0,P
3588,3290,2021-01-24T22:16:13.370000+00:00,1.0,S
3589,3021,2021-01-24T22:16:10.680000+00:00,1.0,P
3589,3290,2021-01-24T22:16:13.370000+00:00,1.0,S
3590,3021,2021-01-24T22:16:10.680000+00:00,1.0,P
3590,3290,2021-01-24T22:16:13.370000+00:00,1.0,S
3591,3021,2021-01-24T22:16:10.680000+00:00,1.0,P
3591,3290,2021-01-24T22:16:13.370000+00:00,1.0,S
3592,3021,2021-01-24T22:16:10.680000+00:00,1.0,P
3592,3290,2021-01-24T22:16:13.370000+00:00,1.0,S
3593,3021,2021-01-24T22:16:10.680000+00:00,1.0,P
3593,3289,2021-01-24T22:16:13.360000+00:00,1.0,S
3594,3021,2021-01-24T22:16:10.680000+00:00,1.0,P
3594,3289,2021-01-24T22:16:13.360000+00:00,1.0,S
3595,3021,2021-01-24T22:16:10.680000+00:00,1.0,P
3595,3289,2021-01-24T22:16:13.360000+00:00,1.0,S
3596,3021,2021-01-24T22:16:10.680000+00:00,1.0,P
3596,3289,2021-01-24T22:16:13.360000+00:00,1.0,S
3597,3021,2021-01-24T22:16:10.680000+00:00,1.0,P
3597,3289,2021-01-24T22:16:13.360000+00:00,1.0,S
3598,3021,2021-01-24T22:16:10.680000+00:00,1.0,P
3598,3289,2021-01-24T22:16:13.360000+00:00,1.0,S
3599,3021,2021-01-24T22:16:10.680000+00:00,1.0,P
3599,3289,2021-01-24T22:16:13.360000+00:00,1.0,S
3600,3021,2021-01-24T22:16:10.680000+00:00,1.0,P
3600,3289,2021-01-24T22:16:13.360000+00:00,1.0,S
3601,3021,2021-01-24T22:16:10.680000+00:00,1.0,P
3601,3289,2021-01-24T22:16:13.360000+00:00,1.0,S
3602,3020,2021-01-24T22:16:10.670000+00:00,1.0,P
3602,3289,2021-01-24T22:16:13.360000+00:00,1.0,S
3603,3020,2021-01-24T22:16:10.670000+00:00,1.0,P
3603,3289,2021-01-24T22:16:13.360000+00:00,1.0,S
3604,3020,2021-01-24T22:16:10.670000+00:00,1.0,P
3604,3289,2021-01-24T22:16:13.360000+00:00,1.0,S
3605,3020,2021-01-24T22:16:10.670000+00:00,1.0,P
3605,3288,2021-01-24T22:16:13.350000+00:00,1.0,S
3606,3020,2021-01-24T22:16:10.670000+00:00,1.0,P
3606,3288,2021-01-24T22:16:13.350000+00:00,1.0,S
3607,3020,2021-01-24T22:16:10.670000+00:00,1.0,P
3607,3288,2021-01-24T22:16:13.350000+00:00,1.0,S
3608,3020,2021-01-24T22:16:10.670000+00:00,1.0,P
3608,3288,2021-01-24T22:16:13.350000+00:00,1.0,S
3609,3020,2021-01-24T22:16:10.670000+00:00,1.0,P
3609,3288,2021-01-24T22:16:13.350000+00:00,1.0,S
3610,3020,2021-01-24T22:16:10.670000+00:00,1.0,P
3610,3288,2021-01-24T22:16:13.350000+00:00,1.0,S
3611,3020,2021-01-24T22:16:10.670000+00:00,1.0,P
3611,3288,2021-01-24T22:16:13.350000+00:00,1.0,S
3612,3020,2021-01-24T22:16:10.670000+00:00,1.0,P
3612,3288,2021-01-24T22:16:13.350000+00:00,1.0,S
3613,3020,2021-01-24T22:16:10.670000+00:00,1.0,P
3613,3288,2021-01-24T22:16:13.350000+00:00,1.0,S
3614,3020,2021-01-24T22:16:10.670000+00:00,1.0,P
3614,3288,2021-01-24T22:16:13.350000+00:00,1.0,S
3615,3020,2021-01-24T22:16:10.670000+00:00,1.0,P
3615,3288,2021-01-24T22:16:13.350000+00:00,1.0,S
3616,3020,2021-01-24T22:16:10.670000+00:00,1.0,P
3616,3288,2021-01-24T22:16:13.350000+00:00,1.0,S
3617,3020,2021-01-24T22:16:10.670000+00:00,1.0,P
3617,3288,2021-01-24T22:16:13.350000+00:00,1.0,S
3618,3020,2021-01-24T22:16:10.670000+00:00,1.0,P
3618,3288,2021-01-24T22:16:13.350000+00:00,1.0,S
3619,3020,2021-01-24T22:16:10.670000+00:00,1.0,P
3619,3288,2021-01-24T22:16:13.350000+00:00,1.0,S
3620,3020,2021-01-24T22:16:10.670000+00:00,1.0,P
3620,3288,2021-01-24T22:16:13.350000+00:00,1.0,S
3621,3020,2021-01-24T22:16:10.670000+00:00,1.0,P
3621,3288,2021-01-24T22:16:13.350000+00:00,1.0,S
3622,3020,2021-01-24T22:16:10.670000+00:00,1.0,P
3622,3288,2021-01-24T22:16:13.350000+00:00,1.0,S
3623,3020,2021-01-24T22:16:10.670000+00:00,1.0,P
3623,3288,2021-01-24T22:16:13.350000+00:00,1.0,S
3624,3020,2021-01-24T22:16:10.670000+00:00,1.0,P
3624,3288,2021-01-24T22:16:13.350000+00:00,1.0,S
3625,3020,2021-01-24T22:16:10.670000+00:00,1.0,P
3625,3288,2021-01-24T22:16:13.350000+00:00,1.0,S
3626,3020,2021-01-24T22:16:10.670000+00:00,1.0,P
3626,3288,2021-01-24T22:16:13.350000+00:00,1.0,S
3627,3020,2021-01-24T22:16:10.670000+00:00,1.0,P
3627,3288,2021-01-24T22:16:13.350000+00:00,1.0,S
3628,3020,2021-01-24T22:16:10.670000+00:00,1.0,P
3628,3288,2021-01-24T22:16:13.350000+00:00,1.0,S
3629,3020,2021-01-24T22:16:10.670000+00:00,1.0,P
3629,3288,2021-01-24T22:16:13.350000+00:00,1.0,S
3630,3020,2021-01-24T22:16:10.670000+00:00,1.0,P
3630,3288,2021-01-24T22:16:13.350000+00:00,1.0,S
3631,3020,2021-01-24T22:16:10.670000+00:00,1.0,P
3631,3288,2021-01-24T22:16:13.350000+00:00,1.0,S
3632,3020,2021-01-24T22:16:10.670000+00:00,1.0,P
3632,3288,2021-01-24T22:16:13.350000+00:00,1.0,S
3633,3021,2021-01-24T22:16:10.680000+00:00,1.0,P
3633,3288,2021-01-24T22:16:13.350000+00:00,1.0,S
3634,3021,2021-01-24T22:16:10.680000+00:00,1.0,P
3634,3288,2021-01-24T22:16:13.350000+00:00,1.0,S
3635,3021,2021-01-24T22:16:10.680000+00:00,1.0,P
3635,3288,2021-01-24T22:16:13.350000+00:00,1.0,S
3636,3021,2021-01-24T22:16:10.680000+00:00,1.0,P
3636,3288,2021-01-24T22:16:13.350000+00:00,1.0,S
3637,3021,2021-01-24T22:16:10.680000+00:00,1.0,P
3637,3288,2021-01-24T22:16:13.350000+00:00,1.0,S
3638,3021,2021-01-24T22:16:10.680000+00:00,1.0,P
3638,3288,2021-01-24T22:16:13.350000+00:00,1.0,S
3639,3021,2021-01-24T22:16:10.680000+00:00,1.0,P
3639,3288,2021-01-24T22:16:13.350000+00:00,1.0,S
3640,3021,2021-01-24T22:16:10.680000+00:00,1.0,P
3640,3288,2021-01-24T22:16:13.350000+00:00,1.0,S
3641,3021,2021-01-24T22:16:10.680000+00:00,1.0,P
3641,3288,2021-01-24T22:16:13.350000+00:00,1.0,S
3642,3021,2021-01-24T22:16:10.680000+00:00,1.0,P
3642,3289,2021-01-24T22:16:13.360000+00:00,1.0,S
3643,3021,2021-01-24T22:16:10.680000+00:00,1.0,P
3643,3289,2021-01-24T22:16:13.360000+00:00,1.0,S
3644,3021,2021-01-24T22:16:10.680000+00:00,1.0,P
3644,3288,2021-01-24T22:16:13.350000+00:00,1.0,S
3645,3021,2021-01-24T22:16:10.680000+00:00,1.0,P
3645,3288,2021-01-24T22:16:13.350000+00:00,1.0,S
3646,3021,2021-01-24T22:16:10.680000+00:00,1.0,P
3646,3288,2021-01-24T22:16:13.350000+00:00,1.0,S
3647,3021,2021-01-24T22:16:10.680000+00:00,1.0,P
3647,3288,2021-01-24T22:16:13.350000+00:00,1.0,S
3648,3021,2021-01-24T22:16:10.680000+00:00,1.0,P
3648,3288,2021-01-24T22:16:13.350000+00:00,1.0,S
3649,3021,2021-01-24T22:16:10.680000+00:00,1.0,P
3649,3288,2021-01-24T22:16:13.350000+00:00,1.0,S
3650,3021,2021-01-24T22:16:10.680000+00:00,1.0,P
3650,3288,2021-01-24T22:16:13.350000+00:00,1.0,S
3651,3021,2021-01-24T22:16:10.680000+00:00,1.0,P
3651,3289,2021-01-24T22:16:13.360000+00:00,1.0,S
3652,3022,2021-01-24T22:16:10.690000+00:00,1.0,P
3652,3289,2021-01-24T22:16:13.360000+00:00,1.0,S
3653,3022,2021-01-24T22:16:10.690000+00:00,1.0,P
3653,3289,2021-01-24T22:16:13.360000+00:00,1.0,S
3654,3022,2021-01-24T22:16:10.690000+00:00,1.0,P
3654,3289,2021-01-24T22:16:13.360000+00:00,1.0,S
3655,3022,2021-01-24T22:16:10.690000+00:00,1.0,P
3655,3289,2021-01-24T22:16:13.360000+00:00,1.0,S
3656,3022,2021-01-24T22:16:10.690000+00:00,1.0,P
3656,3289,2021-01-24T22:16:13.360000+00:00,1.0,S
3657,3022,2021-01-24T22:16:10.690000+00:00,1.0,P
3657,3289,2021-01-24T22:16:13.360000+00:00,1.0,S
3658,3022,2021-01-24T22:16:10.690000+00:00,1.0,P
3658,3289,2021-01-24T22:16:13.360000+00:00,1.0,S
3659,3022,2021-01-24T22:16:10.690000+00:00,1.0,P
3659,3290,2021-01-24T22:16:13.370000+00:00,1.0,S
3660,3022,2021-01-24T22:16:10.690000+00:00,1.0,P
3660,3290,2021-01-24T22:16:13.370000+00:00,1.0,S
3661,3022,2021-01-24T22:16:10.690000+00:00,1.0,P
3661,3290,2021-01-24T22:16:13.370000+00:00,1.0,S
3662,3022,2021-01-24T22:16:10.690000+00:00,1.0,P
3662,3290,2021-01-24T22:16:13.370000+00:00,1.0,S
3663,3022,2021-01-24T22:16:10.690000+00:00,1.0,P
3663,3290,2021-01-24T22:16:13.370000+00:00,1.0,S
3664,3022,2021-01-24T22:16:10.690000+00:00,1.0,P
3664,3290,2021-01-24T22:16:13.370000+00:00,1.0,S
3665,3022,2021-01-24T22:16:10.690000+00:00,1.0,P
3665,3290,2021-01-24T22:16:13.370000+00:00,1.0,S
3666,3023,2021-01-24T22:16:10.700000+00:00,1.0,P
3666,3290,2021-01-24T22:16:13.370000+00:00,1.0,S
3667,3023,2021-01-24T22:16:10.700000+00:00,1.0,P
3667,3290,2021-01-24T22:16:13.370000+00:00,1.0,S
3668,3023,2021-01-24T22:16:10.700000+00:00,1.0,P
3668,3290,2021-01-24T22:16:13.370000+00:00,1.0,S
3669,3023,2021-01-24T22:16:10.700000+00:00,1.0,P
3669,3291,2021-01-24T22:16:13.380000+00:00,1.0,S
3670,3023,2021-01-24T22:16:10.700000+00:00,1.0,P
3670,3291,2021-01-24T22:16:13.380000+00:00,1.0,S
3671,3023,2021-01-24T22:16:10.700000+00:00,1.0,P
3671,3291,2021-01-24T22:16:13.380000+00:00,1.0,S
3672,3023,2021-01-24T22:16:10.700000+00:00,1.0,P
3672,3291,2021-01-24T22:16:13.380000+00:00,1.0,S
3673,3023,2021-01-24T22:16:10.700000+00:00,1.0,P
3673,3291,2021-01-24T22:16:13.380000+00:00,1.0,S
3674,3023,2021-01-24T22:16:10.700000+00:00,1.0,P
3674,3291,2021-01-24T22:16:13.380000+00:00,1.0,S
3675,3023,2021-01-24T22:16:10.700000+00:00,1.0,P
3675,3292,2021-01-24T22:16:13.390000+00:00,1.0,S
3676,3023,2021-01-24T22:16:10.700000+00:00,1.0,P
3676,3292,2021-01-24T22:16:13.390000+00:00,1.0,S
3677,3024,2021-01-24T22:16:10.710000+00:00,1.0,P
3677,3292,2021-01-24T22:16:13.390000+00:00,1.0,S
3678,3024,2021-01-24T22:16:10.710000+00:00,1.0,P
3678,3292,2021-01-24T22:16:13.390000+00:00,1.0,S
3679,3024,2021-01-24T22:16:10.710000+00:00,1.0,P
3679,3293,2021-01-24T22:16:13.400000+00:00,1.0,S
3680,3024,2021-01-24T22:16:10.710000+00:00,1.0,P
3680,3293,2021-01-24T22:16:13.400000+00:00,1.0,S
3681,3024,2021-01-24T22:16:10.710000+00:00,1.0,P
3681,3293,2021-01-24T22:16:13.400000+00:00,1.0,S
3682,3024,2021-01-24T22:16:10.710000+00:00,1.0,P
3682,3293,2021-01-24T22:16:13.400000+00:00,1.0,S
3683,3024,2021-01-24T22:16:10.710000+00:00,1.0,P
3683,3294,2021-01-24T22:16:13.409999+00:00,1.0,S
3684,3024,2021-01-24T22:16:10.710000+00:00,1.0,P
3684,3294,2021-01-24T22:16:13.409999+00:00,1.0,S
3685,3024,2021-01-24T22:16:10.710000+00:00,1.0,P
3685,3294,2021-01-24T22:16:13.409999+00:00,1.0,S
3686,3024,2021-01-24T22:16:10.710000+00:00,1.0,P
3686,3294,2021-01-24T22:16:13.409999+00:00,1.0,S
3687,3025,2021-01-24T22:16:10.720000+00:00,1.0,P
3687,3295,2021-01-24T22:16:13.420000+00:00,1.0,S
3688,3025,2021-01-24T22:16:10.720000+00:00,1.0,P
3688,3295,2021-01-24T22:16:13.420000+00:00,1.0,S
3689,3025,2021-01-24T22:16:10.720000+00:00,1.0,P
3689,3295,2021-01-24T22:16:13.420000+00:00,1.0,S
3690,3025,2021-01-24T22:16:10.720000+00:00,1.0,P
3690,3295,2021-01-24T22:16:13.420000+00:00,1.0,S
3691,3025,2021-01-24T22:16:10.720000+00:00,1.0,P
3691,3296,2021-01-24T22:16:13.430000+00:00,1.0,S
3692,3025,2021-01-24T22:16:10.720000+00:00,1.0,P
3692,3296,2021-01-24T22:16:13.430000+00:00,1.0,S
3693,3025,2021-01-24T22:16:10.720000+00:00,1.0,P
3693,3296,2021-01-24T22:16:13.430000+00:00,1.0,S
3694,3025,2021-01-24T22:16:10.720000+00:00,1.0,P
3694,3297,2021-01-24T22:16:13.440000+00:00,1.0,S
3695,3025,2021-01-24T22:16:10.720000+00:00,1.0,P
3695,3297,2021-01-24T22:16:13.440000+00:00,1.0,S
3696,3026,2021-01-24T22:16:10.730000+00:00,1.0,P
3696,3297,2021-01-24T22:16:13.440000+00:00,1.0,S
3697,3026,2021-01-24T22:16:10.730000+00:00,1.0,P
3697,3297,2021-01-24T22:16:13.440000+00:00,1.0,S
3698,3026,2021-01-24T22:16:10.730000+00:00,1.0,P
3698,3298,2021-01-24T22:16:13.450000+00:00,1.0,S
3699,3026,2021-01-24T22:16:10.730000+00:00,1.0,P
3699,3298,2021-01-24T22:16:13.450000+00:00,1.0,S
3700,3026,2021-01-24T22:16:10.730000+00:00,1.0,P
3700,3298,2021-01-24T22:16:13.450000+00:00,1.0,S
3701,3026,2021-01-24T22:16:10.730000+00:00,1.0,P
3701,3298,2021-01-24T22:16:13.450000+00:00,1.0,S
3702,3026,2021-01-24T22:16:10.730000+00:00,1.0,P
3702,3299,2021-01-24T22:16:13.460000+00:00,1.0,S
3703,3026,2021-01-24T22:16:10.730000+00:00,1.0,P
3703,3299,2021-01-24T22:16:13.460000+00:00,1.0,S
3704,3027,2021-01-24T22:16:10.740000+00:00,1.0,P
3704,3299,2021-01-24T22:16:13.460000+00:00,1.0,S
3705,3027,2021-01-24T22:16:10.740000+00:00,1.0,P
3705,3299,2021-01-24T22:16:13.460000+00:00,1.0,S
3706,3027,2021-01-24T22:16:10.740000+00:00,1.0,P
3706,3299,2021-01-24T22:16:13.460000+00:00,1.0,S
3707,3027,2021-01-24T22:16:10.740000+00:00,1.0,P
3707,3299,2021-01-24T22:16:13.460000+00:00,1.0,S
3708,3027,2021-01-24T22:16:10.740000+00:00,1.0,P
3708,3299,2021-01-24T22:16:13.460000+00:00,1.0,S
3709,3027,2021-01-24T22:16:10.740000+00:00,1.0,P
3709,3299,2021-01-24T22:16:13.460000+00:00,1.0,S
3710,3027,2021-01-24T22:16:10.740000+00:00,1.0,P
3710,3300,2021-01-24T22:16:13.470000+00:00,1.0,S
3711,3027,2021-01-24T22:16:10.740000+00:00,1.0,P
3711,3300,2021-01-24T22:16:13.470000+00:00,1.0,S
3712,3028,2021-01-24T22:16:10.750000+00:00,1.0,P
3712,3300,2021-01-24T22:16:13.470000+00:00,1.0,S
3713,3028,2021-01-24T22:16:10.750000+00:00,1.0,P
3713,3300,2021-01-24T22:16:13.470000+00:00,1.0,S
3714,3028,2021-01-24T22:16:10.750000+00:00,1.0,P
3714,3300,2021-01-24T22:16:13.470000+00:00,1.0,S
3715,3028,2021-01-24T22:16:10.750000+00:00,1.0,P
3715,3300,2021-01-24T22:16:13.470000+00:00,1.0,S
3716,3028,2021-01-24T22:16:10.750000+00:00,1.0,P
3716,3300,2021-01-24T22:16:13.470000+00:00,1.0,S
3717,3028,2021-01-24T22:16:10.750000+00:00,1.0,P
3717,3300,2021-01-24T22:16:13.470000+00:00,1.0,S
3718,3028,2021-01-24T22:16:10.750000+00:00,1.0,P
3718,3300,2021-01-24T22:16:13.470000+00:00,1.0,S
3719,3028,2021-01-24T22:16:10.750000+00:00,1.0,P
3719,3300,2021-01-24T22:16:13.470000+00:00,1.0,S
3720,3029,2021-01-24T22:16:10.760000+00:00,1.0,P
3720,3301,2021-01-24T22:16:13.479999+00:00,1.0,S
3721,3029,2021-01-24T22:16:10.760000+00:00,1.0,P
3721,3301,2021-01-24T22:16:13.479999+00:00,1.0,S
3722,3029,2021-01-24T22:16:10.760000+00:00,1.0,P
3722,3301,2021-01-24T22:16:13.479999+00:00,1.0,S
3723,3029,2021-01-24T22:16:10.760000+00:00,1.0,P
3723,3301,2021-01-24T22:16:13.479999+00:00,1.0,S
3724,3029,2021-01-24T22:16:10.760000+00:00,1.0,P
3724,3301,2021-01-24T22:16:13.479999+00:00,1.0,S
3725,3029,2021-01-24T22:16:10.760000+00:00,1.0,P
3725,3301,2021-01-24T22:16:13.479999+00:00,1.0,S
3726,3030,2021-01-24T22:16:10.770000+00:00,1.0,P
3726,3301,2021-01-24T22:16:13.479999+00:00,1.0,S
3727,3030,2021-01-24T22:16:10.770000+00:00,1.0,P
3727,3301,2021-01-24T22:16:13.479999+00:00,1.0,S
3728,3030,2021-01-24T22:16:10.770000+00:00,1.0,P
3728,3302,2021-01-24T22:16:13.490000+00:00,1.0,S
3729,3030,2021-01-24T22:16:10.770000+00:00,1.0,P
3729,3302,2021-01-24T22:16:13.490000+00:00,1.0,S
3730,3030,2021-01-24T22:16:10.770000+00:00,1.0,P
3730,3302,2021-01-24T22:16:13.490000+00:00,1.0,S
3731,3030,2021-01-24T22:16:10.770000+00:00,1.0,P
3731,3303,2021-01-24T22:16:13.500000+00:00,1.0,S
3732,3031,2021-01-24T22:16:10.780000+00:00,1.0,P
3732,3303,2021-01-24T22:16:13.500000+00:00,1.0,S
3733,3031,2021-01-24T22:16:10.780000+00:00,1.0,P
3733,3304,2021-01-24T22:16:13.510000+00:00,1.0,S
3734,3031,2021-01-24T22:16:10.780000+00:00,1.0,P
3734,3304,2021-01-24T22:16:13.510000+00:00,1.0,S
3735,3031,2021-01-24T22:16:10.780000+00:00,1.0,P
3735,3304,2021-01-24T22:16:13.510000+00:00,1.0,S
3736,3031,2021-01-24T22:16:10.780000+00:00,1.0,P
3736,3305,2021-01-24T22:16:13.519999+00:00,1.0,S
3737,3031,2021-01-24T22:16:10.780000+00:00,1.0,P
3737,3305,2021-01-24T22:16:13.519999+00:00,1.0,S
3738,3032,2021-01-24T22:16:10.790000+00:00,1.0,P
3738,3305,2021-01-24T22:16:13.519999+00:00,1.0,S
3739,3032,2021-01-24T22:16:10.790000+00:00,1.0,P
3739,3306,2021-01-24T22:16:13.530000+00:00,1.0,S
3740,3032,2021-01-24T22:16:10.790000+00:00,1.0,P
3740,3306,2021-01-24T22:16:13.530000+00:00,1.0,S
3741,3032,2021-01-24T22:16:10.790000+00:00,1.0,P
3741,3307,2021-01-24T22:16:13.540000+00:00,1.0,S
3742,3032,2021-01-24T22:16:10.790000+00:00,1.0,P
3742,3307,2021-01-24T22:16:13.540000+00:00,1.0,S
3743,3033,2021-01-24T22:16:10.800000+00:00,1.0,P
3743,3308,2021-01-24T22:16:13.550000+00:00,1.0,S
3744,3033,2021-01-24T22:16:10.800000+00:00,1.0,P
3744,3308,2021-01-24T22:16:13.550000+00:00,1.0,S
3745,3033,2021-01-24T22:16:10.800000+00:00,1.0,P
3745,3309,2021-01-24T22:16:13.560000+00:00,1.0,S
3746,3033,2021-01-24T22:16:10.800000+00:00,1.0,P
3746,3309,2021-01-24T22:16:13.560000+00:00,1.0,S
3747,3033,2021-01-24T22:16:10.800000+00:00,1.0,P
3747,3310,2021-01-24T22:16:13.570000+00:00,1.0,S
3748,3033,2021-01-24T22:16:10.800000+00:00,1.0,P
3748,3311,2021-01-24T22:16:13.580000+00:00,1.0,S
3749,3034,2021-01-24T22:16:10.810000+00:00,1.0,P
3749,3311,2021-01-24T22:16:13.580000+00:00,1.0,S
3750,3034,2021-01-24T22:16:10.810000+00:00,1.0,P
3750,3312,2021-01-24T22:16:13.589999+00:00,1.0,S
3751,3034,2021-01-24T22:16:10.810000+00:00,1.0,P
3751,3312,2021-01-24T22:16:13.589999+00:00,1.0,S
3752,3034,2021-01-24T22:16:10.810000+00:00,1.0,P
3752,3313,2021-01-24T22:16:13.600000+00:00,1.0,S
3753,3034,2021-01-24T22:16:10.810000+00:00,1.0,P
3753,3313,2021-01-24T22:16:13.600000+00:00,1.0,S
3754,3035,2021-01-24T22:16:10.820000+00:00,1.0,P
3754,3314,2021-01-24T22:16:13.610000+00:00,1.0,S
3755,3035,2021-01-24T22:16:10.820000+00:00,1.0,P
3755,3314,2021-01-24T22:16:13.610000+00:00,1.0,S
3756,3035,2021-01-24T22:16:10.820000+00:00,1.0,P
3756,3314,2021-01-24T22:16:13.610000+00:00,1.0,S
3757,3035,2021-01-24T22:16:10.820000+00:00,1.0,P
3757,3315,2021-01-24T22:16:13.620000+00:00,1.0,S
3758,3035,2021-01-24T22:16:10.820000+00:00,1.0,P
3758,3315,2021-01-24T22:16:13.620000+00:00,1.0,S
3759,3035,2021-01-24T22:16:10.820000+00:00,1.0,P
3759,3316,2021-01-24T22:16:13.630000+00:00,1.0,S
3760,3035,2021-01-24T22:16:10.820000+00:00,1.0,P
3760,3316,2021-01-24T22:16:13.630000+00:00,1.0,S
3761,3035,2021-01-24T22:16:10.820000+00:00,1.0,P
3761,3316,2021-01-24T22:16:13.630000+00:00,1.0,S
3762,3035,2021-01-24T22:16:10.820000+00:00,1.0,P
3762,3317,2021-01-24T22:16:13.640000+00:00,1.0,S
3763,3035,2021-01-24T22:16:10.820000+00:00,1.0,P
3763,3317,2021-01-24T22:16:13.640000+00:00,1.0,S
3764,3036,2021-01-24T22:16:10.830000+00:00,1.0,P
3764,3318,2021-01-24T22:16:13.650000+00:00,1.0,S
3765,3036,2021-01-24T22:16:10.830000+00:00,1.0,P
3765,3318,2021-01-24T22:16:13.650000+00:00,1.0,S
3766,3036,2021-01-24T22:16:10.830000+00:00,1.0,P
3766,3319,2021-01-24T22:16:13.659999+00:00,1.0,S
3767,3036,2021-01-24T22:16:10.830000+00:00,1.0,P
3767,3319,2021-01-24T22:16:13.659999+00:00,1.0,S
3768,3036,2021-01-24T22:16:10.830000+00:00,1.0,P
3768,3320,2021-01-24T22:16:13.670000+00:00,1.0,S
3769,3036,2021-01-24T22:16:10.830000+00:00,1.0,P
3769,3320,2021-01-24T22:16:13.670000+00:00,1.0,S
3770,3036,2021-01-24T22:16:10.830000+00:00,1.0,P
3770,3321,2021-01-24T22:16:13.680000+00:00,1.0,S
3771,3036,2021-01-24T22:16:10.830000+00:00,1.0,P
3771,3321,2021-01-24T22:16:13.680000+00:00,1.0,S
3772,3036,2021-01-24T22:16:10.830000+00:00,1.0,P
3772,3322,2021-01-24T22:16:13.690000+00:00,1.0,S
3773,3036,2021-01-24T22:16:10.830000+00:00,1.0,P
3773,3322,2021-01-24T22:16:13.690000+00:00,1.0,S
3774,3036,2021-01-24T22:16:10.830000+00:00,1.0,P
3774,3323,2021-01-24T22:16:13.700000+00:00,1.0,S
3775,3037,2021-01-24T22:16:10.840000+00:00,1.0,P
3775,3323,2021-01-24T22:16:13.700000+00:00,1.0,S
3776,3037,2021-01-24T22:16:10.840000+00:00,1.0,P
3776,3323,2021-01-24T22:16:13.700000+00:00,1.0,S
3777,3037,2021-01-24T22:16:10.840000+00:00,1.0,P
3777,3324,2021-01-24T22:16:13.710000+00:00,1.0,S
3778,3037,2021-01-24T22:16:10.840000+00:00,1.0,P
3778,3324,2021-01-24T22:16:13.710000+00:00,1.0,S
3779,3037,2021-01-24T22:16:10.840000+00:00,1.0,P
3779,3325,2021-01-24T22:16:13.720000+00:00,1.0,S
3780,3037,2021-01-24T22:16:10.840000+00:00,1.0,P
3780,3325,2021-01-24T22:16:13.720000+00:00,1.0,S
3781,3037,2021-01-24T22:16:10.840000+00:00,1.0,P
3781,3326,2021-01-24T22:16:13.729999+00:00,1.0,S
3782,3037,2021-01-24T22:16:10.840000+00:00,1.0,P
3782,3326,2021-01-24T22:16:13.729999+00:00,1.0,S
3783,3037,2021-01-24T22:16:10.840000+00:00,1.0,P
3783,3327,2021-01-24T22:16:13.740000+00:00,1.0,S
3784,3037,2021-01-24T22:16:10.840000+00:00,1.0,P
3784,3327,2021-01-24T22:16:13.740000+00:00,1.0,S
3785,3038,2021-01-24T22:16:10.850000+00:00,1.0,P
3785,3328,2021-01-24T22:16:13.750000+00:00,1.0,S
3786,3038,2021-01-24T22:16:10.850000+00:00,1.0,P
3786,3328,2021-01-24T22:16:13.750000+00:00,1.0,S
3787,3038,2021-01-24T22:16:10.850000+00:00,1.0,P
3787,3329,2021-01-24T22:16:13.760000+00:00,1.0,S
3788,3038,2021-01-24T22:16:10.850000+00:00,1.0,P
3788,3329,2021-01-24T22:16:13.760000+00:00,1.0,S
3789,3038,2021-01-24T22:16:10.850000+00:00,1.0,P
3789,3330,2021-01-24T22:16:13.769999+00:00,1.0,S
3790,3039,2021-01-24T22:16:10.860000+00:00,1.0,P
3790,3330,2021-01-24T22:16:13.769999+00:00,1.0,S
3791,3039,2021-01-24T22:16:10.860000+00:00,1.0,P
3791,3331,2021-01-24T22:16:13.780000+00:00,1.0,S
3792,3039,2021-01-24T22:16:10.860000+00:00,1.0,P
3792,3331,2021-01-24T22:16:13.780000+00:00,1.0,S
3793,3039,2021-01-24T22:16:10.860000+00:00,1.0,P
3793,3332,2021-01-24T22:16:13.790000+00:00,1.0,S
3794,3040,2021-01-24T22:16:10.870000+00:00,1.0,P
3794,3332,2021-01-24T22:16:13.790000+00:00,1.0,S
3795,3040,2021-01-24T22:16:10.870000+00:00,1.0,P
3795,3332,2021-01-24T22:16:13.790000+00:00,1.0,S
3796,3040,2021-01-24T22:16:10.870000+00:00,1.0,P
3796,3333,2021-01-24T22:16:13.800000+00:00,1.0,S
3797,3040,2021-01-24T22:16:10.870000+00:00,1.0,P
3797,3333,2021-01-24T22:16:13.800000+00:00,1.0,S
3798,3040,2021-01-24T22:16:10.870000+00:00,1.0,P
3798,3334,2021-01-24T22:16:13.810000+00:00,1.0,S
3799,3041,2021-01-24T22:16:10.880000+00:00,1.0,P
3799,3334,2021-01-24T22:16:13.810000+00:00,1.0,S
3800,3041,2021-01-24T22:16:10.880000+00:00,1.0,P
3800,3334,2021-01-24T22:16:13.810000+00:00,1.0,S
3801,3041,2021-01-24T22:16:10.880000+00:00,1.0,P
3801,3335,2021-01-24T22:16:13.820000+00:00,1.0,S
3802,3041,2021-01-24T22:16:10.880000+00:00,1.0,P
3802,3335,2021-01-24T22:16:13.820000+00:00,1.0,S
3803,3042,2021-01-24T22:16:10.890000+00:00,1.0,P
3803,3336,2021-01-24T22:16:13.830000+00:00,1.0,S
3804,3042,2021-01-24T22:16:10.890000+00:00,1.0,P
3804,3336,2021-01-24T22:16:13.830000+00:00,1.0,S
3805,3042,2021-01-24T22:16:10.890000+00:00,1.0,P
3805,3336,2021-01-24T22:16:13.830000+00:00,1.0,S
3806,3042,2021-01-24T22:16:10.890000+00:00,1.0,P
3806,3337,2021-01-24T22:16:13.839999+00:00,1.0,S
3807,3043,2021-01-24T22:16:10.900000+00:00,1.0,P
3807,3337,2021-01-24T22:16:13.839999+00:00,1.0,S
3808,3043,2021-01-24T22:16:10.900000+00:00,1.0,P
3808,3337,2021-01-24T22:16:13.839999+00:00,1.0,S
3809,3043,2021-01-24T22:16:10.900000+00:00,1.0,P
3809,3338,2021-01-24T22:16:13.850000+00:00,1.0,S
3810,3043,2021-01-24T22:16:10.900000+00:00,1.0,P
3810,3338,2021-01-24T22:16:13.850000+00:00,1.0,S
3811,3043,2021-01-24T22:16:10.900000+00:00,1.0,P
3811,3339,2021-01-24T22:16:13.860000+00:00,1.0,S
3812,3044,2021-01-24T22:16:10.910000+00:00,1.0,P
3812,3339,2021-01-24T22:16:13.860000+00:00,1.0,S
3813,3044,2021-01-24T22:16:10.910000+00:00,1.0,P
3813,3339,2021-01-24T22:16:13.860000+00:00,1.0,S
3814,3044,2021-01-24T22:16:10.910000+00:00,1.0,P
3814,3340,2021-01-24T22:16:13.870000+00:00,1.0,S
3815,3044,2021-01-24T22:16:10.910000+00:00,1.0,P
3815,3340,2021-01-24T22:16:13.870000+00:00,1.0,S
3816,3045,2021-01-24T22:16:10.920000+00:00,1.0,P
3816,3341,2021-01-24T22:16:13.880000+00:00,1.0,S
3817,3045,2021-01-24T22:16:10.920000+00:00,1.0,P
3817,3341,2021-01-24T22:16:13.880000+00:00,1.0,S
3818,3045,2021-01-24T22:16:10.920000+00:00,1.0,P
3818,3341,2021-01-24T22:16:13.880000+00:00,1.0,S
3819,3045,2021-01-24T22:16:10.920000+00:00,1.0,P
3819,3342,2021-01-24T22:16:13.890000+00:00,1.0,S
3820,3046,2021-01-24T22:16:10.930000+00:00,1.0,P
3820,3342,2021-01-24T22:16:13.890000+00:00,1.0,S
3821,3046,2021-01-24T22:16:10.930000+00:00,1.0,P
3821,3343,2021-01-24T22:16:13.900000+00:00,1.0,S
3822,3046,2021-01-24T22:16:10.930000+00:00,1.0,P
3822,3343,2021-01-24T22:16:13.900000+00:00,1.0,S
3823,3046,2021-01-24T22:16:10.930000+00:00,1.0,P
3823,3343,2021-01-24T22:16:13.900000+00:00,1.0,S
3824,3046,2021-01-24T22:16:10.930000+00:00,1.0,P
3824,3344,2021-01-24T22:16:13.909999+00:00,1.0,S
3825,3047,2021-01-24T22:16:10.940000+00:00,1.0,P
3825,3344,2021-01-24T22:16:13.909999+00:00,1.0,S
3826,3047,2021-01-24T22:16:10.940000+00:00,1.0,P
3826,3345,2021-01-24T22:16:13.920000+00:00,1.0,S
3827,3047,2021-01-24T22:16:10.940000+00:00,1.0,P
3827,3345,2021-01-24T22:16:13.920000+00:00,1.0,S
3828,3047,2021-01-24T22:16:10.940000+00:00,1.0,P
3828,3345,2021-01-24T22:16:13.920000+00:00,1.0,S
3829,3047,2021-01-24T22:16:10.940000+00:00,1.0,P
3829,3346,2021-01-24T22:16:13.930000+00:00,1.0,S
3830,3048,2021-01-24T22:16:10.950000+00:00,1.0,P
3830,3346,2021-01-24T22:16:13.930000+00:00,1.0,S
3831,3048,2021-01-24T22:16:10.950000+00:00,1.0,P
3831,3346,2021-01-24T22:16:13.930000+00:00,1.0,S
3832,3048,2021-01-24T22:16:10.950000+00:00,1.0,P
3832,3347,2021-01-24T22:16:13.940000+00:00,1.0,S
3833,3048,2021-01-24T22:16:10.950000+00:00,1.0,P
3833,3347,2021-01-24T22:16:13.940000+00:00,1.0,S
3834,3048,2021-01-24T22:16:10.950000+00:00,1.0,P
3834,3347,2021-01-24T22:16:13.940000+00:00,1.0,S
3835,3048,2021-01-24T22:16:10.950000+00:00,1.0,P
3835,3348,2021-01-24T22:16:13.950000+00:00,1.0,S
3836,3049,2021-01-24T22:16:10.960000+00:00,1.0,P
3836,3348,2021-01-24T22:16:13.950000+00:00,1.0,S
3837,3049,2021-01-24T22:16:10.960000+00:00,1.0,P
3837,3348,2021-01-24T22:16:13.950000+00:00,1.0,S
3838,3049,2021-01-24T22:16:10.960000+00:00,1.0,P
3838,3349,2021-01-24T22:16:13.960000+00:00,1.0,S
3839,3049,2021-01-24T22:16:10.960000+00:00,1.0,P
3839,3349,2021-01-24T22:16:13.960000+00:00,1.0,S
3840,3049,2021-01-24T22:16:10.960000+00:00,1.0,P
3840,3349,2021-01-24T22:16:13.960000+00:00,1.0,S
3841,3050,2021-01-24T22:16:10.970000+00:00,1.0,P
3841,3350,2021-01-24T22:16:13.970000+00:00,1.0,S
3842,3050,2021-01-24T22:16:10.970000+00:00,1.0,P
3842,3350,2021-01-24T22:16:13.970000+00:00,1.0,S
3843,3050,2021-01-24T22:16:10.970000+00:00,1.0,P
3843,3350,2021-01-24T22:16:13.970000+00:00,1.0,S
3844,3050,2021-01-24T22:16:10.970000+00:00,1.0,P
3844,3351,2021-01-24T22:16:13.979999+00:00,1.0,S
3845,3050,2021-01-24T22:16:10.970000+00:00,1.0,P
3845,3351,2021-01-24T22:16:13.979999+00:00,1.0,S
3846,3050,2021-01-24T22:16:10.970000+00:00,1.0,P
3846,3351,2021-01-24T22:16:13.979999+00:00,1.0,S
3847,3051,2021-01-24T22:16:10.980000+00:00,1.0,P
3847,3352,2021-01-24T22:16:13.990000+00:00,1.0,S
3848,3051,2021-01-24T22:16:10.980000+00:00,1.0,P
3848,3352,2021-01-24T22:16:13.990000+00:00,1.0,S
3849,3051,2021-01-24T22:16:10.980000+00:00,1.0,P
3849,3352,2021-01-24T22:16:13.990000+00:00,1.0,S
3850,3051,2021-01-24T22:16:10.980000+00:00,1.0,P
3850,3353,2021-01-24T22:16:14+00:00,1.0,S
3851,3051,2021-01-24T22:16:10.980000+00:00,1.0,P
3851,3353,2021-01-24T22:16:14+00:00,1.0,S
3852,3052,2021-01-24T22:16:10.990000+00:00,1.0,P
3852,3353,2021-01-24T22:16:14+00:00,1.0,S
3853,3052,2021-01-24T22:16:10.990000+00:00,1.0,P
3853,3353,2021-01-24T22:16:14+00:00,1.0,S
3854,3052,2021-01-24T22:16:10.990000+00:00,1.0,P
3854,3354,2021-01-24T22:16:14.010000+00:00,1.0,S
3855,3052,2021-01-24T22:16:10.990000+00:00,1.0,P
3855,3354,2021-01-24T22:16:14.010000+00:00,1.0,S
3856,3052,2021-01-24T22:16:10.990000+00:00,1.0,P
3856,3354,2021-01-24T22:16:14.010000+00:00,1.0,S
3857,3052,2021-01-24T22:16:10.990000+00:00,1.0,P
3857,3355,2021-01-24T22:16:14.019999+00:00,1.0,S
3858,3053,2021-01-24T22:16:11+00:00,1.0,P
3858,3355,2021-01-24T22:16:14.019999+00:00,1.0,S
3859,3053,2021-01-24T22:16:11+00:00,1.0,P
3859,3355,2021-01-24T22:16:14.019999+00:00,1.0,S
3860,3053,2021-01-24T22:16:11+00:00,1.0,P
3860,3355,2021-01-24T22:16:14.019999+00:00,1.0,S
3861,3053,2021-01-24T22:16:11+00:00,1.0,P
3861,3356,2021-01-24T22:16:14.030000+00:00,1.0,S
3862,3053,2021-01-24T22:16:11+00:00,1.0,P
3862,3356,2021-01-24T22:16:14.030000+00:00,1.0,S
3863,3054,2021-01-24T22:16:11.010000+00:00,1.0,P
3863,3356,2021-01-24T22:16:14.030000+00:00,1.0,S
3864,3054,2021-01-24T22:16:11.010000+00:00,1.0,P
3864,3357,2021-01-24T22:16:14.040000+00:00,1.0,S
3865,3054,2021-01-24T22:16:11.010000+00:00,1.0,P
3865,3357,2021-01-24T22:16:14.040000+00:00,1.0,S
3866,3054,2021-01-24T22:16:11.010000+00:00,1.0,P
3866,3357,2021-01-24T22:16:14.040000+00:00,1.0,S
3867,3054,2021-01-24T22:16:11.010000+00:00,1.0,P
3867,3357,2021-01-24T22:16:14.040000+00:00,1.0,S
3868,3054,2021-01-24T22:16:11.010000+00:00,1.0,P
3868,3358,2021-01-24T22:16:14.050000+00:00,1.0,S
3869,3055,2021-01-24T22:16:11.020000+00:00,1.0,P
3869,3358,2021-01-24T22:16:14.050000+00:00,1.0,S
3870,3055,2021-01-24T22:16:11.020000+00:00,1.0,P
3870,3358,2021-01-24T22:16:14.050000+00:00,1.0,S
3871,3055,2021-01-24T22:16:11.020000+00:00,1.0,P
3871,3358,2021-01-24T22:16:14.050000+00:00,1.0,S
3872,3055,2021-01-24T22:16:11.020000+00:00,1.0,P
3872,3359,2021-01-24T22:16:14.060000+00:00,1.0,S
3873,3055,2021-01-24T22:16:11.020000+00:00,1.0,P
3873,3359,2021-01-24T22:16:14.060000+00:00,1.0,S
3874,3056,2021-01-24T22:16:11.030000+00:00,1.0,P
3874,3359,2021-01-24T22:16:14.060000+00:00,1.0,S
3875,3056,2021-01-24T22:16:11.030000+00:00,1.0,P
3875,3359,2021-01-24T22:16:14.060000+00:00,1.0,S
3876,3056,2021-01-24T22:16:11.030000+00:00,1.0,P
3876,3359,2021-01-24T22:16:14.060000+00:00,1.0,S
3877,3056,2021-01-24T22:16:11.030000+00:00,1.0,P
3877,3360,2021-01-24T22:16:14.070000+00:00,1.0,S
3878,3056,2021-01-24T22:16:11.030000+00:00,1.0,P
3878,3360,2021-01-24T22:16:14.070000+00:00,1.0,S
3879,3056,2021-01-24T22:16:11.030000+00:00,1.0,P
3879,3360,2021-01-24T22:16:14.070000+00:00,1.0,S
3880,3056,2021-01-24T22:16:11.030000+00:00,1.0,P
3880,3360,2021-01-24T22:16:14.070000+00:00,1.0,S
3881,3057,2021-01-24T22:16:11.040000+00:00,1.0,P
3881,3361,2021-01-24T22:16:14.080000+00:00,1.0,S
3882,3057,2021-01-24T22:16:11.040000+00:00,1.0,P
3882,3361,2021-01-24T22:16:14.080000+00:00,1.0,S
3883,3057,2021-01-24T22:16:11.040000+00:00,1.0,P
3883,3361,2021-01-24T22:16:14.080000+00:00,1.0,S
3884,3057,2021-01-24T22:16:11.040000+00:00,1.0,P
3884,3361,2021-01-24T22:16:14.080000+00:00,1.0,S
3885,3057,2021-01-24T22:16:11.040000+00:00,1.0,P
3885,3361,2021-01-24T22:16:14.080000+00:00,1.0,S
3886,3057,2021-01-24T22:16:11.040000+00:00,1.0,P
3886,3362,2021-01-24T22:16:14.089999+00:00,1.0,S
3887,3058,2021-01-24T22:16:11.050000+00:00,1.0,P
3887,3362,2021-01-24T22:16:14.089999+00:00,1.0,S
3888,3058,2021-01-24T22:16:11.050000+00:00,1.0,P
3888,3362,2021-01-24T22:16:14.089999+00:00,1.0,S
3889,3058,2021-01-24T22:16:11.050000+00:00,1.0,P
3889,3362,2021-01-24T22:16:14.089999+00:00,1.0,S
3890,3058,2021-01-24T22:16:11.050000+00:00,1.0,P
3890,3362,2021-01-24T22:16:14.089999+00:00,1.0,S
3891,3058,2021-01-24T22:16:11.050000+00:00,1.0,P
3891,3363,2021-01-24T22:16:14.100000+00:00,1.0,S
3892,3058,2021-01-24T22:16:11.050000+00:00,1.0,P
3892,3363,2021-01-24T22:16:14.100000+00:00,1.0,S
3893,3058,2021-01-24T22:16:11.050000+00:00,1.0,P
3893,3363,2021-01-24T22:16:14.100000+00:00,1.0,S
3894,3059,2021-01-24T22:16:11.060000+00:00,1.0,P
3894,3363,2021-01-24T22:16:14.100000+00:00,1.0,S
3895,3059,2021-01-24T22:16:11.060000+00:00,1.0,P
3895,3363,2021-01-24T22:16:14.100000+00:00,1.0,S
3896,3059,2021-01-24T22:16:11.060000+00:00,1.0,P
3896,3363,2021-01-24T22:16:14.100000+00:00,1.0,S
3897,3059,2021-01-24T22:16:11.060000+00:00,1.0,P
3897,3364,2021-01-24T22:16:14.110000+00:00,1.0,S
3898,3059,2021-01-24T22:16:11.060000+00:00,1.0,P
3898,3364,2021-01-24T22:16:14.110000+00:00,1.0,S
3899,3059,2021-01-24T22:16:11.060000+00:00,1.0,P
3899,3364,2021-01-24T22:16:14.110000+00:00,1.0,S
3900,3059,2021-01-24T22:16:11.060000+00:00,1.0,P
3900,3364,2021-01-24T22:16:14.110000+00:00,1.0,S
3901,3060,2021-01-24T22:16:11.070000+00:00,1.0,P
3901,3364,2021-01-24T22:16:14.110000+00:00,1.0,S
3902,3060,2021-01-24T22:16:11.070000+00:00,1.0,P
3902,3364,2021-01-24T22:16:14.110000+00:00,1.0,S
3903,3060,2021-01-24T22:16:11.070000+00:00,1.0,P
3903,3365,2021-01-24T22:16:14.120000+00:00,1.0,S
3904,3060,2021-01-24T22:16:11.070000+00:00,1.0,P
3904,3365,2021-01-24T22:16:14.120000+00:00,1.0,S
3905,3060,2021-01-24T22:16:11.070000+00:00,1.0,P
3905,3365,2021-01-24T22:16:14.120000+00:00,1.0,S
3906,3060,2021-01-24T22:16:11.070000+00:00,1.0,P
3906,3365,2021-01-24T22:16:14.120000+00:00,1.0,S
3907,3060,2021-01-24T22:16:11.070000+00:00,1.0,P
3907,3365,2021-01-24T22:16:14.120000+00:00,1.0,S
3908,3061,2021-01-24T22:16:11.080000+00:00,1.0,P
3908,3365,2021-01-24T22:16:14.120000+00:00,1.0,S
3909,3061,2021-01-24T22:16:11.080000+00:00,1.0,P
3909,3365,2021-01-24T22:16:14.120000+00:00,1.0,S
3910,3061,2021-01-24T22:16:11.080000+00:00,1.0,P
3910,3365,2021-01-24T22:16:14.120000+00:00,1.0,S
3911,3061,2021-01-24T22:16:11.080000+00:00,1.0,P
3911,3365,2021-01-24T22:16:14.120000+00:00,1.0,S
3912,3061,2021-01-24T22:16:11.080000+00:00,1.0,P
3912,3365,2021-01-24T22:16:14.120000+00:00,1.0,S
3913,3061,2021-01-24T22:16:11.080000+00:00,1.0,P
3913,3365,2021-01-24T22:16:14.120000+00:00,1.0,S
3914,3061,2021-01-24T22:16:11.080000+00:00,1.0,P
3914,3365,2021-01-24T22:16:14.120000+00:00,1.0,S
3915,3062,2021-01-24T22:16:11.090000+00:00,1.0,P
3915,3365,2021-01-24T22:16:14.120000+00:00,1.0,S
3916,3062,2021-01-24T22:16:11.090000+00:00,1.0,P
3916,3365,2021-01-24T22:16:14.120000+00:00,1.0,S
3917,3062,2021-01-24T22:16:11.090000+00:00,1.0,P
3917,3365,2021-01-24T22:16:14.120000+00:00,1.0,S
3918,3062,2021-01-24T22:16:11.090000+00:00,1.0,P
3918,3365,2021-01-24T22:16:14.120000+00:00,1.0,S
3919,3062,2021-01-24T22:16:11.090000+00:00,1.0,P
3919,3365,2021-01-24T22:16:14.120000+00:00,1.0,S
3920,3062,2021-01-24T22:16:11.090000+00:00,1.0,P
3920,3365,2021-01-24T22:16:14.120000+00:00,1.0,S
3921,3062,2021-01-24T22:16:11.090000+00:00,1.0,P
3921,3365,2021-01-24T22:16:14.120000+00:00,1.0,S
3922,3063,2021-01-24T22:16:11.100000+00:00,1.0,P
3922,3365,2021-01-24T22:16:14.120000+00:00,1.0,S
3923,3063,2021-01-24T22:16:11.100000+00:00,1.0,P
3923,3366,2021-01-24T22:16:14.130000+00:00,1.0,S
3924,3063,2021-01-24T22:16:11.100000+00:00,1.0,P
3924,3366,2021-01-24T22:16:14.130000+00:00,1.0,S
3925,3063,2021-01-24T22:16:11.100000+00:00,1.0,P
3925,3366,2021-01-24T22:16:14.130000+00:00,1.0,S
3926,3063,2021-01-24T22:16:11.100000+00:00,1.0,P
3926,3366,2021-01-24T22:16:14.130000+00:00,1.0,S
3927,3063,2021-01-24T22:16:11.100000+00:00,1.0,P
3927,3366,2021-01-24T22:16:14.130000+00:00,1.0,S
3928,3063,2021-01-24T22:16:11.100000+00:00,1.0,P
3928,3366,2021-01-24T22:16:14.130000+00:00,1.0,S
3929,3063,2021-01-24T22:16:11.100000+00:00,1.0,P
3929,3366,2021-01-24T22:16:14.130000+00:00,1.0,S
3930,3064,2021-01-24T22:16:11.110000+00:00,1.0,P
3930,3366,2021-01-24T22:16:14.130000+00:00,1.0,S
3931,3064,2021-01-24T22:16:11.110000+00:00,1.0,P
3931,3366,2021-01-24T22:16:14.130000+00:00,1.0,S
3932,3064,2021-01-24T22:16:11.110000+00:00,1.0,P
3932,3366,2021-01-24T22:16:14.130000+00:00,1.0,S
3933,3064,2021-01-24T22:16:11.110000+00:00,1.0,P
3933,3366,2021-01-24T22:16:14.130000+00:00,1.0,S
3934,3064,2021-01-24T22:16:11.110000+00:00,1.0,P
3934,3366,2021-01-24T22:16:14.130000+00:00,1.0,S
3935,3064,2021-01-24T22:16:11.110000+00:00,1.0,P
3935,3367,2021-01-24T22:16:14.140000+00:00,1.0,S
3936,3064,2021-01-24T22:16:11.110000+00:00,1.0,P
3936,3367,2021-01-24T22:16:14.140000+00:00,1.0,S
3937,3064,2021-01-24T22:16:11.110000+00:00,1.0,P
3937,3367,2021-01-24T22:16:14.140000+00:00,1.0,S
3938,3064,2021-01-24T22:16:11.110000+00:00,1.0,P
3938,3367,2021-01-24T22:16:14.140000+00:00,1.0,S
3939,3064,2021-01-24T22:16:11.110000+00:00,1.0,P
3939,3367,2021-01-24T22:16:14.140000+00:00,1.0,S
3940,3065,2021-01-24T22:16:11.120000+00:00,1.0,P
3940,3367,2021-01-24T22:16:14.140000+00:00,1.0,S
3941,3065,2021-01-24T22:16:11.120000+00:00,1.0,P
3941,3367,2021-01-24T22:16:14.140000+00:00,1.0,S
3942,3065,2021-01-24T22:16:11.120000+00:00,1.0,P
3942,3367,2021-01-24T22:16:14.140000+00:00,1.0,S
3943,3065,2021-01-24T22:16:11.120000+00:00,1.0,P
3943,3367,2021-01-24T22:16:14.140000+00:00,1.0,S
3944,3065,2021-01-24T22:16:11.120000+00:00,1.0,P
3944,3367,2021-01-24T22:16:14.140000+00:00,1.0,S
3945,3065,2021-01-24T22:16:11.120000+00:00,1.0,P
3945,3367,2021-01-24T22:16:14.140000+00:00,1.0,S
3946,3065,2021-01-24T22:16:11.120000+00:00,1.0,P
3946,3367,2021-01-24T22:16:14.140000+00:00,1.0,S
3947,3065,2021-01-24T22:16:11.120000+00:00,1.0,P
3947,3367,2021-01-24T22:16:14.140000+00:00,1.0,S
3948,3066,2021-01-24T22:16:11.130000+00:00,1.0,P
3948,3367,2021-01-24T22:16:14.140000+00:00,1.0,S
3949,3066,2021-01-24T22:16:11.130000+00:00,1.0,P
3949,3367,2021-01-24T22:16:14.140000+00:00,1.0,S
3950,3066,2021-01-24T22:16:11.130000+00:00,1.0,P
3950,3367,2021-01-24T22:16:14.140000+00:00,1.0,S
3951,3066,2021-01-24T22:16:11.130000+00:00,1.0,P
3951,3367,2021-01-24T22:16:14.140000+00:00,1.0,S
3952,3066,2021-01-24T22:16:11.130000+00:00,1.0,P
3952,3368,2021-01-24T22:16:14.150000+00:00,1.0,S
3953,3066,2021-01-24T22:16:11.130000+00:00,1.0,P
3953,3368,2021-01-24T22:16:14.150000+00:00,1.0,S
3954,3066,2021-01-24T22:16:11.130000+00:00,1.0,P
3954,3368,2021-01-24T22:16:14.150000+00:00,1.0,S
3955,3066,2021-01-24T22:16:11.130000+00:00,1.0,P
3955,3368,2021-01-24T22:16:14.150000+00:00,1.0,S
3956,3066,2021-01-24T22:16:11.130000+00:00,1.0,P
3956,3368,2021-01-24T22:16:14.150000+00:00,1.0,S
3957,3066,2021-01-24T22:16:11.130000+00:00,1.0,P
3957,3368,2021-01-24T22:16:14.150000+00:00,1.0,S
3958,3067,2021-01-24T22:16:11.140000+00:00,1.0,P
3958,3368,2021-01-24T22:16:14.150000+00:00,1.0,S
3959,3067,2021-01-24T22:16:11.140000+00:00,1.0,P
3959,3368,2021-01-24T22:16:14.150000+00:00,1.0,S
3960,3067,2021-01-24T22:16:11.140000+00:00,1.0,P
3960,3368,2021-01-24T22:16:14.150000+00:00,1.0,S
3961,3067,2021-01-24T22:16:11.140000+00:00,1.0,P
3961,3369,2021-01-24T22:16:14.159999+00:00,1.0,S
3962,3067,2021-01-24T22:16:11.140000+00:00,1.0,P
3962,3369,2021-01-24T22:16:14.159999+00:00,1.0,S
3963,3067,2021-01-24T22:16:11.140000+00:00,1.0,P
3963,3369,2021-01-24T22:16:14.159999+00:00,1.0,S
3964,3067,2021-01-24T22:16:11.140000+00:00,1.0,P
3964,3369,2021-01-24T22:16:14.159999+00:00,1.0,S
3965,3067,2021-01-24T22:16:11.140000+00:00,1.0,P
3965,3369,2021-01-24T22:16:14.159999+00:00,1.0,S
3966,3067,2021-01-24T22:16:11.140000+00:00,1.0,P
3966,3369,2021-01-24T22:16:14.159999+00:00,1.0,S
3967,3067,2021-01-24T22:16:11.140000+00:00,1.0,P
3967,3369,2021-01-24T22:16:14.159999+00:00,1.0,S
3968,3067,2021-01-24T22:16:11.140000+00:00,1.0,P
3968,3369,2021-01-24T22:16:14.159999+00:00,1.0,S
3969,3067,2021-01-24T22:16:11.140000+00:00,1.0,P
3969,3369,2021-01-24T22:16:14.159999+00:00,1.0,S
3970,3067,2021-01-24T22:16:11.140000+00:00,1.0,P
3970,3369,2021-01-24T22:16:14.159999+00:00,1.0,S
3971,3067,2021-01-24T22:16:11.140000+00:00,1.0,P
3971,3369,2021-01-24T22:16:14.159999+00:00,1.0,S
3972,3067,2021-01-24T22:16:11.140000+00:00,1.0,P
3972,3369,2021-01-24T22:16:14.159999+00:00,1.0,S
3973,3067,2021-01-24T22:16:11.140000+00:00,1.0,P
3973,3369,2021-01-24T22:16:14.159999+00:00,1.0,S
3974,3067,2021-01-24T22:16:11.140000+00:00,1.0,P
3974,3369,2021-01-24T22:16:14.159999+00:00,1.0,S
3975,3067,2021-01-24T22:16:11.140000+00:00,1.0,P
3975,3369,2021-01-24T22:16:14.159999+00:00,1.0,S
3976,3067,2021-01-24T22:16:11.140000+00:00,1.0,P
3976,3370,2021-01-24T22:16:14.170000+00:00,1.0,S
3977,3067,2021-01-24T22:16:11.140000+00:00,1.0,P
3977,3370,2021-01-24T22:16:14.170000+00:00,1.0,S
3978,3067,2021-01-24T22:16:11.140000+00:00,1.0,P
3978,3370,2021-01-24T22:16:14.170000+00:00,1.0,S
3979,3067,2021-01-24T22:16:11.140000+00:00,1.0,P
3979,3370,2021-01-24T22:16:14.170000+00:00,1.0,S
3980,3067,2021-01-24T22:16:11.140000+00:00,1.0,P
3980,3370,2021-01-24T22:16:14.170000+00:00,1.0,S
3981,3067,2021-01-24T22:16:11.140000+00:00,1.0,P
3981,3370,2021-01-24T22:16:14.170000+00:00,1.0,S
3982,3067,2021-01-24T22:16:11.140000+00:00,1.0,P
3982,3370,2021-01-24T22:16:14.170000+00:00,1.0,S
3983,3067,2021-01-24T22:16:11.140000+00:00,1.0,P
3983,3370,2021-01-24T22:16:14.170000+00:00,1.0,S
3984,3067,2021-01-24T22:16:11.140000+00:00,1.0,P
3984,3370,2021-01-24T22:16:14.170000+00:00,1.0,S
3985,3068,2021-01-24T22:16:11.150000+00:00,1.0,P
3985,3371,2021-01-24T22:16:14.180000+00:00,1.0,S
3986,3068,2021-01-24T22:16:11.150000+00:00,1.0,P
3986,3371,2021-01-24T22:16:14.180000+00:00,1.0,S
3987,3068,2021-01-24T22:16:11.150000+00:00,1.0,P
3987,3371,2021-01-24T22:16:14.180000+00:00,1.0,S
3988,3068,2021-01-24T22:16:11.150000+00:00,1.0,P
3988,3371,2021-01-24T22:16:14.180000+00:00,1.0,S
3989,3068,2021-01-24T22:16:11.150000+00:00,1.0,P
3989,3371,2021-01-24T22:16:14.180000+00:00,1.0,S
3990,3068,2021-01-24T22:16:11.150000+00:00,1.0,P
3990,3371,2021-01-24T22:16:14.180000+00:00,1.0,S
3991,3068,2021-01-24T22:16:11.150000+00:00,1.0,P
3991,3371,2021-01-24T22:16:14.180000+00:00,1.0,S
3992,3068,2021-01-24T22:16:11.150000+00:00,1.0,P
3992,3371,2021-01-24T22:16:14.180000+00:00,1.0,S
3993,3068,2021-01-24T22:16:11.150000+00:00,1.0,P
3993,3371,2021-01-24T22:16:14.180000+00:00,1.0,S
3994,3068,2021-01-24T22:16:11.150000+00:00,1.0,P
3994,3372,2021-01-24T22:16:14.190000+00:00,1.0,S
3995,3069,2021-01-24T22:16:11.160000+00:00,1.0,P
3995,3372,2021-01-24T22:16:14.190000+00:00,1.0,S
3996,3069,2021-01-24T22:16:11.160000+00:00,1.0,P
3996,3372,2021-01-24T22:16:14.190000+00:00,1.0,S
3997,3069,2021-01-24T22:16:11.160000+00:00,1.0,P
3997,3372,2021-01-24T22:16:14.190000+00:00,1.0,S
3998,3069,2021-01-24T22:16:11.160000+00:00,1.0,P
3998,3372,2021-01-24T22:16:14.190000+00:00,1.0,S
3999,3069,2021-01-24T22:16:11.160000+00:00,1.0,P
3999,3372,2021-01-24T22:16:14.190000+00:00,1.0,S
4000,3069,2021-01-24T22:16:11.160000+00:00,1.0,P
4000,3372,2021-01-24T22:16:14.190000+00:00,1.0,S
4001,3069,2021-01-24T22:16:11.160000+00:00,1.0,P
4001,3372,2021-01-24T22:16:14.190000+00:00,1.0,S
4002,3069,2021-01-24T22:16:11.160000+00:00,1.0,P
4002,3373,2021-01-24T22:16:14.200000+00:00,1.0,S
4003,3069,2021-01-24T22:16:11.160000+00:00,1.0,P
4003,3373,2021-01-24T22:16:14.200000+00:00,1.0,S
4004,3069,2021-01-24T22:16:11.160000+00:00,1.0,P
4004,3373,2021-01-24T22:16:14.200000+00:00,1.0,S
4005,3069,2021-01-24T22:16:11.160000+00:00,1.0,P
4005,3373,2021-01-24T22:16:14.200000+00:00,1.0,S
4006,3070,2021-01-24T22:16:11.170000+00:00,1.0,P
4006,3373,2021-01-24T22:16:14.200000+00:00,1.0,S
4007,3070,2021-01-24T22:16:11.170000+00:00,1.0,P
4007,3373,2021-01-24T22:16:14.200000+00:00,1.0,S
4008,3070,2021-01-24T22:16:11.170000+00:00,1.0,P
4008,3373,2021-01-24T22:16:14.200000+00:00,1.0,S
4009,3070,2021-01-24T22:16:11.170000+00:00,1.0,P
4009,3374,2021-01-24T22:16:14.210000+00:00,1.0,S
4010,3070,2021-01-24T22:16:11.170000+00:00,1.0,P
4010,3374,2021-01-24T22:16:14.210000+00:00,1.0,S
4011,3070,2021-01-24T22:16:11.170000+00:00,1.0,P
4011,3374,2021-01-24T22:16:14.210000+00:00,1.0,S
4012,3070,2021-01-24T22:16:11.170000+00:00,1.0,P
4012,3374,2021-01-24T22:16:14.210000+00:00,1.0,S
4013,3070,2021-01-24T22:16:11.170000+00:00,1.0,P
4013,3374,2021-01-24T22:16:14.210000+00:00,1.0,S
4014,3070,2021-01-24T22:16:11.170000+00:00,1.0,P
4014,3374,2021-01-24T22:16:14.210000+00:00,1.0,S
4015,3070,2021-01-24T22:16:11.170000+00:00,1.0,P
4015,3375,2021-01-24T22:16:14.220000+00:00,1.0,S
4016,3070,2021-01-24T22:16:11.170000+00:00,1.0,P
4016,3375,2021-01-24T22:16:14.220000+00:00,1.0,S
4017,3071,2021-01-24T22:16:11.180000+00:00,1.0,P
4017,3375,2021-01-24T22:16:14.220000+00:00,1.0,S
4018,3071,2021-01-24T22:16:11.180000+00:00,1.0,P
4018,3375,2021-01-24T22:16:14.220000+00:00,1.0,S
4019,3071,2021-01-24T22:16:11.180000+00:00,1.0,P
4019,3375,2021-01-24T22:16:14.220000+00:00,1.0,S
4020,3071,2021-01-24T22:16:11.180000+00:00,1.0,P
4020,3375,2021-01-24T22:16:14.220000+00:00,1.0,S
4021,3071,2021-01-24T22:16:11.180000+00:00,1.0,P
4021,3375,2021-01-24T22:16:14.220000+00:00,1.0,S
4022,3071,2021-01-24T22:16:11.180000+00:00,1.0,P
4022,3376,2021-01-24T22:16:14.229999+00:00,1.0,S
4023,3071,2021-01-24T22:16:11.180000+00:00,1.0,P
4023,3376,2021-01-24T22:16:14.229999+00:00,1.0,S
4024,3071,2021-01-24T22:16:11.180000+00:00,1.0,P
4024,3376,2021-01-24T22:16:14.229999+00:00,1.0,S
4025,3071,2021-01-24T22:16:11.180000+00:00,1.0,P
4025,3376,2021-01-24T22:16:14.229999+00:00,1.0,S
4026,3071,2021-01-24T22:16:11.180000+00:00,1.0,P
4026,3376,2021-01-24T22:16:14.229999+00:00,1.0,S
4027,3072,2021-01-24T22:16:11.190000+00:00,1.0,P
4027,3376,2021-01-24T22:16:14.229999+00:00,1.0,S
4028,3072,2021-01-24T22:16:11.190000+00:00,1.0,P
4028,3376,2021-01-24T22:16:14.229999+00:00,1.0,S
4029,3072,2021-01-24T22:16:11.190000+00:00,1.0,P
4029,3377,2021-01-24T22:16:14.240000+00:00,1.0,S
4030,3072,2021-01-24T22:16:11.190000+00:00,1.0,P
4030,3377,2021-01-24T22:16:14.240000+00:00,1.0,S
4031,3072,2021-01-24T22:16:11.190000+00:00,1.0,P
4031,3377,2021-01-24T22:16:14.240000+00:00,1.0,S
4032,3072,2021-01-24T22:16:11.190000+00:00,1.0,P
4032,3377,2021-01-24T22:16:14.240000+00:00,1.0,S
4033,3072,2021-01-24T22:16:11.190000+00:00,1.0,P
4033,3377,2021-01-24T22:16:14.240000+00:00,1.0,S
4034,3072,2021-01-24T22:16:11.190000+00:00,1.0,P
4034,3377,2021-01-24T22:16:14.240000+00:00,1.0,S
4035,3073,2021-01-24T22:16:11.200000+00:00,1.0,P
4035,3378,2021-01-24T22:16:14.250000+00:00,1.0,S
4036,3073,2021-01-24T22:16:11.200000+00:00,1.0,P
4036,3378,2021-01-24T22:16:14.250000+00:00,1.0,S
4037,3073,2021-01-24T22:16:11.200000+00:00,1.0,P
4037,3378,2021-01-24T22:16:14.250000+00:00,1.0,S
4038,3073,2021-01-24T22:16:11.200000+00:00,1.0,P
4038,3378,2021-01-24T22:16:14.250000+00:00,1.0,S
4039,3073,2021-01-24T22:16:11.200000+00:00,1.0,P
4039,3379,2021-01-24T22:16:14.260000+00:00,1.0,S
4040,3073,2021-01-24T22:16:11.200000+00:00,1.0,P
4040,3379,2021-01-24T22:16:14.260000+00:00,1.0,S
4041,3073,2021-01-24T22:16:11.200000+00:00,1.0,P
4041,3379,2021-01-24T22:16:14.260000+00:00,1.0,S
4042,3073,2021-01-24T22:16:11.200000+00:00,1.0,P
4042,3379,2021-01-24T22:16:14.260000+00:00,1.0,S
4043,3073,2021-01-24T22:16:11.200000+00:00,1.0,P
4043,3379,2021-01-24T22:16:14.260000+00:00,1.0,S
4044,3074,2021-01-24T22:16:11.210000+00:00,1.0,P
4044,3380,2021-01-24T22:16:14.269999+00:00,1.0,S
4045,3074,2021-01-24T22:16:11.210000+00:00,1.0,P
4045,3380,2021-01-24T22:16:14.269999+00:00,1.0,S
4046,3074,2021-01-24T22:16:11.210000+00:00,1.0,P
4046,3380,2021-01-24T22:16:14.269999+00:00,1.0,S
4047,3074,2021-01-24T22:16:11.210000+00:00,1.0,P
4047,3380,2021-01-24T22:16:14.269999+00:00,1.0,S
4048,3074,2021-01-24T22:16:11.210000+00:00,1.0,P
4048,3380,2021-01-24T22:16:14.269999+00:00,1.0,S
4049,3074,2021-01-24T22:16:11.210000+00:00,1.0,P
4049,3381,2021-01-24T22:16:14.280000+00:00,1.0,S
4050,3074,2021-01-24T22:16:11.210000+00:00,1.0,P
4050,3381,2021-01-24T22:16:14.280000+00:00,1.0,S
4051,3074,2021-01-24T22:16:11.210000+00:00,1.0,P
4051,3381,2021-01-24T22:16:14.280000+00:00,1.0,S
4052,3075,2021-01-24T22:16:11.220000+00:00,1.0,P
4052,3381,2021-01-24T22:16:14.280000+00:00,1.0,S
4053,3075,2021-01-24T22:16:11.220000+00:00,1.0,P
4053,3381,2021-01-24T22:16:14.280000+00:00,1.0,S
4054,3075,2021-01-24T22:16:11.220000+00:00,1.0,P
4054,3381,2021-01-24T22:16:14.280000+00:00,1.0,S
4055,3075,2021-01-24T22:16:11.220000+00:00,1.0,P
4055,3382,2021-01-24T22:16:14.290000+00:00,1.0,S
4056,3075,2021-01-24T22:16:11.220000+00:00,1.0,P
4056,3382,2021-01-24T22:16:14.290000+00:00,1.0,S
4057,3075,2021-01-24T22:16:11.220000+00:00,1.0,P
4057,3382,2021-01-24T22:16:14.290000+00:00,1.0,S
4058,3075,2021-01-24T22:16:11.220000+00:00,1.0,P
4058,3382,2021-01-24T22:16:14.290000+00:00,1.0,S
4059,3075,2021-01-24T22:16:11.220000+00:00,1.0,P
4059,3382,2021-01-24T22:16:14.290000+00:00,1.0,S
4060,3076,2021-01-24T22:16:11.230000+00:00,1.0,P
4060,3382,2021-01-24T22:16:14.290000+00:00,1.0,S
4061,3076,2021-01-24T22:16:11.230000+00:00,1.0,P
4061,3382,2021-01-24T22:16:14.290000+00:00,1.0,S
4062,3076,2021-01-24T22:16:11.230000+00:00,1.0,P
4062,3383,2021-01-24T22:16:14.300000+00:00,1.0,S
4063,3076,2021-01-24T22:16:11.230000+00:00,1.0,P
4063,3383,2021-01-24T22:16:14.300000+00:00,1.0,S
4064,3076,2021-01-24T22:16:11.230000+00:00,1.0,P
4064,3383,2021-01-24T22:16:14.300000+00:00,1.0,S
4065,3076,2021-01-24T22:16:11.230000+00:00,1.0,P
4065,3383,2021-01-24T22:16:14.300000+00:00,1.0,S
4066,3076,2021-01-24T22:16:11.230000+00:00,1.0,P
4066,3384,2021-01-24T22:16:14.310000+00:00,1.0,S
4067,3076,2021-01-24T22:16:11.230000+00:00,1.0,P
4067,3384,2021-01-24T22:16:14.310000+00:00,1.0,S
4068,3076,2021-01-24T22:16:11.230000+00:00,1.0,P
4068,3384,2021-01-24T22:16:14.310000+00:00,1.0,S
4069,3077,2021-01-24T22:16:11.240000+00:00,1.0,P
4069,3384,2021-01-24T22:16:14.310000+00:00,1.0,S
4070,3077,2021-01-24T22:16:11.240000+00:00,1.0,P
4070,3384,2021-01-24T22:16:14.310000+00:00,1.0,S
4071,3077,2021-01-24T22:16:11.240000+00:00,1.0,P
4071,3385,2021-01-24T22:16:14.320000+00:00,1.0,S
4072,3077,2021-01-24T22:16:11.240000+00:00,1.0,P
4072,3385,2021-01-24T22:16:14.320000+00:00,1.0,S
4073,3077,2021-01-24T22:16:11.240000+00:00,1.0,P
4073,3385,2021-01-24T22:16:14.320000+00:00,1.0,S
4074,3077,2021-01-24T22:16:11.240000+00:00,1.0,P
4074,3385,2021-01-24T22:16:14.320000+00:00,1.0,S
4075,3077,2021-01-24T22:16:11.240000+00:00,1.0,P
4075,3386,2021-01-24T22:16:14.330000+00:00,1.0,S
4076,3077,2021-01-24T22:16:11.240000+00:00,1.0,P
4076,3386,2021-01-24T22:16:14.330000+00:00,1.0,S
4077,3078,2021-01-24T22:16:11.250000+00:00,1.0,P
4077,3386,2021-01-24T22:16:14.330000+00:00,1.0,S
4078,3078,2021-01-24T22:16:11.250000+00:00,1.0,P
4078,3386,2021-01-24T22:16:14.330000+00:00,1.0,S
4079,3078,2021-01-24T22:16:11.250000+00:00,1.0,P
4079,3386,2021-01-24T22:16:14.330000+00:00,1.0,S
4080,3078,2021-01-24T22:16:11.250000+00:00,1.0,P
4080,3387,2021-01-24T22:16:14.339999+00:00,1.0,S
4081,3078,2021-01-24T22:16:11.250000+00:00,1.0,P
4081,3387,2021-01-24T22:16:14.339999+00:00,1.0,S
4082,3078,2021-01-24T22:16:11.250000+00:00,1.0,P
4082,3387,2021-01-24T22:16:14.339999+00:00,1.0,S
4083,3078,2021-01-24T22:16:11.250000+00:00,1.0,P
4083,3387,2021-01-24T22:16:14.339999+00:00,1.0,S
4084,3079,2021-01-24T22:16:11.260000+00:00,1.0,P
4084,3387,2021-01-24T22:16:14.339999+00:00,1.0,S
4085,3079,2021-01-24T22:16:11.260000+00:00,1.0,P
4085,3388,2021-01-24T22:16:14.350000+00:00,1.0,S
4086,3079,2021-01-24T22:16:11.260000+00:00,1.0,P
4086,3388,2021-01-24T22:16:14.350000+00:00,1.0,S
4087,3079,2021-01-24T22:16:11.260000+00:00,1.0,P
4087,3388,2021-01-24T22:16:14.350000+00:00,1.0,S
4088,3079,2021-01-24T22:16:11.260000+00:00,1.0,P
4088,3388,2021-01-24T22:16:14.350000+00:00,1.0,S
4089,3079,2021-01-24T22:16:11.260000+00:00,1.0,P
4089,3388,2021-01-24T22:16:14.350000+00:00,1.0,S
4090,3079,2021-01-24T22:16:11.260000+00:00,1.0,P
4090,3389,2021-01-24T22:16:14.360000+00:00,1.0,S
4091,3079,2021-01-24T22:16:11.260000+00:00,1.0,P
4091,3389,2021-01-24T22:16:14.360000+00:00,1.0,S
4092,3080,2021-01-24T22:16:11.270000+00:00,1.0,P
4092,3389,2021-01-24T22:16:14.360000+00:00,1.0,S
4093,3080,2021-01-24T22:16:11.270000+00:00,1.0,P
4093,3389,2021-01-24T22:16:14.360000+00:00,1.0,S
4094,3080,2021-01-24T22:16:11.270000+00:00,1.0,P
4094,3389,2021-01-24T22:16:14.360000+00:00,1.0,S
4095,3080,2021-01-24T22:16:11.270000+00:00,1.0,P
4095,3389,2021-01-24T22:16:14.360000+00:00,1.0,S
4096,3080,2021-01-24T22:16:11.270000+00:00,1.0,P
4096,3389,2021-01-24T22:16:14.360000+00:00,1.0,S
4097,3080,2021-01-24T22:16:11.270000+00:00,1.0,P
4097,3390,2021-01-24T22:16:14.370000+00:00,1.0,S
4098,3080,2021-01-24T22:16:11.270000+00:00,1.0,P
4098,3390,2021-01-24T22:16:14.370000+00:00,1.0,S
4099,3081,2021-01-24T22:16:11.280000+00:00,1.0,P
4099,3390,2021-01-24T22:16:14.370000+00:00,1.0,S
4100,3081,2021-01-24T22:16:11.280000+00:00,1.0,P
4100,3390,2021-01-24T22:16:14.370000+00:00,1.0,S
4101,3081,2021-01-24T22:16:11.280000+00:00,1.0,P
4101,3390,2021-01-24T22:16:14.370000+00:00,1.0,S
4102,3081,2021-01-24T22:16:11.280000+00:00,1.0,P
4102,3390,2021-01-24T22:16:14.370000+00:00,1.0,S
4103,3081,2021-01-24T22:16:11.280000+00:00,1.0,P
4103,3391,2021-01-24T22:16:14.380000+00:00,1.0,S
4104,3081,2021-01-24T22:16:11.280000+00:00,1.0,P
4104,3391,2021-01-24T22:16:14.380000+00:00,1.0,S
4105,3081,2021-01-24T22:16:11.280000+00:00,1.0,P
4105,3391,2021-01-24T22:16:14.380000+00:00,1.0,S
4106,3082,2021-01-24T22:16:11.290000+00:00,1.0,P
4106,3391,2021-01-24T22:16:14.380000+00:00,1.0,S
4107,3082,2021-01-24T22:16:11.290000+00:00,1.0,P
4107,3391,2021-01-24T22:16:14.380000+00:00,1.0,S
4108,3082,2021-01-24T22:16:11.290000+00:00,1.0,P
4108,3392,2021-01-24T22:16:14.390000+00:00,1.0,S
4109,3082,2021-01-24T22:16:11.290000+00:00,1.0,P
4109,3392,2021-01-24T22:16:14.390000+00:00,1.0,S
4110,3082,2021-01-24T22:16:11.290000+00:00,1.0,P
4110,3392,2021-01-24T22:16:14.390000+00:00,1.0,S
4111,3082,2021-01-24T22:16:11.290000+00:00,1.0,P
4111,3392,2021-01-24T22:16:14.390000+00:00,1.0,S
4112,3082,2021-01-24T22:16:11.290000+00:00,1.0,P
4112,3392,2021-01-24T22:16:14.390000+00:00,1.0,S
4113,3083,2021-01-24T22:16:11.300000+00:00,1.0,P
4113,3392,2021-01-24T22:16:14.390000+00:00,1.0,S
4114,3083,2021-01-24T22:16:11.300000+00:00,1.0,P
4114,3393,2021-01-24T22:16:14.400000+00:00,1.0,S
4115,3083,2021-01-24T22:16:11.300000+00:00,1.0,P
4115,3393,2021-01-24T22:16:14.400000+00:00,1.0,S
4116,3083,2021-01-24T22:16:11.300000+00:00,1.0,P
4116,3393,2021-01-24T22:16:14.400000+00:00,1.0,S
4117,3083,2021-01-24T22:16:11.300000+00:00,1.0,P
4117,3393,2021-01-24T22:16:14.400000+00:00,1.0,S
4118,3083,2021-01-24T22:16:11.300000+00:00,1.0,P
4118,3393,2021-01-24T22:16:14.400000+00:00,1.0,S
4119,3083,2021-01-24T22:16:11.300000+00:00,1.0,P
4119,3394,2021-01-24T22:16:14.409999+00:00,1.0,S
4120,3083,2021-01-24T22:16:11.300000+00:00,1.0,P
4120,3394,2021-01-24T22:16:14.409999+00:00,1.0,S
4121,3084,2021-01-24T22:16:11.310000+00:00,1.0,P
4121,3394,2021-01-24T22:16:14.409999+00:00,1.0,S
4122,3084,2021-01-24T22:16:11.310000+00:00,1.0,P
4122,3394,2021-01-24T22:16:14.409999+00:00,1.0,S
4123,3084,2021-01-24T22:16:11.310000+00:00,1.0,P
4123,3394,2021-01-24T22:16:14.409999+00:00,1.0,S
4124,3084,2021-01-24T22:16:11.310000+00:00,1.0,P
4124,3395,2021-01-24T22:16:14.420000+00:00,1.0,S
4125,3084,2021-01-24T22:16:11.310000+00:00,1.0,P
4125,3395,2021-01-24T22:16:14.420000+00:00,1.0,S
4126,3084,2021-01-24T22:16:11.310000+00:00,1.0,P
4126,3395,2021-01-24T22:16:14.420000+00:00,1.0,S
4127,3084,2021-01-24T22:16:11.310000+00:00,1.0,P
4127,3395,2021-01-24T22:16:14.420000+00:00,1.0,S
4128,3085,2021-01-24T22:16:11.320000+00:00,1.0,P
4128,3395,2021-01-24T22:16:14.420000+00:00,1.0,S
4129,3085,2021-01-24T22:16:11.320000+00:00,1.0,P
4129,3395,2021-01-24T22:16:14.420000+00:00,1.0,S
4130,3085,2021-01-24T22:16:11.320000+00:00,1.0,P
4130,3396,2021-01-24T22:16:14.430000+00:00,1.0,S
4131,3085,2021-01-24T22:16:11.320000+00:00,1.0,P
4131,3396,2021-01-24T22:16:14.430000+00:00,1.0,S
4132,3085,2021-01-24T22:16:11.320000+00:00,1.0,P
4132,3396,2021-01-24T22:16:14.430000+00:00,1.0,S
4133,3085,2021-01-24T22:16:11.320000+00:00,1.0,P
4133,3396,2021-01-24T22:16:14.430000+00:00,1.0,S
4134,3085,2021-01-24T22:16:11.320000+00:00,1.0,P
4134,3396,2021-01-24T22:16:14.430000+00:00,1.0,S
4135,3085,2021-01-24T22:16:11.320000+00:00,1.0,P
4135,3396,2021-01-24T22:16:14.430000+00:00,1.0,S
4136,3086,2021-01-24T22:16:11.330000+00:00,1.0,P
4136,3397,2021-01-24T22:16:14.440000+00:00,1.0,S
4137,3086,2021-01-24T22:16:11.330000+00:00,1.0,P
4137,3397,2021-01-24T22:16:14.440000+00:00,1.0,S
4138,3086,2021-01-24T22:16:11.330000+00:00,1.0,P
4138,3397,2021-01-24T22:16:14.440000+00:00,1.0,S
4139,3086,2021-01-24T22:16:11.330000+00:00,1.0,P
4139,3397,2021-01-24T22:16:14.440000+00:00,1.0,S
4140,3086,2021-01-24T22:16:11.330000+00:00,1.0,P
4140,3397,2021-01-24T22:16:14.440000+00:00,1.0,S
4141,3086,2021-01-24T22:16:11.330000+00:00,1.0,P
4141,3398,2021-01-24T22:16:14.450000+00:00,1.0,S
4142,3086,2021-01-24T22:16:11.330000+00:00,1.0,P
4142,3398,2021-01-24T22:16:14.450000+00:00,1.0,S
4143,3086,2021-01-24T22:16:11.330000+00:00,1.0,P
4143,3398,2021-01-24T22:16:14.450000+00:00,1.0,S
4144,3086,2021-01-24T22:16:11.330000+00:00,1.0,P
4144,3398,2021-01-24T22:16:14.450000+00:00,1.0,S
4145,3087,2021-01-24T22:16:11.340000+00:00,1.0,P
4145,3398,2021-01-24T22:16:14.450000+00:00,1.0,S
4146,3087,2021-01-24T22:16:11.340000+00:00,1.0,P
4146,3398,2021-01-24T22:16:14.450000+00:00,1.0,S
4147,3087,2021-01-24T22:16:11.340000+00:00,1.0,P
4147,3398,2021-01-24T22:16:14.450000+00:00,1.0,S
4148,3087,2021-01-24T22:16:11.340000+00:00,1.0,P
4148,3399,2021-01-24T22:16:14.460000+00:00,1.0,S
4149,3087,2021-01-24T22:16:11.340000+00:00,1.0,P
4149,3399,2021-01-24T22:16:14.460000+00:00,1.0,S
4150,3087,2021-01-24T22:16:11.340000+00:00,1.0,P
4150,3399,2021-01-24T22:16:14.460000+00:00,1.0,S
4151,3087,2021-01-24T22:16:11.340000+00:00,1.0,P
4151,3399,2021-01-24T22:16:14.460000+00:00,1.0,S
4152,3087,2021-01-24T22:16:11.340000+00:00,1.0,P
4152,3399,2021-01-24T22:16:14.460000+00:00,1.0,S
4153,3088,2021-01-24T22:16:11.350000+00:00,1.0,P
4153,3399,2021-01-24T22:16:14.460000+00:00,1.0,S
4154,3088,2021-01-24T22:16:11.350000+00:00,1.0,P
4154,3400,2021-01-24T22:16:14.470000+00:00,1.0,S
4155,3088,2021-01-24T22:16:11.350000+00:00,1.0,P
4155,3400,2021-01-24T22:16:14.470000+00:00,1.0,S
4156,3088,2021-01-24T22:16:11.350000+00:00,1.0,P
4156,3400,2021-01-24T22:16:14.470000+00:00,1.0,S
4157,3088,2021-01-24T22:16:11.350000+00:00,1.0,P
4157,3400,2021-01-24T22:16:14.470000+00:00,1.0,S
4158,3088,2021-01-24T22:16:11.350000+00:00,1.0,P
4158,3400,2021-01-24T22:16:14.470000+00:00,1.0,S
4159,3088,2021-01-24T22:16:11.350000+00:00,1.0,P
4159,3400,2021-01-24T22:16:14.470000+00:00,1.0,S
4160,3089,2021-01-24T22:16:11.360000+00:00,1.0,P
4160,3401,2021-01-24T22:16:14.479999+00:00,1.0,S
4161,3089,2021-01-24T22:16:11.360000+00:00,1.0,P
4161,3401,2021-01-24T22:16:14.479999+00:00,1.0,S
4162,3089,2021-01-24T22:16:11.360000+00:00,1.0,P
4162,3401,2021-01-24T22:16:14.479999+00:00,1.0,S
4163,3089,2021-01-24T22:16:11.360000+00:00,1.0,P
4163,3401,2021-01-24T22:16:14.479999+00:00,1.0,S
4164,3089,2021-01-24T22:16:11.360000+00:00,1.0,P
4164,3401,2021-01-24T22:16:14.479999+00:00,1.0,S
4165,3089,2021-01-24T22:16:11.360000+00:00,1.0,P
4165,3402,2021-01-24T22:16:14.490000+00:00,1.0,S
4166,3089,2021-01-24T22:16:11.360000+00:00,1.0,P
4166,3402,2021-01-24T22:16:14.490000+00:00,1.0,S
4167,3090,2021-01-24T22:16:11.370000+00:00,1.0,P
4167,3402,2021-01-24T22:16:14.490000+00:00,1.0,S
4168,3090,2021-01-24T22:16:11.370000+00:00,1.0,P
4168,3402,2021-01-24T22:16:14.490000+00:00,1.0,S
4169,3090,2021-01-24T22:16:11.370000+00:00,1.0,P
4169,3402,2021-01-24T22:16:14.490000+00:00,1.0,S
4170,3090,2021-01-24T22:16:11.370000+00:00,1.0,P
4170,3402,2021-01-24T22:16:14.490000+00:00,1.0,S
4171,3090,2021-01-24T22:16:11.370000+00:00,1.0,P
4171,3403,2021-01-24T22:16:14.500000+00:00,1.0,S
4172,3090,2021-01-24T22:16:11.370000+00:00,1.0,P
4172,3403,2021-01-24T22:16:14.500000+00:00,1.0,S
4173,3090,2021-01-24T22:16:11.370000+00:00,1.0,P
4173,3403,2021-01-24T22:16:14.500000+00:00,1.0,S
4174,3090,2021-01-24T22:16:11.370000+00:00,1.0,P
4174,3403,2021-01-24T22:16:14.500000+00:00,1.0,S
4175,3091,2021-01-24T22:16:11.380000+00:00,1.0,P
4175,3403,2021-01-24T22:16:14.500000+00:00,1.0,S
4176,3091,2021-01-24T22:16:11.380000+00:00,1.0,P
4176,3404,2021-01-24T22:16:14.510000+00:00,1.0,S
4177,3091,2021-01-24T22:16:11.380000+00:00,1.0,P
4177,3404,2021-01-24T22:16:14.510000+00:00,1.0,S
4178,3091,2021-01-24T22:16:11.380000+00:00,1.0,P
4178,3404,2021-01-24T22:16:14.510000+00:00,1.0,S
4179,3091,2021-01-24T22:16:11.380000+00:00,1.0,P
4179,3404,2021-01-24T22:16:14.510000+00:00,1.0,S
4180,3091,2021-01-24T22:16:11.380000+00:00,1.0,P
4180,3404,2021-01-24T22:16:14.510000+00:00,1.0,S
4181,3091,2021-01-24T22:16:11.380000+00:00,1.0,P
4181,3404,2021-01-24T22:16:14.510000+00:00,1.0,S
4182,3091,2021-01-24T22:16:11.380000+00:00,1.0,P
4182,3405,2021-01-24T22:16:14.519999+00:00,1.0,S
4183,3092,2021-01-24T22:16:11.390000+00:00,1.0,P
4183,3405,2021-01-24T22:16:14.519999+00:00,1.0,S
4184,3092,2021-01-24T22:16:11.390000+00:00,1.0,P
4184,3405,2021-01-24T22:16:14.519999+00:00,1.0,S
4185,3092,2021-01-24T22:16:11.390000+00:00,1.0,P
4185,3405,2021-01-24T22:16:14.519999+00:00,1.0,S
4186,3092,2021-01-24T22:16:11.390000+00:00,1.0,P
4186,3405,2021-01-24T22:16:14.519999+00:00,1.0,S
4187,3092,2021-01-24T22:16:11.390000+00:00,1.0,P
4187,3405,2021-01-24T22:16:14.519999+00:00,1.0,S
4188,3092,2021-01-24T22:16:11.390000+00:00,1.0,P
4188,3405,2021-01-24T22:16:14.519999+00:00,1.0,S
4189,3092,2021-01-24T22:16:11.390000+00:00,1.0,P
4189,3406,2021-01-24T22:16:14.530000+00:00,1.0,S
4190,3092,2021-01-24T22:16:11.390000+00:00,1.0,P
4190,3406,2021-01-24T22:16:14.530000+00:00,1.0,S
4191,3092,2021-01-24T22:16:11.390000+00:00,1.0,P
4191,3406,2021-01-24T22:16:14.530000+00:00,1.0,S
4192,3093,2021-01-24T22:16:11.400000+00:00,1.0,P
4192,3406,2021-01-24T22:16:14.530000+00:00,1.0,S
4193,3093,2021-01-24T22:16:11.400000+00:00,1.0,P
4193,3406,2021-01-24T22:16:14.530000+00:00,1.0,S
4194,3093,2021-01-24T22:16:11.400000+00:00,1.0,P
4194,3406,2021-01-24T22:16:14.530000+00:00,1.0,S
4195,3093,2021-01-24T22:16:11.400000+00:00,1.0,P
4195,3407,2021-01-24T22:16:14.540000+00:00,1.0,S
4196,3093,2021-01-24T22:16:11.400000+00:00,1.0,P
4196,3407,2021-01-24T22:16:14.540000+00:00,1.0,S
4197,3093,2021-01-24T22:16:11.400000+00:00,1.0,P
4197,3407,2021-01-24T22:16:14.540000+00:00,1.0,S
4198,3093,2021-01-24T22:16:11.400000+00:00,1.0,P
4198,3407,2021-01-24T22:16:14.540000+00:00,1.0,S
4199,3093,2021-01-24T22:16:11.400000+00:00,1.0,P
4199,3407,2021-01-24T22:16:14.540000+00:00,1.0,S
4200,3093,2021-01-24T22:16:11.400000+00:00,1.0,P
4200,3407,2021-01-24T22:16:14.540000+00:00,1.0,S
4201,3093,2021-01-24T22:16:11.400000+00:00,1.0,P
4201,3408,2021-01-24T22:16:14.550000+00:00,1.0,S
4202,3094,2021-01-24T22:16:11.410000+00:00,1.0,P
4202,3408,2021-01-24T22:16:14.550000+00:00,1.0,S
4203,3094,2021-01-24T22:16:11.410000+00:00,1.0,P
4203,3408,2021-01-24T22:16:14.550000+00:00,1.0,S
4204,3094,2021-01-24T22:16:11.410000+00:00,1.0,P
4204,3408,2021-01-24T22:16:14.550000+00:00,1.0,S
4205,3094,2021-01-24T22:16:11.410000+00:00,1.0,P
4205,3408,2021-01-24T22:16:14.550000+00:00,1.0,S
4206,3094,2021-01-24T22:16:11.410000+00:00,1.0,P
4206,3408,2021-01-24T22:16:14.550000+00:00,1.0,S
4207,3094,2021-01-24T22:16:11.410000+00:00,1.0,P
4207,3408,2021-01-24T22:16:14.550000+00:00,1.0,S
4208,3094,2021-01-24T22:16:11.410000+00:00,1.0,P
4208,3409,2021-01-24T22:16:14.560000+00:00,1.0,S
4209,3094,2021-01-24T22:16:11.410000+00:00,1.0,P
4209,3409,2021-01-24T22:16:14.560000+00:00,1.0,S
4210,3094,2021-01-24T22:16:11.410000+00:00,1.0,P
4210,3409,2021-01-24T22:16:14.560000+00:00,1.0,S
4211,3095,2021-01-24T22:16:11.420000+00:00,1.0,P
4211,3409,2021-01-24T22:16:14.560000+00:00,1.0,S
4212,3095,2021-01-24T22:16:11.420000+00:00,1.0,P
4212,3409,2021-01-24T22:16:14.560000+00:00,1.0,S
4213,3095,2021-01-24T22:16:11.420000+00:00,1.0,P
4213,3409,2021-01-24T22:16:14.560000+00:00,1.0,S
4214,3095,2021-01-24T22:16:11.420000+00:00,1.0,P
4214,3409,2021-01-24T22:16:14.560000+00:00,1.0,S
4215,3095,2021-01-24T22:16:11.420000+00:00,1.0,P
4215,3410,2021-01-24T22:16:14.570000+00:00,1.0,S
4216,3095,2021-01-24T22:16:11.420000+00:00,1.0,P
4216,3410,2021-01-24T22:16:14.570000+00:00,1.0,S
4217,3095,2021-01-24T22:16:11.420000+00:00,1.0,P
4217,3410,2021-01-24T22:16:14.570000+00:00,1.0,S
4218,3095,2021-01-24T22:16:11.420000+00:00,1.0,P
4218,3410,2021-01-24T22:16:14.570000+00:00,1.0,S
4219,3095,2021-01-24T22:16:11.420000+00:00,1.0,P
4219,3410,2021-01-24T22:16:14.570000+00:00,1.0,S
4220,3095,2021-01-24T22:16:11.420000+00:00,1.0,P
4220,3410,2021-01-24T22:16:14.570000+00:00,1.0,S
4221,3096,2021-01-24T22:16:11.430000+00:00,1.0,P
4221,3411,2021-01-24T22:16:14.580000+00:00,1.0,S
4222,3096,2021-01-24T22:16:11.430000+00:00,1.0,P
4222,3411,2021-01-24T22:16:14.580000+00:00,1.0,S
4223,3096,2021-01-24T22:16:11.430000+00:00,1.0,P
4223,3411,2021-01-24T22:16:14.580000+00:00,1.0,S
4224,3096,2021-01-24T22:16:11.430000+00:00,1.0,P
4224,3411,2021-01-24T22:16:14.580000+00:00,1.0,S
4225,3096,2021-01-24T22:16:11.430000+00:00,1.0,P
4225,3411,2021-01-24T22:16:14.580000+00:00,1.0,S
4226,3096,2021-01-24T22:16:11.430000+00:00,1.0,P
4226,3411,2021-01-24T22:16:14.580000+00:00,1.0,S
4227,3096,2021-01-24T22:16:11.430000+00:00,1.0,P
4227,3411,2021-01-24T22:16:14.580000+00:00,1.0,S
4228,3096,2021-01-24T22:16:11.430000+00:00,1.0,P
4228,3411,2021-01-24T22:16:14.580000+00:00,1.0,S
4229,3096,2021-01-24T22:16:11.430000+00:00,1.0,P
4229,3411,2021-01-24T22:16:14.580000+00:00,1.0,S
4230,3096,2021-01-24T22:16:11.430000+00:00,1.0,P
4230,3411,2021-01-24T22:16:14.580000+00:00,1.0,S
4231,3097,2021-01-24T22:16:11.440000+00:00,1.0,P
4231,3412,2021-01-24T22:16:14.589999+00:00,1.0,S
4232,3097,2021-01-24T22:16:11.440000+00:00,1.0,P
4232,3412,2021-01-24T22:16:14.589999+00:00,1.0,S
4233,3097,2021-01-24T22:16:11.440000+00:00,1.0,P
4233,3412,2021-01-24T22:16:14.589999+00:00,1.0,S
4234,3097,2021-01-24T22:16:11.440000+00:00,1.0,P
4234,3412,2021-01-24T22:16:14.589999+00:00,1.0,S
4235,3097,2021-01-24T22:16:11.440000+00:00,1.0,P
4235,3412,2021-01-24T22:16:14.589999+00:00,1.0,S
4236,3097,2021-01-24T22:16:11.440000+00:00,1.0,P
4236,3412,2021-01-24T22:16:14.589999+00:00,1.0,S
4237,3097,2021-01-24T22:16:11.440000+00:00,1.0,P
4237,3412,2021-01-24T22:16:14.589999+00:00,1.0,S
4238,3097,2021-01-24T22:16:11.440000+00:00,1.0,P
4238,3412,2021-01-24T22:16:14.589999+00:00,1.0,S
4239,3097,2021-01-24T22:16:11.440000+00:00,1.0,P
4239,3412,2021-01-24T22:16:14.589999+00:00,1.0,S
4240,3097,2021-01-24T22:16:11.440000+00:00,1.0,P
4240,3412,2021-01-24T22:16:14.589999+00:00,1.0,S
4241,3097,2021-01-24T22:16:11.440000+00:00,1.0,P
4241,3412,2021-01-24T22:16:14.589999+00:00,1.0,S
4242,3098,2021-01-24T22:16:11.450000+00:00,1.0,P
4242,3412,2021-01-24T22:16:14.589999+00:00,1.0,S
4243,3098,2021-01-24T22:16:11.450000+00:00,1.0,P
4243,3412,2021-01-24T22:16:14.589999+00:00,1.0,S
4244,3098,2021-01-24T22:16:11.450000+00:00,1.0,P
4244,3413,2021-01-24T22:16:14.600000+00:00,1.0,S
4245,3098,2021-01-24T22:16:11.450000+00:00,1.0,P
4245,3413,2021-01-24T22:16:14.600000+00:00,1.0,S
4246,3098,2021-01-24T22:16:11.450000+00:00,1.0,P
4246,3413,2021-01-24T22:16:14.600000+00:00,1.0,S
4247,3098,2021-01-24T22:16:11.450000+00:00,1.0,P
4247,3413,2021-01-24T22:16:14.600000+00:00,1.0,S
4248,3098,2021-01-24T22:16:11.450000+00:00,1.0,P
4248,3413,2021-01-24T22:16:14.600000+00:00,1.0,S
4249,3098,2021-01-24T22:16:11.450000+00:00,1.0,P
4249,3413,2021-01-24T22:16:14.600000+00:00,1.0,S
4250,3098,2021-01-24T22:16:11.450000+00:00,1.0,P
4250,3413,2021-01-24T22:16:14.600000+00:00,1.0,S
4251,3098,2021-01-24T22:16:11.450000+00:00,1.0,P
4251,3414,2021-01-24T22:16:14.610000+00:00,1.0,S
4252,3099,2021-01-24T22:16:11.460000+00:00,1.0,P
4252,3414,2021-01-24T22:16:14.610000+00:00,1.0,S
4253,3099,2021-01-24T22:16:11.460000+00:00,1.0,P
4253,3414,2021-01-24T22:16:14.610000+00:00,1.0,S
4254,3099,2021-01-24T22:16:11.460000+00:00,1.0,P
4254,3414,2021-01-24T22:16:14.610000+00:00,1.0,S
4255,3099,2021-01-24T22:16:11.460000+00:00,1.0,P
4255,3414,2021-01-24T22:16:14.610000+00:00,1.0,S
4256,3099,2021-01-24T22:16:11.460000+00:00,1.0,P
4256,3414,2021-01-24T22:16:14.610000+00:00,1.0,S
4257,3099,2021-01-24T22:16:11.460000+00:00,1.0,P
4257,3414,2021-01-24T22:16:14.610000+00:00,1.0,S
4258,3099,2021-01-24T22:16:11.460000+00:00,1.0,P
4258,3415,2021-01-24T22:16:14.620000+00:00,1.0,S
4259,3099,2021-01-24T22:16:11.460000+00:00,1.0,P
4259,3415,2021-01-24T22:16:14.620000+00:00,1.0,S
4260,3099,2021-01-24T22:16:11.460000+00:00,1.0,P
4260,3415,2021-01-24T22:16:14.620000+00:00,1.0,S
4261,3099,2021-01-24T22:16:11.460000+00:00,1.0,P
4261,3415,2021-01-24T22:16:14.620000+00:00,1.0,S
4262,3100,2021-01-24T22:16:11.470000+00:00,1.0,P
4262,3415,2021-01-24T22:16:14.620000+00:00,1.0,S
4263,3100,2021-01-24T22:16:11.470000+00:00,1.0,P
4263,3415,2021-01-24T22:16:14.620000+00:00,1.0,S
4264,3100,2021-01-24T22:16:11.470000+00:00,1.0,P
4264,3415,2021-01-24T22:16:14.620000+00:00,1.0,S
4265,3100,2021-01-24T22:16:11.470000+00:00,1.0,P
4265,3416,2021-01-24T22:16:14.630000+00:00,1.0,S
4266,3100,2021-01-24T22:16:11.470000+00:00,1.0,P
4266,3416,2021-01-24T22:16:14.630000+00:00,1.0,S
4267,3100,2021-01-24T22:16:11.470000+00:00,1.0,P
4267,3416,2021-01-24T22:16:14.630000+00:00,1.0,S
4268,3100,2021-01-24T22:16:11.470000+00:00,1.0,P
4268,3416,2021-01-24T22:16:14.630000+00:00,1.0,S
4269,3100,2021-01-24T22:16:11.470000+00:00,1.0,P
4269,3416,2021-01-24T22:16:14.630000+00:00,1.0,S
4270,3100,2021-01-24T22:16:11.470000+00:00,1.0,P
4270,3416,2021-01-24T22:16:14.630000+00:00,1.0,S
4271,3100,2021-01-24T22:16:11.470000+00:00,1.0,P
4271,3416,2021-01-24T22:16:14.630000+00:00,1.0,S
4272,3101,2021-01-24T22:16:11.480000+00:00,1.0,P
4272,3416,2021-01-24T22:16:14.630000+00:00,1.0,S
4273,3101,2021-01-24T22:16:11.480000+00:00,1.0,P
4273,3417,2021-01-24T22:16:14.640000+00:00,1.0,S
4274,3101,2021-01-24T22:16:11.480000+00:00,1.0,P
4274,3417,2021-01-24T22:16:14.640000+00:00,1.0,S
4275,3101,2021-01-24T22:16:11.480000+00:00,1.0,P
4275,3417,2021-01-24T22:16:14.640000+00:00,1.0,S
4276,3101,2021-01-24T22:16:11.480000+00:00,1.0,P
4276,3417,2021-01-24T22:16:14.640000+00:00,1.0,S
4277,3101,2021-01-24T22:16:11.480000+00:00,1.0,P
4277,3417,2021-01-24T22:16:14.640000+00:00,1.0,S
4278,3101,2021-01-24T22:16:11.480000+00:00,1.0,P
4278,3417,2021-01-24T22:16:14.640000+00:00,1.0,S
4279,3101,2021-01-24T22:16:11.480000+00:00,1.0,P
4279,3417,2021-01-24T22:16:14.640000+00:00,1.0,S
4280,3101,2021-01-24T22:16:11.480000+00:00,1.0,P
4280,3418,2021-01-24T22:16:14.650000+00:00,1.0,S
4281,3102,2021-01-24T22:16:11.490000+00:00,1.0,P
4281,3418,2021-01-24T22:16:14.650000+00:00,1.0,S
4282,3102,2021-01-24T22:16:11.490000+00:00,1.0,P
4282,3418,2021-01-24T22:16:14.650000+00:00,1.0,S
4283,3102,2021-01-24T22:16:11.490000+00:00,1.0,P
4283,3418,2021-01-24T22:16:14.650000+00:00,1.0,S
4284,3102,2021-01-24T22:16:11.490000+00:00,1.0,P
4284,3418,2021-01-24T22:16:14.650000+00:00,1.0,S
4285,3102,2021-01-24T22:16:11.490000+00:00,1.0,P
4285,3418,2021-01-24T22:16:14.650000+00:00,1.0,S
4286,3102,2021-01-24T22:16:11.490000+00:00,1.0,P
4286,3418,2021-01-24T22:16:14.650000+00:00,1.0,S
4287,3102,2021-01-24T22:16:11.490000+00:00,1.0,P
4287,3419,2021-01-24T22:16:14.659999+00:00,1.0,S
4288,3102,2021-01-24T22:16:11.490000+00:00,1.0,P
4288,3419,2021-01-24T22:16:14.659999+00:00,1.0,S
4289,3102,2021-01-24T22:16:11.490000+00:00,1.0,P
4289,3419,2021-01-24T22:16:14.659999+00:00,1.0,S
4290,3103,2021-01-24T22:16:11.500000+00:00,1.0,P
4290,3419,2021-01-24T22:16:14.659999+00:00,1.0,S
4291,3103,2021-01-24T22:16:11.500000+00:00,1.0,P
4291,3419,2021-01-24T22:16:14.659999+00:00,1.0,S
4292,3103,2021-01-24T22:16:11.500000+00:00,1.0,P
4292,3419,2021-01-24T22:16:14.659999+00:00,1.0,S
4293,3103,2021-01-24T22:16:11.500000+00:00,1.0,P
4293,3420,2021-01-24T22:16:14.670000+00:00,1.0,S
4294,3103,2021-01-24T22:16:11.500000+00:00,1.0,P
4294,3420,2021-01-24T22:16:14.670000+00:00,1.0,S
4295,3103,2021-01-24T22:16:11.500000+00:00,1.0,P
4295,3420,2021-01-24T22:16:14.670000+00:00,1.0,S
4296,3103,2021-01-24T22:16:11.500000+00:00,1.0,P
4296,3420,2021-01-24T22:16:14.670000+00:00,1.0,S
4297,3103,2021-01-24T22:16:11.500000+00:00,1.0,P
4297,3421,2021-01-24T22:16:14.680000+00:00,1.0,S
4298,3103,2021-01-24T22:16:11.500000+00:00,1.0,P
4298,3421,2021-01-24T22:16:14.680000+00:00,1.0,S
4299,3103,2021-01-24T22:16:11.500000+00:00,1.0,P
4299,3421,2021-01-24T22:16:14.680000+00:00,1.0,S
4300,3104,2021-01-24T22:16:11.510000+00:00,1.0,P
4300,3421,2021-01-24T22:16:14.680000+00:00,1.0,S
4301,3104,2021-01-24T22:16:11.510000+00:00,1.0,P
4301,3421,2021-01-24T22:16:14.680000+00:00,1.0,S
4302,3104,2021-01-24T22:16:11.510000+00:00,1.0,P
4302,3422,2021-01-24T22:16:14.690000+00:00,1.0,S
4303,3104,2021-01-24T22:16:11.510000+00:00,1.0,P
4303,3422,2021-01-24T22:16:14.690000+00:00,1.0,S
4304,3104,2021-01-24T22:16:11.510000+00:00,1.0,P
4304,3422,2021-01-24T22:16:14.690000+00:00,1.0,S
4305,3104,2021-01-24T22:16:11.510000+00:00,1.0,P
4305,3422,2021-01-24T22:16:14.690000+00:00,1.0,S
4306,3104,2021-01-24T22:16:11.510000+00:00,1.0,P
4306,3422,2021-01-24T22:16:14.690000+00:00,1.0,S
4307,3104,2021-01-24T22:16:11.510000+00:00,1.0,P
4307,3423,2021-01-24T22:16:14.700000+00:00,1.0,S
4308,3105,2021-01-24T22:16:11.520000+00:00,1.0,P
4308,3423,2021-01-24T22:16:14.700000+00:00,1.0,S
4309,3105,2021-01-24T22:16:11.520000+00:00,1.0,P
4309,3423,2021-01-24T22:16:14.700000+00:00,1.0,S
4310,3105,2021-01-24T22:16:11.520000+00:00,1.0,P
4310,3423,2021-01-24T22:16:14.700000+00:00,1.0,S
4311,3105,2021-01-24T22:16:11.520000+00:00,1.0,P
4311,3424,2021-01-24T22:16:14.710000+00:00,1.0,S
4312,3105,2021-01-24T22:16:11.520000+00:00,1.0,P
4312,3424,2021-01-24T22:16:14.710000+00:00,1.0,S
4313,3105,2021-01-24T22:16:11.520000+00:00,1.0,P
4313,3424,2021-01-24T22:16:14.710000+00:00,1.0,S
4314,3105,2021-01-24T22:16:11.520000+00:00,1.0,P
4314,3424,2021-01-24T22:16:14.710000+00:00,1.0,S
4315,3105,2021-01-24T22:16:11.520000+00:00,1.0,P
4315,3424,2021-01-24T22:16:14.710000+00:00,1.0,S
4316,3105,2021-01-24T22:16:11.520000+00:00,1.0,P
4316,3424,2021-01-24T22:16:14.710000+00:00,1.0,S
4317,3106,2021-01-24T22:16:11.530000+00:00,1.0,P
4317,3425,2021-01-24T22:16:14.720000+00:00,1.0,S
4318,3106,2021-01-24T22:16:11.530000+00:00,1.0,P
4318,3425,2021-01-24T22:16:14.720000+00:00,1.0,S
4319,3106,2021-01-24T22:16:11.530000+00:00,1.0,P
4319,3425,2021-01-24T22:16:14.720000+00:00,1.0,S
4320,3106,2021-01-24T22:16:11.530000+00:00,1.0,P
4320,3425,2021-01-24T22:16:14.720000+00:00,1.0,S
4321,3106,2021-01-24T22:16:11.530000+00:00,1.0,P
4321,3425,2021-01-24T22:16:14.720000+00:00,1.0,S
4322,3106,2021-01-24T22:16:11.530000+00:00,1.0,P
4322,3425,2021-01-24T22:16:14.720000+00:00,1.0,S
4323,3106,2021-01-24T22:16:11.530000+00:00,1.0,P
4323,3425,2021-01-24T22:16:14.720000+00:00,1.0,S
4324,3106,2021-01-24T22:16:11.530000+00:00,1.0,P
4324,3425,2021-01-24T22:16:14.720000+00:00,1.0,S
4325,3107,2021-01-24T22:16:11.540000+00:00,1.0,P
4325,3425,2021-01-24T22:16:14.720000+00:00,1.0,S
4326,3107,2021-01-24T22:16:11.540000+00:00,1.0,P
4326,3426,2021-01-24T22:16:14.729999+00:00,1.0,S
4327,3107,2021-01-24T22:16:11.540000+00:00,1.0,P
4327,3426,2021-01-24T22:16:14.729999+00:00,1.0,S
4328,3107,2021-01-24T22:16:11.540000+00:00,1.0,P
4328,3426,2021-01-24T22:16:14.729999+00:00,1.0,S
4329,3107,2021-01-24T22:16:11.540000+00:00,1.0,P
4329,3426,2021-01-24T22:16:14.729999+00:00,1.0,S
4330,3107,2021-01-24T22:16:11.540000+00:00,1.0,P
4330,3426,2021-01-24T22:16:14.729999+00:00,1.0,S
4331,3107,2021-01-24T22:16:11.540000+00:00,1.0,P
4331,3426,2021-01-24T22:16:14.729999+00:00,1.0,S
4332,3107,2021-01-24T22:16:11.540000+00:00,1.0,P
4332,3426,2021-01-24T22:16:14.729999+00:00,1.0,S
4333,3108,2021-01-24T22:16:11.550000+00:00,1.0,P
4333,3427,2021-01-24T22:16:14.740000+00:00,1.0,S
4334,3108,2021-01-24T22:16:11.550000+00:00,1.0,P
4334,3427,2021-01-24T22:16:14.740000+00:00,1.0,S
4335,3108,2021-01-24T22:16:11.550000+00:00,1.0,P
4335,3427,2021-01-24T22:16:14.740000+00:00,1.0,S
4336,3108,2021-01-24T22:16:11.550000+00:00,1.0,P
4336,3427,2021-01-24T22:16:14.740000+00:00,1.0,S
4337,3108,2021-01-24T22:16:11.550000+00:00,1.0,P
4337,3427,2021-01-24T22:16:14.740000+00:00,1.0,S
4338,3108,2021-01-24T22:16:11.550000+00:00,1.0,P
4338,3427,2021-01-24T22:16:14.740000+00:00,1.0,S
4339,3108,2021-01-24T22:16:11.550000+00:00,1.0,P
4339,3427,2021-01-24T22:16:14.740000+00:00,1.0,S
4340,3108,2021-01-24T22:16:11.550000+00:00,1.0,P
4340,3428,2021-01-24T22:16:14.750000+00:00,1.0,S
4341,3109,2021-01-24T22:16:11.560000+00:00,1.0,P
4341,3428,2021-01-24T22:16:14.750000+00:00,1.0,S
4342,3109,2021-01-24T22:16:11.560000+00:00,1.0,P
4342,3428,2021-01-24T22:16:14.750000+00:00,1.0,S
4343,3109,2021-01-24T22:16:11.560000+00:00,1.0,P
4343,3428,2021-01-24T22:16:14.750000+00:00,1.0,S
4344,3109,2021-01-24T22:16:11.560000+00:00,1.0,P
4344,3428,2021-01-24T22:16:14.750000+00:00,1.0,S
4345,3109,2021-01-24T22:16:11.560000+00:00,1.0,P
4345,3428,2021-01-24T22:16:14.750000+00:00,1.0,S
4346,3109,2021-01-24T22:16:11.560000+00:00,1.0,P
4346,3429,2021-01-24T22:16:14.760000+00:00,1.0,S
4347,3109,2021-01-24T22:16:11.560000+00:00,1.0,P
4347,3429,2021-01-24T22:16:14.760000+00:00,1.0,S
4348,3109,2021-01-24T22:16:11.560000+00:00,1.0,P
4348,3429,2021-01-24T22:16:14.760000+00:00,1.0,S
4349,3110,2021-01-24T22:16:11.570000+00:00,1.0,P
4349,3429,2021-01-24T22:16:14.760000+00:00,1.0,S
4350,3110,2021-01-24T22:16:11.570000+00:00,1.0,P
4350,3429,2021-01-24T22:16:14.760000+00:00,1.0,S
4351,3110,2021-01-24T22:16:11.570000+00:00,1.0,P
4351,3429,2021-01-24T22:16:14.760000+00:00,1.0,S
4352,3110,2021-01-24T22:16:11.570000+00:00,1.0,P
4352,3430,2021-01-24T22:16:14.770000+00:00,1.0,S
4353,3110,2021-01-24T22:16:11.570000+00:00,1.0,P
4353,3430,2021-01-24T22:16:14.770000+00:00,1.0,S
4354,3110,2021-01-24T22:16:11.570000+00:00,1.0,P
4354,3430,2021-01-24T22:16:14.770000+00:00,1.0,S
4355,3110,2021-01-24T22:16:11.570000+00:00,1.0,P
4355,3430,2021-01-24T22:16:14.770000+00:00,1.0,S
4356,3110,2021-01-24T22:16:11.570000+00:00,1.0,P
4356,3430,2021-01-24T22:16:14.770000+00:00,1.0,S
4357,3110,2021-01-24T22:16:11.570000+00:00,1.0,P
4357,3430,2021-01-24T22:16:14.770000+00:00,1.0,S
4358,3111,2021-01-24T22:16:11.580000+00:00,1.0,P
4358,3430,2021-01-24T22:16:14.770000+00:00,1.0,S
4359,3111,2021-01-24T22:16:11.580000+00:00,1.0,P
4359,3431,2021-01-24T22:16:14.780000+00:00,1.0,S
4360,3111,2021-01-24T22:16:11.580000+00:00,1.0,P
4360,3431,2021-01-24T22:16:14.780000+00:00,1.0,S
4361,3111,2021-01-24T22:16:11.580000+00:00,1.0,P
4361,3431,2021-01-24T22:16:14.780000+00:00,1.0,S
4362,3111,2021-01-24T22:16:11.580000+00:00,1.0,P
4362,3431,2021-01-24T22:16:14.780000+00:00,1.0,S
4363,3111,2021-01-24T22:16:11.580000+00:00,1.0,P
4363,3431,2021-01-24T22:16:14.780000+00:00,1.0,S
4364,3111,2021-01-24T22:16:11.580000+00:00,1.0,P
4364,3431,2021-01-24T22:16:14.780000+00:00,1.0,S
4365,3111,2021-01-24T22:16:11.580000+00:00,1.0,P
4365,3432,2021-01-24T22:16:14.790000+00:00,1.0,S
4366,3111,2021-01-24T22:16:11.580000+00:00,1.0,P
4366,3432,2021-01-24T22:16:14.790000+00:00,1.0,S
4367,3111,2021-01-24T22:16:11.580000+00:00,1.0,P
4367,3432,2021-01-24T22:16:14.790000+00:00,1.0,S
4368,3112,2021-01-24T22:16:11.590000+00:00,1.0,P
4368,3432,2021-01-24T22:16:14.790000+00:00,1.0,S
4369,3112,2021-01-24T22:16:11.590000+00:00,1.0,P
4369,3432,2021-01-24T22:16:14.790000+00:00,1.0,S
4370,3112,2021-01-24T22:16:11.590000+00:00,1.0,P
4370,3432,2021-01-24T22:16:14.790000+00:00,1.0,S
4371,3112,2021-01-24T22:16:11.590000+00:00,1.0,P
4371,3433,2021-01-24T22:16:14.800000+00:00,1.0,S
4372,3112,2021-01-24T22:16:11.590000+00:00,1.0,P
4372,3433,2021-01-24T22:16:14.800000+00:00,1.0,S
4373,3112,2021-01-24T22:16:11.590000+00:00,1.0,P
4373,3433,2021-01-24T22:16:14.800000+00:00,1.0,S
4374,3112,2021-01-24T22:16:11.590000+00:00,1.0,P
4374,3433,2021-01-24T22:16:14.800000+00:00,1.0,S
4375,3112,2021-01-24T22:16:11.590000+00:00,1.0,P
4375,3433,2021-01-24T22:16:14.800000+00:00,1.0,S
4376,3112,2021-01-24T22:16:11.590000+00:00,1.0,P
4376,3433,2021-01-24T22:16:14.800000+00:00,1.0,S
4377,3113,2021-01-24T22:16:11.600000+00:00,1.0,P
4377,3434,2021-01-24T22:16:14.810000+00:00,1.0,S
4378,3113,2021-01-24T22:16:11.600000+00:00,1.0,P
4378,3434,2021-01-24T22:16:14.810000+00:00,1.0,S
4379,3113,2021-01-24T22:16:11.600000+00:00,1.0,P
4379,3434,2021-01-24T22:16:14.810000+00:00,1.0,S
4380,3113,2021-01-24T22:16:11.600000+00:00,1.0,P
4380,3434,2021-01-24T22:16:14.810000+00:00,1.0,S
4381,3113,2021-01-24T22:16:11.600000+00:00,1.0,P
4381,3434,2021-01-24T22:16:14.810000+00:00,1.0,S
4382,3113,2021-01-24T22:16:11.600000+00:00,1.0,P
4382,3434,2021-01-24T22:16:14.810000+00:00,1.0,S
4383,3113,2021-01-24T22:16:11.600000+00:00,1.0,P
4383,3435,2021-01-24T22:16:14.820000+00:00,1.0,S
4384,3113,2021-01-24T22:16:11.600000+00:00,1.0,P
4384,3435,2021-01-24T22:16:14.820000+00:00,1.0,S
4385,3114,2021-01-24T22:16:11.610000+00:00,1.0,P
4385,3435,2021-01-24T22:16:14.820000+00:00,1.0,S
4386,3114,2021-01-24T22:16:11.610000+00:00,1.0,P
4386,3435,2021-01-24T22:16:14.820000+00:00,1.0,S
4387,3114,2021-01-24T22:16:11.610000+00:00,1.0,P
4387,3435,2021-01-24T22:16:14.820000+00:00,1.0,S
4388,3114,2021-01-24T22:16:11.610000+00:00,1.0,P
4388,3435,2021-01-24T22:16:14.820000+00:00,1.0,S
4389,3114,2021-01-24T22:16:11.610000+00:00,1.0,P
4389,3436,2021-01-24T22:16:14.830000+00:00,1.0,S
4390,3114,2021-01-24T22:16:11.610000+00:00,1.0,P
4390,3436,2021-01-24T22:16:14.830000+00:00,1.0,S
4391,3114,2021-01-24T22:16:11.610000+00:00,1.0,P
4391,3436,2021-01-24T22:16:14.830000+00:00,1.0,S
4392,3115,2021-01-24T22:16:11.620000+00:00,1.0,P
4392,3436,2021-01-24T22:16:14.830000+00:00,1.0,S
4393,3115,2021-01-24T22:16:11.620000+00:00,1.0,P
4393,3436,2021-01-24T22:16:14.830000+00:00,1.0,S
4394,3115,2021-01-24T22:16:11.620000+00:00,1.0,P
4394,3436,2021-01-24T22:16:14.830000+00:00,1.0,S
4395,3115,2021-01-24T22:16:11.620000+00:00,1.0,P
4395,3437,2021-01-24T22:16:14.840000+00:00,1.0,S
4396,3115,2021-01-24T22:16:11.620000+00:00,1.0,P
4396,3437,2021-01-24T22:16:14.840000+00:00,1.0,S
4397,3115,2021-01-24T22:16:11.620000+00:00,1.0,P
4397,3437,2021-01-24T22:16:14.840000+00:00,1.0,S
4398,3115,2021-01-24T22:16:11.620000+00:00,1.0,P
4398,3437,2021-01-24T22:16:14.840000+00:00,1.0,S
4399,3116,2021-01-24T22:16:11.630000+00:00,1.0,P
4399,3438,2021-01-24T22:16:14.850000+00:00,1.0,S
4400,3116,2021-01-24T22:16:11.630000+00:00,1.0,P
4400,3438,2021-01-24T22:16:14.850000+00:00,1.0,S
4401,3116,2021-01-24T22:16:11.630000+00:00,1.0,P
4401,3438,2021-01-24T22:16:14.850000+00:00,1.0,S
4402,3116,2021-01-24T22:16:11.630000+00:00,1.0,P
4402,3438,2021-01-24T22:16:14.850000+00:00,1.0,S
4403,3116,2021-01-24T22:16:11.630000+00:00,1.0,P
4403,3438,2021-01-24T22:16:14.850000+00:00,1.0,S
4404,3116,2021-01-24T22:16:11.630000+00:00,1.0,P
4404,3439,2021-01-24T22:16:14.860000+00:00,1.0,S
4405,3116,2021-01-24T22:16:11.630000+00:00,1.0,P
4405,3439,2021-01-24T22:16:14.860000+00:00,1.0,S
4406,3117,2021-01-24T22:16:11.640000+00:00,1.0,P
4406,3439,2021-01-24T22:16:14.860000+00:00,1.0,S
4407,3117,2021-01-24T22:16:11.640000+00:00,1.0,P
4407,3439,2021-01-24T22:16:14.860000+00:00,1.0,S
4408,3117,2021-01-24T22:16:11.640000+00:00,1.0,P
4408,3439,2021-01-24T22:16:14.860000+00:00,1.0,S
4409,3117,2021-01-24T22:16:11.640000+00:00,1.0,P
4409,3440,2021-01-24T22:16:14.870000+00:00,1.0,S
4410,3117,2021-01-24T22:16:11.640000+00:00,1.0,P
4410,3440,2021-01-24T22:16:14.870000+00:00,1.0,S
4411,3117,2021-01-24T22:16:11.640000+00:00,1.0,P
4411,3440,2021-01-24T22:16:14.870000+00:00,1.0,S
4412,3117,2021-01-24T22:16:11.640000+00:00,1.0,P
4412,3440,2021-01-24T22:16:14.870000+00:00,1.0,S
4413,3118,2021-01-24T22:16:11.650000+00:00,1.0,P
4413,3441,2021-01-24T22:16:14.880000+00:00,1.0,S
4414,3118,2021-01-24T22:16:11.650000+00:00,1.0,P
4414,3441,2021-01-24T22:16:14.880000+00:00,1.0,S
4415,3118,2021-01-24T22:16:11.650000+00:00,1.0,P
4415,3441,2021-01-24T22:16:14.880000+00:00,1.0,S
4416,3118,2021-01-24T22:16:11.650000+00:00,1.0,P
4416,3441,2021-01-24T22:16:14.880000+00:00,1.0,S
4417,3118,2021-01-24T22:16:11.650000+00:00,1.0,P
4417,3441,2021-01-24T22:16:14.880000+00:00,1.0,S
4418,3118,2021-01-24T22:16:11.650000+00:00,1.0,P
4418,3442,2021-01-24T22:16:14.890000+00:00,1.0,S
4419,3118,2021-01-24T22:16:11.650000+00:00,1.0,P
4419,3442,2021-01-24T22:16:14.890000+00:00,1.0,S
4420,3118,2021-01-24T22:16:11.650000+00:00,1.0,P
4420,3442,2021-01-24T22:16:14.890000+00:00,1.0,S
4421,3119,2021-01-24T22:16:11.660000+00:00,1.0,P
4421,3442,2021-01-24T22:16:14.890000+00:00,1.0,S
4422,3119,2021-01-24T22:16:11.660000+00:00,1.0,P
4422,3443,2021-01-24T22:16:14.900000+00:00,1.0,S
4423,3119,2021-01-24T22:16:11.660000+00:00,1.0,P
4423,3443,2021-01-24T22:16:14.900000+00:00,1.0,S
4424,3119,2021-01-24T22:16:11.660000+00:00,1.0,P
4424,3443,2021-01-24T22:16:14.900000+00:00,1.0,S
4425,3119,2021-01-24T22:16:11.660000+00:00,1.0,P
4425,3443,2021-01-24T22:16:14.900000+00:00,1.0,S
4426,3119,2021-01-24T22:16:11.660000+00:00,1.0,P
4426,3444,2021-01-24T22:16:14.910000+00:00,1.0,S
4427,3119,2021-01-24T22:16:11.660000+00:00,1.0,P
4427,3444,2021-01-24T22:16:14.910000+00:00,1.0,S
4428,3120,2021-01-24T22:16:11.670000+00:00,1.0,P
4428,3444,2021-01-24T22:16:14.910000+00:00,1.0,S
4429,3120,2021-01-24T22:16:11.670000+00:00,1.0,P
4429,3445,2021-01-24T22:16:14.920000+00:00,1.0,S
4430,3120,2021-01-24T22:16:11.670000+00:00,1.0,P
4430,3445,2021-01-24T22:16:14.920000+00:00,1.0,S
4431,3120,2021-01-24T22:16:11.670000+00:00,1.0,P
4431,3445,2021-01-24T22:16:14.920000+00:00,1.0,S
4432,3120,2021-01-24T22:16:11.670000+00:00,1.0,P
4432,3445,2021-01-24T22:16:14.920000+00:00,1.0,S
4433,3120,2021-01-24T22:16:11.670000+00:00,1.0,P
4433,3446,2021-01-24T22:16:14.930000+00:00,1.0,S
4434,3120,2021-01-24T22:16:11.670000+00:00,1.0,P
4434,3446,2021-01-24T22:16:14.930000+00:00,1.0,S
4435,3121,2021-01-24T22:16:11.680000+00:00,1.0,P
4435,3446,2021-01-24T22:16:14.930000+00:00,1.0,S
4436,3121,2021-01-24T22:16:11.680000+00:00,1.0,P
4436,3447,2021-01-24T22:16:14.940000+00:00,1.0,S
4437,3121,2021-01-24T22:16:11.680000+00:00,1.0,P
4437,3447,2021-01-24T22:16:14.940000+00:00,1.0,S
4438,3121,2021-01-24T22:16:11.680000+00:00,1.0,P
4438,3447,2021-01-24T22:16:14.940000+00:00,1.0,S
4439,3121,2021-01-24T22:16:11.680000+00:00,1.0,P
4439,3447,2021-01-24T22:16:14.940000+00:00,1.0,S
4440,3121,2021-01-24T22:16:11.680000+00:00,1.0,P
4440,3447,2021-01-24T22:16:14.940000+00:00,1.0,S
4441,3121,2021-01-24T22:16:11.680000+00:00,1.0,P
4441,3448,2021-01-24T22:16:14.950000+00:00,1.0,S
4442,3121,2021-01-24T22:16:11.680000+00:00,1.0,P
4442,3448,2021-01-24T22:16:14.950000+00:00,1.0,S
4443,3122,2021-01-24T22:16:11.690000+00:00,1.0,P
4443,3448,2021-01-24T22:16:14.950000+00:00,1.0,S
4444,3122,2021-01-24T22:16:11.690000+00:00,1.0,P
4444,3448,2021-01-24T22:16:14.950000+00:00,1.0,S
4445,3122,2021-01-24T22:16:11.690000+00:00,1.0,P
4445,3449,2021-01-24T22:16:14.960000+00:00,1.0,S
4446,3122,2021-01-24T22:16:11.690000+00:00,1.0,P
4446,3449,2021-01-24T22:16:14.960000+00:00,1.0,S
4447,3122,2021-01-24T22:16:11.690000+00:00,1.0,P
4447,3449,2021-01-24T22:16:14.960000+00:00,1.0,S
4448,3122,2021-01-24T22:16:11.690000+00:00,1.0,P
4448,3449,2021-01-24T22:16:14.960000+00:00,1.0,S
4449,3122,2021-01-24T22:16:11.690000+00:00,1.0,P
4449,3450,2021-01-24T22:16:14.970000+00:00,1.0,S
4450,3123,2021-01-24T22:16:11.700000+00:00,1.0,P
4450,3450,2021-01-24T22:16:14.970000+00:00,1.0,S
4451,3123,2021-01-24T22:16:11.700000+00:00,1.0,P
4451,3450,2021-01-24T22:16:14.970000+00:00,1.0,S
4452,3123,2021-01-24T22:16:11.700000+00:00,1.0,P
4452,3450,2021-01-24T22:16:14.970000+00:00,1.0,S
4453,3123,2021-01-24T22:16:11.700000+00:00,1.0,P
4453,3451,2021-01-24T22:16:14.980000+00:00,1.0,S
4454,3123,2021-01-24T22:16:11.700000+00:00,1.0,P
4454,3451,2021-01-24T22:16:14.980000+00:00,1.0,S
4455,3123,2021-01-24T22:16:11.700000+00:00,1.0,P
4455,3451,2021-01-24T22:16:14.980000+00:00,1.0,S
4456,3123,2021-01-24T22:16:11.700000+00:00,1.0,P
4456,3451,2021-01-24T22:16:14.980000+00:00,1.0,S
4457,3124,2021-01-24T22:16:11.710000+00:00,1.0,P
4457,3452,2021-01-24T22:16:14.990000+00:00,1.0,S
4458,3124,2021-01-24T22:16:11.710000+00:00,1.0,P
4458,3452,2021-01-24T22:16:14.990000+00:00,1.0,S
4459,3124,2021-01-24T22:16:11.710000+00:00,1.0,P
4459,3452,2021-01-24T22:16:14.990000+00:00,1.0,S
4460,3124,2021-01-24T22:16:11.710000+00:00,1.0,P
4460,3452,2021-01-24T22:16:14.990000+00:00,1.0,S
4461,3124,2021-01-24T22:16:11.710000+00:00,1.0,P
4461,3452,2021-01-24T22:16:14.990000+00:00,1.0,S
4462,3124,2021-01-24T22:16:11.710000+00:00,1.0,P
4462,3452,2021-01-24T22:16:14.990000+00:00,1.0,S
4463,3124,2021-01-24T22:16:11.710000+00:00,1.0,P
4463,3453,2021-01-24T22:16:15+00:00,1.0,S
4464,3124,2021-01-24T22:16:11.710000+00:00,1.0,P
4464,3453,2021-01-24T22:16:15+00:00,1.0,S
4465,3125,2021-01-24T22:16:11.720000+00:00,1.0,P
4465,3453,2021-01-24T22:16:15+00:00,1.0,S
4466,3125,2021-01-24T22:16:11.720000+00:00,1.0,P
4466,3453,2021-01-24T22:16:15+00:00,1.0,S
4467,3125,2021-01-24T22:16:11.720000+00:00,1.0,P
4467,3454,2021-01-24T22:16:15.010000+00:00,1.0,S
4468,3125,2021-01-24T22:16:11.720000+00:00,1.0,P
4468,3454,2021-01-24T22:16:15.010000+00:00,1.0,S
4469,3125,2021-01-24T22:16:11.720000+00:00,1.0,P
4469,3454,2021-01-24T22:16:15.010000+00:00,1.0,S
4470,3125,2021-01-24T22:16:11.720000+00:00,1.0,P
4470,3454,2021-01-24T22:16:15.010000+00:00,1.0,S
4471,3125,2021-01-24T22:16:11.720000+00:00,1.0,P
4471,3454,2021-01-24T22:16:15.010000+00:00,1.0,S
4472,3125,2021-01-24T22:16:11.720000+00:00,1.0,P
4472,3455,2021-01-24T22:16:15.020000+00:00,1.0,S
4473,3125,2021-01-24T22:16:11.720000+00:00,1.0,P
4473,3455,2021-01-24T22:16:15.020000+00:00,1.0,S
4474,3126,2021-01-24T22:16:11.730000+00:00,1.0,P
4474,3455,2021-01-24T22:16:15.020000+00:00,1.0,S
4475,3126,2021-01-24T22:16:11.730000+00:00,1.0,P
4475,3455,2021-01-24T22:16:15.020000+00:00,1.0,S
4476,3126,2021-01-24T22:16:11.730000+00:00,1.0,P
4476,3456,2021-01-24T22:16:15.030000+00:00,1.0,S
4477,3126,2021-01-24T22:16:11.730000+00:00,1.0,P
4477,3456,2021-01-24T22:16:15.030000+00:00,1.0,S
4478,3126,2021-01-24T22:16:11.730000+00:00,1.0,P
4478,3456,2021-01-24T22:16:15.030000+00:00,1.0,S
4479,3126,2021-01-24T22:16:11.730000+00:00,1.0,P
4479,3456,2021-01-24T22:16:15.030000+00:00,1.0,S
4480,3126,2021-01-24T22:16:11.730000+00:00,1.0,P
4480,3457,2021-01-24T22:16:15.040000+00:00,1.0,S
4481,3126,2021-01-24T22:16:11.730000+00:00,1.0,P
4481,3457,2021-01-24T22:16:15.040000+00:00,1.0,S
4482,3126,2021-01-24T22:16:11.730000+00:00,1.0,P
4482,3457,2021-01-24T22:16:15.040000+00:00,1.0,S
4483,3127,2021-01-24T22:16:11.740000+00:00,1.0,P
4483,3457,2021-01-24T22:16:15.040000+00:00,1.0,S
4484,3127,2021-01-24T22:16:11.740000+00:00,1.0,P
4484,3458,2021-01-24T22:16:15.050000+00:00,1.0,S
4485,3127,2021-01-24T22:16:11.740000+00:00,1.0,P
4485,3458,2021-01-24T22:16:15.050000+00:00,1.0,S
4486,3127,2021-01-24T22:16:11.740000+00:00,1.0,P
4486,3458,2021-01-24T22:16:15.050000+00:00,1.0,S
4487,3127,2021-01-24T22:16:11.740000+00:00,1.0,P
4487,3458,2021-01-24T22:16:15.050000+00:00,1.0,S
4488,3127,2021-01-24T22:16:11.740000+00:00,1.0,P
4488,3459,2021-01-24T22:16:15.060000+00:00,1.0,S
4489,3127,2021-01-24T22:16:11.740000+00:00,1.0,P
4489,3459,2021-01-24T22:16:15.060000+00:00,1.0,S
4490,3127,2021-01-24T22:16:11.740000+00:00,1.0,P
4490,3459,2021-01-24T22:16:15.060000+00:00,1.0,S
4491,3127,2021-01-24T22:16:11.740000+00:00,1.0,P
4491,3459,2021-01-24T22:16:15.060000+00:00,1.0,S
4492,3127,2021-01-24T22:16:11.740000+00:00,1.0,P
4492,3460,2021-01-24T22:16:15.070000+00:00,1.0,S
4493,3128,2021-01-24T22:16:11.750000+00:00,1.0,P
4493,3460,2021-01-24T22:16:15.070000+00:00,1.0,S
4494,3128,2021-01-24T22:16:11.750000+00:00,1.0,P
4494,3460,2021-01-24T22:16:15.070000+00:00,1.0,S
4495,3128,2021-01-24T22:16:11.750000+00:00,1.0,P
4495,3460,2021-01-24T22:16:15.070000+00:00,1.0,S
4496,3128,2021-01-24T22:16:11.750000+00:00,1.0,P
4496,3461,2021-01-24T22:16:15.080000+00:00,1.0,S
4497,3128,2021-01-24T22:16:11.750000+00:00,1.0,P
4497,3461,2021-01-24T22:16:15.080000+00:00,1.0,S
4498,3128,2021-01-24T22:16:11.750000+00:00,1.0,P
4498,3461,2021-01-24T22:16:15.080000+00:00,1.0,S
4499,3128,2021-01-24T22:16:11.750000+00:00,1.0,P
4499,3461,2021-01-24T22:16:15.080000+00:00,1.0,S
4500,3128,2021-01-24T22:16:11.750000+00:00,1.0,P
4500,3462,2021-01-24T22:16:15.090000+00:00,1.0,S
4501,3128,2021-01-24T22:16:11.750000+00:00,1.0,P
4501,3462,2021-01-24T22:16:15.090000+00:00,1.0,S
4502,3129,2021-01-24T22:16:11.760000+00:00,1.0,P
4502,3462,2021-01-24T22:16:15.090000+00:00,1.0,S
4503,3129,2021-01-24T22:16:11.760000+00:00,1.0,P
4503,3462,2021-01-24T22:16:15.090000+00:00,1.0,S
4504,3129,2021-01-24T22:16:11.760000+00:00,1.0,P
4504,3462,2021-01-24T22:16:15.090000+00:00,1.0,S
4505,3129,2021-01-24T22:16:11.760000+00:00,1.0,P
4505,3462,2021-01-24T22:16:15.090000+00:00,1.0,S
4506,3129,2021-01-24T22:16:11.760000+00:00,1.0,P
4506,3463,2021-01-24T22:16:15.100000+00:00,1.0,S
4507,3129,2021-01-24T22:16:11.760000+00:00,1.0,P
4507,3463,2021-01-24T22:16:15.100000+00:00,1.0,S
4508,3129,2021-01-24T22:16:11.760000+00:00,1.0,P
4508,3463,2021-01-24T22:16:15.100000+00:00,1.0,S
4509,3129,2021-01-24T22:16:11.760000+00:00,1.0,P
4509,3463,2021-01-24T22:16:15.100000+00:00,1.0,S
4510,3129,2021-01-24T22:16:11.760000+00:00,1.0,P
4510,3463,2021-01-24T22:16:15.100000+00:00,1.0,S
4511,3129,2021-01-24T22:16:11.760000+00:00,1.0,P
4511,3463,2021-01-24T22:16:15.100000+00:00,1.0,S
4512,3129,2021-01-24T22:16:11.760000+00:00,1.0,P
4512,3464,2021-01-24T22:16:15.110000+00:00,1.0,S
4513,3130,2021-01-24T22:16:11.770000+00:00,1.0,P
4513,3464,2021-01-24T22:16:15.110000+00:00,1.0,S
4514,3130,2021-01-24T22:16:11.770000+00:00,1.0,P
4514,3464,2021-01-24T22:16:15.110000+00:00,1.0,S
4515,3130,2021-01-24T22:16:11.770000+00:00,1.0,P
4515,3464,2021-01-24T22:16:15.110000+00:00,1.0,S
4516,3130,2021-01-24T22:16:11.770000+00:00,1.0,P
4516,3464,2021-01-24T22:16:15.110000+00:00,1.0,S
4517,3130,2021-01-24T22:16:11.770000+00:00,1.0,P
4517,3464,2021-01-24T22:16:15.110000+00:00,1.0,S
4518,3130,2021-01-24T22:16:11.770000+00:00,1.0,P
4518,3465,2021-01-24T22:16:15.120000+00:00,1.0,S
4519,3130,2021-01-24T22:16:11.770000+00:00,1.0,P
4519,3465,2021-01-24T22:16:15.120000+00:00,1.0,S
4520,3130,2021-01-24T22:16:11.770000+00:00,1.0,P
4520,3465,2021-01-24T22:16:15.120000+00:00,1.0,S
4521,3130,2021-01-24T22:16:11.770000+00:00,1.0,P
4521,3465,2021-01-24T22:16:15.120000+00:00,1.0,S
4522,3131,2021-01-24T22:16:11.780000+00:00,1.0,P
4522,3466,2021-01-24T22:16:15.130000+00:00,1.0,S
4523,3131,2021-01-24T22:16:11.780000+00:00,1.0,P
4523,3466,2021-01-24T22:16:15.130000+00:00,1.0,S
4524,3131,2021-01-24T22:16:11.780000+00:00,1.0,P
4524,3466,2021-01-24T22:16:15.130000+00:00,1.0,S
4525,3131,2021-01-24T22:16:11.780000+00:00,1.0,P
4525,3466,2021-01-24T22:16:15.130000+00:00,1.0,S
4526,3131,2021-01-24T22:16:11.780000+00:00,1.0,P
4526,3467,2021-01-24T22:16:15.140000+00:00,1.0,S
4527,3131,2021-01-24T22:16:11.780000+00:00,1.0,P
4527,3467,2021-01-24T22:16:15.140000+00:00,1.0,S
4528,3131,2021-01-24T22:16:11.780000+00:00,1.0,P
4528,3467,2021-01-24T22:16:15.140000+00:00,1.0,S
4529,3131,2021-01-24T22:16:11.780000+00:00,1.0,P
4529,3467,2021-01-24T22:16:15.140000+00:00,1.0,S
4530,3131,2021-01-24T22:16:11.780000+00:00,1.0,P
4530,3467,2021-01-24T22:16:15.140000+00:00,1.0,S
4531,3131,2021-01-24T22:16:11.780000+00:00,1.0,P
4531,3468,2021-01-24T22:16:15.150000+00:00,1.0,S
4532,3132,2021-01-24T22:16:11.790000+00:00,1.0,P
4532,3468,2021-01-24T22:16:15.150000+00:00,1.0,S
4533,3132,2021-01-24T22:16:11.790000+00:00,1.0,P
4533,3468,2021-01-24T22:16:15.150000+00:00,1.0,S
4534,3132,2021-01-24T22:16:11.790000+00:00,1.0,P
4534,3468,2021-01-24T22:16:15.150000+00:00,1.0,S
4535,3132,2021-01-24T22:16:11.790000+00:00,1.0,P
4535,3468,2021-01-24T22:16:15.150000+00:00,1.0,S
4536,3132,2021-01-24T22:16:11.790000+00:00,1.0,P
4536,3469,2021-01-24T22:16:15.160000+00:00,1.0,S
4537,3132,2021-01-24T22:16:11.790000+00:00,1.0,P
4537,3469,2021-01-24T22:16:15.160000+00:00,1.0,S
4538,3132,2021-01-24T22:16:11.790000+00:00,1.0,P
4538,3469,2021-01-24T22:16:15.160000+00:00,1.0,S
4539,3132,2021-01-24T22:16:11.790000+00:00,1.0,P
4539,3469,2021-01-24T22:16:15.160000+00:00,1.0,S
4540,3132,2021-01-24T22:16:11.790000+00:00,1.0,P
4540,3469,2021-01-24T22:16:15.160000+00:00,1.0,S
4541,3132,2021-01-24T22:16:11.790000+00:00,1.0,P
4541,3469,2021-01-24T22:16:15.160000+00:00,1.0,S
4542,3132,2021-01-24T22:16:11.790000+00:00,1.0,P
4542,3470,2021-01-24T22:16:15.170000+00:00,1.0,S
4543,3132,2021-01-24T22:16:11.790000+00:00,1.0,P
4543,3470,2021-01-24T22:16:15.170000+00:00,1.0,S
4544,3133,2021-01-24T22:16:11.800000+00:00,1.0,P
4544,3470,2021-01-24T22:16:15.170000+00:00,1.0,S
4545,3133,2021-01-24T22:16:11.800000+00:00,1.0,P
4545,3470,2021-01-24T22:16:15.170000+00:00,1.0,S
4546,3133,2021-01-24T22:16:11.800000+00:00,1.0,P
4546,3471,2021-01-24T22:16:15.180000+00:00,1.0,S
4547,3133,2021-01-24T22:16:11.800000+00:00,1.0,P
4547,3471,2021-01-24T22:16:15.180000+00:00,1.0,S
4548,3133,2021-01-24T22:16:11.800000+00:00,1.0,P
4548,3471,2021-01-24T22:16:15.180000+00:00,1.0,S
4549,3133,2021-01-24T22:16:11.800000+00:00,1.0,P
4549,3471,2021-01-24T22:16:15.180000+00:00,1.0,S
4550,3133,2021-01-24T22:16:11.800000+00:00,1.0,P
4550,3472,2021-01-24T22:16:15.190000+00:00,1.0,S
4551,3133,2021-01-24T22:16:11.800000+00:00,1.0,P
4551,3472,2021-01-24T22:16:15.190000+00:00,1.0,S
4552,3133,2021-01-24T22:16:11.800000+00:00,1.0,P
4552,3472,2021-01-24T22:16:15.190000+00:00,1.0,S
4553,3133,2021-01-24T22:16:11.800000+00:00,1.0,P
4553,3472,2021-01-24T22:16:15.190000+00:00,1.0,S
4554,3134,2021-01-24T22:16:11.810000+00:00,1.0,P
4554,3472,2021-01-24T22:16:15.190000+00:00,1.0,S
4555,3134,2021-01-24T22:16:11.810000+00:00,1.0,P
4555,3472,2021-01-24T22:16:15.190000+00:00,1.0,S
4556,3134,2021-01-24T22:16:11.810000+00:00,1.0,P
4556,3473,2021-01-24T22:16:15.200000+00:00,1.0,S
4557,3134,2021-01-24T22:16:11.810000+00:00,1.0,P
4557,3473,2021-01-24T22:16:15.200000+00:00,1.0,S
4558,3134,2021-01-24T22:16:11.810000+00:00,1.0,P
4558,3473,2021-01-24T22:16:15.200000+00:00,1.0,S
4559,3134,2021-01-24T22:16:11.810000+00:00,1.0,P
4559,3473,2021-01-24T22:16:15.200000+00:00,1.0,S
4560,3134,2021-01-24T22:16:11.810000+00:00,1.0,P
4560,3473,2021-01-24T22:16:15.200000+00:00,1.0,S
4561,3134,2021-01-24T22:16:11.810000+00:00,1.0,P
4561,3473,2021-01-24T22:16:15.200000+00:00,1.0,S
4562,3134,2021-01-24T22:16:11.810000+00:00,1.0,P
4562,3474,2021-01-24T22:16:15.210000+00:00,1.0,S
4563,3135,2021-01-24T22:16:11.820000+00:00,1.0,P
4563,3474,2021-01-24T22:16:15.210000+00:00,1.0,S
4564,3135,2021-01-24T22:16:11.820000+00:00,1.0,P
4564,3474,2021-01-24T22:16:15.210000+00:00,1.0,S
4565,3135,2021-01-24T22:16:11.820000+00:00,1.0,P
4565,3474,2021-01-24T22:16:15.210000+00:00,1.0,S
4566,3135,2021-01-24T22:16:11.820000+00:00,1.0,P
4566,3474,2021-01-24T22:16:15.210000+00:00,1.0,S
4567,3135,2021-01-24T22:16:11.820000+00:00,1.0,P
4567,3475,2021-01-24T22:16:15.220000+00:00,1.0,S
4568,3135,2021-01-24T22:16:11.820000+00:00,1.0,P
4568,3475,2021-01-24T22:16:15.220000+00:00,1.0,S
4569,3135,2021-01-24T22:16:11.820000+00:00,1.0,P
4569,3475,2021-01-24T22:16:15.220000+00:00,1.0,S
4570,3135,2021-01-24T22:16:11.820000+00:00,1.0,P
4570,3475,2021-01-24T22:16:15.220000+00:00,1.0,S
4571,3135,2021-01-24T22:16:11.820000+00:00,1.0,P
4571,3475,2021-01-24T22:16:15.220000+00:00,1.0,S
4572,3135,2021-01-24T22:16:11.820000+00:00,1.0,P
4572,3475,2021-01-24T22:16:15.220000+00:00,1.0,S
4573,3135,2021-01-24T22:16:11.820000+00:00,1.0,P
4573,3476,2021-01-24T22:16:15.230000+00:00,1.0,S
4574,3135,2021-01-24T22:16:11.820000+00:00,1.0,P
4574,3476,2021-01-24T22:16:15.230000+00:00,1.0,S
4575,3136,2021-01-24T22:16:11.830000+00:00,1.0,P
4575,3476,2021-01-24T22:16:15.230000+00:00,1.0,S
4576,3136,2021-01-24T22:16:11.830000+00:00,1.0,P
4576,3476,2021-01-24T22:16:15.230000+00:00,1.0,S
4577,3136,2021-01-24T22:16:11.830000+00:00,1.0,P
4577,3476,2021-01-24T22:16:15.230000+00:00,1.0,S
4578,3136,2021-01-24T22:16:11.830000+00:00,1.0,P
4578,3476,2021-01-24T22:16:15.230000+00:00,1.0,S
4579,3136,2021-01-24T22:16:11.830000+00:00,1.0,P
4579,3476,2021-01-24T22:16:15.230000+00:00,1.0,S
4580,3136,2021-01-24T22:16:11.830000+00:00,1.0,P
4580,3477,2021-01-24T22:16:15.240000+00:00,1.0,S
4581,3136,2021-01-24T22:16:11.830000+00:00,1.0,P
4581,3477,2021-01-24T22:16:15.240000+00:00,1.0,S
4582,3136,2021-01-24T22:16:11.830000+00:00,1.0,P
4582,3477,2021-01-24T22:16:15.240000+00:00,1.0,S
4583,3136,2021-01-24T22:16:11.830000+00:00,1.0,P
4583,3477,2021-01-24T22:16:15.240000+00:00,1.0,S
4584,3136,2021-01-24T22:16:11.830000+00:00,1.0,P
4584,3477,2021-01-24T22:16:15.240000+00:00,1.0,S
4585,3136,2021-01-24T22:16:11.830000+00:00,1.0,P
4585,3477,2021-01-24T22:16:15.240000+00:00,1.0,S
4586,3136,2021-01-24T22:16:11.830000+00:00,1.0,P
4586,3478,2021-01-24T22:16:15.250000+00:00,1.0,S
4587,3136,2021-01-24T22:16:11.830000+00:00,1.0,P
4587,3478,2021-01-24T22:16:15.250000+00:00,1.0,S
4588,3136,2021-01-24T22:16:11.830000+00:00,1.0,P
4588,3478,2021-01-24T22:16:15.250000+00:00,1.0,S
4589,3136,2021-01-24T22:16:11.830000+00:00,1.0,P
4589,3478,2021-01-24T22:16:15.250000+00:00,1.0,S
4590,3136,2021-01-24T22:16:11.830000+00:00,1.0,P
4590,3478,2021-01-24T22:16:15.250000+00:00,1.0,S
4591,3136,2021-01-24T22:16:11.830000+00:00,1.0,P
4591,3478,2021-01-24T22:16:15.250000+00:00,1.0,S
4592,3137,2021-01-24T22:16:11.840000+00:00,1.0,P
4592,3478,2021-01-24T22:16:15.250000+00:00,1.0,S
4593,3137,2021-01-24T22:16:11.840000+00:00,1.0,P
4593,3479,2021-01-24T22:16:15.260000+00:00,1.0,S
4594,3137,2021-01-24T22:16:11.840000+00:00,1.0,P
4594,3479,2021-01-24T22:16:15.260000+00:00,1.0,S
4595,3137,2021-01-24T22:16:11.840000+00:00,1.0,P
4595,3479,2021-01-24T22:16:15.260000+00:00,1.0,S
4596,3137,2021-01-24T22:16:11.840000+00:00,1.0,P
4596,3479,2021-01-24T22:16:15.260000+00:00,1.0,S
4597,3137,2021-01-24T22:16:11.840000+00:00,1.0,P
4597,3479,2021-01-24T22:16:15.260000+00:00,1.0,S
4598,3137,2021-01-24T22:16:11.840000+00:00,1.0,P
4598,3479,2021-01-24T22:16:15.260000+00:00,1.0,S
4599,3137,2021-01-24T22:16:11.840000+00:00,1.0,P
4599,3479,2021-01-24T22:16:15.260000+00:00,1.0,S
4600,3137,2021-01-24T22:16:11.840000+00:00,1.0,P
4600,3479,2021-01-24T22:16:15.260000+00:00,1.0,S
4601,3137,2021-01-24T22:16:11.840000+00:00,1.0,P
4601,3479,2021-01-24T22:16:15.260000+00:00,1.0,S
4602,3137,2021-01-24T22:16:11.840000+00:00,1.0,P
4602,3479,2021-01-24T22:16:15.260000+00:00,1.0,S
4603,3137,2021-01-24T22:16:11.840000+00:00,1.0,P
4603,3480,2021-01-24T22:16:15.270000+00:00,1.0,S
4604,3137,2021-01-24T22:16:11.840000+00:00,1.0,P
4604,3480,2021-01-24T22:16:15.270000+00:00,1.0,S
4605,3137,2021-01-24T22:16:11.840000+00:00,1.0,P
4605,3480,2021-01-24T22:16:15.270000+00:00,1.0,S
4606,3137,2021-01-24T22:16:11.840000+00:00,1.0,P
4606,3480,2021-01-24T22:16:15.270000+00:00,1.0,S
4607,3137,2021-01-24T22:16:11.840000+00:00,1.0,P
4607,3480,2021-01-24T22:16:15.270000+00:00,1.0,S
4608,3137,2021-01-24T22:16:11.840000+00:00,1.0,P
4608,3480,2021-01-24T22:16:15.270000+00:00,1.0,S
4609,3137,2021-01-24T22:16:11.840000+00:00,1.0,P
4609,3480,2021-01-24T22:16:15.270000+00:00,1.0,S
4610,3137,2021-01-24T22:16:11.840000+00:00,1.0,P
4610,3480,2021-01-24T22:16:15.270000+00:00,1.0,S
4611,3138,2021-01-24T22:16:11.850000+00:00,1.0,P
4611,3480,2021-01-24T22:16:15.270000+00:00,1.0,S
4612,3138,2021-01-24T22:16:11.850000+00:00,1.0,P
4612,3480,2021-01-24T22:16:15.270000+00:00,1.0,S
4613,3138,2021-01-24T22:16:11.850000+00:00,1.0,P
4613,3480,2021-01-24T22:16:15.270000+00:00,1.0,S
4614,3138,2021-01-24T22:16:11.850000+00:00,1.0,P
4614,3480,2021-01-24T22:16:15.270000+00:00,1.0,S
4615,3138,2021-01-24T22:16:11.850000+00:00,1.0,P
4615,3480,2021-01-24T22:16:15.270000+00:00,1.0,S
4616,3138,2021-01-24T22:16:11.850000+00:00,1.0,P
4616,3480,2021-01-24T22:16:15.270000+00:00,1.0,S
4617,3138,2021-01-24T22:16:11.850000+00:00,1.0,P
4617,3480,2021-01-24T22:16:15.270000+00:00,1.0,S
4618,3138,2021-01-24T22:16:11.850000+00:00,1.0,P
4618,3480,2021-01-24T22:16:15.270000+00:00,1.0,S
4619,3138,2021-01-24T22:16:11.850000+00:00,1.0,P
4619,3480,2021-01-24T22:16:15.270000+00:00,1.0,S
4620,3138,2021-01-24T22:16:11.850000+00:00,1.0,P
4620,3480,2021-01-24T22:16:15.270000+00:00,1.0,S
4621,3138,2021-01-24T22:16:11.850000+00:00,1.0,P
4621,3480,2021-01-24T22:16:15.270000+00:00,1.0,S
4622,3138,2021-01-24T22:16:11.850000+00:00,1.0,P
4622,3481,2021-01-24T22:16:15.280000+00:00,1.0,S
4623,3138,2021-01-24T22:16:11.850000+00:00,1.0,P
4623,3481,2021-01-24T22:16:15.280000+00:00,1.0,S
4624,3138,2021-01-24T22:16:11.850000+00:00,1.0,P
4624,3481,2021-01-24T22:16:15.280000+00:00,1.0,S
4625,3138,2021-01-24T22:16:11.850000+00:00,1.0,P
4625,3481,2021-01-24T22:16:15.280000+00:00,1.0,S
4626,3138,2021-01-24T22:16:11.850000+00:00,1.0,P
4626,3481,2021-01-24T22:16:15.280000+00:00,1.0,S
4627,3138,2021-01-24T22:16:11.850000+00:00,1.0,P
4627,3481,2021-01-24T22:16:15.280000+00:00,1.0,S
4628,3138,2021-01-24T22:16:11.850000+00:00,1.0,P
4628,3481,2021-01-24T22:16:15.280000+00:00,1.0,S
4629,3138,2021-01-24T22:16:11.850000+00:00,1.0,P
4629,3481,2021-01-24T22:16:15.280000+00:00,1.0,S
4630,3138,2021-01-24T22:16:11.850000+00:00,1.0,P
4630,3481,2021-01-24T22:16:15.280000+00:00,1.0,S
4631,3138,2021-01-24T22:16:11.850000+00:00,1.0,P
4631,3481,2021-01-24T22:16:15.280000+00:00,1.0,S
4632,3138,2021-01-24T22:16:11.850000+00:00,1.0,P
4632,3481,2021-01-24T22:16:15.280000+00:00,1.0,S
4633,3138,2021-01-24T22:16:11.850000+00:00,1.0,P
4633,3481,2021-01-24T22:16:15.280000+00:00,1.0,S
4634,3138,2021-01-24T22:16:11.850000+00:00,1.0,P
4634,3481,2021-01-24T22:16:15.280000+00:00,1.0,S
4635,3138,2021-01-24T22:16:11.850000+00:00,1.0,P
4635,3481,2021-01-24T22:16:15.280000+00:00,1.0,S
4636,3139,2021-01-24T22:16:11.860000+00:00,1.0,P
4636,3481,2021-01-24T22:16:15.280000+00:00,1.0,S
4637,3139,2021-01-24T22:16:11.860000+00:00,1.0,P
4637,3481,2021-01-24T22:16:15.280000+00:00,1.0,S
4638,3139,2021-01-24T22:16:11.860000+00:00,1.0,P
4638,3482,2021-01-24T22:16:15.290000+00:00,1.0,S
4639,3139,2021-01-24T22:16:11.860000+00:00,1.0,P
4639,3482,2021-01-24T22:16:15.290000+00:00,1.0,S
4640,3139,2021-01-24T22:16:11.860000+00:00,1.0,P
4640,3482,2021-01-24T22:16:15.290000+00:00,1.0,S
4641,3139,2021-01-24T22:16:11.860000+00:00,1.0,P
4641,3482,2021-01-24T22:16:15.290000+00:00,1.0,S
4642,3139,2021-01-24T22:16:11.860000+00:00,1.0,P
4642,3482,2021-01-24T22:16:15.290000+00:00,1.0,S
4643,3139,2021-01-24T22:16:11.860000+00:00,1.0,P
4643,3482,2021-01-24T22:16:15.290000+00:00,1.0,S
4644,3139,2021-01-24T22:16:11.860000+00:00,1.0,P
4644,3482,2021-01-24T22:16:15.290000+00:00,1.0,S
4645,3139,2021-01-24T22:16:11.860000+00:00,1.0,P
4645,3482,2021-01-24T22:16:15.290000+00:00,1.0,S
4646,3139,2021-01-24T22:16:11.860000+00:00,1.0,P
4646,3482,2021-01-24T22:16:15.290000+00:00,1.0,S
4647,3139,2021-01-24T22:16:11.860000+00:00,1.0,P
4647,3483,2021-01-24T22:16:15.300000+00:00,1.0,S
4648,3139,2021-01-24T22:16:11.860000+00:00,1.0,P
4648,3483,2021-01-24T22:16:15.300000+00:00,1.0,S
4649,3139,2021-01-24T22:16:11.860000+00:00,1.0,P
4649,3483,2021-01-24T22:16:15.300000+00:00,1.0,S
4650,3139,2021-01-24T22:16:11.860000+00:00,1.0,P
4650,3483,2021-01-24T22:16:15.300000+00:00,1.0,S
4651,3139,2021-01-24T22:16:11.860000+00:00,1.0,P
4651,3483,2021-01-24T22:16:15.300000+00:00,1.0,S
4652,3139,2021-01-24T22:16:11.860000+00:00,1.0,P
4652,3483,2021-01-24T22:16:15.300000+00:00,1.0,S
4653,3139,2021-01-24T22:16:11.860000+00:00,1.0,P
4653,3483,2021-01-24T22:16:15.300000+00:00,1.0,S
4654,3139,2021-01-24T22:16:11.860000+00:00,1.0,P
4654,3483,2021-01-24T22:16:15.300000+00:00,1.0,S
4655,3139,2021-01-24T22:16:11.860000+00:00,1.0,P
4655,3483,2021-01-24T22:16:15.300000+00:00,1.0,S
4656,3139,2021-01-24T22:16:11.860000+00:00,1.0,P
4656,3483,2021-01-24T22:16:15.300000+00:00,1.0,S
4657,3139,2021-01-24T22:16:11.860000+00:00,1.0,P
4657,3483,2021-01-24T22:16:15.300000+00:00,1.0,S
4658,3139,2021-01-24T22:16:11.860000+00:00,1.0,P
4658,3483,2021-01-24T22:16:15.300000+00:00,1.0,S
4659,3139,2021-01-24T22:16:11.860000+00:00,1.0,P
4659,3483,2021-01-24T22:16:15.300000+00:00,1.0,S
4660,3139,2021-01-24T22:16:11.860000+00:00,1.0,P
4660,3483,2021-01-24T22:16:15.300000+00:00,1.0,S
4661,3139,2021-01-24T22:16:11.860000+00:00,1.0,P
4661,3483,2021-01-24T22:16:15.300000+00:00,1.0,S
4662,3139,2021-01-24T22:16:11.860000+00:00,1.0,P
4662,3483,2021-01-24T22:16:15.300000+00:00,1.0,S
4663,3139,2021-01-24T22:16:11.860000+00:00,1.0,P
4663,3483,2021-01-24T22:16:15.300000+00:00,1.0,S
4664,3139,2021-01-24T22:16:11.860000+00:00,1.0,P
4664,3483,2021-01-24T22:16:15.300000+00:00,1.0,S
4665,3139,2021-01-24T22:16:11.860000+00:00,1.0,P
4665,3483,2021-01-24T22:16:15.300000+00:00,1.0,S
4666,3139,2021-01-24T22:16:11.860000+00:00,1.0,P
4666,3484,2021-01-24T22:16:15.310000+00:00,1.0,S
4667,3139,2021-01-24T22:16:11.860000+00:00,1.0,P
4667,3484,2021-01-24T22:16:15.310000+00:00,1.0,S
4668,3139,2021-01-24T22:16:11.860000+00:00,1.0,P
4668,3484,2021-01-24T22:16:15.310000+00:00,1.0,S
4669,3139,2021-01-24T22:16:11.860000+00:00,1.0,P
4669,3484,2021-01-24T22:16:15.310000+00:00,1.0,S
