channel_index,phase_index,phase_time,phase_score,phase_type
0,3198,2021-05-05T14:28:13.914000+00:00,1.0,P
0,3448,2021-05-05T14:28:16.414000+00:00,1.0,S
1,3198,2021-05-05T14:28:13.914000+00:00,1.0,P
1,3448,2021-05-05T14:28:16.414000+00:00,1.0,S
2,3198,2021-05-05T14:28:13.914000+00:00,1.0,P
2,3448,2021-05-05T14:28:16.414000+00:00,1.0,S
3,3198,2021-05-05T14:28:13.914000+00:00,1.0,P
3,3448,2021-05-05T14:28:16.414000+00:00,1.0,S
4,3197,2021-05-05T14:28:13.904000+00:00,1.0,P
4,3448,2021-05-05T14:28:16.414000+00:00,1.0,S
5,3197,2021-05-05T14:28:13.904000+00:00,1.0,P
5,3447,2021-05-05T14:28:16.404000+00:00,1.0,S
6,3197,2021-05-05T14:28:13.904000+00:00,1.0,P
6,3447,2021-05-05T14:28:16.404000+00:00,1.0,S
7,3197,2021-05-05T14:28:13.904000+00:00,1.0,P
7,3447,2021-05-05T14:28:16.404000+00:00,1.0,S
8,3197,2021-05-05T14:28:13.904000+00:00,1.0,P
8,3447,2021-05-05T14:28:16.404000+00:00,1.0,S
9,3197,2021-05-05T14:28:13.904000+00:00,1.0,P
9,3447,2021-05-05T14:28:16.404000+00:00,1.0,S
10,3197,2021-05-05T14:28:13.904000+00:00,1.0,P
10,3447,2021-05-05T14:28:16.404000+00:00,1.0,S
11,3197,2021-05-05T14:28:13.904000+00:00,1.0,P
11,3447,2021-05-05T14:28:16.404000+00:00,1.0,S
12,3197,2021-05-05T14:28:13.904000+00:00,1.0,P
12,3447,2021-05-05T14:28:16.404000+00:00,1.0,S
13,3197,2021-05-05T14:28:13.904000+00:00,1.0,P
13,3447,2021-05-05T14:28:16.404000+00:00,1.0,S
14,3197,2021-05-05T14:28:13.904000+00:00,1.0,P
14,3447,2021-05-05T14:28:16.404000+00:00,1.0,S
15,3197,2021-05-05T14:28:13.904000+00:00,1.0,P
15,3447,2021-05-05T14:28:16.404000+00:00,1.0,S
16,3196,2021-05-05T14:28:13.894000+00:00,1.0,P
16,3447,2021-05-05T14:28:16.404000+00:00,1.0,S
17,3196,2021-05-05T14:28:13.894000+00:00,1.0,P
17,3446,2021-05-05T14:28:16.394000+00:00,1.0,S
18,3196,2021-05-05T14:28:13.894000+00:00,1.0,P
18,3446,2021-05-05T14:28:16.394000+00:00,1.0,S
19,3196,2021-05-05T14:28:13.894000+00:00,1.0,P
19,3446,2021-05-05T14:28:16.394000+00:00,1.0,S
20,3196,2021-05-05T14:28:13.894000+00:00,1.0,P
20,3446,2021-05-05T14:28:16.394000+00:00,1.0,S
21,3196,2021-05-05T14:28:13.894000+00:00,1.0,P
21,3446,2021-05-05T14:28:16.394000+00:00,1.0,S
22,3196,2021-05-05T14:28:13.894000+00:00,1.0,P
22,3446,2021-05-05T14:28:16.394000+00:00,1.0,S
23,3196,2021-05-05T14:28:13.894000+00:00,1.0,P
23,3446,2021-05-05T14:28:16.394000+00:00,1.0,S
24,3196,2021-05-05T14:28:13.894000+00:00,1.0,P
24,3445,2021-05-05T14:28:16.384000+00:00,1.0,S
25,3196,2021-05-05T14:28:13.894000+00:00,1.0,P
25,3445,2021-05-05T14:28:16.384000+00:00,1.0,S
26,3196,2021-05-05T14:28:13.894000+00:00,1.0,P
26,3445,2021-05-05T14:28:16.384000+00:00,1.0,S
27,3196,2021-05-05T14:28:13.894000+00:00,1.0,P
27,3445,2021-05-05T14:28:16.384000+00:00,1.0,S
28,3196,2021-05-05T14:28:13.894000+00:00,1.0,P
28,3445,2021-05-05T14:28:16.384000+00:00,1.0,S
29,3195,2021-05-05T14:28:13.884000+00:00,1.0,P
29,3445,2021-05-05T14:28:16.384000+00:00,1.0,S
30,3195,2021-05-05T14:28:13.884000+00:00,1.0,P
30,3445,2021-05-05T14:28:16.384000+00:00,1.0,S
31,3195,2021-05-05T14:28:13.884000+00:00,1.0,P
31,3444,2021-05-05T14:28:16.374000+00:00,1.0,S
32,3195,2021-05-05T14:28:13.884000+00:00,1.0,P
32,3444,2021-05-05T14:28:16.374000+00:00,1.0,S
33,3195,2021-05-05T14:28:13.884000+00:00,1.0,P
33,3444,2021-05-05T14:28:16.374000+00:00,1.0,S
34,3195,2021-05-05T14:28:13.884000+00:00,1.0,P
34,3444,2021-05-05T14:28:16.374000+00:00,1.0,S
35,3195,2021-05-05T14:28:13.884000+00:00,1.0,P
35,3444,2021-05-05T14:28:16.374000+00:00,1.0,S
36,3195,2021-05-05T14:28:13.884000+00:00,1.0,P
36,3444,2021-05-05T14:28:16.374000+00:00,1.0,S
37,3195,2021-05-05T14:28:13.884000+00:00,1.0,P
37,3444,2021-05-05T14:28:16.374000+00:00,1.0,S
38,3195,2021-05-05T14:28:13.884000+00:00,1.0,P
38,3443,2021-05-05T14:28:16.364000+00:00,1.0,S
39,3195,2021-05-05T14:28:13.884000+00:00,1.0,P
39,3443,2021-05-05T14:28:16.364000+00:00,1.0,S
40,3195,2021-05-05T14:28:13.884000+00:00,1.0,P
40,3443,2021-05-05T14:28:16.364000+00:00,1.0,S
41,3195,2021-05-05T14:28:13.884000+00:00,1.0,P
41,3443,2021-05-05T14:28:16.364000+00:00,1.0,S
42,3195,2021-05-05T14:28:13.884000+00:00,1.0,P
42,3443,2021-05-05T14:28:16.364000+00:00,1.0,S
43,3194,2021-05-05T14:28:13.874000+00:00,1.0,P
43,3443,2021-05-05T14:28:16.364000+00:00,1.0,S
44,3194,2021-05-05T14:28:13.874000+00:00,1.0,P
44,3443,2021-05-05T14:28:16.364000+00:00,1.0,S
45,3194,2021-05-05T14:28:13.874000+00:00,1.0,P
45,3443,2021-05-05T14:28:16.364000+00:00,1.0,S
46,3194,2021-05-05T14:28:13.874000+00:00,1.0,P
46,3443,2021-05-05T14:28:16.364000+00:00,1.0,S
47,3194,2021-05-05T14:28:13.874000+00:00,1.0,P
47,3443,2021-05-05T14:28:16.364000+00:00,1.0,S
48,3194,2021-05-05T14:28:13.874000+00:00,1.0,P
48,3442,2021-05-05T14:28:16.354000+00:00,1.0,S
49,3194,2021-05-05T14:28:13.874000+00:00,1.0,P
49,3442,2021-05-05T14:28:16.354000+00:00,1.0,S
50,3194,2021-05-05T14:28:13.874000+00:00,1.0,P
50,3442,2021-05-05T14:28:16.354000+00:00,1.0,S
51,3194,2021-05-05T14:28:13.874000+00:00,1.0,P
51,3442,2021-05-05T14:28:16.354000+00:00,1.0,S
52,3194,2021-05-05T14:28:13.874000+00:00,1.0,P
52,3442,2021-05-05T14:28:16.354000+00:00,1.0,S
53,3194,2021-05-05T14:28:13.874000+00:00,1.0,P
53,3442,2021-05-05T14:28:16.354000+00:00,1.0,S
54,3194,2021-05-05T14:28:13.874000+00:00,1.0,P
54,3442,2021-05-05T14:28:16.354000+00:00,1.0,S
55,3194,2021-05-05T14:28:13.874000+00:00,1.0,P
55,3441,2021-05-05T14:28:16.344000+00:00,1.0,S
56,3194,2021-05-05T14:28:13.874000+00:00,1.0,P
56,3441,2021-05-05T14:28:16.344000+00:00,1.0,S
57,3194,2021-05-05T14:28:13.874000+00:00,1.0,P
57,3441,2021-05-05T14:28:16.344000+00:00,1.0,S
58,3193,2021-05-05T14:28:13.864000+00:00,1.0,P
58,3441,2021-05-05T14:28:16.344000+00:00,1.0,S
59,3193,2021-05-05T14:28:13.864000+00:00,1.0,P
59,3441,2021-05-05T14:28:16.344000+00:00,1.0,S
60,3193,2021-05-05T14:28:13.864000+00:00,1.0,P
60,3441,2021-05-05T14:28:16.344000+00:00,1.0,S
61,3193,2021-05-05T14:28:13.864000+00:00,1.0,P
61,3441,2021-05-05T14:28:16.344000+00:00,1.0,S
62,3193,2021-05-05T14:28:13.864000+00:00,1.0,P
62,3440,2021-05-05T14:28:16.334000+00:00,1.0,S
63,3193,2021-05-05T14:28:13.864000+00:00,1.0,P
63,3440,2021-05-05T14:28:16.334000+00:00,1.0,S
64,3193,2021-05-05T14:28:13.864000+00:00,1.0,P
64,3440,2021-05-05T14:28:16.334000+00:00,1.0,S
65,3193,2021-05-05T14:28:13.864000+00:00,1.0,P
65,3440,2021-05-05T14:28:16.334000+00:00,1.0,S
66,3193,2021-05-05T14:28:13.864000+00:00,1.0,P
66,3440,2021-05-05T14:28:16.334000+00:00,1.0,S
67,3193,2021-05-05T14:28:13.864000+00:00,1.0,P
67,3440,2021-05-05T14:28:16.334000+00:00,1.0,S
68,3193,2021-05-05T14:28:13.864000+00:00,1.0,P
68,3439,2021-05-05T14:28:16.324000+00:00,1.0,S
69,3193,2021-05-05T14:28:13.864000+00:00,1.0,P
69,3439,2021-05-05T14:28:16.324000+00:00,1.0,S
70,3193,2021-05-05T14:28:13.864000+00:00,1.0,P
70,3439,2021-05-05T14:28:16.324000+00:00,1.0,S
71,3193,2021-05-05T14:28:13.864000+00:00,1.0,P
71,3439,2021-05-05T14:28:16.324000+00:00,1.0,S
72,3193,2021-05-05T14:28:13.864000+00:00,1.0,P
72,3439,2021-05-05T14:28:16.324000+00:00,1.0,S
73,3193,2021-05-05T14:28:13.864000+00:00,1.0,P
73,3439,2021-05-05T14:28:16.324000+00:00,1.0,S
74,3192,2021-05-05T14:28:13.854000+00:00,1.0,P
74,3439,2021-05-05T14:28:16.324000+00:00,1.0,S
75,3192,2021-05-05T14:28:13.854000+00:00,1.0,P
75,3438,2021-05-05T14:28:16.314000+00:00,1.0,S
76,3192,2021-05-05T14:28:13.854000+00:00,1.0,P
76,3438,2021-05-05T14:28:16.314000+00:00,1.0,S
77,3192,2021-05-05T14:28:13.854000+00:00,1.0,P
77,3438,2021-05-05T14:28:16.314000+00:00,1.0,S
78,3192,2021-05-05T14:28:13.854000+00:00,1.0,P
78,3438,2021-05-05T14:28:16.314000+00:00,1.0,S
79,3192,2021-05-05T14:28:13.854000+00:00,1.0,P
79,3438,2021-05-05T14:28:16.314000+00:00,1.0,S
80,3192,2021-05-05T14:28:13.854000+00:00,1.0,P
80,3438,2021-05-05T14:28:16.314000+00:00,1.0,S
81,3192,2021-05-05T14:28:13.854000+00:00,1.0,P
81,3438,2021-05-05T14:28:16.314000+00:00,1.0,S
82,3192,2021-05-05T14:28:13.854000+00:00,1.0,P
82,3438,2021-05-05T14:28:16.314000+00:00,1.0,S
83,3192,2021-05-05T14:28:13.854000+00:00,1.0,P
83,3438,2021-05-05T14:28:16.314000+00:00,1.0,S
84,3192,2021-05-05T14:28:13.854000+00:00,1.0,P
84,3437,2021-05-05T14:28:16.304000+00:00,1.0,S
85,3192,2021-05-05T14:28:13.854000+00:00,1.0,P
85,3437,2021-05-05T14:28:16.304000+00:00,1.0,S
86,3192,2021-05-05T14:28:13.854000+00:00,1.0,P
86,3437,2021-05-05T14:28:16.304000+00:00,1.0,S
87,3192,2021-05-05T14:28:13.854000+00:00,1.0,P
87,3437,2021-05-05T14:28:16.304000+00:00,1.0,S
88,3192,2021-05-05T14:28:13.854000+00:00,1.0,P
88,3437,2021-05-05T14:28:16.304000+00:00,1.0,S
89,3192,2021-05-05T14:28:13.854000+00:00,1.0,P
89,3437,2021-05-05T14:28:16.304000+00:00,1.0,S
90,3192,2021-05-05T14:28:13.854000+00:00,1.0,P
90,3437,2021-05-05T14:28:16.304000+00:00,1.0,S
91,3192,2021-05-05T14:28:13.854000+00:00,1.0,P
91,3437,2021-05-05T14:28:16.304000+00:00,1.0,S
92,3192,2021-05-05T14:28:13.854000+00:00,1.0,P
92,3437,2021-05-05T14:28:16.304000+00:00,1.0,S
93,3191,2021-05-05T14:28:13.844000+00:00,1.0,P
93,3437,2021-05-05T14:28:16.304000+00:00,1.0,S
94,3191,2021-05-05T14:28:13.844000+00:00,1.0,P
94,3437,2021-05-05T14:28:16.304000+00:00,1.0,S
95,3191,2021-05-05T14:28:13.844000+00:00,1.0,P
95,3437,2021-05-05T14:28:16.304000+00:00,1.0,S
96,3191,2021-05-05T14:28:13.844000+00:00,1.0,P
96,3437,2021-05-05T14:28:16.304000+00:00,1.0,S
97,3191,2021-05-05T14:28:13.844000+00:00,1.0,P
97,3437,2021-05-05T14:28:16.304000+00:00,1.0,S
98,3191,2021-05-05T14:28:13.844000+00:00,1.0,P
98,3437,2021-05-05T14:28:16.304000+00:00,1.0,S
99,3191,2021-05-05T14:28:13.844000+00:00,1.0,P
99,3437,2021-05-05T14:28:16.304000+00:00,1.0,S
100,3191,2021-05-05T14:28:13.844000+00:00,1.0,P
100,3437,2021-05-05T14:28:16.304000+00:00,1.0,S
101,3191,2021-05-05T14:28:13.844000+00:00,1.0,P
101,3436,2021-05-05T14:28:16.294000+00:00,1.0,S
102,3191,2021-05-05T14:28:13.844000+00:00,1.0,P
102,3436,2021-05-05T14:28:16.294000+00:00,1.0,S
103,3191,2021-05-05T14:28:13.844000+00:00,1.0,P
103,3436,2021-05-05T14:28:16.294000+00:00,1.0,S
104,3191,2021-05-05T14:28:13.844000+00:00,1.0,P
104,3436,2021-05-05T14:28:16.294000+00:00,1.0,S
105,3191,2021-05-05T14:28:13.844000+00:00,1.0,P
105,3436,2021-05-05T14:28:16.294000+00:00,1.0,S
106,3190,2021-05-05T14:28:13.834000+00:00,1.0,P
106,3436,2021-05-05T14:28:16.294000+00:00,1.0,S
107,3190,2021-05-05T14:28:13.834000+00:00,1.0,P
107,3435,2021-05-05T14:28:16.284000+00:00,1.0,S
108,3190,2021-05-05T14:28:13.834000+00:00,1.0,P
108,3435,2021-05-05T14:28:16.284000+00:00,1.0,S
109,3190,2021-05-05T14:28:13.834000+00:00,1.0,P
109,3435,2021-05-05T14:28:16.284000+00:00,1.0,S
110,3190,2021-05-05T14:28:13.834000+00:00,1.0,P
110,3435,2021-05-05T14:28:16.284000+00:00,1.0,S
111,3190,2021-05-05T14:28:13.834000+00:00,1.0,P
111,3434,2021-05-05T14:28:16.274000+00:00,1.0,S
112,3190,2021-05-05T14:28:13.834000+00:00,1.0,P
112,3434,2021-05-05T14:28:16.274000+00:00,1.0,S
113,3189,2021-05-05T14:28:13.824000+00:00,1.0,P
113,3434,2021-05-05T14:28:16.274000+00:00,1.0,S
114,3189,2021-05-05T14:28:13.824000+00:00,1.0,P
114,3434,2021-05-05T14:28:16.274000+00:00,1.0,S
115,3189,2021-05-05T14:28:13.824000+00:00,1.0,P
115,3434,2021-05-05T14:28:16.274000+00:00,1.0,S
116,3189,2021-05-05T14:28:13.824000+00:00,1.0,P
116,3433,2021-05-05T14:28:16.264000+00:00,1.0,S
117,3189,2021-05-05T14:28:13.824000+00:00,1.0,P
117,3433,2021-05-05T14:28:16.264000+00:00,1.0,S
118,3189,2021-05-05T14:28:13.824000+00:00,1.0,P
118,3433,2021-05-05T14:28:16.264000+00:00,1.0,S
119,3189,2021-05-05T14:28:13.824000+00:00,1.0,P
119,3433,2021-05-05T14:28:16.264000+00:00,1.0,S
120,3189,2021-05-05T14:28:13.824000+00:00,1.0,P
120,3433,2021-05-05T14:28:16.264000+00:00,1.0,S
121,3188,2021-05-05T14:28:13.814000+00:00,1.0,P
121,3433,2021-05-05T14:28:16.264000+00:00,1.0,S
122,3188,2021-05-05T14:28:13.814000+00:00,1.0,P
122,3432,2021-05-05T14:28:16.254000+00:00,1.0,S
123,3188,2021-05-05T14:28:13.814000+00:00,1.0,P
123,3432,2021-05-05T14:28:16.254000+00:00,1.0,S
124,3188,2021-05-05T14:28:13.814000+00:00,1.0,P
124,3432,2021-05-05T14:28:16.254000+00:00,1.0,S
125,3188,2021-05-05T14:28:13.814000+00:00,1.0,P
125,3432,2021-05-05T14:28:16.254000+00:00,1.0,S
126,3188,2021-05-05T14:28:13.814000+00:00,1.0,P
126,3432,2021-05-05T14:28:16.254000+00:00,1.0,S
127,3188,2021-05-05T14:28:13.814000+00:00,1.0,P
127,3431,2021-05-05T14:28:16.244000+00:00,1.0,S
128,3187,2021-05-05T14:28:13.804000+00:00,1.0,P
128,3431,2021-05-05T14:28:16.244000+00:00,1.0,S
129,3187,2021-05-05T14:28:13.804000+00:00,1.0,P
129,3431,2021-05-05T14:28:16.244000+00:00,1.0,S
130,3187,2021-05-05T14:28:13.804000+00:00,1.0,P
130,3431,2021-05-05T14:28:16.244000+00:00,1.0,S
131,3187,2021-05-05T14:28:13.804000+00:00,1.0,P
131,3431,2021-05-05T14:28:16.244000+00:00,1.0,S
132,3187,2021-05-05T14:28:13.804000+00:00,1.0,P
132,3430,2021-05-05T14:28:16.234000+00:00,1.0,S
133,3187,2021-05-05T14:28:13.804000+00:00,1.0,P
133,3430,2021-05-05T14:28:16.234000+00:00,1.0,S
134,3187,2021-05-05T14:28:13.804000+00:00,1.0,P
134,3430,2021-05-05T14:28:16.234000+00:00,1.0,S
135,3186,2021-05-05T14:28:13.794000+00:00,1.0,P
135,3430,2021-05-05T14:28:16.234000+00:00,1.0,S
136,3186,2021-05-05T14:28:13.794000+00:00,1.0,P
136,3430,2021-05-05T14:28:16.234000+00:00,1.0,S
137,3186,2021-05-05T14:28:13.794000+00:00,1.0,P
137,3429,2021-05-05T14:28:16.224000+00:00,1.0,S
138,3186,2021-05-05T14:28:13.794000+00:00,1.0,P
138,3429,2021-05-05T14:28:16.224000+00:00,1.0,S
139,3186,2021-05-05T14:28:13.794000+00:00,1.0,P
139,3429,2021-05-05T14:28:16.224000+00:00,1.0,S
140,3186,2021-05-05T14:28:13.794000+00:00,1.0,P
140,3429,2021-05-05T14:28:16.224000+00:00,1.0,S
141,3186,2021-05-05T14:28:13.794000+00:00,1.0,P
141,3428,2021-05-05T14:28:16.214000+00:00,1.0,S
142,3185,2021-05-05T14:28:13.784000+00:00,1.0,P
142,3428,2021-05-05T14:28:16.214000+00:00,1.0,S
143,3185,2021-05-05T14:28:13.784000+00:00,1.0,P
143,3428,2021-05-05T14:28:16.214000+00:00,1.0,S
144,3185,2021-05-05T14:28:13.784000+00:00,1.0,P
144,3428,2021-05-05T14:28:16.214000+00:00,1.0,S
145,3185,2021-05-05T14:28:13.784000+00:00,1.0,P
145,3427,2021-05-05T14:28:16.204000+00:00,1.0,S
146,3185,2021-05-05T14:28:13.784000+00:00,1.0,P
146,3427,2021-05-05T14:28:16.204000+00:00,1.0,S
147,3185,2021-05-05T14:28:13.784000+00:00,1.0,P
147,3427,2021-05-05T14:28:16.204000+00:00,1.0,S
148,3184,2021-05-05T14:28:13.774000+00:00,1.0,P
148,3427,2021-05-05T14:28:16.204000+00:00,1.0,S
149,3184,2021-05-05T14:28:13.774000+00:00,1.0,P
149,3427,2021-05-05T14:28:16.204000+00:00,1.0,S
150,3184,2021-05-05T14:28:13.774000+00:00,1.0,P
150,3426,2021-05-05T14:28:16.193999+00:00,1.0,S
151,3184,2021-05-05T14:28:13.774000+00:00,1.0,P
151,3426,2021-05-05T14:28:16.193999+00:00,1.0,S
152,3184,2021-05-05T14:28:13.774000+00:00,1.0,P
152,3426,2021-05-05T14:28:16.193999+00:00,1.0,S
153,3184,2021-05-05T14:28:13.774000+00:00,1.0,P
153,3425,2021-05-05T14:28:16.184000+00:00,1.0,S
154,3184,2021-05-05T14:28:13.774000+00:00,1.0,P
154,3425,2021-05-05T14:28:16.184000+00:00,1.0,S
155,3183,2021-05-05T14:28:13.764000+00:00,1.0,P
155,3425,2021-05-05T14:28:16.184000+00:00,1.0,S
156,3183,2021-05-05T14:28:13.764000+00:00,1.0,P
156,3425,2021-05-05T14:28:16.184000+00:00,1.0,S
157,3183,2021-05-05T14:28:13.764000+00:00,1.0,P
157,3425,2021-05-05T14:28:16.184000+00:00,1.0,S
158,3183,2021-05-05T14:28:13.764000+00:00,1.0,P
158,3424,2021-05-05T14:28:16.174000+00:00,1.0,S
159,3183,2021-05-05T14:28:13.764000+00:00,1.0,P
159,3424,2021-05-05T14:28:16.174000+00:00,1.0,S
160,3183,2021-05-05T14:28:13.764000+00:00,1.0,P
160,3424,2021-05-05T14:28:16.174000+00:00,1.0,S
161,3182,2021-05-05T14:28:13.754000+00:00,1.0,P
161,3423,2021-05-05T14:28:16.164000+00:00,1.0,S
162,3182,2021-05-05T14:28:13.754000+00:00,1.0,P
162,3423,2021-05-05T14:28:16.164000+00:00,1.0,S
163,3182,2021-05-05T14:28:13.754000+00:00,1.0,P
163,3423,2021-05-05T14:28:16.164000+00:00,1.0,S
164,3182,2021-05-05T14:28:13.754000+00:00,1.0,P
164,3423,2021-05-05T14:28:16.164000+00:00,1.0,S
165,3182,2021-05-05T14:28:13.754000+00:00,1.0,P
165,3422,2021-05-05T14:28:16.154000+00:00,1.0,S
166,3182,2021-05-05T14:28:13.754000+00:00,1.0,P
166,3422,2021-05-05T14:28:16.154000+00:00,1.0,S
167,3182,2021-05-05T14:28:13.754000+00:00,1.0,P
167,3422,2021-05-05T14:28:16.154000+00:00,1.0,S
168,3181,2021-05-05T14:28:13.744000+00:00,1.0,P
168,3421,2021-05-05T14:28:16.144000+00:00,1.0,S
169,3181,2021-05-05T14:28:13.744000+00:00,1.0,P
169,3421,2021-05-05T14:28:16.144000+00:00,1.0,S
170,3181,2021-05-05T14:28:13.744000+00:00,1.0,P
170,3421,2021-05-05T14:28:16.144000+00:00,1.0,S
171,3181,2021-05-05T14:28:13.744000+00:00,1.0,P
171,3420,2021-05-05T14:28:16.134000+00:00,1.0,S
172,3181,2021-05-05T14:28:13.744000+00:00,1.0,P
172,3420,2021-05-05T14:28:16.134000+00:00,1.0,S
173,3181,2021-05-05T14:28:13.744000+00:00,1.0,P
173,3420,2021-05-05T14:28:16.134000+00:00,1.0,S
174,3181,2021-05-05T14:28:13.744000+00:00,1.0,P
174,3420,2021-05-05T14:28:16.134000+00:00,1.0,S
175,3180,2021-05-05T14:28:13.734000+00:00,1.0,P
175,3419,2021-05-05T14:28:16.123999+00:00,1.0,S
176,3180,2021-05-05T14:28:13.734000+00:00,1.0,P
176,3419,2021-05-05T14:28:16.123999+00:00,1.0,S
177,3180,2021-05-05T14:28:13.734000+00:00,1.0,P
177,3419,2021-05-05T14:28:16.123999+00:00,1.0,S
178,3180,2021-05-05T14:28:13.734000+00:00,1.0,P
178,3418,2021-05-05T14:28:16.114000+00:00,1.0,S
179,3180,2021-05-05T14:28:13.734000+00:00,1.0,P
179,3418,2021-05-05T14:28:16.114000+00:00,1.0,S
180,3180,2021-05-05T14:28:13.734000+00:00,1.0,P
180,3418,2021-05-05T14:28:16.114000+00:00,1.0,S
181,3179,2021-05-05T14:28:13.724000+00:00,1.0,P
181,3418,2021-05-05T14:28:16.114000+00:00,1.0,S
182,3179,2021-05-05T14:28:13.724000+00:00,1.0,P
182,3417,2021-05-05T14:28:16.104000+00:00,1.0,S
183,3179,2021-05-05T14:28:13.724000+00:00,1.0,P
183,3417,2021-05-05T14:28:16.104000+00:00,1.0,S
184,3179,2021-05-05T14:28:13.724000+00:00,1.0,P
184,3417,2021-05-05T14:28:16.104000+00:00,1.0,S
185,3179,2021-05-05T14:28:13.724000+00:00,1.0,P
185,3417,2021-05-05T14:28:16.104000+00:00,1.0,S
186,3179,2021-05-05T14:28:13.724000+00:00,1.0,P
186,3416,2021-05-05T14:28:16.094000+00:00,1.0,S
187,3179,2021-05-05T14:28:13.724000+00:00,1.0,P
187,3416,2021-05-05T14:28:16.094000+00:00,1.0,S
188,3178,2021-05-05T14:28:13.714000+00:00,1.0,P
188,3416,2021-05-05T14:28:16.094000+00:00,1.0,S
189,3178,2021-05-05T14:28:13.714000+00:00,1.0,P
189,3416,2021-05-05T14:28:16.094000+00:00,1.0,S
190,3178,2021-05-05T14:28:13.714000+00:00,1.0,P
190,3415,2021-05-05T14:28:16.084000+00:00,1.0,S
191,3178,2021-05-05T14:28:13.714000+00:00,1.0,P
191,3415,2021-05-05T14:28:16.084000+00:00,1.0,S
192,3178,2021-05-05T14:28:13.714000+00:00,1.0,P
192,3415,2021-05-05T14:28:16.084000+00:00,1.0,S
193,3178,2021-05-05T14:28:13.714000+00:00,1.0,P
193,3415,2021-05-05T14:28:16.084000+00:00,1.0,S
194,3178,2021-05-05T14:28:13.714000+00:00,1.0,P
194,3414,2021-05-05T14:28:16.074000+00:00,1.0,S
195,3177,2021-05-05T14:28:13.704000+00:00,1.0,P
195,3414,2021-05-05T14:28:16.074000+00:00,1.0,S
196,3177,2021-05-05T14:28:13.704000+00:00,1.0,P
196,3414,2021-05-05T14:28:16.074000+00:00,1.0,S
197,3177,2021-05-05T14:28:13.704000+00:00,1.0,P
197,3413,2021-05-05T14:28:16.064000+00:00,1.0,S
198,3177,2021-05-05T14:28:13.704000+00:00,1.0,P
198,3413,2021-05-05T14:28:16.064000+00:00,1.0,S
199,3177,2021-05-05T14:28:13.704000+00:00,1.0,P
199,3413,2021-05-05T14:28:16.064000+00:00,1.0,S
200,3177,2021-05-05T14:28:13.704000+00:00,1.0,P
200,3413,2021-05-05T14:28:16.064000+00:00,1.0,S
201,3177,2021-05-05T14:28:13.704000+00:00,1.0,P
201,3412,2021-05-05T14:28:16.053999+00:00,1.0,S
202,3177,2021-05-05T14:28:13.704000+00:00,1.0,P
202,3412,2021-05-05T14:28:16.053999+00:00,1.0,S
203,3176,2021-05-05T14:28:13.694000+00:00,1.0,P
203,3412,2021-05-05T14:28:16.053999+00:00,1.0,S
204,3176,2021-05-05T14:28:13.694000+00:00,1.0,P
204,3411,2021-05-05T14:28:16.044000+00:00,1.0,S
205,3176,2021-05-05T14:28:13.694000+00:00,1.0,P
205,3411,2021-05-05T14:28:16.044000+00:00,1.0,S
206,3176,2021-05-05T14:28:13.694000+00:00,1.0,P
206,3411,2021-05-05T14:28:16.044000+00:00,1.0,S
207,3176,2021-05-05T14:28:13.694000+00:00,1.0,P
207,3411,2021-05-05T14:28:16.044000+00:00,1.0,S
208,3176,2021-05-05T14:28:13.694000+00:00,1.0,P
208,3410,2021-05-05T14:28:16.034000+00:00,1.0,S
209,3176,2021-05-05T14:28:13.694000+00:00,1.0,P
209,3410,2021-05-05T14:28:16.034000+00:00,1.0,S
210,3175,2021-05-05T14:28:13.684000+00:00,1.0,P
210,3410,2021-05-05T14:28:16.034000+00:00,1.0,S
211,3175,2021-05-05T14:28:13.684000+00:00,1.0,P
211,3409,2021-05-05T14:28:16.024000+00:00,1.0,S
212,3175,2021-05-05T14:28:13.684000+00:00,1.0,P
212,3409,2021-05-05T14:28:16.024000+00:00,1.0,S
213,3175,2021-05-05T14:28:13.684000+00:00,1.0,P
213,3409,2021-05-05T14:28:16.024000+00:00,1.0,S
214,3175,2021-05-05T14:28:13.684000+00:00,1.0,P
214,3408,2021-05-05T14:28:16.014000+00:00,1.0,S
215,3175,2021-05-05T14:28:13.684000+00:00,1.0,P
215,3408,2021-05-05T14:28:16.014000+00:00,1.0,S
216,3175,2021-05-05T14:28:13.684000+00:00,1.0,P
216,3408,2021-05-05T14:28:16.014000+00:00,1.0,S
217,3175,2021-05-05T14:28:13.684000+00:00,1.0,P
217,3408,2021-05-05T14:28:16.014000+00:00,1.0,S
218,3174,2021-05-05T14:28:13.674000+00:00,1.0,P
218,3407,2021-05-05T14:28:16.004000+00:00,1.0,S
219,3174,2021-05-05T14:28:13.674000+00:00,1.0,P
219,3407,2021-05-05T14:28:16.004000+00:00,1.0,S
220,3174,2021-05-05T14:28:13.674000+00:00,1.0,P
220,3407,2021-05-05T14:28:16.004000+00:00,1.0,S
221,3174,2021-05-05T14:28:13.674000+00:00,1.0,P
221,3407,2021-05-05T14:28:16.004000+00:00,1.0,S
222,3174,2021-05-05T14:28:13.674000+00:00,1.0,P
222,3406,2021-05-05T14:28:15.994000+00:00,1.0,S
223,3174,2021-05-05T14:28:13.674000+00:00,1.0,P
223,3406,2021-05-05T14:28:15.994000+00:00,1.0,S
224,3174,2021-05-05T14:28:13.674000+00:00,1.0,P
224,3406,2021-05-05T14:28:15.994000+00:00,1.0,S
225,3173,2021-05-05T14:28:13.664000+00:00,1.0,P
225,3406,2021-05-05T14:28:15.994000+00:00,1.0,S
226,3173,2021-05-05T14:28:13.664000+00:00,1.0,P
226,3405,2021-05-05T14:28:15.983999+00:00,1.0,S
227,3173,2021-05-05T14:28:13.664000+00:00,1.0,P
227,3405,2021-05-05T14:28:15.983999+00:00,1.0,S
228,3173,2021-05-05T14:28:13.664000+00:00,1.0,P
228,3405,2021-05-05T14:28:15.983999+00:00,1.0,S
229,3173,2021-05-05T14:28:13.664000+00:00,1.0,P
229,3405,2021-05-05T14:28:15.983999+00:00,1.0,S
230,3173,2021-05-05T14:28:13.664000+00:00,1.0,P
230,3404,2021-05-05T14:28:15.974000+00:00,1.0,S
231,3173,2021-05-05T14:28:13.664000+00:00,1.0,P
231,3404,2021-05-05T14:28:15.974000+00:00,1.0,S
232,3173,2021-05-05T14:28:13.664000+00:00,1.0,P
232,3404,2021-05-05T14:28:15.974000+00:00,1.0,S
233,3172,2021-05-05T14:28:13.654000+00:00,1.0,P
233,3404,2021-05-05T14:28:15.974000+00:00,1.0,S
234,3172,2021-05-05T14:28:13.654000+00:00,1.0,P
234,3403,2021-05-05T14:28:15.964000+00:00,1.0,S
235,3172,2021-05-05T14:28:13.654000+00:00,1.0,P
235,3403,2021-05-05T14:28:15.964000+00:00,1.0,S
236,3172,2021-05-05T14:28:13.654000+00:00,1.0,P
236,3403,2021-05-05T14:28:15.964000+00:00,1.0,S
237,3172,2021-05-05T14:28:13.654000+00:00,1.0,P
237,3403,2021-05-05T14:28:15.964000+00:00,1.0,S
238,3172,2021-05-05T14:28:13.654000+00:00,1.0,P
238,3403,2021-05-05T14:28:15.964000+00:00,1.0,S
239,3172,2021-05-05T14:28:13.654000+00:00,1.0,P
239,3402,2021-05-05T14:28:15.954000+00:00,1.0,S
240,3172,2021-05-05T14:28:13.654000+00:00,1.0,P
240,3402,2021-05-05T14:28:15.954000+00:00,1.0,S
241,3171,2021-05-05T14:28:13.644000+00:00,1.0,P
241,3402,2021-05-05T14:28:15.954000+00:00,1.0,S
242,3171,2021-05-05T14:28:13.644000+00:00,1.0,P
242,3401,2021-05-05T14:28:15.943999+00:00,1.0,S
243,3171,2021-05-05T14:28:13.644000+00:00,1.0,P
243,3401,2021-05-05T14:28:15.943999+00:00,1.0,S
244,3171,2021-05-05T14:28:13.644000+00:00,1.0,P
244,3401,2021-05-05T14:28:15.943999+00:00,1.0,S
245,3171,2021-05-05T14:28:13.644000+00:00,1.0,P
245,3401,2021-05-05T14:28:15.943999+00:00,1.0,S
246,3171,2021-05-05T14:28:13.644000+00:00,1.0,P
246,3400,2021-05-05T14:28:15.934000+00:00,1.0,S
247,3171,2021-05-05T14:28:13.644000+00:00,1.0,P
247,3400,2021-05-05T14:28:15.934000+00:00,1.0,S
248,3170,2021-05-05T14:28:13.634000+00:00,1.0,P
248,3400,2021-05-05T14:28:15.934000+00:00,1.0,S
249,3170,2021-05-05T14:28:13.634000+00:00,1.0,P
249,3400,2021-05-05T14:28:15.934000+00:00,1.0,S
250,3170,2021-05-05T14:28:13.634000+00:00,1.0,P
250,3399,2021-05-05T14:28:15.924000+00:00,1.0,S
251,3170,2021-05-05T14:28:13.634000+00:00,1.0,P
251,3399,2021-05-05T14:28:15.924000+00:00,1.0,S
252,3170,2021-05-05T14:28:13.634000+00:00,1.0,P
252,3399,2021-05-05T14:28:15.924000+00:00,1.0,S
253,3170,2021-05-05T14:28:13.634000+00:00,1.0,P
253,3399,2021-05-05T14:28:15.924000+00:00,1.0,S
254,3170,2021-05-05T14:28:13.634000+00:00,1.0,P
254,3398,2021-05-05T14:28:15.914000+00:00,1.0,S
255,3170,2021-05-05T14:28:13.634000+00:00,1.0,P
255,3398,2021-05-05T14:28:15.914000+00:00,1.0,S
256,3169,2021-05-05T14:28:13.624000+00:00,1.0,P
256,3398,2021-05-05T14:28:15.914000+00:00,1.0,S
257,3169,2021-05-05T14:28:13.624000+00:00,1.0,P
257,3397,2021-05-05T14:28:15.904000+00:00,1.0,S
258,3169,2021-05-05T14:28:13.624000+00:00,1.0,P
258,3397,2021-05-05T14:28:15.904000+00:00,1.0,S
259,3169,2021-05-05T14:28:13.624000+00:00,1.0,P
259,3397,2021-05-05T14:28:15.904000+00:00,1.0,S
260,3169,2021-05-05T14:28:13.624000+00:00,1.0,P
260,3397,2021-05-05T14:28:15.904000+00:00,1.0,S
261,3169,2021-05-05T14:28:13.624000+00:00,1.0,P
261,3396,2021-05-05T14:28:15.894000+00:00,1.0,S
262,3169,2021-05-05T14:28:13.624000+00:00,1.0,P
262,3396,2021-05-05T14:28:15.894000+00:00,1.0,S
263,3169,2021-05-05T14:28:13.624000+00:00,1.0,P
263,3396,2021-05-05T14:28:15.894000+00:00,1.0,S
264,3168,2021-05-05T14:28:13.614000+00:00,1.0,P
264,3396,2021-05-05T14:28:15.894000+00:00,1.0,S
265,3168,2021-05-05T14:28:13.614000+00:00,1.0,P
265,3396,2021-05-05T14:28:15.894000+00:00,1.0,S
266,3168,2021-05-05T14:28:13.614000+00:00,1.0,P
266,3395,2021-05-05T14:28:15.884000+00:00,1.0,S
267,3168,2021-05-05T14:28:13.614000+00:00,1.0,P
267,3395,2021-05-05T14:28:15.884000+00:00,1.0,S
268,3168,2021-05-05T14:28:13.614000+00:00,1.0,P
268,3395,2021-05-05T14:28:15.884000+00:00,1.0,S
269,3168,2021-05-05T14:28:13.614000+00:00,1.0,P
269,3395,2021-05-05T14:28:15.884000+00:00,1.0,S
270,3168,2021-05-05T14:28:13.614000+00:00,1.0,P
270,3395,2021-05-05T14:28:15.884000+00:00,1.0,S
271,3168,2021-05-05T14:28:13.614000+00:00,1.0,P
271,3394,2021-05-05T14:28:15.873999+00:00,1.0,S
272,3167,2021-05-05T14:28:13.604000+00:00,1.0,P
272,3394,2021-05-05T14:28:15.873999+00:00,1.0,S
273,3167,2021-05-05T14:28:13.604000+00:00,1.0,P
273,3394,2021-05-05T14:28:15.873999+00:00,1.0,S
274,3167,2021-05-05T14:28:13.604000+00:00,1.0,P
274,3394,2021-05-05T14:28:15.873999+00:00,1.0,S
275,3167,2021-05-05T14:28:13.604000+00:00,1.0,P
275,3394,2021-05-05T14:28:15.873999+00:00,1.0,S
276,3167,2021-05-05T14:28:13.604000+00:00,1.0,P
276,3393,2021-05-05T14:28:15.864000+00:00,1.0,S
277,3167,2021-05-05T14:28:13.604000+00:00,1.0,P
277,3393,2021-05-05T14:28:15.864000+00:00,1.0,S
278,3167,2021-05-05T14:28:13.604000+00:00,1.0,P
278,3393,2021-05-05T14:28:15.864000+00:00,1.0,S
279,3167,2021-05-05T14:28:13.604000+00:00,1.0,P
279,3393,2021-05-05T14:28:15.864000+00:00,1.0,S
280,3167,2021-05-05T14:28:13.604000+00:00,1.0,P
280,3392,2021-05-05T14:28:15.854000+00:00,1.0,S
281,3166,2021-05-05T14:28:13.594000+00:00,1.0,P
281,3392,2021-05-05T14:28:15.854000+00:00,1.0,S
282,3166,2021-05-05T14:28:13.594000+00:00,1.0,P
282,3392,2021-05-05T14:28:15.854000+00:00,1.0,S
283,3166,2021-05-05T14:28:13.594000+00:00,1.0,P
283,3392,2021-05-05T14:28:15.854000+00:00,1.0,S
284,3166,2021-05-05T14:28:13.594000+00:00,1.0,P
284,3391,2021-05-05T14:28:15.844000+00:00,1.0,S
285,3166,2021-05-05T14:28:13.594000+00:00,1.0,P
285,3391,2021-05-05T14:28:15.844000+00:00,1.0,S
286,3166,2021-05-05T14:28:13.594000+00:00,1.0,P
286,3391,2021-05-05T14:28:15.844000+00:00,1.0,S
287,3166,2021-05-05T14:28:13.594000+00:00,1.0,P
287,3391,2021-05-05T14:28:15.844000+00:00,1.0,S
288,3166,2021-05-05T14:28:13.594000+00:00,1.0,P
288,3390,2021-05-05T14:28:15.834000+00:00,1.0,S
289,3166,2021-05-05T14:28:13.594000+00:00,1.0,P
289,3390,2021-05-05T14:28:15.834000+00:00,1.0,S
290,3165,2021-05-05T14:28:13.584000+00:00,1.0,P
290,3390,2021-05-05T14:28:15.834000+00:00,1.0,S
291,3165,2021-05-05T14:28:13.584000+00:00,1.0,P
291,3390,2021-05-05T14:28:15.834000+00:00,1.0,S
292,3165,2021-05-05T14:28:13.584000+00:00,1.0,P
292,3390,2021-05-05T14:28:15.834000+00:00,1.0,S
293,3165,2021-05-05T14:28:13.584000+00:00,1.0,P
293,3389,2021-05-05T14:28:15.824000+00:00,1.0,S
294,3165,2021-05-05T14:28:13.584000+00:00,1.0,P
294,3389,2021-05-05T14:28:15.824000+00:00,1.0,S
295,3165,2021-05-05T14:28:13.584000+00:00,1.0,P
295,3389,2021-05-05T14:28:15.824000+00:00,1.0,S
296,3165,2021-05-05T14:28:13.584000+00:00,1.0,P
296,3389,2021-05-05T14:28:15.824000+00:00,1.0,S
297,3165,2021-05-05T14:28:13.584000+00:00,1.0,P
297,3388,2021-05-05T14:28:15.814000+00:00,1.0,S
298,3165,2021-05-05T14:28:13.584000+00:00,1.0,P
298,3388,2021-05-05T14:28:15.814000+00:00,1.0,S
299,3164,2021-05-05T14:28:13.574000+00:00,1.0,P
299,3388,2021-05-05T14:28:15.814000+00:00,1.0,S
300,3164,2021-05-05T14:28:13.574000+00:00,1.0,P
300,3388,2021-05-05T14:28:15.814000+00:00,1.0,S
301,3164,2021-05-05T14:28:13.574000+00:00,1.0,P
301,3388,2021-05-05T14:28:15.814000+00:00,1.0,S
302,3164,2021-05-05T14:28:13.574000+00:00,1.0,P
302,3387,2021-05-05T14:28:15.803999+00:00,1.0,S
303,3164,2021-05-05T14:28:13.574000+00:00,1.0,P
303,3387,2021-05-05T14:28:15.803999+00:00,1.0,S
304,3164,2021-05-05T14:28:13.574000+00:00,1.0,P
304,3387,2021-05-05T14:28:15.803999+00:00,1.0,S
305,3164,2021-05-05T14:28:13.574000+00:00,1.0,P
305,3387,2021-05-05T14:28:15.803999+00:00,1.0,S
306,3164,2021-05-05T14:28:13.574000+00:00,1.0,P
306,3387,2021-05-05T14:28:15.803999+00:00,1.0,S
307,3164,2021-05-05T14:28:13.574000+00:00,1.0,P
307,3387,2021-05-05T14:28:15.803999+00:00,1.0,S
308,3163,2021-05-05T14:28:13.564000+00:00,1.0,P
308,3386,2021-05-05T14:28:15.794000+00:00,1.0,S
309,3163,2021-05-05T14:28:13.564000+00:00,1.0,P
309,3386,2021-05-05T14:28:15.794000+00:00,1.0,S
310,3163,2021-05-05T14:28:13.564000+00:00,1.0,P
310,3386,2021-05-05T14:28:15.794000+00:00,1.0,S
311,3163,2021-05-05T14:28:13.564000+00:00,1.0,P
311,3386,2021-05-05T14:28:15.794000+00:00,1.0,S
312,3163,2021-05-05T14:28:13.564000+00:00,1.0,P
312,3386,2021-05-05T14:28:15.794000+00:00,1.0,S
313,3163,2021-05-05T14:28:13.564000+00:00,1.0,P
313,3386,2021-05-05T14:28:15.794000+00:00,1.0,S
314,3163,2021-05-05T14:28:13.564000+00:00,1.0,P
314,3385,2021-05-05T14:28:15.784000+00:00,1.0,S
315,3163,2021-05-05T14:28:13.564000+00:00,1.0,P
315,3385,2021-05-05T14:28:15.784000+00:00,1.0,S
316,3163,2021-05-05T14:28:13.564000+00:00,1.0,P
316,3385,2021-05-05T14:28:15.784000+00:00,1.0,S
317,3163,2021-05-05T14:28:13.564000+00:00,1.0,P
317,3385,2021-05-05T14:28:15.784000+00:00,1.0,S
318,3162,2021-05-05T14:28:13.554000+00:00,1.0,P
318,3385,2021-05-05T14:28:15.784000+00:00,1.0,S
319,3162,2021-05-05T14:28:13.554000+00:00,1.0,P
319,3385,2021-05-05T14:28:15.784000+00:00,1.0,S
320,3162,2021-05-05T14:28:13.554000+00:00,1.0,P
320,3384,2021-05-05T14:28:15.774000+00:00,1.0,S
321,3162,2021-05-05T14:28:13.554000+00:00,1.0,P
321,3384,2021-05-05T14:28:15.774000+00:00,1.0,S
322,3162,2021-05-05T14:28:13.554000+00:00,1.0,P
322,3384,2021-05-05T14:28:15.774000+00:00,1.0,S
323,3162,2021-05-05T14:28:13.554000+00:00,1.0,P
323,3384,2021-05-05T14:28:15.774000+00:00,1.0,S
324,3162,2021-05-05T14:28:13.554000+00:00,1.0,P
324,3384,2021-05-05T14:28:15.774000+00:00,1.0,S
325,3162,2021-05-05T14:28:13.554000+00:00,1.0,P
325,3384,2021-05-05T14:28:15.774000+00:00,1.0,S
326,3162,2021-05-05T14:28:13.554000+00:00,1.0,P
326,3383,2021-05-05T14:28:15.764000+00:00,1.0,S
327,3162,2021-05-05T14:28:13.554000+00:00,1.0,P
327,3383,2021-05-05T14:28:15.764000+00:00,1.0,S
328,3162,2021-05-05T14:28:13.554000+00:00,1.0,P
328,3383,2021-05-05T14:28:15.764000+00:00,1.0,S
329,3162,2021-05-05T14:28:13.554000+00:00,1.0,P
329,3383,2021-05-05T14:28:15.764000+00:00,1.0,S
330,3161,2021-05-05T14:28:13.544000+00:00,1.0,P
330,3383,2021-05-05T14:28:15.764000+00:00,1.0,S
331,3161,2021-05-05T14:28:13.544000+00:00,1.0,P
331,3383,2021-05-05T14:28:15.764000+00:00,1.0,S
332,3161,2021-05-05T14:28:13.544000+00:00,1.0,P
332,3382,2021-05-05T14:28:15.754000+00:00,1.0,S
333,3161,2021-05-05T14:28:13.544000+00:00,1.0,P
333,3382,2021-05-05T14:28:15.754000+00:00,1.0,S
334,3161,2021-05-05T14:28:13.544000+00:00,1.0,P
334,3382,2021-05-05T14:28:15.754000+00:00,1.0,S
335,3161,2021-05-05T14:28:13.544000+00:00,1.0,P
335,3382,2021-05-05T14:28:15.754000+00:00,1.0,S
336,3161,2021-05-05T14:28:13.544000+00:00,1.0,P
336,3382,2021-05-05T14:28:15.754000+00:00,1.0,S
337,3161,2021-05-05T14:28:13.544000+00:00,1.0,P
337,3382,2021-05-05T14:28:15.754000+00:00,1.0,S
338,3161,2021-05-05T14:28:13.544000+00:00,1.0,P
338,3381,2021-05-05T14:28:15.744000+00:00,1.0,S
339,3161,2021-05-05T14:28:13.544000+00:00,1.0,P
339,3381,2021-05-05T14:28:15.744000+00:00,1.0,S
340,3161,2021-05-05T14:28:13.544000+00:00,1.0,P
340,3381,2021-05-05T14:28:15.744000+00:00,1.0,S
341,3161,2021-05-05T14:28:13.544000+00:00,1.0,P
341,3381,2021-05-05T14:28:15.744000+00:00,1.0,S
342,3161,2021-05-05T14:28:13.544000+00:00,1.0,P
342,3381,2021-05-05T14:28:15.744000+00:00,1.0,S
343,3160,2021-05-05T14:28:13.534000+00:00,1.0,P
343,3381,2021-05-05T14:28:15.744000+00:00,1.0,S
344,3160,2021-05-05T14:28:13.534000+00:00,1.0,P
344,3380,2021-05-05T14:28:15.733999+00:00,1.0,S
345,3160,2021-05-05T14:28:13.534000+00:00,1.0,P
345,3380,2021-05-05T14:28:15.733999+00:00,1.0,S
346,3160,2021-05-05T14:28:13.534000+00:00,1.0,P
346,3380,2021-05-05T14:28:15.733999+00:00,1.0,S
347,3160,2021-05-05T14:28:13.534000+00:00,1.0,P
347,3380,2021-05-05T14:28:15.733999+00:00,1.0,S
348,3160,2021-05-05T14:28:13.534000+00:00,1.0,P
348,3380,2021-05-05T14:28:15.733999+00:00,1.0,S
349,3160,2021-05-05T14:28:13.534000+00:00,1.0,P
349,3380,2021-05-05T14:28:15.733999+00:00,1.0,S
350,3160,2021-05-05T14:28:13.534000+00:00,1.0,P
350,3380,2021-05-05T14:28:15.733999+00:00,1.0,S
351,3160,2021-05-05T14:28:13.534000+00:00,1.0,P
351,3379,2021-05-05T14:28:15.724000+00:00,1.0,S
352,3160,2021-05-05T14:28:13.534000+00:00,1.0,P
352,3379,2021-05-05T14:28:15.724000+00:00,1.0,S
353,3160,2021-05-05T14:28:13.534000+00:00,1.0,P
353,3379,2021-05-05T14:28:15.724000+00:00,1.0,S
354,3160,2021-05-05T14:28:13.534000+00:00,1.0,P
354,3379,2021-05-05T14:28:15.724000+00:00,1.0,S
355,3160,2021-05-05T14:28:13.534000+00:00,1.0,P
355,3379,2021-05-05T14:28:15.724000+00:00,1.0,S
356,3159,2021-05-05T14:28:13.524000+00:00,1.0,P
356,3379,2021-05-05T14:28:15.724000+00:00,1.0,S
357,3159,2021-05-05T14:28:13.524000+00:00,1.0,P
357,3379,2021-05-05T14:28:15.724000+00:00,1.0,S
358,3159,2021-05-05T14:28:13.524000+00:00,1.0,P
358,3378,2021-05-05T14:28:15.714000+00:00,1.0,S
359,3159,2021-05-05T14:28:13.524000+00:00,1.0,P
359,3378,2021-05-05T14:28:15.714000+00:00,1.0,S
360,3159,2021-05-05T14:28:13.524000+00:00,1.0,P
360,3378,2021-05-05T14:28:15.714000+00:00,1.0,S
361,3159,2021-05-05T14:28:13.524000+00:00,1.0,P
361,3378,2021-05-05T14:28:15.714000+00:00,1.0,S
362,3159,2021-05-05T14:28:13.524000+00:00,1.0,P
362,3378,2021-05-05T14:28:15.714000+00:00,1.0,S
363,3159,2021-05-05T14:28:13.524000+00:00,1.0,P
363,3378,2021-05-05T14:28:15.714000+00:00,1.0,S
364,3159,2021-05-05T14:28:13.524000+00:00,1.0,P
364,3378,2021-05-05T14:28:15.714000+00:00,1.0,S
365,3159,2021-05-05T14:28:13.524000+00:00,1.0,P
365,3378,2021-05-05T14:28:15.714000+00:00,1.0,S
366,3159,2021-05-05T14:28:13.524000+00:00,1.0,P
366,3378,2021-05-05T14:28:15.714000+00:00,1.0,S
367,3158,2021-05-05T14:28:13.514000+00:00,1.0,P
367,3378,2021-05-05T14:28:15.714000+00:00,1.0,S
368,3158,2021-05-05T14:28:13.514000+00:00,1.0,P
368,3378,2021-05-05T14:28:15.714000+00:00,1.0,S
369,3158,2021-05-05T14:28:13.514000+00:00,1.0,P
369,3377,2021-05-05T14:28:15.704000+00:00,1.0,S
370,3158,2021-05-05T14:28:13.514000+00:00,1.0,P
370,3377,2021-05-05T14:28:15.704000+00:00,1.0,S
371,3158,2021-05-05T14:28:13.514000+00:00,1.0,P
371,3377,2021-05-05T14:28:15.704000+00:00,1.0,S
372,3158,2021-05-05T14:28:13.514000+00:00,1.0,P
372,3377,2021-05-05T14:28:15.704000+00:00,1.0,S
373,3158,2021-05-05T14:28:13.514000+00:00,1.0,P
373,3377,2021-05-05T14:28:15.704000+00:00,1.0,S
374,3158,2021-05-05T14:28:13.514000+00:00,1.0,P
374,3377,2021-05-05T14:28:15.704000+00:00,1.0,S
375,3158,2021-05-05T14:28:13.514000+00:00,1.0,P
375,3377,2021-05-05T14:28:15.704000+00:00,1.0,S
376,3158,2021-05-05T14:28:13.514000+00:00,1.0,P
376,3377,2021-05-05T14:28:15.704000+00:00,1.0,S
377,3157,2021-05-05T14:28:13.504000+00:00,1.0,P
377,3377,2021-05-05T14:28:15.704000+00:00,1.0,S
378,3157,2021-05-05T14:28:13.504000+00:00,1.0,P
378,3377,2021-05-05T14:28:15.704000+00:00,1.0,S
379,3157,2021-05-05T14:28:13.504000+00:00,1.0,P
379,3377,2021-05-05T14:28:15.704000+00:00,1.0,S
380,3157,2021-05-05T14:28:13.504000+00:00,1.0,P
380,3377,2021-05-05T14:28:15.704000+00:00,1.0,S
381,3157,2021-05-05T14:28:13.504000+00:00,1.0,P
381,3377,2021-05-05T14:28:15.704000+00:00,1.0,S
382,3157,2021-05-05T14:28:13.504000+00:00,1.0,P
382,3376,2021-05-05T14:28:15.693999+00:00,1.0,S
383,3157,2021-05-05T14:28:13.504000+00:00,1.0,P
383,3376,2021-05-05T14:28:15.693999+00:00,1.0,S
384,3157,2021-05-05T14:28:13.504000+00:00,1.0,P
384,3376,2021-05-05T14:28:15.693999+00:00,1.0,S
385,3157,2021-05-05T14:28:13.504000+00:00,1.0,P
385,3376,2021-05-05T14:28:15.693999+00:00,1.0,S
386,3157,2021-05-05T14:28:13.504000+00:00,1.0,P
386,3376,2021-05-05T14:28:15.693999+00:00,1.0,S
387,3157,2021-05-05T14:28:13.504000+00:00,1.0,P
387,3376,2021-05-05T14:28:15.693999+00:00,1.0,S
388,3156,2021-05-05T14:28:13.494000+00:00,1.0,P
388,3376,2021-05-05T14:28:15.693999+00:00,1.0,S
389,3156,2021-05-05T14:28:13.494000+00:00,1.0,P
389,3376,2021-05-05T14:28:15.693999+00:00,1.0,S
390,3156,2021-05-05T14:28:13.494000+00:00,1.0,P
390,3376,2021-05-05T14:28:15.693999+00:00,1.0,S
391,3156,2021-05-05T14:28:13.494000+00:00,1.0,P
391,3376,2021-05-05T14:28:15.693999+00:00,1.0,S
392,3156,2021-05-05T14:28:13.494000+00:00,1.0,P
392,3376,2021-05-05T14:28:15.693999+00:00,1.0,S
393,3156,2021-05-05T14:28:13.494000+00:00,1.0,P
393,3376,2021-05-05T14:28:15.693999+00:00,1.0,S
394,3156,2021-05-05T14:28:13.494000+00:00,1.0,P
394,3376,2021-05-05T14:28:15.693999+00:00,1.0,S
395,3156,2021-05-05T14:28:13.494000+00:00,1.0,P
395,3376,2021-05-05T14:28:15.693999+00:00,1.0,S
396,3156,2021-05-05T14:28:13.494000+00:00,1.0,P
396,3376,2021-05-05T14:28:15.693999+00:00,1.0,S
397,3156,2021-05-05T14:28:13.494000+00:00,1.0,P
397,3376,2021-05-05T14:28:15.693999+00:00,1.0,S
398,3156,2021-05-05T14:28:13.494000+00:00,1.0,P
398,3376,2021-05-05T14:28:15.693999+00:00,1.0,S
399,3156,2021-05-05T14:28:13.494000+00:00,1.0,P
399,3376,2021-05-05T14:28:15.693999+00:00,1.0,S
400,3155,2021-05-05T14:28:13.484000+00:00,1.0,P
400,3375,2021-05-05T14:28:15.684000+00:00,1.0,S
401,3155,2021-05-05T14:28:13.484000+00:00,1.0,P
401,3375,2021-05-05T14:28:15.684000+00:00,1.0,S
402,3155,2021-05-05T14:28:13.484000+00:00,1.0,P
402,3375,2021-05-05T14:28:15.684000+00:00,1.0,S
403,3155,2021-05-05T14:28:13.484000+00:00,1.0,P
403,3375,2021-05-05T14:28:15.684000+00:00,1.0,S
404,3155,2021-05-05T14:28:13.484000+00:00,1.0,P
404,3375,2021-05-05T14:28:15.684000+00:00,1.0,S
405,3155,2021-05-05T14:28:13.484000+00:00,1.0,P
405,3375,2021-05-05T14:28:15.684000+00:00,1.0,S
406,3155,2021-05-05T14:28:13.484000+00:00,1.0,P
406,3375,2021-05-05T14:28:15.684000+00:00,1.0,S
407,3155,2021-05-05T14:28:13.484000+00:00,1.0,P
407,3375,2021-05-05T14:28:15.684000+00:00,1.0,S
408,3155,2021-05-05T14:28:13.484000+00:00,1.0,P
408,3375,2021-05-05T14:28:15.684000+00:00,1.0,S
409,3155,2021-05-05T14:28:13.484000+00:00,1.0,P
409,3375,2021-05-05T14:28:15.684000+00:00,1.0,S
410,3155,2021-05-05T14:28:13.484000+00:00,1.0,P
410,3375,2021-05-05T14:28:15.684000+00:00,1.0,S
411,3155,2021-05-05T14:28:13.484000+00:00,1.0,P
411,3375,2021-05-05T14:28:15.684000+00:00,1.0,S
412,3154,2021-05-05T14:28:13.474000+00:00,1.0,P
412,3375,2021-05-05T14:28:15.684000+00:00,1.0,S
413,3154,2021-05-05T14:28:13.474000+00:00,1.0,P
413,3375,2021-05-05T14:28:15.684000+00:00,1.0,S
414,3154,2021-05-05T14:28:13.474000+00:00,1.0,P
414,3375,2021-05-05T14:28:15.684000+00:00,1.0,S
415,3154,2021-05-05T14:28:13.474000+00:00,1.0,P
415,3375,2021-05-05T14:28:15.684000+00:00,1.0,S
416,3154,2021-05-05T14:28:13.474000+00:00,1.0,P
416,3375,2021-05-05T14:28:15.684000+00:00,1.0,S
417,3154,2021-05-05T14:28:13.474000+00:00,1.0,P
417,3375,2021-05-05T14:28:15.684000+00:00,1.0,S
418,3154,2021-05-05T14:28:13.474000+00:00,1.0,P
418,3375,2021-05-05T14:28:15.684000+00:00,1.0,S
419,3154,2021-05-05T14:28:13.474000+00:00,1.0,P
419,3375,2021-05-05T14:28:15.684000+00:00,1.0,S
420,3154,2021-05-05T14:28:13.474000+00:00,1.0,P
420,3375,2021-05-05T14:28:15.684000+00:00,1.0,S
421,3154,2021-05-05T14:28:13.474000+00:00,1.0,P
421,3375,2021-05-05T14:28:15.684000+00:00,1.0,S
422,3154,2021-05-05T14:28:13.474000+00:00,1.0,P
422,3375,2021-05-05T14:28:15.684000+00:00,1.0,S
423,3153,2021-05-05T14:28:13.464000+00:00,1.0,P
423,3375,2021-05-05T14:28:15.684000+00:00,1.0,S
424,3153,2021-05-05T14:28:13.464000+00:00,1.0,P
424,3375,2021-05-05T14:28:15.684000+00:00,1.0,S
425,3153,2021-05-05T14:28:13.464000+00:00,1.0,P
425,3375,2021-05-05T14:28:15.684000+00:00,1.0,S
426,3153,2021-05-05T14:28:13.464000+00:00,1.0,P
426,3375,2021-05-05T14:28:15.684000+00:00,1.0,S
427,3153,2021-05-05T14:28:13.464000+00:00,1.0,P
427,3375,2021-05-05T14:28:15.684000+00:00,1.0,S
428,3153,2021-05-05T14:28:13.464000+00:00,1.0,P
428,3375,2021-05-05T14:28:15.684000+00:00,1.0,S
429,3153,2021-05-05T14:28:13.464000+00:00,1.0,P
429,3375,2021-05-05T14:28:15.684000+00:00,1.0,S
430,3153,2021-05-05T14:28:13.464000+00:00,1.0,P
430,3375,2021-05-05T14:28:15.684000+00:00,1.0,S
431,3153,2021-05-05T14:28:13.464000+00:00,1.0,P
431,3375,2021-05-05T14:28:15.684000+00:00,1.0,S
432,3153,2021-05-05T14:28:13.464000+00:00,1.0,P
432,3375,2021-05-05T14:28:15.684000+00:00,1.0,S
433,3153,2021-05-05T14:28:13.464000+00:00,1.0,P
433,3374,2021-05-05T14:28:15.674000+00:00,1.0,S
434,3152,2021-05-05T14:28:13.454000+00:00,1.0,P
434,3374,2021-05-05T14:28:15.674000+00:00,1.0,S
435,3152,2021-05-05T14:28:13.454000+00:00,1.0,P
435,3374,2021-05-05T14:28:15.674000+00:00,1.0,S
436,3152,2021-05-05T14:28:13.454000+00:00,1.0,P
436,3374,2021-05-05T14:28:15.674000+00:00,1.0,S
437,3152,2021-05-05T14:28:13.454000+00:00,1.0,P
437,3374,2021-05-05T14:28:15.674000+00:00,1.0,S
438,3152,2021-05-05T14:28:13.454000+00:00,1.0,P
438,3374,2021-05-05T14:28:15.674000+00:00,1.0,S
439,3152,2021-05-05T14:28:13.454000+00:00,1.0,P
439,3374,2021-05-05T14:28:15.674000+00:00,1.0,S
440,3152,2021-05-05T14:28:13.454000+00:00,1.0,P
440,3374,2021-05-05T14:28:15.674000+00:00,1.0,S
441,3152,2021-05-05T14:28:13.454000+00:00,1.0,P
441,3374,2021-05-05T14:28:15.674000+00:00,1.0,S
442,3152,2021-05-05T14:28:13.454000+00:00,1.0,P
442,3374,2021-05-05T14:28:15.674000+00:00,1.0,S
443,3152,2021-05-05T14:28:13.454000+00:00,1.0,P
443,3373,2021-05-05T14:28:15.664000+00:00,1.0,S
444,3151,2021-05-05T14:28:13.444000+00:00,1.0,P
444,3373,2021-05-05T14:28:15.664000+00:00,1.0,S
445,3151,2021-05-05T14:28:13.444000+00:00,1.0,P
445,3373,2021-05-05T14:28:15.664000+00:00,1.0,S
446,3151,2021-05-05T14:28:13.444000+00:00,1.0,P
446,3373,2021-05-05T14:28:15.664000+00:00,1.0,S
447,3151,2021-05-05T14:28:13.444000+00:00,1.0,P
447,3373,2021-05-05T14:28:15.664000+00:00,1.0,S
448,3151,2021-05-05T14:28:13.444000+00:00,1.0,P
448,3373,2021-05-05T14:28:15.664000+00:00,1.0,S
449,3151,2021-05-05T14:28:13.444000+00:00,1.0,P
449,3373,2021-05-05T14:28:15.664000+00:00,1.0,S
450,3151,2021-05-05T14:28:13.444000+00:00,1.0,P
450,3373,2021-05-05T14:28:15.664000+00:00,1.0,S
451,3151,2021-05-05T14:28:13.444000+00:00,1.0,P
451,3373,2021-05-05T14:28:15.664000+00:00,1.0,S
452,3151,2021-05-05T14:28:13.444000+00:00,1.0,P
452,3373,2021-05-05T14:28:15.664000+00:00,1.0,S
453,3150,2021-05-05T14:28:13.434000+00:00,1.0,P
453,3373,2021-05-05T14:28:15.664000+00:00,1.0,S
454,3150,2021-05-05T14:28:13.434000+00:00,1.0,P
454,3372,2021-05-05T14:28:15.654000+00:00,1.0,S
455,3150,2021-05-05T14:28:13.434000+00:00,1.0,P
455,3372,2021-05-05T14:28:15.654000+00:00,1.0,S
456,3150,2021-05-05T14:28:13.434000+00:00,1.0,P
456,3372,2021-05-05T14:28:15.654000+00:00,1.0,S
457,3150,2021-05-05T14:28:13.434000+00:00,1.0,P
457,3372,2021-05-05T14:28:15.654000+00:00,1.0,S
458,3150,2021-05-05T14:28:13.434000+00:00,1.0,P
458,3372,2021-05-05T14:28:15.654000+00:00,1.0,S
459,3150,2021-05-05T14:28:13.434000+00:00,1.0,P
459,3372,2021-05-05T14:28:15.654000+00:00,1.0,S
460,3150,2021-05-05T14:28:13.434000+00:00,1.0,P
460,3372,2021-05-05T14:28:15.654000+00:00,1.0,S
461,3150,2021-05-05T14:28:13.434000+00:00,1.0,P
461,3372,2021-05-05T14:28:15.654000+00:00,1.0,S
462,3149,2021-05-05T14:28:13.424000+00:00,1.0,P
462,3372,2021-05-05T14:28:15.654000+00:00,1.0,S
463,3149,2021-05-05T14:28:13.424000+00:00,1.0,P
463,3372,2021-05-05T14:28:15.654000+00:00,1.0,S
464,3149,2021-05-05T14:28:13.424000+00:00,1.0,P
464,3372,2021-05-05T14:28:15.654000+00:00,1.0,S
465,3149,2021-05-05T14:28:13.424000+00:00,1.0,P
465,3372,2021-05-05T14:28:15.654000+00:00,1.0,S
466,3149,2021-05-05T14:28:13.424000+00:00,1.0,P
466,3372,2021-05-05T14:28:15.654000+00:00,1.0,S
467,3149,2021-05-05T14:28:13.424000+00:00,1.0,P
467,3372,2021-05-05T14:28:15.654000+00:00,1.0,S
468,3149,2021-05-05T14:28:13.424000+00:00,1.0,P
468,3372,2021-05-05T14:28:15.654000+00:00,1.0,S
469,3149,2021-05-05T14:28:13.424000+00:00,1.0,P
469,3372,2021-05-05T14:28:15.654000+00:00,1.0,S
470,3148,2021-05-05T14:28:13.414000+00:00,1.0,P
470,3372,2021-05-05T14:28:15.654000+00:00,1.0,S
471,3148,2021-05-05T14:28:13.414000+00:00,1.0,P
471,3372,2021-05-05T14:28:15.654000+00:00,1.0,S
472,3148,2021-05-05T14:28:13.414000+00:00,1.0,P
472,3372,2021-05-05T14:28:15.654000+00:00,1.0,S
473,3148,2021-05-05T14:28:13.414000+00:00,1.0,P
473,3372,2021-05-05T14:28:15.654000+00:00,1.0,S
474,3148,2021-05-05T14:28:13.414000+00:00,1.0,P
474,3372,2021-05-05T14:28:15.654000+00:00,1.0,S
475,3148,2021-05-05T14:28:13.414000+00:00,1.0,P
475,3372,2021-05-05T14:28:15.654000+00:00,1.0,S
476,3148,2021-05-05T14:28:13.414000+00:00,1.0,P
476,3372,2021-05-05T14:28:15.654000+00:00,1.0,S
477,3148,2021-05-05T14:28:13.414000+00:00,1.0,P
477,3372,2021-05-05T14:28:15.654000+00:00,1.0,S
478,3147,2021-05-05T14:28:13.404000+00:00,1.0,P
478,3372,2021-05-05T14:28:15.654000+00:00,1.0,S
479,3147,2021-05-05T14:28:13.404000+00:00,1.0,P
479,3372,2021-05-05T14:28:15.654000+00:00,1.0,S
480,3147,2021-05-05T14:28:13.404000+00:00,1.0,P
480,3372,2021-05-05T14:28:15.654000+00:00,1.0,S
481,3147,2021-05-05T14:28:13.404000+00:00,1.0,P
481,3372,2021-05-05T14:28:15.654000+00:00,1.0,S
482,3147,2021-05-05T14:28:13.404000+00:00,1.0,P
482,3372,2021-05-05T14:28:15.654000+00:00,1.0,S
483,3147,2021-05-05T14:28:13.404000+00:00,1.0,P
483,3372,2021-05-05T14:28:15.654000+00:00,1.0,S
484,3146,2021-05-05T14:28:13.394000+00:00,1.0,P
484,3372,2021-05-05T14:28:15.654000+00:00,1.0,S
485,3146,2021-05-05T14:28:13.394000+00:00,1.0,P
485,3372,2021-05-05T14:28:15.654000+00:00,1.0,S
486,3146,2021-05-05T14:28:13.394000+00:00,1.0,P
486,3372,2021-05-05T14:28:15.654000+00:00,1.0,S
487,3146,2021-05-05T14:28:13.394000+00:00,1.0,P
487,3372,2021-05-05T14:28:15.654000+00:00,1.0,S
488,3146,2021-05-05T14:28:13.394000+00:00,1.0,P
488,3372,2021-05-05T14:28:15.654000+00:00,1.0,S
489,3146,2021-05-05T14:28:13.394000+00:00,1.0,P
489,3372,2021-05-05T14:28:15.654000+00:00,1.0,S
490,3146,2021-05-05T14:28:13.394000+00:00,1.0,P
490,3372,2021-05-05T14:28:15.654000+00:00,1.0,S
491,3145,2021-05-05T14:28:13.384000+00:00,1.0,P
491,3372,2021-05-05T14:28:15.654000+00:00,1.0,S
492,3145,2021-05-05T14:28:13.384000+00:00,1.0,P
492,3372,2021-05-05T14:28:15.654000+00:00,1.0,S
493,3145,2021-05-05T14:28:13.384000+00:00,1.0,P
493,3372,2021-05-05T14:28:15.654000+00:00,1.0,S
494,3145,2021-05-05T14:28:13.384000+00:00,1.0,P
494,3371,2021-05-05T14:28:15.644000+00:00,1.0,S
495,3145,2021-05-05T14:28:13.384000+00:00,1.0,P
495,3371,2021-05-05T14:28:15.644000+00:00,1.0,S
496,3145,2021-05-05T14:28:13.384000+00:00,1.0,P
496,3371,2021-05-05T14:28:15.644000+00:00,1.0,S
497,3145,2021-05-05T14:28:13.384000+00:00,1.0,P
497,3371,2021-05-05T14:28:15.644000+00:00,1.0,S
498,3144,2021-05-05T14:28:13.374000+00:00,1.0,P
498,3371,2021-05-05T14:28:15.644000+00:00,1.0,S
499,3144,2021-05-05T14:28:13.374000+00:00,1.0,P
499,3371,2021-05-05T14:28:15.644000+00:00,1.0,S
500,3144,2021-05-05T14:28:13.374000+00:00,1.0,P
500,3371,2021-05-05T14:28:15.644000+00:00,1.0,S
501,3144,2021-05-05T14:28:13.374000+00:00,1.0,P
501,3371,2021-05-05T14:28:15.644000+00:00,1.0,S
502,3144,2021-05-05T14:28:13.374000+00:00,1.0,P
502,3371,2021-05-05T14:28:15.644000+00:00,1.0,S
503,3144,2021-05-05T14:28:13.374000+00:00,1.0,P
503,3371,2021-05-05T14:28:15.644000+00:00,1.0,S
504,3143,2021-05-05T14:28:13.364000+00:00,1.0,P
504,3371,2021-05-05T14:28:15.644000+00:00,1.0,S
505,3143,2021-05-05T14:28:13.364000+00:00,1.0,P
505,3371,2021-05-05T14:28:15.644000+00:00,1.0,S
506,3143,2021-05-05T14:28:13.364000+00:00,1.0,P
506,3371,2021-05-05T14:28:15.644000+00:00,1.0,S
507,3143,2021-05-05T14:28:13.364000+00:00,1.0,P
507,3370,2021-05-05T14:28:15.634000+00:00,1.0,S
508,3143,2021-05-05T14:28:13.364000+00:00,1.0,P
508,3370,2021-05-05T14:28:15.634000+00:00,1.0,S
509,3143,2021-05-05T14:28:13.364000+00:00,1.0,P
509,3370,2021-05-05T14:28:15.634000+00:00,1.0,S
510,3143,2021-05-05T14:28:13.364000+00:00,1.0,P
510,3370,2021-05-05T14:28:15.634000+00:00,1.0,S
511,3142,2021-05-05T14:28:13.354000+00:00,1.0,P
511,3370,2021-05-05T14:28:15.634000+00:00,1.0,S
512,3142,2021-05-05T14:28:13.354000+00:00,1.0,P
512,3370,2021-05-05T14:28:15.634000+00:00,1.0,S
513,3142,2021-05-05T14:28:13.354000+00:00,1.0,P
513,3370,2021-05-05T14:28:15.634000+00:00,1.0,S
514,3142,2021-05-05T14:28:13.354000+00:00,1.0,P
514,3370,2021-05-05T14:28:15.634000+00:00,1.0,S
515,3142,2021-05-05T14:28:13.354000+00:00,1.0,P
515,3370,2021-05-05T14:28:15.634000+00:00,1.0,S
516,3142,2021-05-05T14:28:13.354000+00:00,1.0,P
516,3370,2021-05-05T14:28:15.634000+00:00,1.0,S
517,3141,2021-05-05T14:28:13.344000+00:00,1.0,P
517,3370,2021-05-05T14:28:15.634000+00:00,1.0,S
518,3141,2021-05-05T14:28:13.344000+00:00,1.0,P
518,3370,2021-05-05T14:28:15.634000+00:00,1.0,S
519,3141,2021-05-05T14:28:13.344000+00:00,1.0,P
519,3370,2021-05-05T14:28:15.634000+00:00,1.0,S
520,3141,2021-05-05T14:28:13.344000+00:00,1.0,P
520,3369,2021-05-05T14:28:15.623999+00:00,1.0,S
521,3141,2021-05-05T14:28:13.344000+00:00,1.0,P
521,3369,2021-05-05T14:28:15.623999+00:00,1.0,S
522,3141,2021-05-05T14:28:13.344000+00:00,1.0,P
522,3369,2021-05-05T14:28:15.623999+00:00,1.0,S
523,3141,2021-05-05T14:28:13.344000+00:00,1.0,P
523,3369,2021-05-05T14:28:15.623999+00:00,1.0,S
524,3140,2021-05-05T14:28:13.334000+00:00,1.0,P
524,3369,2021-05-05T14:28:15.623999+00:00,1.0,S
525,3140,2021-05-05T14:28:13.334000+00:00,1.0,P
525,3369,2021-05-05T14:28:15.623999+00:00,1.0,S
526,3140,2021-05-05T14:28:13.334000+00:00,1.0,P
526,3369,2021-05-05T14:28:15.623999+00:00,1.0,S
527,3140,2021-05-05T14:28:13.334000+00:00,1.0,P
527,3369,2021-05-05T14:28:15.623999+00:00,1.0,S
528,3140,2021-05-05T14:28:13.334000+00:00,1.0,P
528,3369,2021-05-05T14:28:15.623999+00:00,1.0,S
529,3139,2021-05-05T14:28:13.324000+00:00,1.0,P
529,3369,2021-05-05T14:28:15.623999+00:00,1.0,S
530,3139,2021-05-05T14:28:13.324000+00:00,1.0,P
530,3369,2021-05-05T14:28:15.623999+00:00,1.0,S
531,3139,2021-05-05T14:28:13.324000+00:00,1.0,P
531,3369,2021-05-05T14:28:15.623999+00:00,1.0,S
532,3139,2021-05-05T14:28:13.324000+00:00,1.0,P
532,3369,2021-05-05T14:28:15.623999+00:00,1.0,S
533,3139,2021-05-05T14:28:13.324000+00:00,1.0,P
533,3369,2021-05-05T14:28:15.623999+00:00,1.0,S
534,3139,2021-05-05T14:28:13.324000+00:00,1.0,P
534,3369,2021-05-05T14:28:15.623999+00:00,1.0,S
535,3138,2021-05-05T14:28:13.314000+00:00,1.0,P
535,3369,2021-05-05T14:28:15.623999+00:00,1.0,S
536,3138,2021-05-05T14:28:13.314000+00:00,1.0,P
536,3369,2021-05-05T14:28:15.623999+00:00,1.0,S
537,3138,2021-05-05T14:28:13.314000+00:00,1.0,P
537,3369,2021-05-05T14:28:15.623999+00:00,1.0,S
538,3138,2021-05-05T14:28:13.314000+00:00,1.0,P
538,3369,2021-05-05T14:28:15.623999+00:00,1.0,S
539,3138,2021-05-05T14:28:13.314000+00:00,1.0,P
539,3369,2021-05-05T14:28:15.623999+00:00,1.0,S
540,3138,2021-05-05T14:28:13.314000+00:00,1.0,P
540,3369,2021-05-05T14:28:15.623999+00:00,1.0,S
541,3137,2021-05-05T14:28:13.304000+00:00,1.0,P
541,3369,2021-05-05T14:28:15.623999+00:00,1.0,S
542,3137,2021-05-05T14:28:13.304000+00:00,1.0,P
542,3369,2021-05-05T14:28:15.623999+00:00,1.0,S
543,3137,2021-05-05T14:28:13.304000+00:00,1.0,P
543,3369,2021-05-05T14:28:15.623999+00:00,1.0,S
544,3137,2021-05-05T14:28:13.304000+00:00,1.0,P
544,3369,2021-05-05T14:28:15.623999+00:00,1.0,S
545,3137,2021-05-05T14:28:13.304000+00:00,1.0,P
545,3368,2021-05-05T14:28:15.614000+00:00,1.0,S
546,3137,2021-05-05T14:28:13.304000+00:00,1.0,P
546,3368,2021-05-05T14:28:15.614000+00:00,1.0,S
547,3136,2021-05-05T14:28:13.294000+00:00,1.0,P
547,3368,2021-05-05T14:28:15.614000+00:00,1.0,S
548,3136,2021-05-05T14:28:13.294000+00:00,1.0,P
548,3368,2021-05-05T14:28:15.614000+00:00,1.0,S
549,3136,2021-05-05T14:28:13.294000+00:00,1.0,P
549,3368,2021-05-05T14:28:15.614000+00:00,1.0,S
550,3136,2021-05-05T14:28:13.294000+00:00,1.0,P
550,3368,2021-05-05T14:28:15.614000+00:00,1.0,S
551,3136,2021-05-05T14:28:13.294000+00:00,1.0,P
551,3368,2021-05-05T14:28:15.614000+00:00,1.0,S
552,3135,2021-05-05T14:28:13.284000+00:00,1.0,P
552,3368,2021-05-05T14:28:15.614000+00:00,1.0,S
553,3135,2021-05-05T14:28:13.284000+00:00,1.0,P
553,3368,2021-05-05T14:28:15.614000+00:00,1.0,S
554,3135,2021-05-05T14:28:13.284000+00:00,1.0,P
554,3368,2021-05-05T14:28:15.614000+00:00,1.0,S
555,3135,2021-05-05T14:28:13.284000+00:00,1.0,P
555,3368,2021-05-05T14:28:15.614000+00:00,1.0,S
556,3135,2021-05-05T14:28:13.284000+00:00,1.0,P
556,3368,2021-05-05T14:28:15.614000+00:00,1.0,S
557,3135,2021-05-05T14:28:13.284000+00:00,1.0,P
557,3368,2021-05-05T14:28:15.614000+00:00,1.0,S
558,3135,2021-05-05T14:28:13.284000+00:00,1.0,P
558,3368,2021-05-05T14:28:15.614000+00:00,1.0,S
559,3134,2021-05-05T14:28:13.274000+00:00,1.0,P
559,3368,2021-05-05T14:28:15.614000+00:00,1.0,S
560,3134,2021-05-05T14:28:13.274000+00:00,1.0,P
560,3368,2021-05-05T14:28:15.614000+00:00,1.0,S
561,3134,2021-05-05T14:28:13.274000+00:00,1.0,P
561,3368,2021-05-05T14:28:15.614000+00:00,1.0,S
562,3134,2021-05-05T14:28:13.274000+00:00,1.0,P
562,3368,2021-05-05T14:28:15.614000+00:00,1.0,S
563,3134,2021-05-05T14:28:13.274000+00:00,1.0,P
563,3368,2021-05-05T14:28:15.614000+00:00,1.0,S
564,3134,2021-05-05T14:28:13.274000+00:00,1.0,P
564,3368,2021-05-05T14:28:15.614000+00:00,1.0,S
565,3133,2021-05-05T14:28:13.264000+00:00,1.0,P
565,3368,2021-05-05T14:28:15.614000+00:00,1.0,S
566,3133,2021-05-05T14:28:13.264000+00:00,1.0,P
566,3368,2021-05-05T14:28:15.614000+00:00,1.0,S
567,3133,2021-05-05T14:28:13.264000+00:00,1.0,P
567,3368,2021-05-05T14:28:15.614000+00:00,1.0,S
568,3133,2021-05-05T14:28:13.264000+00:00,1.0,P
568,3368,2021-05-05T14:28:15.614000+00:00,1.0,S
569,3133,2021-05-05T14:28:13.264000+00:00,1.0,P
569,3368,2021-05-05T14:28:15.614000+00:00,1.0,S
570,3133,2021-05-05T14:28:13.264000+00:00,1.0,P
570,3368,2021-05-05T14:28:15.614000+00:00,1.0,S
571,3132,2021-05-05T14:28:13.254000+00:00,1.0,P
571,3368,2021-05-05T14:28:15.614000+00:00,1.0,S
572,3132,2021-05-05T14:28:13.254000+00:00,1.0,P
572,3368,2021-05-05T14:28:15.614000+00:00,1.0,S
573,3132,2021-05-05T14:28:13.254000+00:00,1.0,P
573,3367,2021-05-05T14:28:15.604000+00:00,1.0,S
574,3132,2021-05-05T14:28:13.254000+00:00,1.0,P
574,3368,2021-05-05T14:28:15.614000+00:00,1.0,S
575,3132,2021-05-05T14:28:13.254000+00:00,1.0,P
575,3368,2021-05-05T14:28:15.614000+00:00,1.0,S
576,3132,2021-05-05T14:28:13.254000+00:00,1.0,P
576,3368,2021-05-05T14:28:15.614000+00:00,1.0,S
577,3132,2021-05-05T14:28:13.254000+00:00,1.0,P
577,3368,2021-05-05T14:28:15.614000+00:00,1.0,S
578,3131,2021-05-05T14:28:13.244000+00:00,1.0,P
578,3368,2021-05-05T14:28:15.614000+00:00,1.0,S
579,3131,2021-05-05T14:28:13.244000+00:00,1.0,P
579,3368,2021-05-05T14:28:15.614000+00:00,1.0,S
580,3131,2021-05-05T14:28:13.244000+00:00,1.0,P
580,3368,2021-05-05T14:28:15.614000+00:00,1.0,S
581,3131,2021-05-05T14:28:13.244000+00:00,1.0,P
581,3368,2021-05-05T14:28:15.614000+00:00,1.0,S
582,3131,2021-05-05T14:28:13.244000+00:00,1.0,P
582,3368,2021-05-05T14:28:15.614000+00:00,1.0,S
583,3131,2021-05-05T14:28:13.244000+00:00,1.0,P
583,3368,2021-05-05T14:28:15.614000+00:00,1.0,S
584,3131,2021-05-05T14:28:13.244000+00:00,1.0,P
584,3368,2021-05-05T14:28:15.614000+00:00,1.0,S
585,3130,2021-05-05T14:28:13.234000+00:00,1.0,P
585,3367,2021-05-05T14:28:15.604000+00:00,1.0,S
586,3130,2021-05-05T14:28:13.234000+00:00,1.0,P
586,3367,2021-05-05T14:28:15.604000+00:00,1.0,S
587,3130,2021-05-05T14:28:13.234000+00:00,1.0,P
587,3367,2021-05-05T14:28:15.604000+00:00,1.0,S
588,3130,2021-05-05T14:28:13.234000+00:00,1.0,P
588,3367,2021-05-05T14:28:15.604000+00:00,1.0,S
589,3130,2021-05-05T14:28:13.234000+00:00,1.0,P
589,3367,2021-05-05T14:28:15.604000+00:00,1.0,S
590,3130,2021-05-05T14:28:13.234000+00:00,1.0,P
590,3367,2021-05-05T14:28:15.604000+00:00,1.0,S
591,3130,2021-05-05T14:28:13.234000+00:00,1.0,P
591,3367,2021-05-05T14:28:15.604000+00:00,1.0,S
592,3129,2021-05-05T14:28:13.224000+00:00,1.0,P
592,3367,2021-05-05T14:28:15.604000+00:00,1.0,S
593,3129,2021-05-05T14:28:13.224000+00:00,1.0,P
593,3367,2021-05-05T14:28:15.604000+00:00,1.0,S
594,3129,2021-05-05T14:28:13.224000+00:00,1.0,P
594,3367,2021-05-05T14:28:15.604000+00:00,1.0,S
595,3129,2021-05-05T14:28:13.224000+00:00,1.0,P
595,3367,2021-05-05T14:28:15.604000+00:00,1.0,S
596,3129,2021-05-05T14:28:13.224000+00:00,1.0,P
596,3367,2021-05-05T14:28:15.604000+00:00,1.0,S
597,3129,2021-05-05T14:28:13.224000+00:00,1.0,P
597,3367,2021-05-05T14:28:15.604000+00:00,1.0,S
598,3129,2021-05-05T14:28:13.224000+00:00,1.0,P
598,3367,2021-05-05T14:28:15.604000+00:00,1.0,S
599,3128,2021-05-05T14:28:13.214000+00:00,1.0,P
599,3367,2021-05-05T14:28:15.604000+00:00,1.0,S
600,3128,2021-05-05T14:28:13.214000+00:00,1.0,P
600,3367,2021-05-05T14:28:15.604000+00:00,1.0,S
601,3128,2021-05-05T14:28:13.214000+00:00,1.0,P
601,3367,2021-05-05T14:28:15.604000+00:00,1.0,S
602,3128,2021-05-05T14:28:13.214000+00:00,1.0,P
602,3367,2021-05-05T14:28:15.604000+00:00,1.0,S
603,3128,2021-05-05T14:28:13.214000+00:00,1.0,P
603,3367,2021-05-05T14:28:15.604000+00:00,1.0,S
604,3128,2021-05-05T14:28:13.214000+00:00,1.0,P
604,3367,2021-05-05T14:28:15.604000+00:00,1.0,S
605,3128,2021-05-05T14:28:13.214000+00:00,1.0,P
605,3367,2021-05-05T14:28:15.604000+00:00,1.0,S
606,3128,2021-05-05T14:28:13.214000+00:00,1.0,P
606,3367,2021-05-05T14:28:15.604000+00:00,1.0,S
607,3127,2021-05-05T14:28:13.204000+00:00,1.0,P
607,3367,2021-05-05T14:28:15.604000+00:00,1.0,S
608,3127,2021-05-05T14:28:13.204000+00:00,1.0,P
608,3367,2021-05-05T14:28:15.604000+00:00,1.0,S
609,3127,2021-05-05T14:28:13.204000+00:00,1.0,P
609,3367,2021-05-05T14:28:15.604000+00:00,1.0,S
610,3127,2021-05-05T14:28:13.204000+00:00,1.0,P
610,3367,2021-05-05T14:28:15.604000+00:00,1.0,S
611,3127,2021-05-05T14:28:13.204000+00:00,1.0,P
611,3366,2021-05-05T14:28:15.594000+00:00,1.0,S
612,3127,2021-05-05T14:28:13.204000+00:00,1.0,P
612,3366,2021-05-05T14:28:15.594000+00:00,1.0,S
613,3127,2021-05-05T14:28:13.204000+00:00,1.0,P
613,3366,2021-05-05T14:28:15.594000+00:00,1.0,S
614,3127,2021-05-05T14:28:13.204000+00:00,1.0,P
614,3366,2021-05-05T14:28:15.594000+00:00,1.0,S
615,3126,2021-05-05T14:28:13.194000+00:00,1.0,P
615,3366,2021-05-05T14:28:15.594000+00:00,1.0,S
616,3126,2021-05-05T14:28:13.194000+00:00,1.0,P
616,3365,2021-05-05T14:28:15.584000+00:00,1.0,S
617,3126,2021-05-05T14:28:13.194000+00:00,1.0,P
617,3365,2021-05-05T14:28:15.584000+00:00,1.0,S
618,3126,2021-05-05T14:28:13.194000+00:00,1.0,P
618,3365,2021-05-05T14:28:15.584000+00:00,1.0,S
619,3126,2021-05-05T14:28:13.194000+00:00,1.0,P
619,3365,2021-05-05T14:28:15.584000+00:00,1.0,S
620,3126,2021-05-05T14:28:13.194000+00:00,1.0,P
620,3365,2021-05-05T14:28:15.584000+00:00,1.0,S
621,3126,2021-05-05T14:28:13.194000+00:00,1.0,P
621,3365,2021-05-05T14:28:15.584000+00:00,1.0,S
622,3125,2021-05-05T14:28:13.184000+00:00,1.0,P
622,3365,2021-05-05T14:28:15.584000+00:00,1.0,S
623,3125,2021-05-05T14:28:13.184000+00:00,1.0,P
623,3365,2021-05-05T14:28:15.584000+00:00,1.0,S
624,3125,2021-05-05T14:28:13.184000+00:00,1.0,P
624,3364,2021-05-05T14:28:15.574000+00:00,1.0,S
625,3125,2021-05-05T14:28:13.184000+00:00,1.0,P
625,3364,2021-05-05T14:28:15.574000+00:00,1.0,S
626,3125,2021-05-05T14:28:13.184000+00:00,1.0,P
626,3364,2021-05-05T14:28:15.574000+00:00,1.0,S
627,3125,2021-05-05T14:28:13.184000+00:00,1.0,P
627,3364,2021-05-05T14:28:15.574000+00:00,1.0,S
628,3125,2021-05-05T14:28:13.184000+00:00,1.0,P
628,3364,2021-05-05T14:28:15.574000+00:00,1.0,S
629,3125,2021-05-05T14:28:13.184000+00:00,1.0,P
629,3363,2021-05-05T14:28:15.564000+00:00,1.0,S
630,3124,2021-05-05T14:28:13.174000+00:00,1.0,P
630,3363,2021-05-05T14:28:15.564000+00:00,1.0,S
631,3124,2021-05-05T14:28:13.174000+00:00,1.0,P
631,3363,2021-05-05T14:28:15.564000+00:00,1.0,S
632,3124,2021-05-05T14:28:13.174000+00:00,1.0,P
632,3363,2021-05-05T14:28:15.564000+00:00,1.0,S
633,3124,2021-05-05T14:28:13.174000+00:00,1.0,P
633,3363,2021-05-05T14:28:15.564000+00:00,1.0,S
634,3124,2021-05-05T14:28:13.174000+00:00,1.0,P
634,3363,2021-05-05T14:28:15.564000+00:00,1.0,S
635,3124,2021-05-05T14:28:13.174000+00:00,1.0,P
635,3363,2021-05-05T14:28:15.564000+00:00,1.0,S
636,3124,2021-05-05T14:28:13.174000+00:00,1.0,P
636,3363,2021-05-05T14:28:15.564000+00:00,1.0,S
637,3123,2021-05-05T14:28:13.164000+00:00,1.0,P
637,3363,2021-05-05T14:28:15.564000+00:00,1.0,S
638,3123,2021-05-05T14:28:13.164000+00:00,1.0,P
638,3363,2021-05-05T14:28:15.564000+00:00,1.0,S
639,3123,2021-05-05T14:28:13.164000+00:00,1.0,P
639,3364,2021-05-05T14:28:15.574000+00:00,1.0,S
640,3123,2021-05-05T14:28:13.164000+00:00,1.0,P
640,3364,2021-05-05T14:28:15.574000+00:00,1.0,S
641,3123,2021-05-05T14:28:13.164000+00:00,1.0,P
641,3364,2021-05-05T14:28:15.574000+00:00,1.0,S
642,3123,2021-05-05T14:28:13.164000+00:00,1.0,P
642,3364,2021-05-05T14:28:15.574000+00:00,1.0,S
643,3123,2021-05-05T14:28:13.164000+00:00,1.0,P
643,3364,2021-05-05T14:28:15.574000+00:00,1.0,S
644,3122,2021-05-05T14:28:13.154000+00:00,1.0,P
644,3364,2021-05-05T14:28:15.574000+00:00,1.0,S
645,3122,2021-05-05T14:28:13.154000+00:00,1.0,P
645,3364,2021-05-05T14:28:15.574000+00:00,1.0,S
646,3122,2021-05-05T14:28:13.154000+00:00,1.0,P
646,3364,2021-05-05T14:28:15.574000+00:00,1.0,S
647,3122,2021-05-05T14:28:13.154000+00:00,1.0,P
647,3365,2021-05-05T14:28:15.584000+00:00,1.0,S
648,3122,2021-05-05T14:28:13.154000+00:00,1.0,P
648,3365,2021-05-05T14:28:15.584000+00:00,1.0,S
649,3122,2021-05-05T14:28:13.154000+00:00,1.0,P
649,3365,2021-05-05T14:28:15.584000+00:00,1.0,S
650,3122,2021-05-05T14:28:13.154000+00:00,1.0,P
650,3366,2021-05-05T14:28:15.594000+00:00,1.0,S
651,3121,2021-05-05T14:28:13.144000+00:00,1.0,P
651,3366,2021-05-05T14:28:15.594000+00:00,1.0,S
652,3121,2021-05-05T14:28:13.144000+00:00,1.0,P
652,3366,2021-05-05T14:28:15.594000+00:00,1.0,S
653,3121,2021-05-05T14:28:13.144000+00:00,1.0,P
653,3366,2021-05-05T14:28:15.594000+00:00,1.0,S
654,3121,2021-05-05T14:28:13.144000+00:00,1.0,P
654,3366,2021-05-05T14:28:15.594000+00:00,1.0,S
655,3121,2021-05-05T14:28:13.144000+00:00,1.0,P
655,3366,2021-05-05T14:28:15.594000+00:00,1.0,S
656,3121,2021-05-05T14:28:13.144000+00:00,1.0,P
656,3366,2021-05-05T14:28:15.594000+00:00,1.0,S
657,3121,2021-05-05T14:28:13.144000+00:00,1.0,P
657,3366,2021-05-05T14:28:15.594000+00:00,1.0,S
658,3121,2021-05-05T14:28:13.144000+00:00,1.0,P
658,3366,2021-05-05T14:28:15.594000+00:00,1.0,S
659,3120,2021-05-05T14:28:13.134000+00:00,1.0,P
659,3366,2021-05-05T14:28:15.594000+00:00,1.0,S
660,3120,2021-05-05T14:28:13.134000+00:00,1.0,P
660,3366,2021-05-05T14:28:15.594000+00:00,1.0,S
661,3120,2021-05-05T14:28:13.134000+00:00,1.0,P
661,3367,2021-05-05T14:28:15.604000+00:00,1.0,S
662,3120,2021-05-05T14:28:13.134000+00:00,1.0,P
662,3366,2021-05-05T14:28:15.594000+00:00,1.0,S
663,3120,2021-05-05T14:28:13.134000+00:00,1.0,P
663,3366,2021-05-05T14:28:15.594000+00:00,1.0,S
664,3120,2021-05-05T14:28:13.134000+00:00,1.0,P
664,3366,2021-05-05T14:28:15.594000+00:00,1.0,S
665,3120,2021-05-05T14:28:13.134000+00:00,1.0,P
665,3366,2021-05-05T14:28:15.594000+00:00,1.0,S
666,3119,2021-05-05T14:28:13.124000+00:00,1.0,P
666,3366,2021-05-05T14:28:15.594000+00:00,1.0,S
667,3119,2021-05-05T14:28:13.124000+00:00,1.0,P
667,3366,2021-05-05T14:28:15.594000+00:00,1.0,S
668,3119,2021-05-05T14:28:13.124000+00:00,1.0,P
668,3366,2021-05-05T14:28:15.594000+00:00,1.0,S
669,3119,2021-05-05T14:28:13.124000+00:00,1.0,P
669,3366,2021-05-05T14:28:15.594000+00:00,1.0,S
670,3119,2021-05-05T14:28:13.124000+00:00,1.0,P
670,3366,2021-05-05T14:28:15.594000+00:00,1.0,S
671,3119,2021-05-05T14:28:13.124000+00:00,1.0,P
671,3366,2021-05-05T14:28:15.594000+00:00,1.0,S
672,3119,2021-05-05T14:28:13.124000+00:00,1.0,P
672,3366,2021-05-05T14:28:15.594000+00:00,1.0,S
673,3118,2021-05-05T14:28:13.114000+00:00,1.0,P
673,3366,2021-05-05T14:28:15.594000+00:00,1.0,S
674,3118,2021-05-05T14:28:13.114000+00:00,1.0,P
674,3366,2021-05-05T14:28:15.594000+00:00,1.0,S
675,3118,2021-05-05T14:28:13.114000+00:00,1.0,P
675,3366,2021-05-05T14:28:15.594000+00:00,1.0,S
676,3118,2021-05-05T14:28:13.114000+00:00,1.0,P
676,3365,2021-05-05T14:28:15.584000+00:00,1.0,S
677,3118,2021-05-05T14:28:13.114000+00:00,1.0,P
677,3365,2021-05-05T14:28:15.584000+00:00,1.0,S
678,3118,2021-05-05T14:28:13.114000+00:00,1.0,P
678,3365,2021-05-05T14:28:15.584000+00:00,1.0,S
679,3118,2021-05-05T14:28:13.114000+00:00,1.0,P
679,3365,2021-05-05T14:28:15.584000+00:00,1.0,S
680,3118,2021-05-05T14:28:13.114000+00:00,1.0,P
680,3365,2021-05-05T14:28:15.584000+00:00,1.0,S
681,3117,2021-05-05T14:28:13.104000+00:00,1.0,P
681,3365,2021-05-05T14:28:15.584000+00:00,1.0,S
682,3117,2021-05-05T14:28:13.104000+00:00,1.0,P
682,3365,2021-05-05T14:28:15.584000+00:00,1.0,S
683,3117,2021-05-05T14:28:13.104000+00:00,1.0,P
683,3365,2021-05-05T14:28:15.584000+00:00,1.0,S
684,3117,2021-05-05T14:28:13.104000+00:00,1.0,P
684,3365,2021-05-05T14:28:15.584000+00:00,1.0,S
685,3117,2021-05-05T14:28:13.104000+00:00,1.0,P
685,3365,2021-05-05T14:28:15.584000+00:00,1.0,S
686,3117,2021-05-05T14:28:13.104000+00:00,1.0,P
686,3365,2021-05-05T14:28:15.584000+00:00,1.0,S
687,3117,2021-05-05T14:28:13.104000+00:00,1.0,P
687,3365,2021-05-05T14:28:15.584000+00:00,1.0,S
688,3117,2021-05-05T14:28:13.104000+00:00,1.0,P
688,3365,2021-05-05T14:28:15.584000+00:00,1.0,S
689,3116,2021-05-05T14:28:13.094000+00:00,1.0,P
689,3365,2021-05-05T14:28:15.584000+00:00,1.0,S
690,3116,2021-05-05T14:28:13.094000+00:00,1.0,P
690,3365,2021-05-05T14:28:15.584000+00:00,1.0,S
691,3116,2021-05-05T14:28:13.094000+00:00,1.0,P
691,3364,2021-05-05T14:28:15.574000+00:00,1.0,S
692,3116,2021-05-05T14:28:13.094000+00:00,1.0,P
692,3364,2021-05-05T14:28:15.574000+00:00,1.0,S
693,3116,2021-05-05T14:28:13.094000+00:00,1.0,P
693,3364,2021-05-05T14:28:15.574000+00:00,1.0,S
694,3116,2021-05-05T14:28:13.094000+00:00,1.0,P
694,3364,2021-05-05T14:28:15.574000+00:00,1.0,S
695,3116,2021-05-05T14:28:13.094000+00:00,1.0,P
695,3364,2021-05-05T14:28:15.574000+00:00,1.0,S
696,3116,2021-05-05T14:28:13.094000+00:00,1.0,P
696,3364,2021-05-05T14:28:15.574000+00:00,1.0,S
697,3115,2021-05-05T14:28:13.084000+00:00,1.0,P
697,3364,2021-05-05T14:28:15.574000+00:00,1.0,S
698,3115,2021-05-05T14:28:13.084000+00:00,1.0,P
698,3364,2021-05-05T14:28:15.574000+00:00,1.0,S
699,3115,2021-05-05T14:28:13.084000+00:00,1.0,P
699,3364,2021-05-05T14:28:15.574000+00:00,1.0,S
700,3115,2021-05-05T14:28:13.084000+00:00,1.0,P
700,3363,2021-05-05T14:28:15.564000+00:00,1.0,S
701,3115,2021-05-05T14:28:13.084000+00:00,1.0,P
701,3363,2021-05-05T14:28:15.564000+00:00,1.0,S
702,3115,2021-05-05T14:28:13.084000+00:00,1.0,P
702,3363,2021-05-05T14:28:15.564000+00:00,1.0,S
703,3115,2021-05-05T14:28:13.084000+00:00,1.0,P
703,3363,2021-05-05T14:28:15.564000+00:00,1.0,S
704,3115,2021-05-05T14:28:13.084000+00:00,1.0,P
704,3363,2021-05-05T14:28:15.564000+00:00,1.0,S
705,3114,2021-05-05T14:28:13.074000+00:00,1.0,P
705,3362,2021-05-05T14:28:15.553999+00:00,1.0,S
706,3114,2021-05-05T14:28:13.074000+00:00,1.0,P
706,3362,2021-05-05T14:28:15.553999+00:00,1.0,S
707,3114,2021-05-05T14:28:13.074000+00:00,1.0,P
707,3362,2021-05-05T14:28:15.553999+00:00,1.0,S
708,3114,2021-05-05T14:28:13.074000+00:00,1.0,P
708,3362,2021-05-05T14:28:15.553999+00:00,1.0,S
709,3114,2021-05-05T14:28:13.074000+00:00,1.0,P
709,3362,2021-05-05T14:28:15.553999+00:00,1.0,S
710,3114,2021-05-05T14:28:13.074000+00:00,1.0,P
710,3361,2021-05-05T14:28:15.544000+00:00,1.0,S
711,3114,2021-05-05T14:28:13.074000+00:00,1.0,P
711,3361,2021-05-05T14:28:15.544000+00:00,1.0,S
712,3114,2021-05-05T14:28:13.074000+00:00,1.0,P
712,3361,2021-05-05T14:28:15.544000+00:00,1.0,S
713,3113,2021-05-05T14:28:13.064000+00:00,1.0,P
713,3361,2021-05-05T14:28:15.544000+00:00,1.0,S
714,3113,2021-05-05T14:28:13.064000+00:00,1.0,P
714,3361,2021-05-05T14:28:15.544000+00:00,1.0,S
715,3113,2021-05-05T14:28:13.064000+00:00,1.0,P
715,3361,2021-05-05T14:28:15.544000+00:00,1.0,S
716,3113,2021-05-05T14:28:13.064000+00:00,1.0,P
716,3360,2021-05-05T14:28:15.534000+00:00,1.0,S
717,3113,2021-05-05T14:28:13.064000+00:00,1.0,P
717,3360,2021-05-05T14:28:15.534000+00:00,1.0,S
718,3113,2021-05-05T14:28:13.064000+00:00,1.0,P
718,3360,2021-05-05T14:28:15.534000+00:00,1.0,S
719,3113,2021-05-05T14:28:13.064000+00:00,1.0,P
719,3360,2021-05-05T14:28:15.534000+00:00,1.0,S
720,3113,2021-05-05T14:28:13.064000+00:00,1.0,P
720,3360,2021-05-05T14:28:15.534000+00:00,1.0,S
721,3113,2021-05-05T14:28:13.064000+00:00,1.0,P
721,3359,2021-05-05T14:28:15.524000+00:00,1.0,S
722,3113,2021-05-05T14:28:13.064000+00:00,1.0,P
722,3359,2021-05-05T14:28:15.524000+00:00,1.0,S
723,3112,2021-05-05T14:28:13.054000+00:00,1.0,P
723,3359,2021-05-05T14:28:15.524000+00:00,1.0,S
724,3112,2021-05-05T14:28:13.054000+00:00,1.0,P
724,3359,2021-05-05T14:28:15.524000+00:00,1.0,S
725,3112,2021-05-05T14:28:13.054000+00:00,1.0,P
725,3359,2021-05-05T14:28:15.524000+00:00,1.0,S
726,3112,2021-05-05T14:28:13.054000+00:00,1.0,P
726,3358,2021-05-05T14:28:15.514000+00:00,1.0,S
727,3112,2021-05-05T14:28:13.054000+00:00,1.0,P
727,3358,2021-05-05T14:28:15.514000+00:00,1.0,S
728,3112,2021-05-05T14:28:13.054000+00:00,1.0,P
728,3358,2021-05-05T14:28:15.514000+00:00,1.0,S
729,3112,2021-05-05T14:28:13.054000+00:00,1.0,P
729,3358,2021-05-05T14:28:15.514000+00:00,1.0,S
730,3112,2021-05-05T14:28:13.054000+00:00,1.0,P
730,3358,2021-05-05T14:28:15.514000+00:00,1.0,S
731,3112,2021-05-05T14:28:13.054000+00:00,1.0,P
731,3357,2021-05-05T14:28:15.504000+00:00,1.0,S
732,3112,2021-05-05T14:28:13.054000+00:00,1.0,P
732,3357,2021-05-05T14:28:15.504000+00:00,1.0,S
733,3111,2021-05-05T14:28:13.044000+00:00,1.0,P
733,3357,2021-05-05T14:28:15.504000+00:00,1.0,S
734,3111,2021-05-05T14:28:13.044000+00:00,1.0,P
734,3357,2021-05-05T14:28:15.504000+00:00,1.0,S
735,3111,2021-05-05T14:28:13.044000+00:00,1.0,P
735,3357,2021-05-05T14:28:15.504000+00:00,1.0,S
736,3111,2021-05-05T14:28:13.044000+00:00,1.0,P
736,3356,2021-05-05T14:28:15.494000+00:00,1.0,S
737,3111,2021-05-05T14:28:13.044000+00:00,1.0,P
737,3356,2021-05-05T14:28:15.494000+00:00,1.0,S
738,3111,2021-05-05T14:28:13.044000+00:00,1.0,P
738,3356,2021-05-05T14:28:15.494000+00:00,1.0,S
739,3111,2021-05-05T14:28:13.044000+00:00,1.0,P
739,3356,2021-05-05T14:28:15.494000+00:00,1.0,S
740,3111,2021-05-05T14:28:13.044000+00:00,1.0,P
740,3356,2021-05-05T14:28:15.494000+00:00,1.0,S
741,3111,2021-05-05T14:28:13.044000+00:00,1.0,P
741,3356,2021-05-05T14:28:15.494000+00:00,1.0,S
742,3111,2021-05-05T14:28:13.044000+00:00,1.0,P
742,3355,2021-05-05T14:28:15.483999+00:00,1.0,S
743,3111,2021-05-05T14:28:13.044000+00:00,1.0,P
743,3355,2021-05-05T14:28:15.483999+00:00,1.0,S
744,3110,2021-05-05T14:28:13.034000+00:00,1.0,P
744,3355,2021-05-05T14:28:15.483999+00:00,1.0,S
745,3110,2021-05-05T14:28:13.034000+00:00,1.0,P
745,3355,2021-05-05T14:28:15.483999+00:00,1.0,S
746,3110,2021-05-05T14:28:13.034000+00:00,1.0,P
746,3355,2021-05-05T14:28:15.483999+00:00,1.0,S
747,3110,2021-05-05T14:28:13.034000+00:00,1.0,P
747,3354,2021-05-05T14:28:15.474000+00:00,1.0,S
748,3110,2021-05-05T14:28:13.034000+00:00,1.0,P
748,3354,2021-05-05T14:28:15.474000+00:00,1.0,S
749,3110,2021-05-05T14:28:13.034000+00:00,1.0,P
749,3354,2021-05-05T14:28:15.474000+00:00,1.0,S
750,3110,2021-05-05T14:28:13.034000+00:00,1.0,P
750,3354,2021-05-05T14:28:15.474000+00:00,1.0,S
751,3110,2021-05-05T14:28:13.034000+00:00,1.0,P
751,3354,2021-05-05T14:28:15.474000+00:00,1.0,S
752,3110,2021-05-05T14:28:13.034000+00:00,1.0,P
752,3353,2021-05-05T14:28:15.464000+00:00,1.0,S
753,3110,2021-05-05T14:28:13.034000+00:00,1.0,P
753,3353,2021-05-05T14:28:15.464000+00:00,1.0,S
754,3110,2021-05-05T14:28:13.034000+00:00,1.0,P
754,3353,2021-05-05T14:28:15.464000+00:00,1.0,S
755,3109,2021-05-05T14:28:13.024000+00:00,1.0,P
755,3353,2021-05-05T14:28:15.464000+00:00,1.0,S
756,3109,2021-05-05T14:28:13.024000+00:00,1.0,P
756,3353,2021-05-05T14:28:15.464000+00:00,1.0,S
757,3109,2021-05-05T14:28:13.024000+00:00,1.0,P
757,3352,2021-05-05T14:28:15.454000+00:00,1.0,S
758,3109,2021-05-05T14:28:13.024000+00:00,1.0,P
758,3352,2021-05-05T14:28:15.454000+00:00,1.0,S
759,3109,2021-05-05T14:28:13.024000+00:00,1.0,P
759,3352,2021-05-05T14:28:15.454000+00:00,1.0,S
760,3109,2021-05-05T14:28:13.024000+00:00,1.0,P
760,3352,2021-05-05T14:28:15.454000+00:00,1.0,S
761,3109,2021-05-05T14:28:13.024000+00:00,1.0,P
761,3352,2021-05-05T14:28:15.454000+00:00,1.0,S
762,3109,2021-05-05T14:28:13.024000+00:00,1.0,P
762,3352,2021-05-05T14:28:15.454000+00:00,1.0,S
763,3109,2021-05-05T14:28:13.024000+00:00,1.0,P
763,3351,2021-05-05T14:28:15.443999+00:00,1.0,S
764,3109,2021-05-05T14:28:13.024000+00:00,1.0,P
764,3351,2021-05-05T14:28:15.443999+00:00,1.0,S
765,3109,2021-05-05T14:28:13.024000+00:00,1.0,P
765,3351,2021-05-05T14:28:15.443999+00:00,1.0,S
766,3109,2021-05-05T14:28:13.024000+00:00,1.0,P
766,3351,2021-05-05T14:28:15.443999+00:00,1.0,S
767,3108,2021-05-05T14:28:13.014000+00:00,1.0,P
767,3351,2021-05-05T14:28:15.443999+00:00,1.0,S
768,3108,2021-05-05T14:28:13.014000+00:00,1.0,P
768,3350,2021-05-05T14:28:15.434000+00:00,1.0,S
769,3108,2021-05-05T14:28:13.014000+00:00,1.0,P
769,3350,2021-05-05T14:28:15.434000+00:00,1.0,S
770,3108,2021-05-05T14:28:13.014000+00:00,1.0,P
770,3350,2021-05-05T14:28:15.434000+00:00,1.0,S
771,3108,2021-05-05T14:28:13.014000+00:00,1.0,P
771,3350,2021-05-05T14:28:15.434000+00:00,1.0,S
772,3108,2021-05-05T14:28:13.014000+00:00,1.0,P
772,3350,2021-05-05T14:28:15.434000+00:00,1.0,S
773,3108,2021-05-05T14:28:13.014000+00:00,1.0,P
773,3349,2021-05-05T14:28:15.424000+00:00,1.0,S
774,3108,2021-05-05T14:28:13.014000+00:00,1.0,P
774,3349,2021-05-05T14:28:15.424000+00:00,1.0,S
775,3108,2021-05-05T14:28:13.014000+00:00,1.0,P
775,3349,2021-05-05T14:28:15.424000+00:00,1.0,S
776,3108,2021-05-05T14:28:13.014000+00:00,1.0,P
776,3349,2021-05-05T14:28:15.424000+00:00,1.0,S
777,3108,2021-05-05T14:28:13.014000+00:00,1.0,P
777,3349,2021-05-05T14:28:15.424000+00:00,1.0,S
778,3107,2021-05-05T14:28:13.004000+00:00,1.0,P
778,3348,2021-05-05T14:28:15.414000+00:00,1.0,S
779,3107,2021-05-05T14:28:13.004000+00:00,1.0,P
779,3348,2021-05-05T14:28:15.414000+00:00,1.0,S
780,3107,2021-05-05T14:28:13.004000+00:00,1.0,P
780,3348,2021-05-05T14:28:15.414000+00:00,1.0,S
781,3107,2021-05-05T14:28:13.004000+00:00,1.0,P
781,3348,2021-05-05T14:28:15.414000+00:00,1.0,S
782,3107,2021-05-05T14:28:13.004000+00:00,1.0,P
782,3348,2021-05-05T14:28:15.414000+00:00,1.0,S
783,3107,2021-05-05T14:28:13.004000+00:00,1.0,P
783,3347,2021-05-05T14:28:15.404000+00:00,1.0,S
784,3107,2021-05-05T14:28:13.004000+00:00,1.0,P
784,3347,2021-05-05T14:28:15.404000+00:00,1.0,S
785,3107,2021-05-05T14:28:13.004000+00:00,1.0,P
785,3347,2021-05-05T14:28:15.404000+00:00,1.0,S
786,3107,2021-05-05T14:28:13.004000+00:00,1.0,P
786,3347,2021-05-05T14:28:15.404000+00:00,1.0,S
787,3107,2021-05-05T14:28:13.004000+00:00,1.0,P
787,3347,2021-05-05T14:28:15.404000+00:00,1.0,S
788,3106,2021-05-05T14:28:12.994000+00:00,1.0,P
788,3347,2021-05-05T14:28:15.404000+00:00,1.0,S
789,3106,2021-05-05T14:28:12.994000+00:00,1.0,P
789,3346,2021-05-05T14:28:15.394000+00:00,1.0,S
790,3106,2021-05-05T14:28:12.994000+00:00,1.0,P
790,3346,2021-05-05T14:28:15.394000+00:00,1.0,S
791,3106,2021-05-05T14:28:12.994000+00:00,1.0,P
791,3346,2021-05-05T14:28:15.394000+00:00,1.0,S
792,3106,2021-05-05T14:28:12.994000+00:00,1.0,P
792,3346,2021-05-05T14:28:15.394000+00:00,1.0,S
793,3106,2021-05-05T14:28:12.994000+00:00,1.0,P
793,3346,2021-05-05T14:28:15.394000+00:00,1.0,S
794,3106,2021-05-05T14:28:12.994000+00:00,1.0,P
794,3345,2021-05-05T14:28:15.384000+00:00,1.0,S
795,3106,2021-05-05T14:28:12.994000+00:00,1.0,P
795,3345,2021-05-05T14:28:15.384000+00:00,1.0,S
796,3106,2021-05-05T14:28:12.994000+00:00,1.0,P
796,3345,2021-05-05T14:28:15.384000+00:00,1.0,S
797,3106,2021-05-05T14:28:12.994000+00:00,1.0,P
797,3345,2021-05-05T14:28:15.384000+00:00,1.0,S
798,3105,2021-05-05T14:28:12.984000+00:00,1.0,P
798,3345,2021-05-05T14:28:15.384000+00:00,1.0,S
799,3105,2021-05-05T14:28:12.984000+00:00,1.0,P
799,3344,2021-05-05T14:28:15.373999+00:00,1.0,S
800,3105,2021-05-05T14:28:12.984000+00:00,1.0,P
800,3344,2021-05-05T14:28:15.373999+00:00,1.0,S
801,3105,2021-05-05T14:28:12.984000+00:00,1.0,P
801,3344,2021-05-05T14:28:15.373999+00:00,1.0,S
802,3105,2021-05-05T14:28:12.984000+00:00,1.0,P
802,3344,2021-05-05T14:28:15.373999+00:00,1.0,S
803,3105,2021-05-05T14:28:12.984000+00:00,1.0,P
803,3344,2021-05-05T14:28:15.373999+00:00,1.0,S
804,3105,2021-05-05T14:28:12.984000+00:00,1.0,P
804,3343,2021-05-05T14:28:15.364000+00:00,1.0,S
805,3105,2021-05-05T14:28:12.984000+00:00,1.0,P
805,3343,2021-05-05T14:28:15.364000+00:00,1.0,S
806,3105,2021-05-05T14:28:12.984000+00:00,1.0,P
806,3343,2021-05-05T14:28:15.364000+00:00,1.0,S
807,3104,2021-05-05T14:28:12.974000+00:00,1.0,P
807,3343,2021-05-05T14:28:15.364000+00:00,1.0,S
808,3104,2021-05-05T14:28:12.974000+00:00,1.0,P
808,3343,2021-05-05T14:28:15.364000+00:00,1.0,S
809,3104,2021-05-05T14:28:12.974000+00:00,1.0,P
809,3342,2021-05-05T14:28:15.354000+00:00,1.0,S
810,3104,2021-05-05T14:28:12.974000+00:00,1.0,P
810,3342,2021-05-05T14:28:15.354000+00:00,1.0,S
811,3104,2021-05-05T14:28:12.974000+00:00,1.0,P
811,3342,2021-05-05T14:28:15.354000+00:00,1.0,S
812,3104,2021-05-05T14:28:12.974000+00:00,1.0,P
812,3342,2021-05-05T14:28:15.354000+00:00,1.0,S
813,3104,2021-05-05T14:28:12.974000+00:00,1.0,P
813,3342,2021-05-05T14:28:15.354000+00:00,1.0,S
814,3104,2021-05-05T14:28:12.974000+00:00,1.0,P
814,3341,2021-05-05T14:28:15.344000+00:00,1.0,S
815,3104,2021-05-05T14:28:12.974000+00:00,1.0,P
815,3341,2021-05-05T14:28:15.344000+00:00,1.0,S
816,3104,2021-05-05T14:28:12.974000+00:00,1.0,P
816,3341,2021-05-05T14:28:15.344000+00:00,1.0,S
817,3103,2021-05-05T14:28:12.964000+00:00,1.0,P
817,3341,2021-05-05T14:28:15.344000+00:00,1.0,S
818,3103,2021-05-05T14:28:12.964000+00:00,1.0,P
818,3341,2021-05-05T14:28:15.344000+00:00,1.0,S
819,3103,2021-05-05T14:28:12.964000+00:00,1.0,P
819,3341,2021-05-05T14:28:15.344000+00:00,1.0,S
820,3103,2021-05-05T14:28:12.964000+00:00,1.0,P
820,3340,2021-05-05T14:28:15.334000+00:00,1.0,S
821,3103,2021-05-05T14:28:12.964000+00:00,1.0,P
821,3340,2021-05-05T14:28:15.334000+00:00,1.0,S
822,3103,2021-05-05T14:28:12.964000+00:00,1.0,P
822,3340,2021-05-05T14:28:15.334000+00:00,1.0,S
823,3103,2021-05-05T14:28:12.964000+00:00,1.0,P
823,3340,2021-05-05T14:28:15.334000+00:00,1.0,S
824,3103,2021-05-05T14:28:12.964000+00:00,1.0,P
824,3340,2021-05-05T14:28:15.334000+00:00,1.0,S
825,3103,2021-05-05T14:28:12.964000+00:00,1.0,P
825,3339,2021-05-05T14:28:15.324000+00:00,1.0,S
826,3103,2021-05-05T14:28:12.964000+00:00,1.0,P
826,3339,2021-05-05T14:28:15.324000+00:00,1.0,S
827,3103,2021-05-05T14:28:12.964000+00:00,1.0,P
827,3339,2021-05-05T14:28:15.324000+00:00,1.0,S
828,3103,2021-05-05T14:28:12.964000+00:00,1.0,P
828,3339,2021-05-05T14:28:15.324000+00:00,1.0,S
829,3102,2021-05-05T14:28:12.954000+00:00,1.0,P
829,3339,2021-05-05T14:28:15.324000+00:00,1.0,S
830,3102,2021-05-05T14:28:12.954000+00:00,1.0,P
830,3338,2021-05-05T14:28:15.314000+00:00,1.0,S
831,3102,2021-05-05T14:28:12.954000+00:00,1.0,P
831,3338,2021-05-05T14:28:15.314000+00:00,1.0,S
832,3102,2021-05-05T14:28:12.954000+00:00,1.0,P
832,3338,2021-05-05T14:28:15.314000+00:00,1.0,S
833,3102,2021-05-05T14:28:12.954000+00:00,1.0,P
833,3338,2021-05-05T14:28:15.314000+00:00,1.0,S
834,3102,2021-05-05T14:28:12.954000+00:00,1.0,P
834,3338,2021-05-05T14:28:15.314000+00:00,1.0,S
835,3102,2021-05-05T14:28:12.954000+00:00,1.0,P
835,3337,2021-05-05T14:28:15.303999+00:00,1.0,S
836,3102,2021-05-05T14:28:12.954000+00:00,1.0,P
836,3337,2021-05-05T14:28:15.303999+00:00,1.0,S
837,3102,2021-05-05T14:28:12.954000+00:00,1.0,P
837,3337,2021-05-05T14:28:15.303999+00:00,1.0,S
838,3102,2021-05-05T14:28:12.954000+00:00,1.0,P
838,3337,2021-05-05T14:28:15.303999+00:00,1.0,S
839,3102,2021-05-05T14:28:12.954000+00:00,1.0,P
839,3337,2021-05-05T14:28:15.303999+00:00,1.0,S
840,3102,2021-05-05T14:28:12.954000+00:00,1.0,P
840,3336,2021-05-05T14:28:15.294000+00:00,1.0,S
841,3102,2021-05-05T14:28:12.954000+00:00,1.0,P
841,3336,2021-05-05T14:28:15.294000+00:00,1.0,S
842,3102,2021-05-05T14:28:12.954000+00:00,1.0,P
842,3336,2021-05-05T14:28:15.294000+00:00,1.0,S
843,3102,2021-05-05T14:28:12.954000+00:00,1.0,P
843,3336,2021-05-05T14:28:15.294000+00:00,1.0,S
844,3102,2021-05-05T14:28:12.954000+00:00,1.0,P
844,3336,2021-05-05T14:28:15.294000+00:00,1.0,S
845,3102,2021-05-05T14:28:12.954000+00:00,1.0,P
845,3335,2021-05-05T14:28:15.284000+00:00,1.0,S
846,3102,2021-05-05T14:28:12.954000+00:00,1.0,P
846,3335,2021-05-05T14:28:15.284000+00:00,1.0,S
847,3102,2021-05-05T14:28:12.954000+00:00,1.0,P
847,3335,2021-05-05T14:28:15.284000+00:00,1.0,S
848,3101,2021-05-05T14:28:12.944000+00:00,1.0,P
848,3335,2021-05-05T14:28:15.284000+00:00,1.0,S
849,3101,2021-05-05T14:28:12.944000+00:00,1.0,P
849,3335,2021-05-05T14:28:15.284000+00:00,1.0,S
850,3101,2021-05-05T14:28:12.944000+00:00,1.0,P
850,3335,2021-05-05T14:28:15.284000+00:00,1.0,S
851,3101,2021-05-05T14:28:12.944000+00:00,1.0,P
851,3334,2021-05-05T14:28:15.274000+00:00,1.0,S
852,3101,2021-05-05T14:28:12.944000+00:00,1.0,P
852,3334,2021-05-05T14:28:15.274000+00:00,1.0,S
853,3101,2021-05-05T14:28:12.944000+00:00,1.0,P
853,3334,2021-05-05T14:28:15.274000+00:00,1.0,S
854,3101,2021-05-05T14:28:12.944000+00:00,1.0,P
854,3334,2021-05-05T14:28:15.274000+00:00,1.0,S
855,3101,2021-05-05T14:28:12.944000+00:00,1.0,P
855,3334,2021-05-05T14:28:15.274000+00:00,1.0,S
856,3101,2021-05-05T14:28:12.944000+00:00,1.0,P
856,3333,2021-05-05T14:28:15.264000+00:00,1.0,S
857,3101,2021-05-05T14:28:12.944000+00:00,1.0,P
857,3333,2021-05-05T14:28:15.264000+00:00,1.0,S
858,3101,2021-05-05T14:28:12.944000+00:00,1.0,P
858,3333,2021-05-05T14:28:15.264000+00:00,1.0,S
859,3101,2021-05-05T14:28:12.944000+00:00,1.0,P
859,3333,2021-05-05T14:28:15.264000+00:00,1.0,S
860,3101,2021-05-05T14:28:12.944000+00:00,1.0,P
860,3332,2021-05-05T14:28:15.254000+00:00,1.0,S
861,3101,2021-05-05T14:28:12.944000+00:00,1.0,P
861,3332,2021-05-05T14:28:15.254000+00:00,1.0,S
862,3101,2021-05-05T14:28:12.944000+00:00,1.0,P
862,3331,2021-05-05T14:28:15.244000+00:00,1.0,S
863,3101,2021-05-05T14:28:12.944000+00:00,1.0,P
863,3331,2021-05-05T14:28:15.244000+00:00,1.0,S
864,3101,2021-05-05T14:28:12.944000+00:00,1.0,P
864,3331,2021-05-05T14:28:15.244000+00:00,1.0,S
865,3101,2021-05-05T14:28:12.944000+00:00,1.0,P
865,3330,2021-05-05T14:28:15.233999+00:00,1.0,S
866,3101,2021-05-05T14:28:12.944000+00:00,1.0,P
866,3330,2021-05-05T14:28:15.233999+00:00,1.0,S
867,3101,2021-05-05T14:28:12.944000+00:00,1.0,P
867,3330,2021-05-05T14:28:15.233999+00:00,1.0,S
868,3101,2021-05-05T14:28:12.944000+00:00,1.0,P
868,3330,2021-05-05T14:28:15.233999+00:00,1.0,S
869,3101,2021-05-05T14:28:12.944000+00:00,1.0,P
869,3329,2021-05-05T14:28:15.224000+00:00,1.0,S
870,3101,2021-05-05T14:28:12.944000+00:00,1.0,P
870,3329,2021-05-05T14:28:15.224000+00:00,1.0,S
871,3101,2021-05-05T14:28:12.944000+00:00,1.0,P
871,3329,2021-05-05T14:28:15.224000+00:00,1.0,S
872,3101,2021-05-05T14:28:12.944000+00:00,1.0,P
872,3328,2021-05-05T14:28:15.214000+00:00,1.0,S
873,3101,2021-05-05T14:28:12.944000+00:00,1.0,P
873,3328,2021-05-05T14:28:15.214000+00:00,1.0,S
874,3101,2021-05-05T14:28:12.944000+00:00,1.0,P
874,3328,2021-05-05T14:28:15.214000+00:00,1.0,S
875,3101,2021-05-05T14:28:12.944000+00:00,1.0,P
875,3327,2021-05-05T14:28:15.204000+00:00,1.0,S
876,3101,2021-05-05T14:28:12.944000+00:00,1.0,P
876,3327,2021-05-05T14:28:15.204000+00:00,1.0,S
877,3101,2021-05-05T14:28:12.944000+00:00,1.0,P
877,3327,2021-05-05T14:28:15.204000+00:00,1.0,S
878,3101,2021-05-05T14:28:12.944000+00:00,1.0,P
878,3327,2021-05-05T14:28:15.204000+00:00,1.0,S
879,3101,2021-05-05T14:28:12.944000+00:00,1.0,P
879,3327,2021-05-05T14:28:15.204000+00:00,1.0,S
880,3101,2021-05-05T14:28:12.944000+00:00,1.0,P
880,3327,2021-05-05T14:28:15.204000+00:00,1.0,S
881,3101,2021-05-05T14:28:12.944000+00:00,1.0,P
881,3327,2021-05-05T14:28:15.204000+00:00,1.0,S
882,3101,2021-05-05T14:28:12.944000+00:00,1.0,P
882,3326,2021-05-05T14:28:15.193999+00:00,1.0,S
883,3101,2021-05-05T14:28:12.944000+00:00,1.0,P
883,3326,2021-05-05T14:28:15.193999+00:00,1.0,S
884,3100,2021-05-05T14:28:12.934000+00:00,1.0,P
884,3326,2021-05-05T14:28:15.193999+00:00,1.0,S
885,3100,2021-05-05T14:28:12.934000+00:00,1.0,P
885,3326,2021-05-05T14:28:15.193999+00:00,1.0,S
886,3100,2021-05-05T14:28:12.934000+00:00,1.0,P
886,3326,2021-05-05T14:28:15.193999+00:00,1.0,S
887,3100,2021-05-05T14:28:12.934000+00:00,1.0,P
887,3326,2021-05-05T14:28:15.193999+00:00,1.0,S
888,3100,2021-05-05T14:28:12.934000+00:00,1.0,P
888,3326,2021-05-05T14:28:15.193999+00:00,1.0,S
889,3100,2021-05-05T14:28:12.934000+00:00,1.0,P
889,3325,2021-05-05T14:28:15.184000+00:00,1.0,S
890,3100,2021-05-05T14:28:12.934000+00:00,1.0,P
890,3325,2021-05-05T14:28:15.184000+00:00,1.0,S
891,3100,2021-05-05T14:28:12.934000+00:00,1.0,P
891,3324,2021-05-05T14:28:15.174000+00:00,1.0,S
892,3100,2021-05-05T14:28:12.934000+00:00,1.0,P
892,3324,2021-05-05T14:28:15.174000+00:00,1.0,S
893,3100,2021-05-05T14:28:12.934000+00:00,1.0,P
893,3324,2021-05-05T14:28:15.174000+00:00,1.0,S
894,3100,2021-05-05T14:28:12.934000+00:00,1.0,P
894,3323,2021-05-05T14:28:15.164000+00:00,1.0,S
895,3100,2021-05-05T14:28:12.934000+00:00,1.0,P
895,3323,2021-05-05T14:28:15.164000+00:00,1.0,S
896,3100,2021-05-05T14:28:12.934000+00:00,1.0,P
896,3323,2021-05-05T14:28:15.164000+00:00,1.0,S
897,3100,2021-05-05T14:28:12.934000+00:00,1.0,P
897,3323,2021-05-05T14:28:15.164000+00:00,1.0,S
898,3100,2021-05-05T14:28:12.934000+00:00,1.0,P
898,3323,2021-05-05T14:28:15.164000+00:00,1.0,S
899,3100,2021-05-05T14:28:12.934000+00:00,1.0,P
899,3322,2021-05-05T14:28:15.154000+00:00,1.0,S
900,3100,2021-05-05T14:28:12.934000+00:00,1.0,P
900,3322,2021-05-05T14:28:15.154000+00:00,1.0,S
901,3100,2021-05-05T14:28:12.934000+00:00,1.0,P
901,3322,2021-05-05T14:28:15.154000+00:00,1.0,S
902,3100,2021-05-05T14:28:12.934000+00:00,1.0,P
902,3321,2021-05-05T14:28:15.144000+00:00,1.0,S
903,3100,2021-05-05T14:28:12.934000+00:00,1.0,P
903,3321,2021-05-05T14:28:15.144000+00:00,1.0,S
904,3100,2021-05-05T14:28:12.934000+00:00,1.0,P
904,3320,2021-05-05T14:28:15.134000+00:00,1.0,S
905,3100,2021-05-05T14:28:12.934000+00:00,1.0,P
905,3320,2021-05-05T14:28:15.134000+00:00,1.0,S
906,3100,2021-05-05T14:28:12.934000+00:00,1.0,P
906,3319,2021-05-05T14:28:15.123999+00:00,1.0,S
907,3100,2021-05-05T14:28:12.934000+00:00,1.0,P
907,3319,2021-05-05T14:28:15.123999+00:00,1.0,S
908,3100,2021-05-05T14:28:12.934000+00:00,1.0,P
908,3319,2021-05-05T14:28:15.123999+00:00,1.0,S
909,3100,2021-05-05T14:28:12.934000+00:00,1.0,P
909,3319,2021-05-05T14:28:15.123999+00:00,1.0,S
910,3100,2021-05-05T14:28:12.934000+00:00,1.0,P
910,3319,2021-05-05T14:28:15.123999+00:00,1.0,S
911,3100,2021-05-05T14:28:12.934000+00:00,1.0,P
911,3319,2021-05-05T14:28:15.123999+00:00,1.0,S
912,3100,2021-05-05T14:28:12.934000+00:00,1.0,P
912,3318,2021-05-05T14:28:15.114000+00:00,1.0,S
913,3100,2021-05-05T14:28:12.934000+00:00,1.0,P
913,3318,2021-05-05T14:28:15.114000+00:00,1.0,S
914,3100,2021-05-05T14:28:12.934000+00:00,1.0,P
914,3318,2021-05-05T14:28:15.114000+00:00,1.0,S
915,3100,2021-05-05T14:28:12.934000+00:00,1.0,P
915,3318,2021-05-05T14:28:15.114000+00:00,1.0,S
916,3100,2021-05-05T14:28:12.934000+00:00,1.0,P
916,3318,2021-05-05T14:28:15.114000+00:00,1.0,S
917,3100,2021-05-05T14:28:12.934000+00:00,1.0,P
917,3318,2021-05-05T14:28:15.114000+00:00,1.0,S
918,3100,2021-05-05T14:28:12.934000+00:00,1.0,P
918,3318,2021-05-05T14:28:15.114000+00:00,1.0,S
919,3100,2021-05-05T14:28:12.934000+00:00,1.0,P
919,3317,2021-05-05T14:28:15.104000+00:00,1.0,S
920,3100,2021-05-05T14:28:12.934000+00:00,1.0,P
920,3317,2021-05-05T14:28:15.104000+00:00,1.0,S
921,3100,2021-05-05T14:28:12.934000+00:00,1.0,P
921,3317,2021-05-05T14:28:15.104000+00:00,1.0,S
922,3100,2021-05-05T14:28:12.934000+00:00,1.0,P
922,3317,2021-05-05T14:28:15.104000+00:00,1.0,S
923,3100,2021-05-05T14:28:12.934000+00:00,1.0,P
923,3317,2021-05-05T14:28:15.104000+00:00,1.0,S
924,3099,2021-05-05T14:28:12.924000+00:00,1.0,P
924,3316,2021-05-05T14:28:15.094000+00:00,1.0,S
925,3099,2021-05-05T14:28:12.924000+00:00,1.0,P
925,3316,2021-05-05T14:28:15.094000+00:00,1.0,S
926,3099,2021-05-05T14:28:12.924000+00:00,1.0,P
926,3316,2021-05-05T14:28:15.094000+00:00,1.0,S
927,3099,2021-05-05T14:28:12.924000+00:00,1.0,P
927,3316,2021-05-05T14:28:15.094000+00:00,1.0,S
928,3099,2021-05-05T14:28:12.924000+00:00,1.0,P
928,3316,2021-05-05T14:28:15.094000+00:00,1.0,S
929,3099,2021-05-05T14:28:12.924000+00:00,1.0,P
929,3315,2021-05-05T14:28:15.084000+00:00,1.0,S
930,3099,2021-05-05T14:28:12.924000+00:00,1.0,P
930,3315,2021-05-05T14:28:15.084000+00:00,1.0,S
931,3099,2021-05-05T14:28:12.924000+00:00,1.0,P
931,3315,2021-05-05T14:28:15.084000+00:00,1.0,S
932,3099,2021-05-05T14:28:12.924000+00:00,1.0,P
932,3315,2021-05-05T14:28:15.084000+00:00,1.0,S
933,3099,2021-05-05T14:28:12.924000+00:00,1.0,P
933,3315,2021-05-05T14:28:15.084000+00:00,1.0,S
934,3099,2021-05-05T14:28:12.924000+00:00,1.0,P
934,3314,2021-05-05T14:28:15.074000+00:00,1.0,S
935,3099,2021-05-05T14:28:12.924000+00:00,1.0,P
935,3314,2021-05-05T14:28:15.074000+00:00,1.0,S
936,3099,2021-05-05T14:28:12.924000+00:00,1.0,P
936,3314,2021-05-05T14:28:15.074000+00:00,1.0,S
937,3099,2021-05-05T14:28:12.924000+00:00,1.0,P
937,3314,2021-05-05T14:28:15.074000+00:00,1.0,S
938,3099,2021-05-05T14:28:12.924000+00:00,1.0,P
938,3314,2021-05-05T14:28:15.074000+00:00,1.0,S
939,3099,2021-05-05T14:28:12.924000+00:00,1.0,P
939,3314,2021-05-05T14:28:15.074000+00:00,1.0,S
940,3099,2021-05-05T14:28:12.924000+00:00,1.0,P
940,3313,2021-05-05T14:28:15.064000+00:00,1.0,S
941,3099,2021-05-05T14:28:12.924000+00:00,1.0,P
941,3313,2021-05-05T14:28:15.064000+00:00,1.0,S
942,3099,2021-05-05T14:28:12.924000+00:00,1.0,P
942,3313,2021-05-05T14:28:15.064000+00:00,1.0,S
943,3099,2021-05-05T14:28:12.924000+00:00,1.0,P
943,3313,2021-05-05T14:28:15.064000+00:00,1.0,S
944,3099,2021-05-05T14:28:12.924000+00:00,1.0,P
944,3313,2021-05-05T14:28:15.064000+00:00,1.0,S
945,3099,2021-05-05T14:28:12.924000+00:00,1.0,P
945,3312,2021-05-05T14:28:15.053999+00:00,1.0,S
946,3099,2021-05-05T14:28:12.924000+00:00,1.0,P
946,3312,2021-05-05T14:28:15.053999+00:00,1.0,S
947,3099,2021-05-05T14:28:12.924000+00:00,1.0,P
947,3312,2021-05-05T14:28:15.053999+00:00,1.0,S
948,3099,2021-05-05T14:28:12.924000+00:00,1.0,P
948,3312,2021-05-05T14:28:15.053999+00:00,1.0,S
949,3099,2021-05-05T14:28:12.924000+00:00,1.0,P
949,3312,2021-05-05T14:28:15.053999+00:00,1.0,S
950,3099,2021-05-05T14:28:12.924000+00:00,1.0,P
950,3311,2021-05-05T14:28:15.044000+00:00,1.0,S
951,3099,2021-05-05T14:28:12.924000+00:00,1.0,P
951,3311,2021-05-05T14:28:15.044000+00:00,1.0,S
952,3099,2021-05-05T14:28:12.924000+00:00,1.0,P
952,3311,2021-05-05T14:28:15.044000+00:00,1.0,S
953,3099,2021-05-05T14:28:12.924000+00:00,1.0,P
953,3311,2021-05-05T14:28:15.044000+00:00,1.0,S
954,3099,2021-05-05T14:28:12.924000+00:00,1.0,P
954,3311,2021-05-05T14:28:15.044000+00:00,1.0,S
955,3099,2021-05-05T14:28:12.924000+00:00,1.0,P
955,3311,2021-05-05T14:28:15.044000+00:00,1.0,S
956,3099,2021-05-05T14:28:12.924000+00:00,1.0,P
956,3311,2021-05-05T14:28:15.044000+00:00,1.0,S
957,3099,2021-05-05T14:28:12.924000+00:00,1.0,P
957,3311,2021-05-05T14:28:15.044000+00:00,1.0,S
958,3099,2021-05-05T14:28:12.924000+00:00,1.0,P
958,3311,2021-05-05T14:28:15.044000+00:00,1.0,S
959,3099,2021-05-05T14:28:12.924000+00:00,1.0,P
959,3310,2021-05-05T14:28:15.034000+00:00,1.0,S
960,3099,2021-05-05T14:28:12.924000+00:00,1.0,P
960,3310,2021-05-05T14:28:15.034000+00:00,1.0,S
961,3099,2021-05-05T14:28:12.924000+00:00,1.0,P
961,3310,2021-05-05T14:28:15.034000+00:00,1.0,S
962,3099,2021-05-05T14:28:12.924000+00:00,1.0,P
962,3310,2021-05-05T14:28:15.034000+00:00,1.0,S
963,3099,2021-05-05T14:28:12.924000+00:00,1.0,P
963,3310,2021-05-05T14:28:15.034000+00:00,1.0,S
964,3099,2021-05-05T14:28:12.924000+00:00,1.0,P
964,3310,2021-05-05T14:28:15.034000+00:00,1.0,S
965,3099,2021-05-05T14:28:12.924000+00:00,1.0,P
965,3310,2021-05-05T14:28:15.034000+00:00,1.0,S
966,3099,2021-05-05T14:28:12.924000+00:00,1.0,P
966,3310,2021-05-05T14:28:15.034000+00:00,1.0,S
967,3099,2021-05-05T14:28:12.924000+00:00,1.0,P
967,3310,2021-05-05T14:28:15.034000+00:00,1.0,S
968,3099,2021-05-05T14:28:12.924000+00:00,1.0,P
968,3310,2021-05-05T14:28:15.034000+00:00,1.0,S
969,3099,2021-05-05T14:28:12.924000+00:00,1.0,P
969,3309,2021-05-05T14:28:15.024000+00:00,1.0,S
970,3099,2021-05-05T14:28:12.924000+00:00,1.0,P
970,3309,2021-05-05T14:28:15.024000+00:00,1.0,S
971,3099,2021-05-05T14:28:12.924000+00:00,1.0,P
971,3309,2021-05-05T14:28:15.024000+00:00,1.0,S
972,3099,2021-05-05T14:28:12.924000+00:00,1.0,P
972,3309,2021-05-05T14:28:15.024000+00:00,1.0,S
973,3098,2021-05-05T14:28:12.914000+00:00,1.0,P
973,3309,2021-05-05T14:28:15.024000+00:00,1.0,S
974,3098,2021-05-05T14:28:12.914000+00:00,1.0,P
974,3309,2021-05-05T14:28:15.024000+00:00,1.0,S
975,3098,2021-05-05T14:28:12.914000+00:00,1.0,P
975,3309,2021-05-05T14:28:15.024000+00:00,1.0,S
976,3098,2021-05-05T14:28:12.914000+00:00,1.0,P
976,3309,2021-05-05T14:28:15.024000+00:00,1.0,S
977,3098,2021-05-05T14:28:12.914000+00:00,1.0,P
977,3309,2021-05-05T14:28:15.024000+00:00,1.0,S
978,3098,2021-05-05T14:28:12.914000+00:00,1.0,P
978,3309,2021-05-05T14:28:15.024000+00:00,1.0,S
979,3098,2021-05-05T14:28:12.914000+00:00,1.0,P
979,3309,2021-05-05T14:28:15.024000+00:00,1.0,S
980,3098,2021-05-05T14:28:12.914000+00:00,1.0,P
980,3309,2021-05-05T14:28:15.024000+00:00,1.0,S
981,3098,2021-05-05T14:28:12.914000+00:00,1.0,P
981,3309,2021-05-05T14:28:15.024000+00:00,1.0,S
982,3098,2021-05-05T14:28:12.914000+00:00,1.0,P
982,3309,2021-05-05T14:28:15.024000+00:00,1.0,S
983,3098,2021-05-05T14:28:12.914000+00:00,1.0,P
983,3309,2021-05-05T14:28:15.024000+00:00,1.0,S
984,3098,2021-05-05T14:28:12.914000+00:00,1.0,P
984,3309,2021-05-05T14:28:15.024000+00:00,1.0,S
985,3098,2021-05-05T14:28:12.914000+00:00,1.0,P
985,3309,2021-05-05T14:28:15.024000+00:00,1.0,S
986,3098,2021-05-05T14:28:12.914000+00:00,1.0,P
986,3309,2021-05-05T14:28:15.024000+00:00,1.0,S
987,3098,2021-05-05T14:28:12.914000+00:00,1.0,P
987,3309,2021-05-05T14:28:15.024000+00:00,1.0,S
988,3098,2021-05-05T14:28:12.914000+00:00,1.0,P
988,3309,2021-05-05T14:28:15.024000+00:00,1.0,S
989,3098,2021-05-05T14:28:12.914000+00:00,1.0,P
989,3309,2021-05-05T14:28:15.024000+00:00,1.0,S
990,3098,2021-05-05T14:28:12.914000+00:00,1.0,P
990,3309,2021-05-05T14:28:15.024000+00:00,1.0,S
991,3098,2021-05-05T14:28:12.914000+00:00,1.0,P
991,3309,2021-05-05T14:28:15.024000+00:00,1.0,S
992,3098,2021-05-05T14:28:12.914000+00:00,1.0,P
992,3309,2021-05-05T14:28:15.024000+00:00,1.0,S
993,3098,2021-05-05T14:28:12.914000+00:00,1.0,P
993,3309,2021-05-05T14:28:15.024000+00:00,1.0,S
994,3098,2021-05-05T14:28:12.914000+00:00,1.0,P
994,3309,2021-05-05T14:28:15.024000+00:00,1.0,S
995,3098,2021-05-05T14:28:12.914000+00:00,1.0,P
995,3309,2021-05-05T14:28:15.024000+00:00,1.0,S
996,3098,2021-05-05T14:28:12.914000+00:00,1.0,P
996,3309,2021-05-05T14:28:15.024000+00:00,1.0,S
997,3098,2021-05-05T14:28:12.914000+00:00,1.0,P
997,3308,2021-05-05T14:28:15.014000+00:00,1.0,S
998,3098,2021-05-05T14:28:12.914000+00:00,1.0,P
998,3308,2021-05-05T14:28:15.014000+00:00,1.0,S
999,3098,2021-05-05T14:28:12.914000+00:00,1.0,P
999,3308,2021-05-05T14:28:15.014000+00:00,1.0,S
1000,3098,2021-05-05T14:28:12.914000+00:00,1.0,P
1000,3308,2021-05-05T14:28:15.014000+00:00,1.0,S
1001,3098,2021-05-05T14:28:12.914000+00:00,1.0,P
1001,3308,2021-05-05T14:28:15.014000+00:00,1.0,S
1002,3098,2021-05-05T14:28:12.914000+00:00,1.0,P
1002,3308,2021-05-05T14:28:15.014000+00:00,1.0,S
1003,3098,2021-05-05T14:28:12.914000+00:00,1.0,P
1003,3308,2021-05-05T14:28:15.014000+00:00,1.0,S
1004,3098,2021-05-05T14:28:12.914000+00:00,1.0,P
1004,3308,2021-05-05T14:28:15.014000+00:00,1.0,S
1005,3098,2021-05-05T14:28:12.914000+00:00,1.0,P
1005,3308,2021-05-05T14:28:15.014000+00:00,1.0,S
1006,3098,2021-05-05T14:28:12.914000+00:00,1.0,P
1006,3308,2021-05-05T14:28:15.014000+00:00,1.0,S
1007,3098,2021-05-05T14:28:12.914000+00:00,1.0,P
1007,3308,2021-05-05T14:28:15.014000+00:00,1.0,S
1008,3098,2021-05-05T14:28:12.914000+00:00,1.0,P
1008,3308,2021-05-05T14:28:15.014000+00:00,1.0,S
1009,3098,2021-05-05T14:28:12.914000+00:00,1.0,P
1009,3308,2021-05-05T14:28:15.014000+00:00,1.0,S
1010,3098,2021-05-05T14:28:12.914000+00:00,1.0,P
1010,3308,2021-05-05T14:28:15.014000+00:00,1.0,S
1011,3098,2021-05-05T14:28:12.914000+00:00,1.0,P
1011,3308,2021-05-05T14:28:15.014000+00:00,1.0,S
1012,3097,2021-05-05T14:28:12.904000+00:00,1.0,P
1012,3308,2021-05-05T14:28:15.014000+00:00,1.0,S
1013,3097,2021-05-05T14:28:12.904000+00:00,1.0,P
1013,3308,2021-05-05T14:28:15.014000+00:00,1.0,S
1014,3097,2021-05-05T14:28:12.904000+00:00,1.0,P
1014,3308,2021-05-05T14:28:15.014000+00:00,1.0,S
1015,3097,2021-05-05T14:28:12.904000+00:00,1.0,P
1015,3308,2021-05-05T14:28:15.014000+00:00,1.0,S
1016,3097,2021-05-05T14:28:12.904000+00:00,1.0,P
1016,3308,2021-05-05T14:28:15.014000+00:00,1.0,S
1017,3097,2021-05-05T14:28:12.904000+00:00,1.0,P
1017,3308,2021-05-05T14:28:15.014000+00:00,1.0,S
1018,3097,2021-05-05T14:28:12.904000+00:00,1.0,P
1018,3308,2021-05-05T14:28:15.014000+00:00,1.0,S
1019,3097,2021-05-05T14:28:12.904000+00:00,1.0,P
1019,3308,2021-05-05T14:28:15.014000+00:00,1.0,S
1020,3097,2021-05-05T14:28:12.904000+00:00,1.0,P
1020,3308,2021-05-05T14:28:15.014000+00:00,1.0,S
1021,3097,2021-05-05T14:28:12.904000+00:00,1.0,P
1021,3308,2021-05-05T14:28:15.014000+00:00,1.0,S
1022,3097,2021-05-05T14:28:12.904000+00:00,1.0,P
1022,3308,2021-05-05T14:28:15.014000+00:00,1.0,S
1023,3097,2021-05-05T14:28:12.904000+00:00,1.0,P
1023,3308,2021-05-05T14:28:15.014000+00:00,1.0,S
1024,3097,2021-05-05T14:28:12.904000+00:00,1.0,P
1024,3308,2021-05-05T14:28:15.014000+00:00,1.0,S
1025,3097,2021-05-05T14:28:12.904000+00:00,1.0,P
1025,3308,2021-05-05T14:28:15.014000+00:00,1.0,S
1026,3097,2021-05-05T14:28:12.904000+00:00,1.0,P
1026,3308,2021-05-05T14:28:15.014000+00:00,1.0,S
1027,3097,2021-05-05T14:28:12.904000+00:00,1.0,P
1027,3308,2021-05-05T14:28:15.014000+00:00,1.0,S
1028,3097,2021-05-05T14:28:12.904000+00:00,1.0,P
1028,3308,2021-05-05T14:28:15.014000+00:00,1.0,S
1029,3097,2021-05-05T14:28:12.904000+00:00,1.0,P
1029,3307,2021-05-05T14:28:15.004000+00:00,1.0,S
1030,3097,2021-05-05T14:28:12.904000+00:00,1.0,P
1030,3307,2021-05-05T14:28:15.004000+00:00,1.0,S
1031,3097,2021-05-05T14:28:12.904000+00:00,1.0,P
1031,3307,2021-05-05T14:28:15.004000+00:00,1.0,S
1032,3097,2021-05-05T14:28:12.904000+00:00,1.0,P
1032,3307,2021-05-05T14:28:15.004000+00:00,1.0,S
1033,3097,2021-05-05T14:28:12.904000+00:00,1.0,P
1033,3307,2021-05-05T14:28:15.004000+00:00,1.0,S
1034,3097,2021-05-05T14:28:12.904000+00:00,1.0,P
1034,3307,2021-05-05T14:28:15.004000+00:00,1.0,S
1035,3097,2021-05-05T14:28:12.904000+00:00,1.0,P
1035,3307,2021-05-05T14:28:15.004000+00:00,1.0,S
1036,3096,2021-05-05T14:28:12.894000+00:00,1.0,P
1036,3307,2021-05-05T14:28:15.004000+00:00,1.0,S
1037,3096,2021-05-05T14:28:12.894000+00:00,1.0,P
1037,3307,2021-05-05T14:28:15.004000+00:00,1.0,S
1038,3096,2021-05-05T14:28:12.894000+00:00,1.0,P
1038,3307,2021-05-05T14:28:15.004000+00:00,1.0,S
1039,3096,2021-05-05T14:28:12.894000+00:00,1.0,P
1039,3307,2021-05-05T14:28:15.004000+00:00,1.0,S
1040,3096,2021-05-05T14:28:12.894000+00:00,1.0,P
1040,3307,2021-05-05T14:28:15.004000+00:00,1.0,S
1041,3096,2021-05-05T14:28:12.894000+00:00,1.0,P
1041,3307,2021-05-05T14:28:15.004000+00:00,1.0,S
1042,3096,2021-05-05T14:28:12.894000+00:00,1.0,P
1042,3307,2021-05-05T14:28:15.004000+00:00,1.0,S
1043,3096,2021-05-05T14:28:12.894000+00:00,1.0,P
1043,3307,2021-05-05T14:28:15.004000+00:00,1.0,S
1044,3096,2021-05-05T14:28:12.894000+00:00,1.0,P
1044,3307,2021-05-05T14:28:15.004000+00:00,1.0,S
1045,3096,2021-05-05T14:28:12.894000+00:00,1.0,P
1045,3307,2021-05-05T14:28:15.004000+00:00,1.0,S
1046,3096,2021-05-05T14:28:12.894000+00:00,1.0,P
1046,3307,2021-05-05T14:28:15.004000+00:00,1.0,S
1047,3096,2021-05-05T14:28:12.894000+00:00,1.0,P
1047,3307,2021-05-05T14:28:15.004000+00:00,1.0,S
1048,3096,2021-05-05T14:28:12.894000+00:00,1.0,P
1048,3306,2021-05-05T14:28:14.994000+00:00,1.0,S
1049,3096,2021-05-05T14:28:12.894000+00:00,1.0,P
1049,3306,2021-05-05T14:28:14.994000+00:00,1.0,S
1050,3096,2021-05-05T14:28:12.894000+00:00,1.0,P
1050,3306,2021-05-05T14:28:14.994000+00:00,1.0,S
1051,3095,2021-05-05T14:28:12.884000+00:00,1.0,P
1051,3306,2021-05-05T14:28:14.994000+00:00,1.0,S
1052,3095,2021-05-05T14:28:12.884000+00:00,1.0,P
1052,3306,2021-05-05T14:28:14.994000+00:00,1.0,S
1053,3095,2021-05-05T14:28:12.884000+00:00,1.0,P
1053,3306,2021-05-05T14:28:14.994000+00:00,1.0,S
1054,3095,2021-05-05T14:28:12.884000+00:00,1.0,P
1054,3306,2021-05-05T14:28:14.994000+00:00,1.0,S
1055,3095,2021-05-05T14:28:12.884000+00:00,1.0,P
1055,3306,2021-05-05T14:28:14.994000+00:00,1.0,S
1056,3095,2021-05-05T14:28:12.884000+00:00,1.0,P
1056,3306,2021-05-05T14:28:14.994000+00:00,1.0,S
1057,3095,2021-05-05T14:28:12.884000+00:00,1.0,P
1057,3306,2021-05-05T14:28:14.994000+00:00,1.0,S
1058,3095,2021-05-05T14:28:12.884000+00:00,1.0,P
1058,3306,2021-05-05T14:28:14.994000+00:00,1.0,S
1059,3095,2021-05-05T14:28:12.884000+00:00,1.0,P
1059,3306,2021-05-05T14:28:14.994000+00:00,1.0,S
1060,3095,2021-05-05T14:28:12.884000+00:00,1.0,P
1060,3306,2021-05-05T14:28:14.994000+00:00,1.0,S
1061,3095,2021-05-05T14:28:12.884000+00:00,1.0,P
1061,3306,2021-05-05T14:28:14.994000+00:00,1.0,S
1062,3095,2021-05-05T14:28:12.884000+00:00,1.0,P
1062,3306,2021-05-05T14:28:14.994000+00:00,1.0,S
1063,3095,2021-05-05T14:28:12.884000+00:00,1.0,P
1063,3306,2021-05-05T14:28:14.994000+00:00,1.0,S
1064,3094,2021-05-05T14:28:12.874000+00:00,1.0,P
1064,3305,2021-05-05T14:28:14.983999+00:00,1.0,S
1065,3094,2021-05-05T14:28:12.874000+00:00,1.0,P
1065,3305,2021-05-05T14:28:14.983999+00:00,1.0,S
1066,3094,2021-05-05T14:28:12.874000+00:00,1.0,P
1066,3305,2021-05-05T14:28:14.983999+00:00,1.0,S
1067,3094,2021-05-05T14:28:12.874000+00:00,1.0,P
1067,3305,2021-05-05T14:28:14.983999+00:00,1.0,S
1068,3094,2021-05-05T14:28:12.874000+00:00,1.0,P
1068,3305,2021-05-05T14:28:14.983999+00:00,1.0,S
1069,3094,2021-05-05T14:28:12.874000+00:00,1.0,P
1069,3305,2021-05-05T14:28:14.983999+00:00,1.0,S
1070,3094,2021-05-05T14:28:12.874000+00:00,1.0,P
1070,3304,2021-05-05T14:28:14.974000+00:00,1.0,S
1071,3094,2021-05-05T14:28:12.874000+00:00,1.0,P
1071,3304,2021-05-05T14:28:14.974000+00:00,1.0,S
1072,3094,2021-05-05T14:28:12.874000+00:00,1.0,P
1072,3304,2021-05-05T14:28:14.974000+00:00,1.0,S
1073,3094,2021-05-05T14:28:12.874000+00:00,1.0,P
1073,3304,2021-05-05T14:28:14.974000+00:00,1.0,S
1074,3094,2021-05-05T14:28:12.874000+00:00,1.0,P
1074,3304,2021-05-05T14:28:14.974000+00:00,1.0,S
1075,3094,2021-05-05T14:28:12.874000+00:00,1.0,P
1075,3304,2021-05-05T14:28:14.974000+00:00,1.0,S
1076,3094,2021-05-05T14:28:12.874000+00:00,1.0,P
1076,3304,2021-05-05T14:28:14.974000+00:00,1.0,S
1077,3094,2021-05-05T14:28:12.874000+00:00,1.0,P
1077,3304,2021-05-05T14:28:14.974000+00:00,1.0,S
1078,3093,2021-05-05T14:28:12.864000+00:00,1.0,P
1078,3304,2021-05-05T14:28:14.974000+00:00,1.0,S
1079,3093,2021-05-05T14:28:12.864000+00:00,1.0,P
1079,3304,2021-05-05T14:28:14.974000+00:00,1.0,S
1080,3093,2021-05-05T14:28:12.864000+00:00,1.0,P
1080,3304,2021-05-05T14:28:14.974000+00:00,1.0,S
1081,3093,2021-05-05T14:28:12.864000+00:00,1.0,P
1081,3304,2021-05-05T14:28:14.974000+00:00,1.0,S
1082,3093,2021-05-05T14:28:12.864000+00:00,1.0,P
1082,3304,2021-05-05T14:28:14.974000+00:00,1.0,S
1083,3093,2021-05-05T14:28:12.864000+00:00,1.0,P
1083,3304,2021-05-05T14:28:14.974000+00:00,1.0,S
1084,3093,2021-05-05T14:28:12.864000+00:00,1.0,P
1084,3304,2021-05-05T14:28:14.974000+00:00,1.0,S
1085,3093,2021-05-05T14:28:12.864000+00:00,1.0,P
1085,3304,2021-05-05T14:28:14.974000+00:00,1.0,S
1086,3093,2021-05-05T14:28:12.864000+00:00,1.0,P
1086,3304,2021-05-05T14:28:14.974000+00:00,1.0,S
1087,3093,2021-05-05T14:28:12.864000+00:00,1.0,P
1087,3304,2021-05-05T14:28:14.974000+00:00,1.0,S
1088,3093,2021-05-05T14:28:12.864000+00:00,1.0,P
1088,3304,2021-05-05T14:28:14.974000+00:00,1.0,S
1089,3093,2021-05-05T14:28:12.864000+00:00,1.0,P
1089,3303,2021-05-05T14:28:14.964000+00:00,1.0,S
1090,3093,2021-05-05T14:28:12.864000+00:00,1.0,P
1090,3303,2021-05-05T14:28:14.964000+00:00,1.0,S
1091,3092,2021-05-05T14:28:12.854000+00:00,1.0,P
1091,3303,2021-05-05T14:28:14.964000+00:00,1.0,S
1092,3092,2021-05-05T14:28:12.854000+00:00,1.0,P
1092,3303,2021-05-05T14:28:14.964000+00:00,1.0,S
1093,3092,2021-05-05T14:28:12.854000+00:00,1.0,P
1093,3303,2021-05-05T14:28:14.964000+00:00,1.0,S
1094,3092,2021-05-05T14:28:12.854000+00:00,1.0,P
1094,3303,2021-05-05T14:28:14.964000+00:00,1.0,S
1095,3092,2021-05-05T14:28:12.854000+00:00,1.0,P
1095,3303,2021-05-05T14:28:14.964000+00:00,1.0,S
1096,3092,2021-05-05T14:28:12.854000+00:00,1.0,P
1096,3303,2021-05-05T14:28:14.964000+00:00,1.0,S
1097,3092,2021-05-05T14:28:12.854000+00:00,1.0,P
1097,3303,2021-05-05T14:28:14.964000+00:00,1.0,S
1098,3092,2021-05-05T14:28:12.854000+00:00,1.0,P
1098,3303,2021-05-05T14:28:14.964000+00:00,1.0,S
1099,3092,2021-05-05T14:28:12.854000+00:00,1.0,P
1099,3302,2021-05-05T14:28:14.954000+00:00,1.0,S
1100,3092,2021-05-05T14:28:12.854000+00:00,1.0,P
1100,3302,2021-05-05T14:28:14.954000+00:00,1.0,S
1101,3092,2021-05-05T14:28:12.854000+00:00,1.0,P
1101,3302,2021-05-05T14:28:14.954000+00:00,1.0,S
1102,3092,2021-05-05T14:28:12.854000+00:00,1.0,P
1102,3302,2021-05-05T14:28:14.954000+00:00,1.0,S
1103,3092,2021-05-05T14:28:12.854000+00:00,1.0,P
1103,3302,2021-05-05T14:28:14.954000+00:00,1.0,S
1104,3092,2021-05-05T14:28:12.854000+00:00,1.0,P
1104,3302,2021-05-05T14:28:14.954000+00:00,1.0,S
1105,3091,2021-05-05T14:28:12.844000+00:00,1.0,P
1105,3302,2021-05-05T14:28:14.954000+00:00,1.0,S
1106,3091,2021-05-05T14:28:12.844000+00:00,1.0,P
1106,3302,2021-05-05T14:28:14.954000+00:00,1.0,S
1107,3091,2021-05-05T14:28:12.844000+00:00,1.0,P
1107,3302,2021-05-05T14:28:14.954000+00:00,1.0,S
1108,3091,2021-05-05T14:28:12.844000+00:00,1.0,P
1108,3302,2021-05-05T14:28:14.954000+00:00,1.0,S
1109,3091,2021-05-05T14:28:12.844000+00:00,1.0,P
1109,3302,2021-05-05T14:28:14.954000+00:00,1.0,S
1110,3091,2021-05-05T14:28:12.844000+00:00,1.0,P
1110,3301,2021-05-05T14:28:14.943999+00:00,1.0,S
1111,3091,2021-05-05T14:28:12.844000+00:00,1.0,P
1111,3301,2021-05-05T14:28:14.943999+00:00,1.0,S
1112,3091,2021-05-05T14:28:12.844000+00:00,1.0,P
1112,3301,2021-05-05T14:28:14.943999+00:00,1.0,S
1113,3091,2021-05-05T14:28:12.844000+00:00,1.0,P
1113,3301,2021-05-05T14:28:14.943999+00:00,1.0,S
1114,3091,2021-05-05T14:28:12.844000+00:00,1.0,P
1114,3301,2021-05-05T14:28:14.943999+00:00,1.0,S
1115,3091,2021-05-05T14:28:12.844000+00:00,1.0,P
1115,3301,2021-05-05T14:28:14.943999+00:00,1.0,S
1116,3091,2021-05-05T14:28:12.844000+00:00,1.0,P
1116,3300,2021-05-05T14:28:14.934000+00:00,1.0,S
1117,3091,2021-05-05T14:28:12.844000+00:00,1.0,P
1117,3300,2021-05-05T14:28:14.934000+00:00,1.0,S
1118,3091,2021-05-05T14:28:12.844000+00:00,1.0,P
1118,3300,2021-05-05T14:28:14.934000+00:00,1.0,S
1119,3090,2021-05-05T14:28:12.834000+00:00,1.0,P
1119,3300,2021-05-05T14:28:14.934000+00:00,1.0,S
1120,3090,2021-05-05T14:28:12.834000+00:00,1.0,P
1120,3300,2021-05-05T14:28:14.934000+00:00,1.0,S
1121,3090,2021-05-05T14:28:12.834000+00:00,1.0,P
1121,3300,2021-05-05T14:28:14.934000+00:00,1.0,S
1122,3090,2021-05-05T14:28:12.834000+00:00,1.0,P
1122,3299,2021-05-05T14:28:14.924000+00:00,1.0,S
1123,3090,2021-05-05T14:28:12.834000+00:00,1.0,P
1123,3299,2021-05-05T14:28:14.924000+00:00,1.0,S
1124,3090,2021-05-05T14:28:12.834000+00:00,1.0,P
1124,3299,2021-05-05T14:28:14.924000+00:00,1.0,S
1125,3090,2021-05-05T14:28:12.834000+00:00,1.0,P
1125,3299,2021-05-05T14:28:14.924000+00:00,1.0,S
1126,3090,2021-05-05T14:28:12.834000+00:00,1.0,P
1126,3299,2021-05-05T14:28:14.924000+00:00,1.0,S
1127,3090,2021-05-05T14:28:12.834000+00:00,1.0,P
1127,3299,2021-05-05T14:28:14.924000+00:00,1.0,S
1128,3090,2021-05-05T14:28:12.834000+00:00,1.0,P
1128,3299,2021-05-05T14:28:14.924000+00:00,1.0,S
1129,3090,2021-05-05T14:28:12.834000+00:00,1.0,P
1129,3299,2021-05-05T14:28:14.924000+00:00,1.0,S
1130,3090,2021-05-05T14:28:12.834000+00:00,1.0,P
1130,3299,2021-05-05T14:28:14.924000+00:00,1.0,S
1131,3089,2021-05-05T14:28:12.824000+00:00,1.0,P
1131,3298,2021-05-05T14:28:14.914000+00:00,1.0,S
1132,3089,2021-05-05T14:28:12.824000+00:00,1.0,P
1132,3298,2021-05-05T14:28:14.914000+00:00,1.0,S
1133,3089,2021-05-05T14:28:12.824000+00:00,1.0,P
1133,3298,2021-05-05T14:28:14.914000+00:00,1.0,S
1134,3089,2021-05-05T14:28:12.824000+00:00,1.0,P
1134,3298,2021-05-05T14:28:14.914000+00:00,1.0,S
1135,3089,2021-05-05T14:28:12.824000+00:00,1.0,P
1135,3298,2021-05-05T14:28:14.914000+00:00,1.0,S
1136,3089,2021-05-05T14:28:12.824000+00:00,1.0,P
1136,3298,2021-05-05T14:28:14.914000+00:00,1.0,S
1137,3089,2021-05-05T14:28:12.824000+00:00,1.0,P
1137,3298,2021-05-05T14:28:14.914000+00:00,1.0,S
1138,3089,2021-05-05T14:28:12.824000+00:00,1.0,P
1138,3298,2021-05-05T14:28:14.914000+00:00,1.0,S
1139,3089,2021-05-05T14:28:12.824000+00:00,1.0,P
1139,3298,2021-05-05T14:28:14.914000+00:00,1.0,S
1140,3089,2021-05-05T14:28:12.824000+00:00,1.0,P
1140,3298,2021-05-05T14:28:14.914000+00:00,1.0,S
1141,3089,2021-05-05T14:28:12.824000+00:00,1.0,P
1141,3297,2021-05-05T14:28:14.904000+00:00,1.0,S
1142,3089,2021-05-05T14:28:12.824000+00:00,1.0,P
1142,3297,2021-05-05T14:28:14.904000+00:00,1.0,S
1143,3088,2021-05-05T14:28:12.814000+00:00,1.0,P
1143,3297,2021-05-05T14:28:14.904000+00:00,1.0,S
1144,3088,2021-05-05T14:28:12.814000+00:00,1.0,P
1144,3297,2021-05-05T14:28:14.904000+00:00,1.0,S
1145,3088,2021-05-05T14:28:12.814000+00:00,1.0,P
1145,3297,2021-05-05T14:28:14.904000+00:00,1.0,S
1146,3088,2021-05-05T14:28:12.814000+00:00,1.0,P
1146,3297,2021-05-05T14:28:14.904000+00:00,1.0,S
1147,3088,2021-05-05T14:28:12.814000+00:00,1.0,P
1147,3297,2021-05-05T14:28:14.904000+00:00,1.0,S
1148,3088,2021-05-05T14:28:12.814000+00:00,1.0,P
1148,3297,2021-05-05T14:28:14.904000+00:00,1.0,S
1149,3088,2021-05-05T14:28:12.814000+00:00,1.0,P
1149,3297,2021-05-05T14:28:14.904000+00:00,1.0,S
1150,3088,2021-05-05T14:28:12.814000+00:00,1.0,P
1150,3297,2021-05-05T14:28:14.904000+00:00,1.0,S
1151,3088,2021-05-05T14:28:12.814000+00:00,1.0,P
1151,3297,2021-05-05T14:28:14.904000+00:00,1.0,S
1152,3088,2021-05-05T14:28:12.814000+00:00,1.0,P
1152,3297,2021-05-05T14:28:14.904000+00:00,1.0,S
1153,3087,2021-05-05T14:28:12.804000+00:00,1.0,P
1153,3296,2021-05-05T14:28:14.894000+00:00,1.0,S
1154,3087,2021-05-05T14:28:12.804000+00:00,1.0,P
1154,3296,2021-05-05T14:28:14.894000+00:00,1.0,S
1155,3087,2021-05-05T14:28:12.804000+00:00,1.0,P
1155,3296,2021-05-05T14:28:14.894000+00:00,1.0,S
1156,3087,2021-05-05T14:28:12.804000+00:00,1.0,P
1156,3296,2021-05-05T14:28:14.894000+00:00,1.0,S
1157,3087,2021-05-05T14:28:12.804000+00:00,1.0,P
1157,3296,2021-05-05T14:28:14.894000+00:00,1.0,S
1158,3087,2021-05-05T14:28:12.804000+00:00,1.0,P
1158,3296,2021-05-05T14:28:14.894000+00:00,1.0,S
1159,3087,2021-05-05T14:28:12.804000+00:00,1.0,P
1159,3295,2021-05-05T14:28:14.884000+00:00,1.0,S
1160,3087,2021-05-05T14:28:12.804000+00:00,1.0,P
1160,3295,2021-05-05T14:28:14.884000+00:00,1.0,S
1161,3087,2021-05-05T14:28:12.804000+00:00,1.0,P
1161,3295,2021-05-05T14:28:14.884000+00:00,1.0,S
1162,3087,2021-05-05T14:28:12.804000+00:00,1.0,P
1162,3295,2021-05-05T14:28:14.884000+00:00,1.0,S
1163,3086,2021-05-05T14:28:12.794000+00:00,1.0,P
1163,3295,2021-05-05T14:28:14.884000+00:00,1.0,S
1164,3086,2021-05-05T14:28:12.794000+00:00,1.0,P
1164,3295,2021-05-05T14:28:14.884000+00:00,1.0,S
1165,3086,2021-05-05T14:28:12.794000+00:00,1.0,P
1165,3295,2021-05-05T14:28:14.884000+00:00,1.0,S
1166,3086,2021-05-05T14:28:12.794000+00:00,1.0,P
1166,3295,2021-05-05T14:28:14.884000+00:00,1.0,S
1167,3086,2021-05-05T14:28:12.794000+00:00,1.0,P
1167,3295,2021-05-05T14:28:14.884000+00:00,1.0,S
1168,3086,2021-05-05T14:28:12.794000+00:00,1.0,P
1168,3295,2021-05-05T14:28:14.884000+00:00,1.0,S
1169,3086,2021-05-05T14:28:12.794000+00:00,1.0,P
1169,3295,2021-05-05T14:28:14.884000+00:00,1.0,S
1170,3086,2021-05-05T14:28:12.794000+00:00,1.0,P
1170,3294,2021-05-05T14:28:14.873999+00:00,1.0,S
1171,3086,2021-05-05T14:28:12.794000+00:00,1.0,P
1171,3294,2021-05-05T14:28:14.873999+00:00,1.0,S
1172,3085,2021-05-05T14:28:12.784000+00:00,1.0,P
1172,3294,2021-05-05T14:28:14.873999+00:00,1.0,S
1173,3085,2021-05-05T14:28:12.784000+00:00,1.0,P
1173,3294,2021-05-05T14:28:14.873999+00:00,1.0,S
1174,3085,2021-05-05T14:28:12.784000+00:00,1.0,P
1174,3294,2021-05-05T14:28:14.873999+00:00,1.0,S
1175,3085,2021-05-05T14:28:12.784000+00:00,1.0,P
1175,3294,2021-05-05T14:28:14.873999+00:00,1.0,S
1176,3085,2021-05-05T14:28:12.784000+00:00,1.0,P
1176,3294,2021-05-05T14:28:14.873999+00:00,1.0,S
1177,3085,2021-05-05T14:28:12.784000+00:00,1.0,P
1177,3294,2021-05-05T14:28:14.873999+00:00,1.0,S
1178,3085,2021-05-05T14:28:12.784000+00:00,1.0,P
1178,3294,2021-05-05T14:28:14.873999+00:00,1.0,S
1179,3085,2021-05-05T14:28:12.784000+00:00,1.0,P
1179,3294,2021-05-05T14:28:14.873999+00:00,1.0,S
1180,3085,2021-05-05T14:28:12.784000+00:00,1.0,P
1180,3294,2021-05-05T14:28:14.873999+00:00,1.0,S
1181,3085,2021-05-05T14:28:12.784000+00:00,1.0,P
1181,3293,2021-05-05T14:28:14.864000+00:00,1.0,S
1182,3084,2021-05-05T14:28:12.774000+00:00,1.0,P
1182,3293,2021-05-05T14:28:14.864000+00:00,1.0,S
1183,3084,2021-05-05T14:28:12.774000+00:00,1.0,P
1183,3293,2021-05-05T14:28:14.864000+00:00,1.0,S
1184,3084,2021-05-05T14:28:12.774000+00:00,1.0,P
1184,3293,2021-05-05T14:28:14.864000+00:00,1.0,S
1185,3084,2021-05-05T14:28:12.774000+00:00,1.0,P
1185,3293,2021-05-05T14:28:14.864000+00:00,1.0,S
1186,3084,2021-05-05T14:28:12.774000+00:00,1.0,P
1186,3293,2021-05-05T14:28:14.864000+00:00,1.0,S
1187,3084,2021-05-05T14:28:12.774000+00:00,1.0,P
1187,3293,2021-05-05T14:28:14.864000+00:00,1.0,S
1188,3084,2021-05-05T14:28:12.774000+00:00,1.0,P
1188,3293,2021-05-05T14:28:14.864000+00:00,1.0,S
1189,3084,2021-05-05T14:28:12.774000+00:00,1.0,P
1189,3292,2021-05-05T14:28:14.854000+00:00,1.0,S
1190,3084,2021-05-05T14:28:12.774000+00:00,1.0,P
1190,3292,2021-05-05T14:28:14.854000+00:00,1.0,S
1191,3084,2021-05-05T14:28:12.774000+00:00,1.0,P
1191,3292,2021-05-05T14:28:14.854000+00:00,1.0,S
1192,3083,2021-05-05T14:28:12.764000+00:00,1.0,P
1192,3292,2021-05-05T14:28:14.854000+00:00,1.0,S
1193,3083,2021-05-05T14:28:12.764000+00:00,1.0,P
1193,3292,2021-05-05T14:28:14.854000+00:00,1.0,S
1194,3083,2021-05-05T14:28:12.764000+00:00,1.0,P
1194,3292,2021-05-05T14:28:14.854000+00:00,1.0,S
1195,3083,2021-05-05T14:28:12.764000+00:00,1.0,P
1195,3291,2021-05-05T14:28:14.844000+00:00,1.0,S
1196,3083,2021-05-05T14:28:12.764000+00:00,1.0,P
1196,3291,2021-05-05T14:28:14.844000+00:00,1.0,S
1197,3083,2021-05-05T14:28:12.764000+00:00,1.0,P
1197,3291,2021-05-05T14:28:14.844000+00:00,1.0,S
1198,3083,2021-05-05T14:28:12.764000+00:00,1.0,P
1198,3291,2021-05-05T14:28:14.844000+00:00,1.0,S
1199,3083,2021-05-05T14:28:12.764000+00:00,1.0,P
1199,3291,2021-05-05T14:28:14.844000+00:00,1.0,S
1200,3083,2021-05-05T14:28:12.764000+00:00,1.0,P
1200,3291,2021-05-05T14:28:14.844000+00:00,1.0,S
1201,3083,2021-05-05T14:28:12.764000+00:00,1.0,P
1201,3290,2021-05-05T14:28:14.834000+00:00,1.0,S
1202,3083,2021-05-05T14:28:12.764000+00:00,1.0,P
1202,3290,2021-05-05T14:28:14.834000+00:00,1.0,S
1203,3082,2021-05-05T14:28:12.754000+00:00,1.0,P
1203,3290,2021-05-05T14:28:14.834000+00:00,1.0,S
1204,3082,2021-05-05T14:28:12.754000+00:00,1.0,P
1204,3290,2021-05-05T14:28:14.834000+00:00,1.0,S
1205,3082,2021-05-05T14:28:12.754000+00:00,1.0,P
1205,3290,2021-05-05T14:28:14.834000+00:00,1.0,S
1206,3082,2021-05-05T14:28:12.754000+00:00,1.0,P
1206,3289,2021-05-05T14:28:14.824000+00:00,1.0,S
1207,3082,2021-05-05T14:28:12.754000+00:00,1.0,P
1207,3289,2021-05-05T14:28:14.824000+00:00,1.0,S
1208,3082,2021-05-05T14:28:12.754000+00:00,1.0,P
1208,3289,2021-05-05T14:28:14.824000+00:00,1.0,S
1209,3082,2021-05-05T14:28:12.754000+00:00,1.0,P
1209,3289,2021-05-05T14:28:14.824000+00:00,1.0,S
1210,3082,2021-05-05T14:28:12.754000+00:00,1.0,P
1210,3288,2021-05-05T14:28:14.814000+00:00,1.0,S
1211,3082,2021-05-05T14:28:12.754000+00:00,1.0,P
1211,3288,2021-05-05T14:28:14.814000+00:00,1.0,S
1212,3082,2021-05-05T14:28:12.754000+00:00,1.0,P
1212,3288,2021-05-05T14:28:14.814000+00:00,1.0,S
1213,3082,2021-05-05T14:28:12.754000+00:00,1.0,P
1213,3288,2021-05-05T14:28:14.814000+00:00,1.0,S
1214,3081,2021-05-05T14:28:12.744000+00:00,1.0,P
1214,3288,2021-05-05T14:28:14.814000+00:00,1.0,S
1215,3081,2021-05-05T14:28:12.744000+00:00,1.0,P
1215,3287,2021-05-05T14:28:14.803999+00:00,1.0,S
1216,3081,2021-05-05T14:28:12.744000+00:00,1.0,P
1216,3287,2021-05-05T14:28:14.803999+00:00,1.0,S
1217,3081,2021-05-05T14:28:12.744000+00:00,1.0,P
1217,3287,2021-05-05T14:28:14.803999+00:00,1.0,S
1218,3081,2021-05-05T14:28:12.744000+00:00,1.0,P
1218,3287,2021-05-05T14:28:14.803999+00:00,1.0,S
1219,3081,2021-05-05T14:28:12.744000+00:00,1.0,P
1219,3286,2021-05-05T14:28:14.794000+00:00,1.0,S
1220,3081,2021-05-05T14:28:12.744000+00:00,1.0,P
1220,3286,2021-05-05T14:28:14.794000+00:00,1.0,S
1221,3081,2021-05-05T14:28:12.744000+00:00,1.0,P
1221,3286,2021-05-05T14:28:14.794000+00:00,1.0,S
1222,3081,2021-05-05T14:28:12.744000+00:00,1.0,P
1222,3286,2021-05-05T14:28:14.794000+00:00,1.0,S
1223,3081,2021-05-05T14:28:12.744000+00:00,1.0,P
1223,3285,2021-05-05T14:28:14.784000+00:00,1.0,S
1224,3080,2021-05-05T14:28:12.734000+00:00,1.0,P
1224,3285,2021-05-05T14:28:14.784000+00:00,1.0,S
1225,3080,2021-05-05T14:28:12.734000+00:00,1.0,P
1225,3285,2021-05-05T14:28:14.784000+00:00,1.0,S
1226,3080,2021-05-05T14:28:12.734000+00:00,1.0,P
1226,3285,2021-05-05T14:28:14.784000+00:00,1.0,S
1227,3080,2021-05-05T14:28:12.734000+00:00,1.0,P
1227,3285,2021-05-05T14:28:14.784000+00:00,1.0,S
1228,3080,2021-05-05T14:28:12.734000+00:00,1.0,P
1228,3284,2021-05-05T14:28:14.774000+00:00,1.0,S
1229,3080,2021-05-05T14:28:12.734000+00:00,1.0,P
1229,3284,2021-05-05T14:28:14.774000+00:00,1.0,S
1230,3080,2021-05-05T14:28:12.734000+00:00,1.0,P
1230,3284,2021-05-05T14:28:14.774000+00:00,1.0,S
1231,3080,2021-05-05T14:28:12.734000+00:00,1.0,P
1231,3284,2021-05-05T14:28:14.774000+00:00,1.0,S
1232,3080,2021-05-05T14:28:12.734000+00:00,1.0,P
1232,3283,2021-05-05T14:28:14.764000+00:00,1.0,S
1233,3079,2021-05-05T14:28:12.724000+00:00,1.0,P
1233,3283,2021-05-05T14:28:14.764000+00:00,1.0,S
1234,3079,2021-05-05T14:28:12.724000+00:00,1.0,P
1234,3283,2021-05-05T14:28:14.764000+00:00,1.0,S
1235,3079,2021-05-05T14:28:12.724000+00:00,1.0,P
1235,3283,2021-05-05T14:28:14.764000+00:00,1.0,S
1236,3079,2021-05-05T14:28:12.724000+00:00,1.0,P
1236,3282,2021-05-05T14:28:14.754000+00:00,1.0,S
1237,3079,2021-05-05T14:28:12.724000+00:00,1.0,P
1237,3282,2021-05-05T14:28:14.754000+00:00,1.0,S
1238,3079,2021-05-05T14:28:12.724000+00:00,1.0,P
1238,3282,2021-05-05T14:28:14.754000+00:00,1.0,S
1239,3079,2021-05-05T14:28:12.724000+00:00,1.0,P
1239,3282,2021-05-05T14:28:14.754000+00:00,1.0,S
1240,3079,2021-05-05T14:28:12.724000+00:00,1.0,P
1240,3281,2021-05-05T14:28:14.744000+00:00,1.0,S
1241,3079,2021-05-05T14:28:12.724000+00:00,1.0,P
1241,3281,2021-05-05T14:28:14.744000+00:00,1.0,S
1242,3079,2021-05-05T14:28:12.724000+00:00,1.0,P
1242,3281,2021-05-05T14:28:14.744000+00:00,1.0,S
1243,3078,2021-05-05T14:28:12.714000+00:00,1.0,P
1243,3281,2021-05-05T14:28:14.744000+00:00,1.0,S
1244,3078,2021-05-05T14:28:12.714000+00:00,1.0,P
1244,3280,2021-05-05T14:28:14.733999+00:00,1.0,S
1245,3078,2021-05-05T14:28:12.714000+00:00,1.0,P
1245,3280,2021-05-05T14:28:14.733999+00:00,1.0,S
1246,3078,2021-05-05T14:28:12.714000+00:00,1.0,P
1246,3280,2021-05-05T14:28:14.733999+00:00,1.0,S
1247,3078,2021-05-05T14:28:12.714000+00:00,1.0,P
1247,3279,2021-05-05T14:28:14.724000+00:00,1.0,S
1248,3078,2021-05-05T14:28:12.714000+00:00,1.0,P
1248,3279,2021-05-05T14:28:14.724000+00:00,1.0,S
1249,3078,2021-05-05T14:28:12.714000+00:00,1.0,P
1249,3279,2021-05-05T14:28:14.724000+00:00,1.0,S
1250,3078,2021-05-05T14:28:12.714000+00:00,1.0,P
1250,3278,2021-05-05T14:28:14.714000+00:00,1.0,S
1251,3078,2021-05-05T14:28:12.714000+00:00,1.0,P
1251,3278,2021-05-05T14:28:14.714000+00:00,1.0,S
1252,3077,2021-05-05T14:28:12.704000+00:00,1.0,P
1252,3278,2021-05-05T14:28:14.714000+00:00,1.0,S
1253,3077,2021-05-05T14:28:12.704000+00:00,1.0,P
1253,3277,2021-05-05T14:28:14.704000+00:00,1.0,S
1254,3077,2021-05-05T14:28:12.704000+00:00,1.0,P
1254,3277,2021-05-05T14:28:14.704000+00:00,1.0,S
1255,3077,2021-05-05T14:28:12.704000+00:00,1.0,P
1255,3277,2021-05-05T14:28:14.704000+00:00,1.0,S
1256,3077,2021-05-05T14:28:12.704000+00:00,1.0,P
1256,3277,2021-05-05T14:28:14.704000+00:00,1.0,S
1257,3077,2021-05-05T14:28:12.704000+00:00,1.0,P
1257,3276,2021-05-05T14:28:14.693999+00:00,1.0,S
1258,3077,2021-05-05T14:28:12.704000+00:00,1.0,P
1258,3276,2021-05-05T14:28:14.693999+00:00,1.0,S
1259,3077,2021-05-05T14:28:12.704000+00:00,1.0,P
1259,3276,2021-05-05T14:28:14.693999+00:00,1.0,S
1260,3076,2021-05-05T14:28:12.694000+00:00,1.0,P
1260,3275,2021-05-05T14:28:14.684000+00:00,1.0,S
1261,3076,2021-05-05T14:28:12.694000+00:00,1.0,P
1261,3275,2021-05-05T14:28:14.684000+00:00,1.0,S
1262,3076,2021-05-05T14:28:12.694000+00:00,1.0,P
1262,3275,2021-05-05T14:28:14.684000+00:00,1.0,S
1263,3076,2021-05-05T14:28:12.694000+00:00,1.0,P
1263,3275,2021-05-05T14:28:14.684000+00:00,1.0,S
1264,3076,2021-05-05T14:28:12.694000+00:00,1.0,P
1264,3274,2021-05-05T14:28:14.674000+00:00,1.0,S
1265,3076,2021-05-05T14:28:12.694000+00:00,1.0,P
1265,3274,2021-05-05T14:28:14.674000+00:00,1.0,S
1266,3076,2021-05-05T14:28:12.694000+00:00,1.0,P
1266,3274,2021-05-05T14:28:14.674000+00:00,1.0,S
1267,3076,2021-05-05T14:28:12.694000+00:00,1.0,P
1267,3274,2021-05-05T14:28:14.674000+00:00,1.0,S
1268,3075,2021-05-05T14:28:12.684000+00:00,1.0,P
1268,3274,2021-05-05T14:28:14.674000+00:00,1.0,S
1269,3075,2021-05-05T14:28:12.684000+00:00,1.0,P
1269,3273,2021-05-05T14:28:14.664000+00:00,1.0,S
1270,3075,2021-05-05T14:28:12.684000+00:00,1.0,P
1270,3273,2021-05-05T14:28:14.664000+00:00,1.0,S
1271,3075,2021-05-05T14:28:12.684000+00:00,1.0,P
1271,3273,2021-05-05T14:28:14.664000+00:00,1.0,S
1272,3075,2021-05-05T14:28:12.684000+00:00,1.0,P
1272,3273,2021-05-05T14:28:14.664000+00:00,1.0,S
1273,3075,2021-05-05T14:28:12.684000+00:00,1.0,P
1273,3272,2021-05-05T14:28:14.654000+00:00,1.0,S
1274,3075,2021-05-05T14:28:12.684000+00:00,1.0,P
1274,3272,2021-05-05T14:28:14.654000+00:00,1.0,S
1275,3075,2021-05-05T14:28:12.684000+00:00,1.0,P
1275,3272,2021-05-05T14:28:14.654000+00:00,1.0,S
1276,3075,2021-05-05T14:28:12.684000+00:00,1.0,P
1276,3272,2021-05-05T14:28:14.654000+00:00,1.0,S
1277,3074,2021-05-05T14:28:12.674000+00:00,1.0,P
1277,3272,2021-05-05T14:28:14.654000+00:00,1.0,S
1278,3074,2021-05-05T14:28:12.674000+00:00,1.0,P
1278,3271,2021-05-05T14:28:14.644000+00:00,1.0,S
1279,3074,2021-05-05T14:28:12.674000+00:00,1.0,P
1279,3271,2021-05-05T14:28:14.644000+00:00,1.0,S
1280,3074,2021-05-05T14:28:12.674000+00:00,1.0,P
1280,3271,2021-05-05T14:28:14.644000+00:00,1.0,S
1281,3074,2021-05-05T14:28:12.674000+00:00,1.0,P
1281,3271,2021-05-05T14:28:14.644000+00:00,1.0,S
1282,3074,2021-05-05T14:28:12.674000+00:00,1.0,P
1282,3271,2021-05-05T14:28:14.644000+00:00,1.0,S
1283,3074,2021-05-05T14:28:12.674000+00:00,1.0,P
1283,3270,2021-05-05T14:28:14.634000+00:00,1.0,S
1284,3074,2021-05-05T14:28:12.674000+00:00,1.0,P
1284,3270,2021-05-05T14:28:14.634000+00:00,1.0,S
1285,3074,2021-05-05T14:28:12.674000+00:00,1.0,P
1285,3270,2021-05-05T14:28:14.634000+00:00,1.0,S
1286,3073,2021-05-05T14:28:12.664000+00:00,1.0,P
1286,3270,2021-05-05T14:28:14.634000+00:00,1.0,S
1287,3073,2021-05-05T14:28:12.664000+00:00,1.0,P
1287,3269,2021-05-05T14:28:14.623999+00:00,1.0,S
1288,3073,2021-05-05T14:28:12.664000+00:00,1.0,P
1288,3269,2021-05-05T14:28:14.623999+00:00,1.0,S
1289,3073,2021-05-05T14:28:12.664000+00:00,1.0,P
1289,3269,2021-05-05T14:28:14.623999+00:00,1.0,S
1290,3073,2021-05-05T14:28:12.664000+00:00,1.0,P
1290,3269,2021-05-05T14:28:14.623999+00:00,1.0,S
1291,3073,2021-05-05T14:28:12.664000+00:00,1.0,P
1291,3269,2021-05-05T14:28:14.623999+00:00,1.0,S
1292,3073,2021-05-05T14:28:12.664000+00:00,1.0,P
1292,3268,2021-05-05T14:28:14.614000+00:00,1.0,S
1293,3073,2021-05-05T14:28:12.664000+00:00,1.0,P
1293,3268,2021-05-05T14:28:14.614000+00:00,1.0,S
1294,3072,2021-05-05T14:28:12.654000+00:00,1.0,P
1294,3268,2021-05-05T14:28:14.614000+00:00,1.0,S
1295,3072,2021-05-05T14:28:12.654000+00:00,1.0,P
1295,3268,2021-05-05T14:28:14.614000+00:00,1.0,S
1296,3072,2021-05-05T14:28:12.654000+00:00,1.0,P
1296,3267,2021-05-05T14:28:14.604000+00:00,1.0,S
1297,3072,2021-05-05T14:28:12.654000+00:00,1.0,P
1297,3267,2021-05-05T14:28:14.604000+00:00,1.0,S
1298,3072,2021-05-05T14:28:12.654000+00:00,1.0,P
1298,3267,2021-05-05T14:28:14.604000+00:00,1.0,S
1299,3072,2021-05-05T14:28:12.654000+00:00,1.0,P
1299,3267,2021-05-05T14:28:14.604000+00:00,1.0,S
1300,3072,2021-05-05T14:28:12.654000+00:00,1.0,P
1300,3267,2021-05-05T14:28:14.604000+00:00,1.0,S
1301,3072,2021-05-05T14:28:12.654000+00:00,1.0,P
1301,3266,2021-05-05T14:28:14.594000+00:00,1.0,S
1302,3072,2021-05-05T14:28:12.654000+00:00,1.0,P
1302,3266,2021-05-05T14:28:14.594000+00:00,1.0,S
1303,3071,2021-05-05T14:28:12.644000+00:00,1.0,P
1303,3266,2021-05-05T14:28:14.594000+00:00,1.0,S
1304,3071,2021-05-05T14:28:12.644000+00:00,1.0,P
1304,3266,2021-05-05T14:28:14.594000+00:00,1.0,S
1305,3071,2021-05-05T14:28:12.644000+00:00,1.0,P
1305,3265,2021-05-05T14:28:14.584000+00:00,1.0,S
1306,3071,2021-05-05T14:28:12.644000+00:00,1.0,P
1306,3265,2021-05-05T14:28:14.584000+00:00,1.0,S
1307,3071,2021-05-05T14:28:12.644000+00:00,1.0,P
1307,3265,2021-05-05T14:28:14.584000+00:00,1.0,S
1308,3071,2021-05-05T14:28:12.644000+00:00,1.0,P
1308,3265,2021-05-05T14:28:14.584000+00:00,1.0,S
1309,3071,2021-05-05T14:28:12.644000+00:00,1.0,P
1309,3265,2021-05-05T14:28:14.584000+00:00,1.0,S
1310,3071,2021-05-05T14:28:12.644000+00:00,1.0,P
1310,3264,2021-05-05T14:28:14.574000+00:00,1.0,S
1311,3071,2021-05-05T14:28:12.644000+00:00,1.0,P
1311,3264,2021-05-05T14:28:14.574000+00:00,1.0,S
1312,3070,2021-05-05T14:28:12.634000+00:00,1.0,P
1312,3264,2021-05-05T14:28:14.574000+00:00,1.0,S
1313,3070,2021-05-05T14:28:12.634000+00:00,1.0,P
1313,3264,2021-05-05T14:28:14.574000+00:00,1.0,S
1314,3070,2021-05-05T14:28:12.634000+00:00,1.0,P
1314,3264,2021-05-05T14:28:14.574000+00:00,1.0,S
1315,3070,2021-05-05T14:28:12.634000+00:00,1.0,P
1315,3263,2021-05-05T14:28:14.564000+00:00,1.0,S
1316,3070,2021-05-05T14:28:12.634000+00:00,1.0,P
1316,3263,2021-05-05T14:28:14.564000+00:00,1.0,S
1317,3070,2021-05-05T14:28:12.634000+00:00,1.0,P
1317,3263,2021-05-05T14:28:14.564000+00:00,1.0,S
1318,3070,2021-05-05T14:28:12.634000+00:00,1.0,P
1318,3263,2021-05-05T14:28:14.564000+00:00,1.0,S
1319,3070,2021-05-05T14:28:12.634000+00:00,1.0,P
1319,3262,2021-05-05T14:28:14.553999+00:00,1.0,S
1320,3069,2021-05-05T14:28:12.624000+00:00,1.0,P
1320,3262,2021-05-05T14:28:14.553999+00:00,1.0,S
1321,3069,2021-05-05T14:28:12.624000+00:00,1.0,P
1321,3262,2021-05-05T14:28:14.553999+00:00,1.0,S
1322,3069,2021-05-05T14:28:12.624000+00:00,1.0,P
1322,3262,2021-05-05T14:28:14.553999+00:00,1.0,S
1323,3069,2021-05-05T14:28:12.624000+00:00,1.0,P
1323,3261,2021-05-05T14:28:14.544000+00:00,1.0,S
1324,3069,2021-05-05T14:28:12.624000+00:00,1.0,P
1324,3261,2021-05-05T14:28:14.544000+00:00,1.0,S
1325,3069,2021-05-05T14:28:12.624000+00:00,1.0,P
1325,3261,2021-05-05T14:28:14.544000+00:00,1.0,S
1326,3069,2021-05-05T14:28:12.624000+00:00,1.0,P
1326,3261,2021-05-05T14:28:14.544000+00:00,1.0,S
1327,3069,2021-05-05T14:28:12.624000+00:00,1.0,P
1327,3260,2021-05-05T14:28:14.534000+00:00,1.0,S
1328,3069,2021-05-05T14:28:12.624000+00:00,1.0,P
1328,3260,2021-05-05T14:28:14.534000+00:00,1.0,S
1329,3069,2021-05-05T14:28:12.624000+00:00,1.0,P
1329,3260,2021-05-05T14:28:14.534000+00:00,1.0,S
1330,3068,2021-05-05T14:28:12.614000+00:00,1.0,P
1330,3259,2021-05-05T14:28:14.524000+00:00,1.0,S
1331,3068,2021-05-05T14:28:12.614000+00:00,1.0,P
1331,3259,2021-05-05T14:28:14.524000+00:00,1.0,S
1332,3068,2021-05-05T14:28:12.614000+00:00,1.0,P
1332,3259,2021-05-05T14:28:14.524000+00:00,1.0,S
1333,3068,2021-05-05T14:28:12.614000+00:00,1.0,P
1333,3259,2021-05-05T14:28:14.524000+00:00,1.0,S
1334,3068,2021-05-05T14:28:12.614000+00:00,1.0,P
1334,3258,2021-05-05T14:28:14.514000+00:00,1.0,S
1335,3068,2021-05-05T14:28:12.614000+00:00,1.0,P
1335,3258,2021-05-05T14:28:14.514000+00:00,1.0,S
1336,3068,2021-05-05T14:28:12.614000+00:00,1.0,P
1336,3258,2021-05-05T14:28:14.514000+00:00,1.0,S
1337,3068,2021-05-05T14:28:12.614000+00:00,1.0,P
1337,3257,2021-05-05T14:28:14.504000+00:00,1.0,S
1338,3068,2021-05-05T14:28:12.614000+00:00,1.0,P
1338,3257,2021-05-05T14:28:14.504000+00:00,1.0,S
1339,3068,2021-05-05T14:28:12.614000+00:00,1.0,P
1339,3257,2021-05-05T14:28:14.504000+00:00,1.0,S
1340,3067,2021-05-05T14:28:12.604000+00:00,1.0,P
1340,3256,2021-05-05T14:28:14.494000+00:00,1.0,S
1341,3067,2021-05-05T14:28:12.604000+00:00,1.0,P
1341,3256,2021-05-05T14:28:14.494000+00:00,1.0,S
1342,3067,2021-05-05T14:28:12.604000+00:00,1.0,P
1342,3256,2021-05-05T14:28:14.494000+00:00,1.0,S
1343,3067,2021-05-05T14:28:12.604000+00:00,1.0,P
1343,3255,2021-05-05T14:28:14.483999+00:00,1.0,S
1344,3067,2021-05-05T14:28:12.604000+00:00,1.0,P
1344,3255,2021-05-05T14:28:14.483999+00:00,1.0,S
1345,3067,2021-05-05T14:28:12.604000+00:00,1.0,P
1345,3255,2021-05-05T14:28:14.483999+00:00,1.0,S
1346,3067,2021-05-05T14:28:12.604000+00:00,1.0,P
1346,3254,2021-05-05T14:28:14.474000+00:00,1.0,S
1347,3067,2021-05-05T14:28:12.604000+00:00,1.0,P
1347,3254,2021-05-05T14:28:14.474000+00:00,1.0,S
1348,3067,2021-05-05T14:28:12.604000+00:00,1.0,P
1348,3254,2021-05-05T14:28:14.474000+00:00,1.0,S
1349,3067,2021-05-05T14:28:12.604000+00:00,1.0,P
1349,3253,2021-05-05T14:28:14.464000+00:00,1.0,S
1350,3066,2021-05-05T14:28:12.594000+00:00,1.0,P
1350,3253,2021-05-05T14:28:14.464000+00:00,1.0,S
1351,3066,2021-05-05T14:28:12.594000+00:00,1.0,P
1351,3252,2021-05-05T14:28:14.454000+00:00,1.0,S
1352,3066,2021-05-05T14:28:12.594000+00:00,1.0,P
1352,3252,2021-05-05T14:28:14.454000+00:00,1.0,S
1353,3066,2021-05-05T14:28:12.594000+00:00,1.0,P
1353,3252,2021-05-05T14:28:14.454000+00:00,1.0,S
1354,3066,2021-05-05T14:28:12.594000+00:00,1.0,P
1354,3251,2021-05-05T14:28:14.443999+00:00,1.0,S
1355,3066,2021-05-05T14:28:12.594000+00:00,1.0,P
1355,3251,2021-05-05T14:28:14.443999+00:00,1.0,S
1356,3066,2021-05-05T14:28:12.594000+00:00,1.0,P
1356,3251,2021-05-05T14:28:14.443999+00:00,1.0,S
1357,3066,2021-05-05T14:28:12.594000+00:00,1.0,P
1357,3250,2021-05-05T14:28:14.434000+00:00,1.0,S
1358,3066,2021-05-05T14:28:12.594000+00:00,1.0,P
1358,3250,2021-05-05T14:28:14.434000+00:00,1.0,S
1359,3066,2021-05-05T14:28:12.594000+00:00,1.0,P
1359,3250,2021-05-05T14:28:14.434000+00:00,1.0,S
1360,3066,2021-05-05T14:28:12.594000+00:00,1.0,P
1360,3249,2021-05-05T14:28:14.424000+00:00,1.0,S
1361,3065,2021-05-05T14:28:12.584000+00:00,1.0,P
1361,3249,2021-05-05T14:28:14.424000+00:00,1.0,S
1362,3065,2021-05-05T14:28:12.584000+00:00,1.0,P
1362,3248,2021-05-05T14:28:14.414000+00:00,1.0,S
1363,3065,2021-05-05T14:28:12.584000+00:00,1.0,P
1363,3248,2021-05-05T14:28:14.414000+00:00,1.0,S
1364,3065,2021-05-05T14:28:12.584000+00:00,1.0,P
1364,3247,2021-05-05T14:28:14.404000+00:00,1.0,S
1365,3065,2021-05-05T14:28:12.584000+00:00,1.0,P
1365,3247,2021-05-05T14:28:14.404000+00:00,1.0,S
1366,3065,2021-05-05T14:28:12.584000+00:00,1.0,P
1366,3247,2021-05-05T14:28:14.404000+00:00,1.0,S
1367,3065,2021-05-05T14:28:12.584000+00:00,1.0,P
1367,3246,2021-05-05T14:28:14.394000+00:00,1.0,S
1368,3065,2021-05-05T14:28:12.584000+00:00,1.0,P
1368,3246,2021-05-05T14:28:14.394000+00:00,1.0,S
1369,3065,2021-05-05T14:28:12.584000+00:00,1.0,P
1369,3245,2021-05-05T14:28:14.384000+00:00,1.0,S
1370,3064,2021-05-05T14:28:12.574000+00:00,1.0,P
1370,3245,2021-05-05T14:28:14.384000+00:00,1.0,S
1371,3064,2021-05-05T14:28:12.574000+00:00,1.0,P
1371,3244,2021-05-05T14:28:14.373999+00:00,1.0,S
1372,3064,2021-05-05T14:28:12.574000+00:00,1.0,P
1372,3244,2021-05-05T14:28:14.373999+00:00,1.0,S
1373,3064,2021-05-05T14:28:12.574000+00:00,1.0,P
1373,3244,2021-05-05T14:28:14.373999+00:00,1.0,S
1374,3064,2021-05-05T14:28:12.574000+00:00,1.0,P
1374,3243,2021-05-05T14:28:14.364000+00:00,1.0,S
1375,3064,2021-05-05T14:28:12.574000+00:00,1.0,P
1375,3243,2021-05-05T14:28:14.364000+00:00,1.0,S
1376,3064,2021-05-05T14:28:12.574000+00:00,1.0,P
1376,3243,2021-05-05T14:28:14.364000+00:00,1.0,S
1377,3064,2021-05-05T14:28:12.574000+00:00,1.0,P
1377,3242,2021-05-05T14:28:14.354000+00:00,1.0,S
1378,3064,2021-05-05T14:28:12.574000+00:00,1.0,P
1378,3242,2021-05-05T14:28:14.354000+00:00,1.0,S
1379,3063,2021-05-05T14:28:12.564000+00:00,1.0,P
1379,3241,2021-05-05T14:28:14.344000+00:00,1.0,S
1380,3063,2021-05-05T14:28:12.564000+00:00,1.0,P
1380,3241,2021-05-05T14:28:14.344000+00:00,1.0,S
1381,3063,2021-05-05T14:28:12.564000+00:00,1.0,P
1381,3240,2021-05-05T14:28:14.334000+00:00,1.0,S
1382,3063,2021-05-05T14:28:12.564000+00:00,1.0,P
1382,3240,2021-05-05T14:28:14.334000+00:00,1.0,S
1383,3063,2021-05-05T14:28:12.564000+00:00,1.0,P
1383,3240,2021-05-05T14:28:14.334000+00:00,1.0,S
1384,3063,2021-05-05T14:28:12.564000+00:00,1.0,P
1384,3239,2021-05-05T14:28:14.324000+00:00,1.0,S
1385,3063,2021-05-05T14:28:12.564000+00:00,1.0,P
1385,3239,2021-05-05T14:28:14.324000+00:00,1.0,S
1386,3063,2021-05-05T14:28:12.564000+00:00,1.0,P
1386,3238,2021-05-05T14:28:14.314000+00:00,1.0,S
1387,3062,2021-05-05T14:28:12.554000+00:00,1.0,P
1387,3238,2021-05-05T14:28:14.314000+00:00,1.0,S
1388,3062,2021-05-05T14:28:12.554000+00:00,1.0,P
1388,3237,2021-05-05T14:28:14.303999+00:00,1.0,S
1389,3062,2021-05-05T14:28:12.554000+00:00,1.0,P
1389,3237,2021-05-05T14:28:14.303999+00:00,1.0,S
1390,3062,2021-05-05T14:28:12.554000+00:00,1.0,P
1390,3237,2021-05-05T14:28:14.303999+00:00,1.0,S
1391,3062,2021-05-05T14:28:12.554000+00:00,1.0,P
1391,3236,2021-05-05T14:28:14.294000+00:00,1.0,S
1392,3062,2021-05-05T14:28:12.554000+00:00,1.0,P
1392,3236,2021-05-05T14:28:14.294000+00:00,1.0,S
1393,3062,2021-05-05T14:28:12.554000+00:00,1.0,P
1393,3235,2021-05-05T14:28:14.284000+00:00,1.0,S
1394,3062,2021-05-05T14:28:12.554000+00:00,1.0,P
1394,3235,2021-05-05T14:28:14.284000+00:00,1.0,S
1395,3061,2021-05-05T14:28:12.544000+00:00,1.0,P
1395,3235,2021-05-05T14:28:14.284000+00:00,1.0,S
1396,3061,2021-05-05T14:28:12.544000+00:00,1.0,P
1396,3234,2021-05-05T14:28:14.274000+00:00,1.0,S
1397,3061,2021-05-05T14:28:12.544000+00:00,1.0,P
1397,3234,2021-05-05T14:28:14.274000+00:00,1.0,S
1398,3061,2021-05-05T14:28:12.544000+00:00,1.0,P
1398,3233,2021-05-05T14:28:14.264000+00:00,1.0,S
1399,3061,2021-05-05T14:28:12.544000+00:00,1.0,P
1399,3233,2021-05-05T14:28:14.264000+00:00,1.0,S
1400,3061,2021-05-05T14:28:12.544000+00:00,1.0,P
1400,3233,2021-05-05T14:28:14.264000+00:00,1.0,S
1401,3061,2021-05-05T14:28:12.544000+00:00,1.0,P
1401,3232,2021-05-05T14:28:14.254000+00:00,1.0,S
1402,3061,2021-05-05T14:28:12.544000+00:00,1.0,P
1402,3232,2021-05-05T14:28:14.254000+00:00,1.0,S
1403,3060,2021-05-05T14:28:12.534000+00:00,1.0,P
1403,3231,2021-05-05T14:28:14.244000+00:00,1.0,S
1404,3060,2021-05-05T14:28:12.534000+00:00,1.0,P
1404,3231,2021-05-05T14:28:14.244000+00:00,1.0,S
1405,3060,2021-05-05T14:28:12.534000+00:00,1.0,P
1405,3231,2021-05-05T14:28:14.244000+00:00,1.0,S
1406,3060,2021-05-05T14:28:12.534000+00:00,1.0,P
1406,3230,2021-05-05T14:28:14.233999+00:00,1.0,S
1407,3060,2021-05-05T14:28:12.534000+00:00,1.0,P
1407,3230,2021-05-05T14:28:14.233999+00:00,1.0,S
1408,3060,2021-05-05T14:28:12.534000+00:00,1.0,P
1408,3229,2021-05-05T14:28:14.224000+00:00,1.0,S
1409,3060,2021-05-05T14:28:12.534000+00:00,1.0,P
1409,3229,2021-05-05T14:28:14.224000+00:00,1.0,S
1410,3060,2021-05-05T14:28:12.534000+00:00,1.0,P
1410,3228,2021-05-05T14:28:14.214000+00:00,1.0,S
1411,3059,2021-05-05T14:28:12.524000+00:00,1.0,P
1411,3228,2021-05-05T14:28:14.214000+00:00,1.0,S
1412,3059,2021-05-05T14:28:12.524000+00:00,1.0,P
1412,3228,2021-05-05T14:28:14.214000+00:00,1.0,S
1413,3059,2021-05-05T14:28:12.524000+00:00,1.0,P
1413,3227,2021-05-05T14:28:14.204000+00:00,1.0,S
1414,3059,2021-05-05T14:28:12.524000+00:00,1.0,P
1414,3227,2021-05-05T14:28:14.204000+00:00,1.0,S
1415,3059,2021-05-05T14:28:12.524000+00:00,1.0,P
1415,3226,2021-05-05T14:28:14.193999+00:00,1.0,S
1416,3059,2021-05-05T14:28:12.524000+00:00,1.0,P
1416,3226,2021-05-05T14:28:14.193999+00:00,1.0,S
1417,3059,2021-05-05T14:28:12.524000+00:00,1.0,P
1417,3225,2021-05-05T14:28:14.184000+00:00,1.0,S
1418,3058,2021-05-05T14:28:12.514000+00:00,1.0,P
1418,3225,2021-05-05T14:28:14.184000+00:00,1.0,S
1419,3058,2021-05-05T14:28:12.514000+00:00,1.0,P
1419,3225,2021-05-05T14:28:14.184000+00:00,1.0,S
1420,3058,2021-05-05T14:28:12.514000+00:00,1.0,P
1420,3224,2021-05-05T14:28:14.174000+00:00,1.0,S
1421,3058,2021-05-05T14:28:12.514000+00:00,1.0,P
1421,3224,2021-05-05T14:28:14.174000+00:00,1.0,S
1422,3058,2021-05-05T14:28:12.514000+00:00,1.0,P
1422,3223,2021-05-05T14:28:14.164000+00:00,1.0,S
1423,3058,2021-05-05T14:28:12.514000+00:00,1.0,P
1423,3223,2021-05-05T14:28:14.164000+00:00,1.0,S
1424,3058,2021-05-05T14:28:12.514000+00:00,1.0,P
1424,3223,2021-05-05T14:28:14.164000+00:00,1.0,S
1425,3057,2021-05-05T14:28:12.504000+00:00,1.0,P
1425,3222,2021-05-05T14:28:14.154000+00:00,1.0,S
1426,3057,2021-05-05T14:28:12.504000+00:00,1.0,P
1426,3222,2021-05-05T14:28:14.154000+00:00,1.0,S
1427,3057,2021-05-05T14:28:12.504000+00:00,1.0,P
1427,3221,2021-05-05T14:28:14.144000+00:00,1.0,S
1428,3057,2021-05-05T14:28:12.504000+00:00,1.0,P
1428,3221,2021-05-05T14:28:14.144000+00:00,1.0,S
1429,3057,2021-05-05T14:28:12.504000+00:00,1.0,P
1429,3220,2021-05-05T14:28:14.134000+00:00,1.0,S
1430,3057,2021-05-05T14:28:12.504000+00:00,1.0,P
1430,3220,2021-05-05T14:28:14.134000+00:00,1.0,S
1431,3057,2021-05-05T14:28:12.504000+00:00,1.0,P
1431,3220,2021-05-05T14:28:14.134000+00:00,1.0,S
1432,3056,2021-05-05T14:28:12.494000+00:00,1.0,P
1432,3219,2021-05-05T14:28:14.123999+00:00,1.0,S
1433,3056,2021-05-05T14:28:12.494000+00:00,1.0,P
1433,3219,2021-05-05T14:28:14.123999+00:00,1.0,S
1434,3056,2021-05-05T14:28:12.494000+00:00,1.0,P
1434,3218,2021-05-05T14:28:14.114000+00:00,1.0,S
1435,3056,2021-05-05T14:28:12.494000+00:00,1.0,P
1435,3218,2021-05-05T14:28:14.114000+00:00,1.0,S
1436,3056,2021-05-05T14:28:12.494000+00:00,1.0,P
1436,3217,2021-05-05T14:28:14.104000+00:00,1.0,S
1437,3056,2021-05-05T14:28:12.494000+00:00,1.0,P
1437,3217,2021-05-05T14:28:14.104000+00:00,1.0,S
1438,3055,2021-05-05T14:28:12.484000+00:00,1.0,P
1438,3217,2021-05-05T14:28:14.104000+00:00,1.0,S
1439,3055,2021-05-05T14:28:12.484000+00:00,1.0,P
1439,3216,2021-05-05T14:28:14.094000+00:00,1.0,S
1440,3055,2021-05-05T14:28:12.484000+00:00,1.0,P
1440,3216,2021-05-05T14:28:14.094000+00:00,1.0,S
1441,3055,2021-05-05T14:28:12.484000+00:00,1.0,P
1441,3215,2021-05-05T14:28:14.084000+00:00,1.0,S
1442,3055,2021-05-05T14:28:12.484000+00:00,1.0,P
1442,3215,2021-05-05T14:28:14.084000+00:00,1.0,S
1443,3055,2021-05-05T14:28:12.484000+00:00,1.0,P
1443,3215,2021-05-05T14:28:14.084000+00:00,1.0,S
1444,3054,2021-05-05T14:28:12.474000+00:00,1.0,P
1444,3214,2021-05-05T14:28:14.074000+00:00,1.0,S
1445,3054,2021-05-05T14:28:12.474000+00:00,1.0,P
1445,3214,2021-05-05T14:28:14.074000+00:00,1.0,S
1446,3054,2021-05-05T14:28:12.474000+00:00,1.0,P
1446,3214,2021-05-05T14:28:14.074000+00:00,1.0,S
1447,3054,2021-05-05T14:28:12.474000+00:00,1.0,P
1447,3213,2021-05-05T14:28:14.064000+00:00,1.0,S
1448,3054,2021-05-05T14:28:12.474000+00:00,1.0,P
1448,3213,2021-05-05T14:28:14.064000+00:00,1.0,S
1449,3054,2021-05-05T14:28:12.474000+00:00,1.0,P
1449,3212,2021-05-05T14:28:14.053999+00:00,1.0,S
1450,3053,2021-05-05T14:28:12.464000+00:00,1.0,P
1450,3212,2021-05-05T14:28:14.053999+00:00,1.0,S
1451,3053,2021-05-05T14:28:12.464000+00:00,1.0,P
1451,3212,2021-05-05T14:28:14.053999+00:00,1.0,S
1452,3053,2021-05-05T14:28:12.464000+00:00,1.0,P
1452,3211,2021-05-05T14:28:14.044000+00:00,1.0,S
1453,3053,2021-05-05T14:28:12.464000+00:00,1.0,P
1453,3211,2021-05-05T14:28:14.044000+00:00,1.0,S
1454,3053,2021-05-05T14:28:12.464000+00:00,1.0,P
1454,3210,2021-05-05T14:28:14.034000+00:00,1.0,S
1455,3053,2021-05-05T14:28:12.464000+00:00,1.0,P
1455,3210,2021-05-05T14:28:14.034000+00:00,1.0,S
1456,3053,2021-05-05T14:28:12.464000+00:00,1.0,P
1456,3210,2021-05-05T14:28:14.034000+00:00,1.0,S
1457,3052,2021-05-05T14:28:12.454000+00:00,1.0,P
1457,3209,2021-05-05T14:28:14.024000+00:00,1.0,S
1458,3052,2021-05-05T14:28:12.454000+00:00,1.0,P
1458,3209,2021-05-05T14:28:14.024000+00:00,1.0,S
1459,3052,2021-05-05T14:28:12.454000+00:00,1.0,P
1459,3208,2021-05-05T14:28:14.014000+00:00,1.0,S
1460,3052,2021-05-05T14:28:12.454000+00:00,1.0,P
1460,3208,2021-05-05T14:28:14.014000+00:00,1.0,S
1461,3052,2021-05-05T14:28:12.454000+00:00,1.0,P
1461,3207,2021-05-05T14:28:14.004000+00:00,1.0,S
1462,3052,2021-05-05T14:28:12.454000+00:00,1.0,P
1462,3207,2021-05-05T14:28:14.004000+00:00,1.0,S
1463,3051,2021-05-05T14:28:12.444000+00:00,1.0,P
1463,3206,2021-05-05T14:28:13.994000+00:00,1.0,S
1464,3051,2021-05-05T14:28:12.444000+00:00,1.0,P
1464,3206,2021-05-05T14:28:13.994000+00:00,1.0,S
1465,3051,2021-05-05T14:28:12.444000+00:00,1.0,P
1465,3205,2021-05-05T14:28:13.983999+00:00,1.0,S
1466,3051,2021-05-05T14:28:12.444000+00:00,1.0,P
1466,3205,2021-05-05T14:28:13.983999+00:00,1.0,S
1467,3051,2021-05-05T14:28:12.444000+00:00,1.0,P
1467,3205,2021-05-05T14:28:13.983999+00:00,1.0,S
1468,3051,2021-05-05T14:28:12.444000+00:00,1.0,P
1468,3204,2021-05-05T14:28:13.974000+00:00,1.0,S
1469,3051,2021-05-05T14:28:12.444000+00:00,1.0,P
1469,3204,2021-05-05T14:28:13.974000+00:00,1.0,S
1470,3050,2021-05-05T14:28:12.434000+00:00,1.0,P
1470,3203,2021-05-05T14:28:13.964000+00:00,1.0,S
1471,3050,2021-05-05T14:28:12.434000+00:00,1.0,P
1471,3203,2021-05-05T14:28:13.964000+00:00,1.0,S
1472,3050,2021-05-05T14:28:12.434000+00:00,1.0,P
1472,3202,2021-05-05T14:28:13.954000+00:00,1.0,S
1473,3050,2021-05-05T14:28:12.434000+00:00,1.0,P
1473,3202,2021-05-05T14:28:13.954000+00:00,1.0,S
1474,3050,2021-05-05T14:28:12.434000+00:00,1.0,P
1474,3201,2021-05-05T14:28:13.943999+00:00,1.0,S
1475,3050,2021-05-05T14:28:12.434000+00:00,1.0,P
1475,3201,2021-05-05T14:28:13.943999+00:00,1.0,S
1476,3049,2021-05-05T14:28:12.424000+00:00,1.0,P
1476,3200,2021-05-05T14:28:13.934000+00:00,1.0,S
1477,3049,2021-05-05T14:28:12.424000+00:00,1.0,P
1477,3200,2021-05-05T14:28:13.934000+00:00,1.0,S
1478,3049,2021-05-05T14:28:12.424000+00:00,1.0,P
1478,3199,2021-05-05T14:28:13.924000+00:00,1.0,S
1479,3049,2021-05-05T14:28:12.424000+00:00,1.0,P
1479,3199,2021-05-05T14:28:13.924000+00:00,1.0,S
1480,3049,2021-05-05T14:28:12.424000+00:00,1.0,P
1480,3198,2021-05-05T14:28:13.914000+00:00,1.0,S
1481,3049,2021-05-05T14:28:12.424000+00:00,1.0,P
1481,3198,2021-05-05T14:28:13.914000+00:00,1.0,S
1482,3049,2021-05-05T14:28:12.424000+00:00,1.0,P
1482,3198,2021-05-05T14:28:13.914000+00:00,1.0,S
1483,3048,2021-05-05T14:28:12.414000+00:00,1.0,P
1483,3197,2021-05-05T14:28:13.904000+00:00,1.0,S
1484,3048,2021-05-05T14:28:12.414000+00:00,1.0,P
1484,3197,2021-05-05T14:28:13.904000+00:00,1.0,S
1485,3048,2021-05-05T14:28:12.414000+00:00,1.0,P
1485,3196,2021-05-05T14:28:13.894000+00:00,1.0,S
1486,3048,2021-05-05T14:28:12.414000+00:00,1.0,P
1486,3196,2021-05-05T14:28:13.894000+00:00,1.0,S
1487,3048,2021-05-05T14:28:12.414000+00:00,1.0,P
1487,3195,2021-05-05T14:28:13.884000+00:00,1.0,S
1488,3048,2021-05-05T14:28:12.414000+00:00,1.0,P
1488,3195,2021-05-05T14:28:13.884000+00:00,1.0,S
1489,3047,2021-05-05T14:28:12.404000+00:00,1.0,P
1489,3194,2021-05-05T14:28:13.874000+00:00,1.0,S
1490,3047,2021-05-05T14:28:12.404000+00:00,1.0,P
1490,3194,2021-05-05T14:28:13.874000+00:00,1.0,S
1491,3047,2021-05-05T14:28:12.404000+00:00,1.0,P
1491,3193,2021-05-05T14:28:13.864000+00:00,1.0,S
1492,3047,2021-05-05T14:28:12.404000+00:00,1.0,P
1492,3193,2021-05-05T14:28:13.864000+00:00,1.0,S
1493,3047,2021-05-05T14:28:12.404000+00:00,1.0,P
1493,3193,2021-05-05T14:28:13.864000+00:00,1.0,S
1494,3047,2021-05-05T14:28:12.404000+00:00,1.0,P
1494,3192,2021-05-05T14:28:13.854000+00:00,1.0,S
1495,3046,2021-05-05T14:28:12.394000+00:00,1.0,P
1495,3192,2021-05-05T14:28:13.854000+00:00,1.0,S
1496,3046,2021-05-05T14:28:12.394000+00:00,1.0,P
1496,3191,2021-05-05T14:28:13.844000+00:00,1.0,S
1497,3046,2021-05-05T14:28:12.394000+00:00,1.0,P
1497,3191,2021-05-05T14:28:13.844000+00:00,1.0,S
1498,3046,2021-05-05T14:28:12.394000+00:00,1.0,P
1498,3190,2021-05-05T14:28:13.834000+00:00,1.0,S
1499,3046,2021-05-05T14:28:12.394000+00:00,1.0,P
1499,3190,2021-05-05T14:28:13.834000+00:00,1.0,S
1500,3046,2021-05-05T14:28:12.394000+00:00,1.0,P
1500,3190,2021-05-05T14:28:13.834000+00:00,1.0,S
1501,3045,2021-05-05T14:28:12.384000+00:00,1.0,P
1501,3189,2021-05-05T14:28:13.824000+00:00,1.0,S
1502,3045,2021-05-05T14:28:12.384000+00:00,1.0,P
1502,3189,2021-05-05T14:28:13.824000+00:00,1.0,S
1503,3045,2021-05-05T14:28:12.384000+00:00,1.0,P
1503,3188,2021-05-05T14:28:13.814000+00:00,1.0,S
1504,3045,2021-05-05T14:28:12.384000+00:00,1.0,P
1504,3188,2021-05-05T14:28:13.814000+00:00,1.0,S
1505,3045,2021-05-05T14:28:12.384000+00:00,1.0,P
1505,3187,2021-05-05T14:28:13.804000+00:00,1.0,S
1506,3045,2021-05-05T14:28:12.384000+00:00,1.0,P
1506,3187,2021-05-05T14:28:13.804000+00:00,1.0,S
1507,3044,2021-05-05T14:28:12.374000+00:00,1.0,P
1507,3187,2021-05-05T14:28:13.804000+00:00,1.0,S
1508,3044,2021-05-05T14:28:12.374000+00:00,1.0,P
1508,3186,2021-05-05T14:28:13.794000+00:00,1.0,S
1509,3044,2021-05-05T14:28:12.374000+00:00,1.0,P
1509,3186,2021-05-05T14:28:13.794000+00:00,1.0,S
1510,3044,2021-05-05T14:28:12.374000+00:00,1.0,P
1510,3185,2021-05-05T14:28:13.784000+00:00,1.0,S
1511,3044,2021-05-05T14:28:12.374000+00:00,1.0,P
1511,3185,2021-05-05T14:28:13.784000+00:00,1.0,S
1512,3044,2021-05-05T14:28:12.374000+00:00,1.0,P
1512,3184,2021-05-05T14:28:13.774000+00:00,1.0,S
1513,3043,2021-05-05T14:28:12.364000+00:00,1.0,P
1513,3184,2021-05-05T14:28:13.774000+00:00,1.0,S
1514,3043,2021-05-05T14:28:12.364000+00:00,1.0,P
1514,3183,2021-05-05T14:28:13.764000+00:00,1.0,S
1515,3043,2021-05-05T14:28:12.364000+00:00,1.0,P
1515,3183,2021-05-05T14:28:13.764000+00:00,1.0,S
1516,3043,2021-05-05T14:28:12.364000+00:00,1.0,P
1516,3183,2021-05-05T14:28:13.764000+00:00,1.0,S
1517,3043,2021-05-05T14:28:12.364000+00:00,1.0,P
1517,3182,2021-05-05T14:28:13.754000+00:00,1.0,S
1518,3043,2021-05-05T14:28:12.364000+00:00,1.0,P
1518,3182,2021-05-05T14:28:13.754000+00:00,1.0,S
1519,3042,2021-05-05T14:28:12.354000+00:00,1.0,P
1519,3181,2021-05-05T14:28:13.744000+00:00,1.0,S
1520,3042,2021-05-05T14:28:12.354000+00:00,1.0,P
1520,3181,2021-05-05T14:28:13.744000+00:00,1.0,S
1521,3042,2021-05-05T14:28:12.354000+00:00,1.0,P
1521,3180,2021-05-05T14:28:13.734000+00:00,1.0,S
1522,3042,2021-05-05T14:28:12.354000+00:00,1.0,P
1522,3180,2021-05-05T14:28:13.734000+00:00,1.0,S
1523,3042,2021-05-05T14:28:12.354000+00:00,1.0,P
1523,3179,2021-05-05T14:28:13.724000+00:00,1.0,S
1524,3042,2021-05-05T14:28:12.354000+00:00,1.0,P
1524,3179,2021-05-05T14:28:13.724000+00:00,1.0,S
1525,3041,2021-05-05T14:28:12.344000+00:00,1.0,P
1525,3179,2021-05-05T14:28:13.724000+00:00,1.0,S
1526,3041,2021-05-05T14:28:12.344000+00:00,1.0,P
1526,3178,2021-05-05T14:28:13.714000+00:00,1.0,S
1527,3041,2021-05-05T14:28:12.344000+00:00,1.0,P
1527,3178,2021-05-05T14:28:13.714000+00:00,1.0,S
1528,3041,2021-05-05T14:28:12.344000+00:00,1.0,P
1528,3177,2021-05-05T14:28:13.704000+00:00,1.0,S
1529,3041,2021-05-05T14:28:12.344000+00:00,1.0,P
1529,3177,2021-05-05T14:28:13.704000+00:00,1.0,S
1530,3041,2021-05-05T14:28:12.344000+00:00,1.0,P
1530,3177,2021-05-05T14:28:13.704000+00:00,1.0,S
1531,3041,2021-05-05T14:28:12.344000+00:00,1.0,P
1531,3176,2021-05-05T14:28:13.694000+00:00,1.0,S
1532,3040,2021-05-05T14:28:12.334000+00:00,1.0,P
1532,3176,2021-05-05T14:28:13.694000+00:00,1.0,S
1533,3040,2021-05-05T14:28:12.334000+00:00,1.0,P
1533,3176,2021-05-05T14:28:13.694000+00:00,1.0,S
1534,3040,2021-05-05T14:28:12.334000+00:00,1.0,P
1534,3175,2021-05-05T14:28:13.684000+00:00,1.0,S
1535,3040,2021-05-05T14:28:12.334000+00:00,1.0,P
1535,3175,2021-05-05T14:28:13.684000+00:00,1.0,S
1536,3040,2021-05-05T14:28:12.334000+00:00,1.0,P
1536,3175,2021-05-05T14:28:13.684000+00:00,1.0,S
1537,3040,2021-05-05T14:28:12.334000+00:00,1.0,P
1537,3174,2021-05-05T14:28:13.674000+00:00,1.0,S
1538,3039,2021-05-05T14:28:12.324000+00:00,1.0,P
1538,3174,2021-05-05T14:28:13.674000+00:00,1.0,S
1539,3039,2021-05-05T14:28:12.324000+00:00,1.0,P
1539,3174,2021-05-05T14:28:13.674000+00:00,1.0,S
1540,3039,2021-05-05T14:28:12.324000+00:00,1.0,P
1540,3173,2021-05-05T14:28:13.664000+00:00,1.0,S
1541,3039,2021-05-05T14:28:12.324000+00:00,1.0,P
1541,3173,2021-05-05T14:28:13.664000+00:00,1.0,S
1542,3039,2021-05-05T14:28:12.324000+00:00,1.0,P
1542,3173,2021-05-05T14:28:13.664000+00:00,1.0,S
1543,3039,2021-05-05T14:28:12.324000+00:00,1.0,P
1543,3172,2021-05-05T14:28:13.654000+00:00,1.0,S
1544,3038,2021-05-05T14:28:12.314000+00:00,1.0,P
1544,3172,2021-05-05T14:28:13.654000+00:00,1.0,S
1545,3038,2021-05-05T14:28:12.314000+00:00,1.0,P
1545,3172,2021-05-05T14:28:13.654000+00:00,1.0,S
1546,3038,2021-05-05T14:28:12.314000+00:00,1.0,P
1546,3171,2021-05-05T14:28:13.644000+00:00,1.0,S
1547,3038,2021-05-05T14:28:12.314000+00:00,1.0,P
1547,3171,2021-05-05T14:28:13.644000+00:00,1.0,S
1548,3038,2021-05-05T14:28:12.314000+00:00,1.0,P
1548,3171,2021-05-05T14:28:13.644000+00:00,1.0,S
1549,3038,2021-05-05T14:28:12.314000+00:00,1.0,P
1549,3171,2021-05-05T14:28:13.644000+00:00,1.0,S
1550,3037,2021-05-05T14:28:12.304000+00:00,1.0,P
1550,3170,2021-05-05T14:28:13.634000+00:00,1.0,S
1551,3037,2021-05-05T14:28:12.304000+00:00,1.0,P
1551,3170,2021-05-05T14:28:13.634000+00:00,1.0,S
1552,3037,2021-05-05T14:28:12.304000+00:00,1.0,P
1552,3170,2021-05-05T14:28:13.634000+00:00,1.0,S
1553,3037,2021-05-05T14:28:12.304000+00:00,1.0,P
1553,3169,2021-05-05T14:28:13.624000+00:00,1.0,S
1554,3037,2021-05-05T14:28:12.304000+00:00,1.0,P
1554,3169,2021-05-05T14:28:13.624000+00:00,1.0,S
1555,3037,2021-05-05T14:28:12.304000+00:00,1.0,P
1555,3169,2021-05-05T14:28:13.624000+00:00,1.0,S
1556,3036,2021-05-05T14:28:12.294000+00:00,1.0,P
1556,3169,2021-05-05T14:28:13.624000+00:00,1.0,S
1557,3036,2021-05-05T14:28:12.294000+00:00,1.0,P
1557,3169,2021-05-05T14:28:13.624000+00:00,1.0,S
1558,3036,2021-05-05T14:28:12.294000+00:00,1.0,P
1558,3168,2021-05-05T14:28:13.614000+00:00,1.0,S
1559,3036,2021-05-05T14:28:12.294000+00:00,1.0,P
1559,3168,2021-05-05T14:28:13.614000+00:00,1.0,S
1560,3036,2021-05-05T14:28:12.294000+00:00,1.0,P
1560,3168,2021-05-05T14:28:13.614000+00:00,1.0,S
1561,3036,2021-05-05T14:28:12.294000+00:00,1.0,P
1561,3168,2021-05-05T14:28:13.614000+00:00,1.0,S
1562,3036,2021-05-05T14:28:12.294000+00:00,1.0,P
1562,3167,2021-05-05T14:28:13.604000+00:00,1.0,S
1563,3035,2021-05-05T14:28:12.284000+00:00,1.0,P
1563,3167,2021-05-05T14:28:13.604000+00:00,1.0,S
1564,3035,2021-05-05T14:28:12.284000+00:00,1.0,P
1564,3167,2021-05-05T14:28:13.604000+00:00,1.0,S
1565,3035,2021-05-05T14:28:12.284000+00:00,1.0,P
1565,3167,2021-05-05T14:28:13.604000+00:00,1.0,S
1566,3035,2021-05-05T14:28:12.284000+00:00,1.0,P
1566,3166,2021-05-05T14:28:13.594000+00:00,1.0,S
1567,3035,2021-05-05T14:28:12.284000+00:00,1.0,P
1567,3166,2021-05-05T14:28:13.594000+00:00,1.0,S
1568,3035,2021-05-05T14:28:12.284000+00:00,1.0,P
1568,3166,2021-05-05T14:28:13.594000+00:00,1.0,S
1569,3035,2021-05-05T14:28:12.284000+00:00,1.0,P
1569,3166,2021-05-05T14:28:13.594000+00:00,1.0,S
1570,3035,2021-05-05T14:28:12.284000+00:00,1.0,P
1570,3166,2021-05-05T14:28:13.594000+00:00,1.0,S
1571,3034,2021-05-05T14:28:12.274000+00:00,1.0,P
1571,3166,2021-05-05T14:28:13.594000+00:00,1.0,S
1572,3034,2021-05-05T14:28:12.274000+00:00,1.0,P
1572,3165,2021-05-05T14:28:13.584000+00:00,1.0,S
1573,3034,2021-05-05T14:28:12.274000+00:00,1.0,P
1573,3165,2021-05-05T14:28:13.584000+00:00,1.0,S
1574,3034,2021-05-05T14:28:12.274000+00:00,1.0,P
1574,3165,2021-05-05T14:28:13.584000+00:00,1.0,S
1575,3034,2021-05-05T14:28:12.274000+00:00,1.0,P
1575,3165,2021-05-05T14:28:13.584000+00:00,1.0,S
1576,3034,2021-05-05T14:28:12.274000+00:00,1.0,P
1576,3164,2021-05-05T14:28:13.574000+00:00,1.0,S
1577,3034,2021-05-05T14:28:12.274000+00:00,1.0,P
1577,3164,2021-05-05T14:28:13.574000+00:00,1.0,S
1578,3034,2021-05-05T14:28:12.274000+00:00,1.0,P
1578,3164,2021-05-05T14:28:13.574000+00:00,1.0,S
1579,3034,2021-05-05T14:28:12.274000+00:00,1.0,P
1579,3164,2021-05-05T14:28:13.574000+00:00,1.0,S
1580,3033,2021-05-05T14:28:12.264000+00:00,1.0,P
1580,3164,2021-05-05T14:28:13.574000+00:00,1.0,S
1581,3033,2021-05-05T14:28:12.264000+00:00,1.0,P
1581,3164,2021-05-05T14:28:13.574000+00:00,1.0,S
1582,3033,2021-05-05T14:28:12.264000+00:00,1.0,P
1582,3164,2021-05-05T14:28:13.574000+00:00,1.0,S
1583,3033,2021-05-05T14:28:12.264000+00:00,1.0,P
1583,3163,2021-05-05T14:28:13.564000+00:00,1.0,S
1584,3033,2021-05-05T14:28:12.264000+00:00,1.0,P
1584,3163,2021-05-05T14:28:13.564000+00:00,1.0,S
1585,3033,2021-05-05T14:28:12.264000+00:00,1.0,P
1585,3163,2021-05-05T14:28:13.564000+00:00,1.0,S
1586,3033,2021-05-05T14:28:12.264000+00:00,1.0,P
1586,3163,2021-05-05T14:28:13.564000+00:00,1.0,S
1587,3033,2021-05-05T14:28:12.264000+00:00,1.0,P
1587,3162,2021-05-05T14:28:13.554000+00:00,1.0,S
1588,3033,2021-05-05T14:28:12.264000+00:00,1.0,P
1588,3162,2021-05-05T14:28:13.554000+00:00,1.0,S
1589,3032,2021-05-05T14:28:12.254000+00:00,1.0,P
1589,3162,2021-05-05T14:28:13.554000+00:00,1.0,S
1590,3032,2021-05-05T14:28:12.254000+00:00,1.0,P
1590,3162,2021-05-05T14:28:13.554000+00:00,1.0,S
1591,3032,2021-05-05T14:28:12.254000+00:00,1.0,P
1591,3162,2021-05-05T14:28:13.554000+00:00,1.0,S
1592,3032,2021-05-05T14:28:12.254000+00:00,1.0,P
1592,3162,2021-05-05T14:28:13.554000+00:00,1.0,S
1593,3032,2021-05-05T14:28:12.254000+00:00,1.0,P
1593,3161,2021-05-05T14:28:13.544000+00:00,1.0,S
1594,3032,2021-05-05T14:28:12.254000+00:00,1.0,P
1594,3161,2021-05-05T14:28:13.544000+00:00,1.0,S
1595,3032,2021-05-05T14:28:12.254000+00:00,1.0,P
1595,3161,2021-05-05T14:28:13.544000+00:00,1.0,S
1596,3032,2021-05-05T14:28:12.254000+00:00,1.0,P
1596,3161,2021-05-05T14:28:13.544000+00:00,1.0,S
1597,3032,2021-05-05T14:28:12.254000+00:00,1.0,P
1597,3161,2021-05-05T14:28:13.544000+00:00,1.0,S
1598,3032,2021-05-05T14:28:12.254000+00:00,1.0,P
1598,3161,2021-05-05T14:28:13.544000+00:00,1.0,S
1599,3031,2021-05-05T14:28:12.244000+00:00,1.0,P
1599,3160,2021-05-05T14:28:13.534000+00:00,1.0,S
1600,3031,2021-05-05T14:28:12.244000+00:00,1.0,P
1600,3160,2021-05-05T14:28:13.534000+00:00,1.0,S
1601,3031,2021-05-05T14:28:12.244000+00:00,1.0,P
1601,3160,2021-05-05T14:28:13.534000+00:00,1.0,S
1602,3031,2021-05-05T14:28:12.244000+00:00,1.0,P
1602,3160,2021-05-05T14:28:13.534000+00:00,1.0,S
1603,3031,2021-05-05T14:28:12.244000+00:00,1.0,P
1603,3160,2021-05-05T14:28:13.534000+00:00,1.0,S
1604,3031,2021-05-05T14:28:12.244000+00:00,1.0,P
1604,3160,2021-05-05T14:28:13.534000+00:00,1.0,S
1605,3031,2021-05-05T14:28:12.244000+00:00,1.0,P
1605,3160,2021-05-05T14:28:13.534000+00:00,1.0,S
1606,3031,2021-05-05T14:28:12.244000+00:00,1.0,P
1606,3160,2021-05-05T14:28:13.534000+00:00,1.0,S
1607,3031,2021-05-05T14:28:12.244000+00:00,1.0,P
1607,3160,2021-05-05T14:28:13.534000+00:00,1.0,S
1608,3031,2021-05-05T14:28:12.244000+00:00,1.0,P
1608,3160,2021-05-05T14:28:13.534000+00:00,1.0,S
1609,3030,2021-05-05T14:28:12.234000+00:00,1.0,P
1609,3159,2021-05-05T14:28:13.524000+00:00,1.0,S
1610,3030,2021-05-05T14:28:12.234000+00:00,1.0,P
1610,3159,2021-05-05T14:28:13.524000+00:00,1.0,S
1611,3030,2021-05-05T14:28:12.234000+00:00,1.0,P
1611,3159,2021-05-05T14:28:13.524000+00:00,1.0,S
1612,3030,2021-05-05T14:28:12.234000+00:00,1.0,P
1612,3159,2021-05-05T14:28:13.524000+00:00,1.0,S
1613,3030,2021-05-05T14:28:12.234000+00:00,1.0,P
1613,3159,2021-05-05T14:28:13.524000+00:00,1.0,S
1614,3030,2021-05-05T14:28:12.234000+00:00,1.0,P
1614,3159,2021-05-05T14:28:13.524000+00:00,1.0,S
1615,3030,2021-05-05T14:28:12.234000+00:00,1.0,P
1615,3159,2021-05-05T14:28:13.524000+00:00,1.0,S
1616,3030,2021-05-05T14:28:12.234000+00:00,1.0,P
1616,3159,2021-05-05T14:28:13.524000+00:00,1.0,S
1617,3030,2021-05-05T14:28:12.234000+00:00,1.0,P
1617,3159,2021-05-05T14:28:13.524000+00:00,1.0,S
1618,3030,2021-05-05T14:28:12.234000+00:00,1.0,P
1618,3159,2021-05-05T14:28:13.524000+00:00,1.0,S
1619,3030,2021-05-05T14:28:12.234000+00:00,1.0,P
1619,3158,2021-05-05T14:28:13.514000+00:00,1.0,S
1620,3029,2021-05-05T14:28:12.224000+00:00,1.0,P
1620,3158,2021-05-05T14:28:13.514000+00:00,1.0,S
1621,3029,2021-05-05T14:28:12.224000+00:00,1.0,P
1621,3158,2021-05-05T14:28:13.514000+00:00,1.0,S
1622,3029,2021-05-05T14:28:12.224000+00:00,1.0,P
1622,3158,2021-05-05T14:28:13.514000+00:00,1.0,S
1623,3029,2021-05-05T14:28:12.224000+00:00,1.0,P
1623,3158,2021-05-05T14:28:13.514000+00:00,1.0,S
1624,3029,2021-05-05T14:28:12.224000+00:00,1.0,P
1624,3158,2021-05-05T14:28:13.514000+00:00,1.0,S
1625,3029,2021-05-05T14:28:12.224000+00:00,1.0,P
1625,3158,2021-05-05T14:28:13.514000+00:00,1.0,S
1626,3029,2021-05-05T14:28:12.224000+00:00,1.0,P
1626,3158,2021-05-05T14:28:13.514000+00:00,1.0,S
1627,3029,2021-05-05T14:28:12.224000+00:00,1.0,P
1627,3158,2021-05-05T14:28:13.514000+00:00,1.0,S
1628,3029,2021-05-05T14:28:12.224000+00:00,1.0,P
1628,3158,2021-05-05T14:28:13.514000+00:00,1.0,S
1629,3029,2021-05-05T14:28:12.224000+00:00,1.0,P
1629,3158,2021-05-05T14:28:13.514000+00:00,1.0,S
1630,3029,2021-05-05T14:28:12.224000+00:00,1.0,P
1630,3158,2021-05-05T14:28:13.514000+00:00,1.0,S
1631,3029,2021-05-05T14:28:12.224000+00:00,1.0,P
1631,3158,2021-05-05T14:28:13.514000+00:00,1.0,S
1632,3028,2021-05-05T14:28:12.214000+00:00,1.0,P
1632,3158,2021-05-05T14:28:13.514000+00:00,1.0,S
1633,3028,2021-05-05T14:28:12.214000+00:00,1.0,P
1633,3158,2021-05-05T14:28:13.514000+00:00,1.0,S
1634,3028,2021-05-05T14:28:12.214000+00:00,1.0,P
1634,3158,2021-05-05T14:28:13.514000+00:00,1.0,S
1635,3028,2021-05-05T14:28:12.214000+00:00,1.0,P
1635,3158,2021-05-05T14:28:13.514000+00:00,1.0,S
1636,3028,2021-05-05T14:28:12.214000+00:00,1.0,P
1636,3158,2021-05-05T14:28:13.514000+00:00,1.0,S
1637,3028,2021-05-05T14:28:12.214000+00:00,1.0,P
1637,3158,2021-05-05T14:28:13.514000+00:00,1.0,S
1638,3028,2021-05-05T14:28:12.214000+00:00,1.0,P
1638,3157,2021-05-05T14:28:13.504000+00:00,1.0,S
1639,3028,2021-05-05T14:28:12.214000+00:00,1.0,P
1639,3157,2021-05-05T14:28:13.504000+00:00,1.0,S
1640,3028,2021-05-05T14:28:12.214000+00:00,1.0,P
1640,3157,2021-05-05T14:28:13.504000+00:00,1.0,S
1641,3028,2021-05-05T14:28:12.214000+00:00,1.0,P
1641,3157,2021-05-05T14:28:13.504000+00:00,1.0,S
1642,3028,2021-05-05T14:28:12.214000+00:00,1.0,P
1642,3157,2021-05-05T14:28:13.504000+00:00,1.0,S
1643,3028,2021-05-05T14:28:12.214000+00:00,1.0,P
1643,3157,2021-05-05T14:28:13.504000+00:00,1.0,S
1644,3028,2021-05-05T14:28:12.214000+00:00,1.0,P
1644,3157,2021-05-05T14:28:13.504000+00:00,1.0,S
1645,3028,2021-05-05T14:28:12.214000+00:00,1.0,P
1645,3157,2021-05-05T14:28:13.504000+00:00,1.0,S
1646,3028,2021-05-05T14:28:12.214000+00:00,1.0,P
1646,3157,2021-05-05T14:28:13.504000+00:00,1.0,S
1647,3028,2021-05-05T14:28:12.214000+00:00,1.0,P
1647,3157,2021-05-05T14:28:13.504000+00:00,1.0,S
1648,3028,2021-05-05T14:28:12.214000+00:00,1.0,P
1648,3157,2021-05-05T14:28:13.504000+00:00,1.0,S
1649,3027,2021-05-05T14:28:12.204000+00:00,1.0,P
1649,3157,2021-05-05T14:28:13.504000+00:00,1.0,S
1650,3027,2021-05-05T14:28:12.204000+00:00,1.0,P
1650,3157,2021-05-05T14:28:13.504000+00:00,1.0,S
1651,3027,2021-05-05T14:28:12.204000+00:00,1.0,P
1651,3157,2021-05-05T14:28:13.504000+00:00,1.0,S
1652,3027,2021-05-05T14:28:12.204000+00:00,1.0,P
1652,3157,2021-05-05T14:28:13.504000+00:00,1.0,S
1653,3027,2021-05-05T14:28:12.204000+00:00,1.0,P
1653,3157,2021-05-05T14:28:13.504000+00:00,1.0,S
1654,3027,2021-05-05T14:28:12.204000+00:00,1.0,P
1654,3157,2021-05-05T14:28:13.504000+00:00,1.0,S
1655,3027,2021-05-05T14:28:12.204000+00:00,1.0,P
1655,3157,2021-05-05T14:28:13.504000+00:00,1.0,S
1656,3027,2021-05-05T14:28:12.204000+00:00,1.0,P
1656,3157,2021-05-05T14:28:13.504000+00:00,1.0,S
1657,3027,2021-05-05T14:28:12.204000+00:00,1.0,P
1657,3157,2021-05-05T14:28:13.504000+00:00,1.0,S
1658,3027,2021-05-05T14:28:12.204000+00:00,1.0,P
1658,3157,2021-05-05T14:28:13.504000+00:00,1.0,S
1659,3027,2021-05-05T14:28:12.204000+00:00,1.0,P
1659,3157,2021-05-05T14:28:13.504000+00:00,1.0,S
1660,3027,2021-05-05T14:28:12.204000+00:00,1.0,P
1660,3157,2021-05-05T14:28:13.504000+00:00,1.0,S
1661,3027,2021-05-05T14:28:12.204000+00:00,1.0,P
1661,3157,2021-05-05T14:28:13.504000+00:00,1.0,S
1662,3027,2021-05-05T14:28:12.204000+00:00,1.0,P
1662,3157,2021-05-05T14:28:13.504000+00:00,1.0,S
1663,3027,2021-05-05T14:28:12.204000+00:00,1.0,P
1663,3157,2021-05-05T14:28:13.504000+00:00,1.0,S
1664,3027,2021-05-05T14:28:12.204000+00:00,1.0,P
1664,3157,2021-05-05T14:28:13.504000+00:00,1.0,S
1665,3027,2021-05-05T14:28:12.204000+00:00,1.0,P
1665,3157,2021-05-05T14:28:13.504000+00:00,1.0,S
1666,3027,2021-05-05T14:28:12.204000+00:00,1.0,P
1666,3157,2021-05-05T14:28:13.504000+00:00,1.0,S
1667,3027,2021-05-05T14:28:12.204000+00:00,1.0,P
1667,3157,2021-05-05T14:28:13.504000+00:00,1.0,S
1668,3027,2021-05-05T14:28:12.204000+00:00,1.0,P
1668,3157,2021-05-05T14:28:13.504000+00:00,1.0,S
1669,3026,2021-05-05T14:28:12.194000+00:00,1.0,P
1669,3157,2021-05-05T14:28:13.504000+00:00,1.0,S
1670,3026,2021-05-05T14:28:12.194000+00:00,1.0,P
1670,3157,2021-05-05T14:28:13.504000+00:00,1.0,S
1671,3026,2021-05-05T14:28:12.194000+00:00,1.0,P
1671,3157,2021-05-05T14:28:13.504000+00:00,1.0,S
1672,3026,2021-05-05T14:28:12.194000+00:00,1.0,P
1672,3157,2021-05-05T14:28:13.504000+00:00,1.0,S
1673,3026,2021-05-05T14:28:12.194000+00:00,1.0,P
1673,3157,2021-05-05T14:28:13.504000+00:00,1.0,S
1674,3026,2021-05-05T14:28:12.194000+00:00,1.0,P
1674,3157,2021-05-05T14:28:13.504000+00:00,1.0,S
1675,3026,2021-05-05T14:28:12.194000+00:00,1.0,P
1675,3157,2021-05-05T14:28:13.504000+00:00,1.0,S
1676,3026,2021-05-05T14:28:12.194000+00:00,1.0,P
1676,3157,2021-05-05T14:28:13.504000+00:00,1.0,S
1677,3026,2021-05-05T14:28:12.194000+00:00,1.0,P
1677,3157,2021-05-05T14:28:13.504000+00:00,1.0,S
1678,3026,2021-05-05T14:28:12.194000+00:00,1.0,P
1678,3157,2021-05-05T14:28:13.504000+00:00,1.0,S
1679,3026,2021-05-05T14:28:12.194000+00:00,1.0,P
1679,3158,2021-05-05T14:28:13.514000+00:00,1.0,S
1680,3026,2021-05-05T14:28:12.194000+00:00,1.0,P
1680,3158,2021-05-05T14:28:13.514000+00:00,1.0,S
1681,3026,2021-05-05T14:28:12.194000+00:00,1.0,P
1681,3158,2021-05-05T14:28:13.514000+00:00,1.0,S
1682,3026,2021-05-05T14:28:12.194000+00:00,1.0,P
1682,3158,2021-05-05T14:28:13.514000+00:00,1.0,S
1683,3026,2021-05-05T14:28:12.194000+00:00,1.0,P
1683,3158,2021-05-05T14:28:13.514000+00:00,1.0,S
1684,3026,2021-05-05T14:28:12.194000+00:00,1.0,P
1684,3158,2021-05-05T14:28:13.514000+00:00,1.0,S
1685,3026,2021-05-05T14:28:12.194000+00:00,1.0,P
1685,3158,2021-05-05T14:28:13.514000+00:00,1.0,S
1686,3026,2021-05-05T14:28:12.194000+00:00,1.0,P
1686,3158,2021-05-05T14:28:13.514000+00:00,1.0,S
1687,3026,2021-05-05T14:28:12.194000+00:00,1.0,P
1687,3158,2021-05-05T14:28:13.514000+00:00,1.0,S
1688,3026,2021-05-05T14:28:12.194000+00:00,1.0,P
1688,3158,2021-05-05T14:28:13.514000+00:00,1.0,S
1689,3026,2021-05-05T14:28:12.194000+00:00,1.0,P
1689,3158,2021-05-05T14:28:13.514000+00:00,1.0,S
1690,3026,2021-05-05T14:28:12.194000+00:00,1.0,P
1690,3158,2021-05-05T14:28:13.514000+00:00,1.0,S
1691,3026,2021-05-05T14:28:12.194000+00:00,1.0,P
1691,3158,2021-05-05T14:28:13.514000+00:00,1.0,S
1692,3026,2021-05-05T14:28:12.194000+00:00,1.0,P
1692,3159,2021-05-05T14:28:13.524000+00:00,1.0,S
1693,3026,2021-05-05T14:28:12.194000+00:00,1.0,P
1693,3159,2021-05-05T14:28:13.524000+00:00,1.0,S
1694,3026,2021-05-05T14:28:12.194000+00:00,1.0,P
1694,3159,2021-05-05T14:28:13.524000+00:00,1.0,S
1695,3026,2021-05-05T14:28:12.194000+00:00,1.0,P
1695,3159,2021-05-05T14:28:13.524000+00:00,1.0,S
1696,3026,2021-05-05T14:28:12.194000+00:00,1.0,P
1696,3159,2021-05-05T14:28:13.524000+00:00,1.0,S
1697,3026,2021-05-05T14:28:12.194000+00:00,1.0,P
1697,3159,2021-05-05T14:28:13.524000+00:00,1.0,S
1698,3026,2021-05-05T14:28:12.194000+00:00,1.0,P
1698,3159,2021-05-05T14:28:13.524000+00:00,1.0,S
1699,3026,2021-05-05T14:28:12.194000+00:00,1.0,P
1699,3159,2021-05-05T14:28:13.524000+00:00,1.0,S
1700,3026,2021-05-05T14:28:12.194000+00:00,1.0,P
1700,3159,2021-05-05T14:28:13.524000+00:00,1.0,S
1701,3026,2021-05-05T14:28:12.194000+00:00,1.0,P
1701,3159,2021-05-05T14:28:13.524000+00:00,1.0,S
1702,3026,2021-05-05T14:28:12.194000+00:00,1.0,P
1702,3159,2021-05-05T14:28:13.524000+00:00,1.0,S
1703,3026,2021-05-05T14:28:12.194000+00:00,1.0,P
1703,3159,2021-05-05T14:28:13.524000+00:00,1.0,S
1704,3026,2021-05-05T14:28:12.194000+00:00,1.0,P
1704,3159,2021-05-05T14:28:13.524000+00:00,1.0,S
1705,3026,2021-05-05T14:28:12.194000+00:00,1.0,P
1705,3159,2021-05-05T14:28:13.524000+00:00,1.0,S
1706,3026,2021-05-05T14:28:12.194000+00:00,1.0,P
1706,3159,2021-05-05T14:28:13.524000+00:00,1.0,S
1707,3026,2021-05-05T14:28:12.194000+00:00,1.0,P
1707,3159,2021-05-05T14:28:13.524000+00:00,1.0,S
1708,3026,2021-05-05T14:28:12.194000+00:00,1.0,P
1708,3159,2021-05-05T14:28:13.524000+00:00,1.0,S
1709,3026,2021-05-05T14:28:12.194000+00:00,1.0,P
1709,3160,2021-05-05T14:28:13.534000+00:00,1.0,S
1710,3026,2021-05-05T14:28:12.194000+00:00,1.0,P
1710,3160,2021-05-05T14:28:13.534000+00:00,1.0,S
1711,3026,2021-05-05T14:28:12.194000+00:00,1.0,P
1711,3160,2021-05-05T14:28:13.534000+00:00,1.0,S
1712,3026,2021-05-05T14:28:12.194000+00:00,1.0,P
1712,3160,2021-05-05T14:28:13.534000+00:00,1.0,S
1713,3026,2021-05-05T14:28:12.194000+00:00,1.0,P
1713,3160,2021-05-05T14:28:13.534000+00:00,1.0,S
1714,3026,2021-05-05T14:28:12.194000+00:00,1.0,P
1714,3160,2021-05-05T14:28:13.534000+00:00,1.0,S
1715,3026,2021-05-05T14:28:12.194000+00:00,1.0,P
1715,3160,2021-05-05T14:28:13.534000+00:00,1.0,S
1716,3026,2021-05-05T14:28:12.194000+00:00,1.0,P
1716,3160,2021-05-05T14:28:13.534000+00:00,1.0,S
1717,3026,2021-05-05T14:28:12.194000+00:00,1.0,P
1717,3160,2021-05-05T14:28:13.534000+00:00,1.0,S
1718,3026,2021-05-05T14:28:12.194000+00:00,1.0,P
1718,3160,2021-05-05T14:28:13.534000+00:00,1.0,S
1719,3026,2021-05-05T14:28:12.194000+00:00,1.0,P
1719,3160,2021-05-05T14:28:13.534000+00:00,1.0,S
1720,3026,2021-05-05T14:28:12.194000+00:00,1.0,P
1720,3161,2021-05-05T14:28:13.544000+00:00,1.0,S
1721,3026,2021-05-05T14:28:12.194000+00:00,1.0,P
1721,3161,2021-05-05T14:28:13.544000+00:00,1.0,S
1722,3026,2021-05-05T14:28:12.194000+00:00,1.0,P
1722,3161,2021-05-05T14:28:13.544000+00:00,1.0,S
1723,3026,2021-05-05T14:28:12.194000+00:00,1.0,P
1723,3161,2021-05-05T14:28:13.544000+00:00,1.0,S
1724,3026,2021-05-05T14:28:12.194000+00:00,1.0,P
1724,3161,2021-05-05T14:28:13.544000+00:00,1.0,S
1725,3026,2021-05-05T14:28:12.194000+00:00,1.0,P
1725,3161,2021-05-05T14:28:13.544000+00:00,1.0,S
1726,3026,2021-05-05T14:28:12.194000+00:00,1.0,P
1726,3161,2021-05-05T14:28:13.544000+00:00,1.0,S
1727,3026,2021-05-05T14:28:12.194000+00:00,1.0,P
1727,3162,2021-05-05T14:28:13.554000+00:00,1.0,S
1728,3026,2021-05-05T14:28:12.194000+00:00,1.0,P
1728,3162,2021-05-05T14:28:13.554000+00:00,1.0,S
1729,3026,2021-05-05T14:28:12.194000+00:00,1.0,P
1729,3162,2021-05-05T14:28:13.554000+00:00,1.0,S
1730,3026,2021-05-05T14:28:12.194000+00:00,1.0,P
1730,3162,2021-05-05T14:28:13.554000+00:00,1.0,S
1731,3026,2021-05-05T14:28:12.194000+00:00,1.0,P
1731,3162,2021-05-05T14:28:13.554000+00:00,1.0,S
1732,3026,2021-05-05T14:28:12.194000+00:00,1.0,P
1732,3162,2021-05-05T14:28:13.554000+00:00,1.0,S
1733,3026,2021-05-05T14:28:12.194000+00:00,1.0,P
1733,3162,2021-05-05T14:28:13.554000+00:00,1.0,S
1734,3026,2021-05-05T14:28:12.194000+00:00,1.0,P
1734,3162,2021-05-05T14:28:13.554000+00:00,1.0,S
1735,3026,2021-05-05T14:28:12.194000+00:00,1.0,P
1735,3163,2021-05-05T14:28:13.564000+00:00,1.0,S
1736,3026,2021-05-05T14:28:12.194000+00:00,1.0,P
1736,3163,2021-05-05T14:28:13.564000+00:00,1.0,S
1737,3026,2021-05-05T14:28:12.194000+00:00,1.0,P
1737,3163,2021-05-05T14:28:13.564000+00:00,1.0,S
1738,3026,2021-05-05T14:28:12.194000+00:00,1.0,P
1738,3163,2021-05-05T14:28:13.564000+00:00,1.0,S
1739,3026,2021-05-05T14:28:12.194000+00:00,1.0,P
1739,3163,2021-05-05T14:28:13.564000+00:00,1.0,S
1740,3026,2021-05-05T14:28:12.194000+00:00,1.0,P
1740,3163,2021-05-05T14:28:13.564000+00:00,1.0,S
1741,3026,2021-05-05T14:28:12.194000+00:00,1.0,P
1741,3163,2021-05-05T14:28:13.564000+00:00,1.0,S
1742,3026,2021-05-05T14:28:12.194000+00:00,1.0,P
1742,3163,2021-05-05T14:28:13.564000+00:00,1.0,S
1743,3026,2021-05-05T14:28:12.194000+00:00,1.0,P
1743,3163,2021-05-05T14:28:13.564000+00:00,1.0,S
1744,3026,2021-05-05T14:28:12.194000+00:00,1.0,P
1744,3163,2021-05-05T14:28:13.564000+00:00,1.0,S
1745,3026,2021-05-05T14:28:12.194000+00:00,1.0,P
1745,3164,2021-05-05T14:28:13.574000+00:00,1.0,S
1746,3026,2021-05-05T14:28:12.194000+00:00,1.0,P
1746,3164,2021-05-05T14:28:13.574000+00:00,1.0,S
1747,3026,2021-05-05T14:28:12.194000+00:00,1.0,P
1747,3164,2021-05-05T14:28:13.574000+00:00,1.0,S
1748,3026,2021-05-05T14:28:12.194000+00:00,1.0,P
1748,3164,2021-05-05T14:28:13.574000+00:00,1.0,S
1749,3026,2021-05-05T14:28:12.194000+00:00,1.0,P
1749,3164,2021-05-05T14:28:13.574000+00:00,1.0,S
1750,3026,2021-05-05T14:28:12.194000+00:00,1.0,P
1750,3164,2021-05-05T14:28:13.574000+00:00,1.0,S
1751,3026,2021-05-05T14:28:12.194000+00:00,1.0,P
1751,3164,2021-05-05T14:28:13.574000+00:00,1.0,S
1752,3026,2021-05-05T14:28:12.194000+00:00,1.0,P
1752,3164,2021-05-05T14:28:13.574000+00:00,1.0,S
1753,3026,2021-05-05T14:28:12.194000+00:00,1.0,P
1753,3165,2021-05-05T14:28:13.584000+00:00,1.0,S
1754,3026,2021-05-05T14:28:12.194000+00:00,1.0,P
1754,3165,2021-05-05T14:28:13.584000+00:00,1.0,S
1755,3026,2021-05-05T14:28:12.194000+00:00,1.0,P
1755,3165,2021-05-05T14:28:13.584000+00:00,1.0,S
1756,3026,2021-05-05T14:28:12.194000+00:00,1.0,P
1756,3165,2021-05-05T14:28:13.584000+00:00,1.0,S
1757,3026,2021-05-05T14:28:12.194000+00:00,1.0,P
1757,3165,2021-05-05T14:28:13.584000+00:00,1.0,S
1758,3026,2021-05-05T14:28:12.194000+00:00,1.0,P
1758,3165,2021-05-05T14:28:13.584000+00:00,1.0,S
1759,3026,2021-05-05T14:28:12.194000+00:00,1.0,P
1759,3165,2021-05-05T14:28:13.584000+00:00,1.0,S
1760,3026,2021-05-05T14:28:12.194000+00:00,1.0,P
1760,3165,2021-05-05T14:28:13.584000+00:00,1.0,S
1761,3026,2021-05-05T14:28:12.194000+00:00,1.0,P
1761,3165,2021-05-05T14:28:13.584000+00:00,1.0,S
1762,3026,2021-05-05T14:28:12.194000+00:00,1.0,P
1762,3165,2021-05-05T14:28:13.584000+00:00,1.0,S
1763,3026,2021-05-05T14:28:12.194000+00:00,1.0,P
1763,3165,2021-05-05T14:28:13.584000+00:00,1.0,S
1764,3026,2021-05-05T14:28:12.194000+00:00,1.0,P
1764,3166,2021-05-05T14:28:13.594000+00:00,1.0,S
1765,3026,2021-05-05T14:28:12.194000+00:00,1.0,P
1765,3166,2021-05-05T14:28:13.594000+00:00,1.0,S
1766,3026,2021-05-05T14:28:12.194000+00:00,1.0,P
1766,3166,2021-05-05T14:28:13.594000+00:00,1.0,S
1767,3026,2021-05-05T14:28:12.194000+00:00,1.0,P
1767,3166,2021-05-05T14:28:13.594000+00:00,1.0,S
1768,3026,2021-05-05T14:28:12.194000+00:00,1.0,P
1768,3166,2021-05-05T14:28:13.594000+00:00,1.0,S
1769,3026,2021-05-05T14:28:12.194000+00:00,1.0,P
1769,3166,2021-05-05T14:28:13.594000+00:00,1.0,S
1770,3026,2021-05-05T14:28:12.194000+00:00,1.0,P
1770,3166,2021-05-05T14:28:13.594000+00:00,1.0,S
1771,3026,2021-05-05T14:28:12.194000+00:00,1.0,P
1771,3166,2021-05-05T14:28:13.594000+00:00,1.0,S
1772,3026,2021-05-05T14:28:12.194000+00:00,1.0,P
1772,3166,2021-05-05T14:28:13.594000+00:00,1.0,S
1773,3026,2021-05-05T14:28:12.194000+00:00,1.0,P
1773,3166,2021-05-05T14:28:13.594000+00:00,1.0,S
1774,3026,2021-05-05T14:28:12.194000+00:00,1.0,P
1774,3166,2021-05-05T14:28:13.594000+00:00,1.0,S
1775,3026,2021-05-05T14:28:12.194000+00:00,1.0,P
1775,3166,2021-05-05T14:28:13.594000+00:00,1.0,S
1776,3027,2021-05-05T14:28:12.204000+00:00,1.0,P
1776,3166,2021-05-05T14:28:13.594000+00:00,1.0,S
1777,3027,2021-05-05T14:28:12.204000+00:00,1.0,P
1777,3167,2021-05-05T14:28:13.604000+00:00,1.0,S
1778,3027,2021-05-05T14:28:12.204000+00:00,1.0,P
1778,3167,2021-05-05T14:28:13.604000+00:00,1.0,S
1779,3027,2021-05-05T14:28:12.204000+00:00,1.0,P
1779,3167,2021-05-05T14:28:13.604000+00:00,1.0,S
1780,3027,2021-05-05T14:28:12.204000+00:00,1.0,P
1780,3167,2021-05-05T14:28:13.604000+00:00,1.0,S
1781,3027,2021-05-05T14:28:12.204000+00:00,1.0,P
1781,3167,2021-05-05T14:28:13.604000+00:00,1.0,S
1782,3027,2021-05-05T14:28:12.204000+00:00,1.0,P
1782,3167,2021-05-05T14:28:13.604000+00:00,1.0,S
1783,3027,2021-05-05T14:28:12.204000+00:00,1.0,P
1783,3167,2021-05-05T14:28:13.604000+00:00,1.0,S
1784,3027,2021-05-05T14:28:12.204000+00:00,1.0,P
1784,3167,2021-05-05T14:28:13.604000+00:00,1.0,S
1785,3027,2021-05-05T14:28:12.204000+00:00,1.0,P
1785,3167,2021-05-05T14:28:13.604000+00:00,1.0,S
1786,3027,2021-05-05T14:28:12.204000+00:00,1.0,P
1786,3167,2021-05-05T14:28:13.604000+00:00,1.0,S
1787,3027,2021-05-05T14:28:12.204000+00:00,1.0,P
1787,3167,2021-05-05T14:28:13.604000+00:00,1.0,S
1788,3027,2021-05-05T14:28:12.204000+00:00,1.0,P
1788,3168,2021-05-05T14:28:13.614000+00:00,1.0,S
1789,3027,2021-05-05T14:28:12.204000+00:00,1.0,P
1789,3168,2021-05-05T14:28:13.614000+00:00,1.0,S
1790,3027,2021-05-05T14:28:12.204000+00:00,1.0,P
1790,3168,2021-05-05T14:28:13.614000+00:00,1.0,S
1791,3027,2021-05-05T14:28:12.204000+00:00,1.0,P
1791,3168,2021-05-05T14:28:13.614000+00:00,1.0,S
1792,3027,2021-05-05T14:28:12.204000+00:00,1.0,P
1792,3168,2021-05-05T14:28:13.614000+00:00,1.0,S
1793,3027,2021-05-05T14:28:12.204000+00:00,1.0,P
1793,3168,2021-05-05T14:28:13.614000+00:00,1.0,S
1794,3027,2021-05-05T14:28:12.204000+00:00,1.0,P
1794,3168,2021-05-05T14:28:13.614000+00:00,1.0,S
1795,3027,2021-05-05T14:28:12.204000+00:00,1.0,P
1795,3168,2021-05-05T14:28:13.614000+00:00,1.0,S
1796,3027,2021-05-05T14:28:12.204000+00:00,1.0,P
1796,3168,2021-05-05T14:28:13.614000+00:00,1.0,S
1797,3027,2021-05-05T14:28:12.204000+00:00,1.0,P
1797,3168,2021-05-05T14:28:13.614000+00:00,1.0,S
1798,3027,2021-05-05T14:28:12.204000+00:00,1.0,P
1798,3168,2021-05-05T14:28:13.614000+00:00,1.0,S
1799,3027,2021-05-05T14:28:12.204000+00:00,1.0,P
1799,3168,2021-05-05T14:28:13.614000+00:00,1.0,S
1800,3027,2021-05-05T14:28:12.204000+00:00,1.0,P
1800,3168,2021-05-05T14:28:13.614000+00:00,1.0,S
1801,3027,2021-05-05T14:28:12.204000+00:00,1.0,P
1801,3168,2021-05-05T14:28:13.614000+00:00,1.0,S
1802,3027,2021-05-05T14:28:12.204000+00:00,1.0,P
1802,3168,2021-05-05T14:28:13.614000+00:00,1.0,S
1803,3027,2021-05-05T14:28:12.204000+00:00,1.0,P
1803,3168,2021-05-05T14:28:13.614000+00:00,1.0,S
1804,3027,2021-05-05T14:28:12.204000+00:00,1.0,P
1804,3168,2021-05-05T14:28:13.614000+00:00,1.0,S
1805,3027,2021-05-05T14:28:12.204000+00:00,1.0,P
1805,3168,2021-05-05T14:28:13.614000+00:00,1.0,S
1806,3027,2021-05-05T14:28:12.204000+00:00,1.0,P
1806,3168,2021-05-05T14:28:13.614000+00:00,1.0,S
1807,3027,2021-05-05T14:28:12.204000+00:00,1.0,P
1807,3168,2021-05-05T14:28:13.614000+00:00,1.0,S
1808,3027,2021-05-05T14:28:12.204000+00:00,1.0,P
1808,3168,2021-05-05T14:28:13.614000+00:00,1.0,S
1809,3027,2021-05-05T14:28:12.204000+00:00,1.0,P
1809,3168,2021-05-05T14:28:13.614000+00:00,1.0,S
1810,3027,2021-05-05T14:28:12.204000+00:00,1.0,P
1810,3168,2021-05-05T14:28:13.614000+00:00,1.0,S
1811,3027,2021-05-05T14:28:12.204000+00:00,1.0,P
1811,3168,2021-05-05T14:28:13.614000+00:00,1.0,S
1812,3027,2021-05-05T14:28:12.204000+00:00,1.0,P
1812,3168,2021-05-05T14:28:13.614000+00:00,1.0,S
1813,3027,2021-05-05T14:28:12.204000+00:00,1.0,P
1813,3168,2021-05-05T14:28:13.614000+00:00,1.0,S
1814,3027,2021-05-05T14:28:12.204000+00:00,1.0,P
1814,3168,2021-05-05T14:28:13.614000+00:00,1.0,S
1815,3027,2021-05-05T14:28:12.204000+00:00,1.0,P
1815,3168,2021-05-05T14:28:13.614000+00:00,1.0,S
1816,3027,2021-05-05T14:28:12.204000+00:00,1.0,P
1816,3168,2021-05-05T14:28:13.614000+00:00,1.0,S
1817,3027,2021-05-05T14:28:12.204000+00:00,1.0,P
1817,3168,2021-05-05T14:28:13.614000+00:00,1.0,S
1818,3027,2021-05-05T14:28:12.204000+00:00,1.0,P
1818,3168,2021-05-05T14:28:13.614000+00:00,1.0,S
1819,3028,2021-05-05T14:28:12.214000+00:00,1.0,P
1819,3168,2021-05-05T14:28:13.614000+00:00,1.0,S
1820,3028,2021-05-05T14:28:12.214000+00:00,1.0,P
1820,3168,2021-05-05T14:28:13.614000+00:00,1.0,S
1821,3028,2021-05-05T14:28:12.214000+00:00,1.0,P
1821,3168,2021-05-05T14:28:13.614000+00:00,1.0,S
1822,3028,2021-05-05T14:28:12.214000+00:00,1.0,P
1822,3168,2021-05-05T14:28:13.614000+00:00,1.0,S
1823,3028,2021-05-05T14:28:12.214000+00:00,1.0,P
1823,3168,2021-05-05T14:28:13.614000+00:00,1.0,S
1824,3028,2021-05-05T14:28:12.214000+00:00,1.0,P
1824,3168,2021-05-05T14:28:13.614000+00:00,1.0,S
1825,3028,2021-05-05T14:28:12.214000+00:00,1.0,P
1825,3169,2021-05-05T14:28:13.624000+00:00,1.0,S
1826,3028,2021-05-05T14:28:12.214000+00:00,1.0,P
1826,3169,2021-05-05T14:28:13.624000+00:00,1.0,S
1827,3028,2021-05-05T14:28:12.214000+00:00,1.0,P
1827,3169,2021-05-05T14:28:13.624000+00:00,1.0,S
1828,3028,2021-05-05T14:28:12.214000+00:00,1.0,P
1828,3169,2021-05-05T14:28:13.624000+00:00,1.0,S
1829,3028,2021-05-05T14:28:12.214000+00:00,1.0,P
1829,3169,2021-05-05T14:28:13.624000+00:00,1.0,S
1830,3028,2021-05-05T14:28:12.214000+00:00,1.0,P
1830,3169,2021-05-05T14:28:13.624000+00:00,1.0,S
1831,3028,2021-05-05T14:28:12.214000+00:00,1.0,P
1831,3169,2021-05-05T14:28:13.624000+00:00,1.0,S
1832,3028,2021-05-05T14:28:12.214000+00:00,1.0,P
1832,3169,2021-05-05T14:28:13.624000+00:00,1.0,S
1833,3028,2021-05-05T14:28:12.214000+00:00,1.0,P
1833,3169,2021-05-05T14:28:13.624000+00:00,1.0,S
1834,3028,2021-05-05T14:28:12.214000+00:00,1.0,P
1834,3169,2021-05-05T14:28:13.624000+00:00,1.0,S
1835,3028,2021-05-05T14:28:12.214000+00:00,1.0,P
1835,3169,2021-05-05T14:28:13.624000+00:00,1.0,S
1836,3028,2021-05-05T14:28:12.214000+00:00,1.0,P
1836,3169,2021-05-05T14:28:13.624000+00:00,1.0,S
1837,3028,2021-05-05T14:28:12.214000+00:00,1.0,P
1837,3169,2021-05-05T14:28:13.624000+00:00,1.0,S
1838,3028,2021-05-05T14:28:12.214000+00:00,1.0,P
1838,3169,2021-05-05T14:28:13.624000+00:00,1.0,S
1839,3028,2021-05-05T14:28:12.214000+00:00,1.0,P
1839,3169,2021-05-05T14:28:13.624000+00:00,1.0,S
1840,3028,2021-05-05T14:28:12.214000+00:00,1.0,P
1840,3169,2021-05-05T14:28:13.624000+00:00,1.0,S
1841,3028,2021-05-05T14:28:12.214000+00:00,1.0,P
1841,3169,2021-05-05T14:28:13.624000+00:00,1.0,S
1842,3028,2021-05-05T14:28:12.214000+00:00,1.0,P
1842,3169,2021-05-05T14:28:13.624000+00:00,1.0,S
1843,3028,2021-05-05T14:28:12.214000+00:00,1.0,P
1843,3169,2021-05-05T14:28:13.624000+00:00,1.0,S
1844,3028,2021-05-05T14:28:12.214000+00:00,1.0,P
1844,3169,2021-05-05T14:28:13.624000+00:00,1.0,S
1845,3028,2021-05-05T14:28:12.214000+00:00,1.0,P
1845,3169,2021-05-05T14:28:13.624000+00:00,1.0,S
1846,3028,2021-05-05T14:28:12.214000+00:00,1.0,P
1846,3169,2021-05-05T14:28:13.624000+00:00,1.0,S
1847,3028,2021-05-05T14:28:12.214000+00:00,1.0,P
1847,3169,2021-05-05T14:28:13.624000+00:00,1.0,S
1848,3028,2021-05-05T14:28:12.214000+00:00,1.0,P
1848,3170,2021-05-05T14:28:13.634000+00:00,1.0,S
1849,3028,2021-05-05T14:28:12.214000+00:00,1.0,P
1849,3170,2021-05-05T14:28:13.634000+00:00,1.0,S
1850,3028,2021-05-05T14:28:12.214000+00:00,1.0,P
1850,3170,2021-05-05T14:28:13.634000+00:00,1.0,S
1851,3028,2021-05-05T14:28:12.214000+00:00,1.0,P
1851,3170,2021-05-05T14:28:13.634000+00:00,1.0,S
1852,3028,2021-05-05T14:28:12.214000+00:00,1.0,P
1852,3170,2021-05-05T14:28:13.634000+00:00,1.0,S
1853,3028,2021-05-05T14:28:12.214000+00:00,1.0,P
1853,3170,2021-05-05T14:28:13.634000+00:00,1.0,S
1854,3028,2021-05-05T14:28:12.214000+00:00,1.0,P
1854,3170,2021-05-05T14:28:13.634000+00:00,1.0,S
1855,3028,2021-05-05T14:28:12.214000+00:00,1.0,P
1855,3170,2021-05-05T14:28:13.634000+00:00,1.0,S
1856,3029,2021-05-05T14:28:12.224000+00:00,1.0,P
1856,3170,2021-05-05T14:28:13.634000+00:00,1.0,S
1857,3029,2021-05-05T14:28:12.224000+00:00,1.0,P
1857,3170,2021-05-05T14:28:13.634000+00:00,1.0,S
1858,3029,2021-05-05T14:28:12.224000+00:00,1.0,P
1858,3170,2021-05-05T14:28:13.634000+00:00,1.0,S
1859,3029,2021-05-05T14:28:12.224000+00:00,1.0,P
1859,3170,2021-05-05T14:28:13.634000+00:00,1.0,S
1860,3029,2021-05-05T14:28:12.224000+00:00,1.0,P
1860,3170,2021-05-05T14:28:13.634000+00:00,1.0,S
1861,3029,2021-05-05T14:28:12.224000+00:00,1.0,P
1861,3170,2021-05-05T14:28:13.634000+00:00,1.0,S
1862,3029,2021-05-05T14:28:12.224000+00:00,1.0,P
1862,3170,2021-05-05T14:28:13.634000+00:00,1.0,S
1863,3029,2021-05-05T14:28:12.224000+00:00,1.0,P
1863,3170,2021-05-05T14:28:13.634000+00:00,1.0,S
1864,3029,2021-05-05T14:28:12.224000+00:00,1.0,P
1864,3170,2021-05-05T14:28:13.634000+00:00,1.0,S
1865,3029,2021-05-05T14:28:12.224000+00:00,1.0,P
1865,3170,2021-05-05T14:28:13.634000+00:00,1.0,S
1866,3029,2021-05-05T14:28:12.224000+00:00,1.0,P
1866,3170,2021-05-05T14:28:13.634000+00:00,1.0,S
1867,3029,2021-05-05T14:28:12.224000+00:00,1.0,P
1867,3170,2021-05-05T14:28:13.634000+00:00,1.0,S
1868,3029,2021-05-05T14:28:12.224000+00:00,1.0,P
1868,3170,2021-05-05T14:28:13.634000+00:00,1.0,S
1869,3029,2021-05-05T14:28:12.224000+00:00,1.0,P
1869,3170,2021-05-05T14:28:13.634000+00:00,1.0,S
1870,3029,2021-05-05T14:28:12.224000+00:00,1.0,P
1870,3170,2021-05-05T14:28:13.634000+00:00,1.0,S
1871,3029,2021-05-05T14:28:12.224000+00:00,1.0,P
1871,3170,2021-05-05T14:28:13.634000+00:00,1.0,S
1872,3029,2021-05-05T14:28:12.224000+00:00,1.0,P
1872,3170,2021-05-05T14:28:13.634000+00:00,1.0,S
1873,3029,2021-05-05T14:28:12.224000+00:00,1.0,P
1873,3170,2021-05-05T14:28:13.634000+00:00,1.0,S
1874,3029,2021-05-05T14:28:12.224000+00:00,1.0,P
1874,3170,2021-05-05T14:28:13.634000+00:00,1.0,S
1875,3029,2021-05-05T14:28:12.224000+00:00,1.0,P
1875,3170,2021-05-05T14:28:13.634000+00:00,1.0,S
1876,3029,2021-05-05T14:28:12.224000+00:00,1.0,P
1876,3170,2021-05-05T14:28:13.634000+00:00,1.0,S
1877,3029,2021-05-05T14:28:12.224000+00:00,1.0,P
1877,3170,2021-05-05T14:28:13.634000+00:00,1.0,S
1878,3029,2021-05-05T14:28:12.224000+00:00,1.0,P
1878,3170,2021-05-05T14:28:13.634000+00:00,1.0,S
1879,3029,2021-05-05T14:28:12.224000+00:00,1.0,P
1879,3171,2021-05-05T14:28:13.644000+00:00,1.0,S
1880,3029,2021-05-05T14:28:12.224000+00:00,1.0,P
1880,3171,2021-05-05T14:28:13.644000+00:00,1.0,S
1881,3029,2021-05-05T14:28:12.224000+00:00,1.0,P
1881,3171,2021-05-05T14:28:13.644000+00:00,1.0,S
1882,3029,2021-05-05T14:28:12.224000+00:00,1.0,P
1882,3171,2021-05-05T14:28:13.644000+00:00,1.0,S
1883,3029,2021-05-05T14:28:12.224000+00:00,1.0,P
1883,3171,2021-05-05T14:28:13.644000+00:00,1.0,S
1884,3029,2021-05-05T14:28:12.224000+00:00,1.0,P
1884,3171,2021-05-05T14:28:13.644000+00:00,1.0,S
1885,3030,2021-05-05T14:28:12.234000+00:00,1.0,P
1885,3171,2021-05-05T14:28:13.644000+00:00,1.0,S
1886,3030,2021-05-05T14:28:12.234000+00:00,1.0,P
1886,3171,2021-05-05T14:28:13.644000+00:00,1.0,S
1887,3030,2021-05-05T14:28:12.234000+00:00,1.0,P
1887,3171,2021-05-05T14:28:13.644000+00:00,1.0,S
1888,3030,2021-05-05T14:28:12.234000+00:00,1.0,P
1888,3171,2021-05-05T14:28:13.644000+00:00,1.0,S
1889,3030,2021-05-05T14:28:12.234000+00:00,1.0,P
1889,3171,2021-05-05T14:28:13.644000+00:00,1.0,S
1890,3030,2021-05-05T14:28:12.234000+00:00,1.0,P
1890,3171,2021-05-05T14:28:13.644000+00:00,1.0,S
1891,3030,2021-05-05T14:28:12.234000+00:00,1.0,P
1891,3171,2021-05-05T14:28:13.644000+00:00,1.0,S
1892,3030,2021-05-05T14:28:12.234000+00:00,1.0,P
1892,3171,2021-05-05T14:28:13.644000+00:00,1.0,S
1893,3030,2021-05-05T14:28:12.234000+00:00,1.0,P
1893,3171,2021-05-05T14:28:13.644000+00:00,1.0,S
1894,3030,2021-05-05T14:28:12.234000+00:00,1.0,P
1894,3171,2021-05-05T14:28:13.644000+00:00,1.0,S
1895,3030,2021-05-05T14:28:12.234000+00:00,1.0,P
1895,3171,2021-05-05T14:28:13.644000+00:00,1.0,S
1896,3030,2021-05-05T14:28:12.234000+00:00,1.0,P
1896,3171,2021-05-05T14:28:13.644000+00:00,1.0,S
1897,3030,2021-05-05T14:28:12.234000+00:00,1.0,P
1897,3171,2021-05-05T14:28:13.644000+00:00,1.0,S
1898,3030,2021-05-05T14:28:12.234000+00:00,1.0,P
1898,3171,2021-05-05T14:28:13.644000+00:00,1.0,S
1899,3030,2021-05-05T14:28:12.234000+00:00,1.0,P
1899,3171,2021-05-05T14:28:13.644000+00:00,1.0,S
1900,3030,2021-05-05T14:28:12.234000+00:00,1.0,P
1900,3171,2021-05-05T14:28:13.644000+00:00,1.0,S
1901,3030,2021-05-05T14:28:12.234000+00:00,1.0,P
1901,3171,2021-05-05T14:28:13.644000+00:00,1.0,S
1902,3030,2021-05-05T14:28:12.234000+00:00,1.0,P
1902,3171,2021-05-05T14:28:13.644000+00:00,1.0,S
1903,3030,2021-05-05T14:28:12.234000+00:00,1.0,P
1903,3171,2021-05-05T14:28:13.644000+00:00,1.0,S
1904,3030,2021-05-05T14:28:12.234000+00:00,1.0,P
1904,3171,2021-05-05T14:28:13.644000+00:00,1.0,S
1905,3030,2021-05-05T14:28:12.234000+00:00,1.0,P
1905,3171,2021-05-05T14:28:13.644000+00:00,1.0,S
1906,3030,2021-05-05T14:28:12.234000+00:00,1.0,P
1906,3171,2021-05-05T14:28:13.644000+00:00,1.0,S
1907,3030,2021-05-05T14:28:12.234000+00:00,1.0,P
1907,3171,2021-05-05T14:28:13.644000+00:00,1.0,S
1908,3030,2021-05-05T14:28:12.234000+00:00,1.0,P
1908,3171,2021-05-05T14:28:13.644000+00:00,1.0,S
1909,3030,2021-05-05T14:28:12.234000+00:00,1.0,P
1909,3171,2021-05-05T14:28:13.644000+00:00,1.0,S
1910,3030,2021-05-05T14:28:12.234000+00:00,1.0,P
1910,3171,2021-05-05T14:28:13.644000+00:00,1.0,S
1911,3030,2021-05-05T14:28:12.234000+00:00,1.0,P
1911,3172,2021-05-05T14:28:13.654000+00:00,1.0,S
1912,3030,2021-05-05T14:28:12.234000+00:00,1.0,P
1912,3172,2021-05-05T14:28:13.654000+00:00,1.0,S
1913,3030,2021-05-05T14:28:12.234000+00:00,1.0,P
1913,3172,2021-05-05T14:28:13.654000+00:00,1.0,S
1914,3030,2021-05-05T14:28:12.234000+00:00,1.0,P
1914,3172,2021-05-05T14:28:13.654000+00:00,1.0,S
1915,3030,2021-05-05T14:28:12.234000+00:00,1.0,P
1915,3172,2021-05-05T14:28:13.654000+00:00,1.0,S
1916,3030,2021-05-05T14:28:12.234000+00:00,1.0,P
1916,3172,2021-05-05T14:28:13.654000+00:00,1.0,S
1917,3030,2021-05-05T14:28:12.234000+00:00,1.0,P
1917,3172,2021-05-05T14:28:13.654000+00:00,1.0,S
1918,3030,2021-05-05T14:28:12.234000+00:00,1.0,P
1918,3172,2021-05-05T14:28:13.654000+00:00,1.0,S
1919,3030,2021-05-05T14:28:12.234000+00:00,1.0,P
1919,3172,2021-05-05T14:28:13.654000+00:00,1.0,S
1920,3030,2021-05-05T14:28:12.234000+00:00,1.0,P
1920,3172,2021-05-05T14:28:13.654000+00:00,1.0,S
1921,3030,2021-05-05T14:28:12.234000+00:00,1.0,P
1921,3172,2021-05-05T14:28:13.654000+00:00,1.0,S
1922,3030,2021-05-05T14:28:12.234000+00:00,1.0,P
1922,3172,2021-05-05T14:28:13.654000+00:00,1.0,S
1923,3030,2021-05-05T14:28:12.234000+00:00,1.0,P
1923,3172,2021-05-05T14:28:13.654000+00:00,1.0,S
1924,3030,2021-05-05T14:28:12.234000+00:00,1.0,P
1924,3172,2021-05-05T14:28:13.654000+00:00,1.0,S
1925,3030,2021-05-05T14:28:12.234000+00:00,1.0,P
1925,3172,2021-05-05T14:28:13.654000+00:00,1.0,S
1926,3030,2021-05-05T14:28:12.234000+00:00,1.0,P
1926,3172,2021-05-05T14:28:13.654000+00:00,1.0,S
1927,3030,2021-05-05T14:28:12.234000+00:00,1.0,P
1927,3172,2021-05-05T14:28:13.654000+00:00,1.0,S
1928,3030,2021-05-05T14:28:12.234000+00:00,1.0,P
1928,3172,2021-05-05T14:28:13.654000+00:00,1.0,S
1929,3030,2021-05-05T14:28:12.234000+00:00,1.0,P
1929,3172,2021-05-05T14:28:13.654000+00:00,1.0,S
1930,3030,2021-05-05T14:28:12.234000+00:00,1.0,P
1930,3172,2021-05-05T14:28:13.654000+00:00,1.0,S
1931,3030,2021-05-05T14:28:12.234000+00:00,1.0,P
1931,3172,2021-05-05T14:28:13.654000+00:00,1.0,S
1932,3030,2021-05-05T14:28:12.234000+00:00,1.0,P
1932,3172,2021-05-05T14:28:13.654000+00:00,1.0,S
1933,3030,2021-05-05T14:28:12.234000+00:00,1.0,P
1933,3172,2021-05-05T14:28:13.654000+00:00,1.0,S
1934,3030,2021-05-05T14:28:12.234000+00:00,1.0,P
1934,3171,2021-05-05T14:28:13.644000+00:00,1.0,S
1935,3031,2021-05-05T14:28:12.244000+00:00,1.0,P
1935,3171,2021-05-05T14:28:13.644000+00:00,1.0,S
1936,3031,2021-05-05T14:28:12.244000+00:00,1.0,P
1936,3171,2021-05-05T14:28:13.644000+00:00,1.0,S
1937,3031,2021-05-05T14:28:12.244000+00:00,1.0,P
1937,3171,2021-05-05T14:28:13.644000+00:00,1.0,S
1938,3031,2021-05-05T14:28:12.244000+00:00,1.0,P
1938,3171,2021-05-05T14:28:13.644000+00:00,1.0,S
1939,3031,2021-05-05T14:28:12.244000+00:00,1.0,P
1939,3171,2021-05-05T14:28:13.644000+00:00,1.0,S
1940,3031,2021-05-05T14:28:12.244000+00:00,1.0,P
1940,3171,2021-05-05T14:28:13.644000+00:00,1.0,S
1941,3031,2021-05-05T14:28:12.244000+00:00,1.0,P
1941,3171,2021-05-05T14:28:13.644000+00:00,1.0,S
1942,3031,2021-05-05T14:28:12.244000+00:00,1.0,P
1942,3172,2021-05-05T14:28:13.654000+00:00,1.0,S
1943,3031,2021-05-05T14:28:12.244000+00:00,1.0,P
1943,3172,2021-05-05T14:28:13.654000+00:00,1.0,S
1944,3031,2021-05-05T14:28:12.244000+00:00,1.0,P
1944,3172,2021-05-05T14:28:13.654000+00:00,1.0,S
1945,3031,2021-05-05T14:28:12.244000+00:00,1.0,P
1945,3171,2021-05-05T14:28:13.644000+00:00,1.0,S
1946,3031,2021-05-05T14:28:12.244000+00:00,1.0,P
1946,3171,2021-05-05T14:28:13.644000+00:00,1.0,S
1947,3031,2021-05-05T14:28:12.244000+00:00,1.0,P
1947,3171,2021-05-05T14:28:13.644000+00:00,1.0,S
1948,3031,2021-05-05T14:28:12.244000+00:00,1.0,P
1948,3171,2021-05-05T14:28:13.644000+00:00,1.0,S
1949,3031,2021-05-05T14:28:12.244000+00:00,1.0,P
1949,3172,2021-05-05T14:28:13.654000+00:00,1.0,S
1950,3031,2021-05-05T14:28:12.244000+00:00,1.0,P
1950,3172,2021-05-05T14:28:13.654000+00:00,1.0,S
1951,3031,2021-05-05T14:28:12.244000+00:00,1.0,P
1951,3172,2021-05-05T14:28:13.654000+00:00,1.0,S
1952,3031,2021-05-05T14:28:12.244000+00:00,1.0,P
1952,3172,2021-05-05T14:28:13.654000+00:00,1.0,S
1953,3031,2021-05-05T14:28:12.244000+00:00,1.0,P
1953,3172,2021-05-05T14:28:13.654000+00:00,1.0,S
1954,3031,2021-05-05T14:28:12.244000+00:00,1.0,P
1954,3172,2021-05-05T14:28:13.654000+00:00,1.0,S
1955,3031,2021-05-05T14:28:12.244000+00:00,1.0,P
1955,3172,2021-05-05T14:28:13.654000+00:00,1.0,S
1956,3031,2021-05-05T14:28:12.244000+00:00,1.0,P
1956,3172,2021-05-05T14:28:13.654000+00:00,1.0,S
1957,3031,2021-05-05T14:28:12.244000+00:00,1.0,P
1957,3172,2021-05-05T14:28:13.654000+00:00,1.0,S
1958,3031,2021-05-05T14:28:12.244000+00:00,1.0,P
1958,3172,2021-05-05T14:28:13.654000+00:00,1.0,S
1959,3031,2021-05-05T14:28:12.244000+00:00,1.0,P
1959,3172,2021-05-05T14:28:13.654000+00:00,1.0,S
1960,3031,2021-05-05T14:28:12.244000+00:00,1.0,P
1960,3172,2021-05-05T14:28:13.654000+00:00,1.0,S
1961,3031,2021-05-05T14:28:12.244000+00:00,1.0,P
1961,3172,2021-05-05T14:28:13.654000+00:00,1.0,S
1962,3031,2021-05-05T14:28:12.244000+00:00,1.0,P
1962,3172,2021-05-05T14:28:13.654000+00:00,1.0,S
1963,3031,2021-05-05T14:28:12.244000+00:00,1.0,P
1963,3172,2021-05-05T14:28:13.654000+00:00,1.0,S
1964,3031,2021-05-05T14:28:12.244000+00:00,1.0,P
1964,3172,2021-05-05T14:28:13.654000+00:00,1.0,S
1965,3031,2021-05-05T14:28:12.244000+00:00,1.0,P
1965,3172,2021-05-05T14:28:13.654000+00:00,1.0,S
1966,3031,2021-05-05T14:28:12.244000+00:00,1.0,P
1966,3172,2021-05-05T14:28:13.654000+00:00,1.0,S
1967,3031,2021-05-05T14:28:12.244000+00:00,1.0,P
1967,3172,2021-05-05T14:28:13.654000+00:00,1.0,S
1968,3031,2021-05-05T14:28:12.244000+00:00,1.0,P
1968,3172,2021-05-05T14:28:13.654000+00:00,1.0,S
1969,3031,2021-05-05T14:28:12.244000+00:00,1.0,P
1969,3172,2021-05-05T14:28:13.654000+00:00,1.0,S
1970,3031,2021-05-05T14:28:12.244000+00:00,1.0,P
1970,3172,2021-05-05T14:28:13.654000+00:00,1.0,S
1971,3031,2021-05-05T14:28:12.244000+00:00,1.0,P
1971,3172,2021-05-05T14:28:13.654000+00:00,1.0,S
1972,3031,2021-05-05T14:28:12.244000+00:00,1.0,P
1972,3172,2021-05-05T14:28:13.654000+00:00,1.0,S
1973,3031,2021-05-05T14:28:12.244000+00:00,1.0,P
1973,3172,2021-05-05T14:28:13.654000+00:00,1.0,S
1974,3031,2021-05-05T14:28:12.244000+00:00,1.0,P
1974,3172,2021-05-05T14:28:13.654000+00:00,1.0,S
1975,3031,2021-05-05T14:28:12.244000+00:00,1.0,P
1975,3172,2021-05-05T14:28:13.654000+00:00,1.0,S
1976,3031,2021-05-05T14:28:12.244000+00:00,1.0,P
1976,3172,2021-05-05T14:28:13.654000+00:00,1.0,S
1977,3031,2021-05-05T14:28:12.244000+00:00,1.0,P
1977,3172,2021-05-05T14:28:13.654000+00:00,1.0,S
1978,3031,2021-05-05T14:28:12.244000+00:00,1.0,P
1978,3172,2021-05-05T14:28:13.654000+00:00,1.0,S
1979,3031,2021-05-05T14:28:12.244000+00:00,1.0,P
1979,3172,2021-05-05T14:28:13.654000+00:00,1.0,S
1980,3031,2021-05-05T14:28:12.244000+00:00,1.0,P
1980,3172,2021-05-05T14:28:13.654000+00:00,1.0,S
1981,3031,2021-05-05T14:28:12.244000+00:00,1.0,P
1981,3172,2021-05-05T14:28:13.654000+00:00,1.0,S
1982,3031,2021-05-05T14:28:12.244000+00:00,1.0,P
1982,3172,2021-05-05T14:28:13.654000+00:00,1.0,S
1983,3031,2021-05-05T14:28:12.244000+00:00,1.0,P
1983,3172,2021-05-05T14:28:13.654000+00:00,1.0,S
1984,3031,2021-05-05T14:28:12.244000+00:00,1.0,P
1984,3172,2021-05-05T14:28:13.654000+00:00,1.0,S
1985,3031,2021-05-05T14:28:12.244000+00:00,1.0,P
1985,3172,2021-05-05T14:28:13.654000+00:00,1.0,S
1986,3031,2021-05-05T14:28:12.244000+00:00,1.0,P
1986,3172,2021-05-05T14:28:13.654000+00:00,1.0,S
1987,3031,2021-05-05T14:28:12.244000+00:00,1.0,P
1987,3172,2021-05-05T14:28:13.654000+00:00,1.0,S
1988,3031,2021-05-05T14:28:12.244000+00:00,1.0,P
1988,3172,2021-05-05T14:28:13.654000+00:00,1.0,S
1989,3031,2021-05-05T14:28:12.244000+00:00,1.0,P
1989,3172,2021-05-05T14:28:13.654000+00:00,1.0,S
1990,3031,2021-05-05T14:28:12.244000+00:00,1.0,P
1990,3173,2021-05-05T14:28:13.664000+00:00,1.0,S
1991,3031,2021-05-05T14:28:12.244000+00:00,1.0,P
1991,3173,2021-05-05T14:28:13.664000+00:00,1.0,S
1992,3031,2021-05-05T14:28:12.244000+00:00,1.0,P
1992,3173,2021-05-05T14:28:13.664000+00:00,1.0,S
1993,3031,2021-05-05T14:28:12.244000+00:00,1.0,P
1993,3173,2021-05-05T14:28:13.664000+00:00,1.0,S
1994,3031,2021-05-05T14:28:12.244000+00:00,1.0,P
1994,3173,2021-05-05T14:28:13.664000+00:00,1.0,S
1995,3031,2021-05-05T14:28:12.244000+00:00,1.0,P
1995,3173,2021-05-05T14:28:13.664000+00:00,1.0,S
1996,3031,2021-05-05T14:28:12.244000+00:00,1.0,P
1996,3173,2021-05-05T14:28:13.664000+00:00,1.0,S
1997,3031,2021-05-05T14:28:12.244000+00:00,1.0,P
1997,3173,2021-05-05T14:28:13.664000+00:00,1.0,S
1998,3031,2021-05-05T14:28:12.244000+00:00,1.0,P
1998,3173,2021-05-05T14:28:13.664000+00:00,1.0,S
1999,3031,2021-05-05T14:28:12.244000+00:00,1.0,P
1999,3173,2021-05-05T14:28:13.664000+00:00,1.0,S
2000,3031,2021-05-05T14:28:12.244000+00:00,1.0,P
2000,3173,2021-05-05T14:28:13.664000+00:00,1.0,S
2001,3031,2021-05-05T14:28:12.244000+00:00,1.0,P
2001,3173,2021-05-05T14:28:13.664000+00:00,1.0,S
2002,3031,2021-05-05T14:28:12.244000+00:00,1.0,P
2002,3173,2021-05-05T14:28:13.664000+00:00,1.0,S
2003,3031,2021-05-05T14:28:12.244000+00:00,1.0,P
2003,3173,2021-05-05T14:28:13.664000+00:00,1.0,S
2004,3031,2021-05-05T14:28:12.244000+00:00,1.0,P
2004,3173,2021-05-05T14:28:13.664000+00:00,1.0,S
2005,3031,2021-05-05T14:28:12.244000+00:00,1.0,P
2005,3173,2021-05-05T14:28:13.664000+00:00,1.0,S
2006,3031,2021-05-05T14:28:12.244000+00:00,1.0,P
2006,3173,2021-05-05T14:28:13.664000+00:00,1.0,S
2007,3031,2021-05-05T14:28:12.244000+00:00,1.0,P
2007,3173,2021-05-05T14:28:13.664000+00:00,1.0,S
2008,3031,2021-05-05T14:28:12.244000+00:00,1.0,P
2008,3173,2021-05-05T14:28:13.664000+00:00,1.0,S
2009,3031,2021-05-05T14:28:12.244000+00:00,1.0,P
2009,3174,2021-05-05T14:28:13.674000+00:00,1.0,S
2010,3031,2021-05-05T14:28:12.244000+00:00,1.0,P
2010,3174,2021-05-05T14:28:13.674000+00:00,1.0,S
2011,3031,2021-05-05T14:28:12.244000+00:00,1.0,P
2011,3174,2021-05-05T14:28:13.674000+00:00,1.0,S
2012,3031,2021-05-05T14:28:12.244000+00:00,1.0,P
2012,3174,2021-05-05T14:28:13.674000+00:00,1.0,S
2013,3031,2021-05-05T14:28:12.244000+00:00,1.0,P
2013,3174,2021-05-05T14:28:13.674000+00:00,1.0,S
2014,3031,2021-05-05T14:28:12.244000+00:00,1.0,P
2014,3174,2021-05-05T14:28:13.674000+00:00,1.0,S
2015,3031,2021-05-05T14:28:12.244000+00:00,1.0,P
2015,3174,2021-05-05T14:28:13.674000+00:00,1.0,S
2016,3031,2021-05-05T14:28:12.244000+00:00,1.0,P
2016,3174,2021-05-05T14:28:13.674000+00:00,1.0,S
2017,3031,2021-05-05T14:28:12.244000+00:00,1.0,P
2017,3174,2021-05-05T14:28:13.674000+00:00,1.0,S
2018,3031,2021-05-05T14:28:12.244000+00:00,1.0,P
2018,3174,2021-05-05T14:28:13.674000+00:00,1.0,S
2019,3031,2021-05-05T14:28:12.244000+00:00,1.0,P
2019,3174,2021-05-05T14:28:13.674000+00:00,1.0,S
2020,3031,2021-05-05T14:28:12.244000+00:00,1.0,P
2020,3174,2021-05-05T14:28:13.674000+00:00,1.0,S
2021,3031,2021-05-05T14:28:12.244000+00:00,1.0,P
2021,3174,2021-05-05T14:28:13.674000+00:00,1.0,S
2022,3031,2021-05-05T14:28:12.244000+00:00,1.0,P
2022,3174,2021-05-05T14:28:13.674000+00:00,1.0,S
2023,3031,2021-05-05T14:28:12.244000+00:00,1.0,P
2023,3174,2021-05-05T14:28:13.674000+00:00,1.0,S
2024,3031,2021-05-05T14:28:12.244000+00:00,1.0,P
2024,3174,2021-05-05T14:28:13.674000+00:00,1.0,S
2025,3031,2021-05-05T14:28:12.244000+00:00,1.0,P
2025,3174,2021-05-05T14:28:13.674000+00:00,1.0,S
2026,3031,2021-05-05T14:28:12.244000+00:00,1.0,P
2026,3174,2021-05-05T14:28:13.674000+00:00,1.0,S
2027,3031,2021-05-05T14:28:12.244000+00:00,1.0,P
2027,3174,2021-05-05T14:28:13.674000+00:00,1.0,S
2028,3031,2021-05-05T14:28:12.244000+00:00,1.0,P
2028,3174,2021-05-05T14:28:13.674000+00:00,1.0,S
2029,3031,2021-05-05T14:28:12.244000+00:00,1.0,P
2029,3174,2021-05-05T14:28:13.674000+00:00,1.0,S
2030,3031,2021-05-05T14:28:12.244000+00:00,1.0,P
2030,3174,2021-05-05T14:28:13.674000+00:00,1.0,S
2031,3031,2021-05-05T14:28:12.244000+00:00,1.0,P
2031,3174,2021-05-05T14:28:13.674000+00:00,1.0,S
2032,3031,2021-05-05T14:28:12.244000+00:00,1.0,P
2032,3174,2021-05-05T14:28:13.674000+00:00,1.0,S
2033,3031,2021-05-05T14:28:12.244000+00:00,1.0,P
2033,3174,2021-05-05T14:28:13.674000+00:00,1.0,S
2034,3031,2021-05-05T14:28:12.244000+00:00,1.0,P
2034,3174,2021-05-05T14:28:13.674000+00:00,1.0,S
2035,3031,2021-05-05T14:28:12.244000+00:00,1.0,P
2035,3174,2021-05-05T14:28:13.674000+00:00,1.0,S
2036,3031,2021-05-05T14:28:12.244000+00:00,1.0,P
2036,3174,2021-05-05T14:28:13.674000+00:00,1.0,S
2037,3031,2021-05-05T14:28:12.244000+00:00,1.0,P
2037,3174,2021-05-05T14:28:13.674000+00:00,1.0,S
2038,3031,2021-05-05T14:28:12.244000+00:00,1.0,P
2038,3174,2021-05-05T14:28:13.674000+00:00,1.0,S
2039,3031,2021-05-05T14:28:12.244000+00:00,1.0,P
2039,3174,2021-05-05T14:28:13.674000+00:00,1.0,S
2040,3031,2021-05-05T14:28:12.244000+00:00,1.0,P
2040,3174,2021-05-05T14:28:13.674000+00:00,1.0,S
2041,3031,2021-05-05T14:28:12.244000+00:00,1.0,P
2041,3174,2021-05-05T14:28:13.674000+00:00,1.0,S
2042,3031,2021-05-05T14:28:12.244000+00:00,1.0,P
2042,3174,2021-05-05T14:28:13.674000+00:00,1.0,S
2043,3031,2021-05-05T14:28:12.244000+00:00,1.0,P
2043,3175,2021-05-05T14:28:13.684000+00:00,1.0,S
2044,3031,2021-05-05T14:28:12.244000+00:00,1.0,P
2044,3175,2021-05-05T14:28:13.684000+00:00,1.0,S
2045,3031,2021-05-05T14:28:12.244000+00:00,1.0,P
2045,3175,2021-05-05T14:28:13.684000+00:00,1.0,S
2046,3031,2021-05-05T14:28:12.244000+00:00,1.0,P
2046,3175,2021-05-05T14:28:13.684000+00:00,1.0,S
2047,3031,2021-05-05T14:28:12.244000+00:00,1.0,P
2047,3175,2021-05-05T14:28:13.684000+00:00,1.0,S
2048,3031,2021-05-05T14:28:12.244000+00:00,1.0,P
2048,3175,2021-05-05T14:28:13.684000+00:00,1.0,S
2049,3031,2021-05-05T14:28:12.244000+00:00,1.0,P
2049,3175,2021-05-05T14:28:13.684000+00:00,1.0,S
2050,3031,2021-05-05T14:28:12.244000+00:00,1.0,P
2050,3175,2021-05-05T14:28:13.684000+00:00,1.0,S
2051,3031,2021-05-05T14:28:12.244000+00:00,1.0,P
2051,3175,2021-05-05T14:28:13.684000+00:00,1.0,S
2052,3031,2021-05-05T14:28:12.244000+00:00,1.0,P
2052,3175,2021-05-05T14:28:13.684000+00:00,1.0,S
2053,3032,2021-05-05T14:28:12.254000+00:00,1.0,P
2053,3176,2021-05-05T14:28:13.694000+00:00,1.0,S
2054,3032,2021-05-05T14:28:12.254000+00:00,1.0,P
2054,3176,2021-05-05T14:28:13.694000+00:00,1.0,S
2055,3032,2021-05-05T14:28:12.254000+00:00,1.0,P
2055,3176,2021-05-05T14:28:13.694000+00:00,1.0,S
2056,3032,2021-05-05T14:28:12.254000+00:00,1.0,P
2056,3176,2021-05-05T14:28:13.694000+00:00,1.0,S
2057,3032,2021-05-05T14:28:12.254000+00:00,1.0,P
2057,3176,2021-05-05T14:28:13.694000+00:00,1.0,S
2058,3032,2021-05-05T14:28:12.254000+00:00,1.0,P
2058,3176,2021-05-05T14:28:13.694000+00:00,1.0,S
2059,3032,2021-05-05T14:28:12.254000+00:00,1.0,P
2059,3176,2021-05-05T14:28:13.694000+00:00,1.0,S
2060,3032,2021-05-05T14:28:12.254000+00:00,1.0,P
2060,3176,2021-05-05T14:28:13.694000+00:00,1.0,S
2061,3032,2021-05-05T14:28:12.254000+00:00,1.0,P
2061,3176,2021-05-05T14:28:13.694000+00:00,1.0,S
2062,3032,2021-05-05T14:28:12.254000+00:00,1.0,P
2062,3176,2021-05-05T14:28:13.694000+00:00,1.0,S
2063,3032,2021-05-05T14:28:12.254000+00:00,1.0,P
2063,3176,2021-05-05T14:28:13.694000+00:00,1.0,S
2064,3032,2021-05-05T14:28:12.254000+00:00,1.0,P
2064,3176,2021-05-05T14:28:13.694000+00:00,1.0,S
2065,3032,2021-05-05T14:28:12.254000+00:00,1.0,P
2065,3177,2021-05-05T14:28:13.704000+00:00,1.0,S
2066,3032,2021-05-05T14:28:12.254000+00:00,1.0,P
2066,3177,2021-05-05T14:28:13.704000+00:00,1.0,S
2067,3032,2021-05-05T14:28:12.254000+00:00,1.0,P
2067,3177,2021-05-05T14:28:13.704000+00:00,1.0,S
2068,3032,2021-05-05T14:28:12.254000+00:00,1.0,P
2068,3177,2021-05-05T14:28:13.704000+00:00,1.0,S
2069,3032,2021-05-05T14:28:12.254000+00:00,1.0,P
2069,3177,2021-05-05T14:28:13.704000+00:00,1.0,S
2070,3032,2021-05-05T14:28:12.254000+00:00,1.0,P
2070,3177,2021-05-05T14:28:13.704000+00:00,1.0,S
2071,3032,2021-05-05T14:28:12.254000+00:00,1.0,P
2071,3177,2021-05-05T14:28:13.704000+00:00,1.0,S
2072,3032,2021-05-05T14:28:12.254000+00:00,1.0,P
2072,3177,2021-05-05T14:28:13.704000+00:00,1.0,S
2073,3032,2021-05-05T14:28:12.254000+00:00,1.0,P
2073,3177,2021-05-05T14:28:13.704000+00:00,1.0,S
2074,3032,2021-05-05T14:28:12.254000+00:00,1.0,P
2074,3177,2021-05-05T14:28:13.704000+00:00,1.0,S
2075,3032,2021-05-05T14:28:12.254000+00:00,1.0,P
2075,3177,2021-05-05T14:28:13.704000+00:00,1.0,S
2076,3032,2021-05-05T14:28:12.254000+00:00,1.0,P
2076,3177,2021-05-05T14:28:13.704000+00:00,1.0,S
2077,3032,2021-05-05T14:28:12.254000+00:00,1.0,P
2077,3177,2021-05-05T14:28:13.704000+00:00,1.0,S
2078,3032,2021-05-05T14:28:12.254000+00:00,1.0,P
2078,3177,2021-05-05T14:28:13.704000+00:00,1.0,S
2079,3032,2021-05-05T14:28:12.254000+00:00,1.0,P
2079,3177,2021-05-05T14:28:13.704000+00:00,1.0,S
2080,3032,2021-05-05T14:28:12.254000+00:00,1.0,P
2080,3177,2021-05-05T14:28:13.704000+00:00,1.0,S
2081,3032,2021-05-05T14:28:12.254000+00:00,1.0,P
2081,3177,2021-05-05T14:28:13.704000+00:00,1.0,S
2082,3032,2021-05-05T14:28:12.254000+00:00,1.0,P
2082,3177,2021-05-05T14:28:13.704000+00:00,1.0,S
2083,3032,2021-05-05T14:28:12.254000+00:00,1.0,P
2083,3177,2021-05-05T14:28:13.704000+00:00,1.0,S
2084,3032,2021-05-05T14:28:12.254000+00:00,1.0,P
2084,3177,2021-05-05T14:28:13.704000+00:00,1.0,S
2085,3032,2021-05-05T14:28:12.254000+00:00,1.0,P
2085,3177,2021-05-05T14:28:13.704000+00:00,1.0,S
2086,3032,2021-05-05T14:28:12.254000+00:00,1.0,P
2086,3177,2021-05-05T14:28:13.704000+00:00,1.0,S
2087,3032,2021-05-05T14:28:12.254000+00:00,1.0,P
2087,3177,2021-05-05T14:28:13.704000+00:00,1.0,S
2088,3032,2021-05-05T14:28:12.254000+00:00,1.0,P
2088,3177,2021-05-05T14:28:13.704000+00:00,1.0,S
2089,3032,2021-05-05T14:28:12.254000+00:00,1.0,P
2089,3177,2021-05-05T14:28:13.704000+00:00,1.0,S
2090,3032,2021-05-05T14:28:12.254000+00:00,1.0,P
2090,3177,2021-05-05T14:28:13.704000+00:00,1.0,S
2091,3032,2021-05-05T14:28:12.254000+00:00,1.0,P
2091,3177,2021-05-05T14:28:13.704000+00:00,1.0,S
2092,3032,2021-05-05T14:28:12.254000+00:00,1.0,P
2092,3177,2021-05-05T14:28:13.704000+00:00,1.0,S
2093,3032,2021-05-05T14:28:12.254000+00:00,1.0,P
2093,3177,2021-05-05T14:28:13.704000+00:00,1.0,S
2094,3032,2021-05-05T14:28:12.254000+00:00,1.0,P
2094,3177,2021-05-05T14:28:13.704000+00:00,1.0,S
2095,3032,2021-05-05T14:28:12.254000+00:00,1.0,P
2095,3177,2021-05-05T14:28:13.704000+00:00,1.0,S
2096,3032,2021-05-05T14:28:12.254000+00:00,1.0,P
2096,3177,2021-05-05T14:28:13.704000+00:00,1.0,S
2097,3032,2021-05-05T14:28:12.254000+00:00,1.0,P
2097,3177,2021-05-05T14:28:13.704000+00:00,1.0,S
2098,3033,2021-05-05T14:28:12.264000+00:00,1.0,P
2098,3177,2021-05-05T14:28:13.704000+00:00,1.0,S
2099,3033,2021-05-05T14:28:12.264000+00:00,1.0,P
2099,3177,2021-05-05T14:28:13.704000+00:00,1.0,S
2100,3033,2021-05-05T14:28:12.264000+00:00,1.0,P
2100,3177,2021-05-05T14:28:13.704000+00:00,1.0,S
2101,3033,2021-05-05T14:28:12.264000+00:00,1.0,P
2101,3177,2021-05-05T14:28:13.704000+00:00,1.0,S
2102,3033,2021-05-05T14:28:12.264000+00:00,1.0,P
2102,3177,2021-05-05T14:28:13.704000+00:00,1.0,S
2103,3033,2021-05-05T14:28:12.264000+00:00,1.0,P
2103,3177,2021-05-05T14:28:13.704000+00:00,1.0,S
2104,3033,2021-05-05T14:28:12.264000+00:00,1.0,P
2104,3177,2021-05-05T14:28:13.704000+00:00,1.0,S
2105,3033,2021-05-05T14:28:12.264000+00:00,1.0,P
2105,3177,2021-05-05T14:28:13.704000+00:00,1.0,S
2106,3033,2021-05-05T14:28:12.264000+00:00,1.0,P
2106,3177,2021-05-05T14:28:13.704000+00:00,1.0,S
2107,3033,2021-05-05T14:28:12.264000+00:00,1.0,P
2107,3177,2021-05-05T14:28:13.704000+00:00,1.0,S
2108,3033,2021-05-05T14:28:12.264000+00:00,1.0,P
2108,3177,2021-05-05T14:28:13.704000+00:00,1.0,S
2109,3033,2021-05-05T14:28:12.264000+00:00,1.0,P
2109,3177,2021-05-05T14:28:13.704000+00:00,1.0,S
2110,3033,2021-05-05T14:28:12.264000+00:00,1.0,P
2110,3177,2021-05-05T14:28:13.704000+00:00,1.0,S
2111,3033,2021-05-05T14:28:12.264000+00:00,1.0,P
2111,3177,2021-05-05T14:28:13.704000+00:00,1.0,S
2112,3033,2021-05-05T14:28:12.264000+00:00,1.0,P
2112,3177,2021-05-05T14:28:13.704000+00:00,1.0,S
2113,3033,2021-05-05T14:28:12.264000+00:00,1.0,P
2113,3177,2021-05-05T14:28:13.704000+00:00,1.0,S
2114,3033,2021-05-05T14:28:12.264000+00:00,1.0,P
2114,3177,2021-05-05T14:28:13.704000+00:00,1.0,S
2115,3033,2021-05-05T14:28:12.264000+00:00,1.0,P
2115,3177,2021-05-05T14:28:13.704000+00:00,1.0,S
2116,3033,2021-05-05T14:28:12.264000+00:00,1.0,P
2116,3177,2021-05-05T14:28:13.704000+00:00,1.0,S
2117,3033,2021-05-05T14:28:12.264000+00:00,1.0,P
2117,3177,2021-05-05T14:28:13.704000+00:00,1.0,S
2118,3033,2021-05-05T14:28:12.264000+00:00,1.0,P
2118,3177,2021-05-05T14:28:13.704000+00:00,1.0,S
2119,3033,2021-05-05T14:28:12.264000+00:00,1.0,P
2119,3177,2021-05-05T14:28:13.704000+00:00,1.0,S
2120,3033,2021-05-05T14:28:12.264000+00:00,1.0,P
2120,3177,2021-05-05T14:28:13.704000+00:00,1.0,S
2121,3033,2021-05-05T14:28:12.264000+00:00,1.0,P
2121,3177,2021-05-05T14:28:13.704000+00:00,1.0,S
2122,3033,2021-05-05T14:28:12.264000+00:00,1.0,P
2122,3177,2021-05-05T14:28:13.704000+00:00,1.0,S
2123,3033,2021-05-05T14:28:12.264000+00:00,1.0,P
2123,3177,2021-05-05T14:28:13.704000+00:00,1.0,S
2124,3033,2021-05-05T14:28:12.264000+00:00,1.0,P
2124,3178,2021-05-05T14:28:13.714000+00:00,1.0,S
2125,3033,2021-05-05T14:28:12.264000+00:00,1.0,P
2125,3178,2021-05-05T14:28:13.714000+00:00,1.0,S
2126,3033,2021-05-05T14:28:12.264000+00:00,1.0,P
2126,3178,2021-05-05T14:28:13.714000+00:00,1.0,S
2127,3033,2021-05-05T14:28:12.264000+00:00,1.0,P
2127,3178,2021-05-05T14:28:13.714000+00:00,1.0,S
2128,3033,2021-05-05T14:28:12.264000+00:00,1.0,P
2128,3178,2021-05-05T14:28:13.714000+00:00,1.0,S
2129,3033,2021-05-05T14:28:12.264000+00:00,1.0,P
2129,3178,2021-05-05T14:28:13.714000+00:00,1.0,S
2130,3033,2021-05-05T14:28:12.264000+00:00,1.0,P
2130,3178,2021-05-05T14:28:13.714000+00:00,1.0,S
2131,3034,2021-05-05T14:28:12.274000+00:00,1.0,P
2131,3178,2021-05-05T14:28:13.714000+00:00,1.0,S
2132,3034,2021-05-05T14:28:12.274000+00:00,1.0,P
2132,3178,2021-05-05T14:28:13.714000+00:00,1.0,S
2133,3034,2021-05-05T14:28:12.274000+00:00,1.0,P
2133,3178,2021-05-05T14:28:13.714000+00:00,1.0,S
2134,3034,2021-05-05T14:28:12.274000+00:00,1.0,P
2134,3178,2021-05-05T14:28:13.714000+00:00,1.0,S
2135,3034,2021-05-05T14:28:12.274000+00:00,1.0,P
2135,3179,2021-05-05T14:28:13.724000+00:00,1.0,S
2136,3034,2021-05-05T14:28:12.274000+00:00,1.0,P
2136,3179,2021-05-05T14:28:13.724000+00:00,1.0,S
2137,3034,2021-05-05T14:28:12.274000+00:00,1.0,P
2137,3179,2021-05-05T14:28:13.724000+00:00,1.0,S
2138,3034,2021-05-05T14:28:12.274000+00:00,1.0,P
2138,3179,2021-05-05T14:28:13.724000+00:00,1.0,S
2139,3034,2021-05-05T14:28:12.274000+00:00,1.0,P
2139,3179,2021-05-05T14:28:13.724000+00:00,1.0,S
2140,3034,2021-05-05T14:28:12.274000+00:00,1.0,P
2140,3179,2021-05-05T14:28:13.724000+00:00,1.0,S
2141,3034,2021-05-05T14:28:12.274000+00:00,1.0,P
2141,3179,2021-05-05T14:28:13.724000+00:00,1.0,S
2142,3034,2021-05-05T14:28:12.274000+00:00,1.0,P
2142,3179,2021-05-05T14:28:13.724000+00:00,1.0,S
2143,3034,2021-05-05T14:28:12.274000+00:00,1.0,P
2143,3179,2021-05-05T14:28:13.724000+00:00,1.0,S
2144,3034,2021-05-05T14:28:12.274000+00:00,1.0,P
2144,3179,2021-05-05T14:28:13.724000+00:00,1.0,S
2145,3034,2021-05-05T14:28:12.274000+00:00,1.0,P
2145,3179,2021-05-05T14:28:13.724000+00:00,1.0,S
2146,3034,2021-05-05T14:28:12.274000+00:00,1.0,P
2146,3179,2021-05-05T14:28:13.724000+00:00,1.0,S
2147,3034,2021-05-05T14:28:12.274000+00:00,1.0,P
2147,3179,2021-05-05T14:28:13.724000+00:00,1.0,S
2148,3034,2021-05-05T14:28:12.274000+00:00,1.0,P
2148,3179,2021-05-05T14:28:13.724000+00:00,1.0,S
2149,3034,2021-05-05T14:28:12.274000+00:00,1.0,P
2149,3179,2021-05-05T14:28:13.724000+00:00,1.0,S
2150,3034,2021-05-05T14:28:12.274000+00:00,1.0,P
2150,3179,2021-05-05T14:28:13.724000+00:00,1.0,S
2151,3035,2021-05-05T14:28:12.284000+00:00,1.0,P
2151,3179,2021-05-05T14:28:13.724000+00:00,1.0,S
2152,3035,2021-05-05T14:28:12.284000+00:00,1.0,P
2152,3179,2021-05-05T14:28:13.724000+00:00,1.0,S
2153,3035,2021-05-05T14:28:12.284000+00:00,1.0,P
2153,3179,2021-05-05T14:28:13.724000+00:00,1.0,S
2154,3035,2021-05-05T14:28:12.284000+00:00,1.0,P
2154,3179,2021-05-05T14:28:13.724000+00:00,1.0,S
2155,3035,2021-05-05T14:28:12.284000+00:00,1.0,P
2155,3179,2021-05-05T14:28:13.724000+00:00,1.0,S
2156,3035,2021-05-05T14:28:12.284000+00:00,1.0,P
2156,3179,2021-05-05T14:28:13.724000+00:00,1.0,S
2157,3035,2021-05-05T14:28:12.284000+00:00,1.0,P
2157,3180,2021-05-05T14:28:13.734000+00:00,1.0,S
2158,3035,2021-05-05T14:28:12.284000+00:00,1.0,P
2158,3180,2021-05-05T14:28:13.734000+00:00,1.0,S
2159,3035,2021-05-05T14:28:12.284000+00:00,1.0,P
2159,3180,2021-05-05T14:28:13.734000+00:00,1.0,S
2160,3035,2021-05-05T14:28:12.284000+00:00,1.0,P
2160,3180,2021-05-05T14:28:13.734000+00:00,1.0,S
2161,3035,2021-05-05T14:28:12.284000+00:00,1.0,P
2161,3180,2021-05-05T14:28:13.734000+00:00,1.0,S
2162,3035,2021-05-05T14:28:12.284000+00:00,1.0,P
2162,3180,2021-05-05T14:28:13.734000+00:00,1.0,S
2163,3035,2021-05-05T14:28:12.284000+00:00,1.0,P
2163,3180,2021-05-05T14:28:13.734000+00:00,1.0,S
2164,3035,2021-05-05T14:28:12.284000+00:00,1.0,P
2164,3180,2021-05-05T14:28:13.734000+00:00,1.0,S
2165,3035,2021-05-05T14:28:12.284000+00:00,1.0,P
2165,3180,2021-05-05T14:28:13.734000+00:00,1.0,S
2166,3035,2021-05-05T14:28:12.284000+00:00,1.0,P
2166,3180,2021-05-05T14:28:13.734000+00:00,1.0,S
2167,3036,2021-05-05T14:28:12.294000+00:00,1.0,P
2167,3180,2021-05-05T14:28:13.734000+00:00,1.0,S
2168,3036,2021-05-05T14:28:12.294000+00:00,1.0,P
2168,3180,2021-05-05T14:28:13.734000+00:00,1.0,S
2169,3036,2021-05-05T14:28:12.294000+00:00,1.0,P
2169,3180,2021-05-05T14:28:13.734000+00:00,1.0,S
2170,3036,2021-05-05T14:28:12.294000+00:00,1.0,P
2170,3180,2021-05-05T14:28:13.734000+00:00,1.0,S
2171,3036,2021-05-05T14:28:12.294000+00:00,1.0,P
2171,3180,2021-05-05T14:28:13.734000+00:00,1.0,S
2172,3036,2021-05-05T14:28:12.294000+00:00,1.0,P
2172,3180,2021-05-05T14:28:13.734000+00:00,1.0,S
2173,3036,2021-05-05T14:28:12.294000+00:00,1.0,P
2173,3180,2021-05-05T14:28:13.734000+00:00,1.0,S
2174,3036,2021-05-05T14:28:12.294000+00:00,1.0,P
2174,3180,2021-05-05T14:28:13.734000+00:00,1.0,S
2175,3036,2021-05-05T14:28:12.294000+00:00,1.0,P
2175,3180,2021-05-05T14:28:13.734000+00:00,1.0,S
2176,3036,2021-05-05T14:28:12.294000+00:00,1.0,P
2176,3180,2021-05-05T14:28:13.734000+00:00,1.0,S
2177,3036,2021-05-05T14:28:12.294000+00:00,1.0,P
2177,3181,2021-05-05T14:28:13.744000+00:00,1.0,S
2178,3036,2021-05-05T14:28:12.294000+00:00,1.0,P
2178,3181,2021-05-05T14:28:13.744000+00:00,1.0,S
2179,3036,2021-05-05T14:28:12.294000+00:00,1.0,P
2179,3181,2021-05-05T14:28:13.744000+00:00,1.0,S
2180,3036,2021-05-05T14:28:12.294000+00:00,1.0,P
2180,3181,2021-05-05T14:28:13.744000+00:00,1.0,S
2181,3036,2021-05-05T14:28:12.294000+00:00,1.0,P
2181,3181,2021-05-05T14:28:13.744000+00:00,1.0,S
2182,3037,2021-05-05T14:28:12.304000+00:00,1.0,P
2182,3181,2021-05-05T14:28:13.744000+00:00,1.0,S
2183,3037,2021-05-05T14:28:12.304000+00:00,1.0,P
2183,3181,2021-05-05T14:28:13.744000+00:00,1.0,S
2184,3037,2021-05-05T14:28:12.304000+00:00,1.0,P
2184,3181,2021-05-05T14:28:13.744000+00:00,1.0,S
2185,3037,2021-05-05T14:28:12.304000+00:00,1.0,P
2185,3181,2021-05-05T14:28:13.744000+00:00,1.0,S
2186,3037,2021-05-05T14:28:12.304000+00:00,1.0,P
2186,3181,2021-05-05T14:28:13.744000+00:00,1.0,S
2187,3037,2021-05-05T14:28:12.304000+00:00,1.0,P
2187,3182,2021-05-05T14:28:13.754000+00:00,1.0,S
2188,3037,2021-05-05T14:28:12.304000+00:00,1.0,P
2188,3182,2021-05-05T14:28:13.754000+00:00,1.0,S
2189,3037,2021-05-05T14:28:12.304000+00:00,1.0,P
2189,3182,2021-05-05T14:28:13.754000+00:00,1.0,S
2190,3037,2021-05-05T14:28:12.304000+00:00,1.0,P
2190,3182,2021-05-05T14:28:13.754000+00:00,1.0,S
2191,3037,2021-05-05T14:28:12.304000+00:00,1.0,P
2191,3182,2021-05-05T14:28:13.754000+00:00,1.0,S
2192,3037,2021-05-05T14:28:12.304000+00:00,1.0,P
2192,3182,2021-05-05T14:28:13.754000+00:00,1.0,S
2193,3037,2021-05-05T14:28:12.304000+00:00,1.0,P
2193,3182,2021-05-05T14:28:13.754000+00:00,1.0,S
2194,3037,2021-05-05T14:28:12.304000+00:00,1.0,P
2194,3182,2021-05-05T14:28:13.754000+00:00,1.0,S
2195,3037,2021-05-05T14:28:12.304000+00:00,1.0,P
2195,3182,2021-05-05T14:28:13.754000+00:00,1.0,S
2196,3038,2021-05-05T14:28:12.314000+00:00,1.0,P
2196,3182,2021-05-05T14:28:13.754000+00:00,1.0,S
2197,3038,2021-05-05T14:28:12.314000+00:00,1.0,P
2197,3182,2021-05-05T14:28:13.754000+00:00,1.0,S
2198,3038,2021-05-05T14:28:12.314000+00:00,1.0,P
2198,3183,2021-05-05T14:28:13.764000+00:00,1.0,S
2199,3038,2021-05-05T14:28:12.314000+00:00,1.0,P
2199,3183,2021-05-05T14:28:13.764000+00:00,1.0,S
2200,3038,2021-05-05T14:28:12.314000+00:00,1.0,P
2200,3183,2021-05-05T14:28:13.764000+00:00,1.0,S
2201,3038,2021-05-05T14:28:12.314000+00:00,1.0,P
2201,3183,2021-05-05T14:28:13.764000+00:00,1.0,S
2202,3038,2021-05-05T14:28:12.314000+00:00,1.0,P
2202,3183,2021-05-05T14:28:13.764000+00:00,1.0,S
2203,3038,2021-05-05T14:28:12.314000+00:00,1.0,P
2203,3183,2021-05-05T14:28:13.764000+00:00,1.0,S
2204,3038,2021-05-05T14:28:12.314000+00:00,1.0,P
2204,3183,2021-05-05T14:28:13.764000+00:00,1.0,S
2205,3038,2021-05-05T14:28:12.314000+00:00,1.0,P
2205,3184,2021-05-05T14:28:13.774000+00:00,1.0,S
2206,3038,2021-05-05T14:28:12.314000+00:00,1.0,P
2206,3184,2021-05-05T14:28:13.774000+00:00,1.0,S
2207,3038,2021-05-05T14:28:12.314000+00:00,1.0,P
2207,3184,2021-05-05T14:28:13.774000+00:00,1.0,S
2208,3038,2021-05-05T14:28:12.314000+00:00,1.0,P
2208,3184,2021-05-05T14:28:13.774000+00:00,1.0,S
2209,3039,2021-05-05T14:28:12.324000+00:00,1.0,P
2209,3184,2021-05-05T14:28:13.774000+00:00,1.0,S
2210,3039,2021-05-05T14:28:12.324000+00:00,1.0,P
2210,3185,2021-05-05T14:28:13.784000+00:00,1.0,S
2211,3039,2021-05-05T14:28:12.324000+00:00,1.0,P
2211,3185,2021-05-05T14:28:13.784000+00:00,1.0,S
2212,3039,2021-05-05T14:28:12.324000+00:00,1.0,P
2212,3185,2021-05-05T14:28:13.784000+00:00,1.0,S
2213,3039,2021-05-05T14:28:12.324000+00:00,1.0,P
2213,3186,2021-05-05T14:28:13.794000+00:00,1.0,S
2214,3039,2021-05-05T14:28:12.324000+00:00,1.0,P
2214,3186,2021-05-05T14:28:13.794000+00:00,1.0,S
2215,3039,2021-05-05T14:28:12.324000+00:00,1.0,P
2215,3186,2021-05-05T14:28:13.794000+00:00,1.0,S
2216,3039,2021-05-05T14:28:12.324000+00:00,1.0,P
2216,3187,2021-05-05T14:28:13.804000+00:00,1.0,S
2217,3039,2021-05-05T14:28:12.324000+00:00,1.0,P
2217,3187,2021-05-05T14:28:13.804000+00:00,1.0,S
2218,3039,2021-05-05T14:28:12.324000+00:00,1.0,P
2218,3187,2021-05-05T14:28:13.804000+00:00,1.0,S
2219,3039,2021-05-05T14:28:12.324000+00:00,1.0,P
2219,3188,2021-05-05T14:28:13.814000+00:00,1.0,S
2220,3039,2021-05-05T14:28:12.324000+00:00,1.0,P
2220,3188,2021-05-05T14:28:13.814000+00:00,1.0,S
2221,3040,2021-05-05T14:28:12.334000+00:00,1.0,P
2221,3188,2021-05-05T14:28:13.814000+00:00,1.0,S
2222,3040,2021-05-05T14:28:12.334000+00:00,1.0,P
2222,3189,2021-05-05T14:28:13.824000+00:00,1.0,S
2223,3040,2021-05-05T14:28:12.334000+00:00,1.0,P
2223,3189,2021-05-05T14:28:13.824000+00:00,1.0,S
2224,3040,2021-05-05T14:28:12.334000+00:00,1.0,P
2224,3189,2021-05-05T14:28:13.824000+00:00,1.0,S
2225,3040,2021-05-05T14:28:12.334000+00:00,1.0,P
2225,3190,2021-05-05T14:28:13.834000+00:00,1.0,S
2226,3040,2021-05-05T14:28:12.334000+00:00,1.0,P
2226,3190,2021-05-05T14:28:13.834000+00:00,1.0,S
2227,3040,2021-05-05T14:28:12.334000+00:00,1.0,P
2227,3190,2021-05-05T14:28:13.834000+00:00,1.0,S
2228,3040,2021-05-05T14:28:12.334000+00:00,1.0,P
2228,3191,2021-05-05T14:28:13.844000+00:00,1.0,S
2229,3040,2021-05-05T14:28:12.334000+00:00,1.0,P
2229,3191,2021-05-05T14:28:13.844000+00:00,1.0,S
2230,3040,2021-05-05T14:28:12.334000+00:00,1.0,P
2230,3191,2021-05-05T14:28:13.844000+00:00,1.0,S
2231,3040,2021-05-05T14:28:12.334000+00:00,1.0,P
2231,3192,2021-05-05T14:28:13.854000+00:00,1.0,S
2232,3040,2021-05-05T14:28:12.334000+00:00,1.0,P
2232,3192,2021-05-05T14:28:13.854000+00:00,1.0,S
2233,3041,2021-05-05T14:28:12.344000+00:00,1.0,P
2233,3193,2021-05-05T14:28:13.864000+00:00,1.0,S
2234,3041,2021-05-05T14:28:12.344000+00:00,1.0,P
2234,3193,2021-05-05T14:28:13.864000+00:00,1.0,S
2235,3041,2021-05-05T14:28:12.344000+00:00,1.0,P
2235,3193,2021-05-05T14:28:13.864000+00:00,1.0,S
2236,3041,2021-05-05T14:28:12.344000+00:00,1.0,P
2236,3194,2021-05-05T14:28:13.874000+00:00,1.0,S
2237,3041,2021-05-05T14:28:12.344000+00:00,1.0,P
2237,3194,2021-05-05T14:28:13.874000+00:00,1.0,S
2238,3041,2021-05-05T14:28:12.344000+00:00,1.0,P
2238,3195,2021-05-05T14:28:13.884000+00:00,1.0,S
2239,3041,2021-05-05T14:28:12.344000+00:00,1.0,P
2239,3195,2021-05-05T14:28:13.884000+00:00,1.0,S
2240,3041,2021-05-05T14:28:12.344000+00:00,1.0,P
2240,3195,2021-05-05T14:28:13.884000+00:00,1.0,S
2241,3041,2021-05-05T14:28:12.344000+00:00,1.0,P
2241,3196,2021-05-05T14:28:13.894000+00:00,1.0,S
2242,3041,2021-05-05T14:28:12.344000+00:00,1.0,P
2242,3196,2021-05-05T14:28:13.894000+00:00,1.0,S
2243,3041,2021-05-05T14:28:12.344000+00:00,1.0,P
2243,3197,2021-05-05T14:28:13.904000+00:00,1.0,S
2244,3041,2021-05-05T14:28:12.344000+00:00,1.0,P
2244,3197,2021-05-05T14:28:13.904000+00:00,1.0,S
2245,3041,2021-05-05T14:28:12.344000+00:00,1.0,P
2245,3197,2021-05-05T14:28:13.904000+00:00,1.0,S
2246,3041,2021-05-05T14:28:12.344000+00:00,1.0,P
2246,3198,2021-05-05T14:28:13.914000+00:00,1.0,S
2247,3041,2021-05-05T14:28:12.344000+00:00,1.0,P
2247,3198,2021-05-05T14:28:13.914000+00:00,1.0,S
2248,3042,2021-05-05T14:28:12.354000+00:00,1.0,P
2248,3198,2021-05-05T14:28:13.914000+00:00,1.0,S
2249,3042,2021-05-05T14:28:12.354000+00:00,1.0,P
2249,3198,2021-05-05T14:28:13.914000+00:00,1.0,S
2250,3042,2021-05-05T14:28:12.354000+00:00,1.0,P
2250,3199,2021-05-05T14:28:13.924000+00:00,1.0,S
2251,3042,2021-05-05T14:28:12.354000+00:00,1.0,P
2251,3199,2021-05-05T14:28:13.924000+00:00,1.0,S
2252,3042,2021-05-05T14:28:12.354000+00:00,1.0,P
2252,3199,2021-05-05T14:28:13.924000+00:00,1.0,S
2253,3042,2021-05-05T14:28:12.354000+00:00,1.0,P
2253,3199,2021-05-05T14:28:13.924000+00:00,1.0,S
2254,3042,2021-05-05T14:28:12.354000+00:00,1.0,P
2254,3200,2021-05-05T14:28:13.934000+00:00,1.0,S
2255,3042,2021-05-05T14:28:12.354000+00:00,1.0,P
2255,3200,2021-05-05T14:28:13.934000+00:00,1.0,S
2256,3042,2021-05-05T14:28:12.354000+00:00,1.0,P
2256,3200,2021-05-05T14:28:13.934000+00:00,1.0,S
2257,3042,2021-05-05T14:28:12.354000+00:00,1.0,P
2257,3201,2021-05-05T14:28:13.943999+00:00,1.0,S
2258,3042,2021-05-05T14:28:12.354000+00:00,1.0,P
2258,3202,2021-05-05T14:28:13.954000+00:00,1.0,S
2259,3042,2021-05-05T14:28:12.354000+00:00,1.0,P
2259,3202,2021-05-05T14:28:13.954000+00:00,1.0,S
2260,3042,2021-05-05T14:28:12.354000+00:00,1.0,P
2260,3203,2021-05-05T14:28:13.964000+00:00,1.0,S
2261,3042,2021-05-05T14:28:12.354000+00:00,1.0,P
2261,3203,2021-05-05T14:28:13.964000+00:00,1.0,S
2262,3042,2021-05-05T14:28:12.354000+00:00,1.0,P
2262,3204,2021-05-05T14:28:13.974000+00:00,1.0,S
2263,3042,2021-05-05T14:28:12.354000+00:00,1.0,P
2263,3204,2021-05-05T14:28:13.974000+00:00,1.0,S
2264,3042,2021-05-05T14:28:12.354000+00:00,1.0,P
2264,3205,2021-05-05T14:28:13.983999+00:00,1.0,S
2265,3042,2021-05-05T14:28:12.354000+00:00,1.0,P
2265,3205,2021-05-05T14:28:13.983999+00:00,1.0,S
2266,3042,2021-05-05T14:28:12.354000+00:00,1.0,P
2266,3205,2021-05-05T14:28:13.983999+00:00,1.0,S
2267,3043,2021-05-05T14:28:12.364000+00:00,1.0,P
2267,3205,2021-05-05T14:28:13.983999+00:00,1.0,S
2268,3043,2021-05-05T14:28:12.364000+00:00,1.0,P
2268,3205,2021-05-05T14:28:13.983999+00:00,1.0,S
2269,3043,2021-05-05T14:28:12.364000+00:00,1.0,P
2269,3205,2021-05-05T14:28:13.983999+00:00,1.0,S
2270,3043,2021-05-05T14:28:12.364000+00:00,1.0,P
2270,3205,2021-05-05T14:28:13.983999+00:00,1.0,S
2271,3043,2021-05-05T14:28:12.364000+00:00,1.0,P
2271,3205,2021-05-05T14:28:13.983999+00:00,1.0,S
2272,3043,2021-05-05T14:28:12.364000+00:00,1.0,P
2272,3205,2021-05-05T14:28:13.983999+00:00,1.0,S
2273,3043,2021-05-05T14:28:12.364000+00:00,1.0,P
2273,3205,2021-05-05T14:28:13.983999+00:00,1.0,S
2274,3043,2021-05-05T14:28:12.364000+00:00,1.0,P
2274,3205,2021-05-05T14:28:13.983999+00:00,1.0,S
2275,3043,2021-05-05T14:28:12.364000+00:00,1.0,P
2275,3206,2021-05-05T14:28:13.994000+00:00,1.0,S
2276,3043,2021-05-05T14:28:12.364000+00:00,1.0,P
2276,3206,2021-05-05T14:28:13.994000+00:00,1.0,S
2277,3043,2021-05-05T14:28:12.364000+00:00,1.0,P
2277,3206,2021-05-05T14:28:13.994000+00:00,1.0,S
2278,3043,2021-05-05T14:28:12.364000+00:00,1.0,P
2278,3206,2021-05-05T14:28:13.994000+00:00,1.0,S
2279,3043,2021-05-05T14:28:12.364000+00:00,1.0,P
2279,3206,2021-05-05T14:28:13.994000+00:00,1.0,S
2280,3043,2021-05-05T14:28:12.364000+00:00,1.0,P
2280,3206,2021-05-05T14:28:13.994000+00:00,1.0,S
2281,3044,2021-05-05T14:28:12.374000+00:00,1.0,P
2281,3206,2021-05-05T14:28:13.994000+00:00,1.0,S
2282,3044,2021-05-05T14:28:12.374000+00:00,1.0,P
2282,3206,2021-05-05T14:28:13.994000+00:00,1.0,S
2283,3044,2021-05-05T14:28:12.374000+00:00,1.0,P
2283,3206,2021-05-05T14:28:13.994000+00:00,1.0,S
2284,3044,2021-05-05T14:28:12.374000+00:00,1.0,P
2284,3206,2021-05-05T14:28:13.994000+00:00,1.0,S
2285,3044,2021-05-05T14:28:12.374000+00:00,1.0,P
2285,3207,2021-05-05T14:28:14.004000+00:00,1.0,S
2286,3044,2021-05-05T14:28:12.374000+00:00,1.0,P
2286,3207,2021-05-05T14:28:14.004000+00:00,1.0,S
2287,3044,2021-05-05T14:28:12.374000+00:00,1.0,P
2287,3207,2021-05-05T14:28:14.004000+00:00,1.0,S
2288,3044,2021-05-05T14:28:12.374000+00:00,1.0,P
2288,3207,2021-05-05T14:28:14.004000+00:00,1.0,S
2289,3044,2021-05-05T14:28:12.374000+00:00,1.0,P
2289,3207,2021-05-05T14:28:14.004000+00:00,1.0,S
2290,3044,2021-05-05T14:28:12.374000+00:00,1.0,P
2290,3207,2021-05-05T14:28:14.004000+00:00,1.0,S
2291,3044,2021-05-05T14:28:12.374000+00:00,1.0,P
2291,3207,2021-05-05T14:28:14.004000+00:00,1.0,S
2292,3045,2021-05-05T14:28:12.384000+00:00,1.0,P
2292,3207,2021-05-05T14:28:14.004000+00:00,1.0,S
2293,3045,2021-05-05T14:28:12.384000+00:00,1.0,P
2293,3207,2021-05-05T14:28:14.004000+00:00,1.0,S
2294,3045,2021-05-05T14:28:12.384000+00:00,1.0,P
2294,3208,2021-05-05T14:28:14.014000+00:00,1.0,S
2295,3045,2021-05-05T14:28:12.384000+00:00,1.0,P
2295,3208,2021-05-05T14:28:14.014000+00:00,1.0,S
2296,3045,2021-05-05T14:28:12.384000+00:00,1.0,P
2296,3208,2021-05-05T14:28:14.014000+00:00,1.0,S
2297,3045,2021-05-05T14:28:12.384000+00:00,1.0,P
2297,3208,2021-05-05T14:28:14.014000+00:00,1.0,S
2298,3045,2021-05-05T14:28:12.384000+00:00,1.0,P
2298,3208,2021-05-05T14:28:14.014000+00:00,1.0,S
2299,3045,2021-05-05T14:28:12.384000+00:00,1.0,P
2299,3208,2021-05-05T14:28:14.014000+00:00,1.0,S
2300,3045,2021-05-05T14:28:12.384000+00:00,1.0,P
2300,3208,2021-05-05T14:28:14.014000+00:00,1.0,S
2301,3045,2021-05-05T14:28:12.384000+00:00,1.0,P
2301,3208,2021-05-05T14:28:14.014000+00:00,1.0,S
2302,3045,2021-05-05T14:28:12.384000+00:00,1.0,P
2302,3208,2021-05-05T14:28:14.014000+00:00,1.0,S
2303,3046,2021-05-05T14:28:12.394000+00:00,1.0,P
2303,3208,2021-05-05T14:28:14.014000+00:00,1.0,S
2304,3046,2021-05-05T14:28:12.394000+00:00,1.0,P
2304,3209,2021-05-05T14:28:14.024000+00:00,1.0,S
2305,3046,2021-05-05T14:28:12.394000+00:00,1.0,P
2305,3209,2021-05-05T14:28:14.024000+00:00,1.0,S
2306,3046,2021-05-05T14:28:12.394000+00:00,1.0,P
2306,3209,2021-05-05T14:28:14.024000+00:00,1.0,S
2307,3046,2021-05-05T14:28:12.394000+00:00,1.0,P
2307,3209,2021-05-05T14:28:14.024000+00:00,1.0,S
2308,3046,2021-05-05T14:28:12.394000+00:00,1.0,P
2308,3209,2021-05-05T14:28:14.024000+00:00,1.0,S
2309,3046,2021-05-05T14:28:12.394000+00:00,1.0,P
2309,3209,2021-05-05T14:28:14.024000+00:00,1.0,S
2310,3046,2021-05-05T14:28:12.394000+00:00,1.0,P
2310,3209,2021-05-05T14:28:14.024000+00:00,1.0,S
2311,3046,2021-05-05T14:28:12.394000+00:00,1.0,P
2311,3209,2021-05-05T14:28:14.024000+00:00,1.0,S
2312,3046,2021-05-05T14:28:12.394000+00:00,1.0,P
2312,3210,2021-05-05T14:28:14.034000+00:00,1.0,S
2313,3047,2021-05-05T14:28:12.404000+00:00,1.0,P
2313,3210,2021-05-05T14:28:14.034000+00:00,1.0,S
2314,3047,2021-05-05T14:28:12.404000+00:00,1.0,P
2314,3210,2021-05-05T14:28:14.034000+00:00,1.0,S
2315,3047,2021-05-05T14:28:12.404000+00:00,1.0,P
2315,3210,2021-05-05T14:28:14.034000+00:00,1.0,S
2316,3047,2021-05-05T14:28:12.404000+00:00,1.0,P
2316,3210,2021-05-05T14:28:14.034000+00:00,1.0,S
2317,3047,2021-05-05T14:28:12.404000+00:00,1.0,P
2317,3210,2021-05-05T14:28:14.034000+00:00,1.0,S
2318,3047,2021-05-05T14:28:12.404000+00:00,1.0,P
2318,3210,2021-05-05T14:28:14.034000+00:00,1.0,S
2319,3047,2021-05-05T14:28:12.404000+00:00,1.0,P
2319,3210,2021-05-05T14:28:14.034000+00:00,1.0,S
2320,3047,2021-05-05T14:28:12.404000+00:00,1.0,P
2320,3210,2021-05-05T14:28:14.034000+00:00,1.0,S
2321,3047,2021-05-05T14:28:12.404000+00:00,1.0,P
2321,3211,2021-05-05T14:28:14.044000+00:00,1.0,S
2322,3047,2021-05-05T14:28:12.404000+00:00,1.0,P
2322,3211,2021-05-05T14:28:14.044000+00:00,1.0,S
2323,3047,2021-05-05T14:28:12.404000+00:00,1.0,P
2323,3211,2021-05-05T14:28:14.044000+00:00,1.0,S
2324,3048,2021-05-05T14:28:12.414000+00:00,1.0,P
2324,3211,2021-05-05T14:28:14.044000+00:00,1.0,S
2325,3048,2021-05-05T14:28:12.414000+00:00,1.0,P
2325,3211,2021-05-05T14:28:14.044000+00:00,1.0,S
2326,3048,2021-05-05T14:28:12.414000+00:00,1.0,P
2326,3211,2021-05-05T14:28:14.044000+00:00,1.0,S
2327,3048,2021-05-05T14:28:12.414000+00:00,1.0,P
2327,3211,2021-05-05T14:28:14.044000+00:00,1.0,S
2328,3048,2021-05-05T14:28:12.414000+00:00,1.0,P
2328,3211,2021-05-05T14:28:14.044000+00:00,1.0,S
2329,3048,2021-05-05T14:28:12.414000+00:00,1.0,P
2329,3212,2021-05-05T14:28:14.053999+00:00,1.0,S
2330,3048,2021-05-05T14:28:12.414000+00:00,1.0,P
2330,3212,2021-05-05T14:28:14.053999+00:00,1.0,S
2331,3048,2021-05-05T14:28:12.414000+00:00,1.0,P
2331,3212,2021-05-05T14:28:14.053999+00:00,1.0,S
2332,3048,2021-05-05T14:28:12.414000+00:00,1.0,P
2332,3212,2021-05-05T14:28:14.053999+00:00,1.0,S
2333,3048,2021-05-05T14:28:12.414000+00:00,1.0,P
2333,3212,2021-05-05T14:28:14.053999+00:00,1.0,S
2334,3048,2021-05-05T14:28:12.414000+00:00,1.0,P
2334,3212,2021-05-05T14:28:14.053999+00:00,1.0,S
2335,3048,2021-05-05T14:28:12.414000+00:00,1.0,P
2335,3212,2021-05-05T14:28:14.053999+00:00,1.0,S
2336,3049,2021-05-05T14:28:12.424000+00:00,1.0,P
2336,3212,2021-05-05T14:28:14.053999+00:00,1.0,S
2337,3049,2021-05-05T14:28:12.424000+00:00,1.0,P
2337,3213,2021-05-05T14:28:14.064000+00:00,1.0,S
2338,3049,2021-05-05T14:28:12.424000+00:00,1.0,P
2338,3213,2021-05-05T14:28:14.064000+00:00,1.0,S
2339,3049,2021-05-05T14:28:12.424000+00:00,1.0,P
2339,3213,2021-05-05T14:28:14.064000+00:00,1.0,S
2340,3049,2021-05-05T14:28:12.424000+00:00,1.0,P
2340,3213,2021-05-05T14:28:14.064000+00:00,1.0,S
2341,3049,2021-05-05T14:28:12.424000+00:00,1.0,P
2341,3213,2021-05-05T14:28:14.064000+00:00,1.0,S
2342,3049,2021-05-05T14:28:12.424000+00:00,1.0,P
2342,3213,2021-05-05T14:28:14.064000+00:00,1.0,S
2343,3049,2021-05-05T14:28:12.424000+00:00,1.0,P
2343,3213,2021-05-05T14:28:14.064000+00:00,1.0,S
2344,3049,2021-05-05T14:28:12.424000+00:00,1.0,P
2344,3213,2021-05-05T14:28:14.064000+00:00,1.0,S
2345,3049,2021-05-05T14:28:12.424000+00:00,1.0,P
2345,3214,2021-05-05T14:28:14.074000+00:00,1.0,S
2346,3049,2021-05-05T14:28:12.424000+00:00,1.0,P
2346,3214,2021-05-05T14:28:14.074000+00:00,1.0,S
2347,3050,2021-05-05T14:28:12.434000+00:00,1.0,P
2347,3214,2021-05-05T14:28:14.074000+00:00,1.0,S
2348,3050,2021-05-05T14:28:12.434000+00:00,1.0,P
2348,3214,2021-05-05T14:28:14.074000+00:00,1.0,S
2349,3050,2021-05-05T14:28:12.434000+00:00,1.0,P
2349,3214,2021-05-05T14:28:14.074000+00:00,1.0,S
2350,3050,2021-05-05T14:28:12.434000+00:00,1.0,P
2350,3214,2021-05-05T14:28:14.074000+00:00,1.0,S
2351,3050,2021-05-05T14:28:12.434000+00:00,1.0,P
2351,3214,2021-05-05T14:28:14.074000+00:00,1.0,S
2352,3050,2021-05-05T14:28:12.434000+00:00,1.0,P
2352,3214,2021-05-05T14:28:14.074000+00:00,1.0,S
2353,3050,2021-05-05T14:28:12.434000+00:00,1.0,P
2353,3215,2021-05-05T14:28:14.084000+00:00,1.0,S
2354,3050,2021-05-05T14:28:12.434000+00:00,1.0,P
2354,3215,2021-05-05T14:28:14.084000+00:00,1.0,S
2355,3050,2021-05-05T14:28:12.434000+00:00,1.0,P
2355,3215,2021-05-05T14:28:14.084000+00:00,1.0,S
2356,3050,2021-05-05T14:28:12.434000+00:00,1.0,P
2356,3215,2021-05-05T14:28:14.084000+00:00,1.0,S
2357,3050,2021-05-05T14:28:12.434000+00:00,1.0,P
2357,3215,2021-05-05T14:28:14.084000+00:00,1.0,S
2358,3050,2021-05-05T14:28:12.434000+00:00,1.0,P
2358,3215,2021-05-05T14:28:14.084000+00:00,1.0,S
2359,3051,2021-05-05T14:28:12.444000+00:00,1.0,P
2359,3215,2021-05-05T14:28:14.084000+00:00,1.0,S
2360,3051,2021-05-05T14:28:12.444000+00:00,1.0,P
2360,3215,2021-05-05T14:28:14.084000+00:00,1.0,S
2361,3051,2021-05-05T14:28:12.444000+00:00,1.0,P
2361,3215,2021-05-05T14:28:14.084000+00:00,1.0,S
2362,3051,2021-05-05T14:28:12.444000+00:00,1.0,P
2362,3216,2021-05-05T14:28:14.094000+00:00,1.0,S
2363,3051,2021-05-05T14:28:12.444000+00:00,1.0,P
2363,3216,2021-05-05T14:28:14.094000+00:00,1.0,S
2364,3051,2021-05-05T14:28:12.444000+00:00,1.0,P
2364,3216,2021-05-05T14:28:14.094000+00:00,1.0,S
2365,3051,2021-05-05T14:28:12.444000+00:00,1.0,P
2365,3216,2021-05-05T14:28:14.094000+00:00,1.0,S
2366,3051,2021-05-05T14:28:12.444000+00:00,1.0,P
2366,3216,2021-05-05T14:28:14.094000+00:00,1.0,S
2367,3051,2021-05-05T14:28:12.444000+00:00,1.0,P
2367,3216,2021-05-05T14:28:14.094000+00:00,1.0,S
2368,3051,2021-05-05T14:28:12.444000+00:00,1.0,P
2368,3216,2021-05-05T14:28:14.094000+00:00,1.0,S
2369,3051,2021-05-05T14:28:12.444000+00:00,1.0,P
2369,3216,2021-05-05T14:28:14.094000+00:00,1.0,S
2370,3051,2021-05-05T14:28:12.444000+00:00,1.0,P
2370,3216,2021-05-05T14:28:14.094000+00:00,1.0,S
2371,3052,2021-05-05T14:28:12.454000+00:00,1.0,P
2371,3217,2021-05-05T14:28:14.104000+00:00,1.0,S
2372,3052,2021-05-05T14:28:12.454000+00:00,1.0,P
2372,3217,2021-05-05T14:28:14.104000+00:00,1.0,S
2373,3052,2021-05-05T14:28:12.454000+00:00,1.0,P
2373,3217,2021-05-05T14:28:14.104000+00:00,1.0,S
2374,3052,2021-05-05T14:28:12.454000+00:00,1.0,P
2374,3217,2021-05-05T14:28:14.104000+00:00,1.0,S
2375,3052,2021-05-05T14:28:12.454000+00:00,1.0,P
2375,3217,2021-05-05T14:28:14.104000+00:00,1.0,S
2376,3052,2021-05-05T14:28:12.454000+00:00,1.0,P
2376,3217,2021-05-05T14:28:14.104000+00:00,1.0,S
2377,3052,2021-05-05T14:28:12.454000+00:00,1.0,P
2377,3217,2021-05-05T14:28:14.104000+00:00,1.0,S
2378,3052,2021-05-05T14:28:12.454000+00:00,1.0,P
2378,3217,2021-05-05T14:28:14.104000+00:00,1.0,S
2379,3052,2021-05-05T14:28:12.454000+00:00,1.0,P
2379,3218,2021-05-05T14:28:14.114000+00:00,1.0,S
2380,3052,2021-05-05T14:28:12.454000+00:00,1.0,P
2380,3218,2021-05-05T14:28:14.114000+00:00,1.0,S
2381,3052,2021-05-05T14:28:12.454000+00:00,1.0,P
2381,3218,2021-05-05T14:28:14.114000+00:00,1.0,S
2382,3052,2021-05-05T14:28:12.454000+00:00,1.0,P
2382,3218,2021-05-05T14:28:14.114000+00:00,1.0,S
2383,3053,2021-05-05T14:28:12.464000+00:00,1.0,P
2383,3218,2021-05-05T14:28:14.114000+00:00,1.0,S
2384,3053,2021-05-05T14:28:12.464000+00:00,1.0,P
2384,3218,2021-05-05T14:28:14.114000+00:00,1.0,S
2385,3053,2021-05-05T14:28:12.464000+00:00,1.0,P
2385,3218,2021-05-05T14:28:14.114000+00:00,1.0,S
2386,3053,2021-05-05T14:28:12.464000+00:00,1.0,P
2386,3218,2021-05-05T14:28:14.114000+00:00,1.0,S
2387,3053,2021-05-05T14:28:12.464000+00:00,1.0,P
2387,3219,2021-05-05T14:28:14.123999+00:00,1.0,S
2388,3053,2021-05-05T14:28:12.464000+00:00,1.0,P
2388,3219,2021-05-05T14:28:14.123999+00:00,1.0,S
2389,3053,2021-05-05T14:28:12.464000+00:00,1.0,P
2389,3219,2021-05-05T14:28:14.123999+00:00,1.0,S
2390,3053,2021-05-05T14:28:12.464000+00:00,1.0,P
2390,3219,2021-05-05T14:28:14.123999+00:00,1.0,S
2391,3053,2021-05-05T14:28:12.464000+00:00,1.0,P
2391,3219,2021-05-05T14:28:14.123999+00:00,1.0,S
2392,3053,2021-05-05T14:28:12.464000+00:00,1.0,P
2392,3219,2021-05-05T14:28:14.123999+00:00,1.0,S
2393,3053,2021-05-05T14:28:12.464000+00:00,1.0,P
2393,3219,2021-05-05T14:28:14.123999+00:00,1.0,S
2394,3053,2021-05-05T14:28:12.464000+00:00,1.0,P
2394,3219,2021-05-05T14:28:14.123999+00:00,1.0,S
2395,3054,2021-05-05T14:28:12.474000+00:00,1.0,P
2395,3220,2021-05-05T14:28:14.134000+00:00,1.0,S
2396,3054,2021-05-05T14:28:12.474000+00:00,1.0,P
2396,3220,2021-05-05T14:28:14.134000+00:00,1.0,S
2397,3054,2021-05-05T14:28:12.474000+00:00,1.0,P
2397,3220,2021-05-05T14:28:14.134000+00:00,1.0,S
2398,3054,2021-05-05T14:28:12.474000+00:00,1.0,P
2398,3220,2021-05-05T14:28:14.134000+00:00,1.0,S
2399,3054,2021-05-05T14:28:12.474000+00:00,1.0,P
2399,3220,2021-05-05T14:28:14.134000+00:00,1.0,S
2400,3054,2021-05-05T14:28:12.474000+00:00,1.0,P
2400,3220,2021-05-05T14:28:14.134000+00:00,1.0,S
2401,3054,2021-05-05T14:28:12.474000+00:00,1.0,P
2401,3220,2021-05-05T14:28:14.134000+00:00,1.0,S
2402,3054,2021-05-05T14:28:12.474000+00:00,1.0,P
2402,3220,2021-05-05T14:28:14.134000+00:00,1.0,S
2403,3054,2021-05-05T14:28:12.474000+00:00,1.0,P
2403,3221,2021-05-05T14:28:14.144000+00:00,1.0,S
2404,3054,2021-05-05T14:28:12.474000+00:00,1.0,P
2404,3221,2021-05-05T14:28:14.144000+00:00,1.0,S
2405,3054,2021-05-05T14:28:12.474000+00:00,1.0,P
2405,3221,2021-05-05T14:28:14.144000+00:00,1.0,S
2406,3055,2021-05-05T14:28:12.484000+00:00,1.0,P
2406,3221,2021-05-05T14:28:14.144000+00:00,1.0,S
2407,3055,2021-05-05T14:28:12.484000+00:00,1.0,P
2407,3221,2021-05-05T14:28:14.144000+00:00,1.0,S
2408,3055,2021-05-05T14:28:12.484000+00:00,1.0,P
2408,3221,2021-05-05T14:28:14.144000+00:00,1.0,S
2409,3055,2021-05-05T14:28:12.484000+00:00,1.0,P
2409,3221,2021-05-05T14:28:14.144000+00:00,1.0,S
2410,3055,2021-05-05T14:28:12.484000+00:00,1.0,P
2410,3222,2021-05-05T14:28:14.154000+00:00,1.0,S
2411,3055,2021-05-05T14:28:12.484000+00:00,1.0,P
2411,3222,2021-05-05T14:28:14.154000+00:00,1.0,S
2412,3055,2021-05-05T14:28:12.484000+00:00,1.0,P
2412,3222,2021-05-05T14:28:14.154000+00:00,1.0,S
2413,3055,2021-05-05T14:28:12.484000+00:00,1.0,P
2413,3222,2021-05-05T14:28:14.154000+00:00,1.0,S
2414,3055,2021-05-05T14:28:12.484000+00:00,1.0,P
2414,3222,2021-05-05T14:28:14.154000+00:00,1.0,S
2415,3055,2021-05-05T14:28:12.484000+00:00,1.0,P
2415,3222,2021-05-05T14:28:14.154000+00:00,1.0,S
2416,3056,2021-05-05T14:28:12.494000+00:00,1.0,P
2416,3222,2021-05-05T14:28:14.154000+00:00,1.0,S
2417,3056,2021-05-05T14:28:12.494000+00:00,1.0,P
2417,3222,2021-05-05T14:28:14.154000+00:00,1.0,S
2418,3056,2021-05-05T14:28:12.494000+00:00,1.0,P
2418,3223,2021-05-05T14:28:14.164000+00:00,1.0,S
2419,3056,2021-05-05T14:28:12.494000+00:00,1.0,P
2419,3223,2021-05-05T14:28:14.164000+00:00,1.0,S
2420,3056,2021-05-05T14:28:12.494000+00:00,1.0,P
2420,3223,2021-05-05T14:28:14.164000+00:00,1.0,S
2421,3056,2021-05-05T14:28:12.494000+00:00,1.0,P
2421,3223,2021-05-05T14:28:14.164000+00:00,1.0,S
2422,3056,2021-05-05T14:28:12.494000+00:00,1.0,P
2422,3223,2021-05-05T14:28:14.164000+00:00,1.0,S
2423,3056,2021-05-05T14:28:12.494000+00:00,1.0,P
2423,3223,2021-05-05T14:28:14.164000+00:00,1.0,S
2424,3056,2021-05-05T14:28:12.494000+00:00,1.0,P
2424,3223,2021-05-05T14:28:14.164000+00:00,1.0,S
2425,3057,2021-05-05T14:28:12.504000+00:00,1.0,P
2425,3224,2021-05-05T14:28:14.174000+00:00,1.0,S
2426,3057,2021-05-05T14:28:12.504000+00:00,1.0,P
2426,3224,2021-05-05T14:28:14.174000+00:00,1.0,S
2427,3057,2021-05-05T14:28:12.504000+00:00,1.0,P
2427,3224,2021-05-05T14:28:14.174000+00:00,1.0,S
2428,3057,2021-05-05T14:28:12.504000+00:00,1.0,P
2428,3224,2021-05-05T14:28:14.174000+00:00,1.0,S
2429,3057,2021-05-05T14:28:12.504000+00:00,1.0,P
2429,3224,2021-05-05T14:28:14.174000+00:00,1.0,S
2430,3057,2021-05-05T14:28:12.504000+00:00,1.0,P
2430,3224,2021-05-05T14:28:14.174000+00:00,1.0,S
2431,3057,2021-05-05T14:28:12.504000+00:00,1.0,P
2431,3225,2021-05-05T14:28:14.184000+00:00,1.0,S
2432,3057,2021-05-05T14:28:12.504000+00:00,1.0,P
2432,3225,2021-05-05T14:28:14.184000+00:00,1.0,S
2433,3058,2021-05-05T14:28:12.514000+00:00,1.0,P
2433,3225,2021-05-05T14:28:14.184000+00:00,1.0,S
2434,3058,2021-05-05T14:28:12.514000+00:00,1.0,P
2434,3225,2021-05-05T14:28:14.184000+00:00,1.0,S
2435,3058,2021-05-05T14:28:12.514000+00:00,1.0,P
2435,3225,2021-05-05T14:28:14.184000+00:00,1.0,S
2436,3058,2021-05-05T14:28:12.514000+00:00,1.0,P
2436,3225,2021-05-05T14:28:14.184000+00:00,1.0,S
2437,3058,2021-05-05T14:28:12.514000+00:00,1.0,P
2437,3226,2021-05-05T14:28:14.193999+00:00,1.0,S
2438,3058,2021-05-05T14:28:12.514000+00:00,1.0,P
2438,3226,2021-05-05T14:28:14.193999+00:00,1.0,S
2439,3058,2021-05-05T14:28:12.514000+00:00,1.0,P
2439,3226,2021-05-05T14:28:14.193999+00:00,1.0,S
2440,3059,2021-05-05T14:28:12.524000+00:00,1.0,P
2440,3226,2021-05-05T14:28:14.193999+00:00,1.0,S
2441,3059,2021-05-05T14:28:12.524000+00:00,1.0,P
2441,3226,2021-05-05T14:28:14.193999+00:00,1.0,S
2442,3059,2021-05-05T14:28:12.524000+00:00,1.0,P
2442,3226,2021-05-05T14:28:14.193999+00:00,1.0,S
2443,3059,2021-05-05T14:28:12.524000+00:00,1.0,P
2443,3227,2021-05-05T14:28:14.204000+00:00,1.0,S
2444,3059,2021-05-05T14:28:12.524000+00:00,1.0,P
2444,3227,2021-05-05T14:28:14.204000+00:00,1.0,S
2445,3059,2021-05-05T14:28:12.524000+00:00,1.0,P
2445,3227,2021-05-05T14:28:14.204000+00:00,1.0,S
2446,3059,2021-05-05T14:28:12.524000+00:00,1.0,P
2446,3227,2021-05-05T14:28:14.204000+00:00,1.0,S
2447,3059,2021-05-05T14:28:12.524000+00:00,1.0,P
2447,3227,2021-05-05T14:28:14.204000+00:00,1.0,S
2448,3060,2021-05-05T14:28:12.534000+00:00,1.0,P
2448,3227,2021-05-05T14:28:14.204000+00:00,1.0,S
2449,3060,2021-05-05T14:28:12.534000+00:00,1.0,P
2449,3228,2021-05-05T14:28:14.214000+00:00,1.0,S
2450,3060,2021-05-05T14:28:12.534000+00:00,1.0,P
2450,3228,2021-05-05T14:28:14.214000+00:00,1.0,S
2451,3060,2021-05-05T14:28:12.534000+00:00,1.0,P
2451,3228,2021-05-05T14:28:14.214000+00:00,1.0,S
2452,3060,2021-05-05T14:28:12.534000+00:00,1.0,P
2452,3228,2021-05-05T14:28:14.214000+00:00,1.0,S
2453,3060,2021-05-05T14:28:12.534000+00:00,1.0,P
2453,3228,2021-05-05T14:28:14.214000+00:00,1.0,S
2454,3060,2021-05-05T14:28:12.534000+00:00,1.0,P
2454,3229,2021-05-05T14:28:14.224000+00:00,1.0,S
2455,3061,2021-05-05T14:28:12.544000+00:00,1.0,P
2455,3229,2021-05-05T14:28:14.224000+00:00,1.0,S
2456,3061,2021-05-05T14:28:12.544000+00:00,1.0,P
2456,3229,2021-05-05T14:28:14.224000+00:00,1.0,S
2457,3061,2021-05-05T14:28:12.544000+00:00,1.0,P
2457,3229,2021-05-05T14:28:14.224000+00:00,1.0,S
2458,3061,2021-05-05T14:28:12.544000+00:00,1.0,P
2458,3229,2021-05-05T14:28:14.224000+00:00,1.0,S
2459,3061,2021-05-05T14:28:12.544000+00:00,1.0,P
2459,3230,2021-05-05T14:28:14.233999+00:00,1.0,S
2460,3061,2021-05-05T14:28:12.544000+00:00,1.0,P
2460,3230,2021-05-05T14:28:14.233999+00:00,1.0,S
2461,3061,2021-05-05T14:28:12.544000+00:00,1.0,P
2461,3230,2021-05-05T14:28:14.233999+00:00,1.0,S
2462,3062,2021-05-05T14:28:12.554000+00:00,1.0,P
2462,3230,2021-05-05T14:28:14.233999+00:00,1.0,S
2463,3062,2021-05-05T14:28:12.554000+00:00,1.0,P
2463,3230,2021-05-05T14:28:14.233999+00:00,1.0,S
2464,3062,2021-05-05T14:28:12.554000+00:00,1.0,P
2464,3230,2021-05-05T14:28:14.233999+00:00,1.0,S
2465,3062,2021-05-05T14:28:12.554000+00:00,1.0,P
2465,3231,2021-05-05T14:28:14.244000+00:00,1.0,S
2466,3062,2021-05-05T14:28:12.554000+00:00,1.0,P
2466,3231,2021-05-05T14:28:14.244000+00:00,1.0,S
2467,3062,2021-05-05T14:28:12.554000+00:00,1.0,P
2467,3231,2021-05-05T14:28:14.244000+00:00,1.0,S
2468,3062,2021-05-05T14:28:12.554000+00:00,1.0,P
2468,3231,2021-05-05T14:28:14.244000+00:00,1.0,S
2469,3063,2021-05-05T14:28:12.564000+00:00,1.0,P
2469,3231,2021-05-05T14:28:14.244000+00:00,1.0,S
2470,3063,2021-05-05T14:28:12.564000+00:00,1.0,P
2470,3232,2021-05-05T14:28:14.254000+00:00,1.0,S
2471,3063,2021-05-05T14:28:12.564000+00:00,1.0,P
2471,3232,2021-05-05T14:28:14.254000+00:00,1.0,S
2472,3063,2021-05-05T14:28:12.564000+00:00,1.0,P
2472,3232,2021-05-05T14:28:14.254000+00:00,1.0,S
2473,3063,2021-05-05T14:28:12.564000+00:00,1.0,P
2473,3232,2021-05-05T14:28:14.254000+00:00,1.0,S
2474,3063,2021-05-05T14:28:12.564000+00:00,1.0,P
2474,3232,2021-05-05T14:28:14.254000+00:00,1.0,S
2475,3063,2021-05-05T14:28:12.564000+00:00,1.0,P
2475,3233,2021-05-05T14:28:14.264000+00:00,1.0,S
2476,3063,2021-05-05T14:28:12.564000+00:00,1.0,P
2476,3233,2021-05-05T14:28:14.264000+00:00,1.0,S
2477,3064,2021-05-05T14:28:12.574000+00:00,1.0,P
2477,3233,2021-05-05T14:28:14.264000+00:00,1.0,S
2478,3064,2021-05-05T14:28:12.574000+00:00,1.0,P
2478,3233,2021-05-05T14:28:14.264000+00:00,1.0,S
2479,3064,2021-05-05T14:28:12.574000+00:00,1.0,P
2479,3233,2021-05-05T14:28:14.264000+00:00,1.0,S
2480,3064,2021-05-05T14:28:12.574000+00:00,1.0,P
2480,3233,2021-05-05T14:28:14.264000+00:00,1.0,S
2481,3064,2021-05-05T14:28:12.574000+00:00,1.0,P
2481,3234,2021-05-05T14:28:14.274000+00:00,1.0,S
2482,3064,2021-05-05T14:28:12.574000+00:00,1.0,P
2482,3234,2021-05-05T14:28:14.274000+00:00,1.0,S
2483,3064,2021-05-05T14:28:12.574000+00:00,1.0,P
2483,3234,2021-05-05T14:28:14.274000+00:00,1.0,S
2484,3064,2021-05-05T14:28:12.574000+00:00,1.0,P
2484,3234,2021-05-05T14:28:14.274000+00:00,1.0,S
2485,3064,2021-05-05T14:28:12.574000+00:00,1.0,P
2485,3234,2021-05-05T14:28:14.274000+00:00,1.0,S
2486,3064,2021-05-05T14:28:12.574000+00:00,1.0,P
2486,3234,2021-05-05T14:28:14.274000+00:00,1.0,S
2487,3065,2021-05-05T14:28:12.584000+00:00,1.0,P
2487,3236,2021-05-05T14:28:14.294000+00:00,1.0,S
2488,3065,2021-05-05T14:28:12.584000+00:00,1.0,P
2488,3236,2021-05-05T14:28:14.294000+00:00,1.0,S
2489,3065,2021-05-05T14:28:12.584000+00:00,1.0,P
2489,3237,2021-05-05T14:28:14.303999+00:00,1.0,S
2490,3065,2021-05-05T14:28:12.584000+00:00,1.0,P
2490,3237,2021-05-05T14:28:14.303999+00:00,1.0,S
2491,3065,2021-05-05T14:28:12.584000+00:00,1.0,P
2491,3237,2021-05-05T14:28:14.303999+00:00,1.0,S
2492,3065,2021-05-05T14:28:12.584000+00:00,1.0,P
2492,3238,2021-05-05T14:28:14.314000+00:00,1.0,S
2493,3065,2021-05-05T14:28:12.584000+00:00,1.0,P
2493,3238,2021-05-05T14:28:14.314000+00:00,1.0,S
2494,3065,2021-05-05T14:28:12.584000+00:00,1.0,P
2494,3239,2021-05-05T14:28:14.324000+00:00,1.0,S
2495,3065,2021-05-05T14:28:12.584000+00:00,1.0,P
2495,3239,2021-05-05T14:28:14.324000+00:00,1.0,S
2496,3065,2021-05-05T14:28:12.584000+00:00,1.0,P
2496,3239,2021-05-05T14:28:14.324000+00:00,1.0,S
2497,3066,2021-05-05T14:28:12.594000+00:00,1.0,P
2497,3240,2021-05-05T14:28:14.334000+00:00,1.0,S
2498,3066,2021-05-05T14:28:12.594000+00:00,1.0,P
2498,3240,2021-05-05T14:28:14.334000+00:00,1.0,S
2499,3066,2021-05-05T14:28:12.594000+00:00,1.0,P
2499,3240,2021-05-05T14:28:14.334000+00:00,1.0,S
2500,3066,2021-05-05T14:28:12.594000+00:00,1.0,P
2500,3241,2021-05-05T14:28:14.344000+00:00,1.0,S
2501,3066,2021-05-05T14:28:12.594000+00:00,1.0,P
2501,3242,2021-05-05T14:28:14.354000+00:00,1.0,S
2502,3066,2021-05-05T14:28:12.594000+00:00,1.0,P
2502,3242,2021-05-05T14:28:14.354000+00:00,1.0,S
2503,3066,2021-05-05T14:28:12.594000+00:00,1.0,P
2503,3243,2021-05-05T14:28:14.364000+00:00,1.0,S
2504,3066,2021-05-05T14:28:12.594000+00:00,1.0,P
2504,3243,2021-05-05T14:28:14.364000+00:00,1.0,S
2505,3066,2021-05-05T14:28:12.594000+00:00,1.0,P
2505,3244,2021-05-05T14:28:14.373999+00:00,1.0,S
2506,3066,2021-05-05T14:28:12.594000+00:00,1.0,P
2506,3244,2021-05-05T14:28:14.373999+00:00,1.0,S
2507,3066,2021-05-05T14:28:12.594000+00:00,1.0,P
2507,3244,2021-05-05T14:28:14.373999+00:00,1.0,S
2508,3067,2021-05-05T14:28:12.604000+00:00,1.0,P
2508,3245,2021-05-05T14:28:14.384000+00:00,1.0,S
2509,3067,2021-05-05T14:28:12.604000+00:00,1.0,P
2509,3245,2021-05-05T14:28:14.384000+00:00,1.0,S
2510,3067,2021-05-05T14:28:12.604000+00:00,1.0,P
2510,3245,2021-05-05T14:28:14.384000+00:00,1.0,S
2511,3067,2021-05-05T14:28:12.604000+00:00,1.0,P
2511,3245,2021-05-05T14:28:14.384000+00:00,1.0,S
2512,3067,2021-05-05T14:28:12.604000+00:00,1.0,P
2512,3245,2021-05-05T14:28:14.384000+00:00,1.0,S
2513,3067,2021-05-05T14:28:12.604000+00:00,1.0,P
2513,3245,2021-05-05T14:28:14.384000+00:00,1.0,S
2514,3067,2021-05-05T14:28:12.604000+00:00,1.0,P
2514,3245,2021-05-05T14:28:14.384000+00:00,1.0,S
2515,3067,2021-05-05T14:28:12.604000+00:00,1.0,P
2515,3246,2021-05-05T14:28:14.394000+00:00,1.0,S
2516,3067,2021-05-05T14:28:12.604000+00:00,1.0,P
2516,3246,2021-05-05T14:28:14.394000+00:00,1.0,S
2517,3067,2021-05-05T14:28:12.604000+00:00,1.0,P
2517,3246,2021-05-05T14:28:14.394000+00:00,1.0,S
2518,3067,2021-05-05T14:28:12.604000+00:00,1.0,P
2518,3246,2021-05-05T14:28:14.394000+00:00,1.0,S
2519,3068,2021-05-05T14:28:12.614000+00:00,1.0,P
2519,3246,2021-05-05T14:28:14.394000+00:00,1.0,S
2520,3068,2021-05-05T14:28:12.614000+00:00,1.0,P
2520,3246,2021-05-05T14:28:14.394000+00:00,1.0,S
2521,3068,2021-05-05T14:28:12.614000+00:00,1.0,P
2521,3246,2021-05-05T14:28:14.394000+00:00,1.0,S
2522,3068,2021-05-05T14:28:12.614000+00:00,1.0,P
2522,3246,2021-05-05T14:28:14.394000+00:00,1.0,S
2523,3068,2021-05-05T14:28:12.614000+00:00,1.0,P
2523,3246,2021-05-05T14:28:14.394000+00:00,1.0,S
2524,3068,2021-05-05T14:28:12.614000+00:00,1.0,P
2524,3246,2021-05-05T14:28:14.394000+00:00,1.0,S
2525,3068,2021-05-05T14:28:12.614000+00:00,1.0,P
2525,3246,2021-05-05T14:28:14.394000+00:00,1.0,S
2526,3068,2021-05-05T14:28:12.614000+00:00,1.0,P
2526,3246,2021-05-05T14:28:14.394000+00:00,1.0,S
2527,3068,2021-05-05T14:28:12.614000+00:00,1.0,P
2527,3246,2021-05-05T14:28:14.394000+00:00,1.0,S
2528,3068,2021-05-05T14:28:12.614000+00:00,1.0,P
2528,3246,2021-05-05T14:28:14.394000+00:00,1.0,S
2529,3068,2021-05-05T14:28:12.614000+00:00,1.0,P
2529,3246,2021-05-05T14:28:14.394000+00:00,1.0,S
2530,3068,2021-05-05T14:28:12.614000+00:00,1.0,P
2530,3246,2021-05-05T14:28:14.394000+00:00,1.0,S
2531,3068,2021-05-05T14:28:12.614000+00:00,1.0,P
2531,3246,2021-05-05T14:28:14.394000+00:00,1.0,S
2532,3069,2021-05-05T14:28:12.624000+00:00,1.0,P
2532,3246,2021-05-05T14:28:14.394000+00:00,1.0,S
2533,3069,2021-05-05T14:28:12.624000+00:00,1.0,P
2533,3246,2021-05-05T14:28:14.394000+00:00,1.0,S
2534,3069,2021-05-05T14:28:12.624000+00:00,1.0,P
2534,3246,2021-05-05T14:28:14.394000+00:00,1.0,S
2535,3069,2021-05-05T14:28:12.624000+00:00,1.0,P
2535,3246,2021-05-05T14:28:14.394000+00:00,1.0,S
2536,3069,2021-05-05T14:28:12.624000+00:00,1.0,P
2536,3247,2021-05-05T14:28:14.404000+00:00,1.0,S
2537,3069,2021-05-05T14:28:12.624000+00:00,1.0,P
2537,3247,2021-05-05T14:28:14.404000+00:00,1.0,S
2538,3069,2021-05-05T14:28:12.624000+00:00,1.0,P
2538,3247,2021-05-05T14:28:14.404000+00:00,1.0,S
2539,3069,2021-05-05T14:28:12.624000+00:00,1.0,P
2539,3247,2021-05-05T14:28:14.404000+00:00,1.0,S
2540,3069,2021-05-05T14:28:12.624000+00:00,1.0,P
2540,3247,2021-05-05T14:28:14.404000+00:00,1.0,S
2541,3069,2021-05-05T14:28:12.624000+00:00,1.0,P
2541,3247,2021-05-05T14:28:14.404000+00:00,1.0,S
2542,3069,2021-05-05T14:28:12.624000+00:00,1.0,P
2542,3247,2021-05-05T14:28:14.404000+00:00,1.0,S
2543,3069,2021-05-05T14:28:12.624000+00:00,1.0,P
2543,3247,2021-05-05T14:28:14.404000+00:00,1.0,S
2544,3070,2021-05-05T14:28:12.634000+00:00,1.0,P
2544,3247,2021-05-05T14:28:14.404000+00:00,1.0,S
2545,3070,2021-05-05T14:28:12.634000+00:00,1.0,P
2545,3247,2021-05-05T14:28:14.404000+00:00,1.0,S
2546,3070,2021-05-05T14:28:12.634000+00:00,1.0,P
2546,3247,2021-05-05T14:28:14.404000+00:00,1.0,S
2547,3070,2021-05-05T14:28:12.634000+00:00,1.0,P
2547,3247,2021-05-05T14:28:14.404000+00:00,1.0,S
2548,3070,2021-05-05T14:28:12.634000+00:00,1.0,P
2548,3247,2021-05-05T14:28:14.404000+00:00,1.0,S
2549,3070,2021-05-05T14:28:12.634000+00:00,1.0,P
2549,3247,2021-05-05T14:28:14.404000+00:00,1.0,S
2550,3070,2021-05-05T14:28:12.634000+00:00,1.0,P
2550,3247,2021-05-05T14:28:14.404000+00:00,1.0,S
2551,3070,2021-05-05T14:28:12.634000+00:00,1.0,P
2551,3247,2021-05-05T14:28:14.404000+00:00,1.0,S
2552,3070,2021-05-05T14:28:12.634000+00:00,1.0,P
2552,3247,2021-05-05T14:28:14.404000+00:00,1.0,S
2553,3070,2021-05-05T14:28:12.634000+00:00,1.0,P
2553,3247,2021-05-05T14:28:14.404000+00:00,1.0,S
2554,3070,2021-05-05T14:28:12.634000+00:00,1.0,P
2554,3247,2021-05-05T14:28:14.404000+00:00,1.0,S
2555,3071,2021-05-05T14:28:12.644000+00:00,1.0,P
2555,3247,2021-05-05T14:28:14.404000+00:00,1.0,S
2556,3071,2021-05-05T14:28:12.644000+00:00,1.0,P
2556,3248,2021-05-05T14:28:14.414000+00:00,1.0,S
2557,3071,2021-05-05T14:28:12.644000+00:00,1.0,P
2557,3248,2021-05-05T14:28:14.414000+00:00,1.0,S
2558,3071,2021-05-05T14:28:12.644000+00:00,1.0,P
2558,3248,2021-05-05T14:28:14.414000+00:00,1.0,S
2559,3071,2021-05-05T14:28:12.644000+00:00,1.0,P
2559,3248,2021-05-05T14:28:14.414000+00:00,1.0,S
2560,3071,2021-05-05T14:28:12.644000+00:00,1.0,P
2560,3248,2021-05-05T14:28:14.414000+00:00,1.0,S
2561,3071,2021-05-05T14:28:12.644000+00:00,1.0,P
2561,3248,2021-05-05T14:28:14.414000+00:00,1.0,S
2562,3071,2021-05-05T14:28:12.644000+00:00,1.0,P
2562,3248,2021-05-05T14:28:14.414000+00:00,1.0,S
2563,3071,2021-05-05T14:28:12.644000+00:00,1.0,P
2563,3248,2021-05-05T14:28:14.414000+00:00,1.0,S
2564,3071,2021-05-05T14:28:12.644000+00:00,1.0,P
2564,3248,2021-05-05T14:28:14.414000+00:00,1.0,S
2565,3072,2021-05-05T14:28:12.654000+00:00,1.0,P
2565,3248,2021-05-05T14:28:14.414000+00:00,1.0,S
2566,3072,2021-05-05T14:28:12.654000+00:00,1.0,P
2566,3248,2021-05-05T14:28:14.414000+00:00,1.0,S
2567,3072,2021-05-05T14:28:12.654000+00:00,1.0,P
2567,3248,2021-05-05T14:28:14.414000+00:00,1.0,S
2568,3072,2021-05-05T14:28:12.654000+00:00,1.0,P
2568,3248,2021-05-05T14:28:14.414000+00:00,1.0,S
2569,3072,2021-05-05T14:28:12.654000+00:00,1.0,P
2569,3248,2021-05-05T14:28:14.414000+00:00,1.0,S
2570,3072,2021-05-05T14:28:12.654000+00:00,1.0,P
2570,3248,2021-05-05T14:28:14.414000+00:00,1.0,S
2571,3072,2021-05-05T14:28:12.654000+00:00,1.0,P
2571,3248,2021-05-05T14:28:14.414000+00:00,1.0,S
2572,3072,2021-05-05T14:28:12.654000+00:00,1.0,P
2572,3249,2021-05-05T14:28:14.424000+00:00,1.0,S
2573,3072,2021-05-05T14:28:12.654000+00:00,1.0,P
2573,3249,2021-05-05T14:28:14.424000+00:00,1.0,S
2574,3073,2021-05-05T14:28:12.664000+00:00,1.0,P
2574,3249,2021-05-05T14:28:14.424000+00:00,1.0,S
2575,3073,2021-05-05T14:28:12.664000+00:00,1.0,P
2575,3249,2021-05-05T14:28:14.424000+00:00,1.0,S
2576,3073,2021-05-05T14:28:12.664000+00:00,1.0,P
2576,3249,2021-05-05T14:28:14.424000+00:00,1.0,S
2577,3073,2021-05-05T14:28:12.664000+00:00,1.0,P
2577,3249,2021-05-05T14:28:14.424000+00:00,1.0,S
2578,3073,2021-05-05T14:28:12.664000+00:00,1.0,P
2578,3249,2021-05-05T14:28:14.424000+00:00,1.0,S
2579,3073,2021-05-05T14:28:12.664000+00:00,1.0,P
2579,3249,2021-05-05T14:28:14.424000+00:00,1.0,S
2580,3073,2021-05-05T14:28:12.664000+00:00,1.0,P
2580,3249,2021-05-05T14:28:14.424000+00:00,1.0,S
2581,3073,2021-05-05T14:28:12.664000+00:00,1.0,P
2581,3249,2021-05-05T14:28:14.424000+00:00,1.0,S
2582,3073,2021-05-05T14:28:12.664000+00:00,1.0,P
2582,3249,2021-05-05T14:28:14.424000+00:00,1.0,S
2583,3074,2021-05-05T14:28:12.674000+00:00,1.0,P
2583,3249,2021-05-05T14:28:14.424000+00:00,1.0,S
2584,3074,2021-05-05T14:28:12.674000+00:00,1.0,P
2584,3249,2021-05-05T14:28:14.424000+00:00,1.0,S
2585,3074,2021-05-05T14:28:12.674000+00:00,1.0,P
2585,3249,2021-05-05T14:28:14.424000+00:00,1.0,S
2586,3074,2021-05-05T14:28:12.674000+00:00,1.0,P
2586,3249,2021-05-05T14:28:14.424000+00:00,1.0,S
2587,3074,2021-05-05T14:28:12.674000+00:00,1.0,P
2587,3249,2021-05-05T14:28:14.424000+00:00,1.0,S
2588,3074,2021-05-05T14:28:12.674000+00:00,1.0,P
2588,3249,2021-05-05T14:28:14.424000+00:00,1.0,S
2589,3074,2021-05-05T14:28:12.674000+00:00,1.0,P
2589,3250,2021-05-05T14:28:14.434000+00:00,1.0,S
2590,3074,2021-05-05T14:28:12.674000+00:00,1.0,P
2590,3250,2021-05-05T14:28:14.434000+00:00,1.0,S
2591,3074,2021-05-05T14:28:12.674000+00:00,1.0,P
2591,3250,2021-05-05T14:28:14.434000+00:00,1.0,S
2592,3075,2021-05-05T14:28:12.684000+00:00,1.0,P
2592,3250,2021-05-05T14:28:14.434000+00:00,1.0,S
2593,3075,2021-05-05T14:28:12.684000+00:00,1.0,P
2593,3250,2021-05-05T14:28:14.434000+00:00,1.0,S
2594,3075,2021-05-05T14:28:12.684000+00:00,1.0,P
2594,3250,2021-05-05T14:28:14.434000+00:00,1.0,S
2595,3075,2021-05-05T14:28:12.684000+00:00,1.0,P
2595,3250,2021-05-05T14:28:14.434000+00:00,1.0,S
2596,3075,2021-05-05T14:28:12.684000+00:00,1.0,P
2596,3250,2021-05-05T14:28:14.434000+00:00,1.0,S
2597,3075,2021-05-05T14:28:12.684000+00:00,1.0,P
2597,3250,2021-05-05T14:28:14.434000+00:00,1.0,S
2598,3075,2021-05-05T14:28:12.684000+00:00,1.0,P
2598,3250,2021-05-05T14:28:14.434000+00:00,1.0,S
2599,3075,2021-05-05T14:28:12.684000+00:00,1.0,P
2599,3250,2021-05-05T14:28:14.434000+00:00,1.0,S
2600,3075,2021-05-05T14:28:12.684000+00:00,1.0,P
2600,3250,2021-05-05T14:28:14.434000+00:00,1.0,S
2601,3076,2021-05-05T14:28:12.694000+00:00,1.0,P
2601,3250,2021-05-05T14:28:14.434000+00:00,1.0,S
2602,3076,2021-05-05T14:28:12.694000+00:00,1.0,P
2602,3250,2021-05-05T14:28:14.434000+00:00,1.0,S
2603,3076,2021-05-05T14:28:12.694000+00:00,1.0,P
2603,3250,2021-05-05T14:28:14.434000+00:00,1.0,S
2604,3076,2021-05-05T14:28:12.694000+00:00,1.0,P
2604,3250,2021-05-05T14:28:14.434000+00:00,1.0,S
2605,3076,2021-05-05T14:28:12.694000+00:00,1.0,P
2605,3251,2021-05-05T14:28:14.443999+00:00,1.0,S
2606,3076,2021-05-05T14:28:12.694000+00:00,1.0,P
2606,3251,2021-05-05T14:28:14.443999+00:00,1.0,S
2607,3076,2021-05-05T14:28:12.694000+00:00,1.0,P
2607,3251,2021-05-05T14:28:14.443999+00:00,1.0,S
2608,3076,2021-05-05T14:28:12.694000+00:00,1.0,P
2608,3251,2021-05-05T14:28:14.443999+00:00,1.0,S
2609,3076,2021-05-05T14:28:12.694000+00:00,1.0,P
2609,3251,2021-05-05T14:28:14.443999+00:00,1.0,S
2610,3076,2021-05-05T14:28:12.694000+00:00,1.0,P
2610,3251,2021-05-05T14:28:14.443999+00:00,1.0,S
2611,3077,2021-05-05T14:28:12.704000+00:00,1.0,P
2611,3251,2021-05-05T14:28:14.443999+00:00,1.0,S
2612,3077,2021-05-05T14:28:12.704000+00:00,1.0,P
2612,3251,2021-05-05T14:28:14.443999+00:00,1.0,S
2613,3077,2021-05-05T14:28:12.704000+00:00,1.0,P
2613,3251,2021-05-05T14:28:14.443999+00:00,1.0,S
2614,3077,2021-05-05T14:28:12.704000+00:00,1.0,P
2614,3251,2021-05-05T14:28:14.443999+00:00,1.0,S
2615,3077,2021-05-05T14:28:12.704000+00:00,1.0,P
2615,3251,2021-05-05T14:28:14.443999+00:00,1.0,S
2616,3077,2021-05-05T14:28:12.704000+00:00,1.0,P
2616,3251,2021-05-05T14:28:14.443999+00:00,1.0,S
2617,3077,2021-05-05T14:28:12.704000+00:00,1.0,P
2617,3251,2021-05-05T14:28:14.443999+00:00,1.0,S
2618,3077,2021-05-05T14:28:12.704000+00:00,1.0,P
2618,3251,2021-05-05T14:28:14.443999+00:00,1.0,S
2619,3077,2021-05-05T14:28:12.704000+00:00,1.0,P
2619,3251,2021-05-05T14:28:14.443999+00:00,1.0,S
2620,3077,2021-05-05T14:28:12.704000+00:00,1.0,P
2620,3251,2021-05-05T14:28:14.443999+00:00,1.0,S
2621,3077,2021-05-05T14:28:12.704000+00:00,1.0,P
2621,3252,2021-05-05T14:28:14.454000+00:00,1.0,S
2622,3078,2021-05-05T14:28:12.714000+00:00,1.0,P
2622,3252,2021-05-05T14:28:14.454000+00:00,1.0,S
2623,3078,2021-05-05T14:28:12.714000+00:00,1.0,P
2623,3252,2021-05-05T14:28:14.454000+00:00,1.0,S
2624,3078,2021-05-05T14:28:12.714000+00:00,1.0,P
2624,3252,2021-05-05T14:28:14.454000+00:00,1.0,S
2625,3078,2021-05-05T14:28:12.714000+00:00,1.0,P
2625,3252,2021-05-05T14:28:14.454000+00:00,1.0,S
2626,3078,2021-05-05T14:28:12.714000+00:00,1.0,P
2626,3252,2021-05-05T14:28:14.454000+00:00,1.0,S
2627,3078,2021-05-05T14:28:12.714000+00:00,1.0,P
2627,3252,2021-05-05T14:28:14.454000+00:00,1.0,S
2628,3078,2021-05-05T14:28:12.714000+00:00,1.0,P
2628,3252,2021-05-05T14:28:14.454000+00:00,1.0,S
2629,3078,2021-05-05T14:28:12.714000+00:00,1.0,P
2629,3252,2021-05-05T14:28:14.454000+00:00,1.0,S
2630,3078,2021-05-05T14:28:12.714000+00:00,1.0,P
2630,3252,2021-05-05T14:28:14.454000+00:00,1.0,S
2631,3078,2021-05-05T14:28:12.714000+00:00,1.0,P
2631,3252,2021-05-05T14:28:14.454000+00:00,1.0,S
2632,3078,2021-05-05T14:28:12.714000+00:00,1.0,P
2632,3252,2021-05-05T14:28:14.454000+00:00,1.0,S
2633,3078,2021-05-05T14:28:12.714000+00:00,1.0,P
2633,3252,2021-05-05T14:28:14.454000+00:00,1.0,S
2634,3078,2021-05-05T14:28:12.714000+00:00,1.0,P
2634,3252,2021-05-05T14:28:14.454000+00:00,1.0,S
2635,3079,2021-05-05T14:28:12.724000+00:00,1.0,P
2635,3252,2021-05-05T14:28:14.454000+00:00,1.0,S
2636,3079,2021-05-05T14:28:12.724000+00:00,1.0,P
2636,3252,2021-05-05T14:28:14.454000+00:00,1.0,S
2637,3079,2021-05-05T14:28:12.724000+00:00,1.0,P
2637,3253,2021-05-05T14:28:14.464000+00:00,1.0,S
2638,3079,2021-05-05T14:28:12.724000+00:00,1.0,P
2638,3253,2021-05-05T14:28:14.464000+00:00,1.0,S
2639,3079,2021-05-05T14:28:12.724000+00:00,1.0,P
2639,3253,2021-05-05T14:28:14.464000+00:00,1.0,S
2640,3079,2021-05-05T14:28:12.724000+00:00,1.0,P
2640,3253,2021-05-05T14:28:14.464000+00:00,1.0,S
2641,3079,2021-05-05T14:28:12.724000+00:00,1.0,P
2641,3253,2021-05-05T14:28:14.464000+00:00,1.0,S
2642,3079,2021-05-05T14:28:12.724000+00:00,1.0,P
2642,3253,2021-05-05T14:28:14.464000+00:00,1.0,S
2643,3079,2021-05-05T14:28:12.724000+00:00,1.0,P
2643,3253,2021-05-05T14:28:14.464000+00:00,1.0,S
2644,3079,2021-05-05T14:28:12.724000+00:00,1.0,P
2644,3253,2021-05-05T14:28:14.464000+00:00,1.0,S
2645,3079,2021-05-05T14:28:12.724000+00:00,1.0,P
2645,3253,2021-05-05T14:28:14.464000+00:00,1.0,S
2646,3079,2021-05-05T14:28:12.724000+00:00,1.0,P
2646,3253,2021-05-05T14:28:14.464000+00:00,1.0,S
2647,3079,2021-05-05T14:28:12.724000+00:00,1.0,P
2647,3253,2021-05-05T14:28:14.464000+00:00,1.0,S
2648,3079,2021-05-05T14:28:12.724000+00:00,1.0,P
2648,3253,2021-05-05T14:28:14.464000+00:00,1.0,S
2649,3080,2021-05-05T14:28:12.734000+00:00,1.0,P
2649,3253,2021-05-05T14:28:14.464000+00:00,1.0,S
2650,3080,2021-05-05T14:28:12.734000+00:00,1.0,P
2650,3253,2021-05-05T14:28:14.464000+00:00,1.0,S
2651,3080,2021-05-05T14:28:12.734000+00:00,1.0,P
2651,3253,2021-05-05T14:28:14.464000+00:00,1.0,S
2652,3080,2021-05-05T14:28:12.734000+00:00,1.0,P
2652,3254,2021-05-05T14:28:14.474000+00:00,1.0,S
2653,3080,2021-05-05T14:28:12.734000+00:00,1.0,P
2653,3254,2021-05-05T14:28:14.474000+00:00,1.0,S
2654,3080,2021-05-05T14:28:12.734000+00:00,1.0,P
2654,3254,2021-05-05T14:28:14.474000+00:00,1.0,S
2655,3080,2021-05-05T14:28:12.734000+00:00,1.0,P
2655,3254,2021-05-05T14:28:14.474000+00:00,1.0,S
2656,3080,2021-05-05T14:28:12.734000+00:00,1.0,P
2656,3254,2021-05-05T14:28:14.474000+00:00,1.0,S
2657,3080,2021-05-05T14:28:12.734000+00:00,1.0,P
2657,3254,2021-05-05T14:28:14.474000+00:00,1.0,S
2658,3080,2021-05-05T14:28:12.734000+00:00,1.0,P
2658,3254,2021-05-05T14:28:14.474000+00:00,1.0,S
2659,3080,2021-05-05T14:28:12.734000+00:00,1.0,P
2659,3254,2021-05-05T14:28:14.474000+00:00,1.0,S
2660,3080,2021-05-05T14:28:12.734000+00:00,1.0,P
2660,3254,2021-05-05T14:28:14.474000+00:00,1.0,S
2661,3080,2021-05-05T14:28:12.734000+00:00,1.0,P
2661,3254,2021-05-05T14:28:14.474000+00:00,1.0,S
2662,3080,2021-05-05T14:28:12.734000+00:00,1.0,P
2662,3254,2021-05-05T14:28:14.474000+00:00,1.0,S
2663,3081,2021-05-05T14:28:12.744000+00:00,1.0,P
2663,3254,2021-05-05T14:28:14.474000+00:00,1.0,S
2664,3081,2021-05-05T14:28:12.744000+00:00,1.0,P
2664,3254,2021-05-05T14:28:14.474000+00:00,1.0,S
2665,3081,2021-05-05T14:28:12.744000+00:00,1.0,P
2665,3254,2021-05-05T14:28:14.474000+00:00,1.0,S
2666,3081,2021-05-05T14:28:12.744000+00:00,1.0,P
2666,3255,2021-05-05T14:28:14.483999+00:00,1.0,S
2667,3081,2021-05-05T14:28:12.744000+00:00,1.0,P
2667,3255,2021-05-05T14:28:14.483999+00:00,1.0,S
2668,3081,2021-05-05T14:28:12.744000+00:00,1.0,P
2668,3255,2021-05-05T14:28:14.483999+00:00,1.0,S
2669,3081,2021-05-05T14:28:12.744000+00:00,1.0,P
2669,3255,2021-05-05T14:28:14.483999+00:00,1.0,S
2670,3081,2021-05-05T14:28:12.744000+00:00,1.0,P
2670,3255,2021-05-05T14:28:14.483999+00:00,1.0,S
2671,3081,2021-05-05T14:28:12.744000+00:00,1.0,P
2671,3255,2021-05-05T14:28:14.483999+00:00,1.0,S
2672,3081,2021-05-05T14:28:12.744000+00:00,1.0,P
2672,3255,2021-05-05T14:28:14.483999+00:00,1.0,S
2673,3081,2021-05-05T14:28:12.744000+00:00,1.0,P
2673,3255,2021-05-05T14:28:14.483999+00:00,1.0,S
2674,3081,2021-05-05T14:28:12.744000+00:00,1.0,P
2674,3255,2021-05-05T14:28:14.483999+00:00,1.0,S
2675,3082,2021-05-05T14:28:12.754000+00:00,1.0,P
2675,3255,2021-05-05T14:28:14.483999+00:00,1.0,S
2676,3082,2021-05-05T14:28:12.754000+00:00,1.0,P
2676,3255,2021-05-05T14:28:14.483999+00:00,1.0,S
2677,3082,2021-05-05T14:28:12.754000+00:00,1.0,P
2677,3255,2021-05-05T14:28:14.483999+00:00,1.0,S
2678,3082,2021-05-05T14:28:12.754000+00:00,1.0,P
2678,3256,2021-05-05T14:28:14.494000+00:00,1.0,S
2679,3082,2021-05-05T14:28:12.754000+00:00,1.0,P
2679,3256,2021-05-05T14:28:14.494000+00:00,1.0,S
2680,3082,2021-05-05T14:28:12.754000+00:00,1.0,P
2680,3256,2021-05-05T14:28:14.494000+00:00,1.0,S
2681,3082,2021-05-05T14:28:12.754000+00:00,1.0,P
2681,3256,2021-05-05T14:28:14.494000+00:00,1.0,S
2682,3082,2021-05-05T14:28:12.754000+00:00,1.0,P
2682,3256,2021-05-05T14:28:14.494000+00:00,1.0,S
2683,3082,2021-05-05T14:28:12.754000+00:00,1.0,P
2683,3256,2021-05-05T14:28:14.494000+00:00,1.0,S
2684,3082,2021-05-05T14:28:12.754000+00:00,1.0,P
2684,3256,2021-05-05T14:28:14.494000+00:00,1.0,S
2685,3083,2021-05-05T14:28:12.764000+00:00,1.0,P
2685,3256,2021-05-05T14:28:14.494000+00:00,1.0,S
2686,3083,2021-05-05T14:28:12.764000+00:00,1.0,P
2686,3256,2021-05-05T14:28:14.494000+00:00,1.0,S
2687,3083,2021-05-05T14:28:12.764000+00:00,1.0,P
2687,3256,2021-05-05T14:28:14.494000+00:00,1.0,S
2688,3083,2021-05-05T14:28:12.764000+00:00,1.0,P
2688,3256,2021-05-05T14:28:14.494000+00:00,1.0,S
2689,3083,2021-05-05T14:28:12.764000+00:00,1.0,P
2689,3257,2021-05-05T14:28:14.504000+00:00,1.0,S
2690,3083,2021-05-05T14:28:12.764000+00:00,1.0,P
2690,3257,2021-05-05T14:28:14.504000+00:00,1.0,S
2691,3083,2021-05-05T14:28:12.764000+00:00,1.0,P
2691,3257,2021-05-05T14:28:14.504000+00:00,1.0,S
2692,3083,2021-05-05T14:28:12.764000+00:00,1.0,P
2692,3257,2021-05-05T14:28:14.504000+00:00,1.0,S
2693,3083,2021-05-05T14:28:12.764000+00:00,1.0,P
2693,3258,2021-05-05T14:28:14.514000+00:00,1.0,S
2694,3084,2021-05-05T14:28:12.774000+00:00,1.0,P
2694,3258,2021-05-05T14:28:14.514000+00:00,1.0,S
2695,3084,2021-05-05T14:28:12.774000+00:00,1.0,P
2695,3258,2021-05-05T14:28:14.514000+00:00,1.0,S
2696,3084,2021-05-05T14:28:12.774000+00:00,1.0,P
2696,3259,2021-05-05T14:28:14.524000+00:00,1.0,S
2697,3084,2021-05-05T14:28:12.774000+00:00,1.0,P
2697,3259,2021-05-05T14:28:14.524000+00:00,1.0,S
2698,3084,2021-05-05T14:28:12.774000+00:00,1.0,P
2698,3259,2021-05-05T14:28:14.524000+00:00,1.0,S
2699,3084,2021-05-05T14:28:12.774000+00:00,1.0,P
2699,3259,2021-05-05T14:28:14.524000+00:00,1.0,S
2700,3084,2021-05-05T14:28:12.774000+00:00,1.0,P
2700,3259,2021-05-05T14:28:14.524000+00:00,1.0,S
2701,3084,2021-05-05T14:28:12.774000+00:00,1.0,P
2701,3259,2021-05-05T14:28:14.524000+00:00,1.0,S
2702,3084,2021-05-05T14:28:12.774000+00:00,1.0,P
2702,3259,2021-05-05T14:28:14.524000+00:00,1.0,S
2703,3085,2021-05-05T14:28:12.784000+00:00,1.0,P
2703,3259,2021-05-05T14:28:14.524000+00:00,1.0,S
2704,3085,2021-05-05T14:28:12.784000+00:00,1.0,P
2704,3260,2021-05-05T14:28:14.534000+00:00,1.0,S
2705,3085,2021-05-05T14:28:12.784000+00:00,1.0,P
2705,3260,2021-05-05T14:28:14.534000+00:00,1.0,S
2706,3085,2021-05-05T14:28:12.784000+00:00,1.0,P
2706,3260,2021-05-05T14:28:14.534000+00:00,1.0,S
2707,3085,2021-05-05T14:28:12.784000+00:00,1.0,P
2707,3260,2021-05-05T14:28:14.534000+00:00,1.0,S
2708,3085,2021-05-05T14:28:12.784000+00:00,1.0,P
2708,3261,2021-05-05T14:28:14.544000+00:00,1.0,S
2709,3085,2021-05-05T14:28:12.784000+00:00,1.0,P
2709,3262,2021-05-05T14:28:14.553999+00:00,1.0,S
2710,3085,2021-05-05T14:28:12.784000+00:00,1.0,P
2710,3262,2021-05-05T14:28:14.553999+00:00,1.0,S
2711,3085,2021-05-05T14:28:12.784000+00:00,1.0,P
2711,3263,2021-05-05T14:28:14.564000+00:00,1.0,S
2712,3086,2021-05-05T14:28:12.794000+00:00,1.0,P
2712,3263,2021-05-05T14:28:14.564000+00:00,1.0,S
2713,3086,2021-05-05T14:28:12.794000+00:00,1.0,P
2713,3264,2021-05-05T14:28:14.574000+00:00,1.0,S
2714,3086,2021-05-05T14:28:12.794000+00:00,1.0,P
2714,3265,2021-05-05T14:28:14.584000+00:00,1.0,S
2715,3086,2021-05-05T14:28:12.794000+00:00,1.0,P
2715,3265,2021-05-05T14:28:14.584000+00:00,1.0,S
2716,3086,2021-05-05T14:28:12.794000+00:00,1.0,P
2716,3266,2021-05-05T14:28:14.594000+00:00,1.0,S
2717,3086,2021-05-05T14:28:12.794000+00:00,1.0,P
2717,3266,2021-05-05T14:28:14.594000+00:00,1.0,S
2718,3086,2021-05-05T14:28:12.794000+00:00,1.0,P
2718,3267,2021-05-05T14:28:14.604000+00:00,1.0,S
2719,3086,2021-05-05T14:28:12.794000+00:00,1.0,P
2719,3267,2021-05-05T14:28:14.604000+00:00,1.0,S
2720,3087,2021-05-05T14:28:12.804000+00:00,1.0,P
2720,3267,2021-05-05T14:28:14.604000+00:00,1.0,S
2721,3087,2021-05-05T14:28:12.804000+00:00,1.0,P
2721,3267,2021-05-05T14:28:14.604000+00:00,1.0,S
2722,3087,2021-05-05T14:28:12.804000+00:00,1.0,P
2722,3268,2021-05-05T14:28:14.614000+00:00,1.0,S
2723,3087,2021-05-05T14:28:12.804000+00:00,1.0,P
2723,3268,2021-05-05T14:28:14.614000+00:00,1.0,S
2724,3087,2021-05-05T14:28:12.804000+00:00,1.0,P
2724,3268,2021-05-05T14:28:14.614000+00:00,1.0,S
2725,3087,2021-05-05T14:28:12.804000+00:00,1.0,P
2725,3268,2021-05-05T14:28:14.614000+00:00,1.0,S
2726,3087,2021-05-05T14:28:12.804000+00:00,1.0,P
2726,3269,2021-05-05T14:28:14.623999+00:00,1.0,S
2727,3088,2021-05-05T14:28:12.814000+00:00,1.0,P
2727,3269,2021-05-05T14:28:14.623999+00:00,1.0,S
2728,3088,2021-05-05T14:28:12.814000+00:00,1.0,P
2728,3269,2021-05-05T14:28:14.623999+00:00,1.0,S
2729,3088,2021-05-05T14:28:12.814000+00:00,1.0,P
2729,3269,2021-05-05T14:28:14.623999+00:00,1.0,S
2730,3088,2021-05-05T14:28:12.814000+00:00,1.0,P
2730,3270,2021-05-05T14:28:14.634000+00:00,1.0,S
2731,3088,2021-05-05T14:28:12.814000+00:00,1.0,P
2731,3270,2021-05-05T14:28:14.634000+00:00,1.0,S
2732,3088,2021-05-05T14:28:12.814000+00:00,1.0,P
2732,3270,2021-05-05T14:28:14.634000+00:00,1.0,S
2733,3088,2021-05-05T14:28:12.814000+00:00,1.0,P
2733,3270,2021-05-05T14:28:14.634000+00:00,1.0,S
2734,3088,2021-05-05T14:28:12.814000+00:00,1.0,P
2734,3271,2021-05-05T14:28:14.644000+00:00,1.0,S
2735,3089,2021-05-05T14:28:12.824000+00:00,1.0,P
2735,3271,2021-05-05T14:28:14.644000+00:00,1.0,S
2736,3089,2021-05-05T14:28:12.824000+00:00,1.0,P
2736,3271,2021-05-05T14:28:14.644000+00:00,1.0,S
2737,3089,2021-05-05T14:28:12.824000+00:00,1.0,P
2737,3272,2021-05-05T14:28:14.654000+00:00,1.0,S
2738,3089,2021-05-05T14:28:12.824000+00:00,1.0,P
2738,3272,2021-05-05T14:28:14.654000+00:00,1.0,S
2739,3089,2021-05-05T14:28:12.824000+00:00,1.0,P
2739,3272,2021-05-05T14:28:14.654000+00:00,1.0,S
2740,3089,2021-05-05T14:28:12.824000+00:00,1.0,P
2740,3272,2021-05-05T14:28:14.654000+00:00,1.0,S
2741,3089,2021-05-05T14:28:12.824000+00:00,1.0,P
2741,3273,2021-05-05T14:28:14.664000+00:00,1.0,S
2742,3090,2021-05-05T14:28:12.834000+00:00,1.0,P
2742,3273,2021-05-05T14:28:14.664000+00:00,1.0,S
2743,3090,2021-05-05T14:28:12.834000+00:00,1.0,P
2743,3273,2021-05-05T14:28:14.664000+00:00,1.0,S
2744,3090,2021-05-05T14:28:12.834000+00:00,1.0,P
2744,3273,2021-05-05T14:28:14.664000+00:00,1.0,S
2745,3090,2021-05-05T14:28:12.834000+00:00,1.0,P
2745,3274,2021-05-05T14:28:14.674000+00:00,1.0,S
2746,3090,2021-05-05T14:28:12.834000+00:00,1.0,P
2746,3274,2021-05-05T14:28:14.674000+00:00,1.0,S
2747,3090,2021-05-05T14:28:12.834000+00:00,1.0,P
2747,3274,2021-05-05T14:28:14.674000+00:00,1.0,S
2748,3090,2021-05-05T14:28:12.834000+00:00,1.0,P
2748,3275,2021-05-05T14:28:14.684000+00:00,1.0,S
2749,3091,2021-05-05T14:28:12.844000+00:00,1.0,P
2749,3275,2021-05-05T14:28:14.684000+00:00,1.0,S
2750,3091,2021-05-05T14:28:12.844000+00:00,1.0,P
2750,3275,2021-05-05T14:28:14.684000+00:00,1.0,S
2751,3091,2021-05-05T14:28:12.844000+00:00,1.0,P
2751,3275,2021-05-05T14:28:14.684000+00:00,1.0,S
2752,3091,2021-05-05T14:28:12.844000+00:00,1.0,P
2752,3276,2021-05-05T14:28:14.693999+00:00,1.0,S
2753,3091,2021-05-05T14:28:12.844000+00:00,1.0,P
2753,3276,2021-05-05T14:28:14.693999+00:00,1.0,S
2754,3091,2021-05-05T14:28:12.844000+00:00,1.0,P
2754,3276,2021-05-05T14:28:14.693999+00:00,1.0,S
2755,3091,2021-05-05T14:28:12.844000+00:00,1.0,P
2755,3276,2021-05-05T14:28:14.693999+00:00,1.0,S
2756,3092,2021-05-05T14:28:12.854000+00:00,1.0,P
2756,3277,2021-05-05T14:28:14.704000+00:00,1.0,S
2757,3092,2021-05-05T14:28:12.854000+00:00,1.0,P
2757,3277,2021-05-05T14:28:14.704000+00:00,1.0,S
2758,3092,2021-05-05T14:28:12.854000+00:00,1.0,P
2758,3277,2021-05-05T14:28:14.704000+00:00,1.0,S
2759,3092,2021-05-05T14:28:12.854000+00:00,1.0,P
2759,3277,2021-05-05T14:28:14.704000+00:00,1.0,S
2760,3092,2021-05-05T14:28:12.854000+00:00,1.0,P
2760,3278,2021-05-05T14:28:14.714000+00:00,1.0,S
2761,3092,2021-05-05T14:28:12.854000+00:00,1.0,P
2761,3278,2021-05-05T14:28:14.714000+00:00,1.0,S
2762,3092,2021-05-05T14:28:12.854000+00:00,1.0,P
2762,3278,2021-05-05T14:28:14.714000+00:00,1.0,S
2763,3092,2021-05-05T14:28:12.854000+00:00,1.0,P
2763,3279,2021-05-05T14:28:14.724000+00:00,1.0,S
2764,3092,2021-05-05T14:28:12.854000+00:00,1.0,P
2764,3279,2021-05-05T14:28:14.724000+00:00,1.0,S
2765,3093,2021-05-05T14:28:12.864000+00:00,1.0,P
2765,3279,2021-05-05T14:28:14.724000+00:00,1.0,S
2766,3093,2021-05-05T14:28:12.864000+00:00,1.0,P
2766,3279,2021-05-05T14:28:14.724000+00:00,1.0,S
2767,3093,2021-05-05T14:28:12.864000+00:00,1.0,P
2767,3280,2021-05-05T14:28:14.733999+00:00,1.0,S
2768,3093,2021-05-05T14:28:12.864000+00:00,1.0,P
2768,3280,2021-05-05T14:28:14.733999+00:00,1.0,S
2769,3093,2021-05-05T14:28:12.864000+00:00,1.0,P
2769,3280,2021-05-05T14:28:14.733999+00:00,1.0,S
2770,3093,2021-05-05T14:28:12.864000+00:00,1.0,P
2770,3280,2021-05-05T14:28:14.733999+00:00,1.0,S
2771,3093,2021-05-05T14:28:12.864000+00:00,1.0,P
2771,3281,2021-05-05T14:28:14.744000+00:00,1.0,S
2772,3093,2021-05-05T14:28:12.864000+00:00,1.0,P
2772,3281,2021-05-05T14:28:14.744000+00:00,1.0,S
2773,3094,2021-05-05T14:28:12.874000+00:00,1.0,P
2773,3281,2021-05-05T14:28:14.744000+00:00,1.0,S
2774,3094,2021-05-05T14:28:12.874000+00:00,1.0,P
2774,3281,2021-05-05T14:28:14.744000+00:00,1.0,S
2775,3094,2021-05-05T14:28:12.874000+00:00,1.0,P
2775,3282,2021-05-05T14:28:14.754000+00:00,1.0,S
2776,3094,2021-05-05T14:28:12.874000+00:00,1.0,P
2776,3282,2021-05-05T14:28:14.754000+00:00,1.0,S
2777,3094,2021-05-05T14:28:12.874000+00:00,1.0,P
2777,3282,2021-05-05T14:28:14.754000+00:00,1.0,S
2778,3094,2021-05-05T14:28:12.874000+00:00,1.0,P
2778,3283,2021-05-05T14:28:14.764000+00:00,1.0,S
2779,3094,2021-05-05T14:28:12.874000+00:00,1.0,P
2779,3283,2021-05-05T14:28:14.764000+00:00,1.0,S
2780,3094,2021-05-05T14:28:12.874000+00:00,1.0,P
2780,3283,2021-05-05T14:28:14.764000+00:00,1.0,S
2781,3095,2021-05-05T14:28:12.884000+00:00,1.0,P
2781,3283,2021-05-05T14:28:14.764000+00:00,1.0,S
2782,3095,2021-05-05T14:28:12.884000+00:00,1.0,P
2782,3284,2021-05-05T14:28:14.774000+00:00,1.0,S
2783,3095,2021-05-05T14:28:12.884000+00:00,1.0,P
2783,3284,2021-05-05T14:28:14.774000+00:00,1.0,S
2784,3095,2021-05-05T14:28:12.884000+00:00,1.0,P
2784,3284,2021-05-05T14:28:14.774000+00:00,1.0,S
2785,3095,2021-05-05T14:28:12.884000+00:00,1.0,P
2785,3284,2021-05-05T14:28:14.774000+00:00,1.0,S
2786,3095,2021-05-05T14:28:12.884000+00:00,1.0,P
2786,3285,2021-05-05T14:28:14.784000+00:00,1.0,S
2787,3095,2021-05-05T14:28:12.884000+00:00,1.0,P
2787,3286,2021-05-05T14:28:14.794000+00:00,1.0,S
2788,3095,2021-05-05T14:28:12.884000+00:00,1.0,P
2788,3287,2021-05-05T14:28:14.803999+00:00,1.0,S
2789,3096,2021-05-05T14:28:12.894000+00:00,1.0,P
2789,3287,2021-05-05T14:28:14.803999+00:00,1.0,S
2790,3096,2021-05-05T14:28:12.894000+00:00,1.0,P
2790,3288,2021-05-05T14:28:14.814000+00:00,1.0,S
2791,3096,2021-05-05T14:28:12.894000+00:00,1.0,P
2791,3289,2021-05-05T14:28:14.824000+00:00,1.0,S
2792,3096,2021-05-05T14:28:12.894000+00:00,1.0,P
2792,3290,2021-05-05T14:28:14.834000+00:00,1.0,S
2793,3096,2021-05-05T14:28:12.894000+00:00,1.0,P
2793,3290,2021-05-05T14:28:14.834000+00:00,1.0,S
2794,3096,2021-05-05T14:28:12.894000+00:00,1.0,P
2794,3291,2021-05-05T14:28:14.844000+00:00,1.0,S
2795,3096,2021-05-05T14:28:12.894000+00:00,1.0,P
2795,3292,2021-05-05T14:28:14.854000+00:00,1.0,S
2796,3096,2021-05-05T14:28:12.894000+00:00,1.0,P
2796,3292,2021-05-05T14:28:14.854000+00:00,1.0,S
2797,3097,2021-05-05T14:28:12.904000+00:00,1.0,P
2797,3293,2021-05-05T14:28:14.864000+00:00,1.0,S
2798,3097,2021-05-05T14:28:12.904000+00:00,1.0,P
2798,3294,2021-05-05T14:28:14.873999+00:00,1.0,S
2799,3097,2021-05-05T14:28:12.904000+00:00,1.0,P
2799,3294,2021-05-05T14:28:14.873999+00:00,1.0,S
2800,3097,2021-05-05T14:28:12.904000+00:00,1.0,P
2800,3295,2021-05-05T14:28:14.884000+00:00,1.0,S
2801,3097,2021-05-05T14:28:12.904000+00:00,1.0,P
2801,3295,2021-05-05T14:28:14.884000+00:00,1.0,S
2802,3097,2021-05-05T14:28:12.904000+00:00,1.0,P
2802,3296,2021-05-05T14:28:14.894000+00:00,1.0,S
2803,3097,2021-05-05T14:28:12.904000+00:00,1.0,P
2803,3296,2021-05-05T14:28:14.894000+00:00,1.0,S
2804,3098,2021-05-05T14:28:12.914000+00:00,1.0,P
2804,3297,2021-05-05T14:28:14.904000+00:00,1.0,S
2805,3098,2021-05-05T14:28:12.914000+00:00,1.0,P
2805,3297,2021-05-05T14:28:14.904000+00:00,1.0,S
2806,3098,2021-05-05T14:28:12.914000+00:00,1.0,P
2806,3298,2021-05-05T14:28:14.914000+00:00,1.0,S
2807,3098,2021-05-05T14:28:12.914000+00:00,1.0,P
2807,3298,2021-05-05T14:28:14.914000+00:00,1.0,S
2808,3098,2021-05-05T14:28:12.914000+00:00,1.0,P
2808,3299,2021-05-05T14:28:14.924000+00:00,1.0,S
2809,3098,2021-05-05T14:28:12.914000+00:00,1.0,P
2809,3299,2021-05-05T14:28:14.924000+00:00,1.0,S
2810,3098,2021-05-05T14:28:12.914000+00:00,1.0,P
2810,3300,2021-05-05T14:28:14.934000+00:00,1.0,S
2811,3099,2021-05-05T14:28:12.924000+00:00,1.0,P
2811,3300,2021-05-05T14:28:14.934000+00:00,1.0,S
2812,3099,2021-05-05T14:28:12.924000+00:00,1.0,P
2812,3301,2021-05-05T14:28:14.943999+00:00,1.0,S
2813,3099,2021-05-05T14:28:12.924000+00:00,1.0,P
2813,3301,2021-05-05T14:28:14.943999+00:00,1.0,S
2814,3099,2021-05-05T14:28:12.924000+00:00,1.0,P
2814,3302,2021-05-05T14:28:14.954000+00:00,1.0,S
2815,3099,2021-05-05T14:28:12.924000+00:00,1.0,P
2815,3302,2021-05-05T14:28:14.954000+00:00,1.0,S
2816,3099,2021-05-05T14:28:12.924000+00:00,1.0,P
2816,3302,2021-05-05T14:28:14.954000+00:00,1.0,S
2817,3100,2021-05-05T14:28:12.934000+00:00,1.0,P
2817,3303,2021-05-05T14:28:14.964000+00:00,1.0,S
2818,3100,2021-05-05T14:28:12.934000+00:00,1.0,P
2818,3303,2021-05-05T14:28:14.964000+00:00,1.0,S
2819,3100,2021-05-05T14:28:12.934000+00:00,1.0,P
2819,3304,2021-05-05T14:28:14.974000+00:00,1.0,S
2820,3100,2021-05-05T14:28:12.934000+00:00,1.0,P
2820,3304,2021-05-05T14:28:14.974000+00:00,1.0,S
2821,3100,2021-05-05T14:28:12.934000+00:00,1.0,P
2821,3304,2021-05-05T14:28:14.974000+00:00,1.0,S
2822,3100,2021-05-05T14:28:12.934000+00:00,1.0,P
2822,3305,2021-05-05T14:28:14.983999+00:00,1.0,S
2823,3100,2021-05-05T14:28:12.934000+00:00,1.0,P
2823,3305,2021-05-05T14:28:14.983999+00:00,1.0,S
2824,3101,2021-05-05T14:28:12.944000+00:00,1.0,P
2824,3306,2021-05-05T14:28:14.994000+00:00,1.0,S
2825,3101,2021-05-05T14:28:12.944000+00:00,1.0,P
2825,3306,2021-05-05T14:28:14.994000+00:00,1.0,S
2826,3101,2021-05-05T14:28:12.944000+00:00,1.0,P
2826,3306,2021-05-05T14:28:14.994000+00:00,1.0,S
2827,3101,2021-05-05T14:28:12.944000+00:00,1.0,P
2827,3307,2021-05-05T14:28:15.004000+00:00,1.0,S
2828,3101,2021-05-05T14:28:12.944000+00:00,1.0,P
2828,3307,2021-05-05T14:28:15.004000+00:00,1.0,S
2829,3101,2021-05-05T14:28:12.944000+00:00,1.0,P
2829,3308,2021-05-05T14:28:15.014000+00:00,1.0,S
2830,3102,2021-05-05T14:28:12.954000+00:00,1.0,P
2830,3308,2021-05-05T14:28:15.014000+00:00,1.0,S
2831,3102,2021-05-05T14:28:12.954000+00:00,1.0,P
2831,3309,2021-05-05T14:28:15.024000+00:00,1.0,S
2832,3102,2021-05-05T14:28:12.954000+00:00,1.0,P
2832,3309,2021-05-05T14:28:15.024000+00:00,1.0,S
2833,3102,2021-05-05T14:28:12.954000+00:00,1.0,P
2833,3309,2021-05-05T14:28:15.024000+00:00,1.0,S
2834,3102,2021-05-05T14:28:12.954000+00:00,1.0,P
2834,3310,2021-05-05T14:28:15.034000+00:00,1.0,S
2835,3102,2021-05-05T14:28:12.954000+00:00,1.0,P
2835,3310,2021-05-05T14:28:15.034000+00:00,1.0,S
2836,3103,2021-05-05T14:28:12.964000+00:00,1.0,P
2836,3311,2021-05-05T14:28:15.044000+00:00,1.0,S
2837,3103,2021-05-05T14:28:12.964000+00:00,1.0,P
2837,3311,2021-05-05T14:28:15.044000+00:00,1.0,S
2838,3103,2021-05-05T14:28:12.964000+00:00,1.0,P
2838,3311,2021-05-05T14:28:15.044000+00:00,1.0,S
2839,3103,2021-05-05T14:28:12.964000+00:00,1.0,P
2839,3312,2021-05-05T14:28:15.053999+00:00,1.0,S
2840,3103,2021-05-05T14:28:12.964000+00:00,1.0,P
2840,3312,2021-05-05T14:28:15.053999+00:00,1.0,S
2841,3103,2021-05-05T14:28:12.964000+00:00,1.0,P
2841,3312,2021-05-05T14:28:15.053999+00:00,1.0,S
2842,3104,2021-05-05T14:28:12.974000+00:00,1.0,P
2842,3313,2021-05-05T14:28:15.064000+00:00,1.0,S
2843,3104,2021-05-05T14:28:12.974000+00:00,1.0,P
2843,3313,2021-05-05T14:28:15.064000+00:00,1.0,S
2844,3104,2021-05-05T14:28:12.974000+00:00,1.0,P
2844,3313,2021-05-05T14:28:15.064000+00:00,1.0,S
2845,3104,2021-05-05T14:28:12.974000+00:00,1.0,P
2845,3313,2021-05-05T14:28:15.064000+00:00,1.0,S
2846,3104,2021-05-05T14:28:12.974000+00:00,1.0,P
2846,3313,2021-05-05T14:28:15.064000+00:00,1.0,S
2847,3104,2021-05-05T14:28:12.974000+00:00,1.0,P
2847,3314,2021-05-05T14:28:15.074000+00:00,1.0,S
2848,3104,2021-05-05T14:28:12.974000+00:00,1.0,P
2848,3314,2021-05-05T14:28:15.074000+00:00,1.0,S
2849,3105,2021-05-05T14:28:12.984000+00:00,1.0,P
2849,3314,2021-05-05T14:28:15.074000+00:00,1.0,S
2850,3105,2021-05-05T14:28:12.984000+00:00,1.0,P
2850,3314,2021-05-05T14:28:15.074000+00:00,1.0,S
2851,3105,2021-05-05T14:28:12.984000+00:00,1.0,P
2851,3315,2021-05-05T14:28:15.084000+00:00,1.0,S
2852,3105,2021-05-05T14:28:12.984000+00:00,1.0,P
2852,3315,2021-05-05T14:28:15.084000+00:00,1.0,S
2853,3105,2021-05-05T14:28:12.984000+00:00,1.0,P
2853,3315,2021-05-05T14:28:15.084000+00:00,1.0,S
2854,3105,2021-05-05T14:28:12.984000+00:00,1.0,P
2854,3315,2021-05-05T14:28:15.084000+00:00,1.0,S
2855,3106,2021-05-05T14:28:12.994000+00:00,1.0,P
2855,3316,2021-05-05T14:28:15.094000+00:00,1.0,S
2856,3106,2021-05-05T14:28:12.994000+00:00,1.0,P
2856,3316,2021-05-05T14:28:15.094000+00:00,1.0,S
2857,3106,2021-05-05T14:28:12.994000+00:00,1.0,P
2857,3316,2021-05-05T14:28:15.094000+00:00,1.0,S
2858,3106,2021-05-05T14:28:12.994000+00:00,1.0,P
2858,3316,2021-05-05T14:28:15.094000+00:00,1.0,S
2859,3106,2021-05-05T14:28:12.994000+00:00,1.0,P
2859,3317,2021-05-05T14:28:15.104000+00:00,1.0,S
2860,3106,2021-05-05T14:28:12.994000+00:00,1.0,P
2860,3317,2021-05-05T14:28:15.104000+00:00,1.0,S
2861,3107,2021-05-05T14:28:13.004000+00:00,1.0,P
2861,3317,2021-05-05T14:28:15.104000+00:00,1.0,S
2862,3107,2021-05-05T14:28:13.004000+00:00,1.0,P
2862,3317,2021-05-05T14:28:15.104000+00:00,1.0,S
2863,3107,2021-05-05T14:28:13.004000+00:00,1.0,P
2863,3318,2021-05-05T14:28:15.114000+00:00,1.0,S
2864,3107,2021-05-05T14:28:13.004000+00:00,1.0,P
2864,3318,2021-05-05T14:28:15.114000+00:00,1.0,S
2865,3107,2021-05-05T14:28:13.004000+00:00,1.0,P
2865,3318,2021-05-05T14:28:15.114000+00:00,1.0,S
2866,3107,2021-05-05T14:28:13.004000+00:00,1.0,P
2866,3318,2021-05-05T14:28:15.114000+00:00,1.0,S
2867,3107,2021-05-05T14:28:13.004000+00:00,1.0,P
2867,3318,2021-05-05T14:28:15.114000+00:00,1.0,S
2868,3108,2021-05-05T14:28:13.014000+00:00,1.0,P
2868,3318,2021-05-05T14:28:15.114000+00:00,1.0,S
2869,3108,2021-05-05T14:28:13.014000+00:00,1.0,P
2869,3318,2021-05-05T14:28:15.114000+00:00,1.0,S
2870,3108,2021-05-05T14:28:13.014000+00:00,1.0,P
2870,3318,2021-05-05T14:28:15.114000+00:00,1.0,S
2871,3108,2021-05-05T14:28:13.014000+00:00,1.0,P
2871,3319,2021-05-05T14:28:15.123999+00:00,1.0,S
2872,3108,2021-05-05T14:28:13.014000+00:00,1.0,P
2872,3319,2021-05-05T14:28:15.123999+00:00,1.0,S
2873,3108,2021-05-05T14:28:13.014000+00:00,1.0,P
2873,3319,2021-05-05T14:28:15.123999+00:00,1.0,S
2874,3109,2021-05-05T14:28:13.024000+00:00,1.0,P
2874,3319,2021-05-05T14:28:15.123999+00:00,1.0,S
2875,3109,2021-05-05T14:28:13.024000+00:00,1.0,P
2875,3319,2021-05-05T14:28:15.123999+00:00,1.0,S
2876,3109,2021-05-05T14:28:13.024000+00:00,1.0,P
2876,3319,2021-05-05T14:28:15.123999+00:00,1.0,S
2877,3109,2021-05-05T14:28:13.024000+00:00,1.0,P
2877,3320,2021-05-05T14:28:15.134000+00:00,1.0,S
2878,3109,2021-05-05T14:28:13.024000+00:00,1.0,P
2878,3320,2021-05-05T14:28:15.134000+00:00,1.0,S
2879,3109,2021-05-05T14:28:13.024000+00:00,1.0,P
2879,3320,2021-05-05T14:28:15.134000+00:00,1.0,S
2880,3110,2021-05-05T14:28:13.034000+00:00,1.0,P
2880,3320,2021-05-05T14:28:15.134000+00:00,1.0,S
2881,3110,2021-05-05T14:28:13.034000+00:00,1.0,P
2881,3320,2021-05-05T14:28:15.134000+00:00,1.0,S
2882,3110,2021-05-05T14:28:13.034000+00:00,1.0,P
2882,3321,2021-05-05T14:28:15.144000+00:00,1.0,S
2883,3110,2021-05-05T14:28:13.034000+00:00,1.0,P
2883,3321,2021-05-05T14:28:15.144000+00:00,1.0,S
2884,3110,2021-05-05T14:28:13.034000+00:00,1.0,P
2884,3321,2021-05-05T14:28:15.144000+00:00,1.0,S
2885,3110,2021-05-05T14:28:13.034000+00:00,1.0,P
2885,3321,2021-05-05T14:28:15.144000+00:00,1.0,S
2886,3111,2021-05-05T14:28:13.044000+00:00,1.0,P
2886,3321,2021-05-05T14:28:15.144000+00:00,1.0,S
2887,3111,2021-05-05T14:28:13.044000+00:00,1.0,P
2887,3322,2021-05-05T14:28:15.154000+00:00,1.0,S
2888,3111,2021-05-05T14:28:13.044000+00:00,1.0,P
2888,3322,2021-05-05T14:28:15.154000+00:00,1.0,S
2889,3111,2021-05-05T14:28:13.044000+00:00,1.0,P
2889,3322,2021-05-05T14:28:15.154000+00:00,1.0,S
2890,3111,2021-05-05T14:28:13.044000+00:00,1.0,P
2890,3322,2021-05-05T14:28:15.154000+00:00,1.0,S
2891,3111,2021-05-05T14:28:13.044000+00:00,1.0,P
2891,3322,2021-05-05T14:28:15.154000+00:00,1.0,S
2892,3112,2021-05-05T14:28:13.054000+00:00,1.0,P
2892,3323,2021-05-05T14:28:15.164000+00:00,1.0,S
2893,3112,2021-05-05T14:28:13.054000+00:00,1.0,P
2893,3323,2021-05-05T14:28:15.164000+00:00,1.0,S
2894,3112,2021-05-05T14:28:13.054000+00:00,1.0,P
2894,3323,2021-05-05T14:28:15.164000+00:00,1.0,S
2895,3112,2021-05-05T14:28:13.054000+00:00,1.0,P
2895,3323,2021-05-05T14:28:15.164000+00:00,1.0,S
2896,3112,2021-05-05T14:28:13.054000+00:00,1.0,P
2896,3323,2021-05-05T14:28:15.164000+00:00,1.0,S
2897,3112,2021-05-05T14:28:13.054000+00:00,1.0,P
2897,3324,2021-05-05T14:28:15.174000+00:00,1.0,S
2898,3113,2021-05-05T14:28:13.064000+00:00,1.0,P
2898,3324,2021-05-05T14:28:15.174000+00:00,1.0,S
2899,3113,2021-05-05T14:28:13.064000+00:00,1.0,P
2899,3324,2021-05-05T14:28:15.174000+00:00,1.0,S
2900,3113,2021-05-05T14:28:13.064000+00:00,1.0,P
2900,3324,2021-05-05T14:28:15.174000+00:00,1.0,S
2901,3113,2021-05-05T14:28:13.064000+00:00,1.0,P
2901,3324,2021-05-05T14:28:15.174000+00:00,1.0,S
2902,3113,2021-05-05T14:28:13.064000+00:00,1.0,P
2902,3325,2021-05-05T14:28:15.184000+00:00,1.0,S
2903,3113,2021-05-05T14:28:13.064000+00:00,1.0,P
2903,3325,2021-05-05T14:28:15.184000+00:00,1.0,S
2904,3113,2021-05-05T14:28:13.064000+00:00,1.0,P
2904,3325,2021-05-05T14:28:15.184000+00:00,1.0,S
2905,3114,2021-05-05T14:28:13.074000+00:00,1.0,P
2905,3325,2021-05-05T14:28:15.184000+00:00,1.0,S
2906,3114,2021-05-05T14:28:13.074000+00:00,1.0,P
2906,3325,2021-05-05T14:28:15.184000+00:00,1.0,S
2907,3114,2021-05-05T14:28:13.074000+00:00,1.0,P
2907,3325,2021-05-05T14:28:15.184000+00:00,1.0,S
2908,3114,2021-05-05T14:28:13.074000+00:00,1.0,P
2908,3325,2021-05-05T14:28:15.184000+00:00,1.0,S
2909,3114,2021-05-05T14:28:13.074000+00:00,1.0,P
2909,3326,2021-05-05T14:28:15.193999+00:00,1.0,S
2910,3114,2021-05-05T14:28:13.074000+00:00,1.0,P
2910,3326,2021-05-05T14:28:15.193999+00:00,1.0,S
2911,3115,2021-05-05T14:28:13.084000+00:00,1.0,P
2911,3326,2021-05-05T14:28:15.193999+00:00,1.0,S
2912,3115,2021-05-05T14:28:13.084000+00:00,1.0,P
2912,3326,2021-05-05T14:28:15.193999+00:00,1.0,S
2913,3115,2021-05-05T14:28:13.084000+00:00,1.0,P
2913,3326,2021-05-05T14:28:15.193999+00:00,1.0,S
2914,3115,2021-05-05T14:28:13.084000+00:00,1.0,P
2914,3326,2021-05-05T14:28:15.193999+00:00,1.0,S
2915,3115,2021-05-05T14:28:13.084000+00:00,1.0,P
2915,3327,2021-05-05T14:28:15.204000+00:00,1.0,S
2916,3116,2021-05-05T14:28:13.094000+00:00,1.0,P
2916,3327,2021-05-05T14:28:15.204000+00:00,1.0,S
2917,3116,2021-05-05T14:28:13.094000+00:00,1.0,P
2917,3327,2021-05-05T14:28:15.204000+00:00,1.0,S
2918,3116,2021-05-05T14:28:13.094000+00:00,1.0,P
2918,3327,2021-05-05T14:28:15.204000+00:00,1.0,S
2919,3116,2021-05-05T14:28:13.094000+00:00,1.0,P
2919,3327,2021-05-05T14:28:15.204000+00:00,1.0,S
2920,3116,2021-05-05T14:28:13.094000+00:00,1.0,P
2920,3327,2021-05-05T14:28:15.204000+00:00,1.0,S
2921,3116,2021-05-05T14:28:13.094000+00:00,1.0,P
2921,3328,2021-05-05T14:28:15.214000+00:00,1.0,S
2922,3116,2021-05-05T14:28:13.094000+00:00,1.0,P
2922,3328,2021-05-05T14:28:15.214000+00:00,1.0,S
2923,3117,2021-05-05T14:28:13.104000+00:00,1.0,P
2923,3328,2021-05-05T14:28:15.214000+00:00,1.0,S
2924,3117,2021-05-05T14:28:13.104000+00:00,1.0,P
2924,3328,2021-05-05T14:28:15.214000+00:00,1.0,S
2925,3117,2021-05-05T14:28:13.104000+00:00,1.0,P
2925,3328,2021-05-05T14:28:15.214000+00:00,1.0,S
2926,3117,2021-05-05T14:28:13.104000+00:00,1.0,P
2926,3328,2021-05-05T14:28:15.214000+00:00,1.0,S
2927,3117,2021-05-05T14:28:13.104000+00:00,1.0,P
2927,3329,2021-05-05T14:28:15.224000+00:00,1.0,S
2928,3117,2021-05-05T14:28:13.104000+00:00,1.0,P
2928,3329,2021-05-05T14:28:15.224000+00:00,1.0,S
2929,3118,2021-05-05T14:28:13.114000+00:00,1.0,P
2929,3329,2021-05-05T14:28:15.224000+00:00,1.0,S
2930,3118,2021-05-05T14:28:13.114000+00:00,1.0,P
2930,3329,2021-05-05T14:28:15.224000+00:00,1.0,S
2931,3118,2021-05-05T14:28:13.114000+00:00,1.0,P
2931,3329,2021-05-05T14:28:15.224000+00:00,1.0,S
2932,3118,2021-05-05T14:28:13.114000+00:00,1.0,P
2932,3330,2021-05-05T14:28:15.233999+00:00,1.0,S
2933,3118,2021-05-05T14:28:13.114000+00:00,1.0,P
2933,3330,2021-05-05T14:28:15.233999+00:00,1.0,S
2934,3118,2021-05-05T14:28:13.114000+00:00,1.0,P
2934,3330,2021-05-05T14:28:15.233999+00:00,1.0,S
2935,3119,2021-05-05T14:28:13.124000+00:00,1.0,P
2935,3330,2021-05-05T14:28:15.233999+00:00,1.0,S
2936,3119,2021-05-05T14:28:13.124000+00:00,1.0,P
2936,3330,2021-05-05T14:28:15.233999+00:00,1.0,S
2937,3119,2021-05-05T14:28:13.124000+00:00,1.0,P
2937,3331,2021-05-05T14:28:15.244000+00:00,1.0,S
2938,3119,2021-05-05T14:28:13.124000+00:00,1.0,P
2938,3331,2021-05-05T14:28:15.244000+00:00,1.0,S
2939,3119,2021-05-05T14:28:13.124000+00:00,1.0,P
2939,3331,2021-05-05T14:28:15.244000+00:00,1.0,S
2940,3119,2021-05-05T14:28:13.124000+00:00,1.0,P
2940,3331,2021-05-05T14:28:15.244000+00:00,1.0,S
2941,3120,2021-05-05T14:28:13.134000+00:00,1.0,P
2941,3332,2021-05-05T14:28:15.254000+00:00,1.0,S
2942,3120,2021-05-05T14:28:13.134000+00:00,1.0,P
2942,3332,2021-05-05T14:28:15.254000+00:00,1.0,S
2943,3120,2021-05-05T14:28:13.134000+00:00,1.0,P
2943,3332,2021-05-05T14:28:15.254000+00:00,1.0,S
2944,3120,2021-05-05T14:28:13.134000+00:00,1.0,P
2944,3332,2021-05-05T14:28:15.254000+00:00,1.0,S
2945,3120,2021-05-05T14:28:13.134000+00:00,1.0,P
2945,3332,2021-05-05T14:28:15.254000+00:00,1.0,S
2946,3120,2021-05-05T14:28:13.134000+00:00,1.0,P
2946,3333,2021-05-05T14:28:15.264000+00:00,1.0,S
2947,3121,2021-05-05T14:28:13.144000+00:00,1.0,P
2947,3333,2021-05-05T14:28:15.264000+00:00,1.0,S
2948,3121,2021-05-05T14:28:13.144000+00:00,1.0,P
2948,3333,2021-05-05T14:28:15.264000+00:00,1.0,S
2949,3121,2021-05-05T14:28:13.144000+00:00,1.0,P
2949,3333,2021-05-05T14:28:15.264000+00:00,1.0,S
2950,3121,2021-05-05T14:28:13.144000+00:00,1.0,P
2950,3333,2021-05-05T14:28:15.264000+00:00,1.0,S
2951,3121,2021-05-05T14:28:13.144000+00:00,1.0,P
2951,3333,2021-05-05T14:28:15.264000+00:00,1.0,S
2952,3121,2021-05-05T14:28:13.144000+00:00,1.0,P
2952,3334,2021-05-05T14:28:15.274000+00:00,1.0,S
2953,3122,2021-05-05T14:28:13.154000+00:00,1.0,P
2953,3334,2021-05-05T14:28:15.274000+00:00,1.0,S
2954,3122,2021-05-05T14:28:13.154000+00:00,1.0,P
2954,3334,2021-05-05T14:28:15.274000+00:00,1.0,S
2955,3122,2021-05-05T14:28:13.154000+00:00,1.0,P
2955,3334,2021-05-05T14:28:15.274000+00:00,1.0,S
2956,3122,2021-05-05T14:28:13.154000+00:00,1.0,P
2956,3334,2021-05-05T14:28:15.274000+00:00,1.0,S
2957,3122,2021-05-05T14:28:13.154000+00:00,1.0,P
2957,3334,2021-05-05T14:28:15.274000+00:00,1.0,S
2958,3122,2021-05-05T14:28:13.154000+00:00,1.0,P
2958,3335,2021-05-05T14:28:15.284000+00:00,1.0,S
2959,3123,2021-05-05T14:28:13.164000+00:00,1.0,P
2959,3335,2021-05-05T14:28:15.284000+00:00,1.0,S
2960,3123,2021-05-05T14:28:13.164000+00:00,1.0,P
2960,3335,2021-05-05T14:28:15.284000+00:00,1.0,S
2961,3123,2021-05-05T14:28:13.164000+00:00,1.0,P
2961,3335,2021-05-05T14:28:15.284000+00:00,1.0,S
2962,3123,2021-05-05T14:28:13.164000+00:00,1.0,P
2962,3335,2021-05-05T14:28:15.284000+00:00,1.0,S
2963,3123,2021-05-05T14:28:13.164000+00:00,1.0,P
2963,3335,2021-05-05T14:28:15.284000+00:00,1.0,S
2964,3123,2021-05-05T14:28:13.164000+00:00,1.0,P
2964,3336,2021-05-05T14:28:15.294000+00:00,1.0,S
2965,3124,2021-05-05T14:28:13.174000+00:00,1.0,P
2965,3336,2021-05-05T14:28:15.294000+00:00,1.0,S
2966,3124,2021-05-05T14:28:13.174000+00:00,1.0,P
2966,3336,2021-05-05T14:28:15.294000+00:00,1.0,S
2967,3124,2021-05-05T14:28:13.174000+00:00,1.0,P
2967,3336,2021-05-05T14:28:15.294000+00:00,1.0,S
2968,3124,2021-05-05T14:28:13.174000+00:00,1.0,P
2968,3336,2021-05-05T14:28:15.294000+00:00,1.0,S
2969,3124,2021-05-05T14:28:13.174000+00:00,1.0,P
2969,3336,2021-05-05T14:28:15.294000+00:00,1.0,S
2970,3124,2021-05-05T14:28:13.174000+00:00,1.0,P
2970,3337,2021-05-05T14:28:15.303999+00:00,1.0,S
2971,3124,2021-05-05T14:28:13.174000+00:00,1.0,P
2971,3337,2021-05-05T14:28:15.303999+00:00,1.0,S
2972,3125,2021-05-05T14:28:13.184000+00:00,1.0,P
2972,3337,2021-05-05T14:28:15.303999+00:00,1.0,S
2973,3125,2021-05-05T14:28:13.184000+00:00,1.0,P
2973,3337,2021-05-05T14:28:15.303999+00:00,1.0,S
2974,3125,2021-05-05T14:28:13.184000+00:00,1.0,P
2974,3337,2021-05-05T14:28:15.303999+00:00,1.0,S
2975,3125,2021-05-05T14:28:13.184000+00:00,1.0,P
2975,3337,2021-05-05T14:28:15.303999+00:00,1.0,S
2976,3125,2021-05-05T14:28:13.184000+00:00,1.0,P
2976,3337,2021-05-05T14:28:15.303999+00:00,1.0,S
2977,3125,2021-05-05T14:28:13.184000+00:00,1.0,P
2977,3337,2021-05-05T14:28:15.303999+00:00,1.0,S
2978,3125,2021-05-05T14:28:13.184000+00:00,1.0,P
2978,3337,2021-05-05T14:28:15.303999+00:00,1.0,S
2979,3126,2021-05-05T14:28:13.194000+00:00,1.0,P
2979,3337,2021-05-05T14:28:15.303999+00:00,1.0,S
2980,3126,2021-05-05T14:28:13.194000+00:00,1.0,P
2980,3337,2021-05-05T14:28:15.303999+00:00,1.0,S
2981,3126,2021-05-05T14:28:13.194000+00:00,1.0,P
2981,3337,2021-05-05T14:28:15.303999+00:00,1.0,S
2982,3126,2021-05-05T14:28:13.194000+00:00,1.0,P
2982,3337,2021-05-05T14:28:15.303999+00:00,1.0,S
2983,3126,2021-05-05T14:28:13.194000+00:00,1.0,P
2983,3338,2021-05-05T14:28:15.314000+00:00,1.0,S
2984,3126,2021-05-05T14:28:13.194000+00:00,1.0,P
2984,3338,2021-05-05T14:28:15.314000+00:00,1.0,S
2985,3126,2021-05-05T14:28:13.194000+00:00,1.0,P
2985,3338,2021-05-05T14:28:15.314000+00:00,1.0,S
2986,3126,2021-05-05T14:28:13.194000+00:00,1.0,P
2986,3338,2021-05-05T14:28:15.314000+00:00,1.0,S
2987,3127,2021-05-05T14:28:13.204000+00:00,1.0,P
2987,3338,2021-05-05T14:28:15.314000+00:00,1.0,S
2988,3127,2021-05-05T14:28:13.204000+00:00,1.0,P
2988,3338,2021-05-05T14:28:15.314000+00:00,1.0,S
2989,3127,2021-05-05T14:28:13.204000+00:00,1.0,P
2989,3339,2021-05-05T14:28:15.324000+00:00,1.0,S
2990,3127,2021-05-05T14:28:13.204000+00:00,1.0,P
2990,3339,2021-05-05T14:28:15.324000+00:00,1.0,S
2991,3127,2021-05-05T14:28:13.204000+00:00,1.0,P
2991,3339,2021-05-05T14:28:15.324000+00:00,1.0,S
2992,3127,2021-05-05T14:28:13.204000+00:00,1.0,P
2992,3339,2021-05-05T14:28:15.324000+00:00,1.0,S
2993,3127,2021-05-05T14:28:13.204000+00:00,1.0,P
2993,3339,2021-05-05T14:28:15.324000+00:00,1.0,S
2994,3127,2021-05-05T14:28:13.204000+00:00,1.0,P
2994,3340,2021-05-05T14:28:15.334000+00:00,1.0,S
2995,3127,2021-05-05T14:28:13.204000+00:00,1.0,P
2995,3340,2021-05-05T14:28:15.334000+00:00,1.0,S
2996,3128,2021-05-05T14:28:13.214000+00:00,1.0,P
2996,3340,2021-05-05T14:28:15.334000+00:00,1.0,S
2997,3128,2021-05-05T14:28:13.214000+00:00,1.0,P
2997,3340,2021-05-05T14:28:15.334000+00:00,1.0,S
2998,3128,2021-05-05T14:28:13.214000+00:00,1.0,P
2998,3340,2021-05-05T14:28:15.334000+00:00,1.0,S
2999,3128,2021-05-05T14:28:13.214000+00:00,1.0,P
2999,3341,2021-05-05T14:28:15.344000+00:00,1.0,S
3000,3128,2021-05-05T14:28:13.214000+00:00,1.0,P
3000,3341,2021-05-05T14:28:15.344000+00:00,1.0,S
3001,3128,2021-05-05T14:28:13.214000+00:00,1.0,P
3001,3341,2021-05-05T14:28:15.344000+00:00,1.0,S
3002,3128,2021-05-05T14:28:13.214000+00:00,1.0,P
3002,3341,2021-05-05T14:28:15.344000+00:00,1.0,S
3003,3128,2021-05-05T14:28:13.214000+00:00,1.0,P
3003,3341,2021-05-05T14:28:15.344000+00:00,1.0,S
3004,3128,2021-05-05T14:28:13.214000+00:00,1.0,P
3004,3342,2021-05-05T14:28:15.354000+00:00,1.0,S
3005,3129,2021-05-05T14:28:13.224000+00:00,1.0,P
3005,3342,2021-05-05T14:28:15.354000+00:00,1.0,S
3006,3129,2021-05-05T14:28:13.224000+00:00,1.0,P
3006,3342,2021-05-05T14:28:15.354000+00:00,1.0,S
3007,3129,2021-05-05T14:28:13.224000+00:00,1.0,P
3007,3342,2021-05-05T14:28:15.354000+00:00,1.0,S
3008,3129,2021-05-05T14:28:13.224000+00:00,1.0,P
3008,3342,2021-05-05T14:28:15.354000+00:00,1.0,S
3009,3129,2021-05-05T14:28:13.224000+00:00,1.0,P
3009,3343,2021-05-05T14:28:15.364000+00:00,1.0,S
3010,3129,2021-05-05T14:28:13.224000+00:00,1.0,P
3010,3343,2021-05-05T14:28:15.364000+00:00,1.0,S
3011,3129,2021-05-05T14:28:13.224000+00:00,1.0,P
3011,3343,2021-05-05T14:28:15.364000+00:00,1.0,S
3012,3129,2021-05-05T14:28:13.224000+00:00,1.0,P
3012,3343,2021-05-05T14:28:15.364000+00:00,1.0,S
3013,3129,2021-05-05T14:28:13.224000+00:00,1.0,P
3013,3343,2021-05-05T14:28:15.364000+00:00,1.0,S
3014,3129,2021-05-05T14:28:13.224000+00:00,1.0,P
3014,3344,2021-05-05T14:28:15.373999+00:00,1.0,S
3015,3129,2021-05-05T14:28:13.224000+00:00,1.0,P
3015,3344,2021-05-05T14:28:15.373999+00:00,1.0,S
3016,3129,2021-05-05T14:28:13.224000+00:00,1.0,P
3016,3344,2021-05-05T14:28:15.373999+00:00,1.0,S
3017,3129,2021-05-05T14:28:13.224000+00:00,1.0,P
3017,3344,2021-05-05T14:28:15.373999+00:00,1.0,S
3018,3129,2021-05-05T14:28:13.224000+00:00,1.0,P
3018,3345,2021-05-05T14:28:15.384000+00:00,1.0,S
3019,3130,2021-05-05T14:28:13.234000+00:00,1.0,P
3019,3345,2021-05-05T14:28:15.384000+00:00,1.0,S
3020,3130,2021-05-05T14:28:13.234000+00:00,1.0,P
3020,3345,2021-05-05T14:28:15.384000+00:00,1.0,S
3021,3130,2021-05-05T14:28:13.234000+00:00,1.0,P
3021,3345,2021-05-05T14:28:15.384000+00:00,1.0,S
3022,3130,2021-05-05T14:28:13.234000+00:00,1.0,P
3022,3345,2021-05-05T14:28:15.384000+00:00,1.0,S
3023,3130,2021-05-05T14:28:13.234000+00:00,1.0,P
3023,3346,2021-05-05T14:28:15.394000+00:00,1.0,S
3024,3130,2021-05-05T14:28:13.234000+00:00,1.0,P
3024,3346,2021-05-05T14:28:15.394000+00:00,1.0,S
3025,3130,2021-05-05T14:28:13.234000+00:00,1.0,P
3025,3346,2021-05-05T14:28:15.394000+00:00,1.0,S
3026,3130,2021-05-05T14:28:13.234000+00:00,1.0,P
3026,3346,2021-05-05T14:28:15.394000+00:00,1.0,S
3027,3130,2021-05-05T14:28:13.234000+00:00,1.0,P
3027,3346,2021-05-05T14:28:15.394000+00:00,1.0,S
3028,3130,2021-05-05T14:28:13.234000+00:00,1.0,P
3028,3346,2021-05-05T14:28:15.394000+00:00,1.0,S
3029,3130,2021-05-05T14:28:13.234000+00:00,1.0,P
3029,3347,2021-05-05T14:28:15.404000+00:00,1.0,S
3030,3130,2021-05-05T14:28:13.234000+00:00,1.0,P
3030,3347,2021-05-05T14:28:15.404000+00:00,1.0,S
3031,3130,2021-05-05T14:28:13.234000+00:00,1.0,P
3031,3347,2021-05-05T14:28:15.404000+00:00,1.0,S
3032,3130,2021-05-05T14:28:13.234000+00:00,1.0,P
3032,3347,2021-05-05T14:28:15.404000+00:00,1.0,S
3033,3130,2021-05-05T14:28:13.234000+00:00,1.0,P
3033,3347,2021-05-05T14:28:15.404000+00:00,1.0,S
3034,3131,2021-05-05T14:28:13.244000+00:00,1.0,P
3034,3347,2021-05-05T14:28:15.404000+00:00,1.0,S
3035,3131,2021-05-05T14:28:13.244000+00:00,1.0,P
3035,3347,2021-05-05T14:28:15.404000+00:00,1.0,S
3036,3131,2021-05-05T14:28:13.244000+00:00,1.0,P
3036,3347,2021-05-05T14:28:15.404000+00:00,1.0,S
3037,3131,2021-05-05T14:28:13.244000+00:00,1.0,P
3037,3348,2021-05-05T14:28:15.414000+00:00,1.0,S
3038,3131,2021-05-05T14:28:13.244000+00:00,1.0,P
3038,3348,2021-05-05T14:28:15.414000+00:00,1.0,S
3039,3131,2021-05-05T14:28:13.244000+00:00,1.0,P
3039,3348,2021-05-05T14:28:15.414000+00:00,1.0,S
3040,3131,2021-05-05T14:28:13.244000+00:00,1.0,P
3040,3348,2021-05-05T14:28:15.414000+00:00,1.0,S
3041,3131,2021-05-05T14:28:13.244000+00:00,1.0,P
3041,3348,2021-05-05T14:28:15.414000+00:00,1.0,S
3042,3131,2021-05-05T14:28:13.244000+00:00,1.0,P
3042,3348,2021-05-05T14:28:15.414000+00:00,1.0,S
3043,3131,2021-05-05T14:28:13.244000+00:00,1.0,P
3043,3349,2021-05-05T14:28:15.424000+00:00,1.0,S
3044,3131,2021-05-05T14:28:13.244000+00:00,1.0,P
3044,3349,2021-05-05T14:28:15.424000+00:00,1.0,S
3045,3131,2021-05-05T14:28:13.244000+00:00,1.0,P
3045,3349,2021-05-05T14:28:15.424000+00:00,1.0,S
3046,3131,2021-05-05T14:28:13.244000+00:00,1.0,P
3046,3349,2021-05-05T14:28:15.424000+00:00,1.0,S
3047,3132,2021-05-05T14:28:13.254000+00:00,1.0,P
3047,3350,2021-05-05T14:28:15.434000+00:00,1.0,S
3048,3132,2021-05-05T14:28:13.254000+00:00,1.0,P
3048,3350,2021-05-05T14:28:15.434000+00:00,1.0,S
3049,3132,2021-05-05T14:28:13.254000+00:00,1.0,P
3049,3350,2021-05-05T14:28:15.434000+00:00,1.0,S
3050,3132,2021-05-05T14:28:13.254000+00:00,1.0,P
3050,3350,2021-05-05T14:28:15.434000+00:00,1.0,S
3051,3132,2021-05-05T14:28:13.254000+00:00,1.0,P
3051,3350,2021-05-05T14:28:15.434000+00:00,1.0,S
3052,3132,2021-05-05T14:28:13.254000+00:00,1.0,P
3052,3351,2021-05-05T14:28:15.443999+00:00,1.0,S
3053,3132,2021-05-05T14:28:13.254000+00:00,1.0,P
3053,3351,2021-05-05T14:28:15.443999+00:00,1.0,S
3054,3132,2021-05-05T14:28:13.254000+00:00,1.0,P
3054,3351,2021-05-05T14:28:15.443999+00:00,1.0,S
3055,3132,2021-05-05T14:28:13.254000+00:00,1.0,P
3055,3351,2021-05-05T14:28:15.443999+00:00,1.0,S
3056,3132,2021-05-05T14:28:13.254000+00:00,1.0,P
3056,3351,2021-05-05T14:28:15.443999+00:00,1.0,S
3057,3132,2021-05-05T14:28:13.254000+00:00,1.0,P
3057,3351,2021-05-05T14:28:15.443999+00:00,1.0,S
3058,3132,2021-05-05T14:28:13.254000+00:00,1.0,P
3058,3351,2021-05-05T14:28:15.443999+00:00,1.0,S
3059,3132,2021-05-05T14:28:13.254000+00:00,1.0,P
3059,3352,2021-05-05T14:28:15.454000+00:00,1.0,S
3060,3133,2021-05-05T14:28:13.264000+00:00,1.0,P
3060,3352,2021-05-05T14:28:15.454000+00:00,1.0,S
3061,3133,2021-05-05T14:28:13.264000+00:00,1.0,P
3061,3352,2021-05-05T14:28:15.454000+00:00,1.0,S
3062,3133,2021-05-05T14:28:13.264000+00:00,1.0,P
3062,3352,2021-05-05T14:28:15.454000+00:00,1.0,S
3063,3133,2021-05-05T14:28:13.264000+00:00,1.0,P
3063,3352,2021-05-05T14:28:15.454000+00:00,1.0,S
3064,3133,2021-05-05T14:28:13.264000+00:00,1.0,P
3064,3353,2021-05-05T14:28:15.464000+00:00,1.0,S
3065,3133,2021-05-05T14:28:13.264000+00:00,1.0,P
3065,3353,2021-05-05T14:28:15.464000+00:00,1.0,S
3066,3133,2021-05-05T14:28:13.264000+00:00,1.0,P
3066,3353,2021-05-05T14:28:15.464000+00:00,1.0,S
3067,3133,2021-05-05T14:28:13.264000+00:00,1.0,P
3067,3353,2021-05-05T14:28:15.464000+00:00,1.0,S
3068,3133,2021-05-05T14:28:13.264000+00:00,1.0,P
3068,3354,2021-05-05T14:28:15.474000+00:00,1.0,S
3069,3133,2021-05-05T14:28:13.264000+00:00,1.0,P
3069,3354,2021-05-05T14:28:15.474000+00:00,1.0,S
3070,3133,2021-05-05T14:28:13.264000+00:00,1.0,P
3070,3354,2021-05-05T14:28:15.474000+00:00,1.0,S
3071,3133,2021-05-05T14:28:13.264000+00:00,1.0,P
3071,3354,2021-05-05T14:28:15.474000+00:00,1.0,S
3072,3134,2021-05-05T14:28:13.274000+00:00,1.0,P
3072,3354,2021-05-05T14:28:15.474000+00:00,1.0,S
3073,3134,2021-05-05T14:28:13.274000+00:00,1.0,P
3073,3355,2021-05-05T14:28:15.483999+00:00,1.0,S
3074,3134,2021-05-05T14:28:13.274000+00:00,1.0,P
3074,3355,2021-05-05T14:28:15.483999+00:00,1.0,S
3075,3134,2021-05-05T14:28:13.274000+00:00,1.0,P
3075,3355,2021-05-05T14:28:15.483999+00:00,1.0,S
3076,3134,2021-05-05T14:28:13.274000+00:00,1.0,P
3076,3355,2021-05-05T14:28:15.483999+00:00,1.0,S
3077,3134,2021-05-05T14:28:13.274000+00:00,1.0,P
3077,3355,2021-05-05T14:28:15.483999+00:00,1.0,S
3078,3134,2021-05-05T14:28:13.274000+00:00,1.0,P
3078,3355,2021-05-05T14:28:15.483999+00:00,1.0,S
3079,3134,2021-05-05T14:28:13.274000+00:00,1.0,P
3079,3355,2021-05-05T14:28:15.483999+00:00,1.0,S
3080,3134,2021-05-05T14:28:13.274000+00:00,1.0,P
3080,3355,2021-05-05T14:28:15.483999+00:00,1.0,S
3081,3134,2021-05-05T14:28:13.274000+00:00,1.0,P
3081,3355,2021-05-05T14:28:15.483999+00:00,1.0,S
3082,3134,2021-05-05T14:28:13.274000+00:00,1.0,P
3082,3356,2021-05-05T14:28:15.494000+00:00,1.0,S
3083,3134,2021-05-05T14:28:13.274000+00:00,1.0,P
3083,3356,2021-05-05T14:28:15.494000+00:00,1.0,S
3084,3135,2021-05-05T14:28:13.284000+00:00,1.0,P
3084,3356,2021-05-05T14:28:15.494000+00:00,1.0,S
3085,3135,2021-05-05T14:28:13.284000+00:00,1.0,P
3085,3356,2021-05-05T14:28:15.494000+00:00,1.0,S
3086,3135,2021-05-05T14:28:13.284000+00:00,1.0,P
3086,3356,2021-05-05T14:28:15.494000+00:00,1.0,S
3087,3135,2021-05-05T14:28:13.284000+00:00,1.0,P
3087,3356,2021-05-05T14:28:15.494000+00:00,1.0,S
3088,3135,2021-05-05T14:28:13.284000+00:00,1.0,P
3088,3356,2021-05-05T14:28:15.494000+00:00,1.0,S
3089,3135,2021-05-05T14:28:13.284000+00:00,1.0,P
3089,3356,2021-05-05T14:28:15.494000+00:00,1.0,S
3090,3135,2021-05-05T14:28:13.284000+00:00,1.0,P
3090,3357,2021-05-05T14:28:15.504000+00:00,1.0,S
3091,3135,2021-05-05T14:28:13.284000+00:00,1.0,P
3091,3357,2021-05-05T14:28:15.504000+00:00,1.0,S
3092,3135,2021-05-05T14:28:13.284000+00:00,1.0,P
3092,3357,2021-05-05T14:28:15.504000+00:00,1.0,S
3093,3135,2021-05-05T14:28:13.284000+00:00,1.0,P
3093,3357,2021-05-05T14:28:15.504000+00:00,1.0,S
3094,3135,2021-05-05T14:28:13.284000+00:00,1.0,P
3094,3357,2021-05-05T14:28:15.504000+00:00,1.0,S
3095,3136,2021-05-05T14:28:13.294000+00:00,1.0,P
3095,3357,2021-05-05T14:28:15.504000+00:00,1.0,S
3096,3136,2021-05-05T14:28:13.294000+00:00,1.0,P
3096,3357,2021-05-05T14:28:15.504000+00:00,1.0,S
3097,3136,2021-05-05T14:28:13.294000+00:00,1.0,P
3097,3357,2021-05-05T14:28:15.504000+00:00,1.0,S
3098,3136,2021-05-05T14:28:13.294000+00:00,1.0,P
3098,3357,2021-05-05T14:28:15.504000+00:00,1.0,S
3099,3136,2021-05-05T14:28:13.294000+00:00,1.0,P
3099,3358,2021-05-05T14:28:15.514000+00:00,1.0,S
3100,3136,2021-05-05T14:28:13.294000+00:00,1.0,P
3100,3358,2021-05-05T14:28:15.514000+00:00,1.0,S
3101,3136,2021-05-05T14:28:13.294000+00:00,1.0,P
3101,3358,2021-05-05T14:28:15.514000+00:00,1.0,S
3102,3136,2021-05-05T14:28:13.294000+00:00,1.0,P
3102,3358,2021-05-05T14:28:15.514000+00:00,1.0,S
3103,3136,2021-05-05T14:28:13.294000+00:00,1.0,P
3103,3359,2021-05-05T14:28:15.524000+00:00,1.0,S
3104,3136,2021-05-05T14:28:13.294000+00:00,1.0,P
3104,3359,2021-05-05T14:28:15.524000+00:00,1.0,S
3105,3137,2021-05-05T14:28:13.304000+00:00,1.0,P
3105,3359,2021-05-05T14:28:15.524000+00:00,1.0,S
3106,3137,2021-05-05T14:28:13.304000+00:00,1.0,P
3106,3359,2021-05-05T14:28:15.524000+00:00,1.0,S
3107,3137,2021-05-05T14:28:13.304000+00:00,1.0,P
3107,3360,2021-05-05T14:28:15.534000+00:00,1.0,S
3108,3137,2021-05-05T14:28:13.304000+00:00,1.0,P
3108,3360,2021-05-05T14:28:15.534000+00:00,1.0,S
3109,3137,2021-05-05T14:28:13.304000+00:00,1.0,P
3109,3360,2021-05-05T14:28:15.534000+00:00,1.0,S
3110,3137,2021-05-05T14:28:13.304000+00:00,1.0,P
3110,3360,2021-05-05T14:28:15.534000+00:00,1.0,S
3111,3137,2021-05-05T14:28:13.304000+00:00,1.0,P
3111,3361,2021-05-05T14:28:15.544000+00:00,1.0,S
3112,3137,2021-05-05T14:28:13.304000+00:00,1.0,P
3112,3361,2021-05-05T14:28:15.544000+00:00,1.0,S
3113,3137,2021-05-05T14:28:13.304000+00:00,1.0,P
3113,3361,2021-05-05T14:28:15.544000+00:00,1.0,S
3114,3137,2021-05-05T14:28:13.304000+00:00,1.0,P
3114,3361,2021-05-05T14:28:15.544000+00:00,1.0,S
3115,3137,2021-05-05T14:28:13.304000+00:00,1.0,P
3115,3361,2021-05-05T14:28:15.544000+00:00,1.0,S
3116,3137,2021-05-05T14:28:13.304000+00:00,1.0,P
3116,3361,2021-05-05T14:28:15.544000+00:00,1.0,S
3117,3138,2021-05-05T14:28:13.314000+00:00,1.0,P
3117,3362,2021-05-05T14:28:15.553999+00:00,1.0,S
3118,3138,2021-05-05T14:28:13.314000+00:00,1.0,P
3118,3362,2021-05-05T14:28:15.553999+00:00,1.0,S
3119,3138,2021-05-05T14:28:13.314000+00:00,1.0,P
3119,3362,2021-05-05T14:28:15.553999+00:00,1.0,S
3120,3138,2021-05-05T14:28:13.314000+00:00,1.0,P
3120,3362,2021-05-05T14:28:15.553999+00:00,1.0,S
3121,3138,2021-05-05T14:28:13.314000+00:00,1.0,P
3121,3362,2021-05-05T14:28:15.553999+00:00,1.0,S
3122,3138,2021-05-05T14:28:13.314000+00:00,1.0,P
3122,3362,2021-05-05T14:28:15.553999+00:00,1.0,S
3123,3138,2021-05-05T14:28:13.314000+00:00,1.0,P
3123,3362,2021-05-05T14:28:15.553999+00:00,1.0,S
3124,3138,2021-05-05T14:28:13.314000+00:00,1.0,P
3124,3362,2021-05-05T14:28:15.553999+00:00,1.0,S
3125,3138,2021-05-05T14:28:13.314000+00:00,1.0,P
3125,3362,2021-05-05T14:28:15.553999+00:00,1.0,S
3126,3138,2021-05-05T14:28:13.314000+00:00,1.0,P
3126,3362,2021-05-05T14:28:15.553999+00:00,1.0,S
3127,3138,2021-05-05T14:28:13.314000+00:00,1.0,P
3127,3363,2021-05-05T14:28:15.564000+00:00,1.0,S
3128,3138,2021-05-05T14:28:13.314000+00:00,1.0,P
3128,3363,2021-05-05T14:28:15.564000+00:00,1.0,S
3129,3139,2021-05-05T14:28:13.324000+00:00,1.0,P
3129,3363,2021-05-05T14:28:15.564000+00:00,1.0,S
3130,3139,2021-05-05T14:28:13.324000+00:00,1.0,P
3130,3363,2021-05-05T14:28:15.564000+00:00,1.0,S
3131,3139,2021-05-05T14:28:13.324000+00:00,1.0,P
3131,3363,2021-05-05T14:28:15.564000+00:00,1.0,S
3132,3139,2021-05-05T14:28:13.324000+00:00,1.0,P
3132,3363,2021-05-05T14:28:15.564000+00:00,1.0,S
3133,3139,2021-05-05T14:28:13.324000+00:00,1.0,P
3133,3363,2021-05-05T14:28:15.564000+00:00,1.0,S
3134,3139,2021-05-05T14:28:13.324000+00:00,1.0,P
3134,3363,2021-05-05T14:28:15.564000+00:00,1.0,S
3135,3139,2021-05-05T14:28:13.324000+00:00,1.0,P
3135,3363,2021-05-05T14:28:15.564000+00:00,1.0,S
3136,3139,2021-05-05T14:28:13.324000+00:00,1.0,P
3136,3363,2021-05-05T14:28:15.564000+00:00,1.0,S
3137,3139,2021-05-05T14:28:13.324000+00:00,1.0,P
3137,3363,2021-05-05T14:28:15.564000+00:00,1.0,S
3138,3139,2021-05-05T14:28:13.324000+00:00,1.0,P
3138,3363,2021-05-05T14:28:15.564000+00:00,1.0,S
3139,3139,2021-05-05T14:28:13.324000+00:00,1.0,P
3139,3363,2021-05-05T14:28:15.564000+00:00,1.0,S
3140,3140,2021-05-05T14:28:13.334000+00:00,1.0,P
3140,3363,2021-05-05T14:28:15.564000+00:00,1.0,S
3141,3140,2021-05-05T14:28:13.334000+00:00,1.0,P
3141,3363,2021-05-05T14:28:15.564000+00:00,1.0,S
3142,3140,2021-05-05T14:28:13.334000+00:00,1.0,P
3142,3363,2021-05-05T14:28:15.564000+00:00,1.0,S
3143,3140,2021-05-05T14:28:13.334000+00:00,1.0,P
3143,3363,2021-05-05T14:28:15.564000+00:00,1.0,S
3144,3140,2021-05-05T14:28:13.334000+00:00,1.0,P
3144,3363,2021-05-05T14:28:15.564000+00:00,1.0,S
3145,3140,2021-05-05T14:28:13.334000+00:00,1.0,P
3145,3363,2021-05-05T14:28:15.564000+00:00,1.0,S
3146,3140,2021-05-05T14:28:13.334000+00:00,1.0,P
3146,3363,2021-05-05T14:28:15.564000+00:00,1.0,S
3147,3140,2021-05-05T14:28:13.334000+00:00,1.0,P
3147,3363,2021-05-05T14:28:15.564000+00:00,1.0,S
3148,3140,2021-05-05T14:28:13.334000+00:00,1.0,P
3148,3364,2021-05-05T14:28:15.574000+00:00,1.0,S
3149,3140,2021-05-05T14:28:13.334000+00:00,1.0,P
3149,3364,2021-05-05T14:28:15.574000+00:00,1.0,S
3150,3140,2021-05-05T14:28:13.334000+00:00,1.0,P
3150,3364,2021-05-05T14:28:15.574000+00:00,1.0,S
3151,3141,2021-05-05T14:28:13.344000+00:00,1.0,P
3151,3364,2021-05-05T14:28:15.574000+00:00,1.0,S
3152,3141,2021-05-05T14:28:13.344000+00:00,1.0,P
3152,3364,2021-05-05T14:28:15.574000+00:00,1.0,S
3153,3141,2021-05-05T14:28:13.344000+00:00,1.0,P
3153,3364,2021-05-05T14:28:15.574000+00:00,1.0,S
3154,3141,2021-05-05T14:28:13.344000+00:00,1.0,P
3154,3364,2021-05-05T14:28:15.574000+00:00,1.0,S
3155,3141,2021-05-05T14:28:13.344000+00:00,1.0,P
3155,3364,2021-05-05T14:28:15.574000+00:00,1.0,S
3156,3141,2021-05-05T14:28:13.344000+00:00,1.0,P
3156,3364,2021-05-05T14:28:15.574000+00:00,1.0,S
3157,3141,2021-05-05T14:28:13.344000+00:00,1.0,P
3157,3364,2021-05-05T14:28:15.574000+00:00,1.0,S
3158,3141,2021-05-05T14:28:13.344000+00:00,1.0,P
3158,3364,2021-05-05T14:28:15.574000+00:00,1.0,S
3159,3141,2021-05-05T14:28:13.344000+00:00,1.0,P
3159,3364,2021-05-05T14:28:15.574000+00:00,1.0,S
3160,3141,2021-05-05T14:28:13.344000+00:00,1.0,P
3160,3364,2021-05-05T14:28:15.574000+00:00,1.0,S
3161,3141,2021-05-05T14:28:13.344000+00:00,1.0,P
3161,3364,2021-05-05T14:28:15.574000+00:00,1.0,S
3162,3141,2021-05-05T14:28:13.344000+00:00,1.0,P
3162,3364,2021-05-05T14:28:15.574000+00:00,1.0,S
3163,3141,2021-05-05T14:28:13.344000+00:00,1.0,P
3163,3364,2021-05-05T14:28:15.574000+00:00,1.0,S
3164,3142,2021-05-05T14:28:13.354000+00:00,1.0,P
3164,3364,2021-05-05T14:28:15.574000+00:00,1.0,S
3165,3142,2021-05-05T14:28:13.354000+00:00,1.0,P
3165,3364,2021-05-05T14:28:15.574000+00:00,1.0,S
3166,3142,2021-05-05T14:28:13.354000+00:00,1.0,P
3166,3364,2021-05-05T14:28:15.574000+00:00,1.0,S
3167,3142,2021-05-05T14:28:13.354000+00:00,1.0,P
3167,3364,2021-05-05T14:28:15.574000+00:00,1.0,S
3168,3142,2021-05-05T14:28:13.354000+00:00,1.0,P
3168,3364,2021-05-05T14:28:15.574000+00:00,1.0,S
3169,3142,2021-05-05T14:28:13.354000+00:00,1.0,P
3169,3364,2021-05-05T14:28:15.574000+00:00,1.0,S
3170,3142,2021-05-05T14:28:13.354000+00:00,1.0,P
3170,3364,2021-05-05T14:28:15.574000+00:00,1.0,S
3171,3142,2021-05-05T14:28:13.354000+00:00,1.0,P
3171,3364,2021-05-05T14:28:15.574000+00:00,1.0,S
3172,3142,2021-05-05T14:28:13.354000+00:00,1.0,P
3172,3365,2021-05-05T14:28:15.584000+00:00,1.0,S
3173,3142,2021-05-05T14:28:13.354000+00:00,1.0,P
3173,3365,2021-05-05T14:28:15.584000+00:00,1.0,S
3174,3142,2021-05-05T14:28:13.354000+00:00,1.0,P
3174,3365,2021-05-05T14:28:15.584000+00:00,1.0,S
3175,3142,2021-05-05T14:28:13.354000+00:00,1.0,P
3175,3365,2021-05-05T14:28:15.584000+00:00,1.0,S
3176,3142,2021-05-05T14:28:13.354000+00:00,1.0,P
3176,3366,2021-05-05T14:28:15.594000+00:00,1.0,S
3177,3143,2021-05-05T14:28:13.364000+00:00,1.0,P
3177,3366,2021-05-05T14:28:15.594000+00:00,1.0,S
3178,3143,2021-05-05T14:28:13.364000+00:00,1.0,P
3178,3366,2021-05-05T14:28:15.594000+00:00,1.0,S
3179,3143,2021-05-05T14:28:13.364000+00:00,1.0,P
3179,3366,2021-05-05T14:28:15.594000+00:00,1.0,S
3180,3143,2021-05-05T14:28:13.364000+00:00,1.0,P
3180,3367,2021-05-05T14:28:15.604000+00:00,1.0,S
3181,3143,2021-05-05T14:28:13.364000+00:00,1.0,P
3181,3367,2021-05-05T14:28:15.604000+00:00,1.0,S
3182,3143,2021-05-05T14:28:13.364000+00:00,1.0,P
3182,3367,2021-05-05T14:28:15.604000+00:00,1.0,S
3183,3143,2021-05-05T14:28:13.364000+00:00,1.0,P
3183,3367,2021-05-05T14:28:15.604000+00:00,1.0,S
3184,3143,2021-05-05T14:28:13.364000+00:00,1.0,P
3184,3367,2021-05-05T14:28:15.604000+00:00,1.0,S
3185,3143,2021-05-05T14:28:13.364000+00:00,1.0,P
3185,3368,2021-05-05T14:28:15.614000+00:00,1.0,S
3186,3143,2021-05-05T14:28:13.364000+00:00,1.0,P
3186,3368,2021-05-05T14:28:15.614000+00:00,1.0,S
3187,3143,2021-05-05T14:28:13.364000+00:00,1.0,P
3187,3368,2021-05-05T14:28:15.614000+00:00,1.0,S
3188,3143,2021-05-05T14:28:13.364000+00:00,1.0,P
3188,3368,2021-05-05T14:28:15.614000+00:00,1.0,S
3189,3144,2021-05-05T14:28:13.374000+00:00,1.0,P
3189,3368,2021-05-05T14:28:15.614000+00:00,1.0,S
3190,3144,2021-05-05T14:28:13.374000+00:00,1.0,P
3190,3369,2021-05-05T14:28:15.623999+00:00,1.0,S
3191,3144,2021-05-05T14:28:13.374000+00:00,1.0,P
3191,3369,2021-05-05T14:28:15.623999+00:00,1.0,S
3192,3144,2021-05-05T14:28:13.374000+00:00,1.0,P
3192,3369,2021-05-05T14:28:15.623999+00:00,1.0,S
3193,3144,2021-05-05T14:28:13.374000+00:00,1.0,P
3193,3369,2021-05-05T14:28:15.623999+00:00,1.0,S
3194,3144,2021-05-05T14:28:13.374000+00:00,1.0,P
3194,3370,2021-05-05T14:28:15.634000+00:00,1.0,S
3195,3144,2021-05-05T14:28:13.374000+00:00,1.0,P
3195,3370,2021-05-05T14:28:15.634000+00:00,1.0,S
3196,3144,2021-05-05T14:28:13.374000+00:00,1.0,P
3196,3370,2021-05-05T14:28:15.634000+00:00,1.0,S
3197,3144,2021-05-05T14:28:13.374000+00:00,1.0,P
3197,3370,2021-05-05T14:28:15.634000+00:00,1.0,S
3198,3144,2021-05-05T14:28:13.374000+00:00,1.0,P
3198,3370,2021-05-05T14:28:15.634000+00:00,1.0,S
3199,3144,2021-05-05T14:28:13.374000+00:00,1.0,P
3199,3371,2021-05-05T14:28:15.644000+00:00,1.0,S
3200,3145,2021-05-05T14:28:13.384000+00:00,1.0,P
3200,3371,2021-05-05T14:28:15.644000+00:00,1.0,S
3201,3145,2021-05-05T14:28:13.384000+00:00,1.0,P
3201,3371,2021-05-05T14:28:15.644000+00:00,1.0,S
3202,3145,2021-05-05T14:28:13.384000+00:00,1.0,P
3202,3371,2021-05-05T14:28:15.644000+00:00,1.0,S
3203,3145,2021-05-05T14:28:13.384000+00:00,1.0,P
3203,3371,2021-05-05T14:28:15.644000+00:00,1.0,S
3204,3145,2021-05-05T14:28:13.384000+00:00,1.0,P
3204,3371,2021-05-05T14:28:15.644000+00:00,1.0,S
3205,3145,2021-05-05T14:28:13.384000+00:00,1.0,P
3205,3371,2021-05-05T14:28:15.644000+00:00,1.0,S
3206,3145,2021-05-05T14:28:13.384000+00:00,1.0,P
3206,3372,2021-05-05T14:28:15.654000+00:00,1.0,S
3207,3145,2021-05-05T14:28:13.384000+00:00,1.0,P
3207,3372,2021-05-05T14:28:15.654000+00:00,1.0,S
3208,3145,2021-05-05T14:28:13.384000+00:00,1.0,P
3208,3372,2021-05-05T14:28:15.654000+00:00,1.0,S
3209,3145,2021-05-05T14:28:13.384000+00:00,1.0,P
3209,3372,2021-05-05T14:28:15.654000+00:00,1.0,S
3210,3146,2021-05-05T14:28:13.394000+00:00,1.0,P
3210,3372,2021-05-05T14:28:15.654000+00:00,1.0,S
3211,3146,2021-05-05T14:28:13.394000+00:00,1.0,P
3211,3373,2021-05-05T14:28:15.664000+00:00,1.0,S
3212,3146,2021-05-05T14:28:13.394000+00:00,1.0,P
3212,3373,2021-05-05T14:28:15.664000+00:00,1.0,S
3213,3146,2021-05-05T14:28:13.394000+00:00,1.0,P
3213,3373,2021-05-05T14:28:15.664000+00:00,1.0,S
3214,3146,2021-05-05T14:28:13.394000+00:00,1.0,P
3214,3373,2021-05-05T14:28:15.664000+00:00,1.0,S
3215,3146,2021-05-05T14:28:13.394000+00:00,1.0,P
3215,3373,2021-05-05T14:28:15.664000+00:00,1.0,S
3216,3146,2021-05-05T14:28:13.394000+00:00,1.0,P
3216,3373,2021-05-05T14:28:15.664000+00:00,1.0,S
3217,3146,2021-05-05T14:28:13.394000+00:00,1.0,P
3217,3373,2021-05-05T14:28:15.664000+00:00,1.0,S
3218,3146,2021-05-05T14:28:13.394000+00:00,1.0,P
3218,3373,2021-05-05T14:28:15.664000+00:00,1.0,S
3219,3147,2021-05-05T14:28:13.404000+00:00,1.0,P
3219,3373,2021-05-05T14:28:15.664000+00:00,1.0,S
3220,3147,2021-05-05T14:28:13.404000+00:00,1.0,P
3220,3374,2021-05-05T14:28:15.674000+00:00,1.0,S
3221,3147,2021-05-05T14:28:13.404000+00:00,1.0,P
3221,3374,2021-05-05T14:28:15.674000+00:00,1.0,S
3222,3147,2021-05-05T14:28:13.404000+00:00,1.0,P
3222,3374,2021-05-05T14:28:15.674000+00:00,1.0,S
3223,3147,2021-05-05T14:28:13.404000+00:00,1.0,P
3223,3374,2021-05-05T14:28:15.674000+00:00,1.0,S
3224,3147,2021-05-05T14:28:13.404000+00:00,1.0,P
3224,3374,2021-05-05T14:28:15.674000+00:00,1.0,S
3225,3147,2021-05-05T14:28:13.404000+00:00,1.0,P
3225,3375,2021-05-05T14:28:15.684000+00:00,1.0,S
3226,3147,2021-05-05T14:28:13.404000+00:00,1.0,P
3226,3375,2021-05-05T14:28:15.684000+00:00,1.0,S
3227,3147,2021-05-05T14:28:13.404000+00:00,1.0,P
3227,3375,2021-05-05T14:28:15.684000+00:00,1.0,S
3228,3148,2021-05-05T14:28:13.414000+00:00,1.0,P
3228,3375,2021-05-05T14:28:15.684000+00:00,1.0,S
3229,3148,2021-05-05T14:28:13.414000+00:00,1.0,P
3229,3375,2021-05-05T14:28:15.684000+00:00,1.0,S
3230,3148,2021-05-05T14:28:13.414000+00:00,1.0,P
3230,3375,2021-05-05T14:28:15.684000+00:00,1.0,S
3231,3148,2021-05-05T14:28:13.414000+00:00,1.0,P
3231,3376,2021-05-05T14:28:15.693999+00:00,1.0,S
3232,3148,2021-05-05T14:28:13.414000+00:00,1.0,P
3232,3376,2021-05-05T14:28:15.693999+00:00,1.0,S
3233,3148,2021-05-05T14:28:13.414000+00:00,1.0,P
3233,3376,2021-05-05T14:28:15.693999+00:00,1.0,S
3234,3148,2021-05-05T14:28:13.414000+00:00,1.0,P
3234,3376,2021-05-05T14:28:15.693999+00:00,1.0,S
3235,3148,2021-05-05T14:28:13.414000+00:00,1.0,P
3235,3376,2021-05-05T14:28:15.693999+00:00,1.0,S
3236,3148,2021-05-05T14:28:13.414000+00:00,1.0,P
3236,3376,2021-05-05T14:28:15.693999+00:00,1.0,S
3237,3148,2021-05-05T14:28:13.414000+00:00,1.0,P
3237,3377,2021-05-05T14:28:15.704000+00:00,1.0,S
3238,3148,2021-05-05T14:28:13.414000+00:00,1.0,P
3238,3377,2021-05-05T14:28:15.704000+00:00,1.0,S
3239,3148,2021-05-05T14:28:13.414000+00:00,1.0,P
3239,3377,2021-05-05T14:28:15.704000+00:00,1.0,S
3240,3149,2021-05-05T14:28:13.424000+00:00,1.0,P
3240,3377,2021-05-05T14:28:15.704000+00:00,1.0,S
3241,3149,2021-05-05T14:28:13.424000+00:00,1.0,P
3241,3377,2021-05-05T14:28:15.704000+00:00,1.0,S
3242,3149,2021-05-05T14:28:13.424000+00:00,1.0,P
3242,3377,2021-05-05T14:28:15.704000+00:00,1.0,S
3243,3149,2021-05-05T14:28:13.424000+00:00,1.0,P
3243,3377,2021-05-05T14:28:15.704000+00:00,1.0,S
3244,3149,2021-05-05T14:28:13.424000+00:00,1.0,P
3244,3377,2021-05-05T14:28:15.704000+00:00,1.0,S
3245,3149,2021-05-05T14:28:13.424000+00:00,1.0,P
3245,3377,2021-05-05T14:28:15.704000+00:00,1.0,S
3246,3149,2021-05-05T14:28:13.424000+00:00,1.0,P
3246,3377,2021-05-05T14:28:15.704000+00:00,1.0,S
3247,3149,2021-05-05T14:28:13.424000+00:00,1.0,P
3247,3378,2021-05-05T14:28:15.714000+00:00,1.0,S
3248,3149,2021-05-05T14:28:13.424000+00:00,1.0,P
3248,3378,2021-05-05T14:28:15.714000+00:00,1.0,S
3249,3149,2021-05-05T14:28:13.424000+00:00,1.0,P
3249,3378,2021-05-05T14:28:15.714000+00:00,1.0,S
3250,3149,2021-05-05T14:28:13.424000+00:00,1.0,P
3250,3378,2021-05-05T14:28:15.714000+00:00,1.0,S
3251,3149,2021-05-05T14:28:13.424000+00:00,1.0,P
3251,3378,2021-05-05T14:28:15.714000+00:00,1.0,S
3252,3149,2021-05-05T14:28:13.424000+00:00,1.0,P
3252,3378,2021-05-05T14:28:15.714000+00:00,1.0,S
3253,3149,2021-05-05T14:28:13.424000+00:00,1.0,P
3253,3378,2021-05-05T14:28:15.714000+00:00,1.0,S
3254,3149,2021-05-05T14:28:13.424000+00:00,1.0,P
3254,3378,2021-05-05T14:28:15.714000+00:00,1.0,S
3255,3149,2021-05-05T14:28:13.424000+00:00,1.0,P
3255,3378,2021-05-05T14:28:15.714000+00:00,1.0,S
3256,3150,2021-05-05T14:28:13.434000+00:00,1.0,P
3256,3378,2021-05-05T14:28:15.714000+00:00,1.0,S
3257,3150,2021-05-05T14:28:13.434000+00:00,1.0,P
3257,3378,2021-05-05T14:28:15.714000+00:00,1.0,S
3258,3150,2021-05-05T14:28:13.434000+00:00,1.0,P
3258,3378,2021-05-05T14:28:15.714000+00:00,1.0,S
3259,3150,2021-05-05T14:28:13.434000+00:00,1.0,P
3259,3378,2021-05-05T14:28:15.714000+00:00,1.0,S
3260,3150,2021-05-05T14:28:13.434000+00:00,1.0,P
3260,3378,2021-05-05T14:28:15.714000+00:00,1.0,S
3261,3150,2021-05-05T14:28:13.434000+00:00,1.0,P
3261,3378,2021-05-05T14:28:15.714000+00:00,1.0,S
3262,3150,2021-05-05T14:28:13.434000+00:00,1.0,P
3262,3378,2021-05-05T14:28:15.714000+00:00,1.0,S
3263,3150,2021-05-05T14:28:13.434000+00:00,1.0,P
3263,3378,2021-05-05T14:28:15.714000+00:00,1.0,S
3264,3150,2021-05-05T14:28:13.434000+00:00,1.0,P
3264,3378,2021-05-05T14:28:15.714000+00:00,1.0,S
3265,3150,2021-05-05T14:28:13.434000+00:00,1.0,P
3265,3378,2021-05-05T14:28:15.714000+00:00,1.0,S
3266,3150,2021-05-05T14:28:13.434000+00:00,1.0,P
3266,3379,2021-05-05T14:28:15.724000+00:00,1.0,S
3267,3150,2021-05-05T14:28:13.434000+00:00,1.0,P
3267,3379,2021-05-05T14:28:15.724000+00:00,1.0,S
3268,3150,2021-05-05T14:28:13.434000+00:00,1.0,P
3268,3379,2021-05-05T14:28:15.724000+00:00,1.0,S
3269,3150,2021-05-05T14:28:13.434000+00:00,1.0,P
3269,3379,2021-05-05T14:28:15.724000+00:00,1.0,S
3270,3150,2021-05-05T14:28:13.434000+00:00,1.0,P
3270,3379,2021-05-05T14:28:15.724000+00:00,1.0,S
3271,3150,2021-05-05T14:28:13.434000+00:00,1.0,P
3271,3379,2021-05-05T14:28:15.724000+00:00,1.0,S
3272,3150,2021-05-05T14:28:13.434000+00:00,1.0,P
3272,3379,2021-05-05T14:28:15.724000+00:00,1.0,S
3273,3150,2021-05-05T14:28:13.434000+00:00,1.0,P
3273,3379,2021-05-05T14:28:15.724000+00:00,1.0,S
3274,3150,2021-05-05T14:28:13.434000+00:00,1.0,P
3274,3379,2021-05-05T14:28:15.724000+00:00,1.0,S
3275,3150,2021-05-05T14:28:13.434000+00:00,1.0,P
3275,3379,2021-05-05T14:28:15.724000+00:00,1.0,S
3276,3150,2021-05-05T14:28:13.434000+00:00,1.0,P
3276,3379,2021-05-05T14:28:15.724000+00:00,1.0,S
3277,3150,2021-05-05T14:28:13.434000+00:00,1.0,P
3277,3379,2021-05-05T14:28:15.724000+00:00,1.0,S
3278,3150,2021-05-05T14:28:13.434000+00:00,1.0,P
3278,3379,2021-05-05T14:28:15.724000+00:00,1.0,S
3279,3150,2021-05-05T14:28:13.434000+00:00,1.0,P
3279,3379,2021-05-05T14:28:15.724000+00:00,1.0,S
3280,3150,2021-05-05T14:28:13.434000+00:00,1.0,P
3280,3379,2021-05-05T14:28:15.724000+00:00,1.0,S
3281,3150,2021-05-05T14:28:13.434000+00:00,1.0,P
3281,3379,2021-05-05T14:28:15.724000+00:00,1.0,S
3282,3150,2021-05-05T14:28:13.434000+00:00,1.0,P
3282,3379,2021-05-05T14:28:15.724000+00:00,1.0,S
3283,3150,2021-05-05T14:28:13.434000+00:00,1.0,P
3283,3379,2021-05-05T14:28:15.724000+00:00,1.0,S
3284,3150,2021-05-05T14:28:13.434000+00:00,1.0,P
3284,3379,2021-05-05T14:28:15.724000+00:00,1.0,S
3285,3150,2021-05-05T14:28:13.434000+00:00,1.0,P
3285,3379,2021-05-05T14:28:15.724000+00:00,1.0,S
3286,3150,2021-05-05T14:28:13.434000+00:00,1.0,P
3286,3379,2021-05-05T14:28:15.724000+00:00,1.0,S
3287,3150,2021-05-05T14:28:13.434000+00:00,1.0,P
3287,3379,2021-05-05T14:28:15.724000+00:00,1.0,S
3288,3150,2021-05-05T14:28:13.434000+00:00,1.0,P
3288,3379,2021-05-05T14:28:15.724000+00:00,1.0,S
3289,3150,2021-05-05T14:28:13.434000+00:00,1.0,P
3289,3379,2021-05-05T14:28:15.724000+00:00,1.0,S
3290,3150,2021-05-05T14:28:13.434000+00:00,1.0,P
3290,3379,2021-05-05T14:28:15.724000+00:00,1.0,S
3291,3150,2021-05-05T14:28:13.434000+00:00,1.0,P
3291,3379,2021-05-05T14:28:15.724000+00:00,1.0,S
3292,3150,2021-05-05T14:28:13.434000+00:00,1.0,P
3292,3379,2021-05-05T14:28:15.724000+00:00,1.0,S
3293,3150,2021-05-05T14:28:13.434000+00:00,1.0,P
3293,3379,2021-05-05T14:28:15.724000+00:00,1.0,S
3294,3150,2021-05-05T14:28:13.434000+00:00,1.0,P
3294,3379,2021-05-05T14:28:15.724000+00:00,1.0,S
3295,3150,2021-05-05T14:28:13.434000+00:00,1.0,P
3295,3379,2021-05-05T14:28:15.724000+00:00,1.0,S
3296,3150,2021-05-05T14:28:13.434000+00:00,1.0,P
3296,3379,2021-05-05T14:28:15.724000+00:00,1.0,S
3297,3150,2021-05-05T14:28:13.434000+00:00,1.0,P
3297,3379,2021-05-05T14:28:15.724000+00:00,1.0,S
3298,3150,2021-05-05T14:28:13.434000+00:00,1.0,P
3298,3379,2021-05-05T14:28:15.724000+00:00,1.0,S
3299,3150,2021-05-05T14:28:13.434000+00:00,1.0,P
3299,3379,2021-05-05T14:28:15.724000+00:00,1.0,S
3300,3150,2021-05-05T14:28:13.434000+00:00,1.0,P
3300,3379,2021-05-05T14:28:15.724000+00:00,1.0,S
3301,3150,2021-05-05T14:28:13.434000+00:00,1.0,P
3301,3379,2021-05-05T14:28:15.724000+00:00,1.0,S
3302,3150,2021-05-05T14:28:13.434000+00:00,1.0,P
3302,3379,2021-05-05T14:28:15.724000+00:00,1.0,S
3303,3150,2021-05-05T14:28:13.434000+00:00,1.0,P
3303,3379,2021-05-05T14:28:15.724000+00:00,1.0,S
3304,3150,2021-05-05T14:28:13.434000+00:00,1.0,P
3304,3378,2021-05-05T14:28:15.714000+00:00,1.0,S
3305,3150,2021-05-05T14:28:13.434000+00:00,1.0,P
3305,3378,2021-05-05T14:28:15.714000+00:00,1.0,S
3306,3150,2021-05-05T14:28:13.434000+00:00,1.0,P
3306,3378,2021-05-05T14:28:15.714000+00:00,1.0,S
3307,3150,2021-05-05T14:28:13.434000+00:00,1.0,P
3307,3378,2021-05-05T14:28:15.714000+00:00,1.0,S
3308,3150,2021-05-05T14:28:13.434000+00:00,1.0,P
3308,3378,2021-05-05T14:28:15.714000+00:00,1.0,S
3309,3150,2021-05-05T14:28:13.434000+00:00,1.0,P
3309,3378,2021-05-05T14:28:15.714000+00:00,1.0,S
3310,3150,2021-05-05T14:28:13.434000+00:00,1.0,P
3310,3378,2021-05-05T14:28:15.714000+00:00,1.0,S
3311,3150,2021-05-05T14:28:13.434000+00:00,1.0,P
3311,3378,2021-05-05T14:28:15.714000+00:00,1.0,S
3312,3150,2021-05-05T14:28:13.434000+00:00,1.0,P
3312,3378,2021-05-05T14:28:15.714000+00:00,1.0,S
3313,3150,2021-05-05T14:28:13.434000+00:00,1.0,P
3313,3378,2021-05-05T14:28:15.714000+00:00,1.0,S
3314,3149,2021-05-05T14:28:13.424000+00:00,1.0,P
3314,3378,2021-05-05T14:28:15.714000+00:00,1.0,S
3315,3149,2021-05-05T14:28:13.424000+00:00,1.0,P
3315,3378,2021-05-05T14:28:15.714000+00:00,1.0,S
3316,3149,2021-05-05T14:28:13.424000+00:00,1.0,P
3316,3378,2021-05-05T14:28:15.714000+00:00,1.0,S
3317,3149,2021-05-05T14:28:13.424000+00:00,1.0,P
3317,3378,2021-05-05T14:28:15.714000+00:00,1.0,S
3318,3149,2021-05-05T14:28:13.424000+00:00,1.0,P
3318,3378,2021-05-05T14:28:15.714000+00:00,1.0,S
3319,3149,2021-05-05T14:28:13.424000+00:00,1.0,P
3319,3377,2021-05-05T14:28:15.704000+00:00,1.0,S
3320,3149,2021-05-05T14:28:13.424000+00:00,1.0,P
3320,3377,2021-05-05T14:28:15.704000+00:00,1.0,S
3321,3149,2021-05-05T14:28:13.424000+00:00,1.0,P
3321,3377,2021-05-05T14:28:15.704000+00:00,1.0,S
3322,3149,2021-05-05T14:28:13.424000+00:00,1.0,P
3322,3377,2021-05-05T14:28:15.704000+00:00,1.0,S
3323,3149,2021-05-05T14:28:13.424000+00:00,1.0,P
3323,3377,2021-05-05T14:28:15.704000+00:00,1.0,S
3324,3149,2021-05-05T14:28:13.424000+00:00,1.0,P
3324,3377,2021-05-05T14:28:15.704000+00:00,1.0,S
3325,3149,2021-05-05T14:28:13.424000+00:00,1.0,P
3325,3377,2021-05-05T14:28:15.704000+00:00,1.0,S
3326,3149,2021-05-05T14:28:13.424000+00:00,1.0,P
3326,3377,2021-05-05T14:28:15.704000+00:00,1.0,S
3327,3149,2021-05-05T14:28:13.424000+00:00,1.0,P
3327,3377,2021-05-05T14:28:15.704000+00:00,1.0,S
3328,3149,2021-05-05T14:28:13.424000+00:00,1.0,P
3328,3377,2021-05-05T14:28:15.704000+00:00,1.0,S
3329,3149,2021-05-05T14:28:13.424000+00:00,1.0,P
3329,3377,2021-05-05T14:28:15.704000+00:00,1.0,S
3330,3149,2021-05-05T14:28:13.424000+00:00,1.0,P
3330,3377,2021-05-05T14:28:15.704000+00:00,1.0,S
3331,3148,2021-05-05T14:28:13.414000+00:00,1.0,P
3331,3377,2021-05-05T14:28:15.704000+00:00,1.0,S
3332,3148,2021-05-05T14:28:13.414000+00:00,1.0,P
3332,3377,2021-05-05T14:28:15.704000+00:00,1.0,S
3333,3148,2021-05-05T14:28:13.414000+00:00,1.0,P
3333,3377,2021-05-05T14:28:15.704000+00:00,1.0,S
3334,3148,2021-05-05T14:28:13.414000+00:00,1.0,P
3334,3377,2021-05-05T14:28:15.704000+00:00,1.0,S
3335,3148,2021-05-05T14:28:13.414000+00:00,1.0,P
3335,3377,2021-05-05T14:28:15.704000+00:00,1.0,S
3336,3148,2021-05-05T14:28:13.414000+00:00,1.0,P
3336,3377,2021-05-05T14:28:15.704000+00:00,1.0,S
3337,3148,2021-05-05T14:28:13.414000+00:00,1.0,P
3337,3377,2021-05-05T14:28:15.704000+00:00,1.0,S
3338,3148,2021-05-05T14:28:13.414000+00:00,1.0,P
3338,3377,2021-05-05T14:28:15.704000+00:00,1.0,S
3339,3148,2021-05-05T14:28:13.414000+00:00,1.0,P
3339,3376,2021-05-05T14:28:15.693999+00:00,1.0,S
3340,3148,2021-05-05T14:28:13.414000+00:00,1.0,P
3340,3376,2021-05-05T14:28:15.693999+00:00,1.0,S
3341,3148,2021-05-05T14:28:13.414000+00:00,1.0,P
3341,3376,2021-05-05T14:28:15.693999+00:00,1.0,S
3342,3148,2021-05-05T14:28:13.414000+00:00,1.0,P
3342,3376,2021-05-05T14:28:15.693999+00:00,1.0,S
3343,3147,2021-05-05T14:28:13.404000+00:00,1.0,P
3343,3376,2021-05-05T14:28:15.693999+00:00,1.0,S
3344,3147,2021-05-05T14:28:13.404000+00:00,1.0,P
3344,3376,2021-05-05T14:28:15.693999+00:00,1.0,S
3345,3147,2021-05-05T14:28:13.404000+00:00,1.0,P
3345,3376,2021-05-05T14:28:15.693999+00:00,1.0,S
3346,3147,2021-05-05T14:28:13.404000+00:00,1.0,P
3346,3376,2021-05-05T14:28:15.693999+00:00,1.0,S
3347,3147,2021-05-05T14:28:13.404000+00:00,1.0,P
3347,3376,2021-05-05T14:28:15.693999+00:00,1.0,S
3348,3147,2021-05-05T14:28:13.404000+00:00,1.0,P
3348,3376,2021-05-05T14:28:15.693999+00:00,1.0,S
3349,3147,2021-05-05T14:28:13.404000+00:00,1.0,P
3349,3376,2021-05-05T14:28:15.693999+00:00,1.0,S
3350,3147,2021-05-05T14:28:13.404000+00:00,1.0,P
3350,3376,2021-05-05T14:28:15.693999+00:00,1.0,S
3351,3147,2021-05-05T14:28:13.404000+00:00,1.0,P
3351,3376,2021-05-05T14:28:15.693999+00:00,1.0,S
3352,3147,2021-05-05T14:28:13.404000+00:00,1.0,P
3352,3376,2021-05-05T14:28:15.693999+00:00,1.0,S
3353,3147,2021-05-05T14:28:13.404000+00:00,1.0,P
3353,3376,2021-05-05T14:28:15.693999+00:00,1.0,S
3354,3147,2021-05-05T14:28:13.404000+00:00,1.0,P
3354,3376,2021-05-05T14:28:15.693999+00:00,1.0,S
3355,3146,2021-05-05T14:28:13.394000+00:00,1.0,P
3355,3375,2021-05-05T14:28:15.684000+00:00,1.0,S
3356,3146,2021-05-05T14:28:13.394000+00:00,1.0,P
3356,3375,2021-05-05T14:28:15.684000+00:00,1.0,S
3357,3146,2021-05-05T14:28:13.394000+00:00,1.0,P
3357,3375,2021-05-05T14:28:15.684000+00:00,1.0,S
3358,3146,2021-05-05T14:28:13.394000+00:00,1.0,P
3358,3375,2021-05-05T14:28:15.684000+00:00,1.0,S
3359,3146,2021-05-05T14:28:13.394000+00:00,1.0,P
3359,3375,2021-05-05T14:28:15.684000+00:00,1.0,S
3360,3146,2021-05-05T14:28:13.394000+00:00,1.0,P
3360,3375,2021-05-05T14:28:15.684000+00:00,1.0,S
3361,3146,2021-05-05T14:28:13.394000+00:00,1.0,P
3361,3375,2021-05-05T14:28:15.684000+00:00,1.0,S
3362,3146,2021-05-05T14:28:13.394000+00:00,1.0,P
3362,3375,2021-05-05T14:28:15.684000+00:00,1.0,S
3363,3146,2021-05-05T14:28:13.394000+00:00,1.0,P
3363,3375,2021-05-05T14:28:15.684000+00:00,1.0,S
3364,3146,2021-05-05T14:28:13.394000+00:00,1.0,P
3364,3375,2021-05-05T14:28:15.684000+00:00,1.0,S
3365,3146,2021-05-05T14:28:13.394000+00:00,1.0,P
3365,3375,2021-05-05T14:28:15.684000+00:00,1.0,S
3366,3146,2021-05-05T14:28:13.394000+00:00,1.0,P
3366,3375,2021-05-05T14:28:15.684000+00:00,1.0,S
3367,3145,2021-05-05T14:28:13.384000+00:00,1.0,P
3367,3375,2021-05-05T14:28:15.684000+00:00,1.0,S
3368,3145,2021-05-05T14:28:13.384000+00:00,1.0,P
3368,3375,2021-05-05T14:28:15.684000+00:00,1.0,S
3369,3145,2021-05-05T14:28:13.384000+00:00,1.0,P
3369,3375,2021-05-05T14:28:15.684000+00:00,1.0,S
3370,3145,2021-05-05T14:28:13.384000+00:00,1.0,P
3370,3374,2021-05-05T14:28:15.674000+00:00,1.0,S
3371,3145,2021-05-05T14:28:13.384000+00:00,1.0,P
3371,3374,2021-05-05T14:28:15.674000+00:00,1.0,S
3372,3145,2021-05-05T14:28:13.384000+00:00,1.0,P
3372,3374,2021-05-05T14:28:15.674000+00:00,1.0,S
3373,3145,2021-05-05T14:28:13.384000+00:00,1.0,P
3373,3374,2021-05-05T14:28:15.674000+00:00,1.0,S
3374,3145,2021-05-05T14:28:13.384000+00:00,1.0,P
3374,3374,2021-05-05T14:28:15.674000+00:00,1.0,S
3375,3145,2021-05-05T14:28:13.384000+00:00,1.0,P
3375,3374,2021-05-05T14:28:15.674000+00:00,1.0,S
3376,3145,2021-05-05T14:28:13.384000+00:00,1.0,P
3376,3374,2021-05-05T14:28:15.674000+00:00,1.0,S
3377,3144,2021-05-05T14:28:13.374000+00:00,1.0,P
3377,3374,2021-05-05T14:28:15.674000+00:00,1.0,S
3378,3144,2021-05-05T14:28:13.374000+00:00,1.0,P
3378,3374,2021-05-05T14:28:15.674000+00:00,1.0,S
3379,3144,2021-05-05T14:28:13.374000+00:00,1.0,P
3379,3374,2021-05-05T14:28:15.674000+00:00,1.0,S
3380,3144,2021-05-05T14:28:13.374000+00:00,1.0,P
3380,3373,2021-05-05T14:28:15.664000+00:00,1.0,S
3381,3144,2021-05-05T14:28:13.374000+00:00,1.0,P
3381,3373,2021-05-05T14:28:15.664000+00:00,1.0,S
3382,3144,2021-05-05T14:28:13.374000+00:00,1.0,P
3382,3373,2021-05-05T14:28:15.664000+00:00,1.0,S
3383,3144,2021-05-05T14:28:13.374000+00:00,1.0,P
3383,3373,2021-05-05T14:28:15.664000+00:00,1.0,S
3384,3144,2021-05-05T14:28:13.374000+00:00,1.0,P
3384,3373,2021-05-05T14:28:15.664000+00:00,1.0,S
3385,3144,2021-05-05T14:28:13.374000+00:00,1.0,P
3385,3373,2021-05-05T14:28:15.664000+00:00,1.0,S
3386,3144,2021-05-05T14:28:13.374000+00:00,1.0,P
3386,3373,2021-05-05T14:28:15.664000+00:00,1.0,S
3387,3143,2021-05-05T14:28:13.364000+00:00,1.0,P
3387,3373,2021-05-05T14:28:15.664000+00:00,1.0,S
3388,3143,2021-05-05T14:28:13.364000+00:00,1.0,P
3388,3372,2021-05-05T14:28:15.654000+00:00,1.0,S
3389,3143,2021-05-05T14:28:13.364000+00:00,1.0,P
3389,3372,2021-05-05T14:28:15.654000+00:00,1.0,S
3390,3143,2021-05-05T14:28:13.364000+00:00,1.0,P
3390,3371,2021-05-05T14:28:15.644000+00:00,1.0,S
3391,3143,2021-05-05T14:28:13.364000+00:00,1.0,P
3391,3370,2021-05-05T14:28:15.634000+00:00,1.0,S
3392,3143,2021-05-05T14:28:13.364000+00:00,1.0,P
3392,3370,2021-05-05T14:28:15.634000+00:00,1.0,S
3393,3143,2021-05-05T14:28:13.364000+00:00,1.0,P
3393,3369,2021-05-05T14:28:15.623999+00:00,1.0,S
3394,3143,2021-05-05T14:28:13.364000+00:00,1.0,P
3394,3368,2021-05-05T14:28:15.614000+00:00,1.0,S
3395,3143,2021-05-05T14:28:13.364000+00:00,1.0,P
3395,3368,2021-05-05T14:28:15.614000+00:00,1.0,S
3396,3143,2021-05-05T14:28:13.364000+00:00,1.0,P
3396,3367,2021-05-05T14:28:15.604000+00:00,1.0,S
3397,3142,2021-05-05T14:28:13.354000+00:00,1.0,P
3397,3367,2021-05-05T14:28:15.604000+00:00,1.0,S
3398,3142,2021-05-05T14:28:13.354000+00:00,1.0,P
3398,3366,2021-05-05T14:28:15.594000+00:00,1.0,S
3399,3142,2021-05-05T14:28:13.354000+00:00,1.0,P
3399,3365,2021-05-05T14:28:15.584000+00:00,1.0,S
3400,3142,2021-05-05T14:28:13.354000+00:00,1.0,P
3400,3365,2021-05-05T14:28:15.584000+00:00,1.0,S
3401,3142,2021-05-05T14:28:13.354000+00:00,1.0,P
3401,3365,2021-05-05T14:28:15.584000+00:00,1.0,S
3402,3142,2021-05-05T14:28:13.354000+00:00,1.0,P
3402,3365,2021-05-05T14:28:15.584000+00:00,1.0,S
3403,3142,2021-05-05T14:28:13.354000+00:00,1.0,P
3403,3364,2021-05-05T14:28:15.574000+00:00,1.0,S
3404,3142,2021-05-05T14:28:13.354000+00:00,1.0,P
3404,3364,2021-05-05T14:28:15.574000+00:00,1.0,S
3405,3142,2021-05-05T14:28:13.354000+00:00,1.0,P
3405,3364,2021-05-05T14:28:15.574000+00:00,1.0,S
3406,3141,2021-05-05T14:28:13.344000+00:00,1.0,P
3406,3364,2021-05-05T14:28:15.574000+00:00,1.0,S
3407,3141,2021-05-05T14:28:13.344000+00:00,1.0,P
3407,3363,2021-05-05T14:28:15.564000+00:00,1.0,S
3408,3141,2021-05-05T14:28:13.344000+00:00,1.0,P
3408,3363,2021-05-05T14:28:15.564000+00:00,1.0,S
3409,3141,2021-05-05T14:28:13.344000+00:00,1.0,P
3409,3362,2021-05-05T14:28:15.553999+00:00,1.0,S
3410,3141,2021-05-05T14:28:13.344000+00:00,1.0,P
3410,3361,2021-05-05T14:28:15.544000+00:00,1.0,S
3411,3141,2021-05-05T14:28:13.344000+00:00,1.0,P
3411,3361,2021-05-05T14:28:15.544000+00:00,1.0,S
3412,3141,2021-05-05T14:28:13.344000+00:00,1.0,P
3412,3361,2021-05-05T14:28:15.544000+00:00,1.0,S
3413,3141,2021-05-05T14:28:13.344000+00:00,1.0,P
3413,3361,2021-05-05T14:28:15.544000+00:00,1.0,S
3414,3140,2021-05-05T14:28:13.334000+00:00,1.0,P
3414,3360,2021-05-05T14:28:15.534000+00:00,1.0,S
3415,3140,2021-05-05T14:28:13.334000+00:00,1.0,P
3415,3360,2021-05-05T14:28:15.534000+00:00,1.0,S
3416,3140,2021-05-05T14:28:13.334000+00:00,1.0,P
3416,3360,2021-05-05T14:28:15.534000+00:00,1.0,S
3417,3140,2021-05-05T14:28:13.334000+00:00,1.0,P
3417,3360,2021-05-05T14:28:15.534000+00:00,1.0,S
3418,3140,2021-05-05T14:28:13.334000+00:00,1.0,P
3418,3360,2021-05-05T14:28:15.534000+00:00,1.0,S
3419,3140,2021-05-05T14:28:13.334000+00:00,1.0,P
3419,3359,2021-05-05T14:28:15.524000+00:00,1.0,S
3420,3140,2021-05-05T14:28:13.334000+00:00,1.0,P
3420,3359,2021-05-05T14:28:15.524000+00:00,1.0,S
3421,3140,2021-05-05T14:28:13.334000+00:00,1.0,P
3421,3359,2021-05-05T14:28:15.524000+00:00,1.0,S
3422,3139,2021-05-05T14:28:13.324000+00:00,1.0,P
3422,3359,2021-05-05T14:28:15.524000+00:00,1.0,S
3423,3139,2021-05-05T14:28:13.324000+00:00,1.0,P
3423,3359,2021-05-05T14:28:15.524000+00:00,1.0,S
3424,3139,2021-05-05T14:28:13.324000+00:00,1.0,P
3424,3358,2021-05-05T14:28:15.514000+00:00,1.0,S
3425,3139,2021-05-05T14:28:13.324000+00:00,1.0,P
3425,3358,2021-05-05T14:28:15.514000+00:00,1.0,S
3426,3139,2021-05-05T14:28:13.324000+00:00,1.0,P
3426,3358,2021-05-05T14:28:15.514000+00:00,1.0,S
3427,3139,2021-05-05T14:28:13.324000+00:00,1.0,P
3427,3358,2021-05-05T14:28:15.514000+00:00,1.0,S
3428,3139,2021-05-05T14:28:13.324000+00:00,1.0,P
3428,3358,2021-05-05T14:28:15.514000+00:00,1.0,S
3429,3138,2021-05-05T14:28:13.314000+00:00,1.0,P
3429,3357,2021-05-05T14:28:15.504000+00:00,1.0,S
3430,3138,2021-05-05T14:28:13.314000+00:00,1.0,P
3430,3357,2021-05-05T14:28:15.504000+00:00,1.0,S
3431,3138,2021-05-05T14:28:13.314000+00:00,1.0,P
3431,3357,2021-05-05T14:28:15.504000+00:00,1.0,S
3432,3138,2021-05-05T14:28:13.314000+00:00,1.0,P
3432,3357,2021-05-05T14:28:15.504000+00:00,1.0,S
3433,3138,2021-05-05T14:28:13.314000+00:00,1.0,P
3433,3357,2021-05-05T14:28:15.504000+00:00,1.0,S
3434,3138,2021-05-05T14:28:13.314000+00:00,1.0,P
3434,3356,2021-05-05T14:28:15.494000+00:00,1.0,S
3435,3138,2021-05-05T14:28:13.314000+00:00,1.0,P
3435,3356,2021-05-05T14:28:15.494000+00:00,1.0,S
3436,3137,2021-05-05T14:28:13.304000+00:00,1.0,P
3436,3356,2021-05-05T14:28:15.494000+00:00,1.0,S
3437,3137,2021-05-05T14:28:13.304000+00:00,1.0,P
3437,3356,2021-05-05T14:28:15.494000+00:00,1.0,S
3438,3137,2021-05-05T14:28:13.304000+00:00,1.0,P
3438,3355,2021-05-05T14:28:15.483999+00:00,1.0,S
3439,3137,2021-05-05T14:28:13.304000+00:00,1.0,P
3439,3355,2021-05-05T14:28:15.483999+00:00,1.0,S
3440,3137,2021-05-05T14:28:13.304000+00:00,1.0,P
3440,3355,2021-05-05T14:28:15.483999+00:00,1.0,S
3441,3137,2021-05-05T14:28:13.304000+00:00,1.0,P
3441,3355,2021-05-05T14:28:15.483999+00:00,1.0,S
3442,3137,2021-05-05T14:28:13.304000+00:00,1.0,P
3442,3355,2021-05-05T14:28:15.483999+00:00,1.0,S
3443,3137,2021-05-05T14:28:13.304000+00:00,1.0,P
3443,3354,2021-05-05T14:28:15.474000+00:00,1.0,S
3444,3136,2021-05-05T14:28:13.294000+00:00,1.0,P
3444,3354,2021-05-05T14:28:15.474000+00:00,1.0,S
3445,3136,2021-05-05T14:28:13.294000+00:00,1.0,P
3445,3354,2021-05-05T14:28:15.474000+00:00,1.0,S
3446,3136,2021-05-05T14:28:13.294000+00:00,1.0,P
3446,3354,2021-05-05T14:28:15.474000+00:00,1.0,S
3447,3136,2021-05-05T14:28:13.294000+00:00,1.0,P
3447,3353,2021-05-05T14:28:15.464000+00:00,1.0,S
3448,3136,2021-05-05T14:28:13.294000+00:00,1.0,P
3448,3353,2021-05-05T14:28:15.464000+00:00,1.0,S
3449,3136,2021-05-05T14:28:13.294000+00:00,1.0,P
3449,3353,2021-05-05T14:28:15.464000+00:00,1.0,S
3450,3136,2021-05-05T14:28:13.294000+00:00,1.0,P
3450,3353,2021-05-05T14:28:15.464000+00:00,1.0,S
3451,3135,2021-05-05T14:28:13.284000+00:00,1.0,P
3451,3353,2021-05-05T14:28:15.464000+00:00,1.0,S
3452,3135,2021-05-05T14:28:13.284000+00:00,1.0,P
3452,3352,2021-05-05T14:28:15.454000+00:00,1.0,S
3453,3135,2021-05-05T14:28:13.284000+00:00,1.0,P
3453,3352,2021-05-05T14:28:15.454000+00:00,1.0,S
3454,3135,2021-05-05T14:28:13.284000+00:00,1.0,P
3454,3352,2021-05-05T14:28:15.454000+00:00,1.0,S
3455,3135,2021-05-05T14:28:13.284000+00:00,1.0,P
3455,3352,2021-05-05T14:28:15.454000+00:00,1.0,S
3456,3135,2021-05-05T14:28:13.284000+00:00,1.0,P
3456,3351,2021-05-05T14:28:15.443999+00:00,1.0,S
3457,3135,2021-05-05T14:28:13.284000+00:00,1.0,P
3457,3351,2021-05-05T14:28:15.443999+00:00,1.0,S
3458,3135,2021-05-05T14:28:13.284000+00:00,1.0,P
3458,3351,2021-05-05T14:28:15.443999+00:00,1.0,S
3459,3134,2021-05-05T14:28:13.274000+00:00,1.0,P
3459,3351,2021-05-05T14:28:15.443999+00:00,1.0,S
3460,3134,2021-05-05T14:28:13.274000+00:00,1.0,P
3460,3351,2021-05-05T14:28:15.443999+00:00,1.0,S
3461,3134,2021-05-05T14:28:13.274000+00:00,1.0,P
3461,3350,2021-05-05T14:28:15.434000+00:00,1.0,S
3462,3134,2021-05-05T14:28:13.274000+00:00,1.0,P
3462,3350,2021-05-05T14:28:15.434000+00:00,1.0,S
3463,3134,2021-05-05T14:28:13.274000+00:00,1.0,P
3463,3350,2021-05-05T14:28:15.434000+00:00,1.0,S
3464,3134,2021-05-05T14:28:13.274000+00:00,1.0,P
3464,3350,2021-05-05T14:28:15.434000+00:00,1.0,S
3465,3134,2021-05-05T14:28:13.274000+00:00,1.0,P
3465,3350,2021-05-05T14:28:15.434000+00:00,1.0,S
3466,3133,2021-05-05T14:28:13.264000+00:00,1.0,P
3466,3349,2021-05-05T14:28:15.424000+00:00,1.0,S
3467,3133,2021-05-05T14:28:13.264000+00:00,1.0,P
3467,3349,2021-05-05T14:28:15.424000+00:00,1.0,S
3468,3133,2021-05-05T14:28:13.264000+00:00,1.0,P
3468,3349,2021-05-05T14:28:15.424000+00:00,1.0,S
3469,3133,2021-05-05T14:28:13.264000+00:00,1.0,P
3469,3349,2021-05-05T14:28:15.424000+00:00,1.0,S
3470,3133,2021-05-05T14:28:13.264000+00:00,1.0,P
3470,3348,2021-05-05T14:28:15.414000+00:00,1.0,S
3471,3133,2021-05-05T14:28:13.264000+00:00,1.0,P
3471,3348,2021-05-05T14:28:15.414000+00:00,1.0,S
3472,3133,2021-05-05T14:28:13.264000+00:00,1.0,P
3472,3348,2021-05-05T14:28:15.414000+00:00,1.0,S
3473,3133,2021-05-05T14:28:13.264000+00:00,1.0,P
3473,3348,2021-05-05T14:28:15.414000+00:00,1.0,S
3474,3132,2021-05-05T14:28:13.254000+00:00,1.0,P
3474,3348,2021-05-05T14:28:15.414000+00:00,1.0,S
3475,3132,2021-05-05T14:28:13.254000+00:00,1.0,P
3475,3347,2021-05-05T14:28:15.404000+00:00,1.0,S
3476,3132,2021-05-05T14:28:13.254000+00:00,1.0,P
3476,3347,2021-05-05T14:28:15.404000+00:00,1.0,S
3477,3132,2021-05-05T14:28:13.254000+00:00,1.0,P
3477,3347,2021-05-05T14:28:15.404000+00:00,1.0,S
3478,3132,2021-05-05T14:28:13.254000+00:00,1.0,P
3478,3347,2021-05-05T14:28:15.404000+00:00,1.0,S
3479,3132,2021-05-05T14:28:13.254000+00:00,1.0,P
3479,3346,2021-05-05T14:28:15.394000+00:00,1.0,S
3480,3132,2021-05-05T14:28:13.254000+00:00,1.0,P
3480,3346,2021-05-05T14:28:15.394000+00:00,1.0,S
3481,3132,2021-05-05T14:28:13.254000+00:00,1.0,P
3481,3346,2021-05-05T14:28:15.394000+00:00,1.0,S
3482,3131,2021-05-05T14:28:13.244000+00:00,1.0,P
3482,3346,2021-05-05T14:28:15.394000+00:00,1.0,S
3483,3131,2021-05-05T14:28:13.244000+00:00,1.0,P
3483,3346,2021-05-05T14:28:15.394000+00:00,1.0,S
3484,3131,2021-05-05T14:28:13.244000+00:00,1.0,P
3484,3345,2021-05-05T14:28:15.384000+00:00,1.0,S
3485,3131,2021-05-05T14:28:13.244000+00:00,1.0,P
3485,3345,2021-05-05T14:28:15.384000+00:00,1.0,S
3486,3131,2021-05-05T14:28:13.244000+00:00,1.0,P
3486,3345,2021-05-05T14:28:15.384000+00:00,1.0,S
3487,3131,2021-05-05T14:28:13.244000+00:00,1.0,P
3487,3345,2021-05-05T14:28:15.384000+00:00,1.0,S
3488,3131,2021-05-05T14:28:13.244000+00:00,1.0,P
3488,3345,2021-05-05T14:28:15.384000+00:00,1.0,S
3489,3130,2021-05-05T14:28:13.234000+00:00,1.0,P
3489,3344,2021-05-05T14:28:15.373999+00:00,1.0,S
3490,3130,2021-05-05T14:28:13.234000+00:00,1.0,P
3490,3344,2021-05-05T14:28:15.373999+00:00,1.0,S
3491,3130,2021-05-05T14:28:13.234000+00:00,1.0,P
3491,3344,2021-05-05T14:28:15.373999+00:00,1.0,S
3492,3130,2021-05-05T14:28:13.234000+00:00,1.0,P
3492,3344,2021-05-05T14:28:15.373999+00:00,1.0,S
3493,3130,2021-05-05T14:28:13.234000+00:00,1.0,P
3493,3343,2021-05-05T14:28:15.364000+00:00,1.0,S
3494,3130,2021-05-05T14:28:13.234000+00:00,1.0,P
3494,3343,2021-05-05T14:28:15.364000+00:00,1.0,S
3495,3130,2021-05-05T14:28:13.234000+00:00,1.0,P
3495,3343,2021-05-05T14:28:15.364000+00:00,1.0,S
3496,3129,2021-05-05T14:28:13.224000+00:00,1.0,P
3496,3343,2021-05-05T14:28:15.364000+00:00,1.0,S
3497,3129,2021-05-05T14:28:13.224000+00:00,1.0,P
3497,3343,2021-05-05T14:28:15.364000+00:00,1.0,S
3498,3129,2021-05-05T14:28:13.224000+00:00,1.0,P
3498,3342,2021-05-05T14:28:15.354000+00:00,1.0,S
3499,3129,2021-05-05T14:28:13.224000+00:00,1.0,P
3499,3342,2021-05-05T14:28:15.354000+00:00,1.0,S
3500,3129,2021-05-05T14:28:13.224000+00:00,1.0,P
3500,3342,2021-05-05T14:28:15.354000+00:00,1.0,S
3501,3129,2021-05-05T14:28:13.224000+00:00,1.0,P
3501,3342,2021-05-05T14:28:15.354000+00:00,1.0,S
3502,3129,2021-05-05T14:28:13.224000+00:00,1.0,P
3502,3341,2021-05-05T14:28:15.344000+00:00,1.0,S
3503,3129,2021-05-05T14:28:13.224000+00:00,1.0,P
3503,3341,2021-05-05T14:28:15.344000+00:00,1.0,S
3504,3128,2021-05-05T14:28:13.214000+00:00,1.0,P
3504,3341,2021-05-05T14:28:15.344000+00:00,1.0,S
3505,3128,2021-05-05T14:28:13.214000+00:00,1.0,P
3505,3341,2021-05-05T14:28:15.344000+00:00,1.0,S
3506,3128,2021-05-05T14:28:13.214000+00:00,1.0,P
3506,3341,2021-05-05T14:28:15.344000+00:00,1.0,S
3507,3128,2021-05-05T14:28:13.214000+00:00,1.0,P
3507,3340,2021-05-05T14:28:15.334000+00:00,1.0,S
3508,3128,2021-05-05T14:28:13.214000+00:00,1.0,P
3508,3340,2021-05-05T14:28:15.334000+00:00,1.0,S
3509,3128,2021-05-05T14:28:13.214000+00:00,1.0,P
3509,3340,2021-05-05T14:28:15.334000+00:00,1.0,S
3510,3128,2021-05-05T14:28:13.214000+00:00,1.0,P
3510,3340,2021-05-05T14:28:15.334000+00:00,1.0,S
3511,3128,2021-05-05T14:28:13.214000+00:00,1.0,P
3511,3339,2021-05-05T14:28:15.324000+00:00,1.0,S
3512,3127,2021-05-05T14:28:13.204000+00:00,1.0,P
3512,3339,2021-05-05T14:28:15.324000+00:00,1.0,S
3513,3127,2021-05-05T14:28:13.204000+00:00,1.0,P
3513,3339,2021-05-05T14:28:15.324000+00:00,1.0,S
3514,3127,2021-05-05T14:28:13.204000+00:00,1.0,P
3514,3339,2021-05-05T14:28:15.324000+00:00,1.0,S
3515,3127,2021-05-05T14:28:13.204000+00:00,1.0,P
3515,3339,2021-05-05T14:28:15.324000+00:00,1.0,S
3516,3127,2021-05-05T14:28:13.204000+00:00,1.0,P
3516,3338,2021-05-05T14:28:15.314000+00:00,1.0,S
3517,3127,2021-05-05T14:28:13.204000+00:00,1.0,P
3517,3338,2021-05-05T14:28:15.314000+00:00,1.0,S
3518,3127,2021-05-05T14:28:13.204000+00:00,1.0,P
3518,3338,2021-05-05T14:28:15.314000+00:00,1.0,S
3519,3126,2021-05-05T14:28:13.194000+00:00,1.0,P
3519,3338,2021-05-05T14:28:15.314000+00:00,1.0,S
3520,3126,2021-05-05T14:28:13.194000+00:00,1.0,P
3520,3338,2021-05-05T14:28:15.314000+00:00,1.0,S
3521,3126,2021-05-05T14:28:13.194000+00:00,1.0,P
3521,3337,2021-05-05T14:28:15.303999+00:00,1.0,S
3522,3126,2021-05-05T14:28:13.194000+00:00,1.0,P
3522,3337,2021-05-05T14:28:15.303999+00:00,1.0,S
3523,3126,2021-05-05T14:28:13.194000+00:00,1.0,P
3523,3337,2021-05-05T14:28:15.303999+00:00,1.0,S
3524,3126,2021-05-05T14:28:13.194000+00:00,1.0,P
3524,3337,2021-05-05T14:28:15.303999+00:00,1.0,S
3525,3126,2021-05-05T14:28:13.194000+00:00,1.0,P
3525,3336,2021-05-05T14:28:15.294000+00:00,1.0,S
3526,3125,2021-05-05T14:28:13.184000+00:00,1.0,P
3526,3336,2021-05-05T14:28:15.294000+00:00,1.0,S
3527,3125,2021-05-05T14:28:13.184000+00:00,1.0,P
3527,3336,2021-05-05T14:28:15.294000+00:00,1.0,S
3528,3125,2021-05-05T14:28:13.184000+00:00,1.0,P
3528,3336,2021-05-05T14:28:15.294000+00:00,1.0,S
3529,3125,2021-05-05T14:28:13.184000+00:00,1.0,P
3529,3336,2021-05-05T14:28:15.294000+00:00,1.0,S
3530,3125,2021-05-05T14:28:13.184000+00:00,1.0,P
3530,3335,2021-05-05T14:28:15.284000+00:00,1.0,S
3531,3125,2021-05-05T14:28:13.184000+00:00,1.0,P
3531,3335,2021-05-05T14:28:15.284000+00:00,1.0,S
3532,3125,2021-05-05T14:28:13.184000+00:00,1.0,P
3532,3335,2021-05-05T14:28:15.284000+00:00,1.0,S
3533,3124,2021-05-05T14:28:13.174000+00:00,1.0,P
3533,3335,2021-05-05T14:28:15.284000+00:00,1.0,S
3534,3124,2021-05-05T14:28:13.174000+00:00,1.0,P
3534,3334,2021-05-05T14:28:15.274000+00:00,1.0,S
3535,3124,2021-05-05T14:28:13.174000+00:00,1.0,P
3535,3334,2021-05-05T14:28:15.274000+00:00,1.0,S
3536,3124,2021-05-05T14:28:13.174000+00:00,1.0,P
3536,3334,2021-05-05T14:28:15.274000+00:00,1.0,S
3537,3124,2021-05-05T14:28:13.174000+00:00,1.0,P
3537,3334,2021-05-05T14:28:15.274000+00:00,1.0,S
3538,3124,2021-05-05T14:28:13.174000+00:00,1.0,P
3538,3334,2021-05-05T14:28:15.274000+00:00,1.0,S
3539,3124,2021-05-05T14:28:13.174000+00:00,1.0,P
3539,3333,2021-05-05T14:28:15.264000+00:00,1.0,S
3540,3124,2021-05-05T14:28:13.174000+00:00,1.0,P
3540,3333,2021-05-05T14:28:15.264000+00:00,1.0,S
3541,3123,2021-05-05T14:28:13.164000+00:00,1.0,P
3541,3333,2021-05-05T14:28:15.264000+00:00,1.0,S
3542,3123,2021-05-05T14:28:13.164000+00:00,1.0,P
3542,3333,2021-05-05T14:28:15.264000+00:00,1.0,S
3543,3123,2021-05-05T14:28:13.164000+00:00,1.0,P
3543,3332,2021-05-05T14:28:15.254000+00:00,1.0,S
3544,3123,2021-05-05T14:28:13.164000+00:00,1.0,P
3544,3332,2021-05-05T14:28:15.254000+00:00,1.0,S
3545,3123,2021-05-05T14:28:13.164000+00:00,1.0,P
3545,3332,2021-05-05T14:28:15.254000+00:00,1.0,S
3546,3123,2021-05-05T14:28:13.164000+00:00,1.0,P
3546,3332,2021-05-05T14:28:15.254000+00:00,1.0,S
3547,3123,2021-05-05T14:28:13.164000+00:00,1.0,P
3547,3332,2021-05-05T14:28:15.254000+00:00,1.0,S
3548,3122,2021-05-05T14:28:13.154000+00:00,1.0,P
3548,3331,2021-05-05T14:28:15.244000+00:00,1.0,S
3549,3122,2021-05-05T14:28:13.154000+00:00,1.0,P
3549,3331,2021-05-05T14:28:15.244000+00:00,1.0,S
3550,3122,2021-05-05T14:28:13.154000+00:00,1.0,P
3550,3331,2021-05-05T14:28:15.244000+00:00,1.0,S
3551,3122,2021-05-05T14:28:13.154000+00:00,1.0,P
3551,3331,2021-05-05T14:28:15.244000+00:00,1.0,S
3552,3122,2021-05-05T14:28:13.154000+00:00,1.0,P
3552,3331,2021-05-05T14:28:15.244000+00:00,1.0,S
3553,3122,2021-05-05T14:28:13.154000+00:00,1.0,P
3553,3330,2021-05-05T14:28:15.233999+00:00,1.0,S
3554,3122,2021-05-05T14:28:13.154000+00:00,1.0,P
3554,3330,2021-05-05T14:28:15.233999+00:00,1.0,S
3555,3122,2021-05-05T14:28:13.154000+00:00,1.0,P
3555,3330,2021-05-05T14:28:15.233999+00:00,1.0,S
3556,3121,2021-05-05T14:28:13.144000+00:00,1.0,P
3556,3330,2021-05-05T14:28:15.233999+00:00,1.0,S
3557,3121,2021-05-05T14:28:13.144000+00:00,1.0,P
3557,3330,2021-05-05T14:28:15.233999+00:00,1.0,S
3558,3121,2021-05-05T14:28:13.144000+00:00,1.0,P
3558,3329,2021-05-05T14:28:15.224000+00:00,1.0,S
3559,3121,2021-05-05T14:28:13.144000+00:00,1.0,P
3559,3329,2021-05-05T14:28:15.224000+00:00,1.0,S
3560,3121,2021-05-05T14:28:13.144000+00:00,1.0,P
3560,3329,2021-05-05T14:28:15.224000+00:00,1.0,S
3561,3121,2021-05-05T14:28:13.144000+00:00,1.0,P
3561,3329,2021-05-05T14:28:15.224000+00:00,1.0,S
3562,3121,2021-05-05T14:28:13.144000+00:00,1.0,P
3562,3329,2021-05-05T14:28:15.224000+00:00,1.0,S
3563,3121,2021-05-05T14:28:13.144000+00:00,1.0,P
3563,3329,2021-05-05T14:28:15.224000+00:00,1.0,S
3564,3121,2021-05-05T14:28:13.144000+00:00,1.0,P
3564,3328,2021-05-05T14:28:15.214000+00:00,1.0,S
3565,3120,2021-05-05T14:28:13.134000+00:00,1.0,P
3565,3328,2021-05-05T14:28:15.214000+00:00,1.0,S
3566,3120,2021-05-05T14:28:13.134000+00:00,1.0,P
3566,3328,2021-05-05T14:28:15.214000+00:00,1.0,S
3567,3120,2021-05-05T14:28:13.134000+00:00,1.0,P
3567,3328,2021-05-05T14:28:15.214000+00:00,1.0,S
3568,3120,2021-05-05T14:28:13.134000+00:00,1.0,P
3568,3328,2021-05-05T14:28:15.214000+00:00,1.0,S
3569,3120,2021-05-05T14:28:13.134000+00:00,1.0,P
3569,3328,2021-05-05T14:28:15.214000+00:00,1.0,S
3570,3120,2021-05-05T14:28:13.134000+00:00,1.0,P
3570,3327,2021-05-05T14:28:15.204000+00:00,1.0,S
3571,3120,2021-05-05T14:28:13.134000+00:00,1.0,P
3571,3327,2021-05-05T14:28:15.204000+00:00,1.0,S
3572,3120,2021-05-05T14:28:13.134000+00:00,1.0,P
3572,3327,2021-05-05T14:28:15.204000+00:00,1.0,S
3573,3120,2021-05-05T14:28:13.134000+00:00,1.0,P
3573,3327,2021-05-05T14:28:15.204000+00:00,1.0,S
3574,3120,2021-05-05T14:28:13.134000+00:00,1.0,P
3574,3327,2021-05-05T14:28:15.204000+00:00,1.0,S
3575,3119,2021-05-05T14:28:13.124000+00:00,1.0,P
3575,3327,2021-05-05T14:28:15.204000+00:00,1.0,S
3576,3119,2021-05-05T14:28:13.124000+00:00,1.0,P
3576,3327,2021-05-05T14:28:15.204000+00:00,1.0,S
3577,3119,2021-05-05T14:28:13.124000+00:00,1.0,P
3577,3326,2021-05-05T14:28:15.193999+00:00,1.0,S
3578,3119,2021-05-05T14:28:13.124000+00:00,1.0,P
3578,3326,2021-05-05T14:28:15.193999+00:00,1.0,S
3579,3119,2021-05-05T14:28:13.124000+00:00,1.0,P
3579,3326,2021-05-05T14:28:15.193999+00:00,1.0,S
3580,3119,2021-05-05T14:28:13.124000+00:00,1.0,P
3580,3326,2021-05-05T14:28:15.193999+00:00,1.0,S
3581,3119,2021-05-05T14:28:13.124000+00:00,1.0,P
3581,3326,2021-05-05T14:28:15.193999+00:00,1.0,S
3582,3119,2021-05-05T14:28:13.124000+00:00,1.0,P
3582,3326,2021-05-05T14:28:15.193999+00:00,1.0,S
3583,3119,2021-05-05T14:28:13.124000+00:00,1.0,P
3583,3326,2021-05-05T14:28:15.193999+00:00,1.0,S
3584,3119,2021-05-05T14:28:13.124000+00:00,1.0,P
3584,3325,2021-05-05T14:28:15.184000+00:00,1.0,S
3585,3118,2021-05-05T14:28:13.114000+00:00,1.0,P
3585,3325,2021-05-05T14:28:15.184000+00:00,1.0,S
3586,3118,2021-05-05T14:28:13.114000+00:00,1.0,P
3586,3325,2021-05-05T14:28:15.184000+00:00,1.0,S
3587,3118,2021-05-05T14:28:13.114000+00:00,1.0,P
3587,3325,2021-05-05T14:28:15.184000+00:00,1.0,S
3588,3118,2021-05-05T14:28:13.114000+00:00,1.0,P
3588,3325,2021-05-05T14:28:15.184000+00:00,1.0,S
3589,3118,2021-05-05T14:28:13.114000+00:00,1.0,P
3589,3325,2021-05-05T14:28:15.184000+00:00,1.0,S
3590,3118,2021-05-05T14:28:13.114000+00:00,1.0,P
3590,3325,2021-05-05T14:28:15.184000+00:00,1.0,S
3591,3118,2021-05-05T14:28:13.114000+00:00,1.0,P
3591,3325,2021-05-05T14:28:15.184000+00:00,1.0,S
3592,3118,2021-05-05T14:28:13.114000+00:00,1.0,P
3592,3324,2021-05-05T14:28:15.174000+00:00,1.0,S
3593,3118,2021-05-05T14:28:13.114000+00:00,1.0,P
3593,3324,2021-05-05T14:28:15.174000+00:00,1.0,S
3594,3118,2021-05-05T14:28:13.114000+00:00,1.0,P
3594,3324,2021-05-05T14:28:15.174000+00:00,1.0,S
3595,3118,2021-05-05T14:28:13.114000+00:00,1.0,P
3595,3324,2021-05-05T14:28:15.174000+00:00,1.0,S
3596,3118,2021-05-05T14:28:13.114000+00:00,1.0,P
3596,3324,2021-05-05T14:28:15.174000+00:00,1.0,S
3597,3117,2021-05-05T14:28:13.104000+00:00,1.0,P
3597,3324,2021-05-05T14:28:15.174000+00:00,1.0,S
3598,3117,2021-05-05T14:28:13.104000+00:00,1.0,P
3598,3324,2021-05-05T14:28:15.174000+00:00,1.0,S
3599,3117,2021-05-05T14:28:13.104000+00:00,1.0,P
3599,3324,2021-05-05T14:28:15.174000+00:00,1.0,S
3600,3117,2021-05-05T14:28:13.104000+00:00,1.0,P
3600,3324,2021-05-05T14:28:15.174000+00:00,1.0,S
3601,3117,2021-05-05T14:28:13.104000+00:00,1.0,P
3601,3324,2021-05-05T14:28:15.174000+00:00,1.0,S
3602,3117,2021-05-05T14:28:13.104000+00:00,1.0,P
3602,3323,2021-05-05T14:28:15.164000+00:00,1.0,S
3603,3117,2021-05-05T14:28:13.104000+00:00,1.0,P
3603,3323,2021-05-05T14:28:15.164000+00:00,1.0,S
3604,3117,2021-05-05T14:28:13.104000+00:00,1.0,P
3604,3323,2021-05-05T14:28:15.164000+00:00,1.0,S
3605,3117,2021-05-05T14:28:13.104000+00:00,1.0,P
3605,3323,2021-05-05T14:28:15.164000+00:00,1.0,S
3606,3117,2021-05-05T14:28:13.104000+00:00,1.0,P
3606,3323,2021-05-05T14:28:15.164000+00:00,1.0,S
3607,3117,2021-05-05T14:28:13.104000+00:00,1.0,P
3607,3323,2021-05-05T14:28:15.164000+00:00,1.0,S
3608,3117,2021-05-05T14:28:13.104000+00:00,1.0,P
3608,3323,2021-05-05T14:28:15.164000+00:00,1.0,S
3609,3117,2021-05-05T14:28:13.104000+00:00,1.0,P
3609,3323,2021-05-05T14:28:15.164000+00:00,1.0,S
3610,3117,2021-05-05T14:28:13.104000+00:00,1.0,P
3610,3323,2021-05-05T14:28:15.164000+00:00,1.0,S
3611,3117,2021-05-05T14:28:13.104000+00:00,1.0,P
3611,3323,2021-05-05T14:28:15.164000+00:00,1.0,S
3612,3117,2021-05-05T14:28:13.104000+00:00,1.0,P
3612,3323,2021-05-05T14:28:15.164000+00:00,1.0,S
3613,3117,2021-05-05T14:28:13.104000+00:00,1.0,P
3613,3323,2021-05-05T14:28:15.164000+00:00,1.0,S
3614,3117,2021-05-05T14:28:13.104000+00:00,1.0,P
3614,3322,2021-05-05T14:28:15.154000+00:00,1.0,S
3615,3116,2021-05-05T14:28:13.094000+00:00,1.0,P
3615,3322,2021-05-05T14:28:15.154000+00:00,1.0,S
3616,3116,2021-05-05T14:28:13.094000+00:00,1.0,P
3616,3322,2021-05-05T14:28:15.154000+00:00,1.0,S
3617,3116,2021-05-05T14:28:13.094000+00:00,1.0,P
3617,3322,2021-05-05T14:28:15.154000+00:00,1.0,S
3618,3116,2021-05-05T14:28:13.094000+00:00,1.0,P
3618,3322,2021-05-05T14:28:15.154000+00:00,1.0,S
3619,3116,2021-05-05T14:28:13.094000+00:00,1.0,P
3619,3322,2021-05-05T14:28:15.154000+00:00,1.0,S
3620,3116,2021-05-05T14:28:13.094000+00:00,1.0,P
3620,3322,2021-05-05T14:28:15.154000+00:00,1.0,S
3621,3116,2021-05-05T14:28:13.094000+00:00,1.0,P
3621,3322,2021-05-05T14:28:15.154000+00:00,1.0,S
3622,3116,2021-05-05T14:28:13.094000+00:00,1.0,P
3622,3322,2021-05-05T14:28:15.154000+00:00,1.0,S
3623,3116,2021-05-05T14:28:13.094000+00:00,1.0,P
3623,3322,2021-05-05T14:28:15.154000+00:00,1.0,S
3624,3116,2021-05-05T14:28:13.094000+00:00,1.0,P
3624,3322,2021-05-05T14:28:15.154000+00:00,1.0,S
3625,3116,2021-05-05T14:28:13.094000+00:00,1.0,P
3625,3322,2021-05-05T14:28:15.154000+00:00,1.0,S
3626,3116,2021-05-05T14:28:13.094000+00:00,1.0,P
3626,3322,2021-05-05T14:28:15.154000+00:00,1.0,S
3627,3116,2021-05-05T14:28:13.094000+00:00,1.0,P
3627,3322,2021-05-05T14:28:15.154000+00:00,1.0,S
3628,3116,2021-05-05T14:28:13.094000+00:00,1.0,P
3628,3322,2021-05-05T14:28:15.154000+00:00,1.0,S
3629,3116,2021-05-05T14:28:13.094000+00:00,1.0,P
3629,3322,2021-05-05T14:28:15.154000+00:00,1.0,S
3630,3116,2021-05-05T14:28:13.094000+00:00,1.0,P
3630,3322,2021-05-05T14:28:15.154000+00:00,1.0,S
3631,3116,2021-05-05T14:28:13.094000+00:00,1.0,P
3631,3322,2021-05-05T14:28:15.154000+00:00,1.0,S
3632,3116,2021-05-05T14:28:13.094000+00:00,1.0,P
3632,3322,2021-05-05T14:28:15.154000+00:00,1.0,S
3633,3116,2021-05-05T14:28:13.094000+00:00,1.0,P
3633,3322,2021-05-05T14:28:15.154000+00:00,1.0,S
3634,3116,2021-05-05T14:28:13.094000+00:00,1.0,P
3634,3322,2021-05-05T14:28:15.154000+00:00,1.0,S
3635,3116,2021-05-05T14:28:13.094000+00:00,1.0,P
3635,3322,2021-05-05T14:28:15.154000+00:00,1.0,S
3636,3116,2021-05-05T14:28:13.094000+00:00,1.0,P
3636,3322,2021-05-05T14:28:15.154000+00:00,1.0,S
3637,3116,2021-05-05T14:28:13.094000+00:00,1.0,P
3637,3322,2021-05-05T14:28:15.154000+00:00,1.0,S
3638,3116,2021-05-05T14:28:13.094000+00:00,1.0,P
3638,3322,2021-05-05T14:28:15.154000+00:00,1.0,S
3639,3116,2021-05-05T14:28:13.094000+00:00,1.0,P
3639,3322,2021-05-05T14:28:15.154000+00:00,1.0,S
3640,3117,2021-05-05T14:28:13.104000+00:00,1.0,P
3640,3322,2021-05-05T14:28:15.154000+00:00,1.0,S
3641,3117,2021-05-05T14:28:13.104000+00:00,1.0,P
3641,3322,2021-05-05T14:28:15.154000+00:00,1.0,S
3642,3117,2021-05-05T14:28:13.104000+00:00,1.0,P
3642,3322,2021-05-05T14:28:15.154000+00:00,1.0,S
3643,3117,2021-05-05T14:28:13.104000+00:00,1.0,P
3643,3322,2021-05-05T14:28:15.154000+00:00,1.0,S
3644,3117,2021-05-05T14:28:13.104000+00:00,1.0,P
3644,3322,2021-05-05T14:28:15.154000+00:00,1.0,S
3645,3117,2021-05-05T14:28:13.104000+00:00,1.0,P
3645,3322,2021-05-05T14:28:15.154000+00:00,1.0,S
3646,3117,2021-05-05T14:28:13.104000+00:00,1.0,P
3646,3322,2021-05-05T14:28:15.154000+00:00,1.0,S
3647,3117,2021-05-05T14:28:13.104000+00:00,1.0,P
3647,3322,2021-05-05T14:28:15.154000+00:00,1.0,S
3648,3117,2021-05-05T14:28:13.104000+00:00,1.0,P
3648,3322,2021-05-05T14:28:15.154000+00:00,1.0,S
3649,3117,2021-05-05T14:28:13.104000+00:00,1.0,P
3649,3322,2021-05-05T14:28:15.154000+00:00,1.0,S
3650,3117,2021-05-05T14:28:13.104000+00:00,1.0,P
3650,3322,2021-05-05T14:28:15.154000+00:00,1.0,S
3651,3117,2021-05-05T14:28:13.104000+00:00,1.0,P
3651,3322,2021-05-05T14:28:15.154000+00:00,1.0,S
3652,3117,2021-05-05T14:28:13.104000+00:00,1.0,P
3652,3322,2021-05-05T14:28:15.154000+00:00,1.0,S
3653,3117,2021-05-05T14:28:13.104000+00:00,1.0,P
3653,3322,2021-05-05T14:28:15.154000+00:00,1.0,S
3654,3117,2021-05-05T14:28:13.104000+00:00,1.0,P
3654,3322,2021-05-05T14:28:15.154000+00:00,1.0,S
3655,3117,2021-05-05T14:28:13.104000+00:00,1.0,P
3655,3322,2021-05-05T14:28:15.154000+00:00,1.0,S
3656,3117,2021-05-05T14:28:13.104000+00:00,1.0,P
3656,3322,2021-05-05T14:28:15.154000+00:00,1.0,S
3657,3117,2021-05-05T14:28:13.104000+00:00,1.0,P
3657,3322,2021-05-05T14:28:15.154000+00:00,1.0,S
3658,3117,2021-05-05T14:28:13.104000+00:00,1.0,P
3658,3322,2021-05-05T14:28:15.154000+00:00,1.0,S
3659,3117,2021-05-05T14:28:13.104000+00:00,1.0,P
3659,3322,2021-05-05T14:28:15.154000+00:00,1.0,S
3660,3117,2021-05-05T14:28:13.104000+00:00,1.0,P
3660,3322,2021-05-05T14:28:15.154000+00:00,1.0,S
3661,3117,2021-05-05T14:28:13.104000+00:00,1.0,P
3661,3322,2021-05-05T14:28:15.154000+00:00,1.0,S
3662,3117,2021-05-05T14:28:13.104000+00:00,1.0,P
3662,3322,2021-05-05T14:28:15.154000+00:00,1.0,S
3663,3117,2021-05-05T14:28:13.104000+00:00,1.0,P
3663,3322,2021-05-05T14:28:15.154000+00:00,1.0,S
3664,3117,2021-05-05T14:28:13.104000+00:00,1.0,P
3664,3322,2021-05-05T14:28:15.154000+00:00,1.0,S
3665,3118,2021-05-05T14:28:13.114000+00:00,1.0,P
3665,3323,2021-05-05T14:28:15.164000+00:00,1.0,S
3666,3118,2021-05-05T14:28:13.114000+00:00,1.0,P
3666,3323,2021-05-05T14:28:15.164000+00:00,1.0,S
3667,3118,2021-05-05T14:28:13.114000+00:00,1.0,P
3667,3323,2021-05-05T14:28:15.164000+00:00,1.0,S
3668,3118,2021-05-05T14:28:13.114000+00:00,1.0,P
3668,3323,2021-05-05T14:28:15.164000+00:00,1.0,S
3669,3118,2021-05-05T14:28:13.114000+00:00,1.0,P
3669,3323,2021-05-05T14:28:15.164000+00:00,1.0,S
3670,3118,2021-05-05T14:28:13.114000+00:00,1.0,P
3670,3323,2021-05-05T14:28:15.164000+00:00,1.0,S
3671,3118,2021-05-05T14:28:13.114000+00:00,1.0,P
3671,3323,2021-05-05T14:28:15.164000+00:00,1.0,S
3672,3118,2021-05-05T14:28:13.114000+00:00,1.0,P
3672,3323,2021-05-05T14:28:15.164000+00:00,1.0,S
3673,3118,2021-05-05T14:28:13.114000+00:00,1.0,P
3673,3323,2021-05-05T14:28:15.164000+00:00,1.0,S
3674,3118,2021-05-05T14:28:13.114000+00:00,1.0,P
3674,3323,2021-05-05T14:28:15.164000+00:00,1.0,S
3675,3118,2021-05-05T14:28:13.114000+00:00,1.0,P
3675,3323,2021-05-05T14:28:15.164000+00:00,1.0,S
3676,3118,2021-05-05T14:28:13.114000+00:00,1.0,P
3676,3323,2021-05-05T14:28:15.164000+00:00,1.0,S
3677,3118,2021-05-05T14:28:13.114000+00:00,1.0,P
3677,3323,2021-05-05T14:28:15.164000+00:00,1.0,S
3678,3118,2021-05-05T14:28:13.114000+00:00,1.0,P
3678,3324,2021-05-05T14:28:15.174000+00:00,1.0,S
3679,3119,2021-05-05T14:28:13.124000+00:00,1.0,P
3679,3324,2021-05-05T14:28:15.174000+00:00,1.0,S
3680,3119,2021-05-05T14:28:13.124000+00:00,1.0,P
3680,3324,2021-05-05T14:28:15.174000+00:00,1.0,S
3681,3119,2021-05-05T14:28:13.124000+00:00,1.0,P
3681,3324,2021-05-05T14:28:15.174000+00:00,1.0,S
3682,3119,2021-05-05T14:28:13.124000+00:00,1.0,P
3682,3324,2021-05-05T14:28:15.174000+00:00,1.0,S
3683,3119,2021-05-05T14:28:13.124000+00:00,1.0,P
3683,3324,2021-05-05T14:28:15.174000+00:00,1.0,S
3684,3119,2021-05-05T14:28:13.124000+00:00,1.0,P
3684,3324,2021-05-05T14:28:15.174000+00:00,1.0,S
3685,3119,2021-05-05T14:28:13.124000+00:00,1.0,P
3685,3324,2021-05-05T14:28:15.174000+00:00,1.0,S
3686,3119,2021-05-05T14:28:13.124000+00:00,1.0,P
3686,3324,2021-05-05T14:28:15.174000+00:00,1.0,S
3687,3119,2021-05-05T14:28:13.124000+00:00,1.0,P
3687,3325,2021-05-05T14:28:15.184000+00:00,1.0,S
3688,3119,2021-05-05T14:28:13.124000+00:00,1.0,P
3688,3325,2021-05-05T14:28:15.184000+00:00,1.0,S
3689,3119,2021-05-05T14:28:13.124000+00:00,1.0,P
3689,3325,2021-05-05T14:28:15.184000+00:00,1.0,S
3690,3120,2021-05-05T14:28:13.134000+00:00,1.0,P
3690,3325,2021-05-05T14:28:15.184000+00:00,1.0,S
3691,3120,2021-05-05T14:28:13.134000+00:00,1.0,P
3691,3325,2021-05-05T14:28:15.184000+00:00,1.0,S
3692,3120,2021-05-05T14:28:13.134000+00:00,1.0,P
3692,3325,2021-05-05T14:28:15.184000+00:00,1.0,S
3693,3120,2021-05-05T14:28:13.134000+00:00,1.0,P
3693,3325,2021-05-05T14:28:15.184000+00:00,1.0,S
3694,3120,2021-05-05T14:28:13.134000+00:00,1.0,P
3694,3325,2021-05-05T14:28:15.184000+00:00,1.0,S
3695,3120,2021-05-05T14:28:13.134000+00:00,1.0,P
3695,3326,2021-05-05T14:28:15.193999+00:00,1.0,S
3696,3120,2021-05-05T14:28:13.134000+00:00,1.0,P
3696,3326,2021-05-05T14:28:15.193999+00:00,1.0,S
3697,3120,2021-05-05T14:28:13.134000+00:00,1.0,P
3697,3326,2021-05-05T14:28:15.193999+00:00,1.0,S
3698,3120,2021-05-05T14:28:13.134000+00:00,1.0,P
3698,3326,2021-05-05T14:28:15.193999+00:00,1.0,S
3699,3121,2021-05-05T14:28:13.144000+00:00,1.0,P
3699,3326,2021-05-05T14:28:15.193999+00:00,1.0,S
3700,3121,2021-05-05T14:28:13.144000+00:00,1.0,P
3700,3326,2021-05-05T14:28:15.193999+00:00,1.0,S
3701,3121,2021-05-05T14:28:13.144000+00:00,1.0,P
3701,3327,2021-05-05T14:28:15.204000+00:00,1.0,S
3702,3121,2021-05-05T14:28:13.144000+00:00,1.0,P
3702,3327,2021-05-05T14:28:15.204000+00:00,1.0,S
3703,3121,2021-05-05T14:28:13.144000+00:00,1.0,P
3703,3327,2021-05-05T14:28:15.204000+00:00,1.0,S
3704,3121,2021-05-05T14:28:13.144000+00:00,1.0,P
3704,3327,2021-05-05T14:28:15.204000+00:00,1.0,S
3705,3121,2021-05-05T14:28:13.144000+00:00,1.0,P
3705,3327,2021-05-05T14:28:15.204000+00:00,1.0,S
3706,3121,2021-05-05T14:28:13.144000+00:00,1.0,P
3706,3327,2021-05-05T14:28:15.204000+00:00,1.0,S
3707,3122,2021-05-05T14:28:13.154000+00:00,1.0,P
3707,3328,2021-05-05T14:28:15.214000+00:00,1.0,S
3708,3122,2021-05-05T14:28:13.154000+00:00,1.0,P
3708,3328,2021-05-05T14:28:15.214000+00:00,1.0,S
3709,3122,2021-05-05T14:28:13.154000+00:00,1.0,P
3709,3328,2021-05-05T14:28:15.214000+00:00,1.0,S
3710,3122,2021-05-05T14:28:13.154000+00:00,1.0,P
3710,3328,2021-05-05T14:28:15.214000+00:00,1.0,S
3711,3122,2021-05-05T14:28:13.154000+00:00,1.0,P
3711,3328,2021-05-05T14:28:15.214000+00:00,1.0,S
3712,3122,2021-05-05T14:28:13.154000+00:00,1.0,P
3712,3328,2021-05-05T14:28:15.214000+00:00,1.0,S
3713,3122,2021-05-05T14:28:13.154000+00:00,1.0,P
3713,3329,2021-05-05T14:28:15.224000+00:00,1.0,S
3714,3123,2021-05-05T14:28:13.164000+00:00,1.0,P
3714,3329,2021-05-05T14:28:15.224000+00:00,1.0,S
3715,3123,2021-05-05T14:28:13.164000+00:00,1.0,P
3715,3329,2021-05-05T14:28:15.224000+00:00,1.0,S
3716,3123,2021-05-05T14:28:13.164000+00:00,1.0,P
3716,3329,2021-05-05T14:28:15.224000+00:00,1.0,S
3717,3123,2021-05-05T14:28:13.164000+00:00,1.0,P
3717,3329,2021-05-05T14:28:15.224000+00:00,1.0,S
3718,3123,2021-05-05T14:28:13.164000+00:00,1.0,P
3718,3330,2021-05-05T14:28:15.233999+00:00,1.0,S
3719,3123,2021-05-05T14:28:13.164000+00:00,1.0,P
3719,3330,2021-05-05T14:28:15.233999+00:00,1.0,S
3720,3123,2021-05-05T14:28:13.164000+00:00,1.0,P
3720,3330,2021-05-05T14:28:15.233999+00:00,1.0,S
3721,3124,2021-05-05T14:28:13.174000+00:00,1.0,P
3721,3330,2021-05-05T14:28:15.233999+00:00,1.0,S
3722,3124,2021-05-05T14:28:13.174000+00:00,1.0,P
3722,3330,2021-05-05T14:28:15.233999+00:00,1.0,S
3723,3124,2021-05-05T14:28:13.174000+00:00,1.0,P
3723,3331,2021-05-05T14:28:15.244000+00:00,1.0,S
3724,3124,2021-05-05T14:28:13.174000+00:00,1.0,P
3724,3331,2021-05-05T14:28:15.244000+00:00,1.0,S
3725,3124,2021-05-05T14:28:13.174000+00:00,1.0,P
3725,3331,2021-05-05T14:28:15.244000+00:00,1.0,S
3726,3124,2021-05-05T14:28:13.174000+00:00,1.0,P
3726,3331,2021-05-05T14:28:15.244000+00:00,1.0,S
3727,3125,2021-05-05T14:28:13.184000+00:00,1.0,P
3727,3331,2021-05-05T14:28:15.244000+00:00,1.0,S
3728,3125,2021-05-05T14:28:13.184000+00:00,1.0,P
3728,3332,2021-05-05T14:28:15.254000+00:00,1.0,S
3729,3125,2021-05-05T14:28:13.184000+00:00,1.0,P
3729,3332,2021-05-05T14:28:15.254000+00:00,1.0,S
3730,3125,2021-05-05T14:28:13.184000+00:00,1.0,P
3730,3332,2021-05-05T14:28:15.254000+00:00,1.0,S
3731,3125,2021-05-05T14:28:13.184000+00:00,1.0,P
3731,3332,2021-05-05T14:28:15.254000+00:00,1.0,S
3732,3125,2021-05-05T14:28:13.184000+00:00,1.0,P
3732,3333,2021-05-05T14:28:15.264000+00:00,1.0,S
3733,3126,2021-05-05T14:28:13.194000+00:00,1.0,P
3733,3333,2021-05-05T14:28:15.264000+00:00,1.0,S
3734,3126,2021-05-05T14:28:13.194000+00:00,1.0,P
3734,3333,2021-05-05T14:28:15.264000+00:00,1.0,S
3735,3126,2021-05-05T14:28:13.194000+00:00,1.0,P
3735,3333,2021-05-05T14:28:15.264000+00:00,1.0,S
3736,3126,2021-05-05T14:28:13.194000+00:00,1.0,P
3736,3333,2021-05-05T14:28:15.264000+00:00,1.0,S
3737,3126,2021-05-05T14:28:13.194000+00:00,1.0,P
3737,3334,2021-05-05T14:28:15.274000+00:00,1.0,S
3738,3126,2021-05-05T14:28:13.194000+00:00,1.0,P
3738,3334,2021-05-05T14:28:15.274000+00:00,1.0,S
3739,3127,2021-05-05T14:28:13.204000+00:00,1.0,P
3739,3334,2021-05-05T14:28:15.274000+00:00,1.0,S
3740,3127,2021-05-05T14:28:13.204000+00:00,1.0,P
3740,3334,2021-05-05T14:28:15.274000+00:00,1.0,S
3741,3127,2021-05-05T14:28:13.204000+00:00,1.0,P
3741,3335,2021-05-05T14:28:15.284000+00:00,1.0,S
3742,3127,2021-05-05T14:28:13.204000+00:00,1.0,P
3742,3335,2021-05-05T14:28:15.284000+00:00,1.0,S
3743,3127,2021-05-05T14:28:13.204000+00:00,1.0,P
3743,3335,2021-05-05T14:28:15.284000+00:00,1.0,S
3744,3127,2021-05-05T14:28:13.204000+00:00,1.0,P
3744,3335,2021-05-05T14:28:15.284000+00:00,1.0,S
3745,3128,2021-05-05T14:28:13.214000+00:00,1.0,P
3745,3336,2021-05-05T14:28:15.294000+00:00,1.0,S
3746,3128,2021-05-05T14:28:13.214000+00:00,1.0,P
3746,3336,2021-05-05T14:28:15.294000+00:00,1.0,S
3747,3128,2021-05-05T14:28:13.214000+00:00,1.0,P
3747,3336,2021-05-05T14:28:15.294000+00:00,1.0,S
3748,3128,2021-05-05T14:28:13.214000+00:00,1.0,P
3748,3336,2021-05-05T14:28:15.294000+00:00,1.0,S
3749,3128,2021-05-05T14:28:13.214000+00:00,1.0,P
3749,3337,2021-05-05T14:28:15.303999+00:00,1.0,S
3750,3129,2021-05-05T14:28:13.224000+00:00,1.0,P
3750,3337,2021-05-05T14:28:15.303999+00:00,1.0,S
3751,3129,2021-05-05T14:28:13.224000+00:00,1.0,P
3751,3337,2021-05-05T14:28:15.303999+00:00,1.0,S
3752,3129,2021-05-05T14:28:13.224000+00:00,1.0,P
3752,3337,2021-05-05T14:28:15.303999+00:00,1.0,S
3753,3129,2021-05-05T14:28:13.224000+00:00,1.0,P
3753,3338,2021-05-05T14:28:15.314000+00:00,1.0,S
3754,3129,2021-05-05T14:28:13.224000+00:00,1.0,P
3754,3338,2021-05-05T14:28:15.314000+00:00,1.0,S
3755,3129,2021-05-05T14:28:13.224000+00:00,1.0,P
3755,3338,2021-05-05T14:28:15.314000+00:00,1.0,S
3756,3130,2021-05-05T14:28:13.234000+00:00,1.0,P
3756,3338,2021-05-05T14:28:15.314000+00:00,1.0,S
3757,3130,2021-05-05T14:28:13.234000+00:00,1.0,P
3757,3339,2021-05-05T14:28:15.324000+00:00,1.0,S
3758,3130,2021-05-05T14:28:13.234000+00:00,1.0,P
3758,3339,2021-05-05T14:28:15.324000+00:00,1.0,S
3759,3130,2021-05-05T14:28:13.234000+00:00,1.0,P
3759,3339,2021-05-05T14:28:15.324000+00:00,1.0,S
3760,3130,2021-05-05T14:28:13.234000+00:00,1.0,P
3760,3339,2021-05-05T14:28:15.324000+00:00,1.0,S
3761,3131,2021-05-05T14:28:13.244000+00:00,1.0,P
3761,3340,2021-05-05T14:28:15.334000+00:00,1.0,S
3762,3131,2021-05-05T14:28:13.244000+00:00,1.0,P
3762,3340,2021-05-05T14:28:15.334000+00:00,1.0,S
3763,3131,2021-05-05T14:28:13.244000+00:00,1.0,P
3763,3340,2021-05-05T14:28:15.334000+00:00,1.0,S
3764,3131,2021-05-05T14:28:13.244000+00:00,1.0,P
3764,3340,2021-05-05T14:28:15.334000+00:00,1.0,S
3765,3131,2021-05-05T14:28:13.244000+00:00,1.0,P
3765,3341,2021-05-05T14:28:15.344000+00:00,1.0,S
3766,3131,2021-05-05T14:28:13.244000+00:00,1.0,P
3766,3341,2021-05-05T14:28:15.344000+00:00,1.0,S
3767,3132,2021-05-05T14:28:13.254000+00:00,1.0,P
3767,3341,2021-05-05T14:28:15.344000+00:00,1.0,S
3768,3132,2021-05-05T14:28:13.254000+00:00,1.0,P
3768,3341,2021-05-05T14:28:15.344000+00:00,1.0,S
3769,3132,2021-05-05T14:28:13.254000+00:00,1.0,P
3769,3342,2021-05-05T14:28:15.354000+00:00,1.0,S
3770,3132,2021-05-05T14:28:13.254000+00:00,1.0,P
3770,3342,2021-05-05T14:28:15.354000+00:00,1.0,S
3771,3132,2021-05-05T14:28:13.254000+00:00,1.0,P
3771,3342,2021-05-05T14:28:15.354000+00:00,1.0,S
3772,3133,2021-05-05T14:28:13.264000+00:00,1.0,P
3772,3342,2021-05-05T14:28:15.354000+00:00,1.0,S
3773,3133,2021-05-05T14:28:13.264000+00:00,1.0,P
3773,3343,2021-05-05T14:28:15.364000+00:00,1.0,S
3774,3133,2021-05-05T14:28:13.264000+00:00,1.0,P
3774,3343,2021-05-05T14:28:15.364000+00:00,1.0,S
3775,3133,2021-05-05T14:28:13.264000+00:00,1.0,P
3775,3343,2021-05-05T14:28:15.364000+00:00,1.0,S
3776,3133,2021-05-05T14:28:13.264000+00:00,1.0,P
3776,3344,2021-05-05T14:28:15.373999+00:00,1.0,S
3777,3134,2021-05-05T14:28:13.274000+00:00,1.0,P
3777,3344,2021-05-05T14:28:15.373999+00:00,1.0,S
3778,3134,2021-05-05T14:28:13.274000+00:00,1.0,P
3778,3344,2021-05-05T14:28:15.373999+00:00,1.0,S
3779,3134,2021-05-05T14:28:13.274000+00:00,1.0,P
3779,3344,2021-05-05T14:28:15.373999+00:00,1.0,S
3780,3134,2021-05-05T14:28:13.274000+00:00,1.0,P
3780,3345,2021-05-05T14:28:15.384000+00:00,1.0,S
3781,3134,2021-05-05T14:28:13.274000+00:00,1.0,P
3781,3345,2021-05-05T14:28:15.384000+00:00,1.0,S
3782,3135,2021-05-05T14:28:13.284000+00:00,1.0,P
3782,3345,2021-05-05T14:28:15.384000+00:00,1.0,S
3783,3135,2021-05-05T14:28:13.284000+00:00,1.0,P
3783,3345,2021-05-05T14:28:15.384000+00:00,1.0,S
3784,3135,2021-05-05T14:28:13.284000+00:00,1.0,P
3784,3346,2021-05-05T14:28:15.394000+00:00,1.0,S
3785,3135,2021-05-05T14:28:13.284000+00:00,1.0,P
3785,3346,2021-05-05T14:28:15.394000+00:00,1.0,S
3786,3135,2021-05-05T14:28:13.284000+00:00,1.0,P
3786,3346,2021-05-05T14:28:15.394000+00:00,1.0,S
3787,3135,2021-05-05T14:28:13.284000+00:00,1.0,P
3787,3346,2021-05-05T14:28:15.394000+00:00,1.0,S
3788,3136,2021-05-05T14:28:13.294000+00:00,1.0,P
3788,3347,2021-05-05T14:28:15.404000+00:00,1.0,S
3789,3136,2021-05-05T14:28:13.294000+00:00,1.0,P
3789,3347,2021-05-05T14:28:15.404000+00:00,1.0,S
3790,3136,2021-05-05T14:28:13.294000+00:00,1.0,P
3790,3347,2021-05-05T14:28:15.404000+00:00,1.0,S
3791,3136,2021-05-05T14:28:13.294000+00:00,1.0,P
3791,3347,2021-05-05T14:28:15.404000+00:00,1.0,S
3792,3136,2021-05-05T14:28:13.294000+00:00,1.0,P
3792,3348,2021-05-05T14:28:15.414000+00:00,1.0,S
3793,3137,2021-05-05T14:28:13.304000+00:00,1.0,P
3793,3348,2021-05-05T14:28:15.414000+00:00,1.0,S
3794,3137,2021-05-05T14:28:13.304000+00:00,1.0,P
3794,3348,2021-05-05T14:28:15.414000+00:00,1.0,S
3795,3137,2021-05-05T14:28:13.304000+00:00,1.0,P
3795,3349,2021-05-05T14:28:15.424000+00:00,1.0,S
3796,3137,2021-05-05T14:28:13.304000+00:00,1.0,P
3796,3349,2021-05-05T14:28:15.424000+00:00,1.0,S
3797,3138,2021-05-05T14:28:13.314000+00:00,1.0,P
3797,3349,2021-05-05T14:28:15.424000+00:00,1.0,S
3798,3138,2021-05-05T14:28:13.314000+00:00,1.0,P
3798,3349,2021-05-05T14:28:15.424000+00:00,1.0,S
3799,3138,2021-05-05T14:28:13.314000+00:00,1.0,P
3799,3350,2021-05-05T14:28:15.434000+00:00,1.0,S
3800,3138,2021-05-05T14:28:13.314000+00:00,1.0,P
3800,3350,2021-05-05T14:28:15.434000+00:00,1.0,S
3801,3138,2021-05-05T14:28:13.314000+00:00,1.0,P
3801,3350,2021-05-05T14:28:15.434000+00:00,1.0,S
3802,3139,2021-05-05T14:28:13.324000+00:00,1.0,P
3802,3350,2021-05-05T14:28:15.434000+00:00,1.0,S
3803,3139,2021-05-05T14:28:13.324000+00:00,1.0,P
3803,3351,2021-05-05T14:28:15.443999+00:00,1.0,S
3804,3139,2021-05-05T14:28:13.324000+00:00,1.0,P
3804,3351,2021-05-05T14:28:15.443999+00:00,1.0,S
3805,3139,2021-05-05T14:28:13.324000+00:00,1.0,P
3805,3351,2021-05-05T14:28:15.443999+00:00,1.0,S
3806,3139,2021-05-05T14:28:13.324000+00:00,1.0,P
3806,3351,2021-05-05T14:28:15.443999+00:00,1.0,S
3807,3140,2021-05-05T14:28:13.334000+00:00,1.0,P
3807,3352,2021-05-05T14:28:15.454000+00:00,1.0,S
3808,3140,2021-05-05T14:28:13.334000+00:00,1.0,P
3808,3352,2021-05-05T14:28:15.454000+00:00,1.0,S
3809,3140,2021-05-05T14:28:13.334000+00:00,1.0,P
3809,3352,2021-05-05T14:28:15.454000+00:00,1.0,S
3810,3140,2021-05-05T14:28:13.334000+00:00,1.0,P
3810,3353,2021-05-05T14:28:15.464000+00:00,1.0,S
3811,3140,2021-05-05T14:28:13.334000+00:00,1.0,P
3811,3353,2021-05-05T14:28:15.464000+00:00,1.0,S
3812,3141,2021-05-05T14:28:13.344000+00:00,1.0,P
3812,3353,2021-05-05T14:28:15.464000+00:00,1.0,S
3813,3141,2021-05-05T14:28:13.344000+00:00,1.0,P
3813,3353,2021-05-05T14:28:15.464000+00:00,1.0,S
3814,3141,2021-05-05T14:28:13.344000+00:00,1.0,P
3814,3354,2021-05-05T14:28:15.474000+00:00,1.0,S
3815,3141,2021-05-05T14:28:13.344000+00:00,1.0,P
3815,3354,2021-05-05T14:28:15.474000+00:00,1.0,S
3816,3142,2021-05-05T14:28:13.354000+00:00,1.0,P
3816,3354,2021-05-05T14:28:15.474000+00:00,1.0,S
3817,3142,2021-05-05T14:28:13.354000+00:00,1.0,P
3817,3354,2021-05-05T14:28:15.474000+00:00,1.0,S
3818,3142,2021-05-05T14:28:13.354000+00:00,1.0,P
3818,3355,2021-05-05T14:28:15.483999+00:00,1.0,S
3819,3142,2021-05-05T14:28:13.354000+00:00,1.0,P
3819,3355,2021-05-05T14:28:15.483999+00:00,1.0,S
3820,3142,2021-05-05T14:28:13.354000+00:00,1.0,P
3820,3355,2021-05-05T14:28:15.483999+00:00,1.0,S
3821,3142,2021-05-05T14:28:13.354000+00:00,1.0,P
3821,3355,2021-05-05T14:28:15.483999+00:00,1.0,S
3822,3143,2021-05-05T14:28:13.364000+00:00,1.0,P
3822,3356,2021-05-05T14:28:15.494000+00:00,1.0,S
3823,3143,2021-05-05T14:28:13.364000+00:00,1.0,P
3823,3356,2021-05-05T14:28:15.494000+00:00,1.0,S
3824,3143,2021-05-05T14:28:13.364000+00:00,1.0,P
3824,3356,2021-05-05T14:28:15.494000+00:00,1.0,S
3825,3143,2021-05-05T14:28:13.364000+00:00,1.0,P
3825,3356,2021-05-05T14:28:15.494000+00:00,1.0,S
3826,3143,2021-05-05T14:28:13.364000+00:00,1.0,P
3826,3356,2021-05-05T14:28:15.494000+00:00,1.0,S
3827,3144,2021-05-05T14:28:13.374000+00:00,1.0,P
3827,3357,2021-05-05T14:28:15.504000+00:00,1.0,S
3828,3144,2021-05-05T14:28:13.374000+00:00,1.0,P
3828,3357,2021-05-05T14:28:15.504000+00:00,1.0,S
3829,3144,2021-05-05T14:28:13.374000+00:00,1.0,P
3829,3357,2021-05-05T14:28:15.504000+00:00,1.0,S
3830,3144,2021-05-05T14:28:13.374000+00:00,1.0,P
3830,3357,2021-05-05T14:28:15.504000+00:00,1.0,S
3831,3144,2021-05-05T14:28:13.374000+00:00,1.0,P
3831,3358,2021-05-05T14:28:15.514000+00:00,1.0,S
3832,3145,2021-05-05T14:28:13.384000+00:00,1.0,P
3832,3358,2021-05-05T14:28:15.514000+00:00,1.0,S
3833,3145,2021-05-05T14:28:13.384000+00:00,1.0,P
3833,3358,2021-05-05T14:28:15.514000+00:00,1.0,S
3834,3145,2021-05-05T14:28:13.384000+00:00,1.0,P
3834,3358,2021-05-05T14:28:15.514000+00:00,1.0,S
3835,3145,2021-05-05T14:28:13.384000+00:00,1.0,P
3835,3359,2021-05-05T14:28:15.524000+00:00,1.0,S
3836,3145,2021-05-05T14:28:13.384000+00:00,1.0,P
3836,3359,2021-05-05T14:28:15.524000+00:00,1.0,S
3837,3145,2021-05-05T14:28:13.384000+00:00,1.0,P
3837,3359,2021-05-05T14:28:15.524000+00:00,1.0,S
3838,3146,2021-05-05T14:28:13.394000+00:00,1.0,P
3838,3359,2021-05-05T14:28:15.524000+00:00,1.0,S
3839,3146,2021-05-05T14:28:13.394000+00:00,1.0,P
3839,3360,2021-05-05T14:28:15.534000+00:00,1.0,S
3840,3146,2021-05-05T14:28:13.394000+00:00,1.0,P
3840,3360,2021-05-05T14:28:15.534000+00:00,1.0,S
3841,3146,2021-05-05T14:28:13.394000+00:00,1.0,P
3841,3360,2021-05-05T14:28:15.534000+00:00,1.0,S
3842,3146,2021-05-05T14:28:13.394000+00:00,1.0,P
3842,3360,2021-05-05T14:28:15.534000+00:00,1.0,S
3843,3146,2021-05-05T14:28:13.394000+00:00,1.0,P
3843,3361,2021-05-05T14:28:15.544000+00:00,1.0,S
3844,3147,2021-05-05T14:28:13.404000+00:00,1.0,P
3844,3361,2021-05-05T14:28:15.544000+00:00,1.0,S
3845,3147,2021-05-05T14:28:13.404000+00:00,1.0,P
3845,3361,2021-05-05T14:28:15.544000+00:00,1.0,S
3846,3147,2021-05-05T14:28:13.404000+00:00,1.0,P
3846,3361,2021-05-05T14:28:15.544000+00:00,1.0,S
3847,3147,2021-05-05T14:28:13.404000+00:00,1.0,P
3847,3362,2021-05-05T14:28:15.553999+00:00,1.0,S
3848,3147,2021-05-05T14:28:13.404000+00:00,1.0,P
3848,3362,2021-05-05T14:28:15.553999+00:00,1.0,S
3849,3147,2021-05-05T14:28:13.404000+00:00,1.0,P
3849,3362,2021-05-05T14:28:15.553999+00:00,1.0,S
3850,3148,2021-05-05T14:28:13.414000+00:00,1.0,P
3850,3362,2021-05-05T14:28:15.553999+00:00,1.0,S
3851,3148,2021-05-05T14:28:13.414000+00:00,1.0,P
3851,3362,2021-05-05T14:28:15.553999+00:00,1.0,S
3852,3148,2021-05-05T14:28:13.414000+00:00,1.0,P
3852,3363,2021-05-05T14:28:15.564000+00:00,1.0,S
3853,3148,2021-05-05T14:28:13.414000+00:00,1.0,P
3853,3363,2021-05-05T14:28:15.564000+00:00,1.0,S
3854,3148,2021-05-05T14:28:13.414000+00:00,1.0,P
3854,3363,2021-05-05T14:28:15.564000+00:00,1.0,S
3855,3148,2021-05-05T14:28:13.414000+00:00,1.0,P
3855,3363,2021-05-05T14:28:15.564000+00:00,1.0,S
3856,3149,2021-05-05T14:28:13.424000+00:00,1.0,P
3856,3364,2021-05-05T14:28:15.574000+00:00,1.0,S
3857,3149,2021-05-05T14:28:13.424000+00:00,1.0,P
3857,3364,2021-05-05T14:28:15.574000+00:00,1.0,S
3858,3149,2021-05-05T14:28:13.424000+00:00,1.0,P
3858,3364,2021-05-05T14:28:15.574000+00:00,1.0,S
3859,3149,2021-05-05T14:28:13.424000+00:00,1.0,P
3859,3364,2021-05-05T14:28:15.574000+00:00,1.0,S
3860,3149,2021-05-05T14:28:13.424000+00:00,1.0,P
3860,3365,2021-05-05T14:28:15.584000+00:00,1.0,S
3861,3149,2021-05-05T14:28:13.424000+00:00,1.0,P
3861,3365,2021-05-05T14:28:15.584000+00:00,1.0,S
3862,3150,2021-05-05T14:28:13.434000+00:00,1.0,P
3862,3365,2021-05-05T14:28:15.584000+00:00,1.0,S
3863,3150,2021-05-05T14:28:13.434000+00:00,1.0,P
3863,3365,2021-05-05T14:28:15.584000+00:00,1.0,S
3864,3150,2021-05-05T14:28:13.434000+00:00,1.0,P
3864,3366,2021-05-05T14:28:15.594000+00:00,1.0,S
3865,3150,2021-05-05T14:28:13.434000+00:00,1.0,P
3865,3366,2021-05-05T14:28:15.594000+00:00,1.0,S
3866,3150,2021-05-05T14:28:13.434000+00:00,1.0,P
3866,3366,2021-05-05T14:28:15.594000+00:00,1.0,S
3867,3150,2021-05-05T14:28:13.434000+00:00,1.0,P
3867,3366,2021-05-05T14:28:15.594000+00:00,1.0,S
3868,3151,2021-05-05T14:28:13.444000+00:00,1.0,P
3868,3367,2021-05-05T14:28:15.604000+00:00,1.0,S
3869,3151,2021-05-05T14:28:13.444000+00:00,1.0,P
3869,3367,2021-05-05T14:28:15.604000+00:00,1.0,S
3870,3151,2021-05-05T14:28:13.444000+00:00,1.0,P
3870,3367,2021-05-05T14:28:15.604000+00:00,1.0,S
3871,3151,2021-05-05T14:28:13.444000+00:00,1.0,P
3871,3367,2021-05-05T14:28:15.604000+00:00,1.0,S
3872,3151,2021-05-05T14:28:13.444000+00:00,1.0,P
3872,3368,2021-05-05T14:28:15.614000+00:00,1.0,S
3873,3151,2021-05-05T14:28:13.444000+00:00,1.0,P
3873,3368,2021-05-05T14:28:15.614000+00:00,1.0,S
3874,3151,2021-05-05T14:28:13.444000+00:00,1.0,P
3874,3368,2021-05-05T14:28:15.614000+00:00,1.0,S
3875,3152,2021-05-05T14:28:13.454000+00:00,1.0,P
3875,3368,2021-05-05T14:28:15.614000+00:00,1.0,S
3876,3152,2021-05-05T14:28:13.454000+00:00,1.0,P
3876,3369,2021-05-05T14:28:15.623999+00:00,1.0,S
3877,3152,2021-05-05T14:28:13.454000+00:00,1.0,P
3877,3369,2021-05-05T14:28:15.623999+00:00,1.0,S
3878,3152,2021-05-05T14:28:13.454000+00:00,1.0,P
3878,3369,2021-05-05T14:28:15.623999+00:00,1.0,S
3879,3152,2021-05-05T14:28:13.454000+00:00,1.0,P
3879,3369,2021-05-05T14:28:15.623999+00:00,1.0,S
3880,3152,2021-05-05T14:28:13.454000+00:00,1.0,P
3880,3370,2021-05-05T14:28:15.634000+00:00,1.0,S
3881,3153,2021-05-05T14:28:13.464000+00:00,1.0,P
3881,3370,2021-05-05T14:28:15.634000+00:00,1.0,S
3882,3153,2021-05-05T14:28:13.464000+00:00,1.0,P
3882,3370,2021-05-05T14:28:15.634000+00:00,1.0,S
3883,3153,2021-05-05T14:28:13.464000+00:00,1.0,P
3883,3370,2021-05-05T14:28:15.634000+00:00,1.0,S
3884,3153,2021-05-05T14:28:13.464000+00:00,1.0,P
3884,3370,2021-05-05T14:28:15.634000+00:00,1.0,S
3885,3153,2021-05-05T14:28:13.464000+00:00,1.0,P
3885,3371,2021-05-05T14:28:15.644000+00:00,1.0,S
3886,3153,2021-05-05T14:28:13.464000+00:00,1.0,P
3886,3371,2021-05-05T14:28:15.644000+00:00,1.0,S
3887,3153,2021-05-05T14:28:13.464000+00:00,1.0,P
3887,3371,2021-05-05T14:28:15.644000+00:00,1.0,S
3888,3154,2021-05-05T14:28:13.474000+00:00,1.0,P
3888,3371,2021-05-05T14:28:15.644000+00:00,1.0,S
3889,3154,2021-05-05T14:28:13.474000+00:00,1.0,P
3889,3372,2021-05-05T14:28:15.654000+00:00,1.0,S
3890,3154,2021-05-05T14:28:13.474000+00:00,1.0,P
3890,3372,2021-05-05T14:28:15.654000+00:00,1.0,S
3891,3154,2021-05-05T14:28:13.474000+00:00,1.0,P
3891,3372,2021-05-05T14:28:15.654000+00:00,1.0,S
3892,3154,2021-05-05T14:28:13.474000+00:00,1.0,P
3892,3372,2021-05-05T14:28:15.654000+00:00,1.0,S
3893,3154,2021-05-05T14:28:13.474000+00:00,1.0,P
3893,3373,2021-05-05T14:28:15.664000+00:00,1.0,S
3894,3155,2021-05-05T14:28:13.484000+00:00,1.0,P
3894,3373,2021-05-05T14:28:15.664000+00:00,1.0,S
3895,3155,2021-05-05T14:28:13.484000+00:00,1.0,P
3895,3373,2021-05-05T14:28:15.664000+00:00,1.0,S
3896,3155,2021-05-05T14:28:13.484000+00:00,1.0,P
3896,3373,2021-05-05T14:28:15.664000+00:00,1.0,S
3897,3155,2021-05-05T14:28:13.484000+00:00,1.0,P
3897,3373,2021-05-05T14:28:15.664000+00:00,1.0,S
3898,3155,2021-05-05T14:28:13.484000+00:00,1.0,P
3898,3374,2021-05-05T14:28:15.674000+00:00,1.0,S
3899,3155,2021-05-05T14:28:13.484000+00:00,1.0,P
3899,3374,2021-05-05T14:28:15.674000+00:00,1.0,S
3900,3155,2021-05-05T14:28:13.484000+00:00,1.0,P
3900,3374,2021-05-05T14:28:15.674000+00:00,1.0,S
3901,3156,2021-05-05T14:28:13.494000+00:00,1.0,P
3901,3374,2021-05-05T14:28:15.674000+00:00,1.0,S
3902,3156,2021-05-05T14:28:13.494000+00:00,1.0,P
3902,3375,2021-05-05T14:28:15.684000+00:00,1.0,S
3903,3156,2021-05-05T14:28:13.494000+00:00,1.0,P
3903,3375,2021-05-05T14:28:15.684000+00:00,1.0,S
3904,3156,2021-05-05T14:28:13.494000+00:00,1.0,P
3904,3375,2021-05-05T14:28:15.684000+00:00,1.0,S
3905,3156,2021-05-05T14:28:13.494000+00:00,1.0,P
3905,3375,2021-05-05T14:28:15.684000+00:00,1.0,S
3906,3156,2021-05-05T14:28:13.494000+00:00,1.0,P
3906,3376,2021-05-05T14:28:15.693999+00:00,1.0,S
3907,3156,2021-05-05T14:28:13.494000+00:00,1.0,P
3907,3376,2021-05-05T14:28:15.693999+00:00,1.0,S
3908,3157,2021-05-05T14:28:13.504000+00:00,1.0,P
3908,3376,2021-05-05T14:28:15.693999+00:00,1.0,S
3909,3157,2021-05-05T14:28:13.504000+00:00,1.0,P
3909,3376,2021-05-05T14:28:15.693999+00:00,1.0,S
3910,3157,2021-05-05T14:28:13.504000+00:00,1.0,P
3910,3376,2021-05-05T14:28:15.693999+00:00,1.0,S
3911,3157,2021-05-05T14:28:13.504000+00:00,1.0,P
3911,3377,2021-05-05T14:28:15.704000+00:00,1.0,S
3912,3157,2021-05-05T14:28:13.504000+00:00,1.0,P
3912,3377,2021-05-05T14:28:15.704000+00:00,1.0,S
3913,3157,2021-05-05T14:28:13.504000+00:00,1.0,P
3913,3377,2021-05-05T14:28:15.704000+00:00,1.0,S
3914,3157,2021-05-05T14:28:13.504000+00:00,1.0,P
3914,3377,2021-05-05T14:28:15.704000+00:00,1.0,S
3915,3158,2021-05-05T14:28:13.514000+00:00,1.0,P
3915,3377,2021-05-05T14:28:15.704000+00:00,1.0,S
3916,3158,2021-05-05T14:28:13.514000+00:00,1.0,P
3916,3378,2021-05-05T14:28:15.714000+00:00,1.0,S
3917,3158,2021-05-05T14:28:13.514000+00:00,1.0,P
3917,3378,2021-05-05T14:28:15.714000+00:00,1.0,S
3918,3158,2021-05-05T14:28:13.514000+00:00,1.0,P
3918,3378,2021-05-05T14:28:15.714000+00:00,1.0,S
3919,3158,2021-05-05T14:28:13.514000+00:00,1.0,P
3919,3378,2021-05-05T14:28:15.714000+00:00,1.0,S
3920,3158,2021-05-05T14:28:13.514000+00:00,1.0,P
3920,3379,2021-05-05T14:28:15.724000+00:00,1.0,S
3921,3158,2021-05-05T14:28:13.514000+00:00,1.0,P
3921,3379,2021-05-05T14:28:15.724000+00:00,1.0,S
3922,3159,2021-05-05T14:28:13.524000+00:00,1.0,P
3922,3379,2021-05-05T14:28:15.724000+00:00,1.0,S
3923,3159,2021-05-05T14:28:13.524000+00:00,1.0,P
3923,3379,2021-05-05T14:28:15.724000+00:00,1.0,S
3924,3159,2021-05-05T14:28:13.524000+00:00,1.0,P
3924,3379,2021-05-05T14:28:15.724000+00:00,1.0,S
3925,3159,2021-05-05T14:28:13.524000+00:00,1.0,P
3925,3380,2021-05-05T14:28:15.733999+00:00,1.0,S
3926,3159,2021-05-05T14:28:13.524000+00:00,1.0,P
3926,3380,2021-05-05T14:28:15.733999+00:00,1.0,S
3927,3159,2021-05-05T14:28:13.524000+00:00,1.0,P
3927,3380,2021-05-05T14:28:15.733999+00:00,1.0,S
3928,3159,2021-05-05T14:28:13.524000+00:00,1.0,P
3928,3380,2021-05-05T14:28:15.733999+00:00,1.0,S
3929,3159,2021-05-05T14:28:13.524000+00:00,1.0,P
3929,3381,2021-05-05T14:28:15.744000+00:00,1.0,S
3930,3160,2021-05-05T14:28:13.534000+00:00,1.0,P
3930,3381,2021-05-05T14:28:15.744000+00:00,1.0,S
3931,3160,2021-05-05T14:28:13.534000+00:00,1.0,P
3931,3381,2021-05-05T14:28:15.744000+00:00,1.0,S
3932,3160,2021-05-05T14:28:13.534000+00:00,1.0,P
3932,3381,2021-05-05T14:28:15.744000+00:00,1.0,S
3933,3160,2021-05-05T14:28:13.534000+00:00,1.0,P
3933,3381,2021-05-05T14:28:15.744000+00:00,1.0,S
3934,3160,2021-05-05T14:28:13.534000+00:00,1.0,P
3934,3382,2021-05-05T14:28:15.754000+00:00,1.0,S
3935,3160,2021-05-05T14:28:13.534000+00:00,1.0,P
3935,3382,2021-05-05T14:28:15.754000+00:00,1.0,S
3936,3160,2021-05-05T14:28:13.534000+00:00,1.0,P
3936,3382,2021-05-05T14:28:15.754000+00:00,1.0,S
3937,3160,2021-05-05T14:28:13.534000+00:00,1.0,P
3937,3382,2021-05-05T14:28:15.754000+00:00,1.0,S
3938,3161,2021-05-05T14:28:13.544000+00:00,1.0,P
3938,3382,2021-05-05T14:28:15.754000+00:00,1.0,S
3939,3161,2021-05-05T14:28:13.544000+00:00,1.0,P
3939,3383,2021-05-05T14:28:15.764000+00:00,1.0,S
3940,3161,2021-05-05T14:28:13.544000+00:00,1.0,P
3940,3383,2021-05-05T14:28:15.764000+00:00,1.0,S
3941,3161,2021-05-05T14:28:13.544000+00:00,1.0,P
3941,3383,2021-05-05T14:28:15.764000+00:00,1.0,S
3942,3161,2021-05-05T14:28:13.544000+00:00,1.0,P
3942,3383,2021-05-05T14:28:15.764000+00:00,1.0,S
3943,3161,2021-05-05T14:28:13.544000+00:00,1.0,P
3943,3384,2021-05-05T14:28:15.774000+00:00,1.0,S
3944,3161,2021-05-05T14:28:13.544000+00:00,1.0,P
3944,3384,2021-05-05T14:28:15.774000+00:00,1.0,S
3945,3162,2021-05-05T14:28:13.554000+00:00,1.0,P
3945,3384,2021-05-05T14:28:15.774000+00:00,1.0,S
3946,3162,2021-05-05T14:28:13.554000+00:00,1.0,P
3946,3384,2021-05-05T14:28:15.774000+00:00,1.0,S
3947,3162,2021-05-05T14:28:13.554000+00:00,1.0,P
3947,3384,2021-05-05T14:28:15.774000+00:00,1.0,S
3948,3162,2021-05-05T14:28:13.554000+00:00,1.0,P
3948,3385,2021-05-05T14:28:15.784000+00:00,1.0,S
3949,3162,2021-05-05T14:28:13.554000+00:00,1.0,P
3949,3385,2021-05-05T14:28:15.784000+00:00,1.0,S
3950,3162,2021-05-05T14:28:13.554000+00:00,1.0,P
3950,3385,2021-05-05T14:28:15.784000+00:00,1.0,S
3951,3162,2021-05-05T14:28:13.554000+00:00,1.0,P
3951,3385,2021-05-05T14:28:15.784000+00:00,1.0,S
3952,3163,2021-05-05T14:28:13.564000+00:00,1.0,P
3952,3385,2021-05-05T14:28:15.784000+00:00,1.0,S
3953,3163,2021-05-05T14:28:13.564000+00:00,1.0,P
3953,3386,2021-05-05T14:28:15.794000+00:00,1.0,S
3954,3163,2021-05-05T14:28:13.564000+00:00,1.0,P
3954,3386,2021-05-05T14:28:15.794000+00:00,1.0,S
3955,3163,2021-05-05T14:28:13.564000+00:00,1.0,P
3955,3386,2021-05-05T14:28:15.794000+00:00,1.0,S
3956,3163,2021-05-05T14:28:13.564000+00:00,1.0,P
3956,3386,2021-05-05T14:28:15.794000+00:00,1.0,S
3957,3163,2021-05-05T14:28:13.564000+00:00,1.0,P
3957,3387,2021-05-05T14:28:15.803999+00:00,1.0,S
3958,3163,2021-05-05T14:28:13.564000+00:00,1.0,P
3958,3387,2021-05-05T14:28:15.803999+00:00,1.0,S
3959,3163,2021-05-05T14:28:13.564000+00:00,1.0,P
3959,3387,2021-05-05T14:28:15.803999+00:00,1.0,S
3960,3163,2021-05-05T14:28:13.564000+00:00,1.0,P
3960,3387,2021-05-05T14:28:15.803999+00:00,1.0,S
3961,3164,2021-05-05T14:28:13.574000+00:00,1.0,P
3961,3387,2021-05-05T14:28:15.803999+00:00,1.0,S
3962,3164,2021-05-05T14:28:13.574000+00:00,1.0,P
3962,3388,2021-05-05T14:28:15.814000+00:00,1.0,S
3963,3164,2021-05-05T14:28:13.574000+00:00,1.0,P
3963,3388,2021-05-05T14:28:15.814000+00:00,1.0,S
3964,3164,2021-05-05T14:28:13.574000+00:00,1.0,P
3964,3388,2021-05-05T14:28:15.814000+00:00,1.0,S
3965,3164,2021-05-05T14:28:13.574000+00:00,1.0,P
3965,3388,2021-05-05T14:28:15.814000+00:00,1.0,S
3966,3164,2021-05-05T14:28:13.574000+00:00,1.0,P
3966,3388,2021-05-05T14:28:15.814000+00:00,1.0,S
3967,3164,2021-05-05T14:28:13.574000+00:00,1.0,P
3967,3389,2021-05-05T14:28:15.824000+00:00,1.0,S
3968,3164,2021-05-05T14:28:13.574000+00:00,1.0,P
3968,3389,2021-05-05T14:28:15.824000+00:00,1.0,S
3969,3165,2021-05-05T14:28:13.584000+00:00,1.0,P
3969,3389,2021-05-05T14:28:15.824000+00:00,1.0,S
3970,3165,2021-05-05T14:28:13.584000+00:00,1.0,P
3970,3389,2021-05-05T14:28:15.824000+00:00,1.0,S
3971,3165,2021-05-05T14:28:13.584000+00:00,1.0,P
3971,3390,2021-05-05T14:28:15.834000+00:00,1.0,S
3972,3165,2021-05-05T14:28:13.584000+00:00,1.0,P
3972,3390,2021-05-05T14:28:15.834000+00:00,1.0,S
3973,3165,2021-05-05T14:28:13.584000+00:00,1.0,P
3973,3390,2021-05-05T14:28:15.834000+00:00,1.0,S
3974,3165,2021-05-05T14:28:13.584000+00:00,1.0,P
3974,3390,2021-05-05T14:28:15.834000+00:00,1.0,S
3975,3165,2021-05-05T14:28:13.584000+00:00,1.0,P
3975,3390,2021-05-05T14:28:15.834000+00:00,1.0,S
3976,3165,2021-05-05T14:28:13.584000+00:00,1.0,P
3976,3391,2021-05-05T14:28:15.844000+00:00,1.0,S
3977,3165,2021-05-05T14:28:13.584000+00:00,1.0,P
3977,3391,2021-05-05T14:28:15.844000+00:00,1.0,S
3978,3165,2021-05-05T14:28:13.584000+00:00,1.0,P
3978,3391,2021-05-05T14:28:15.844000+00:00,1.0,S
3979,3166,2021-05-05T14:28:13.594000+00:00,1.0,P
3979,3391,2021-05-05T14:28:15.844000+00:00,1.0,S
3980,3166,2021-05-05T14:28:13.594000+00:00,1.0,P
3980,3391,2021-05-05T14:28:15.844000+00:00,1.0,S
3981,3166,2021-05-05T14:28:13.594000+00:00,1.0,P
3981,3392,2021-05-05T14:28:15.854000+00:00,1.0,S
3982,3166,2021-05-05T14:28:13.594000+00:00,1.0,P
3982,3392,2021-05-05T14:28:15.854000+00:00,1.0,S
3983,3166,2021-05-05T14:28:13.594000+00:00,1.0,P
3983,3392,2021-05-05T14:28:15.854000+00:00,1.0,S
3984,3166,2021-05-05T14:28:13.594000+00:00,1.0,P
3984,3392,2021-05-05T14:28:15.854000+00:00,1.0,S
3985,3166,2021-05-05T14:28:13.594000+00:00,1.0,P
3985,3393,2021-05-05T14:28:15.864000+00:00,1.0,S
3986,3166,2021-05-05T14:28:13.594000+00:00,1.0,P
3986,3393,2021-05-05T14:28:15.864000+00:00,1.0,S
3987,3166,2021-05-05T14:28:13.594000+00:00,1.0,P
3987,3393,2021-05-05T14:28:15.864000+00:00,1.0,S
3988,3167,2021-05-05T14:28:13.604000+00:00,1.0,P
3988,3393,2021-05-05T14:28:15.864000+00:00,1.0,S
3989,3167,2021-05-05T14:28:13.604000+00:00,1.0,P
3989,3393,2021-05-05T14:28:15.864000+00:00,1.0,S
3990,3167,2021-05-05T14:28:13.604000+00:00,1.0,P
3990,3394,2021-05-05T14:28:15.873999+00:00,1.0,S
3991,3167,2021-05-05T14:28:13.604000+00:00,1.0,P
3991,3394,2021-05-05T14:28:15.873999+00:00,1.0,S
3992,3167,2021-05-05T14:28:13.604000+00:00,1.0,P
3992,3394,2021-05-05T14:28:15.873999+00:00,1.0,S
3993,3167,2021-05-05T14:28:13.604000+00:00,1.0,P
3993,3394,2021-05-05T14:28:15.873999+00:00,1.0,S
3994,3167,2021-05-05T14:28:13.604000+00:00,1.0,P
3994,3394,2021-05-05T14:28:15.873999+00:00,1.0,S
3995,3167,2021-05-05T14:28:13.604000+00:00,1.0,P
3995,3395,2021-05-05T14:28:15.884000+00:00,1.0,S
3996,3167,2021-05-05T14:28:13.604000+00:00,1.0,P
3996,3395,2021-05-05T14:28:15.884000+00:00,1.0,S
3997,3168,2021-05-05T14:28:13.614000+00:00,1.0,P
3997,3395,2021-05-05T14:28:15.884000+00:00,1.0,S
3998,3168,2021-05-05T14:28:13.614000+00:00,1.0,P
3998,3395,2021-05-05T14:28:15.884000+00:00,1.0,S
3999,3168,2021-05-05T14:28:13.614000+00:00,1.0,P
3999,3396,2021-05-05T14:28:15.894000+00:00,1.0,S
4000,3168,2021-05-05T14:28:13.614000+00:00,1.0,P
4000,3396,2021-05-05T14:28:15.894000+00:00,1.0,S
4001,3168,2021-05-05T14:28:13.614000+00:00,1.0,P
4001,3396,2021-05-05T14:28:15.894000+00:00,1.0,S
4002,3168,2021-05-05T14:28:13.614000+00:00,1.0,P
4002,3396,2021-05-05T14:28:15.894000+00:00,1.0,S
4003,3168,2021-05-05T14:28:13.614000+00:00,1.0,P
4003,3396,2021-05-05T14:28:15.894000+00:00,1.0,S
4004,3168,2021-05-05T14:28:13.614000+00:00,1.0,P
4004,3397,2021-05-05T14:28:15.904000+00:00,1.0,S
4005,3168,2021-05-05T14:28:13.614000+00:00,1.0,P
4005,3397,2021-05-05T14:28:15.904000+00:00,1.0,S
4006,3168,2021-05-05T14:28:13.614000+00:00,1.0,P
4006,3397,2021-05-05T14:28:15.904000+00:00,1.0,S
4007,3168,2021-05-05T14:28:13.614000+00:00,1.0,P
4007,3397,2021-05-05T14:28:15.904000+00:00,1.0,S
4008,3169,2021-05-05T14:28:13.624000+00:00,1.0,P
4008,3398,2021-05-05T14:28:15.914000+00:00,1.0,S
4009,3169,2021-05-05T14:28:13.624000+00:00,1.0,P
4009,3398,2021-05-05T14:28:15.914000+00:00,1.0,S
4010,3169,2021-05-05T14:28:13.624000+00:00,1.0,P
4010,3398,2021-05-05T14:28:15.914000+00:00,1.0,S
4011,3169,2021-05-05T14:28:13.624000+00:00,1.0,P
4011,3398,2021-05-05T14:28:15.914000+00:00,1.0,S
4012,3169,2021-05-05T14:28:13.624000+00:00,1.0,P
4012,3398,2021-05-05T14:28:15.914000+00:00,1.0,S
4013,3169,2021-05-05T14:28:13.624000+00:00,1.0,P
4013,3399,2021-05-05T14:28:15.924000+00:00,1.0,S
4014,3169,2021-05-05T14:28:13.624000+00:00,1.0,P
4014,3399,2021-05-05T14:28:15.924000+00:00,1.0,S
4015,3169,2021-05-05T14:28:13.624000+00:00,1.0,P
4015,3399,2021-05-05T14:28:15.924000+00:00,1.0,S
4016,3169,2021-05-05T14:28:13.624000+00:00,1.0,P
4016,3399,2021-05-05T14:28:15.924000+00:00,1.0,S
4017,3169,2021-05-05T14:28:13.624000+00:00,1.0,P
4017,3400,2021-05-05T14:28:15.934000+00:00,1.0,S
4018,3170,2021-05-05T14:28:13.634000+00:00,1.0,P
4018,3400,2021-05-05T14:28:15.934000+00:00,1.0,S
4019,3170,2021-05-05T14:28:13.634000+00:00,1.0,P
4019,3400,2021-05-05T14:28:15.934000+00:00,1.0,S
4020,3170,2021-05-05T14:28:13.634000+00:00,1.0,P
4020,3400,2021-05-05T14:28:15.934000+00:00,1.0,S
4021,3170,2021-05-05T14:28:13.634000+00:00,1.0,P
4021,3401,2021-05-05T14:28:15.943999+00:00,1.0,S
4022,3170,2021-05-05T14:28:13.634000+00:00,1.0,P
4022,3401,2021-05-05T14:28:15.943999+00:00,1.0,S
4023,3170,2021-05-05T14:28:13.634000+00:00,1.0,P
4023,3401,2021-05-05T14:28:15.943999+00:00,1.0,S
4024,3170,2021-05-05T14:28:13.634000+00:00,1.0,P
4024,3401,2021-05-05T14:28:15.943999+00:00,1.0,S
4025,3170,2021-05-05T14:28:13.634000+00:00,1.0,P
4025,3401,2021-05-05T14:28:15.943999+00:00,1.0,S
4026,3170,2021-05-05T14:28:13.634000+00:00,1.0,P
4026,3402,2021-05-05T14:28:15.954000+00:00,1.0,S
4027,3171,2021-05-05T14:28:13.644000+00:00,1.0,P
4027,3402,2021-05-05T14:28:15.954000+00:00,1.0,S
4028,3171,2021-05-05T14:28:13.644000+00:00,1.0,P
4028,3402,2021-05-05T14:28:15.954000+00:00,1.0,S
4029,3171,2021-05-05T14:28:13.644000+00:00,1.0,P
4029,3402,2021-05-05T14:28:15.954000+00:00,1.0,S
4030,3171,2021-05-05T14:28:13.644000+00:00,1.0,P
4030,3403,2021-05-05T14:28:15.964000+00:00,1.0,S
4031,3171,2021-05-05T14:28:13.644000+00:00,1.0,P
4031,3403,2021-05-05T14:28:15.964000+00:00,1.0,S
4032,3171,2021-05-05T14:28:13.644000+00:00,1.0,P
4032,3403,2021-05-05T14:28:15.964000+00:00,1.0,S
4033,3171,2021-05-05T14:28:13.644000+00:00,1.0,P
4033,3403,2021-05-05T14:28:15.964000+00:00,1.0,S
4034,3171,2021-05-05T14:28:13.644000+00:00,1.0,P
4034,3404,2021-05-05T14:28:15.974000+00:00,1.0,S
4035,3172,2021-05-05T14:28:13.654000+00:00,1.0,P
4035,3404,2021-05-05T14:28:15.974000+00:00,1.0,S
4036,3172,2021-05-05T14:28:13.654000+00:00,1.0,P
4036,3404,2021-05-05T14:28:15.974000+00:00,1.0,S
4037,3172,2021-05-05T14:28:13.654000+00:00,1.0,P
4037,3404,2021-05-05T14:28:15.974000+00:00,1.0,S
4038,3172,2021-05-05T14:28:13.654000+00:00,1.0,P
4038,3404,2021-05-05T14:28:15.974000+00:00,1.0,S
4039,3172,2021-05-05T14:28:13.654000+00:00,1.0,P
4039,3405,2021-05-05T14:28:15.983999+00:00,1.0,S
4040,3172,2021-05-05T14:28:13.654000+00:00,1.0,P
4040,3405,2021-05-05T14:28:15.983999+00:00,1.0,S
4041,3172,2021-05-05T14:28:13.654000+00:00,1.0,P
4041,3405,2021-05-05T14:28:15.983999+00:00,1.0,S
4042,3172,2021-05-05T14:28:13.654000+00:00,1.0,P
4042,3405,2021-05-05T14:28:15.983999+00:00,1.0,S
4043,3173,2021-05-05T14:28:13.664000+00:00,1.0,P
4043,3406,2021-05-05T14:28:15.994000+00:00,1.0,S
4044,3173,2021-05-05T14:28:13.664000+00:00,1.0,P
4044,3406,2021-05-05T14:28:15.994000+00:00,1.0,S
4045,3173,2021-05-05T14:28:13.664000+00:00,1.0,P
4045,3406,2021-05-05T14:28:15.994000+00:00,1.0,S
4046,3173,2021-05-05T14:28:13.664000+00:00,1.0,P
4046,3406,2021-05-05T14:28:15.994000+00:00,1.0,S
4047,3173,2021-05-05T14:28:13.664000+00:00,1.0,P
4047,3407,2021-05-05T14:28:16.004000+00:00,1.0,S
4048,3173,2021-05-05T14:28:13.664000+00:00,1.0,P
4048,3407,2021-05-05T14:28:16.004000+00:00,1.0,S
4049,3173,2021-05-05T14:28:13.664000+00:00,1.0,P
4049,3407,2021-05-05T14:28:16.004000+00:00,1.0,S
4050,3173,2021-05-05T14:28:13.664000+00:00,1.0,P
4050,3407,2021-05-05T14:28:16.004000+00:00,1.0,S
4051,3173,2021-05-05T14:28:13.664000+00:00,1.0,P
4051,3407,2021-05-05T14:28:16.004000+00:00,1.0,S
4052,3174,2021-05-05T14:28:13.674000+00:00,1.0,P
4052,3408,2021-05-05T14:28:16.014000+00:00,1.0,S
4053,3174,2021-05-05T14:28:13.674000+00:00,1.0,P
4053,3408,2021-05-05T14:28:16.014000+00:00,1.0,S
4054,3174,2021-05-05T14:28:13.674000+00:00,1.0,P
4054,3408,2021-05-05T14:28:16.014000+00:00,1.0,S
4055,3174,2021-05-05T14:28:13.674000+00:00,1.0,P
4055,3408,2021-05-05T14:28:16.014000+00:00,1.0,S
4056,3174,2021-05-05T14:28:13.674000+00:00,1.0,P
4056,3409,2021-05-05T14:28:16.024000+00:00,1.0,S
4057,3174,2021-05-05T14:28:13.674000+00:00,1.0,P
4057,3409,2021-05-05T14:28:16.024000+00:00,1.0,S
4058,3174,2021-05-05T14:28:13.674000+00:00,1.0,P
4058,3409,2021-05-05T14:28:16.024000+00:00,1.0,S
4059,3174,2021-05-05T14:28:13.674000+00:00,1.0,P
4059,3409,2021-05-05T14:28:16.024000+00:00,1.0,S
4060,3175,2021-05-05T14:28:13.684000+00:00,1.0,P
4060,3410,2021-05-05T14:28:16.034000+00:00,1.0,S
4061,3175,2021-05-05T14:28:13.684000+00:00,1.0,P
4061,3410,2021-05-05T14:28:16.034000+00:00,1.0,S
4062,3175,2021-05-05T14:28:13.684000+00:00,1.0,P
4062,3410,2021-05-05T14:28:16.034000+00:00,1.0,S
4063,3175,2021-05-05T14:28:13.684000+00:00,1.0,P
4063,3410,2021-05-05T14:28:16.034000+00:00,1.0,S
4064,3175,2021-05-05T14:28:13.684000+00:00,1.0,P
4064,3410,2021-05-05T14:28:16.034000+00:00,1.0,S
4065,3175,2021-05-05T14:28:13.684000+00:00,1.0,P
4065,3411,2021-05-05T14:28:16.044000+00:00,1.0,S
4066,3175,2021-05-05T14:28:13.684000+00:00,1.0,P
4066,3411,2021-05-05T14:28:16.044000+00:00,1.0,S
4067,3175,2021-05-05T14:28:13.684000+00:00,1.0,P
4067,3411,2021-05-05T14:28:16.044000+00:00,1.0,S
4068,3176,2021-05-05T14:28:13.694000+00:00,1.0,P
4068,3411,2021-05-05T14:28:16.044000+00:00,1.0,S
4069,3176,2021-05-05T14:28:13.694000+00:00,1.0,P
4069,3412,2021-05-05T14:28:16.053999+00:00,1.0,S
4070,3176,2021-05-05T14:28:13.694000+00:00,1.0,P
4070,3412,2021-05-05T14:28:16.053999+00:00,1.0,S
4071,3176,2021-05-05T14:28:13.694000+00:00,1.0,P
4071,3412,2021-05-05T14:28:16.053999+00:00,1.0,S
4072,3176,2021-05-05T14:28:13.694000+00:00,1.0,P
4072,3412,2021-05-05T14:28:16.053999+00:00,1.0,S
4073,3176,2021-05-05T14:28:13.694000+00:00,1.0,P
4073,3412,2021-05-05T14:28:16.053999+00:00,1.0,S
4074,3176,2021-05-05T14:28:13.694000+00:00,1.0,P
4074,3413,2021-05-05T14:28:16.064000+00:00,1.0,S
4075,3176,2021-05-05T14:28:13.694000+00:00,1.0,P
4075,3413,2021-05-05T14:28:16.064000+00:00,1.0,S
4076,3177,2021-05-05T14:28:13.704000+00:00,1.0,P
4076,3413,2021-05-05T14:28:16.064000+00:00,1.0,S
4077,3177,2021-05-05T14:28:13.704000+00:00,1.0,P
4077,3413,2021-05-05T14:28:16.064000+00:00,1.0,S
4078,3177,2021-05-05T14:28:13.704000+00:00,1.0,P
4078,3414,2021-05-05T14:28:16.074000+00:00,1.0,S
4079,3177,2021-05-05T14:28:13.704000+00:00,1.0,P
4079,3414,2021-05-05T14:28:16.074000+00:00,1.0,S
4080,3177,2021-05-05T14:28:13.704000+00:00,1.0,P
4080,3414,2021-05-05T14:28:16.074000+00:00,1.0,S
4081,3177,2021-05-05T14:28:13.704000+00:00,1.0,P
4081,3414,2021-05-05T14:28:16.074000+00:00,1.0,S
4082,3177,2021-05-05T14:28:13.704000+00:00,1.0,P
4082,3414,2021-05-05T14:28:16.074000+00:00,1.0,S
4083,3177,2021-05-05T14:28:13.704000+00:00,1.0,P
4083,3415,2021-05-05T14:28:16.084000+00:00,1.0,S
4084,3178,2021-05-05T14:28:13.714000+00:00,1.0,P
4084,3415,2021-05-05T14:28:16.084000+00:00,1.0,S
4085,3178,2021-05-05T14:28:13.714000+00:00,1.0,P
4085,3415,2021-05-05T14:28:16.084000+00:00,1.0,S
4086,3178,2021-05-05T14:28:13.714000+00:00,1.0,P
4086,3415,2021-05-05T14:28:16.084000+00:00,1.0,S
4087,3178,2021-05-05T14:28:13.714000+00:00,1.0,P
4087,3416,2021-05-05T14:28:16.094000+00:00,1.0,S
4088,3178,2021-05-05T14:28:13.714000+00:00,1.0,P
4088,3416,2021-05-05T14:28:16.094000+00:00,1.0,S
4089,3178,2021-05-05T14:28:13.714000+00:00,1.0,P
4089,3416,2021-05-05T14:28:16.094000+00:00,1.0,S
4090,3178,2021-05-05T14:28:13.714000+00:00,1.0,P
4090,3416,2021-05-05T14:28:16.094000+00:00,1.0,S
4091,3179,2021-05-05T14:28:13.724000+00:00,1.0,P
4091,3417,2021-05-05T14:28:16.104000+00:00,1.0,S
4092,3179,2021-05-05T14:28:13.724000+00:00,1.0,P
4092,3417,2021-05-05T14:28:16.104000+00:00,1.0,S
4093,3179,2021-05-05T14:28:13.724000+00:00,1.0,P
4093,3417,2021-05-05T14:28:16.104000+00:00,1.0,S
4094,3179,2021-05-05T14:28:13.724000+00:00,1.0,P
4094,3417,2021-05-05T14:28:16.104000+00:00,1.0,S
4095,3179,2021-05-05T14:28:13.724000+00:00,1.0,P
4095,3418,2021-05-05T14:28:16.114000+00:00,1.0,S
4096,3179,2021-05-05T14:28:13.724000+00:00,1.0,P
4096,3418,2021-05-05T14:28:16.114000+00:00,1.0,S
4097,3179,2021-05-05T14:28:13.724000+00:00,1.0,P
4097,3418,2021-05-05T14:28:16.114000+00:00,1.0,S
4098,3179,2021-05-05T14:28:13.724000+00:00,1.0,P
4098,3418,2021-05-05T14:28:16.114000+00:00,1.0,S
4099,3180,2021-05-05T14:28:13.734000+00:00,1.0,P
4099,3418,2021-05-05T14:28:16.114000+00:00,1.0,S
4100,3180,2021-05-05T14:28:13.734000+00:00,1.0,P
4100,3419,2021-05-05T14:28:16.123999+00:00,1.0,S
4101,3180,2021-05-05T14:28:13.734000+00:00,1.0,P
4101,3419,2021-05-05T14:28:16.123999+00:00,1.0,S
4102,3180,2021-05-05T14:28:13.734000+00:00,1.0,P
4102,3419,2021-05-05T14:28:16.123999+00:00,1.0,S
4103,3180,2021-05-05T14:28:13.734000+00:00,1.0,P
4103,3419,2021-05-05T14:28:16.123999+00:00,1.0,S
4104,3180,2021-05-05T14:28:13.734000+00:00,1.0,P
4104,3420,2021-05-05T14:28:16.134000+00:00,1.0,S
4105,3180,2021-05-05T14:28:13.734000+00:00,1.0,P
4105,3420,2021-05-05T14:28:16.134000+00:00,1.0,S
4106,3181,2021-05-05T14:28:13.744000+00:00,1.0,P
4106,3420,2021-05-05T14:28:16.134000+00:00,1.0,S
4107,3181,2021-05-05T14:28:13.744000+00:00,1.0,P
4107,3420,2021-05-05T14:28:16.134000+00:00,1.0,S
4108,3181,2021-05-05T14:28:13.744000+00:00,1.0,P
4108,3421,2021-05-05T14:28:16.144000+00:00,1.0,S
4109,3181,2021-05-05T14:28:13.744000+00:00,1.0,P
4109,3421,2021-05-05T14:28:16.144000+00:00,1.0,S
4110,3181,2021-05-05T14:28:13.744000+00:00,1.0,P
4110,3421,2021-05-05T14:28:16.144000+00:00,1.0,S
4111,3181,2021-05-05T14:28:13.744000+00:00,1.0,P
4111,3421,2021-05-05T14:28:16.144000+00:00,1.0,S
4112,3181,2021-05-05T14:28:13.744000+00:00,1.0,P
4112,3422,2021-05-05T14:28:16.154000+00:00,1.0,S
4113,3182,2021-05-05T14:28:13.754000+00:00,1.0,P
4113,3422,2021-05-05T14:28:16.154000+00:00,1.0,S
4114,3182,2021-05-05T14:28:13.754000+00:00,1.0,P
4114,3422,2021-05-05T14:28:16.154000+00:00,1.0,S
4115,3182,2021-05-05T14:28:13.754000+00:00,1.0,P
4115,3422,2021-05-05T14:28:16.154000+00:00,1.0,S
4116,3182,2021-05-05T14:28:13.754000+00:00,1.0,P
4116,3423,2021-05-05T14:28:16.164000+00:00,1.0,S
4117,3182,2021-05-05T14:28:13.754000+00:00,1.0,P
4117,3423,2021-05-05T14:28:16.164000+00:00,1.0,S
4118,3182,2021-05-05T14:28:13.754000+00:00,1.0,P
4118,3423,2021-05-05T14:28:16.164000+00:00,1.0,S
4119,3182,2021-05-05T14:28:13.754000+00:00,1.0,P
4119,3423,2021-05-05T14:28:16.164000+00:00,1.0,S
4120,3182,2021-05-05T14:28:13.754000+00:00,1.0,P
4120,3424,2021-05-05T14:28:16.174000+00:00,1.0,S
4121,3183,2021-05-05T14:28:13.764000+00:00,1.0,P
4121,3424,2021-05-05T14:28:16.174000+00:00,1.0,S
4122,3183,2021-05-05T14:28:13.764000+00:00,1.0,P
4122,3424,2021-05-05T14:28:16.174000+00:00,1.0,S
4123,3183,2021-05-05T14:28:13.764000+00:00,1.0,P
4123,3424,2021-05-05T14:28:16.174000+00:00,1.0,S
4124,3183,2021-05-05T14:28:13.764000+00:00,1.0,P
4124,3425,2021-05-05T14:28:16.184000+00:00,1.0,S
4125,3183,2021-05-05T14:28:13.764000+00:00,1.0,P
4125,3425,2021-05-05T14:28:16.184000+00:00,1.0,S
4126,3183,2021-05-05T14:28:13.764000+00:00,1.0,P
4126,3425,2021-05-05T14:28:16.184000+00:00,1.0,S
4127,3183,2021-05-05T14:28:13.764000+00:00,1.0,P
4127,3425,2021-05-05T14:28:16.184000+00:00,1.0,S
4128,3184,2021-05-05T14:28:13.774000+00:00,1.0,P
4128,3426,2021-05-05T14:28:16.193999+00:00,1.0,S
4129,3184,2021-05-05T14:28:13.774000+00:00,1.0,P
4129,3426,2021-05-05T14:28:16.193999+00:00,1.0,S
4130,3184,2021-05-05T14:28:13.774000+00:00,1.0,P
4130,3426,2021-05-05T14:28:16.193999+00:00,1.0,S
4131,3184,2021-05-05T14:28:13.774000+00:00,1.0,P
4131,3426,2021-05-05T14:28:16.193999+00:00,1.0,S
4132,3184,2021-05-05T14:28:13.774000+00:00,1.0,P
4132,3427,2021-05-05T14:28:16.204000+00:00,1.0,S
4133,3184,2021-05-05T14:28:13.774000+00:00,1.0,P
4133,3427,2021-05-05T14:28:16.204000+00:00,1.0,S
4134,3184,2021-05-05T14:28:13.774000+00:00,1.0,P
4134,3427,2021-05-05T14:28:16.204000+00:00,1.0,S
4135,3184,2021-05-05T14:28:13.774000+00:00,1.0,P
4135,3427,2021-05-05T14:28:16.204000+00:00,1.0,S
4136,3185,2021-05-05T14:28:13.784000+00:00,1.0,P
4136,3428,2021-05-05T14:28:16.214000+00:00,1.0,S
4137,3185,2021-05-05T14:28:13.784000+00:00,1.0,P
4137,3428,2021-05-05T14:28:16.214000+00:00,1.0,S
4138,3185,2021-05-05T14:28:13.784000+00:00,1.0,P
4138,3428,2021-05-05T14:28:16.214000+00:00,1.0,S
4139,3185,2021-05-05T14:28:13.784000+00:00,1.0,P
4139,3428,2021-05-05T14:28:16.214000+00:00,1.0,S
4140,3185,2021-05-05T14:28:13.784000+00:00,1.0,P
4140,3429,2021-05-05T14:28:16.224000+00:00,1.0,S
4141,3185,2021-05-05T14:28:13.784000+00:00,1.0,P
4141,3429,2021-05-05T14:28:16.224000+00:00,1.0,S
4142,3185,2021-05-05T14:28:13.784000+00:00,1.0,P
4142,3429,2021-05-05T14:28:16.224000+00:00,1.0,S
4143,3185,2021-05-05T14:28:13.784000+00:00,1.0,P
4143,3429,2021-05-05T14:28:16.224000+00:00,1.0,S
4144,3186,2021-05-05T14:28:13.794000+00:00,1.0,P
4144,3430,2021-05-05T14:28:16.234000+00:00,1.0,S
4145,3186,2021-05-05T14:28:13.794000+00:00,1.0,P
4145,3430,2021-05-05T14:28:16.234000+00:00,1.0,S
4146,3186,2021-05-05T14:28:13.794000+00:00,1.0,P
4146,3430,2021-05-05T14:28:16.234000+00:00,1.0,S
4147,3186,2021-05-05T14:28:13.794000+00:00,1.0,P
4147,3430,2021-05-05T14:28:16.234000+00:00,1.0,S
4148,3186,2021-05-05T14:28:13.794000+00:00,1.0,P
4148,3431,2021-05-05T14:28:16.244000+00:00,1.0,S
4149,3186,2021-05-05T14:28:13.794000+00:00,1.0,P
4149,3431,2021-05-05T14:28:16.244000+00:00,1.0,S
4150,3186,2021-05-05T14:28:13.794000+00:00,1.0,P
4150,3431,2021-05-05T14:28:16.244000+00:00,1.0,S
4151,3186,2021-05-05T14:28:13.794000+00:00,1.0,P
4151,3431,2021-05-05T14:28:16.244000+00:00,1.0,S
4152,3187,2021-05-05T14:28:13.804000+00:00,1.0,P
4152,3431,2021-05-05T14:28:16.244000+00:00,1.0,S
4153,3187,2021-05-05T14:28:13.804000+00:00,1.0,P
4153,3432,2021-05-05T14:28:16.254000+00:00,1.0,S
4154,3187,2021-05-05T14:28:13.804000+00:00,1.0,P
4154,3432,2021-05-05T14:28:16.254000+00:00,1.0,S
4155,3187,2021-05-05T14:28:13.804000+00:00,1.0,P
4155,3432,2021-05-05T14:28:16.254000+00:00,1.0,S
4156,3187,2021-05-05T14:28:13.804000+00:00,1.0,P
4156,3432,2021-05-05T14:28:16.254000+00:00,1.0,S
4157,3187,2021-05-05T14:28:13.804000+00:00,1.0,P
4157,3433,2021-05-05T14:28:16.264000+00:00,1.0,S
4158,3187,2021-05-05T14:28:13.804000+00:00,1.0,P
4158,3433,2021-05-05T14:28:16.264000+00:00,1.0,S
4159,3188,2021-05-05T14:28:13.814000+00:00,1.0,P
4159,3433,2021-05-05T14:28:16.264000+00:00,1.0,S
4160,3188,2021-05-05T14:28:13.814000+00:00,1.0,P
4160,3433,2021-05-05T14:28:16.264000+00:00,1.0,S
4161,3188,2021-05-05T14:28:13.814000+00:00,1.0,P
4161,3434,2021-05-05T14:28:16.274000+00:00,1.0,S
4162,3188,2021-05-05T14:28:13.814000+00:00,1.0,P
4162,3434,2021-05-05T14:28:16.274000+00:00,1.0,S
4163,3188,2021-05-05T14:28:13.814000+00:00,1.0,P
4163,3434,2021-05-05T14:28:16.274000+00:00,1.0,S
4164,3188,2021-05-05T14:28:13.814000+00:00,1.0,P
4164,3434,2021-05-05T14:28:16.274000+00:00,1.0,S
4165,3188,2021-05-05T14:28:13.814000+00:00,1.0,P
4165,3435,2021-05-05T14:28:16.284000+00:00,1.0,S
4166,3189,2021-05-05T14:28:13.824000+00:00,1.0,P
4166,3435,2021-05-05T14:28:16.284000+00:00,1.0,S
4167,3189,2021-05-05T14:28:13.824000+00:00,1.0,P
4167,3435,2021-05-05T14:28:16.284000+00:00,1.0,S
4168,3189,2021-05-05T14:28:13.824000+00:00,1.0,P
4168,3435,2021-05-05T14:28:16.284000+00:00,1.0,S
4169,3189,2021-05-05T14:28:13.824000+00:00,1.0,P
4169,3435,2021-05-05T14:28:16.284000+00:00,1.0,S
4170,3189,2021-05-05T14:28:13.824000+00:00,1.0,P
4170,3436,2021-05-05T14:28:16.294000+00:00,1.0,S
4171,3189,2021-05-05T14:28:13.824000+00:00,1.0,P
4171,3436,2021-05-05T14:28:16.294000+00:00,1.0,S
4172,3189,2021-05-05T14:28:13.824000+00:00,1.0,P
4172,3436,2021-05-05T14:28:16.294000+00:00,1.0,S
4173,3190,2021-05-05T14:28:13.834000+00:00,1.0,P
4173,3436,2021-05-05T14:28:16.294000+00:00,1.0,S
4174,3190,2021-05-05T14:28:13.834000+00:00,1.0,P
4174,3437,2021-05-05T14:28:16.304000+00:00,1.0,S
4175,3190,2021-05-05T14:28:13.834000+00:00,1.0,P
4175,3437,2021-05-05T14:28:16.304000+00:00,1.0,S
4176,3190,2021-05-05T14:28:13.834000+00:00,1.0,P
4176,3437,2021-05-05T14:28:16.304000+00:00,1.0,S
4177,3190,2021-05-05T14:28:13.834000+00:00,1.0,P
4177,3437,2021-05-05T14:28:16.304000+00:00,1.0,S
4178,3190,2021-05-05T14:28:13.834000+00:00,1.0,P
4178,3437,2021-05-05T14:28:16.304000+00:00,1.0,S
4179,3190,2021-05-05T14:28:13.834000+00:00,1.0,P
4179,3438,2021-05-05T14:28:16.314000+00:00,1.0,S
4180,3190,2021-05-05T14:28:13.834000+00:00,1.0,P
4180,3438,2021-05-05T14:28:16.314000+00:00,1.0,S
4181,3191,2021-05-05T14:28:13.844000+00:00,1.0,P
4181,3438,2021-05-05T14:28:16.314000+00:00,1.0,S
4182,3191,2021-05-05T14:28:13.844000+00:00,1.0,P
4182,3438,2021-05-05T14:28:16.314000+00:00,1.0,S
4183,3191,2021-05-05T14:28:13.844000+00:00,1.0,P
4183,3439,2021-05-05T14:28:16.324000+00:00,1.0,S
4184,3191,2021-05-05T14:28:13.844000+00:00,1.0,P
4184,3439,2021-05-05T14:28:16.324000+00:00,1.0,S
4185,3191,2021-05-05T14:28:13.844000+00:00,1.0,P
4185,3439,2021-05-05T14:28:16.324000+00:00,1.0,S
4186,3191,2021-05-05T14:28:13.844000+00:00,1.0,P
4186,3439,2021-05-05T14:28:16.324000+00:00,1.0,S
4187,3191,2021-05-05T14:28:13.844000+00:00,1.0,P
4187,3439,2021-05-05T14:28:16.324000+00:00,1.0,S
4188,3191,2021-05-05T14:28:13.844000+00:00,1.0,P
4188,3440,2021-05-05T14:28:16.334000+00:00,1.0,S
4189,3191,2021-05-05T14:28:13.844000+00:00,1.0,P
4189,3440,2021-05-05T14:28:16.334000+00:00,1.0,S
4190,3192,2021-05-05T14:28:13.854000+00:00,1.0,P
4190,3440,2021-05-05T14:28:16.334000+00:00,1.0,S
4191,3192,2021-05-05T14:28:13.854000+00:00,1.0,P
4191,3440,2021-05-05T14:28:16.334000+00:00,1.0,S
4192,3192,2021-05-05T14:28:13.854000+00:00,1.0,P
4192,3441,2021-05-05T14:28:16.344000+00:00,1.0,S
4193,3192,2021-05-05T14:28:13.854000+00:00,1.0,P
4193,3441,2021-05-05T14:28:16.344000+00:00,1.0,S
4194,3192,2021-05-05T14:28:13.854000+00:00,1.0,P
4194,3441,2021-05-05T14:28:16.344000+00:00,1.0,S
4195,3192,2021-05-05T14:28:13.854000+00:00,1.0,P
4195,3441,2021-05-05T14:28:16.344000+00:00,1.0,S
4196,3192,2021-05-05T14:28:13.854000+00:00,1.0,P
4196,3441,2021-05-05T14:28:16.344000+00:00,1.0,S
4197,3192,2021-05-05T14:28:13.854000+00:00,1.0,P
4197,3442,2021-05-05T14:28:16.354000+00:00,1.0,S
4198,3192,2021-05-05T14:28:13.854000+00:00,1.0,P
4198,3442,2021-05-05T14:28:16.354000+00:00,1.0,S
4199,3193,2021-05-05T14:28:13.864000+00:00,1.0,P
4199,3442,2021-05-05T14:28:16.354000+00:00,1.0,S
4200,3193,2021-05-05T14:28:13.864000+00:00,1.0,P
4200,3442,2021-05-05T14:28:16.354000+00:00,1.0,S
4201,3193,2021-05-05T14:28:13.864000+00:00,1.0,P
4201,3443,2021-05-05T14:28:16.364000+00:00,1.0,S
4202,3193,2021-05-05T14:28:13.864000+00:00,1.0,P
4202,3443,2021-05-05T14:28:16.364000+00:00,1.0,S
4203,3193,2021-05-05T14:28:13.864000+00:00,1.0,P
4203,3443,2021-05-05T14:28:16.364000+00:00,1.0,S
4204,3193,2021-05-05T14:28:13.864000+00:00,1.0,P
4204,3443,2021-05-05T14:28:16.364000+00:00,1.0,S
4205,3193,2021-05-05T14:28:13.864000+00:00,1.0,P
4205,3443,2021-05-05T14:28:16.364000+00:00,1.0,S
4206,3193,2021-05-05T14:28:13.864000+00:00,1.0,P
4206,3444,2021-05-05T14:28:16.374000+00:00,1.0,S
4207,3193,2021-05-05T14:28:13.864000+00:00,1.0,P
4207,3444,2021-05-05T14:28:16.374000+00:00,1.0,S
4208,3194,2021-05-05T14:28:13.874000+00:00,1.0,P
4208,3444,2021-05-05T14:28:16.374000+00:00,1.0,S
4209,3194,2021-05-05T14:28:13.874000+00:00,1.0,P
4209,3444,2021-05-05T14:28:16.374000+00:00,1.0,S
4210,3194,2021-05-05T14:28:13.874000+00:00,1.0,P
4210,3445,2021-05-05T14:28:16.384000+00:00,1.0,S
4211,3194,2021-05-05T14:28:13.874000+00:00,1.0,P
4211,3445,2021-05-05T14:28:16.384000+00:00,1.0,S
4212,3194,2021-05-05T14:28:13.874000+00:00,1.0,P
4212,3445,2021-05-05T14:28:16.384000+00:00,1.0,S
4213,3194,2021-05-05T14:28:13.874000+00:00,1.0,P
4213,3445,2021-05-05T14:28:16.384000+00:00,1.0,S
4214,3194,2021-05-05T14:28:13.874000+00:00,1.0,P
4214,3445,2021-05-05T14:28:16.384000+00:00,1.0,S
4215,3194,2021-05-05T14:28:13.874000+00:00,1.0,P
4215,3446,2021-05-05T14:28:16.394000+00:00,1.0,S
4216,3194,2021-05-05T14:28:13.874000+00:00,1.0,P
4216,3446,2021-05-05T14:28:16.394000+00:00,1.0,S
4217,3194,2021-05-05T14:28:13.874000+00:00,1.0,P
4217,3446,2021-05-05T14:28:16.394000+00:00,1.0,S
4218,3195,2021-05-05T14:28:13.884000+00:00,1.0,P
4218,3446,2021-05-05T14:28:16.394000+00:00,1.0,S
4219,3195,2021-05-05T14:28:13.884000+00:00,1.0,P
4219,3447,2021-05-05T14:28:16.404000+00:00,1.0,S
4220,3195,2021-05-05T14:28:13.884000+00:00,1.0,P
4220,3447,2021-05-05T14:28:16.404000+00:00,1.0,S
4221,3195,2021-05-05T14:28:13.884000+00:00,1.0,P
4221,3447,2021-05-05T14:28:16.404000+00:00,1.0,S
4222,3195,2021-05-05T14:28:13.884000+00:00,1.0,P
4222,3447,2021-05-05T14:28:16.404000+00:00,1.0,S
4223,3195,2021-05-05T14:28:13.884000+00:00,1.0,P
4223,3447,2021-05-05T14:28:16.404000+00:00,1.0,S
4224,3195,2021-05-05T14:28:13.884000+00:00,1.0,P
4224,3448,2021-05-05T14:28:16.414000+00:00,1.0,S
4225,3195,2021-05-05T14:28:13.884000+00:00,1.0,P
4225,3448,2021-05-05T14:28:16.414000+00:00,1.0,S
4226,3195,2021-05-05T14:28:13.884000+00:00,1.0,P
4226,3448,2021-05-05T14:28:16.414000+00:00,1.0,S
4227,3196,2021-05-05T14:28:13.894000+00:00,1.0,P
4227,3448,2021-05-05T14:28:16.414000+00:00,1.0,S
4228,3196,2021-05-05T14:28:13.894000+00:00,1.0,P
4228,3449,2021-05-05T14:28:16.424000+00:00,1.0,S
4229,3196,2021-05-05T14:28:13.894000+00:00,1.0,P
4229,3449,2021-05-05T14:28:16.424000+00:00,1.0,S
4230,3196,2021-05-05T14:28:13.894000+00:00,1.0,P
4230,3449,2021-05-05T14:28:16.424000+00:00,1.0,S
4231,3196,2021-05-05T14:28:13.894000+00:00,1.0,P
4231,3449,2021-05-05T14:28:16.424000+00:00,1.0,S
4232,3196,2021-05-05T14:28:13.894000+00:00,1.0,P
4232,3450,2021-05-05T14:28:16.434000+00:00,1.0,S
4233,3196,2021-05-05T14:28:13.894000+00:00,1.0,P
4233,3450,2021-05-05T14:28:16.434000+00:00,1.0,S
4234,3196,2021-05-05T14:28:13.894000+00:00,1.0,P
4234,3450,2021-05-05T14:28:16.434000+00:00,1.0,S
4235,3196,2021-05-05T14:28:13.894000+00:00,1.0,P
4235,3450,2021-05-05T14:28:16.434000+00:00,1.0,S
4236,3196,2021-05-05T14:28:13.894000+00:00,1.0,P
4236,3450,2021-05-05T14:28:16.434000+00:00,1.0,S
4237,3197,2021-05-05T14:28:13.904000+00:00,1.0,P
4237,3451,2021-05-05T14:28:16.444000+00:00,1.0,S
4238,3197,2021-05-05T14:28:13.904000+00:00,1.0,P
4238,3451,2021-05-05T14:28:16.444000+00:00,1.0,S
4239,3197,2021-05-05T14:28:13.904000+00:00,1.0,P
4239,3451,2021-05-05T14:28:16.444000+00:00,1.0,S
4240,3197,2021-05-05T14:28:13.904000+00:00,1.0,P
4240,3451,2021-05-05T14:28:16.444000+00:00,1.0,S
4241,3197,2021-05-05T14:28:13.904000+00:00,1.0,P
4241,3452,2021-05-05T14:28:16.454000+00:00,1.0,S
4242,3197,2021-05-05T14:28:13.904000+00:00,1.0,P
4242,3452,2021-05-05T14:28:16.454000+00:00,1.0,S
4243,3197,2021-05-05T14:28:13.904000+00:00,1.0,P
4243,3452,2021-05-05T14:28:16.454000+00:00,1.0,S
4244,3197,2021-05-05T14:28:13.904000+00:00,1.0,P
4244,3452,2021-05-05T14:28:16.454000+00:00,1.0,S
4245,3197,2021-05-05T14:28:13.904000+00:00,1.0,P
4245,3453,2021-05-05T14:28:16.464000+00:00,1.0,S
4246,3198,2021-05-05T14:28:13.914000+00:00,1.0,P
4246,3453,2021-05-05T14:28:16.464000+00:00,1.0,S
4247,3198,2021-05-05T14:28:13.914000+00:00,1.0,P
4247,3453,2021-05-05T14:28:16.464000+00:00,1.0,S
4248,3198,2021-05-05T14:28:13.914000+00:00,1.0,P
4248,3453,2021-05-05T14:28:16.464000+00:00,1.0,S
4249,3198,2021-05-05T14:28:13.914000+00:00,1.0,P
4249,3454,2021-05-05T14:28:16.474000+00:00,1.0,S
4250,3198,2021-05-05T14:28:13.914000+00:00,1.0,P
4250,3454,2021-05-05T14:28:16.474000+00:00,1.0,S
4251,3198,2021-05-05T14:28:13.914000+00:00,1.0,P
4251,3454,2021-05-05T14:28:16.474000+00:00,1.0,S
4252,3198,2021-05-05T14:28:13.914000+00:00,1.0,P
4252,3454,2021-05-05T14:28:16.474000+00:00,1.0,S
4253,3198,2021-05-05T14:28:13.914000+00:00,1.0,P
4253,3455,2021-05-05T14:28:16.484000+00:00,1.0,S
4254,3198,2021-05-05T14:28:13.914000+00:00,1.0,P
4254,3455,2021-05-05T14:28:16.484000+00:00,1.0,S
4255,3199,2021-05-05T14:28:13.924000+00:00,1.0,P
4255,3455,2021-05-05T14:28:16.484000+00:00,1.0,S
4256,3199,2021-05-05T14:28:13.924000+00:00,1.0,P
4256,3455,2021-05-05T14:28:16.484000+00:00,1.0,S
4257,3199,2021-05-05T14:28:13.924000+00:00,1.0,P
4257,3455,2021-05-05T14:28:16.484000+00:00,1.0,S
4258,3199,2021-05-05T14:28:13.924000+00:00,1.0,P
4258,3456,2021-05-05T14:28:16.494000+00:00,1.0,S
4259,3199,2021-05-05T14:28:13.924000+00:00,1.0,P
4259,3456,2021-05-05T14:28:16.494000+00:00,1.0,S
4260,3199,2021-05-05T14:28:13.924000+00:00,1.0,P
4260,3456,2021-05-05T14:28:16.494000+00:00,1.0,S
4261,3199,2021-05-05T14:28:13.924000+00:00,1.0,P
4261,3456,2021-05-05T14:28:16.494000+00:00,1.0,S
4262,3199,2021-05-05T14:28:13.924000+00:00,1.0,P
4262,3457,2021-05-05T14:28:16.504000+00:00,1.0,S
4263,3199,2021-05-05T14:28:13.924000+00:00,1.0,P
4263,3457,2021-05-05T14:28:16.504000+00:00,1.0,S
4264,3200,2021-05-05T14:28:13.934000+00:00,1.0,P
4264,3457,2021-05-05T14:28:16.504000+00:00,1.0,S
4265,3200,2021-05-05T14:28:13.934000+00:00,1.0,P
4265,3457,2021-05-05T14:28:16.504000+00:00,1.0,S
4266,3200,2021-05-05T14:28:13.934000+00:00,1.0,P
4266,3458,2021-05-05T14:28:16.514000+00:00,1.0,S
4267,3200,2021-05-05T14:28:13.934000+00:00,1.0,P
4267,3458,2021-05-05T14:28:16.514000+00:00,1.0,S
4268,3200,2021-05-05T14:28:13.934000+00:00,1.0,P
4268,3458,2021-05-05T14:28:16.514000+00:00,1.0,S
4269,3200,2021-05-05T14:28:13.934000+00:00,1.0,P
4269,3458,2021-05-05T14:28:16.514000+00:00,1.0,S
4270,3200,2021-05-05T14:28:13.934000+00:00,1.0,P
4270,3459,2021-05-05T14:28:16.524000+00:00,1.0,S
4271,3200,2021-05-05T14:28:13.934000+00:00,1.0,P
4271,3459,2021-05-05T14:28:16.524000+00:00,1.0,S
4272,3201,2021-05-05T14:28:13.943999+00:00,1.0,P
4272,3459,2021-05-05T14:28:16.524000+00:00,1.0,S
4273,3201,2021-05-05T14:28:13.943999+00:00,1.0,P
4273,3459,2021-05-05T14:28:16.524000+00:00,1.0,S
4274,3201,2021-05-05T14:28:13.943999+00:00,1.0,P
4274,3460,2021-05-05T14:28:16.534000+00:00,1.0,S
4275,3201,2021-05-05T14:28:13.943999+00:00,1.0,P
4275,3460,2021-05-05T14:28:16.534000+00:00,1.0,S
4276,3201,2021-05-05T14:28:13.943999+00:00,1.0,P
4276,3460,2021-05-05T14:28:16.534000+00:00,1.0,S
4277,3201,2021-05-05T14:28:13.943999+00:00,1.0,P
4277,3460,2021-05-05T14:28:16.534000+00:00,1.0,S
4278,3201,2021-05-05T14:28:13.943999+00:00,1.0,P
4278,3461,2021-05-05T14:28:16.544000+00:00,1.0,S
4279,3201,2021-05-05T14:28:13.943999+00:00,1.0,P
4279,3461,2021-05-05T14:28:16.544000+00:00,1.0,S
4280,3201,2021-05-05T14:28:13.943999+00:00,1.0,P
4280,3461,2021-05-05T14:28:16.544000+00:00,1.0,S
4281,3202,2021-05-05T14:28:13.954000+00:00,1.0,P
4281,3461,2021-05-05T14:28:16.544000+00:00,1.0,S
4282,3202,2021-05-05T14:28:13.954000+00:00,1.0,P
4282,3462,2021-05-05T14:28:16.554000+00:00,1.0,S
4283,3202,2021-05-05T14:28:13.954000+00:00,1.0,P
4283,3462,2021-05-05T14:28:16.554000+00:00,1.0,S
4284,3202,2021-05-05T14:28:13.954000+00:00,1.0,P
4284,3462,2021-05-05T14:28:16.554000+00:00,1.0,S
4285,3202,2021-05-05T14:28:13.954000+00:00,1.0,P
4285,3462,2021-05-05T14:28:16.554000+00:00,1.0,S
4286,3202,2021-05-05T14:28:13.954000+00:00,1.0,P
4286,3463,2021-05-05T14:28:16.564000+00:00,1.0,S
4287,3202,2021-05-05T14:28:13.954000+00:00,1.0,P
4287,3463,2021-05-05T14:28:16.564000+00:00,1.0,S
4288,3202,2021-05-05T14:28:13.954000+00:00,1.0,P
4288,3463,2021-05-05T14:28:16.564000+00:00,1.0,S
4289,3202,2021-05-05T14:28:13.954000+00:00,1.0,P
4289,3463,2021-05-05T14:28:16.564000+00:00,1.0,S
4290,3203,2021-05-05T14:28:13.964000+00:00,1.0,P
4290,3463,2021-05-05T14:28:16.564000+00:00,1.0,S
4291,3203,2021-05-05T14:28:13.964000+00:00,1.0,P
4291,3464,2021-05-05T14:28:16.574000+00:00,1.0,S
4292,3203,2021-05-05T14:28:13.964000+00:00,1.0,P
4292,3464,2021-05-05T14:28:16.574000+00:00,1.0,S
4293,3203,2021-05-05T14:28:13.964000+00:00,1.0,P
4293,3464,2021-05-05T14:28:16.574000+00:00,1.0,S
4294,3203,2021-05-05T14:28:13.964000+00:00,1.0,P
4294,3464,2021-05-05T14:28:16.574000+00:00,1.0,S
4295,3203,2021-05-05T14:28:13.964000+00:00,1.0,P
4295,3465,2021-05-05T14:28:16.584000+00:00,1.0,S
4296,3203,2021-05-05T14:28:13.964000+00:00,1.0,P
4296,3465,2021-05-05T14:28:16.584000+00:00,1.0,S
4297,3203,2021-05-05T14:28:13.964000+00:00,1.0,P
4297,3465,2021-05-05T14:28:16.584000+00:00,1.0,S
4298,3203,2021-05-05T14:28:13.964000+00:00,1.0,P
4298,3465,2021-05-05T14:28:16.584000+00:00,1.0,S
4299,3204,2021-05-05T14:28:13.974000+00:00,1.0,P
4299,3466,2021-05-05T14:28:16.594000+00:00,1.0,S
4300,3204,2021-05-05T14:28:13.974000+00:00,1.0,P
4300,3466,2021-05-05T14:28:16.594000+00:00,1.0,S
4301,3204,2021-05-05T14:28:13.974000+00:00,1.0,P
4301,3466,2021-05-05T14:28:16.594000+00:00,1.0,S
4302,3204,2021-05-05T14:28:13.974000+00:00,1.0,P
4302,3466,2021-05-05T14:28:16.594000+00:00,1.0,S
4303,3204,2021-05-05T14:28:13.974000+00:00,1.0,P
4303,3467,2021-05-05T14:28:16.604000+00:00,1.0,S
4304,3204,2021-05-05T14:28:13.974000+00:00,1.0,P
4304,3467,2021-05-05T14:28:16.604000+00:00,1.0,S
4305,3204,2021-05-05T14:28:13.974000+00:00,1.0,P
4305,3467,2021-05-05T14:28:16.604000+00:00,1.0,S
4306,3204,2021-05-05T14:28:13.974000+00:00,1.0,P
4306,3467,2021-05-05T14:28:16.604000+00:00,1.0,S
4307,3205,2021-05-05T14:28:13.983999+00:00,1.0,P
4307,3468,2021-05-05T14:28:16.614000+00:00,1.0,S
4308,3205,2021-05-05T14:28:13.983999+00:00,1.0,P
4308,3468,2021-05-05T14:28:16.614000+00:00,1.0,S
4309,3205,2021-05-05T14:28:13.983999+00:00,1.0,P
4309,3468,2021-05-05T14:28:16.614000+00:00,1.0,S
4310,3205,2021-05-05T14:28:13.983999+00:00,1.0,P
4310,3468,2021-05-05T14:28:16.614000+00:00,1.0,S
4311,3205,2021-05-05T14:28:13.983999+00:00,1.0,P
4311,3468,2021-05-05T14:28:16.614000+00:00,1.0,S
4312,3205,2021-05-05T14:28:13.983999+00:00,1.0,P
4312,3469,2021-05-05T14:28:16.624000+00:00,1.0,S
4313,3205,2021-05-05T14:28:13.983999+00:00,1.0,P
4313,3469,2021-05-05T14:28:16.624000+00:00,1.0,S
4314,3205,2021-05-05T14:28:13.983999+00:00,1.0,P
4314,3469,2021-05-05T14:28:16.624000+00:00,1.0,S
4315,3205,2021-05-05T14:28:13.983999+00:00,1.0,P
4315,3469,2021-05-05T14:28:16.624000+00:00,1.0,S
4316,3206,2021-05-05T14:28:13.994000+00:00,1.0,P
4316,3470,2021-05-05T14:28:16.634000+00:00,1.0,S
4317,3206,2021-05-05T14:28:13.994000+00:00,1.0,P
4317,3470,2021-05-05T14:28:16.634000+00:00,1.0,S
4318,3206,2021-05-05T14:28:13.994000+00:00,1.0,P
4318,3470,2021-05-05T14:28:16.634000+00:00,1.0,S
4319,3206,2021-05-05T14:28:13.994000+00:00,1.0,P
4319,3470,2021-05-05T14:28:16.634000+00:00,1.0,S
4320,3206,2021-05-05T14:28:13.994000+00:00,1.0,P
4320,3471,2021-05-05T14:28:16.644000+00:00,1.0,S
4321,3206,2021-05-05T14:28:13.994000+00:00,1.0,P
4321,3471,2021-05-05T14:28:16.644000+00:00,1.0,S
4322,3206,2021-05-05T14:28:13.994000+00:00,1.0,P
4322,3471,2021-05-05T14:28:16.644000+00:00,1.0,S
4323,3206,2021-05-05T14:28:13.994000+00:00,1.0,P
4323,3471,2021-05-05T14:28:16.644000+00:00,1.0,S
4324,3206,2021-05-05T14:28:13.994000+00:00,1.0,P
4324,3472,2021-05-05T14:28:16.654000+00:00,1.0,S
4325,3207,2021-05-05T14:28:14.004000+00:00,1.0,P
4325,3472,2021-05-05T14:28:16.654000+00:00,1.0,S
4326,3207,2021-05-05T14:28:14.004000+00:00,1.0,P
4326,3472,2021-05-05T14:28:16.654000+00:00,1.0,S
4327,3207,2021-05-05T14:28:14.004000+00:00,1.0,P
4327,3472,2021-05-05T14:28:16.654000+00:00,1.0,S
4328,3207,2021-05-05T14:28:14.004000+00:00,1.0,P
4328,3472,2021-05-05T14:28:16.654000+00:00,1.0,S
4329,3207,2021-05-05T14:28:14.004000+00:00,1.0,P
4329,3473,2021-05-05T14:28:16.664000+00:00,1.0,S
4330,3207,2021-05-05T14:28:14.004000+00:00,1.0,P
4330,3473,2021-05-05T14:28:16.664000+00:00,1.0,S
4331,3207,2021-05-05T14:28:14.004000+00:00,1.0,P
4331,3473,2021-05-05T14:28:16.664000+00:00,1.0,S
4332,3207,2021-05-05T14:28:14.004000+00:00,1.0,P
4332,3473,2021-05-05T14:28:16.664000+00:00,1.0,S
4333,3207,2021-05-05T14:28:14.004000+00:00,1.0,P
4333,3474,2021-05-05T14:28:16.674000+00:00,1.0,S
4334,3208,2021-05-05T14:28:14.014000+00:00,1.0,P
4334,3474,2021-05-05T14:28:16.674000+00:00,1.0,S
4335,3208,2021-05-05T14:28:14.014000+00:00,1.0,P
4335,3474,2021-05-05T14:28:16.674000+00:00,1.0,S
4336,3208,2021-05-05T14:28:14.014000+00:00,1.0,P
4336,3474,2021-05-05T14:28:16.674000+00:00,1.0,S
4337,3208,2021-05-05T14:28:14.014000+00:00,1.0,P
4337,3474,2021-05-05T14:28:16.674000+00:00,1.0,S
4338,3208,2021-05-05T14:28:14.014000+00:00,1.0,P
4338,3475,2021-05-05T14:28:16.684000+00:00,1.0,S
4339,3208,2021-05-05T14:28:14.014000+00:00,1.0,P
4339,3475,2021-05-05T14:28:16.684000+00:00,1.0,S
4340,3208,2021-05-05T14:28:14.014000+00:00,1.0,P
4340,3475,2021-05-05T14:28:16.684000+00:00,1.0,S
4341,3208,2021-05-05T14:28:14.014000+00:00,1.0,P
4341,3475,2021-05-05T14:28:16.684000+00:00,1.0,S
4342,3208,2021-05-05T14:28:14.014000+00:00,1.0,P
4342,3475,2021-05-05T14:28:16.684000+00:00,1.0,S
4343,3208,2021-05-05T14:28:14.014000+00:00,1.0,P
4343,3476,2021-05-05T14:28:16.694000+00:00,1.0,S
4344,3209,2021-05-05T14:28:14.024000+00:00,1.0,P
4344,3476,2021-05-05T14:28:16.694000+00:00,1.0,S
4345,3209,2021-05-05T14:28:14.024000+00:00,1.0,P
4345,3476,2021-05-05T14:28:16.694000+00:00,1.0,S
4346,3209,2021-05-05T14:28:14.024000+00:00,1.0,P
4346,3476,2021-05-05T14:28:16.694000+00:00,1.0,S
4347,3209,2021-05-05T14:28:14.024000+00:00,1.0,P
4347,3477,2021-05-05T14:28:16.704000+00:00,1.0,S
4348,3209,2021-05-05T14:28:14.024000+00:00,1.0,P
4348,3477,2021-05-05T14:28:16.704000+00:00,1.0,S
4349,3209,2021-05-05T14:28:14.024000+00:00,1.0,P
4349,3477,2021-05-05T14:28:16.704000+00:00,1.0,S
4350,3209,2021-05-05T14:28:14.024000+00:00,1.0,P
4350,3477,2021-05-05T14:28:16.704000+00:00,1.0,S
4351,3209,2021-05-05T14:28:14.024000+00:00,1.0,P
4351,3477,2021-05-05T14:28:16.704000+00:00,1.0,S
4352,3209,2021-05-05T14:28:14.024000+00:00,1.0,P
4352,3478,2021-05-05T14:28:16.714000+00:00,1.0,S
4353,3209,2021-05-05T14:28:14.024000+00:00,1.0,P
4353,3478,2021-05-05T14:28:16.714000+00:00,1.0,S
4354,3210,2021-05-05T14:28:14.034000+00:00,1.0,P
4354,3478,2021-05-05T14:28:16.714000+00:00,1.0,S
4355,3210,2021-05-05T14:28:14.034000+00:00,1.0,P
4355,3478,2021-05-05T14:28:16.714000+00:00,1.0,S
4356,3210,2021-05-05T14:28:14.034000+00:00,1.0,P
4356,3478,2021-05-05T14:28:16.714000+00:00,1.0,S
4357,3210,2021-05-05T14:28:14.034000+00:00,1.0,P
4357,3479,2021-05-05T14:28:16.724000+00:00,1.0,S
4358,3210,2021-05-05T14:28:14.034000+00:00,1.0,P
4358,3479,2021-05-05T14:28:16.724000+00:00,1.0,S
4359,3210,2021-05-05T14:28:14.034000+00:00,1.0,P
4359,3479,2021-05-05T14:28:16.724000+00:00,1.0,S
4360,3210,2021-05-05T14:28:14.034000+00:00,1.0,P
4360,3479,2021-05-05T14:28:16.724000+00:00,1.0,S
4361,3210,2021-05-05T14:28:14.034000+00:00,1.0,P
4361,3479,2021-05-05T14:28:16.724000+00:00,1.0,S
4362,3210,2021-05-05T14:28:14.034000+00:00,1.0,P
4362,3480,2021-05-05T14:28:16.734000+00:00,1.0,S
4363,3210,2021-05-05T14:28:14.034000+00:00,1.0,P
4363,3480,2021-05-05T14:28:16.734000+00:00,1.0,S
4364,3210,2021-05-05T14:28:14.034000+00:00,1.0,P
4364,3480,2021-05-05T14:28:16.734000+00:00,1.0,S
4365,3210,2021-05-05T14:28:14.034000+00:00,1.0,P
4365,3480,2021-05-05T14:28:16.734000+00:00,1.0,S
4366,3211,2021-05-05T14:28:14.044000+00:00,1.0,P
4366,3480,2021-05-05T14:28:16.734000+00:00,1.0,S
4367,3211,2021-05-05T14:28:14.044000+00:00,1.0,P
4367,3481,2021-05-05T14:28:16.744000+00:00,1.0,S
4368,3211,2021-05-05T14:28:14.044000+00:00,1.0,P
4368,3481,2021-05-05T14:28:16.744000+00:00,1.0,S
4369,3211,2021-05-05T14:28:14.044000+00:00,1.0,P
4369,3481,2021-05-05T14:28:16.744000+00:00,1.0,S
4370,3211,2021-05-05T14:28:14.044000+00:00,1.0,P
4370,3481,2021-05-05T14:28:16.744000+00:00,1.0,S
4371,3211,2021-05-05T14:28:14.044000+00:00,1.0,P
4371,3482,2021-05-05T14:28:16.754000+00:00,1.0,S
4372,3211,2021-05-05T14:28:14.044000+00:00,1.0,P
4372,3482,2021-05-05T14:28:16.754000+00:00,1.0,S
4373,3211,2021-05-05T14:28:14.044000+00:00,1.0,P
4373,3482,2021-05-05T14:28:16.754000+00:00,1.0,S
4374,3211,2021-05-05T14:28:14.044000+00:00,1.0,P
4374,3482,2021-05-05T14:28:16.754000+00:00,1.0,S
4375,3211,2021-05-05T14:28:14.044000+00:00,1.0,P
4375,3482,2021-05-05T14:28:16.754000+00:00,1.0,S
4376,3212,2021-05-05T14:28:14.053999+00:00,1.0,P
4376,3483,2021-05-05T14:28:16.764000+00:00,1.0,S
4377,3212,2021-05-05T14:28:14.053999+00:00,1.0,P
4377,3483,2021-05-05T14:28:16.764000+00:00,1.0,S
4378,3212,2021-05-05T14:28:14.053999+00:00,1.0,P
4378,3483,2021-05-05T14:28:16.764000+00:00,1.0,S
4379,3212,2021-05-05T14:28:14.053999+00:00,1.0,P
4379,3483,2021-05-05T14:28:16.764000+00:00,1.0,S
4380,3212,2021-05-05T14:28:14.053999+00:00,1.0,P
4380,3483,2021-05-05T14:28:16.764000+00:00,1.0,S
4381,3212,2021-05-05T14:28:14.053999+00:00,1.0,P
4381,3484,2021-05-05T14:28:16.774000+00:00,1.0,S
4382,3212,2021-05-05T14:28:14.053999+00:00,1.0,P
4382,3484,2021-05-05T14:28:16.774000+00:00,1.0,S
4383,3212,2021-05-05T14:28:14.053999+00:00,1.0,P
4383,3484,2021-05-05T14:28:16.774000+00:00,1.0,S
4384,3212,2021-05-05T14:28:14.053999+00:00,1.0,P
4384,3484,2021-05-05T14:28:16.774000+00:00,1.0,S
4385,3213,2021-05-05T14:28:14.064000+00:00,1.0,P
4385,3484,2021-05-05T14:28:16.774000+00:00,1.0,S
4386,3213,2021-05-05T14:28:14.064000+00:00,1.0,P
4386,3485,2021-05-05T14:28:16.784000+00:00,1.0,S
4387,3213,2021-05-05T14:28:14.064000+00:00,1.0,P
4387,3485,2021-05-05T14:28:16.784000+00:00,1.0,S
4388,3213,2021-05-05T14:28:14.064000+00:00,1.0,P
4388,3485,2021-05-05T14:28:16.784000+00:00,1.0,S
4389,3213,2021-05-05T14:28:14.064000+00:00,1.0,P
4389,3485,2021-05-05T14:28:16.784000+00:00,1.0,S
4390,3213,2021-05-05T14:28:14.064000+00:00,1.0,P
4390,3486,2021-05-05T14:28:16.794000+00:00,1.0,S
4391,3213,2021-05-05T14:28:14.064000+00:00,1.0,P
4391,3486,2021-05-05T14:28:16.794000+00:00,1.0,S
4392,3213,2021-05-05T14:28:14.064000+00:00,1.0,P
4392,3486,2021-05-05T14:28:16.794000+00:00,1.0,S
4393,3214,2021-05-05T14:28:14.074000+00:00,1.0,P
4393,3486,2021-05-05T14:28:16.794000+00:00,1.0,S
4394,3214,2021-05-05T14:28:14.074000+00:00,1.0,P
4394,3486,2021-05-05T14:28:16.794000+00:00,1.0,S
4395,3214,2021-05-05T14:28:14.074000+00:00,1.0,P
4395,3487,2021-05-05T14:28:16.804000+00:00,1.0,S
4396,3214,2021-05-05T14:28:14.074000+00:00,1.0,P
4396,3487,2021-05-05T14:28:16.804000+00:00,1.0,S
4397,3214,2021-05-05T14:28:14.074000+00:00,1.0,P
4397,3487,2021-05-05T14:28:16.804000+00:00,1.0,S
4398,3214,2021-05-05T14:28:14.074000+00:00,1.0,P
4398,3487,2021-05-05T14:28:16.804000+00:00,1.0,S
4399,3214,2021-05-05T14:28:14.074000+00:00,1.0,P
4399,3487,2021-05-05T14:28:16.804000+00:00,1.0,S
4400,3214,2021-05-05T14:28:14.074000+00:00,1.0,P
4400,3488,2021-05-05T14:28:16.814000+00:00,1.0,S
4401,3215,2021-05-05T14:28:14.084000+00:00,1.0,P
4401,3488,2021-05-05T14:28:16.814000+00:00,1.0,S
4402,3215,2021-05-05T14:28:14.084000+00:00,1.0,P
4402,3488,2021-05-05T14:28:16.814000+00:00,1.0,S
4403,3215,2021-05-05T14:28:14.084000+00:00,1.0,P
4403,3488,2021-05-05T14:28:16.814000+00:00,1.0,S
4404,3215,2021-05-05T14:28:14.084000+00:00,1.0,P
4404,3489,2021-05-05T14:28:16.824000+00:00,1.0,S
4405,3215,2021-05-05T14:28:14.084000+00:00,1.0,P
4405,3489,2021-05-05T14:28:16.824000+00:00,1.0,S
4406,3215,2021-05-05T14:28:14.084000+00:00,1.0,P
4406,3489,2021-05-05T14:28:16.824000+00:00,1.0,S
4407,3215,2021-05-05T14:28:14.084000+00:00,1.0,P
4407,3489,2021-05-05T14:28:16.824000+00:00,1.0,S
4408,3215,2021-05-05T14:28:14.084000+00:00,1.0,P
4408,3489,2021-05-05T14:28:16.824000+00:00,1.0,S
4409,3216,2021-05-05T14:28:14.094000+00:00,1.0,P
4409,3490,2021-05-05T14:28:16.834000+00:00,1.0,S
4410,3216,2021-05-05T14:28:14.094000+00:00,1.0,P
4410,3490,2021-05-05T14:28:16.834000+00:00,1.0,S
4411,3216,2021-05-05T14:28:14.094000+00:00,1.0,P
4411,3490,2021-05-05T14:28:16.834000+00:00,1.0,S
4412,3216,2021-05-05T14:28:14.094000+00:00,1.0,P
4412,3490,2021-05-05T14:28:16.834000+00:00,1.0,S
4413,3216,2021-05-05T14:28:14.094000+00:00,1.0,P
4413,3490,2021-05-05T14:28:16.834000+00:00,1.0,S
4414,3216,2021-05-05T14:28:14.094000+00:00,1.0,P
4414,3491,2021-05-05T14:28:16.844000+00:00,1.0,S
4415,3216,2021-05-05T14:28:14.094000+00:00,1.0,P
4415,3491,2021-05-05T14:28:16.844000+00:00,1.0,S
4416,3216,2021-05-05T14:28:14.094000+00:00,1.0,P
4416,3491,2021-05-05T14:28:16.844000+00:00,1.0,S
4417,3217,2021-05-05T14:28:14.104000+00:00,1.0,P
4417,3491,2021-05-05T14:28:16.844000+00:00,1.0,S
4418,3217,2021-05-05T14:28:14.104000+00:00,1.0,P
4418,3492,2021-05-05T14:28:16.854000+00:00,1.0,S
4419,3217,2021-05-05T14:28:14.104000+00:00,1.0,P
4419,3492,2021-05-05T14:28:16.854000+00:00,1.0,S
4420,3217,2021-05-05T14:28:14.104000+00:00,1.0,P
4420,3492,2021-05-05T14:28:16.854000+00:00,1.0,S
4421,3217,2021-05-05T14:28:14.104000+00:00,1.0,P
4421,3492,2021-05-05T14:28:16.854000+00:00,1.0,S
4422,3217,2021-05-05T14:28:14.104000+00:00,1.0,P
4422,3492,2021-05-05T14:28:16.854000+00:00,1.0,S
4423,3217,2021-05-05T14:28:14.104000+00:00,1.0,P
4423,3493,2021-05-05T14:28:16.864000+00:00,1.0,S
4424,3217,2021-05-05T14:28:14.104000+00:00,1.0,P
4424,3493,2021-05-05T14:28:16.864000+00:00,1.0,S
4425,3218,2021-05-05T14:28:14.114000+00:00,1.0,P
4425,3493,2021-05-05T14:28:16.864000+00:00,1.0,S
4426,3218,2021-05-05T14:28:14.114000+00:00,1.0,P
4426,3493,2021-05-05T14:28:16.864000+00:00,1.0,S
4427,3218,2021-05-05T14:28:14.114000+00:00,1.0,P
4427,3493,2021-05-05T14:28:16.864000+00:00,1.0,S
4428,3218,2021-05-05T14:28:14.114000+00:00,1.0,P
4428,3494,2021-05-05T14:28:16.874000+00:00,1.0,S
4429,3218,2021-05-05T14:28:14.114000+00:00,1.0,P
4429,3494,2021-05-05T14:28:16.874000+00:00,1.0,S
4430,3218,2021-05-05T14:28:14.114000+00:00,1.0,P
4430,3494,2021-05-05T14:28:16.874000+00:00,1.0,S
4431,3218,2021-05-05T14:28:14.114000+00:00,1.0,P
4431,3494,2021-05-05T14:28:16.874000+00:00,1.0,S
4432,3218,2021-05-05T14:28:14.114000+00:00,1.0,P
4432,3495,2021-05-05T14:28:16.884000+00:00,1.0,S
4433,3218,2021-05-05T14:28:14.114000+00:00,1.0,P
4433,3495,2021-05-05T14:28:16.884000+00:00,1.0,S
4434,3219,2021-05-05T14:28:14.123999+00:00,1.0,P
4434,3495,2021-05-05T14:28:16.884000+00:00,1.0,S
4435,3219,2021-05-05T14:28:14.123999+00:00,1.0,P
4435,3495,2021-05-05T14:28:16.884000+00:00,1.0,S
4436,3219,2021-05-05T14:28:14.123999+00:00,1.0,P
4436,3495,2021-05-05T14:28:16.884000+00:00,1.0,S
4437,3219,2021-05-05T14:28:14.123999+00:00,1.0,P
4437,3496,2021-05-05T14:28:16.894000+00:00,1.0,S
4438,3219,2021-05-05T14:28:14.123999+00:00,1.0,P
4438,3496,2021-05-05T14:28:16.894000+00:00,1.0,S
4439,3219,2021-05-05T14:28:14.123999+00:00,1.0,P
4439,3496,2021-05-05T14:28:16.894000+00:00,1.0,S
4440,3219,2021-05-05T14:28:14.123999+00:00,1.0,P
4440,3496,2021-05-05T14:28:16.894000+00:00,1.0,S
4441,3219,2021-05-05T14:28:14.123999+00:00,1.0,P
4441,3496,2021-05-05T14:28:16.894000+00:00,1.0,S
4442,3220,2021-05-05T14:28:14.134000+00:00,1.0,P
4442,3497,2021-05-05T14:28:16.904000+00:00,1.0,S
4443,3220,2021-05-05T14:28:14.134000+00:00,1.0,P
4443,3497,2021-05-05T14:28:16.904000+00:00,1.0,S
4444,3220,2021-05-05T14:28:14.134000+00:00,1.0,P
4444,3497,2021-05-05T14:28:16.904000+00:00,1.0,S
4445,3220,2021-05-05T14:28:14.134000+00:00,1.0,P
4445,3497,2021-05-05T14:28:16.904000+00:00,1.0,S
4446,3220,2021-05-05T14:28:14.134000+00:00,1.0,P
4446,3498,2021-05-05T14:28:16.914000+00:00,1.0,S
4447,3220,2021-05-05T14:28:14.134000+00:00,1.0,P
4447,3498,2021-05-05T14:28:16.914000+00:00,1.0,S
4448,3220,2021-05-05T14:28:14.134000+00:00,1.0,P
4448,3498,2021-05-05T14:28:16.914000+00:00,1.0,S
4449,3220,2021-05-05T14:28:14.134000+00:00,1.0,P
4449,3498,2021-05-05T14:28:16.914000+00:00,1.0,S
4450,3220,2021-05-05T14:28:14.134000+00:00,1.0,P
4450,3498,2021-05-05T14:28:16.914000+00:00,1.0,S
4451,3221,2021-05-05T14:28:14.144000+00:00,1.0,P
4451,3499,2021-05-05T14:28:16.924000+00:00,1.0,S
4452,3221,2021-05-05T14:28:14.144000+00:00,1.0,P
4452,3499,2021-05-05T14:28:16.924000+00:00,1.0,S
4453,3221,2021-05-05T14:28:14.144000+00:00,1.0,P
4453,3499,2021-05-05T14:28:16.924000+00:00,1.0,S
4454,3221,2021-05-05T14:28:14.144000+00:00,1.0,P
4454,3499,2021-05-05T14:28:16.924000+00:00,1.0,S
4455,3221,2021-05-05T14:28:14.144000+00:00,1.0,P
4455,3499,2021-05-05T14:28:16.924000+00:00,1.0,S
4456,3221,2021-05-05T14:28:14.144000+00:00,1.0,P
4456,3500,2021-05-05T14:28:16.934000+00:00,1.0,S
4457,3221,2021-05-05T14:28:14.144000+00:00,1.0,P
4457,3500,2021-05-05T14:28:16.934000+00:00,1.0,S
4458,3221,2021-05-05T14:28:14.144000+00:00,1.0,P
4458,3500,2021-05-05T14:28:16.934000+00:00,1.0,S
4459,3222,2021-05-05T14:28:14.154000+00:00,1.0,P
4459,3500,2021-05-05T14:28:16.934000+00:00,1.0,S
4460,3222,2021-05-05T14:28:14.154000+00:00,1.0,P
4460,3501,2021-05-05T14:28:16.944000+00:00,1.0,S
4461,3222,2021-05-05T14:28:14.154000+00:00,1.0,P
4461,3501,2021-05-05T14:28:16.944000+00:00,1.0,S
4462,3222,2021-05-05T14:28:14.154000+00:00,1.0,P
4462,3501,2021-05-05T14:28:16.944000+00:00,1.0,S
4463,3222,2021-05-05T14:28:14.154000+00:00,1.0,P
4463,3501,2021-05-05T14:28:16.944000+00:00,1.0,S
4464,3222,2021-05-05T14:28:14.154000+00:00,1.0,P
4464,3501,2021-05-05T14:28:16.944000+00:00,1.0,S
4465,3222,2021-05-05T14:28:14.154000+00:00,1.0,P
4465,3502,2021-05-05T14:28:16.954000+00:00,1.0,S
4466,3222,2021-05-05T14:28:14.154000+00:00,1.0,P
4466,3502,2021-05-05T14:28:16.954000+00:00,1.0,S
4467,3222,2021-05-05T14:28:14.154000+00:00,1.0,P
4467,3502,2021-05-05T14:28:16.954000+00:00,1.0,S
4468,3222,2021-05-05T14:28:14.154000+00:00,1.0,P
4468,3502,2021-05-05T14:28:16.954000+00:00,1.0,S
4469,3223,2021-05-05T14:28:14.164000+00:00,1.0,P
4469,3502,2021-05-05T14:28:16.954000+00:00,1.0,S
4470,3223,2021-05-05T14:28:14.164000+00:00,1.0,P
4470,3503,2021-05-05T14:28:16.964000+00:00,1.0,S
4471,3223,2021-05-05T14:28:14.164000+00:00,1.0,P
4471,3503,2021-05-05T14:28:16.964000+00:00,1.0,S
4472,3223,2021-05-05T14:28:14.164000+00:00,1.0,P
4472,3503,2021-05-05T14:28:16.964000+00:00,1.0,S
4473,3223,2021-05-05T14:28:14.164000+00:00,1.0,P
4473,3503,2021-05-05T14:28:16.964000+00:00,1.0,S
4474,3223,2021-05-05T14:28:14.164000+00:00,1.0,P
4474,3503,2021-05-05T14:28:16.964000+00:00,1.0,S
4475,3223,2021-05-05T14:28:14.164000+00:00,1.0,P
4475,3504,2021-05-05T14:28:16.974000+00:00,1.0,S
4476,3223,2021-05-05T14:28:14.164000+00:00,1.0,P
4476,3504,2021-05-05T14:28:16.974000+00:00,1.0,S
4477,3223,2021-05-05T14:28:14.164000+00:00,1.0,P
4477,3504,2021-05-05T14:28:16.974000+00:00,1.0,S
4478,3223,2021-05-05T14:28:14.164000+00:00,1.0,P
4478,3504,2021-05-05T14:28:16.974000+00:00,1.0,S
4479,3224,2021-05-05T14:28:14.174000+00:00,1.0,P
4479,3504,2021-05-05T14:28:16.974000+00:00,1.0,S
4480,3224,2021-05-05T14:28:14.174000+00:00,1.0,P
4480,3504,2021-05-05T14:28:16.974000+00:00,1.0,S
4481,3224,2021-05-05T14:28:14.174000+00:00,1.0,P
4481,3505,2021-05-05T14:28:16.984000+00:00,1.0,S
4482,3224,2021-05-05T14:28:14.174000+00:00,1.0,P
4482,3505,2021-05-05T14:28:16.984000+00:00,1.0,S
4483,3224,2021-05-05T14:28:14.174000+00:00,1.0,P
4483,3505,2021-05-05T14:28:16.984000+00:00,1.0,S
4484,3224,2021-05-05T14:28:14.174000+00:00,1.0,P
4484,3505,2021-05-05T14:28:16.984000+00:00,1.0,S
4485,3224,2021-05-05T14:28:14.174000+00:00,1.0,P
4485,3505,2021-05-05T14:28:16.984000+00:00,1.0,S
4486,3224,2021-05-05T14:28:14.174000+00:00,1.0,P
4486,3506,2021-05-05T14:28:16.994000+00:00,1.0,S
4487,3224,2021-05-05T14:28:14.174000+00:00,1.0,P
4487,3506,2021-05-05T14:28:16.994000+00:00,1.0,S
4488,3224,2021-05-05T14:28:14.174000+00:00,1.0,P
4488,3506,2021-05-05T14:28:16.994000+00:00,1.0,S
4489,3225,2021-05-05T14:28:14.184000+00:00,1.0,P
4489,3506,2021-05-05T14:28:16.994000+00:00,1.0,S
4490,3225,2021-05-05T14:28:14.184000+00:00,1.0,P
4490,3506,2021-05-05T14:28:16.994000+00:00,1.0,S
4491,3225,2021-05-05T14:28:14.184000+00:00,1.0,P
4491,3506,2021-05-05T14:28:16.994000+00:00,1.0,S
4492,3225,2021-05-05T14:28:14.184000+00:00,1.0,P
4492,3507,2021-05-05T14:28:17.004000+00:00,1.0,S
4493,3225,2021-05-05T14:28:14.184000+00:00,1.0,P
4493,3507,2021-05-05T14:28:17.004000+00:00,1.0,S
4494,3225,2021-05-05T14:28:14.184000+00:00,1.0,P
4494,3507,2021-05-05T14:28:17.004000+00:00,1.0,S
4495,3225,2021-05-05T14:28:14.184000+00:00,1.0,P
4495,3507,2021-05-05T14:28:17.004000+00:00,1.0,S
4496,3225,2021-05-05T14:28:14.184000+00:00,1.0,P
4496,3507,2021-05-05T14:28:17.004000+00:00,1.0,S
4497,3225,2021-05-05T14:28:14.184000+00:00,1.0,P
4497,3508,2021-05-05T14:28:17.014000+00:00,1.0,S
4498,3225,2021-05-05T14:28:14.184000+00:00,1.0,P
4498,3508,2021-05-05T14:28:17.014000+00:00,1.0,S
4499,3226,2021-05-05T14:28:14.193999+00:00,1.0,P
4499,3508,2021-05-05T14:28:17.014000+00:00,1.0,S
4500,3226,2021-05-05T14:28:14.193999+00:00,1.0,P
4500,3508,2021-05-05T14:28:17.014000+00:00,1.0,S
4501,3226,2021-05-05T14:28:14.193999+00:00,1.0,P
4501,3508,2021-05-05T14:28:17.014000+00:00,1.0,S
4502,3226,2021-05-05T14:28:14.193999+00:00,1.0,P
4502,3508,2021-05-05T14:28:17.014000+00:00,1.0,S
4503,3226,2021-05-05T14:28:14.193999+00:00,1.0,P
4503,3509,2021-05-05T14:28:17.024000+00:00,1.0,S
4504,3226,2021-05-05T14:28:14.193999+00:00,1.0,P
4504,3509,2021-05-05T14:28:17.024000+00:00,1.0,S
4505,3226,2021-05-05T14:28:14.193999+00:00,1.0,P
4505,3509,2021-05-05T14:28:17.024000+00:00,1.0,S
4506,3226,2021-05-05T14:28:14.193999+00:00,1.0,P
4506,3509,2021-05-05T14:28:17.024000+00:00,1.0,S
4507,3226,2021-05-05T14:28:14.193999+00:00,1.0,P
4507,3509,2021-05-05T14:28:17.024000+00:00,1.0,S
4508,3226,2021-05-05T14:28:14.193999+00:00,1.0,P
4508,3509,2021-05-05T14:28:17.024000+00:00,1.0,S
4509,3226,2021-05-05T14:28:14.193999+00:00,1.0,P
4509,3510,2021-05-05T14:28:17.034000+00:00,1.0,S
4510,3227,2021-05-05T14:28:14.204000+00:00,1.0,P
4510,3510,2021-05-05T14:28:17.034000+00:00,1.0,S
4511,3227,2021-05-05T14:28:14.204000+00:00,1.0,P
4511,3510,2021-05-05T14:28:17.034000+00:00,1.0,S
4512,3227,2021-05-05T14:28:14.204000+00:00,1.0,P
4512,3510,2021-05-05T14:28:17.034000+00:00,1.0,S
4513,3227,2021-05-05T14:28:14.204000+00:00,1.0,P
4513,3510,2021-05-05T14:28:17.034000+00:00,1.0,S
4514,3227,2021-05-05T14:28:14.204000+00:00,1.0,P
4514,3510,2021-05-05T14:28:17.034000+00:00,1.0,S
4515,3227,2021-05-05T14:28:14.204000+00:00,1.0,P
4515,3511,2021-05-05T14:28:17.044000+00:00,1.0,S
4516,3227,2021-05-05T14:28:14.204000+00:00,1.0,P
4516,3511,2021-05-05T14:28:17.044000+00:00,1.0,S
4517,3227,2021-05-05T14:28:14.204000+00:00,1.0,P
4517,3511,2021-05-05T14:28:17.044000+00:00,1.0,S
4518,3227,2021-05-05T14:28:14.204000+00:00,1.0,P
4518,3511,2021-05-05T14:28:17.044000+00:00,1.0,S
4519,3227,2021-05-05T14:28:14.204000+00:00,1.0,P
4519,3511,2021-05-05T14:28:17.044000+00:00,1.0,S
4520,3227,2021-05-05T14:28:14.204000+00:00,1.0,P
4520,3511,2021-05-05T14:28:17.044000+00:00,1.0,S
4521,3228,2021-05-05T14:28:14.214000+00:00,1.0,P
4521,3511,2021-05-05T14:28:17.044000+00:00,1.0,S
4522,3228,2021-05-05T14:28:14.214000+00:00,1.0,P
4522,3512,2021-05-05T14:28:17.054000+00:00,1.0,S
4523,3228,2021-05-05T14:28:14.214000+00:00,1.0,P
4523,3512,2021-05-05T14:28:17.054000+00:00,1.0,S
4524,3228,2021-05-05T14:28:14.214000+00:00,1.0,P
4524,3512,2021-05-05T14:28:17.054000+00:00,1.0,S
4525,3228,2021-05-05T14:28:14.214000+00:00,1.0,P
4525,3512,2021-05-05T14:28:17.054000+00:00,1.0,S
4526,3228,2021-05-05T14:28:14.214000+00:00,1.0,P
4526,3512,2021-05-05T14:28:17.054000+00:00,1.0,S
4527,3228,2021-05-05T14:28:14.214000+00:00,1.0,P
4527,3512,2021-05-05T14:28:17.054000+00:00,1.0,S
4528,3228,2021-05-05T14:28:14.214000+00:00,1.0,P
4528,3513,2021-05-05T14:28:17.064000+00:00,1.0,S
4529,3228,2021-05-05T14:28:14.214000+00:00,1.0,P
4529,3513,2021-05-05T14:28:17.064000+00:00,1.0,S
4530,3228,2021-05-05T14:28:14.214000+00:00,1.0,P
4530,3513,2021-05-05T14:28:17.064000+00:00,1.0,S
4531,3229,2021-05-05T14:28:14.224000+00:00,1.0,P
4531,3513,2021-05-05T14:28:17.064000+00:00,1.0,S
4532,3229,2021-05-05T14:28:14.224000+00:00,1.0,P
4532,3513,2021-05-05T14:28:17.064000+00:00,1.0,S
4533,3229,2021-05-05T14:28:14.224000+00:00,1.0,P
4533,3513,2021-05-05T14:28:17.064000+00:00,1.0,S
4534,3229,2021-05-05T14:28:14.224000+00:00,1.0,P
4534,3514,2021-05-05T14:28:17.074000+00:00,1.0,S
4535,3229,2021-05-05T14:28:14.224000+00:00,1.0,P
4535,3514,2021-05-05T14:28:17.074000+00:00,1.0,S
4536,3229,2021-05-05T14:28:14.224000+00:00,1.0,P
4536,3514,2021-05-05T14:28:17.074000+00:00,1.0,S
4537,3229,2021-05-05T14:28:14.224000+00:00,1.0,P
4537,3514,2021-05-05T14:28:17.074000+00:00,1.0,S
4538,3229,2021-05-05T14:28:14.224000+00:00,1.0,P
4538,3514,2021-05-05T14:28:17.074000+00:00,1.0,S
4539,3229,2021-05-05T14:28:14.224000+00:00,1.0,P
4539,3514,2021-05-05T14:28:17.074000+00:00,1.0,S
4540,3229,2021-05-05T14:28:14.224000+00:00,1.0,P
4540,3514,2021-05-05T14:28:17.074000+00:00,1.0,S
4541,3230,2021-05-05T14:28:14.233999+00:00,1.0,P
4541,3515,2021-05-05T14:28:17.084000+00:00,1.0,S
4542,3230,2021-05-05T14:28:14.233999+00:00,1.0,P
4542,3515,2021-05-05T14:28:17.084000+00:00,1.0,S
4543,3230,2021-05-05T14:28:14.233999+00:00,1.0,P
4543,3515,2021-05-05T14:28:17.084000+00:00,1.0,S
4544,3230,2021-05-05T14:28:14.233999+00:00,1.0,P
4544,3515,2021-05-05T14:28:17.084000+00:00,1.0,S
4545,3230,2021-05-05T14:28:14.233999+00:00,1.0,P
4545,3515,2021-05-05T14:28:17.084000+00:00,1.0,S
4546,3230,2021-05-05T14:28:14.233999+00:00,1.0,P
4546,3516,2021-05-05T14:28:17.094000+00:00,1.0,S
4547,3230,2021-05-05T14:28:14.233999+00:00,1.0,P
4547,3516,2021-05-05T14:28:17.094000+00:00,1.0,S
4548,3230,2021-05-05T14:28:14.233999+00:00,1.0,P
4548,3516,2021-05-05T14:28:17.094000+00:00,1.0,S
4549,3230,2021-05-05T14:28:14.233999+00:00,1.0,P
4549,3516,2021-05-05T14:28:17.094000+00:00,1.0,S
4550,3230,2021-05-05T14:28:14.233999+00:00,1.0,P
4550,3516,2021-05-05T14:28:17.094000+00:00,1.0,S
4551,3231,2021-05-05T14:28:14.244000+00:00,1.0,P
4551,3516,2021-05-05T14:28:17.094000+00:00,1.0,S
4552,3231,2021-05-05T14:28:14.244000+00:00,1.0,P
4552,3517,2021-05-05T14:28:17.104000+00:00,1.0,S
4553,3231,2021-05-05T14:28:14.244000+00:00,1.0,P
4553,3517,2021-05-05T14:28:17.104000+00:00,1.0,S
4554,3231,2021-05-05T14:28:14.244000+00:00,1.0,P
4554,3517,2021-05-05T14:28:17.104000+00:00,1.0,S
4555,3231,2021-05-05T14:28:14.244000+00:00,1.0,P
4555,3517,2021-05-05T14:28:17.104000+00:00,1.0,S
4556,3231,2021-05-05T14:28:14.244000+00:00,1.0,P
4556,3517,2021-05-05T14:28:17.104000+00:00,1.0,S
4557,3231,2021-05-05T14:28:14.244000+00:00,1.0,P
4557,3517,2021-05-05T14:28:17.104000+00:00,1.0,S
4558,3231,2021-05-05T14:28:14.244000+00:00,1.0,P
4558,3518,2021-05-05T14:28:17.114000+00:00,1.0,S
4559,3231,2021-05-05T14:28:14.244000+00:00,1.0,P
4559,3518,2021-05-05T14:28:17.114000+00:00,1.0,S
4560,3232,2021-05-05T14:28:14.254000+00:00,1.0,P
4560,3518,2021-05-05T14:28:17.114000+00:00,1.0,S
4561,3232,2021-05-05T14:28:14.254000+00:00,1.0,P
4561,3518,2021-05-05T14:28:17.114000+00:00,1.0,S
4562,3232,2021-05-05T14:28:14.254000+00:00,1.0,P
4562,3518,2021-05-05T14:28:17.114000+00:00,1.0,S
4563,3232,2021-05-05T14:28:14.254000+00:00,1.0,P
4563,3518,2021-05-05T14:28:17.114000+00:00,1.0,S
4564,3232,2021-05-05T14:28:14.254000+00:00,1.0,P
4564,3519,2021-05-05T14:28:17.124000+00:00,1.0,S
4565,3232,2021-05-05T14:28:14.254000+00:00,1.0,P
4565,3519,2021-05-05T14:28:17.124000+00:00,1.0,S
4566,3232,2021-05-05T14:28:14.254000+00:00,1.0,P
4566,3519,2021-05-05T14:28:17.124000+00:00,1.0,S
4567,3232,2021-05-05T14:28:14.254000+00:00,1.0,P
4567,3519,2021-05-05T14:28:17.124000+00:00,1.0,S
4568,3232,2021-05-05T14:28:14.254000+00:00,1.0,P
4568,3519,2021-05-05T14:28:17.124000+00:00,1.0,S
4569,3233,2021-05-05T14:28:14.264000+00:00,1.0,P
4569,3519,2021-05-05T14:28:17.124000+00:00,1.0,S
4570,3233,2021-05-05T14:28:14.264000+00:00,1.0,P
4570,3520,2021-05-05T14:28:17.134000+00:00,1.0,S
4571,3233,2021-05-05T14:28:14.264000+00:00,1.0,P
4571,3520,2021-05-05T14:28:17.134000+00:00,1.0,S
4572,3233,2021-05-05T14:28:14.264000+00:00,1.0,P
4572,3520,2021-05-05T14:28:17.134000+00:00,1.0,S
4573,3233,2021-05-05T14:28:14.264000+00:00,1.0,P
4573,3520,2021-05-05T14:28:17.134000+00:00,1.0,S
4574,3233,2021-05-05T14:28:14.264000+00:00,1.0,P
4574,3520,2021-05-05T14:28:17.134000+00:00,1.0,S
4575,3233,2021-05-05T14:28:14.264000+00:00,1.0,P
4575,3520,2021-05-05T14:28:17.134000+00:00,1.0,S
4576,3233,2021-05-05T14:28:14.264000+00:00,1.0,P
4576,3520,2021-05-05T14:28:17.134000+00:00,1.0,S
4577,3233,2021-05-05T14:28:14.264000+00:00,1.0,P
4577,3520,2021-05-05T14:28:17.134000+00:00,1.0,S
4578,3233,2021-05-05T14:28:14.264000+00:00,1.0,P
4578,3520,2021-05-05T14:28:17.134000+00:00,1.0,S
4579,3233,2021-05-05T14:28:14.264000+00:00,1.0,P
4579,3521,2021-05-05T14:28:17.144000+00:00,1.0,S
4580,3233,2021-05-05T14:28:14.264000+00:00,1.0,P
4580,3521,2021-05-05T14:28:17.144000+00:00,1.0,S
4581,3233,2021-05-05T14:28:14.264000+00:00,1.0,P
4581,3521,2021-05-05T14:28:17.144000+00:00,1.0,S
4582,3233,2021-05-05T14:28:14.264000+00:00,1.0,P
4582,3521,2021-05-05T14:28:17.144000+00:00,1.0,S
4583,3233,2021-05-05T14:28:14.264000+00:00,1.0,P
4583,3521,2021-05-05T14:28:17.144000+00:00,1.0,S
4584,3234,2021-05-05T14:28:14.274000+00:00,1.0,P
4584,3521,2021-05-05T14:28:17.144000+00:00,1.0,S
4585,3234,2021-05-05T14:28:14.274000+00:00,1.0,P
4585,3521,2021-05-05T14:28:17.144000+00:00,1.0,S
4586,3234,2021-05-05T14:28:14.274000+00:00,1.0,P
4586,3521,2021-05-05T14:28:17.144000+00:00,1.0,S
4587,3234,2021-05-05T14:28:14.274000+00:00,1.0,P
4587,3521,2021-05-05T14:28:17.144000+00:00,1.0,S
4588,3234,2021-05-05T14:28:14.274000+00:00,1.0,P
4588,3521,2021-05-05T14:28:17.144000+00:00,1.0,S
4589,3234,2021-05-05T14:28:14.274000+00:00,1.0,P
4589,3522,2021-05-05T14:28:17.154000+00:00,1.0,S
4590,3234,2021-05-05T14:28:14.274000+00:00,1.0,P
4590,3522,2021-05-05T14:28:17.154000+00:00,1.0,S
4591,3234,2021-05-05T14:28:14.274000+00:00,1.0,P
4591,3522,2021-05-05T14:28:17.154000+00:00,1.0,S
4592,3234,2021-05-05T14:28:14.274000+00:00,1.0,P
4592,3522,2021-05-05T14:28:17.154000+00:00,1.0,S
4593,3234,2021-05-05T14:28:14.274000+00:00,1.0,P
4593,3522,2021-05-05T14:28:17.154000+00:00,1.0,S
4594,3234,2021-05-05T14:28:14.274000+00:00,1.0,P
4594,3522,2021-05-05T14:28:17.154000+00:00,1.0,S
4595,3234,2021-05-05T14:28:14.274000+00:00,1.0,P
4595,3522,2021-05-05T14:28:17.154000+00:00,1.0,S
4596,3234,2021-05-05T14:28:14.274000+00:00,1.0,P
4596,3522,2021-05-05T14:28:17.154000+00:00,1.0,S
4597,3234,2021-05-05T14:28:14.274000+00:00,1.0,P
4597,3522,2021-05-05T14:28:17.154000+00:00,1.0,S
4598,3234,2021-05-05T14:28:14.274000+00:00,1.0,P
4598,3522,2021-05-05T14:28:17.154000+00:00,1.0,S
4599,3234,2021-05-05T14:28:14.274000+00:00,1.0,P
4599,3522,2021-05-05T14:28:17.154000+00:00,1.0,S
4600,3234,2021-05-05T14:28:14.274000+00:00,1.0,P
4600,3523,2021-05-05T14:28:17.164000+00:00,1.0,S
4601,3234,2021-05-05T14:28:14.274000+00:00,1.0,P
4601,3523,2021-05-05T14:28:17.164000+00:00,1.0,S
4602,3234,2021-05-05T14:28:14.274000+00:00,1.0,P
4602,3523,2021-05-05T14:28:17.164000+00:00,1.0,S
4603,3235,2021-05-05T14:28:14.284000+00:00,1.0,P
4603,3523,2021-05-05T14:28:17.164000+00:00,1.0,S
4604,3235,2021-05-05T14:28:14.284000+00:00,1.0,P
4604,3523,2021-05-05T14:28:17.164000+00:00,1.0,S
4605,3235,2021-05-05T14:28:14.284000+00:00,1.0,P
4605,3523,2021-05-05T14:28:17.164000+00:00,1.0,S
4606,3235,2021-05-05T14:28:14.284000+00:00,1.0,P
4606,3523,2021-05-05T14:28:17.164000+00:00,1.0,S
4607,3235,2021-05-05T14:28:14.284000+00:00,1.0,P
4607,3523,2021-05-05T14:28:17.164000+00:00,1.0,S
4608,3235,2021-05-05T14:28:14.284000+00:00,1.0,P
4608,3523,2021-05-05T14:28:17.164000+00:00,1.0,S
4609,3235,2021-05-05T14:28:14.284000+00:00,1.0,P
4609,3523,2021-05-05T14:28:17.164000+00:00,1.0,S
4610,3235,2021-05-05T14:28:14.284000+00:00,1.0,P
4610,3523,2021-05-05T14:28:17.164000+00:00,1.0,S
4611,3235,2021-05-05T14:28:14.284000+00:00,1.0,P
4611,3524,2021-05-05T14:28:17.174000+00:00,1.0,S
4612,3235,2021-05-05T14:28:14.284000+00:00,1.0,P
4612,3524,2021-05-05T14:28:17.174000+00:00,1.0,S
4613,3235,2021-05-05T14:28:14.284000+00:00,1.0,P
4613,3524,2021-05-05T14:28:17.174000+00:00,1.0,S
4614,3235,2021-05-05T14:28:14.284000+00:00,1.0,P
4614,3524,2021-05-05T14:28:17.174000+00:00,1.0,S
4615,3235,2021-05-05T14:28:14.284000+00:00,1.0,P
4615,3524,2021-05-05T14:28:17.174000+00:00,1.0,S
4616,3235,2021-05-05T14:28:14.284000+00:00,1.0,P
4616,3524,2021-05-05T14:28:17.174000+00:00,1.0,S
4617,3235,2021-05-05T14:28:14.284000+00:00,1.0,P
4617,3524,2021-05-05T14:28:17.174000+00:00,1.0,S
4618,3235,2021-05-05T14:28:14.284000+00:00,1.0,P
4618,3524,2021-05-05T14:28:17.174000+00:00,1.0,S
4619,3235,2021-05-05T14:28:14.284000+00:00,1.0,P
4619,3524,2021-05-05T14:28:17.174000+00:00,1.0,S
4620,3235,2021-05-05T14:28:14.284000+00:00,1.0,P
4620,3524,2021-05-05T14:28:17.174000+00:00,1.0,S
4621,3235,2021-05-05T14:28:14.284000+00:00,1.0,P
4621,3524,2021-05-05T14:28:17.174000+00:00,1.0,S
4622,3236,2021-05-05T14:28:14.294000+00:00,1.0,P
4622,3524,2021-05-05T14:28:17.174000+00:00,1.0,S
4623,3236,2021-05-05T14:28:14.294000+00:00,1.0,P
4623,3524,2021-05-05T14:28:17.174000+00:00,1.0,S
4624,3236,2021-05-05T14:28:14.294000+00:00,1.0,P
4624,3525,2021-05-05T14:28:17.184000+00:00,1.0,S
4625,3236,2021-05-05T14:28:14.294000+00:00,1.0,P
4625,3525,2021-05-05T14:28:17.184000+00:00,1.0,S
4626,3236,2021-05-05T14:28:14.294000+00:00,1.0,P
4626,3525,2021-05-05T14:28:17.184000+00:00,1.0,S
4627,3236,2021-05-05T14:28:14.294000+00:00,1.0,P
4627,3525,2021-05-05T14:28:17.184000+00:00,1.0,S
4628,3236,2021-05-05T14:28:14.294000+00:00,1.0,P
4628,3525,2021-05-05T14:28:17.184000+00:00,1.0,S
4629,3236,2021-05-05T14:28:14.294000+00:00,1.0,P
4629,3525,2021-05-05T14:28:17.184000+00:00,1.0,S
4630,3236,2021-05-05T14:28:14.294000+00:00,1.0,P
4630,3525,2021-05-05T14:28:17.184000+00:00,1.0,S
4631,3236,2021-05-05T14:28:14.294000+00:00,1.0,P
4631,3525,2021-05-05T14:28:17.184000+00:00,1.0,S
4632,3236,2021-05-05T14:28:14.294000+00:00,1.0,P
4632,3525,2021-05-05T14:28:17.184000+00:00,1.0,S
4633,3236,2021-05-05T14:28:14.294000+00:00,1.0,P
4633,3525,2021-05-05T14:28:17.184000+00:00,1.0,S
4634,3236,2021-05-05T14:28:14.294000+00:00,1.0,P
4634,3525,2021-05-05T14:28:17.184000+00:00,1.0,S
4635,3236,2021-05-05T14:28:14.294000+00:00,1.0,P
4635,3525,2021-05-05T14:28:17.184000+00:00,1.0,S
4636,3236,2021-05-05T14:28:14.294000+00:00,1.0,P
4636,3525,2021-05-05T14:28:17.184000+00:00,1.0,S
4637,3236,2021-05-05T14:28:14.294000+00:00,1.0,P
4637,3525,2021-05-05T14:28:17.184000+00:00,1.0,S
4638,3236,2021-05-05T14:28:14.294000+00:00,1.0,P
4638,3526,2021-05-05T14:28:17.194000+00:00,1.0,S
4639,3236,2021-05-05T14:28:14.294000+00:00,1.0,P
4639,3526,2021-05-05T14:28:17.194000+00:00,1.0,S
4640,3236,2021-05-05T14:28:14.294000+00:00,1.0,P
4640,3526,2021-05-05T14:28:17.194000+00:00,1.0,S
4641,3236,2021-05-05T14:28:14.294000+00:00,1.0,P
4641,3526,2021-05-05T14:28:17.194000+00:00,1.0,S
4642,3236,2021-05-05T14:28:14.294000+00:00,1.0,P
4642,3526,2021-05-05T14:28:17.194000+00:00,1.0,S
4643,3236,2021-05-05T14:28:14.294000+00:00,1.0,P
4643,3526,2021-05-05T14:28:17.194000+00:00,1.0,S
4644,3236,2021-05-05T14:28:14.294000+00:00,1.0,P
4644,3526,2021-05-05T14:28:17.194000+00:00,1.0,S
4645,3237,2021-05-05T14:28:14.303999+00:00,1.0,P
4645,3526,2021-05-05T14:28:17.194000+00:00,1.0,S
4646,3237,2021-05-05T14:28:14.303999+00:00,1.0,P
4646,3526,2021-05-05T14:28:17.194000+00:00,1.0,S
4647,3237,2021-05-05T14:28:14.303999+00:00,1.0,P
4647,3526,2021-05-05T14:28:17.194000+00:00,1.0,S
4648,3237,2021-05-05T14:28:14.303999+00:00,1.0,P
4648,3526,2021-05-05T14:28:17.194000+00:00,1.0,S
4649,3237,2021-05-05T14:28:14.303999+00:00,1.0,P
4649,3526,2021-05-05T14:28:17.194000+00:00,1.0,S
4650,3237,2021-05-05T14:28:14.303999+00:00,1.0,P
4650,3526,2021-05-05T14:28:17.194000+00:00,1.0,S
4651,3237,2021-05-05T14:28:14.303999+00:00,1.0,P
4651,3526,2021-05-05T14:28:17.194000+00:00,1.0,S
4652,3237,2021-05-05T14:28:14.303999+00:00,1.0,P
4652,3526,2021-05-05T14:28:17.194000+00:00,1.0,S
4653,3237,2021-05-05T14:28:14.303999+00:00,1.0,P
4653,3526,2021-05-05T14:28:17.194000+00:00,1.0,S
4654,3237,2021-05-05T14:28:14.303999+00:00,1.0,P
4654,3526,2021-05-05T14:28:17.194000+00:00,1.0,S
4655,3237,2021-05-05T14:28:14.303999+00:00,1.0,P
4655,3526,2021-05-05T14:28:17.194000+00:00,1.0,S
4656,3237,2021-05-05T14:28:14.303999+00:00,1.0,P
4656,3526,2021-05-05T14:28:17.194000+00:00,1.0,S
4657,3237,2021-05-05T14:28:14.303999+00:00,1.0,P
4657,3526,2021-05-05T14:28:17.194000+00:00,1.0,S
4658,3237,2021-05-05T14:28:14.303999+00:00,1.0,P
4658,3527,2021-05-05T14:28:17.204000+00:00,1.0,S
4659,3237,2021-05-05T14:28:14.303999+00:00,1.0,P
4659,3527,2021-05-05T14:28:17.204000+00:00,1.0,S
4660,3237,2021-05-05T14:28:14.303999+00:00,1.0,P
4660,3527,2021-05-05T14:28:17.204000+00:00,1.0,S
4661,3237,2021-05-05T14:28:14.303999+00:00,1.0,P
4661,3527,2021-05-05T14:28:17.204000+00:00,1.0,S
4662,3237,2021-05-05T14:28:14.303999+00:00,1.0,P
4662,3527,2021-05-05T14:28:17.204000+00:00,1.0,S
4663,3237,2021-05-05T14:28:14.303999+00:00,1.0,P
4663,3527,2021-05-05T14:28:17.204000+00:00,1.0,S
4664,3237,2021-05-05T14:28:14.303999+00:00,1.0,P
4664,3527,2021-05-05T14:28:17.204000+00:00,1.0,S
4665,3237,2021-05-05T14:28:14.303999+00:00,1.0,P
4665,3527,2021-05-05T14:28:17.204000+00:00,1.0,S
4666,3237,2021-05-05T14:28:14.303999+00:00,1.0,P
4666,3527,2021-05-05T14:28:17.204000+00:00,1.0,S
4667,3237,2021-05-05T14:28:14.303999+00:00,1.0,P
4667,3527,2021-05-05T14:28:17.204000+00:00,1.0,S
4668,3237,2021-05-05T14:28:14.303999+00:00,1.0,P
4668,3527,2021-05-05T14:28:17.204000+00:00,1.0,S
4669,3237,2021-05-05T14:28:14.303999+00:00,1.0,P
4669,3527,2021-05-05T14:28:17.204000+00:00,1.0,S
